Time,Node_ID,Event_Name,Individual_ID,Age,Gender,Infected,Infectiousness,RelativeBitingRate,TrueParasiteDensity,TrueGametocyteDensity,HasClinicalSymptoms
1,1,HappyBirthday,437,20440.5,M,1,0.000100673,2.09055,31547.3,0.0942596,F
1,1,HappyBirthday,499,8030.35,M,1,0.00152308,9.46311,38.007,0.524977,F
2,1,HappyBirthday,51,4745.45,F,1,0.0157644,2.05522,32.4656,5.24168,F
2,1,HappyBirthday,1235,1460,M,1,0.0150952,0.0793293,5637.26,16.1839,F
2,1,HappyBirthday,453,13870.9,M,1,0.000174225,10.6249,30.0687,0.0567268,F
2,1,HappyBirthday,1154,2190,M,1,0.000169737,1.24175,1.20453,0.0528349,F
2,1,HappyBirthday,898,8395.72,M,1,0.0597923,1.25626,552.441,19.8853,F
3,1,HappyBirthday,601,15330.5,F,1,0.00488055,6.49061,168.961,1.71783,F
4,1,HappyBirthday,1116,2555,M,1,0.661405,2.24631,241.504,583.213,F
5,1,HappyBirthday,585,22630.6,M,1,0.00595454,0.568035,20610.7,3.71929,F
6,1,HappyBirthday,565,12775.8,M,1,0.00117275,1.22367,0.0436688,0.364624,F
6,1,HappyBirthday,613,4745.49,M,1,0.00206858,27.7291,7492.9,0.644394,F
7,1,HappyBirthday,371,10220.2,M,1,0.0656514,0.0443397,0.10492,21.1053,F
7,1,HappyBirthday,858,22630.3,F,1,0.00699198,0.0965944,42.141,2.30745,F
7,1,HappyBirthday,908,13505.5,M,1,0.00530283,2.37907,0.193774,1.65294,F
8,1,HappyBirthday,178,9855.04,M,1,0.00307448,1.0708,8445.67,1.37246,F
8,1,HappyBirthday,1320,365,F,1,0.122411,0.438608,5571.13,72.0116,F
8,1,HappyBirthday,771,6570.43,M,1,0.00304734,1.45685,1.53197,0.955658,F
8,1,Births,1351,0,F,0,0,0.401832,0,0,F
9,1,HappyBirthday,546,7300.69,F,1,0.00636591,5.04412,17.3165,2.15471,F
10,1,HappyBirthday,1042,3285,F,1,0.0119207,0.749771,1214.7,9.69459,F
11,1,HappyBirthday,377,10585.6,M,1,0.00644566,3.20113,16.5186,2.14546,F
12,1,HappyBirthday,434,22630.6,F,1,0.000778124,4.40668,141.904,0.260875,F
12,1,HappyBirthday,596,12045.6,F,1,0.00392537,0.149872,484.648,1.28341,F
12,1,HappyBirthday,872,12410.1,M,1,0.0143897,0.220553,75.2358,4.52375,F
12,1,HappyBirthday,881,5475.37,M,1,0.0007611,4.10868,0.0427176,0.236569,F
12,1,Births,1352,0,M,0,0,0.019506,0,0,F
13,1,HappyBirthday,287,4380.24,F,1,0.00112319,0.904467,13518.1,0.614376,F
13,1,HappyBirthday,1189,1825,F,1,0.00188647,0.472659,0.00020931,0.586974,F
13,1,HappyBirthday,1264,1095,M,1,0.0019752,0.147008,1.22229,0.615583,F
14,1,HappyBirthday,1156,2190,M,1,0.001522,1.42836,149.8,0.616237,F
14,1,HappyBirthday,449,5110.63,F,1,0.000911659,0.804507,21.2962,0.308495,F
15,1,HappyBirthday,586,20075.2,F,1,0.301767,0.221211,4886.71,398.513,F
15,1,HappyBirthday,819,14235,F,1,0.00457581,51.293,1519.63,4.51675,F
15,1,Births,1353,0,F,0,0,0.0609961,0,0,F
16,1,HappyBirthday,928,4380.58,M,1,0.0075101,0.749337,18179.6,38.8759,F
16,1,HappyBirthday,81,7665.73,M,1,0.150406,0.482403,92.9578,52.0466,F
17,1,HappyBirthday,464,9125.8,M,1,8.59237e-05,0.615418,17778.2,0.416578,F
17,1,HappyBirthday,1265,1095,M,1,0.197792,0.0358486,24582.7,388.435,F
17,1,HappyBirthday,806,29200.9,M,1,0,3.57311,37639.4,0,F
17,1,HappyBirthday,809,9855.93,M,1,0.00321637,0.547604,0.0024818,1.00107,F
18,1,HappyBirthday,216,17520.8,F,1,0.811348,3.76133,69.3398,553.635,F
18,1,HappyBirthday,666,20440.6,F,1,4.76585e-07,0.845877,62053.1,0.0034452,F
18,1,HappyBirthday,1117,2555,F,1,0.0076647,0.719314,6955.75,20.7317,F
18,1,HappyBirthday,927,4745.69,F,1,0.00656055,1.2833,2.31841,2.05197,F
18,1,HappyBirthday,825,8760.23,F,1,0.0499079,0.201336,0.49865,15.9111,F
19,1,HappyBirthday,122,18250.1,M,1,0.200933,0.3827,391.301,73.8158,F
19,1,HappyBirthday,616,17155.2,M,1,0.000200767,2.62631,974.379,0.294813,F
19,1,HappyBirthday,785,10220,M,1,0.905927,0.358695,82.6719,826.76,F
19,1,Births,1354,0,M,0,0,0.382451,0,0,F
21,1,HappyBirthday,625,6205.98,F,1,0.224773,3.45067,1288.39,104.133,F
21,1,HappyBirthday,1190,1825,F,1,0.107719,0.262273,3518.56,41.4847,F
22,1,HappyBirthday,1043,3285,M,1,0.00275315,0.103907,8.76095,0.869594,F
22,1,HappyBirthday,1002,3650,M,1,0.0100202,0.213047,0.483956,3.13086,F
22,1,HappyBirthday,509,9125.95,M,1,0.192969,1.68677,84.5164,89.9628,F
22,1,HappyBirthday,619,4745.97,M,1,0.00133454,0.301651,7.02322,0.42778,F
22,1,HappyBirthday,710,4380.96,M,1,0.000635388,0.289601,5.08731,0.197896,F
22,1,HappyBirthday,821,6205.9,F,1,0.00500776,1.78804,1186.68,4.29208,F
23,1,HappyBirthday,573,15330.1,M,1,0.00208283,1.09043,27.8253,0.722309,F
24,1,HappyBirthday,55,12045.2,M,1,0.0787861,4.28632,8.49804,25.9767,F
24,1,HappyBirthday,1236,1460,F,1,0.339815,0.14102,449.251,157.336,F
25,1,HappyBirthday,1003,3650,M,1,3.71175e-05,0.483277,64728.5,0.418349,F
25,1,HappyBirthday,426,14965.5,F,1,0.000852893,1.58321,0.000196,0.265179,F
25,1,HappyBirthday,642,9490.28,M,1,5.755e-05,5.48547,1341.02,0.0477146,F
26,1,HappyBirthday,1321,365,F,1,0.00236253,0.256359,49.3055,0.840063,F
26,1,HappyBirthday,1004,3650,M,1,0.00378205,11.0501,1206.07,3.13958,F
26,1,HappyBirthday,548,11680.6,F,1,0.0120412,1.10175,424.954,5.8078,F
27,1,HappyBirthday,1044,3285,M,1,0.00438101,0.991022,74.0723,1.37327,F
27,1,HappyBirthday,53,29200.5,M,1,0.000897927,0.478884,0.103202,0.279295,F
27,1,HappyBirthday,1237,1460,M,1,0.025033,0.318429,22.2651,8.54919,F
27,1,HappyBirthday,950,5110.25,M,1,0.0152502,0.0959589,0.00104068,4.77547,F
28,1,HappyBirthday,1266,1095,F,1,0.00111948,0.350377,0.000508352,0.348206,F
28,1,HappyBirthday,1294,730,F,1,0.0901692,0.0626571,530.178,43.4993,F
29,1,HappyBirthday,486,14235,F,1,0.00559394,0.777209,1406,4.974,F
29,1,HappyBirthday,778,9855.42,M,1,0.205032,0.990994,11467.1,119.978,F
30,1,HappyBirthday,1005,3650,M,1,2.60679e-05,0.1922,750.042,0.00944466,F
30,1,HappyBirthday,673,4745.29,F,1,0.000748114,1.25369,100.771,0.244104,F
30,1,HappyBirthday,1295,730,M,1,0.264416,3.70303,18651.3,298.312,F
30,1,HappyBirthday,788,9490.95,M,1,0.0155321,0.0585304,35.1962,4.87498,F
30,1,HappyBirthday,844,8395.31,M,1,0.00498832,43.3888,26.2612,1.60713,F
31,1,HappyBirthday,495,20440.9,M,1,0.00405425,1.0424,2038.95,1.4473,F
32,1,HappyBirthday,61,10585.4,M,1,0.000493372,4.79043,29.1029,0.174045,F
32,1,HappyBirthday,1157,2190,M,1,0.0611064,0.167452,0.853554,19.5948,F
33,1,HappyBirthday,259,7665.19,M,1,0.148477,0.0875906,20.245,50.5215,F
33,1,HappyBirthday,416,7300.49,M,1,0.0362726,0.768584,0.276057,11.4826,F
33,1,HappyBirthday,1192,1825,F,1,0.0319415,0.213796,988.766,12.36,F
33,1,Births,1355,0,M,0,0,1.03315,0,0,F
34,1,HappyBirthday,1158,2190,F,1,0.337624,18.6185,496.329,141.071,F
34,1,HappyBirthday,654,4745.64,M,1,0.096938,1.57048,270.906,43.3944,F
34,1,HappyBirthday,762,19345.8,F,1,0.0132382,20.623,785.132,6.35096,F
34,1,HappyBirthday,1081,2920,M,1,0.000157434,0.0623576,0,0.0489601,F
35,1,HappyBirthday,134,18250.8,M,1,0.042938,0.363436,1758.77,14.0344,F
36,1,HappyBirthday,749,4380.74,M,1,0.0224804,0.601288,624.784,25.203,F
37,1,HappyBirthday,105,8030.89,F,1,0,4.2097,955.104,0,F
37,1,HappyBirthday,335,5475.22,M,1,0.000470209,0.250718,589.213,0.155348,F
37,1,HappyBirthday,1267,1095,F,1,0.00311719,0.0113026,0.000342307,0.969773,F
38,1,HappyBirthday,374,13870.6,F,1,0.0377986,0.281854,16.8731,12.9761,F
38,1,HappyBirthday,751,8760.6,F,1,0.844281,6.02291,7.08023,581.139,F
39,1,HappyBirthday,670,18250.4,M,1,0.000107217,2.34045,19.7022,0.0365542,F
40,1,HappyBirthday,1082,2920,F,1,0.00775049,0.381427,8.53198,2.52238,F
40,1,HappyBirthday,1268,1095,F,1,0.0143354,0.634827,0.576863,4.49958,F
40,1,Births,1356,0,M,0,0,0.119894,0,0,F
41,1,HappyBirthday,252,8760.4,M,1,0.00334012,0.69802,39.888,1.09887,F
41,1,HappyBirthday,350,29565.8,F,1,0.00825163,0.802386,48.4033,2.60571,F
41,1,HappyBirthday,485,14600.9,M,1,0.0133417,0.380903,175.244,7.20789,F
41,1,HappyBirthday,1322,365,F,1,0.137521,6.48506,72152.5,1160.1,F
42,1,HappyBirthday,1193,1825,M,1,0.00527624,3.05569,290.861,3.19135,F
43,1,Births,1357,0,M,0,0,0.0267367,0,0,F
44,1,HappyBirthday,1323,365,F,1,0.00918813,0.338343,77.2169,3.06986,F
46,1,HappyBirthday,1006,3650,M,1,0.0581471,0.316653,330.431,20.7089,F
47,1,HappyBirthday,1084,2920,M,1,0.184416,2.3108,13932.8,366.707,F
47,1,HappyBirthday,632,14600.3,F,1,4.20842e-05,0.399045,827.72,0.0291348,F
47,1,HappyBirthday,715,8030.49,F,1,0.00123332,7.18937,1.44051,0.384414,F
47,1,HappyBirthday,1194,1825,F,1,0.00206675,0.172775,21.3499,0.658371,F
47,1,HappyBirthday,1159,2190,M,1,0.000234445,0.119915,0,0.0728091,F
48,1,HappyBirthday,1238,1460,M,1,0.000856315,0.133953,5538.44,1.96977,F
49,1,HappyBirthday,98,13870.6,M,1,0,0.412946,685.25,0,F
49,1,HappyBirthday,1007,3650,F,1,0.120209,7.45041,115.128,48.8831,F
49,1,HappyBirthday,822,9855.71,F,1,0.0108967,3.5761,1.44522,3.40906,F
51,1,HappyBirthday,154,11680.8,M,1,0.00589126,1.17369,7.7837,1.89846,F
52,1,HappyBirthday,63,23360.8,M,1,0.00969454,0.075766,178.66,3.22387,F
52,1,HappyBirthday,249,5475.03,M,1,0.148766,0.459811,24234.3,214.117,F
52,1,HappyBirthday,1269,1095,M,1,0,0.152661,604.476,0,F
52,1,HappyBirthday,843,14235.6,F,1,0.0110971,0.338327,11140.9,5.01745,F
53,1,HappyBirthday,808,4015.44,M,1,0.234853,1.19054,0.509632,83.1949,F
54,1,HappyBirthday,1195,1825,M,1,0.873486,1.52544,71.1252,660.52,F
55,1,HappyBirthday,1196,1825,M,1,0.00233036,1.27248,1803.65,2.42688,F
55,1,HappyBirthday,857,10950.8,F,1,0.00115607,0.138449,16.0434,0.359506,F
56,1,HappyBirthday,163,9490.15,F,1,0.0295686,5.53469,0.0210968,9.32869,F
56,1,HappyBirthday,1324,365,F,1,0.000963403,0.0182788,0.000150473,0.29955,F
56,1,HappyBirthday,450,10950.1,F,1,0.212604,1.06965,20.5916,80.1834,F
57,1,HappyBirthday,803,13505.9,F,1,0.000258147,1.27618,49.6019,0.0858828,F
58,1,HappyBirthday,1120,2555,F,1,0.00173425,0.148978,21.0889,0.543865,F
59,1,HappyBirthday,980,23360.6,M,1,0.000103942,0.0390586,16376.2,0.274653,F
59,1,HappyBirthday,1160,2190,F,1,0.00217332,0.0241287,0.000134639,0.676453,F
59,1,HappyBirthday,1270,1095,M,1,0.122637,0.159679,1826.99,220.558,F
59,1,HappyBirthday,604,12410.2,M,1,0.000106438,3.08119,0.0186638,0.033048,F
60,1,HappyBirthday,241,8030.9,M,1,0.000474015,0.166551,1894.42,0.53759,F
60,1,HappyBirthday,368,7665.08,F,1,0.0190448,0.601862,35.7736,6.96885,F
62,1,HappyBirthday,729,4380.49,M,1,0.449276,1.34822,15.1456,190.213,F
62,1,HappyBirthday,775,7300.49,M,1,1.9287e-05,2.208,0.0969789,0.00598398,F
63,1,HappyBirthday,217,29200.7,F,1,0.0243991,9.95254,471.98,9.27743,F
63,1,HappyBirthday,288,11315.2,M,1,0.0189977,0.770387,115.568,7.42051,F
63,1,HappyBirthday,668,6935.68,M,1,0.000276567,0.390545,250.103,0.157913,F
63,1,HappyBirthday,1325,365,M,1,0.330778,0.713337,3055.67,1298.03,F
64,1,HappyBirthday,159,10585.6,F,1,0.00366123,1.34574,9488.3,24.339,F
64,1,HappyBirthday,230,29200,M,1,0.00393287,0.939963,180.97,2.01714,F
64,1,HappyBirthday,655,11315.7,M,1,0.0249266,0.461122,1599.5,24.2758,F
64,1,HappyBirthday,772,8030.07,M,1,0.0179468,1.82012,51.3505,7.05948,F
64,1,HappyBirthday,830,24455.6,F,1,0.004874,0.237385,1928.21,3.333,F
65,1,HappyBirthday,232,11315.4,F,1,0.140241,6.37048,0.836412,47.0216,F
65,1,HappyBirthday,1199,1825,M,1,0.0211967,0.302467,352.404,7.04011,F
65,1,HappyBirthday,874,12775.9,M,1,0,0.0123099,380.274,0,F
66,1,HappyBirthday,45,11315.7,F,1,0.0982676,0.455641,9651.87,150.949,F
66,1,HappyBirthday,57,4745.97,F,1,0.00185043,0.396553,16.5216,0.581,F
66,1,HappyBirthday,93,6570.85,F,1,0.00419699,6.33887,2.78896,1.3221,F
66,1,HappyBirthday,445,4745.18,F,1,0.0707299,2.99025,2.87574,22.8053,F
66,1,HappyBirthday,534,26645.6,M,1,0.00646532,2.45464,14.7598,2.06415,F
66,1,HappyBirthday,579,17885.9,F,1,0.0019056,0.4109,563.921,0.924558,F
67,1,HappyBirthday,1271,1095,F,1,0.81189,0.233424,4492.53,1804.18,F
67,1,HappyBirthday,1047,3285,M,1,0.0201104,1.44385,831.389,14.7491,F
67,1,HappyBirthday,1239,1460,F,1,0.0595175,0.0277356,5252.61,19.7251,F
67,1,HappyBirthday,761,17885.1,M,1,0.160186,3.15808,0.332173,54.2534,F
68,1,HappyBirthday,1200,1825,M,1,0.00361834,0.117879,8.3845,1.16422,F
69,1,HappyBirthday,531,23725.3,F,1,0.170578,0.260009,5104.94,67.2446,F
69,1,HappyBirthday,910,8030.56,M,1,0.0108238,0.407212,5.86529,3.41431,F
70,1,HappyBirthday,1009,3650,M,1,0.000111246,1.19048,20974,0.595595,F
71,1,HappyBirthday,256,4745.01,M,1,0.125489,0.027404,19.434,41.7076,F
71,1,HappyBirthday,1272,1095,F,1,0.000887739,2.76385,0.223807,0.276431,F
71,1,HappyBirthday,926,21900.4,M,1,0.126778,0.405914,1572.35,190.909,F
72,1,HappyBirthday,19,4015.06,F,1,0.0327154,3.15975,42.4765,10.9667,F
72,1,HappyBirthday,1048,3285,F,1,0.151298,0.462917,3939.57,244.873,F
72,1,HappyBirthday,600,11315.5,F,1,0.132229,0.616447,31.7152,45.6374,F
73,1,HappyBirthday,268,9490.74,F,1,0.153101,6.07517,848.448,209.673,F
73,1,HappyBirthday,637,4380.93,M,1,0.00186071,0.202671,2.34553,0.584403,F
73,1,HappyBirthday,1121,2555,F,1,2.78307e-06,0.110945,1.05677,0.000875441,F
74,1,HappyBirthday,192,7665.63,M,1,0.0399787,2.42792,7.89361,12.8457,F
74,1,HappyBirthday,251,4745.64,M,1,0.167221,12.2001,270.783,57.7375,F
75,1,HappyBirthday,1010,3650,M,1,0.283238,1.92728,1002.56,243.013,F
75,1,HappyBirthday,1326,365,F,1,0.185888,0.214904,0.155328,63.9661,F
75,1,Births,1358,0,M,0,0,0.126925,0,0,F
76,1,HappyBirthday,946,8030.94,F,1,0.144882,0.328714,7645.69,182.368,F
76,1,HappyBirthday,133,8395.88,F,1,0.000711757,0.0363776,0.395039,0.221303,F
76,1,HappyBirthday,766,10950.8,F,1,0.000832376,0.0244938,0.0790176,0.258873,F
77,1,HappyBirthday,355,4380.58,F,1,0.00161786,1.46823,2613.94,2.30752,F
77,1,HappyBirthday,455,14235.1,F,1,0.1219,0.194397,356.067,65.8871,F
77,1,HappyBirthday,480,24820.2,M,1,0.000731583,0.43425,24.6882,0.235225,F
77,1,HappyBirthday,487,14965,M,1,0.000752334,0.170033,11.4525,0.245075,F
77,1,HappyBirthday,653,19710.2,M,1,0.0651648,1.72814,156.338,21.8388,F
78,1,HappyBirthday,311,13140,F,1,0.0763065,0.921337,39.7602,28.0403,F
79,1,HappyBirthday,328,5840.26,M,1,0.00515453,1.34915,1370.45,1.99905,F
79,1,HappyBirthday,854,10950,M,1,0.000853639,0.109045,19689.8,0.527315,F
80,1,HappyBirthday,59,5475.96,F,1,0.00203822,1.57552,0.0104047,0.634345,F
80,1,HappyBirthday,1201,1825,F,1,0.0438491,0.174702,102.268,19.239,F
80,1,HappyBirthday,641,8030.67,M,1,0.146402,0.244893,263.048,51.0467,F
80,1,HappyBirthday,867,7300.78,F,1,0.206105,5.41599,373.13,71.8253,F
81,1,HappyBirthday,381,27740.8,F,1,0.185135,11.2019,2411.37,236.946,F
83,1,HappyBirthday,1328,365,M,1,0.0375494,0.115681,4427.14,176.116,F
83,1,HappyBirthday,1327,365,M,1,0.282096,0.067248,19343.2,630.268,F
83,1,HappyBirthday,580,13505.2,M,1,0.000488116,2.0432,734.596,0.173328,F
83,1,HappyBirthday,723,8395.06,M,1,0.00705408,3.97225,58.4976,2.67846,F
84,1,HappyBirthday,921,12410.8,M,1,0.118585,3.07883,2402.14,140.684,F
85,1,HappyBirthday,333,9855.54,F,1,0.0479637,8.37842,33.3178,16.0077,F
85,1,HappyBirthday,1011,3650,F,1,0.000284863,0.760471,1123.28,0.225141,F
86,1,HappyBirthday,1162,2190,F,1,0.00165543,0.0825783,223.619,0.692433,F
86,1,HappyBirthday,961,5110.49,M,1,0.0347396,44.2516,1631.61,18.2743,F
86,1,HappyBirthday,755,5110.65,M,1,0.0216346,0.177649,40.8001,7.20221,F
87,1,HappyBirthday,615,6570.25,M,1,0.000537355,1.36705,4140.22,0.181927,F
87,1,HappyBirthday,901,12775.3,F,1,0.405153,0.223532,407.887,247.401,F
88,1,HappyBirthday,363,4745.58,M,1,0.000266585,0.330981,15.1853,0.0830536,F
88,1,HappyBirthday,518,7665.78,F,1,0.000594368,0.599393,4264.49,1.16645,F
88,1,HappyBirthday,699,13870.5,F,1,0.140631,3.05281,77.5303,51.9374,F
89,1,HappyBirthday,207,12775,M,1,0.0501293,1.49172,41.1299,16.0343,F
90,1,HappyBirthday,125,8760.86,M,1,0.0090835,1.13625,18.832,2.92803,F
90,1,HappyBirthday,135,12775.4,F,1,1.87444e-06,4.91684,22669.2,0.010541,F
90,1,HappyBirthday,186,8760.36,M,1,0.0997327,4.31502,1.56054,32.6524,F
90,1,HappyBirthday,294,25550.5,F,1,6.09701e-05,0.442489,355.113,0.019867,F
90,1,HappyBirthday,862,10585.1,M,1,0.0347105,1.02195,1636.94,11.4592,F
91,1,HappyBirthday,1202,1825,M,1,0.00128025,1.82719,1.22639,0.398037,F
91,1,HappyBirthday,1050,3285,F,1,0.430921,0.0743218,464.78,203.059,F
91,1,HappyBirthday,976,5475.38,F,1,0.0314249,0.978248,574.891,11.1783,F
92,1,HappyBirthday,1012,3650,F,1,0.20428,0.0906918,6728.78,398.212,F
92,1,HappyBirthday,794,5840.88,M,1,0.00613104,3.38652,4.99741,1.9192,F
93,1,HappyBirthday,1329,365,M,1,0.292286,0.303321,29094.5,465.617,F
93,1,HappyBirthday,308,18980.8,F,1,0.000860748,1.11523,1814.99,0.974835,F
93,1,HappyBirthday,506,4380,M,1,0.00348936,0.519392,0.373766,1.08793,F
93,1,HappyBirthday,1087,2920,F,1,0.0944577,0.0316461,29.1605,34.0401,F
94,1,HappyBirthday,403,8760.33,F,1,0.00215128,0.549072,3663.29,1.52419,F
94,1,HappyBirthday,425,20440.2,M,1,0.0116322,1.2758,94.6724,4.1624,F
94,1,HappyBirthday,478,10585.8,M,1,0.000250258,0.0608101,3761.28,0.231352,F
96,1,HappyBirthday,1088,2920,F,1,0.908676,0.612571,809.177,1507.89,F
97,1,HappyBirthday,67,7300.65,M,1,0.0587076,0.528152,7.42176,19.0154,F
98,1,HappyBirthday,1089,2920,F,1,0.0711488,1.13203,409.032,23.1728,F
98,1,HappyBirthday,550,4380.81,F,1,0.000226071,6.28958,9681.96,0.778501,F
98,1,HappyBirthday,672,10950.8,F,1,0.0585185,2.78033,1.13431,18.7397,F
98,1,HappyBirthday,770,13140.5,F,1,0.0808791,10.3804,164.956,26.3417,F
99,1,HappyBirthday,978,26280.8,F,1,0.000918259,3.44835,0.380239,0.285695,F
99,1,HappyBirthday,179,18615.9,F,1,0.168566,1.26539,23.0342,57.4316,F
99,1,HappyBirthday,896,6205.66,F,1,0.124013,0.122771,1.33439,41.2259,F
100,1,HappyBirthday,1013,3650,F,1,0.0512362,2.74754,163.096,16.4912,F
101,1,HappyBirthday,314,6570.74,F,1,0.00222902,0.623206,48.4471,0.740614,F
101,1,HappyBirthday,706,4380.32,M,1,0.00405732,3.43126,92.3556,1.46331,F
102,1,HappyBirthday,1296,730,F,1,0.0924033,0.144244,4478.24,71.1591,F
102,1,HappyBirthday,614,6570.99,M,1,3.2331e-06,0.202488,6913.44,0.00859144,F
102,1,HappyBirthday,774,31390.1,F,1,0.00764564,0.641403,24213.3,5.41099,F
103,1,HappyBirthday,793,5475.58,M,1,0.0746736,0.0805934,12580.2,41.7457,F
105,1,HappyBirthday,44,6935.94,F,1,0.00232618,0.59108,512.506,1.29657,F
105,1,HappyBirthday,732,4745,F,1,0.00126094,0.411869,0.582446,0.392175,F
106,1,HappyBirthday,266,7665.08,F,1,0.00128057,9.9802,34.7616,0.464294,F
106,1,HappyBirthday,471,11315.1,M,1,0.00888702,0.29009,14.1992,2.92242,F
106,1,HappyBirthday,691,4380.56,F,1,0.148396,0.0952486,556.096,50.8338,F
106,1,HappyBirthday,704,4015.37,F,1,0.00257259,4.73492,43.4373,0.803308,F
106,1,HappyBirthday,1242,1460,F,1,0.134228,2.34534,2838.99,45.4867,F
107,1,HappyBirthday,963,31755.2,M,1,0.0326173,0.597114,42.5562,10.9658,F
109,1,HappyBirthday,146,4015.53,F,1,0.158858,0.209978,769.698,203.469,F
109,1,HappyBirthday,607,11315.5,M,1,0.00269533,1.79119,102.972,0.868995,F
109,1,HappyBirthday,1164,2190,F,1,0.00478118,1.0715,8036.64,3.40634,F
109,1,HappyBirthday,833,13870.4,M,1,0.000313291,0.517965,1.25541,0.097487,F
110,1,HappyBirthday,89,24455.2,F,1,0.0105699,3.30596,0.175154,3.30179,F
110,1,HappyBirthday,1204,1825,M,1,0.0636336,0.0927977,141.652,25.617,F
111,1,HappyBirthday,693,6570.54,M,1,0.745805,0.320946,87.4975,564.25,F
111,1,Births,1359,0,M,0,0,0.0118502,0,0,F
112,1,HappyBirthday,171,9490.55,M,1,0.000405035,0.491119,13409,0.993923,F
114,1,HappyBirthday,1205,1825,M,1,0.0540809,0.789516,1083.63,36.8242,F
114,1,HappyBirthday,1125,2555,F,1,0.00342987,0.669767,50.2522,1.15765,F
114,1,HappyBirthday,424,22265.7,M,1,0.802604,4.49363,88.3863,564.828,F
115,1,HappyBirthday,233,6570.47,F,1,0.00686969,1.63449,20.5957,2.34896,F
115,1,HappyBirthday,984,5475.21,M,1,0.00137448,0.904322,17.7582,0.43933,F
115,1,HappyBirthday,1243,1460,F,1,0.577098,0.102635,219.093,487.952,F
116,1,HappyBirthday,5,16060,F,1,0.042389,0.284667,36.0038,13.471,F
116,1,HappyBirthday,1165,2190,F,1,0.00355932,6.63272,1122.5,5.65511,F
117,1,HappyBirthday,1166,2190,F,1,0.0668231,0.331654,5544.02,32.7073,F
117,1,HappyBirthday,510,7665.82,M,1,0.0701141,0.611157,42.9076,22.5943,F
117,1,HappyBirthday,1207,1825,M,1,0.197269,7.47927,5.42288,68.6129,F
117,1,HappyBirthday,606,9855.6,F,1,0.00294669,0.533833,946.522,2.10303,F
117,1,HappyBirthday,612,18980.8,F,1,0.571836,0.108231,482.855,267.291,F
117,1,HappyBirthday,871,7300.57,F,1,0.097619,2.13647,14.766,32.3695,F
117,1,HappyBirthday,1206,1825,F,1,0.353943,0.0214288,92.8875,136.511,F
117,1,Births,1360,0,F,0,0,0.0325249,0,0,F
118,1,HappyBirthday,635,18980.4,M,1,0.00311491,3.04167,116.067,1.39257,F
118,1,HappyBirthday,1051,3285,F,1,0.00981927,1.0969,54.0129,3.76499,F
118,1,HappyBirthday,1273,1095,F,1,0.790696,0.033405,264.652,657.571,F
119,1,HappyBirthday,97,7300.08,M,1,0.000230698,0.0811598,5095.94,0.355832,F
119,1,HappyBirthday,408,5475.34,M,1,0.000101047,5.04054,33587.6,0.121771,F
119,1,HappyBirthday,493,22630.5,M,1,0.12313,0.248484,20.8048,40.8784,F
119,1,HappyBirthday,522,17155.8,M,1,0.00265313,0.578464,0.168714,0.825475,F
121,1,HappyBirthday,352,12410,F,1,0.870393,52.2168,68.4925,658.459,F
121,1,HappyBirthday,1330,365,F,1,0.0192378,0.123345,30655.7,24.1463,F
121,1,HappyBirthday,459,4015.58,M,1,0.00427157,4.46253,0.413733,1.33085,F
121,1,HappyBirthday,824,21900.1,M,1,0.00246504,3.20668,33.9997,0.767117,F
122,1,HappyBirthday,190,23360.9,M,1,0.00016631,2.85003,5946.83,0.411072,F
122,1,HappyBirthday,1208,1825,F,1,0.13991,0.582026,99.579,47.2448,F
122,1,HappyBirthday,389,5840.62,M,1,0.00016209,0.422233,72.2384,0.0639563,F
122,1,HappyBirthday,490,9125.09,F,1,0.0398852,0.570727,295.619,12.732,F
122,1,HappyBirthday,559,16790.2,F,1,0.311603,0.204416,165.635,143.058,F
122,1,HappyBirthday,777,16790.6,F,1,0.0133451,9.57334,2827.8,22.5182,F
123,1,HappyBirthday,986,13505.2,F,1,0.0385269,2.43039,12.366,12.2138,F
125,1,HappyBirthday,1015,3650,M,1,0.00705969,0.122873,10646.8,26.9294,F
125,1,HappyBirthday,1331,365,M,1,0.0598867,0.00851505,3139.91,100.064,F
125,1,HappyBirthday,827,9490.18,F,1,0.0921031,10.0266,669.255,30.0675,F
125,1,HappyBirthday,836,7300.04,F,1,0.0768535,0.441707,1973.01,116.071,F
125,1,HappyBirthday,923,5840.11,F,1,0.119522,0.0425892,0.0110142,39.5583,F
125,1,Births,1361,0,F,0,0,0.0838999,0,0,F
126,1,HappyBirthday,26,10220.2,F,1,9.08085e-05,30.818,12705.3,0.491879,F
126,1,HappyBirthday,1209,1825,F,1,0.00207093,1.51488,44.9349,0.78338,F
128,1,HappyBirthday,136,8760.14,F,1,0.711171,4.18887,2331.5,580.031,F
128,1,HappyBirthday,223,8030.85,M,1,0.000101709,0.420048,5562.32,0.0909968,F
128,1,HappyBirthday,319,7300.41,F,1,0.788805,2.09284,79.769,507.034,F
128,1,HappyBirthday,686,7665.34,M,1,0.104066,5.55975,2.9854,34.1789,F
128,1,HappyBirthday,1332,365,M,1,0.448809,0.107025,228.593,266.521,F
129,1,HappyBirthday,103,20075.5,F,1,0.0024511,0.269579,332.805,1.19809,F
129,1,HappyBirthday,1210,1825,F,1,0.0164899,2.03531,15540.1,78.8521,F
129,1,Births,1362,0,M,0,0,0.0319638,0,0,F
130,1,HappyBirthday,463,5475.81,M,1,0.0594265,1.67055,85.6112,22.4929,F
130,1,HappyBirthday,840,16060.7,F,1,0.000725134,0.42869,509.989,0.431318,F
131,1,HappyBirthday,1297,730,F,1,2.52278e-05,0.0128302,20331.2,0.138262,F
131,1,HappyBirthday,1126,2555,F,1,0.00050545,1.66633,13308.2,1.17289,F
131,1,HappyBirthday,983,24090.3,F,1,0.0134034,4.6881,377.683,4.97098,F
131,1,HappyBirthday,341,17885.2,F,1,0.00669077,0.480389,486.947,3.43103,F
131,1,HappyBirthday,1298,730,F,1,0.134708,0.0419334,312.69,50.0801,F
131,1,Births,1363,0,M,0,0,0.0423778,0,0,F
132,1,HappyBirthday,968,14235.5,F,1,9.10405e-06,1.38361,2414.65,0.0288836,F
132,1,HappyBirthday,99,13140.3,F,1,0.101932,7.52081,11.582,33.7844,F
132,1,HappyBirthday,120,12045.8,F,1,0.0045586,0.360809,0.137653,1.42047,F
132,1,HappyBirthday,835,9125.21,F,1,0.00135713,1.08745,0.747543,0.423512,F
133,1,HappyBirthday,1299,730,F,1,0.0470217,0.0356703,1929.07,15.7964,F
134,1,HappyBirthday,1052,3285,M,1,0.00407694,0.687024,8229.82,1.42515,F
134,1,HappyBirthday,811,20075.5,M,1,0.032028,34.3278,65.1217,11.0967,F
135,1,HappyBirthday,972,7665.7,M,1,0.00252964,4.3399,7114.27,6.49073,F
135,1,HappyBirthday,160,7665.3,F,1,0.0693304,1.09223,1.41561,22.3304,F
135,1,HappyBirthday,327,12410.8,M,1,0.0545495,2.7983,0.357816,17.4508,F
135,1,HappyBirthday,351,4745.34,F,1,0.209809,2.26548,4.28268,73.2779,F
135,1,HappyBirthday,674,18250,M,1,0.285194,0.309066,2.32202,105.53,F
135,1,HappyBirthday,1274,1095,M,1,0.30545,0.428961,21846.7,760.597,F
135,1,HappyBirthday,861,10950.5,F,1,0.20649,8.26249,6.31019,72.4944,F
136,1,HappyBirthday,418,14235.9,M,1,0.139765,2.2194,3.4281,47.1928,F
136,1,Births,1364,0,M,0,0,0.296958,0,0,F
136,1,Births,1365,0,M,0,0,0.092543,0,0,F
137,1,HappyBirthday,1300,730,F,1,0.00142902,0.0534615,37.2007,0.523341,F
137,1,HappyBirthday,1127,2555,M,1,0.00800227,0.178214,175.124,3.9918,F
138,1,HappyBirthday,1301,730,F,1,0.0227812,0.113043,186.145,9.02985,F
138,1,HappyBirthday,1017,3650,F,1,0.00115044,0.872649,1.27276,0.358132,F
138,1,HappyBirthday,1018,3650,F,1,0.00602073,6.39344,52888.2,61.6986,F
139,1,HappyBirthday,1019,3650,F,1,0.499602,0.69342,25.3343,218.198,F
140,1,HappyBirthday,273,9490.47,F,1,0.0055561,2.20184,265.668,1.73162,F
140,1,HappyBirthday,280,5475.76,M,1,0.0007041,0.788095,135.424,0.328612,F
140,1,HappyBirthday,343,5840.61,F,1,0.00292838,0.300107,1.62026,0.913255,F
140,1,HappyBirthday,1128,2555,F,1,0.000245958,0.132579,17.557,0.0807816,F
141,1,HappyBirthday,364,28105.6,M,1,0.165999,0.395865,6.76912,56.4497,F
141,1,HappyBirthday,638,16060.7,F,1,1.70146e-05,0.314566,2034.6,0.020229,F
141,1,HappyBirthday,855,7665.18,F,1,0.00120006,5.5666,35.3399,0.438998,F
142,1,HappyBirthday,88,24820,M,1,0.00426137,2.92859,35386.1,5.32677,F
142,1,HappyBirthday,568,5110.72,M,1,0.0358822,3.59442,3779.36,126.112,F
143,1,HappyBirthday,973,6570.15,M,1,0.000889894,0.962604,13.6644,0.288382,F
143,1,HappyBirthday,1129,2555,F,1,0.0509673,0.567016,2.60013,16.3157,F
143,1,Births,1366,0,M,0,0,0.04707,0,0,F
144,1,HappyBirthday,1245,1460,M,1,0.206666,0.0970165,79.0107,79.2634,F
144,1,HappyBirthday,149,12045.5,M,1,0.00128446,4.54224,0.0360204,0.399533,F
144,1,HappyBirthday,982,5840.29,M,1,0.00414167,0.0735066,10.6031,1.3234,F
144,1,HappyBirthday,791,12410.7,M,1,0.275669,22.1632,4.46999,100.333,F
144,1,Births,1367,0,M,0,0,0.0459704,0,0,F
145,1,HappyBirthday,432,15330.7,F,1,0.00319791,0.995443,795.194,3.42026,F
147,1,HappyBirthday,126,6935.43,M,1,0.000877014,0.0881711,28.0627,0.293093,F
147,1,HappyBirthday,894,6935.51,F,1,0.00105681,1.74644,4814.02,0.495698,F
148,1,HappyBirthday,86,9855.97,M,1,0.038963,0.435947,194.685,17.7166,F
148,1,HappyBirthday,1167,2190,F,1,0.000435622,0.79708,0.00291124,0.135277,F
149,1,HappyBirthday,1090,2920,F,0,0,0.0138689,0,0,F
149,1,HappyBirthday,725,33580.9,F,1,5.16645e-05,2.42797,174029,0.490659,F
150,1,HappyBirthday,37,27740.8,F,1,0.0033004,2.8622,97.2293,1.23884,F
150,1,HappyBirthday,206,11315.3,F,1,0.000294326,5.65552,8.7634,0.0928396,F
150,1,HappyBirthday,265,9855.61,F,1,0.0007149,0.22028,180.149,0.233472,F
150,1,HappyBirthday,1053,3285,M,1,0.0195704,1.05337,2969.86,16.7899,F
151,1,HappyBirthday,669,4380.37,F,1,0.0692173,0.174768,326.705,51.6974,F
151,1,HappyBirthday,1246,1460,F,1,0.123438,0.110944,650.79,55.7739,F
151,1,HappyBirthday,853,5475.12,F,1,0.293913,0.0902785,246.031,109.204,F
152,1,HappyBirthday,106,6570.32,F,1,0.0586098,0.850741,9.63598,18.9597,F
152,1,HappyBirthday,468,28105.9,M,1,0.163227,0.401866,14431.7,118.132,F
153,1,HappyBirthday,54,9855.1,F,1,0.00571552,1.40068,1006.78,1.99245,F
153,1,HappyBirthday,346,5110.97,M,1,0.0230603,4.804,365.982,11.2269,F
153,1,HappyBirthday,692,14235.8,M,1,0.611593,2.30863,0.807436,294.922,F
154,1,HappyBirthday,4,5110.29,F,1,7.99985e-06,1.1349,20.2169,0.0026458,F
154,1,HappyBirthday,111,6205.28,M,1,0.0478353,0.21653,6580.42,20.9298,F
154,1,HappyBirthday,609,11680.8,M,1,0.000143917,1.33976,59279.8,0.474933,F
155,1,HappyBirthday,20,6570.25,M,1,0.216139,15.7242,66.8902,76.0763,F
156,1,HappyBirthday,91,6570.69,F,1,0.00671998,0.331898,2811.71,7.89236,F
156,1,HappyBirthday,1277,1095,M,1,0.573065,2.37502,13.8726,280.704,F
156,1,HappyBirthday,1091,2920,F,1,0.138285,0.701906,56.9989,56.5428,F
156,1,HappyBirthday,1211,1825,F,1,0.0808255,0.611267,1292.61,26.3747,F
156,1,HappyBirthday,1130,2555,F,1,0.000392143,0.621156,33007.2,0.474196,F
157,1,HappyBirthday,1333,365,M,1,0.0206658,0.459772,13.8139,6.86078,F
157,1,HappyBirthday,354,16790.7,F,1,2.00253e-05,2.50248,13780.9,0.0862776,F
158,1,HappyBirthday,208,5475.13,M,1,0.00278473,1.86506,453.91,2.20457,F
158,1,HappyBirthday,420,13140.5,M,1,0.0880791,0.0423788,1508.29,28.8644,F
158,1,HappyBirthday,469,9125.43,F,1,0.506258,2.27642,4.9918,223.36,F
158,1,Births,1368,0,F,0,0,0.361256,0,0,F
159,1,HappyBirthday,143,9125.69,M,1,0.532358,0.0299464,329.667,270.492,F
159,1,HappyBirthday,331,5110.01,F,1,0.0402837,0.193523,1441.18,37.0862,F
159,1,HappyBirthday,365,4380.24,F,1,1.01797e-05,1.72758,2379.01,0.0139136,F
159,1,HappyBirthday,620,20805.3,M,1,0.109625,1.05156,315.513,51.9266,F
159,1,HappyBirthday,834,20805.4,M,1,0.0139952,0.189243,238.696,7.36088,F
160,1,HappyBirthday,165,25915.6,F,1,0.093718,3.93236,0.905389,30.596,F
160,1,HappyBirthday,1020,3650,M,1,0.00029224,0.210806,1735.32,0.119819,F
161,1,HappyBirthday,1054,3285,M,1,0.000973474,1.62379,41.0301,0.365376,F
161,1,HappyBirthday,427,7665.45,F,1,0.0158463,0.807352,350.399,11.6986,F
162,1,HappyBirthday,1279,1095,M,1,0.0569372,0.0680943,2999.11,120.851,F
162,1,HappyBirthday,123,25185.9,F,1,0.00285481,9.56751,0.620027,0.891256,F
162,1,HappyBirthday,191,25915.5,M,1,0.00346234,1.28521,66.6819,1.0836,F
162,1,HappyBirthday,1280,1095,F,1,0.00542903,0.109524,0.226406,1.69252,F
162,1,HappyBirthday,760,8030.37,M,1,0.00588041,1.45136,19.402,1.97973,F
163,1,HappyBirthday,578,6570.4,F,1,0.00577577,4.46865,176.971,1.88293,F
163,1,HappyBirthday,735,9855.74,M,1,0.118179,0.0862961,0.380934,39.124,F
165,1,HappyBirthday,494,8030.02,F,1,0.00145206,0.37369,0.0519446,0.451686,F
165,1,HappyBirthday,643,5475.75,M,1,0.186606,3.86759,0.279221,64.1876,F
166,1,HappyBirthday,405,5110.17,F,1,0.000382301,25.5883,346.694,0.175941,F
166,1,HappyBirthday,1302,730,M,1,0.00134253,0.203695,3.47594e-05,0.417081,F
167,1,HappyBirthday,48,12045.2,M,1,0.0226392,0.899343,874.09,7.70811,F
167,1,HappyBirthday,79,14965.2,F,1,0.00359831,1.80264,187.848,1.14368,F
167,1,HappyBirthday,1334,365,M,1,1.85142e-05,0.295239,100048,0.26837,F
168,1,HappyBirthday,129,13140.6,F,1,0.0295896,3.18754,1.59162,9.39661,F
168,1,HappyBirthday,532,7300.95,M,1,0,3.03965,0.0299592,0,F
168,1,HappyBirthday,1247,1460,M,1,0.722518,0.0446169,4.81268,400.091,F
169,1,HappyBirthday,75,13870.5,M,1,0.0869236,0.735097,1425.21,37.2387,F
169,1,HappyBirthday,429,16790.4,M,1,0.00881306,0.347296,7.78138,2.77009,F
169,1,HappyBirthday,589,11315.6,F,1,0.000894904,8.81949,21.1281,0.287028,F
169,1,HappyBirthday,850,25550.6,F,1,0.0309479,0.326269,14.739,10.3998,F
170,1,HappyBirthday,1303,730,M,1,0.0943822,6.11539,224.888,32.5968,F
170,1,HappyBirthday,737,5110.46,F,1,0.00231946,1.47029,5.05736,0.72142,F
171,1,HappyBirthday,1335,365,F,1,0.09305,0.0649096,1928.62,31.1571,F
171,1,HappyBirthday,1281,1095,F,1,0.00528278,2.626,88752.3,13.1717,F
172,1,HappyBirthday,213,9490.85,M,1,0.0102877,0.0358895,2011.09,3.34328,F
172,1,HappyBirthday,930,12410.6,M,1,0.0344172,14.5323,2713.05,41.1846,F
172,1,HappyBirthday,529,13870.2,F,1,0.0084948,0.336555,15.3264,2.65298,F
173,1,HappyBirthday,1131,2555,F,1,0.613683,0.116562,1291.68,528.36,F
173,1,HappyBirthday,409,8030.74,F,1,0.00318501,0.36658,2.30634,0.993202,F
173,1,HappyBirthday,523,9125.76,M,1,0.00306791,10.6207,93.9953,1.10847,F
173,1,HappyBirthday,1213,1825,M,1,8.34044e-07,0.382689,6600.49,0.00472979,F
173,1,HappyBirthday,1336,365,M,1,0.0054951,0.700561,23.1293,1.91164,F
174,1,HappyBirthday,603,10585.7,F,1,0.0894802,0.35176,9901.67,207.331,F
175,1,HappyBirthday,1132,2555,F,1,0.0418912,0.0909923,1.6953,13.3386,F
175,1,HappyBirthday,875,4745.02,F,1,0.00744807,1.94728,35.9846,2.326,F
175,1,HappyBirthday,1282,1095,M,1,0.00278888,2.06841,118.47,1.24973,F
176,1,HappyBirthday,1304,730,M,1,0.0108276,0.261766,997.562,3.84178,F
177,1,HappyBirthday,491,28835.2,M,1,0.00193046,1.5034,0.231525,0.600717,F
177,1,HappyBirthday,591,4745.02,F,1,0.0120459,1.5675,0.483261,3.76662,F
178,1,HappyBirthday,347,6570.28,M,1,0.00608727,0.732999,0.422162,1.89781,F
178,1,HappyBirthday,1134,2555,M,1,0.00339297,0.389454,298.258,1.51021,F
179,1,HappyBirthday,399,6205.48,M,1,0.320216,1.21382,5368.3,146.855,F
180,1,HappyBirthday,1283,1095,F,1,0.0010402,0.0930964,67.7788,0.360358,F
180,1,HappyBirthday,611,8760.89,M,1,0.580457,0.258472,54.368,299.759,F
180,1,HappyBirthday,956,12775,M,1,8.68237e-05,0.252481,6752.09,0.209141,F
181,1,HappyBirthday,145,11680.6,M,1,0.000256078,1.69605,2.13842,0.0804402,F
181,1,HappyBirthday,556,8395.43,M,1,0.18142,0.131286,332.324,68.6224,F
181,1,HappyBirthday,903,12045.5,F,1,0.00030491,9.29785,317.291,0.102204,F
182,1,HappyBirthday,274,5475.91,F,1,0.00316756,2.64265,6712.27,1.26995,F
182,1,HappyBirthday,1248,1460,F,1,0.102359,1.75209,62.1496,40.2525,F
183,1,HappyBirthday,1305,730,M,1,0.222525,0.069872,1545.84,345.174,F
183,1,HappyBirthday,1306,730,M,1,0.000329672,0.00578211,115.291,0.11995,F
184,1,HappyBirthday,412,6935.56,F,1,2.709e-05,0.782252,31.4276,0.00887548,F
184,1,HappyBirthday,909,20805.9,M,1,0.0445926,0.196081,171.63,15.2906,F
185,1,HappyBirthday,173,10585.7,M,1,0.00311888,0.289924,2.19789,0.9798,F
185,1,HappyBirthday,222,9855.63,M,1,0.00025809,0.397544,387.056,0.140184,F
185,1,HappyBirthday,1215,1825,F,1,0.033385,0.115367,42114.4,285.428,F
185,1,HappyBirthday,1337,365,M,1,0.0187396,0.786902,3.7704,5.97416,F
185,1,Births,1369,0,M,0,0,0.0123698,0,0,F
186,1,HappyBirthday,1216,1825,F,1,0.000983644,2.0899,0.159787,0.305771,F
186,1,HappyBirthday,734,11680.9,M,1,0.586079,1.43248,2.65453,275.025,F
186,1,HappyBirthday,787,28470.5,F,1,0.00156363,1.22724,12.7424,0.496517,F
187,1,HappyBirthday,187,11315.8,F,1,0.243237,26.1625,1015.7,87.7029,F
188,1,HappyBirthday,387,6570.75,M,1,0.0221786,3.02207,0.32553,6.97052,F
188,1,HappyBirthday,446,5840.5,F,1,0.00218095,7.02391,43818.9,3.69685,F
189,1,HappyBirthday,997,20805.1,F,1,0.0214768,1.93592,67.6473,7.50969,F
189,1,HappyBirthday,1055,3285,F,1,0.156809,3.33043,316.321,53.9069,F
189,1,HappyBirthday,805,5475.63,M,1,0.00578477,2.32094,10596.6,21.1889,F
190,1,HappyBirthday,504,7665.93,F,1,0.00803145,0.131941,275.831,2.5214,F
190,1,HappyBirthday,1338,365,M,1,0.159528,0.0346352,12751,1373.71,F
192,1,HappyBirthday,358,14235.5,M,1,0.00372806,3.44068,0.533125,1.16162,F
192,1,HappyBirthday,661,14965.6,F,1,0.056043,9.25661,262.784,20.7075,F
192,1,HappyBirthday,683,8030.44,M,1,0.10074,2.56469,10.7449,32.9992,F
192,1,HappyBirthday,1307,730,M,1,0.0715889,0.0140422,2316.38,25.8888,F
192,1,HappyBirthday,758,8395.9,M,1,0.0932763,0.148742,56.1673,34.613,F
192,1,HappyBirthday,1056,3285,M,1,4.70588e-06,0.64642,67.4443,0.00190225,F
192,1,HappyBirthday,1217,1825,F,1,0.00800708,0.16539,34.0492,2.90331,F
193,1,HappyBirthday,316,12410.3,F,1,0.0416625,4.35889,6.1817,13.5118,F
193,1,HappyBirthday,684,4745.42,F,1,0.000315145,0.0489538,5.45854,0.0987902,F
194,1,Births,1370,0,M,0,0,0.00727043,0,0,F
195,1,HappyBirthday,317,23725.4,M,1,0.0125334,0.290555,0.574654,3.92374,F
195,1,HappyBirthday,981,7665.41,M,1,0.00383343,0.0130858,0.266475,1.19365,F
195,1,HappyBirthday,676,6935.29,M,1,0.190835,0.0491277,425.171,66.5254,F
196,1,HappyBirthday,119,10950.8,M,1,0.00863695,2.85179,412.163,2.69532,F
196,1,HappyBirthday,1168,2190,F,1,0.0857378,0.0529252,235.663,37.0983,F
196,1,HappyBirthday,407,7300.95,F,1,0.00198297,0.0446251,3272.65,1.0885,F
196,1,HappyBirthday,610,5110.96,M,1,0.206991,0.126243,10.3689,72.2102,F
196,1,HappyBirthday,728,4015.24,F,1,0,1.17082,20.4938,0,F
196,1,HappyBirthday,792,20805.1,M,1,0.178413,1.59473,117.443,91.9698,F
197,1,HappyBirthday,528,4015.31,M,1,0.0673455,0.65436,0.204085,21.6751,F
198,1,HappyBirthday,132,7300.94,M,1,0.0198808,1.42726,97.4504,7.23498,F
198,1,HappyBirthday,924,6205.97,F,1,9.41035e-05,2.83432,79.8058,0.0387188,F
199,1,HappyBirthday,1308,730,M,1,0.000287565,0.154301,9862.64,1.01688,F
199,1,HappyBirthday,215,17155.4,M,1,0.000190881,0.693468,1993.82,0.515211,F
199,1,HappyBirthday,524,5110.05,F,1,0.00151136,2.71783,0.00203759,0.469764,F
200,1,HappyBirthday,46,27740.1,F,1,0.00113564,0.784824,0.0486266,0.353155,F
200,1,HappyBirthday,141,10585.3,M,1,0.00185327,0.375403,0.0340328,0.576278,F
200,1,HappyBirthday,292,29565.4,F,1,0.000264767,0.531515,23.9028,0.085053,F
200,1,HappyBirthday,361,6570.83,M,1,0.0698544,0.396392,2.04903,22.5542,F
200,1,HappyBirthday,1284,1095,M,1,0.0778534,0.621751,27.5023,25.3434,F
200,1,HappyBirthday,1136,2555,F,1,0.00167538,1.07787,254.091,1.00597,F
201,1,HappyBirthday,305,19345.3,M,1,0.00105705,0.911643,0.0385348,0.328779,F
201,1,HappyBirthday,320,18980.2,M,1,0.0265868,0.966941,34.6777,8.4077,F
201,1,HappyBirthday,1250,1460,M,1,0.610745,0.0809692,2863.28,345.609,F
201,1,HappyBirthday,864,5475.78,F,1,0.0243283,0.592134,1214.61,20.0136,F
201,1,Births,1371,0,F,0,0,0.0191364,0,0,F
202,1,HappyBirthday,474,21535.6,M,1,0.019719,7.30837,0.2288,6.19321,F
202,1,HappyBirthday,958,10220.4,F,1,0.000147407,3.39402,6305.87,0.200494,F
202,1,HappyBirthday,1339,365,F,1,0.00275611,0.0183789,116.994,1.19259,F
203,1,HappyBirthday,1137,2555,M,1,0.00388624,0.083907,0.330349,1.21076,F
203,1,HappyBirthday,334,6205.68,F,1,0.00503932,0.372788,60.6094,1.58609,F
204,1,HappyBirthday,1218,1825,F,1,0.00263269,0.0811005,57.7225,0.913066,F
204,1,HappyBirthday,443,4380.94,M,1,0.518347,0.0664513,231.09,288.405,F
204,1,HappyBirthday,473,27375.7,M,1,0.0184465,0.917596,149.552,5.79148,F
205,1,HappyBirthday,1340,365,M,1,0.00637471,0.418178,15.3825,2.1223,F
206,1,HappyBirthday,1309,730,M,1,0.00519375,0.0286325,63.7294,1.79817,F
206,1,HappyBirthday,1093,2920,M,1,0.00447165,2.83455,581.118,1.39749,F
206,1,HappyBirthday,1251,1460,M,1,0.128599,0.0158825,104182,840.207,F
206,1,HappyBirthday,878,8395.77,F,1,0.00359137,0.773711,0.288049,1.11851,F
207,1,HappyBirthday,1023,3650,M,1,0.0002677,4.91061,2412.68,0.136471,F
207,1,HappyBirthday,1138,2555,F,1,0.0627041,1.8587,59.5767,20.1243,F
207,1,HappyBirthday,690,6935.52,M,1,0.00133188,0.868852,11.1179,0.43203,F
207,1,HappyBirthday,1310,730,M,1,0.1817,0.449821,36.8335,70.8062,F
207,1,HappyBirthday,782,12410.4,F,1,0.0659823,2.97806,59.3919,22.9552,F
208,1,HappyBirthday,270,8395.31,M,1,0.0165646,6.31883,55.3989,5.58547,F
208,1,HappyBirthday,694,10220.1,F,1,0.00969048,5.90217,50.6754,3.1451,F
208,1,Births,1372,0,F,0,0,7.8873,0,0,F
209,1,HappyBirthday,1311,730,M,1,0.00694195,0.044685,19.5098,2.16698,F
209,1,HappyBirthday,517,8760.08,M,1,0.0876402,0.260267,0.197551,28.5056,F
211,1,HappyBirthday,115,8030.11,M,1,0.0036878,0.0302511,5.96e-05,1.14795,F
211,1,HappyBirthday,1139,2555,F,1,0.00112793,6.44978,4.85515,0.353549,F
211,1,HappyBirthday,657,34675.2,F,1,0.00155497,2.66745,0.595225,0.485041,F
211,1,HappyBirthday,1057,3285,M,1,0.00751669,0.209586,13.2672,2.34597,F
212,1,HappyBirthday,166,11315.9,M,1,2.22036e-05,32.298,272.961,0.0097012,F
212,1,HappyBirthday,298,5110.99,F,1,0.144751,0.390113,1897.14,49.3133,F
212,1,HappyBirthday,698,6570.2,F,1,0.00148288,0.338418,22.6758,0.501412,F
213,1,HappyBirthday,577,6570.34,F,1,0.19812,1.59196,2636.62,122.719,F
214,1,HappyBirthday,962,10950.5,F,1,0.137112,0.834869,126.759,51.4984,F
214,1,HappyBirthday,814,11315.8,M,1,0.182007,0.296237,53.7337,63.1565,F
215,1,HappyBirthday,183,19710,F,1,0.00171209,0.922629,166.893,0.659666,F
215,1,HappyBirthday,1341,365,F,0,0,0.00838272,0,0,F
215,1,HappyBirthday,1220,1825,F,1,0.698668,0.127953,11.0051,382.171,F
215,1,HappyBirthday,1001,4745.75,M,1,0.0363786,1.36645,2718.01,46.8774,F
215,1,Births,1373,0,F,0,0,0.147333,0,0,F
217,1,HappyBirthday,140,6570.42,M,1,0.0151692,4.41699,115.013,4.78586,F
217,1,HappyBirthday,667,17155.7,M,1,0.0643502,0.701017,2.77183,20.6706,F
217,1,HappyBirthday,1095,2920,M,1,0.00297619,0.365293,401.569,1.91514,F
218,1,HappyBirthday,41,4745.96,M,1,0,0.0194036,12.0413,0,F
219,1,HappyBirthday,95,8760.8,M,1,0.001378,0.78837,40.2103,0.453991,F
219,1,HappyBirthday,301,13870.4,M,1,0.00231304,0.56605,0.0377266,0.719604,F
219,1,HappyBirthday,360,4015.8,F,1,2.01504e-06,0.0590159,3.12401,0.000633303,F
219,1,HappyBirthday,630,15330.1,F,1,0.00137236,0.768364,11552.1,0.729646,F
219,1,HappyBirthday,743,28835,F,1,0.000112603,1.9772,50152.9,0.181012,F
220,1,HappyBirthday,1096,2920,M,1,1.23657e-05,0.232718,1699.97,0.0297328,F
220,1,HappyBirthday,147,9855.78,M,1,0.0115386,0.669773,35661.7,45.03,F
220,1,HappyBirthday,1058,3285,M,1,0.0792522,0.947009,28.8761,29.3536,F
220,1,HappyBirthday,1252,1460,F,1,0.0228407,0.248175,56319,40.7066,F
220,1,HappyBirthday,897,7665.83,M,1,0.00176612,0.249438,15.6134,0.591259,F
221,1,HappyBirthday,43,20075.9,F,1,1.66772e-06,0.108407,1242.65,0.0027492,F
221,1,HappyBirthday,188,7665.07,M,1,0.0309738,1.63294,30.9187,9.78956,F
221,1,HappyBirthday,750,9125.58,F,1,0.22861,0.592853,1334.61,176.821,F
222,1,HappyBirthday,1172,2190,M,1,0.00389688,9.24576,4.66536,1.23682,F
222,1,HappyBirthday,332,8395.43,F,1,0.00139466,1.61554,18.0902,0.466262,F
222,1,HappyBirthday,345,4380.31,F,1,0.00195302,0.332226,0,0.60736,F
222,1,HappyBirthday,419,14965.8,F,1,0.000116175,1.01406,54.8312,0.0394788,F
222,1,HappyBirthday,1097,2920,F,1,0.0341725,0.0958901,5.133,10.8138,F
223,1,HappyBirthday,438,9855,F,1,0.0108676,3.2962,55.5357,3.7229,F
223,1,HappyBirthday,756,26645.8,M,1,0.00550247,0.01368,28842.8,5.52128,F
224,1,HappyBirthday,40,25915.5,M,1,0.0691918,14.184,0.379722,22.3181,F
224,1,HappyBirthday,530,11680,F,1,3.87209e-05,2.628,0,0.0120298,F
224,1,Births,1374,0,F,0,0,0.251292,0,0,F
225,1,HappyBirthday,414,8395.68,M,1,0.789061,0.420507,124.203,566.031,F
225,1,HappyBirthday,1253,1460,F,1,0.305991,1.19857,105.23,126.835,F
225,1,HappyBirthday,719,24090.4,F,1,0.000295365,1.15067,1.97561,0.0919766,F
226,1,HappyBirthday,168,16425.8,F,1,0.022227,0.458574,157.492,7.06756,F
226,1,HappyBirthday,258,5110.25,F,1,0.228755,0.0777212,437.583,93.7534,F
226,1,HappyBirthday,391,14235.8,M,1,0.0941589,0.836336,1.19617,30.7418,F
226,1,HappyBirthday,1254,1460,F,1,0.221138,0.0565745,18610,1541.27,F
227,1,HappyBirthday,1312,730,F,1,0.176631,0.105491,12158.1,1412.11,F
227,1,HappyBirthday,227,6935.38,M,1,0.00127847,0.844838,19.8359,0.410253,F
228,1,HappyBirthday,244,12775,M,1,0.135146,0.32769,0.148733,45.1248,F
228,1,HappyBirthday,914,7300.3,F,1,0.0192424,11.4874,30.1355,6.85276,F
229,1,HappyBirthday,477,6205.56,F,1,0.0247134,9.47263,653.678,28.6473,F
229,1,HappyBirthday,553,5110.5,F,1,9.00776e-05,0.157787,0.404239,0.0280076,F
230,1,HappyBirthday,1026,3650,M,1,0.000215338,0.104371,22.5648,0.0738809,F
230,1,HappyBirthday,733,4380.93,F,1,0.0667966,4.34829,162.9,33.3526,F
230,1,HappyBirthday,922,7300.21,M,1,0.00220098,0.167647,0.534625,0.685342,F
231,1,HappyBirthday,2,5840.57,F,1,0.116738,0.772432,46.9804,43.0178,F
231,1,HappyBirthday,1313,730,F,1,0.0990824,0.0815079,10480.6,279.956,F
231,1,HappyBirthday,74,8030.48,M,1,0.0732542,0.108389,49.9871,23.6639,F
231,1,HappyBirthday,1060,3285,M,1,6.35898e-07,0.0642619,1.13616,0.000192918,F
232,1,HappyBirthday,73,8030.51,M,1,0.0100884,0.382267,13657.9,5.2619,F
232,1,HappyBirthday,139,29930.2,F,1,0.0249964,0.805789,8018.88,42.786,F
232,1,HappyBirthday,498,5110.25,F,1,0.000309421,0.0880434,1016.61,0.470919,F
232,1,HappyBirthday,511,13870.4,M,1,0.203695,4.28789,1199.45,70.8475,F
232,1,HappyBirthday,906,10585.8,M,1,0.774114,173.755,20.5068,464.337,F
233,1,HappyBirthday,219,29930,M,1,0.00195509,29.1643,111.359,0.711554,F
233,1,HappyBirthday,1222,1825,M,1,0.755898,0.788086,54.3539,443.959,F
234,1,HappyBirthday,382,10950.4,F,1,0.121957,8.78178,3.83607,41.1355,F
234,1,HappyBirthday,937,30660.9,M,1,0.00129301,0.821411,27.2292,0.435342,F
235,1,HappyBirthday,170,9855,M,1,0.000232187,8.33985,2.72879,0.0731256,F
237,1,HappyBirthday,172,13505.5,M,1,0.177204,0.230832,1628.88,203.98,F
238,1,HappyBirthday,1061,3285,M,1,0.0407493,0.0660209,1266.14,15.3354,F
238,1,HappyBirthday,452,17520.4,F,1,0.0915255,31.6981,77.5715,31.2991,F
238,1,HappyBirthday,798,6205.05,M,1,0.00267058,0.691762,518.495,0.831153,F
239,1,HappyBirthday,977,12410.2,F,1,0.0179324,1.56246,265.62,6.17692,F
240,1,HappyBirthday,1140,2555,M,1,0.243734,0.146834,366.489,89.1268,F
240,1,HappyBirthday,545,7665.65,F,1,0.544946,0.235677,12.91,249.192,F
240,1,HappyBirthday,1099,2920,M,1,0.300836,0.368295,401.365,270.741,F
241,1,HappyBirthday,353,9490.58,F,1,0.00367037,0.544909,2.2334,1.14719,F
242,1,HappyBirthday,1285,1095,M,1,0.464862,0.231414,10680.3,417.036,F
242,1,HappyBirthday,1027,3650,F,1,0.0715515,2.98724,1.62849,23.0718,F
243,1,HappyBirthday,1141,2555,F,1,0.328778,0.710452,9.81939,123.924,F
244,1,HappyBirthday,1223,1825,M,1,0.00163034,5.88331,3.30384,0.515322,F
244,1,HappyBirthday,229,5475.7,M,1,0.0379773,0.480639,0.167233,12.0342,F
244,1,HappyBirthday,547,20805.3,F,1,0.0014065,0.820851,59.9689,0.563545,F
245,1,HappyBirthday,10,20805.2,M,1,0.0274554,0.892924,186.413,10.9376,F
245,1,HappyBirthday,1342,365,M,1,0.0999823,0.104679,72779.9,647.792,F
245,1,HappyBirthday,180,8395.75,F,1,0.00275099,20.5771,11.0018,0.859374,F
246,1,HappyBirthday,1102,2920,F,1,0.00077037,0.0370483,0.101405,0.239514,F
246,1,HappyBirthday,87,14600.1,M,1,0.115067,0.699791,3531.34,86.6671,F
246,1,HappyBirthday,176,16790.9,M,1,0.000923574,0.530433,14499.9,0.670691,F
246,1,HappyBirthday,421,5110.77,F,1,0.0113531,0.0941762,922.956,14.0558,F
246,1,Births,1375,0,M,0,0,0.680232,0,0,F
246,1,Births,1376,0,M,0,0,0.00094704,0,0,F
247,1,HappyBirthday,197,4015.37,F,1,0.171028,2.32908,2209.68,58.7732,F
247,1,HappyBirthday,290,7665.21,M,1,0.3772,4.09157,13840.9,297.35,F
247,1,HappyBirthday,1255,1460,F,1,0.00322397,0.348367,0.0148501,1.00289,F
247,1,HappyBirthday,1286,1095,M,1,0.0418527,0.181638,62.9663,14.9633,F
247,1,HappyBirthday,888,13870.3,F,1,0.0174349,0.817472,8.67559,5.60831,F
248,1,HappyBirthday,234,4380.39,M,1,0.00460659,5.90925,0.612963,1.43811,F
248,1,HappyBirthday,326,6570.77,F,1,2.83061e-05,0.0271775,2.54953e-05,0.00879786,F
248,1,HappyBirthday,886,28470.9,M,1,0.00196307,5.29892,1.54e-05,0.610895,F
249,1,HappyBirthday,8,10950.9,F,1,0.0697292,0.283867,2.23026,22.5629,F
249,1,HappyBirthday,1224,1825,M,1,0.00523436,0.338053,28575.8,5.0016,F
249,1,HappyBirthday,931,8395.69,M,1,0.00407202,0.404687,2.15013,1.27262,F
249,1,HappyBirthday,828,25185.5,M,1,0.000200976,1.01951,3228.42,0.313684,F
249,1,HappyBirthday,884,4015.69,M,1,0.00266874,0.555931,65.2663,0.835799,F
250,1,HappyBirthday,1029,3650,F,1,0.0132381,0.284641,485.835,4.27359,F
251,1,HappyBirthday,456,6935.39,M,1,0.0127166,0.285788,2.23897,4.02077,F
251,1,HappyBirthday,1287,1095,M,1,0.439742,0.541643,177.108,234.814,F
252,1,HappyBirthday,189,9490.18,M,1,0.00142456,5.08147,157.288,0.469357,F
253,1,HappyBirthday,1103,2920,F,1,0.000536972,1.35415,55.3039,0.182072,F
254,1,HappyBirthday,201,13505.3,F,1,0.0175945,2.92881,194.79,10.213,F
254,1,HappyBirthday,435,5110.91,F,1,0.132051,1.83648,540.512,58.1434,F
254,1,HappyBirthday,442,4015.83,M,1,0.465967,0.015636,4408.51,255.256,F
254,1,HappyBirthday,560,28835.3,F,1,0.0137058,1.15137,5.3e-05,4.28946,F
254,1,HappyBirthday,605,15695.7,F,1,0.00428628,0.230024,7.9928,1.3532,F
255,1,HappyBirthday,745,9490.88,F,1,0.454593,0.380826,25.0771,196.881,F
256,1,HappyBirthday,489,5840.96,F,1,0.345633,0.0445289,416.397,331.53,F
257,1,HappyBirthday,1062,3285,M,1,0.061726,0.15512,1055.56,19.9632,F
257,1,Births,1377,0,F,0,0,0.267833,0,0,F
257,1,Births,1378,0,F,0,0,0.746513,0,0,F
258,1,HappyBirthday,570,5110.07,M,1,9.23812e-05,2.84424,38.2332,0.029027,F
258,1,HappyBirthday,815,12410.2,F,1,0.0117426,0.576092,28.1972,3.73191,F
258,1,HappyBirthday,1064,3285,M,1,0.01781,0.648272,15.1807,6.01336,F
258,1,HappyBirthday,934,13140.9,F,1,0.000948162,2.19709,3.82923,0.298647,F
259,1,HappyBirthday,999,18250.3,F,1,0.358606,38.4745,3085.3,226.442,F
259,1,HappyBirthday,100,8760.69,M,1,0.0384015,6.14175,510.507,12.7546,F
259,1,HappyBirthday,1104,2920,M,1,0.0016111,1.4061,1553.01,0.520167,F
259,1,HappyBirthday,597,14235.8,F,1,0.0140082,1.96685,695.486,14.9586,F
260,1,HappyBirthday,1314,730,F,1,0.57434,0.25715,132.528,312.292,F
260,1,HappyBirthday,1030,3650,F,1,0.00283506,3.88825,42.2586,0.889454,F
260,1,HappyBirthday,776,8760.55,M,1,0.00649854,2.81712,80.9631,2.5694,F
260,1,HappyBirthday,831,25185.7,F,1,0.00105997,0.225812,10186,3.78705,F
262,1,HappyBirthday,1288,1095,M,1,0.753508,0.4834,1.61529,436.164,F
262,1,HappyBirthday,848,16060.9,M,1,0.0148473,0.293809,0.00186,4.64857,F
263,1,HappyBirthday,451,5475.33,F,1,0.00758958,1.92086,40.7463,2.50096,F
264,1,HappyBirthday,460,11680.1,F,1,0.116421,0.0406761,209.773,69.4436,F
264,1,HappyBirthday,533,20440.1,M,1,0.43463,0.354757,389.649,476.112,F
264,1,HappyBirthday,1031,3650,M,1,0.00142971,0.0413848,0.00657566,0.444858,F
264,1,HappyBirthday,967,7665.5,F,1,0.0197101,1.83353,627.017,11.9643,F
265,1,HappyBirthday,390,4380.06,F,1,3.40538e-05,0.727203,0.193518,0.010571,F
265,1,HappyBirthday,395,17520.4,F,1,0.00305787,0.604835,2726.97,3.68614,F
266,1,HappyBirthday,101,13505.4,F,1,0.196838,1.49314,160.18,75.5382,F
266,1,HappyBirthday,400,8760.96,F,1,0.0579888,0.749102,3992.52,61.9847,F
266,1,HappyBirthday,558,6935.64,F,1,0.00308726,0.197747,28.882,1.00892,F
266,1,HappyBirthday,920,14965.1,M,1,3.1011e-06,0.240083,56.55,0.0009684,F
267,1,HappyBirthday,299,16060.1,M,1,0.0099817,0.890597,1388.3,3.18803,F
267,1,HappyBirthday,912,24820.4,F,1,0.0339972,0.552021,2141.47,10.8867,F
268,1,HappyBirthday,150,8395.18,F,1,0.0246067,2.23686,26.6117,8.7802,F
268,1,HappyBirthday,1175,2190,M,1,0.00132816,0.161313,0.163268,0.412971,F
268,1,Births,1379,0,M,0,0,0.200401,0,0,F
269,1,HappyBirthday,966,21170.4,M,1,0.00231158,0.341042,27.1521,0.720011,F
269,1,HappyBirthday,324,23725.9,M,1,0.0063358,0.321399,1654.22,2.02971,F
269,1,HappyBirthday,472,20440,F,1,0.00421683,0.311802,0.179964,1.31346,F
269,1,HappyBirthday,501,6570.37,M,1,0.00890348,1.09474,0.00350228,2.78067,F
269,1,HappyBirthday,621,13505.9,F,1,0.000297096,5.68839,113.611,0.129786,F
270,1,HappyBirthday,262,4745.28,M,1,0.133602,9.09205,184.175,83.6157,F
270,1,HappyBirthday,372,14965.4,M,1,0.308093,0.42995,102.791,124.024,F
270,1,HappyBirthday,502,4380.2,F,1,0.00317578,0.0688141,60.9269,1.05217,F
271,1,HappyBirthday,948,19345.2,F,1,0.538003,1.91783,189.348,309.638,F
271,1,HappyBirthday,1256,1460,F,1,0.0922749,0.402925,892.401,32.7587,F
271,1,Births,1380,0,M,0,0,0.386714,0,0,F
272,1,HappyBirthday,107,14235.2,F,1,0.0422852,0.0655782,4.96462,13.5705,F
272,1,HappyBirthday,584,14965.8,F,1,0.000135404,0.0843771,1721.88,0.319068,F
272,1,HappyBirthday,647,6205.15,M,1,0.0314842,10.9143,0.508416,9.94393,F
272,1,HappyBirthday,1257,1460,F,1,0.00490255,1.15068,29.8951,1.62482,F
273,1,HappyBirthday,17,6205.46,F,1,0.499681,6.04723,416.884,217.959,F
273,1,HappyBirthday,1143,2555,F,1,0.0651933,0.185777,54.5944,22.69,F
273,1,HappyBirthday,832,11680.2,F,1,0.0339243,0.538235,42.2075,12.8681,F
274,1,HappyBirthday,137,10220,M,1,0.0546079,0.117588,466.482,51.985,F
274,1,HappyBirthday,263,10220.7,M,1,0.055062,0.373124,85.8838,18.8041,F
274,1,HappyBirthday,863,17155.6,M,1,0.0102972,0.775007,147.548,3.93819,F
274,1,Births,1381,0,F,0,0,0.0619877,0,0,F
275,1,HappyBirthday,1105,2920,F,1,0.0166468,1.49513,1825.93,16.4049,F
276,1,HappyBirthday,1066,3285,F,1,0.0414913,0.441598,33.7797,13.8668,F
276,1,HappyBirthday,526,9855.5,M,1,0.215965,0.117516,1.28315,75.6293,F
277,1,HappyBirthday,205,8760.3,F,1,0.0145208,15.0255,6.35564,4.54714,F
277,1,HappyBirthday,1106,2920,F,1,0.201586,0.965192,2793.68,75.4009,F
277,1,HappyBirthday,261,26645.8,M,1,0.0748743,0.242497,8.74507,24.2509,F
277,1,HappyBirthday,496,6570.73,F,1,0.686768,0.178969,4692.78,756.641,F
277,1,HappyBirthday,1343,365,M,1,0.0927453,0.0155591,73.4812,41.435,F
277,1,Births,1382,0,F,0,0,0.0415045,0,0,F
278,1,HappyBirthday,917,9490.14,M,1,0.0153826,0.0833442,341.087,5.10761,F
280,1,HappyBirthday,1033,3650,M,1,0.0938877,0.293344,74.3171,32.3898,F
280,1,HappyBirthday,507,9490.97,F,1,0.00242867,0.973698,143.153,0.908124,F
280,1,HappyBirthday,519,29200.2,F,1,0.1383,0.23435,2401.29,101.507,F
280,1,HappyBirthday,868,13870.1,F,1,2.92191e-05,0.431668,574.034,0.0100158,F
281,1,HappyBirthday,21,11680.9,F,1,0.000534381,22.0099,103.395,0.171658,F
281,1,HappyBirthday,1177,2190,F,1,0.0130375,0.666572,1.96424,4.07864,F
281,1,HappyBirthday,617,5110.16,F,1,0.00699933,2.08888,187.911,2.27195,F
281,1,HappyBirthday,633,6570.63,M,1,5.18739e-05,0.155041,41965.5,0.122201,F
281,1,HappyBirthday,869,8030.9,M,1,0.214996,0.293369,1199.66,348.989,F
282,1,HappyBirthday,9,26280.7,F,1,0.13319,0.199389,220.294,80.3783,F
282,1,HappyBirthday,323,10585.5,F,1,0.591087,0.227531,87.5638,321.669,F
282,1,HappyBirthday,543,19710.3,M,1,0.0180411,0.649395,1290.8,23.073,F
282,1,HappyBirthday,817,15695.9,F,1,0.0499258,7.11627,124.684,18.1499,F
283,1,HappyBirthday,177,5840.08,F,1,0.0361498,0.51688,1114.66,29.0332,F
283,1,HappyBirthday,812,4015.5,F,1,0.0290013,1.39409,5.02901,9.30557,F
284,1,HappyBirthday,118,6205.68,M,1,0.0695332,0.37441,658.927,24.6762,F
284,1,HappyBirthday,1227,1825,F,1,0,0.747311,2.45337,0,F
285,1,HappyBirthday,1067,3285,M,1,0.0140586,0.372376,219.987,7.96111,F
285,1,HappyBirthday,955,33580.7,F,1,0.00256752,0.280356,0.0027422,0.799092,F
286,1,HappyBirthday,1258,1460,M,1,0.20768,0.00807229,2573.22,75.2771,F
286,1,HappyBirthday,181,29200.8,M,1,0.00883438,0.145586,63.352,3.1261,F
286,1,HappyBirthday,933,10220.3,M,1,0.00319143,0.389915,231.517,0.993613,F
286,1,HappyBirthday,359,13870.3,M,1,0.00107998,1.58942,0.339734,0.335863,F
287,1,HappyBirthday,1146,2555,M,1,0.0236491,0.182388,815.139,7.812,F
287,1,HappyBirthday,537,5475.53,F,1,0.00350201,36.1686,474.2,1.1424,F
287,1,HappyBirthday,628,13140.4,F,1,0.000875454,3.2555,9.39108,0.275143,F
287,1,HappyBirthday,1259,1460,F,1,0.0431099,0.249539,24.3794,14.2444,F
289,1,HappyBirthday,1034,3650,M,1,0.000815875,0.559986,161.287,0.258863,F
289,1,HappyBirthday,646,5475.51,F,1,0.449795,0.425104,87.0438,235.565,F
289,1,HappyBirthday,1344,365,M,1,0.0143942,2.26879,1037.62,10.9774,F
289,1,HappyBirthday,882,10950.5,M,1,0.000920616,0.721773,26.2064,0.288996,F
290,1,HappyBirthday,42,4015.49,F,1,1.97356e-06,1.46794,3592.52,0.00323328,F
290,1,HappyBirthday,1069,3285,F,1,0.000525656,0.0377058,0.0111603,0.163219,F
291,1,HappyBirthday,242,24820.9,M,1,0.0741467,0.437813,30.5801,26.634,F
291,1,HappyBirthday,1107,2920,F,1,0.115775,0.218177,1.85922,38.2801,F
292,1,HappyBirthday,218,10220.3,M,1,0.0398926,0.599677,0.211361,12.6622,F
292,1,HappyBirthday,306,12045.3,M,1,0.000648173,1.08907,5893.83,1.56781,F
292,1,HappyBirthday,727,6205.61,F,1,3.52872e-05,0.0981803,30.8534,0.0125891,F
292,1,Births,1383,0,F,0,0,0.0306005,0,0,F
293,1,HappyBirthday,847,4380.51,F,1,1.20101e-05,0.150382,10.0996,0.00390631,F
294,1,HappyBirthday,1178,2190,F,1,0.0371012,0.41332,10.9289,11.7513,F
294,1,HappyBirthday,349,5475.18,F,1,0.0108329,1.31727,492.674,5.60998,F
294,1,HappyBirthday,505,11680.6,M,1,0.00100758,4.4158,0.314608,0.313462,F
295,1,HappyBirthday,12,5110.2,M,1,0.000716392,19.8689,3.01528,0.223673,F
295,1,HappyBirthday,536,21900.1,F,1,0.000936149,0.736745,1.88701,0.292062,F
295,1,HappyBirthday,648,5475.68,F,1,0.00493535,0.285158,61.8367,1.94082,F
296,1,HappyBirthday,1345,365,F,1,0.835071,0.0339406,139.54,580.359,F
297,1,HappyBirthday,423,6570.73,M,1,0.000330359,0.232032,2657.28,0.695497,F
297,1,HappyBirthday,525,11315.1,M,1,0.00261913,0.225117,0.00074,0.814973,F
297,1,HappyBirthday,796,9855.95,F,1,0.000654245,0.100743,793.942,0.676291,F
298,1,HappyBirthday,404,13870.4,M,1,0.00309008,5.39621,84.0944,1.1574,F
299,1,HappyBirthday,29,18615.9,M,1,0.0075365,1.55459,198.382,3.81765,F
299,1,HappyBirthday,49,5840.23,F,1,0.00435119,0.448213,60.0372,1.45347,F
299,1,HappyBirthday,65,4380.9,M,1,0.00859161,0.38289,19.1689,2.92734,F
299,1,HappyBirthday,700,16060.3,M,1,0.199524,0.830982,26.4302,69.9959,F
299,1,HappyBirthday,786,19710.1,M,1,3.82945e-06,5.53325,9307.6,0.017438,F
300,1,HappyBirthday,278,22630.7,F,1,0.00107856,0.395853,0.509734,0.335238,F
300,1,HappyBirthday,307,14235.6,M,1,0.00033505,2.09741,877.156,0.479763,F
301,1,HappyBirthday,253,4745.05,M,1,0.00643239,1.44662,175.677,2.62814,F
302,1,HappyBirthday,322,27375.5,F,1,0.909851,0.861162,16.7423,753.132,F
302,1,HappyBirthday,975,27375.9,M,1,0.806844,0.650189,20.0152,521.056,F
302,1,HappyBirthday,994,8760.86,F,1,0.0136161,20.056,67.9887,4.26134,F
303,1,HappyBirthday,731,16425.4,F,1,0.0637365,3.0563,42.7807,21.8925,F
304,1,HappyBirthday,466,8760.78,M,1,0.666176,20.3206,135.962,400.153,F
304,1,HappyBirthday,1070,3285,M,1,0.0037461,0.299364,155.478,1.42604,F
304,1,HappyBirthday,940,9490.57,M,1,0.0012501,0.316611,0.526962,0.388922,F
305,1,HappyBirthday,195,12775.2,M,1,0.0849148,0.355485,82.436,28.2653,F
305,1,HappyBirthday,376,17155.8,F,1,0.00162567,18.8166,4493.03,2.11392,F
305,1,HappyBirthday,885,23725.2,M,1,0.000305681,1.08353,2457.44,0.425492,F
305,1,Births,1384,0,M,0,0,0.0988775,0,0,F
307,1,HappyBirthday,282,7665.13,M,1,3.52733e-05,0.733655,50009.8,0.0597232,F
307,1,HappyBirthday,433,18615.2,M,1,0.000671557,0.187611,0.0061496,0.208895,F
307,1,HappyBirthday,598,13505.6,M,1,0.00467801,0.262616,14.9057,1.49455,F
307,1,HappyBirthday,714,5475.11,F,1,0.025425,5.67193,871.178,17.4155,F
308,1,HappyBirthday,1071,3285,F,1,0.0623335,0.490287,36.6253,23.2539,F
308,1,HappyBirthday,397,26645.2,F,1,0.00235523,0.18643,5020.04,4.50717,F
308,1,HappyBirthday,411,7665.14,F,1,0.00395469,0.353714,44.293,1.24715,F
309,1,HappyBirthday,142,17520.6,M,1,6.51247e-05,1.34375,24946.6,0.39983,F
309,1,HappyBirthday,1228,1825,M,1,0.0513284,0.869412,1471.68,51.8706,F
309,1,Births,1385,0,F,0,0,0.317726,0,0,F
309,1,Births,1386,0,F,0,0,0.00738817,0,0,F
310,1,HappyBirthday,1108,2920,M,1,0.00185081,0.114513,3.85504,0.578048,F
310,1,HappyBirthday,1315,730,M,1,0.0153103,3.27079,18469.7,6.4283,F
310,1,HappyBirthday,554,4015.65,M,1,0.0248058,0.559301,39.7526,8.10826,F
311,1,HappyBirthday,13,5110.37,M,1,0.31424,0.344594,4021.55,140.706,F
311,1,HappyBirthday,1109,2920,F,1,0.00335226,0.104915,333.68,1.50025,F
311,1,HappyBirthday,1035,3650,M,1,0.108738,21.9388,25.0336,35.9295,F
311,1,HappyBirthday,965,4380.78,F,1,0.0221196,1.33156,15.5657,7.10987,F
311,1,HappyBirthday,1148,2555,F,1,0.0348911,0.605606,171.425,15.6624,F
311,1,HappyBirthday,960,29200.6,F,1,0,1.20503,797.264,0,F
311,1,HappyBirthday,1036,3650,M,1,0.000881385,0.526149,21.5306,0.284352,F
311,1,HappyBirthday,1289,1095,F,1,0.0246135,0.217814,3301.16,34.6782,F
312,1,HappyBirthday,1149,2555,M,1,9.64326e-05,0.0700569,2047.69,0.208154,F
312,1,HappyBirthday,1037,3650,M,1,0.267361,4.44031,0.2337,96.6809,F
312,1,HappyBirthday,344,9490.54,M,1,0.000322801,2.42002,1.61475,0.101223,F
313,1,HappyBirthday,483,19710.1,F,1,0.0463035,0.316691,2.30517,14.7674,F
313,1,HappyBirthday,1038,3650,F,1,0.000543153,0.267157,59.0692,0.184767,F
314,1,HappyBirthday,300,4380.01,F,1,0.595688,1.03621,1.11592,281.685,F
314,1,HappyBirthday,1110,2920,F,1,0.0280216,0.118945,1606.54,13.1774,F
315,1,HappyBirthday,1150,2555,M,1,0.00213887,0.0464558,7.24599,0.672166,F
316,1,HappyBirthday,383,19345.3,M,1,0.0112453,1.53386,5576.69,4.52132,F
316,1,HappyBirthday,488,5840.28,F,1,0.000372002,0.288587,0.0355426,0.115592,F
316,1,HappyBirthday,846,11315.9,M,1,0.000115321,0.171867,3959.72,0.0837894,F
316,1,Births,1387,0,M,0,0,0.0211099,0,0,F
317,1,HappyBirthday,184,14235.3,M,1,0.000448855,0.986672,2601.98,0.687768,F
317,1,HappyBirthday,379,10585.9,F,1,0,2.77036,10.0787,0,F
317,1,HappyBirthday,736,4015.93,M,1,0.00406067,1.78765,117.61,1.29237,F
318,1,HappyBirthday,406,18615.9,F,1,0.0272401,1.98699,347.279,8.63787,F
318,1,HappyBirthday,1261,1460,M,1,0.0432469,0.333488,72.7133,15.2836,F
319,1,HappyBirthday,1230,1825,M,1,0.00268217,0.188143,71.5316,0.970898,F
319,1,HappyBirthday,202,4015.37,F,1,0.0105326,3.05993,133.175,3.47927,F
319,1,HappyBirthday,1111,2920,F,1,0.00409202,0.0259649,20.5674,1.39167,F
319,1,HappyBirthday,384,26280.3,F,1,4.55581e-06,0.20693,8994.3,0.0309844,F
319,1,HappyBirthday,413,17520.2,M,1,0.00650868,2.89863,925.215,2.21877,F
319,1,HappyBirthday,1316,730,F,1,0.582954,0.366087,5758.69,374.466,F
319,1,HappyBirthday,1290,1095,M,1,0.214257,0.0675647,2176.92,88.0937,F
319,1,HappyBirthday,1346,365,F,1,0.000226384,0.0547572,157568,2.15763,F
320,1,HappyBirthday,128,21170.3,M,1,0.12475,6.50687,0.94752,41.4482,F
320,1,HappyBirthday,562,7665.9,M,1,0.0395228,40.9663,426.838,13.9332,F
321,1,HappyBirthday,315,9855.6,F,1,0.0348468,0.612695,4895.08,149.516,F
321,1,HappyBirthday,1179,2190,F,1,0.00470295,0.357782,2519.54,5.37982,F
322,1,HappyBirthday,85,5840.77,F,1,6.59016e-05,12.3494,35147.7,0.509057,F
322,1,HappyBirthday,1180,2190,F,1,0.342296,0.138745,389.647,149.704,F
322,1,HappyBirthday,1113,2920,F,1,0.00189657,0.149349,3452.67,2.66536,F
322,1,HappyBirthday,542,24455.8,M,1,0.00025318,0.330329,78.9675,0.0884918,F
322,1,HappyBirthday,1112,2920,F,1,0.0935869,0.750133,253.411,41.6585,F
322,1,HappyBirthday,893,13870,M,1,0.00553045,0.117516,0.289868,1.72315,F
323,1,HappyBirthday,476,12410.1,M,1,0.0178443,0.308451,23.0426,6.12942,F
323,1,HappyBirthday,521,26280.3,F,1,0.0513391,0.266611,1.13901,16.4707,F
324,1,HappyBirthday,336,11680.4,F,1,0.21413,0.415786,20.4658,76.5584,F
324,1,HappyBirthday,1347,365,F,1,0.125703,0.145402,303.231,63.1781,F
324,1,Births,1388,0,F,0,0,0.00042562,0,0,F
325,1,HappyBirthday,1231,1825,F,1,0.0467805,0.418178,27467,45.3314,F
325,1,HappyBirthday,679,4745.81,F,1,0,2.8416,0,0,F
325,1,HappyBirthday,757,12775.7,M,1,0.389313,1.51656,865.73,153.645,F
326,1,HappyBirthday,1114,2920,M,1,5.28188e-05,0.117051,4425.13,0.258093,F
326,1,HappyBirthday,516,10220.3,M,1,0.00612113,1.36417,302.982,4.34381,F
326,1,HappyBirthday,599,8395.44,F,1,0.00688877,0.196071,71.7907,2.15747,F
326,1,HappyBirthday,626,5840.89,F,1,0.0395167,1.55624,4.51464,12.6026,F
328,1,HappyBirthday,108,8760.38,M,1,0.00900508,1.85164,0.007771,2.81144,F
328,1,Births,1389,0,M,0,0,0.0292588,0,0,F
329,1,HappyBirthday,114,34310.3,M,1,0.0818773,0.240526,0.225733,26.5517,F
329,1,HappyBirthday,448,12410.4,M,1,0.0012417,0.136758,100.111,0.396036,F
329,1,HappyBirthday,1348,365,M,1,0.0102312,2.0165,119.021,3.68785,F
330,1,HappyBirthday,987,15695,M,1,0.0124189,1.14926,0.0577666,3.88447,F
330,1,HappyBirthday,138,4380.39,F,1,0.00455055,2.27407,3978.21,17.2973,F
330,1,HappyBirthday,279,12775.2,M,1,0.00113911,0.592824,54018,5.41581,F
330,1,HappyBirthday,297,13505.9,F,1,0.0064724,19.8717,55137.9,11.1733,F
330,1,HappyBirthday,753,6570.35,F,1,0.000135272,1.80085,176.66,0.0720222,F
330,1,HappyBirthday,1232,1825,F,1,0.021526,0.24411,9317.47,8.42365,F
331,1,HappyBirthday,121,10220.8,M,1,0.00757108,0.162772,531.132,2.36467,F
331,1,HappyBirthday,212,4745.56,M,1,1.12135e-06,1.91234,39539.1,0.00916189,F
331,1,HappyBirthday,659,4015.56,M,1,0.7847,0.27286,238.456,503.841,F
331,1,HappyBirthday,873,20440.3,F,1,0.0307373,2.38153,17.288,10.0612,F
332,1,HappyBirthday,1072,3285,F,1,0.00614445,0.162853,27.5125,1.93739,F
332,1,HappyBirthday,781,4745.44,F,1,0.105462,0.274759,236.116,36.6124,F
334,1,HappyBirthday,23,15695.8,M,1,0.00454253,0.355557,125.855,1.49725,F
334,1,HappyBirthday,695,29565.2,F,1,0.0631996,0.260972,71.3049,20.8363,F
335,1,HappyBirthday,16,10220.9,F,1,0.000549549,1.11744,13.4679,0.178058,F
335,1,HappyBirthday,283,14600.2,M,1,0.341374,0.842199,12.0178,129.82,F
335,1,HappyBirthday,401,17885.1,F,1,0.0361322,3.83051,18.8523,12.2993,F
335,1,HappyBirthday,1151,2555,M,1,0.00286081,0.440147,0.0352712,0.890276,F
336,1,HappyBirthday,492,20805.2,M,1,0.000876489,0.28457,1.07199,0.273582,F
336,1,HappyBirthday,752,4745.22,F,1,0.00387276,2.51176,2986.45,4.66666,F
337,1,HappyBirthday,996,26280,M,1,0,0.707707,0.051842,0,F
337,1,HappyBirthday,1317,730,F,1,0.16735,0.0744021,56936.8,1371.86,F
338,1,HappyBirthday,932,9125.48,M,1,0.00106785,0.0254473,10371.7,7.80527,F
338,1,HappyBirthday,508,15695,M,1,0.0629601,0.1121,9.04986,20.9565,F
338,1,HappyBirthday,515,9490.84,M,1,0.0257107,2.03786,2646.37,13.8608,F
338,1,HappyBirthday,590,7665.72,F,1,0.0737111,8.5352,45.6945,23.8256,F
338,1,HappyBirthday,1181,2190,M,1,0.0549081,0.116056,2858.03,75.0087,F
339,1,HappyBirthday,1073,3285,M,1,0.396514,2.7608,4565.53,292.144,F
341,1,HappyBirthday,838,9855.23,M,1,0.158027,0.462304,22.6586,54.9178,F
343,1,HappyBirthday,1152,2555,M,1,0.117637,0.678309,2.82938,38.9968,F
344,1,HappyBirthday,27,14600.4,F,1,8.82843e-07,0.431579,4.10099,0.0002806,F
344,1,HappyBirthday,267,4380.06,F,1,0.000409022,0.0567837,0.884486,0.127407,F
345,1,HappyBirthday,1183,2190,M,1,0.00459674,0.769904,10.1957,1.4576,F
346,1,HappyBirthday,295,14965.2,F,1,0.0256749,0.234121,19.3277,8.32489,F
346,1,HappyBirthday,458,4015.06,M,1,0.091749,8.97524,1.01286,29.9193,F
347,1,HappyBirthday,748,13140.7,F,1,0.00170103,0.215157,0.002797,0.529084,F
348,1,HappyBirthday,465,5840.77,F,1,2.11918e-06,1.61191,16025.7,0.0169925,F
349,1,Births,1390,0,F,0,0,0.0897725,0,0,F
349,1,Births,1391,0,F,0,0,0.00226607,0,0,F
351,1,HappyBirthday,80,4745.48,F,1,0.0040661,1.05922,71.2855,1.31297,F
351,1,HappyBirthday,1076,3285,F,1,2.00597e-05,0.0418459,14603.5,0.0925973,F
351,1,Births,1392,0,F,0,0,0.247331,0,0,F
352,1,HappyBirthday,1291,1095,F,1,0.0289883,0.080752,0.0135339,9.14338,F
352,1,HappyBirthday,1077,3285,M,1,0.0182361,5.78332,11.2334,5.77417,F
352,1,HappyBirthday,823,12410.7,F,1,0.134762,1.52571,111.768,45.4609,F
353,1,HappyBirthday,422,4380.63,F,1,0.00721993,0.907713,4957.47,13.7518,F
353,1,HappyBirthday,911,23725.4,F,1,0.00894465,1.10819,0.019993,2.7926,F
354,1,HappyBirthday,557,5840.79,F,1,0.00133165,1.78501,135.673,0.499407,F
354,1,HappyBirthday,561,4745,F,1,0.000346902,1.20787,39581.4,0.808501,F
354,1,HappyBirthday,664,29930.6,F,1,0.00094411,0.728503,1.797,0.295725,F
354,1,HappyBirthday,998,35040.5,F,1,0.000876848,1.69447,0.0045822,0.272771,F
355,1,HappyBirthday,392,14235.4,M,1,0.00564169,0.0477438,364.202,2.7559,F
355,1,HappyBirthday,1263,1460,F,1,0.0257482,3.02097,0.895146,8.14008,F
355,1,HappyBirthday,595,12410.4,F,1,0.00487862,0.508081,0.384652,1.51964,F
355,1,HappyBirthday,1292,1095,F,1,0.37287,0.189674,541.424,370.391,F
355,1,HappyBirthday,804,8395.5,F,1,0.319158,0.294248,0.234815,119.493,F
356,1,HappyBirthday,66,14235,M,1,0.0539201,3.30045,7.3191,17.3998,F
356,1,HappyBirthday,348,15330.3,F,1,0.00102572,4.55051,8235.07,1.18765,F
356,1,HappyBirthday,682,12045.6,M,1,0.0238092,5.11804,791.301,9.48895,F
356,1,HappyBirthday,711,5110.39,F,1,0.000274915,0.126104,0.0306366,0.0853,F
357,1,HappyBirthday,1233,1825,M,1,0.00251576,2.12538,22.5692,0.80638,F
357,1,HappyBirthday,891,10585.7,F,1,0.000120748,0.401631,369.797,0.0406782,F
358,1,HappyBirthday,7,11680,F,1,0.00018456,2.66201,28.078,0.0606302,F
358,1,HappyBirthday,239,8760.72,F,1,0.000418668,0.353228,923.331,0.145867,F
358,1,HappyBirthday,687,4745.94,F,1,0.0580183,0.371457,0.242383,18.5795,F
358,1,HappyBirthday,741,29930,F,1,1.08096e-06,0.801153,0.054969,0.00034,F
359,1,HappyBirthday,131,6935.65,F,1,0.35647,0.220775,52.5872,141.237,F
359,1,HappyBirthday,1115,2920,F,1,0.0635401,0.268907,42.7245,21.832,F
359,1,HappyBirthday,1078,3285,F,1,0.00185624,1.22222,6.07105,0.58364,F
359,1,Births,1393,0,M,0,0,0.00219127,0,0,F
360,1,HappyBirthday,78,5110.33,F,1,0.0657105,1.28912,85.0491,26.3901,F
361,1,HappyBirthday,1186,2190,F,0,0,0.0225004,0,0,F
361,1,HappyBirthday,813,7665.23,M,1,0.0770345,0.0933882,0.015252,24.9139,F
362,1,HappyBirthday,1079,3285,M,1,0.117578,0.415282,155.315,47.9195,F
362,1,HappyBirthday,887,6205.8,F,1,0.00241636,0.673656,190.217,0.769841,F
362,1,HappyBirthday,1349,365,F,1,0.00269761,0.139842,40.0598,0.87232,F
362,1,HappyBirthday,1350,365,F,1,0.0535497,0.0248323,61.7458,22.133,F
363,1,HappyBirthday,32,6205.5,M,1,0.001043,0.380025,27.7871,0.339831,F
363,1,HappyBirthday,629,6570.32,F,1,0.120322,0.303917,0.462041,39.885,F
365,1,HappyBirthday,11,5840.92,M,1,6.11185e-07,0.319224,2.43905e-07,0.000189271,F
365,1,HappyBirthday,1041,3650,F,1,0.132456,0.852534,0.471015,44.172,F
365,1,HappyBirthday,325,15695.3,M,1,0.00232274,1.75079,0.0532358,0.722778,F
365,1,HappyBirthday,985,10950,M,1,6.8777e-05,3.99208,7.95435,0.0221214,F
365,1,HappyBirthday,849,6570.92,F,1,0.123104,0.448501,0.34956,40.8275,F
365,1,HappyBirthday,1319,730,M,1,0.043519,0.0549845,29514.8,141.84,F
366,1,HappyBirthday,437,20805.5,M,1,0.00227168,2.09055,0.125151,0.706572,F
366,1,HappyBirthday,499,8395.35,M,1,0.000585117,9.46311,69.6694,0.200548,F
366,1,Births,1394,0,F,0,0,0.0358728,0,0,F
367,1,HappyBirthday,51,5110.45,F,1,0.0161912,2.18073,65.0588,5.63137,F
367,1,HappyBirthday,1235,1825,M,1,0.00483709,0.0900874,0.337486,1.50721,F
367,1,HappyBirthday,453,14235.9,M,1,0.00298455,10.6249,15674.2,7.19833,F
367,1,HappyBirthday,1154,2555,M,1,0.227993,1.37422,172.477,86.0787,F
367,1,HappyBirthday,898,8760.72,M,1,0.0185546,1.25626,2672.23,8.00624,F
368,1,HappyBirthday,601,15695.5,F,1,0.177338,6.49061,3368.59,262.668,F
369,1,HappyBirthday,1116,2920,M,1,0.000370792,2.46285,439.65,0.295488,F
370,1,HappyBirthday,585,22995.6,M,1,0.0194274,0.568035,13.1362,6.09602,F
371,1,HappyBirthday,565,13140.8,M,1,0.00263086,1.22367,8.80484,0.818762,F
371,1,HappyBirthday,613,5110.49,M,1,0.00392722,29.4225,11.4999,1.2238,F
372,1,HappyBirthday,371,10585.2,M,1,0.0486935,0.0443397,24.5942,15.8447,F
373,1,HappyBirthday,178,10220,M,1,0.0292998,1.0708,1088.26,10.6802,F
373,1,HappyBirthday,1320,730,F,1,0.378429,0.672874,925.425,595.211,F
373,1,HappyBirthday,771,6935.43,M,1,0.00570858,1.52501,87.7162,1.78973,F
373,1,HappyBirthday,1351,365,F,1,0.000121741,0.859811,209417,1.25141,F
374,1,HappyBirthday,546,7665.69,F,1,0.00643258,5.0443,1.19592,2.01084,F
375,1,HappyBirthday,1042,3650,F,1,0.000470051,0.810364,24.3321,0.162031,F
376,1,HappyBirthday,377,10950.6,M,1,0.000143714,3.20113,33.4872,0.051839,F
377,1,HappyBirthday,434,22995.6,F,1,0.0786317,4.40668,12.5194,26.7109,F
377,1,HappyBirthday,596,12410.6,F,1,0.0648565,0.149872,1.06525,20.8391,F
377,1,HappyBirthday,872,12775.1,M,1,6.68228e-05,0.220553,75540.7,0.226701,F
377,1,HappyBirthday,881,5840.37,M,1,0.000344719,4.33228,117070,2.54663,F
377,1,HappyBirthday,1352,365,M,1,0.0800413,0.0417374,292.719,31.7945,F
378,1,HappyBirthday,287,4745.24,F,1,0.113166,0.963296,2256.16,39.5992,F
378,1,HappyBirthday,1189,2190,F,1,0,0.529103,21.6335,0,F
378,1,HappyBirthday,1264,1460,M,1,0.00523444,0.170072,17855.2,5.40242,F
379,1,HappyBirthday,1156,2555,M,1,0.0112304,1.58074,3068.31,12.8759,F
379,1,HappyBirthday,449,5475.63,F,1,0.0207113,0.850808,3723.85,12.3932,F
379,1,Births,1395,0,M,0,0,0.234105,0,0,F
380,1,HappyBirthday,1353,365,F,1,0.00265917,0.130515,15723.5,13.7041,F
380,1,HappyBirthday,586,20440.2,F,1,0.0347793,0.221211,0.269755,11.0059,F
380,1,HappyBirthday,819,14600,F,1,0.00363077,51.293,3.93208,1.14434,F
381,1,HappyBirthday,928,4745.58,M,1,0.0325793,0.798073,83.8023,10.3718,F
381,1,HappyBirthday,81,8030.73,M,1,0.000153945,0.482403,956.172,0.164821,F
382,1,HappyBirthday,464,9490.8,M,1,0.0111056,0.615418,785.214,7.07236,F
382,1,HappyBirthday,1265,1460,M,1,0.174883,0.0414729,155.708,75.2362,F
382,1,HappyBirthday,806,29565.9,M,1,0.325287,3.57311,47.1466,133.625,F
382,1,HappyBirthday,809,10220.9,M,1,0.0184104,0.547604,57.388,6.29922,F
383,1,HappyBirthday,216,17885.8,F,1,0.0184602,3.76133,45.1895,6.99505,F
383,1,HappyBirthday,666,20805.6,F,1,0.00129009,0.845877,1172.44,0.80741,F
383,1,HappyBirthday,1117,2920,F,1,0.00375114,0.788653,3.08158,1.16893,F
383,1,HappyBirthday,927,5110.69,F,1,0.285642,1.36167,14.0536,107.195,F
383,1,HappyBirthday,825,9125.23,F,1,0,0.201336,0.0035274,0,F
384,1,HappyBirthday,122,18615.1,M,1,0.00886129,0.3827,0.131345,2.76646,F
384,1,HappyBirthday,616,17520.2,M,1,0.0383303,2.62631,109.924,15.9516,F
384,1,HappyBirthday,1354,365,M,1,0.00430738,0.818341,48.6193,1.43799,F
384,1,HappyBirthday,785,10585,M,1,0.391183,0.358695,1.80751,154.413,F
386,1,HappyBirthday,625,6570.98,F,1,0.864681,3.62002,59.7423,632.093,F
386,1,HappyBirthday,1190,2190,F,1,0.264279,0.293594,10885,972.865,F
387,1,HappyBirthday,1043,3650,M,1,0.0119422,0.112304,0.749609,3.73751,F
387,1,HappyBirthday,1002,4015,M,1,0.00130935,0.228977,2825.32,2.49318,F
387,1,HappyBirthday,509,9490.95,M,1,0.016947,1.68677,1001.77,10.9577,F
387,1,HappyBirthday,619,5110.97,M,1,0,0.32007,89.7397,0,F
387,1,HappyBirthday,710,4745.96,M,1,4.32829e-07,0.308435,965.969,0.000629786,F
387,1,HappyBirthday,821,6570.9,F,1,1.32198e-06,1.87579,6.24546,0.000412533,F
388,1,HappyBirthday,573,15695.1,M,1,3.3244e-06,1.09043,2483.9,0.0046336,F
389,1,HappyBirthday,55,12410.2,M,1,0.00966252,4.28632,190.016,5.64612,F
389,1,HappyBirthday,1236,1825,F,1,0.238726,0.160144,1505.52,516.936,F
390,1,HappyBirthday,1003,4015,M,1,0.0039498,0.519413,94.3822,1.63545,F
390,1,HappyBirthday,426,15330.5,F,1,0.0125778,1.58321,4411.32,25.062,F
390,1,HappyBirthday,642,9855.28,M,1,3.81288e-06,5.48547,118.728,0.0016922,F
391,1,HappyBirthday,1321,730,F,1,0.161247,0.393284,289.1,81.8539,F
391,1,HappyBirthday,1004,4015,M,1,0.0115994,11.8763,233.277,3.84899,F
391,1,HappyBirthday,548,12045.6,F,1,0.0603777,1.10175,0.714513,19.3745,F
392,1,HappyBirthday,1044,3650,M,1,0.00109537,1.07111,8712.86,0.510001,F
392,1,HappyBirthday,53,29565.5,M,1,0.00793431,0.478884,3.43475,2.48181,F
392,1,HappyBirthday,1237,1825,M,1,0.0534542,0.361612,0.421117,17.0961,F
392,1,HappyBirthday,950,5475.25,M,1,0.00577826,0.101482,5559.74,6.98402,F
393,1,HappyBirthday,1266,1460,F,1,0.00347722,0.405348,44.9605,1.16074,F
393,1,HappyBirthday,1294,1095,F,1,0.576513,0.0743496,169.151,285.901,F
394,1,HappyBirthday,486,14600,F,1,0.42502,0.777209,1588.08,543.66,F
394,1,HappyBirthday,778,10220.4,M,1,0.0648891,0.990994,31.3049,24.1165,F
395,1,HappyBirthday,1005,4015,M,1,0.0318474,0.206571,432.171,14.657,F
395,1,HappyBirthday,673,5110.29,F,1,0.00205616,1.33025,9.33513,0.641376,F
395,1,HappyBirthday,1295,1095,M,1,0.0256992,4.39406,42.4384,9.44016,F
395,1,HappyBirthday,788,9855.95,M,1,0.000555012,0.0585304,1.96713,0.174189,F
395,1,HappyBirthday,844,8760.31,M,1,0.000616333,43.3888,2.5094,0.192255,F
395,1,Births,1396,0,M,0,0,0.0424454,0,0,F
396,1,HappyBirthday,495,20805.9,M,1,0.00111023,1.0424,214.788,0.645665,F
397,1,HappyBirthday,61,10950.4,M,1,0.0170642,4.79043,13.9769,5.50413,F
397,1,HappyBirthday,1157,2555,M,1,0.00337189,0.185316,1337.91,5.82062,F
398,1,HappyBirthday,1355,365,M,1,0.0168611,2.21066,62.5704,6.64686,F
398,1,HappyBirthday,259,8030.19,M,1,0.00966342,0.0875906,1.19164,3.02015,F
398,1,HappyBirthday,416,7665.49,M,1,0.0141842,0.76863,510.024,12.6436,F
398,1,HappyBirthday,1192,2190,F,1,0.104919,0.239327,0.377128,34.5038,F
398,1,Births,1397,0,F,0,0,0.719429,0,0,F
399,1,HappyBirthday,1158,2555,F,1,0.00786131,20.6047,163.499,3.0601,F
399,1,HappyBirthday,654,5110.64,M,1,0.0146143,1.66638,5108.03,32.4941,F
399,1,HappyBirthday,762,19710.8,F,1,0.614302,20.623,901.772,727.593,F
399,1,HappyBirthday,1081,3285,M,1,0.216868,0.0678402,311.217,77.1698,F
400,1,HappyBirthday,134,18615.8,M,1,0.000771957,0.363436,1.13626,0.240922,F
401,1,HappyBirthday,749,4745.74,M,1,0.00314649,0.640393,26.4253,0.984556,F
402,1,HappyBirthday,105,8395.89,F,1,0.00398514,4.2097,158.892,1.55694,F
402,1,HappyBirthday,335,5840.22,M,1,0.146836,0.264362,91.4685,54.6272,F
402,1,HappyBirthday,1267,1460,F,1,0.00823812,0.0130758,482.785,2.72998,F
403,1,HappyBirthday,374,14235.6,F,1,0.00012078,0.281854,48.3392,0.0401848,F
403,1,HappyBirthday,751,9125.6,F,1,0.59095,6.02291,66.684,295.893,F
404,1,HappyBirthday,670,18615.4,M,1,0.00213518,2.34045,60.5828,0.730662,F
405,1,HappyBirthday,1356,365,M,1,0.442606,0.256541,26108.7,1133.94,F
405,1,HappyBirthday,1082,3285,F,1,0.138647,0.414962,0.0240364,46.3855,F
405,1,HappyBirthday,1268,1460,F,1,0.0669222,0.734426,626.96,25.6059,F
405,1,Births,1398,0,M,0,0,0.485594,0,0,F
406,1,HappyBirthday,252,9125.4,M,1,0.000554512,0.69802,0.608801,0.172537,F
406,1,HappyBirthday,350,29930.8,F,1,0.0202937,0.802386,152.958,10.7319,F
406,1,HappyBirthday,485,14965.9,M,1,0.0022801,0.380903,3857.53,3.59395,F
406,1,HappyBirthday,1322,730,F,1,0.686735,9.94882,210.607,454.505,F
407,1,HappyBirthday,1193,2190,M,1,0.00539937,3.42059,5.58191,1.68297,F
408,1,HappyBirthday,1357,365,M,1,0.11331,0.0572092,35.3109,43.4622,F
409,1,HappyBirthday,1323,730,F,1,0.044287,0.519056,31.6463,15.2474,F
411,1,HappyBirthday,1006,4015,M,1,0.335392,0.34033,24.5657,130.564,F
411,1,Births,1399,0,M,0,0,0.678666,0,0,F
412,1,HappyBirthday,1084,3285,M,1,0.0936772,2.51397,0.0343953,30.567,F
412,1,HappyBirthday,632,14965.3,F,1,0.0202188,0.399045,1680.45,22.0484,F
412,1,HappyBirthday,715,8395.49,F,1,8.73782e-06,7.18937,46243.3,0.0223388,F
412,1,HappyBirthday,1159,2555,M,1,0.000817039,0.132708,5424.5,0.65278,F
412,1,Births,1400,0,M,0,0,0.128034,0,0,F
413,1,HappyBirthday,1238,1825,M,1,0.671441,0.152119,34093.1,1813.89,F
414,1,HappyBirthday,98,14235.6,M,1,0.00204828,0.412946,23.5442,0.639028,F
414,1,HappyBirthday,1007,4015,F,1,0.0878033,8.0075,12.3706,30.2257,F
414,1,HappyBirthday,822,10220.7,F,1,0.00141141,3.5761,0.171496,0.438993,F
414,1,Births,1401,0,F,0,0,0.00360987,0,0,F
416,1,HappyBirthday,154,12045.8,M,1,0.0223174,1.17369,40.6306,7.36529,F
417,1,HappyBirthday,63,23725.8,M,0,0,0.075766,0,0,F
417,1,HappyBirthday,249,5840.03,M,1,0.000611272,0.484836,0.0688449,0.190208,F
417,1,HappyBirthday,1269,1460,M,1,0.139512,0.176612,508.058,87.0007,F
417,1,HappyBirthday,843,14600.6,F,1,0.000159518,0.338327,132.724,0.0761338,F
418,1,HappyBirthday,808,4380.44,M,1,0.00833145,1.27336,170.308,2.99847,F
419,1,HappyBirthday,1195,2190,M,1,0.015073,1.70761,18189,9.03664,F
420,1,HappyBirthday,1196,2190,M,1,0.186518,1.42444,4376.28,74.7862,F
420,1,HappyBirthday,857,11315.8,F,1,0.26185,0.138449,1116,235.011,F
421,1,HappyBirthday,163,9855.15,F,1,0.00105087,5.53469,8802.74,6.35229,F
421,1,HappyBirthday,1324,730,F,1,0.000257349,0.0280418,52366.4,0.319247,F
421,1,HappyBirthday,450,11315.1,F,1,0.000304611,1.06965,2.59677,0.0946742,F
422,1,HappyBirthday,803,13870.9,F,1,0.00126357,1.27618,22.73,0.436841,F
423,1,HappyBirthday,1120,2920,F,1,0.155024,0.163339,4.61981,52.7089,F
424,1,HappyBirthday,980,23725.6,M,1,5.02989e-06,0.0390586,4.26221,0.0015992,F
424,1,HappyBirthday,1160,2555,F,1,0.000446546,0.0267028,0.0289281,0.138875,F
424,1,HappyBirthday,1270,1460,M,1,0.000732727,0.184731,86.8331,0.263928,F
424,1,HappyBirthday,604,12775.2,M,1,0.00465836,3.08119,74.5061,1.77523,F
425,1,HappyBirthday,241,8395.9,M,1,0.00370369,0.166551,0.504998,1.15357,F
425,1,HappyBirthday,368,8030.08,F,1,0.166942,0.601862,352.124,61.5321,F
425,1,Births,1402,0,F,0,0,2.87958,0,0,F
427,1,HappyBirthday,729,4745.49,M,1,0.00998131,1.4359,1161.41,3.12455,F
427,1,HappyBirthday,775,7665.49,M,1,0.0519419,2.20813,48.5178,17.3014,F
428,1,HappyBirthday,217,29565.7,F,1,0.013404,9.95254,0.796795,4.19372,F
428,1,HappyBirthday,288,11680.2,M,1,0.0824951,0.770387,10.1717,27.2192,F
428,1,HappyBirthday,668,7300.68,M,1,0.009256,0.407999,233.724,3.01972,F
428,1,HappyBirthday,1325,730,M,1,0.000935895,1.09434,68511.8,7.21549,F
428,1,Births,1403,0,F,0,0,0.0568396,0,0,F
428,1,Births,1404,0,M,0,0,3.00729,0,0,F
429,1,HappyBirthday,159,10950.6,F,1,0.0864685,1.34574,0.40481,28.1267,F
429,1,HappyBirthday,230,29565,M,1,0.000588931,0.939963,878.01,0.763009,F
429,1,HappyBirthday,772,8395.07,M,1,0.00988452,1.82012,18.7289,3.3723,F
429,1,HappyBirthday,830,24820.6,F,1,0.0305341,0.237385,340.567,14.6361,F
430,1,HappyBirthday,232,11680.4,F,1,3.34124e-05,6.37048,1698.97,0.0444266,F
430,1,HappyBirthday,1199,2190,M,1,0.146876,0.338587,4.23354,49.9999,F
430,1,HappyBirthday,874,13140.9,M,1,0,0.0123099,1.29995,0,F
431,1,HappyBirthday,45,11680.7,F,1,0.031692,0.455641,4719.6,10.0401,F
431,1,HappyBirthday,57,5110.97,F,1,0.000757288,0.420768,600.335,0.305139,F
431,1,HappyBirthday,93,6935.85,F,1,0.00284552,6.63541,0.048117,0.88575,F
431,1,HappyBirthday,445,5110.18,F,1,0.641704,3.17286,6.02285,321.14,F
431,1,HappyBirthday,534,27010.6,M,1,0.66987,2.45464,2.5882,344.536,F
431,1,HappyBirthday,579,18250.9,F,1,0.0463102,0.4109,2.52096,14.7363,F
432,1,HappyBirthday,1271,1460,F,1,0.0191489,0.270046,3326.4,6.0102,F
432,1,HappyBirthday,1047,3650,M,1,0.0566651,1.56053,0.608215,18.1638,F
432,1,HappyBirthday,1239,1825,F,1,0.0172921,0.031497,615.959,10.2743,F
432,1,HappyBirthday,761,18250.1,M,1,0.0856817,3.15808,29.119,31.196,F
434,1,HappyBirthday,531,24090.3,F,1,0.00159848,0.260009,24074.4,1.12823,F
434,1,HappyBirthday,910,8395.56,M,1,0.00404394,0.407212,0.20104,1.26029,F
435,1,HappyBirthday,1009,4015,M,1,0.0229228,1.2795,254.864,8.24973,F
436,1,HappyBirthday,256,5110.01,M,0,0,0.0290776,0,0,F
436,1,HappyBirthday,1272,1460,F,1,0.0684458,3.19747,73.5974,24.077,F
436,1,HappyBirthday,926,22265.4,M,1,4.09307e-05,0.405914,7.8e-05,0.012681,F
437,1,HappyBirthday,19,4380.06,F,1,0.32691,3.37958,264.757,205.827,F
437,1,HappyBirthday,1048,3650,F,1,0.000799843,0.500328,37.7517,0.260331,F
438,1,HappyBirthday,268,9855.74,F,1,0.0468273,6.07517,158.307,25.366,F
438,1,HappyBirthday,637,4745.93,M,1,3.88991e-05,0.215852,1427.09,0.0375383,F
438,1,HappyBirthday,1121,2920,F,1,0.219701,0.121639,138.919,86.0276,F
439,1,HappyBirthday,192,8030.63,M,1,0.0104832,2.42792,2.06717,3.29322,F
439,1,HappyBirthday,251,5110.64,M,1,0.0152206,12.9451,2469.65,5.42229,F
440,1,HappyBirthday,1010,4015,M,1,0.00107979,2.07139,44015.4,3.97754,F
440,1,HappyBirthday,1358,365,M,1,0.0853605,0.271585,16861.1,219.972,F
440,1,HappyBirthday,1326,730,F,1,5.88431e-05,0.329687,63565,0.298259,F
441,1,HappyBirthday,946,8395.94,F,1,0.000859848,0.328714,0.505106,0.2679,F
441,1,HappyBirthday,133,8760.88,F,1,0.362944,0.0363776,19.3169,142.376,F
441,1,HappyBirthday,766,11315.8,F,1,0.000174951,0.0244938,10329.9,0.237719,F
442,1,HappyBirthday,355,4745.58,F,1,0.000237523,1.56373,43522.1,0.581412,F
442,1,HappyBirthday,455,14600.1,F,1,0.00111095,0.194397,523.29,0.835067,F
442,1,HappyBirthday,480,25185.2,M,1,0.000401659,0.43425,60.5345,0.125892,F
442,1,HappyBirthday,487,15330,M,1,0.000463884,0.170033,3311,0.145183,F
442,1,HappyBirthday,653,20075.2,M,1,1.90202e-05,1.72814,21573.3,0.0118778,F
443,1,HappyBirthday,311,13505,F,1,0.0885342,0.921337,27.3337,29.6887,F
444,1,HappyBirthday,328,6205.26,M,1,0.233967,1.41878,1336.85,82.9655,F
444,1,HappyBirthday,854,11315,M,1,0.108744,0.109045,8600.03,48.7327,F
445,1,HappyBirthday,59,5840.96,F,1,0.000333299,1.66126,0.00289002,0.103548,F
445,1,HappyBirthday,1201,2190,F,1,0.0817527,0.195565,735.431,27.7768,F
445,1,HappyBirthday,641,8395.67,M,1,0.0201266,0.244893,8.55704,6.40011,F
445,1,HappyBirthday,867,7665.78,F,1,0.000221605,5.41613,2571.6,0.727293,F
446,1,HappyBirthday,381,28105.8,F,1,0.00356459,11.2019,212.346,1.29523,F
448,1,HappyBirthday,1328,730,M,1,0.00936711,0.177468,33355.9,68.4563,F
448,1,HappyBirthday,1327,730,M,1,0.555313,0.103166,3299.5,276.104,F
448,1,HappyBirthday,580,13870.2,M,1,0.000851932,2.0432,80.518,0.349803,F
448,1,HappyBirthday,723,8760.06,M,1,0.0023713,3.97225,1131.87,0.805204,F
450,1,HappyBirthday,333,10220.5,F,1,5.25098e-05,8.37842,2075.15,0.127537,F
450,1,HappyBirthday,1011,4015,F,1,0.112261,0.817333,24.1441,40.4193,F
451,1,HappyBirthday,1162,2555,F,1,0.0431482,0.0913877,1.63297,13.7103,F
451,1,HappyBirthday,961,5475.49,M,1,0,46.7984,4606.58,0,F
451,1,HappyBirthday,755,5475.65,M,1,0.751109,0.187873,1385.67,477.043,F
452,1,HappyBirthday,615,6935.25,M,1,0.0114449,1.431,7.93853,3.62609,F
452,1,HappyBirthday,901,13140.3,F,1,0.19452,0.223532,68.3803,84.4967,F
453,1,HappyBirthday,363,5110.58,M,1,0.00125676,0.351193,162.155,0.428247,F
453,1,HappyBirthday,518,8030.78,F,1,0.00869979,0.599393,0.177973,2.71692,F
453,1,HappyBirthday,699,14235.5,F,1,0.00655324,3.05281,0.476312,2.04308,F
454,1,HappyBirthday,207,13140,M,1,0.00137901,1.49172,75.3052,0.437384,F
455,1,HappyBirthday,125,9125.86,M,1,0.0691881,1.13625,2441.57,23.8434,F
455,1,HappyBirthday,135,13140.4,F,1,0.0184234,4.91684,7.01896,5.78353,F
455,1,HappyBirthday,186,9125.36,M,1,0.207232,4.31502,369.444,72.838,F
455,1,HappyBirthday,294,25915.5,F,1,0.0253854,0.442489,175.81,10.1551,F
455,1,HappyBirthday,862,10950.1,M,1,0.0840652,1.02195,7.18374,27.2884,F
456,1,HappyBirthday,1202,2190,M,1,0.218468,2.04539,4246.94,412.256,F
456,1,HappyBirthday,1050,3650,F,1,0.278684,0.0803281,2.64231,102.122,F
456,1,HappyBirthday,976,5840.38,F,1,0.0293057,1.03149,1611.52,10.9317,F
457,1,HappyBirthday,1012,4015,F,1,0.524865,0.0974731,25.9494,259.317,F
457,1,HappyBirthday,794,6205.88,M,1,0.000628293,3.56129,3814.38,0.277661,F
457,1,Births,1405,0,F,0,0,0.638852,0,0,F
458,1,HappyBirthday,1329,730,M,1,0.00567843,0.465329,0.933719,1.77022,F
458,1,HappyBirthday,308,19345.8,F,1,0.000338976,1.11523,0.0047618,0.105267,F
458,1,HappyBirthday,506,4745,M,1,0.0165238,0.553176,0.112593,5.17785,F
458,1,HappyBirthday,1087,3285,F,1,0.00109438,0.0344284,31475.9,0.851102,F
458,1,Births,1406,0,F,0,0,0.261902,0,0,F
459,1,HappyBirthday,403,9125.33,F,1,0.00316564,0.549072,28.8901,1.00393,F
459,1,HappyBirthday,425,20805.2,M,1,0.138604,1.2758,25.8481,48.9353,F
459,1,HappyBirthday,478,10950.8,M,1,0.00582593,0.0608101,0.0112838,1.81614,F
461,1,HappyBirthday,1088,3285,F,1,0.00339768,0.666428,58.895,1.16394,F
462,1,HappyBirthday,67,7665.65,M,1,0.00994117,0.528174,576.499,10.5044,F
463,1,HappyBirthday,1089,3285,F,1,0.13815,1.23156,380.571,71.2212,F
463,1,HappyBirthday,550,4745.81,F,1,0.065204,6.69863,233.407,25.1518,F
463,1,HappyBirthday,672,11315.8,F,1,0.00878505,2.78033,63.0656,2.75304,F
463,1,HappyBirthday,770,13505.5,F,1,0.232212,10.3804,220.806,82.6329,F
464,1,HappyBirthday,978,26645.8,F,1,0.00733058,3.44835,0.0034476,2.28588,F
464,1,HappyBirthday,179,18980.9,F,1,0.000657746,1.26539,5620.05,0.595154,F
464,1,HappyBirthday,896,6570.66,F,1,0.24663,0.128797,0.864314,88.0134,F
465,1,HappyBirthday,1013,4015,F,1,0.114529,2.95298,14.9854,38.8274,F
466,1,HappyBirthday,314,6935.74,F,1,5.55162e-06,0.652361,9210.49,0.0185654,F
466,1,HappyBirthday,706,4745.32,M,1,0.000201968,3.65443,3584.45,0.350157,F
467,1,HappyBirthday,1296,1095,F,1,0.0739061,0.171161,16657.8,73.3006,F
467,1,HappyBirthday,614,6935.99,M,1,0.00220634,0.21196,1680.21,0.822881,F
467,1,HappyBirthday,774,31755.1,F,1,0.00942525,0.641403,0.0113202,2.94313,F
467,1,Births,1407,0,F,0,0,0.0762473,0,0,F
468,1,HappyBirthday,793,5840.58,M,1,0.0297634,0.0849793,98.7348,10.677,F
470,1,HappyBirthday,44,7300.94,F,1,0.00215552,0.617496,46.2277,0.725171,F
470,1,HappyBirthday,732,5110,F,1,0.0144133,0.437023,715.874,7.76778,F
471,1,HappyBirthday,266,8030.08,F,1,0.000410145,9.9802,0.0018094,0.127492,F
471,1,HappyBirthday,471,11680.1,M,1,0.00357383,0.29009,8.01244,1.11314,F
471,1,HappyBirthday,691,4745.56,F,1,0.000563075,0.101443,85.0024,0.236335,F
471,1,HappyBirthday,704,4380.37,F,1,0.00201597,5.06431,34.7828,0.729857,F
471,1,HappyBirthday,1242,1825,F,1,0.0448353,2.66341,102.991,16.4177,F
472,1,HappyBirthday,963,32120.2,M,1,0.114837,0.597114,3.71458,37.9126,F
474,1,HappyBirthday,146,4380.53,F,1,0.378218,0.224585,16.1738,150.819,F
474,1,HappyBirthday,607,11680.5,M,1,0.00155032,1.79119,2.54981,0.487504,F
474,1,HappyBirthday,1164,2555,F,1,0.41774,1.1858,2533.35,281.942,F
474,1,HappyBirthday,833,14235.4,M,1,0.0174952,0.517965,0.0127376,5.48483,F
475,1,HappyBirthday,89,24820.2,F,1,0.0060609,3.30596,376.672,1.94529,F
475,1,HappyBirthday,1204,2190,M,1,0.352278,0.103879,810.051,517.032,F
476,1,HappyBirthday,1359,365,M,1,0.3674,0.0253561,2407.47,406.02,F
476,1,HappyBirthday,693,6935.54,M,1,0.0228735,0.33596,4.61219,7.20527,F
477,1,HappyBirthday,171,9855.55,M,1,0.0430256,0.491119,18.7255,14.9567,F
479,1,HappyBirthday,1205,2190,M,1,0.266891,0.883799,5717.89,167.531,F
479,1,HappyBirthday,1125,2920,F,1,0.0364305,0.73433,4.16522,11.553,F
479,1,HappyBirthday,424,22630.7,M,1,0.346318,4.49363,388.845,333.575,F
480,1,HappyBirthday,233,6935.47,F,1,0.246091,1.71095,0.139653,87.7861,F
480,1,HappyBirthday,984,5840.21,M,1,0.0261675,0.953538,5.35026,8.38771,F
480,1,HappyBirthday,1243,1825,F,1,0.28628,0.116554,42.126,120.85,F
481,1,HappyBirthday,5,16425,F,1,0.041146,0.284667,2.69638,13.2052,F
481,1,HappyBirthday,1165,2555,F,1,0.0510467,7.34029,41.5991,19.6617,F
482,1,HappyBirthday,1166,2555,F,1,0.0110553,0.367034,72.6692,3.52654,F
482,1,HappyBirthday,510,8030.82,M,1,0.000696851,0.611157,0.879234,0.216926,F
482,1,HappyBirthday,1207,2190,M,1,6.16277e-05,8.37243,3590.03,0.165179,F
482,1,HappyBirthday,606,10220.6,F,1,0.699356,0.533833,328.139,388.683,F
482,1,HappyBirthday,612,19345.8,F,1,0.00333015,0.108231,57.2086,1.09057,F
482,1,HappyBirthday,871,7665.57,F,1,0.00766019,2.13658,2.07072,2.41402,F
482,1,HappyBirthday,1206,2190,F,1,0.092123,0.0239879,718.735,34.5613,F
482,1,HappyBirthday,1360,365,F,1,0.0329166,0.0695944,56002.6,194.374,F
483,1,HappyBirthday,635,19345.4,M,1,0.0109861,3.04167,0.282484,3.43464,F
483,1,HappyBirthday,1051,3650,F,1,0.0198984,1.18554,31.3978,6.93006,F
483,1,HappyBirthday,1273,1460,F,1,0.187661,0.0386459,2762,301.931,F
484,1,HappyBirthday,97,7665.08,M,1,0.00673886,0.0811686,536.365,6.8826,F
484,1,HappyBirthday,408,5840.34,M,1,2.76271e-06,5.31486,49118.8,0.0249239,F
484,1,HappyBirthday,493,22995.5,M,1,0.0894102,0.248484,45.8625,29.5188,F
484,1,HappyBirthday,522,17520.8,M,1,0.196696,0.578464,4334.44,88.322,F
484,1,Births,1408,0,M,0,0,0.0423057,0,0,F
484,1,Births,1409,0,F,0,0,0.0326845,0,0,F
484,1,Births,1410,0,M,0,0,0.00989998,0,0,F
486,1,HappyBirthday,352,12775,F,1,0.574699,52.2168,2507.48,399.143,F
486,1,HappyBirthday,1330,730,F,1,0.0911633,0.189225,12.6104,30.0783,F
486,1,HappyBirthday,459,4380.58,M,1,2.12594e-05,4.77295,55.0256,0.00672711,F
486,1,HappyBirthday,824,22265.1,M,1,0.055663,3.20668,4260.08,22.6301,F
487,1,HappyBirthday,190,23725.9,M,1,0.175062,2.85003,110.198,60.6483,F
487,1,HappyBirthday,1208,2190,F,1,0.171988,0.651531,5998.04,984.169,F
487,1,HappyBirthday,389,6205.62,M,1,0,0.444025,0.0403444,0,F
487,1,HappyBirthday,490,9490.09,F,1,0.000413002,0.570727,4.43433,0.128476,F
487,1,HappyBirthday,559,17155.2,F,1,0.730296,0.204416,21.2568,435.67,F
487,1,HappyBirthday,777,17155.6,F,1,0,9.57334,0,0,F
487,1,Births,1411,0,M,0,0,0.702131,0,0,F
488,1,HappyBirthday,986,13870.2,F,1,0.832336,2.43039,6.11262,563.852,F
490,1,HappyBirthday,1015,4015,M,1,0.00884335,0.132061,1731.89,18.8388,F
490,1,HappyBirthday,1331,730,M,1,0.115472,0.0130631,212.996,51.2842,F
490,1,HappyBirthday,827,9855.18,F,1,0.000792254,10.0266,71.567,0.275802,F
490,1,HappyBirthday,836,7665.04,F,1,0.165709,0.441757,12.9782,58.8931,F
490,1,HappyBirthday,1361,365,F,1,0.0465695,0.179523,40.2699,17.0668,F
490,1,HappyBirthday,923,6205.11,F,1,0.00950373,0.0447874,25.7026,3.21092,F
491,1,HappyBirthday,26,10585.2,F,1,0.228015,30.818,23.9791,81.2337,F
491,1,HappyBirthday,1209,2190,F,1,0.00318805,1.69578,1.97577,0.995693,F
491,1,Births,1412,0,F,0,0,0.131865,0,0,F
493,1,HappyBirthday,136,9125.14,F,1,0.000824236,4.18887,0.838033,0.256435,F
493,1,HappyBirthday,223,8395.85,M,1,0.00402509,0.420048,3190.59,4.54484,F
493,1,HappyBirthday,319,7665.41,F,1,5.87643e-05,2.09298,0.04555,0.0183166,F
493,1,HappyBirthday,686,8030.34,M,1,0.0592841,5.55975,4.15904,19.3737,F
493,1,HappyBirthday,1332,730,M,1,0.187143,0.164188,39468.4,583.145,F
494,1,HappyBirthday,103,20440.5,F,1,0.00171394,0.269579,8562.23,0.730824,F
494,1,HappyBirthday,1210,2190,F,1,0.222059,2.27836,11.4378,79.514,F
494,1,HappyBirthday,1362,365,M,1,0.287334,0.0683937,93.8001,123.003,F
495,1,HappyBirthday,463,5840.81,M,1,4.48326e-05,1.76146,0.224342,0.0139719,F
495,1,HappyBirthday,840,16425.7,F,1,0.0484146,0.42869,1.1814,15.498,F
495,1,Births,1413,0,F,0,0,0.00637982,0,0,F
496,1,HappyBirthday,1297,1095,F,1,8.01542e-05,0.0152244,0,0.0248224,F
496,1,HappyBirthday,1126,2920,F,1,0.000159795,1.82695,2.38205,0.0504174,F
496,1,HappyBirthday,983,24455.3,F,1,0.0296557,4.6881,281.473,10.4464,F
496,1,HappyBirthday,341,18250.2,F,1,0.174323,0.480389,1745.53,194.725,F
496,1,HappyBirthday,1298,1095,F,1,0.154997,0.0497586,139.725,88.1271,F
496,1,HappyBirthday,1363,365,M,1,0.0730794,0.0906769,14454,350.45,F
497,1,HappyBirthday,968,14600.5,F,1,0.000793863,1.38361,746.444,0.2798,F
497,1,HappyBirthday,99,13505.3,F,1,0.000622823,7.52081,8.2e-06,0.193451,F
497,1,HappyBirthday,120,12410.8,F,1,0.0972895,0.360809,0.769715,31.8187,F
498,1,HappyBirthday,1299,1095,F,1,0.000394845,0.0423267,25958.4,2.39352,F
499,1,HappyBirthday,1052,3650,M,1,0.0146556,0.742546,607.449,15.8529,F
499,1,HappyBirthday,811,20440.5,M,1,0.304738,34.3278,4.41901,113.703,F
499,1,Births,1414,0,F,0,0,0.61855,0,0,F
500,1,HappyBirthday,972,8030.7,M,1,0.00116824,4.3399,0.933015,0.364321,F
500,1,HappyBirthday,160,8030.3,F,1,0.0232891,1.09223,340.782,16.6972,F
500,1,HappyBirthday,327,12775.8,M,1,1.08433e-05,2.7983,1256.08,0.0098008,F
500,1,HappyBirthday,351,5110.34,F,1,0.00118287,2.40383,8587.41,2.50585,F
500,1,HappyBirthday,674,18615,M,1,0.0417227,0.309066,23.7158,13.7205,F
500,1,HappyBirthday,1274,1460,M,1,0.594038,0.49626,8.64405,290.32,F
500,1,HappyBirthday,861,11315.5,F,1,0.0231996,8.26249,69.1089,9.78259,F
501,1,HappyBirthday,418,14600.9,M,1,3.70511e-05,2.2194,2239.31,0.016573,F
501,1,HappyBirthday,1365,365,M,1,0.0102809,0.198017,33.4595,3.64243,F
501,1,HappyBirthday,1364,365,M,1,5.35189e-05,0.635409,3.6864,0.0169648,F
502,1,HappyBirthday,1300,1095,F,1,0.009902,0.063438,51.4604,3.4983,F
502,1,HappyBirthday,1127,2920,M,1,0,0.195393,0,0,F
503,1,HappyBirthday,1301,1095,F,1,0.079111,0.134139,191.479,29.717,F
503,1,HappyBirthday,1017,4015,F,1,4.2888e-05,0.937899,8.88233,0.0139437,F
503,1,HappyBirthday,1018,4015,F,1,0.0133821,6.8715,3.36618,4.23578,F
503,1,Births,1415,0,F,0,0,0.0599406,0,0,F
504,1,HappyBirthday,1019,4015,F,1,0.0107372,0.745269,12.9932,3.42999,F
505,1,HappyBirthday,273,9855.47,F,1,0.485852,2.20184,1.41176,208.092,F
505,1,HappyBirthday,280,5840.76,M,1,0.106739,0.830983,23.9861,35.0877,F
505,1,HappyBirthday,343,6205.61,F,1,0.0021139,0.315596,5961.47,2.29959,F
505,1,HappyBirthday,1128,2920,F,1,0.0809523,0.145359,506.365,73.5906,F
506,1,HappyBirthday,364,28470.6,M,1,0.00688033,0.395865,13128.6,3.52504,F
506,1,HappyBirthday,638,16425.7,F,1,0.00226697,0.314566,2.15565,0.707561,F
506,1,HappyBirthday,855,8030.18,F,1,0.350302,5.5666,5486.94,167.901,F
507,1,HappyBirthday,88,25185,M,1,0.00576696,2.92859,96.784,2.17938,F
507,1,HappyBirthday,568,5475.72,M,1,0.0191938,3.80129,23.7753,6.08693,F
507,1,Births,1416,0,M,0,0,0.744478,0,0,F
508,1,HappyBirthday,973,6935.15,M,1,0.00206506,1.00764,13338.1,1.07665,F
508,1,HappyBirthday,1129,2920,F,1,0.00149055,0.621674,31161,1.15592,F
508,1,HappyBirthday,1366,365,M,1,0.318302,0.100717,9759.34,569.853,F
509,1,HappyBirthday,1245,1825,M,1,0.00925002,0.110173,13.805,3.03114,F
509,1,HappyBirthday,1367,365,M,1,0.176703,0.098364,47.3394,66.9796,F
509,1,HappyBirthday,149,12410.5,M,1,0.00118345,4.54224,201.798,0.471536,F
509,1,HappyBirthday,982,6205.29,M,1,0.127294,0.0773006,688.966,82.0445,F
509,1,HappyBirthday,791,12775.7,M,1,0.00178953,22.1632,0.0015084,0.556572,F
510,1,HappyBirthday,432,15695.7,F,1,8.69537e-06,0.995443,33.4332,0.0029702,F
512,1,HappyBirthday,126,7300.43,M,1,0.00857674,0.0921116,14.5603,2.84885,F
512,1,HappyBirthday,894,7300.51,F,1,0.0802231,1.8245,23.9964,28.548,F
513,1,HappyBirthday,86,10221,M,1,0.170817,0.435947,11.7462,58.3846,F
513,1,HappyBirthday,1167,2555,F,1,0.00097176,0.882112,150.285,0.306671,F
514,1,HappyBirthday,1090,3285,F,1,0.000437983,0.0150883,29.1288,0.140363,F
514,1,HappyBirthday,725,33945.9,F,1,0.00969643,2.42797,1082.48,14.4716,F
514,1,Births,1417,0,M,0,0,0.00262315,0,0,F
515,1,HappyBirthday,37,28105.8,F,1,0.00051703,2.8622,11.4835,0.168927,F
515,1,HappyBirthday,206,11680.3,F,1,0.00293902,5.65552,26.4513,0.916498,F
515,1,HappyBirthday,265,10220.6,F,1,6.43176e-05,0.22028,31801.7,0.273666,F
515,1,HappyBirthday,1053,3650,M,1,1.32105e-05,1.13849,16.385,0.00411401,F
516,1,HappyBirthday,669,4745.37,F,1,0.0301838,0.186135,2.30321,9.59766,F
516,1,HappyBirthday,1246,1825,F,1,0.00410311,0.125989,107.391,1.47491,F
516,1,HappyBirthday,853,5840.12,F,1,0.0613238,0.0951919,51378.4,102.989,F
517,1,HappyBirthday,106,6935.32,F,1,0.00262239,0.890543,105.646,1.21993,F
517,1,HappyBirthday,468,28470.9,M,1,0.0188935,0.401866,2808.53,6.66004,F
518,1,HappyBirthday,54,10220.1,F,1,0.754686,1.40068,11.5559,436.904,F
518,1,HappyBirthday,346,5475.97,M,1,0.0470418,5.08046,49.6518,15.018,F
518,1,HappyBirthday,692,14600.8,M,1,0.000258479,2.30863,275.487,0.113903,F
519,1,HappyBirthday,111,6570.28,M,1,0.00592597,0.227157,192.929,1.86727,F
519,1,HappyBirthday,609,12045.8,M,1,0.000708514,1.33976,2.15981,0.222748,F
520,1,HappyBirthday,20,6935.25,M,1,0.00283902,16.4598,9.16516,0.895548,F
521,1,HappyBirthday,91,6935.69,F,1,0.778672,0.347425,8.87164,478.683,F
521,1,HappyBirthday,1277,1460,M,1,0.257534,2.74763,642.734,182.126,F
521,1,HappyBirthday,1091,3285,F,1,0.00169112,0.763618,1.16375,0.526981,F
521,1,HappyBirthday,1211,2190,F,1,0.00261541,0.684264,55.9628,1.03034,F
521,1,HappyBirthday,1130,2920,F,1,0.0171343,0.681033,4352.9,12.5535,F
522,1,HappyBirthday,1333,730,M,1,0.19379,0.705342,23838.7,1358.67,F
522,1,HappyBirthday,354,17155.7,F,1,0.42598,2.50248,2895.27,222.715,F
522,1,Births,1418,0,F,0,0,0.185448,0,0,F
523,1,HappyBirthday,208,5840.13,M,1,0.590519,1.96656,0.860256,278.444,F
523,1,HappyBirthday,420,13505.5,M,1,0.00198648,0.0423788,382.631,0.963214,F
523,1,HappyBirthday,469,9490.43,F,1,0.00126517,2.27642,0.0014116,0.393437,F
523,1,HappyBirthday,1368,365,F,1,0.00202491,0.772988,1.62185,0.630729,F
524,1,HappyBirthday,143,9490.69,M,1,0,0.0299464,0.057071,0,F
524,1,HappyBirthday,331,5475.01,F,1,0.11363,0.204661,48.8225,40.3027,F
524,1,HappyBirthday,365,4745.24,F,1,0.0179165,1.83994,0.549193,5.62177,F
524,1,HappyBirthday,620,21170.3,M,1,0.00657243,1.05156,4555.86,14.4209,F
524,1,HappyBirthday,834,21170.4,M,1,0.107737,0.189243,3855.48,63.2122,F
525,1,HappyBirthday,165,26280.6,F,1,0.000157058,3.93236,0.0168004,0.0488254,F
525,1,HappyBirthday,1020,4015,M,1,0.000129646,0.226568,41.3723,0.0427406,F
526,1,HappyBirthday,1054,3650,M,1,0.000168645,1.75501,3009.82,0.248064,F
526,1,HappyBirthday,427,8030.45,F,1,0.112876,0.807352,2.25997,37.3883,F
527,1,HappyBirthday,1279,1460,M,1,0.0462081,0.0787776,689.107,18.686,F
527,1,HappyBirthday,123,25550.9,F,1,0.0480214,9.56751,886.314,20.2309,F
527,1,HappyBirthday,191,26280.5,M,1,0.0117144,1.28521,575.803,4.3245,F
527,1,HappyBirthday,1280,1460,F,1,0.0235883,0.126708,91.4413,10.0101,F
527,1,HappyBirthday,760,8395.37,M,1,0.149689,1.45136,11.422,52.7723,F
528,1,HappyBirthday,578,6935.4,F,1,0.0619975,4.67771,1297.98,26.2713,F
528,1,HappyBirthday,735,10220.7,M,1,0.000116664,0.0862961,19.1955,0.0374458,F
529,1,Births,1419,0,F,0,0,0.0577025,0,0,F
530,1,HappyBirthday,494,8395.02,F,1,0.00018098,0.37369,25078.8,1.11993,F
530,1,HappyBirthday,643,5840.75,M,1,0.0111775,4.07806,66.6795,3.88009,F
531,1,HappyBirthday,405,5475.17,F,1,0.00178165,27.061,1019.6,2.83371,F
531,1,HappyBirthday,1302,1095,M,1,0.00116648,0.241707,87809.8,7.76939,F
532,1,HappyBirthday,48,12410.2,M,1,0.0244402,0.899343,30.7096,7.70705,F
532,1,HappyBirthday,79,15330.2,F,1,3.99812e-05,1.80264,14.2898,0.0130592,F
532,1,HappyBirthday,1334,730,M,1,0.19548,0.45293,8520.08,1401.68,F
533,1,HappyBirthday,129,13505.6,F,1,0.0206105,3.18754,3832.92,35.7936,F
533,1,HappyBirthday,532,7665.95,M,1,0.000953652,3.03967,0.885464,0.296869,F
533,1,HappyBirthday,1247,1825,M,1,0.734812,0.0506675,110.849,479.718,F
534,1,HappyBirthday,75,14235.5,M,1,0.000391248,0.735097,318.784,0.136597,F
534,1,HappyBirthday,429,17155.4,M,1,0.00359047,0.347296,405.804,3.01085,F
534,1,HappyBirthday,589,11680.6,F,1,0.0261137,8.81949,1022.66,9.9464,F
534,1,HappyBirthday,850,25915.6,F,1,0.00343199,0.326269,0.0002822,1.06835,F
535,1,HappyBirthday,1303,1095,M,1,0.0877231,7.25659,5490.68,63.3702,F
536,1,HappyBirthday,1335,730,F,1,0.176863,0.0995787,1868.84,202.672,F
536,1,HappyBirthday,1281,1460,F,1,0.00928608,3.038,23.4723,3.14047,F
537,1,HappyBirthday,213,9855.85,M,1,0.519774,0.0358895,3.57809,229.261,F
537,1,HappyBirthday,930,12775.6,M,1,0.000857803,14.5323,5464.86,1.62851,F
537,1,HappyBirthday,529,14235.2,F,1,0.00187122,0.336555,4.81667,0.590101,F
538,1,HappyBirthday,1131,2920,F,1,0.00180479,0.127798,2649.76,4.95607,F
538,1,HappyBirthday,409,8395.74,F,1,0.00573662,0.36658,229.936,1.79571,F
538,1,HappyBirthday,523,9490.76,M,1,0.0592073,10.6207,9.94519,18.9735,F
538,1,HappyBirthday,1213,2190,M,1,0.00299683,0.42839,644.687,1.04458,F
539,1,HappyBirthday,603,10950.7,F,1,5.42338e-05,0.35176,4406.54,0.107343,F
540,1,HappyBirthday,1132,2920,F,1,0.288946,0.0997636,1682.5,113.417,F
540,1,HappyBirthday,875,5110.02,F,1,0.0002034,2.06621,3430.99,0.328408,F
540,1,HappyBirthday,1282,1460,M,1,0.000491853,2.39292,140.535,0.185033,F
541,1,HappyBirthday,1304,1095,M,1,0.165878,0.310615,12.863,58.4742,F
542,1,HappyBirthday,491,29200.2,M,1,0.0141135,1.5034,980.958,4.60074,F
542,1,HappyBirthday,591,5110.02,F,1,0.000309512,1.66323,3.34061,0.09689,F
543,1,HappyBirthday,347,6935.28,M,1,0.000308878,0.767291,0.0791726,0.0960037,F
543,1,HappyBirthday,1134,2920,M,1,0.0042877,0.426995,10.4516,1.35505,F
544,1,HappyBirthday,399,6570.48,M,1,0.0484482,1.27339,0.00743129,15.4332,F
545,1,HappyBirthday,1283,1460,F,1,0.15058,0.107702,1788.74,159.338,F
545,1,HappyBirthday,611,9125.89,M,1,0.0205808,0.258472,9.37446,6.71379,F
545,1,HappyBirthday,956,13140,M,1,0.0194312,0.252481,0.0777906,6.09781,F
546,1,HappyBirthday,145,12045.6,M,1,0.00195968,1.69605,650.88,2.19589,F
546,1,HappyBirthday,556,8760.43,M,1,0.0969818,0.131286,2502.63,31.8735,F
546,1,HappyBirthday,903,12410.5,F,1,0.0108443,9.29785,0.0839886,3.38961,F
547,1,HappyBirthday,274,5840.91,F,1,0.0521383,2.78646,25956.7,40.603,F
547,1,HappyBirthday,1248,1825,F,1,0.00736777,1.9897,83.8968,2.62857,F
548,1,HappyBirthday,1305,1095,M,1,0.625801,0.0829109,23.2443,339.125,F
548,1,HappyBirthday,1306,1095,M,0,0,0.00686112,0,0,F
549,1,HappyBirthday,412,7300.56,F,1,0.000402298,0.817212,26.8694,0.139592,F
549,1,HappyBirthday,909,21170.9,M,1,0.000264141,0.196081,0.002647,0.0820172,F
550,1,HappyBirthday,173,10950.7,M,1,0.00178483,0.289924,56.8033,0.609249,F
550,1,HappyBirthday,222,10220.6,M,1,0.00828217,0.397544,17.872,2.7305,F
550,1,HappyBirthday,1215,2190,F,1,0.057051,0.129144,0.722616,18.2608,F
550,1,HappyBirthday,1337,730,M,1,0.00415073,1.2072,50.9358,1.38886,F
550,1,HappyBirthday,1369,365,M,1,0.0512569,0.026468,744.501,17.5989,F
551,1,HappyBirthday,1216,2190,F,1,0.00136651,2.33948,1.61512,0.428111,F
551,1,HappyBirthday,734,12045.9,M,1,0.0273383,1.43248,128.469,10.2111,F
551,1,HappyBirthday,787,28835.5,F,1,0.00282709,1.22724,618.695,1.62399,F
552,1,Births,1420,0,M,0,0,0.00473698,0,0,F
553,1,HappyBirthday,387,6935.75,M,1,0.064349,3.16345,103.227,20.681,F
553,1,HappyBirthday,446,6205.5,F,1,0.00169912,7.38642,3.78151,0.528424,F
553,1,Births,1421,0,M,0,0,0.0873777,0,0,F
554,1,HappyBirthday,997,21170.1,F,1,0.000437728,1.93592,66191.7,0.86284,F
554,1,HappyBirthday,1055,3650,F,1,0.0143822,3.59958,4445.48,16.825,F
554,1,HappyBirthday,805,5840.63,M,1,7.38925e-05,2.44725,4149.37,0.285055,F
555,1,HappyBirthday,504,8030.93,F,1,0.0301727,0.131941,961.58,45.341,F
555,1,HappyBirthday,1338,730,M,1,0.00315894,0.0531343,64.7257,1.08509,F
557,1,HappyBirthday,358,14600.5,M,1,0.023015,3.44068,0.0351374,7.23634,F
557,1,HappyBirthday,661,15330.6,F,1,0.0721588,9.25661,1.35208,23.2815,F
557,1,HappyBirthday,683,8395.44,M,1,0.0137901,2.56469,1.12177,4.32349,F
557,1,HappyBirthday,1307,1095,M,1,0.0487584,0.0166626,112.321,21.7433,F
557,1,HappyBirthday,758,8760.9,M,1,0.00659485,0.148742,0.213177,2.05662,F
557,1,HappyBirthday,1217,2190,F,1,0.00432054,0.18514,104.352,1.55015,F
558,1,HappyBirthday,316,12775.3,F,1,0.103273,4.35889,60.9336,39.5001,F
558,1,HappyBirthday,684,5110.42,F,1,0.0104314,0.0519433,2.07546,3.26931,F
558,1,Births,1422,0,M,0,0,0.0169942,0,0,F
559,1,HappyBirthday,1370,365,M,1,0.042593,0.0155567,54.3436,14.2783,F
560,1,HappyBirthday,317,24090.4,M,1,0.0794982,0.290555,4.85722,25.8704,F
560,1,HappyBirthday,981,8030.41,M,1,0.000801295,0.0130858,565.09,0.442136,F
560,1,HappyBirthday,676,7300.29,M,1,0.000270877,0.0513234,27.7176,0.0853839,F
561,1,HappyBirthday,119,11315.8,M,1,0.000853189,2.85179,32.0639,0.29655,F
561,1,HappyBirthday,1168,2555,F,1,0.0288476,0.0585712,11.8856,9.2101,F
561,1,HappyBirthday,407,7665.95,F,1,0.0191176,0.0446254,158.054,7.4433,F
561,1,HappyBirthday,610,5475.96,M,1,0.0106432,0.133508,0.538018,3.32796,F
561,1,HappyBirthday,728,4380.24,F,1,0.00176432,1.25227,452.695,0.95606,F
561,1,HappyBirthday,792,21170.1,M,1,0.136056,1.59473,134.201,55.7915,F
561,1,Births,1423,0,F,0,0,0.0412699,0,0,F
562,1,HappyBirthday,528,4380.31,M,1,0.316244,0.699882,277.04,140.159,F
563,1,HappyBirthday,132,7665.94,M,1,0.00748011,1.42727,28.7417,2.58246,F
563,1,HappyBirthday,924,6570.97,F,1,0.179157,2.97341,550.492,109.105,F
564,1,HappyBirthday,1308,1095,M,1,0.0134658,0.183095,44680.4,6.85794,F
564,1,HappyBirthday,215,17520.4,M,1,0.000813282,0.693468,2734.51,1.14591,F
564,1,HappyBirthday,524,5475.05,F,1,0.00203968,2.87426,4.59498,0.638053,F
565,1,HappyBirthday,46,28105.1,F,1,0.0157555,0.784824,230.24,5.08729,F
565,1,HappyBirthday,141,10950.3,M,1,0.000117294,0.375403,1031.22,0.0706642,F
565,1,HappyBirthday,292,29930.4,F,1,0.00256746,0.531515,3.31067,0.801906,F
565,1,HappyBirthday,361,6935.83,M,1,0,0.414936,8.00176,0,F
565,1,HappyBirthday,1284,1460,M,1,0.00864656,0.719297,101.14,2.78518,F
565,1,HappyBirthday,1136,2920,F,1,0.00687367,1.18177,1566.24,9.59253,F
565,1,Births,1424,0,M,0,0,0.185518,0,0,F
566,1,HappyBirthday,305,19710.3,M,1,0.610394,0.911643,268.739,560.511,F
566,1,HappyBirthday,320,19345.2,M,1,0.00115285,0.966941,0.0361006,0.358817,F
566,1,HappyBirthday,1250,1825,M,1,0.0977912,0.0919498,39.6642,33.3233,F
566,1,HappyBirthday,864,5840.78,F,1,0.128295,0.624358,0.156193,42.671,F
566,1,HappyBirthday,1371,365,F,1,0.747773,0.0409466,31.1974,450.971,F
567,1,HappyBirthday,474,21900.6,M,1,0.632053,7.30837,60.2033,311.096,F
567,1,HappyBirthday,958,10585.4,F,1,0.0390565,3.39402,5.45353,12.6615,F
567,1,HappyBirthday,1339,730,F,1,0.00205792,0.0281953,12.6387,0.674958,F
568,1,HappyBirthday,1137,2920,M,1,0.756377,0.0919953,3.70995,444.884,F
568,1,HappyBirthday,334,6570.68,F,1,0.476677,0.391084,34.8175,235.459,F
569,1,HappyBirthday,1218,2190,F,1,0.135025,0.0907854,79.8099,47.8342,F
569,1,HappyBirthday,443,4745.94,M,1,0.00101871,0.0707729,277.809,0.685919,F
569,1,HappyBirthday,473,27740.7,M,1,4.32392e-05,0.917596,56.0208,0.0150048,F
570,1,HappyBirthday,1340,730,M,1,0.867704,0.641532,1190.19,881.155,F
571,1,HappyBirthday,1309,1095,M,1,0.41554,0.0339757,18349.6,802.07,F
571,1,HappyBirthday,1093,3285,M,1,0.00669349,3.08377,3.03182,2.09799,F
571,1,HappyBirthday,1251,1825,M,1,0.000853913,0.0180364,0.0168199,0.265764,F
571,1,HappyBirthday,878,8760.77,F,1,0.00353716,0.773711,4.75076,1.10907,F
572,1,HappyBirthday,1023,4015,M,1,0.0011311,5.27779,59.2286,0.36203,F
572,1,HappyBirthday,690,7300.52,M,1,0.000126536,0.907683,484.48,0.0687573,F
572,1,HappyBirthday,1310,1095,M,1,0.189447,0.533763,1890.53,457.283,F
572,1,HappyBirthday,782,12775.4,F,1,0.00243185,2.97806,27.8275,0.784594,F
573,1,HappyBirthday,270,8760.31,M,1,0.0012844,6.31883,49.3219,0.425563,F
573,1,HappyBirthday,694,10585.1,F,1,0.0738649,5.90217,29.794,24.0294,F
573,1,HappyBirthday,1372,365,F,1,1.72101e-05,16.8766,53395.8,0.0227614,F
574,1,HappyBirthday,1311,1095,M,1,0.176758,0.0530238,30265.6,936.16,F
574,1,HappyBirthday,517,9125.08,M,1,0.0023666,0.260267,0.0042706,0.736177,F
575,1,Births,1425,0,M,0,0,0.0822685,0,0,F
576,1,HappyBirthday,115,8395.11,M,1,5.74411e-07,0.0302511,3438.74,0.002185,F
576,1,HappyBirthday,1139,2920,F,1,0.0447643,7.07151,3316.02,21.4268,F
576,1,HappyBirthday,1057,3650,M,1,0.0134678,0.226524,1308.71,12.3653,F
577,1,HappyBirthday,166,11680.9,M,1,0.000203106,32.298,45.6506,0.0685736,F
577,1,HappyBirthday,298,5475.99,F,1,0.222256,0.412564,622.174,88.0027,F
577,1,HappyBirthday,698,6935.2,F,1,0.000638879,0.35425,0.0421386,0.198644,F
578,1,HappyBirthday,577,6935.34,F,1,0.0165117,1.66644,0.692668,5.19214,F
579,1,HappyBirthday,962,11315.5,F,1,0.0469538,0.834869,40.8005,17.6765,F
579,1,HappyBirthday,814,11680.8,M,1,0.0407292,0.296237,87.7205,13.3191,F
580,1,HappyBirthday,183,20075,F,1,4.90919e-05,0.922629,61196.2,0.092617,F
580,1,HappyBirthday,1341,730,F,1,0.121589,0.0128601,39418.6,234.861,F
580,1,HappyBirthday,1220,2190,F,1,0.00019068,0.143233,135.911,0.0993401,F
580,1,HappyBirthday,1001,5110.75,M,1,0.0180928,1.4499,310.041,7.69479,F
580,1,HappyBirthday,1373,365,F,1,0.508434,0.315252,858.562,261.625,F
582,1,HappyBirthday,140,6935.42,M,1,0.00267497,4.62363,368.932,0.864323,F
582,1,HappyBirthday,667,17520.7,M,1,0.245099,0.701017,22.6675,97.0488,F
582,1,HappyBirthday,1095,3285,M,1,0.0122506,0.397409,2298.71,13.4991,F
583,1,HappyBirthday,41,5110.96,M,1,0.000453801,0.0205885,9.75296,0.148089,F
584,1,HappyBirthday,95,9125.8,M,1,0.00140613,0.78837,17174.8,0.921066,F
584,1,HappyBirthday,301,14235.4,M,1,0.000668736,0.56605,8.79992,0.211404,F
584,1,HappyBirthday,360,4380.8,F,1,0.398035,0.063121,888.1,346.569,F
584,1,HappyBirthday,630,15695.1,F,1,0.00321935,0.768364,0.0563264,1.0024,F
584,1,HappyBirthday,743,29200,F,1,1.57381e-05,1.9772,13296.5,0.0085582,F
585,1,HappyBirthday,1096,3285,M,1,0.00312873,0.253179,0.00825548,0.973794,F
585,1,HappyBirthday,147,10220.8,M,1,0.00054589,0.669773,1.8547,0.171366,F
585,1,HappyBirthday,1058,3650,M,1,0.0107811,1.02354,11.2745,3.54602,F
585,1,HappyBirthday,1252,1825,F,1,0.00249896,0.281831,5492.35,4.64926,F
585,1,Births,1426,0,F,0,0,0.0656698,0,0,F
586,1,HappyBirthday,43,20440.9,F,1,6.23667e-05,0.108407,7.69331,0.0199952,F
586,1,HappyBirthday,188,8030.07,M,1,0.00246487,1.63294,35.0867,0.801005,F
586,1,HappyBirthday,750,9490.58,F,1,0.00438443,0.592853,7.17167,1.41263,F
587,1,HappyBirthday,1172,2555,M,1,0.000351424,10.2321,0,0.109391,F
587,1,HappyBirthday,332,8760.43,F,1,0.395178,1.61554,35.474,164.017,F
587,1,HappyBirthday,345,4745.31,F,1,0.0965261,0.353834,100.894,31.8281,F
587,1,HappyBirthday,419,15330.8,F,1,8.92204e-05,1.01406,6206.66,0.223946,F
587,1,HappyBirthday,1097,3285,F,1,0.000275564,0.104321,24861.3,0.179836,F
587,1,Births,1427,0,M,0,0,0.00630631,0,0,F
588,1,HappyBirthday,438,10220,F,1,0.0612431,3.2962,0.077731,19.6422,F
588,1,HappyBirthday,756,27010.8,M,1,0.0017871,0.01368,15.6792,0.557014,F
589,1,HappyBirthday,40,26280.5,M,1,0.0106942,14.184,0.98071,3.34427,F
589,1,HappyBirthday,1374,365,F,1,0.510432,0.537695,1066.09,1011.45,F
589,1,HappyBirthday,530,12045,F,1,0.0174831,2.628,81.5277,5.53187,F
590,1,HappyBirthday,414,8760.68,M,1,0.00961265,0.420507,3.99064,3.00218,F
590,1,HappyBirthday,1253,1825,F,1,0.241137,1.36112,22.0562,95.274,F
590,1,HappyBirthday,719,24455.4,F,1,0.0107702,1.15067,5.29349,3.44293,F
591,1,HappyBirthday,168,16790.8,F,1,0.0232333,0.458574,0.0133116,7.30586,F
591,1,HappyBirthday,258,5475.25,F,1,0.0270556,0.0821945,75.6849,9.43075,F
591,1,HappyBirthday,391,14600.8,M,1,0.0494249,0.836336,174.194,15.8048,F
591,1,HappyBirthday,1254,1825,F,1,0.568694,0.0642468,948.241,493.471,F
592,1,HappyBirthday,227,7300.38,M,1,0.000216641,0.882596,3.61882,0.067705,F
593,1,HappyBirthday,244,13140,M,1,0.0511017,0.32769,208.125,16.5116,F
593,1,HappyBirthday,914,7665.3,F,1,0.262732,11.4883,198.106,95.3059,F
594,1,HappyBirthday,477,6570.56,F,1,0.0798062,9.93753,2.78595,25.8576,F
594,1,HappyBirthday,553,5475.5,F,1,1.86194e-05,0.166868,24066.3,0.112799,F
595,1,HappyBirthday,1026,4015,M,1,0.00106604,0.112175,251.038,0.697531,F
595,1,HappyBirthday,733,4745.93,F,1,0.00170857,4.63108,38.587,0.559403,F
595,1,HappyBirthday,922,7665.21,M,1,0.086139,0.167663,3668.85,74.7383,F
596,1,HappyBirthday,2,6205.57,F,1,0.00176769,0.812298,9.46133,0.550138,F
596,1,HappyBirthday,1313,1095,F,1,0.0618322,0.0967182,196.394,24.8997,F
596,1,HappyBirthday,74,8395.48,M,1,0.00628413,0.108389,26.3134,2.05065,F
596,1,HappyBirthday,1060,3650,M,1,0.0577403,0.0694553,2499.56,41.1389,F
596,1,Births,1428,0,M,0,0,0.00502443,0,0,F
597,1,HappyBirthday,73,8395.51,M,1,0.000288576,0.382267,606.004,0.310835,F
597,1,HappyBirthday,498,5475.25,F,1,0.395909,0.0931107,38.2852,160.696,F
597,1,HappyBirthday,511,14235.4,M,1,8.1462e-05,4.28789,2184.07,0.220014,F
598,1,HappyBirthday,219,30295,M,1,0.0200504,29.1643,0.289973,6.30006,F
598,1,HappyBirthday,1222,2190,M,1,0.0359576,0.882199,44.2959,12.165,F
599,1,HappyBirthday,382,11315.4,F,1,0.0045572,8.78178,0.0873386,1.41946,F
599,1,HappyBirthday,937,31025.9,M,1,0.000625071,0.821411,2422.48,0.248332,F
600,1,HappyBirthday,170,10220,M,1,0.00985667,8.33985,0.755587,3.08043,F
602,1,HappyBirthday,172,13870.5,M,1,0.0146495,0.230832,2.48641,4.63008,F
603,1,HappyBirthday,1061,3650,M,1,0.00364112,0.0713564,4165.83,1.73777,F
603,1,HappyBirthday,798,6570.05,M,1,0.00411195,0.725715,87.705,1.44403,F
604,1,HappyBirthday,977,12775.2,F,1,0.0453269,1.56246,247.735,19.268,F
605,1,HappyBirthday,1140,2920,M,1,0.105871,0.160988,297.411,35.6172,F
605,1,HappyBirthday,545,8030.65,F,1,0.000438966,0.235677,924.366,0.153872,F
605,1,HappyBirthday,1099,3285,M,1,0,0.400676,0.482376,0,F
605,1,Births,1429,0,F,0,0,0.0388451,0,0,F
606,1,HappyBirthday,353,9855.58,F,1,0.00210707,0.544909,0.0973546,0.65539,F
607,1,HappyBirthday,1285,1460,M,1,0.00311725,0.267721,48.9811,1.16836,F
607,1,HappyBirthday,1027,4015,F,1,0.00146088,3.2106,79.3326,0.510692,F
608,1,HappyBirthday,1141,2920,F,1,0.00400523,0.778936,82.8332,1.632,F
609,1,HappyBirthday,1223,2190,M,1,0.0183989,6.58588,3.58462,5.79939,F
609,1,HappyBirthday,229,5840.7,M,1,0,0.506795,26.5695,0,F
609,1,HappyBirthday,547,21170.3,F,1,0.0121483,0.820851,23.2392,4.23223,F
610,1,HappyBirthday,10,21170.2,M,1,0.136528,0.892924,1.0755,45.6676,F
610,1,HappyBirthday,1342,730,M,1,0.314937,0.16059,351.125,265.834,F
610,1,HappyBirthday,180,8760.75,F,1,0.00718796,20.5771,0.0015366,2.24186,F
611,1,HappyBirthday,1102,3285,F,1,0.0108022,0.0403056,19.5997,3.38033,F
611,1,HappyBirthday,87,14965.1,M,1,0.0024348,0.699791,12.075,0.760704,F
611,1,HappyBirthday,176,17155.9,M,1,0.00287805,0.530433,2855.88,3.86907,F
611,1,HappyBirthday,421,5475.77,F,1,0.000304411,0.0995961,411.443,0.0966219,F
611,1,HappyBirthday,1375,365,M,1,0.0800219,1.45551,87594.6,592.584,F
611,1,HappyBirthday,1376,365,M,0,0,0.00202641,0,0,F
612,1,HappyBirthday,197,4380.37,F,1,0.00104326,2.4911,0.00385641,0.324304,F
612,1,HappyBirthday,290,8030.21,M,1,0.051506,4.09157,0.897558,16.4414,F
612,1,HappyBirthday,1255,1825,F,1,0.11976,0.39561,178.438,50.5235,F
612,1,HappyBirthday,1286,1460,M,1,0.572069,0.210135,208.209,462.442,F
612,1,HappyBirthday,888,14235.3,F,1,0.000250774,0.817472,12.2788,0.0794454,F
613,1,HappyBirthday,234,4745.39,M,1,0.206284,6.2936,115.983,75.7507,F
613,1,HappyBirthday,326,6935.77,F,1,0.245845,0.0284489,2504.02,100.078,F
613,1,HappyBirthday,886,28835.9,M,1,0.0900287,5.29892,5.6109,29.5934,F
614,1,HappyBirthday,8,11315.9,F,1,0.00339407,0.283867,6748.54,17.4232,F
614,1,HappyBirthday,1224,2190,M,1,0.0074471,0.378423,65.6664,3.04329,F
614,1,HappyBirthday,931,8760.69,M,1,0.000217603,0.404687,0.034868,0.067531,F
614,1,HappyBirthday,828,25550.5,M,1,0.0056163,1.01951,68.7487,1.80121,F
614,1,HappyBirthday,884,4380.69,M,1,0.123191,0.594602,200.817,53.2811,F
615,1,HappyBirthday,1029,4015,F,1,0.000423492,0.305924,201.017,0.171859,F
616,1,HappyBirthday,456,7300.39,M,1,0.0033259,0.298561,0.424937,1.03528,F
616,1,HappyBirthday,1287,1460,M,1,0.764227,0.626621,7246.13,847.091,F
617,1,HappyBirthday,189,9855.18,M,1,0.205896,5.08147,207.228,71.8475,F
618,1,HappyBirthday,1103,3285,F,1,0.0638797,1.47321,83.8075,23.7802,F
618,1,Births,1430,0,M,0,0,0.184805,0,0,F
619,1,HappyBirthday,435,5475.91,F,1,0.00148312,1.94216,1794.72,0.519552,F
619,1,HappyBirthday,442,4380.83,M,1,0.00356167,0.0167236,5.4905,1.11901,F
619,1,HappyBirthday,560,29200.3,F,1,0.886245,1.15137,81.9566,732.218,F
619,1,HappyBirthday,605,16060.7,F,1,0.000831903,0.230024,290.027,0.267126,F
620,1,HappyBirthday,745,9855.88,F,1,0.127808,0.380826,1.20255,42.5029,F
621,1,HappyBirthday,489,6205.96,F,1,0.013047,0.046827,4.2886,4.08306,F
622,1,HappyBirthday,1378,365,F,1,0.0200183,1.59733,21535.1,238.043,F
622,1,HappyBirthday,1062,3650,M,1,0.00205664,0.167656,12.7138,0.640381,F
623,1,HappyBirthday,570,5475.07,M,1,0.00266028,3.00794,103.95,1.1578,F
623,1,HappyBirthday,815,12775.2,F,1,0.110546,0.576092,9.51903,36.4799,F
623,1,HappyBirthday,1064,3650,M,1,0.0194066,0.700663,1691.51,12.9403,F
623,1,HappyBirthday,934,13505.9,F,1,0.179119,2.19709,1164.93,63.6601,F
624,1,HappyBirthday,999,18615.3,F,1,0.000587358,38.4745,124.811,0.219539,F
624,1,HappyBirthday,100,9125.69,M,1,0.00264148,6.14175,952.457,0.848563,F
624,1,HappyBirthday,1104,3285,M,1,0.0022898,1.52972,7.028,0.713808,F
624,1,HappyBirthday,597,14600.8,F,1,0.339676,1.96685,104.92,193.351,F
625,1,HappyBirthday,1314,1095,F,1,0.394768,0.305137,56.0561,181.022,F
625,1,HappyBirthday,1030,4015,F,1,0.00937705,4.17898,0.218101,2.92911,F
625,1,HappyBirthday,776,9125.55,M,1,0.00933467,2.81712,1.72237,2.92008,F
625,1,HappyBirthday,831,25550.7,F,1,0.00018423,0.225812,234.207,0.090788,F
627,1,HappyBirthday,1288,1460,M,1,0.00311408,0.559241,1.16116,0.969669,F
627,1,HappyBirthday,848,16425.9,M,1,5.58763e-05,0.293809,1113.28,0.0180602,F
628,1,HappyBirthday,451,5840.33,F,1,0.00888012,2.0254,0.355551,2.77615,F
629,1,HappyBirthday,460,12045.1,F,1,0.00181956,0.0406761,13.6384,0.600182,F
629,1,HappyBirthday,533,20805.1,M,1,0.000186599,0.354757,0.142801,0.058127,F
629,1,HappyBirthday,1031,4015,M,1,0.305918,0.0444792,897.204,250.932,F
629,1,HappyBirthday,967,8030.5,F,1,1.66187e-05,1.83353,46.8516,0.00577,F
630,1,HappyBirthday,395,17885.4,F,1,0.000112667,0.604835,473.722,0.0600902,F
631,1,HappyBirthday,101,13870.4,F,1,0.00626984,1.49314,5.19643,1.99198,F
631,1,HappyBirthday,400,9125.96,F,1,0.00150276,0.749102,22.3556,0.481536,F
631,1,HappyBirthday,558,7300.64,F,1,0.000890219,0.206584,467.701,0.290319,F
631,1,HappyBirthday,920,15330.1,M,1,0.0462928,0.240083,51.5049,15.2088,F
632,1,HappyBirthday,299,16425.1,M,1,0.175617,0.890597,627.488,60.0639,F
632,1,HappyBirthday,912,25185.4,F,1,0.0316493,0.552021,16.3043,10.2403,F
633,1,HappyBirthday,150,8760.18,F,1,0.00140591,2.23686,0.0936096,0.437079,F
633,1,HappyBirthday,1379,365,M,1,0.000296742,0.428804,12960.8,2.66745,F
633,1,HappyBirthday,1175,2555,M,1,0.0119094,0.178522,309.468,5.2309,F
634,1,HappyBirthday,966,21535.4,M,1,0.000222038,0.341042,9374.47,0.427619,F
634,1,HappyBirthday,324,24090.9,M,1,0.640477,0.321399,3.58266,318.052,F
634,1,HappyBirthday,472,20805,F,1,0.00569384,0.311802,570.146,1.89377,F
634,1,HappyBirthday,501,6935.37,M,1,0.0677732,1.14596,25.4113,23.9287,F
634,1,HappyBirthday,621,13870.9,F,1,0.00153651,5.68839,89.8869,0.580869,F
635,1,HappyBirthday,262,5110.28,M,1,0.00017031,9.6473,0.75523,0.0531528,F
635,1,HappyBirthday,372,15330.4,M,1,2.85535e-05,0.42995,259.062,0.0094612,F
635,1,HappyBirthday,502,4745.2,F,1,0.0118044,0.07329,202.865,3.73625,F
635,1,Births,1431,0,F,0,0,0.0414575,0,0,F
636,1,HappyBirthday,948,19710.2,F,1,0.00565589,1.91783,59.8736,1.78899,F
636,1,HappyBirthday,1380,365,M,1,0.00608211,0.827461,95.8694,2.57271,F
636,1,Births,1432,0,M,0,0,0.061272,0,0,F
637,1,HappyBirthday,107,14600.2,F,1,1.74563e-07,0.0655782,6e-07,5.22e-05,F
637,1,HappyBirthday,584,15330.8,F,1,0,0.0843771,0.587866,0,F
637,1,HappyBirthday,647,6570.15,M,1,0.0984289,11.45,3.61583,32.2169,F
637,1,HappyBirthday,1257,1825,F,1,0.0965982,1.30673,1321.66,40.6756,F
638,1,HappyBirthday,17,6570.46,F,1,0.155203,6.34402,2354.6,57.2263,F
638,1,HappyBirthday,1143,2920,F,1,0.000483333,0.203685,6.30607,0.152031,F
638,1,HappyBirthday,832,12045.2,F,1,0.0505908,0.538235,0.0397368,16.1349,F
639,1,HappyBirthday,137,10585,M,1,0.000610898,0.117588,0.0001088,0.189956,F
639,1,HappyBirthday,263,10585.7,M,1,0.000634882,0.373124,0.192392,0.197484,F
639,1,HappyBirthday,1381,365,F,1,0.53019,0.132637,9078.81,870.633,F
639,1,HappyBirthday,863,17520.6,M,1,0.0011075,0.775007,10.1264,0.344539,F
640,1,HappyBirthday,1105,3285,F,1,0.0581996,1.62659,12.3717,19.0245,F
641,1,HappyBirthday,1066,3650,F,1,0.00413616,0.477286,22.4464,1.38634,F
641,1,HappyBirthday,526,10220.5,M,1,0.0129805,0.117516,75.0985,4.06655,F
642,1,HappyBirthday,1382,365,F,1,0.135157,0.0888082,212.15,65.6613,F
642,1,HappyBirthday,205,9125.3,F,1,0.0094183,15.0255,7.4362,3.0513,F
642,1,HappyBirthday,1106,3285,F,1,0.0321014,1.05005,24.8139,11.0589,F
642,1,HappyBirthday,261,27010.8,M,1,0.00617491,0.242497,275.921,2.64681,F
642,1,HappyBirthday,496,6935.73,F,1,0.00364234,0.187341,4.96352e-05,1.13402,F
642,1,HappyBirthday,1343,730,M,1,0,0.0238694,10.2418,0,F
643,1,HappyBirthday,917,9855.14,M,1,0.00627865,0.0833442,4940.75,3.91725,F
645,1,HappyBirthday,1033,4015,M,1,0.000219686,0.315278,140.103,0.070267,F
645,1,HappyBirthday,507,9855.97,F,1,0.0201011,0.973698,995.464,6.31262,F
645,1,HappyBirthday,519,29565.2,F,1,0.0303146,0.23435,8.84484,9.90674,F
645,1,HappyBirthday,868,14235.1,F,1,0.0049395,0.431668,84.097,1.57146,F
646,1,HappyBirthday,21,12045.9,F,1,0.000192595,22.0099,1215.14,0.310051,F
646,1,HappyBirthday,1177,2555,F,1,0.00228865,0.737682,2219.16,2.98583,F
646,1,HappyBirthday,617,5475.16,F,1,0.0694957,2.2091,11.2298,22.3931,F
646,1,HappyBirthday,633,6935.63,M,1,0.00743614,0.162294,0.00329189,2.31965,F
646,1,HappyBirthday,869,8395.9,M,1,2.8392e-05,0.293369,37627.2,0.0840234,F
647,1,HappyBirthday,9,26645.7,F,1,0,0.199389,90.4969,0,F
647,1,HappyBirthday,323,10950.5,F,1,0.0032629,0.227531,12981.7,3.11986,F
647,1,HappyBirthday,543,20075.3,M,1,6.27602e-06,0.649395,2222.98,0.0160964,F
647,1,HappyBirthday,817,16060.9,F,1,0.000636614,7.11627,12594.1,0.723246,F
648,1,HappyBirthday,177,6205.08,F,1,0.0489546,0.543559,646.378,15.6834,F
648,1,HappyBirthday,812,4380.5,F,1,0.00884964,1.49107,53.6982,2.79553,F
649,1,HappyBirthday,118,6570.68,M,1,0.177167,0.392785,21.6507,62.604,F
649,1,HappyBirthday,1227,2190,F,1,0.00829316,0.836553,10.1082,2.63908,F
650,1,HappyBirthday,1067,3650,M,1,0.0106771,0.40247,1864.34,10.3737,F
650,1,HappyBirthday,955,33945.7,F,1,0.00243485,0.280356,2.34346,0.757662,F
651,1,HappyBirthday,1258,1825,M,1,0.000572626,0.009167,1194.67,0.489343,F
651,1,HappyBirthday,181,29565.8,M,1,0.142484,0.145586,189.594,48.5507,F
651,1,HappyBirthday,933,10585.3,M,1,0.013385,0.389915,2949.07,16.544,F
651,1,HappyBirthday,359,14235.3,M,1,0.0113635,1.58942,12.4036,3.61131,F
652,1,HappyBirthday,1146,2920,M,1,0.098005,0.19997,65.123,39.8165,F
652,1,HappyBirthday,537,5840.53,F,1,0.0130438,38.1369,0.001394,4.08033,F
652,1,HappyBirthday,628,13505.4,F,1,0.105826,3.2555,1879.91,70.4847,F
652,1,HappyBirthday,1259,1825,F,1,0.0526903,0.28338,0.935005,16.8231,F
654,1,HappyBirthday,1034,4015,M,1,0.00729181,0.601857,0.726818,2.28224,F
654,1,HappyBirthday,646,5840.51,F,1,0.420691,0.448239,3704.83,268.449,F
654,1,HappyBirthday,1344,730,M,1,0.00154068,3.48058,108717,23.5583,F
654,1,HappyBirthday,882,11315.5,M,1,0.00329596,0.721773,30.8943,1.02921,F
655,1,HappyBirthday,42,4380.49,F,1,0.000738135,1.57006,0.000100635,0.229474,F
656,1,HappyBirthday,242,25185.9,M,1,0.00142682,0.437813,141.918,0.722284,F
656,1,HappyBirthday,1107,3285,F,1,0.00205903,0.237359,73.2532,0.708732,F
657,1,HappyBirthday,218,10585.3,M,1,0.102701,0.599677,28.2059,33.6776,F
657,1,HappyBirthday,306,12410.3,M,1,9.16355e-05,1.08907,4.49562,0.0291532,F
657,1,HappyBirthday,1383,365,F,1,0.0163821,0.0654767,31.9266,5.83326,F
657,1,HappyBirthday,727,6570.61,F,1,0.298688,0.102999,256.813,141.839,F
658,1,HappyBirthday,847,4745.51,F,1,0.0420694,0.160163,0.491215,13.3801,F
659,1,HappyBirthday,1178,2555,F,1,0.0313978,0.457413,771.024,12.8207,F
659,1,HappyBirthday,349,5840.18,F,1,3.37208e-05,1.38896,3.72561,0.010533,F
659,1,HappyBirthday,505,12045.6,M,1,0.00585532,4.4158,166.614,1.87707,F
660,1,HappyBirthday,12,5475.2,M,1,0.0345093,21.0124,21.7482,10.9485,F
660,1,HappyBirthday,536,22265.1,F,1,0.0658915,0.736745,195.045,36.3918,F
660,1,HappyBirthday,648,5840.68,F,1,0.039432,0.300676,43.1081,13.6969,F
661,1,HappyBirthday,1345,730,F,1,0,0.0520688,1248.41,0,F
662,1,HappyBirthday,423,6935.73,M,1,0.00122863,0.242887,17.1263,0.405686,F
662,1,HappyBirthday,525,11680.1,M,1,0,0.225117,0.204084,0,F
662,1,HappyBirthday,796,10221,F,1,0.11591,0.100743,57.5891,41.5185,F
663,1,HappyBirthday,404,14235.4,M,1,0.00174788,5.39621,5.23861,0.546979,F
664,1,HappyBirthday,29,18980.9,M,1,0.000279124,1.55459,54.9484,0.0954214,F
664,1,HappyBirthday,49,6205.23,F,1,0.00649252,0.471347,79.4297,2.67946,F
664,1,HappyBirthday,65,4745.9,M,1,0.00337481,0.407791,7688.48,9.78888,F
664,1,HappyBirthday,700,16425.3,M,1,0.000857326,0.830982,1.83378,0.268335,F
665,1,HappyBirthday,278,22995.7,F,1,0.124066,0.395853,6.09353,41.1954,F
665,1,HappyBirthday,307,14600.6,M,1,3.42145e-05,2.09741,2878.23,0.0507034,F
666,1,HappyBirthday,253,5110.05,M,1,0.000561318,1.53497,2062.54,0.248445,F
667,1,HappyBirthday,322,27740.5,F,1,7.48699e-05,0.861162,1876.74,0.0305668,F
667,1,HappyBirthday,975,27740.9,M,1,0.079046,0.650189,4.44806,25.7827,F
667,1,HappyBirthday,994,9125.86,F,1,0.000457211,20.056,691.818,0.292381,F
667,1,Births,1433,0,M,0,0,0.0566967,0,0,F
668,1,HappyBirthday,731,16790.4,F,1,0.000200414,3.0563,2180.9,0.0868962,F
669,1,HappyBirthday,466,9125.78,M,1,0.356273,20.3206,829.183,294.009,F
669,1,HappyBirthday,1070,3650,M,1,0.0515582,0.323557,244.958,22.9412,F
669,1,HappyBirthday,940,9855.57,M,1,0.111442,0.316611,0.331964,36.7239,F
670,1,HappyBirthday,195,13140.2,M,1,0.0036147,0.355485,29.7968,1.24983,F
670,1,HappyBirthday,376,17520.8,F,1,0.00835223,18.8166,9649.36,2.9772,F
670,1,HappyBirthday,885,24090.2,M,1,0.00218201,1.08353,48.5509,0.842028,F
670,1,HappyBirthday,1384,365,M,1,0.614588,0.211571,81.6402,386.9,F
672,1,HappyBirthday,282,8030.13,M,1,0.311402,0.733655,2.42646,116.435,F
672,1,HappyBirthday,433,18980.2,M,1,0.00848085,0.187611,3785.18,5.19557,F
672,1,HappyBirthday,714,5840.11,F,1,0.0201923,5.98062,1.00038,6.34825,F
673,1,HappyBirthday,1071,3650,F,1,0.0827565,0.529909,20.6773,26.8514,F
673,1,HappyBirthday,397,27010.2,F,1,0.0103786,0.18643,52.958,3.64283,F
673,1,HappyBirthday,411,8030.14,F,1,2.9337e-05,0.353714,590.971,0.0168452,F
674,1,HappyBirthday,142,17885.6,M,1,0.00695215,1.34375,26.4593,2.22853,F
674,1,HappyBirthday,1228,2190,M,1,0.00413861,0.973236,0.0568433,1.28877,F
674,1,HappyBirthday,1386,365,F,1,0.0823405,0.0158087,9.47248,27.2198,F
674,1,HappyBirthday,1385,365,F,1,0.645573,0.679846,9.33291,322.6,F
675,1,HappyBirthday,1108,3285,M,1,0.0148771,0.124581,12.5795,4.92337,F
675,1,HappyBirthday,1315,1095,M,1,0.0744849,3.88116,14836.6,143.915,F
675,1,HappyBirthday,554,4380.65,M,1,0.000111711,0.598208,350.913,0.0433051,F
676,1,HappyBirthday,13,5475.37,M,1,0.00337796,0.364427,8.63339,1.06526,F
676,1,HappyBirthday,1109,3285,F,1,0.0044632,0.114139,5390.46,1.67205,F
676,1,HappyBirthday,1035,4015,M,1,0.565612,23.5792,0.137441,259.131,F
676,1,HappyBirthday,965,4745.78,F,1,0.000691734,1.41816,353.886,0.520604,F
676,1,HappyBirthday,1148,2920,F,1,0.000872851,0.663984,66.2234,0.287423,F
676,1,HappyBirthday,960,29565.6,F,1,0.0200614,1.20503,5.91537,6.44953,F
676,1,HappyBirthday,1036,4015,M,1,0.00373564,0.56549,0.0014635,1.16299,F
676,1,HappyBirthday,1289,1460,F,1,0.190184,0.251987,5.03984,66.1428,F
677,1,HappyBirthday,1149,2920,M,1,0.184383,0.0768101,772.948,65.7442,F
677,1,HappyBirthday,1037,4015,M,1,0.00332043,4.77232,5282.63,7.5104,F
677,1,HappyBirthday,344,9855.54,M,1,0.00916383,2.42002,0.160907,2.86105,F
678,1,HappyBirthday,483,20075.1,F,1,0.0121145,0.316691,18.0013,3.80454,F
678,1,HappyBirthday,1038,4015,F,1,0.264472,0.287133,35.9108,99.7904,F
679,1,HappyBirthday,300,4745.01,F,1,0.106679,1.10361,100.921,36.9501,F
679,1,HappyBirthday,1110,3285,F,1,0.00316407,0.129403,82.613,1.10271,F
681,1,HappyBirthday,1387,365,M,1,0.468614,0.0451694,8616.94,1448.64,F
681,1,HappyBirthday,383,19710.3,M,1,0.00182666,1.53386,2.27142,0.567923,F
681,1,HappyBirthday,488,6205.28,F,1,0.0105173,0.303482,15.6085,3.29513,F
681,1,HappyBirthday,846,11680.9,M,1,0.0052782,0.171867,2756.45,7.28065,F
681,1,Births,1434,0,F,0,0,0.15848,0,0,F
681,1,Births,1435,0,M,0,0,0.0404382,0,0,F
682,1,HappyBirthday,184,14600.3,M,1,0.00241712,0.986672,50.8426,0.756958,F
682,1,HappyBirthday,379,10950.9,F,1,0.00729214,2.77036,12.5822,2.31072,F
682,1,HappyBirthday,736,4380.93,M,1,0.0182461,1.912,741.948,5.72963,F
683,1,HappyBirthday,406,18980.9,F,1,1.71433e-05,1.98699,12749.9,0.0731486,F
683,1,HappyBirthday,1261,1825,M,1,0.00106237,0.378713,30.3544,0.345665,F
684,1,HappyBirthday,1230,2190,M,1,0.0536365,0.210611,3961.51,24.3927,F
684,1,HappyBirthday,202,4380.37,F,1,0.11628,3.27279,6702.98,273.909,F
684,1,HappyBirthday,1111,3285,F,1,0.197754,0.0282478,1307.35,71.4328,F
684,1,HappyBirthday,384,26645.3,F,1,0.00384462,0.20693,399.406,1.77609,F
684,1,HappyBirthday,413,17885.2,M,1,0.0741669,2.89863,1070.55,23.9682,F
684,1,HappyBirthday,1316,1095,F,1,0.0756732,0.434403,4013.04,148.111,F
684,1,HappyBirthday,1290,1460,M,1,0.148137,0.078165,308.851,71.531,F
684,1,HappyBirthday,1346,730,F,1,0.000246378,0.0840037,68.9038,0.0988241,F
685,1,HappyBirthday,128,21535.3,M,1,0.00017102,6.50687,0,0.0531202,F
685,1,HappyBirthday,562,8030.9,M,1,0.0295155,40.9663,356.403,11.4641,F
686,1,HappyBirthday,315,10220.6,F,1,0.000655258,0.612695,19.3572,0.204396,F
686,1,HappyBirthday,1179,2555,F,1,0.0372204,0.39595,0.373573,11.7958,F
687,1,HappyBirthday,85,6205.77,F,1,0.00217364,12.9867,213.121,0.722544,F
687,1,HappyBirthday,1180,2555,F,1,0.0459188,0.153547,17643,232.163,F
687,1,HappyBirthday,1113,3285,F,1,0.0133169,0.16248,154.832,6.34399,F
687,1,HappyBirthday,542,24820.8,M,1,0.000121658,0.330329,654.423,0.0667538,F
687,1,HappyBirthday,1112,3285,F,1,0,0.816085,1526.46,0,F
687,1,HappyBirthday,893,14235,M,1,0.0313576,0.117516,78.6447,11.0667,F
688,1,HappyBirthday,476,12775.1,M,1,0.00146356,0.308451,5548.93,0.459165,F
688,1,HappyBirthday,521,26645.3,F,1,0.0114492,0.266611,0.204515,3.57904,F
689,1,HappyBirthday,336,12045.4,F,1,0.196604,0.415786,36.1682,68.6039,F
689,1,HappyBirthday,1347,730,F,1,0.093982,0.223063,10402.6,176.436,F
689,1,HappyBirthday,1388,365,F,1,0,0.00091071,0.648884,0,F
690,1,HappyBirthday,679,5110.81,F,1,0.29422,3.01512,0.228872,108.295,F
691,1,HappyBirthday,1114,3285,M,1,0.000603078,0.127342,4522.79,0.19765,F
691,1,HappyBirthday,516,10585.3,M,1,0.211973,1.36417,692.922,75.5056,F
691,1,HappyBirthday,599,8760.44,F,1,3.32586e-05,0.196071,4.7035,0.0105706,F
691,1,HappyBirthday,626,6205.89,F,1,6.60001e-05,1.63656,48.7865,0.0246598,F
693,1,HappyBirthday,108,9125.38,M,1,0.0470524,1.85164,0.0219898,14.9797,F
693,1,HappyBirthday,1389,365,M,1,0.669467,0.0626058,844.645,741.251,F
694,1,HappyBirthday,114,34675.3,M,1,0.00217265,0.240526,3.92082,0.682591,F
694,1,HappyBirthday,448,12775.4,M,1,0.00132383,0.136758,48.1115,0.439559,F
694,1,HappyBirthday,1348,730,M,1,0.417275,3.09354,5155.57,723.527,F
695,1,HappyBirthday,987,16060,M,1,0.0378265,1.14926,35.649,12.6597,F
695,1,HappyBirthday,138,4745.39,F,1,0.00200893,2.42198,893.214,1.43776,F
695,1,HappyBirthday,279,13140.2,M,1,0.00187947,0.592824,0.0151862,0.58462,F
695,1,HappyBirthday,297,13870.9,F,1,0.000848272,19.8717,3.00043,0.266649,F
695,1,HappyBirthday,753,6935.35,F,1,0.288582,1.8851,991.946,107.343,F
695,1,HappyBirthday,1232,2190,F,1,0.009843,0.273262,1382.73,3.07635,F
696,1,HappyBirthday,121,10585.8,M,1,0.0178876,0.162772,8128.99,53.33,F
696,1,HappyBirthday,212,5110.56,M,1,0.0926566,2.02912,59.3874,30.2693,F
696,1,HappyBirthday,659,4380.56,M,1,0.13591,0.291841,12.17,47.8874,F
697,1,HappyBirthday,1072,3650,F,1,0.00270681,0.176014,22.5811,0.927935,F
697,1,HappyBirthday,781,5110.44,F,1,0.784547,0.291539,42.32,502.906,F
697,1,Births,1436,0,F,0,0,0.303866,0,0,F
699,1,HappyBirthday,23,16060.8,M,1,0.00273942,0.355557,68.8396,0.864449,F
699,1,HappyBirthday,695,29930.2,F,1,0.0481373,0.260972,20912.7,29.2612,F
700,1,HappyBirthday,16,10585.9,F,1,0.184413,1.11744,0.855445,63.353,F
700,1,HappyBirthday,283,14965.2,M,1,0.00700238,0.842199,87.5398,2.20195,F
700,1,HappyBirthday,401,18250.1,F,1,0.102419,3.83051,2988.04,156.253,F
700,1,HappyBirthday,1151,2920,M,1,0.305839,0.482576,614.657,297.212,F
701,1,HappyBirthday,492,21170.2,M,1,0.00146412,0.28457,261.847,0.53728,F
701,1,HappyBirthday,752,5110.22,F,1,0.00814751,2.66515,5.44137,2.563,F
702,1,HappyBirthday,996,26645,M,1,0.252587,0.707707,713.701,181.464,F
702,1,HappyBirthday,1317,1095,F,1,0.239166,0.0882864,2533.9,317.651,F
703,1,HappyBirthday,508,16060,M,1,0.000398478,0.1121,1.82416,0.124188,F
703,1,HappyBirthday,515,9855.84,M,1,0.109186,2.03786,77.6396,40.1789,F
703,1,HappyBirthday,590,8030.72,F,1,0.00313338,8.5352,36.8547,1.01816,F
703,1,HappyBirthday,1181,2555,M,1,0.000142154,0.128436,0.0144621,0.0441731,F
704,1,HappyBirthday,1073,3650,M,1,0,2.98392,2011.48,0,F
706,1,HappyBirthday,838,10220.2,M,1,0.122652,0.462304,15.8088,40.6917,F
708,1,HappyBirthday,1152,2920,M,1,0.168108,0.743696,2096.74,57.2931,F
709,1,HappyBirthday,27,14965.4,F,1,0.0005229,0.431579,0.0682692,0.16253,F
709,1,HappyBirthday,267,4745.06,F,1,0.000826587,0.0604772,0.00141542,0.2571,F
710,1,HappyBirthday,1183,2555,M,1,0.00350747,0.852037,21.8019,1.12618,F
711,1,HappyBirthday,295,15330.2,F,1,0.135458,0.234121,0.343609,45.239,F
711,1,HappyBirthday,458,4380.06,M,1,0.000947225,9.59964,21.0872,0.300905,F
712,1,HappyBirthday,748,13505.7,F,1,0.0563551,0.215157,186.539,23.4411,F
713,1,HappyBirthday,465,6205.77,F,1,0.00440065,1.6951,0.290416,1.37151,F
714,1,HappyBirthday,1391,365,F,0,0,0.00484876,0,0,F
714,1,HappyBirthday,1390,365,F,1,0.17006,0.192088,84790.7,1121.93,F
716,1,HappyBirthday,1392,365,F,1,0.00146573,0.529219,25.1201,0.495203,F
716,1,HappyBirthday,80,5110.48,F,1,0.000160119,1.12391,485.124,0.145545,F
716,1,HappyBirthday,1076,3650,F,1,0.0192683,0.0452277,0.38372,6.04891,F
717,1,HappyBirthday,1291,1460,F,1,0.00105422,0.0934212,9.32197,0.342948,F
717,1,HappyBirthday,1077,3650,M,1,0.000863204,6.2507,25.5932,0.296528,F
717,1,HappyBirthday,823,12775.7,F,1,0.0137691,1.52571,0.848557,4.32674,F
718,1,HappyBirthday,422,4745.63,F,1,0.27287,0.966749,14544.1,234.687,F
718,1,HappyBirthday,911,24090.4,F,1,0.00582511,1.10819,1866.79,13.9034,F
719,1,HappyBirthday,557,6205.79,F,1,0.00139682,1.87713,0.175367,0.434249,F
719,1,HappyBirthday,664,30295.6,F,1,0.0222592,0.728503,3248.38,9.33385,F
719,1,HappyBirthday,998,35405.5,F,1,0.0219129,1.69447,0.55464,6.88563,F
720,1,HappyBirthday,392,14600.4,M,1,0.689844,0.0477438,197.223,381.183,F
720,1,HappyBirthday,1263,1825,F,1,0.0799436,3.43066,127.88,34.0412,F
720,1,HappyBirthday,595,12775.4,F,1,0.00505784,0.508081,2068.31,1.66784,F
720,1,HappyBirthday,1292,1460,F,1,0.00772793,0.219432,28.9397,2.41419,F
720,1,HappyBirthday,804,8760.5,F,1,1.62148e-05,0.294248,378.604,0.0120576,F
721,1,HappyBirthday,66,14600,M,1,0.0130395,3.30045,7.89145,4.11092,F
721,1,HappyBirthday,348,15695.3,F,1,0.0302273,4.55051,779.466,34.8522,F
721,1,HappyBirthday,682,12410.6,M,1,0.0467595,5.11804,9287.58,93.7367,F
721,1,HappyBirthday,711,5475.39,F,1,0.000254728,0.133362,0.172819,0.0791948,F
722,1,HappyBirthday,1233,2190,M,1,0.000321282,2.37918,33.2422,0.114486,F
722,1,HappyBirthday,891,10950.7,F,1,0.203797,0.401631,8237.17,96.0821,F
723,1,HappyBirthday,7,12045,F,1,0.000570518,2.66201,11.6902,0.180806,F
723,1,HappyBirthday,239,9125.72,F,1,0.000779446,0.353228,0.009292,0.242333,F
723,1,HappyBirthday,687,5110.94,F,1,0.0200599,0.394139,6804.57,57.3953,F
723,1,HappyBirthday,741,30295,F,1,0.000678559,0.801153,15908.6,0.463393,F
724,1,HappyBirthday,131,7300.65,F,1,0.00742045,0.230642,148.542,2.84041,F
724,1,HappyBirthday,1393,365,M,0,0,0.00468872,0,0,F
724,1,HappyBirthday,1115,3285,F,1,0.000696021,0.29255,15.545,0.221386,F
724,1,HappyBirthday,1078,3650,F,1,0.0112338,1.32099,53.294,3.76917,F
725,1,HappyBirthday,78,5475.33,F,1,0.058447,1.36332,62.1715,19.0206,F
726,1,HappyBirthday,1186,2555,F,1,0.609002,0.0249008,31.7361,299.857,F
726,1,HappyBirthday,813,8030.23,M,1,0,0.0933882,5.19338,0,F
727,1,HappyBirthday,1079,3650,M,1,0.0025454,0.448843,16.4924,0.850001,F
727,1,HappyBirthday,887,6570.8,F,1,0.0212669,0.706717,404.188,11.0711,F
727,1,HappyBirthday,1349,730,F,1,0.00746642,0.214533,7397.52,45.5026,F
727,1,HappyBirthday,1350,730,F,1,0.0836076,0.0380956,43.5306,28.1846,F
728,1,HappyBirthday,32,6570.5,M,1,0.0716485,0.398677,2830.04,43.2083,F
728,1,HappyBirthday,629,6935.32,F,1,0.308355,0.318136,1210.21,179.494,F
730,1,HappyBirthday,1041,4015,F,1,0.00123078,0.91628,0.030952,0.382795,F
730,1,HappyBirthday,325,16060.3,M,1,0.055609,1.75079,354.098,21.6874,F
730,1,HappyBirthday,985,11315,M,1,0.00187337,3.99208,228.962,1.1372,F
731,1,HappyBirthday,1394,365,F,1,0.363178,0.0767579,13508.7,557.734,F
731,1,HappyBirthday,437,21170.5,M,1,0.222974,2.09055,6928.61,374.436,F
731,1,HappyBirthday,499,8760.35,M,1,0.00680012,9.46311,495.657,2.17825,F
732,1,HappyBirthday,51,5475.45,F,1,6.80333e-05,2.30624,7826.54,0.37404,F
732,1,HappyBirthday,1235,2190,M,1,0.74736,0.100846,5.83579,436.326,F
732,1,HappyBirthday,453,14600.9,M,1,0.00721979,10.6249,1.34977,2.25451,F
732,1,HappyBirthday,1154,2920,M,1,0.0164191,1.50669,11118.5,63.2659,F
732,1,HappyBirthday,898,9125.72,M,1,0.0288768,1.25626,123.472,13.3838,F
733,1,HappyBirthday,601,16060.5,F,1,0.00619738,6.49061,1907.17,15.2528,F
734,1,HappyBirthday,1116,3285,M,1,0.111555,2.67939,33455.5,142.508,F
735,1,HappyBirthday,585,23360.6,M,1,0.0630002,0.568035,464.959,22.5636,F
736,1,HappyBirthday,565,13505.8,M,1,0.0635769,1.22367,63.015,24.9727,F
736,1,HappyBirthday,613,5475.49,M,1,0.000964173,31.1158,20292.2,1.00092,F
737,1,HappyBirthday,371,10950.2,M,1,0.0577686,0.0443397,98.6199,22.2709,F
737,1,Births,1437,0,F,0,0,0.0651081,0,0,F
738,1,HappyBirthday,178,10585,M,1,1.7502e-05,1.0708,18.7484,0.0054934,F
738,1,HappyBirthday,1320,1095,F,1,0.216616,0.79844,14830.1,113.061,F
738,1,HappyBirthday,771,7300.43,M,1,0.000965109,1.59316,19.1194,0.310002,F
738,1,HappyBirthday,1351,730,F,1,0.167872,1.31905,252.924,89.8946,F
739,1,HappyBirthday,546,8030.69,F,1,0.0259191,5.0443,24.353,8.31142,F
740,1,HappyBirthday,1042,4015,F,1,0.0477568,0.870957,1.06355,15.2731,F
741,1,HappyBirthday,377,11315.6,M,1,0.00101194,3.20113,0.574324,0.314896,F
742,1,HappyBirthday,434,23360.6,F,1,0.0885211,4.40668,64.0693,34.6586,F
742,1,HappyBirthday,596,12775.6,F,1,0.0138678,0.149872,101.948,4.33979,F
742,1,HappyBirthday,872,13140.1,M,1,0.00602327,0.220553,0.0380592,1.87745,F
742,1,HappyBirthday,881,6205.37,M,1,0.000526487,4.55589,35.8077,0.191132,F
742,1,HappyBirthday,1352,730,M,1,0.0027542,0.0640299,6.35868,0.864458,F
743,1,HappyBirthday,1189,2555,F,1,0.00143112,0.585548,46.0114,0.47507,F
743,1,HappyBirthday,1264,1825,M,1,0.0524658,0.193136,86.9885,18.1922,F
744,1,HappyBirthday,1156,2920,M,1,0.127124,1.73311,146.056,58.5819,F
744,1,HappyBirthday,449,5840.63,F,1,0.0265191,0.897109,151.172,8.64394,F
744,1,HappyBirthday,1395,365,M,1,0.00967784,0.500921,44.3956,3.25075,F
745,1,HappyBirthday,1353,730,F,1,0.135737,0.200225,33.1822,52.81,F
745,1,HappyBirthday,586,20805.2,F,1,3.39387e-05,0.221211,0.0049024,0.0105548,F
745,1,HappyBirthday,819,14965,F,1,0.00047422,51.293,108.864,0.161965,F
746,1,HappyBirthday,928,5110.58,M,1,0.00125504,0.846809,0.00313228,0.390149,F
746,1,HappyBirthday,81,8395.73,M,1,0.00025409,0.482403,2966.19,0.467661,F
746,1,Births,1438,0,M,0,0,0.0305058,0,0,F
747,1,HappyBirthday,464,9855.8,M,1,0,0.615418,0.109816,0,F
747,1,HappyBirthday,1265,1825,M,1,0.00159626,0.0470972,67.4052,0.543659,F
747,1,HappyBirthday,806,29930.9,M,1,6.5499e-05,3.57311,20983.1,0.132767,F
747,1,HappyBirthday,809,10585.9,M,1,4.79569e-05,0.547604,2.99198,0.0149092,F
748,1,HappyBirthday,216,18250.8,F,1,0.00195983,3.76133,3.92593,0.613806,F
748,1,HappyBirthday,666,21170.6,F,1,0.00331562,0.845877,2.4e-06,1.03231,F
748,1,HappyBirthday,1117,3285,F,1,0.000104501,0.857992,7155.53,0.596297,F
748,1,HappyBirthday,927,5475.69,F,1,1.81456e-05,1.44003,2785.94,0.0115807,F
748,1,HappyBirthday,825,9490.23,F,1,0.00830873,0.201336,0.0063074,2.59293,F
749,1,HappyBirthday,122,18980.1,M,1,0.000454631,0.3827,7.28837,0.146554,F
749,1,HappyBirthday,616,17885.2,M,1,0.0785543,2.62631,3.29615,25.4417,F
749,1,HappyBirthday,1354,730,M,1,0.0115631,1.25543,93.4412,4.13316,F
749,1,HappyBirthday,785,10950,M,1,0.00213079,0.358695,41.1746,0.665878,F
751,1,HappyBirthday,625,6935.98,F,1,0.00925672,3.78937,11.3505,2.89313,F
751,1,HappyBirthday,1190,2555,F,1,0.136403,0.324914,43.4227,51.3946,F
752,1,HappyBirthday,1043,4015,M,1,0.00114342,0.120701,10.9142,0.355746,F
752,1,HappyBirthday,1002,4380,M,1,0.001484,0.244907,0.00182879,0.46144,F
752,1,HappyBirthday,509,9855.95,M,1,0.00951088,1.68677,4.33986,2.97039,F
752,1,HappyBirthday,619,5475.97,M,1,0.00248167,0.33849,296.426,1.68418,F
752,1,HappyBirthday,710,5110.96,M,1,0.0162565,0.327269,2.04332,5.12647,F
752,1,HappyBirthday,821,6935.9,F,1,0.00608886,1.96355,7.35444,1.89828,F
753,1,HappyBirthday,573,16060.1,M,1,4.25976e-05,1.09043,4013.04,0.164823,F
754,1,HappyBirthday,55,12775.2,M,1,0.0817662,4.28632,17.9712,27.1908,F
754,1,HappyBirthday,1236,2190,F,1,0.635325,0.179269,152.577,341.483,F
755,1,HappyBirthday,1003,4380,M,1,0.0279098,0.555549,114.94,13.0488,F
755,1,HappyBirthday,426,15695.5,F,1,0.000496309,1.58321,1.27394,0.154504,F
755,1,HappyBirthday,642,10220.3,M,1,0.112632,5.48547,41.1155,39.8064,F
756,1,HappyBirthday,1321,1095,F,1,0.186195,0.466675,80.1559,85.0677,F
756,1,HappyBirthday,1004,4380,M,1,0.000203101,12.7026,1915.46,0.0855346,F
756,1,HappyBirthday,548,12410.6,F,1,8.40232e-06,1.10175,37938.9,0.031866,F
757,1,HappyBirthday,1044,4015,M,1,0.00756706,1.1512,1.66389,2.36138,F
757,1,HappyBirthday,53,29930.5,M,1,3.88769e-06,0.478884,12473.5,0.0061986,F
757,1,HappyBirthday,1237,2190,M,1,0.288164,0.404795,1850.29,391.359,F
757,1,HappyBirthday,950,5840.25,M,0,0,0.107005,0,0,F
758,1,HappyBirthday,1266,1825,F,1,0.0132605,0.460318,1150.57,4.14838,F
758,1,HappyBirthday,1294,1460,F,1,0.0366294,0.0860144,18.5415,12.6837,F
759,1,HappyBirthday,486,14965,F,1,0.0191557,0.777209,44039.6,31.4039,F
759,1,HappyBirthday,778,10585.4,M,1,0.000321333,0.990994,59360.4,1.00085,F
760,1,HappyBirthday,1396,365,M,1,0.160053,0.0908215,7.96222,54.7015,F
760,1,HappyBirthday,1005,4380,M,1,0.00375982,0.220942,19.0998,1.2254,F
760,1,HappyBirthday,673,5475.29,F,1,0.00920237,1.40682,47.4344,2.87981,F
760,1,HappyBirthday,1295,1460,M,1,0.0296409,5.08345,56.7831,10.0681,F
760,1,HappyBirthday,788,10221,M,1,0,0.0585304,0.003,0,F
760,1,HappyBirthday,844,9125.31,M,1,0,43.3888,128.429,0,F
761,1,HappyBirthday,495,21170.9,M,1,0.143251,1.0424,224.923,57.5919,F
762,1,HappyBirthday,61,11315.4,M,1,0.00076556,4.79043,1324.6,1.06323,F
762,1,HappyBirthday,1157,2920,M,1,0.00316807,0.203179,49.0574,1.05572,F
763,1,HappyBirthday,1355,730,M,1,0.135136,3.3914,13065.6,1266.93,F
763,1,HappyBirthday,259,8395.19,M,1,0.000107123,0.0875906,883.421,0.0772156,F
763,1,HappyBirthday,416,8030.49,M,1,0.000241308,0.76863,796.733,0.319996,F
763,1,HappyBirthday,1192,2555,F,1,0.0149548,0.264858,35.3504,4.96757,F
763,1,HappyBirthday,1397,365,F,1,0.18082,1.53938,33.6392,64.745,F
764,1,HappyBirthday,1158,2920,F,1,0.00181394,22.5909,22896,1.6962,F
764,1,HappyBirthday,654,5475.64,M,1,0.000434874,1.76229,0.323218,0.135362,F
764,1,HappyBirthday,762,20075.8,F,1,0.00263644,20.623,1.39255,0.820419,F
764,1,HappyBirthday,1081,3650,M,1,0.0719649,0.0733227,120.624,24.1966,F
765,1,HappyBirthday,134,18980.8,M,1,0.0076035,0.363436,2.36933,2.38366,F
766,1,HappyBirthday,749,5110.74,M,1,0.00105646,0.679499,0.504893,0.328876,F
767,1,HappyBirthday,105,8760.89,F,1,0.00199695,4.2097,69.6555,0.705195,F
767,1,HappyBirthday,335,6205.22,M,1,0.0913509,0.278007,0.111707,29.7733,F
767,1,HappyBirthday,1267,1825,F,1,0.000545507,0.0148491,18431.7,0.332794,F
768,1,HappyBirthday,374,14600.6,F,1,0.007702,0.281854,7.48264,2.40307,F
768,1,HappyBirthday,751,9490.6,F,1,0.0107168,6.02291,4288.12,3.99241,F
769,1,HappyBirthday,670,18980.4,M,1,0.000975712,2.34045,1222.07,0.825745,F
770,1,HappyBirthday,1398,365,M,1,5.2836e-05,1.03904,1258.61,0.0879134,F
770,1,HappyBirthday,1356,730,M,1,0.000343959,0.393563,273.814,0.21462,F
770,1,HappyBirthday,1082,3650,F,1,0.000145719,0.448498,1029.99,0.108064,F
770,1,HappyBirthday,1268,1825,F,1,0.0329474,0.834024,2.13928,10.4149,F
771,1,HappyBirthday,252,9490.4,M,1,0.0789286,0.69802,4026.38,89.3404,F
771,1,HappyBirthday,350,30295.8,F,1,0.0504835,0.802386,9.56646,16.0998,F
771,1,HappyBirthday,485,15330.9,M,1,0.0673207,0.380903,559.846,40.9208,F
771,1,HappyBirthday,1322,1095,F,1,0.00813852,11.8054,6448.39,21.7904,F
772,1,HappyBirthday,1193,2555,M,1,0.00685476,3.7855,0.220419,2.13947,F
773,1,HappyBirthday,1357,730,M,1,0.253789,0.0877654,16797.8,365.04,F
774,1,HappyBirthday,1323,1095,F,1,0.00240316,0.615918,4.14942,0.747935,F
776,1,HappyBirthday,1006,4380,M,1,0.000383693,0.364007,553.683,0.142066,F
776,1,HappyBirthday,1399,365,M,1,0.000787922,1.45216,13.1027,0.261356,F
777,1,HappyBirthday,1084,3650,M,1,0.0172734,2.71714,85.8804,5.41682,F
777,1,HappyBirthday,632,15330.3,F,1,0.0239164,0.399045,66.0538,8.6724,F
777,1,HappyBirthday,715,8760.49,F,1,0.00168874,7.18937,7.51067,0.525366,F
777,1,HappyBirthday,1159,2920,M,1,0.000712794,0.1455,19.3631,0.221492,F
777,1,HappyBirthday,1400,365,M,1,0.0562075,0.273958,59.1796,22.9082,F
778,1,HappyBirthday,1238,2190,M,1,0.00327142,0.170285,9900.34,21.5503,F
779,1,HappyBirthday,98,14600.6,M,1,9.77133e-05,0.412946,8.01456,0.0307838,F
779,1,HappyBirthday,1007,4380,F,1,0.189106,8.56458,296.379,65.9533,F
779,1,HappyBirthday,1401,365,F,1,0.0101009,0.00772414,9.38729e-05,3.15616,F
779,1,HappyBirthday,822,10585.7,F,1,0.0500271,3.5761,121.367,18.8811,F
781,1,HappyBirthday,154,12410.8,M,1,0.00130774,1.17369,0.0001642,0.406657,F
782,1,HappyBirthday,63,24090.8,M,1,0.000622254,0.075766,0,0.19333,F
782,1,HappyBirthday,249,6205.03,M,1,0.00652502,0.509861,2.07822,2.03478,F
782,1,HappyBirthday,1269,1825,M,1,0.0479631,0.200563,35.9157,16.1927,F
782,1,HappyBirthday,843,14965.6,F,1,0.0458814,0.338327,480.35,17.2169,F
783,1,HappyBirthday,808,4745.44,M,1,0.00130749,1.35618,0.20839,0.407031,F
784,1,HappyBirthday,1195,2555,M,1,0.00170915,1.88978,621.345,1.75728,F
784,1,Births,1439,0,F,0,0,0.350211,0,0,F
785,1,HappyBirthday,1196,2555,M,1,0.0172932,1.5764,5.50379,5.44233,F
785,1,HappyBirthday,857,11680.8,F,1,0.00571976,0.138449,23.0955,1.83925,F
786,1,HappyBirthday,163,10220.2,F,1,0.00124452,5.53469,75.3877,0.427951,F
786,1,HappyBirthday,1324,1095,F,1,0.0390595,0.0332747,75.031,13.4643,F
786,1,HappyBirthday,450,11680.1,F,1,0.000483931,1.06965,0.0556138,0.150494,F
787,1,HappyBirthday,803,14235.9,F,1,1.67974e-05,1.27618,236.593,0.0103678,F
788,1,HappyBirthday,1120,3285,F,1,3.33963e-08,0.177699,11645.7,0.00024917,F
788,1,Births,1440,0,M,0,0,0.0648062,0,0,F
789,1,HappyBirthday,980,24090.6,M,1,0.000206954,0.0390586,2.4e-06,0.064335,F
789,1,HappyBirthday,1160,2920,F,1,0.000590604,0.0292768,24.0349,0.19452,F
789,1,HappyBirthday,1270,1825,M,1,0.00349339,0.209783,65.1713,1.18525,F
789,1,HappyBirthday,604,13140.2,M,1,0.0105314,3.08119,2626.5,12.2745,F
790,1,HappyBirthday,241,8760.9,M,1,0.000619208,0.166551,1.08325,0.193017,F
790,1,HappyBirthday,1402,365,F,1,0.0023565,6.16151,0.0222134,0.733331,F
790,1,HappyBirthday,368,8395.08,F,1,0.0400921,0.601862,1.03241,12.734,F
791,1,Births,1441,0,F,0,0,0.0398927,0,0,F
792,1,HappyBirthday,729,5110.49,M,1,0.145804,1.52359,6.92642,49.1474,F
792,1,HappyBirthday,775,8030.49,M,1,0.00640414,2.20813,2.659,2.00786,F
793,1,HappyBirthday,217,29930.7,F,1,0.000614208,9.95254,8.88917,0.191917,F
793,1,HappyBirthday,668,7665.68,M,1,0.000586283,0.408014,457.691,0.190966,F
793,1,HappyBirthday,1325,1095,M,1,0.000191599,1.29856,3563.68,0.677303,F
793,1,HappyBirthday,1403,365,F,1,0.00218809,0.121621,38.4765,0.712611,F
793,1,HappyBirthday,1404,365,M,1,0.0310879,6.43477,32.0748,11.0855,F
794,1,HappyBirthday,159,11315.6,F,1,0.347603,1.34574,236.65,133.874,F
794,1,HappyBirthday,230,29930,M,1,0.00207101,0.939963,100.813,0.658413,F
794,1,HappyBirthday,772,8760.07,M,1,0.0140013,1.82012,0.040906,4.38182,F
794,1,HappyBirthday,830,25185.6,F,1,0.00305236,0.237385,1.76753,0.957871,F
794,1,Births,1442,0,M,0,0,0.00146808,0,0,F
795,1,HappyBirthday,232,12045.4,F,1,0.000611795,6.37048,1110.24,0.495947,F
795,1,HappyBirthday,1199,2555,M,1,2.92139e-05,0.374708,54.7215,0.00920273,F
795,1,HappyBirthday,874,13505.9,M,1,0.00310045,0.0123099,41.1522,1.02019,F
795,1,Births,1443,0,M,0,0,0.0513532,0,0,F
796,1,HappyBirthday,45,12045.7,F,1,0.0400009,0.455641,0.0490084,12.6871,F
796,1,HappyBirthday,57,5475.97,F,1,0.00223789,0.444982,40.5331,0.698313,F
796,1,HappyBirthday,93,7300.85,F,1,0.000445137,6.93195,2.04975,0.139493,F
796,1,HappyBirthday,445,5475.18,F,1,0.0018701,3.35548,76.7926,0.7113,F
796,1,HappyBirthday,534,27375.6,M,1,0.459395,2.45464,0.183312,191.162,F
796,1,HappyBirthday,579,18615.9,F,1,0.00234093,0.4109,43395.5,6.10763,F
797,1,HappyBirthday,1271,1825,F,1,0.132727,0.306668,865.667,104.367,F
797,1,HappyBirthday,1047,4015,M,1,0.00194266,1.67722,21.2728,0.626377,F
797,1,HappyBirthday,1239,2190,F,1,0.0137591,0.0352583,50882.4,22.9406,F
797,1,HappyBirthday,761,18615.1,M,1,1.18276e-05,3.15808,10917.2,0.0847484,F
799,1,HappyBirthday,531,24455.3,F,1,0.00392468,0.260009,1764.94,4.37026,F
799,1,HappyBirthday,910,8760.56,M,1,0,0.407212,0.458229,0,F
800,1,HappyBirthday,1009,4380,M,1,0.0108139,1.36851,0.325749,3.38069,F
801,1,HappyBirthday,256,5475.01,M,1,0.000128361,0.0307513,1591.11,0.0515454,F
801,1,HappyBirthday,926,22630.4,M,1,0.0148888,0.405914,11.023,4.79793,F
802,1,HappyBirthday,19,4745.06,F,1,0.000207981,3.5994,0.865376,0.0647491,F
802,1,HappyBirthday,1048,4015,F,1,0.00427652,0.537738,53.0098,1.33687,F
803,1,HappyBirthday,268,10220.7,F,1,0.000544669,6.07517,219.733,0.324325,F
803,1,HappyBirthday,637,5110.93,M,1,0.0113148,0.229033,2707.84,7.22254,F
803,1,HappyBirthday,1121,3285,F,1,0.000262965,0.132334,243.03,0.0865324,F
804,1,HappyBirthday,192,8395.63,M,1,0.0163296,2.42792,11.6396,5.41505,F
804,1,HappyBirthday,251,5475.64,M,1,0.000634286,13.6901,47.4294,0.198851,F
805,1,HappyBirthday,1010,4380,M,1,0.000388804,2.2155,302.336,0.130553,F
805,1,HappyBirthday,1358,730,M,1,0.4151,0.416642,76.9849,193.956,F
805,1,HappyBirthday,1326,1095,F,1,0.00289169,0.391211,39.0401,0.952087,F
806,1,HappyBirthday,946,8760.94,F,1,0.00658673,0.328714,66.4004,2.05397,F
806,1,HappyBirthday,133,9125.88,F,1,0.19659,0.0363776,33742.9,259.736,F
806,1,HappyBirthday,766,11680.8,F,1,0.00226014,0.0244938,0.0628442,0.703109,F
807,1,HappyBirthday,355,5110.58,F,1,0.0185852,1.65922,98.9429,6.01452,F
807,1,HappyBirthday,455,14965.1,F,1,0.00693361,0.194397,5.38987,2.16299,F
807,1,HappyBirthday,480,25550.2,M,1,0.00411229,0.43425,1.17116,1.28278,F
807,1,HappyBirthday,487,15695,M,1,0.00060968,0.170033,4042.92,0.333107,F
807,1,HappyBirthday,653,20440.2,M,1,0,1.72814,60.0803,0,F
808,1,HappyBirthday,311,13870,F,1,0.000170703,0.921337,4766.61,0.716269,F
809,1,HappyBirthday,328,6570.26,M,1,0,1.48842,2.25763,0,F
809,1,HappyBirthday,854,11680,M,1,0.000162923,0.109045,0.0912328,0.050676,F
810,1,HappyBirthday,59,6205.96,F,1,0.0624796,1.74699,11.3653,20.9908,F
810,1,HappyBirthday,1201,2555,F,1,0.0215069,0.216427,1359.91,18.8886,F
810,1,HappyBirthday,641,8760.67,M,1,0.0455851,0.244893,137.292,23.0787,F
810,1,HappyBirthday,867,8030.78,F,1,0.545837,5.41613,75.6753,321.171,F
811,1,HappyBirthday,381,28470.8,F,1,0.0256788,11.2019,30.3578,8.50384,F
812,1,Births,1444,0,F,0,0,2.92795,0,0,F
812,1,Births,1445,0,M,0,0,0.00367175,0,0,F
813,1,HappyBirthday,1328,1095,M,1,0.000113419,0.210585,8780.34,0.764746,F
813,1,HappyBirthday,1327,1095,M,1,0.00705283,0.122418,15419.6,7.06354,F
813,1,HappyBirthday,580,14235.2,M,1,0.00301831,2.0432,3087.84,1.61923,F
813,1,HappyBirthday,723,9125.06,M,1,5.40264e-06,3.97225,157.796,0.001846,F
815,1,HappyBirthday,333,10585.5,F,1,0.000226857,8.37842,92.0461,0.0816366,F
815,1,HappyBirthday,1011,4380,F,1,0.0351105,0.874195,0.21655,11.1173,F
816,1,HappyBirthday,1162,2920,F,1,0.0202888,0.100197,84.153,6.74365,F
816,1,HappyBirthday,961,5840.49,M,1,0.0104573,49.3453,156.801,3.98011,F
816,1,HappyBirthday,755,5840.65,M,1,0.00348316,0.198097,1945.07,1.99607,F
817,1,HappyBirthday,615,7300.25,M,1,0.00833249,1.49496,0.00775512,2.60041,F
817,1,HappyBirthday,901,13505.3,F,1,0.0957148,0.223532,1.00792,31.2678,F
818,1,HappyBirthday,363,5475.58,M,1,0.147227,0.371405,0.738761,49.5221,F
818,1,HappyBirthday,518,8395.78,F,1,0.00553612,0.599393,80.4546,1.77353,F
818,1,HappyBirthday,699,14600.5,F,1,0.000468925,3.05281,5.0772,0.145756,F
819,1,HappyBirthday,207,13505,M,1,0.0151588,1.49172,31.845,4.95424,F
819,1,Births,1446,0,F,0,0,0.0466833,0,0,F
820,1,HappyBirthday,125,9490.86,M,1,0.0249581,1.13625,29.7627,8.18365,F
820,1,HappyBirthday,135,13505.4,F,1,0.00600002,4.91684,9.08119,1.87463,F
820,1,HappyBirthday,186,9490.36,M,1,0.00187799,4.31502,5.5544,0.585563,F
820,1,HappyBirthday,294,26280.5,F,1,0.00308234,0.442489,10.0227,0.959597,F
820,1,HappyBirthday,862,11315.1,M,1,0.00249769,1.02195,0.0670252,0.777257,F
821,1,HappyBirthday,1202,2555,M,1,0.0398317,2.26359,117.49,13.5323,F
821,1,HappyBirthday,1050,4015,F,1,0.000786614,0.0863345,4.89858,0.244669,F
821,1,HappyBirthday,976,6205.38,F,1,0.0731046,1.08472,0.0508274,23.5918,F
822,1,HappyBirthday,1405,365,F,1,0.00277842,1.36697,0.388055,0.86512,F
822,1,HappyBirthday,1012,4380,F,1,0.0781733,0.104254,13.8755,26.571,F
823,1,HappyBirthday,1329,1095,M,1,0.18232,0.552165,74.0404,81.6668,F
823,1,HappyBirthday,1406,365,F,1,0.137159,0.560399,58178.3,1542.1,F
823,1,HappyBirthday,308,19710.8,F,1,0.00196521,1.11523,38.8659,0.64438,F
823,1,HappyBirthday,506,5110,M,1,0.0389763,0.58696,753.787,39.1646,F
823,1,HappyBirthday,1087,3650,F,1,0.00104854,0.0372108,15.9845,0.350391,F
824,1,HappyBirthday,403,9490.33,F,1,0.00101827,0.549072,2.19124,0.316614,F
824,1,HappyBirthday,425,21170.2,M,1,0.0803996,1.2758,73.9597,28.7767,F
824,1,HappyBirthday,478,11315.8,M,1,0.01324,0.0608101,317.685,4.3434,F
826,1,HappyBirthday,1088,3650,F,1,0.247141,0.720286,65.9617,112.877,F
827,1,HappyBirthday,67,8030.65,M,1,0.0597969,0.528174,6.13125,19.1674,F
827,1,Births,1447,0,M,0,0,0.0180192,0,0,F
828,1,HappyBirthday,1089,3650,F,1,3.40261e-05,1.33109,0,0.0105475,F
828,1,HappyBirthday,550,5110.81,F,1,0.00397543,7.10767,2.86381,1.25463,F
828,1,HappyBirthday,672,11680.8,F,1,0.0077849,2.78033,3391.92,5.81103,F
828,1,HappyBirthday,770,13870.5,F,1,0.000992559,10.3804,12.0484,0.313964,F
829,1,HappyBirthday,978,27010.8,F,1,0.127567,3.44835,8.32072,42.422,F
829,1,HappyBirthday,179,19345.9,F,1,0.166918,1.26539,1045.21,66.7297,F
829,1,HappyBirthday,896,6935.66,F,1,0.0047678,0.134822,0.520966,1.48575,F
830,1,HappyBirthday,1013,4380,F,1,0.00742546,3.15842,860.39,3.66275,F
830,1,Births,1448,0,M,0,0,0.0512735,0,0,F
831,1,HappyBirthday,314,7300.74,F,1,0.213365,0.681515,87.2206,74.6102,F
831,1,HappyBirthday,706,5110.32,M,1,0.00103915,3.87761,2.88063,0.32475,F
832,1,HappyBirthday,1296,1460,F,1,0.37239,0.198015,176.942,169.357,F
832,1,HappyBirthday,614,7300.99,M,1,0.0169357,0.221433,1993.15,6.07395,F
832,1,HappyBirthday,774,32120.1,F,1,0.00266437,0.641403,0.18039,0.829183,F
832,1,HappyBirthday,1407,365,F,1,0.000569615,0.163148,6178.16,1.45207,F
833,1,HappyBirthday,793,6205.58,M,1,1.18043e-05,0.0893652,1473.41,0.0247714,F
835,1,HappyBirthday,44,7665.94,F,1,9.65943e-05,0.6175,4.75016,0.0307594,F
835,1,HappyBirthday,732,5475,F,1,0.000115011,0.462177,105.267,0.0368087,F
836,1,HappyBirthday,471,12045.1,M,1,0.023909,0.29009,0.574041,7.52097,F
836,1,HappyBirthday,691,5110.56,F,1,0.00776835,0.107638,2926.49,11.3674,F
836,1,HappyBirthday,704,4745.37,F,1,0.0116164,5.39369,207.135,3.6333,F
836,1,HappyBirthday,1242,2190,F,1,0.000291055,2.98147,33.3447,0.0953339,F
837,1,HappyBirthday,963,32485.2,M,1,0.180895,0.597114,41229.6,285.489,F
838,1,Births,1449,0,M,0,0,2.79394,0,0,F
839,1,HappyBirthday,146,4745.53,F,1,0.00158499,0.239191,1.79601,0.497562,F
839,1,HappyBirthday,607,12045.5,M,1,0.00246794,1.79119,37.5439,0.812318,F
839,1,HappyBirthday,1164,2920,F,1,0.685905,1.30011,71.1969,364.956,F
839,1,HappyBirthday,833,14600.4,M,1,0.00684248,0.517965,744.068,2.27768,F
840,1,HappyBirthday,89,25185.2,F,1,0.0581049,3.30596,58.4687,18.7487,F
840,1,HappyBirthday,1204,2555,M,1,0.164527,0.114961,0.799469,56.0402,F
841,1,HappyBirthday,1359,730,M,1,0.0053345,0.0388991,3884,2.26999,F
841,1,HappyBirthday,693,7300.54,M,1,0.06835,0.350975,297.569,22.2771,F
842,1,HappyBirthday,171,10220.5,M,1,0.0930406,0.491119,1529.5,187.526,F
842,1,Births,1450,0,M,0,0,0.125228,0,0,F
844,1,HappyBirthday,1205,2555,M,1,0.0119678,0.978082,131963,93.3293,F
844,1,HappyBirthday,1125,3285,F,1,0,0.798892,32.1295,0,F
844,1,HappyBirthday,424,22995.7,M,1,0.162803,4.49363,183.89,57.3473,F
845,1,HappyBirthday,233,7300.47,F,1,0.0454474,1.78742,2.33,14.5619,F
845,1,HappyBirthday,984,6205.21,M,1,0.915475,1.00275,303.522,787.177,F
845,1,HappyBirthday,1243,2190,F,1,0.175659,0.130472,79.1154,75.9602,F
846,1,HappyBirthday,5,16790,F,1,0.0707521,0.284667,1594.23,26.5,F
846,1,HappyBirthday,1165,2920,F,1,0.123822,8.04787,54.442,46.646,F
847,1,HappyBirthday,1166,2920,F,1,0.135857,0.402415,3483.51,200.054,F
847,1,HappyBirthday,1207,2555,M,1,0.0270935,9.2656,35.0773,9.04977,F
847,1,HappyBirthday,606,10585.6,F,1,0.00906932,0.533833,3674.68,3.15151,F
847,1,HappyBirthday,612,19710.8,F,1,0.00143991,0.108231,3821.13,3.70523,F
847,1,HappyBirthday,871,8030.57,F,1,0.0712655,2.13658,228.111,22.9766,F
847,1,HappyBirthday,1206,2555,F,1,0.00971936,0.0265469,6.21192,3.06792,F
847,1,HappyBirthday,1360,730,F,1,0.0470533,0.106766,4074.79,37.0548,F
847,1,Births,1451,0,F,0,0,0.205121,0,0,F
848,1,HappyBirthday,635,19710.4,M,1,0.00181907,3.04167,8.86168,0.587721,F
848,1,HappyBirthday,1051,4015,F,1,0.224955,1.27419,6169.75,258.622,F
848,1,HappyBirthday,1273,1825,F,1,0.00377552,0.0438869,1836,5.33022,F
849,1,HappyBirthday,97,8030.08,M,1,0.000336667,0.0811686,30.5172,0.108323,F
849,1,HappyBirthday,408,6205.34,M,1,0.00312064,5.58918,880.768,2.25093,F
849,1,HappyBirthday,493,23360.5,M,1,0.0162658,0.248484,105.713,7.33416,F
849,1,HappyBirthday,522,17885.8,M,1,5.32966e-05,0.578464,3779.64,0.0784286,F
849,1,HappyBirthday,1408,365,M,1,0.60064,0.0905227,93.7627,325.659,F
849,1,HappyBirthday,1409,365,F,1,0.000257467,0.0699358,47349.9,0.327361,F
849,1,HappyBirthday,1410,365,M,0,0,0.0211832,0,0,F
851,1,HappyBirthday,352,13140,F,1,0.0024048,52.2168,300.452,0.881652,F
851,1,HappyBirthday,1330,1095,F,1,0.00478411,0.224536,20.0999,1.52427,F
851,1,HappyBirthday,459,4745.58,M,1,0.00179264,5.08338,34.7582,0.56279,F
851,1,HappyBirthday,824,22630.1,M,1,0.00558502,3.20668,496.698,1.87238,F
851,1,Births,1452,0,M,0,0,0.00999126,0,0,F
852,1,HappyBirthday,190,24090.9,M,1,0.00954889,2.85003,193.721,5.39557,F
852,1,HappyBirthday,1208,2555,F,1,0.0952182,0.721036,163.352,40.0333,F
852,1,HappyBirthday,389,6570.62,M,1,4.85057e-05,0.465817,1.78715,0.0152612,F
852,1,HappyBirthday,490,9855.09,F,1,0.00761093,0.570727,0.0025518,2.37454,F
852,1,HappyBirthday,559,17520.2,F,1,0.00059756,0.204416,1.6596,0.185785,F
852,1,HappyBirthday,777,17520.6,F,1,0.00452646,9.57334,1240.11,7.44967,F
852,1,HappyBirthday,1411,365,M,1,0.391884,1.50237,3431.9,251.935,F
853,1,HappyBirthday,986,14235.2,F,1,0.00325254,2.43039,31.4999,1.0745,F
855,1,HappyBirthday,1015,4380,M,1,2.70526e-05,0.141248,9997.25,0.0924716,F
855,1,HappyBirthday,1331,1095,M,1,0.587954,0.0155008,7820.84,553.133,F
855,1,HappyBirthday,827,10220.2,F,1,0.00727541,10.0266,49.0232,2.41164,F
855,1,HappyBirthday,836,8030.04,F,1,0.00228947,0.441757,7.27677,0.729381,F
855,1,HappyBirthday,1361,730,F,1,0.0663171,0.275408,250.001,21.435,F
855,1,HappyBirthday,923,6570.11,F,1,0.0044224,0.0469857,26.0849,1.42597,F
856,1,HappyBirthday,26,10950.2,F,1,0.000144764,30.818,3996.62,0.257712,F
856,1,HappyBirthday,1209,2555,F,1,0.682711,1.87669,1724.49,527.301,F
856,1,HappyBirthday,1412,365,F,1,0.00128435,0.282155,2124.51,1.53157,F
858,1,HappyBirthday,136,9490.14,F,1,0.00035037,4.18887,377.808,0.16978,F
858,1,HappyBirthday,223,8760.85,M,1,0.0146105,0.420048,2536.79,11.0897,F
858,1,HappyBirthday,319,8030.41,F,1,0.00069404,2.09298,51.0472,0.261313,F
858,1,HappyBirthday,686,8395.34,M,1,0.000245966,5.55975,30016.7,0.275961,F
858,1,HappyBirthday,1332,1095,M,1,0.0492923,0.194827,52.5278,17.1141,F
859,1,HappyBirthday,103,20805.5,F,1,0.0153424,0.269579,1.41059,4.80493,F
859,1,HappyBirthday,1210,2555,F,1,0.012618,2.52142,18.9514,4.29524,F
859,1,HappyBirthday,1362,730,M,1,0.270401,0.104924,4562.43,1351.71,F
860,1,HappyBirthday,463,6205.81,M,1,0.0042732,1.85237,4906.87,10.5149,F
860,1,HappyBirthday,1413,365,F,1,0.00546636,0.0136511,34.0394,1.78113,F
860,1,HappyBirthday,840,16790.7,F,1,0.0406188,0.42869,4.6484,12.9909,F
861,1,HappyBirthday,1297,1460,F,0,0,0.017613,0,0,F
861,1,HappyBirthday,1126,3285,F,1,0.227581,1.98758,242.449,81.8463,F
861,1,HappyBirthday,983,24820.3,F,1,0.0462845,4.6881,4445.57,19.4422,F
861,1,HappyBirthday,341,18615.2,F,1,0.0643723,0.480389,0.381074,20.6896,F
861,1,HappyBirthday,1298,1460,F,1,4.54868e-06,0.0575653,27234.8,0.00397675,F
861,1,HappyBirthday,1363,730,M,1,0.137143,0.139109,68.895,50.876,F
862,1,HappyBirthday,968,14965.5,F,1,0.00108009,1.38361,492.81,0.368768,F
862,1,HappyBirthday,99,13870.3,F,1,0.364652,7.52081,1302.86,380.65,F
862,1,HappyBirthday,120,12775.8,F,1,0.000624876,0.360809,24.8762,0.209774,F
864,1,HappyBirthday,1414,365,F,1,0.0220689,1.32353,11020.6,19.4731,F
864,1,HappyBirthday,1052,4015,M,1,0.0550603,0.798069,53.9,22.1332,F
864,1,HappyBirthday,811,20805.5,M,1,0.432392,34.3278,137.232,177.285,F
865,1,HappyBirthday,972,8395.7,M,1,5.70785e-05,4.3399,59325.8,0.188495,F
865,1,HappyBirthday,160,8395.3,F,1,9.07972e-05,1.09223,171.61,0.03497,F
865,1,HappyBirthday,327,13140.8,M,1,0.021795,2.7983,335.971,7.012,F
865,1,HappyBirthday,351,5475.34,F,1,0.0583198,2.54218,37.6199,19.9604,F
865,1,HappyBirthday,674,18980,M,1,0.00147569,0.309066,64.1088,0.461072,F
865,1,HappyBirthday,1274,1825,M,1,0.0255602,0.56356,45.3544,8.71164,F
865,1,HappyBirthday,861,11680.5,F,1,0.0195609,8.26249,111.399,6.14332,F
866,1,HappyBirthday,418,14965.9,M,1,0.0295775,2.2194,0.965092,9.33179,F
866,1,HappyBirthday,1365,730,M,1,0.300711,0.30378,1613.94,125.187,F
866,1,HappyBirthday,1364,730,M,1,0.545552,0.97479,834.877,467.353,F
867,1,HappyBirthday,1300,1460,F,1,0.0818392,0.0733908,61.3099,29.158,F
867,1,HappyBirthday,1127,3285,M,1,1.24666e-05,0.212572,31140.4,0.0610478,F
868,1,HappyBirthday,1017,4380,F,1,0.0012436,1.00315,24.2019,0.430767,F
868,1,HappyBirthday,1018,4380,F,1,0.161842,7.34955,0.535765,54.8739,F
868,1,HappyBirthday,1415,365,F,1,0.000955212,0.128257,57.6986,0.338065,F
868,1,Births,1453,0,F,0,0,0.0263719,0,0,F
869,1,HappyBirthday,1019,4380,F,1,0.000160536,0.797118,69459.8,1.75462,F
870,1,HappyBirthday,273,10220.5,F,1,0.00614,2.20184,176.48,2.01262,F
870,1,HappyBirthday,280,6205.76,M,1,0.0033627,0.87387,113.517,1.2199,F
870,1,HappyBirthday,343,6570.61,F,1,1.98829e-05,0.331085,0.133315,0.00618934,F
870,1,HappyBirthday,1128,3285,F,1,0.00465869,0.158139,7.98228,1.49831,F
871,1,HappyBirthday,364,28835.6,M,1,0.00413444,0.395865,28.855,1.39142,F
871,1,HappyBirthday,638,16790.7,F,1,0.000160741,0.314566,4.034,0.0501236,F
872,1,HappyBirthday,88,25550,M,1,0.0989002,2.92859,3840,39.1545,F
872,1,HappyBirthday,568,5840.72,M,1,0.0140483,4.00815,49.9628,4.45884,F
872,1,HappyBirthday,1416,365,M,1,0.104401,1.59298,76496.2,738.641,F
873,1,HappyBirthday,973,7300.15,M,1,0.0104028,1.05268,56.6307,3.49492,F
873,1,HappyBirthday,1129,3285,F,1,0.00983461,0.676332,10.6214,3.21401,F
873,1,HappyBirthday,1366,730,M,1,0.468864,0.154511,25859,701.472,F
874,1,HappyBirthday,1245,2190,M,1,0.00120432,0.12333,0,0.374425,F
874,1,HappyBirthday,1367,730,M,1,0.182116,0.150902,391.573,70.3459,F
874,1,HappyBirthday,149,12775.5,M,1,0.700824,4.54224,34.7045,383.185,F
874,1,HappyBirthday,982,6570.29,M,1,0.000385831,0.0810945,47.2175,0.140728,F
874,1,HappyBirthday,791,13140.7,M,1,0.0281491,22.1632,4306,13.58,F
875,1,HappyBirthday,432,16060.7,F,1,0.192669,0.995443,242.374,67.1316,F
877,1,HappyBirthday,126,7665.43,M,1,0.000814725,0.0921178,38.7047,0.255895,F
877,1,HappyBirthday,894,7665.51,F,1,7.72043e-05,1.8246,2.04144,0.024148,F
878,1,HappyBirthday,86,10586,M,1,0.0774188,0.435947,88.3751,25.0436,F
878,1,HappyBirthday,1167,2920,F,1,0.0429882,0.967143,43.3195,13.7041,F
879,1,HappyBirthday,1090,3650,F,1,0.0168913,0.0163077,305.995,7.52072,F
879,1,HappyBirthday,1417,365,M,1,0.151075,0.00561283,12743.5,1301.78,F
880,1,HappyBirthday,37,28470.8,F,1,0.00147686,2.8622,528.891,0.844124,F
880,1,HappyBirthday,206,12045.3,F,1,0.000203827,5.65552,0.215038,0.063386,F
880,1,HappyBirthday,265,10585.6,F,1,0.00647489,0.22028,1.00549,2.01945,F
881,1,HappyBirthday,669,5110.37,F,1,5.8679e-06,0.197502,239.255,0.00193938,F
881,1,HappyBirthday,1246,2190,F,1,0.652944,0.141035,63.8885,352.563,F
881,1,HappyBirthday,853,6205.12,F,1,0.189054,0.100105,29.6419,67.2704,F
882,1,HappyBirthday,106,7300.32,F,1,0.051939,0.930344,273.68,37.1365,F
882,1,HappyBirthday,468,28835.9,M,1,0.000107247,0.401866,4e-07,0.0333,F
883,1,HappyBirthday,54,10585.1,F,1,0.0527159,1.40068,23.0565,17.3991,F
883,1,HappyBirthday,346,5840.97,M,1,0.00154237,5.35693,9.3132,0.498022,F
883,1,HappyBirthday,692,14965.8,M,1,0.0172694,2.30863,0.18505,5.4147,F
884,1,HappyBirthday,111,6935.28,M,1,0.0728734,0.237785,377.297,24.4268,F
884,1,HappyBirthday,609,12410.8,M,1,0.0999842,1.33976,19.5624,33.7011,F
885,1,HappyBirthday,20,7300.25,M,1,0.0816222,17.1955,152.729,27.5695,F
886,1,HappyBirthday,91,7300.69,F,1,0.0359281,0.362952,19.4879,12.4089,F
886,1,HappyBirthday,1277,1825,M,1,0.00290565,3.12025,27252.9,2.31059,F
886,1,HappyBirthday,1091,3650,F,1,3.85029e-06,0.82533,5981.23,0.00225287,F
886,1,HappyBirthday,1211,2555,F,1,0.000279713,0.757261,20.9883,0.0871575,F
886,1,HappyBirthday,1130,3285,F,1,0.370878,0.74091,121.044,146.456,F
887,1,HappyBirthday,1333,1095,M,1,0.12521,0.836967,4970,50.9488,F
887,1,HappyBirthday,354,17520.7,F,1,3.02351e-06,2.50248,3.65777,0.0009524,F
887,1,HappyBirthday,1418,365,F,1,0.483712,0.396808,647.495,207.959,F
888,1,HappyBirthday,208,6205.13,M,1,0.00244603,2.06807,25.8745,0.847324,F
888,1,HappyBirthday,420,13870.5,M,1,4.05479e-07,0.0423788,1860.71,0.0009624,F
888,1,HappyBirthday,469,9855.43,F,1,0.148757,2.27642,959.256,67.0005,F
889,1,HappyBirthday,143,9855.69,M,1,0,0.0299464,101.376,0,F
889,1,HappyBirthday,331,5840.01,F,1,0.000571155,0.2158,53.4031,0.215573,F
889,1,HappyBirthday,365,5110.24,F,1,0.0232746,1.95231,804.121,25.8539,F
889,1,HappyBirthday,620,21535.3,M,1,0.00174974,1.05156,1.27234,0.546662,F
889,1,HappyBirthday,834,21535.4,M,1,0.0586056,0.189243,29.3718,20.7061,F
890,1,HappyBirthday,165,26645.6,F,1,0.0205953,3.93236,833.754,13.3374,F
890,1,HappyBirthday,1020,4380,M,1,0.000175925,0.242331,5.80182,0.0554097,F
891,1,HappyBirthday,1054,4015,M,1,0.161517,1.88624,28.0155,54.7504,F
891,1,HappyBirthday,427,8395.45,F,1,0.00417947,0.807352,41.2311,1.52416,F
891,1,Births,1454,0,F,0,0,3.36989,0,0,F
892,1,HappyBirthday,1279,1825,M,1,0,0.0894609,2.01544,0,F
892,1,HappyBirthday,123,25915.9,F,1,0.00696856,9.56751,8934.5,3.41742,F
892,1,HappyBirthday,191,26645.5,M,1,0.000614646,1.28521,68.8765,0.19121,F
892,1,HappyBirthday,1280,1825,F,1,0.0573706,0.143891,42.4713,21.2978,F
892,1,HappyBirthday,760,8760.37,M,1,0.100435,1.45136,3.64793,32.8944,F
893,1,HappyBirthday,578,7300.4,F,1,1.02162e-05,4.88677,12.3214,0.00324424,F
893,1,HappyBirthday,735,10585.7,M,1,0.00173247,0.0862961,185.054,0.677744,F
894,1,HappyBirthday,1419,365,F,1,0.0361893,0.123468,28037.7,45.4586,F
895,1,HappyBirthday,494,8760.02,F,1,0.281324,0.37369,1945.64,109.226,F
895,1,HappyBirthday,643,6205.75,M,1,0.896281,4.28853,15.6239,717.853,F
896,1,HappyBirthday,405,5840.17,F,1,0,28.5338,8.36818,0,F
897,1,HappyBirthday,48,12775.2,M,1,3.15829e-05,0.899343,13705.2,0.0168612,F
897,1,HappyBirthday,1334,1095,M,1,0.16349,0.537452,7566.71,249.91,F
897,1,Births,1455,0,F,0,0,0.044378,0,0,F
898,1,HappyBirthday,129,13870.6,F,1,0.00878017,3.18754,202.176,2.74608,F
898,1,HappyBirthday,532,8030.95,M,1,0.00140624,3.03967,9.05167,0.457202,F
898,1,HappyBirthday,1247,2190,M,1,0.000634084,0.0567182,14.7869,0.201928,F
899,1,HappyBirthday,75,14600.5,M,1,0.0127311,0.735097,78.8427,4.67045,F
899,1,HappyBirthday,429,17520.4,M,1,0.304269,0.347296,19.804,114.062,F
899,1,HappyBirthday,589,12045.6,F,1,0.00341628,8.81949,8205.22,10.2165,F
899,1,HappyBirthday,850,26280.6,F,1,0.00140741,0.326269,4639.61,0.57697,F
900,1,HappyBirthday,1303,1460,M,1,0.00279475,8.39508,0.000985434,0.869619,F
900,1,Births,1456,0,F,0,0,0.036831,0,0,F
901,1,HappyBirthday,1335,1095,F,1,0.850518,0.118161,5.23109,595.293,F
901,1,HappyBirthday,1281,1825,F,1,0.664212,3.44999,420.962,548.796,F
902,1,HappyBirthday,213,10220.8,M,1,3.12778e-07,0.0358895,17380.2,0.001555,F
902,1,HappyBirthday,529,14600.2,F,1,0.123425,0.336555,0.376304,40.9411,F
903,1,HappyBirthday,1131,3285,F,1,0.247382,0.139034,3.91698,88.8223,F
903,1,HappyBirthday,409,8760.74,F,1,0.000756953,0.36658,67.1383,0.236542,F
903,1,HappyBirthday,523,9855.76,M,1,0.00256005,10.6207,925.161,3.42504,F
903,1,HappyBirthday,1213,2555,M,1,0.0178241,0.47409,55.8673,7.05582,F
904,1,HappyBirthday,603,11315.7,F,1,0.000821514,0.35176,13.0485,0.272271,F
905,1,HappyBirthday,1132,3285,F,1,1.84238e-05,0.108535,3.59109,0.0058133,F
905,1,HappyBirthday,875,5475.02,F,1,0.00842579,2.18513,183.781,2.67643,F
905,1,HappyBirthday,1282,1825,M,1,0.180227,2.71744,209.356,83.4038,F
906,1,HappyBirthday,1304,1460,M,1,0.000523434,0.359347,0.299247,0.162654,F
907,1,HappyBirthday,491,29565.2,M,1,0.0665467,1.5034,276.435,35.2775,F
907,1,HappyBirthday,591,5475.02,F,1,0.116994,1.75896,187.202,43.917,F
908,1,HappyBirthday,347,7300.28,M,1,0.568724,0.801584,30.8666,270.193,F
908,1,HappyBirthday,1134,3285,M,1,5.71177e-05,0.464537,11400.9,0.208021,F
909,1,HappyBirthday,399,6935.48,M,1,0.0541489,1.33296,9.26187,18.0515,F
910,1,HappyBirthday,1283,1825,F,1,0.00104769,0.122308,21323.6,1.98233,F
910,1,HappyBirthday,611,9490.89,M,1,0.289119,0.258472,97.8271,120.209,F
910,1,HappyBirthday,956,13505,M,1,0.368654,0.252481,151.903,143.867,F
911,1,HappyBirthday,145,12410.6,M,1,0.0432553,1.69605,742.224,31.5914,F
911,1,HappyBirthday,556,9125.43,M,1,0.00261315,0.131286,0.688245,0.815466,F
911,1,HappyBirthday,903,12775.5,F,1,0.0207747,9.29785,752.425,7.50684,F
912,1,HappyBirthday,274,6205.91,F,1,0,2.93026,5900.03,0,F
912,1,HappyBirthday,1248,2190,F,1,0.110592,2.2273,105.338,42.9651,F
913,1,HappyBirthday,1305,1460,M,1,5.76462e-05,0.0959188,197775,0.57959,F
913,1,HappyBirthday,1306,1460,M,1,0.124405,0.00793756,9866.21,126.869,F
914,1,HappyBirthday,412,7665.56,F,1,0.00185642,0.817254,2.11131,0.579372,F
914,1,HappyBirthday,909,21535.9,M,1,0.00264649,0.196081,193.711,1.06927,F
915,1,HappyBirthday,222,10585.6,M,1,0.566347,0.397544,30.2464,259.771,F
915,1,HappyBirthday,1215,2555,F,1,0.193274,0.142921,444.034,105.818,F
915,1,HappyBirthday,1337,1095,M,1,0.00230952,1.43247,13.6031,0.759167,F
915,1,HappyBirthday,1369,730,M,1,0.00194713,0.0406049,11.3305,0.628513,F
916,1,HappyBirthday,1216,2555,F,1,0.0338733,2.58905,2.42723,10.709,F
916,1,HappyBirthday,734,12410.9,M,1,0.0173224,1.43248,0.0067506,5.43055,F
916,1,HappyBirthday,787,29200.5,F,1,0.0565165,1.22724,3.15923,18.2342,F
917,1,HappyBirthday,1420,365,M,1,0.867231,0.0101358,1681.94,1281.23,F
918,1,HappyBirthday,1421,365,M,1,0.28479,0.186964,1641.36,544.5,F
918,1,HappyBirthday,446,6570.5,F,1,0.53766,7.74894,785.976,245.414,F
919,1,HappyBirthday,1055,4015,F,1,0.000547213,3.86873,4.95714,0.173894,F
919,1,HappyBirthday,805,6205.63,M,1,0.00919795,2.57355,1829.06,9.75931,F
920,1,HappyBirthday,504,8395.93,F,1,0.00760081,0.131941,148.094,2.91082,F
922,1,HappyBirthday,358,14965.5,M,1,0.0385887,3.44068,0.0073022,12.2312,F
922,1,HappyBirthday,661,15695.6,F,1,0.00331801,9.25661,422.71,1.59759,F
922,1,HappyBirthday,683,8760.44,M,1,0.413662,2.56469,1301.39,449.424,F
922,1,HappyBirthday,1307,1460,M,1,0.0108281,0.0192768,27.9931,3.66014,F
922,1,HappyBirthday,758,9125.9,M,1,0.00409575,0.148742,579.269,2.34985,F
922,1,HappyBirthday,1217,2555,F,1,0.0994181,0.204891,92.5374,37.4919,F
923,1,HappyBirthday,316,13140.3,F,1,0.259334,4.35889,7.19351,95.4946,F
923,1,HappyBirthday,1422,365,M,1,0.575831,0.0363628,0.421442,266.681,F
923,1,HappyBirthday,684,5475.42,F,1,0.0026344,0.0549329,0.0177686,0.81986,F
924,1,HappyBirthday,1370,730,M,1,0.00490225,0.0238658,26.5357,1.58167,F
925,1,HappyBirthday,317,24455.4,M,1,0.522863,0.290555,17.7562,245.784,F
925,1,HappyBirthday,981,8395.41,M,1,0,0.0130858,119.846,0,F
925,1,HappyBirthday,676,7665.29,M,1,0.02323,0.0513277,30185.3,26.9646,F
925,1,Births,1457,0,F,0,0,0.0677352,0,0,F
925,1,Births,1458,0,F,0,0,0.00456049,0,0,F
926,1,HappyBirthday,1423,365,F,1,0.883075,0.0883063,143.349,679.198,F
926,1,HappyBirthday,119,11680.8,M,1,0.00677665,2.85179,1007.22,8.89403,F
926,1,HappyBirthday,1168,2920,F,1,0,0.0642172,0.00812696,0,F
926,1,HappyBirthday,407,8030.95,F,1,0.0705129,0.0446254,90.6104,25.0016,F
926,1,HappyBirthday,610,5840.96,M,1,0.104082,0.140774,0.790945,34.1672,F
926,1,HappyBirthday,728,4745.24,F,1,0.00068747,1.33372,24.9563,0.22705,F
926,1,HappyBirthday,792,21535.1,M,1,0.000535052,1.59473,0.228215,0.166508,F
927,1,HappyBirthday,528,4745.31,M,1,0.00124616,0.745403,71.4155,0.429554,F
928,1,HappyBirthday,132,8030.94,M,1,0.550328,1.42727,22.9721,248.59,F
928,1,HappyBirthday,924,6935.97,F,1,0.000521241,3.11251,34.6938,0.164794,F
928,1,Births,1459,0,M,0,0,1.17401,0,0,F
929,1,HappyBirthday,1308,1460,M,1,0.287105,0.211821,1282.97,110.85,F
929,1,HappyBirthday,215,17885.4,M,1,0.0234656,0.693468,0.822647,7.37942,F
929,1,HappyBirthday,524,5840.05,F,1,0.00193357,3.03069,0.0545324,0.601434,F
930,1,HappyBirthday,46,28470.1,F,1,0.00250753,0.784824,0.306164,0.780578,F
930,1,HappyBirthday,292,30295.4,F,1,0.0118137,0.531515,63.2951,3.80657,F
930,1,HappyBirthday,1424,365,M,1,0.578655,0.396959,704.55,703.81,F
930,1,HappyBirthday,361,7300.83,M,1,0.00018551,0.433479,15.9153,0.0588984,F
930,1,HappyBirthday,1284,1825,M,1,0.00856157,0.816844,223.792,2.6718,F
930,1,HappyBirthday,1136,3285,F,1,0,1.28567,17942.6,0,F
931,1,HappyBirthday,305,20075.3,M,1,0.000588449,0.911643,179.877,0.191367,F
931,1,HappyBirthday,320,19710.2,M,1,0.237749,0.966941,21.4201,84.6236,F
931,1,HappyBirthday,1250,2190,M,1,0.00518923,0.10293,40.9821,1.92243,F
931,1,HappyBirthday,864,6205.78,F,1,0.0030993,0.656581,4.11316,0.974231,F
931,1,HappyBirthday,1371,730,F,1,0.0778449,0.0628168,128255,1073.23,F
932,1,HappyBirthday,474,22265.6,M,1,0.232276,7.30837,6.49898,82.7061,F
932,1,HappyBirthday,958,10950.4,F,1,0.00318858,3.39402,16.9953,1.0728,F
932,1,HappyBirthday,1339,1095,F,1,0.00669738,0.0334568,32.4988,2.40344,F
933,1,HappyBirthday,1137,3285,M,1,0.000303508,0.100084,26.9228,0.0979546,F
933,1,HappyBirthday,334,6935.68,F,1,0.0110458,0.409379,3.88555,3.47207,F
934,1,HappyBirthday,1218,2555,F,1,0.225389,0.10047,2.73699,79.7951,F
934,1,HappyBirthday,443,5110.94,M,1,4.38153e-05,0.0750945,53963.7,0.112597,F
935,1,HappyBirthday,1340,1095,M,1,0.062163,0.761249,20.3229,21.5349,F
936,1,HappyBirthday,1309,1460,M,1,0.00280877,0.0393061,65.2143,1.12295,F
936,1,HappyBirthday,1093,3650,M,1,0.000166501,3.33299,658.444,0.101335,F
936,1,HappyBirthday,1251,2190,M,1,0.0589792,0.0201902,779.117,68.8368,F
936,1,HappyBirthday,878,9125.77,F,1,0.0243696,0.773711,0.0252092,7.66596,F
937,1,HappyBirthday,1023,4380,M,1,0.00650045,5.64497,28.9369,2.17326,F
937,1,HappyBirthday,690,7665.52,M,1,0.00233759,0.907734,492.608,0.850516,F
937,1,HappyBirthday,1310,1460,M,1,0.0562953,0.617505,55.0602,22.6627,F
937,1,HappyBirthday,782,13140.4,F,1,2.37726e-05,2.97806,10876.7,0.166098,F
938,1,HappyBirthday,270,9125.31,M,1,0.00151812,6.31883,162.397,0.484819,F
938,1,HappyBirthday,694,10950.1,F,1,4.55618e-05,5.90217,61.2233,0.014333,F
938,1,HappyBirthday,1372,730,F,1,0.0186993,25.8907,53.3989,7.24395,F
939,1,HappyBirthday,1311,1460,M,1,0.0635502,0.0613427,29.5355,23.4395,F
939,1,HappyBirthday,517,9490.08,M,1,0.000670062,0.260267,48774,1.05338,F
940,1,HappyBirthday,1425,365,M,1,0.00328138,0.176032,3.63916,1.02252,F
941,1,HappyBirthday,115,8760.11,M,1,0.0534884,0.0302511,2.45018,17.0845,F
941,1,HappyBirthday,1139,3285,F,1,0.00105929,7.69324,61.971,0.334881,F
941,1,HappyBirthday,1057,4015,M,1,8.49913e-06,0.243462,801.95,0.0114037,F
942,1,HappyBirthday,166,12045.9,M,1,0.125039,32.298,689.026,75.6698,F
942,1,HappyBirthday,298,5840.99,F,1,0.000419726,0.435014,46.0573,0.138987,F
942,1,HappyBirthday,698,7300.2,F,1,0.00210929,0.370083,0.464539,0.656934,F
943,1,HappyBirthday,577,7300.34,F,1,0.00305198,1.74092,221.371,0.977438,F
944,1,HappyBirthday,962,11680.5,F,1,0.00175537,0.834869,9.67778,0.567226,F
944,1,HappyBirthday,814,12045.8,M,1,0.0429088,0.296237,49.6436,16.6062,F
945,1,HappyBirthday,183,20440,F,1,0.0391407,0.922629,1.44145,12.42,F
945,1,HappyBirthday,1341,1095,F,1,0.00384902,0.0152599,4.17795,1.19925,F
945,1,HappyBirthday,1220,2555,F,1,0.00169174,0.158513,14.7926,0.565241,F
945,1,HappyBirthday,1001,5475.75,M,1,0.0405242,1.53334,1.07115,12.8735,F
945,1,HappyBirthday,1373,730,F,1,0.540858,0.483632,61.4013,290.027,F
947,1,HappyBirthday,140,7300.42,M,1,0.0884559,4.83027,8.99354,29.8525,F
947,1,HappyBirthday,667,17885.7,M,1,0.079938,0.701017,1.39997,25.9551,F
947,1,HappyBirthday,1095,3650,M,1,0.000898066,0.429526,4884.86,0.460669,F
948,1,HappyBirthday,41,5475.96,M,1,0.00783104,0.0217733,0.157713,2.44407,F
948,1,Births,1460,0,F,0,0,0.118582,0,0,F
949,1,HappyBirthday,95,9490.8,M,1,0.00803355,0.78837,19.6218,2.59106,F
949,1,HappyBirthday,301,14600.4,M,1,0.029297,0.56605,38.0837,10.6709,F
949,1,HappyBirthday,360,4745.8,F,1,0.00579436,0.0672261,1682.22,6.55384,F
949,1,HappyBirthday,630,16060.1,F,1,0.0244996,0.768364,85.3094,8.71353,F
949,1,HappyBirthday,743,29565,F,1,0.0141582,1.9772,2782.54,5.32974,F
950,1,HappyBirthday,1426,365,F,1,0.0994183,0.140515,3869.05,155.125,F
950,1,HappyBirthday,1096,3650,M,1,0.000701402,0.27364,52.9085,0.266085,F
950,1,HappyBirthday,147,10585.8,M,1,0.00260461,0.669773,11.1824,0.824321,F
950,1,HappyBirthday,1058,4015,M,1,0.00210389,1.10007,33.3708,0.741869,F
950,1,HappyBirthday,1252,2190,F,1,0.0124968,0.315487,16.1922,4.21986,F
951,1,HappyBirthday,43,20805.9,F,1,0.000467025,0.108407,62.9264,0.145913,F
951,1,HappyBirthday,188,8395.07,M,1,0.000765576,1.63294,20.2863,0.240815,F
951,1,HappyBirthday,750,9855.58,F,1,0.00322287,0.592853,5.94305,1.0334,F
952,1,HappyBirthday,1172,2920,M,1,0.0846846,11.2184,32.5538,30.4484,F
952,1,HappyBirthday,1427,365,M,1,0.159007,0.0134938,1.54067,54.2176,F
952,1,HappyBirthday,332,9125.43,F,1,0.0233879,1.61554,343.657,18.3309,F
952,1,HappyBirthday,345,5110.31,F,1,0.0103618,0.375443,0.163474,3.23807,F
952,1,HappyBirthday,419,15695.8,F,1,0.000979896,1.01406,0.226195,0.304862,F
952,1,HappyBirthday,1097,3650,F,1,0.0391203,0.112752,3694.23,26.1935,F
953,1,HappyBirthday,756,27375.8,M,0,0,0.01368,0,0,F
954,1,HappyBirthday,40,26645.5,M,1,0.000670264,14.184,206.034,0.273758,F
954,1,HappyBirthday,1374,730,F,1,0.090398,0.824885,11.8655,30.0384,F
954,1,HappyBirthday,530,12410,F,1,0.00276036,2.628,11196.3,2.34111,F
955,1,HappyBirthday,414,9125.68,M,1,0.00196485,0.420507,15.0245,0.652973,F
955,1,HappyBirthday,1253,2190,F,1,0.0952668,1.52366,3846.4,34.8252,F
955,1,HappyBirthday,719,24820.4,F,1,0.00209695,1.15067,17.796,0.669709,F
956,1,HappyBirthday,168,17155.8,F,1,0.0230971,0.458574,37.3288,7.29321,F
956,1,HappyBirthday,258,5840.25,F,1,0.00852726,0.0866677,10.1272,2.763,F
956,1,HappyBirthday,391,14965.8,M,1,0.000634386,0.836336,14286.5,0.325161,F
956,1,HappyBirthday,1254,2190,F,1,0.294991,0.0719191,2958.3,551.531,F
957,1,HappyBirthday,227,7665.38,M,1,0.0824051,0.88266,0.715856,26.747,F
958,1,HappyBirthday,244,13505,M,1,0.000693938,0.32769,4.14538,0.217107,F
958,1,HappyBirthday,914,8030.3,F,1,0.00593046,11.4883,206.709,2.38046,F
959,1,HappyBirthday,477,6935.56,F,1,0.00425984,10.4024,2459.78,5.80409,F
959,1,HappyBirthday,553,5840.5,F,1,0.00149915,0.175949,95.204,0.515878,F
960,1,HappyBirthday,1026,4380,M,1,0.0482536,0.119979,1.82526,15.3713,F
960,1,HappyBirthday,733,5110.93,F,1,0.0127463,4.91387,96.5224,4.6768,F
960,1,HappyBirthday,922,8030.21,M,1,0.000485452,0.167663,75785.2,1.65111,F
960,1,Births,1461,0,F,0,0,0.13159,0,0,F
961,1,HappyBirthday,2,6570.57,F,1,0.00133594,0.852165,0.0209496,0.41527,F
961,1,HappyBirthday,1313,1460,F,1,0.27471,0.111892,129.169,100.933,F
961,1,HappyBirthday,74,8760.48,M,1,0.00226748,0.108389,0.129804,0.705504,F
961,1,HappyBirthday,1428,365,M,1,0.00706818,0.0107509,151.188,2.82885,F
961,1,HappyBirthday,1060,4015,M,1,0.096298,0.0746486,19.502,32.5155,F
962,1,HappyBirthday,73,8760.51,M,1,2.25499e-05,0.382267,2.49107,0.0070164,F
962,1,HappyBirthday,498,5840.25,F,1,0.0159908,0.0981781,43960.9,23.6387,F
962,1,HappyBirthday,511,14600.4,M,1,0,4.28789,169.177,0,F
963,1,HappyBirthday,219,30660,M,1,0.225623,29.1643,5002.65,443.872,F
963,1,HappyBirthday,1222,2555,M,1,0.125495,0.976311,5.9661,42.9313,F
964,1,HappyBirthday,382,11680.4,F,1,0,8.78178,29087.3,0,F
964,1,HappyBirthday,937,31390.9,M,1,0.0702389,0.821411,47.9544,24.2331,F
965,1,HappyBirthday,170,10585,M,1,0.0457358,8.33985,31.2282,15.2053,F
967,1,HappyBirthday,172,14235.5,M,1,0.00136553,0.230832,0.0063832,0.424775,F
968,1,HappyBirthday,1061,4015,M,1,0.0528896,0.0766919,176.425,30.351,F
968,1,HappyBirthday,798,6935.05,M,1,0.797222,0.759668,121.527,585.381,F
969,1,HappyBirthday,977,13140.2,F,1,0.158349,1.56246,1.50325,53.9047,F
970,1,HappyBirthday,1429,365,F,1,0.687855,0.0831178,762.777,754.326,F
970,1,HappyBirthday,1140,3285,M,1,0.0198124,0.175143,2848.14,61.8916,F
970,1,HappyBirthday,545,8395.65,F,1,0.0326045,0.235677,0.380314,10.3141,F
970,1,HappyBirthday,1099,3650,M,1,0.000549178,0.433057,13.8573,0.180687,F
972,1,HappyBirthday,1285,1825,M,1,0.648358,0.304028,1518.53,375.329,F
972,1,HappyBirthday,1027,4380,F,1,0.00183735,3.43397,0.062156,0.571495,F
973,1,HappyBirthday,1141,3285,F,1,0.254043,0.847421,4350.39,301.006,F
974,1,HappyBirthday,1223,2555,M,1,0.0862143,7.28846,220.178,51.0291,F
974,1,HappyBirthday,229,6205.7,M,1,0.00204944,0.532951,2.14722,0.638936,F
974,1,HappyBirthday,547,21535.3,F,1,0.00575678,0.820851,0.0919804,1.79493,F
975,1,HappyBirthday,1342,1095,M,1,0.0020944,0.190558,36.9032,0.707689,F
975,1,HappyBirthday,180,9125.75,F,1,0.000197944,20.5771,345.545,0.0862496,F
976,1,HappyBirthday,1102,3650,F,1,0.00277773,0.0435629,23635.4,1.81568,F
976,1,HappyBirthday,87,15330.1,M,1,0.000479934,0.699791,158.094,0.236495,F
976,1,HappyBirthday,176,17520.9,M,1,0.0105478,0.530433,1.36207,3.31414,F
976,1,HappyBirthday,1375,730,M,1,0.0294766,2.23292,16.2337,9.59673,F
976,1,HappyBirthday,1376,730,M,0,0,0.00310874,0,0,F
977,1,HappyBirthday,197,4745.37,F,1,0,2.65312,1.72526,0,F
977,1,HappyBirthday,290,8395.21,M,1,2.54776e-06,4.09157,15056.5,0.0129546,F
977,1,HappyBirthday,1255,2190,F,1,0.00682563,0.442854,0.00482053,2.12884,F
977,1,HappyBirthday,1286,1825,M,1,0.00562421,0.238632,3.41107,1.78305,F
977,1,HappyBirthday,888,14600.3,F,1,0.00907611,0.817472,57912.5,45.6161,F
978,1,HappyBirthday,234,5110.39,M,1,0.000505164,6.67794,0.168296,0.157239,F
978,1,HappyBirthday,326,7300.77,F,1,0.0352011,0.0297203,2924.4,17.3216,F
978,1,HappyBirthday,886,29200.9,M,1,0.34652,5.29892,188.76,133.406,F
979,1,HappyBirthday,8,11680.9,F,1,0.191239,0.283867,17.1973,68.3351,F
979,1,HappyBirthday,1224,2555,M,1,0.0152876,0.418793,3145.42,22.7049,F
979,1,HappyBirthday,931,9125.69,M,1,0.0118925,0.404687,1754.35,3.99424,F
979,1,HappyBirthday,828,25915.5,M,1,0.031011,1.01951,8.82044,9.79246,F
979,1,HappyBirthday,884,4745.69,M,1,0.00731499,0.633274,72.2774,2.28242,F
980,1,HappyBirthday,1029,4380,F,1,0.0120381,0.327208,48.195,4.03602,F
981,1,HappyBirthday,456,7665.39,M,1,0.00187873,0.298582,4.64566,0.588731,F
981,1,HappyBirthday,1287,1825,M,1,0.00111278,0.7116,137344,9.49251,F
982,1,HappyBirthday,189,10220.2,M,1,0.0007209,5.08147,12.558,0.227761,F
983,1,HappyBirthday,1103,3650,F,1,0.000322479,1.59227,9.59372,0.10499,F
983,1,HappyBirthday,1430,365,M,1,0.590803,0.395432,2043.12,402.425,F
983,1,Births,1462,0,M,0,0,0.236565,0,0,F
984,1,HappyBirthday,435,5840.91,F,1,0.00752765,2.04785,2329.47,9.59713,F
984,1,HappyBirthday,442,4745.83,M,1,0,0.0178113,11.1347,0,F
984,1,HappyBirthday,560,29565.3,F,1,0.167686,1.15137,7.56125,57.0788,F
984,1,HappyBirthday,605,16425.7,F,1,0.00402222,0.230024,0.0030074,1.25242,F
985,1,HappyBirthday,745,10220.9,F,1,0.00523717,0.380826,4363.91,10.3197,F
986,1,HappyBirthday,489,6570.96,F,1,0.0385042,0.0491251,745.006,44.9337,F
987,1,HappyBirthday,1378,730,F,1,0.425299,2.45049,11817.5,381.472,F
987,1,HappyBirthday,1062,4015,M,1,0.732174,0.180192,890.477,486.303,F
988,1,HappyBirthday,570,5840.07,M,1,0.021709,3.17165,0.139286,6.82347,F
988,1,HappyBirthday,815,13140.2,F,1,1.39479e-05,0.576092,977.145,0.0052112,F
988,1,HappyBirthday,1064,4015,M,1,0.0504701,0.753053,505.927,16.0976,F
988,1,HappyBirthday,934,13870.9,F,1,0.0508913,2.19709,0.564944,16.2795,F
989,1,HappyBirthday,100,9490.69,M,1,0.148312,6.14175,2.61151,49.9318,F
989,1,HappyBirthday,1104,3650,M,1,0.000279034,1.65335,1114.28,0.15358,F
989,1,HappyBirthday,597,14965.8,F,1,0.0353759,1.96685,0.127581,11.1934,F
990,1,HappyBirthday,1314,1460,F,1,0.419716,0.35301,191.529,235.63,F
990,1,HappyBirthday,1030,4380,F,1,0.0855724,4.46972,0.615273,27.8345,F
990,1,HappyBirthday,776,9490.55,M,1,0.00157287,2.81712,0.110696,0.489359,F
990,1,HappyBirthday,831,25915.7,F,1,0.00170447,0.225812,12.9008,0.531316,F
990,1,Births,1463,0,M,0,0,0.0290549,0,0,F
992,1,HappyBirthday,1288,1825,M,1,0.0133986,0.635081,2529.32,4.46892,F
992,1,HappyBirthday,848,16790.9,M,1,0.0814367,0.293809,2.19905,26.3986,F
993,1,HappyBirthday,451,6205.33,F,1,0.0784254,2.12993,64.7975,27.7629,F
994,1,HappyBirthday,460,12410.1,F,1,0.0129371,0.0406761,8.74302,4.22484,F
994,1,HappyBirthday,533,21170.1,M,1,9.42136e-05,0.354757,1640.83,0.0881362,F
994,1,HappyBirthday,1031,4380,M,1,0,0.0475737,3.6714,0,F
995,1,HappyBirthday,395,18250.4,F,1,0.0446159,0.604835,0.31789,14.184,F
996,1,HappyBirthday,101,14235.4,F,1,0.00375403,1.49314,25.5669,1.18634,F
996,1,HappyBirthday,400,9490.96,F,1,0.00371969,0.749102,100.599,1.15978,F
996,1,HappyBirthday,558,7665.64,F,1,0.00560517,0.206593,25.1804,1.75284,F
996,1,HappyBirthday,920,15695.1,M,1,0.0138844,0.240083,10.0999,4.389,F
997,1,HappyBirthday,299,16790.1,M,1,0.00156324,0.890597,1.07388,0.486088,F
997,1,HappyBirthday,912,25550.4,F,1,3.05357e-05,0.552021,15.5647,0.00977,F
998,1,HappyBirthday,150,9125.18,F,1,0.0518328,2.23686,0.0169642,16.5407,F
998,1,HappyBirthday,1379,730,M,1,0.00860496,0.657834,49.7727,2.85276,F
998,1,HappyBirthday,1175,2920,M,1,0.220141,0.195731,29.5433,78.5223,F
999,1,HappyBirthday,966,21900.4,M,1,0.0198612,0.341042,4.20473,6.23512,F
999,1,HappyBirthday,324,24455.9,M,1,0.0681148,0.321399,95.8183,25.1113,F
999,1,HappyBirthday,472,21170,F,1,0.00292702,0.311802,72.3234,0.971681,F
999,1,HappyBirthday,501,7300.37,M,1,5.59762e-07,1.19717,2709.21,0.00153392,F
999,1,HappyBirthday,621,14235.9,F,1,0.725287,5.68839,215.847,443.16,F
1000,1,HappyBirthday,262,5475.28,M,1,0.101486,10.2025,0.302194,33.2687,F
1000,1,HappyBirthday,372,15695.4,M,1,0.178699,0.42995,3.31117,61.2424,F
1000,1,HappyBirthday,1431,365,F,1,0.806174,0.0887076,450.872,1450.05,F
1000,1,HappyBirthday,502,5110.2,F,1,0.000181656,0.0777659,2.85385,0.0565087,F
1001,1,HappyBirthday,1432,365,M,1,0.465082,0.131105,109.17,240.909,F
1002,1,HappyBirthday,107,14965.2,F,1,0.00585797,0.0655782,54.991,1.83631,F
1002,1,HappyBirthday,584,15695.8,F,1,8.41231e-05,0.0843771,97701.6,0.344967,F
1002,1,HappyBirthday,647,6935.15,M,1,0.0598892,11.9857,3.03785,19.2836,F
1002,1,HappyBirthday,1257,2190,F,1,0.00209992,1.46278,47.938,0.710265,F
1003,1,HappyBirthday,17,6935.46,F,1,0.0640804,6.64082,1079.38,25.9657,F
1003,1,HappyBirthday,1143,3285,F,1,0.0445774,0.221593,53.8441,14.2099,F
1003,1,HappyBirthday,832,12410.2,F,1,0.0221245,0.538235,4.97788,6.97924,F
1004,1,HappyBirthday,137,10950,M,1,0.0251734,0.117588,1822.98,31.7285,F
1004,1,HappyBirthday,263,10950.7,M,1,0.0420623,0.373124,46.8836,13.374,F
1004,1,HappyBirthday,1381,730,F,1,0.207621,0.20348,29968.4,443.927,F
1004,1,HappyBirthday,863,17885.6,M,1,0.00478357,0.775007,14.1467,1.49313,F
1005,1,HappyBirthday,1105,3650,F,1,0.271259,1.75804,464.303,105.202,F
1006,1,HappyBirthday,1066,4015,F,1,0.00081564,0.512974,2.95357,0.255017,F
1006,1,HappyBirthday,526,10585.5,M,1,0.00647186,0.117516,14.8251,2.15027,F
1007,1,HappyBirthday,1382,730,F,1,0.0193647,0.136242,91.6369,6.83295,F
1007,1,HappyBirthday,205,9490.3,F,1,0.000359875,15.0255,10.2062,0.111956,F
1007,1,HappyBirthday,261,27375.8,M,1,0.015372,0.242497,66.8414,4.83732,F
1007,1,HappyBirthday,496,7300.73,F,1,0.041027,0.195714,20.5055,13.2161,F
1007,1,HappyBirthday,1343,1095,M,1,0.867021,0.0283237,242.004,691.933,F
1008,1,HappyBirthday,917,10220.1,M,1,0.00107109,0.0833442,131.508,0.338514,F
1010,1,HappyBirthday,1033,4380,M,1,0.201603,0.337212,446.039,118.013,F
1010,1,HappyBirthday,507,10221,F,1,8.53967e-07,0.973698,193.233,0.000346,F
1010,1,HappyBirthday,519,29930.2,F,1,0.210863,0.23435,111.392,77.9027,F
1010,1,HappyBirthday,868,14600.1,F,1,0.252473,0.431668,9803.82,241.796,F
1011,1,HappyBirthday,21,12410.9,F,1,0.001334,22.0099,96.2601,0.477824,F
1011,1,HappyBirthday,1177,2920,F,1,0.000813199,0.808791,296.934,0.274193,F
1011,1,HappyBirthday,617,5840.16,F,1,0.0745933,2.32933,111.068,27.9243,F
1011,1,HappyBirthday,633,7300.63,M,0,0,0.169548,0,0,F
1012,1,HappyBirthday,9,27010.7,F,1,0.00263806,0.199389,375.451,1.92005,F
1012,1,HappyBirthday,323,11315.5,F,1,0.102083,0.227531,1947.83,46.2771,F
1012,1,HappyBirthday,543,20440.3,M,1,0.000555627,0.649395,0.105713,0.172714,F
1012,1,HappyBirthday,817,16425.9,F,1,0.00431809,7.11627,15.5618,1.43436,F
1012,1,Births,1464,0,M,0,0,0.0435788,0,0,F
1013,1,HappyBirthday,177,6570.08,F,1,0.00765821,0.570238,48.4076,2.39776,F
1013,1,HappyBirthday,812,4745.5,F,1,0.0129285,1.58805,8347.73,50.791,F
1014,1,HappyBirthday,118,6935.68,M,1,0.0280127,0.411161,260.845,12.8886,F
1014,1,HappyBirthday,1227,2555,F,1,0.0595006,0.925797,11175.3,282.129,F
1015,1,HappyBirthday,1067,4015,M,1,0.0136114,0.432564,1.90053,4.27269,F
1015,1,HappyBirthday,955,34310.7,F,1,0.0294217,0.280356,25.6827,9.55806,F
1016,1,HappyBirthday,1258,2190,M,1,4.82009e-05,0.0102617,104490,0.371535,F
1016,1,HappyBirthday,181,29930.8,M,1,0.0493787,0.145586,3.00561,15.7673,F
1016,1,HappyBirthday,933,10950.3,M,1,0.0325884,0.389915,13.7724,10.4634,F
1016,1,HappyBirthday,359,14600.3,M,1,0.0484269,1.58942,0.498129,15.4273,F
1016,1,Births,1465,0,M,0,0,0.0104293,0,0,F
1017,1,HappyBirthday,1146,3285,M,1,0.523232,0.217551,104.162,310.558,F
1017,1,HappyBirthday,537,6205.53,F,1,0.020479,40.1052,31.0186,6.76993,F
1017,1,HappyBirthday,628,13870.4,F,1,0.0034125,3.2555,16.3622,1.08909,F
1017,1,HappyBirthday,1259,2190,F,1,0.482029,0.317221,59.9273,205.034,F
1019,1,HappyBirthday,1034,4380,M,1,0.00601092,0.643729,704.338,2.15993,F
1019,1,HappyBirthday,646,6205.51,F,1,0.000424417,0.471373,34.1148,0.150628,F
1019,1,HappyBirthday,1344,1095,M,1,0.00143862,4.1301,76020.4,8.59211,F
1019,1,HappyBirthday,882,11680.5,M,1,0.00283236,0.721773,0.0838196,0.88171,F
1020,1,HappyBirthday,42,4745.49,F,1,0.225229,1.67217,88.6337,79.5654,F
1021,1,HappyBirthday,242,25550.9,M,1,0.0185024,0.437813,30951,21.3098,F
1021,1,HappyBirthday,1107,3650,F,1,0,0.256542,26.4625,0,F
1022,1,HappyBirthday,218,10950.3,M,1,0.00176858,0.599677,0.621189,0.550471,F
1022,1,HappyBirthday,306,12775.3,M,1,0.00173957,1.08907,186.633,0.550097,F
1022,1,HappyBirthday,1383,730,F,1,0.767568,0.100449,189.807,572.084,F
1022,1,HappyBirthday,727,6935.61,F,1,0.0155077,0.107817,7.64048,4.90614,F
1022,1,Births,1466,0,F,0,0,0.191557,0,0,F
1023,1,HappyBirthday,847,5110.51,F,1,0.00607773,0.169943,0.000302765,1.89484,F
1024,1,HappyBirthday,1178,2920,F,1,0.000500716,0.501506,0.209921,0.155721,F
1024,1,HappyBirthday,349,6205.18,F,1,0.0728467,1.46065,2604.45,35.0146,F
1024,1,HappyBirthday,505,12410.6,M,1,0.0041186,4.4158,2348.25,6.14811,F
1025,1,HappyBirthday,12,5840.2,M,1,0.15442,22.156,69.217,57.7307,F
1025,1,HappyBirthday,536,22630.1,F,1,0,0.736745,0,0,F
1025,1,HappyBirthday,648,6205.68,F,1,7.1997e-05,0.316194,7170.53,0.414549,F
1026,1,HappyBirthday,1345,1095,F,1,0.0854079,0.0617854,17914,32.0462,F
1027,1,HappyBirthday,423,7300.73,M,1,0.00180847,0.253742,0.667979,0.56308,F
1027,1,HappyBirthday,525,12045.1,M,1,0.000277526,0.225117,31.853,0.0974874,F
1027,1,HappyBirthday,796,10586,F,1,0.0776303,0.100743,2153.4,26.5066,F
1028,1,HappyBirthday,404,14600.4,M,1,2.07953e-06,5.39621,26294.1,0.0128706,F
1029,1,HappyBirthday,49,6570.23,F,1,0.00289633,0.494481,102.505,0.906826,F
1029,1,HappyBirthday,65,5110.9,M,1,0.104378,0.432692,25.048,35.7208,F
1029,1,HappyBirthday,700,16790.3,M,1,0.0417297,0.830982,1.01399,13.247,F
1030,1,HappyBirthday,278,23360.7,F,1,0.61316,0.395853,1034.48,704.163,F
1030,1,HappyBirthday,307,14965.6,M,1,0.0105335,2.09741,4.56723,3.29368,F
1031,1,HappyBirthday,253,5475.05,M,1,1.35296e-05,1.62332,432.533,0.00773923,F
1032,1,HappyBirthday,1433,365,M,1,0.00753316,0.121315,48.6086,2.53776,F
1032,1,HappyBirthday,322,28105.5,F,1,0.60467,0.861162,78.0466,288.765,F
1032,1,HappyBirthday,975,28105.9,M,1,0.00587864,0.650189,8.78424,1.83399,F
1032,1,HappyBirthday,994,9490.86,F,1,0.00869855,20.056,2.46931,2.72385,F
1032,1,Births,1467,0,F,0,0,0.0374853,0,0,F
1033,1,HappyBirthday,731,17155.4,F,1,0.0471602,3.0563,136.884,18.0363,F
1034,1,HappyBirthday,466,9490.78,M,1,0.0555492,20.3206,86.9899,24.7617,F
1034,1,HappyBirthday,1070,4015,M,1,0.000757106,0.34775,19715.8,4.06076,F
1034,1,HappyBirthday,940,10220.6,M,1,0.0295452,0.316611,65.8395,9.42477,F
1035,1,HappyBirthday,195,13505.2,M,1,9.57464e-06,0.355485,275.151,0.0043368,F
1035,1,HappyBirthday,376,17885.8,F,1,3.05257e-05,18.8166,2671.93,0.0372284,F
1035,1,HappyBirthday,885,24455.2,M,1,4.06971e-05,1.08353,50296.1,0.0989976,F
1035,1,HappyBirthday,1384,730,M,1,0.0893601,0.324574,29666.9,1038.22,F
1037,1,HappyBirthday,282,8395.13,M,1,0.0796731,0.733655,90.9199,29.0445,F
1037,1,HappyBirthday,433,19345.2,M,1,0.00145601,0.187611,37.5683,0.476369,F
1037,1,HappyBirthday,714,6205.11,F,1,0.0123313,6.28931,439.535,10.1864,F
1038,1,HappyBirthday,1071,4015,F,1,0.0148161,0.569532,2085.8,7.89633,F
1038,1,HappyBirthday,397,27375.2,F,1,0.0162215,0.18643,120.375,5.24559,F
1038,1,HappyBirthday,411,8395.14,F,1,0.0200731,0.353714,0.017816,6.30199,F
1039,1,HappyBirthday,142,18250.6,M,1,0.032794,1.34375,863.8,47.1606,F
1039,1,HappyBirthday,1228,2555,M,1,8.27315e-05,1.07706,36563,0.112398,F
1039,1,HappyBirthday,1386,730,F,1,0.00435233,0.0242523,30.8743,1.55809,F
1039,1,HappyBirthday,1385,730,F,1,0.0030099,1.04296,0.0277169,0.937135,F
1040,1,HappyBirthday,1108,3650,M,1,0.000666334,0.134649,29.7713,0.217974,F
1040,1,HappyBirthday,1315,1460,M,1,0.233727,4.49008,2235.31,123.551,F
1041,1,HappyBirthday,13,5840.37,M,1,0.111457,0.384259,6.49145,37.9257,F
1041,1,HappyBirthday,1109,3650,F,1,0.0519468,0.123363,11.6785,17.1341,F
1041,1,HappyBirthday,1035,4380,M,1,0.00752649,25.2196,1177.45,13.1494,F
1041,1,HappyBirthday,965,5110.78,F,1,0.0029784,1.50476,0.0520849,0.927511,F
1041,1,HappyBirthday,1148,3285,F,1,5.33735e-05,0.722362,3.62084,0.0167589,F
1041,1,HappyBirthday,960,29930.6,F,1,0.00240654,1.20503,0.0086916,0.748801,F
1041,1,HappyBirthday,1036,4380,M,1,0.0316859,0.604832,508.214,10.0085,F
1041,1,HappyBirthday,1289,1825,F,1,0.00646553,0.28616,0.517968,2.02034,F
1042,1,HappyBirthday,1149,3285,M,1,0.00127618,0.0835633,5.69993,0.397178,F
1042,1,HappyBirthday,1037,4380,M,1,0.00399644,5.10433,0.522711,1.24495,F
1043,1,HappyBirthday,483,20440.1,F,1,0.0817041,0.316691,47.4618,32.0072,F
1043,1,HappyBirthday,1038,4380,F,1,0.00964142,0.307109,0.728934,3.0183,F
1044,1,HappyBirthday,300,5110.01,F,1,0.00490408,1.17101,6557.16,24.8709,F
1044,1,HappyBirthday,1110,3650,F,1,0.000796739,0.13986,0.0678996,0.247652,F
1044,1,Births,1468,0,F,0,0,0.0570284,0,0,F
1046,1,HappyBirthday,1387,730,M,1,0.796093,0.0692951,158.069,581.293,F
1046,1,HappyBirthday,1435,365,M,1,0.136085,0.0865266,3284.28,47.2183,F
1046,1,HappyBirthday,383,20075.3,M,1,2.25926e-05,1.53386,28.9816,0.007362,F
1046,1,HappyBirthday,488,6570.28,F,1,0,0.318377,33.2327,0,F
1046,1,HappyBirthday,1434,365,F,1,0.0860872,0.339103,29641.5,563.522,F
1046,1,HappyBirthday,846,12045.9,M,1,0.00790979,0.171867,4.71615,2.52638,F
1047,1,HappyBirthday,184,14965.3,M,1,0.000465276,0.986672,32.4743,0.150846,F
1047,1,HappyBirthday,379,11315.9,F,1,4.09855e-05,2.77036,0.213808,0.0127132,F
1047,1,HappyBirthday,736,4745.93,M,1,0.0057053,2.03634,1.00474,1.77848,F
1047,1,Births,1469,0,M,0,0,0.0169671,0,0,F
1048,1,HappyBirthday,406,19345.9,F,1,0.179931,1.98699,65.5292,68.9537,F
1048,1,HappyBirthday,1261,2190,M,1,0.00088296,0.423939,9.873,0.286071,F
1049,1,HappyBirthday,1230,2555,M,1,0.157206,0.233079,7.16159,53.2061,F
1049,1,HappyBirthday,202,4745.37,F,1,0.00064138,3.48566,4.08653,0.200127,F
1049,1,HappyBirthday,1111,3650,F,1,0.721245,0.0305306,2649.63,1355.71,F
1049,1,HappyBirthday,384,27010.3,F,1,0.000326074,0.20693,6.04143,0.101489,F
1049,1,HappyBirthday,413,18250.2,M,1,0.00121264,2.89863,85.4935,0.385777,F
1049,1,HappyBirthday,1316,1460,F,1,0.0158889,0.502556,52.7548,5.42753,F
1049,1,HappyBirthday,1290,1825,M,1,0.000191143,0.0887652,1662.86,0.392751,F
1049,1,HappyBirthday,1346,1095,F,1,0.603088,0.0996798,210.397,357.535,F
1050,1,HappyBirthday,128,21900.3,M,1,0.01346,6.50687,1234.03,11.3654,F
1050,1,HappyBirthday,562,8395.9,M,1,0.253146,40.9663,30.0962,97.7265,F
1051,1,HappyBirthday,315,10585.6,F,1,0.00123945,0.612695,68.4933,0.459913,F
1051,1,HappyBirthday,1179,2920,F,1,0.00155157,0.434118,1.76318,0.482725,F
1052,1,HappyBirthday,85,6570.77,F,1,0.00653371,13.6241,67.5335,2.03921,F
1052,1,HappyBirthday,1180,2920,F,1,0.00291143,0.168348,0.141901,0.906178,F
1052,1,HappyBirthday,1113,3650,F,1,0.0163059,0.175611,549.108,6.57673,F
1052,1,HappyBirthday,542,25185.8,M,1,0.00221014,0.330329,4.81078,0.697418,F
1052,1,HappyBirthday,1112,3650,F,1,0.131984,0.882037,7.50985,44.1631,F
1052,1,HappyBirthday,893,14600,M,1,0.000366824,0.117516,3454.62,0.582736,F
1053,1,HappyBirthday,476,13140.1,M,1,0.0403737,0.308451,16.3242,12.8154,F
1053,1,HappyBirthday,521,27010.3,F,1,0.0219318,0.266611,33.1111,6.96099,F
1054,1,HappyBirthday,336,12410.4,F,1,0.066183,0.415786,13.6764,21.7606,F
1054,1,HappyBirthday,1347,1095,F,1,0.0311308,0.264689,45.248,11.6033,F
1054,1,HappyBirthday,1388,730,F,0,0,0.00139713,0,0,F
1055,1,HappyBirthday,679,5475.81,F,1,0.057523,3.18864,1.86791,18.4668,F
1056,1,HappyBirthday,1114,3650,M,1,0.383597,0.137634,49.7194,180.719,F
1056,1,HappyBirthday,516,10950.3,M,1,0.00624896,1.36417,54.4764,2.03521,F
1056,1,HappyBirthday,599,9125.44,F,1,0.0504635,0.196071,2898.31,59.8274,F
1058,1,HappyBirthday,108,9490.38,M,1,0.000835588,1.85164,15525.3,0.402244,F
1058,1,HappyBirthday,1389,730,M,1,0.000337377,0.0960444,14773.8,1.56611,F
1059,1,HappyBirthday,114,35040.3,M,1,0.0463023,0.240526,3.07184,14.754,F
1059,1,HappyBirthday,448,13140.4,M,1,3.89663e-05,0.136758,1.08e-05,0.0120882,F
1059,1,HappyBirthday,1348,1095,M,1,0.00675133,3.67083,10666.1,2.14164,F
1060,1,HappyBirthday,987,16425,M,1,0.144879,1.14926,6.59157,48.9213,F
1060,1,HappyBirthday,138,5110.39,F,1,0.0730707,2.56989,3.43181,23.591,F
1060,1,HappyBirthday,279,13505.2,M,1,0.116477,0.592824,2102.51,40.6789,F
1060,1,HappyBirthday,297,14235.9,F,1,0.30504,19.8717,384.211,297.498,F
1060,1,HappyBirthday,753,7300.35,F,1,0.00947534,1.96935,1316.79,3.61789,F
1060,1,HappyBirthday,1232,2555,F,1,0.412557,0.302413,3512.3,200.316,F
1061,1,HappyBirthday,121,10950.8,M,1,0.045658,0.162772,174.281,17.4234,F
1061,1,HappyBirthday,212,5475.56,M,1,0.00250118,2.1459,1099.95,1.33337,F
1061,1,HappyBirthday,659,4745.56,M,1,0.0209029,0.310822,25.6952,6.79843,F
1062,1,HappyBirthday,1436,365,F,1,0.00140842,0.65019,1499.97,2.68059,F
1062,1,HappyBirthday,1072,4015,F,1,0.0576652,0.189175,88.8578,20.9268,F
1064,1,HappyBirthday,23,16425.8,M,1,0.057311,0.355557,1.8632,18.3804,F
1064,1,HappyBirthday,695,30295.2,F,1,0.0266076,0.260972,7.43631,8.39736,F
1065,1,HappyBirthday,16,10950.9,F,1,0.457731,1.11744,9.91666,193.23,F
1065,1,HappyBirthday,283,15330.2,M,1,0.0161161,0.842199,74.2922,5.65742,F
1065,1,HappyBirthday,401,18615.1,F,1,0.0115375,3.83051,67.6726,3.97573,F
1065,1,HappyBirthday,1151,3285,M,1,0.0015025,0.525004,2.23419,0.468054,F
1066,1,HappyBirthday,492,21535.2,M,1,0.0195641,0.28457,51.7469,7.35902,F
1066,1,HappyBirthday,752,5475.22,F,1,0.134868,2.81855,416.031,45.024,F
1066,1,Births,1470,0,F,0,0,0.11419,0,0,F
1067,1,HappyBirthday,996,27010,M,1,0.0120225,0.707707,113.188,3.76568,F
1068,1,HappyBirthday,508,16425,M,1,0.00143152,0.1121,36.0671,0.445601,F
1068,1,HappyBirthday,515,10220.8,M,1,1.12255e-06,2.03786,174.182,0.0004168,F
1068,1,HappyBirthday,590,8395.72,F,1,6.62935e-06,8.5352,11031.2,0.0249866,F
1068,1,HappyBirthday,1181,2920,M,1,0.0509374,0.140817,1133.25,24.6803,F
1069,1,HappyBirthday,1073,4015,M,1,8.58457e-05,3.20703,0.00120361,0.026626,F
1071,1,HappyBirthday,838,10585.2,M,1,0.0609153,0.462304,6.38889,19.5377,F
1073,1,HappyBirthday,1152,3285,M,1,0.10975,0.809082,5.30045,37.0513,F
1074,1,HappyBirthday,27,15330.4,F,1,0.0267577,0.431579,3.91389,8.43755,F
1074,1,HappyBirthday,267,5110.06,F,1,0.0116803,0.0641707,16.8733,3.7451,F
1075,1,HappyBirthday,1183,2920,M,1,0.00241587,0.93417,47.2853,0.909998,F
1076,1,HappyBirthday,295,15695.2,F,1,2.58743e-05,0.234121,40.6417,0.0088594,F
1076,1,HappyBirthday,458,4745.06,M,1,0.00194781,10.2241,0.000328523,0.606129,F
1076,1,Births,1471,0,M,0,0,0.0421058,0,0,F
1077,1,HappyBirthday,748,13870.7,F,1,5.54734e-05,0.215157,107.017,0.0249266,F
1078,1,HappyBirthday,465,6570.77,F,1,0.00287463,1.7783,18.3469,0.899078,F
1079,1,HappyBirthday,1391,730,F,1,0.00558885,0.00743855,128.183,1.8053,F
1079,1,HappyBirthday,1390,730,F,1,0.0251902,0.294686,5.62677,7.93587,F
1081,1,HappyBirthday,80,5475.48,F,1,0.0339276,1.18859,28.6562,10.7405,F
1081,1,HappyBirthday,1076,4015,F,1,0.231001,0.0486095,16.2747,86.5445,F
1082,1,HappyBirthday,1291,1825,F,1,0.00960576,0.10609,74.8687,3.10366,F
1082,1,HappyBirthday,1077,4015,M,1,0.0651964,6.71809,34.4388,23.5726,F
1082,1,HappyBirthday,823,13140.7,F,1,0.000643773,1.52571,6.58028,0.201824,F
1083,1,HappyBirthday,422,5110.63,F,1,5.88865e-05,1.02578,4370.68,0.232406,F
1083,1,HappyBirthday,911,24455.4,F,1,0.147665,1.10819,4594.21,50.9593,F
1084,1,HappyBirthday,557,6570.79,F,1,0.0469234,1.96926,64.8463,18.9291,F
1084,1,HappyBirthday,664,30660.6,F,1,0.0589309,0.728503,36.0893,22.0305,F
1084,1,HappyBirthday,998,35770.5,F,1,0.00424029,1.69447,3.26e-05,1.32007,F
1085,1,HappyBirthday,392,14965.4,M,0,0,0.0477438,0,0,F
1085,1,HappyBirthday,1263,2190,F,1,0.000448189,3.84034,3.30672,0.139385,F
1085,1,HappyBirthday,595,13140.4,F,1,0.248758,0.508081,4.46502,89.7861,F
1085,1,HappyBirthday,1292,1825,F,1,0.0249353,0.24919,11297.2,16.0257,F
1085,1,HappyBirthday,804,9125.5,F,1,0.014318,0.294248,883.581,9.64959,F
1085,1,Births,1472,0,F,0,0,0.103416,0,0,F
1086,1,HappyBirthday,66,14965,M,1,0.000176729,3.30045,109.596,0.0633852,F
1086,1,HappyBirthday,348,16060.3,F,1,0.000892494,4.55051,13.8479,0.277587,F
1086,1,HappyBirthday,682,12775.6,M,1,0.0882122,5.11804,46.4308,30.7435,F
1086,1,HappyBirthday,711,5840.39,F,1,0.03151,0.14062,37.526,11.2849,F
1087,1,HappyBirthday,1233,2555,M,1,0.817983,2.633,96.4146,602.021,F
1087,1,HappyBirthday,891,11315.7,F,1,0.0130391,0.401631,1.62898,4.08951,F
1088,1,HappyBirthday,7,12410,F,1,0.245081,2.66201,19.945,93.4447,F
1088,1,HappyBirthday,239,9490.72,F,1,0.433627,0.353228,148.705,177.079,F
1088,1,HappyBirthday,687,5475.94,F,1,0.00117411,0.416821,0.00447437,0.364909,F
1088,1,HappyBirthday,741,30660,F,1,0.00218091,0.801153,35593.5,2.60345,F
1088,1,Births,1473,0,F,0,0,0.0100353,0,0,F
1089,1,HappyBirthday,131,7665.65,F,1,0.00798515,0.230651,0.150027,2.49106,F
1089,1,HappyBirthday,1393,730,M,1,0.04956,0.00719303,4428.93,218.642,F
1089,1,HappyBirthday,1115,3650,F,1,0.0596889,0.316192,2.17151,19.3304,F
1089,1,HappyBirthday,1078,4015,F,1,0.019866,1.41976,304.215,6.23611,F
1090,1,HappyBirthday,78,5840.33,F,1,0.0237062,1.43751,23.8074,8.18171,F
1091,1,HappyBirthday,1186,2920,F,1,0,0.0273011,0,0,F
1091,1,HappyBirthday,813,8395.23,M,1,0.00920463,0.0933882,10.2299,2.91138,F
1092,1,HappyBirthday,1079,4015,M,1,0.000175991,0.482404,977.868,0.261073,F
1092,1,HappyBirthday,887,6935.8,F,1,2.56858e-06,0.739778,16723.6,0.00244907,F
1092,1,HappyBirthday,1349,1095,F,1,0.0831223,0.254567,0.00202404,26.9716,F
1092,1,HappyBirthday,1350,1095,F,1,0.388649,0.0452047,1793.25,397.083,F
1093,1,HappyBirthday,32,6935.5,M,1,0.000928769,0.417328,39.8628,0.334824,F
1093,1,HappyBirthday,629,7300.32,F,1,0.00641273,0.332355,29.3109,2.03244,F
1095,1,HappyBirthday,1041,4380,F,1,0.0200456,0.980026,23.2571,6.37813,F
1095,1,HappyBirthday,325,16425.3,M,1,0.00149581,1.75079,71.0261,0.49606,F
1095,1,HappyBirthday,985,11680,M,1,0,3.99208,0.0137092,0,F
1096,1,HappyBirthday,1394,730,F,1,0.476408,0.117755,41.5888,235.955,F
1096,1,HappyBirthday,437,21535.5,M,1,0.0468576,2.09055,35.5547,14.9879,F
1096,1,HappyBirthday,499,9125.35,M,1,0.0136236,9.46311,6.21533,4.2765,F
1097,1,HappyBirthday,51,5840.45,F,1,0.0996478,2.43175,116.248,38.5638,F
1097,1,HappyBirthday,1235,2555,M,1,0.261174,0.111604,26.1366,95.1884,F
1097,1,HappyBirthday,453,14965.9,M,1,0.00354388,10.6249,2.55477,1.11571,F
1097,1,HappyBirthday,1154,3285,M,1,0.208983,1.63916,81.1201,86.6065,F
1097,1,HappyBirthday,898,9490.72,M,1,0.00218668,1.25626,0.0017286,0.680431,F
1098,1,HappyBirthday,601,16425.5,F,1,0,6.49061,53.8175,0,F
1099,1,HappyBirthday,1116,3650,M,1,0.0925193,2.89592,109.081,39.3399,F
1099,1,Births,1474,0,M,0,0,0.00558534,0,0,F
1100,1,HappyBirthday,585,23725.6,M,1,0.00648299,0.568035,0.277974,2.02178,F
1101,1,HappyBirthday,565,13870.8,M,1,0.016394,1.22367,1446.06,5.39705,F
1101,1,HappyBirthday,613,5840.49,M,1,0.0167201,32.8092,4.33434,5.3315,F
1102,1,HappyBirthday,371,11315.2,M,1,0.090702,0.0443397,1593.25,114.139,F
1102,1,HappyBirthday,1437,365,F,1,0.7595,0.139313,654.241,560.399,F
1103,1,HappyBirthday,178,10950,M,1,0.0516317,1.0708,191.714,21.0734,F
1103,1,HappyBirthday,1320,1460,F,1,0.0667962,0.923708,1139.67,59.6189,F
1103,1,HappyBirthday,771,7665.43,M,1,0.00851665,1.59327,9.79267,2.66368,F
1103,1,HappyBirthday,1351,1095,F,1,0.12461,1.5652,8.65065,41.9563,F
1103,1,Births,1475,0,M,0,0,0.101247,0,0,F
1104,1,HappyBirthday,546,8395.69,F,1,0.00468616,5.0443,6.95822,1.45992,F
1104,1,Births,1476,0,M,0,0,0.363758,0,0,F
1105,1,HappyBirthday,1042,4380,F,1,0.0114772,0.93155,0.563467,3.58783,F
1106,1,HappyBirthday,377,11680.6,M,1,0.0079868,3.20113,24.0434,2.75598,F
1107,1,HappyBirthday,434,23725.6,F,1,0.000555534,4.40668,595.326,0.183779,F
1107,1,HappyBirthday,596,13140.6,F,1,0.00542067,0.149872,3.37766,1.69634,F
1107,1,HappyBirthday,872,13505.1,M,1,0.012921,0.220553,0.596038,4.04259,F
1107,1,HappyBirthday,881,6570.37,M,1,0.00489024,4.77949,2.00017e-05,1.52369,F
1107,1,HappyBirthday,1352,1095,M,1,0.000100934,0.0759786,23226.4,1.22284,F
1108,1,HappyBirthday,1189,2920,F,1,0.00428792,0.641992,0.0800093,1.33584,F
1109,1,HappyBirthday,1156,3285,M,1,0.0155766,1.88549,45.9911,5.10695,F
1109,1,HappyBirthday,449,6205.63,F,1,0.0182569,0.94341,576.18,8.94047,F
1109,1,HappyBirthday,1395,730,M,1,0.00560784,0.768469,15091.6,55.5631,F
1110,1,HappyBirthday,1353,1095,F,1,4.79009e-05,0.237589,54275.8,0.297909,F
1110,1,HappyBirthday,586,21170.2,F,1,0.0386518,0.221211,21.917,12.2584,F
1110,1,HappyBirthday,819,15330,F,1,0.0135919,51.293,1197.03,5.00338,F
1111,1,HappyBirthday,928,5475.58,M,1,3.85004e-05,0.895545,41.8005,0.0126398,F
1111,1,HappyBirthday,81,8760.73,M,1,0.000104879,0.482403,134.954,0.0403072,F
1111,1,HappyBirthday,1438,365,M,1,0.0726656,0.065274,9.66425,24.5922,F
1112,1,HappyBirthday,464,10220.8,M,1,0.00223865,0.615418,90.6723,0.699065,F
1112,1,HappyBirthday,1265,2190,M,1,0.134576,0.0527215,172.239,54.1652,F
1112,1,HappyBirthday,806,30295.9,M,1,0.00317399,3.57311,0.0001154,0.987838,F
1112,1,HappyBirthday,809,10950.9,M,1,0.00159907,0.547604,0.12211,0.497564,F
1113,1,HappyBirthday,216,18615.8,F,1,0.164519,3.76133,10.4529,55.9206,F
1113,1,HappyBirthday,666,21535.6,F,1,0.000863185,0.845877,512.227,0.278147,F
1113,1,HappyBirthday,1117,3650,F,1,0.00104018,0.927331,0.743201,0.324193,F
1113,1,HappyBirthday,927,5840.69,F,1,0.00497783,1.5184,0.412763,1.55094,F
1113,1,HappyBirthday,825,9855.23,F,1,0.5586,0.201336,83.1921,256.69,F
1114,1,HappyBirthday,122,19345.1,M,1,0.00227245,0.3827,0.0116844,0.707257,F
1114,1,HappyBirthday,616,18250.2,M,1,0,2.62631,1.4069,0,F
1114,1,HappyBirthday,1354,1095,M,1,0.00565485,1.4897,342.315,3.9811,F
1114,1,HappyBirthday,785,11315,M,1,0.0155683,0.358695,403.105,4.94367,F
1114,1,Births,1477,0,M,0,0,3.17502,0,0,F
1116,1,HappyBirthday,625,7300.98,F,1,0.00216987,3.95871,5.01545,0.692175,F
1116,1,HappyBirthday,1190,2920,F,1,0.685303,0.356234,93.6612,365.079,F
1117,1,HappyBirthday,1043,4380,M,1,0.0534839,0.129099,374.658,17.7291,F
1117,1,HappyBirthday,1002,4745,M,1,4.55526e-05,0.260837,274.159,0.0303751,F
1117,1,HappyBirthday,509,10221,M,1,0.618668,1.68677,25.7867,326.32,F
1117,1,HappyBirthday,619,5840.97,M,1,0.000679169,0.35691,58.593,0.252055,F
1117,1,HappyBirthday,710,5475.96,M,1,0.0831101,0.346103,0.118803,26.9767,F
1117,1,HappyBirthday,821,7300.9,F,1,0.000898642,2.0513,0.550832,0.279436,F
1118,1,HappyBirthday,573,16425.1,M,1,0.00104229,1.09043,0.425632,0.32441,F
1119,1,HappyBirthday,55,13140.2,M,1,0.0263099,4.28632,1.5674,8.30829,F
1119,1,HappyBirthday,1236,2555,F,1,0.160051,0.198393,185.48,58.9924,F
1120,1,HappyBirthday,1003,4745,M,1,0,0.591685,5.79626,0,F
1120,1,HappyBirthday,426,16060.5,F,1,0.06729,1.58321,1.98036,21.7239,F
1120,1,HappyBirthday,642,10585.3,M,1,0.0468311,5.48547,90.943,14.9274,F
1121,1,HappyBirthday,1321,1460,F,1,0.0944015,0.539892,577.572,110.838,F
1121,1,HappyBirthday,1004,4745,M,1,0.108229,13.5288,1040.38,80.859,F
1121,1,HappyBirthday,548,12775.6,F,1,0.0894374,1.10175,85.2145,33.6846,F
1122,1,HappyBirthday,1044,4380,M,1,0.0011233,1.23129,16.6105,0.349712,F
1122,1,HappyBirthday,53,30295.5,M,1,0.000533588,0.478884,54.5713,0.179621,F
1122,1,HappyBirthday,1237,2555,M,1,0.00238781,0.447979,0.182185,0.742695,F
1122,1,HappyBirthday,950,6205.25,M,1,0.0226395,0.112528,1001.29,21.7559,F
1123,1,HappyBirthday,1266,2190,F,1,0.0110819,0.515289,45221.4,68.8239,F
1123,1,HappyBirthday,1294,1825,F,1,0.122711,0.0976791,0.389357,40.7502,F
1124,1,HappyBirthday,486,15330,F,1,0.00265858,0.777209,49.9146,0.862898,F
1124,1,HappyBirthday,778,10950.4,M,1,0.223244,0.990994,3765.52,138.201,F
1125,1,HappyBirthday,1396,730,M,1,0.065065,0.139331,1894.57,104.764,F
1125,1,HappyBirthday,1005,4745,M,1,0.00110976,0.235314,0.0113057,0.345123,F
1125,1,HappyBirthday,673,5840.29,F,1,8.91793e-05,1.48338,11662.4,0.196063,F
1125,1,HappyBirthday,1295,1825,M,1,0.00237304,5.77283,35.6663,0.796851,F
1125,1,HappyBirthday,788,10586,M,1,0.00976102,0.0585304,11.1713,3.10358,F
1125,1,HappyBirthday,844,9490.31,M,1,0.000209733,43.3888,1.01731,0.0652062,F
1126,1,HappyBirthday,495,21535.9,M,1,0.443668,1.0424,0.294599,182.33,F
1127,1,HappyBirthday,61,11680.4,M,1,0.0356968,4.79043,157.597,13.4607,F
1127,1,HappyBirthday,1157,3285,M,1,0.000124172,0.221043,55.9918,0.0417789,F
1128,1,HappyBirthday,1355,1095,M,1,0.190374,4.02428,1058.89,302.215,F
1128,1,HappyBirthday,259,8760.19,M,0,0,0.0875906,0,0,F
1128,1,HappyBirthday,416,8395.49,M,1,0.00272709,0.76863,830.296,0.963357,F
1128,1,HappyBirthday,1192,2920,F,1,0.0227525,0.29039,0.126713,7.15382,F
1128,1,HappyBirthday,1397,730,F,1,0.0870342,2.36159,18569.8,355.971,F
1128,1,Births,1478,0,M,0,0,0.0450065,0,0,F
1129,1,HappyBirthday,1158,3285,F,1,0,24.5771,13200.8,0,F
1129,1,HappyBirthday,654,5840.64,M,1,0.0712483,1.85819,956.7,26.0127,F
1129,1,HappyBirthday,762,20440.8,F,1,0.0326173,20.623,0.866433,10.3079,F
1129,1,HappyBirthday,1081,4015,M,1,0,0.0788052,12.4357,0,F
1130,1,HappyBirthday,134,19345.8,M,1,0.0166064,0.363436,0.364293,5.2102,F
1131,1,HappyBirthday,749,5475.74,M,1,0.000753722,0.718605,270.951,0.500423,F
1131,1,Births,1479,0,F,0,0,0.11991,0,0,F
1132,1,HappyBirthday,105,9125.89,F,1,0.00371012,4.2097,9.6738,1.21154,F
1132,1,HappyBirthday,335,6570.22,M,1,0.000643343,0.291652,1618.51,0.218716,F
1132,1,HappyBirthday,1267,2190,F,0,0,0.0166224,0,0,F
1132,1,Births,1480,0,M,0,0,0.546234,0,0,F
1133,1,HappyBirthday,374,14965.6,F,1,0.000708902,0.281854,13.983,0.233063,F
1133,1,HappyBirthday,751,9855.6,F,1,0.00174993,6.02291,38.967,0.576817,F
1134,1,HappyBirthday,670,19345.4,M,1,0.00397216,2.34045,1125.45,3.09354,F
1134,1,Births,1481,0,M,0,0,0.0886421,0,0,F
1135,1,HappyBirthday,1398,730,M,1,0.00151261,1.594,23.4901,0.489302,F
1135,1,HappyBirthday,1356,1095,M,1,0.206427,0.467006,679.674,145.473,F
1135,1,HappyBirthday,1082,4015,F,1,0.00164853,0.482033,0.0479773,0.512716,F
1135,1,HappyBirthday,1268,2190,F,1,0.0271214,0.933622,6247.02,102.973,F
1136,1,HappyBirthday,252,9855.4,M,1,0.0496846,0.69802,68.7671,17.3106,F
1136,1,HappyBirthday,350,30660.8,F,1,0.000151651,0.802386,0.0063986,0.0470828,F
1136,1,HappyBirthday,1322,1460,F,1,0.00012509,13.6575,9774.16,0.628698,F
1137,1,HappyBirthday,1193,2920,M,1,0.261572,4.15041,594.858,177.712,F
1138,1,HappyBirthday,1357,1095,M,1,8.52325e-06,0.104143,94344,0.0550229,F
1138,1,Births,1482,0,M,0,0,0.00696878,0,0,F
1139,1,HappyBirthday,1323,1460,F,1,0.163389,0.71255,10218.5,274.255,F
1140,1,Births,1483,0,M,0,0,0.286437,0,0,F
1141,1,HappyBirthday,1006,4745,M,1,0.0014436,0.387684,28.1535,0.501431,F
1141,1,HappyBirthday,1399,730,M,1,0.277728,2.22778,7492.12,482.901,F
1142,1,HappyBirthday,1084,4015,M,1,0.000423037,2.92031,0.0353014,0.131443,F
1142,1,HappyBirthday,632,15695.3,F,1,0.00113685,0.399045,13.559,0.35954,F
1142,1,HappyBirthday,715,9125.49,F,1,0.000605775,7.18937,3.85997,0.189551,F
1142,1,HappyBirthday,1159,3285,M,1,0.577439,0.158293,252.664,361.139,F
1142,1,HappyBirthday,1400,730,M,1,0.000413289,0.420282,113386,3.19138,F
1143,1,HappyBirthday,1238,2555,M,1,0.788414,0.188451,8.97589,490.023,F
1144,1,HappyBirthday,98,14965.6,M,1,0.0307845,0.412946,5.48859,9.73741,F
1144,1,HappyBirthday,1007,4745,F,1,0.00312885,9.12167,7.41554,0.995296,F
1144,1,HappyBirthday,1401,730,F,1,0.264185,0.0118497,19.7617,98.5763,F
1144,1,HappyBirthday,822,10950.7,F,1,0.0151492,3.5761,1029.25,5.49812,F
1146,1,HappyBirthday,154,12775.8,M,1,3.04537e-05,1.17369,12591.8,0.0155478,F
1147,1,HappyBirthday,63,24455.8,M,1,2.24461e-05,0.075766,0.419516,0.0069958,F
1147,1,HappyBirthday,249,6570.03,M,1,0.000319062,0.534886,1003.42,0.508442,F
1147,1,HappyBirthday,1269,2190,M,1,0.0325569,0.224514,183.01,13.8439,F
1147,1,HappyBirthday,843,15330.6,F,1,0.00565299,0.338327,223.771,3.45362,F
1148,1,HappyBirthday,808,5110.44,M,1,0.0115367,1.439,56.6738,3.90668,F
1149,1,HappyBirthday,1195,2920,M,1,0.150396,2.07194,217.102,54.4737,F
1149,1,HappyBirthday,1439,365,F,1,0.409063,0.749355,12881.2,722.231,F
1149,1,Births,1484,0,M,0,0,0.0230472,0,0,F
1150,1,HappyBirthday,1196,2920,M,1,0.0928365,1.72835,1416.55,37.3266,F
1150,1,HappyBirthday,857,12045.8,F,1,0.0522013,0.138449,181.844,21.0288,F
1151,1,HappyBirthday,163,10585.2,F,1,0.572395,5.53469,51.213,270.863,F
1151,1,HappyBirthday,1324,1460,F,1,0.13601,0.0384952,40723.4,310.846,F
1151,1,HappyBirthday,450,12045.1,F,1,0,1.06965,0.15794,0,F
1152,1,HappyBirthday,803,14600.9,F,1,0.0695949,1.27618,0.879468,22.4806,F
1153,1,HappyBirthday,1440,365,M,1,0.000383702,0.138667,1044.96,0.557858,F
1153,1,HappyBirthday,1120,3650,F,1,0.0970033,0.19206,371.737,32.5057,F
1154,1,HappyBirthday,980,24455.6,M,0,0,0.0390586,0,0,F
1154,1,HappyBirthday,1160,3285,F,1,0.000829863,0.0318508,0.000113691,0.257949,F
1154,1,HappyBirthday,1270,2190,M,1,0.00100802,0.234835,20.6715,0.317174,F
1154,1,HappyBirthday,604,13505.2,M,1,0.0758608,3.08119,0.696521,24.59,F
1155,1,HappyBirthday,241,9125.9,M,1,0.0263812,0.166551,11.3488,8.30882,F
1155,1,HappyBirthday,1402,730,F,1,0.0837875,9.45246,4535.94,171.823,F
1155,1,HappyBirthday,368,8760.08,F,1,0.000458339,0.601862,0.0252494,0.142511,F
1156,1,HappyBirthday,1441,365,F,1,0.00164469,0.0853594,1.41127,0.513014,F
1157,1,HappyBirthday,729,5475.49,M,1,0.000817827,1.61128,1.03234e-05,0.254315,F
1157,1,HappyBirthday,775,8395.49,M,1,0.0167017,2.20813,311.822,6.20332,F
1158,1,HappyBirthday,217,30295.7,F,1,0.000648363,9.95254,1.49878,0.202561,F
1158,1,HappyBirthday,668,8030.68,M,1,0.000703259,0.408014,899.154,0.258053,F
1158,1,HappyBirthday,1325,1460,M,1,0.00924314,1.50229,51289.9,11.8053,F
1158,1,HappyBirthday,1403,730,F,1,1.00354e-06,0.186581,3331.2,0.00162211,F
1158,1,HappyBirthday,1404,730,M,1,0.280749,9.87167,2.99255,103.785,F
1159,1,HappyBirthday,159,11680.6,F,1,0.00035807,1.34574,20430,0.77629,F
1159,1,HappyBirthday,230,30295,M,1,1.74297e-05,0.939963,8675.93,0.0557488,F
1159,1,HappyBirthday,1442,365,M,1,0.00126854,0.00314129,0.031221,0.393831,F
1159,1,HappyBirthday,772,9125.07,M,1,0.0852136,1.82012,0.606738,27.7577,F
1159,1,HappyBirthday,830,25550.6,F,1,0.89585,0.237385,2.9055,703.128,F
1160,1,HappyBirthday,1443,365,M,1,0.48235,0.109882,176.459,256.884,F
1160,1,HappyBirthday,232,12410.4,F,1,0.000328719,6.37048,0.0232924,0.102138,F
1160,1,HappyBirthday,1199,2920,M,1,0.0219153,0.410828,9704.78,27.5147,F
1160,1,HappyBirthday,874,13870.9,M,1,0.000272463,0.0123099,0,0.0846708,F
1161,1,HappyBirthday,45,12410.7,F,1,0.115946,0.455641,29.339,40.1821,F
1161,1,HappyBirthday,57,5840.97,F,1,0.00799968,0.469197,6.95374,2.55173,F
1161,1,HappyBirthday,93,7665.85,F,1,0.143671,6.93207,3577.43,56.501,F
1161,1,HappyBirthday,445,5840.18,F,1,0.0135684,3.5381,683.508,8.43173,F
1161,1,HappyBirthday,534,27740.6,M,1,0.00321311,2.45464,412.128,1.6262,F
1161,1,HappyBirthday,579,18980.9,F,1,6.32475e-07,0.4109,2.94979,0.000197,F
1162,1,HappyBirthday,1271,2190,F,1,0.00343132,0.34329,488.064,1.21627,F
1162,1,HappyBirthday,1047,4380,M,1,0,1.7939,16874.6,0,F
1162,1,HappyBirthday,1239,2555,F,1,1.394e-05,0.0390196,0.698726,0.00434394,F
1162,1,HappyBirthday,761,18980.1,M,1,0.128767,3.15808,478.125,45.4992,F
1164,1,HappyBirthday,531,24820.3,F,1,0.00141728,0.260009,0.916,0.442358,F
1164,1,HappyBirthday,910,9125.56,M,1,0.0018082,0.407212,243.929,0.577207,F
1165,1,HappyBirthday,1009,4745,M,1,3.15638e-05,1.45753,3395.27,0.0517089,F
1166,1,HappyBirthday,256,5840.01,M,1,0.00319696,0.0324249,979.205,2.55959,F
1166,1,HappyBirthday,926,22995.4,M,1,0.00112527,0.405914,0.0245098,0.349991,F
1167,1,HappyBirthday,19,5110.06,F,1,9.19303e-05,3.81922,58.1641,0.0354204,F
1168,1,HappyBirthday,268,10585.7,F,1,0.043355,6.07517,227.629,26.7311,F
1168,1,HappyBirthday,637,5475.93,M,1,0.033457,0.242213,0.424909,10.5772,F
1168,1,HappyBirthday,1121,3650,F,1,0.00623714,0.143029,20.9282,2.08996,F
1169,1,HappyBirthday,192,8760.63,M,1,0.028464,2.42792,10633.1,33.9806,F
1169,1,HappyBirthday,251,5840.64,M,1,6.44345e-05,14.4351,0.949579,0.0200221,F
1170,1,HappyBirthday,1010,4745,M,1,0.0046763,2.35961,2167.09,7.27518,F
1170,1,HappyBirthday,1358,1095,M,1,0.00490195,0.494392,6613.68,27.893,F
1170,1,HappyBirthday,1326,1460,F,1,0.00554877,0.452588,138.9,2.11312,F
1170,1,Births,1485,0,F,0,0,0.209817,0,0,F
1171,1,HappyBirthday,946,9125.94,F,1,0,0.328714,1.70936,0,F
1171,1,HappyBirthday,133,9490.88,F,1,4.36081e-05,0.0363776,8663.54,0.0466984,F
1171,1,HappyBirthday,766,12045.8,F,1,2.71349e-05,0.0244938,0.0067548,0.0084238,F
1172,1,HappyBirthday,355,5475.58,F,1,0.0360342,1.75471,147.953,18.414,F
1172,1,HappyBirthday,455,15330.1,F,1,0.177693,0.194397,128.552,93.1622,F
1172,1,HappyBirthday,480,25915.2,M,1,0.00681596,0.43425,9130.36,23.0723,F
1172,1,HappyBirthday,487,16060,M,1,0.00149271,0.170033,0.885058,0.464718,F
1172,1,HappyBirthday,653,20805.2,M,1,0.00330919,1.72814,30.7917,1.15675,F
1173,1,HappyBirthday,311,14235,F,1,0.0104515,0.921337,56.2102,3.32553,F
1174,1,HappyBirthday,328,6935.26,M,1,0.00290881,1.55805,9.0897,0.905397,F
1174,1,HappyBirthday,854,12045,M,1,0.128198,0.109045,121.367,45.0005,F
1175,1,HappyBirthday,59,6570.96,F,1,0.000882894,1.83273,2119.48,1.10778,F
1175,1,HappyBirthday,1201,2920,F,1,0.00825092,0.23729,0.0453691,2.57524,F
1175,1,HappyBirthday,641,9125.67,M,1,0.0589536,0.244893,2266.89,51.1483,F
1175,1,HappyBirthday,867,8395.78,F,1,0,5.41613,6051.77,0,F
1175,1,Births,1486,0,F,0,0,0.181692,0,0,F
1176,1,HappyBirthday,381,28835.8,F,1,0.00560413,11.2019,0.156156,1.74696,F
1177,1,HappyBirthday,1444,365,F,1,0.179647,6.26501,24.7175,66.3466,F
1177,1,HappyBirthday,1445,365,M,0,0,0.00785654,0,0,F
1178,1,HappyBirthday,1328,1460,M,1,0.304974,0.243624,10736.1,562.402,F
1178,1,HappyBirthday,1327,1460,M,1,0.00232542,0.141624,8.72417,0.734278,F
1178,1,HappyBirthday,580,14600.2,M,1,0.0026159,2.0432,0.0210012,0.814086,F
1178,1,HappyBirthday,723,9490.06,M,1,0.00544626,3.97225,270.592,1.85305,F
1180,1,HappyBirthday,333,10950.5,F,1,0.0165184,8.37842,161.147,8.94229,F
1180,1,HappyBirthday,1011,4745,F,1,0.0715008,0.931058,5.30458,23.2253,F
1181,1,HappyBirthday,1162,3285,F,1,0.00418449,0.109006,105.927,1.31887,F
1181,1,HappyBirthday,961,6205.49,M,1,0.00097402,51.8921,67.5218,0.391984,F
1181,1,HappyBirthday,755,6205.65,M,1,0.00325511,0.208321,12.3398,1.01394,F
1182,1,HappyBirthday,615,7665.25,M,1,0.000986712,1.49509,73.1153,0.315647,F
1182,1,HappyBirthday,901,13870.3,F,1,0.0556904,0.223532,5628.59,22.8334,F
1183,1,HappyBirthday,363,5840.58,M,1,0.0187008,0.391617,41.8591,5.89924,F
1183,1,HappyBirthday,518,8760.78,F,1,0.140258,0.599393,2.48733,47.0049,F
1183,1,HappyBirthday,699,14965.5,F,1,0.00970506,3.05281,964.619,4.10131,F
1184,1,HappyBirthday,207,13870,M,1,0.00035749,1.49172,4.2515,0.111882,F
1184,1,HappyBirthday,1446,365,F,1,0.039004,0.0998895,51742,131.121,F
1185,1,HappyBirthday,125,9855.86,M,1,0.0696524,1.13625,2.88214,22.4367,F
1185,1,HappyBirthday,135,13870.4,F,1,0.00179938,4.91684,35.6554,0.586761,F
1185,1,HappyBirthday,186,9855.36,M,1,0.000586044,4.31502,138.632,0.224944,F
1185,1,HappyBirthday,294,26645.5,F,1,2.143e-05,0.442489,161.946,0.0069786,F
1185,1,HappyBirthday,862,11680.1,M,1,0.00319793,1.02195,42.5925,0.997398,F
1186,1,HappyBirthday,1202,2920,M,1,0.962976,2.48179,54.6289,1048.49,F
1186,1,HappyBirthday,1050,4380,F,1,0.00011465,0.0923408,889.247,0.0794494,F
1186,1,HappyBirthday,976,6570.38,F,1,0.000868384,1.13796,1.10011,0.271044,F
1187,1,HappyBirthday,1405,730,F,1,0.00844195,2.09709,10099.7,61.9067,F
1187,1,HappyBirthday,1012,4745,F,1,0.933742,0.111036,0.949612,844.371,F
1188,1,HappyBirthday,1329,1460,M,1,0.312885,0.638794,25.3614,117.007,F
1188,1,HappyBirthday,1406,730,F,1,0.132295,0.859717,3133.42,206.182,F
1188,1,HappyBirthday,308,20075.8,F,1,5.6496e-05,1.11523,0.513532,0.0176144,F
1188,1,HappyBirthday,506,5475,M,1,0.000962894,0.620744,1126.6,0.983007,F
1188,1,HappyBirthday,1087,4015,F,1,0.00239006,0.0399931,0,0.74428,F
1189,1,HappyBirthday,403,9855.33,F,1,0.000185034,0.549072,529.026,0.182717,F
1189,1,HappyBirthday,425,21535.2,M,1,0.544115,1.2758,1257.11,272.976,F
1189,1,HappyBirthday,478,11680.8,M,1,0.00295984,0.0608101,74.4737,0.937019,F
1191,1,HappyBirthday,1088,4015,F,1,0.000676602,0.774144,0.859218,0.210782,F
1192,1,HappyBirthday,67,8395.65,M,1,0.0107024,0.528174,0.196449,3.3439,F
1192,1,HappyBirthday,1447,365,M,1,0.00249591,0.0385562,33.4986,0.874678,F
1193,1,HappyBirthday,1089,4015,F,1,0.000594332,1.43062,5.61285,0.187558,F
1193,1,HappyBirthday,672,12045.8,F,1,0.505887,2.78033,101.085,247.403,F
1193,1,HappyBirthday,770,14235.5,F,1,0.0270397,10.3804,53.3753,10.3387,F
1194,1,HappyBirthday,978,27375.8,F,1,0.000915668,3.44835,0.356636,0.285375,F
1194,1,HappyBirthday,179,19710.9,F,1,0.00664687,1.26539,0.0212188,2.0727,F
1194,1,HappyBirthday,896,7300.66,F,1,0.0192317,0.140847,4.02295,6.05801,F
1195,1,HappyBirthday,1013,4745,F,1,0,3.36386,0.0275799,0,F
1195,1,HappyBirthday,1448,365,M,1,0.00220563,0.109711,9.61518,0.71896,F
1196,1,HappyBirthday,314,7665.74,F,1,0.000734791,0.681536,2.59097,0.228495,F
1196,1,HappyBirthday,706,5475.32,M,1,9.62724e-06,4.10078,321.632,0.00338049,F
1197,1,HappyBirthday,1296,1825,F,1,0.201542,0.224868,2383.63,253.43,F
1197,1,HappyBirthday,614,7665.99,M,1,0.00390494,0.221433,0.612325,1.21652,F
1197,1,HappyBirthday,774,32485.1,F,1,0.0266599,0.641403,422.448,10.2096,F
1197,1,HappyBirthday,1407,730,F,1,0.513011,0.250288,494.759,236.925,F
1198,1,HappyBirthday,793,6570.58,M,1,0.0821494,0.0937511,350.918,27.8198,F
1199,1,Births,1487,0,M,0,0,0.0194874,0,0,F
1200,1,HappyBirthday,44,8030.94,F,1,0.029757,0.6175,945.566,11.3155,F
1200,1,HappyBirthday,732,5840,F,1,0.00112771,0.487331,174.002,0.366723,F
1201,1,HappyBirthday,471,12410.1,M,1,0.902268,0.29009,34.6275,729.289,F
1201,1,HappyBirthday,691,5475.56,F,1,0.00293896,0.113833,0.0414323,0.914621,F
1201,1,HappyBirthday,704,5110.37,F,1,0.0011471,5.72308,0.109574,0.356775,F
1201,1,HappyBirthday,1242,2555,F,1,0.0285542,3.29953,0.923374,9.01046,F
1202,1,HappyBirthday,963,32850.2,M,1,0.0589503,0.597114,0.040282,18.8853,F
1203,1,HappyBirthday,1449,365,M,1,0.0635365,5.97826,103.937,24.0369,F
1204,1,HappyBirthday,146,5110.53,F,1,0.0602939,0.253798,0.272021,19.3431,F
1204,1,HappyBirthday,607,12410.5,M,1,0,1.79119,0.0465456,0,F
1204,1,HappyBirthday,1164,3285,F,1,0.00089939,1.41442,10932.9,2.94503,F
1204,1,HappyBirthday,833,14965.4,M,1,0.0206575,0.517965,3321.3,6.50245,F
1205,1,HappyBirthday,89,25550.2,F,1,0.00487101,3.30596,2400.34,1.5534,F
1205,1,HappyBirthday,1204,2920,M,1,0.040468,0.126043,143.205,15.4408,F
1206,1,HappyBirthday,1359,1095,M,1,0.00367809,0.0461581,51.9045,1.23011,F
1206,1,HappyBirthday,693,7665.54,M,1,0.0824251,0.350994,2937.91,30.5428,F
1207,1,HappyBirthday,171,10585.5,M,1,0.0115343,0.491119,2275.38,4.31172,F
1207,1,HappyBirthday,1450,365,M,1,0.164999,0.267954,4695.17,643.651,F
1208,1,Births,1488,0,M,0,0,0.110522,0,0,F
1209,1,HappyBirthday,1205,2920,M,1,0.0806399,1.07236,319.65,26.1414,F
1209,1,HappyBirthday,1125,3650,F,1,0.0223998,0.863455,113.063,10.8344,F
1209,1,HappyBirthday,424,23360.7,M,1,0.349093,4.49363,239.073,140.99,F
1210,1,HappyBirthday,233,7665.47,F,1,0.00326828,1.78753,113.705,1.18576,F
1210,1,HappyBirthday,984,6570.21,M,1,0.0062701,1.05197,238.643,3.63033,F
1210,1,HappyBirthday,1243,2555,F,1,0.000394075,0.144391,1.4376,0.122823,F
1211,1,HappyBirthday,5,17155,F,1,0.000363663,0.284667,31.1443,0.119406,F
1211,1,HappyBirthday,1165,3285,F,1,8.64029e-05,8.75544,132.548,0.0323049,F
1212,1,HappyBirthday,1451,365,F,1,0.159119,0.438902,8570.95,369.331,F
1212,1,HappyBirthday,1166,3285,F,1,0.000161447,0.437795,0.024589,0.0502261,F
1212,1,HappyBirthday,1207,2920,M,1,0.001141,10.1588,6.53629,0.358119,F
1212,1,HappyBirthday,606,10950.6,F,1,0.00453395,0.533833,0.370399,1.41263,F
1212,1,HappyBirthday,612,20075.8,F,1,0.0819898,0.108231,1.90488,26.6398,F
1212,1,HappyBirthday,871,8395.57,F,1,0.0284163,2.13658,2.33867,8.98368,F
1212,1,HappyBirthday,1360,1095,F,1,0.00244578,0.126689,0.206354,0.760905,F
1212,1,Births,1489,0,M,0,0,0.068782,0,0,F
1213,1,HappyBirthday,635,20075.4,M,1,0.0288483,3.04167,1608.86,26.6933,F
1213,1,HappyBirthday,1051,4380,F,1,0.00650904,1.36284,0.00971968,2.02919,F
1214,1,HappyBirthday,97,8395.08,M,1,0.11418,0.0811686,37.0062,39.5214,F
1214,1,HappyBirthday,408,6570.34,M,1,0.000474296,5.8635,3.68355,0.148233,F
1214,1,HappyBirthday,493,23725.5,M,1,0.000563868,0.248484,9.86353,0.178028,F
1214,1,HappyBirthday,522,18250.8,M,1,0.00223035,0.578464,0.683844,0.694443,F
1214,1,HappyBirthday,1408,730,M,1,0.00334897,0.138872,108.644,1.57528,F
1214,1,HappyBirthday,1409,730,F,1,0.171474,0.107289,20734.4,1067.46,F
1214,1,HappyBirthday,1410,730,M,1,0.181618,0.0324975,104.98,72.0289,F
1216,1,HappyBirthday,352,13505,F,1,0.0761337,52.2168,46.6604,26.3571,F
1216,1,HappyBirthday,1330,1460,F,1,9.56273e-05,0.259764,15646.9,0.84756,F
1216,1,HappyBirthday,1452,365,M,1,0.108153,0.0213786,345.806,44.4798,F
1216,1,HappyBirthday,459,5110.58,M,1,0.413858,5.3938,231.077,307.027,F
1216,1,HappyBirthday,824,22995.1,M,1,0.165775,3.20668,406.812,56.3667,F
1217,1,HappyBirthday,190,24455.9,M,1,0.0138535,2.85003,6.57721,4.34331,F
1217,1,HappyBirthday,1208,2920,F,1,0.198785,0.790541,11363.3,669.458,F
1217,1,HappyBirthday,389,6935.62,M,1,0.012794,0.487609,7.81697,4.07146,F
1217,1,HappyBirthday,490,10220.1,F,1,5.57156e-05,0.570727,221.967,0.018256,F
1217,1,HappyBirthday,559,17885.2,F,1,0.00106337,0.204416,0.736098,0.330951,F
1217,1,HappyBirthday,1411,730,M,1,0.00368927,2.3048,17.9685,1.17777,F
1217,1,HappyBirthday,777,17885.6,F,1,0.00209096,9.57334,0.0005824,0.650373,F
1218,1,HappyBirthday,986,14600.2,F,1,1.43278e-05,2.43039,0.0040522,0.0044528,F
1220,1,HappyBirthday,1015,4745,M,1,0.00335411,0.150436,643.948,1.99222,F
1220,1,HappyBirthday,1331,1460,M,1,5.51689e-06,0.0179327,0.265843,0.00170218,F
1220,1,HappyBirthday,827,10585.2,F,1,0.656626,10.0266,1080.37,336.355,F
1220,1,HappyBirthday,836,8395.04,F,1,0.00441697,0.441757,3.9949,1.37674,F
1220,1,HappyBirthday,1361,1095,F,1,0.095874,0.326803,354.159,38.8697,F
1220,1,HappyBirthday,923,6935.11,F,1,0.550553,0.0491839,26.5756,250.314,F
1221,1,HappyBirthday,26,11315.2,F,1,0.0108021,30.818,149.305,5.61514,F
1221,1,HappyBirthday,1209,2920,F,1,0.0249794,2.05759,8.11703,7.89142,F
1223,1,HappyBirthday,136,9855.14,F,1,0.11962,4.18887,6.90559,39.6363,F
1223,1,HappyBirthday,223,9125.85,M,1,0.000496839,0.420048,11.2248,0.161668,F
1223,1,HappyBirthday,319,8395.41,F,1,0.000438316,2.09298,1.04977,0.136257,F
1223,1,HappyBirthday,686,8760.34,M,1,0.436718,5.55975,0.533315,178.462,F
1223,1,HappyBirthday,1332,1460,M,1,0.087039,0.225394,109.319,34.8163,F
1224,1,HappyBirthday,103,21170.5,F,1,0,0.269579,114.871,0,F
1224,1,HappyBirthday,1210,2920,F,1,0.0134403,2.76447,51.3175,4.67477,F
1224,1,HappyBirthday,1362,1095,M,1,0.069558,0.124504,2473.03,23.8106,F
1225,1,HappyBirthday,463,6570.81,M,1,0.00165329,1.94328,14.1055,0.548986,F
1225,1,HappyBirthday,1413,730,F,1,0.0105298,0.0209423,16.3051,3.40436,F
1225,1,HappyBirthday,840,17155.7,F,1,0.00268598,0.42869,0.749226,0.835715,F
1226,1,HappyBirthday,1297,1825,F,1,0.00110058,0.0200016,10718.4,1.55186,F
1226,1,HappyBirthday,1126,3650,F,1,0.00016119,2.14821,2.19412,0.0501378,F
1226,1,HappyBirthday,983,25185.3,F,1,0,4.6881,1.30761,0,F
1226,1,HappyBirthday,341,18980.2,F,1,0.00389875,0.480389,7262.81,6.13712,F
1226,1,HappyBirthday,1298,1825,F,1,0.0178563,0.0653719,36.381,6.56836,F
1227,1,HappyBirthday,968,15330.5,F,1,0.122899,1.38361,1902.4,42.9764,F
1227,1,HappyBirthday,99,14235.3,F,1,0.000307157,7.52081,1202.14,0.107142,F
1227,1,HappyBirthday,120,13140.8,F,1,0.0145976,0.360809,556.873,8.00128,F
1227,1,Births,1490,0,F,0,0,0.020513,0,0,F
1228,1,Births,1491,0,M,0,0,0.191435,0,0,F
1229,1,HappyBirthday,1414,730,F,1,0.926651,2.03044,25.4442,851.746,F
1229,1,HappyBirthday,1052,4380,M,1,0.0106441,0.853591,885.038,3.78533,F
1229,1,HappyBirthday,811,21170.5,M,1,0.03432,34.3278,20.5357,10.8543,F
1230,1,HappyBirthday,972,8760.7,M,1,0.00180591,4.3399,668.484,0.600777,F
1230,1,HappyBirthday,160,8760.3,F,1,0.117602,1.09223,128.328,46.3,F
1230,1,HappyBirthday,327,13505.8,M,1,0.0434272,2.7983,32.2775,14.5162,F
1230,1,HappyBirthday,351,5840.34,F,1,0.101051,2.68053,118.417,34.76,F
1230,1,HappyBirthday,674,19345,M,1,0.00627174,0.309066,0.420697,1.95795,F
1230,1,HappyBirthday,1274,2190,M,1,0.000113971,0.63086,52704,0.1932,F
1230,1,Births,1492,0,M,0,0,0.021287,0,0,F
1231,1,HappyBirthday,418,15330.9,M,1,0.0752557,2.2194,35.8419,24.5401,F
1231,1,HappyBirthday,1365,1095,M,1,0.00877469,0.360469,51.3689,3.24794,F
1231,1,HappyBirthday,1364,1095,M,1,0.00527285,1.1567,4.98591,1.65553,F
1232,1,HappyBirthday,1300,1825,F,1,0.015631,0.0833436,41.4141,5.85321,F
1232,1,HappyBirthday,1127,3650,M,1,0.00180193,0.229751,12256.5,13.9273,F
1233,1,HappyBirthday,1017,4745,F,1,0.000381487,1.0684,64.1274,0.146352,F
1233,1,HappyBirthday,1018,4745,F,1,0.0037929,7.82761,19.2225,1.19637,F
1233,1,HappyBirthday,1415,730,F,1,0.0195685,0.19676,62.1333,7.18955,F
1233,1,HappyBirthday,1453,365,F,1,0.103085,0.0564286,72.5998,38.7726,F
1234,1,HappyBirthday,1019,4745,F,1,0.111406,0.848966,2546.51,137.187,F
1235,1,HappyBirthday,273,10585.5,F,1,0.000234806,2.20184,149.637,0.120844,F
1235,1,HappyBirthday,280,6570.76,M,1,0.000238542,0.916757,10.4277,0.0755644,F
1235,1,HappyBirthday,343,6935.61,F,1,0.00142359,0.346573,0.103316,0.442811,F
1235,1,HappyBirthday,1128,3650,F,1,0.784045,0.170919,231.054,622.93,F
1236,1,HappyBirthday,364,29200.6,M,1,0.111336,0.395865,95.5216,38.4236,F
1236,1,HappyBirthday,638,17155.7,F,1,0.00766558,0.314566,0.00821,2.39129,F
1237,1,HappyBirthday,88,25915,M,1,0.00126581,2.92859,2384.29,0.570342,F
1237,1,HappyBirthday,568,6205.72,M,1,0.000428861,4.21501,129.002,0.141127,F
1237,1,HappyBirthday,1416,730,M,1,0.00139998,2.44381,40513.4,1.28675,F
1238,1,HappyBirthday,973,7665.15,M,1,0.00276625,1.05278,0.158226,0.861066,F
1238,1,HappyBirthday,1129,3650,F,1,0.101289,0.73099,4985.38,200.075,F
1238,1,HappyBirthday,1366,1095,M,1,0.00230087,0.183345,42.7415,0.739647,F
1239,1,HappyBirthday,1245,2555,M,1,0.0127258,0.136487,529.913,4.4914,F
1239,1,HappyBirthday,1367,1095,M,1,0.335234,0.179062,6594.03,474.653,F
1239,1,HappyBirthday,149,13140.5,M,1,0.0114832,4.54224,6.85426,3.71341,F
1239,1,HappyBirthday,982,6935.29,M,1,0.0236586,0.0848885,1.50405,7.44454,F
1239,1,HappyBirthday,791,13505.7,M,1,0.00156961,22.1632,8.54812,0.507451,F
1240,1,HappyBirthday,432,16425.7,F,1,0.163175,0.995443,16.0643,56.6205,F
1242,1,HappyBirthday,126,8030.43,M,1,5.43561e-06,0.0921178,0.145237,0.001699,F
1242,1,HappyBirthday,894,8030.51,F,1,0.277724,1.8246,363.269,101.648,F
1243,1,HappyBirthday,86,10951,M,1,0.0014356,0.435947,14.1394,0.473674,F
1243,1,HappyBirthday,1167,3285,F,1,0.15493,1.05218,499.351,136.583,F
1244,1,HappyBirthday,1417,730,M,1,0.542866,0.00861072,833.088,518.89,F
1245,1,HappyBirthday,37,28835.8,F,1,0.0190358,2.8622,14.81,5.97591,F
1245,1,HappyBirthday,206,12410.3,F,1,0.00109158,5.65552,1.3722,0.339979,F
1245,1,HappyBirthday,265,10950.6,F,1,0.000504811,0.22028,0.159798,0.156982,F
1245,1,Births,1493,0,F,0,0,0.00795671,0,0,F
1246,1,HappyBirthday,669,5475.37,F,1,0.00427522,0.208869,2.25674,1.33514,F
1246,1,HappyBirthday,1246,2555,F,1,0.00726737,0.15608,1127.96,10.3514,F
1246,1,HappyBirthday,853,6570.12,F,1,0.00423005,0.105019,11879.6,34.9815,F
1247,1,HappyBirthday,106,7665.32,F,1,0.0666778,0.930418,5.43317,21.8783,F
1247,1,HappyBirthday,468,29200.9,M,1,0.0121166,0.401866,59.7923,4.72386,F
1247,1,Births,1494,0,F,0,0,0.234092,0,0,F
1248,1,HappyBirthday,54,10950.1,F,1,0.00987529,1.40068,99.5051,3.59936,F
1248,1,HappyBirthday,346,6205.97,M,1,0.000157512,5.63339,57.1418,0.0566116,F
1248,1,HappyBirthday,692,15330.8,M,1,0.00170579,2.30863,2.95049,0.535559,F
1249,1,HappyBirthday,111,7300.28,M,1,0.00644158,0.248412,196.643,2.65821,F
1249,1,HappyBirthday,609,12775.8,M,1,0.00826542,1.33976,9.3628,2.66131,F
1250,1,HappyBirthday,20,7665.25,M,1,0.037634,17.197,8.69924,12.052,F
1251,1,HappyBirthday,91,7665.69,F,1,5.46954e-05,0.362965,821.53,0.0376016,F
1251,1,HappyBirthday,1277,2190,M,1,0.576067,3.49287,50.1152,271.437,F
1251,1,HappyBirthday,1091,4015,F,1,0.273152,0.887042,11.6985,101.112,F
1251,1,HappyBirthday,1211,2920,F,1,0.230812,0.830258,200.494,116.166,F
1251,1,HappyBirthday,1130,3650,F,1,0.0216364,0.800787,11641.4,8.85241,F
1252,1,HappyBirthday,1333,1460,M,1,0.101964,0.968279,13.6624,33.5966,F
1252,1,HappyBirthday,354,17885.7,F,1,5.3651e-07,2.50248,229.048,0.0002592,F
1253,1,HappyBirthday,208,6570.13,M,1,0.00772347,2.16957,117.614,2.8774,F
1253,1,HappyBirthday,420,14235.5,M,1,0.0763395,0.0423788,1.18848,24.7226,F
1253,1,HappyBirthday,469,10220.4,F,1,0.0794488,2.27642,0.670959,25.7273,F
1254,1,HappyBirthday,143,10220.7,M,1,0.0133133,0.0299464,1980.2,29.2373,F
1254,1,HappyBirthday,331,6205.01,F,1,0.00573616,0.226939,15.0238,1.8339,F
1254,1,HappyBirthday,365,5475.24,F,1,0.0054621,2.06468,7.7312,1.72226,F
1254,1,HappyBirthday,620,21900.3,M,1,0.00930768,1.05156,12.6532,2.90891,F
1254,1,HappyBirthday,834,21900.4,M,1,0.000452043,0.189243,77.3912,0.158027,F
1255,1,HappyBirthday,165,27010.6,F,1,0.00856273,3.93236,0.027821,2.67316,F
1255,1,HappyBirthday,1020,4745,M,1,0.212147,0.258093,7.25674,74.2648,F
1256,1,HappyBirthday,1054,4380,M,1,0.000598116,2.01747,1213.64,0.214044,F
1256,1,HappyBirthday,427,8760.45,F,1,0.0809813,0.807352,5.89444,26.2706,F
1256,1,HappyBirthday,1454,365,F,1,0.00525643,7.21065,15824.8,2.67262,F
1257,1,HappyBirthday,1279,2190,M,1,0.000529055,0.100144,0.905399,0.165126,F
1257,1,HappyBirthday,123,26280.9,F,1,0.0968963,9.56751,4035.67,122.723,F
1257,1,HappyBirthday,191,27010.5,M,1,0,1.28521,43.6806,0,F
1257,1,HappyBirthday,1280,2190,F,1,0.637206,0.161074,432.849,318.239,F
1257,1,HappyBirthday,760,9125.37,M,1,0.00679273,1.45136,7.47134,2.11885,F
1257,1,Births,1495,0,F,0,0,0.0916191,0,0,F
1258,1,HappyBirthday,578,7665.4,F,1,0.00237392,4.88711,0.313903,0.738988,F
1258,1,HappyBirthday,735,10950.7,M,1,0,0.0862961,0.177994,0,F
1259,1,HappyBirthday,1419,730,F,1,0.0177046,0.189413,292.559,11.7314,F
1260,1,HappyBirthday,494,9125.02,F,1,0.156087,0.37369,624.668,101.488,F
1260,1,HappyBirthday,643,6570.75,M,1,0.022073,4.499,5.39415,6.9433,F
1261,1,HappyBirthday,405,6205.17,F,1,0.1166,30.0066,20.7396,39.5178,F
1262,1,HappyBirthday,48,13140.2,M,1,0.0545772,0.899343,15.2217,17.5655,F
1262,1,HappyBirthday,1455,365,F,1,0.0037898,0.0949568,107126,58.0048,F
1262,1,HappyBirthday,1334,1460,M,1,0.00013568,0.621773,7473.4,0.299545,F
1263,1,HappyBirthday,129,14235.6,F,1,0.00077033,3.18754,1270.77,0.847817,F
1263,1,HappyBirthday,532,8395.95,M,1,0.0196093,3.03967,395.669,9.34172,F
1263,1,HappyBirthday,1247,2555,M,1,0.0133911,0.0627688,3.35306,4.21265,F
1263,1,Births,1496,0,M,0,0,0.0128621,0,0,F
1264,1,HappyBirthday,75,14965.5,M,1,0.00991806,0.735097,24.6961,3.16325,F
1264,1,HappyBirthday,429,17885.4,M,1,0.00123621,0.347296,114.847,0.432766,F
1264,1,HappyBirthday,589,12410.6,F,1,0.0208624,8.81949,0.024185,6.55218,F
1264,1,HappyBirthday,850,26645.6,F,1,0.000967473,0.326269,0.0003412,0.300856,F
1265,1,HappyBirthday,1456,365,F,1,0.228788,0.0788083,71735.4,1610.7,F
1265,1,HappyBirthday,1303,1825,M,1,0.00178268,9.53356,95.2232,0.651887,F
1266,1,HappyBirthday,1335,1460,F,1,0.127081,0.1367,45.501,45.1279,F
1266,1,HappyBirthday,1281,2190,F,1,0.138895,3.86199,201.19,57.3584,F
1267,1,HappyBirthday,213,10585.8,M,0,0,0.0358895,0,0,F
1267,1,HappyBirthday,529,14965.2,F,1,0.000167483,0.336555,16.804,0.0563678,F
1268,1,HappyBirthday,1131,3650,F,1,0.000180041,0.15027,0.0180975,0.0558933,F
1268,1,HappyBirthday,409,9125.74,F,1,0.0150337,0.36658,682.051,5.10703,F
1268,1,HappyBirthday,523,10220.8,M,1,0.185709,10.6207,314.709,64.5079,F
1268,1,HappyBirthday,1213,2920,M,1,0.447672,0.519791,220.995,357.018,F
1269,1,HappyBirthday,603,11680.7,F,1,0.862514,0.35176,9.09695,633.582,F
1270,1,HappyBirthday,1132,3650,F,1,0.293285,0.117306,34.3221,114.031,F
1270,1,HappyBirthday,875,5840.02,F,1,0.0683855,2.30406,81.6657,22.1408,F
1270,1,HappyBirthday,1282,2190,M,1,0.105425,3.04195,156.97,41.6465,F
1271,1,HappyBirthday,1304,1825,M,1,0.0027374,0.40808,40.4118,0.908784,F
1272,1,HappyBirthday,491,29930.2,M,1,0.00187393,1.5034,563.669,0.636444,F
1272,1,HappyBirthday,591,5840.02,F,1,0.118305,1.85469,2.65807,39.2262,F
1273,1,HappyBirthday,347,7665.28,M,1,0.0102687,0.801652,0.015132,3.20858,F
1273,1,HappyBirthday,1134,3650,M,1,0.00101733,0.502079,19.4636,0.343093,F
1274,1,HappyBirthday,399,7300.48,M,1,0.00511989,1.39254,0.208565,1.59644,F
1275,1,HappyBirthday,1283,2190,F,1,0.000614895,0.136914,7.90392,0.193331,F
1275,1,HappyBirthday,611,9855.89,M,1,0.00379753,0.258472,0.0931536,1.18299,F
1276,1,HappyBirthday,145,12775.6,M,1,3.55599e-05,1.69605,678.007,0.021039,F
1276,1,HappyBirthday,556,9490.43,M,1,0.00106668,0.131286,538.711,0.409279,F
1276,1,HappyBirthday,903,13140.5,F,1,0.0186135,9.29785,166.612,6.10157,F
1277,1,HappyBirthday,274,6570.91,F,1,0.0165415,3.07407,70.8113,5.80287,F
1277,1,HappyBirthday,1248,2555,F,1,0.0634593,2.46491,12756,38.1953,F
1278,1,HappyBirthday,1305,1825,M,1,0,0.108927,1.32435,0,F
1278,1,HappyBirthday,1306,1825,M,1,0,0.00901401,19.8375,0,F
1279,1,HappyBirthday,412,8030.56,F,1,0.0801882,0.817254,0.0312658,25.9781,F
1279,1,HappyBirthday,909,21900.9,M,1,0.0124951,0.196081,0.0002634,3.90862,F
1280,1,HappyBirthday,222,10950.6,M,1,0.0350959,0.397544,8.24041,11.4831,F
1280,1,HappyBirthday,1215,2920,F,1,0.107127,0.156698,50264.3,508.904,F
1280,1,HappyBirthday,1337,1460,M,1,0.287017,1.65722,59.6793,115.137,F
1280,1,HappyBirthday,1369,1095,M,1,0.0662899,0.0481822,649.907,23.7857,F
1281,1,HappyBirthday,1216,2920,F,1,0.00011493,2.83863,11.4835,0.0370886,F
1281,1,HappyBirthday,734,12775.9,M,1,0.129361,1.43248,0.0426074,43.0512,F
1281,1,HappyBirthday,787,29565.5,F,1,0.00845291,1.22724,19.4018,2.6659,F
1282,1,HappyBirthday,1420,730,M,1,0.683578,0.0155495,3690.6,427.681,F
1283,1,HappyBirthday,1421,730,M,1,0.0191913,0.286825,5514.96,10.0031,F
1283,1,HappyBirthday,446,6935.5,F,1,0.000619236,8.11146,11.185,0.193675,F
1284,1,HappyBirthday,1055,4380,F,1,0.00161988,4.13788,0.13592,0.503658,F
1284,1,HappyBirthday,805,6570.63,M,1,0.00457466,2.69986,1120.98,1.65059,F
1284,1,Births,1497,0,M,0,0,0.00222058,0,0,F
1285,1,HappyBirthday,504,8760.93,F,1,0.00744142,0.131941,0.17601,2.32263,F
1287,1,HappyBirthday,358,15330.5,M,1,0.00858949,3.44068,137.248,2.70152,F
1287,1,HappyBirthday,661,16060.6,F,1,0.0199728,9.25661,671.634,8.72764,F
1287,1,HappyBirthday,683,9125.44,M,1,0.0132742,2.56469,3.34084,4.19814,F
1287,1,HappyBirthday,758,9490.9,M,1,0.0130237,0.148742,0.0145958,4.07431,F
1287,1,HappyBirthday,1217,2920,F,1,0.00848765,0.224642,34.6185,3.01155,F
1288,1,HappyBirthday,316,13505.3,F,1,0.000325373,4.35889,1.94562,0.101328,F
1288,1,HappyBirthday,1422,730,M,1,0.000677714,0.0557847,18.1318,0.215988,F
1288,1,HappyBirthday,684,5840.42,F,1,3.97539e-06,0.0579224,0.654675,0.00123401,F
1289,1,HappyBirthday,1370,1095,M,1,0.0511136,0.0283194,20.3561,17.818,F
1290,1,HappyBirthday,1458,365,F,1,0,0.0097582,41416.4,0,F
1290,1,HappyBirthday,981,8760.41,M,1,1.09719e-06,0.0130858,14.0154,0.0003466,F
1290,1,HappyBirthday,676,8030.29,M,1,0.000901849,0.0513277,0.103448,0.280567,F
1290,1,HappyBirthday,1457,365,F,1,0.00331674,0.144935,0.190465,1.0331,F
1291,1,HappyBirthday,1423,730,F,1,0.108653,0.135472,2200.68,50.7093,F
1291,1,HappyBirthday,119,12045.8,M,1,0.00793724,2.85179,13.6372,2.48573,F
1291,1,HappyBirthday,1168,3285,F,1,0.444893,0.0698633,0.500743,183.251,F
1291,1,HappyBirthday,407,8395.95,F,1,0.0150335,0.0446254,14.5023,4.86897,F
1291,1,HappyBirthday,610,6205.96,M,1,0.0538566,0.148039,1541.8,37.9634,F
1291,1,HappyBirthday,728,5110.24,F,1,0,1.41517,500.355,0,F
1291,1,HappyBirthday,792,21900.1,M,1,0.0130719,1.59473,340.228,4.22204,F
1292,1,HappyBirthday,528,5110.31,M,1,0.0040579,0.790925,1.27654,1.2652,F
1293,1,HappyBirthday,132,8395.94,M,1,0,1.42727,0,0,F
1293,1,HappyBirthday,1459,365,M,1,0.000152466,2.51206,168749,1.41504,F
1293,1,HappyBirthday,924,7300.97,F,1,0.0070935,3.25161,411.778,3.79787,F
1294,1,HappyBirthday,1308,1825,M,1,0.0220997,0.240546,1362.21,7.11708,F
1294,1,HappyBirthday,215,18250.4,M,1,0.000447595,0.693468,3339.84,0.707279,F
1294,1,HappyBirthday,524,6205.05,F,1,0.000514704,3.18712,0.0106477,0.159983,F
1295,1,HappyBirthday,46,28835.1,F,1,0.00435443,0.784824,36.5317,1.58159,F
1295,1,HappyBirthday,292,30660.4,F,1,0.0191322,0.531515,1706.75,6.16425,F
1295,1,HappyBirthday,1424,730,M,1,0.77804,0.60898,771.016,1065.16,F
1295,1,HappyBirthday,361,7665.83,M,1,0.000270153,0.433488,43.2501,0.0848692,F
1295,1,HappyBirthday,1136,3650,F,1,0.00246687,1.38957,0.47236,0.767915,F
1296,1,HappyBirthday,305,20440.3,M,1,0.000396256,0.911643,45.7603,0.126733,F
1296,1,HappyBirthday,320,20075.2,M,1,0.0639526,0.966941,0.0348092,20.5392,F
1296,1,HappyBirthday,1250,2555,M,1,0.000148142,0.113911,3325.95,0.252353,F
1296,1,HappyBirthday,864,6570.78,F,1,0.00106082,0.688804,85.9525,0.337186,F
1296,1,HappyBirthday,1371,1095,F,1,0.613868,0.0745391,2.12562,297.833,F
1297,1,HappyBirthday,474,22630.6,M,1,0.0186299,7.30837,1.65253,5.86011,F
1297,1,HappyBirthday,958,11315.4,F,1,0.00223608,3.39402,344.965,0.774465,F
1297,1,HappyBirthday,1339,1460,F,1,0.012282,0.0387059,43.8322,4.64396,F
1298,1,HappyBirthday,1137,3650,M,1,0.000193353,0.108172,0.0109141,0.0601684,F
1298,1,HappyBirthday,334,7300.68,F,1,0,0.427675,1.15242,0,F
1299,1,HappyBirthday,1218,2920,F,1,0.0342154,0.110155,14.3415,11.5926,F
1299,1,HappyBirthday,443,5475.94,M,1,0.0551917,0.0794162,419.5,19.618,F
1300,1,HappyBirthday,1340,1460,M,1,0.670669,0.880682,208.752,364.741,F
1301,1,HappyBirthday,1309,1825,M,1,0,0.0446366,0,0,F
1301,1,HappyBirthday,1093,4015,M,1,0.244256,3.5822,11187.9,1012.63,F
1301,1,HappyBirthday,878,9490.77,F,1,4.76841e-06,0.773711,0.110948,0.0014812,F
1302,1,HappyBirthday,1023,4745,M,1,0.050522,6.01215,124.278,16.1261,F
1302,1,HappyBirthday,690,8030.52,M,1,0.0480644,0.907734,642.79,27.8949,F
1302,1,HappyBirthday,1310,1825,M,1,0.145137,0.701248,69.8975,58.08,F
1302,1,HappyBirthday,782,13505.4,F,1,0.00205326,2.97806,0.893493,0.64033,F
1303,1,HappyBirthday,270,9490.31,M,1,0.000406568,6.31883,23.9031,0.138857,F
1303,1,HappyBirthday,694,11315.1,F,1,0.0475131,5.90217,0.0112982,15.127,F
1303,1,HappyBirthday,1372,1095,F,1,0.0274114,30.7222,555.565,25.9723,F
1304,1,HappyBirthday,1311,1825,M,1,0.021378,0.0696616,29.7122,7.24788,F
1304,1,HappyBirthday,517,9855.08,M,1,0.0580851,0.260267,15.3769,20.0273,F
1305,1,HappyBirthday,1425,730,M,1,0.0119852,0.270053,61337.3,135.432,F
1306,1,HappyBirthday,115,9125.11,M,1,3.49011e-05,0.0302511,33384.3,0.25551,F
1306,1,HappyBirthday,1139,3650,F,1,0.256696,8.31497,2938.96,161.182,F
1306,1,HappyBirthday,1057,4380,M,1,0.00479678,0.260399,4204.52,1.74467,F
1307,1,HappyBirthday,166,12410.9,M,1,0.00829249,32.298,0.0266718,2.58756,F
1307,1,HappyBirthday,298,6205.99,F,1,0.0436107,0.457465,18.8068,13.8883,F
1307,1,HappyBirthday,698,7665.2,F,1,0.149564,0.370118,82.3658,51.8968,F
1308,1,HappyBirthday,577,7665.34,F,1,0.500767,1.74105,0.182463,215.909,F
1308,1,Births,1498,0,M,0,0,0.035261,0,0,F
1309,1,HappyBirthday,962,12045.5,F,1,0.00191699,0.834869,66.4379,0.651353,F
1309,1,HappyBirthday,814,12410.8,M,1,0.0679329,0.296237,0.446613,21.8777,F
1310,1,HappyBirthday,183,20805,F,1,0.00589597,0.922629,196.618,1.93917,F
1310,1,HappyBirthday,1341,1460,F,1,0.000339454,0.017654,0.00344294,0.105598,F
1310,1,HappyBirthday,1220,2920,F,1,0.00746782,0.173793,685.205,4.4823,F
1310,1,HappyBirthday,1001,5840.75,M,1,0.0348141,1.61678,61.4502,12.1726,F
1310,1,Births,1499,0,M,0,0,0.0695766,0,0,F
1312,1,HappyBirthday,140,7665.42,M,1,0.011219,4.8306,1282.16,10.0631,F
1312,1,HappyBirthday,667,18250.7,M,1,0.150064,0.701017,1868.41,50.6977,F
1312,1,HappyBirthday,1095,4015,M,1,0.00437062,0.461643,146.987,1.37588,F
1313,1,HappyBirthday,41,5840.96,M,1,0,0.0229582,112.961,0,F
1313,1,HappyBirthday,1460,365,F,1,0.256641,0.253733,51.7582,100.209,F
1314,1,HappyBirthday,95,9855.8,M,1,0.0518116,0.78837,46.4567,19.9399,F
1314,1,HappyBirthday,301,14965.4,M,1,0.00271356,0.56605,10.3196,0.859394,F
1314,1,HappyBirthday,360,5110.8,F,1,0.0895612,0.0713313,49.3038,29.5136,F
1314,1,HappyBirthday,630,16425.1,F,1,0.0753176,0.768364,41.6776,26.7548,F
1314,1,HappyBirthday,743,29930,F,1,0.00238136,1.9772,640.718,0.790286,F
1315,1,HappyBirthday,1426,730,F,1,0.0150234,0.215566,3300.2,25.4368,F
1315,1,HappyBirthday,1096,4015,M,1,0.00581605,0.2941,154.174,2.28405,F
1315,1,HappyBirthday,147,10950.8,M,1,0.68385,0.669773,4715.02,1000.06,F
1315,1,HappyBirthday,1058,4380,M,1,0.00765276,1.17661,1.08942,2.38996,F
1315,1,HappyBirthday,1252,2555,F,1,0.112213,0.349143,1212.89,49.0958,F
1316,1,HappyBirthday,43,21170.9,F,1,0.00149588,0.108407,819.353,0.957044,F
1316,1,HappyBirthday,188,8760.07,M,1,7.67682e-06,1.63294,0.130908,0.0023704,F
1316,1,HappyBirthday,750,10220.6,F,1,0.183092,0.592853,27.0039,69.8442,F
1316,1,Births,1500,0,M,0,0,0.658798,0,0,F
1317,1,HappyBirthday,1172,3285,M,1,0.036828,12.2048,3.68321,11.662,F
1317,1,HappyBirthday,1427,730,M,1,0.00330941,0.020701,128.606,1.3031,F
1317,1,HappyBirthday,332,9490.43,F,1,0.0138186,1.61554,32.2497,4.51865,F
1317,1,HappyBirthday,345,5475.31,F,1,0.0124943,0.397051,187.826,4.34269,F
1317,1,HappyBirthday,419,16060.8,F,1,0.477093,1.01406,15.0003,202.129,F
1317,1,HappyBirthday,1097,4015,F,1,0.0180235,0.121182,6663.7,41.6074,F
1318,1,HappyBirthday,756,27740.8,M,1,0.16297,0.01368,34.676,58.578,F
1319,1,HappyBirthday,40,27010.5,M,1,0.00579544,14.184,555.34,1.83076,F
1319,1,HappyBirthday,1374,1095,F,1,0.116874,0.978819,771.237,51.777,F
1319,1,HappyBirthday,530,12775,F,1,0.00577086,2.628,0.0124782,1.7982,F
1320,1,HappyBirthday,414,9490.68,M,1,0.0239054,0.420507,78.0664,9.70388,F
1320,1,HappyBirthday,1253,2555,F,1,0.000983154,1.6862,0.918072,0.306626,F
1320,1,HappyBirthday,719,25185.4,F,1,0,1.15067,273.73,0,F
1321,1,HappyBirthday,168,17520.8,F,1,0.057913,0.458574,27.3696,18.9348,F
1321,1,HappyBirthday,258,6205.25,F,1,0.0315506,0.091141,0.621053,9.9942,F
1321,1,HappyBirthday,391,15330.8,M,1,0.000238806,0.836336,0.47216,0.074278,F
1321,1,HappyBirthday,1254,2555,F,1,0.694227,0.0795913,970.695,406.32,F
1322,1,HappyBirthday,227,8030.38,M,1,1.24614e-05,0.88266,0.151037,0.0038772,F
1323,1,HappyBirthday,244,13870,M,1,0.152323,0.32769,218.383,51.3596,F
1323,1,HappyBirthday,914,8395.3,F,1,0.134963,11.4883,5.85908,46.3035,F
1324,1,HappyBirthday,477,7300.56,F,1,0.041532,10.8673,1.67819,13.2053,F
1324,1,HappyBirthday,553,6205.5,F,1,0.0234716,0.18503,50.3542,8.66793,F
1325,1,HappyBirthday,1461,365,F,1,0.208095,0.281567,93.6839,101.135,F
1325,1,HappyBirthday,733,5475.93,F,1,0.0148515,5.19666,9.10593,4.6598,F
1325,1,HappyBirthday,922,8395.21,M,1,0.00889884,0.167663,196.728,2.9169,F
1326,1,HappyBirthday,2,6935.57,F,1,4.319e-05,0.892031,3632.69,0.117029,F
1326,1,HappyBirthday,1313,1825,F,1,0.0247493,0.127066,2207.54,20.3663,F
1326,1,HappyBirthday,74,9125.48,M,1,0.00569557,0.108389,97.3041,1.97856,F
1326,1,HappyBirthday,1428,730,M,1,0.680368,0.0164931,12.1344,356.716,F
1326,1,HappyBirthday,1060,4380,M,1,0.00688273,0.079842,46.1442,2.22505,F
1327,1,HappyBirthday,73,9125.51,M,1,0.00666641,0.382267,0.650984,2.07914,F
1327,1,HappyBirthday,498,6205.25,F,1,0.00236237,0.103245,38.8934,0.767115,F
1327,1,HappyBirthday,511,14965.4,M,1,0.00619915,4.28789,4283.1,3.56758,F
1328,1,HappyBirthday,219,31025,M,1,9.36847e-05,29.1643,1429.92,0.104623,F
1328,1,HappyBirthday,1222,2920,M,1,0.431023,1.07042,232.931,181.597,F
1329,1,HappyBirthday,937,31755.9,M,1,0.000439022,0.821411,3.48152,0.138117,F
1330,1,HappyBirthday,170,10950,M,1,5.57485e-05,8.33985,40.6714,0.018603,F
1332,1,HappyBirthday,172,14600.5,M,1,0.0200739,0.230832,240.741,7.36848,F
1333,1,HappyBirthday,1061,4380,M,1,0.039568,0.0820274,546.526,21.037,F
1333,1,HappyBirthday,798,7300.05,M,1,0.00328623,0.793622,14.9475,1.0263,F
1334,1,HappyBirthday,977,13505.2,F,1,0.0108789,1.56246,17.7682,3.52222,F
1334,1,Births,1501,0,F,0,0,0.321847,0,0,F
1335,1,HappyBirthday,1429,730,F,1,0.222315,0.127512,461.072,98.8493,F
1335,1,HappyBirthday,1140,3650,M,1,0.065263,0.189297,212.695,34.9423,F
1335,1,HappyBirthday,1099,4015,M,1,0.00224159,0.465437,19.204,0.747383,F
1337,1,HappyBirthday,1285,2190,M,1,0.0233223,0.340334,55.0084,7.91601,F
1337,1,HappyBirthday,1027,4745,F,1,0.00753867,3.65733,0.0208198,2.35193,F
1338,1,HappyBirthday,1141,3650,F,1,0.053001,0.915906,32.0185,17.2753,F
1339,1,HappyBirthday,1223,2920,M,1,0.011608,7.99104,53.9805,3.86544,F
1339,1,HappyBirthday,229,6570.7,M,1,0.0348697,0.559107,59.9821,11.3556,F
1339,1,HappyBirthday,547,21900.3,F,1,0.173317,0.820851,2.70954,59.3505,F
1340,1,HappyBirthday,1342,1460,M,1,0.343227,0.220454,10.7044,131.48,F
1340,1,HappyBirthday,180,9490.75,F,1,0.660986,20.5771,45.8355,402.712,F
1341,1,HappyBirthday,1102,4015,F,1,0.132508,0.0468202,0.0866055,44.1781,F
1341,1,HappyBirthday,176,17885.9,M,1,0.00633389,0.530433,7125.97,2.68306,F
1341,1,HappyBirthday,1375,1095,M,1,0.000403844,2.64961,2228.41,0.427072,F
1341,1,HappyBirthday,1376,1095,M,1,0.00157952,0.00368887,3.40604e-06,0.491282,F
1342,1,HappyBirthday,197,5110.37,F,1,0.00364087,2.81515,117.059,1.57256,F
1342,1,HappyBirthday,290,8760.21,M,1,9.37117e-05,4.09157,1.10474,0.0291964,F
1342,1,HappyBirthday,1255,2555,F,1,0.000438861,0.490097,55529.2,1.21686,F
1342,1,HappyBirthday,1286,2190,M,1,0.00103801,0.267129,4275.87,0.394498,F
1342,1,HappyBirthday,888,14965.3,F,1,0.0164166,0.817472,6726.78,17.8274,F
1343,1,HappyBirthday,234,5475.39,M,1,0.00685559,7.06228,0.297901,2.13998,F
1343,1,HappyBirthday,326,7665.77,F,1,0.000965177,0.0297211,0.720139,0.300589,F
1343,1,HappyBirthday,886,29565.9,M,1,0.000934456,5.29892,19.3233,0.300199,F
1344,1,HappyBirthday,8,12045.9,F,1,0.158267,0.283867,32.68,56.059,F
1344,1,HappyBirthday,1224,2920,M,1,0.00380764,0.459163,38947.7,10.0108,F
1344,1,HappyBirthday,931,9490.69,M,1,0.00312722,0.404687,126.404,1.16013,F
1344,1,HappyBirthday,828,26280.5,M,1,0.000949735,1.01951,0.500377,0.295542,F
1344,1,HappyBirthday,884,5110.69,M,1,0.00694163,0.671945,4.34114,2.16687,F
1345,1,HappyBirthday,1029,4745,F,1,0.144687,0.348491,1129.06,48.6106,F
1346,1,HappyBirthday,456,8030.39,M,1,0.00727371,0.298582,0.019474,2.26868,F
1346,1,HappyBirthday,1287,2190,M,1,0.15575,0.796578,2677.76,66.5316,F
1347,1,HappyBirthday,189,10585.2,M,1,0.000994935,5.08147,9.14132,0.309396,F
1348,1,HappyBirthday,1103,4015,F,1,3.69281e-05,1.71132,0.019793,0.0114982,F
1348,1,HappyBirthday,1462,365,M,1,0.00439127,0.506184,51.4827,1.52657,F
1348,1,HappyBirthday,1430,730,M,1,0.624919,0.606638,8154.26,1311.03,F
1349,1,HappyBirthday,435,6205.91,F,1,0.0172399,2.15354,9.13643,5.45733,F
1349,1,HappyBirthday,442,5110.83,M,1,3.52737e-06,0.0188989,3.6545,0.00110633,F
1349,1,HappyBirthday,560,29930.3,F,1,0.00445309,1.15137,19.303,1.47099,F
1349,1,HappyBirthday,605,16790.7,F,1,0.00313671,0.230024,1043.77,2.50329,F
1350,1,HappyBirthday,745,10585.9,F,1,0.00089297,0.380826,0.0156404,0.277715,F
1351,1,HappyBirthday,489,6935.96,F,1,0.000691455,0.0514232,0.00450118,0.215063,F
1352,1,HappyBirthday,1378,1095,F,1,0.711602,2.90778,14186.1,1002.65,F
1352,1,HappyBirthday,1062,4380,M,1,0.000152856,0.192728,28.6959,0.0493383,F
1353,1,HappyBirthday,570,6205.07,M,1,0.00395388,3.33536,2.10931,1.2355,F
1353,1,HappyBirthday,815,13505.2,F,1,0.00712215,0.576092,9.9139,2.24775,F
1353,1,HappyBirthday,1064,4380,M,1,0.0773767,0.805444,804.714,27.1264,F
1353,1,HappyBirthday,934,14235.9,F,1,0.00597998,2.19709,314.462,1.91281,F
1354,1,HappyBirthday,100,9855.69,M,1,0.124062,6.14175,3.8512,41.4049,F
1354,1,HappyBirthday,1104,4015,M,1,0.000490787,1.77697,0,0.152446,F
1354,1,HappyBirthday,597,15330.8,F,1,0.0839791,1.96685,3.69745,27.2605,F
1355,1,HappyBirthday,1463,365,M,1,0.0874116,0.0621696,101014,954.255,F
1355,1,HappyBirthday,1314,1825,F,1,0.125598,0.400883,3.36966,42.4026,F
1355,1,HappyBirthday,1030,4745,F,1,0,4.76045,39.7241,0,F
1355,1,HappyBirthday,776,9855.55,M,1,0.00511094,2.81712,1915.44,1.94867,F
1355,1,HappyBirthday,831,26280.7,F,1,0.0359103,0.225812,2.12425,11.4514,F
1357,1,HappyBirthday,1288,2190,M,1,0.00122559,0.710922,47801.7,1.84009,F
1357,1,HappyBirthday,848,17155.9,M,1,0.015549,0.293809,689.875,9.70352,F
1359,1,HappyBirthday,460,12775.1,F,1,9.6661e-06,0.0406761,0,0.0029862,F
1359,1,HappyBirthday,533,21535.1,M,1,4.46735e-05,0.354757,0.0756842,0.0138436,F
1359,1,HappyBirthday,1031,4745,M,1,0.132982,0.0506681,215.27,86.5197,F
1360,1,HappyBirthday,395,18615.4,F,1,0.0154827,0.604835,640.623,9.46375,F
1361,1,HappyBirthday,101,14600.4,F,1,0.000414087,1.49314,56.3179,0.158293,F
1361,1,HappyBirthday,400,9855.96,F,1,0.0012585,0.749102,111.467,0.457964,F
1361,1,HappyBirthday,558,8030.64,F,1,0.0116453,0.206593,22.0807,3.97434,F
1361,1,HappyBirthday,920,16060.1,M,1,0.357359,0.240083,849.214,533.053,F
1361,1,Births,1502,0,M,0,0,0.0241495,0,0,F
1361,1,Births,1503,0,M,0,0,0.128922,0,0,F
1362,1,HappyBirthday,299,17155.1,M,1,0.000200555,0.890597,6969.96,0.102044,F
1362,1,HappyBirthday,912,25915.4,F,1,0.636867,0.552021,20.4097,345.597,F
1363,1,HappyBirthday,150,9490.18,F,1,0.031667,2.23686,19.768,10.0015,F
1363,1,HappyBirthday,1379,1095,M,1,0.0061461,0.780594,20.1373,1.92306,F
1363,1,HappyBirthday,1175,3285,M,1,0.152112,0.212939,1.90219,51.6825,F
1364,1,HappyBirthday,966,22265.4,M,1,0.00206724,0.341042,14.9853,0.644303,F
1364,1,HappyBirthday,324,24820.9,M,1,0.00100165,0.321399,0.009437,0.311637,F
1364,1,HappyBirthday,472,21535,F,1,0.00752052,0.311802,104633,31.403,F
1364,1,HappyBirthday,501,7665.37,M,1,0.0407285,1.19726,2.41966,12.9236,F
1364,1,HappyBirthday,621,14600.9,F,1,0.00329917,5.68839,0.0143852,1.02728,F
1365,1,HappyBirthday,262,5840.28,M,1,0.00350584,10.7578,0.77222,1.09421,F
1365,1,HappyBirthday,372,16060.4,M,1,0.00455773,0.42995,103.783,2.12174,F
1365,1,HappyBirthday,1431,730,F,1,0.159564,0.136088,87.344,76.3862,F
1365,1,HappyBirthday,502,5475.2,F,1,4.50855e-05,0.0822418,1.36792e-05,0.0139783,F
1366,1,HappyBirthday,1432,730,M,1,0.180436,0.20113,76219.3,1097.05,F
1367,1,HappyBirthday,107,15330.2,F,1,6.73064e-05,0.0655782,0.007405,0.0209576,F
1367,1,HappyBirthday,584,16060.8,F,1,0.000475808,0.0843771,8.89054,0.148245,F
1367,1,HappyBirthday,647,7300.15,M,1,0.070837,12.5214,1274.65,23.7794,F
1367,1,HappyBirthday,1257,2555,F,1,0.361734,1.61883,16.3696,143.399,F
1368,1,HappyBirthday,1143,3650,F,1,0.149066,0.239501,6.56108,50.7601,F
1368,1,HappyBirthday,832,12775.2,F,1,0.00255071,0.538235,0.270046,0.79432,F
1369,1,HappyBirthday,137,11315,M,1,0.00233094,0.117588,79.0902,1.00193,F
1369,1,HappyBirthday,263,11315.7,M,1,0.00103403,0.373124,7.36359,0.329154,F
1369,1,HappyBirthday,1381,1095,F,1,0.707334,0.241452,3583.46,1620.81,F
1369,1,HappyBirthday,863,18250.6,M,1,0.00337003,0.775007,159.082,1.09471,F
1370,1,HappyBirthday,1105,4015,F,1,0.290591,1.88949,0.419186,106.827,F
1371,1,HappyBirthday,1066,4380,F,1,0.0102748,0.548662,0.89401,3.21243,F
1371,1,HappyBirthday,526,10950.5,M,1,0,0.117516,0,0,F
1372,1,HappyBirthday,1382,1095,F,1,4.92707e-05,0.161666,11445,0.399421,F
1372,1,HappyBirthday,205,9855.3,F,1,0.00275871,15.0255,0.118781,0.858556,F
1372,1,HappyBirthday,261,27740.8,M,1,6.93244e-05,0.242497,0.0345,0.021509,F
1372,1,HappyBirthday,496,7665.73,F,1,2.08311e-06,0.19572,63735.8,0.0103584,F
1372,1,Births,1504,0,M,0,0,0.128381,0,0,F
1373,1,HappyBirthday,917,10585.1,M,1,0.0412491,0.0833442,133.526,15.9524,F
1375,1,HappyBirthday,1033,4745,M,1,0.416744,0.359146,19.3884,169.602,F
1375,1,HappyBirthday,519,30295.2,F,1,2.28155e-06,0.23435,7006.2,0.0062918,F
1375,1,HappyBirthday,868,14965.1,F,1,4.45075e-05,0.431668,24.8871,0.0144384,F
1376,1,HappyBirthday,21,12775.9,F,1,0.0134717,22.0099,128.158,4.24611,F
1376,1,HappyBirthday,1177,3285,F,1,0.00845065,0.879901,331.958,2.86729,F
1376,1,HappyBirthday,617,6205.16,F,1,0.00114915,2.44956,5.46838,0.360281,F
1376,1,HappyBirthday,633,7665.63,M,1,0,0.169555,275.569,0,F
1377,1,HappyBirthday,9,27375.7,F,1,0.000807664,0.199389,7.55281,0.25425,F
1377,1,HappyBirthday,323,11680.5,F,1,0.000548775,0.227531,1283.05,0.194542,F
1377,1,HappyBirthday,543,20805.3,M,1,0.00306358,0.649395,1072.86,1.12461,F
1377,1,HappyBirthday,817,16790.9,F,1,9.37313e-05,7.11627,22.4448,0.0299926,F
1377,1,HappyBirthday,1464,365,M,1,0.30748,0.0932467,3298.14,1266.81,F
1378,1,HappyBirthday,177,6935.08,F,1,0.075517,0.596917,21.604,24.4992,F
1378,1,HappyBirthday,812,5110.5,F,1,0.0254619,1.68503,9144.19,11.6722,F
1379,1,HappyBirthday,1227,2920,F,1,0.0815134,1.01504,11684.2,43.3787,F
1380,1,HappyBirthday,1067,4380,M,1,0.212869,0.462658,99.7779,74.8847,F
1380,1,HappyBirthday,955,34675.7,F,1,0.00296128,0.280356,0.566016,0.921798,F
1381,1,HappyBirthday,1465,365,M,1,1.03431e-05,0.0223159,214645,0.10691,F
1381,1,HappyBirthday,1258,2555,M,1,0.854081,0.0113564,87.9192,624.764,F
1381,1,HappyBirthday,933,11315.3,M,1,0.0173171,0.389915,0.750989,5.42976,F
1381,1,HappyBirthday,359,14965.3,M,1,0.00111738,1.58942,4650.99,0.691624,F
1382,1,HappyBirthday,1146,3650,M,1,0.00198929,0.235133,0.0174748,0.618977,F
1382,1,HappyBirthday,537,6570.53,F,1,0.00162949,42.0735,414.059,0.529253,F
1382,1,HappyBirthday,628,14235.4,F,1,0.00650026,3.2555,14.1653,2.07617,F
1382,1,HappyBirthday,1259,2555,F,1,0.0126507,0.351062,22.0015,4.20912,F
1384,1,HappyBirthday,1034,4745,M,1,0.00809671,0.6856,17.1011,2.56654,F
1384,1,HappyBirthday,646,6570.51,F,1,0.00151554,0.494508,34.8157,0.499275,F
1384,1,HappyBirthday,1344,1460,M,1,0.0156101,4.77807,30.4933,5.5357,F
1384,1,HappyBirthday,882,12045.5,M,1,0.0122923,0.721773,87.2947,4.78117,F
1385,1,HappyBirthday,42,5110.49,F,1,0.0641361,1.77429,2.93206,20.7855,F
1385,1,Births,1505,0,M,0,0,0.118445,0,0,F
1386,1,HappyBirthday,242,25915.9,M,1,0.00213209,0.437813,0.0588706,0.663455,F
1386,1,HappyBirthday,1107,4015,F,1,0.0488202,0.275724,0.236839,15.5551,F
1386,1,Births,1506,0,F,0,0,0.00185457,0,0,F
1387,1,HappyBirthday,218,11315.3,M,1,0.00489358,0.599677,7.17717,1.52655,F
1387,1,HappyBirthday,306,13140.3,M,1,0.285122,1.08907,63.2632,114.488,F
1387,1,HappyBirthday,1383,1095,F,1,0.0012422,0.119194,0.263135,0.386199,F
1387,1,HappyBirthday,1466,365,F,1,0.422761,0.409879,1043.9,537.679,F
1387,1,HappyBirthday,727,7300.61,F,1,0.000113682,0.112636,0.868565,0.0353721,F
1388,1,HappyBirthday,847,5475.51,F,1,0.00193704,0.179724,0.0187426,0.60263,F
1389,1,HappyBirthday,1178,3285,F,1,0.00368875,0.545599,14210.5,1.90795,F
1389,1,HappyBirthday,349,6570.18,F,1,0.0173225,1.53234,0.115686,5.43076,F
1389,1,HappyBirthday,505,12775.6,M,1,0.00129736,4.4158,3.80921,0.403915,F
1390,1,HappyBirthday,12,6205.2,M,1,0.00257013,23.2996,28.5983,0.831513,F
1390,1,HappyBirthday,536,22995.1,F,1,0.000638224,0.736745,48291.6,0.998334,F
1390,1,HappyBirthday,648,6570.68,F,1,0.00627842,0.331712,2.31425,1.96246,F
1391,1,HappyBirthday,1345,1460,F,1,0.29049,0.071479,17813.3,1788.25,F
1392,1,HappyBirthday,423,7665.73,M,1,0.0518839,0.25375,747.067,16.7841,F
1392,1,HappyBirthday,525,12410.1,M,1,0.00268946,0.225117,0.0370702,0.837081,F
1392,1,HappyBirthday,796,10951,F,1,0.00468495,0.100743,1835.22,4.99513,F
1393,1,HappyBirthday,404,14965.4,M,1,0.00128648,5.39621,678.951,0.791184,F
1394,1,HappyBirthday,49,6935.23,F,1,0.127608,0.517615,52.7463,42.4335,F
1394,1,HappyBirthday,65,5475.9,M,1,0.000110647,0.457593,1878.08,0.178185,F
1394,1,HappyBirthday,700,17155.3,M,1,0,0.830982,0.164042,0,F
1395,1,HappyBirthday,278,23725.7,F,1,0.0120836,0.395853,7.17545,3.82427,F
1395,1,HappyBirthday,307,15330.6,M,1,0.0435523,2.09741,818.005,14.9404,F
1396,1,HappyBirthday,253,5840.05,M,1,0.608522,1.71167,10432.8,796.192,F
1397,1,HappyBirthday,1433,730,M,1,0.61838,0.186112,867.301,402.409,F
1397,1,HappyBirthday,322,28470.5,F,1,0.0124595,0.861162,88.623,5.18025,F
1397,1,HappyBirthday,1467,365,F,1,0.042929,0.0802082,8978.62,122.917,F
1397,1,HappyBirthday,975,28470.9,M,1,0.0449477,0.650189,0.420104,14.2928,F
1397,1,HappyBirthday,994,9855.86,F,1,0.00179129,20.056,4.19747,0.569057,F
1398,1,HappyBirthday,731,17520.4,F,1,0.00102536,3.0563,5.98e-05,0.318617,F
1399,1,HappyBirthday,466,9855.78,M,1,0.0301424,20.3206,5.22127,9.59185,F
1399,1,HappyBirthday,1070,4380,M,1,0.0105782,0.371943,12.1803,3.31451,F
1399,1,HappyBirthday,940,10585.6,M,1,0.00114885,0.316611,6577.86,1.17246,F
1400,1,HappyBirthday,195,13870.2,M,1,0.370889,0.355485,65.2932,169.536,F
1400,1,HappyBirthday,376,18250.8,F,1,0.105909,18.8166,16.9438,35.5881,F
1400,1,HappyBirthday,885,24820.2,M,1,7.20462e-05,1.08353,48.9356,0.023654,F
1400,1,HappyBirthday,1384,1095,M,1,0.453789,0.385143,576.878,432.33,F
1402,1,HappyBirthday,282,8760.13,M,1,0.0523496,0.733655,0.0077662,16.7106,F
1402,1,HappyBirthday,433,19710.2,M,1,0.0251023,0.187611,16.0288,7.99401,F
1402,1,HappyBirthday,714,6570.11,F,1,0.00692177,6.598,53.5837,2.16333,F
1403,1,HappyBirthday,1071,4380,F,1,0.59322,0.609155,68.4725,281.02,F
1403,1,HappyBirthday,397,27740.2,F,1,0.00384676,0.18643,31.4653,1.2494,F
1403,1,HappyBirthday,411,8760.14,F,1,0.687045,0.353714,1.51087,361.114,F
1404,1,HappyBirthday,142,18615.6,M,1,0.000139067,1.34375,6.78713,0.043822,F
1404,1,HappyBirthday,1228,2920,M,1,0.0197629,1.18088,0.474726,6.21826,F
1404,1,HappyBirthday,1386,1095,F,1,0.534966,0.0287781,2371.79,284.415,F
1404,1,HappyBirthday,1385,1095,F,1,0.127703,1.23759,104.031,56.9017,F
1405,1,HappyBirthday,1108,4015,M,1,0.00544722,0.144717,22.0625,1.85236,F
1405,1,HappyBirthday,1315,1825,M,1,0.264985,5.09899,55.0676,95.9006,F
1406,1,HappyBirthday,13,6205.37,M,1,0.000735679,0.404092,1958.2,0.804103,F
1406,1,HappyBirthday,1109,4015,F,1,0.10059,0.132587,1332.19,36.1002,F
1406,1,HappyBirthday,1035,4745,M,1,0.00106248,26.8601,1.52642,0.331265,F
1406,1,HappyBirthday,965,5475.78,F,1,0.000870104,1.59136,987.734,1.35172,F
1406,1,HappyBirthday,1148,3650,F,1,0.00189683,0.78074,328.512,0.620408,F
1406,1,HappyBirthday,960,30295.6,F,1,0.00435682,1.20503,81.8658,1.35759,F
1406,1,HappyBirthday,1036,4745,M,1,8.82554e-05,0.644174,3.54261,0.0275439,F
1406,1,HappyBirthday,1289,2190,F,1,0.178856,0.320333,16.5139,62.048,F
1407,1,HappyBirthday,1149,3650,M,1,0.0524922,0.0903165,15404.9,34.6025,F
1407,1,HappyBirthday,1037,4745,M,1,0.0347648,5.43635,332.22,16.1084,F
1408,1,HappyBirthday,483,20805.1,F,1,0.243899,0.316691,0.543261,86.9388,F
1408,1,HappyBirthday,1038,4745,F,1,0.00320435,0.327085,2644.29,9.38274,F
1409,1,HappyBirthday,300,5475.01,F,1,0.0199121,1.23841,1.14886,6.25037,F
1409,1,HappyBirthday,1468,365,F,1,0.0530869,0.122025,36.4417,17.8006,F
1409,1,HappyBirthday,1110,4015,F,1,0.00798963,0.150318,1345.45,7.38162,F
1411,1,HappyBirthday,1387,1095,M,1,0.113054,0.0822263,376.122,42.59,F
1411,1,HappyBirthday,1435,730,M,1,0.685291,0.132742,21573,827.213,F
1411,1,HappyBirthday,383,20440.3,M,1,0.00216908,1.53386,0.0370664,0.674979,F
1411,1,HappyBirthday,488,6935.28,F,1,0.0217555,0.333273,980.545,6.96298,F
1411,1,HappyBirthday,1434,730,F,1,0.020671,0.520222,21888.8,13.5898,F
1411,1,HappyBirthday,846,12410.9,M,1,1.85704e-05,0.171867,70.1811,0.0059282,F
1411,1,Births,1507,0,M,0,0,0.0186702,0,0,F
1412,1,HappyBirthday,379,11680.9,F,1,1.1529e-05,2.77036,125.983,0.0036394,F
1412,1,HappyBirthday,1469,365,M,1,0.205368,0.036305,1470.01,78.015,F
1412,1,HappyBirthday,736,5110.93,M,1,0.00717083,2.16069,80.4603,2.54337,F
1413,1,HappyBirthday,406,19710.9,F,1,0.159932,1.98699,0.511203,54.1881,F
1413,1,HappyBirthday,1261,2555,M,1,0.455946,0.469164,775.526,197.148,F
1414,1,HappyBirthday,1230,2920,M,1,2.59876e-05,0.255546,1576.18,0.0510902,F
1414,1,HappyBirthday,202,5110.37,F,1,0.819622,3.69853,186.63,648.565,F
1414,1,HappyBirthday,1111,4015,F,1,0.15789,0.0328135,645.787,55.7257,F
1414,1,HappyBirthday,384,27375.3,F,1,0.000290133,0.20693,2498.17,0.484182,F
1414,1,HappyBirthday,413,18615.2,M,1,0.000619076,2.89863,0.0224224,0.192411,F
1414,1,HappyBirthday,1316,1825,F,1,0.000548435,0.57071,362.614,0.396078,F
1414,1,HappyBirthday,1290,2190,M,1,0.000264344,0.0993655,3751.89,0.134582,F
1414,1,HappyBirthday,1346,1460,F,1,0.0038546,0.115319,85.5407,1.3633,F
1415,1,HappyBirthday,128,22265.3,M,1,0.0236741,6.50687,0.0674234,7.44626,F
1415,1,HappyBirthday,562,8760.9,M,1,0.00746216,40.9663,0.13816,2.32909,F
1416,1,HappyBirthday,315,10950.6,F,1,0.00600333,0.612695,307.494,3.99964,F
1416,1,HappyBirthday,1179,3285,F,1,0.0890191,0.472286,134.865,31.1,F
1417,1,HappyBirthday,85,6935.77,F,1,0.000197564,14.2614,821.165,0.274383,F
1417,1,HappyBirthday,1180,3285,F,1,0.0489969,0.183149,3.87342,15.8394,F
1417,1,HappyBirthday,1113,4015,F,1,0.0503853,0.188742,7971.57,20.7273,F
1417,1,HappyBirthday,542,25550.8,M,1,0.000379596,0.330329,0.0143524,0.117909,F
1417,1,HappyBirthday,1112,4015,F,1,0.100402,0.947989,2221.22,45.4625,F
1417,1,HappyBirthday,893,14965,M,1,0,0.117516,0.026674,0,F
1418,1,HappyBirthday,476,13505.1,M,1,0.00206767,0.308451,140.135,1.01252,F
1418,1,HappyBirthday,521,27375.3,F,1,9.17489e-06,0.266611,38009.7,0.0346982,F
1419,1,HappyBirthday,336,12775.4,F,1,0.000143186,0.415786,29.5978,0.0470214,F
1419,1,HappyBirthday,1347,1460,F,1,0.0114233,0.306216,71.4096,3.99047,F
1419,1,HappyBirthday,1388,1095,F,0,0,0.00165785,0,0,F
1420,1,HappyBirthday,679,5840.81,F,1,0.00536433,3.36217,0.833589,1.67219,F
1421,1,HappyBirthday,1114,4015,M,1,0.000206305,0.147925,12.6577,0.0652337,F
1421,1,HappyBirthday,516,11315.3,M,1,0.00134594,1.36417,55.0353,0.421275,F
1421,1,HappyBirthday,599,9490.44,F,1,0.00345059,0.196071,0.0150224,1.07437,F
1423,1,HappyBirthday,108,9855.38,M,1,0.00493246,1.85164,0.0032964,1.53704,F
1423,1,HappyBirthday,1389,1095,M,1,0.812618,0.113967,311.269,745.183,F
1424,1,HappyBirthday,114,35405.3,M,1,0.103666,0.240526,11.5414,34.1892,F
1424,1,HappyBirthday,448,13505.4,M,1,0.00043388,0.136758,0.0245316,0.135091,F
1424,1,HappyBirthday,1348,1460,M,1,0.166578,4.24675,72407.7,1044.44,F
1425,1,HappyBirthday,987,16790,M,1,0.0066318,1.14926,66.5018,2.21719,F
1425,1,HappyBirthday,138,5475.39,F,1,0.000585408,2.71779,4.40526,0.18257,F
1425,1,HappyBirthday,279,13870.2,M,1,0.000122534,0.592824,1431.67,0.238137,F
1425,1,HappyBirthday,297,14600.9,F,1,0.00114448,19.8717,3.33862,0.356166,F
1425,1,HappyBirthday,753,7665.35,F,1,0.000947832,1.9695,6.11476,0.29498,F
1425,1,HappyBirthday,1232,2920,F,1,0.0484934,0.331564,76.6662,17.1993,F
1426,1,HappyBirthday,121,11315.8,M,1,0,0.162772,0.617691,0,F
1426,1,HappyBirthday,212,5840.56,M,1,0.00171128,2.26268,10.164,0.532394,F
1426,1,HappyBirthday,659,5110.56,M,1,0.0936345,0.329803,9.15743,31.7162,F
1426,1,Births,1508,0,F,0,0,0.130259,0,0,F
1427,1,HappyBirthday,1436,730,F,1,0.581678,0.997466,4592,789.415,F
1427,1,HappyBirthday,1072,4380,F,1,0.237992,0.202337,0.914918,84.7532,F
1429,1,HappyBirthday,23,16790.8,M,1,0.00105933,0.355557,0.201024,0.329461,F
1429,1,HappyBirthday,695,30660.2,F,1,0.00109241,0.260972,34.7989,0.3828,F
1430,1,HappyBirthday,16,11315.9,F,1,0.19413,1.11744,143.82,80.1278,F
1430,1,HappyBirthday,283,15695.2,M,1,0.032897,0.842199,82.9295,11.2818,F
1430,1,HappyBirthday,401,18980.1,F,1,0.000186285,3.83051,0.424506,0.0579374,F
1430,1,HappyBirthday,1151,3650,M,1,0.125068,0.567433,111.775,42.1586,F
1431,1,HappyBirthday,1470,365,F,1,0.00616777,0.244336,30.4145,2.21067,F
1431,1,HappyBirthday,492,21900.2,M,1,0.000509134,0.28457,1.56e-05,0.158329,F
1431,1,HappyBirthday,752,5840.22,F,1,0.000160842,2.97194,46.0932,0.0535372,F
1432,1,HappyBirthday,996,27375,M,1,0.00459549,0.707707,11.0915,1.43711,F
1433,1,HappyBirthday,508,16790,M,1,0.527689,0.1121,25.2922,248.402,F
1433,1,HappyBirthday,515,10585.8,M,1,0.244069,2.03786,0.913255,87.0966,F
1433,1,HappyBirthday,590,8760.72,F,1,0.13106,8.5352,0.555395,43.7231,F
1433,1,HappyBirthday,1181,3285,M,1,0.00038433,0.153198,3000.87,0.624936,F
1434,1,HappyBirthday,1073,4380,M,1,0.0251614,3.43015,10914.9,54.1829,F
1436,1,HappyBirthday,838,10950.2,M,1,0.000504088,0.462304,7229.02,0.738429,F
1438,1,HappyBirthday,1152,3650,M,1,0.000480808,0.874468,34.048,0.151686,F
1439,1,HappyBirthday,27,15695.4,F,1,0.00292878,0.431579,0.127981,0.912165,F
1439,1,HappyBirthday,267,5475.06,F,1,6.77632e-05,0.0678642,28.6915,0.0236466,F
1440,1,HappyBirthday,1183,3285,M,1,0.000102664,1.0163,0.847384,0.0319013,F
1441,1,HappyBirthday,1471,365,M,1,0.120781,0.0900948,53083.8,618.773,F
1441,1,HappyBirthday,295,16060.2,F,1,0.000635392,0.234121,215.217,0.373437,F
1441,1,HappyBirthday,458,5110.06,M,1,0,10.8485,1.40169,0,F
1441,1,Births,1509,0,F,0,0,0.330816,0,0,F
1442,1,HappyBirthday,748,14235.7,F,1,0.0686276,0.215157,46.8091,23.2908,F
1443,1,HappyBirthday,465,6935.77,F,1,0.000200888,1.86149,3160.85,0.667017,F
1444,1,HappyBirthday,1391,1095,F,1,0.000461691,0.00882667,134901,4.28845,F
1444,1,HappyBirthday,1390,1095,F,1,0.000376334,0.349677,2654.32,0.173552,F
1446,1,HappyBirthday,80,5840.48,F,1,0.00124621,1.25328,24.3563,0.387795,F
1446,1,HappyBirthday,1076,4380,F,1,0.0134263,0.0519913,1262.76,11.2377,F
1447,1,HappyBirthday,1291,2190,F,1,0.00664454,0.11876,0.604354,2.07291,F
1447,1,HappyBirthday,1077,4380,M,1,0.000588835,7.18547,23.5362,0.200288,F
1447,1,HappyBirthday,823,13505.7,F,1,0.000615447,1.52571,46.8255,0.206767,F
1448,1,HappyBirthday,422,5475.63,F,1,0.102866,1.08482,357.754,51.8601,F
1448,1,HappyBirthday,911,24820.4,F,1,0.0201358,1.10819,433.464,10.0359,F
1449,1,HappyBirthday,557,6935.79,F,1,0.00106031,2.06138,0.000499071,0.329737,F
1449,1,HappyBirthday,664,31025.6,F,1,0.000194891,0.728503,0.5833,0.0605748,F
1450,1,HappyBirthday,1472,365,F,1,0.0309711,0.221283,55696.7,331.791,F
1450,1,HappyBirthday,392,15330.4,M,1,0.0014383,0.0477438,19.4958,0.46444,F
1450,1,HappyBirthday,1263,2555,F,1,0.176299,4.25003,86.2035,68.9798,F
1450,1,HappyBirthday,595,13505.4,F,1,0.00111082,0.508081,13.8232,0.352659,F
1450,1,HappyBirthday,804,9490.5,F,1,0.00222562,0.294248,0.000281,0.692661,F
1451,1,HappyBirthday,66,15330,M,1,0.000660163,3.30045,1130.07,0.427747,F
1451,1,HappyBirthday,348,16425.3,F,1,0.00549734,4.55051,0.383027,1.7137,F
1451,1,HappyBirthday,682,13140.6,M,1,0.00136371,5.11804,76.2543,0.427494,F
1451,1,HappyBirthday,711,6205.39,F,1,0.000113157,0.147877,1.74267,0.0352345,F
1451,1,Births,1510,0,F,0,0,0.460593,0,0,F
1452,1,HappyBirthday,1233,2920,M,1,0.00120278,2.8868,7261.33,0.986222,F
1452,1,HappyBirthday,891,11680.7,F,1,0.000892758,0.401631,235.82,0.282228,F
1452,1,Births,1511,0,M,0,0,0.107113,0,0,F
1453,1,HappyBirthday,7,12775,F,1,0.000898167,2.66201,204.659,0.361022,F
1453,1,HappyBirthday,239,9855.72,F,1,0.014789,0.353228,0.0037052,4.62992,F
1453,1,HappyBirthday,687,5840.94,F,1,0.253459,0.439504,73.6851,106.737,F
1453,1,HappyBirthday,741,31025,F,1,4.5458e-06,0.801153,6.35259,0.0014158,F
1453,1,HappyBirthday,1473,365,F,1,0.0516251,0.0214727,78748.5,337.511,F
1453,1,Births,1512,0,M,0,0,0.0496544,0,0,F
1454,1,HappyBirthday,131,8030.65,F,1,0.00403766,0.230651,1.03868,1.25896,F
1454,1,HappyBirthday,1393,1095,M,1,0.0932829,0.00853533,11.2388,30.4491,F
1454,1,HappyBirthday,1115,4015,F,1,0.0322931,0.339835,13.8565,10.2051,F
1454,1,HappyBirthday,1078,4380,F,1,0.00219265,1.51854,747.212,1.42849,F
1454,1,Births,1513,0,F,0,0,0.132881,0,0,F
1455,1,HappyBirthday,78,6205.33,F,1,0.000122802,1.51171,15.0975,0.038967,F
1456,1,HappyBirthday,1186,3285,F,1,0.260703,0.0297015,16.6046,95.6435,F
1457,1,HappyBirthday,1079,4380,M,1,0.000697047,0.515966,69.8035,0.239351,F
1457,1,HappyBirthday,887,7300.8,F,1,6.95573e-06,0.772839,11704.5,0.0235802,F
1457,1,HappyBirthday,1349,1460,F,1,0.0225304,0.294507,9.11853,7.08246,F
1457,1,HappyBirthday,1350,1460,F,1,0.412332,0.0522968,1.69015,166.594,F
1458,1,HappyBirthday,32,7300.5,M,1,0.0540366,0.435979,99.6971,17.4243,F
1458,1,HappyBirthday,629,7665.32,F,1,0.0394736,0.332381,66.7163,12.7326,F
1460,1,HappyBirthday,1041,4745,F,1,0.00315416,1.04377,9.15339,1.01503,F
1460,1,HappyBirthday,325,16790.3,M,1,0.0460534,1.75079,8745.15,31.1214,F
1460,1,HappyBirthday,985,12045,M,1,0.0105495,3.99208,9.83844,3.34539,F
1461,1,HappyBirthday,1394,1095,F,1,0.00054288,0.13973,14884.2,5.36678,F
1461,1,HappyBirthday,437,21900.5,M,1,0.000786791,2.09055,0.532853,0.245216,F
1461,1,HappyBirthday,499,9490.35,M,1,0.101046,9.46311,693.263,33.9265,F
1462,1,HappyBirthday,51,6205.45,F,1,0.00984494,2.55725,26731.8,10.2151,F
1462,1,HappyBirthday,1235,2920,M,1,0.0162068,0.122362,0.0274339,5.07788,F
1462,1,HappyBirthday,453,15330.9,M,1,0.0683303,10.6249,0.0040026,21.9945,F
1462,1,HappyBirthday,1154,3650,M,1,8.45238e-06,1.77163,1049.49,0.00331638,F
1462,1,HappyBirthday,898,9855.72,M,1,0.000711108,1.25626,337.922,0.239532,F
1463,1,HappyBirthday,601,16790.5,F,1,0.0491898,6.49061,66.8948,15.7502,F
1464,1,HappyBirthday,1116,4015,M,1,0.121656,3.11246,0.154823,40.3184,F
1464,1,HappyBirthday,1474,365,M,0,0,0.0119511,0,0,F
1464,1,Births,1514,0,F,0,0,0.0500578,0,0,F
1465,1,HappyBirthday,585,24090.6,M,1,0.0126583,0.568035,0.69837,3.96881,F
1466,1,HappyBirthday,565,14235.8,M,1,0.0192751,1.22367,414.142,11.7251,F
1466,1,HappyBirthday,613,6205.49,M,1,0.00356737,34.5026,25.9151,1.12478,F
1467,1,HappyBirthday,371,11680.2,M,1,0.00445082,0.0443397,63.9617,1.39763,F
1467,1,HappyBirthday,1437,730,F,1,0.0637632,0.213723,14120.5,57.9,F
1468,1,HappyBirthday,178,11315,M,1,0.00181929,1.0708,12.5273,0.566135,F
1468,1,HappyBirthday,1475,365,M,1,0.000100091,0.21664,18924.6,1.11009,F
1468,1,HappyBirthday,771,8030.43,M,1,0.00315317,1.59327,0.0151176,0.981257,F
1468,1,HappyBirthday,1351,1460,F,1,0.413758,1.81076,10947.4,218.735,F
1469,1,HappyBirthday,546,8760.69,F,1,0.000613412,5.0443,4.11136,0.191382,F
1469,1,HappyBirthday,1476,365,M,1,0.000598203,0.778342,23459,7.32825,F
1470,1,HappyBirthday,1042,4745,F,1,0.0377936,0.992143,13.634,12.0172,F
1471,1,HappyBirthday,377,12045.6,M,1,0.00525488,3.20113,15.994,1.64021,F
1472,1,HappyBirthday,434,24090.6,F,1,0.0101546,4.40668,0.177089,3.17235,F
1472,1,HappyBirthday,596,13505.6,F,1,0.00102861,0.149872,1.48644,0.3198,F
1472,1,HappyBirthday,872,13870.1,M,1,0.00370265,0.220553,25.8155,1.15778,F
1472,1,HappyBirthday,881,6935.37,M,1,0,5.00309,2.94558,0,F
1472,1,HappyBirthday,1352,1460,M,1,0.00819748,0.087899,41.5162,2.59208,F
1473,1,HappyBirthday,1189,3285,F,1,0.000236888,0.698437,0.862692,0.0740062,F
1474,1,HappyBirthday,1156,3650,M,1,0.00278025,2.03787,9.12932e-05,0.865364,F
1474,1,HappyBirthday,449,6570.63,F,1,0.0895876,0.989711,0.320775,29.2121,F
1474,1,HappyBirthday,1395,1095,M,1,0.864881,0.911874,4530.86,1414.2,F
1475,1,HappyBirthday,1353,1460,F,1,0.0106953,0.274864,1.00994,3.34232,F
1475,1,HappyBirthday,586,21535.2,F,1,0.0783918,0.221211,22013,85.3914,F
1475,1,HappyBirthday,819,15695,F,1,0.00114907,51.293,0.267005,0.35737,F
1476,1,HappyBirthday,928,5840.58,M,1,0.00336888,0.94428,56.4493,1.14911,F
1476,1,HappyBirthday,81,9125.73,M,1,0.000238216,0.482403,134.531,0.075437,F
1476,1,HappyBirthday,1438,730,M,1,0.0036419,0.100138,20.3177,1.14484,F
1477,1,HappyBirthday,1265,2555,M,1,0.00181454,0.0583458,9.23926,0.580168,F
1477,1,HappyBirthday,809,11315.9,M,1,0.000260906,0.547604,0.785997,0.081256,F
1478,1,HappyBirthday,216,18980.8,F,1,0.0377287,3.76133,45.7768,11.9676,F
1478,1,HappyBirthday,666,21900.6,F,1,0.0150824,0.845877,17.6191,4.83868,F
1478,1,HappyBirthday,1117,4015,F,1,0.0607701,0.99667,356.687,19.6245,F
1478,1,HappyBirthday,927,6205.69,F,1,3.50707e-05,1.59677,24.7824,0.0122285,F
1479,1,HappyBirthday,122,19710.1,M,1,0,0.3827,0.0029848,0,F
1479,1,HappyBirthday,1477,365,M,1,0.0049643,6.79367,40.4731,1.60197,F
1479,1,HappyBirthday,616,18615.2,M,1,0.000641794,2.62631,46.1243,0.239436,F
1479,1,HappyBirthday,1354,1460,M,1,0.268448,1.72343,1532.72,481.665,F
1479,1,HappyBirthday,785,11680,M,1,0.0954822,0.358695,26.3811,32.6017,F
1481,1,HappyBirthday,625,7665.98,F,1,0.294692,3.95872,1745.62,354.524,F
1481,1,HappyBirthday,1190,3285,F,1,0.0275456,0.387555,5770.15,65.8704,F
1482,1,HappyBirthday,1043,4745,M,1,0,0.137496,162.071,0,F
1482,1,HappyBirthday,1002,5110,M,1,0.0290444,0.276767,37250.3,37.8719,F
1482,1,HappyBirthday,509,10586,M,1,0.00986513,1.68677,0.174478,3.08145,F
1482,1,HappyBirthday,619,6205.97,M,1,0.133816,0.375329,337.869,46.4329,F
1482,1,HappyBirthday,710,5840.96,M,1,0.0110029,0.364937,149.058,5.68192,F
1483,1,HappyBirthday,573,16790.1,M,1,0.0318831,1.09043,77.7653,11.1973,F
1484,1,HappyBirthday,55,13505.2,M,1,3.98636e-06,4.28632,3335.58,0.006409,F
1484,1,HappyBirthday,1236,2920,F,1,0.12991,0.217517,1373.76,96.5347,F
1485,1,HappyBirthday,1003,5110,M,1,0.0777213,0.627821,2.72333,25.2227,F
1485,1,HappyBirthday,426,16425.5,F,1,0,1.58321,0.0315858,0,F
1485,1,HappyBirthday,642,10950.3,M,1,0.00489891,5.48547,39.8914,1.52755,F
1486,1,HappyBirthday,1321,1825,F,1,0.058003,0.613108,43.0421,20.9518,F
1486,1,HappyBirthday,1004,5110,M,1,0.00177431,14.3551,217.455,0.73137,F
1486,1,HappyBirthday,548,13140.6,F,1,0.042135,1.10175,106.656,19.1669,F
1487,1,HappyBirthday,1044,4745,M,1,0.00812175,1.31138,11.0937,2.65293,F
1487,1,HappyBirthday,53,30660.5,M,1,0.0173042,0.478884,0.0069804,5.42596,F
1487,1,HappyBirthday,1237,2920,M,1,0.0535913,0.491162,0.617539,17.1515,F
1487,1,HappyBirthday,950,6570.25,M,1,0.0185325,0.118051,3.8217,5.84699,F
1488,1,HappyBirthday,1266,2555,F,1,0.19333,0.57026,5809.31,126.009,F
1488,1,HappyBirthday,1294,2190,F,1,3.56645e-06,0.109344,996.565,0.00275984,F
1488,1,Births,1515,0,M,0,0,0.00678693,0,0,F
1488,1,Births,1516,0,F,0,0,0.0213822,0,0,F
1489,1,HappyBirthday,486,15695,F,1,0.0202714,0.777209,11.2036,6.39347,F
1489,1,HappyBirthday,778,11315.4,M,1,0.00807716,0.990994,6854.57,2.7626,F
1490,1,HappyBirthday,1396,1095,M,1,0.460444,0.165331,1942.78,453.411,F
1490,1,HappyBirthday,1005,5110,M,1,0.00833793,0.249685,161.043,3.29925,F
1490,1,HappyBirthday,673,6205.29,F,1,0.000851283,1.55994,0.0192937,0.26482,F
1490,1,HappyBirthday,1295,2190,M,1,0.0445595,6.46222,4371.63,16.7026,F
1490,1,HappyBirthday,788,10951,M,1,0.42625,0.0585304,0.653062,172.848,F
1490,1,HappyBirthday,844,9855.31,M,1,0.00119944,43.3888,28.0378,0.373889,F
1491,1,HappyBirthday,495,21900.9,M,1,0.00377501,1.0424,5.55598,1.18785,F
1492,1,HappyBirthday,61,12045.4,M,1,0.00105817,4.79043,24.9117,0.330178,F
1492,1,HappyBirthday,1157,3650,M,1,0.00572542,0.238906,786.412,3.73212,F
1493,1,HappyBirthday,1355,1460,M,1,0.00885213,4.65565,0.00156497,2.76299,F
1493,1,HappyBirthday,1478,365,M,1,0.214394,0.0963015,2364.05,585.493,F
1493,1,HappyBirthday,259,9125.19,M,1,0.0289455,0.0875906,1.03063,9.12931,F
1493,1,HappyBirthday,416,8760.49,M,1,0,0.76863,0.118877,0,F
1493,1,HappyBirthday,1192,3285,F,1,0.147588,0.315921,4642.33,181.966,F
1493,1,HappyBirthday,1397,1095,F,1,0.00133347,2.80229,10.1219,0.435672,F
1494,1,HappyBirthday,1158,3650,F,1,8.4904e-06,26.5634,8304.36,0.0254344,F
1494,1,HappyBirthday,654,6205.64,M,1,0.000648424,1.95409,6.219,0.203102,F
1494,1,HappyBirthday,762,20805.8,F,1,0.00544834,20.623,2766.84,7.2609,F
1494,1,HappyBirthday,1081,4380,M,1,0.0692893,0.0842878,0.410518,22.3161,F
1495,1,HappyBirthday,134,19710.8,M,1,0.000664213,0.363436,0.0487814,0.20651,F
1496,1,HappyBirthday,1479,365,F,1,0.0842864,0.256575,101.673,30.4654,F
1496,1,HappyBirthday,749,5840.74,M,1,0.000137904,0.757711,13422.9,0.129061,F
1497,1,HappyBirthday,105,9490.89,F,1,0.0412423,4.2097,353.147,15.5021,F
1497,1,HappyBirthday,335,6935.22,M,1,0.000592735,0.305297,0.00343302,0.18426,F
1497,1,HappyBirthday,1267,2555,F,1,0.0021573,0.0183956,11.935,0.685061,F
1497,1,HappyBirthday,1480,365,M,1,0.103394,1.16879,773.738,36.6071,F
1499,1,HappyBirthday,670,19710.4,M,1,0.432185,2.34045,147.439,176.893,F
1499,1,HappyBirthday,1481,365,M,1,0.00414529,0.18967,6.23181,1.30214,F
1500,1,HappyBirthday,1398,1095,M,1,0.638214,1.89146,2691.86,475.72,F
1500,1,HappyBirthday,1356,1460,M,1,0.125072,0.540275,26.8328,43.3834,F
1500,1,HappyBirthday,1082,4380,F,1,1.37424e-05,0.515568,1102.94,0.00520944,F
1500,1,HappyBirthday,1268,2555,F,1,0.0116336,1.03322,1281.27,22.5783,F
1500,1,Births,1517,0,M,0,0,0.124335,0,0,F
1501,1,HappyBirthday,252,10220.4,M,1,0.00870954,0.69802,52.458,2.91388,F
1501,1,HappyBirthday,350,31025.8,F,1,0.00104488,0.802386,116464,7.97857,F
1501,1,HappyBirthday,1322,1825,F,1,0.159972,15.5097,5.09062,54.4653,F
1502,1,HappyBirthday,1193,3285,M,1,0.0176179,4.51531,36.7121,5.86206,F
1503,1,HappyBirthday,1357,1460,M,1,0.00138286,0.120482,7252.27,3.88213,F
1504,1,HappyBirthday,1323,1825,F,1,0.089725,0.809182,25.1567,30.0636,F
1505,1,HappyBirthday,1483,365,M,1,0.00597304,0.612897,20859.9,6.31414,F
1506,1,HappyBirthday,1006,5110,M,1,0.0079651,0.411361,12.3681,2.53716,F
1506,1,HappyBirthday,1399,1095,M,1,0.79915,2.64351,2078.91,1148.33,F
1506,1,Births,1518,0,M,0,0,0.0608078,0,0,F
1507,1,HappyBirthday,1084,4380,M,1,0.828534,3.12347,27.0552,552.245,F
1507,1,HappyBirthday,632,16060.3,F,1,0.000252837,0.399045,1.59548,0.0785468,F
1507,1,HappyBirthday,715,9490.49,F,1,4.25331e-06,7.18937,3950.11,0.0114786,F
1507,1,HappyBirthday,1159,3650,M,1,0.00965173,0.171085,732.711,6.14459,F
1507,1,HappyBirthday,1400,1095,M,1,0.0602565,0.498712,8158.51,74.1165,F
1509,1,HappyBirthday,98,15330.6,M,1,0.00144687,0.412946,16.6803,0.48302,F
1509,1,HappyBirthday,1007,5110,F,1,0.0147315,9.67876,0.0360705,4.61228,F
1509,1,HappyBirthday,1401,1095,F,1,6.19684e-05,0.014061,17.6708,0.0209267,F
1509,1,HappyBirthday,822,11315.7,F,1,0.000450338,3.5761,94.7858,0.144545,F
1511,1,HappyBirthday,154,13140.8,M,1,0.000180812,1.17369,226.814,0.0595046,F
1512,1,HappyBirthday,63,24820.8,M,1,1.28788e-06,0.075766,15.8386,0.0004046,F
1512,1,HappyBirthday,249,6935.03,M,1,0.00382097,0.559911,10.352,1.20182,F
1512,1,HappyBirthday,1269,2555,M,1,0.123309,0.248465,122.753,58.1009,F
1512,1,HappyBirthday,843,15695.6,F,1,0,0.338327,808.417,0,F
1512,1,Births,1519,0,M,0,0,0.161918,0,0,F
1513,1,HappyBirthday,808,5475.44,M,1,0.00654252,1.52182,63.2394,2.67467,F
1514,1,HappyBirthday,1484,365,M,1,0.00616641,0.0493147,0.352352,1.92644,F
1514,1,HappyBirthday,1195,3285,M,1,0.00245655,2.25411,29.2402,0.798368,F
1514,1,HappyBirthday,1439,730,F,1,0.0105705,1.1496,38.899,3.51825,F
1514,1,Births,1520,0,M,0,0,0.338197,0,0,F
1515,1,HappyBirthday,1196,3285,M,1,0.00743468,1.88031,55.9492,2.47021,F
1515,1,HappyBirthday,857,12410.8,F,1,0.00965718,0.138449,160.007,3.91796,F
1516,1,HappyBirthday,163,10950.2,F,1,4.98579e-05,5.53469,12897.1,0.456395,F
1516,1,HappyBirthday,1324,1825,F,0,0,0.0437156,0,0,F
1516,1,HappyBirthday,450,12410.1,F,1,0.00601687,1.06965,0.0012436,1.87555,F
1517,1,HappyBirthday,803,14965.9,F,1,0.000893611,1.27618,6.6075,0.278179,F
1518,1,HappyBirthday,1440,730,M,1,0.0606923,0.212732,6266.47,46.7573,F
1518,1,HappyBirthday,1120,4015,F,1,0,0.206421,2.85601,0,F
1519,1,HappyBirthday,980,24820.6,M,1,6.13878e-05,0.0390586,217.432,0.0361684,F
1519,1,HappyBirthday,1160,3650,F,1,0.000233916,0.0344249,28687.4,0.790028,F
1519,1,HappyBirthday,1270,2555,M,1,0.382902,0.259887,154.872,152.732,F
1519,1,HappyBirthday,604,13870.2,M,1,0.604056,3.08119,1.24828,288.034,F
1520,1,HappyBirthday,241,9490.9,M,1,0.000294432,0.166551,6.43323,0.0918544,F
1520,1,HappyBirthday,1402,1095,F,1,0.267801,11.2164,14572.1,1369.74,F
1520,1,HappyBirthday,368,9125.08,F,1,0.15865,0.601862,577.496,63.7226,F
1521,1,HappyBirthday,1441,730,F,1,0.281498,0.130951,23.6586,103.628,F
1522,1,HappyBirthday,729,5840.49,M,1,0.0461957,1.69897,0.0812699,14.7032,F
1522,1,HappyBirthday,775,8760.49,M,1,0.00105367,2.20813,10.7496,0.327769,F
1522,1,Births,1521,0,M,0,0,0.0854762,0,0,F
1523,1,HappyBirthday,217,30660.7,F,1,0,9.95254,279.106,0,F
1523,1,HappyBirthday,668,8395.68,M,1,0.000132485,0.408014,4.43437,0.0412054,F
1523,1,HappyBirthday,1325,1825,M,1,0.00452037,1.70602,0.649078,1.4078,F
1523,1,HappyBirthday,1403,1095,F,1,0.573206,0.221399,1949.41,345.923,F
1523,1,HappyBirthday,1404,1095,M,1,0.237236,11.7138,1357.09,365.186,F
1524,1,HappyBirthday,159,12045.6,F,1,0.00208691,1.34574,145.619,0.685081,F
1524,1,HappyBirthday,230,30660,M,1,1.11909e-06,0.939963,61003.3,0.0058378,F
1524,1,HappyBirthday,1442,730,M,1,0,0.0048191,222.681,0,F
1524,1,HappyBirthday,772,9490.07,M,1,0.000878811,1.82012,1696.46,0.928777,F
1524,1,HappyBirthday,830,25915.6,F,1,0.00276989,0.237385,176.176,1.51953,F
1525,1,HappyBirthday,1443,730,M,1,0.00571735,0.168571,31.4993,2.04531,F
1525,1,HappyBirthday,232,12775.4,F,1,0.00014769,6.37048,1.64e-05,0.0459414,F
1525,1,HappyBirthday,1199,3285,M,1,0.0178639,0.446948,14.7859,5.60192,F
1525,1,HappyBirthday,874,14235.9,M,1,0.00210449,0.0123099,0.0023104,0.654694,F
1526,1,HappyBirthday,45,12775.7,F,1,0.00935888,0.455641,0.0604324,2.9227,F
1526,1,HappyBirthday,57,6205.97,F,1,0.000598987,0.493412,2.3419,0.186187,F
1526,1,HappyBirthday,93,8030.85,F,1,0.000281788,6.93207,0.383585,0.0876044,F
1526,1,HappyBirthday,534,28105.6,M,1,0.000629389,2.45464,1115.9,0.502611,F
1526,1,HappyBirthday,579,19345.9,F,1,0.211485,0.4109,15.9891,78.5509,F
1527,1,HappyBirthday,1271,2555,F,1,0.0674341,0.379912,5808.16,29.3173,F
1527,1,HappyBirthday,1047,4745,M,1,0.000290483,1.91059,112.059,0.132387,F
1527,1,HappyBirthday,1239,2920,F,0,0,0.042781,0,0,F
1527,1,HappyBirthday,761,19345.1,M,1,0.00478359,3.15808,699.525,1.49289,F
1529,1,HappyBirthday,531,25185.3,F,1,0.0105491,0.260009,1220.97,18.4041,F
1529,1,HappyBirthday,910,9490.56,M,1,0.00893734,0.407212,78.0376,2.83199,F
1530,1,HappyBirthday,1009,5110,M,1,0.00112345,1.54654,8.94014,0.36501,F
1531,1,HappyBirthday,256,6205.01,M,1,0.000273328,0.0340985,0.0105354,0.0848501,F
1531,1,HappyBirthday,926,23360.4,M,1,0.00180945,0.405914,70.8575,0.721398,F
1532,1,HappyBirthday,19,5475.06,F,1,0.000397567,4.03905,13.3994,0.130728,F
1533,1,HappyBirthday,268,10950.7,F,1,0.000140624,6.07517,2.66819,0.0442192,F
1533,1,HappyBirthday,637,5840.93,M,1,3.0595e-05,0.255394,1.36587e-05,0.00949595,F
1534,1,HappyBirthday,192,9125.63,M,1,0.0073634,2.42792,1.27145,2.30286,F
1534,1,Births,1522,0,M,0,0,0.00651864,0,0,F
1535,1,HappyBirthday,1010,5110,M,1,0.00128648,2.50372,237.58,0.471495,F
1535,1,HappyBirthday,1485,365,F,1,0.0173925,0.44895,45.8804,6.60436,F
1535,1,HappyBirthday,1358,1460,M,1,0.14118,0.571958,19.4259,47.3496,F
1535,1,HappyBirthday,1326,1825,F,1,0.000122714,0.513965,12.8671,0.040222,F
1536,1,HappyBirthday,946,9490.94,F,1,6.0241e-05,0.328714,0.0026026,0.0187556,F
1536,1,HappyBirthday,133,9855.88,F,1,0,0.0363776,0.122559,0,F
1536,1,HappyBirthday,766,12410.8,F,1,0.0200421,0.0244938,0.0622796,6.29195,F
1537,1,HappyBirthday,355,5840.58,F,1,0,1.8502,71.3654,0,F
1537,1,HappyBirthday,455,15695.1,F,1,1.19857e-05,0.194397,1.61879,0.0037476,F
1537,1,HappyBirthday,480,26280.2,M,1,0.00155236,0.43425,12.6244,0.484643,F
1537,1,HappyBirthday,487,16425,M,1,0.00951462,0.170033,85.3324,3.33594,F
1537,1,HappyBirthday,653,21170.2,M,1,0.00978481,1.72814,0.079508,3.05614,F
1538,1,HappyBirthday,311,14600,F,1,0.000755812,0.921337,2.64967,0.236131,F
1539,1,HappyBirthday,328,7300.26,M,1,0.00428307,1.62769,330.813,1.93833,F
1539,1,HappyBirthday,854,12410,M,1,0.000414917,0.109045,1.4e-06,0.12894,F
1540,1,HappyBirthday,59,6935.96,F,1,0.00140013,1.91846,0.00585071,0.435437,F
1540,1,HappyBirthday,1201,3285,F,1,5.02858e-05,0.258153,56.3716,0.0171337,F
1540,1,HappyBirthday,641,9490.67,M,1,0.00712421,0.244893,1724.62,7.65969,F
1540,1,HappyBirthday,867,8760.78,F,1,0.0299169,5.41613,1.0339,9.44213,F
1540,1,Births,1523,0,M,0,0,0.0227213,0,0,F
1541,1,HappyBirthday,381,29200.8,F,1,1.07195e-05,11.2019,1652.23,0.0104658,F
1541,1,Births,1524,0,F,0,0,0.0480417,0,0,F
1542,1,HappyBirthday,1444,730,F,1,0.0286638,9.61124,72.0502,11.9125,F
1542,1,HappyBirthday,1445,730,M,1,0.000572374,0.0120528,115656,4.48954,F
1543,1,HappyBirthday,1328,1825,M,1,0.235448,0.276662,17.6681,85.1233,F
1543,1,HappyBirthday,1327,1825,M,1,0.373078,0.16083,894.11,364.487,F
1543,1,HappyBirthday,580,14965.2,M,1,0,2.0432,457.085,0,F
1543,1,HappyBirthday,723,9855.06,M,1,0.0954486,3.97225,0.0823192,31.1751,F
1545,1,HappyBirthday,333,11315.5,F,1,0.00157652,8.37842,2128.08,2.01245,F
1545,1,HappyBirthday,1011,5110,F,1,0.00321123,0.98792,6.63078,1.0252,F
1546,1,HappyBirthday,1162,3650,F,1,0.115285,0.117816,276.251,41.6038,F
1546,1,HappyBirthday,961,6570.49,M,1,0,54.4389,0.497818,0,F
1546,1,HappyBirthday,755,6570.65,M,1,0.0121022,0.218545,1.64002,3.78544,F
1547,1,HappyBirthday,615,8030.25,M,1,0.0439173,1.49509,41.2113,14.6113,F
1547,1,HappyBirthday,901,14235.3,F,1,0,0.223532,0.278352,0,F
1548,1,HappyBirthday,363,6205.58,M,1,0.00105757,0.411829,7.56355,0.329518,F
1548,1,HappyBirthday,518,9125.78,F,1,0.00585854,0.599393,52.1564,1.96494,F
1548,1,HappyBirthday,699,15330.5,F,1,0.00628628,3.05281,0.0314592,1.96022,F
1549,1,HappyBirthday,207,14235,M,1,0.00437139,1.49172,3.65213,1.36192,F
1549,1,HappyBirthday,1446,730,F,1,0.00634626,0.153242,55120.1,8.11552,F
1550,1,HappyBirthday,125,10220.9,M,1,0.0300211,1.13625,296.701,9.76005,F
1550,1,HappyBirthday,135,14235.4,F,1,0.00601149,4.91684,0.0175062,1.8738,F
1550,1,HappyBirthday,186,10220.4,M,1,0.124351,4.31502,3084.97,173.519,F
1550,1,HappyBirthday,294,27010.5,F,1,0.477031,0.442489,220.07,224.171,F
1550,1,HappyBirthday,862,12045.1,M,1,0.000932141,1.02195,0.000178,0.28994,F
1551,1,HappyBirthday,1202,3285,M,1,0.000406592,2.69999,2.97102e-05,0.126293,F
1551,1,HappyBirthday,1050,4745,F,1,0.0279115,0.0983471,0.153393,8.79854,F
1551,1,HappyBirthday,976,6935.38,F,1,0.00327731,1.1912,0.00137665,1.02011,F
1552,1,HappyBirthday,1405,1095,F,1,0.000151954,2.48843,84832.7,1.22072,F
1553,1,HappyBirthday,1329,1825,M,1,0.44043,0.725424,2064.16,189.618,F
1553,1,HappyBirthday,1406,1095,F,1,0.000221704,1.02015,17608.8,0.936247,F
1553,1,HappyBirthday,308,20440.8,F,1,0.00995929,1.11523,71.6247,3.9317,F
1553,1,HappyBirthday,506,5840,M,1,0.000336874,0.654528,71.1661,0.106916,F
1553,1,HappyBirthday,1087,4380,F,1,0.685684,0.0427755,11.9082,369.003,F
1553,1,Births,1525,0,M,0,0,0.00346612,0,0,F
1554,1,HappyBirthday,403,10220.3,F,1,3.18614e-06,0.549072,43553.4,0.0119162,F
1554,1,HappyBirthday,425,21900.2,M,1,0.000647766,1.2758,1.97015,0.201615,F
1554,1,HappyBirthday,478,12045.8,M,1,0.0147905,0.0608101,1.67279,4.6635,F
1556,1,HappyBirthday,1088,4380,F,1,0.0632683,0.828001,22203.1,59.9562,F
1557,1,HappyBirthday,67,8760.65,M,1,0.00205612,0.528174,3.4336,0.644655,F
1557,1,HappyBirthday,1447,730,M,1,0.016063,0.0591496,7913.48,48.9072,F
1558,1,HappyBirthday,1089,4380,F,1,0.00729292,1.53015,794.611,2.41266,F
1558,1,HappyBirthday,672,12410.8,F,1,0.00113607,2.78033,14.1061,0.353949,F
1559,1,HappyBirthday,978,27740.8,F,1,0.00159771,3.44835,236.633,0.518345,F
1559,1,HappyBirthday,179,20075.9,F,1,0.0119041,1.26539,129.5,5.28694,F
1559,1,HappyBirthday,896,7665.66,F,1,0.00127065,0.140853,0.114865,0.395304,F
1560,1,HappyBirthday,1013,5110,F,1,0.0628258,3.5693,0.212142,20.1664,F
1560,1,HappyBirthday,1448,730,M,1,0.21433,0.168309,63.0186,96.9991,F
1561,1,HappyBirthday,314,8030.74,F,1,0.00371027,0.681536,70338.8,17.6532,F
1561,1,HappyBirthday,706,5840.32,M,1,0.000361814,4.32396,5.00091,0.115292,F
1562,1,HappyBirthday,1296,2190,F,1,0.177009,0.251722,38.8708,70.4847,F
1562,1,HappyBirthday,614,8030.99,M,1,2.49868e-05,0.221433,1.37731,0.0078182,F
1562,1,HappyBirthday,774,32850.1,F,1,0.00161422,0.641403,934.436,1.70352,F
1562,1,HappyBirthday,1407,1095,F,1,0.00231721,0.296995,63.3413,0.840895,F
1563,1,HappyBirthday,793,6935.58,M,1,0.000344441,0.098137,0.00594105,0.107165,F
1564,1,HappyBirthday,1487,365,M,1,0.113873,0.0416978,8896.44,97.2938,F
1565,1,HappyBirthday,44,8395.94,F,1,0.492528,0.6175,284.962,292.827,F
1565,1,HappyBirthday,732,6205,F,1,0.00162316,0.512485,375.71,0.524541,F
1566,1,HappyBirthday,471,12775.1,M,1,0.000217712,0.29009,13.5821,0.0699266,F
1566,1,HappyBirthday,691,5840.56,F,1,0.043712,0.120028,7.04066,13.9999,F
1566,1,HappyBirthday,704,5475.37,F,1,0.0016261,6.05247,46.6628,0.56091,F
1567,1,HappyBirthday,963,33215.2,M,1,0.000162452,0.597114,0.0043608,0.0504548,F
1567,1,Births,1526,0,M,0,0,0.00987731,0,0,F
1568,1,HappyBirthday,1449,730,M,1,0.806366,9.17133,616.643,588.132,F
1569,1,HappyBirthday,146,5475.53,F,1,6.36398e-05,0.268405,1181.58,0.0521941,F
1569,1,HappyBirthday,607,12775.5,M,1,7.63512e-05,1.79119,0.0211994,0.0237688,F
1569,1,HappyBirthday,1164,3650,F,1,0.00673269,1.52872,43.6585,2.36568,F
1569,1,HappyBirthday,833,15330.4,M,1,0.00660239,0.517965,0.0068874,2.05886,F
1570,1,HappyBirthday,89,25915.2,F,1,0.00267067,3.30596,43.027,0.892603,F
1570,1,HappyBirthday,1204,3285,M,1,0.0227588,0.137125,126.211,8.5958,F
1570,1,Births,1527,0,M,0,0,0.026607,0,0,F
1571,1,HappyBirthday,1359,1460,M,1,0.014121,0.0533999,10.3199,4.43218,F
1571,1,HappyBirthday,693,8030.54,M,1,0.00991596,0.350994,37.2659,3.10371,F
1572,1,HappyBirthday,171,10950.5,M,1,0.0803446,0.491119,4.71627,26.6041,F
1572,1,HappyBirthday,1450,730,M,1,0.0126153,0.411072,133.712,5.07251,F
1573,1,HappyBirthday,1488,365,M,1,0.00854869,0.236487,44.3003,3.25928,F
1574,1,HappyBirthday,1205,3285,M,1,0.000280665,1.16665,4.05359,0.0884434,F
1574,1,HappyBirthday,1125,4015,F,1,0.069299,0.928018,25.4327,25.0846,F
1574,1,HappyBirthday,424,23725.7,M,1,0,4.49363,0,0,F
1574,1,Births,1528,0,M,0,0,0.177191,0,0,F
1575,1,HappyBirthday,233,8030.47,F,1,0.144883,1.78753,13.7678,50.3323,F
1575,1,HappyBirthday,984,6935.21,M,1,5.66242e-05,1.10119,44.1238,0.0188501,F
1575,1,HappyBirthday,1243,2920,F,1,0.394004,0.15831,1848.19,494.529,F
1576,1,HappyBirthday,5,17520,F,1,0.110548,0.284667,66.0468,39.7199,F
1576,1,HappyBirthday,1165,3650,F,1,1.64397e-06,9.46302,97.6849,0.000716888,F
1577,1,HappyBirthday,1166,3650,F,1,0.00618225,0.473176,2124.24,6.58452,F
1577,1,HappyBirthday,1207,3285,M,1,0.820807,11.0519,117.433,558.217,F
1577,1,HappyBirthday,606,11315.6,F,1,0.0192501,0.533833,71.8312,6.06568,F
1577,1,HappyBirthday,612,20440.8,F,1,0.00773324,0.108231,8894.73,3.79861,F
1577,1,HappyBirthday,871,8760.57,F,1,0.0789477,2.13658,11460.7,40.053,F
1577,1,HappyBirthday,1489,365,M,1,0.388161,0.147175,13380.5,352.772,F
1577,1,HappyBirthday,1360,1460,F,1,0.0690608,0.146566,64720.9,140.807,F
1578,1,HappyBirthday,635,20440.4,M,1,0.00913023,3.04167,826.051,12.7566,F
1579,1,HappyBirthday,97,8760.08,M,1,0.00188538,0.0811686,30.665,0.611887,F
1579,1,HappyBirthday,1409,1095,F,1,0.00578457,0.127311,103.405,2.09201,F
1579,1,HappyBirthday,408,6935.34,M,1,0.000462627,6.13782,1.46609e-06,0.143869,F
1579,1,HappyBirthday,493,24090.5,M,1,2.79699e-05,0.248484,5.25212,0.0086958,F
1579,1,HappyBirthday,522,18615.8,M,1,0.634589,0.578464,2843.86,648.061,F
1579,1,HappyBirthday,1410,1095,M,1,0.0241139,0.0385619,42.459,8.16444,F
1579,1,HappyBirthday,1408,1095,M,1,0.01588,0.164787,9384.46,20.7339,F
1581,1,HappyBirthday,352,13870,F,1,0.0150966,52.2168,267.692,6.49077,F
1581,1,HappyBirthday,1330,1825,F,1,0.169945,0.294991,50258.1,679.283,F
1581,1,HappyBirthday,1452,730,M,1,0.000392774,0.0327971,33747.3,0.487175,F
1581,1,HappyBirthday,459,5475.58,M,1,0.00322579,5.70423,11217.5,3.41983,F
1581,1,HappyBirthday,824,23360.1,M,1,0.000234675,3.20668,0.862947,0.0731156,F
1582,1,HappyBirthday,190,24820.9,M,1,0.0795768,2.85003,22.8268,25.792,F
1582,1,HappyBirthday,1208,3285,F,1,0.0124938,0.860046,50.9132,3.98045,F
1582,1,HappyBirthday,389,7300.62,M,1,0.0362493,0.509401,1.03215,11.5201,F
1582,1,HappyBirthday,490,10585.1,F,1,0.00219727,0.570727,38.6989,0.715393,F
1582,1,HappyBirthday,559,18250.2,F,1,0.00102311,0.204416,1427.92,1.4353,F
1582,1,HappyBirthday,1411,1095,M,1,0.047983,2.73491,3535.6,89.4647,F
1582,1,HappyBirthday,777,18250.6,F,1,0.019792,9.57334,1.65732,6.24237,F
1583,1,HappyBirthday,986,14965.2,F,1,0.0591178,2.43039,0.0063796,18.9382,F
1585,1,HappyBirthday,1015,5110,M,1,0.00102726,0.159624,10.4015,0.324149,F
1585,1,HappyBirthday,1331,1825,M,1,0.38795,0.0203646,6955.92,575.346,F
1585,1,HappyBirthday,827,10950.2,F,1,0.0119613,10.0266,12.2111,3.78534,F
1585,1,HappyBirthday,836,8760.04,F,1,0.106827,0.441757,3.47359,35.2427,F
1585,1,HappyBirthday,1361,1460,F,1,0.338752,0.378075,1074.19,315.318,F
1585,1,HappyBirthday,923,7300.11,F,1,1.97019e-05,0.0513821,0,0.00613947,F
1586,1,HappyBirthday,26,11680.2,F,1,0.00194235,30.818,181.499,1.05823,F
1586,1,HappyBirthday,1209,3285,F,1,0.00111778,2.2385,1237.65,0.961482,F
1588,1,HappyBirthday,136,10220.1,F,1,0.099837,4.18887,0.137721,32.697,F
1588,1,HappyBirthday,223,9490.85,M,1,0.0170007,0.420048,209.776,10.4848,F
1588,1,HappyBirthday,319,8760.41,F,1,0.000423368,2.09298,0.0664768,0.131614,F
1588,1,HappyBirthday,686,9125.34,M,1,0.00232689,5.55975,1.30537,0.725458,F
1588,1,HappyBirthday,1332,1825,M,1,0.155146,0.25596,235.713,75.7829,F
1589,1,HappyBirthday,103,21535.5,F,1,0.000270498,0.269579,0.0678798,0.084062,F
1589,1,HappyBirthday,1210,3285,F,1,0.0496241,3.00753,11263,41.0821,F
1589,1,HappyBirthday,1362,1460,M,1,0.441669,0.144037,12.4793,191.968,F
1590,1,HappyBirthday,463,6935.81,M,1,0.00476372,2.03418,7.86893,1.50903,F
1590,1,HappyBirthday,1413,1095,F,1,0.402196,0.0248504,14972.1,583.505,F
1590,1,HappyBirthday,840,17520.7,F,1,0.0227021,0.42869,267.17,10.1972,F
1591,1,HappyBirthday,1126,4015,F,1,0.079918,2.30884,0.116992,25.8897,F
1591,1,HappyBirthday,983,25550.3,F,1,0.00274375,4.6881,4879.72,1.7234,F
1591,1,HappyBirthday,341,19345.2,F,1,0.00010938,0.480389,27.1342,0.034194,F
1591,1,HappyBirthday,1298,2190,F,1,0.0620732,0.0731786,46.8637,22.8433,F
1592,1,HappyBirthday,968,15695.5,F,1,0.00129951,1.38361,13708.3,0.683645,F
1592,1,HappyBirthday,99,14600.3,F,1,0.0208379,7.52081,2.76372,6.57469,F
1592,1,HappyBirthday,120,13505.8,F,1,2.36156e-06,0.360809,3516.3,0.003801,F
1592,1,HappyBirthday,1490,365,F,1,0.039564,0.0438922,18.3234,12.5906,F
1593,1,HappyBirthday,1491,365,M,1,0.00960763,0.409618,61059.6,107.011,F
1594,1,HappyBirthday,1414,1095,F,1,0.371179,2.40935,47.559,148.186,F
1594,1,HappyBirthday,1052,4745,M,1,0.000381351,0.909113,72.8257,0.119508,F
1594,1,HappyBirthday,811,21535.5,M,1,0.00250046,34.3278,93.2362,0.803063,F
1595,1,HappyBirthday,972,9125.7,M,1,0.0037328,4.3399,15421,2.0398,F
1595,1,HappyBirthday,160,9125.3,F,1,0.00568081,1.09223,39917.2,13.2232,F
1595,1,HappyBirthday,327,13870.8,M,1,0.00297532,2.7983,11.1588,0.97513,F
1595,1,HappyBirthday,351,6205.34,F,1,0.0170887,2.81889,11.8079,5.66421,F
1595,1,HappyBirthday,674,19710,M,1,0.0118907,0.309066,3226.92,18.5071,F
1595,1,HappyBirthday,1274,2555,M,1,0.569498,0.698159,2402.87,986.52,F
1596,1,HappyBirthday,418,15695.9,M,1,7.1527e-05,2.2194,12.2122,0.023624,F
1596,1,HappyBirthday,1365,1460,M,1,0.00847242,0.417023,123.703,3.20658,F
1596,1,HappyBirthday,1364,1460,M,1,0.143689,1.33817,117.103,56.1136,F
1596,1,Births,1529,0,M,0,0,0.151168,0,0,F
1597,1,HappyBirthday,1300,2190,F,1,0.00493678,0.0932964,171.533,1.85072,F
1597,1,HappyBirthday,1127,4015,M,1,0.00583685,0.24693,466.297,2.93513,F
1597,1,Births,1530,0,M,0,0,0.0307985,0,0,F
1598,1,HappyBirthday,1017,5110,F,1,0.00153383,1.13365,0.273052,0.477228,F
1598,1,HappyBirthday,1018,5110,F,1,0.00129071,8.30566,0.102877,0.401412,F
1598,1,HappyBirthday,1415,1095,F,1,0.241951,0.233478,2.66272,87.2078,F
1598,1,HappyBirthday,1453,730,F,1,0.000939449,0.0865678,110503,14.64,F
1599,1,HappyBirthday,1019,5110,F,1,0.000197329,0.900815,1855.03,0.0813039,F
1600,1,HappyBirthday,273,10950.5,F,1,0.0157656,2.20184,36.8517,5.19319,F
1600,1,HappyBirthday,280,6935.76,M,1,0.000108984,0.959644,39.9246,0.0393285,F
1600,1,HappyBirthday,343,7300.61,F,1,0.0487036,0.362062,0.0767223,15.5163,F
1600,1,HappyBirthday,1128,4015,F,1,0.0179835,0.183699,162.602,7.13462,F
1600,1,Births,1531,0,M,0,0,0.0577223,0,0,F
1601,1,HappyBirthday,364,29565.6,M,1,7.82907e-05,0.395865,4136.17,0.277955,F
1601,1,HappyBirthday,638,17520.7,F,1,0.0101907,0.314566,2.16338,3.21166,F
1602,1,HappyBirthday,88,26280,M,1,0.0630326,2.92859,19.3982,20.8956,F
1602,1,HappyBirthday,1416,1095,M,1,0.0069755,2.89985,360.971,2.73606,F
1603,1,HappyBirthday,973,8030.15,M,1,0.014773,1.05278,22701.5,9.92572,F
1603,1,HappyBirthday,1129,4015,F,1,0.0680929,0.785648,0.0595458,21.9206,F
1603,1,HappyBirthday,1366,1460,M,1,0.000784552,0.21211,26.2322,0.254793,F
1604,1,HappyBirthday,1245,2920,M,1,0.0104686,0.149644,1181.23,17.6904,F
1604,1,HappyBirthday,1367,1460,M,1,0.0601215,0.207155,80863.7,141.507,F
1604,1,HappyBirthday,149,13505.5,M,1,0.0199943,4.54224,30.6644,6.54149,F
1604,1,HappyBirthday,982,7300.29,M,1,0.00134214,0.0886824,33.7303,0.428932,F
1604,1,HappyBirthday,791,13870.7,M,1,0.00179009,22.1632,9.82974,0.575657,F
1605,1,HappyBirthday,432,16790.7,F,1,0.0598025,0.995443,39.1884,19.3669,F
1607,1,HappyBirthday,126,8395.43,M,1,0.13263,0.0921178,0.443968,44.2211,F
1607,1,HappyBirthday,894,8395.51,F,1,0.00957036,1.8246,167.592,4.80964,F
1608,1,HappyBirthday,86,11316,M,1,0.00131276,0.435947,9210.39,8.5624,F
1608,1,HappyBirthday,1167,3650,F,1,0.0184888,1.13721,7354.48,20.7386,F
1609,1,HappyBirthday,1417,1095,M,0,0,0.0102176,0,0,F
1610,1,HappyBirthday,37,29200.8,F,1,0.00430407,2.8622,14.3928,1.36619,F
1610,1,HappyBirthday,206,12775.3,F,1,0.066852,5.65552,231.76,22.1087,F
1610,1,HappyBirthday,265,11315.6,F,1,0.00172663,0.22028,65.2821,0.547009,F
1610,1,HappyBirthday,1493,365,F,1,0.568616,0.0170252,4786.59,1750.22,F
1611,1,HappyBirthday,669,5840.37,F,1,0.000653407,0.220236,19.3317,0.21017,F
1611,1,HappyBirthday,1246,2920,F,1,0.00804466,0.171126,324.182,2.92271,F
1611,1,HappyBirthday,853,6935.12,F,1,0.000400589,0.109932,3.09119,0.12513,F
1612,1,HappyBirthday,106,8030.32,F,1,0.00456665,0.930418,0.0833056,1.42272,F
1612,1,HappyBirthday,468,29565.9,M,1,0.00206691,0.401866,0.535309,0.643001,F
1612,1,HappyBirthday,1494,365,F,1,0.0799239,0.500894,5091.01,82.7855,F
1613,1,HappyBirthday,54,11315.1,F,1,0.00345855,1.40068,0.0297968,1.07672,F
1613,1,HappyBirthday,346,6570.97,M,1,0.00109717,5.90986,0.135241,0.341243,F
1613,1,HappyBirthday,692,15695.8,M,1,0.00918583,2.30863,9.09473,2.87088,F
1613,1,Births,1532,0,M,0,0,0.0579057,0,0,F
1614,1,HappyBirthday,609,13140.8,M,1,0.000204917,1.33976,0.0575172,0.0637392,F
1614,1,Births,1533,0,F,0,0,0.0201247,0,0,F
1615,1,HappyBirthday,20,8030.25,M,1,0.0219785,17.197,31.2804,7.27266,F
1615,1,Births,1534,0,M,0,0,0.0808177,0,0,F
1616,1,HappyBirthday,91,8030.69,F,1,0.000888587,0.362965,14.8447,0.282676,F
1616,1,HappyBirthday,1277,2555,M,1,0.00907741,3.86548,283.078,3.04,F
1616,1,HappyBirthday,1211,3285,F,1,0.00476432,0.903255,366.081,2.06844,F
1616,1,HappyBirthday,1130,4015,F,1,0.000217819,0.860664,23.6442,0.0721682,F
1617,1,HappyBirthday,1333,1825,M,1,0.00102266,1.09959,35.9922,0.365666,F
1617,1,HappyBirthday,354,18250.7,F,1,0.00587727,2.50248,4.85408,1.83297,F
1618,1,HappyBirthday,208,6935.13,M,1,0.439613,2.27107,1.47062,181.028,F
1618,1,HappyBirthday,420,14600.5,M,1,0.000939829,0.0423788,1.04e-05,0.292355,F
1618,1,HappyBirthday,469,10585.4,F,1,0.00242239,2.27642,2.63006,0.76031,F
1619,1,HappyBirthday,143,10585.7,M,1,4.08901e-05,0.0299464,975.306,0.0550286,F
1619,1,HappyBirthday,331,6570.01,F,1,0.0418536,0.238077,5.45778,13.2974,F
1619,1,HappyBirthday,365,5840.24,F,1,0.488201,2.17704,5.76014,210.341,F
1619,1,HappyBirthday,620,22265.3,M,1,0.0411478,1.05156,0.114773,13.0587,F
1619,1,HappyBirthday,834,22265.4,M,1,0.0257231,0.189243,0.52548,8.12029,F
1620,1,HappyBirthday,165,27375.6,F,1,0.0337171,3.93236,229.81,11.2484,F
1620,1,HappyBirthday,1020,5110,M,1,0.0268562,0.273856,0.71994,8.46151,F
1621,1,HappyBirthday,1054,4745,M,1,0.0418772,2.14869,20.8804,13.7784,F
1621,1,HappyBirthday,427,9125.45,F,1,0.0579917,0.807352,243.923,19.3899,F
1621,1,HappyBirthday,1454,730,F,1,0.175661,11.062,56806.7,792.698,F
1621,1,Births,1535,0,M,0,0,0.0715017,0,0,F
1622,1,HappyBirthday,1279,2555,M,1,0.575778,0.110828,3.56534,266.862,F
1622,1,HappyBirthday,123,26645.9,F,1,0.000167572,9.56751,13.1679,0.0530552,F
1622,1,HappyBirthday,191,27375.5,M,1,0.0734734,1.28521,1.0767,23.7459,F
1622,1,HappyBirthday,1280,2555,F,1,0.199569,0.178258,8483.15,361.376,F
1622,1,HappyBirthday,1495,365,F,1,0.178816,0.19604,6351.41,1072.33,F
1622,1,HappyBirthday,760,9490.37,M,1,0.000631287,1.45136,1795.69,0.826637,F
1623,1,HappyBirthday,578,8030.4,F,1,0.000978668,4.88711,1.74e-05,0.304177,F
1623,1,HappyBirthday,735,11315.7,M,1,0.00760688,0.0862961,16.336,2.43881,F
1624,1,HappyBirthday,1419,1095,F,1,0.00303259,0.22476,17314.2,3.09419,F
1625,1,HappyBirthday,494,9490.02,F,1,0.00040174,0.37369,23.0251,0.128833,F
1626,1,HappyBirthday,405,6570.17,F,1,0.00159081,31.4793,3.74351,0.494809,F
1627,1,HappyBirthday,48,13505.2,M,1,0.000195954,0.899343,0.0081468,0.060934,F
1627,1,HappyBirthday,1455,730,F,1,0.000838415,0.145675,6.44145,0.262953,F
1627,1,HappyBirthday,1334,1825,M,1,0.00412353,0.706094,21.5613,1.32138,F
1628,1,HappyBirthday,129,14600.6,F,1,0.00501548,3.18754,9.01144,1.63343,F
1628,1,HappyBirthday,532,8760.95,M,1,0.0086686,3.03967,177.829,4.69864,F
1628,1,HappyBirthday,1247,2920,M,1,0.231337,0.0688195,1438.08,420.053,F
1628,1,HappyBirthday,1496,365,M,1,0.0123079,0.0275213,109491,94.5942,F
1629,1,HappyBirthday,75,15330.5,M,1,0.00116178,0.735097,1.27186,0.361403,F
1629,1,HappyBirthday,429,18250.4,M,1,0.000266364,0.347296,14.5763,0.086534,F
1629,1,HappyBirthday,589,12775.6,F,1,0.0324917,8.81949,0.569875,10.2695,F
1629,1,HappyBirthday,850,27010.6,F,1,0.00649692,0.326269,0.292213,2.02619,F
1630,1,HappyBirthday,1456,730,F,1,0.0175694,0.120901,26.6241,5.88584,F
1630,1,HappyBirthday,1303,2190,M,1,0.0665302,10.6721,35.9205,22.4902,F
1631,1,HappyBirthday,1335,1825,F,1,0.000835595,0.155238,142.028,0.312558,F
1631,1,HappyBirthday,1281,2555,F,1,0.144794,4.27398,8.75564,50.5814,F
1632,1,HappyBirthday,213,10950.8,M,1,0.00981212,0.0358895,157.332,3.92941,F
1632,1,HappyBirthday,529,15330.2,F,1,0.000319782,0.336555,904.142,0.115062,F
1633,1,HappyBirthday,1131,4015,F,1,0.0232773,0.161506,2.76183,7.34242,F
1633,1,HappyBirthday,409,9490.74,F,1,0.918722,0.36658,104.962,823.352,F
1633,1,HappyBirthday,523,10585.8,M,1,0.0704085,10.6207,378.679,24.7605,F
1633,1,HappyBirthday,1213,3285,M,1,0.539389,0.565491,0.345522,241.202,F
1634,1,HappyBirthday,603,12045.7,F,1,7.08803e-06,0.35176,22.9136,0.0022388,F
1635,1,HappyBirthday,1132,4015,F,1,0.0112131,0.126077,66.1469,3.60237,F
1635,1,HappyBirthday,875,6205.02,F,1,0.0395133,2.42298,1.92781,12.6119,F
1635,1,HappyBirthday,1282,2555,M,1,0.0613842,3.36647,56.7518,21.8634,F
1637,1,HappyBirthday,491,30295.2,M,1,0.00855301,1.5034,19.3133,2.6744,F
1637,1,HappyBirthday,591,6205.02,F,1,0.0237525,1.95042,33.0156,7.88893,F
1638,1,HappyBirthday,347,8030.28,M,1,0.000155475,0.801652,2.48481,0.0487252,F
1638,1,HappyBirthday,1134,4015,M,1,0.000332698,0.539621,96.1212,0.107826,F
1639,1,HappyBirthday,399,7665.48,M,1,0.000262811,1.39262,1.22e-05,0.0816448,F
1640,1,HappyBirthday,1283,2555,F,1,0.00213633,0.15152,14.0662,0.694151,F
1640,1,HappyBirthday,611,10220.9,M,1,0.0324307,0.258472,0.807109,10.2461,F
1641,1,HappyBirthday,145,13140.6,M,1,0.0121017,1.69605,0.0470536,3.78376,F
1641,1,HappyBirthday,556,9855.43,M,1,0.00121164,0.131286,1801,0.505241,F
1641,1,HappyBirthday,903,13505.5,F,1,0.0788183,9.29785,4.11423,25.8909,F
1642,1,HappyBirthday,274,6935.91,F,1,7.97665e-06,3.21788,1316.98,0.00730166,F
1642,1,HappyBirthday,1248,2920,F,1,0.000873646,2.70252,5848.28,2.11907,F
1643,1,HappyBirthday,1305,2190,M,1,0.00626969,0.121935,127.855,2.12098,F
1643,1,HappyBirthday,1306,2190,M,1,0.000359598,0.0100904,18714.9,2.86106,F
1644,1,HappyBirthday,412,8395.56,F,1,0.000224688,0.817254,2.886,0.070102,F
1644,1,HappyBirthday,909,22265.9,M,1,0.000238831,0.196081,3.64016,0.0750034,F
1645,1,HappyBirthday,222,11315.6,M,1,0.000146946,0.397544,0.841216,0.0457676,F
1645,1,HappyBirthday,1215,3285,F,1,0.198595,0.170475,36428.7,1173.03,F
1645,1,HappyBirthday,1337,1825,M,1,0.00431222,1.88196,232.327,1.38477,F
1645,1,HappyBirthday,1369,1460,M,1,0.00660302,0.0557415,26.5841,2.334,F
1646,1,HappyBirthday,1216,3285,F,1,0.00263843,3.0882,29.9589,0.858319,F
1647,1,HappyBirthday,1420,1095,M,1,0.0626793,0.0184512,0.000578176,20.1144,F
1647,1,Births,1536,0,F,0,0,0.0106931,0,0,F
1648,1,HappyBirthday,1421,1095,M,1,0.00225551,0.340349,3.78594,0.715359,F
1648,1,HappyBirthday,446,7300.5,F,1,0.435578,8.47398,137.624,266.485,F
1649,1,HappyBirthday,1497,365,M,0,0,0.00475143,0,0,F
1649,1,HappyBirthday,1055,4745,F,1,0.000148011,4.40703,34038.4,0.147462,F
1649,1,HappyBirthday,805,6935.63,M,1,0.00230525,2.82617,0.0545649,0.717213,F
1652,1,HappyBirthday,358,15695.5,M,1,0,3.44068,0.0265544,0,F
1652,1,HappyBirthday,661,16425.6,F,1,0.00218324,9.25661,8.07571,0.703012,F
1652,1,HappyBirthday,683,9490.44,M,1,0.00140359,2.56469,0.0011936,0.436478,F
1652,1,HappyBirthday,758,9855.9,M,1,0.00867224,0.148742,32.9291,2.73262,F
1652,1,HappyBirthday,1217,3285,F,1,0.143909,0.244392,233.136,68.1379,F
1653,1,HappyBirthday,316,13870.3,F,1,0.178531,4.35889,1.70224,61.1738,F
1653,1,HappyBirthday,1422,1095,M,1,0.912822,0.0661948,7.84362,767.254,F
1653,1,HappyBirthday,684,6205.42,F,1,0.00148222,0.0609119,27.4962,0.461698,F
1653,1,Births,1537,0,F,0,0,0.00570663,0,0,F
1654,1,HappyBirthday,1370,1460,M,1,0.0328021,0.0327625,133668,292.389,F
1655,1,HappyBirthday,1458,730,F,1,0.692714,0.0149702,0.609242,367.73,F
1655,1,HappyBirthday,981,9125.41,M,0,0,0.0130858,0,0,F
1655,1,HappyBirthday,676,8395.29,M,1,0.0609475,0.0513277,0.675999,19.6079,F
1655,1,HappyBirthday,1457,730,F,1,0.0140524,0.222347,51647.6,134.37,F
1655,1,Births,1538,0,F,0,0,0.584236,0,0,F
1656,1,HappyBirthday,1423,1095,F,1,0.000733094,0.160753,142.848,0.285004,F
1656,1,HappyBirthday,119,12410.8,M,1,9.79282e-05,2.85179,0.023502,0.0304916,F
1656,1,HappyBirthday,1168,3650,F,1,0.000738632,0.0755093,25.5734,0.251578,F
1656,1,HappyBirthday,407,8760.95,F,1,0.00909233,0.0446254,11.9201,2.8944,F
1656,1,HappyBirthday,610,6570.96,M,1,0.0310587,0.155304,40.8716,10.4166,F
1656,1,HappyBirthday,728,5475.24,F,1,0.00192994,1.49663,165.564,0.612234,F
1656,1,HappyBirthday,792,22265.1,M,1,0.00932415,1.59473,0.0003182,2.9107,F
1657,1,HappyBirthday,528,5475.31,M,1,0.0120387,0.836446,60.0119,4.10102,F
1658,1,HappyBirthday,132,8760.94,M,1,0.0329607,1.42727,573.843,10.7702,F
1658,1,HappyBirthday,1459,730,M,1,0.0627468,3.85379,10.5222,20.8496,F
1658,1,HappyBirthday,924,7665.97,F,1,0.00303273,3.25162,1021.38,1.71384,F
1659,1,HappyBirthday,1308,2190,M,1,0,0.269272,153.016,0,F
1659,1,HappyBirthday,215,18615.4,M,1,0.000214415,0.693468,78.5421,0.0846588,F
1659,1,HappyBirthday,524,6570.05,F,1,0.0367264,3.34355,0.0343066,11.6291,F
1660,1,HappyBirthday,46,29200.1,F,1,5.55419e-05,0.784824,11965.4,0.0433484,F
1660,1,HappyBirthday,292,31025.4,F,1,0.00188581,0.531515,20.8069,0.600434,F
1660,1,HappyBirthday,1424,1095,M,1,0.034154,0.722622,56.7791,11.4718,F
1660,1,HappyBirthday,361,8030.83,M,1,0.00890424,0.433488,1865.5,3.32712,F
1660,1,HappyBirthday,1136,4015,F,1,0.000326828,1.49348,10134.4,1.31653,F
1661,1,HappyBirthday,305,20805.3,M,1,0.00350186,0.911643,7.43122,1.12349,F
1661,1,HappyBirthday,320,20440.2,M,1,0,0.966941,72.3253,0,F
1661,1,HappyBirthday,1250,2920,M,1,0.0216604,0.124891,2122.84,29.1094,F
1661,1,HappyBirthday,864,6935.78,F,1,0.00653465,0.721027,0.404777,2.03839,F
1661,1,HappyBirthday,1371,1460,F,1,0.00274112,0.0862335,7.0791,0.862318,F
1662,1,HappyBirthday,474,22995.6,M,1,0.0813165,7.30837,16.9843,26.8746,F
1662,1,HappyBirthday,958,11680.4,F,1,2.42683e-05,3.39402,3498.12,0.0165854,F
1662,1,HappyBirthday,1339,1825,F,1,0.00252916,0.0439549,23644.7,1.72126,F
1663,1,HappyBirthday,1137,4015,M,1,0.000297834,0.11626,2927.9,0.0930747,F
1663,1,HappyBirthday,334,7665.68,F,1,0.0102328,0.427691,2.95191,3.20539,F
1664,1,HappyBirthday,1218,3285,F,1,0.0902112,0.11984,424.614,47.2649,F
1664,1,HappyBirthday,443,5840.94,M,1,0.0311203,0.0837378,75.5499,11.0699,F
1664,1,Births,1539,0,M,0,0,0.0213926,0,0,F
1665,1,HappyBirthday,1340,1825,M,1,0.20838,1.00011,1987.98,126.339,F
1666,1,HappyBirthday,1309,2190,M,1,0.00147576,0.049967,38.0095,0.544736,F
1666,1,HappyBirthday,1093,4380,M,1,0.0217174,3.83142,0.0134964,6.8249,F
1666,1,HappyBirthday,878,9855.77,F,1,0.0861415,0.773711,0.0949384,28.0054,F
1667,1,HappyBirthday,1023,5110,M,1,0.0147167,6.37933,0.0119149,4.60749,F
1667,1,HappyBirthday,690,8395.52,M,1,0.000947608,0.907734,0.0034926,0.294618,F
1667,1,HappyBirthday,1310,2190,M,1,0.192782,0.78499,1782.24,77.9514,F
1667,1,HappyBirthday,782,13870.4,F,1,0.0406244,2.97806,151.04,13.5785,F
1668,1,HappyBirthday,270,9855.31,M,1,0.00128376,6.31883,1.19286,0.399491,F
1668,1,HappyBirthday,694,11680.1,F,1,0.000465552,5.90217,229.574,0.273954,F
1668,1,HappyBirthday,1372,1460,F,1,0.0131255,35.5422,944.644,9.4922,F
1669,1,HappyBirthday,1311,2190,M,1,0.000312928,0.0779805,0,0.0972773,F
1669,1,HappyBirthday,517,10220.1,M,1,0.000951179,0.260267,574.704,0.349553,F
1671,1,HappyBirthday,115,9490.11,M,0,0,0.0302511,0,0,F
1671,1,HappyBirthday,1139,4015,F,1,0.595926,8.93671,10.0508,282.065,F
1671,1,HappyBirthday,1057,4745,M,1,0.0003142,0.277337,3.7087e-05,0.0975989,F
1672,1,HappyBirthday,166,12775.9,M,1,0.00143036,32.298,0.163919,0.445029,F
1672,1,HappyBirthday,298,6570.99,F,1,0.0754415,0.479915,20.2068,25.5123,F
1673,1,HappyBirthday,1498,365,M,1,0.0830614,0.0754489,13526.9,36.302,F
1673,1,HappyBirthday,577,8030.34,F,1,0.000290639,1.74105,1.02251,0.0905044,F
1674,1,HappyBirthday,962,12410.5,F,1,0.000656037,0.834869,7337.53,0.628731,F
1674,1,HappyBirthday,814,12775.8,M,1,0.0328257,0.296237,0.0076326,10.3727,F
1675,1,HappyBirthday,1499,365,M,1,0.00291169,0.148875,86.2319,1.03443,F
1675,1,HappyBirthday,183,21170,F,1,0.00053588,0.922629,0.0066828,0.166656,F
1675,1,HappyBirthday,1341,1825,F,1,0.00514577,0.0200481,15321.9,50.0695,F
1675,1,HappyBirthday,1220,3285,F,1,0.157211,0.189073,1216.82,131.226,F
1675,1,HappyBirthday,1001,6205.75,M,1,0.077508,1.70022,9.85865,25.0756,F
1677,1,HappyBirthday,140,8030.42,M,1,0.00245379,4.8306,15.5989,0.772606,F
1677,1,HappyBirthday,667,18615.7,M,1,0.0016601,0.701017,0.210339,0.516553,F
1677,1,HappyBirthday,1095,4380,M,1,0.00486566,0.49376,0.543422,1.5199,F
1678,1,HappyBirthday,41,6205.96,M,1,0.00088353,0.024143,6.38154e-05,0.274722,F
1678,1,HappyBirthday,1460,730,F,1,0.00175212,0.389256,822.919,1.37518,F
1679,1,HappyBirthday,95,10220.8,M,1,0.0246823,0.78837,0.187795,7.76874,F
1679,1,HappyBirthday,301,15330.4,M,1,0.0161895,0.56605,3.69558,5.09179,F
1679,1,HappyBirthday,360,5475.8,F,1,0.000826067,0.0754364,131.329,0.26777,F
1679,1,HappyBirthday,630,16790.1,F,1,0.0362982,0.768364,58.4022,11.5268,F
1679,1,HappyBirthday,743,30295,F,1,0.00320032,1.9772,2503.72,4.55963,F
1680,1,HappyBirthday,1426,1095,F,1,0.0463279,0.255794,14847,47.0902,F
1680,1,HappyBirthday,1096,4380,M,1,0.045198,0.314561,1.55291,14.4319,F
1680,1,HappyBirthday,147,11315.8,M,1,0.699746,0.669773,25.6743,381.807,F
1680,1,HappyBirthday,1058,4745,M,1,9.97202e-05,1.25314,28.7386,0.0322128,F
1680,1,HappyBirthday,1252,2920,F,1,0.0053788,0.382799,2.62806,1.69795,F
1681,1,HappyBirthday,43,21535.9,F,1,0.000549592,0.108407,28.6472,0.171337,F
1681,1,HappyBirthday,188,9125.07,M,1,0.0452534,1.63294,327.365,21.741,F
1681,1,HappyBirthday,750,10585.6,F,1,0.00310897,0.592853,2.02632,0.967895,F
1681,1,HappyBirthday,1500,365,M,1,0.116927,1.40965,67347.9,1267.11,F
1682,1,HappyBirthday,1172,3650,M,1,0.00704947,13.1911,171.968,3.77918,F
1682,1,HappyBirthday,1427,1095,M,1,3.10688e-05,0.024564,172296,0.297581,F
1682,1,HappyBirthday,332,9855.43,F,1,0,1.61554,8796.93,0,F
1682,1,HappyBirthday,345,5840.31,F,1,0.0144044,0.41866,97.464,5.38834,F
1682,1,HappyBirthday,419,16425.8,F,1,0.00283325,1.01406,0.0173956,0.881455,F
1682,1,HappyBirthday,1097,4380,F,1,0.146828,0.129613,35.1711,49.4895,F
1683,1,HappyBirthday,756,28105.8,M,1,0.0434847,0.01368,1.53497,13.8295,F
1684,1,HappyBirthday,40,27375.5,M,1,0.0059675,14.184,0.420814,1.86248,F
1684,1,HappyBirthday,1374,1460,F,1,0.00347097,1.13239,6952.2,3.62708,F
1684,1,HappyBirthday,530,13140,F,1,0.0123568,2.628,0.896505,3.86524,F
1685,1,HappyBirthday,414,9855.68,M,1,0.00420662,0.420507,0.109414,1.30985,F
1685,1,HappyBirthday,1253,2920,F,1,0.00241437,1.84875,0.0248523,0.751604,F
1685,1,HappyBirthday,719,25550.4,F,1,0.0592137,1.15067,28.1863,18.9888,F
1685,1,Births,1540,0,F,0,0,0.026736,0,0,F
1686,1,HappyBirthday,168,17885.8,F,1,0.00347238,0.458574,0.0429024,1.08133,F
1686,1,HappyBirthday,258,6570.25,F,1,0.143554,0.0956143,12.357,48.2681,F
1686,1,HappyBirthday,391,15695.8,M,1,0.00120709,0.836336,0.029842,0.375385,F
1686,1,HappyBirthday,1254,2920,F,1,0.00324063,0.0872636,14.8934,1.08165,F
1687,1,HappyBirthday,227,8395.38,M,1,0.0121146,0.88266,3.34093,3.83137,F
1688,1,HappyBirthday,244,14235,M,1,0.0176619,0.32769,0.599481,5.54763,F
1688,1,HappyBirthday,914,8760.3,F,1,0.0058387,11.4883,274.531,2.43882,F
1689,1,HappyBirthday,477,7665.56,F,1,0.000216741,10.8679,12.6734,0.068791,F
1689,1,HappyBirthday,553,6570.5,F,1,0.0127136,0.194111,102.498,3.98578,F
1690,1,HappyBirthday,1461,730,F,1,0.00158322,0.431956,34.4439,0.578073,F
1690,1,HappyBirthday,733,5840.93,F,1,3.06814e-06,5.47945,4100.97,0.00551152,F
1690,1,HappyBirthday,922,8760.21,M,1,0.000204913,0.167663,61.294,0.0661694,F
1691,1,HappyBirthday,2,7300.57,F,1,0.0853629,0.931898,477.505,45.5771,F
1691,1,HappyBirthday,1313,2190,F,1,0.05455,0.142241,50.5064,18.9323,F
1691,1,HappyBirthday,74,9490.48,M,1,0.0219737,0.108389,667.563,13.2645,F
1691,1,HappyBirthday,1428,1095,M,1,0.682468,0.0195709,2886.89,1145.24,F
1691,1,HappyBirthday,1060,4745,M,1,0.0021566,0.0850353,977.192,1.74165,F
1691,1,Births,1541,0,M,0,0,0.0325535,0,0,F
1692,1,HappyBirthday,73,9490.51,M,1,0.0140263,0.382267,35.8444,4.40717,F
1692,1,HappyBirthday,498,6570.25,F,1,0.00551946,0.108313,2.54723,1.72459,F
1692,1,HappyBirthday,511,15330.4,M,1,7.34055e-05,4.28789,1388.65,0.0289236,F
1693,1,HappyBirthday,219,31390,M,1,0.103479,29.1643,1.29646,33.9941,F
1693,1,HappyBirthday,1222,3285,M,1,0.0408457,1.16454,5004.27,13.1693,F
1694,1,HappyBirthday,937,32120.9,M,1,1.07507e-05,0.821411,51587.8,0.0263604,F
1695,1,HappyBirthday,170,11315,M,1,0.000960234,8.33985,21.6544,0.299155,F
1697,1,HappyBirthday,172,14965.5,M,1,0.0072112,0.230832,3517.05,3.70746,F
1698,1,HappyBirthday,1061,4745,M,1,0.000334845,0.0873629,0.708219,0.104085,F
1698,1,HappyBirthday,798,7665.05,M,1,0.000589765,0.79371,1.37181,0.183289,F
1699,1,HappyBirthday,1501,365,F,1,0.681487,0.688665,3513.12,1060.9,F
1699,1,HappyBirthday,977,13870.2,F,1,0.0096778,1.56246,131.057,3.66745,F
1700,1,HappyBirthday,1429,1095,F,1,0.210052,0.151307,660.359,227.686,F
1700,1,HappyBirthday,1140,4015,M,1,0.573855,0.203451,31.4765,287.825,F
1700,1,HappyBirthday,1099,4380,M,1,0.00481079,0.497818,16.3632,1.50142,F
1702,1,HappyBirthday,1285,2555,M,1,0.0328797,0.376641,103.75,11.9175,F
1702,1,HappyBirthday,1027,5110,F,1,0.00153404,3.8807,21.6795,0.492471,F
1703,1,HappyBirthday,1141,4015,F,1,0.00163719,0.98439,1.96765,0.513667,F
1704,1,HappyBirthday,1223,3285,M,1,0.00122549,8.69362,36.8002,0.398855,F
1704,1,HappyBirthday,229,6935.7,M,1,0.0630639,0.585263,2750.58,91.2278,F
1704,1,HappyBirthday,547,22265.3,F,1,0.000175082,0.820851,1611.07,0.104275,F
1705,1,HappyBirthday,1342,1825,M,1,0.00200362,0.250351,39.0464,0.65851,F
1705,1,HappyBirthday,180,9855.75,F,1,0.0170365,20.5771,987.227,11.6027,F
1706,1,HappyBirthday,1102,4380,F,1,0.0768735,0.0500775,58.7343,28.6668,F
1706,1,HappyBirthday,176,18250.9,M,1,0.102476,0.530433,40.0199,39.2264,F
1706,1,HappyBirthday,1375,1460,M,1,0.0641126,3.0653,205.05,20.8342,F
1706,1,HappyBirthday,1376,1460,M,0,0,0.00426761,0,0,F
1707,1,HappyBirthday,197,5475.37,F,1,0.021534,2.97717,2.58335,6.77,F
1707,1,HappyBirthday,290,9125.21,M,1,0.0190928,4.09157,1.45357,5.99341,F
1707,1,HappyBirthday,1255,2920,F,1,0.857484,0.53734,47.4054,666.394,F
1707,1,HappyBirthday,1286,2555,M,1,0.00877583,0.295626,1541.72,3.72693,F
1707,1,HappyBirthday,888,15330.3,F,1,7.86733e-05,0.817472,8753.41,0.291287,F
1708,1,HappyBirthday,234,5840.39,M,1,0.0479016,7.44663,3.71956,15.2652,F
1708,1,HappyBirthday,326,8030.77,F,1,0.00981973,0.0297211,0.0045794,3.06716,F
1709,1,HappyBirthday,8,12410.9,F,1,0.00162103,0.283867,2.3942,0.506183,F
1709,1,HappyBirthday,1224,3285,M,1,0.0121663,0.499533,2.39219,3.80415,F
1709,1,HappyBirthday,931,9855.69,M,1,0.032388,0.404687,0.46692,10.2467,F
1709,1,HappyBirthday,828,26645.5,M,1,0.00101711,1.01951,133.403,0.319857,F
1709,1,HappyBirthday,884,5475.69,M,1,0.00198172,0.710616,412.816,0.642679,F
1710,1,HappyBirthday,1029,5110,F,1,0.0875927,0.369775,141.85,38.7107,F
1711,1,HappyBirthday,1287,2555,M,1,0.0905975,0.881557,22.9508,32.5932,F
1712,1,HappyBirthday,189,10950.2,M,1,0.000416965,5.08147,446.863,0.135105,F
1713,1,HappyBirthday,1103,4380,F,1,0.052548,1.83038,8.40306,17.323,F
1713,1,HappyBirthday,1462,730,M,1,0.0740379,0.776545,3569.99,32.2227,F
1713,1,HappyBirthday,1430,1095,M,1,0.143502,0.719844,335.495,106.432,F
1714,1,HappyBirthday,435,6570.91,F,1,0.0927478,2.25923,0.877166,30.2521,F
1714,1,HappyBirthday,442,5475.83,M,1,0.0182251,0.0199865,125.236,6.79639,F
1714,1,HappyBirthday,560,30295.3,F,1,0.000962446,1.15137,0.609138,0.299559,F
1714,1,HappyBirthday,605,17155.7,F,1,0.0494504,0.230024,553.348,28.8985,F
1714,1,Births,1542,0,F,0,0,0.0380212,0,0,F
1715,1,HappyBirthday,745,10950.9,F,1,0.00150405,0.380826,4.13215,0.468153,F
1716,1,HappyBirthday,489,7300.96,F,1,0,0.0537212,0.784631,0,F
1717,1,HappyBirthday,1378,1460,F,1,0.0150654,3.36398,286.327,5.57531,F
1717,1,HappyBirthday,1062,4745,M,1,0.0139191,0.205264,2691.52,22.5266,F
1718,1,HappyBirthday,570,6570.07,M,1,0.000856236,3.49906,0.0117887,0.266335,F
1718,1,HappyBirthday,815,13870.2,F,1,0.0577875,0.576092,9.64914,18.8962,F
1718,1,HappyBirthday,1064,4745,M,1,9.59886e-05,0.857834,8.30272,0.0297493,F
1718,1,HappyBirthday,934,14600.9,F,1,0.000346894,2.19709,9.00382,0.108904,F
1719,1,HappyBirthday,100,10220.7,M,1,0,6.14175,0.22046,0,F
1719,1,HappyBirthday,1104,4380,M,1,0.00517837,1.9006,13.0595,1.64952,F
1719,1,HappyBirthday,597,15695.8,F,1,0.00596651,1.96685,4.41705,1.86851,F
1720,1,HappyBirthday,1463,730,M,1,0.00152398,0.0953752,0.833806,0.47628,F
1720,1,HappyBirthday,1314,2190,F,1,0.00171822,0.448756,181.216,0.671424,F
1720,1,HappyBirthday,1030,5110,F,1,0.0244269,5.05119,72.7167,7.81644,F
1720,1,HappyBirthday,776,10220.5,M,1,0.000881713,2.81712,0.024006,0.273959,F
1720,1,HappyBirthday,831,26645.7,F,1,0.000407318,0.225812,0.420974,0.126591,F
1722,1,HappyBirthday,1288,2555,M,1,0.103416,0.786763,83.512,38.0883,F
1722,1,HappyBirthday,848,17520.9,M,1,0.000118758,0.293809,0.0793214,0.0369052,F
1723,1,Births,1543,0,M,0,0,0.135561,0,0,F
1724,1,HappyBirthday,460,13140.1,F,0,0,0.0406761,0,0,F
1724,1,HappyBirthday,533,21900.1,M,1,5.36523e-05,0.354757,0.234209,0.0166376,F
1724,1,HappyBirthday,1031,5110,M,1,0.00553135,0.0537625,0.0175709,1.72369,F
1725,1,HappyBirthday,395,18980.4,F,1,0.0377984,0.604835,119.46,12.0177,F
1726,1,HappyBirthday,101,14965.4,F,1,0.00679127,1.49314,1.67938,2.12986,F
1726,1,HappyBirthday,400,10221,F,1,0.050887,0.749102,187.408,16.6845,F
1726,1,HappyBirthday,558,8395.64,F,1,0.03065,0.206593,90.9261,10.9084,F
1726,1,HappyBirthday,1503,365,M,1,1.95927e-06,0.275859,2.77599,0.000629501,F
1726,1,HappyBirthday,920,16425.1,M,1,1.07239e-06,0.240083,6276.69,0.0027254,F
1727,1,HappyBirthday,299,17520.1,M,1,4.05996e-05,0.890597,0.412959,0.0126312,F
1727,1,HappyBirthday,912,26280.4,F,1,0.00638598,0.552021,0.0283056,1.99071,F
1728,1,HappyBirthday,150,9855.18,F,1,0.00709587,2.23686,548.498,3.21458,F
1728,1,HappyBirthday,1379,1460,M,1,0.105593,0.903061,30.7577,36.4952,F
1728,1,HappyBirthday,1175,3650,M,1,0.00326836,0.230148,2.24191,1.01763,F
1729,1,HappyBirthday,966,22630.4,M,1,3.45344e-05,0.341042,8802.96,0.111468,F
1729,1,HappyBirthday,324,25185.9,M,1,0.000225063,0.321399,12.792,0.0743484,F
1729,1,HappyBirthday,472,21900,F,1,0.00138684,0.311802,0.114922,0.431509,F
1729,1,HappyBirthday,501,8030.37,M,1,0.176377,1.19726,2022.7,63.7247,F
1729,1,HappyBirthday,621,14965.9,F,1,5.66507e-05,5.68839,6.24429,0.018063,F
1730,1,HappyBirthday,262,6205.28,M,1,2.87602e-05,11.3131,3.09628,0.00900578,F
1730,1,HappyBirthday,372,16425.4,M,1,0.000485108,0.42995,27.6367,0.153458,F
1730,1,HappyBirthday,1431,1095,F,1,0.521884,0.161483,32561.3,1121.78,F
1730,1,HappyBirthday,502,5840.2,F,1,0.00482486,0.0867177,526.106,2.11705,F
1731,1,HappyBirthday,1432,1095,M,1,0.321802,0.238664,12.0049,123.674,F
1732,1,HappyBirthday,107,15695.2,F,1,0.00968389,0.0655782,0.0024094,3.02432,F
1732,1,HappyBirthday,584,16425.8,F,1,0,0.0843771,0.0225854,0,F
1732,1,HappyBirthday,647,7665.15,M,1,0.000899005,12.5226,18.6902,0.284964,F
1732,1,HappyBirthday,1257,2920,F,1,0.0685328,1.77487,2.52333,22.1543,F
1733,1,HappyBirthday,1143,4015,F,1,0.624474,0.257409,30.2207,316.703,F
1733,1,HappyBirthday,832,13140.2,F,1,0.0633538,0.538235,489.083,33.4596,F
1734,1,HappyBirthday,137,11680,M,1,0.00023001,0.117588,3780.6,0.170274,F
1734,1,HappyBirthday,263,11680.7,M,1,0.000439162,0.373124,0,0.136439,F
1734,1,HappyBirthday,1381,1460,F,1,0.0797408,0.279333,5570.15,30.0058,F
1734,1,HappyBirthday,863,18615.6,M,1,0.0167065,0.775007,66.0644,5.26109,F
1735,1,HappyBirthday,1105,4380,F,1,0.000675841,2.02095,262.156,0.288306,F
1736,1,HappyBirthday,1066,4745,F,1,0.00970231,0.58435,3761.99,15.0014,F
1736,1,HappyBirthday,526,11315.5,M,1,0.0528536,0.117516,73.3347,17.3363,F
1737,1,HappyBirthday,1382,1460,F,1,0.00136625,0.18703,1.7188,0.424843,F
1737,1,HappyBirthday,205,10220.3,F,1,0.000829017,15.0255,1.26982,0.258873,F
1737,1,HappyBirthday,1504,365,M,1,0.493158,0.2747,5214.27,849.652,F
1737,1,HappyBirthday,261,28105.8,M,1,0.00022724,0.242497,180.168,0.0886538,F
1737,1,HappyBirthday,496,8030.73,F,1,4.77399e-07,0.19572,31303.3,0.0020188,F
1738,1,HappyBirthday,917,10950.1,M,1,0.000218316,0.0833442,1.61863,0.068198,F
1740,1,HappyBirthday,519,30660.2,F,1,0.0957385,0.23435,4032.55,150.491,F
1740,1,HappyBirthday,868,15330.1,F,1,0.00566262,0.431668,156.832,1.83943,F
1740,1,Births,1544,0,M,0,0,0.0571418,0,0,F
1741,1,HappyBirthday,21,13140.9,F,1,0.000759082,22.0099,192.673,0.304327,F
1741,1,HappyBirthday,1177,3650,F,1,0.607032,0.95101,4.12999,290.356,F
1741,1,HappyBirthday,617,6570.16,F,1,0.00318173,2.56979,20.0957,1.04272,F
1741,1,HappyBirthday,633,8030.63,M,1,0.0292993,0.169555,21.2223,9.24223,F
1742,1,HappyBirthday,9,27740.7,F,1,8.16683e-05,0.199389,619.664,0.0914744,F
1742,1,HappyBirthday,323,12045.5,F,1,7.03449e-06,0.227531,519.722,0.0039278,F
1742,1,HappyBirthday,543,21170.3,M,1,0.0139349,0.649395,114.936,4.40044,F
1742,1,HappyBirthday,1464,730,M,1,0.12728,0.143051,7904.23,55.1218,F
1742,1,HappyBirthday,817,17155.9,F,1,0.00817461,7.11627,0.009608,2.55067,F
1743,1,HappyBirthday,177,7300.08,F,1,0.00054068,0.623596,6.60075e-06,0.168052,F
1743,1,HappyBirthday,812,5475.5,F,1,0.00123149,1.782,14.3189,0.39214,F
1744,1,HappyBirthday,1227,3285,F,1,0.433925,1.10428,63.2042,179.334,F
1745,1,HappyBirthday,1067,4745,M,1,0.000677718,0.492751,7.90895,0.214128,F
1745,1,HappyBirthday,955,35040.7,F,1,0.00356955,0.280356,577.716,1.18006,F
1745,1,Births,1545,0,F,0,0,0.620532,0,0,F
1746,1,HappyBirthday,1258,2920,M,1,0.347572,0.0124511,147.048,163.101,F
1746,1,HappyBirthday,933,11680.3,M,1,0.0153021,0.389915,0.0004868,4.79224,F
1746,1,HappyBirthday,359,15330.3,M,1,0.135632,1.58942,595.961,45.5512,F
1747,1,HappyBirthday,1146,4015,M,1,0.00178763,0.252714,158.716,0.929324,F
1747,1,HappyBirthday,537,6935.53,F,1,0.0230387,44.0418,0.0319814,7.24416,F
1747,1,HappyBirthday,628,14600.4,F,1,0.0215236,3.2555,0.1586,6.76271,F
1747,1,HappyBirthday,1259,2920,F,1,0.00137005,0.384903,1.44416,0.42819,F
1749,1,HappyBirthday,1034,5110,M,1,0.173819,0.727472,7.30447,59.9912,F
1749,1,HappyBirthday,646,6935.51,F,1,0.000661621,0.517642,18.2406,0.211739,F
1749,1,HappyBirthday,1344,1825,M,1,0.0091735,5.42604,941.44,6.73049,F
1749,1,HappyBirthday,882,12410.5,M,1,0.00146266,0.721773,49.6468,0.469073,F
1750,1,HappyBirthday,42,5475.49,F,1,0.000374426,1.87641,14.8676,0.116655,F
1750,1,HappyBirthday,1505,365,M,1,0.00310698,0.25344,25.4365,1.04152,F
1751,1,HappyBirthday,242,26280.9,M,1,0.064683,0.437813,0.0833446,20.7816,F
1751,1,HappyBirthday,1506,365,F,0,0,0.00396827,0,0,F
1752,1,HappyBirthday,218,11680.3,M,1,0.0246545,0.599677,6.40039,7.9594,F
1752,1,HappyBirthday,306,13505.3,M,1,0.0170436,1.08907,385.458,5.5582,F
1752,1,HappyBirthday,1383,1460,F,1,0.011795,0.137894,798.682,3.90383,F
1752,1,HappyBirthday,1466,730,F,1,0.0868905,0.628802,3.02794,28.3777,F
1752,1,HappyBirthday,727,7665.61,F,1,0.0318521,0.112641,37.3571,10.6321,F
1753,1,HappyBirthday,847,5840.51,F,1,0,0.189505,485.237,0,F
1754,1,HappyBirthday,1178,3650,F,1,0.00476527,0.589692,66.4485,1.86646,F
1754,1,HappyBirthday,349,6935.18,F,1,0.0945505,1.60403,3.84064,31.0473,F
1754,1,HappyBirthday,505,13140.6,M,1,0.00414789,4.4158,11.2582,1.30842,F
1755,1,HappyBirthday,12,6570.2,M,1,0.00016154,24.4432,453.951,0.0819542,F
1755,1,HappyBirthday,536,23360.1,F,1,0,0.736745,0.0360468,0,F
1755,1,HappyBirthday,648,6935.68,F,1,0.00163086,0.34723,0.00804305,0.507377,F
1756,1,HappyBirthday,1345,1825,F,1,0.0130014,0.0811725,198.269,5.06411,F
1757,1,HappyBirthday,423,8030.73,M,1,0,0.25375,4.18653,0,F
1757,1,HappyBirthday,525,12775.1,M,1,4.16954e-05,0.225117,11.2953,0.0137052,F
1757,1,HappyBirthday,796,11316,F,1,0.0228501,0.100743,0.0012268,7.1832,F
1758,1,HappyBirthday,404,15330.4,M,1,0.00476829,5.39621,321.051,3.2316,F
1759,1,HappyBirthday,65,5840.9,M,1,0.000444821,0.482494,657.441,0.155575,F
1759,1,HappyBirthday,700,17520.3,M,1,7.23307e-06,0.830982,21.882,0.0022928,F
1760,1,HappyBirthday,278,24090.7,F,1,0.126235,0.395853,0.34041,41.9491,F
1760,1,HappyBirthday,307,15695.6,M,1,0.149442,2.09741,0.199024,50.3107,F
1761,1,HappyBirthday,253,6205.05,M,1,0.00611757,1.80001,495.657,2.09828,F
1762,1,HappyBirthday,1433,1095,M,1,0.00015715,0.220842,132.356,0.0797073,F
1762,1,HappyBirthday,322,28835.5,F,1,0.041939,0.861162,0.645196,13.3154,F
1762,1,HappyBirthday,1467,730,F,1,0.0382905,0.123048,10.6964,12.5061,F
1762,1,HappyBirthday,975,28835.9,M,1,6.24645e-05,0.650189,13.6192,0.0205242,F
1762,1,HappyBirthday,994,10220.9,F,1,0.00228655,20.056,7.78443,0.73091,F
1763,1,HappyBirthday,731,17885.4,F,1,0.000116047,3.0563,59.8939,0.0366218,F
1764,1,HappyBirthday,466,10220.8,M,1,0.003763,20.3206,520.235,2.13601,F
1764,1,HappyBirthday,1070,4745,M,1,0.0952445,0.396136,3.38718,31.1053,F
1764,1,HappyBirthday,940,10950.6,M,1,0.0148124,0.316611,292.526,6.89496,F
1765,1,HappyBirthday,195,14235.2,M,1,0.194592,0.355485,104.272,95.9656,F
1765,1,HappyBirthday,376,18615.8,F,1,0.0444892,18.8166,23.6061,14.1534,F
1765,1,HappyBirthday,885,25185.2,M,1,0.0789241,1.08353,15.6958,25.5539,F
1767,1,HappyBirthday,282,9125.13,M,1,0.00259874,0.733655,0.424771,0.809526,F
1767,1,HappyBirthday,433,20075.2,M,1,0.11325,0.187611,0.108709,37.3608,F
1767,1,HappyBirthday,714,6935.11,F,1,0.000194856,6.90669,810.122,0.124506,F
1768,1,HappyBirthday,1071,4745,F,1,0.00199962,0.648778,2145.31,0.659211,F
1768,1,HappyBirthday,397,28105.2,F,1,0.0493386,0.18643,0.0098738,15.7243,F
1768,1,HappyBirthday,411,9125.14,F,1,0.0123314,0.353714,43.8079,3.86589,F
1768,1,Births,1546,0,M,0,0,0.00321917,0,0,F
1769,1,HappyBirthday,142,18980.6,M,1,0.0729275,1.34375,0.0752252,23.5336,F
1769,1,HappyBirthday,1228,3285,M,1,0.144046,1.28471,30.8284,48.624,F
1769,1,HappyBirthday,1386,1460,F,1,0.000319225,0.033293,0,0.0991487,F
1769,1,HappyBirthday,1385,1460,F,1,0.507986,1.43176,83.6428,278.015,F
1770,1,HappyBirthday,1108,4380,M,1,0.000730099,0.154785,0.00437709,0.226938,F
1770,1,HappyBirthday,1315,2190,M,1,0.00354484,5.70791,12.3578,1.12624,F
1771,1,HappyBirthday,13,6570.37,M,1,0.000293654,0.423925,416.238,0.259606,F
1771,1,HappyBirthday,1109,4380,F,1,0.000132846,0.141811,6.28069,0.041769,F
1771,1,HappyBirthday,1035,5110,M,1,0.000105572,28.5005,4.11094,0.0332294,F
1771,1,HappyBirthday,965,5840.78,F,1,0.00626036,1.67796,946.955,2.36092,F
1771,1,HappyBirthday,960,30660.6,F,1,0.00367618,1.20503,2.01232,1.14545,F
1771,1,HappyBirthday,1036,5110,M,1,0.000378583,0.683515,22.1996,0.118454,F
1771,1,HappyBirthday,1289,2555,F,1,0.00949162,0.354506,1.3312,2.9819,F
1772,1,HappyBirthday,1149,4015,M,1,0,0.0970697,819.762,0,F
1772,1,Births,1547,0,F,0,0,0.479534,0,0,F
1773,1,HappyBirthday,483,21170.1,F,1,0.0160095,0.316691,5.89039,5.04056,F
1773,1,HappyBirthday,1038,5110,F,1,0.0278755,0.347061,67.433,11.1028,F
1774,1,HappyBirthday,300,5840.01,F,1,0.0124852,1.30581,0.000781336,3.90558,F
1774,1,HappyBirthday,1468,730,F,1,0.0629929,0.1872,127.527,25.9746,F
1774,1,HappyBirthday,1110,4380,F,1,8.38857e-06,0.160776,11.7567,0.0026377,F
1776,1,HappyBirthday,1387,1460,M,1,0.0410009,0.0951268,104.66,15.8781,F
1776,1,HappyBirthday,1435,1095,M,1,0.00447963,0.157513,6.40241,1.42833,F
1776,1,HappyBirthday,1507,365,M,1,0.0811048,0.0399491,61.3386,33.0426,F
1776,1,HappyBirthday,383,20805.3,M,1,0.24518,1.53386,3.36799,87.4584,F
1776,1,HappyBirthday,488,7300.28,F,1,0.0189796,0.348168,0.0122555,5.9552,F
1776,1,HappyBirthday,1434,1095,F,1,0.275747,0.617302,12161.8,296.329,F
1776,1,HappyBirthday,846,12775.9,M,1,0.00874056,0.171867,0.0007466,2.72857,F
1777,1,HappyBirthday,379,12045.9,F,1,0.0046608,2.77036,146.514,2.32459,F
1777,1,HappyBirthday,1469,730,M,1,0.000144452,0.0556959,203641,1.47452,F
1777,1,HappyBirthday,736,5475.93,M,1,0.0121141,2.28504,4.47055,3.85683,F
1778,1,HappyBirthday,406,20075.9,F,1,0.00526329,1.98699,0.156206,1.64161,F
1778,1,HappyBirthday,1261,2920,M,1,0.0472731,0.51439,3.34285,15.0668,F
1779,1,HappyBirthday,1230,3285,M,1,0.0930499,0.278014,1297.37,30.3613,F
1779,1,HappyBirthday,202,5475.37,F,1,0,3.91139,556.774,0,F
1779,1,HappyBirthday,1111,4380,F,1,0.00276723,0.0350963,0.52752,0.862061,F
1779,1,HappyBirthday,413,18980.2,M,1,0.241986,2.89863,32.6721,86.8075,F
1779,1,HappyBirthday,1316,2190,F,1,0.0235288,0.638863,0.0334365,7.40047,F
1779,1,HappyBirthday,1290,2555,M,1,0.000457295,0.109966,8718.54,0.372991,F
1779,1,HappyBirthday,1346,1825,F,1,0.00465019,0.130957,50.9878,1.79203,F
1780,1,HappyBirthday,128,22630.3,M,1,0.0844391,6.50687,0.0623022,27.4169,F
1780,1,HappyBirthday,562,9125.9,M,1,0.00330816,40.9663,101.076,1.45145,F
1781,1,HappyBirthday,315,11315.6,F,1,0.0441826,0.612695,4.64474,14.043,F
1781,1,HappyBirthday,1179,3650,F,1,0.112082,0.510454,1034.69,160.355,F
1782,1,HappyBirthday,85,7300.77,F,1,0.0155762,14.8988,1204.43,23.0497,F
1782,1,HappyBirthday,1180,3650,F,1,0.00342048,0.197951,0.243178,1.06512,F
1782,1,HappyBirthday,1113,4380,F,1,0.0099761,0.201873,7.47801,3.11536,F
1782,1,HappyBirthday,542,25915.8,M,1,0.000191611,0.330329,14.7809,0.0602398,F
1782,1,HappyBirthday,1112,4380,F,1,0.0170279,1.01394,0.0387603,5.33727,F
1782,1,HappyBirthday,893,15330,M,1,0.000433199,0.117516,6.6e-06,0.1349,F
1783,1,HappyBirthday,476,13870.1,M,1,0.000393308,0.308451,1183.53,0.673,F
1783,1,HappyBirthday,521,27740.3,F,1,0.0209408,0.266611,0.115381,6.5773,F
1784,1,HappyBirthday,336,13140.4,F,1,0.00751773,0.415786,4.44183,2.34598,F
1784,1,HappyBirthday,1347,1825,F,1,0.00179961,0.347743,187.679,0.710998,F
1784,1,HappyBirthday,1388,1460,F,0,0,0.00191796,0,0,F
1785,1,HappyBirthday,679,6205.81,F,1,0.00527903,3.53569,52.7505,1.93493,F
1786,1,HappyBirthday,1114,4380,M,1,0.000381866,0.158216,0.00679631,0.118738,F
1786,1,HappyBirthday,516,11680.3,M,1,0.000335507,1.36417,22.5841,0.107602,F
1786,1,HappyBirthday,599,9855.44,F,1,0.0386433,0.196071,899.379,48.8095,F
1788,1,HappyBirthday,108,10220.4,M,1,0.00273366,1.85164,6036.98,1.13699,F
1788,1,HappyBirthday,1389,1460,M,1,0.0696243,0.131848,7.67261,22.7189,F
1789,1,HappyBirthday,114,35770.3,M,1,0.00522077,0.240526,136.454,2.64373,F
1789,1,HappyBirthday,448,13870.4,M,1,0.00633115,0.136758,4.28342,2.0045,F
1789,1,HappyBirthday,1348,1825,M,1,0.704934,4.82266,6.45784,382.667,F
1789,1,Births,1548,0,F,0,0,3.57791,0,0,F
1790,1,HappyBirthday,987,17155,M,1,0.00601804,1.14926,234.216,1.91043,F
1790,1,HappyBirthday,138,5840.39,F,1,0.00502735,2.8657,0.320811,1.56598,F
1790,1,HappyBirthday,279,14235.2,M,1,1.54895e-05,0.592824,3.75109,0.0048294,F
1790,1,HappyBirthday,297,14965.9,F,1,0.00195406,19.8717,2972.07,1.2334,F
1790,1,HappyBirthday,753,8030.35,F,1,0.00010884,1.9695,2.3865,0.0338244,F
1790,1,HappyBirthday,1232,3285,F,1,0.00862466,0.360716,0.0377855,2.69191,F
1791,1,HappyBirthday,121,11680.8,M,1,0.00279943,0.162772,0.852744,0.874659,F
1791,1,HappyBirthday,212,6205.56,M,1,1.6382e-05,2.37947,0.0382126,0.00509627,F
1791,1,HappyBirthday,659,5475.56,M,1,0.000946015,0.348784,0.623208,0.294409,F
1791,1,HappyBirthday,1508,365,F,1,0.00440397,0.278719,3.06656,1.38129,F
1792,1,HappyBirthday,1072,4745,F,1,0.0381049,0.215498,6.31906,12.3851,F
1794,1,HappyBirthday,23,17155.8,M,1,0.000535628,0.355557,2418.16,0.19429,F
1794,1,HappyBirthday,695,31025.2,F,1,0.00385536,0.260972,5.00357,1.20912,F
1795,1,HappyBirthday,16,11680.9,F,1,0.0817384,1.11744,38.3079,29.1111,F
1795,1,HappyBirthday,283,16060.2,M,1,0.0384787,0.842199,0.59144,12.1972,F
1795,1,HappyBirthday,401,19345.1,F,1,0.000815514,3.83051,67.2786,0.287395,F
1795,1,HappyBirthday,1151,4015,M,1,0.0702478,0.609861,7.22049,22.6405,F
1796,1,HappyBirthday,1470,730,F,1,0.00577924,0.374839,0.445944,1.80494,F
1796,1,HappyBirthday,492,22265.2,M,1,0.00526864,0.28457,0.0329754,1.64137,F
1796,1,HappyBirthday,752,6205.22,F,1,0.00078969,3.12534,15.1463,0.246629,F
1797,1,HappyBirthday,996,27740,M,1,0.00135808,0.707707,70.7643,0.528069,F
1798,1,HappyBirthday,508,17155,M,1,0.00090442,0.1121,7.52686,0.289047,F
1798,1,HappyBirthday,515,10950.8,M,1,0.000296439,2.03786,6.74926,0.0943168,F
1798,1,HappyBirthday,590,9125.72,F,1,0.0698592,8.5352,0.0010362,22.5061,F
1798,1,HappyBirthday,1181,3650,M,1,0.00793415,0.165579,185.387,3.92203,F
1799,1,HappyBirthday,1073,4745,M,1,0.0122397,3.65326,943.426,3.99337,F
1801,1,HappyBirthday,838,11315.2,M,1,0.00412737,0.462304,246.861,1.7762,F
1801,1,Births,1549,0,F,0,0,0.144884,0,0,F
1802,1,Births,1550,0,M,0,0,0.0173483,0,0,F
1803,1,HappyBirthday,1152,4015,M,1,0.0096092,0.939854,229.476,3.00339,F
1803,1,Births,1551,0,M,0,0,0.0432742,0,0,F
1803,1,Births,1552,0,M,0,0,0.977393,0,0,F
1804,1,HappyBirthday,27,16060.4,F,1,0.000224687,0.431579,258.737,0.0741574,F
1804,1,HappyBirthday,267,5840.06,F,1,0.0182319,0.0715577,14.8051,5.73627,F
1805,1,HappyBirthday,1183,3650,M,1,0.000102305,1.09844,6778.48,0.590445,F
1806,1,HappyBirthday,1471,730,M,1,0.0889981,0.138216,247.205,38.4789,F
1806,1,HappyBirthday,295,16425.2,F,1,0.00352577,0.234121,520.036,1.21188,F
1806,1,HappyBirthday,458,5475.06,M,1,0.00724894,11.4729,8.82724,2.26226,F
1806,1,HappyBirthday,1509,365,F,1,0.0044964,0.707856,37.3926,1.63296,F
1807,1,HappyBirthday,748,14600.7,F,1,9.31109e-06,0.215157,0.156899,0.0028788,F
1808,1,HappyBirthday,465,7300.77,F,1,0.0590158,1.94468,0.225903,18.9067,F
1811,1,HappyBirthday,80,6205.48,F,1,0.00572489,1.31796,4.49988,1.79558,F
1811,1,HappyBirthday,1076,4745,F,1,0.00643112,0.0553731,4.17274,2.01931,F
1812,1,HappyBirthday,1291,2555,F,1,0.00150129,0.131429,85.2957,0.563966,F
1812,1,HappyBirthday,1077,4745,M,1,0.118495,7.65285,6.18035,39.2319,F
1812,1,HappyBirthday,823,13870.7,F,1,0.0147804,1.52571,963.529,6.16378,F
1813,1,HappyBirthday,422,5840.63,F,1,0.000126086,1.14386,31.5131,0.040925,F
1813,1,HappyBirthday,911,25185.4,F,1,0.0239489,1.10819,0.0664648,7.5353,F
1813,1,Births,1553,0,F,0,0,0.206075,0,0,F
1814,1,HappyBirthday,557,7300.79,F,1,0.00067123,2.15351,429.97,0.573383,F
1814,1,HappyBirthday,664,31390.6,F,1,5.50675e-06,0.728503,989.113,0.002857,F
1815,1,HappyBirthday,1472,730,F,1,0.00129309,0.339473,5062.75,0.732574,F
1815,1,HappyBirthday,392,15695.4,M,1,0.000780709,0.0477438,0.000268,0.242776,F
1815,1,HappyBirthday,1263,2920,F,1,0.00137931,4.65971,15923.9,0.621854,F
1815,1,HappyBirthday,595,13870.4,F,1,0.00179155,0.508081,14.0326,0.558126,F
1815,1,HappyBirthday,804,9855.5,F,1,2.5452e-05,0.294248,3746.5,0.0234932,F
1816,1,HappyBirthday,66,15695,M,1,0.0293403,3.30045,0.0062778,9.25495,F
1816,1,HappyBirthday,348,16790.3,F,1,0.015955,4.55051,1.86572,5.04543,F
1816,1,HappyBirthday,1510,365,F,1,0.000434563,0.985543,283.797,0.190697,F
1816,1,HappyBirthday,682,13505.6,M,1,0.0908612,5.11804,0.497163,29.6138,F
1816,1,HappyBirthday,711,6570.39,F,1,0.00438766,0.155135,193.411,2.45008,F
1817,1,HappyBirthday,1233,3285,M,1,0.108525,3.14061,0.0467825,35.7012,F
1817,1,HappyBirthday,1511,365,M,1,0.0282903,0.229193,68.9576,10.2974,F
1817,1,HappyBirthday,891,12045.7,F,1,0.010908,0.401631,0.782091,3.40899,F
1818,1,HappyBirthday,7,13140,F,1,0.00597152,2.66201,0.0213268,1.86128,F
1818,1,HappyBirthday,239,10220.7,F,1,0.00121824,0.353228,2.12072,0.378829,F
1818,1,HappyBirthday,1512,365,M,1,0.0117146,0.106247,285.099,5.38543,F
1818,1,HappyBirthday,687,6205.94,F,1,0.00567853,0.462186,811.433,6.76636,F
1818,1,HappyBirthday,741,31390,F,1,3.47752e-05,0.801153,968.056,0.0374422,F
1818,1,HappyBirthday,1473,730,F,1,0.143216,0.0329416,70.579,53.0787,F
1819,1,HappyBirthday,131,8395.65,F,1,0.00856692,0.230651,147.151,3.24001,F
1819,1,HappyBirthday,1393,1460,M,1,0.0287954,0.00987445,10.0908,9.22668,F
1819,1,HappyBirthday,1115,4380,F,1,0.012401,0.363477,472.378,6.34621,F
1819,1,HappyBirthday,1078,4745,F,1,0.00509223,1.61731,328.266,1.74561,F
1819,1,HappyBirthday,1513,365,F,1,0.00149995,0.284328,0.564477,0.467025,F
1820,1,HappyBirthday,78,6570.33,F,1,0.00236419,1.5859,30.5077,0.740203,F
1821,1,HappyBirthday,1186,3650,F,1,0.00159812,0.0321018,1.09115e-05,0.496939,F
1822,1,HappyBirthday,1079,4745,M,1,0.0412052,0.549527,3475.09,14.2902,F
1822,1,HappyBirthday,887,7665.8,F,1,0.0680636,0.772857,5.13044,21.9897,F
1822,1,HappyBirthday,1349,1825,F,1,0.032007,0.334446,18.2547,10.376,F
1822,1,HappyBirthday,1350,1825,F,1,0.000580057,0.059389,76.5837,0.199378,F
1823,1,HappyBirthday,32,7665.5,M,1,6.34522e-05,0.436005,60.0499,0.0210708,F
