Time,Node_ID,Event_Name,Individual_ID,Age,Gender,Infected,Infectiousness,RelativeBitingRate,TrueParasiteDensity,TrueGametocyteDensity,HasClinicalSymptoms
1,1,HappyBirthday,1116,2555,M,1,0.0289267,2.55075,1011.99,40.8344,F
3,1,HappyBirthday,1160,2190,F,1,0.0117774,2.15938,24.4161,3.92089,F
3,1,HappyBirthday,976,7300.38,M,1,0.00747573,0.335895,4.12474,2.33266,F
4,1,HappyBirthday,786,6570.15,M,1,0.0241552,0.565344,0.323933,7.59886,F
5,1,HappyBirthday,64,16060.6,M,0,0,0.025381,0,0,F
5,1,HappyBirthday,1076,2920,M,1,0.00648575,0.062072,19.4908,2.14152,F
5,1,HappyBirthday,893,13140.6,M,1,0.00796394,1.39302,291.769,5.63952,F
5,1,HappyBirthday,920,4380.32,F,1,0.0304028,1.25624,4.18123,9.62917,F
6,1,HappyBirthday,459,10585.6,F,1,0.241202,0.350161,297.618,87.9344,F
6,1,HappyBirthday,689,5110.4,F,1,0.0833999,0.486858,11.1779,27.8876,F
6,1,HappyBirthday,778,5475.45,M,1,8.60372e-07,1.80402,1002.21,0.00130334,F
6,1,HappyBirthday,977,6205.94,M,1,0.00527491,0.542665,58.3096,1.93102,F
6,1,HappyBirthday,1206,1825,M,1,0.0153772,0.100488,46.3904,5.0328,F
7,1,HappyBirthday,458,16425.6,M,1,0.00165542,1.84641,0.0277876,0.514836,F
7,1,HappyBirthday,553,29565.1,F,1,0.0209001,0.493743,0.025891,6.56417,F
8,1,HappyBirthday,190,12045.5,M,1,0.000731592,1.41229,151.041,0.284904,F
8,1,HappyBirthday,1330,730,M,1,0.208365,2.78885,75589.2,1384.27,F
9,1,HappyBirthday,68,6570.5,F,1,0.492694,0.518295,73.1357,214.081,F
9,1,HappyBirthday,352,8030.68,F,1,0.00394669,0.135388,52.5849,1.31879,F
9,1,HappyBirthday,367,21535.4,F,1,0.00186882,0.140065,4.19663,0.584332,F
9,1,HappyBirthday,1002,3650,M,1,0.0014681,1.29799,87.3083,0.519518,F
9,1,HappyBirthday,948,6935.26,M,1,0.00319379,6.25612,0.00822759,0.994325,F
10,1,HappyBirthday,1003,3650,M,1,0.00116714,6.2919,34.4807,0.384632,F
10,1,HappyBirthday,968,9125.11,M,1,0.0266793,0.30689,169.048,13.6488,F
11,1,HappyBirthday,104,4380.84,M,1,0.159133,1.48723,33.5175,54.3631,F
11,1,HappyBirthday,247,4015.74,M,1,0.00540951,0.120594,0.0582731,1.68579,F
11,1,HappyBirthday,387,26280.3,F,1,0.00927475,3.54242,0.0174206,2.8954,F
11,1,HappyBirthday,1366,365,M,1,0.119064,0.141866,126.902,51.1151,F
11,1,Births,1401,0,F,0,0,0.0504358,0,0,F
12,1,HappyBirthday,57,10585.8,F,1,0.00200023,0.228891,46.696,0.753373,F
12,1,HappyBirthday,1286,1095,F,1,0.00490589,0.134927,2.94465,1.52884,F
13,1,HappyBirthday,643,8030.21,M,1,0.00151014,0.00758911,8.3292,0.470211,F
13,1,HappyBirthday,812,16790.8,M,1,0.000578322,1.26539,260.495,0.381733,F
13,1,Births,1402,0,M,0,0,0.0369347,0,0,F
14,1,HappyBirthday,91,6935.68,F,1,0.000133797,7.48693,0,0.0416329,F
14,1,HappyBirthday,1287,1095,F,1,0.0493378,0.108169,104.131,17.5578,F
14,1,HappyBirthday,254,10220.8,M,1,0.000851473,4.5426,12581.7,0.483311,F
14,1,HappyBirthday,1032,3285,M,1,0.157175,5.42253,69.6514,55.704,F
14,1,HappyBirthday,1117,2555,F,1,0.0262602,0.305406,4083.15,12.0558,F
15,1,HappyBirthday,136,6570.54,F,1,0.543754,0.291397,135.465,263.348,F
16,1,HappyBirthday,1033,3285,F,1,0.000102077,6.47838,7187.79,0.131018,F
16,1,HappyBirthday,538,16060.7,M,1,9.01801e-05,1.65382,47.1994,0.0303654,F
17,1,HappyBirthday,1077,2920,M,1,0.02933,0.804514,314.317,22.1465,F
17,1,HappyBirthday,324,23725.5,M,1,0.00456808,0.350282,7.05874,1.47366,F
17,1,HappyBirthday,339,22630.2,F,1,0.175006,0.0348634,12.3383,61.0524,F
17,1,HappyBirthday,402,6205.04,F,1,0.00445186,8.141,4.35132,1.39992,F
18,1,HappyBirthday,1241,1460,F,1,0.140408,1.35503,20.9128,47.2392,F
18,1,HappyBirthday,436,12410.3,F,1,0.0030111,0.916372,0.0272294,0.937366,F
18,1,HappyBirthday,915,5840.13,F,1,0.000371072,1.33626,30.9746,0.12137,F
19,1,HappyBirthday,288,4380.49,F,1,0.00102848,0.154106,0.0208005,0.319787,F
19,1,HappyBirthday,1161,2190,F,1,0.00428371,0.0390773,1.37243,1.33455,F
19,1,HappyBirthday,1162,2190,F,1,0.241299,0.0254638,34.421,100.697,F
20,1,HappyBirthday,38,35405,F,1,0.00180745,1.33259,10.1032,0.59037,F
21,1,HappyBirthday,79,21900.7,F,1,0.000779171,0.710741,3.44438,0.246004,F
21,1,HappyBirthday,668,9855.06,M,1,0.000273217,0.262011,1.58133,0.0849312,F
21,1,HappyBirthday,702,7300.51,M,1,0.78045,3.4642,30.2016,508.011,F
22,1,HappyBirthday,1164,2190,M,1,0.167035,13.9245,213.551,58.8225,F
22,1,HappyBirthday,815,4380.19,M,1,0.182623,0.0778552,39.4839,73.9721,F
22,1,HappyBirthday,904,6570.02,F,1,0.0307168,3.02728,3.28444,9.85744,F
23,1,HappyBirthday,983,7665.53,F,1,0.112888,0.308555,1.88814,37.4936,F
23,1,HappyBirthday,576,27010.7,F,1,0.0264317,0.0480104,210.422,11.2372,F
23,1,HappyBirthday,794,5110.33,M,0,0,0.143188,0,0,F
23,1,HappyBirthday,817,10220.7,F,1,0.431725,2.41939,13461.4,313.911,F
23,1,HappyBirthday,947,4015,M,1,0.0321197,1.25228,0.0142507,10.1457,F
24,1,HappyBirthday,1165,2190,F,1,0.00254784,0.526898,535.411,0.980937,F
24,1,HappyBirthday,246,13505.6,M,1,0.00171245,0.449652,10.9808,0.55838,F
25,1,HappyBirthday,796,22995.2,M,1,0.00207071,1.36399,0.150606,0.644338,F
25,1,HappyBirthday,932,15695.7,F,1,0.392782,31.3586,7880.64,601.869,F
26,1,HappyBirthday,153,14235.6,F,1,0.00169759,1.39783,0.107804,0.528255,F
26,1,HappyBirthday,1207,1825,M,1,0.0142325,0.4314,0.00699958,4.45511,F
26,1,HappyBirthday,1004,3650,M,1,0.00469998,0.277102,8.00179e-05,1.46397,F
26,1,HappyBirthday,1118,2555,M,1,0.392647,0.181229,77.6913,175.567,F
26,1,HappyBirthday,1288,1095,M,1,0.095383,0.071192,1.92929,31.4236,F
26,1,Births,1403,0,F,0,0,0.0622707,0,0,F
27,1,HappyBirthday,1289,1095,M,0,0,0.0152736,0,0,F
28,1,HappyBirthday,59,5840.47,F,1,0.0113786,0.0746494,64.483,3.57044,F
28,1,HappyBirthday,272,31755.7,F,1,1.10148e-05,1.69459,987.214,0.0168212,F
28,1,HappyBirthday,1078,2920,M,1,0.038051,0.18326,20.5731,12.1371,F
28,1,HappyBirthday,1243,1460,F,1,0.0424733,0.205967,8.46973,13.5783,F
29,1,HappyBirthday,125,12410.1,M,1,0.0591834,2.14531,437.758,31.8644,F
29,1,Births,1404,0,M,0,0,0.619038,0,0,F
30,1,HappyBirthday,1208,1825,M,1,0.00153046,0.824431,25.1759,0.496127,F
30,1,HappyBirthday,512,15330.5,F,1,0.0552625,0.731853,288.562,18.8102,F
30,1,HappyBirthday,638,9125.95,M,1,0.00184731,4.46427,0.0003438,0.574614,F
30,1,HappyBirthday,818,9490.58,F,1,0.011471,2.23549,2.40337,3.60145,F
31,1,HappyBirthday,163,23725.4,M,1,0.00105783,1.18129,160.32,0.446762,F
31,1,HappyBirthday,699,25915.4,M,1,0.00699819,0.0357616,42.1013,2.18672,F
31,1,Births,1405,0,M,0,0,0.0221546,0,0,F
32,1,HappyBirthday,170,25915.8,M,1,0.227923,1.23344,3631.79,138.858,F
32,1,HappyBirthday,279,16060.1,M,1,0.000196528,0.556657,2.59604,0.0616658,F
32,1,HappyBirthday,1079,2920,F,1,0.00208341,0.124315,1688.11,4.32393,F
32,1,HappyBirthday,881,4380.73,F,1,3.61827e-07,1.73465,3842.46,0.000814417,F
32,1,HappyBirthday,908,4380.49,M,1,0.00343975,0.0537556,3059.96,10.8442,F
33,1,HappyBirthday,1332,730,M,1,1.17664e-05,0.323874,34747.5,0.0352071,F
33,1,HappyBirthday,477,31025.3,M,1,0.0596173,1.26125,14090.2,31.3658,F
33,1,HappyBirthday,1331,730,F,1,0.119659,0.57822,286.736,42.0622,F
33,1,HappyBirthday,625,28470.3,M,1,0.00666195,12.7141,0.0092152,2.07763,F
33,1,HappyBirthday,780,8030.9,M,1,0.000282984,0.110767,3.76e-05,0.087942,F
34,1,HappyBirthday,338,4380.43,M,1,0.0242886,0.692846,0.00119607,7.64235,F
34,1,HappyBirthday,1119,2555,M,1,0.148839,14.372,6.93053,50.5693,F
35,1,HappyBirthday,318,10585.9,F,1,2.79375e-05,6.61194,11562,0.102185,F
35,1,HappyBirthday,1034,3285,M,1,0.00263429,0.189667,5.14436,0.820238,F
36,1,HappyBirthday,1209,1825,F,1,0.668032,0.118576,25091.7,832.706,F
36,1,HappyBirthday,320,13870.1,M,1,0.00171587,1.10344,4.08749,0.540326,F
36,1,HappyBirthday,1244,1460,F,1,0,0.491207,720.825,0,F
36,1,HappyBirthday,711,4380.38,M,1,0.00288189,1.18818,9.3148,0.923062,F
37,1,HappyBirthday,1210,1825,M,1,0.0113854,1.57331,2224.58,24.322,F
37,1,HappyBirthday,789,11315.2,F,1,0.0106377,0.207316,21.4124,3.66151,F
37,1,HappyBirthday,848,8395.67,M,1,0.00674572,0.192453,3.15848,2.13191,F
38,1,HappyBirthday,119,16425.5,F,1,0.0419777,1.10989,3434.49,30.6128,F
38,1,HappyBirthday,306,16425.4,F,1,0.105644,0.972136,337.77,34.7026,F
38,1,HappyBirthday,398,11315.9,F,1,0.103884,6.48417,1.35859,34.0872,F
38,1,HappyBirthday,1333,730,F,1,0.00406088,0.0284997,136.194,1.49647,F
39,1,HappyBirthday,67,13505.1,M,1,0.0629005,0.301421,77.097,22.7683,F
39,1,HappyBirthday,73,4380.66,F,0,0,0.187732,0,0,F
39,1,HappyBirthday,961,4015.35,M,1,0.00146732,14.4235,12811.7,0.744215,F
39,1,Births,1406,0,M,0,0,0.075103,0,0,F
40,1,HappyBirthday,660,4380.48,M,1,0.0380826,0.79316,10.6199,12.709,F
41,1,HappyBirthday,76,13505,M,1,0.00185753,2.59927,0.077319,0.577956,F
41,1,HappyBirthday,148,20805.7,F,1,0.00298272,1.02562,20.6328,0.95888,F
41,1,HappyBirthday,1334,730,M,1,0.0898305,0.220094,106.485,42.3867,F
42,1,HappyBirthday,1290,1095,M,1,0.131377,0.769942,69.295,58.303,F
42,1,HappyBirthday,558,12775.6,F,1,0.000930712,3.32566,0.530478,0.290337,F
42,1,HappyBirthday,669,18615.3,F,1,0.315113,3.84135,55.7697,134.279,F
43,1,HappyBirthday,565,4015.26,M,0,0,0.468611,0,0,F
43,1,HappyBirthday,649,5110.9,F,1,0.0308233,0.979311,1963.62,45.3864,F
43,1,HappyBirthday,768,9490.45,M,1,0.0204812,2.78461,6.91356,6.43136,F
43,1,HappyBirthday,769,18615.1,M,1,0.000647026,0.68114,0.2771,0.201286,F
44,1,HappyBirthday,1211,1825,M,1,0.736768,0.333485,490.734,699.48,F
45,1,HappyBirthday,75,17520.9,M,1,0.00647769,1.02768,4056,3.57936,F
45,1,HappyBirthday,1212,1825,M,1,0.137132,0.934625,275.922,49.5373,F
45,1,HappyBirthday,995,17885.9,M,1,0.725169,0.243228,9.79575,415.767,F
45,1,HappyBirthday,840,12410.2,M,1,0.000643744,3.44752,158.914,0.215387,F
45,1,HappyBirthday,1080,2920,F,1,0.00828624,1.04595,65.3083,3.2033,F
46,1,HappyBirthday,72,8395.34,F,1,0.0124452,1.10098,569.05,7.34191,F
46,1,HappyBirthday,1166,2190,F,1,0.000135443,0.0557714,0,0.0421335,F
46,1,HappyBirthday,1291,1095,F,1,0.0896505,0.713228,95.2753,33.9405,F
46,1,HappyBirthday,950,9855.2,M,1,0.00250719,74.0963,0.227254,0.780257,F
47,1,HappyBirthday,134,6935.7,M,1,0.188446,2.62849,575.081,200.865,F
47,1,HappyBirthday,285,7665.07,M,1,0.00569139,0.806458,321.941,2.16679,F
47,1,HappyBirthday,934,4015.16,F,1,0.000237,2.5389,28.6372,0.0771149,F
48,1,HappyBirthday,26,9490.79,F,1,0.256389,1.84338,25.3961,93.5287,F
48,1,HappyBirthday,99,6935.56,M,1,0.00176535,4.23951,0.66855,0.549693,F
48,1,HappyBirthday,548,6935.63,M,1,0.0156178,4.3541,0.846935,4.89734,F
48,1,HappyBirthday,572,14600.5,F,1,0.000519678,0.183621,4e-07,0.161437,F
48,1,HappyBirthday,918,15695.1,F,1,0.00468658,2.43398,15.197,1.4986,F
48,1,Births,1407,0,M,0,0,0.60423,0,0,F
49,1,HappyBirthday,61,18250.5,F,1,0.0157282,22.7503,400.698,7.53041,F
50,1,HappyBirthday,23,9855.02,F,1,0.000351893,13.8089,12.8994,0.115687,F
52,1,HappyBirthday,1213,1825,F,1,0.06585,0.681897,267.01,29.5796,F
52,1,HappyBirthday,355,20805.4,F,1,0.0815184,1.79015,1021.59,27.7192,F
52,1,HappyBirthday,1167,2190,M,0,0,0.0224566,0,0,F
52,1,Births,1408,0,M,0,0,0.973804,0,0,F
53,1,HappyBirthday,97,6570.96,F,1,0,0.0542338,0.0050908,0,F
53,1,HappyBirthday,201,4015.97,F,1,0.00507456,2.63149,24.226,1.7526,F
53,1,HappyBirthday,451,4745.92,M,1,0.112542,5.81072,379.836,41.834,F
53,1,HappyBirthday,1292,1095,M,1,0.0104928,2.19701,36491.5,38.7023,F
53,1,HappyBirthday,594,5475.45,M,1,0.602494,16.8745,24.0218,286.767,F
53,1,HappyBirthday,641,12410.7,F,1,0.000446681,0.121305,3.2173,0.139244,F
54,1,HappyBirthday,253,7300.18,M,1,0.00114942,2.23272,0.263975,0.357456,F
54,1,HappyBirthday,600,12410.9,F,1,0.0554156,0.230123,4.81245,17.7464,F
54,1,HappyBirthday,807,6570.76,M,1,0.00178165,0.0786147,25.8486,0.622078,F
55,1,HappyBirthday,1335,730,M,1,0.00501212,0.176686,17.9245,1.59924,F
55,1,HappyBirthday,479,5475.94,F,1,0.00147629,0.32994,239.225,0.862233,F
55,1,HappyBirthday,517,16060.1,M,1,0.000842032,0.126508,0.429861,0.261869,F
55,1,Births,1409,0,M,0,0,0.0293044,0,0,F
56,1,HappyBirthday,52,8395.89,F,1,1.14149e-05,0.0973023,5.38e-05,0.0035446,F
56,1,HappyBirthday,478,6205.62,M,1,0.000833633,0.758306,4.97605,0.265639,F
56,1,HappyBirthday,506,6205.39,M,1,0.00158054,0.211815,0.278282,0.491975,F
56,1,HappyBirthday,524,14600.2,F,1,0.187218,6.34867,40.0356,71.1282,F
57,1,HappyBirthday,388,12410.4,M,1,9.36668e-05,0.0354499,0.001006,0.0291186,F
57,1,HappyBirthday,571,9855.82,M,1,0.0543118,4.14016,150.787,18.734,F
57,1,HappyBirthday,627,17885.4,F,1,0.168472,0.326927,1306.77,304.653,F
57,1,HappyBirthday,728,5110.03,F,1,4.51731e-05,0.180933,6.36484,0.0141763,F
57,1,HappyBirthday,748,4015.8,M,1,0.00373671,1.63129,80.8925,1.17912,F
58,1,HappyBirthday,1169,2190,M,1,0,0.511011,1462.49,0,F
58,1,HappyBirthday,293,17885.8,F,1,0.0890444,0.22217,18.6591,29.7458,F
59,1,HappyBirthday,87,4745.47,F,1,0.000165157,0.0617227,10.7028,0.052374,F
59,1,HappyBirthday,1214,1825,M,1,0.0135237,0.29389,4.55407,4.23378,F
59,1,HappyBirthday,1121,2555,M,1,0.0006231,0.139117,1.3498e-05,0.193911,F
59,1,HappyBirthday,790,5840.85,M,1,0.00232987,1.02908,30.8088,0.775549,F
60,1,HappyBirthday,697,6935.76,M,1,0.240072,0.574951,9832.26,86.3883,F
60,1,HappyBirthday,906,9490.9,M,1,0.000588746,0.739228,4.04716,0.184272,F
61,1,HappyBirthday,1170,2190,F,1,0.512188,1.31038,35.337,227.594,F
61,1,HappyBirthday,1122,2555,F,1,0.0370227,1.89224,1631.75,36.1251,F
61,1,HappyBirthday,410,17155.1,F,1,0.0921568,0.153347,1.77702,30.1066,F
61,1,HappyBirthday,889,5110.11,F,1,0.00363645,4.47168,201.135,1.99949,F
62,1,HappyBirthday,24,22630.2,M,1,0.0002274,1.20554,1.90745,0.0713942,F
62,1,HappyBirthday,1171,2190,F,1,0.00108544,0.074141,37.4509,0.373884,F
62,1,HappyBirthday,1336,730,F,1,0.0696331,3.25845,1534.58,26.4583,F
62,1,HappyBirthday,1172,2190,M,1,0.00378899,0.0919679,0.0108339,1.18008,F
62,1,Births,1410,0,M,0,0,0.0060659,0,0,F
63,1,HappyBirthday,1005,3650,M,1,0.000844833,1.02532,9.32846,0.262565,F
63,1,HappyBirthday,940,10585.4,M,1,0.0955623,0.264087,0.305821,31.2346,F
64,1,HappyBirthday,224,5840.43,F,1,0.0345305,0.201994,188.665,14.1977,F
64,1,HappyBirthday,1245,1460,M,1,0.00303955,3.388,0.0233853,0.945898,F
64,1,HappyBirthday,262,6570.42,F,1,0,4.09984,240.657,0,F
64,1,HappyBirthday,1123,2555,F,1,0.00117794,0.275503,9.7082,0.37494,F
64,1,HappyBirthday,741,12410.6,F,1,0.0259749,2.20338,900.384,9.50744,F
64,1,HappyBirthday,825,8030.07,M,1,0.00780328,2.33396,0.104379,2.43494,F
65,1,HappyBirthday,743,5110.84,M,1,0.00815886,0.602678,1205.26,2.64219,F
65,1,HappyBirthday,792,4015.84,F,1,0.000693088,0.289739,0.122443,0.21534,F
66,1,HappyBirthday,1246,1460,M,1,0.00045921,0.192176,43588.3,0.505602,F
66,1,HappyBirthday,901,9490.22,F,1,0.00500717,0.805792,247.503,1.64617,F
66,1,HappyBirthday,914,12045.2,M,1,0.00191619,1.86217,940.9,1.40601,F
68,1,HappyBirthday,121,10220.5,F,1,0.00037965,4.26258,16.0837,0.127508,F
68,1,HappyBirthday,268,8760.79,F,0,0,0.341916,0,0,F
69,1,HappyBirthday,77,5475.42,M,1,0.00345192,0.0797771,9.62098,1.09242,F
70,1,HappyBirthday,1006,3650,M,1,0.0543194,0.432913,16.6742,18.5624,F
70,1,HappyBirthday,1367,365,M,1,0,0.0397768,4.82382,0,F
70,1,HappyBirthday,1293,1095,F,0,0,0.0431474,0,0,F
70,1,HappyBirthday,1081,2920,F,1,0.00137132,0.0304741,5.24044,0.430358,F
71,1,HappyBirthday,140,21900.5,M,1,0.0432495,5.79576,749.968,13.7514,F
71,1,HappyBirthday,1124,2555,M,1,0.483051,3.96929,18.0176,215.969,F
72,1,HappyBirthday,439,17885.5,M,1,0.0768635,6.76589,136.129,37.012,F
72,1,HappyBirthday,1173,2190,F,1,0.0337939,0.901214,4456.15,14.222,F
73,1,HappyBirthday,389,9490.39,F,1,0.000648892,1.80865,0.440832,0.201757,F
74,1,HappyBirthday,508,12775.5,M,1,0.0576699,0.728251,202.478,18.5478,F
74,1,HappyBirthday,535,4380.74,F,1,0.0620678,0.601607,8945.38,31.2916,F
74,1,HappyBirthday,849,4015.16,M,1,0.0530447,35.6661,712.349,16.9645,F
75,1,HappyBirthday,1038,3285,F,1,0.0715514,0.647351,5899.48,26.4549,F
75,1,HappyBirthday,1368,365,F,0,0,0.0712551,0,0,F
76,1,HappyBirthday,1125,2555,M,1,0.000360346,0.139971,1897.23,0.139495,F
76,1,HappyBirthday,946,7665.25,M,1,0,9.76513,135.721,0,F
77,1,HappyBirthday,1337,730,F,1,0.869249,0.0184087,8.26494,634.953,F
77,1,HappyBirthday,233,9490.08,F,0,0,0.0835456,0,0,F
77,1,HappyBirthday,420,16425.7,M,1,0.0389349,1.17227,0.0275844,12.3417,F
79,1,HappyBirthday,433,14235.3,F,1,0.666441,0.727919,213.416,387.162,F
79,1,HappyBirthday,1215,1825,F,1,0.00164152,0.387755,40.6327,0.538024,F
79,1,HappyBirthday,917,8395.9,M,1,0.0984593,30.0083,26.3441,33.4718,F
79,1,HappyBirthday,1369,365,M,0,0,0.0136561,0,0,F
80,1,HappyBirthday,179,10585.8,M,1,0.329568,0.0837822,53.6985,131.748,F
80,1,HappyBirthday,1338,730,M,1,0.773772,0.127417,69.8817,501.617,F
81,1,HappyBirthday,55,6570.7,F,1,0.000823165,0.952366,0.294978,0.256216,F
81,1,HappyBirthday,1370,365,F,1,0.00139934,0.188577,2.48487e-05,0.435356,F
81,1,HappyBirthday,821,28105.6,F,1,0.000369383,0.252957,10.5474,0.116788,F
82,1,HappyBirthday,1294,1095,F,1,0.0362456,0.581315,26.0415,11.6495,F
82,1,HappyBirthday,1371,365,F,1,0.638323,0.496114,1010.08,832.021,F
82,1,HappyBirthday,432,8760.86,M,1,3.27152e-05,0.393273,5.08179,0.0102216,F
82,1,HappyBirthday,708,9490.65,M,1,0.00328469,0.935583,3561.59,4.66252,F
82,1,HappyBirthday,1007,3650,F,1,0.187949,15.5299,5510.96,447.036,F
84,1,HappyBirthday,1039,3285,F,1,0.000582812,0.414127,89.9202,0.241667,F
84,1,Births,1411,0,M,0,0,0.793869,0,0,F
85,1,HappyBirthday,137,13140,F,1,0.00259948,0.78456,717.43,2.88469,F
85,1,HappyBirthday,1339,730,M,1,0.000325594,0.0949128,35025.2,0.40544,F
85,1,HappyBirthday,575,13870.8,M,0,0,0.0582451,0,0,F
86,1,HappyBirthday,549,12775.6,F,1,1.96995e-06,0.0612605,0.900273,0.000608,F
87,1,HappyBirthday,453,35040.5,F,1,0.0010855,1.20281,6119.4,2.78198,F
87,1,Births,1412,0,F,0,0,0.077389,0,0,F
88,1,HappyBirthday,1216,1825,F,1,0.00879181,1.00926,26.8411,3.05788,F
89,1,HappyBirthday,1217,1825,M,1,0.0493012,0.60037,2962.58,49.8878,F
89,1,HappyBirthday,1083,2920,M,1,0.20601,0.284421,33.6859,80.6841,F
89,1,HappyBirthday,1082,2920,M,1,0.00562564,0.418114,13.6378,1.7768,F
90,1,HappyBirthday,251,8030.33,M,1,0.0188116,0.864764,0.795861,5.90194,F
90,1,HappyBirthday,1129,2555,M,1,0.0742944,0.933385,46.0934,29.0362,F
90,1,HappyBirthday,440,6205.07,M,1,7.26721e-06,11.416,32772.9,0.00695167,F
90,1,HappyBirthday,580,7300.03,M,1,0.000261631,0.195694,1.50021,0.0813791,F
90,1,HappyBirthday,1084,2920,M,1,0.00331676,2.12485,47.0788,1.11579,F
91,1,HappyBirthday,1085,2920,F,1,0.00167428,0.322796,0.00216667,0.520456,F
91,1,HappyBirthday,532,20440.9,F,1,0.601726,0.244723,75.5791,287.818,F
91,1,HappyBirthday,1174,2190,F,1,0.279011,2.63543,2560.85,312.78,F
91,1,HappyBirthday,1372,365,F,1,0.00060966,0.0438525,7.45461e-05,0.189565,F
92,1,HappyBirthday,126,17155.1,F,1,0.165971,0.677574,71.5082,72.4585,F
92,1,HappyBirthday,1040,3285,M,1,0.0087822,0.670176,12761,14.0604,F
92,1,HappyBirthday,791,14965.2,M,1,0.000687998,1.63553,1002.37,0.359772,F
93,1,HappyBirthday,1295,1095,M,1,0.000138477,0.19103,10712.2,0.516098,F
94,1,HappyBirthday,568,24090.6,M,1,0.033986,0.0351957,1911.26,38.4044,F
95,1,HappyBirthday,350,21535.1,F,1,0.0104539,1.0108,506.225,9.06902,F
95,1,HappyBirthday,704,18250.1,F,1,0.00896162,2.86566,654.118,9.29111,F
95,1,HappyBirthday,1086,2920,M,1,0.0419416,1.58192,0.817413,13.3492,F
96,1,HappyBirthday,12,4745.8,F,1,0.191824,0.24255,159.504,70.1934,F
96,1,HappyBirthday,63,8030.31,F,1,0.0135244,0.61431,1666.43,5.32522,F
96,1,HappyBirthday,1175,2190,F,1,0.18768,0.531698,41.242,64.601,F
97,1,HappyBirthday,705,8760.61,F,1,4.96939e-05,0.0903485,0.228981,0.0154722,F
98,1,HappyBirthday,913,16060.8,F,1,0.000711653,1.65213,4578.04,0.586538,F
100,1,HappyBirthday,227,10220.3,M,1,0.00185019,5.92729,294.163,0.59584,F
100,1,HappyBirthday,248,12045.8,M,1,0.063609,2.23253,0.507733,20.426,F
100,1,HappyBirthday,631,6570.64,M,1,0.0019472,0.052066,117.229,0.705295,F
101,1,HappyBirthday,135,8760.13,F,1,0.189726,7.31008,1178.71,65.6745,F
101,1,HappyBirthday,693,7300.41,F,1,0.000172026,0.43276,20.2319,0.0549174,F
102,1,HappyBirthday,376,8760.36,M,1,0.0691235,18.0698,907.495,46.6282,F
102,1,HappyBirthday,419,5110.18,M,1,0.0128532,0.418787,17.588,4.1522,F
103,1,HappyBirthday,624,11680.3,F,1,0.0663653,0.208911,56.4218,23.1549,F
103,1,HappyBirthday,661,6570.62,F,1,0,0.145479,63.8045,0,F
104,1,HappyBirthday,1041,3285,M,1,0.105388,1.30642,70150,408.745,F
104,1,HappyBirthday,244,22630.3,F,1,0.18387,0.280705,4389.05,330.646,F
104,1,HappyBirthday,309,8030.15,M,1,0.265579,0.333582,3249.75,335.682,F
105,1,HappyBirthday,131,20805.2,F,1,0.595185,0.0188617,125.14,329.804,F
105,1,HappyBirthday,188,34310.6,M,1,0.0319115,0.438557,0.111813,10.0797,F
105,1,Births,1413,0,M,0,0,0.0674141,0,0,F
106,1,HappyBirthday,630,17155.8,F,1,0.0074164,1.23455,993.606,5.54993,F
106,1,HappyBirthday,884,12045.4,M,1,0.415325,1.08944,0.554246,167.144,F
107,1,HappyBirthday,1087,2920,F,0,0,0.0130009,0,0,F
107,1,HappyBirthday,546,19710.4,M,1,2.40421e-05,1.91601,1792.56,0.0269774,F
107,1,HappyBirthday,1373,365,F,1,0.0587003,0.510839,6277.85,80.7708,F
108,1,HappyBirthday,102,17155.4,F,1,4.28928e-05,0.117465,33475.5,0.31464,F
108,1,HappyBirthday,192,14600.4,M,1,0,0.704725,12390.5,0,F
108,1,HappyBirthday,667,6570.23,M,1,0.0792496,0.246597,2.93839,26.0095,F
109,1,HappyBirthday,273,19345.7,M,1,0.00596275,3.77314,2.92547,1.87498,F
109,1,HappyBirthday,395,21900.4,F,1,0.0194724,1.78104,0.0075928,6.11133,F
110,1,HappyBirthday,127,12045,F,1,0.000292612,20.2966,405.396,0.095138,F
110,1,HappyBirthday,1247,1460,F,1,0.000259693,0.0762866,0.931203,0.0805555,F
110,1,HappyBirthday,505,5475.94,M,1,3.12597e-05,3.60419,19026.8,0.0280736,F
110,1,HappyBirthday,746,5110.76,M,1,0.0124689,1.01929,2594.88,3.90837,F
110,1,HappyBirthday,1374,365,M,1,0.788868,0.207112,25.6088,542.417,F
111,1,HappyBirthday,1375,365,M,1,0.888272,0.0792444,1842.26,1134.16,F
111,1,HappyBirthday,698,6205.83,M,1,0.000927217,2.18069,4.64633,0.290455,F
111,1,HappyBirthday,900,16425.5,M,1,0.0061263,2.71848,1.62522,1.91087,F
112,1,HappyBirthday,552,17520.1,M,1,8.88223e-07,0.919479,37935.5,0.0033708,F
112,1,HappyBirthday,1340,730,F,1,0.0980274,3.08966,13107.9,390.369,F
113,1,HappyBirthday,129,7665.54,F,1,0.00112546,3.14126,49.2795,0.385359,F
113,1,HappyBirthday,1088,2920,F,1,0.00412759,2.12396,0.0482055,1.28526,F
113,1,HappyBirthday,683,28105.2,F,0,0,0.020728,0,0,F
114,1,HappyBirthday,74,17885.2,M,1,0.000672532,0.89628,176.034,0.256884,F
114,1,HappyBirthday,162,8395.08,M,1,0.000122564,0.530327,1764.29,0.125725,F
115,1,HappyBirthday,113,17520.9,M,1,0.000721545,0.216239,13.8916,0.232689,F
115,1,HappyBirthday,303,7300.11,M,1,0.0774342,1.19801,60.0085,27.1127,F
115,1,HappyBirthday,602,14965.4,F,1,9.31304e-06,4.36204,0.563399,0.0029234,F
115,1,HappyBirthday,691,16060.7,F,1,0.0075972,0.23536,182.73,2.5106,F
115,1,Births,1414,0,F,0,0,0.124749,0,0,F
117,1,HappyBirthday,1008,3650,F,1,0,0.0496154,1.45223,0,F
117,1,HappyBirthday,1009,3650,M,1,0.0132305,2.32885,11907.5,6.0446,F
117,1,HappyBirthday,806,34675,M,1,0.0126892,0.151861,364.285,3.96961,F
118,1,HappyBirthday,1010,3650,F,1,0.0137826,1.14476,0.642212,4.32783,F
118,1,HappyBirthday,967,20075.9,M,1,0.00308258,2.58951,302.038,1.86478,F
119,1,HappyBirthday,1218,1825,M,1,0.362341,0.113749,10.0798,139.924,F
119,1,HappyBirthday,622,12045,M,1,0.126716,0.458473,0.356047,42.1075,F
120,1,HappyBirthday,337,8760.16,F,1,0.0419125,0.458962,2.09562,13.3129,F
120,1,HappyBirthday,1130,2555,F,1,0.21402,3.30401,34.7716,85.6786,F
121,1,HappyBirthday,160,18250.7,F,1,0.00168964,0.18175,0.0023292,0.525461,F
121,1,HappyBirthday,386,6205.18,F,1,2.65233e-05,0.60718,0.560167,0.00825877,F
121,1,HappyBirthday,850,6205.25,F,1,0.0272016,1.79235,1852,15.6778,F
122,1,HappyBirthday,1089,2920,F,0,0,0.0471993,0,0,F
122,1,HappyBirthday,1298,1095,M,1,0.165895,0.595338,2791.01,66.2948,F
122,1,HappyBirthday,1176,2190,M,1,0.0110964,5.6711,448.39,3.57155,F
122,1,HappyBirthday,1299,1095,F,1,0.00662865,0.221161,3365.22,2.16911,F
123,1,HappyBirthday,108,25915.7,M,1,0.00571119,0.593477,25.756,1.85444,F
123,1,HappyBirthday,174,14600.7,M,1,0.00956063,0.195667,25.887,2.9865,F
123,1,HappyBirthday,1132,2555,M,1,0.0323482,4.36464,968.842,10.5368,F
123,1,HappyBirthday,1012,3650,M,1,0.110419,0.257117,29.1126,40.2085,F
123,1,HappyBirthday,1011,3650,M,1,0.00967685,0.155846,7.24951,3.0615,F
123,1,HappyBirthday,1131,2555,M,1,0.000893799,2.27974,35.9163,0.319204,F
124,1,HappyBirthday,1177,2190,M,1,0.00058516,0.0993166,1.94856,0.183768,F
124,1,HappyBirthday,1300,1095,M,0,0,0.0908819,0,0,F
125,1,HappyBirthday,737,4745.56,F,1,4.41324e-07,0.0925716,60673.1,0.00311616,F
125,1,HappyBirthday,872,13870.2,F,1,0.000218307,18.5261,10.5775,0.0701064,F
125,1,HappyBirthday,923,10220.2,F,1,6.63307e-05,8.83482,35939.9,0.266684,F
126,1,HappyBirthday,1090,2920,F,1,0.0285452,1.04429,0.0287534,9.0007,F
127,1,HappyBirthday,27,4015.37,M,1,0.000113064,16.6338,5336.19,0.506593,F
127,1,HappyBirthday,112,18250.8,F,1,0.319544,0.402869,751.229,241.716,F
127,1,HappyBirthday,259,4380.97,M,1,0.0063908,0.0702115,0,1.99275,F
127,1,HappyBirthday,452,14965.3,F,1,0.143165,0.816785,0.895369,48.1705,F
127,1,HappyBirthday,1133,2555,M,1,0.00910885,1.94794,523.042,3.47347,F
127,1,HappyBirthday,617,14600,M,1,0.109226,0.0752407,481.151,59.4536,F
127,1,HappyBirthday,781,22265.5,M,1,1.3256e-05,0.104568,1811.56,0.0141366,F
128,1,HappyBirthday,98,5840.48,F,1,0.0811086,0.0917662,1079.68,116.402,F
128,1,HappyBirthday,207,9855.97,M,1,0.0742546,3.08413,56.6374,26.3319,F
128,1,HappyBirthday,1134,2555,F,1,0.032953,0.19028,6.36998,10.4198,F
128,1,HappyBirthday,1178,2190,F,1,0.142321,0.0403312,2571.04,48.6176,F
128,1,HappyBirthday,618,12410,F,1,0.192533,1.51073,93.7519,67.7085,F
129,1,HappyBirthday,1044,3285,M,1,0.0977349,3.87329,0.034431,31.9673,F
129,1,HappyBirthday,297,9855.68,F,1,0.249387,1.05795,296.443,92.5366,F
129,1,HappyBirthday,334,6205.93,M,1,0.112392,0.844995,39.8551,42.0584,F
131,1,HappyBirthday,1219,1825,F,1,0.130917,15.577,52.7847,47.5501,F
131,1,HappyBirthday,499,26280.7,M,1,1.37594e-05,0.219176,172.05,0.0055952,F
131,1,HappyBirthday,1248,1460,M,1,0.0854662,1.92608,50.3762,29.7015,F
131,1,HappyBirthday,797,4015.21,F,1,0.000968648,1.50512,1.54231,0.30132,F
132,1,HappyBirthday,171,16790.8,F,0,0,0.0173655,0,0,F
133,1,HappyBirthday,1342,730,M,1,0.121881,0.148902,129.774,54.1554,F
133,1,HappyBirthday,462,14235.4,F,1,0.000402689,0.30831,39.458,0.131665,F
133,1,HappyBirthday,883,8030.98,M,1,6.08283e-05,2.09369,143.211,0.0218914,F
134,1,HappyBirthday,455,11315.2,F,1,0.0923673,0.0232351,53.3023,30.8136,F
135,1,HappyBirthday,1376,365,M,0,0,0.0170151,0,0,F
136,1,HappyBirthday,185,9125.8,F,1,0.0020599,0.07904,0.10687,0.641027,F
136,1,HappyBirthday,1220,1825,F,1,0.16389,1.38283,3837.26,313.517,F
136,1,HappyBirthday,1013,3650,F,1,0.00766535,1.4531,11.6248,2.43422,F
136,1,HappyBirthday,1249,1460,M,1,0.0751445,0.200648,110.205,31.1587,F
136,1,HappyBirthday,925,29565.4,M,1,0.216542,0.199465,2442.32,278.166,F
137,1,HappyBirthday,25,24820.7,M,0,0,0.0589002,0,0,F
138,1,HappyBirthday,1343,730,M,0,0,0.0566952,0,0,F
139,1,HappyBirthday,92,13140.4,M,1,0.00297047,1.19375,147.88,1.14642,F
139,1,HappyBirthday,1001,11315.1,M,1,2.32939e-05,1.49724,21026.1,0.0138514,F
139,1,HappyBirthday,682,22265.5,M,0,0,0.0808675,0,0,F
140,1,HappyBirthday,1179,2190,F,1,0.0407843,0.123458,0.342766,12.9511,F
140,1,HappyBirthday,1251,1460,M,0,0,0.0330579,0,0,F
140,1,HappyBirthday,670,13505.8,F,1,0.354901,0.490695,28.6939,139.666,F
140,1,HappyBirthday,1250,1460,F,1,0.00182042,1.30202,2.80609,0.574351,F
142,1,HappyBirthday,852,22265.7,F,1,0.341769,2.82435,67.7986,140.091,F
142,1,Births,1415,0,F,0,0,0.0093719,0,0,F
143,1,HappyBirthday,423,4380.73,M,1,0.00043985,0.266463,43529.4,0.637269,F
143,1,HappyBirthday,434,16790.1,F,1,0.0403676,0.364383,23.6101,13.8553,F
143,1,HappyBirthday,1015,3650,M,1,0.144696,1.44454,105.696,57.3565,F
144,1,HappyBirthday,1045,3285,F,1,9.5469e-05,0.341151,2.12412,0.0299475,F
144,1,HappyBirthday,1377,365,M,1,0,0.0859956,9.59555,0,F
145,1,HappyBirthday,801,6570.1,F,1,0.372765,10.6065,9285.81,279.035,F
146,1,HappyBirthday,344,26280.6,F,1,0.630786,1.39741,4637.01,764.952,F
147,1,HappyBirthday,133,5110.84,F,1,0.000155639,0.341723,20.7244,0.0501466,F
147,1,HappyBirthday,1301,1095,M,1,0.166621,0.136347,26099.6,951.27,F
148,1,HappyBirthday,656,9125.04,M,1,0.0128028,0.867859,234.166,8.10141,F
148,1,HappyBirthday,808,13505,M,1,0.00728434,0.643645,115.695,2.27277,F
148,1,HappyBirthday,916,6935.06,F,1,0.659654,0.309608,45.562,340.244,F
149,1,HappyBirthday,32,5110.94,M,1,0.0249166,1.87474,36023.4,31.1805,F
149,1,HappyBirthday,66,27375,M,1,0.000989014,0.0870206,89.0279,0.347049,F
149,1,HappyBirthday,1344,730,F,1,0,0.0577421,0,0,F
151,1,HappyBirthday,551,10950.6,M,1,0.000189311,4.20967,3485.91,0.139405,F
152,1,HappyBirthday,271,6570.61,F,1,0.000390197,1.29378,23644.2,0.374204,F
152,1,HappyBirthday,888,4015.92,M,1,0.0159743,6.97799,86.6694,6.30389,F
153,1,HappyBirthday,1135,2555,F,1,0.023102,0.504773,68.7427,7.57162,F
153,1,HappyBirthday,404,8395.27,M,1,0.167093,4.41266,35.9333,64.5081,F
153,1,HappyBirthday,579,6570.95,F,1,0.0454814,0.889625,0.505516,14.4671,F
154,1,HappyBirthday,265,27740.8,M,1,0.0125075,0.968218,543.677,5.6413,F
154,1,HappyBirthday,559,22265.8,M,1,0.00019851,3.75323,891.648,0.13524,F
154,1,Births,1416,0,F,0,0,0.137632,0,0,F
155,1,HappyBirthday,21,11315,F,1,0.0562209,0.537473,0.461263,17.9941,F
155,1,HappyBirthday,280,7665.34,F,1,0.0840937,1.29785,59.0871,29.6628,F
155,1,HappyBirthday,1136,2555,F,1,0.0301005,0.225832,33.1119,10.7229,F
155,1,HappyBirthday,1254,1460,F,1,0.00533865,0.753548,18611.4,6.67589,F
155,1,HappyBirthday,1345,730,F,1,0.00202329,0.590863,0.947479,0.632182,F
156,1,HappyBirthday,1137,2555,F,1,0.443869,0.139385,272.501,376.689,F
156,1,HappyBirthday,1048,3285,F,1,0.0193986,2.10899,3.88071,6.1195,F
156,1,HappyBirthday,1047,3285,M,1,0.0418733,0.0897395,1912.86,49.1468,F
157,1,HappyBirthday,1346,730,F,1,0.40927,0.234388,59.9221,180.621,F
157,1,HappyBirthday,1093,2920,F,1,0.000340262,0.182421,117589,2.66135,F
157,1,HappyBirthday,1221,1825,M,1,0.000616959,0.0331946,38075.1,1.44731,F
158,1,HappyBirthday,205,15695.7,M,1,0.147388,0.339382,1514.64,51.5217,F
158,1,HappyBirthday,228,15330.9,F,1,0.531429,0.754203,90.8015,237.014,F
158,1,HappyBirthday,1255,1460,M,1,0.158635,0.836637,3784.05,54.7693,F
160,1,HappyBirthday,84,22630,M,1,0.0616043,9.40325,23.4816,20.9025,F
160,1,HappyBirthday,496,9855.67,F,1,7.43236e-05,0.582262,314.457,0.0525082,F
160,1,Births,1417,0,F,0,0,0.386735,0,0,F
161,1,HappyBirthday,1378,365,F,1,1.75113e-05,0.0698591,219617,0.182457,F
161,1,HappyBirthday,545,10220.5,F,1,0.148381,2.83821,9984.49,109.755,F
162,1,HappyBirthday,187,9855.81,F,1,1.0316e-05,1.49846,16066.5,0.0333522,F
162,1,HappyBirthday,518,24090.2,M,1,0.241523,2.65685,588.809,276.452,F
163,1,HappyBirthday,1256,1460,F,1,0.0292648,0.203246,12088.1,251.034,F
163,1,HappyBirthday,435,16060.9,M,1,0.0502719,1.001,4.66653,16.4065,F
163,1,HappyBirthday,1049,3285,F,1,0.025209,0.406907,1437.95,36.2092,F
163,1,HappyBirthday,876,4380.56,F,1,0.00249151,0.657779,5572.7,5.7992,F
164,1,HappyBirthday,53,5110.51,M,1,0,2.96977,0.00656246,0,F
164,1,HappyBirthday,83,8030.32,M,1,0.000247896,0.0959404,33.8556,0.0805852,F
164,1,HappyBirthday,380,20075.4,M,1,0.00431435,16.0968,801.174,3.12483,F
166,1,HappyBirthday,1379,365,F,1,0.0122128,2.65725,3.46132,3.88341,F
166,1,HappyBirthday,763,8030.75,F,1,0.000120887,5.39789,0.049201,0.03768,F
166,1,HappyBirthday,1222,1825,F,1,0.164719,6.69162,10804.3,79.1095,F
166,1,HappyBirthday,939,10585.1,F,1,0.182769,2.44966,12.2543,63.8723,F
167,1,HappyBirthday,1016,3650,F,1,0,0.242643,2941.23,0,F
167,1,HappyBirthday,1302,1095,M,1,0.0590736,0.244386,7.69428,19.5941,F
167,1,HappyBirthday,1138,2555,F,1,0.00458384,0.250117,16.5852,1.53353,F
167,1,HappyBirthday,972,18250.7,M,1,0.00184202,7.25868,1160.18,1.65026,F
168,1,HappyBirthday,1050,3285,M,0,0,0.0320448,0,0,F
168,1,HappyBirthday,218,9490.93,F,1,0.0903312,0.144598,3138.01,32.3779,F
168,1,HappyBirthday,409,4745.2,F,1,0.0703326,0.689843,5.42471,23.0717,F
168,1,HappyBirthday,1223,1825,M,1,0.0134764,0.167666,390.34,5.0031,F
169,1,HappyBirthday,8,4745.94,F,1,0.000169911,0.111842,76.4977,0.0592114,F
169,1,HappyBirthday,383,11680.4,M,1,0.00578831,7.91778,1.99984,1.80482,F
169,1,HappyBirthday,466,12775.4,F,1,0.00221735,0.633456,235.131,0.701379,F
169,1,HappyBirthday,1380,365,M,1,0.253434,0.9326,18.9436,92.6331,F
170,1,HappyBirthday,371,33945.2,F,1,0.00112509,34.4903,210.312,0.430217,F
170,1,HappyBirthday,1347,730,F,1,0.00186927,0.221242,102858,27.5797,F
170,1,Births,1418,0,M,0,0,0.286137,0,0,F
171,1,HappyBirthday,7,6570.94,F,1,0.000923755,5.25886,1.18682e-05,0.287054,F
171,1,HappyBirthday,17,27375.2,F,1,0.0410732,0.207765,447.936,33.9149,F
171,1,HappyBirthday,707,4745.42,M,1,0.319736,9.08434,1.27453,119.955,F
171,1,HappyBirthday,1095,2920,M,1,0.0102484,0.833119,5976.92,4.33801,F
172,1,HappyBirthday,592,10950.3,M,1,0.0940084,10.9387,28.4958,32.1819,F
172,1,HappyBirthday,621,8760.36,M,1,0.10207,2.14139,0.801062,33.4975,F
172,1,HappyBirthday,1224,1825,M,1,0.00352306,2.28674,45721.2,5.2628,F
173,1,HappyBirthday,555,17155.8,M,1,0.0911315,0.131135,3765.58,54.917,F
174,1,HappyBirthday,986,6205.94,M,1,0.00249634,0.0880115,202.006,1.47032,F
174,1,Births,1419,0,F,0,0,0.193636,0,0,F
175,1,HappyBirthday,1139,2555,F,1,0.240538,4.36217,10.6767,90.0512,F
175,1,HappyBirthday,471,21535.1,M,1,0.196507,15.6283,20.1621,69.8813,F
175,1,HappyBirthday,1258,1460,M,1,0.00188534,0.532192,32.7389,0.677916,F
176,1,HappyBirthday,18,16425.7,F,1,0.229694,0.252183,16.4364,81.1587,F
176,1,HappyBirthday,1140,2555,M,1,0.497823,16.2314,27.9506,214.611,F
176,1,HappyBirthday,1303,1095,M,1,0.0130133,4.4421,6.34858,4.11337,F
176,1,HappyBirthday,653,11315.4,F,1,0.162015,4.6489,8982.43,188.629,F
177,1,HappyBirthday,221,14235.6,M,1,7.69133e-06,0.445565,8730.93,0.0150842,F
177,1,HappyBirthday,871,21535.7,M,1,0.00265942,8.63438,7779.35,1.07877,F
178,1,HappyBirthday,167,4380.62,M,1,0.00171449,1.42003,40.0756,0.597211,F
178,1,HappyBirthday,687,4745.38,M,1,0.541882,0.220759,729.359,475.497,F
180,1,HappyBirthday,317,24455.8,F,1,0.0012067,3.8488,364.092,0.876048,F
180,1,HappyBirthday,614,6935.42,M,1,0.0562756,1.32548,1483.81,18.0633,F
180,1,HappyBirthday,865,12775.2,M,1,0.00518664,1.45347,4.3e-05,1.6156,F
180,1,HappyBirthday,870,4380.03,M,1,0.021614,1.29617,1584.52,28.6695,F
181,1,HappyBirthday,4,36135,M,1,0.00320526,1.63777,27238.7,2.78022,F
181,1,HappyBirthday,421,6935.78,M,1,0.00847928,0.699717,0.996294,2.64925,F
181,1,HappyBirthday,642,8030.39,M,1,0.00147686,1.11981,705.408,0.496981,F
181,1,HappyBirthday,1096,2920,M,1,0.190043,0.0940072,1491.37,377.364,F
181,1,HappyBirthday,867,4380.29,F,1,0.00641415,1.12514,0.00308949,2.00022,F
182,1,HappyBirthday,147,7300.34,F,1,0.0397952,2.29385,128.811,15.5186,F
182,1,HappyBirthday,542,16060.4,F,1,0.00133212,0.129065,0.0027432,0.414033,F
182,1,HappyBirthday,826,8395.31,F,1,0.00100969,0.0559282,0.0016828,0.313838,F
183,1,HappyBirthday,49,14235.9,M,1,0.15226,2.86377,737.216,62.6317,F
183,1,HappyBirthday,1381,365,M,1,0.256378,0.264296,226.138,124.796,F
183,1,Births,1420,0,F,0,0,0.0187743,0,0,F
184,1,HappyBirthday,1182,2190,M,1,0.00359552,3.19568,1442.94,2.93247,F
184,1,HappyBirthday,1304,1095,F,1,0.463302,0.0883469,134.417,250.301,F
184,1,HappyBirthday,598,30295.8,F,1,0.721812,0.941888,61.7841,408.99,F
184,1,HappyBirthday,979,9125.16,M,1,0.0286348,0.552287,65762.4,204.164,F
184,1,HappyBirthday,1259,1460,M,1,0.00253888,0.467372,18.1598,0.857918,F
185,1,HappyBirthday,332,6205.23,F,1,0.000796554,0.916253,54.7243,0.250563,F
185,1,HappyBirthday,343,20440,F,1,0.718683,0.128792,411.481,445.959,F
185,1,HappyBirthday,1305,1095,M,1,0.00217894,0.0971672,932.619,1.56128,F
186,1,HappyBirthday,69,8030.08,F,1,0.0260074,0.420575,63.3007,8.19857,F
186,1,HappyBirthday,537,15330,M,1,0.194969,0.0630846,519.212,203.497,F
186,1,HappyBirthday,824,5475.79,M,1,0.00182581,0.622146,0.466604,0.568306,F
187,1,HappyBirthday,1348,730,F,1,0.065218,0.716333,1272.48,27.7155,F
187,1,HappyBirthday,1349,730,M,0,0,0.0243942,0,0,F
187,1,HappyBirthday,394,14600.1,M,1,0.126469,1.60676,127.926,42.1711,F
188,1,HappyBirthday,1306,1095,M,1,0.000569942,0.972463,65344.6,1.10921,F
190,1,HappyBirthday,152,35040.6,M,1,0.0808156,2.28089,1099.66,85.616,F
190,1,HappyBirthday,234,8760.74,M,1,0.00777406,14.7113,0.259502,2.42804,F
190,1,HappyBirthday,761,7665.38,M,1,0.00143922,2.36337,0.0324216,0.447524,F
190,1,HappyBirthday,1183,2190,F,1,0.104061,0.465538,15659.5,501.141,F
191,1,HappyBirthday,1225,1825,F,1,0.207729,0.847858,949.042,296.108,F
191,1,HappyBirthday,1260,1460,F,1,0.140009,5.17376,125.561,56.4942,F
191,1,HappyBirthday,887,8030.42,M,1,0.0145763,1.00209,2315.32,5.2045,F
191,1,Births,1421,0,M,0,0,0.024008,0,0,F
192,1,HappyBirthday,759,9855.19,M,1,0.0726963,0.678977,11.0139,23.4557,F
193,1,HappyBirthday,412,6935.29,F,1,0.00576088,0.858314,190.7,3.30752,F
193,1,HappyBirthday,779,4745.11,M,1,0.010152,1.60323,0.000297274,3.17132,F
194,1,HappyBirthday,1351,730,F,0,0,0.0217898,0,0,F
194,1,HappyBirthday,219,6570.89,F,1,0.000342173,1.81605,0.0471069,0.106397,F
194,1,HappyBirthday,1052,3285,M,1,0.0102544,3.96009,8395.37,32.1771,F
194,1,HappyBirthday,1350,730,M,1,0.00408652,0.0438888,0.0035265,1.27262,F
194,1,HappyBirthday,581,4015.81,F,1,0.000476927,1.00327,49813.6,1.15991,F
195,1,HappyBirthday,874,6935.53,F,1,6.61355e-05,0.0714449,37.4236,0.0219111,F
196,1,HappyBirthday,1141,2555,M,1,0.564117,0.512255,323.671,312.187,F
196,1,HappyBirthday,365,4015.49,M,1,0.015549,0.770256,37.982,5.57039,F
196,1,HappyBirthday,606,4015.46,M,1,0.134417,0.396487,0.519724,44.8892,F
196,1,HappyBirthday,672,8395.78,F,1,0.0398641,0.238446,0.738215,12.6486,F
196,1,HappyBirthday,853,13140.5,F,1,0.00501092,0.37271,953.588,2.70786,F
196,1,HappyBirthday,1261,1460,F,1,0.0736426,0.226647,0.696771,23.7733,F
197,1,HappyBirthday,1307,1095,M,1,0.000802305,0.34801,72.6485,0.277613,F
197,1,HappyBirthday,304,18250.7,F,1,0.00588712,0.317768,1918.33,6.23294,F
197,1,HappyBirthday,397,11315.9,M,1,0.00131511,0.579273,0.0003334,0.408951,F
197,1,HappyBirthday,494,4380.54,F,1,0.0018964,0.0442115,61.5585,0.639103,F
197,1,HappyBirthday,803,8030.71,F,1,0.00597765,0.866734,7.74e-05,1.86336,F
197,1,HappyBirthday,882,12045.2,M,1,0.726222,2.27521,303.937,406.405,F
198,1,HappyBirthday,266,30295.7,M,1,0.0171463,3.21721,278.664,5.4592,F
198,1,HappyBirthday,281,5840.23,F,1,0.000344024,1.05294,11.0075,0.109375,F
198,1,HappyBirthday,845,26645.2,F,1,0.030394,15.1027,78.9511,10.7673,F
199,1,HappyBirthday,1184,2190,M,1,0.0423999,0.12008,1657.25,14.5271,F
199,1,HappyBirthday,530,11680,F,1,0.32389,0.0984915,789.153,203.548,F
200,1,HappyBirthday,1262,1460,F,1,0.0163539,1.10992,4510.11,56.9734,F
201,1,HappyBirthday,177,20440.6,F,1,0.523205,1.15772,13.8907,230.349,F
201,1,HappyBirthday,1308,1095,F,1,0.0845347,0.190916,768.791,28.0076,F
201,1,HappyBirthday,1263,1460,F,1,0.0945533,0.0453272,63.2035,33.9462,F
202,1,HappyBirthday,215,5110.62,M,1,4.87181e-05,0.298315,3427.32,0.0193517,F
202,1,HappyBirthday,560,11315.6,M,1,0.00170988,0.119295,12.3186,0.542209,F
202,1,HappyBirthday,688,14235.7,M,1,0.0129686,1.15822,10.9236,4.27625,F
202,1,HappyBirthday,943,5110.66,F,1,0.00449245,0.317558,159.407,1.59912,F
203,1,HappyBirthday,42,8395.22,F,1,0.00887087,0.407657,3497.49,14.2817,F
203,1,HappyBirthday,1097,2920,F,1,4.09381e-05,0.416389,3.03817,0.01291,F
203,1,HappyBirthday,330,6935.56,F,1,0.0313167,0.721742,349.777,11.3798,F
203,1,HappyBirthday,361,5110.04,F,1,0.00981148,1.85338,170.41,5.24345,F
203,1,HappyBirthday,1142,2555,M,1,0.000109646,5.03534,631.831,0.125886,F
203,1,HappyBirthday,647,8395.68,F,1,0.00806907,1.5738,41.9488,2.89834,F
204,1,HappyBirthday,291,12410.2,F,1,0.188996,1.37923,923.378,272.078,F
205,1,HappyBirthday,793,14600.9,M,1,0.05707,0.445419,0.0349328,18.2635,F
206,1,HappyBirthday,1352,730,M,1,0.680414,0.189296,1622.45,698.686,F
206,1,HappyBirthday,322,27010,M,1,0.022604,2.51962,1027.64,7.22305,F
206,1,HappyBirthday,500,6935.42,M,1,0.00382521,4.19362,223.002,1.21817,F
206,1,HappyBirthday,577,25915.5,F,1,0.0401492,0.36336,1370.19,13.1874,F
206,1,HappyBirthday,1264,1460,F,1,0.349987,0.146227,29028.1,764.33,F
208,1,HappyBirthday,816,21900.7,M,1,0.000889996,0.49793,1.40025,0.278477,F
210,1,HappyBirthday,1098,2920,M,1,0.000469235,3.00455,10.6319,0.152445,F
211,1,HappyBirthday,1265,1460,M,1,0.442873,0.32939,26246.5,746.399,F
211,1,HappyBirthday,429,8395.88,M,1,0.101387,1.76097,14.7375,35.2155,F
212,1,HappyBirthday,513,11315.1,F,1,0.0512596,0.943821,6625.44,17.5845,F
212,1,HappyBirthday,1226,1825,M,1,0.014159,0.104424,50.7012,4.74694,F
212,1,HappyBirthday,907,9855.38,F,1,0.0366571,5.87174,195.485,16.6559,F
213,1,HappyBirthday,984,12410.5,F,1,0.0025086,4.7354,92.1687,0.889993,F
213,1,HappyBirthday,1227,1825,M,1,0.212794,27.436,4634.78,473.256,F
213,1,HappyBirthday,1228,1825,F,1,0.0374807,0.0772303,50.1961,11.8853,F
213,1,HappyBirthday,619,5840.23,M,1,0.099085,1.95508,322.743,33.6724,F
213,1,HappyBirthday,700,19710.9,F,1,0.00281572,60.03,5744.64,6.71395,F
214,1,HappyBirthday,1309,1095,M,1,7.59719e-05,0.197747,53044.9,0.0949383,F
214,1,HappyBirthday,536,32850.4,M,1,0.137383,22.5687,109.534,60.8536,F
214,1,HappyBirthday,1353,730,F,1,0.00841099,0.0164488,2.5958,2.62572,F
215,1,HappyBirthday,1099,2920,M,1,0.00167402,0.972389,5.25812,0.520899,F
215,1,HappyBirthday,955,9125,F,1,0.11727,4.90119,20329.4,294.396,F
216,1,HappyBirthday,252,10585.5,F,1,0.0449028,0.490545,324.433,25.4022,F
216,1,HappyBirthday,1229,1825,F,1,0.00222766,1.27428,92.8176,0.793532,F
216,1,HappyBirthday,666,4380.8,F,1,0.00962443,0.256986,3.11576,3.00909,F
216,1,HappyBirthday,744,9855.64,M,1,0.113717,0.155134,108.253,38.1556,F
216,1,HappyBirthday,910,7300.32,M,1,0.137839,0.511659,67.7963,59.9826,F
217,1,HappyBirthday,1144,2555,M,1,0.130341,0.254274,203.437,53.4668,F
217,1,HappyBirthday,1053,3285,F,1,0.0923713,0.103873,3.28187,30.2904,F
218,1,HappyBirthday,34,30660.1,M,1,6.50026e-05,1.8128,23.4942,0.020967,F
218,1,HappyBirthday,464,5840.93,F,1,0.112912,0.145454,0.0194807,37.2374,F
218,1,HappyBirthday,573,4745.03,M,1,0.0141764,2.61888,1.82572,4.4389,F
220,1,HappyBirthday,1019,3650,M,1,0.184658,0.847928,36.7326,64.2214,F
220,1,HappyBirthday,574,7665.77,F,1,0.0473454,2.30799,3345.32,64.9151,F
220,1,Births,1422,0,F,0,0,0.86614,0,0,F
221,1,HappyBirthday,1266,1460,M,1,0.00096442,4.11751,12.2706,0.30595,F
222,1,HappyBirthday,31,20440.3,F,1,0.000131906,14.9765,3011.86,0.192471,F
222,1,HappyBirthday,488,30660.7,F,1,0.245681,0.47475,2093.43,146.832,F
222,1,Births,1423,0,F,0,0,0.0587233,0,0,F
222,1,Births,1424,0,M,0,0,0.149921,0,0,F
223,1,HappyBirthday,1186,2190,M,1,0.0119494,0.862903,8.74297,3.90168,F
223,1,HappyBirthday,1267,1460,M,1,0.24051,1.13641,90.7062,87.5438,F
223,1,HappyBirthday,690,9125.77,M,1,0.00593775,1.8159,13.4005,1.86318,F
223,1,HappyBirthday,1145,2555,F,1,0.00882583,0.822735,15.1068,2.96563,F
223,1,HappyBirthday,1311,1095,F,1,0.00615503,3.76607,5994.23,15.3187,F
223,1,HappyBirthday,942,13870.7,F,0,0,0.0343249,0,0,F
223,1,HappyBirthday,1185,2190,M,1,0.00203716,0.240403,1.19905,0.63439,F
224,1,HappyBirthday,60,20440.6,F,1,0.0680985,1.03491,16.8004,23.3267,F
224,1,HappyBirthday,1268,1460,F,1,0.00305331,0.0316255,193.381,1.21005,F
224,1,HappyBirthday,1100,2920,M,1,0.213649,0.325583,69.7211,83.1273,F
224,1,HappyBirthday,1383,365,F,1,0.00126929,0.0309589,0,0.394616,F
225,1,HappyBirthday,62,7665.03,M,1,0.00504458,0.719797,2.1507,1.57779,F
225,1,HappyBirthday,199,12775.4,M,1,0.000967869,0.193908,17899.4,0.777843,F
225,1,HappyBirthday,396,9855.55,M,1,0.0339972,9.38447,0.0021246,10.7493,F
225,1,HappyBirthday,1312,1095,M,1,0.00696977,0.178346,6.72238,2.23438,F
226,1,HappyBirthday,1313,1095,M,1,0.000945839,0.0113482,14.752,0.315798,F
226,1,HappyBirthday,1101,2920,M,1,0.00897307,0.0472698,1976.31,8.60902,F
226,1,Births,1425,0,M,0,0,0.229277,0,0,F
227,1,HappyBirthday,1269,1460,M,1,0.000311508,1.421,165352,2.84701,F
228,1,HappyBirthday,325,13140.9,F,1,0.0707656,0.145427,10.4746,23.3098,F
229,1,HappyBirthday,65,9125.46,F,1,0.626318,1.92282,3.19237,310.551,F
229,1,HappyBirthday,1270,1460,F,1,0.00693923,6.90873,0.0970999,2.16369,F
229,1,HappyBirthday,753,4015.89,M,1,0.00356627,1.2136,1017.88,1.23168,F
230,1,HappyBirthday,257,8030.7,F,1,0.00631595,5.09364,4635.51,2.81695,F
230,1,HappyBirthday,509,20440.9,F,1,0.00503785,0.636127,1926.06,3.74481,F
231,1,HappyBirthday,480,5110.93,M,1,0.00379415,3.42454,130.13,1.43019,F
231,1,HappyBirthday,570,6205.46,M,1,0.0215089,9.07479,1288.71,17.6369,F
231,1,HappyBirthday,715,12410,M,1,0.010673,0.892846,3322.39,5.58755,F
232,1,HappyBirthday,1314,1095,F,1,0.23412,2.32877,1436.06,125.077,F
232,1,HappyBirthday,664,18615.5,F,1,0.000178427,18.334,84977.3,2.33991,F
232,1,HappyBirthday,710,26645.1,M,1,0.0479073,11.1333,13.1033,15.3163,F
232,1,HappyBirthday,859,6935.95,F,1,0.00275392,0.0263411,2.90902,0.856983,F
232,1,Births,1426,0,F,0,0,0.0229078,0,0,F
233,1,HappyBirthday,123,22630.1,F,1,0.0985235,0.738797,4.97883,32.2649,F
233,1,HappyBirthday,1385,365,M,1,0.384472,0.160634,3566.34,601.495,F
233,1,HappyBirthday,210,17520.4,F,1,0.791105,1.05654,78.7146,539.486,F
233,1,HappyBirthday,362,10950.6,F,1,0.325351,0.530819,59.3019,134.414,F
233,1,HappyBirthday,1146,2555,F,1,0.0083037,0.680901,1110.67,11.2944,F
233,1,HappyBirthday,749,20805.7,M,1,0.00864779,21.3687,590.972,3.27706,F
233,1,HappyBirthday,990,4745.72,M,1,3.05226e-05,11.439,2804,0.0574397,F
234,1,HappyBirthday,11,4380.89,F,1,6.70175e-05,0.32442,3956.85,0.0382124,F
234,1,HappyBirthday,829,6935.13,M,1,0.14838,3.06299,21.2177,50.0605,F
236,1,HappyBirthday,490,24820.8,M,1,0.131661,1.28565,4.11343,44.4934,F
236,1,HappyBirthday,1102,2920,F,0,0,0.00867844,0,0,F
236,1,HappyBirthday,827,12045.9,F,1,0.00966607,0.688712,0.0114412,3.01907,F
237,1,HappyBirthday,82,14235,F,1,0.00404298,0.952627,23.5786,1.31037,F
237,1,HappyBirthday,213,7300.05,M,1,0,3.08677,1069.21,0,F
238,1,HappyBirthday,115,14235.6,F,1,0.0668813,0.507029,160.258,21.5205,F
238,1,HappyBirthday,820,15330.3,M,1,0.00530423,0.111399,35.4843,1.69489,F
239,1,HappyBirthday,1230,1825,F,1,0.0023582,0.815397,20519.1,2.09033,F
239,1,HappyBirthday,798,6570.93,M,1,0.00394193,6.9049,2.06595e-05,1.22764,F
239,1,Births,1427,0,M,0,0,0.75748,0,0,F
240,1,HappyBirthday,51,12775.9,F,1,1.76719e-05,7.08327,1813.3,0.0103164,F
240,1,HappyBirthday,372,20440,M,1,0.0894302,0.192826,6252.64,205.567,F
240,1,HappyBirthday,671,10950.4,M,1,0,0.547344,9.58539,0,F
240,1,HappyBirthday,855,24820.7,M,1,0.000932007,1.01629,2461.76,2.83292,F
240,1,HappyBirthday,1315,1095,M,1,0.000703602,0.448791,1.61829,0.220366,F
240,1,HappyBirthday,1055,3285,F,1,0.00855426,1.51256,586.212,2.67013,F
240,1,HappyBirthday,1056,3285,F,1,0.0689775,2.28797,1894,23.5297,F
241,1,HappyBirthday,1103,2920,F,1,7.71961e-05,0.0642201,36.9384,0.0284581,F
241,1,HappyBirthday,1057,3285,M,1,0.00349953,0.0131304,16.8479,1.16035,F
241,1,HappyBirthday,957,16790.3,F,1,0.00656441,11.6357,30.5904,2.0552,F
241,1,Births,1428,0,M,0,0,0.0197586,0,0,F
243,1,HappyBirthday,1188,2190,M,1,0.0510593,2.95398,89.8904,19.4604,F
244,1,HappyBirthday,197,6935.14,F,1,0.162637,0.0808295,109.293,63.6824,F
244,1,HappyBirthday,534,12775.6,F,1,0.0269057,2.27653,45.1233,8.4786,F
244,1,HappyBirthday,767,4745.42,M,1,0.0729138,0.125412,205.338,23.6878,F
245,1,HappyBirthday,5,10220.8,M,1,0.00934318,0.0930273,40.1907,3.08828,F
245,1,HappyBirthday,71,9490.1,F,1,0.00531411,0.732273,0.009361,1.65624,F
245,1,HappyBirthday,437,9490.64,F,1,9.54944e-05,1.37429,51598,0.236192,F
246,1,HappyBirthday,1316,1095,F,1,0.00167862,0.0261751,85951.7,11.2279,F
246,1,HappyBirthday,885,17155.8,M,1,0.413472,0.241322,1006.46,347.866,F
247,1,HappyBirthday,357,4380.92,F,1,0.0140727,0.114539,12.0072,4.4795,F
247,1,HappyBirthday,725,4380.23,F,1,0.000697011,0.584824,1542.15,0.672252,F
248,1,HappyBirthday,507,10950.4,M,1,0.008028,3.23031,0.87682,2.50707,F
248,1,HappyBirthday,696,4015.67,M,1,0.0732811,0.182748,36.5712,25.1555,F
248,1,HappyBirthday,782,7300.93,M,1,0.000784575,2.53583,0.210977,0.243715,F
248,1,HappyBirthday,787,31390.4,M,1,0.00842875,0.180159,1.14211,2.63583,F
249,1,HappyBirthday,1354,730,F,1,5.25527e-05,0.0348279,2484.12,0.0700665,F
249,1,HappyBirthday,1020,3650,F,1,0.00152302,0.372964,5.9117,0.488163,F
250,1,HappyBirthday,1271,1460,M,1,0.2495,0.116055,3030.29,905.384,F
250,1,HappyBirthday,836,8395.21,F,1,0.0618531,0.271418,63.0905,24.7865,F
251,1,HappyBirthday,370,5840.81,M,1,0.530263,1.14505,50.1454,243.007,F
251,1,HappyBirthday,589,19345,M,1,0.085997,0.2866,61.0809,31.7522,F
251,1,HappyBirthday,681,6570,F,1,0,0.244472,662.317,0,F
253,1,HappyBirthday,1386,365,F,1,0.00102188,0.0174179,56.3774,0.345124,F
253,1,HappyBirthday,1387,365,M,1,0.000821772,1.01159,1.10439e-05,0.255454,F
253,1,HappyBirthday,774,13870.6,F,1,0.00104507,0.386681,864.219,1.44026,F
253,1,HappyBirthday,831,22995.5,F,1,0.0900217,27.672,0.187234,29.3207,F
254,1,HappyBirthday,267,24090.9,M,1,0.00411001,0.474918,4.07753,1.28031,F
254,1,HappyBirthday,1318,1095,F,1,0.114392,7.64232,1056.68,91.1736,F
254,1,HappyBirthday,1058,3285,M,1,0,0.238324,0,0,F
256,1,HappyBirthday,1319,1095,M,1,0.0120906,0.494246,83873.1,162.776,F
256,1,HappyBirthday,1388,365,F,1,0.402527,0.255291,4291.25,371.012,F
256,1,HappyBirthday,222,11680.5,M,1,0.238678,0.163269,1.62834,85.1059,F
256,1,HappyBirthday,847,12410.4,F,1,0.000113431,0.0353612,16.9392,0.0378978,F
256,1,HappyBirthday,879,14965.1,F,1,0.0527861,1.80347,0.958286,16.8799,F
257,1,HappyBirthday,450,12775,M,1,0.00214528,2.11874,3647.36,1.78091,F
257,1,HappyBirthday,654,8760.23,M,1,0.0425322,24.2288,12.9465,14.0574,F
258,1,HappyBirthday,1355,730,F,1,0.298652,0.220446,1517.17,481.89,F
258,1,HappyBirthday,1356,730,M,1,0.087334,0.497324,161.134,37.1943,F
258,1,HappyBirthday,929,8395.52,M,1,0.000319617,1.73239,22,0.102617,F
259,1,HappyBirthday,260,5110.47,M,1,2.70937e-06,15.2359,3013.77,0.00402118,F
259,1,HappyBirthday,757,18615.4,M,1,0.0588099,14.3415,1111.73,28.2804,F
260,1,HappyBirthday,1105,2920,M,1,0.58061,0.277068,19535.9,668.163,F
260,1,HappyBirthday,448,10220.1,M,1,0.60717,0.654448,0.189319,290.383,F
260,1,HappyBirthday,727,9855.51,F,1,0.0214992,0.280668,314.017,8.58193,F
260,1,HappyBirthday,987,6205.85,M,1,0.00224414,2.94955,5.39218,0.704794,F
260,1,HappyBirthday,863,5840.01,F,1,0.000871694,1.15232,0.0013058,0.270902,F
261,1,HappyBirthday,327,8760.05,F,1,0.0377017,2.20704,0.793476,11.99,F
261,1,HappyBirthday,1272,1460,M,1,0.117741,2.49552,3135.15,42.2742,F
262,1,HappyBirthday,10,28835.2,F,1,0.0480189,0.0334588,117.155,17.5958,F
262,1,HappyBirthday,176,35040.1,F,1,0,0.291098,14.815,0,F
262,1,HappyBirthday,489,9125.41,M,1,0.0116539,1.27149,1580.9,11.1739,F
262,1,HappyBirthday,1389,365,F,1,0.00455267,0.568781,34.7508,1.59603,F
262,1,HappyBirthday,1190,2190,M,1,0.00218923,0.43886,0.745614,0.68371,F
263,1,HappyBirthday,158,6205.46,F,1,0,0.234525,98.7997,0,F
263,1,HappyBirthday,414,17155.8,F,1,0.0163619,0.0991061,2690.39,47.6294,F
264,1,HappyBirthday,1390,365,F,1,0.495108,18.7415,69.8232,239.932,F
264,1,HappyBirthday,447,31390.8,M,1,0.00420578,0.176274,1053.95,5.67966,F
264,1,HappyBirthday,971,6570.64,F,1,0.000384085,3.745,641.833,0.197198,F
265,1,HappyBirthday,1357,730,F,1,0.507951,0.221656,548.29,626.652,F
265,1,HappyBirthday,261,6570.37,F,1,0.000238979,0.467851,0.0658544,0.0742833,F
265,1,HappyBirthday,1320,1095,F,1,0.134647,0.19808,279.599,74.7173,F
265,1,HappyBirthday,773,11315.3,F,1,0.0173093,0.946592,17.3672,5.80582,F
265,1,HappyBirthday,899,15695.1,M,1,0.000234099,0.102929,9.13596,0.0762582,F
265,1,Births,1429,0,F,0,0,0.625276,0,0,F
266,1,HappyBirthday,243,15330.2,M,1,6.69714e-05,0.0293779,5.53068,0.0213128,F
266,1,HappyBirthday,264,9490.07,F,1,0.0092848,1.1672,45.8412,3.08724,F
266,1,HappyBirthday,1391,365,F,0,0,0.014683,0,0,F
266,1,HappyBirthday,935,18615.7,F,1,0.0403757,3.53185,9549.94,17.6402,F
266,1,HappyBirthday,1321,1095,F,1,4.74534e-05,1.83227,65.7315,0.0161966,F
267,1,HappyBirthday,1191,2190,M,1,0.00570141,1.15692,32.8518,1.85419,F
268,1,HappyBirthday,564,6205.64,F,1,3.56885e-06,3.04852,536.592,0.0020223,F
268,1,HappyBirthday,578,4015.66,M,1,0.00190581,2.70837,72.0069,0.794801,F
269,1,HappyBirthday,316,5475.74,M,1,0.00959767,0.524583,1257.89,17.5278,F
269,1,HappyBirthday,603,19345.2,F,1,0.141687,0.517253,86.4695,50.3605,F
269,1,HappyBirthday,676,24090.5,F,1,0.0085524,3.50151,28.1526,2.79866,F
269,1,HappyBirthday,692,7300.51,F,1,0.0152608,17.7134,4495.56,4.8041,F
269,1,Births,1430,0,F,0,0,0.278407,0,0,F
270,1,HappyBirthday,584,14235.7,F,1,0.00111929,3.03815,0.0279898,0.348017,F
270,1,HappyBirthday,1358,730,M,1,0.168739,0.0828705,2528.35,63.4408,F
271,1,HappyBirthday,401,7300.19,M,1,0.00125165,3.43351,14.4307,0.415024,F
272,1,HappyBirthday,277,6935.66,M,1,0.0164593,1.28267,46.0043,6.14248,F
272,1,HappyBirthday,1274,1460,F,1,0,0.0514925,295.547,0,F
273,1,HappyBirthday,1021,3650,F,1,0.00440259,0.132379,0.585564,1.37118,F
273,1,HappyBirthday,345,9490.54,M,1,0.0335761,2.73803,125.767,12.1865,F
274,1,HappyBirthday,1231,1825,F,1,0.237526,3.37752,3847.8,105.547,F
274,1,HappyBirthday,1392,365,M,1,0.00167065,2.8577,130.818,0.658756,F
274,1,HappyBirthday,637,31755.7,M,1,3.16161e-05,3.08532,10.6528,0.0099482,F
274,1,HappyBirthday,646,19710.6,F,1,8.13094e-06,3.71275,4419.78,0.016112,F
275,1,HappyBirthday,155,12410.3,F,1,0.308612,1.54013,12962.3,188.6,F
275,1,HappyBirthday,255,4015.06,M,1,0.261757,10.1101,263.356,186.417,F
275,1,HappyBirthday,379,6570.24,F,1,0.0142534,13.6922,344.99,5.26878,F
275,1,HappyBirthday,1106,2920,M,1,0.000836014,0.66433,96.7269,0.296345,F
276,1,HappyBirthday,377,26280.3,F,1,0.000145181,0.108949,1084.85,0.216183,F
276,1,HappyBirthday,533,18615.2,M,1,0.000153571,0.0519264,39.2031,0.056485,F
276,1,HappyBirthday,712,11315.6,F,1,0.0744534,0.422568,3026.53,42.4763,F
276,1,HappyBirthday,1060,3285,M,1,0.1151,0.500649,724.723,38.0334,F
277,1,HappyBirthday,143,6205,F,1,0.0152415,0.621057,326.925,7.19666,F
277,1,HappyBirthday,1061,3285,M,1,0.00457365,0.0229888,37.5186,1.50105,F
278,1,HappyBirthday,1062,3285,F,1,0.00248343,19.0182,27.0546,0.773984,F
278,1,HappyBirthday,1192,2190,F,1,0.0028841,1.7768,49.5173,0.965912,F
278,1,HappyBirthday,1107,2920,M,1,0.00242418,0.512439,0.317879,0.754798,F
278,1,HappyBirthday,645,5475.53,M,1,0.050032,4.15504,17.8601,16.8033,F
278,1,HappyBirthday,890,8030.08,M,1,0.00933327,0.590266,1007.22,2.91634,F
279,1,HappyBirthday,966,10950.9,F,1,0.000575519,4.28269,449.607,0.260355,F
280,1,HappyBirthday,48,6205.78,F,1,0.118689,0.122733,7053.63,343.65,F
280,1,HappyBirthday,1148,2555,F,1,0.00888691,0.0725487,20.1865,2.85811,F
280,1,HappyBirthday,936,6570.03,F,1,0.00816991,1.50014,5.05555,2.5529,F
281,1,HappyBirthday,209,7300.41,F,1,0.0667501,1.18088,78.6582,23.838,F
281,1,HappyBirthday,415,4015.92,M,1,0,0.0285134,0,0,F
281,1,HappyBirthday,633,9855.37,M,1,0.000135558,4.9233,24.8812,0.0451896,F
282,1,HappyBirthday,470,16425,M,1,0.000998679,6.93723,0.278801,0.310919,F
282,1,HappyBirthday,1393,365,F,1,3.79404e-05,0.281685,55413.7,0.0506431,F
282,1,HappyBirthday,695,24820.5,M,1,0.449167,6.90143,0.506508,185.472,F
283,1,HappyBirthday,80,36135.4,M,1,3.41828e-05,9.56125,2073.83,0.0741172,F
283,1,HappyBirthday,165,32485.6,F,1,0.00316376,0.712443,148.007,1.20886,F
283,1,HappyBirthday,1322,1095,F,1,0.392545,4.31788,13778.3,366.749,F
283,1,HappyBirthday,1109,2920,F,1,0.0503744,3.70912,0.785461,16.075,F
283,1,Births,1431,0,M,0,0,0.349887,0,0,F
284,1,HappyBirthday,1359,730,F,1,0.00126442,0.0593609,20719.7,5.97387,F
285,1,HappyBirthday,54,5475.21,M,1,0.0533929,0.284563,2803.28,20.8497,F
285,1,HappyBirthday,441,4745.98,F,1,0.00257004,0.189203,25.0785,0.860059,F
285,1,Births,1432,0,M,0,0,0.159735,0,0,F
287,1,HappyBirthday,149,14235.8,F,1,0.397879,2.59246,891.839,157.893,F
287,1,HappyBirthday,684,8760.27,M,1,0.00502747,0.559918,248.883,1.61172,F
287,1,HappyBirthday,963,36135.7,F,1,0.110498,1.90752,21.268,36.7969,F
288,1,HappyBirthday,353,9125.54,F,1,0.00307944,0.73248,71.3285,1.05461,F
289,1,HappyBirthday,411,10950.1,M,1,0.0208806,0.0871317,0.0108556,6.5583,F
289,1,HappyBirthday,1360,730,F,0,0,0.0326399,0,0,F
289,1,HappyBirthday,775,23725.6,M,1,0.243571,2.34991,310.654,99.077,F
290,1,HappyBirthday,296,8760.29,F,1,0.000289006,19.4045,1.55926,0.0904774,F
290,1,HappyBirthday,717,12775.3,F,1,0.00467709,0.0774198,13553,2.63721,F
290,1,HappyBirthday,964,10220.9,F,1,0.0426427,12.7536,125.743,19.8851,F
290,1,Births,1433,0,M,0,0,0.085928,0,0,F
291,1,HappyBirthday,138,13140.5,M,1,0.357979,9.26246,956.232,155.762,F
291,1,HappyBirthday,1149,2555,M,1,0.00679796,1.15128,0.000672971,2.11977,F
291,1,HappyBirthday,1233,1825,M,0,0,0.0297366,0,0,F
291,1,HappyBirthday,1023,3650,F,1,0.0140317,0.286038,27.8469,4.5758,F
291,1,HappyBirthday,1024,3650,M,1,0.01964,1.85793,24.1743,6.4456,F
292,1,HappyBirthday,274,5840.1,M,1,0,0.183643,1213.5,0,F
292,1,HappyBirthday,522,9855.97,F,0,0,0.0572625,0,0,F
292,1,HappyBirthday,783,6570,F,1,0.0627029,6.99853,134.035,22.9906,F
292,1,HappyBirthday,898,17155.5,F,1,0.00134432,0.962221,70.626,0.455365,F
293,1,HappyBirthday,1361,730,F,1,0.497459,0.202304,6024.56,359.341,F
293,1,HappyBirthday,989,9490.78,M,1,0.216467,7.58934,1070.04,76.2569,F
293,1,HappyBirthday,1362,730,F,1,0.00718512,0.877937,89.1015,2.5271,F
294,1,HappyBirthday,230,21170.9,M,1,0,1.04231,0,0,F
294,1,HappyBirthday,456,21170.5,F,1,0.0769251,1.17085,23.855,27.5483,F
294,1,HappyBirthday,1025,3650,F,1,0.000269982,0.41304,81.3163,0.0944608,F
294,1,HappyBirthday,544,8760.02,M,1,0.0080314,1.09945,0.0145686,2.50589,F
295,1,HappyBirthday,1275,1460,F,1,0.0222449,0.541907,532.5,8.09592,F
296,1,HappyBirthday,894,20805.4,M,1,0.240767,5.84084,23.9691,88.3475,F
297,1,HappyBirthday,1063,3285,F,1,0.00075279,0.115493,1616.59,0.776964,F
297,1,HappyBirthday,1394,365,M,1,0.00108918,0.249102,26132.3,3.79314,F
298,1,HappyBirthday,858,9125.26,M,1,0.0165706,0.295201,31.2561,5.95917,F
299,1,HappyBirthday,117,15330.8,M,1,0.00751875,2.57054,1916.94,12.9281,F
300,1,HappyBirthday,1000,10950.8,M,1,0,0.0124988,0.670683,0,F
300,1,HappyBirthday,1064,3285,M,1,0.00160428,0.723146,0.647734,0.49996,F
301,1,HappyBirthday,96,6935.51,F,1,0.510554,0.0675564,14.9525,227.687,F
301,1,HappyBirthday,241,11315.9,M,1,8.0851e-06,1.18632,13097.8,0.0294282,F
301,1,HappyBirthday,1324,1095,M,1,0.0905617,3.73049,511.379,29.5013,F
301,1,HappyBirthday,1194,2190,M,1,0.736909,0.497132,29.902,426.687,F
302,1,HappyBirthday,1150,2555,F,1,0.280444,0.00613701,11793.6,541.843,F
302,1,HappyBirthday,991,16060.1,M,1,7.24734e-05,0.343991,3.83335,0.0225534,F
303,1,HappyBirthday,1111,2920,M,1,0.0926176,0.202163,0.534574,30.2303,F
303,1,HappyBirthday,1110,2920,F,1,0.308093,0.2958,2640.54,455.664,F
304,1,HappyBirthday,100,19710.6,M,1,0.0129081,0.569219,866.451,16.0681,F
304,1,HappyBirthday,694,9125.45,F,1,0.000764619,64.2597,3633.72,1.27951,F
305,1,HappyBirthday,90,7300.04,M,1,0.10792,5.86932,353.079,41.3458,F
305,1,HappyBirthday,182,7665.16,F,1,0.0177549,12.8285,51.3758,5.57264,F
306,1,HappyBirthday,993,10585,F,1,0,47.0843,13670.2,0,F
306,1,HappyBirthday,567,25550.8,F,1,0.0388107,1.2479,1751.88,12.9142,F
306,1,HappyBirthday,1066,3285,F,1,0.000772832,0.0357555,2.63263,0.243296,F
307,1,HappyBirthday,86,17155.5,F,1,0.00330636,0.787871,39.6649,1.09938,F
307,1,HappyBirthday,426,8395.15,F,1,0.119573,1.55852,42.8018,48.1078,F
307,1,HappyBirthday,805,4745.09,M,0,0,0.0594795,0,0,F
308,1,HappyBirthday,360,16425.3,F,1,0.000295788,8.01876,18.199,0.0964648,F
308,1,HappyBirthday,1325,1095,F,1,0.281749,0.939847,17.6882,105.328,F
308,1,HappyBirthday,446,14235.6,M,1,0.143531,3.219,183.819,54.6396,F
308,1,HappyBirthday,481,4745.36,F,1,9.08276e-05,0.750915,0.110655,0.0283043,F
308,1,HappyBirthday,492,21535.7,F,1,0.00503907,31.399,2.1883,1.57474,F
308,1,HappyBirthday,1026,3650,M,1,0.00216573,0.846212,70.0687,0.731031,F
310,1,HappyBirthday,1151,2555,M,1,0.000477266,0.472737,281.522,0.184437,F
310,1,HappyBirthday,844,15330.7,M,1,0.000985556,1.5564,24.2962,0.320571,F
311,1,HappyBirthday,1277,1460,F,1,0.000427925,0.0764645,507.609,0.234986,F
311,1,HappyBirthday,1195,2190,F,1,0.67374,0.177828,72.2381,365.657,F
311,1,HappyBirthday,487,12775.6,M,1,0.00853593,0.935979,48.8086,3.22071,F
311,1,HappyBirthday,644,14965.2,M,1,0.0036116,0.160684,7.24743,1.1508,F
311,1,HappyBirthday,1067,3285,M,1,0.00308051,1.20846,532.469,1.57799,F
312,1,HappyBirthday,6,6570.05,F,1,0.00415138,1.70457,0.584574,1.29291,F
312,1,HappyBirthday,28,18615.9,F,1,0.00542077,0.724581,0.784876,1.69177,F
312,1,HappyBirthday,106,8760.68,M,1,0.000296163,0.919057,230.084,0.178848,F
313,1,HappyBirthday,403,13140,F,1,0,0.175602,84.7764,0,F
313,1,HappyBirthday,724,9490.3,M,1,0.0397383,0.523793,746.895,26.2395,F
313,1,HappyBirthday,726,25185.4,M,1,0.00335473,3.29174,317.012,1.51128,F
313,1,HappyBirthday,1196,2190,M,1,0.332483,0.630972,35.7928,133.249,F
314,1,HappyBirthday,566,5475.97,F,1,0.0475622,0.210061,76.4746,20.2394,F
314,1,HappyBirthday,764,15330.3,F,1,0.23765,0.0889476,8817.79,85.2746,F
315,1,HappyBirthday,101,5475.16,F,1,0,0.326808,58.4288,0,F
315,1,HappyBirthday,1152,2555,F,1,0.250194,0.118709,93.9999,102.937,F
316,1,HappyBirthday,58,16060,M,1,0.0304846,1.29804,132.628,11.5846,F
316,1,HappyBirthday,276,5110.48,F,1,0.709594,0.134621,110.871,596.8,F
316,1,HappyBirthday,736,13870.4,M,1,0.0116064,0.79815,29.1626,3.78994,F
316,1,HappyBirthday,873,24455.1,M,1,0.00114842,1.26408,35.6701,0.386732,F
318,1,HappyBirthday,1068,3285,M,1,0.00163327,0.286521,76.4368,0.570647,F
318,1,HappyBirthday,292,5110.5,F,1,0.134466,2.06616,3793.16,97.8267,F
318,1,HappyBirthday,1234,1825,F,1,0.039666,2.5944,26.5053,12.7441,F
319,1,HappyBirthday,19,23725.2,M,1,0.00074702,0.5436,0.100557,0.23231,F
319,1,HappyBirthday,1326,1095,M,1,0.119157,1.224,29.0261,40.8101,F
320,1,HappyBirthday,1395,365,F,1,0.0661178,0.350643,67669.6,310.117,F
320,1,HappyBirthday,315,14600.2,M,1,0.441308,1.34835,63.4224,200.504,F
320,1,HappyBirthday,1278,1460,M,0,0,0.0102843,0,0,F
320,1,HappyBirthday,587,4745.12,M,1,0.0793136,3.7396,27.1644,26.7522,F
320,1,HappyBirthday,1279,1460,F,1,0.271108,0.290098,527.882,176.546,F
320,1,HappyBirthday,678,4380.61,F,1,0.00107854,5.58566,4.37533e-06,0.335379,F
320,1,HappyBirthday,926,34675.5,F,1,0.000731611,0.312483,15.4734,0.243258,F
321,1,HappyBirthday,44,20440,F,1,0.00052001,0.609141,453.011,0.263616,F
321,1,HappyBirthday,284,16060.6,F,1,0.0198646,0.324596,22.8303,6.82419,F
322,1,HappyBirthday,89,4745.09,M,1,6.43372e-06,1.79235,0.0507625,0.00198368,F
322,1,HappyBirthday,1197,2190,F,1,0.249974,1.93366,10672.4,418.683,F
322,1,HappyBirthday,214,5475.02,M,1,0.0589759,3.67954,0.1975,18.9064,F
322,1,HappyBirthday,732,4745.9,F,1,0.00570027,11.474,35.3683,1.98686,F
323,1,HappyBirthday,503,6205.92,F,1,0.00182927,2.85544,232.697,0.57834,F
323,1,HappyBirthday,721,8760.81,M,1,0.0637579,1.13724,29.5089,20.9669,F
324,1,HappyBirthday,154,20440.4,M,1,0.00017533,31.1373,1.61415,0.0548542,F
324,1,Births,1434,0,M,0,0,0.152819,0,0,F
325,1,HappyBirthday,988,5840.91,M,1,0.0840663,0.0305646,1.98551,27.3703,F
326,1,HappyBirthday,1198,2190,M,1,0.000915669,0.233486,5372.55,2.00646,F
326,1,HappyBirthday,1363,730,M,1,0.382079,0.544397,136.214,172.306,F
327,1,HappyBirthday,1153,2555,F,1,0.00659067,0.078817,2481.33,2.25807,F
327,1,HappyBirthday,1154,2555,M,1,0.0112776,0.43009,1024.07,3.64111,F
327,1,HappyBirthday,620,6935.57,F,1,0.0449768,0.617212,13.2431,14.9579,F
327,1,HappyBirthday,751,4745.67,F,1,0.000255044,0.227811,252.138,0.0847417,F
328,1,HappyBirthday,502,6935.12,F,1,0.318446,0.134768,25686.3,424.945,F
328,1,HappyBirthday,1237,1825,M,1,0.000129026,1.3076,56294.2,0.21705,F
328,1,HappyBirthday,1396,365,M,1,0.756775,0.381782,2245.69,537.093,F
328,1,Births,1435,0,M,0,0,1.12503,0,0,F
329,1,HappyBirthday,9,6205.07,F,1,0.00120272,1.10826,2374.72,1.51361,F
330,1,HappyBirthday,1364,730,F,1,0.00230654,0.331098,102.483,1.00307,F
330,1,HappyBirthday,1199,2190,M,1,0.0561984,0.319414,61.0762,20.1227,F
330,1,HappyBirthday,612,34310.2,M,1,0.00289967,0.667963,171.953,1.12529,F
330,1,HappyBirthday,648,16425.7,M,1,0.000913243,0.879121,26.2434,0.295349,F
330,1,HappyBirthday,930,9855.3,F,1,0.000884366,0.231949,23.6689,0.304127,F
331,1,HappyBirthday,3,5475.02,M,1,0.217829,7.9568,737.53,80.5214,F
331,1,HappyBirthday,680,4015.79,F,1,2.33964e-05,0.739096,26.1077,0.00728603,F
332,1,HappyBirthday,529,8395.31,F,1,0.0377291,7.38392,11.3036,12.5147,F
332,1,HappyBirthday,607,15330,F,1,0.137056,2.31343,5636.89,46.5918,F
332,1,HappyBirthday,938,5840.77,M,1,0.00172515,0.241409,296.668,0.553134,F
333,1,HappyBirthday,1112,2920,M,1,0.158338,0.0989671,70.121,59.1336,F
333,1,HappyBirthday,1069,3285,M,1,0.0474369,1.14228,1041.41,16.1494,F
334,1,HappyBirthday,269,12410.5,F,1,0.00137651,0.600207,7.97139,0.435311,F
334,1,HappyBirthday,528,9855.27,F,1,3.22069e-05,0.382655,334.839,0.014457,F
334,1,HappyBirthday,665,9490.85,F,1,0.00795913,7.05158,425.266,6.63462,F
335,1,HappyBirthday,189,16060,M,1,0.00108735,0.405637,10641.1,0.508958,F
335,1,HappyBirthday,236,7665.29,M,1,0.00176901,0.0959264,14.7198,0.55026,F
335,1,HappyBirthday,356,7665.76,F,1,0.0028239,0.50274,302.765,0.921779,F
335,1,HappyBirthday,673,8030.47,F,1,0.00625856,0.425378,2.05045,1.95189,F
335,1,HappyBirthday,978,10220.9,F,1,0.00566905,0.972817,183.984,2.23067,F
336,1,HappyBirthday,720,20805,F,1,0.889775,0.46127,167.526,710.078,F
337,1,HappyBirthday,1238,1825,M,0,0,0.0326379,0,0,F
337,1,HappyBirthday,369,12410.5,F,1,0.00619844,2.12944,0.0002634,1.9323,F
337,1,HappyBirthday,382,8395.44,M,1,0.192265,1.48563,1.6396,66.4125,F
337,1,HappyBirthday,952,5110.21,M,1,0.011967,0.81538,1279.75,4.57436,F
337,1,HappyBirthday,1397,365,M,0,0,0.0120201,0,0,F
338,1,HappyBirthday,36,8395.77,M,1,0.0285208,0.137001,1155.9,9.06939,F
338,1,HappyBirthday,81,24455.2,M,1,0.171784,4.95453,1.22046,58.784,F
338,1,HappyBirthday,442,5840.66,F,1,0.179265,1.35913,0.0669095,61.3996,F
338,1,HappyBirthday,739,5475.78,M,1,0.0745591,0.574026,9.17223,24.5402,F
338,1,HappyBirthday,755,33215.6,M,1,0.000123058,0.0565291,9000.69,0.775002,F
338,1,HappyBirthday,830,17155,F,1,0.0275774,11.693,0.007749,8.69145,F
339,1,HappyBirthday,161,4380.01,F,1,0.0022717,2.52956,509.908,1.01613,F
339,1,HappyBirthday,275,26280.7,F,1,0.11161,0.306086,2.03501,36.9933,F
339,1,Births,1436,0,M,0,0,0.166004,0,0,F
340,1,HappyBirthday,208,5840.69,M,1,0.730252,0.264532,43.5617,426.289,F
340,1,HappyBirthday,1027,3650,F,1,0.498608,0.403323,88.0382,278.254,F
340,1,HappyBirthday,864,18250.6,M,1,0.0620883,1.75032,26.794,20.737,F
341,1,HappyBirthday,511,15695.3,M,1,0.000795439,0.12785,1.6e-06,0.24735,F
342,1,HappyBirthday,16,5475.67,M,1,0.0018532,0.599193,38.7246,0.659446,F
342,1,HappyBirthday,491,18980.9,F,1,0.0144359,0.192498,10.556,4.7411,F
342,1,HappyBirthday,1239,1825,F,0,0,0.0422552,0,0,F
342,1,HappyBirthday,1398,365,F,1,0.419157,0.0520541,17136.2,318.155,F
343,1,HappyBirthday,120,4015.76,M,1,0.0017013,0.286003,6.73527,0.546327,F
343,1,HappyBirthday,298,4015.4,M,1,0.000582194,0.905299,7431.66,1.66798,F
343,1,HappyBirthday,329,13505.6,F,1,0.000359316,0.316755,0.619343,0.111691,F
343,1,HappyBirthday,405,5475.27,M,1,0,0.117582,165.987,0,F
343,1,HappyBirthday,777,9855.49,M,1,0.00238343,17.4892,0.245418,0.742047,F
344,1,HappyBirthday,980,6570.57,F,1,0.018285,19.2959,1.68365,5.73641,F
344,1,HappyBirthday,1281,1460,M,1,0.228842,0.158586,5631.31,145.266,F
344,1,HappyBirthday,802,4015.17,F,1,0.00575884,0.986488,2.64779,1.81857,F
345,1,HappyBirthday,590,27375.7,M,1,6.66126e-06,1.30081,8.06484,0.0021022,F
346,1,HappyBirthday,1072,3285,F,1,0,0.510022,12846.5,0,F
346,1,HappyBirthday,679,7300.37,F,1,2.33953e-06,2.18973,3121.76,0.00352887,F
346,1,HappyBirthday,828,6570.03,F,1,0.12562,2.97094,41.8577,41.853,F
346,1,HappyBirthday,1073,3285,F,1,0.00829653,1.67781,41.0487,2.77161,F
348,1,HappyBirthday,1201,2190,M,1,0.263569,0.687348,2031.41,134.084,F
348,1,HappyBirthday,1399,365,F,0,0,0.0222718,0,0,F
349,1,HappyBirthday,1202,2190,F,1,0.38231,12.3546,24334.1,536.654,F
349,1,HappyBirthday,1327,1095,F,1,0.693082,0.310593,63.7622,441.388,F
350,1,HappyBirthday,1028,3650,F,1,0.0480526,56.0597,319.141,22.7592,F
350,1,HappyBirthday,1029,3650,M,1,0.0152073,13.2766,72.4472,5.63552,F
350,1,HappyBirthday,335,4380.3,M,1,0.00125886,0.139453,47.8893,0.417507,F
351,1,HappyBirthday,413,7665.61,F,1,0.000887879,1.044,10.9799,0.287622,F
351,1,HappyBirthday,417,10220,M,1,0.0189245,0.112014,450.531,6.60206,F
351,1,HappyBirthday,1155,2555,M,1,0.000632222,2.09698,20108.3,0.544961,F
351,1,HappyBirthday,969,12410.7,M,1,0.120525,0.615674,14.2098,40.2157,F
352,1,HappyBirthday,438,8030.04,M,1,0.0833395,5.59313,12342.8,99.939,F
352,1,HappyBirthday,1030,3650,F,1,0.0077408,21.3448,13.2945,2.41623,F
353,1,HappyBirthday,1240,1825,F,1,0.585549,0.0371685,13.8239,287.253,F
353,1,HappyBirthday,263,24455.3,F,1,0.00451538,1.87794,251.267,3.04264,F
353,1,HappyBirthday,931,10220.1,M,1,0.000888355,0.133772,70.5284,0.304058,F
354,1,HappyBirthday,1328,1095,F,1,0.0170936,0.407052,493.211,6.22243,F
354,1,HappyBirthday,897,23360.9,F,1,0.0805055,9.92545,3.86704,26.3455,F
355,1,HappyBirthday,713,5475.6,M,1,0.137555,0.168954,90.388,58.899,F
355,1,HappyBirthday,722,26645.9,F,1,3.28162e-05,0.0203575,41.2014,0.0109108,F
356,1,HappyBirthday,1156,2555,M,1,0.0969954,1.29564,89.8357,43.9376,F
357,1,HappyBirthday,1031,3650,F,1,8.92517e-05,0.214643,2.74008,0.027951,F
357,1,HappyBirthday,504,5475.46,F,1,0.101719,0.102638,71.6961,36.7582,F
358,1,HappyBirthday,1157,2555,F,1,0.504049,0.306957,742.605,791.806,F
359,1,HappyBirthday,1282,1460,F,0,0,0.0403178,0,0,F
359,1,HappyBirthday,1114,2920,F,1,0.146658,21.3013,82.1161,51.377,F
360,1,HappyBirthday,1115,2920,M,1,0.00737682,1.43566,14.5323,2.30028,F
360,1,HappyBirthday,765,15330.7,F,1,0.00137971,0.269956,1137.34,2.02397,F
360,1,HappyBirthday,1365,730,F,1,0.531555,0.0370354,2521.5,272.223,F
361,1,HappyBirthday,1400,365,F,1,0.2966,0.241697,843.449,194.761,F
361,1,Births,1437,0,M,0,0,0.152107,0,0,F
362,1,HappyBirthday,226,18250.5,M,1,0.0104512,0.989687,15513.2,7.01834,F
362,1,HappyBirthday,400,5840.56,M,0,0,0.0228954,0,0,F
362,1,Births,1438,0,M,0,0,0.0873012,0,0,F
363,1,HappyBirthday,1159,2555,F,1,0.114666,1.05506,52.5614,41.3501,F
363,1,HappyBirthday,1074,3285,M,1,0.447284,0.192839,1358.22,515.237,F
363,1,HappyBirthday,750,4015.65,F,1,0.00229573,0.18266,159.861,0.877658,F
363,1,HappyBirthday,1158,2555,F,1,0.42161,0.457888,16696.7,531.995,F
363,1,HappyBirthday,1204,2190,F,1,8.07045e-07,1.33146,10780,0.00292422,F
364,1,HappyBirthday,985,16425.2,M,1,0.00182785,7.43113,5.94e-05,0.568488,F
364,1,HappyBirthday,1283,1460,M,1,0.00161841,0.029595,305.28,0.784074,F
364,1,HappyBirthday,1284,1460,M,1,0.00255252,0.934631,82.743,0.889766,F
364,1,HappyBirthday,1075,3285,M,1,0.00308124,2.38616,3431.16,4.95848,F
364,1,HappyBirthday,1285,1460,F,1,1.73465e-05,0.489387,65988.7,0.0755661,F
364,1,HappyBirthday,1329,1095,M,1,0.0616565,0.532934,610.046,21.2211,F
364,1,HappyBirthday,729,5110.85,M,1,0.0602355,0.0490006,292.714,19.3072,F
365,1,HappyBirthday,220,19710.7,M,1,0.219074,0.564605,17.6264,82.2692,F
365,1,HappyBirthday,933,29565.9,F,1,0,0.643458,0.0018488,0,F
366,1,HappyBirthday,1116,2920,M,1,0.0249125,2.79663,1.23681,7.8873,F
368,1,HappyBirthday,1160,2555,F,1,2.7153e-05,2.38974,99890.4,0.393486,F
368,1,HappyBirthday,976,7665.38,M,1,3.55075e-05,0.335919,44.2181,0.0118674,F
369,1,HappyBirthday,786,6935.15,M,1,0.000596812,0.591794,708.803,0.200286,F
370,1,HappyBirthday,64,16425.6,M,1,0.261709,0.025381,104,107.717,F
370,1,HappyBirthday,1076,3285,M,1,0.0254425,0.0675294,0.479123,8.00865,F
370,1,HappyBirthday,893,13505.6,M,1,0.345666,1.39302,4650.31,169.33,F
370,1,HappyBirthday,920,4745.32,F,1,0.00130918,1.33794,4.83318,0.408064,F
370,1,Births,1439,0,M,0,0,0.0984044,0,0,F
371,1,HappyBirthday,459,10950.6,F,1,0.000695873,0.350161,151.448,0.223329,F
371,1,HappyBirthday,689,5475.4,F,1,0.090243,0.514879,45.7394,29.6606,F
371,1,HappyBirthday,778,5840.45,M,1,0.241624,1.90219,6837.87,91.2457,F
371,1,HappyBirthday,977,6570.94,M,1,0.0040655,0.569297,1003.81,1.33619,F
371,1,HappyBirthday,1206,2190,M,1,0.00122008,0.112488,101.627,0.550848,F
372,1,HappyBirthday,458,16790.6,M,1,0.362973,1.84641,0.975819,140.215,F
372,1,HappyBirthday,553,29930.1,F,1,0.000601138,0.493743,14.4807,0.198071,F
372,1,Births,1440,0,F,0,0,0.269997,0,0,F
373,1,HappyBirthday,190,12410.5,M,1,0.00235695,1.41229,16744.5,10.8569,F
373,1,HappyBirthday,1330,1095,M,1,0.116639,3.30928,5789.69,88.2456,F
374,1,HappyBirthday,68,6935.5,F,1,0,0.542542,13.3683,0,F
374,1,HappyBirthday,352,8395.68,F,1,0.00131646,0.135388,563.082,0.615367,F
374,1,HappyBirthday,367,21900.4,F,1,0.0412799,0.140065,151.244,13.2239,F
374,1,HappyBirthday,1002,4015,M,1,0.103857,1.39505,1977.22,35.9443,F
374,1,HappyBirthday,948,7300.26,M,1,0.00205121,6.53573,960.097,0.704994,F
375,1,HappyBirthday,1003,4015,M,1,0.0101985,6.76236,0.473741,3.19298,F
375,1,HappyBirthday,968,9490.11,M,1,0.594847,0.30689,6.04571,288.884,F
376,1,HappyBirthday,104,4745.84,M,1,0.00917043,1.58396,7002.85,4.14827,F
376,1,HappyBirthday,247,4380.74,M,0,0,0.128983,0,0,F
376,1,HappyBirthday,387,26645.3,F,1,0,3.54242,0.662042,0,F
376,1,HappyBirthday,1366,730,M,1,0.00983584,0.217639,45.0243,3.27978,F
376,1,HappyBirthday,1401,365,F,1,0.717606,0.107919,54.3411,428.11,F
377,1,HappyBirthday,57,10950.8,F,1,0.00338883,0.228891,0.006986,1.05491,F
377,1,HappyBirthday,1286,1460,F,1,0.0586648,0.156096,3083.51,152.053,F
378,1,HappyBirthday,1402,365,M,1,0.673763,0.0790301,65.1699,348.576,F
378,1,HappyBirthday,643,8395.21,M,0,0,0.00758911,0,0,F
378,1,HappyBirthday,812,17155.8,M,1,0.00129786,1.26539,1903.16,3.21329,F
379,1,HappyBirthday,91,7300.68,F,1,0.00171097,7.82153,6.44827,0.532788,F
379,1,HappyBirthday,1287,1460,F,1,0.00106406,0.12514,6.96391,0.342281,F
379,1,HappyBirthday,254,10585.8,M,1,0.122063,4.5426,0.41168,40.5155,F
379,1,HappyBirthday,1032,3650,M,1,0.000985882,5.86076,15.621,0.329105,F
379,1,HappyBirthday,1117,2920,F,1,0.00408717,0.334846,15.9946,1.27491,F
380,1,HappyBirthday,136,6935.54,F,1,0.00955859,0.305029,16.041,3.01551,F
381,1,HappyBirthday,1033,3650,F,1,0.178803,7.00194,5530.29,180.584,F
381,1,HappyBirthday,538,16425.7,M,1,0.0195613,1.65382,1.39262,6.17123,F
382,1,HappyBirthday,1077,3285,M,1,0.124715,0.875248,16733.5,75.4542,F
382,1,HappyBirthday,324,24090.5,M,1,0.00782992,0.350282,20.9443,2.53118,F
382,1,HappyBirthday,339,22995.2,F,0,0,0.0348634,0,0,F
382,1,HappyBirthday,402,6570.04,F,1,0.0210652,8.54057,234.002,6.77311,F
383,1,HappyBirthday,1241,1825,F,1,0.144015,1.5388,3903.49,53.3811,F
383,1,HappyBirthday,436,12775.3,F,1,0.0237169,0.916372,0.504653,7.46749,F
383,1,HappyBirthday,915,6205.13,F,1,0.00550988,1.40523,632.947,3.12733,F
384,1,HappyBirthday,288,4745.49,F,1,0.00425439,0.164129,0.024284,1.32463,F
384,1,HappyBirthday,1161,2555,F,1,0.036211,0.043246,170.026,12.9603,F
384,1,HappyBirthday,1162,2555,F,1,0.00729515,0.0281803,0.211479,2.275,F
385,1,HappyBirthday,38,35770,F,1,0.00371775,1.33259,0.136401,1.15839,F
386,1,HappyBirthday,79,22265.7,F,1,0,0.710741,0,0,F
386,1,HappyBirthday,668,10220.1,M,1,0.0669574,0.262011,1.873,21.7111,F
386,1,HappyBirthday,702,7665.51,M,1,0.000855372,3.4644,0.0012256,0.266093,F
387,1,HappyBirthday,1164,2555,M,1,0.667086,15.4099,59.7434,347.414,F
387,1,HappyBirthday,815,4745.19,M,1,0.000983718,0.0829191,6.48523,0.315639,F
387,1,HappyBirthday,904,6935.02,F,1,0.000166646,3.16892,26629.6,0.174885,F
388,1,HappyBirthday,983,8030.53,F,1,0.16195,0.308555,121.762,77.9406,F
388,1,HappyBirthday,576,27375.7,F,0,0,0.0480104,0,0,F
388,1,HappyBirthday,794,5475.33,M,1,0.00601428,0.151429,400.945,2.8415,F
388,1,HappyBirthday,817,10585.7,F,1,0.108648,2.41939,8.49345,36.6024,F
388,1,HappyBirthday,947,4380,M,1,0.0468385,1.3394,0.00145497,14.9067,F
389,1,HappyBirthday,1165,2555,F,1,0.0297057,0.583107,4.25648,9.43885,F
389,1,HappyBirthday,246,13870.6,M,1,0.00935637,0.449652,165.986,5.16656,F
390,1,HappyBirthday,796,23360.2,M,1,0.0280761,1.36399,0.195317,8.85818,F
390,1,HappyBirthday,932,16060.7,F,1,0.0168254,31.3586,418.353,5.435,F
391,1,HappyBirthday,153,14600.6,F,1,0.640174,1.39783,176.085,319.404,F
391,1,HappyBirthday,1207,2190,M,1,0.012788,0.482917,439.888,4.12177,F
391,1,HappyBirthday,1004,4015,M,1,0.000270592,0.297822,30701.2,0.457428,F
391,1,HappyBirthday,1118,2920,M,1,8.93167e-06,0.198699,184.173,0.0028151,F
391,1,HappyBirthday,1403,365,F,1,0.00259387,0.133242,95.8782,0.927957,F
391,1,HappyBirthday,1288,1460,M,1,0.00302439,0.0823613,22.0283,0.978747,F
392,1,HappyBirthday,1289,1460,M,1,0.554065,0.0176699,12322.7,646.495,F
393,1,HappyBirthday,59,6205.47,F,1,0.000728794,0.0785022,0.00744796,0.226602,F
393,1,HappyBirthday,272,32120.7,F,1,0.000138394,1.69459,330.357,0.0644414,F
393,1,HappyBirthday,1078,3285,M,1,0.153477,0.199373,20.9777,52.7061,F
393,1,HappyBirthday,1243,1825,F,1,0.000455103,0.233899,21.9082,0.155681,F
394,1,HappyBirthday,125,12775.1,M,1,0.00311975,2.14531,0.810541,0.970999,F
395,1,HappyBirthday,1208,2190,M,1,0.0399051,0.922883,2032.77,15.2709,F
395,1,HappyBirthday,512,15695.5,F,1,0.0258899,0.731853,3650.37,36.6991,F
395,1,HappyBirthday,638,9490.95,M,1,0.0239022,4.46427,196.583,7.67713,F
395,1,HappyBirthday,818,9855.58,F,1,0,2.23549,98.3141,0,F
396,1,HappyBirthday,163,24090.4,M,1,4.51939e-05,1.18129,5994.85,0.0627812,F
396,1,HappyBirthday,1405,365,M,1,0.00106657,0.0474047,7.27851,0.343192,F
396,1,HappyBirthday,699,26280.4,M,1,0.000113658,0.0357616,0,0.03528,F
397,1,HappyBirthday,170,26280.8,M,1,0.000139597,1.23344,26.5437,0.0450758,F
397,1,HappyBirthday,279,16425.1,M,1,0.015056,0.556657,0.219088,4.71464,F
397,1,HappyBirthday,1079,3285,F,1,8.61627e-05,0.135245,28.5092,0.0303821,F
397,1,HappyBirthday,881,4745.73,F,1,0.00262811,1.84746,2890.81,5.72877,F
397,1,HappyBirthday,908,4745.49,M,1,8.76309e-05,0.0572519,98.9011,0.0313267,F
398,1,HappyBirthday,1332,1095,M,1,0.00422082,0.384312,300.763,2.00953,F
398,1,HappyBirthday,477,31390.3,M,1,0.0135992,1.26125,28.1361,4.75214,F
398,1,HappyBirthday,1331,1095,F,1,6.70512e-05,0.686123,3.61811,0.0210272,F
398,1,HappyBirthday,625,28835.3,M,1,0.0234712,12.7141,21.013,7.5309,F
398,1,HappyBirthday,780,8395.9,M,0,0,0.110767,0,0,F
399,1,HappyBirthday,338,4745.43,M,1,0.0262816,0.737909,2.00294,8.30375,F
399,1,HappyBirthday,1119,2920,M,1,0.203964,15.7574,82.6131,87.9461,F
400,1,HappyBirthday,318,10950.9,F,1,0.0197252,6.61194,10.4484,6.47622,F
400,1,HappyBirthday,1034,3650,M,1,0.00488706,0.204996,626.471,1.74668,F
401,1,HappyBirthday,1209,2190,F,1,0.000365288,0.132736,2.7036e-06,0.113577,F
401,1,HappyBirthday,320,14235.1,M,1,0.0164878,1.10344,1.01302,5.17154,F
401,1,HappyBirthday,1244,1825,F,1,0.000156592,0.557821,133.868,0.0505226,F
401,1,HappyBirthday,711,4745.38,M,1,0.234862,1.26546,326.646,191.852,F
402,1,HappyBirthday,1210,2190,M,1,0.0752183,1.76119,0.0324897,24.3043,F
402,1,HappyBirthday,789,11680.2,F,1,0.00025105,0.207316,0,0.078088,F
402,1,HappyBirthday,848,8760.67,M,1,0.0460604,0.192453,0.288687,14.6546,F
403,1,HappyBirthday,119,16790.5,F,1,0.000457599,1.10989,0.046451,0.142338,F
403,1,HappyBirthday,306,16790.4,F,1,0.00853749,0.972136,284.963,5.45241,F
403,1,HappyBirthday,398,11680.9,F,1,0.0196962,6.48417,0.933313,6.19127,F
403,1,HappyBirthday,1333,1095,F,1,0.0261906,0.0338181,9.71566,8.4902,F
404,1,HappyBirthday,67,13870.1,M,1,0.0102274,0.301421,2923.07,7.2227,F
404,1,HappyBirthday,73,4745.66,F,1,0.0094599,0.199941,2464.21,2.95675,F
404,1,HappyBirthday,1406,365,M,1,0.0010094,0.1607,64.8903,0.353818,F
404,1,HappyBirthday,961,4380.35,M,1,0.0287611,15.4269,429.628,25.4958,F
405,1,HappyBirthday,660,4745.48,M,1,0.000246504,0.844747,14.1822,0.0785729,F
406,1,HappyBirthday,76,13870,M,1,0.236863,2.59927,23.1499,88.2899,F
406,1,HappyBirthday,148,21170.7,F,1,0.000340188,1.02562,0,0.105684,F
406,1,HappyBirthday,1334,1095,M,1,0.18088,0.261166,47.3183,75.0754,F
407,1,HappyBirthday,1290,1460,M,1,0.0139665,0.890738,7122.03,28.8425,F
407,1,HappyBirthday,558,13140.6,F,1,0.00112118,3.32566,54.964,0.378353,F
407,1,HappyBirthday,669,18980.3,F,1,0.000757738,3.84135,3781.79,0.393902,F
407,1,Births,1441,0,F,0,0,0.00318452,0,0,F
408,1,HappyBirthday,649,5475.9,F,1,0.000852906,1.03567,1.92763,0.265058,F
408,1,HappyBirthday,768,9855.45,M,1,0.100262,2.78461,46.8264,35.6929,F
408,1,HappyBirthday,769,18980.1,M,1,0.114302,0.68114,39.3163,40.2207,F
409,1,HappyBirthday,1211,2190,M,1,0.405122,0.37331,11.4967,161.499,F
410,1,HappyBirthday,75,17885.9,M,1,0.272968,1.02768,34.7206,107.141,F
410,1,HappyBirthday,1212,2190,M,1,0.0111762,1.04624,11865.6,7.91956,F
410,1,HappyBirthday,995,18250.9,M,1,1.31088e-06,0.243228,2895.95,0.0018554,F
410,1,HappyBirthday,840,12775.2,M,1,0.00166495,3.44752,578.972,0.904976,F
410,1,HappyBirthday,1080,3285,F,1,7.42982e-07,1.13791,3.04899,0.000231344,F
411,1,HappyBirthday,72,8760.34,F,1,0.00905729,1.10098,12.0446,2.96754,F
411,1,HappyBirthday,1166,2555,F,1,0.00340245,0.0617211,31.2043,1.20621,F
411,1,HappyBirthday,1291,1460,F,1,0.143518,0.825127,29.8385,54.811,F
411,1,HappyBirthday,950,10220.2,M,1,0.457462,74.0963,324.223,192.759,F
412,1,HappyBirthday,134,7300.7,M,1,0.0055104,2.74596,11.098,1.75853,F
412,1,HappyBirthday,285,8030.07,M,1,0.00308327,0.806458,168.366,1.71442,F
412,1,HappyBirthday,934,4380.16,F,1,0.13687,2.71553,0.930917,45.7438,F
413,1,HappyBirthday,26,9855.79,F,1,0.000529638,1.84338,42.9436,0.196612,F
413,1,HappyBirthday,99,7300.56,M,1,0.0143625,4.42898,33.6387,4.66468,F
413,1,HappyBirthday,1407,365,M,1,0.000962793,1.29289,26.4428,0.31321,F
413,1,HappyBirthday,548,7300.63,M,1,0.00327734,4.54869,54.4142,1.0342,F
413,1,HappyBirthday,572,14965.5,F,1,0.104029,0.183621,200.566,41.0194,F
413,1,HappyBirthday,918,16060.1,F,1,0.13612,2.43398,85.4669,50.3433,F
415,1,HappyBirthday,23,10220,F,1,0.00206379,13.8089,163.202,0.755901,F
417,1,HappyBirthday,1213,2190,F,1,0.0052401,0.763328,3594.22,10.0307,F
417,1,HappyBirthday,355,21170.4,F,1,0.0723075,1.79015,92.3661,26.4094,F
417,1,HappyBirthday,1167,2555,M,0,0,0.0248523,0,0,F
417,1,HappyBirthday,1408,365,M,1,0.00490096,2.08367,10.6135,1.54465,F
418,1,HappyBirthday,97,6935.96,F,1,0.708075,0.0567708,1602.96,522.736,F
418,1,HappyBirthday,201,4380.97,F,1,0.000874874,2.81453,57414.6,3.87852,F
418,1,HappyBirthday,1292,1460,M,1,0.330987,2.5417,284.153,188.347,F
418,1,HappyBirthday,594,5840.45,M,1,9.9923e-05,17.7929,0.425704,0.031144,F
418,1,HappyBirthday,641,12775.7,F,1,4.48394e-06,0.121305,4.8e-06,0.001396,F
419,1,HappyBirthday,253,7665.18,M,1,0.0244368,2.23293,0.0223444,7.68972,F
419,1,HappyBirthday,600,12775.9,F,1,0.00010902,0.230123,8.32228,0.0350612,F
420,1,HappyBirthday,1335,1095,M,1,0,0.209658,20.5191,0,F
420,1,HappyBirthday,479,5840.94,F,1,0.0134359,0.347894,8.4516,4.38326,F
420,1,HappyBirthday,517,16425.1,M,1,0.00373271,0.126508,0.390553,1.16197,F
420,1,HappyBirthday,1409,365,M,1,3.31083e-05,0.0627034,19.092,0.0113269,F
421,1,HappyBirthday,52,8760.89,F,1,0,0.0973023,0,0,F
421,1,HappyBirthday,478,6570.62,M,1,0.00389501,0.795522,55.5682,1.48949,F
421,1,HappyBirthday,506,6570.39,M,1,0.00219875,0.222211,5.39551,0.684163,F
421,1,HappyBirthday,524,14965.2,F,1,0.000267209,6.34867,20.6721,0.0854702,F
422,1,HappyBirthday,388,12775.4,M,0,0,0.0354499,0,0,F
422,1,HappyBirthday,571,10220.8,M,1,0.00997849,4.14016,0.147488,3.1169,F
422,1,HappyBirthday,627,18250.4,F,1,0.0545566,0.326927,170.561,20.068,F
422,1,HappyBirthday,728,5475.03,F,0,0,0.191347,0,0,F
422,1,HappyBirthday,748,4380.8,M,1,0.0949367,1.74476,1.80531,31.1448,F
423,1,HappyBirthday,1169,2555,M,1,0.32403,0.565525,29.6941,136.46,F
423,1,HappyBirthday,293,18250.8,F,0,0,0.22217,0,0,F
424,1,HappyBirthday,87,5110.47,F,1,0.000440609,0.065492,4.38395e-06,0.136842,F
424,1,HappyBirthday,1214,2190,M,0,0,0.328986,0,0,F
424,1,HappyBirthday,1121,2920,M,1,0,0.152527,0,0,F
424,1,HappyBirthday,790,6205.85,M,1,0.0252068,1.08219,89.7245,8.07527,F
425,1,HappyBirthday,697,7300.76,M,1,0.127223,0.600646,334.332,63.0204,F
425,1,HappyBirthday,906,9855.9,M,0,0,0.739228,0,0,F
426,1,HappyBirthday,1170,2555,F,1,0.31366,1.45017,1204,152.301,F
426,1,HappyBirthday,1122,2920,F,1,0.0117897,2.07465,0.851372,3.69792,F
426,1,HappyBirthday,410,17520.1,F,1,0.000550755,0.153347,0.322308,0.171196,F
426,1,HappyBirthday,889,5475.11,F,1,0.00110036,4.72906,14.1971,0.348999,F
427,1,HappyBirthday,24,22995.2,M,1,0,1.20554,35.4903,0,F
427,1,HappyBirthday,1171,2555,F,1,0.00362205,0.0820503,0.0175358,1.12749,F
427,1,HappyBirthday,1410,365,M,0,0,0.0129794,0,0,F
427,1,HappyBirthday,1336,1095,F,1,0.0035793,3.86652,96.2078,1.47976,F
427,1,HappyBirthday,1172,2555,M,1,0.00728317,0.101779,79.7791,2.67718,F
428,1,HappyBirthday,1005,4015,M,1,0.0998645,1.10199,72.3513,33.0186,F
428,1,HappyBirthday,940,10950.4,M,1,0.0258568,0.264087,53.0891,10.1844,F
429,1,HappyBirthday,224,6205.43,F,0,0,0.212419,0,0,F
429,1,HappyBirthday,1245,1825,M,1,0.412434,3.84746,8704.86,1705.12,F
429,1,HappyBirthday,1123,2920,F,1,0.000140955,0.30206,49.0597,0.0469478,F
429,1,HappyBirthday,741,12775.6,F,1,0.0570743,2.20338,1159.47,22.7507,F
429,1,HappyBirthday,825,8395.07,M,1,0.122904,2.33396,5625.51,113.737,F
430,1,HappyBirthday,743,5475.84,M,1,2.64634e-06,0.637362,524.309,0.00259516,F
430,1,HappyBirthday,792,4380.84,F,1,0.000109773,0.309893,24.9353,0.0353189,F
431,1,HappyBirthday,1246,1825,M,1,0.00131702,0.218237,14.4058,0.437362,F
431,1,HappyBirthday,901,9855.22,F,1,0.0116733,0.805792,137.121,4.41232,F
431,1,HappyBirthday,914,12410.2,M,1,6.63565e-05,1.86217,3859.48,0.0269366,F
431,1,Births,1442,0,M,0,0,0.150693,0,0,F
433,1,HappyBirthday,121,10585.5,F,1,4.94913e-06,4.26258,171.526,0.0015586,F
433,1,HappyBirthday,268,9125.79,F,1,0.0238983,0.341916,18.4846,7.56876,F
434,1,HappyBirthday,77,5840.42,M,0,0,0.0841187,0,0,F
435,1,HappyBirthday,1006,4015,M,1,0.00180057,0.465283,334.997,1.35534,F
435,1,HappyBirthday,1293,1460,F,1,0,0.0499169,0,0,F
435,1,HappyBirthday,1081,3285,F,0,0,0.0331534,0,0,F
436,1,HappyBirthday,140,22265.5,M,1,0.0388476,5.79576,2217.31,13.0742,F
436,1,HappyBirthday,1124,2920,M,1,0.155352,4.35191,2971.61,185.846,F
437,1,HappyBirthday,439,18250.5,M,1,0.0582403,6.76589,2.57515,18.686,F
437,1,HappyBirthday,1173,2555,F,1,0.104566,0.997355,3198.35,412.841,F
438,1,HappyBirthday,389,9855.39,F,1,0.040707,1.80865,1067.22,19.1738,F
438,1,Births,1443,0,M,0,0,0.0822336,0,0,F
439,1,HappyBirthday,508,13140.5,M,1,0.0651851,0.728251,3627.56,237.713,F
439,1,HappyBirthday,535,4745.74,F,1,0.0941803,0.640734,0.566833,30.7446,F
439,1,HappyBirthday,849,4380.16,M,1,0.000209484,38.1474,74786.4,0.72547,F
440,1,HappyBirthday,1038,3650,F,1,0.000918018,0.699667,0.105945,0.285654,F
440,1,HappyBirthday,1368,730,F,1,0,0.109313,0.359476,0,F
441,1,HappyBirthday,1125,2920,M,1,0.0685502,0.153464,43875.7,104.343,F
441,1,HappyBirthday,946,8030.25,M,1,0.0117469,9.76513,126.166,5.77221,F
442,1,HappyBirthday,1337,1095,F,1,0.00254405,0.021844,0.474849,0.792024,F
442,1,HappyBirthday,233,9855.08,F,0,0,0.0835456,0,0,F
442,1,HappyBirthday,420,16790.7,M,1,0.000764781,1.17227,2.9843,0.241207,F
444,1,HappyBirthday,1215,2190,F,1,0.245706,0.43406,2689.39,524.844,F
444,1,HappyBirthday,917,8760.9,M,1,0.0468071,30.0083,12.3839,14.949,F
444,1,HappyBirthday,1369,730,M,0,0,0.02095,0,0,F
445,1,HappyBirthday,179,10950.8,M,1,0.00893119,0.0837822,1.77912,2.79943,F
445,1,HappyBirthday,1338,1095,M,1,0.000803762,0.151194,3.01958,0.251059,F
446,1,HappyBirthday,55,6935.7,F,1,0.0885468,0.99692,31.1583,28.9128,F
446,1,HappyBirthday,1370,730,F,1,0.0145177,0.289299,3242.95,50.1973,F
446,1,HappyBirthday,821,28470.6,F,1,0.0880411,0.252957,1667.24,112.79,F
447,1,HappyBirthday,1294,1460,F,1,0.0238749,0.672518,1381.4,21.5957,F
447,1,HappyBirthday,1371,730,F,1,0.439796,0.761096,101.835,204.217,F
447,1,HappyBirthday,432,9125.86,M,1,0.0911155,0.393273,314.221,32.8714,F
447,1,HappyBirthday,708,9855.65,M,1,9.58576e-05,0.935583,9015.7,0.165222,F
447,1,HappyBirthday,1007,4015,F,1,0.0458756,16.6911,248.208,15.045,F
448,1,Births,1444,0,M,0,0,0.0318894,0,0,F
449,1,HappyBirthday,1039,3650,F,1,0.000240464,0.447595,193.137,0.0784627,F
449,1,HappyBirthday,1411,365,M,1,0.29459,1.69866,3603.69,1242.81,F
450,1,HappyBirthday,137,13505,F,1,0.00849187,0.78456,3819.39,3.316,F
450,1,HappyBirthday,1339,1095,M,1,0.000537912,0.112625,6.01944,0.167215,F
450,1,HappyBirthday,575,14235.8,M,1,0,0.0582451,1087,0,F
451,1,HappyBirthday,549,13140.6,F,1,0.00132841,0.0612605,19.9317,0.450489,F
452,1,HappyBirthday,453,35405.5,F,1,0.147498,1.20281,2.68317,49.7675,F
452,1,HappyBirthday,1412,365,F,1,0.0331297,0.165591,3.2503,10.4745,F
453,1,HappyBirthday,1216,2190,F,1,4.72597e-05,1.12979,2901.36,0.17084,F
453,1,Births,1445,0,M,0,0,0.0613916,0,0,F
454,1,HappyBirthday,1217,2190,M,1,0.00446008,0.672066,139.07,1.53281,F
454,1,HappyBirthday,1083,3285,M,1,0.0934228,0.309428,4032.67,146.65,F
454,1,HappyBirthday,1082,3285,M,1,0.00232355,0.454875,101.791,0.833464,F
454,1,Births,1446,0,F,0,0,0.0228032,0,0,F
455,1,HappyBirthday,251,8395.33,M,1,0.0445502,0.864764,32.5853,14.8321,F
455,1,HappyBirthday,1129,2920,M,1,0.0979302,1.02336,27.0355,33.7159,F
455,1,HappyBirthday,440,6570.07,M,1,1.01426e-05,11.9763,98.7882,0.00318458,F
455,1,HappyBirthday,580,7665.03,M,1,0.064967,0.195716,0.123617,20.876,F
455,1,HappyBirthday,1084,3285,M,1,0.0551057,2.31167,0.923181,17.6191,F
456,1,HappyBirthday,1085,3285,F,1,0.0165945,0.351177,47.9542,5.6383,F
456,1,HappyBirthday,532,20805.9,F,1,0.118105,0.244723,4.82653,39.1875,F
456,1,HappyBirthday,1174,2555,F,1,0.0178332,2.91658,2199.21,26.1125,F
456,1,HappyBirthday,1372,730,F,1,8.20768e-05,0.0672748,188397,0.811657,F
457,1,HappyBirthday,126,17520.1,F,1,0.000723522,0.677574,1.9467,0.224908,F
457,1,HappyBirthday,1040,3650,M,1,0.0459748,0.724336,6765.59,59.8535,F
457,1,HappyBirthday,791,15330.2,M,1,0.332746,1.63553,5.79774,126.439,F
458,1,HappyBirthday,1295,1460,M,1,0.00041916,0.221,18982.7,1.19429,F
459,1,HappyBirthday,568,24455.6,M,1,0,0.0351957,1.24981,0,F
460,1,HappyBirthday,350,21900.1,F,1,0.0314539,1.0108,346.823,10.2224,F
460,1,HappyBirthday,704,18615.1,F,1,0.117515,2.86566,11.7454,38.9512,F
460,1,HappyBirthday,1086,3285,M,1,0.052417,1.72101,0.0484098,16.7334,F
461,1,HappyBirthday,12,5110.8,F,1,0.648166,0.257361,243.828,326.601,F
461,1,HappyBirthday,63,8395.31,F,1,0.0313464,0.61431,4.08499,9.90441,F
461,1,HappyBirthday,1175,2555,F,1,0.000503894,0.588419,60.9138,0.159395,F
462,1,HappyBirthday,705,9125.61,F,1,0.010835,0.0903485,0.0317728,3.38567,F
463,1,HappyBirthday,913,16425.8,F,1,0.000129761,1.65213,7.92219,0.0409948,F
465,1,HappyBirthday,227,10585.3,M,1,0.0104854,5.92729,27.1709,3.39248,F
465,1,HappyBirthday,248,12410.8,M,1,0.144171,2.23253,344.483,48.7772,F
465,1,HappyBirthday,631,6935.64,M,1,0,0.0545017,2000.62,0,F
466,1,HappyBirthday,135,9125.13,F,1,0.0885304,7.31008,5.81131,29.0966,F
466,1,HappyBirthday,693,7665.41,F,1,0.225541,0.43279,1882.96,85.9265,F
467,1,HappyBirthday,376,9125.36,M,1,0,18.0698,0.310047,0,F
467,1,HappyBirthday,419,5475.18,M,1,0.00316626,0.44289,204.826,1.13517,F
467,1,Births,1447,0,F,0,0,0.248877,0,0,F
468,1,HappyBirthday,624,12045.3,F,1,0.0188999,0.208911,2.46316,6.0035,F
468,1,HappyBirthday,661,6935.62,F,1,0.003369,0.152285,0.118078,1.04903,F
469,1,HappyBirthday,1041,3650,M,1,0.00017082,1.412,711.638,0.0614516,F
469,1,HappyBirthday,244,22995.3,F,1,0.0249005,0.280705,67.8207,10.097,F
469,1,HappyBirthday,309,8395.15,M,1,0.105331,0.333582,107.731,36.1014,F
470,1,HappyBirthday,131,21170.2,F,1,0.000101279,0.0188617,0,0.0315132,F
470,1,HappyBirthday,188,34675.6,M,1,0.000369597,0.438557,0.321853,0.114954,F
470,1,HappyBirthday,1413,365,M,1,0.658526,0.144248,100.154,383.939,F
471,1,HappyBirthday,630,17520.8,F,1,0.0109853,1.23455,2.99376,3.4524,F
471,1,HappyBirthday,884,12410.4,M,1,4.79146e-05,1.08944,1782.55,0.0973442,F
472,1,HappyBirthday,1087,3285,F,0,0,0.0141439,0,0,F
472,1,HappyBirthday,546,20075.4,M,1,0.00396587,1.91601,3.50969,1.24119,F
472,1,HappyBirthday,1373,730,F,1,0.0109886,0.783686,109396,132.561,F
473,1,HappyBirthday,102,17520.4,F,1,0.385894,0.117465,9034.49,499.252,F
473,1,HappyBirthday,192,14965.4,M,1,0.0443165,0.704725,21.2681,14.5392,F
473,1,HappyBirthday,667,6935.23,M,1,0.000925021,0.258134,23.7549,0.308588,F
474,1,HappyBirthday,273,19710.7,M,1,0.000633769,3.77314,12376.8,5.28907,F
474,1,HappyBirthday,395,22265.4,F,1,0.000814932,1.78104,7.32594,0.260201,F
475,1,HappyBirthday,127,12410,F,1,0.00852864,20.2966,0.0044496,2.66165,F
475,1,HappyBirthday,1247,1825,F,0,0,0.0866321,0,0,F
475,1,HappyBirthday,505,5840.94,M,1,0.00550188,3.80032,9.52265,1.73978,F
475,1,HappyBirthday,746,5475.76,M,1,0.00429862,1.07795,9.7459,1.34273,F
475,1,HappyBirthday,1374,730,M,1,0.232507,0.317734,2109.25,147.515,F
476,1,HappyBirthday,1375,730,M,1,0.000493951,0.12157,3722.15,0.154266,F
476,1,HappyBirthday,698,6570.83,M,1,0.149336,2.28772,0.0955846,50.2641,F
476,1,HappyBirthday,900,16790.5,M,1,0.00451813,2.71848,0.36505,1.40729,F
477,1,HappyBirthday,552,17885.1,M,1,0.0984387,0.919479,2908.48,127.717,F
477,1,HappyBirthday,1340,1095,F,1,0.00442743,3.66622,0.0055544,1.37997,F
478,1,HappyBirthday,129,8030.54,F,1,0.00253981,3.14126,0.0091262,0.790512,F
478,1,HappyBirthday,1088,3285,F,1,0.015828,2.3107,70.636,5.79412,F
478,1,HappyBirthday,683,28470.2,F,1,0.805671,0.020728,7.17127,514.972,F
479,1,HappyBirthday,74,18250.2,M,1,0.0994383,0.89628,57.6299,32.7603,F
479,1,HappyBirthday,162,8760.08,M,1,0.534157,0.530327,3.21882,237.769,F
480,1,HappyBirthday,113,17885.9,M,1,0.2542,0.216239,5561.77,103.606,F
480,1,HappyBirthday,303,7665.11,M,1,0.00036023,1.19814,1666.39,0.835061,F
480,1,HappyBirthday,602,15330.4,F,1,6.78441e-06,4.36204,6894.68,0.013454,F
480,1,HappyBirthday,691,16425.7,F,1,1.58334e-05,0.23536,37420.6,0.132369,F
482,1,HappyBirthday,1008,4015,F,1,6.29994e-05,0.0533253,2396.3,0.0789091,F
482,1,HappyBirthday,1009,4015,M,1,0.000422961,2.50298,38.372,0.139379,F
482,1,HappyBirthday,806,35040,M,0,0,0.151861,0,0,F
483,1,HappyBirthday,1010,4015,F,1,0.000126951,1.23036,1.25199,0.0396159,F
483,1,HappyBirthday,967,20440.9,M,1,8.41416e-06,2.58951,2274.85,0.0219334,F
484,1,HappyBirthday,1218,2190,M,1,0.00863587,0.127332,12.4334,2.79993,F
484,1,HappyBirthday,622,12410,M,1,0.0653229,0.458473,350.171,24.7549,F
485,1,HappyBirthday,337,9125.16,F,1,0.000916826,0.458962,3917.22,0.585712,F
485,1,HappyBirthday,1130,2920,F,1,0.00692863,3.62251,90.9799,2.40688,F
485,1,Births,1448,0,M,0,0,0.0418973,0,0,F
486,1,HappyBirthday,160,18615.7,F,1,0.028963,0.18175,627.184,16.738,F
486,1,HappyBirthday,386,6570.18,F,1,0.249189,0.636982,3.21523,89.4988,F
486,1,HappyBirthday,850,6570.25,F,1,0.00551504,1.88032,156.601,2.20257,F
487,1,HappyBirthday,1089,3285,F,0,0,0.0513491,0,0,F
487,1,HappyBirthday,1298,1460,M,1,0.0129035,0.688741,19917.7,100.765,F
487,1,HappyBirthday,1176,2555,M,1,0.0847073,6.27609,3.0055,27.6496,F
487,1,HappyBirthday,1299,1460,F,1,0.212654,0.255859,9735.96,900.114,F
488,1,HappyBirthday,108,26280.7,M,1,0.000729964,0.593477,13736.2,0.38403,F
488,1,HappyBirthday,174,14965.7,M,1,0.00486634,0.195667,8.20647,1.56924,F
488,1,HappyBirthday,1132,2920,M,1,0.0102449,4.78537,7.15963,3.31474,F
488,1,HappyBirthday,1012,4015,M,1,0.00178091,0.276342,590.929,1.95468,F
488,1,HappyBirthday,1011,4015,M,1,0.00194341,0.167499,0.00625878,0.604553,F
488,1,HappyBirthday,1131,2920,M,1,0.0575365,2.4995,253.726,29.2026,F
489,1,HappyBirthday,1177,2555,M,0,0,0.109912,0,0,F
489,1,HappyBirthday,1300,1460,M,1,0.139139,0.10514,95148.4,1495.73,F
489,1,Births,1449,0,M,0,0,0.0170914,0,0,F
490,1,HappyBirthday,737,5110.56,F,1,0.033659,0.0982247,41.9754,11.3339,F
490,1,HappyBirthday,872,14235.2,F,1,0.403835,18.5261,321.701,348.296,F
490,1,HappyBirthday,923,10585.2,F,1,7.88244e-05,8.83482,3163.94,0.116134,F
490,1,Births,1450,0,F,0,0,0.00366648,0,0,F
491,1,HappyBirthday,1090,3285,F,1,0.000277712,1.13611,516.024,0.271936,F
492,1,HappyBirthday,27,4380.37,M,1,4.64862e-06,17.791,9429.06,0.0184985,F
492,1,HappyBirthday,259,4745.97,M,1,0,0.0747776,0.0131388,0,F
492,1,HappyBirthday,452,15330.3,F,1,9.68843e-05,0.816785,41172.8,0.366796,F
492,1,HappyBirthday,1133,2920,M,1,0.00863645,2.13571,3762.67,15.8736,F
492,1,HappyBirthday,617,14965,M,0,0,0.0752407,0,0,F
492,1,HappyBirthday,781,22630.5,M,1,0.306758,0.104568,6.32312,113.898,F
493,1,HappyBirthday,98,6205.48,F,1,0.407492,0.0965024,20.8672,167.03,F
493,1,HappyBirthday,207,10221,M,1,0.540776,3.08413,11950.3,507.126,F
493,1,HappyBirthday,1134,2920,F,1,0.000948815,0.208622,18857.5,0.474773,F
493,1,HappyBirthday,1178,2555,F,1,0.0233435,0.0446337,1372.06,36.4041,F
493,1,HappyBirthday,618,12775,F,1,0.00505853,1.51073,35.4485,1.67272,F
494,1,HappyBirthday,1044,3650,M,1,0.00100628,4.18632,0.0127454,0.313023,F
494,1,HappyBirthday,297,10220.7,F,1,0.00584463,1.05795,4633.18,12.9928,F
494,1,HappyBirthday,334,6570.93,M,1,3.22317e-06,0.886465,3489.67,0.00512422,F
496,1,HappyBirthday,1219,2190,F,1,0.00150489,17.4371,117071,11.8253,F
496,1,HappyBirthday,499,26645.7,M,1,0.0024913,0.219176,154.959,0.812054,F
496,1,HappyBirthday,1248,1825,M,1,0.000250977,2.18728,458.322,0.127874,F
496,1,HappyBirthday,797,4380.21,F,1,0.0970991,1.60982,36.7776,37.0235,F
498,1,HappyBirthday,1342,1095,M,1,0,0.176689,995.167,0,F
498,1,HappyBirthday,462,14600.4,F,1,0.00507948,0.30831,68826.2,32.5186,F
498,1,HappyBirthday,883,8395.98,M,1,0.37323,2.09369,3.75496,145.351,F
499,1,HappyBirthday,455,11680.2,F,1,0,0.0232351,3776.66,0,F
499,1,Births,1451,0,M,0,0,0.0368794,0,0,F
500,1,HappyBirthday,1376,730,M,1,0.00185363,0.0261031,25.0352,0.639971,F
501,1,HappyBirthday,185,9490.8,F,1,0.196574,0.07904,3380.85,365.601,F
501,1,HappyBirthday,1220,2190,F,1,0.036897,1.54796,5840.12,17.6209,F
501,1,HappyBirthday,1013,4015,F,1,9.38468e-05,1.56175,47.2814,0.0293113,F
501,1,HappyBirthday,1249,1825,M,1,0.0123292,0.227859,1544.94,18.9902,F
501,1,HappyBirthday,925,29930.4,M,1,0.00124898,0.199465,0.011997,0.38825,F
501,1,Births,1452,0,M,0,0,0.0726008,0,0,F
502,1,HappyBirthday,25,25185.7,M,1,0.122927,0.0589002,114.01,45.0987,F
504,1,HappyBirthday,92,13505.4,M,1,0.0198496,1.19375,964.438,13.1931,F
504,1,HappyBirthday,1001,11680.1,M,1,0.00240298,1.49724,7940.21,6.90182,F
504,1,HappyBirthday,682,22630.5,M,0,0,0.0808675,0,0,F
505,1,HappyBirthday,1179,2555,F,0,0,0.136629,0,0,F
505,1,HappyBirthday,1251,1825,M,1,0.770342,0.0375411,2196.85,486.852,F
505,1,HappyBirthday,670,13870.8,F,1,1.41616e-06,0.490695,5976.23,0.003438,F
505,1,HappyBirthday,1250,1825,F,1,0.00965442,1.47859,4342.26,20.2911,F
507,1,HappyBirthday,1415,365,F,0,0,0.0200533,0,0,F
507,1,HappyBirthday,852,22630.7,F,1,0.0727822,2.82435,4395.36,147.805,F
507,1,Births,1453,0,M,0,0,0.128106,0,0,F
508,1,HappyBirthday,423,4745.73,M,1,0.00435893,0.283793,16561.8,3.48532,F
508,1,HappyBirthday,434,17155.1,F,1,0.000119542,0.364383,0.0009762,0.0371562,F
508,1,HappyBirthday,1015,4015,M,1,0.000253191,1.55255,12281.6,2.20577,F
509,1,HappyBirthday,1045,3650,F,1,0.00837271,0.368722,103.951,3.79476,F
509,1,HappyBirthday,1377,730,M,1,0.0175551,0.131927,37396.4,143.043,F
510,1,HappyBirthday,801,6935.1,F,1,0.000919564,11.1027,94.148,0.329022,F
511,1,HappyBirthday,344,26645.6,F,1,0.00468442,1.39741,5441.13,9.25682,F
512,1,HappyBirthday,133,5475.84,F,1,0.000670656,0.361389,5531.17,1.59976,F
512,1,HappyBirthday,1301,1460,M,1,0.00360279,0.157738,128.316,1.35719,F
513,1,HappyBirthday,656,9490.04,M,1,0.000313352,0.867859,0.409982,0.0975054,F
513,1,HappyBirthday,808,13870,M,1,0.00148113,0.643645,42.7409,0.462191,F
513,1,HappyBirthday,916,7300.06,F,1,0.0146443,0.323445,0.871049,4.59343,F
514,1,HappyBirthday,32,5475.94,M,1,0.000443418,1.98263,60.6923,0.149525,F
514,1,HappyBirthday,66,27740,M,1,0.0739473,0.0870206,482.454,41.9864,F
514,1,HappyBirthday,1344,1095,F,1,0.10794,0.0685174,111.464,40.1842,F
516,1,HappyBirthday,551,11315.6,M,1,0.000253609,4.20967,93.3204,0.089991,F
517,1,HappyBirthday,271,6935.61,F,1,0.00714457,1.35431,65499.9,48.2565,F
517,1,HappyBirthday,888,4380.92,M,1,0.10149,7.46337,563.102,48.294,F
518,1,HappyBirthday,1135,2920,F,1,0.00549628,0.55343,5776.62,2.26735,F
518,1,HappyBirthday,404,8760.27,M,1,0.0629468,4.41266,0.0487862,20.2054,F
518,1,HappyBirthday,579,6935.95,F,1,0.0664255,0.931242,2724.3,24.7312,F
519,1,HappyBirthday,265,28105.8,M,1,0.108218,0.968218,2.27006,35.6528,F
519,1,HappyBirthday,1416,365,F,1,0.175197,0.294496,20612,1393.48,F
519,1,HappyBirthday,559,22630.8,M,1,0.00270812,3.75323,63.113,1.07125,F
520,1,HappyBirthday,21,11680,F,1,0.0104193,0.537473,746.653,6.30619,F
520,1,HappyBirthday,280,8030.34,F,1,0.164303,1.29785,0.0955848,55.7826,F
520,1,HappyBirthday,1136,2920,F,1,0.00347479,0.247601,90.9893,1.48476,F
520,1,HappyBirthday,1345,1095,F,1,0.567104,0.701125,693.672,532.874,F
521,1,HappyBirthday,1137,2920,F,1,0.0281375,0.152821,233.266,9.28861,F
521,1,HappyBirthday,1048,3650,F,1,0.104436,2.27943,2.73312,34.3343,F
521,1,HappyBirthday,1047,3650,M,1,8.44268e-07,0.0969918,1945.04,0.00143559,F
522,1,HappyBirthday,1346,1095,F,1,0.0284083,0.278127,32971.3,99.1787,F
522,1,HappyBirthday,1093,3285,F,1,0.00173993,0.19846,1.45562,0.541339,F
522,1,HappyBirthday,1221,2190,M,1,0.0416621,0.0371587,11076.1,19.3239,F
523,1,HappyBirthday,205,16060.7,M,1,0.000369268,0.339382,4.6e-06,0.114716,F
523,1,HappyBirthday,1255,1825,M,1,0.00191454,0.950097,17.0207,0.641355,F
525,1,HappyBirthday,496,10220.7,F,1,0.173862,0.582262,3087.02,64.7565,F
525,1,HappyBirthday,1417,365,F,1,0.473315,0.827507,3546.45,385.686,F
526,1,HappyBirthday,1378,730,F,1,0.356619,0.107172,9891.85,1175.69,F
527,1,HappyBirthday,187,10220.8,F,1,0.052762,1.49846,8.89224,17.0993,F
527,1,HappyBirthday,518,24455.2,M,1,0.33044,2.65685,1304.23,343.462,F
528,1,HappyBirthday,1256,1825,F,1,0.13469,0.230809,139.181,68.201,F
528,1,HappyBirthday,435,16425.9,M,1,0.0227004,1.001,106.816,9.74432,F
528,1,HappyBirthday,1049,3650,F,1,0.00139241,0.439791,112.561,0.445292,F
529,1,HappyBirthday,53,5475.51,M,1,0.0560345,3.14069,2876.33,34.155,F
529,1,HappyBirthday,83,8395.32,M,0,0,0.0959404,0,0,F
529,1,HappyBirthday,380,20440.4,M,1,0.028413,16.0968,912.174,37.7641,F
531,1,HappyBirthday,1379,730,F,1,0.778927,4.07652,13.3122,487.943,F
531,1,HappyBirthday,763,8395.75,F,1,0.00220093,5.39789,0.0001568,0.68489,F
531,1,HappyBirthday,1222,2190,F,1,0.362723,7.49073,152.329,177.283,F
531,1,HappyBirthday,939,10950.1,F,1,0.0861639,2.44966,695.819,28.1214,F
532,1,HappyBirthday,1016,4015,F,1,0.270061,0.260786,1764.17,298.991,F
532,1,HappyBirthday,1302,1460,M,1,0.0297804,0.282728,3032.06,58.5375,F
532,1,HappyBirthday,1138,2920,F,1,0.542994,0.274227,95.4716,328.425,F
532,1,HappyBirthday,972,18615.7,M,1,0.00143801,7.25868,1.3915,0.447958,F
533,1,HappyBirthday,1050,3650,M,1,0.833374,0.0346345,1882.1,573.028,F
533,1,HappyBirthday,218,9855.93,F,1,0.0720748,0.144598,1.755,23.3971,F
533,1,HappyBirthday,409,5110.2,F,1,0.00942078,0.731972,233.329,3.01174,F
533,1,HappyBirthday,1223,2190,M,1,0.548202,0.187688,139.34,311.396,F
534,1,HappyBirthday,8,5110.94,F,1,0.00433374,0.118671,3.13256,1.34997,F
534,1,HappyBirthday,383,12045.4,M,1,0.0136043,7.91778,0.0304462,4.25768,F
534,1,HappyBirthday,466,13140.4,F,1,0.0148322,0.633456,7911.51,24.2413,F
534,1,HappyBirthday,1380,730,M,1,0.0064023,1.43071,259.529,2.30906,F
535,1,HappyBirthday,371,34310.2,F,1,0.00332593,34.4903,51.5993,1.12448,F
535,1,HappyBirthday,1347,1095,F,1,0.0304664,0.262529,2449.25,60.5512,F
535,1,HappyBirthday,1418,365,M,1,0.311852,0.612254,2505.64,485.414,F
536,1,HappyBirthday,7,6935.94,F,1,0.0596598,5.50487,1.9099,19.2505,F
536,1,HappyBirthday,17,27740.2,F,1,0.119652,0.207765,13.8962,42.3004,F
536,1,HappyBirthday,707,5110.42,M,1,1.73996e-05,9.63911,0.0514322,0.00539012,F
536,1,HappyBirthday,1095,3285,M,1,0.0347407,0.906367,1941.93,18.9941,F
537,1,HappyBirthday,621,9125.36,M,1,0.0360768,2.14139,7.79795,11.8296,F
537,1,HappyBirthday,1224,2190,M,1,0.37745,2.55982,9692.84,193.067,F
537,1,Births,1454,0,M,0,0,0.0492494,0,0,F
538,1,HappyBirthday,555,17520.8,M,1,0.000978303,0.131135,6416.79,0.969914,F
539,1,HappyBirthday,986,6570.94,M,1,0.004458,0.0923307,0.558695,1.38827,F
539,1,HappyBirthday,1419,365,F,1,0.0947159,0.414328,1.48696,31.0201,F
540,1,HappyBirthday,1139,2920,F,1,0.183795,4.78266,3.39036,63.8678,F
540,1,HappyBirthday,471,21900.1,M,1,0.00216006,15.6283,0.0082932,0.671853,F
540,1,HappyBirthday,1258,1825,M,1,0.0461579,0.604364,782.625,19.3003,F
541,1,HappyBirthday,18,16790.7,F,1,0.000295041,0.252183,0.0852602,0.091756,F
541,1,HappyBirthday,1140,2920,M,1,0.0570991,17.7961,53.5045,21.9126,F
541,1,HappyBirthday,1303,1460,M,1,0.0378804,5.13903,349.186,27.7448,F
541,1,HappyBirthday,653,11680.4,F,1,1.05322e-05,4.6489,2164.37,0.0126826,F
542,1,HappyBirthday,221,14600.6,M,1,0.105301,0.445565,0.580983,34.6081,F
542,1,HappyBirthday,871,21900.7,M,1,0.000614345,8.63438,1.61786,0.191743,F
543,1,HappyBirthday,167,4745.62,M,1,0.000131068,1.51238,1325.89,0.226351,F
543,1,HappyBirthday,687,5110.38,M,1,0.00159592,0.23424,0.00265589,0.496526,F
545,1,HappyBirthday,317,24820.8,F,1,0.115959,3.8488,38.138,38.5423,F
545,1,HappyBirthday,614,7300.42,M,1,0.0132203,1.38472,12952,61.7892,F
545,1,HappyBirthday,865,13140.2,M,1,0.00110624,1.45347,1.02e-05,0.344145,F
545,1,HappyBirthday,870,4745.03,M,1,0.0162484,1.38048,1089.15,22.1429,F
546,1,HappyBirthday,4,36500,M,1,0.0247664,1.63777,0.0816596,7.79438,F
546,1,HappyBirthday,421,7300.78,M,1,0.000654425,0.730988,0.450482,0.203657,F
546,1,HappyBirthday,642,8395.39,M,1,0.00908774,1.11981,0.0380318,2.83699,F
546,1,HappyBirthday,1096,3285,M,1,0.00437081,0.102272,37.8334,1.59005,F
546,1,HappyBirthday,867,4745.29,F,1,0.00188411,1.19832,1.32319,0.588994,F
547,1,HappyBirthday,147,7665.34,F,1,0.00545693,2.29403,14.5069,1.75285,F
547,1,HappyBirthday,542,16425.4,F,1,0.000210001,0.129065,10.4181,0.0660178,F
547,1,HappyBirthday,826,8760.31,F,1,0.00107705,0.0559282,1.02543,0.336601,F
548,1,HappyBirthday,49,14600.9,M,1,0.0014707,2.86377,0.574414,0.457542,F
548,1,HappyBirthday,1420,365,F,1,0.212694,0.0401719,47927.6,1766.87,F
548,1,HappyBirthday,1381,730,M,1,0.00221716,0.40546,67.8928,0.744122,F
549,1,HappyBirthday,1304,1460,F,1,0.0910692,0.102208,520.724,33.8636,F
549,1,HappyBirthday,598,30660.8,F,1,0.00123267,0.941888,22.8595,0.384311,F
549,1,HappyBirthday,979,9490.16,M,1,0.0064755,0.552287,6818.64,17.6339,F
550,1,HappyBirthday,332,6570.23,F,1,0.0407699,0.961224,0.622987,12.9764,F
550,1,HappyBirthday,343,20805,F,1,0.0188151,0.128792,15.4055,6.31938,F
550,1,HappyBirthday,1305,1460,M,1,0.0850315,0.112412,95.3349,31.6827,F
551,1,HappyBirthday,69,8395.08,F,1,0.0125392,0.420575,1086.12,16.4985,F
551,1,HappyBirthday,537,15695,M,1,0.0548026,0.0630846,2.24518,17.6799,F
551,1,HappyBirthday,824,5840.79,M,1,0.747136,0.656002,34.7097,481.541,F
552,1,HappyBirthday,1348,1095,F,1,0.411615,0.850008,16827.5,762.814,F
552,1,HappyBirthday,1349,1095,M,1,0.0098104,0.0289465,83560.8,73.138,F
552,1,HappyBirthday,394,14965.1,M,1,0.00457404,1.60676,14.5525,1.42936,F
553,1,HappyBirthday,1306,1460,M,1,0.00376138,1.12503,1.11629,1.17163,F
555,1,HappyBirthday,152,35405.6,M,1,0.0110578,2.28089,5589.92,4.45827,F
555,1,HappyBirthday,234,9125.74,M,1,0.000558219,14.7113,6829.67,0.225216,F
555,1,HappyBirthday,761,8030.38,M,1,0.00729661,2.36337,0.0131456,2.2763,F
555,1,HappyBirthday,1183,2555,F,1,3.11313e-05,0.515201,490.856,0.0293186,F
556,1,HappyBirthday,1421,365,M,1,0.702193,0.0513706,28597.7,427.179,F
556,1,HappyBirthday,1225,2190,F,1,0.0967376,0.949108,350.734,45.9024,F
556,1,HappyBirthday,1260,1825,F,1,0.00874909,5.87539,8672.19,28.4047,F
556,1,HappyBirthday,887,8395.42,M,1,0,1.00209,10.9201,0,F
557,1,HappyBirthday,759,10220.2,M,1,2.89573e-07,0.678977,0.828519,9.12e-05,F
558,1,HappyBirthday,412,7300.29,F,1,0.000189422,0.896674,15.4241,0.0625697,F
558,1,HappyBirthday,779,5110.11,M,1,0.217995,1.70114,9.65401,76.4215,F
559,1,HappyBirthday,1351,1095,F,0,0,0.0258561,0,0,F
559,1,HappyBirthday,219,6935.89,F,1,0.0919588,1.90101,1039.42,33.454,F
559,1,HappyBirthday,1052,3650,M,1,0.000595389,4.28012,4.36462e-06,0.185061,F
559,1,HappyBirthday,1350,1095,M,1,0.00344277,0.052079,48794.8,33.5312,F
559,1,HappyBirthday,581,4380.81,F,1,0.0678299,1.07306,150.418,21.8336,F
560,1,HappyBirthday,874,7300.53,F,1,0.00832792,0.0746379,12.7816,2.72301,F
561,1,HappyBirthday,1141,2920,M,1,0.00752401,0.561634,27.4203,2.40957,F
561,1,HappyBirthday,365,4380.49,M,1,2.01999e-05,0.823838,0.0859828,0.0062828,F
561,1,HappyBirthday,606,4380.46,M,1,0.00201801,0.424068,11.1277,0.649095,F
561,1,HappyBirthday,672,8760.78,F,1,0.00171491,0.238446,170.178,0.90952,F
561,1,HappyBirthday,853,13505.5,F,1,0.00463972,0.37271,27590.3,4.90983,F
561,1,HappyBirthday,1261,1825,F,1,0.697151,0.257383,8.86191,385.453,F
562,1,HappyBirthday,1307,1460,M,1,0.322395,0.40261,614.427,140.064,F
562,1,HappyBirthday,304,18615.7,F,1,0.000197964,0.317768,2222.29,0.507661,F
562,1,HappyBirthday,397,11680.9,M,1,0.000121634,0.579273,2.27102,0.0378848,F
562,1,HappyBirthday,494,4745.54,F,1,0,0.047087,19.653,0,F
562,1,HappyBirthday,803,8395.71,F,1,0.0208535,0.866734,3523.24,29.301,F
562,1,HappyBirthday,882,12410.2,M,1,0.0427984,2.27521,3.71711,13.597,F
563,1,HappyBirthday,266,30660.7,M,1,0.00570372,3.21721,573.013,1.83457,F
563,1,HappyBirthday,281,6205.23,F,1,0.0243173,1.10729,862.747,8.09464,F
563,1,HappyBirthday,845,27010.2,F,1,0.966622,15.1027,412.009,1682.98,F
564,1,HappyBirthday,1184,2555,M,1,0.000817306,0.13289,198.345,0.328455,F
564,1,HappyBirthday,530,12045,F,1,0.000160596,0.0984915,0.0016234,0.0500396,F
565,1,HappyBirthday,1262,1825,F,1,0.112395,1.26044,118.637,49.2524,F
566,1,HappyBirthday,177,20805.6,F,1,0.026784,1.15772,16.6873,9.1101,F
566,1,HappyBirthday,1308,1460,F,1,0.000482974,0.220869,33843.3,0.588433,F
566,1,HappyBirthday,1263,1825,F,1,0.0195864,0.0514742,0.980747,6.17656,F
567,1,HappyBirthday,215,5475.62,M,1,0.0607586,0.315484,843.265,41.4863,F
567,1,HappyBirthday,560,11680.6,M,1,0.000938855,0.119295,2.29931,0.292646,F
567,1,HappyBirthday,688,14600.7,M,1,0.138468,1.15822,110.233,47.6348,F
567,1,HappyBirthday,943,5475.66,F,1,0.00114042,0.335834,0.250798,0.354528,F
567,1,Births,1455,0,M,0,0,0.0110498,0,0,F
568,1,HappyBirthday,42,8760.22,F,1,0.049814,0.407657,0.0046292,15.8793,F
568,1,HappyBirthday,1097,3285,F,1,0.00487958,0.452999,35.9545,1.58452,F
568,1,HappyBirthday,330,7300.56,F,1,0.0398899,0.753998,0.12976,12.6566,F
568,1,HappyBirthday,361,5475.04,F,1,0.207979,1.96006,0.231032,72.4876,F
568,1,HappyBirthday,1142,2920,M,1,0,5.52073,4676.24,0,F
568,1,HappyBirthday,647,8760.68,F,1,0.00484144,1.5738,15.1637,1.54748,F
569,1,HappyBirthday,291,12775.2,F,1,0.0154481,1.37923,235.563,6.59076,F
570,1,HappyBirthday,793,14965.9,M,1,5.15066e-07,0.445419,1779.25,0.0005764,F
571,1,HappyBirthday,1352,1095,M,1,0.0371139,0.224621,109.565,13.4083,F
571,1,HappyBirthday,322,27375,M,1,0.0775617,2.51962,0.100104,25.0984,F
571,1,HappyBirthday,1264,1825,F,1,0.516644,0.166058,646.612,279.852,F
573,1,HappyBirthday,816,22265.7,M,1,0.0249279,0.49793,966.091,27.1976,F
575,1,HappyBirthday,1098,3285,M,1,0.127203,3.26871,6646.31,351.487,F
576,1,HappyBirthday,1265,1825,M,1,0.197701,0.37406,13.0952,70.3531,F
576,1,HappyBirthday,429,8760.88,M,1,0.066961,1.76097,0.668198,21.543,F
577,1,HappyBirthday,513,11680.1,F,1,0.00206849,0.943821,2.2e-06,0.643462,F
577,1,HappyBirthday,1226,2190,M,1,0.0544568,0.116894,1054.47,19.0588,F
577,1,HappyBirthday,907,10220.4,F,1,0.00245933,5.87174,4.65378,0.765574,F
578,1,HappyBirthday,984,12775.5,F,1,1.69403e-05,4.7354,52592,0.129103,F
578,1,HappyBirthday,1227,2190,M,1,3.47374e-05,30.7124,7489.76,0.0945245,F
578,1,HappyBirthday,1228,2190,F,1,9.10757e-05,0.0864531,0,0.0282835,F
578,1,HappyBirthday,619,6205.23,M,1,0.0934667,2.05599,9.12032,30.5068,F
578,1,HappyBirthday,700,20075.9,F,1,0.000167467,60.03,168.058,0.0527692,F
579,1,HappyBirthday,1309,1460,M,1,0.0979814,0.228772,3.35315,32.4518,F
579,1,HappyBirthday,536,33215.4,M,1,0.0775036,22.5687,22.4919,25.2209,F
579,1,HappyBirthday,1353,1095,F,1,0.000503975,0.0195183,3.67627,0.156709,F
580,1,HappyBirthday,1099,3285,M,1,0.0068864,1.05788,17.1288,2.19516,F
581,1,HappyBirthday,252,10950.5,F,1,0.109225,0.490545,3.94993,35.9848,F
581,1,HappyBirthday,1229,2190,F,1,0.18448,1.42646,1027.51,94.0568,F
581,1,HappyBirthday,666,4745.8,F,1,1.87163e-05,0.273699,0.000149494,0.00579408,F
581,1,HappyBirthday,744,10220.6,M,1,0.0463682,0.155134,245.889,29.8173,F
581,1,HappyBirthday,910,7665.32,M,1,0.00188814,0.5117,766.808,0.614906,F
582,1,HappyBirthday,1144,2920,M,1,0.00552957,0.278785,30.2335,1.75021,F
582,1,HappyBirthday,1053,3650,F,1,0.000273062,0.112268,0,0.0848405,F
583,1,HappyBirthday,34,31025.1,M,1,0.00118025,1.8128,0.858067,0.366975,F
583,1,HappyBirthday,464,6205.93,F,1,0.307233,0.152961,16.8714,116.616,F
583,1,HappyBirthday,573,5110.03,M,1,0.000331329,2.77882,32.1183,0.111093,F
585,1,HappyBirthday,1019,4015,M,1,0.496049,0.91133,141.568,258.537,F
585,1,HappyBirthday,1422,365,F,1,0.0804067,1.8533,27.4343,26.9936,F
585,1,HappyBirthday,574,8030.77,F,1,0.0621375,2.30799,23.4998,21.8658,F
586,1,HappyBirthday,1266,1825,M,1,0.2049,4.6759,3330.58,312.281,F
587,1,HappyBirthday,31,20805.3,F,1,0.0197561,14.9765,106.214,7.12316,F
587,1,HappyBirthday,1423,365,F,1,0.428717,0.125652,3253.71,246.53,F
587,1,HappyBirthday,488,31025.7,F,1,0.120071,0.47475,1708.34,41.0409,F
588,1,HappyBirthday,1186,2555,M,1,0.000854183,0.954957,4.7931,0.270809,F
588,1,HappyBirthday,1267,1825,M,1,0.0107569,1.29052,0.148398,3.36055,F
588,1,HappyBirthday,690,9490.77,M,1,0.0439225,1.8159,17.9926,14.9297,F
588,1,HappyBirthday,1145,2920,F,1,0.142278,0.902043,1.48986,47.7003,F
588,1,HappyBirthday,1311,1460,F,1,0.0287364,4.35693,57891.4,101.217,F
588,1,HappyBirthday,1185,2555,M,1,0.00217721,0.266049,2.52221,0.67971,F
589,1,HappyBirthday,60,20805.6,F,1,0.147916,1.03491,1191.31,200.377,F
589,1,HappyBirthday,1268,1825,F,0,0,0.0359144,0,0,F
589,1,HappyBirthday,1100,3285,M,1,0.0426644,0.354208,34.9006,13.5665,F
589,1,HappyBirthday,1383,730,F,1,0.46858,0.0474945,9253.81,382.472,F
590,1,HappyBirthday,62,8030.03,M,1,0.000142179,0.719797,5.73197,0.044621,F
590,1,HappyBirthday,199,13140.4,M,1,3.76092e-05,0.193908,14.6036,0.0124334,F
590,1,HappyBirthday,396,10220.5,M,1,0.0212503,9.38447,0.0044926,6.67569,F
590,1,HappyBirthday,1312,1460,M,1,0.517435,0.206327,47.4113,259.753,F
591,1,HappyBirthday,1313,1460,M,1,0.0224994,0.0131286,8.9602,7.39141,F
591,1,HappyBirthday,1101,3285,M,0,0,0.0514258,0,0,F
591,1,HappyBirthday,1425,365,M,1,0.00031135,0.49059,85.1067,0.127682,F
592,1,HappyBirthday,1269,1825,M,1,0.00439526,1.6137,0.462673,1.36934,F
593,1,HappyBirthday,325,13505.9,F,1,0.11998,0.145427,5.38605,40.5118,F
594,1,HappyBirthday,65,9490.46,F,1,0.00624886,1.92282,12.0632,2.01556,F
594,1,HappyBirthday,1270,1825,F,1,0.00591045,7.84565,31.4875,1.91119,F
594,1,HappyBirthday,753,4380.89,M,1,0.00317404,1.29801,1442.18,1.05704,F
595,1,HappyBirthday,257,8395.7,F,1,2.27687e-05,5.09364,1.74856,0.0071348,F
595,1,HappyBirthday,509,20805.9,F,1,0.11562,0.636127,63735.5,233.286,F
596,1,HappyBirthday,480,5475.93,M,1,0.000763323,3.62162,0.201768,0.237297,F
596,1,HappyBirthday,570,6570.46,M,1,0.000573044,9.52017,37.721,0.210857,F
596,1,HappyBirthday,715,12775,M,1,0.000144737,0.892846,7792.9,0.064105,F
597,1,HappyBirthday,1314,1460,F,1,0.135234,2.69413,29613.6,198.71,F
597,1,HappyBirthday,1426,365,F,1,0.00112289,0.0490164,3.74865,0.353619,F
597,1,HappyBirthday,710,27010.1,M,1,0.00153562,11.1333,17.4306,0.479226,F
597,1,HappyBirthday,859,7300.95,F,0,0,0.0275182,0,0,F
598,1,HappyBirthday,123,22995.1,F,1,0.00189164,0.738797,1427.93,0.619063,F
598,1,HappyBirthday,1385,730,M,1,0.0151918,0.246431,115802,121.384,F
598,1,HappyBirthday,210,17885.4,F,1,0.0236525,1.05654,68.6022,7.58429,F
598,1,HappyBirthday,362,11315.6,F,1,0.0177698,0.530819,58.8439,5.61687,F
598,1,HappyBirthday,1146,2920,F,1,6.8374e-06,0.746537,99492.6,0.0523458,F
598,1,HappyBirthday,749,21170.7,M,1,0.000601036,21.3687,288.555,0.202437,F
598,1,HappyBirthday,990,5110.72,M,1,0.000476937,12.1376,0.0164605,0.148213,F
599,1,HappyBirthday,11,4745.89,F,1,0.0118711,0.345518,3.55132,3.71136,F
599,1,HappyBirthday,829,7300.13,M,1,0.00292957,3.19988,91.9799,1.03948,F
601,1,HappyBirthday,490,25185.8,M,1,0.0282848,1.28565,1309.53,23.2211,F
601,1,HappyBirthday,1102,3285,F,0,0,0.00944145,0,0,F
601,1,HappyBirthday,827,12410.9,F,1,0.127099,0.688712,2.19042,42.2442,F
602,1,HappyBirthday,82,14600,F,1,0.0499601,0.952627,0.046737,15.9297,F
602,1,HappyBirthday,213,7665.05,M,1,0.19503,3.08711,3.27552,67.7724,F
603,1,HappyBirthday,115,14600.6,F,1,1.63028e-05,0.507029,850.291,0.0059652,F
603,1,HappyBirthday,820,15695.3,M,1,0.00640585,0.111399,5.75861,2.05325,F
603,1,Births,1456,0,M,0,0,0.0747254,0,0,F
604,1,HappyBirthday,1230,2190,F,1,0.00762344,0.91277,25.0302,2.54918,F
604,1,HappyBirthday,798,6935.93,M,1,0,7.22791,4.14685,0,F
604,1,HappyBirthday,1427,365,M,1,0.00626296,1.6208,187.218,2.48609,F
605,1,HappyBirthday,51,13140.9,F,1,0.00152432,7.08327,35.6542,0.503418,F
605,1,HappyBirthday,671,11315.4,M,1,0.181678,0.547344,5119.52,62.6142,F
605,1,HappyBirthday,855,25185.7,M,1,0.00319284,1.01629,244.491,1.02015,F
605,1,HappyBirthday,1055,3650,F,1,0.000933818,1.6348,0.0198226,0.290213,F
605,1,HappyBirthday,1056,3650,F,1,1.9929e-06,2.47287,0.449153,0.000635415,F
606,1,HappyBirthday,1428,365,M,1,0.11411,0.042278,134.854,43.3201,F
606,1,HappyBirthday,1103,3285,F,1,0.0755638,0.0698664,896.444,80.9617,F
606,1,HappyBirthday,1057,3650,M,0,0,0.0141916,0,0,F
606,1,HappyBirthday,957,17155.3,F,1,0.147199,11.6357,354.805,74.6031,F
608,1,HappyBirthday,1188,2555,M,1,0.135168,3.26911,367.197,45.1785,F
609,1,HappyBirthday,197,7300.14,F,1,0.0125409,0.0844421,1688.83,16.5998,F
609,1,HappyBirthday,534,13140.6,F,1,0.0662049,2.27653,25.6253,21.6426,F
609,1,HappyBirthday,767,5110.42,M,0,0,0.133071,0,0,F
610,1,HappyBirthday,5,10585.8,M,1,0.0198912,0.0930273,7.57193,6.447,F
610,1,HappyBirthday,71,9855.1,F,1,0.0261896,0.732273,2.22706,8.24895,F
610,1,HappyBirthday,437,9855.64,F,1,0.000528767,1.37429,498.648,0.196783,F
611,1,HappyBirthday,1316,1460,F,1,0.222035,0.0302817,101.233,85.5735,F
611,1,HappyBirthday,885,17520.8,M,1,0.000299897,0.241322,43559.8,0.435946,F
612,1,HappyBirthday,357,4745.92,F,1,0.0519424,0.121988,1.88258,16.6294,F
612,1,HappyBirthday,725,4745.23,F,1,3.41821e-06,0.622862,21032.3,0.0064079,F
613,1,HappyBirthday,507,11315.4,M,1,0.000261003,3.23031,0.559101,0.081238,F
613,1,HappyBirthday,696,4380.67,M,1,0.00264227,0.19546,1318.54,1.62089,F
613,1,HappyBirthday,782,7665.93,M,1,0.00079343,2.53585,27.6496,0.277568,F
613,1,HappyBirthday,787,31755.4,M,1,0.000446636,0.180159,52531,0.742977,F
614,1,HappyBirthday,1354,1095,F,1,0.231077,0.0413272,25944.8,1664.11,F
614,1,HappyBirthday,1020,4015,F,1,0.000701252,0.400852,2.83087,0.218037,F
614,1,Births,1457,0,M,0,0,0.113191,0,0,F
615,1,HappyBirthday,1271,1825,M,1,0.0099715,0.131794,14.1746,3.33735,F
616,1,HappyBirthday,370,6205.81,M,1,0.000925675,1.20414,10.0111,0.292801,F
616,1,HappyBirthday,589,19710,M,1,0.00948763,0.2866,519.853,3.65261,F
616,1,HappyBirthday,681,6935,F,1,0.0255161,0.25591,0.102748,8.03472,F
617,1,Births,1458,0,M,0,0,0.0599579,0,0,F
618,1,HappyBirthday,1386,730,F,0,0,0.026721,0,0,F
618,1,HappyBirthday,1387,730,M,1,0.258589,1.55189,2130.64,704.505,F
618,1,HappyBirthday,774,14235.6,F,1,0.00359978,0.386681,15.0035,1.14661,F
618,1,HappyBirthday,831,23360.5,F,1,0.00304939,27.672,2202.36,0.960029,F
619,1,HappyBirthday,267,24455.9,M,1,0.786451,0.474918,1738.27,505.02,F
619,1,HappyBirthday,1318,1460,F,1,0.000205852,8.84133,104570,3.08155,F
619,1,HappyBirthday,1058,3650,M,1,0.00650375,0.257584,0.0250554,2.02793,F
621,1,HappyBirthday,1319,1460,M,1,0.526,0.571789,425.893,237.855,F
621,1,HappyBirthday,1388,730,F,1,0.000666658,0.391645,0.836095,0.207669,F
621,1,HappyBirthday,222,12045.5,M,1,0.00109417,0.163269,3.28e-05,0.34032,F
621,1,HappyBirthday,847,12775.4,F,1,0.000209023,0.0353612,0,0.0649344,F
621,1,HappyBirthday,879,15330.1,F,1,0.0118265,1.80347,1851.29,3.6994,F
622,1,HappyBirthday,450,13140,M,1,0.00688194,2.11874,4.62619,2.14672,F
622,1,HappyBirthday,654,9125.23,M,1,0.427621,24.2288,19.3435,179.025,F
623,1,HappyBirthday,1355,1095,F,1,0.826678,0.261584,2.76961,550.779,F
623,1,HappyBirthday,1356,1095,M,1,0.0561735,0.59013,5925.6,35.3624,F
623,1,HappyBirthday,929,8760.52,M,1,0.00711854,1.73239,80.2879,2.22486,F
624,1,HappyBirthday,260,5475.47,M,1,0.0973918,16.1127,0.00263454,31.8454,F
624,1,HappyBirthday,757,18980.4,M,1,0.667039,14.3415,1.30446,343.292,F
625,1,HappyBirthday,1105,3285,M,1,0.133277,0.301429,2.11355,44.5638,F
625,1,HappyBirthday,448,10585.1,M,1,0.452831,0.654448,148.717,189.086,F
625,1,HappyBirthday,727,10220.5,F,1,0.283518,0.280668,1.16628,103.701,F
625,1,HappyBirthday,987,6570.85,M,1,0.000289707,3.0943,0.000380667,0.0900357,F
625,1,HappyBirthday,863,6205.01,F,1,0.0635777,1.2118,158.412,25.3384,F
625,1,Births,1459,0,F,0,0,0.00823265,0,0,F
626,1,HappyBirthday,327,9125.05,F,1,0.00326091,2.20704,0.114694,1.01525,F
626,1,HappyBirthday,1272,1825,M,1,0.106932,2.83395,10443,851.086,F
627,1,HappyBirthday,10,29200.2,F,1,0.000157089,0.0334588,68.5941,0.0538086,F
627,1,HappyBirthday,176,35405.1,F,1,0.00402211,0.291098,1.52351,1.25583,F
627,1,HappyBirthday,489,9490.41,M,1,0.000309917,1.27149,0.0119486,0.0963982,F
627,1,HappyBirthday,1389,730,F,1,0.574471,0.872574,36.1319,313.581,F
627,1,HappyBirthday,1190,2555,M,1,0.00902974,0.485677,116.662,3.0101,F
628,1,HappyBirthday,158,6570.46,F,1,0.00018562,0.246035,263.2,0.0593956,F
628,1,HappyBirthday,414,17520.8,F,1,0.000125995,0.0991061,0.0022318,0.0391208,F
629,1,HappyBirthday,1390,730,F,1,0.258009,28.7516,38745.8,857.568,F
629,1,HappyBirthday,447,31755.8,M,1,2.82988e-05,0.176274,14.2787,0.0088054,F
629,1,HappyBirthday,971,6935.64,F,1,0.000309302,3.9202,12372.8,2.55475,F
630,1,HappyBirthday,1357,1095,F,1,0.00682365,0.26302,8.66059,2.22192,F
630,1,HappyBirthday,261,6935.37,F,1,0.0104015,0.489738,4.53732,3.32435,F
630,1,HappyBirthday,1320,1460,F,1,0.264653,0.229157,10404.1,335.903,F
630,1,HappyBirthday,1429,365,F,1,0.00234529,1.33792,52.6269,0.802821,F
630,1,HappyBirthday,899,16060.1,M,1,0.000377276,0.102929,1.59231,0.118232,F
631,1,HappyBirthday,243,15695.2,M,1,0.00026852,0.0293779,1e-06,0.0835024,F
631,1,HappyBirthday,264,9855.07,F,1,0.0206354,1.1672,453.425,7.9437,F
631,1,HappyBirthday,1391,730,F,1,0.0502971,0.0225254,153.712,19.8735,F
631,1,HappyBirthday,935,18980.7,F,1,0.437871,3.53185,110.107,181.945,F
631,1,HappyBirthday,1321,1460,F,1,0,2.11973,7835.48,0,F
632,1,HappyBirthday,1191,2555,M,1,0.152945,1.28033,42.6011,55.7271,F
633,1,HappyBirthday,564,6570.64,F,1,0,3.19813,0.423265,0,F
633,1,HappyBirthday,578,4380.66,M,1,0.0148515,2.89677,934.363,22.3789,F
634,1,HappyBirthday,316,5840.74,M,1,0,0.55313,1587.72,0,F
634,1,HappyBirthday,1430,365,F,1,0.214053,0.595714,119.522,88.6537,F
634,1,HappyBirthday,603,19710.2,F,1,0.110109,0.517253,1.98948,36.4372,F
634,1,HappyBirthday,676,24455.5,F,1,0.000896799,3.50151,2690.98,0.561976,F
634,1,HappyBirthday,692,7665.51,F,1,0.111471,17.7144,14.1341,36.7462,F
635,1,HappyBirthday,584,14600.7,F,1,0.01425,3.03815,1089.37,21.4147,F
635,1,HappyBirthday,1358,1095,M,1,0.00245336,0.098335,0.139795,0.763302,F
636,1,HappyBirthday,401,7665.19,M,1,0.261392,3.43384,0.499468,94.2023,F
637,1,HappyBirthday,277,7300.66,M,1,0.000773909,1.34,88.6837,0.319928,F
637,1,HappyBirthday,1274,1825,F,0,0,0.0584756,0,0,F
638,1,HappyBirthday,1021,4015,F,0,0,0.142277,0,0,F
638,1,HappyBirthday,345,9855.54,M,1,0.000219865,2.73803,0.041254,0.0683228,F
639,1,HappyBirthday,1231,2190,F,1,0.195002,3.78085,1865.25,75.7482,F
639,1,HappyBirthday,1392,730,M,1,0.00819882,4.38403,7343.27,44.6153,F
639,1,HappyBirthday,637,32120.7,M,1,0.047855,3.08532,1633.21,21.6889,F
639,1,HappyBirthday,646,20075.6,F,1,0.0127462,3.71275,35.6334,3.98709,F
640,1,HappyBirthday,155,12775.3,F,1,0.00229319,1.54013,6.06677,0.714095,F
640,1,HappyBirthday,255,4380.06,M,1,0.0357569,10.8134,0.0712667,11.3169,F
640,1,HappyBirthday,379,6935.24,F,1,0.061894,14.3328,5.46011,19.8649,F
640,1,HappyBirthday,1106,3285,M,1,0.00496386,0.722738,138.092,1.80922,F
641,1,HappyBirthday,377,26645.3,F,1,1.6292e-05,0.108949,12.9498,0.0054,F
641,1,HappyBirthday,533,18980.2,M,1,0,0.0519264,0,0,F
641,1,HappyBirthday,712,11680.6,F,1,0.000811577,0.422568,21.2031,0.278926,F
641,1,HappyBirthday,1060,3650,M,1,0.000184396,0.541109,18037.9,0.153585,F
642,1,HappyBirthday,143,6570,F,1,0.142713,0.65154,0.00503211,47.8548,F
642,1,HappyBirthday,1061,3650,M,1,0.778898,0.0248466,2397.68,930.536,F
643,1,HappyBirthday,1062,3650,F,1,0.00294656,20.5552,244.161,1.24151,F
643,1,HappyBirthday,1192,2555,F,1,0.0021366,1.96634,69.0449,0.734027,F
643,1,HappyBirthday,1107,3285,M,1,0.00067469,0.557493,0.978434,0.210815,F
643,1,HappyBirthday,645,5840.53,M,1,0.312064,4.38116,1205.06,303.33,F
643,1,HappyBirthday,890,8395.08,M,1,0,0.590266,127.321,0,F
644,1,HappyBirthday,966,11315.9,F,1,0.00714703,4.28269,82.1716,2.36039,F
645,1,HappyBirthday,48,6570.78,F,1,0.00119464,0.128757,0.272589,0.371742,F
645,1,HappyBirthday,1148,2920,F,1,0.0528596,0.0795421,208.151,22.7508,F
645,1,HappyBirthday,936,6935.03,F,1,1.92368e-05,1.57033,12.659,0.00605395,F
646,1,HappyBirthday,209,7665.41,F,1,0.001961,1.18096,36.7906,0.720942,F
646,1,HappyBirthday,415,4380.92,M,1,0,0.0304967,0,0,F
646,1,HappyBirthday,633,10220.4,M,1,0.100835,4.9233,1213.66,33.8798,F
646,1,Births,1460,0,F,0,0,0.232596,0,0,F
647,1,HappyBirthday,470,16790,M,1,0.0830354,6.93723,6.82845,27.6188,F
647,1,HappyBirthday,1393,730,F,1,0.00127157,0.432137,0.73157,0.396505,F
647,1,HappyBirthday,695,25185.5,M,1,0.0276931,6.90143,0.0386218,8.72882,F
648,1,HappyBirthday,165,32850.6,F,1,1.95385e-06,0.712443,35.4298,0.0006064,F
648,1,HappyBirthday,1322,1460,F,1,0.0074389,4.99531,33.4622,2.65763,F
648,1,HappyBirthday,1431,365,M,1,0.796601,0.748661,36.9476,495.8,F
649,1,HappyBirthday,1359,1095,F,0,0,0.0704383,0,0,F
650,1,HappyBirthday,54,5840.21,M,1,0.0138103,0.30005,4685.98,52.6754,F
650,1,HappyBirthday,441,5110.98,F,1,0.00152383,0.200757,291.982,0.490646,F
650,1,HappyBirthday,1432,365,M,1,0.415391,0.34179,6576.27,622.443,F
650,1,Births,1461,0,F,0,0,0.00181192,0,0,F
652,1,HappyBirthday,149,14600.8,F,1,0.0860515,2.59246,1.6709,27.975,F
652,1,HappyBirthday,684,9125.27,M,1,0.0251812,0.559918,2.5811,7.92731,F
653,1,HappyBirthday,353,9490.54,F,1,0.0010853,0.73248,786.746,0.380363,F
654,1,HappyBirthday,411,11315.1,M,1,0.000627109,0.0871317,1.04e-05,0.194996,F
654,1,HappyBirthday,1360,1095,F,1,8.67289e-05,0.0387309,30.0592,0.0308766,F
654,1,HappyBirthday,775,24090.6,M,1,0.00572425,2.34991,4894.28,12.2816,F
655,1,HappyBirthday,296,9125.29,F,1,0.0332123,19.4045,0.0698922,10.4973,F
655,1,HappyBirthday,1433,365,M,1,0.000828553,0.183862,38.247,0.272735,F
655,1,HappyBirthday,717,13140.3,F,1,0,0.0774198,0,0,F
655,1,HappyBirthday,964,10585.9,F,1,0.00517447,12.7536,10.2464,1.61286,F
656,1,HappyBirthday,138,13505.5,M,1,0.0481269,9.26246,13.9521,16.0907,F
656,1,HappyBirthday,1149,2920,M,1,0.00795728,1.26226,9.08648,2.50763,F
656,1,HappyBirthday,1233,2190,M,1,0.00121228,0.0332877,3.91223,0.379818,F
656,1,HappyBirthday,1023,4015,F,1,0.0579235,0.307425,9.83001,19.2826,F
656,1,HappyBirthday,1024,4015,M,1,0.00157018,1.99686,0,0.488042,F
657,1,HappyBirthday,274,6205.1,M,1,0.0445933,0.193122,89.3869,15.9568,F
657,1,HappyBirthday,522,10221,F,0,0,0.0572625,0,0,F
657,1,HappyBirthday,783,6935,F,1,0.26365,7.32596,29.8038,109.36,F
657,1,HappyBirthday,898,17520.5,F,1,0.000639498,0.962221,12.8229,0.203344,F
658,1,HappyBirthday,1361,1095,F,1,0.534565,0.240056,19.1985,245.601,F
658,1,HappyBirthday,989,9855.78,M,1,0.0120632,7.58934,36110.3,43.2956,F
658,1,HappyBirthday,1362,1095,F,1,0.619211,1.04177,191.476,327.844,F
659,1,HappyBirthday,230,21535.9,M,1,0.00218978,1.04231,0.005414,0.681225,F
659,1,HappyBirthday,456,21535.5,F,1,1.01751e-05,1.17085,8937.54,0.013981,F
659,1,HappyBirthday,1025,4015,F,1,0.0292704,0.443924,0.99029,9.27015,F
659,1,HappyBirthday,544,9125.02,M,1,0.000290697,1.09945,1.22949,0.090393,F
660,1,HappyBirthday,1275,1825,F,1,0.339701,0.615397,113.586,143.413,F
661,1,HappyBirthday,894,21170.4,M,1,0.0017352,5.84084,313.413,0.58183,F
662,1,HappyBirthday,1063,3650,F,1,0.000160788,0.124826,40098.1,0.20137,F
662,1,HappyBirthday,1394,730,M,1,0.0035234,0.382151,61.9723,1.36982,F
663,1,HappyBirthday,858,9490.26,M,1,0,0.295201,1295.93,0,F
664,1,HappyBirthday,117,15695.8,M,1,0.562725,2.57054,3910.28,347.573,F
665,1,HappyBirthday,1000,11315.8,M,0,0,0.0124988,0,0,F
665,1,HappyBirthday,1064,3650,M,1,0.00171784,0.781587,24.7677,0.537571,F
666,1,HappyBirthday,96,7300.51,F,1,0.125296,0.0705756,246.409,62.084,F
666,1,HappyBirthday,241,11680.9,M,1,4.0788e-05,1.18632,7215.19,0.234021,F
666,1,HappyBirthday,1324,1460,M,1,0.00296521,4.31576,15.2761,0.941946,F
666,1,HappyBirthday,1194,2555,M,1,0.00188104,0.550166,0.167439,0.585488,F
667,1,HappyBirthday,1150,2920,F,1,5.03114e-05,0.00672859,26.5548,0.0162435,F
667,1,HappyBirthday,991,16425.1,M,1,0.0235442,0.343991,35.5429,7.80105,F
668,1,HappyBirthday,1111,3285,M,1,0.000172828,0.219938,8971.92,0.129346,F
668,1,HappyBirthday,1110,3285,F,1,0.0131161,0.321807,77092.4,44.9726,F
669,1,HappyBirthday,100,20075.6,M,1,0.000516899,0.569219,0.86169,0.160911,F
669,1,HappyBirthday,694,9490.45,F,1,0.00101471,64.2597,2110.08,0.552224,F
670,1,HappyBirthday,90,7665.04,M,1,0.020586,5.86998,1043.09,6.65201,F
670,1,HappyBirthday,182,8030.16,F,1,0,12.8285,17.2781,0,F
671,1,HappyBirthday,993,10950,F,1,0.0800867,47.0843,87.5875,27.2502,F
671,1,HappyBirthday,567,25915.8,F,1,0.0324489,1.2479,14.3809,10.9961,F
671,1,HappyBirthday,1066,3650,F,1,0.667293,0.0386451,288.037,478.808,F
672,1,HappyBirthday,86,17520.5,F,1,0.168929,0.787871,1.04632,57.515,F
672,1,HappyBirthday,426,8760.15,F,1,0.206855,1.55852,1291.88,102.247,F
672,1,HappyBirthday,805,5110.09,M,1,3.90523e-05,0.063112,91280.5,0.148556,F
673,1,HappyBirthday,360,16790.3,F,1,0.0642467,8.01876,3.84274,20.9809,F
673,1,HappyBirthday,1325,1460,F,1,0.0272684,1.0873,2496.32,38.468,F
673,1,HappyBirthday,446,14600.6,M,1,0.00211621,3.219,2027.6,3.55689,F
673,1,HappyBirthday,481,5110.36,F,1,0.0739515,0.796773,330.778,24.736,F
673,1,HappyBirthday,492,21900.7,F,1,0.486026,31.399,561.284,380.498,F
673,1,HappyBirthday,1026,4015,M,1,0.115657,0.909485,148.82,45.8373,F
675,1,HappyBirthday,1151,2920,M,1,0.284714,0.518306,7.11097,107.814,F
675,1,HappyBirthday,844,15695.7,M,1,0.380038,1.5564,134.885,176.043,F
676,1,HappyBirthday,1277,1825,F,1,0.00873821,0.0868341,1161.99,12.281,F
676,1,HappyBirthday,1195,2555,F,1,0.032695,0.196799,82428.8,256.056,F
676,1,HappyBirthday,487,13140.6,M,1,0.0016358,0.935979,0.229608,0.509403,F
676,1,HappyBirthday,644,15330.2,M,1,2.25622e-05,0.160684,1023.03,0.0186182,F
676,1,HappyBirthday,1067,3650,M,1,0.305387,1.30612,2024.44,120.695,F
677,1,HappyBirthday,6,6935.05,F,1,0.00411641,1.78432,202.905,2.23364,F
677,1,HappyBirthday,28,18980.9,F,1,0.00249515,0.724581,1454.39,2.30105,F
677,1,HappyBirthday,106,9125.68,M,1,0.00622305,0.919057,356.104,2.89656,F
678,1,HappyBirthday,403,13505,F,1,8.02251e-06,0.175602,12.2493,0.0025606,F
678,1,HappyBirthday,724,9855.3,M,1,5.78065e-05,0.523793,22.422,0.018663,F
678,1,HappyBirthday,726,25550.4,M,1,0.0250444,3.29174,27.4776,8.7554,F
678,1,HappyBirthday,1196,2555,M,1,0.522179,0.698284,31.1891,236.607,F
679,1,HappyBirthday,566,5840.97,F,1,0.00832589,0.221491,3.28193,2.59969,F
679,1,HappyBirthday,764,15695.3,F,1,0.00385523,0.0889476,21434.2,21.4938,F
680,1,HappyBirthday,101,5840.16,F,1,0.0621123,0.344595,69.5528,23.0933,F
680,1,HappyBirthday,1152,2920,F,1,0.00600257,0.130152,328.239,4.32361,F
680,1,Births,1462,0,F,0,0,0.0374012,0,0,F
681,1,HappyBirthday,58,16425,M,1,0.0109349,1.29804,37.906,3.45679,F
681,1,HappyBirthday,276,5475.48,F,1,0.134384,0.142369,5938.81,49.5127,F
681,1,HappyBirthday,736,14235.4,M,1,0.636587,0.79815,474.941,719.696,F
681,1,HappyBirthday,873,24820.1,M,1,0.0781932,1.26408,134.785,25.9106,F
683,1,HappyBirthday,1068,3650,M,1,0.00448453,0.309676,45385.3,11.9535,F
683,1,HappyBirthday,292,5475.5,F,1,0.37586,2.18508,1027.39,151.459,F
683,1,HappyBirthday,1234,2190,F,1,0.000397335,2.90422,4.12099,0.12629,F
684,1,HappyBirthday,19,24090.2,M,1,0.0636421,0.5436,66.5771,20.4372,F
684,1,HappyBirthday,1326,1460,M,1,0.363735,1.41603,1133.45,562.482,F
685,1,HappyBirthday,1395,730,F,1,0.00267074,0.537926,0.00556782,0.831033,F
685,1,HappyBirthday,315,14965.2,M,1,0.0134369,1.34835,31.8233,4.21161,F
685,1,HappyBirthday,1278,1825,M,0,0,0.011679,0,0,F
685,1,HappyBirthday,587,5110.12,M,1,0.03075,3.96799,1.43488,9.70864,F
685,1,HappyBirthday,1279,1825,F,1,0.00246889,0.329439,985.074,0.76934,F
685,1,HappyBirthday,678,4745.61,F,1,0.000892181,5.94894,140.863,0.337056,F
685,1,HappyBirthday,926,35040.5,F,1,0.000810726,0.312483,0.120912,0.251991,F
686,1,HappyBirthday,44,20805,F,1,0.126262,0.609141,272.657,42.4267,F
686,1,HappyBirthday,284,16425.6,F,1,0.000131466,0.324596,4995.27,0.0787148,F
686,1,Births,1463,0,M,0,0,0.0228262,0,0,F
687,1,HappyBirthday,89,5110.09,M,1,0.00044577,1.90181,3821.89,0.779798,F
687,1,HappyBirthday,1197,2555,F,1,0.00449074,2.13994,0.417147,1.39868,F
687,1,HappyBirthday,214,5840.02,M,1,0.188526,3.8798,2.48339,65.151,F
687,1,HappyBirthday,732,5110.9,F,1,0.0152821,12.1746,104.181,5.48309,F
688,1,HappyBirthday,503,6570.92,F,1,0.0105814,2.99558,39.7079,3.38429,F
688,1,HappyBirthday,721,9125.81,M,1,0.016853,1.13724,0.108787,5.2821,F
689,1,HappyBirthday,154,20805.4,M,1,0.0149198,31.1373,9.19422,4.81821,F
689,1,HappyBirthday,1434,365,M,1,0.0692712,0.32699,39497.9,929.404,F
690,1,HappyBirthday,988,6205.91,M,1,9.02208e-05,0.0321421,0,0.0281032,F
691,1,HappyBirthday,1198,2555,M,1,0.135099,0.258394,35.7495,52.0849,F
691,1,HappyBirthday,1363,1095,M,1,0.000624792,0.645987,51510.7,6.60171,F
692,1,HappyBirthday,1153,2920,F,1,0.00488222,0.0864146,4157.21,7.56675,F
692,1,HappyBirthday,1154,2920,M,1,0.0166977,0.471549,0.364783,5.234,F
692,1,HappyBirthday,620,7300.57,F,1,0.00317078,0.644796,2222.3,2.18895,F
692,1,HappyBirthday,751,5110.67,F,1,0.113868,0.241722,0.701987,37.5835,F
693,1,HappyBirthday,502,7300.12,F,1,0.00798589,0.140791,33.3187,2.90059,F
693,1,HappyBirthday,1396,730,M,1,0.002238,0.585698,74.3971,0.87922,F
693,1,HappyBirthday,1435,365,M,1,0.00930072,2.40725,184.275,3.63213,F
693,1,HappyBirthday,1237,2190,M,1,0.0589147,1.46375,44.9018,20.7542,F
694,1,HappyBirthday,9,6570.07,F,1,0.19728,1.16266,75.8917,90.0442,F
695,1,HappyBirthday,1199,2555,M,1,0.00544386,0.353489,341.845,4.34944,F
695,1,HappyBirthday,612,34675.2,M,1,0.0234911,0.667963,34.7734,8.57986,F
695,1,HappyBirthday,648,16790.7,M,1,0.0058163,0.879121,12.7978,1.84751,F
695,1,HappyBirthday,930,10220.3,F,1,0.00059369,0.231949,27856.3,0.652038,F
696,1,HappyBirthday,3,5840.02,M,1,0.390375,8.38985,213.382,154.289,F
696,1,HappyBirthday,680,4380.79,F,1,0.000864603,0.790507,1.51878,0.270786,F
697,1,HappyBirthday,529,8760.31,F,1,0.100775,7.38392,1306.09,48.6363,F
697,1,HappyBirthday,607,15695,F,1,0.0419069,2.31343,8323.51,18.9564,F
697,1,HappyBirthday,938,6205.77,M,1,0.337758,0.253868,33.5434,128.23,F
697,1,Births,1464,0,M,0,0,0.0691218,0,0,F
698,1,HappyBirthday,1112,3285,M,1,0.000617572,0.107668,3767.02,2.49789,F
698,1,HappyBirthday,1069,3650,M,1,0,1.23459,8.72271,0,F
699,1,HappyBirthday,269,12775.5,F,1,0.00469945,0.600207,172.896,1.9822,F
699,1,HappyBirthday,528,10220.3,F,1,0.0315797,0.382655,1152.1,23.5324,F
699,1,HappyBirthday,665,9855.85,F,1,0.012758,7.05158,0.101417,3.99107,F
700,1,HappyBirthday,189,16425,M,1,0.00117137,0.405637,13676.5,0.615747,F
700,1,HappyBirthday,236,8030.29,M,1,0.171064,0.0959264,2779.14,102.821,F
700,1,HappyBirthday,356,8030.76,F,1,0.00272982,0.50274,0.938004,0.84968,F
700,1,HappyBirthday,673,8395.47,F,1,0,0.425378,0.368724,0,F
700,1,HappyBirthday,978,10585.9,F,1,0.022223,0.972817,3.14109,6.98509,F
701,1,HappyBirthday,720,21170,F,1,0.00036019,0.46127,832.894,0.249995,F
702,1,HappyBirthday,1397,730,M,1,0.000763847,0.0184402,0.488934,0.237128,F
702,1,HappyBirthday,1238,2190,M,1,0.0323219,0.0365355,0.0371572,10.2105,F
702,1,HappyBirthday,369,12775.5,F,1,0.00846582,2.12944,3.73677,2.6534,F
702,1,HappyBirthday,382,8760.44,M,1,0.0059919,1.48563,85.4499,2.02378,F
702,1,HappyBirthday,952,5475.21,M,1,0.00126765,0.862309,24.555,0.411324,F
703,1,HappyBirthday,36,8760.77,M,1,0.00587361,0.137001,596.161,2.23517,F
703,1,HappyBirthday,81,24820.2,M,1,0.00282268,4.95453,0.0601964,0.878048,F
703,1,HappyBirthday,442,6205.66,F,1,0.00891921,1.42928,50.3042,2.98224,F
703,1,HappyBirthday,739,5840.78,M,1,0.0039155,0.605264,6464.28,1.53974,F
703,1,HappyBirthday,755,33580.6,M,1,0.000114177,0.0565291,0.0072544,0.0354286,F
703,1,HappyBirthday,830,17520,F,1,0.630721,11.693,34.2808,310.005,F
704,1,HappyBirthday,161,4745.01,F,1,0.078915,2.6941,135.367,25.5476,F
704,1,HappyBirthday,275,26645.7,F,1,0.0893244,0.306086,2.89674,29.0948,F
704,1,HappyBirthday,1436,365,M,1,1.1134e-05,0.355202,31471.4,0.0555396,F
705,1,HappyBirthday,208,6205.69,M,1,0.0553738,0.278185,0.0197142,17.7038,F
705,1,HappyBirthday,1027,4015,F,1,5.52452e-05,0.43348,32765.5,0.240827,F
705,1,HappyBirthday,864,18615.6,M,1,0.00511727,1.75032,20997.2,3.0461,F
706,1,HappyBirthday,511,16060.3,M,1,0.000247722,0.12785,208.636,0.079081,F
707,1,HappyBirthday,16,5840.67,M,1,0.133689,0.631801,82.0676,50.4646,F
707,1,HappyBirthday,491,19345.9,F,1,0.0779621,0.192498,309.545,26.5315,F
707,1,HappyBirthday,1239,2190,F,1,0.000329327,0.0473012,29041.5,2.80776,F
707,1,HappyBirthday,1398,730,F,1,0.12434,0.0798569,59.9428,52.0111,F
708,1,HappyBirthday,120,4380.76,M,1,0.191519,0.305897,33.3909,66.2265,F
708,1,HappyBirthday,298,4380.4,M,1,0.00010217,0.968277,159.209,0.0346168,F
708,1,HappyBirthday,329,13870.6,F,1,0.000838786,0.316755,4942.88,0.309653,F
708,1,HappyBirthday,405,5840.27,M,1,0.00314633,0.123982,102.694,1.0909,F
708,1,HappyBirthday,777,10220.5,M,1,0.0760619,17.4892,1.94242,24.732,F
708,1,Births,1465,0,M,0,0,0.0534955,0,0,F
709,1,HappyBirthday,980,6935.57,F,1,0.190953,20.1986,0.270348,65.8637,F
709,1,HappyBirthday,1281,1825,M,1,0.000764244,0.180092,37544.6,0.825094,F
709,1,HappyBirthday,802,4380.17,F,1,0.00338992,1.05512,22706.3,1.76974,F
710,1,HappyBirthday,590,27740.7,M,1,0.15288,1.30081,2719.1,61.5095,F
710,1,Births,1466,0,M,0,0,0.0406542,0,0,F
711,1,HappyBirthday,1072,3650,F,1,0.01334,0.551239,5482.7,21.5988,F
711,1,HappyBirthday,679,7665.37,F,1,0.000836701,2.18989,19.5224,0.261191,F
711,1,HappyBirthday,828,6935.03,F,1,0.0112492,3.10994,0.0631937,3.51595,F
711,1,HappyBirthday,1073,3650,F,1,0.000358051,1.8134,4.15163,0.113761,F
713,1,HappyBirthday,1201,2555,M,1,0.486042,0.760674,80.1913,273.898,F
713,1,HappyBirthday,1399,730,F,1,0.493927,0.0341675,12.5953,224.526,F
714,1,HappyBirthday,1202,2555,F,1,0.126404,13.6726,1428.54,52.5619,F
714,1,HappyBirthday,1327,1460,F,1,0.0576541,0.359322,3912.34,232.119,F
715,1,HappyBirthday,1028,4015,F,1,0.068492,60.2514,431.259,28.5599,F
715,1,HappyBirthday,1029,4015,M,1,4.12022e-05,14.2693,1594.16,0.0362304,F
715,1,HappyBirthday,335,4745.3,M,1,0.0279421,0.148523,433.3,9.01143,F
716,1,HappyBirthday,413,8030.61,F,1,0.00280081,1.044,8.84287,0.889256,F
716,1,HappyBirthday,417,10585,M,1,0.0456428,0.112014,6.70678,14.537,F
716,1,HappyBirthday,1155,2920,M,1,0.0108768,2.29912,369.271,7.61554,F
716,1,HappyBirthday,969,12775.7,M,1,0.00420292,0.615674,219.403,1.70247,F
717,1,HappyBirthday,438,8395.04,M,1,0.00805958,5.59313,1.56109,2.52674,F
717,1,HappyBirthday,1030,4015,F,1,0.00609971,22.9408,10765,22.6801,F
718,1,HappyBirthday,1240,2190,F,1,3.03965e-05,0.0416071,20389,0.173644,F
718,1,HappyBirthday,263,24820.3,F,1,0.0444468,1.87794,0.174626,14.1321,F
718,1,HappyBirthday,931,10585.1,M,1,0.0861486,0.133772,0.59516,27.9979,F
719,1,HappyBirthday,1328,1460,F,1,0.000137036,0.470915,0,0.0425016,F
719,1,HappyBirthday,897,23725.9,F,1,0.00159589,9.92545,1700.32,0.799439,F
720,1,HappyBirthday,722,27010.9,F,1,0.000594843,0.0203575,7.65409,0.192134,F
721,1,HappyBirthday,1156,2920,M,1,0.00527469,1.42054,0.355093,1.64588,F
722,1,HappyBirthday,1031,4015,F,1,0.107864,0.230692,451.321,60.1934,F
722,1,HappyBirthday,504,5840.46,F,1,0.0609571,0.108224,0.121146,19.5454,F
724,1,HappyBirthday,1282,1825,F,0,0,0.0457854,0,0,F
724,1,HappyBirthday,1114,3285,F,1,0.0975295,23.1741,135.731,33.6646,F
725,1,HappyBirthday,1115,3285,M,1,0.0944193,1.56189,2779.23,74.508,F
725,1,HappyBirthday,765,15695.7,F,1,0.00714775,0.269956,11.4286,2.23309,F
725,1,HappyBirthday,1365,1095,F,1,0.87855,0.0439466,132.407,735.234,F
726,1,HappyBirthday,1437,365,M,1,0.562516,0.325468,33.4534,274.229,F
727,1,HappyBirthday,226,18615.5,M,1,0.0013272,0.989687,102.24,0.465152,F
727,1,HappyBirthday,400,6205.56,M,0,0,0.0240771,0,0,F
727,1,HappyBirthday,1438,365,M,1,2.44001e-05,0.186801,127717,0.254281,F
728,1,HappyBirthday,1159,2920,F,1,0.0622696,1.15677,0.00572023,19.9819,F
728,1,HappyBirthday,1074,3650,M,1,0.194763,0.208424,15.5779,68.6521,F
728,1,HappyBirthday,750,4380.65,F,1,0.000989589,0.195366,5434.51,4.39542,F
728,1,HappyBirthday,1158,2920,F,1,0.266136,0.502027,1785.49,98.0726,F
728,1,HappyBirthday,1204,2555,F,1,0.628807,1.4735,628.183,822.456,F
729,1,HappyBirthday,985,16790.2,M,1,0.0372195,7.43113,0.0010256,11.7874,F
729,1,HappyBirthday,1283,1825,M,1,0.00546124,0.0336085,4.79445,1.73751,F
729,1,HappyBirthday,1284,1825,M,1,0.000676103,1.06138,11652.6,2.63016,F
729,1,HappyBirthday,1075,3650,M,1,0.0332274,2.579,19.1979,10.5067,F
729,1,HappyBirthday,1285,1825,F,1,0.0150999,0.555754,1519.52,7.32549,F
729,1,HappyBirthday,1329,1460,M,1,0.0126509,0.616546,120.598,4.62498,F
730,1,HappyBirthday,220,20075.7,M,1,0.00029386,0.564605,0.0288324,0.0913692,F
730,1,HappyBirthday,933,29930.9,F,1,0.0499609,0.643458,6.56746,15.9356,F
731,1,HappyBirthday,1116,3285,M,1,0.000428525,3.04251,3.04672,0.134893,F
731,1,Births,1467,0,F,0,0,0.0826807,0,0,F
733,1,HappyBirthday,1160,2920,F,1,0.000923201,2.6201,3.65272,0.287969,F
733,1,HappyBirthday,976,8030.38,M,1,2.71243e-08,0.335919,13151.7,0.000116,F
734,1,HappyBirthday,786,7300.15,M,1,0.0023454,0.618243,0.0057186,0.729654,F
735,1,HappyBirthday,64,16790.6,M,1,0.140706,0.025381,118.527,56.6343,F
735,1,HappyBirthday,1076,3650,M,1,0.00127524,0.0729869,0.0117772,0.396628,F
735,1,HappyBirthday,893,13870.6,M,1,0,1.39302,344.891,0,F
735,1,HappyBirthday,920,5110.32,F,1,0.00669932,1.41965,1301.92,6.12789,F
735,1,Births,1468,0,M,0,0,0.110503,0,0,F
736,1,HappyBirthday,459,11315.6,F,1,0.0029085,0.350161,5.29763,0.918869,F
736,1,HappyBirthday,689,5840.4,F,1,0.00605269,0.542899,0.02133,1.88665,F
736,1,HappyBirthday,778,6205.45,M,1,0.279081,2.00037,4.12573,102.277,F
736,1,HappyBirthday,977,6935.94,M,1,0.00274908,0.595929,0.453694,0.855525,F
736,1,HappyBirthday,1206,2555,M,1,0.160129,0.124488,148.82,56.8982,F
737,1,HappyBirthday,458,17155.6,M,1,9.75333e-05,1.84641,24164.8,0.486705,F
737,1,HappyBirthday,553,30295.1,F,1,0.00155611,0.493743,0.0034718,0.483739,F
737,1,HappyBirthday,1440,365,F,1,0.168779,0.57772,848.387,59.3365,F
738,1,HappyBirthday,190,12775.5,M,1,0.166981,1.41229,2971.39,211.12,F
738,1,HappyBirthday,1330,1460,M,1,0.0817957,3.82848,46.5938,31.3584,F
739,1,HappyBirthday,68,7300.5,F,1,0.00229752,0.56679,0.0386882,0.714551,F
739,1,HappyBirthday,352,8760.68,F,1,0.0047762,0.135388,1399.12,1.58597,F
739,1,HappyBirthday,367,22265.4,F,1,0.00154594,0.140065,6.19143,0.480915,F
739,1,HappyBirthday,1002,4380,M,1,0.000109357,1.4921,12.1236,0.0340709,F
739,1,HappyBirthday,948,7665.26,M,1,0.0769834,6.5363,0.478621,24.9104,F
740,1,HappyBirthday,1003,4380,M,1,0.0134059,7.23282,6606.32,35.3434,F
740,1,HappyBirthday,968,9855.11,M,1,0.000223099,0.30689,770.062,0.079878,F
741,1,HappyBirthday,104,5110.84,M,1,0.274998,1.68068,0.373109,100.023,F
741,1,HappyBirthday,247,4745.74,M,1,0.0213175,0.137372,140.129,8.51935,F
741,1,HappyBirthday,387,27010.3,F,1,0.0108209,3.54242,26.7443,3.39787,F
741,1,HappyBirthday,1366,1095,M,1,0.638605,0.258252,8.87817,321.119,F
741,1,HappyBirthday,1401,730,F,1,0.0158655,0.16556,11954.8,15.4537,F
741,1,Births,1469,0,F,0,0,0.178151,0,0,F
742,1,HappyBirthday,57,11315.8,F,1,0.00452039,0.228891,10.9282,1.41199,F
742,1,HappyBirthday,1286,1825,F,1,0.0913547,0.177265,49.6797,32.1885,F
743,1,HappyBirthday,1402,730,M,1,8.62837e-05,0.121241,217444,0.899097,F
743,1,HappyBirthday,643,8760.21,M,0,0,0.00758911,0,0,F
743,1,HappyBirthday,812,17520.8,M,1,0.012119,1.26539,132.17,4.57945,F
744,1,HappyBirthday,91,7665.68,F,1,0.0312084,7.82182,21.4502,9.94682,F
744,1,HappyBirthday,1287,1825,F,1,0.00279714,0.14211,13.1836,0.894002,F
744,1,HappyBirthday,254,10950.8,M,1,0.0319836,4.5426,2.30538,10.1026,F
744,1,HappyBirthday,1032,4015,M,1,0.00549727,6.29898,1002.08,1.92567,F
744,1,HappyBirthday,1117,3285,F,1,0.00651876,0.364286,32.3533,2.30798,F
745,1,HappyBirthday,136,7300.54,F,1,0.00298138,0.318662,0.468234,0.928667,F
746,1,HappyBirthday,1033,4015,F,1,0.000311028,7.52549,16164.9,1.08688,F
746,1,HappyBirthday,538,16790.7,M,1,0.288654,1.65382,38.0508,111.576,F
747,1,HappyBirthday,1077,3650,M,1,0.0120126,0.945981,3344.52,6.17322,F
747,1,HappyBirthday,324,24455.5,M,1,0.00500292,0.350282,32.1548,1.57119,F
747,1,HappyBirthday,339,23360.2,F,1,0.0001401,0.0348634,70.9256,0.0484252,F
747,1,HappyBirthday,402,6935.04,F,1,0.198151,8.94015,4348.09,139.16,F
748,1,HappyBirthday,1241,2190,F,1,0.277912,1.72256,1597.8,316.617,F
748,1,HappyBirthday,436,13140.3,F,1,0.00443062,0.916372,6396.33,7.37994,F
748,1,HappyBirthday,915,6570.13,F,1,0.0031183,1.4742,9.40726,0.981805,F
749,1,HappyBirthday,288,5110.49,F,1,0.0999398,0.174152,230.238,44.0974,F
749,1,HappyBirthday,1161,2920,F,1,0.0191065,0.0474148,799.557,12.4721,F
749,1,HappyBirthday,1162,2920,F,1,0.202173,0.0308968,4562.6,937.709,F
750,1,HappyBirthday,38,36135,F,1,0.0140575,1.33259,460.724,7.56144,F
751,1,HappyBirthday,79,22630.7,F,1,0.177538,0.710741,941.585,77.4826,F
751,1,HappyBirthday,668,10585.1,M,1,0.000206276,0.262011,2619.4,0.644365,F
751,1,HappyBirthday,702,8030.51,M,1,0.0330409,3.4644,2.76603,10.5882,F
752,1,HappyBirthday,1164,2920,M,1,0.000343063,16.8954,966.236,0.549309,F
752,1,HappyBirthday,815,5110.19,M,1,0.0586938,0.0879831,10.0871,19.1204,F
752,1,HappyBirthday,904,7300.02,F,1,0.00951969,3.31055,345.134,3.49793,F
753,1,HappyBirthday,983,8395.53,F,1,0.0475104,0.308555,62.0852,16.4421,F
753,1,HappyBirthday,576,27740.7,F,1,0,0.0480104,0,0,F
753,1,HappyBirthday,794,5840.33,M,1,0.00525793,0.15967,3.52972,1.6681,F
753,1,HappyBirthday,817,10950.7,F,1,0.0001626,2.41939,585.332,0.089254,F
753,1,HappyBirthday,947,4745,M,1,0.00193892,1.42653,267.463,0.620957,F
754,1,HappyBirthday,1165,2920,F,1,0.156122,0.639316,0.891207,52.8213,F
754,1,HappyBirthday,246,14235.6,M,1,0.000129526,0.449652,2066.26,0.0593076,F
755,1,HappyBirthday,796,23725.2,M,1,0.0714736,1.36399,35.5213,23.1114,F
755,1,HappyBirthday,932,16425.7,F,1,0.0431388,31.3586,915.315,13.9321,F
756,1,HappyBirthday,153,14965.6,F,1,0.00331907,1.39783,52.7328,1.06114,F
756,1,HappyBirthday,1207,2555,M,1,0,0.534434,0.129403,0,F
756,1,HappyBirthday,1004,4380,M,1,0.000169151,0.318542,0.1142,0.0525598,F
756,1,HappyBirthday,1118,3285,M,1,0.00835748,0.216168,33.0065,2.66679,F
756,1,HappyBirthday,1403,730,F,1,0.00875996,0.204409,27.27,3.09215,F
756,1,HappyBirthday,1288,1825,M,1,0.00132538,0.0935306,0.00380514,0.41223,F
757,1,HappyBirthday,1289,1825,M,1,0.000907736,0.0200662,6.83336e-05,0.282334,F
758,1,HappyBirthday,59,6570.47,F,1,5.67631e-06,0.082355,0.0698252,0.00175947,F
758,1,HappyBirthday,272,32485.7,F,1,0.00667363,1.69459,39.6447,2.08096,F
758,1,HappyBirthday,1078,3650,M,0,0,0.215485,0,0,F
758,1,HappyBirthday,1243,2190,F,1,0,0.261831,19.5885,0,F
759,1,HappyBirthday,125,13140.1,M,1,0.00119663,2.14531,15.0477,0.390305,F
759,1,Births,1470,0,F,0,0,0.0521572,0,0,F
760,1,HappyBirthday,1208,2555,M,1,0.0252478,1.02134,242.578,8.11837,F
760,1,HappyBirthday,512,16060.5,F,1,0.000368011,0.731853,17.4282,0.124458,F
760,1,HappyBirthday,638,9855.95,M,1,0.0359534,4.46427,0.192067,11.3889,F
760,1,HappyBirthday,818,10220.6,F,1,0.421935,2.23549,23.5162,176.502,F
761,1,HappyBirthday,163,24455.4,M,1,0.00105639,1.18129,2.48e-05,0.328382,F
761,1,HappyBirthday,1405,730,M,1,0.115088,0.0727242,78175.1,1518.67,F
761,1,HappyBirthday,699,26645.4,M,1,0.000471244,0.0357616,18.9871,0.160619,F
762,1,HappyBirthday,170,26645.8,M,1,0.459182,1.23344,4.85988,191.037,F
762,1,HappyBirthday,279,16790.1,M,1,0.000150515,0.556657,17.9112,0.0479256,F
762,1,HappyBirthday,1079,3650,F,1,0.00606923,0.146175,0.0580679,1.89235,F
762,1,HappyBirthday,881,5110.73,F,1,0.000163296,1.96028,935.098,0.0604181,F
762,1,HappyBirthday,908,5110.49,M,1,0.537824,0.0607481,28.5732,244.305,F
763,1,HappyBirthday,1332,1460,M,1,0,0.444607,0,0,F
763,1,HappyBirthday,477,31755.3,M,1,0.00850379,1.26125,0.974427,2.65361,F
763,1,HappyBirthday,1331,1460,F,1,0.0411983,0.793769,4.72093,13.1627,F
763,1,HappyBirthday,780,8760.9,M,1,0.0010233,0.110767,0.0457286,0.318199,F
764,1,HappyBirthday,338,5110.43,M,1,0.0200419,0.782972,22.565,6.72155,F
764,1,HappyBirthday,1119,3285,M,1,0.1158,17.1428,26.7681,39.7676,F
764,1,Births,1471,0,F,0,0,0.15349,0,0,F
765,1,HappyBirthday,318,11315.9,F,1,0.0592339,6.61194,58.5585,20.8823,F
765,1,HappyBirthday,1034,4015,M,1,0.00484043,0.220324,244.971,2.89182,F
766,1,HappyBirthday,1209,2555,F,1,0.000124014,0.146896,33.502,0.040399,F
766,1,HappyBirthday,320,14600.1,M,1,2.76604e-05,1.10344,60.6222,0.0089146,F
766,1,HappyBirthday,1244,2190,F,1,0.000612024,0.624436,0.528537,0.19044,F
766,1,HappyBirthday,711,5110.38,M,1,0.00243367,1.34274,2891.74,3.57462,F
767,1,HappyBirthday,1210,2555,M,1,0.46622,1.94907,8302.16,1316.9,F
767,1,HappyBirthday,789,12045.2,F,1,0.00169367,0.207316,2.4546,0.531859,F
767,1,HappyBirthday,848,9125.67,M,1,0.00776219,0.192453,2.89366,2.42579,F
768,1,HappyBirthday,119,17155.5,F,1,0.658026,1.10989,14.8946,339.965,F
768,1,HappyBirthday,306,17155.4,F,1,0.0573158,0.972136,458.034,37.4197,F
768,1,HappyBirthday,398,12045.9,F,1,0.000176289,6.48417,1.63371,0.054897,F
768,1,HappyBirthday,1333,1460,F,1,0.00392693,0.0391238,0.00042876,1.22245,F
769,1,HappyBirthday,67,14235.1,M,1,2.03121e-06,0.301421,1e-06,0.0006284,F
769,1,HappyBirthday,73,5110.66,F,1,0.0431542,0.212151,0.544811,13.7105,F
769,1,HappyBirthday,961,4745.35,M,1,0.127723,16.4303,164.177,43.3308,F
770,1,HappyBirthday,660,5110.48,M,1,0.146911,0.896334,1.39297,49.378,F
771,1,HappyBirthday,76,14235,M,1,0.00439485,2.59927,1411.78,1.54581,F
771,1,HappyBirthday,148,21535.7,F,1,0.00175981,1.02562,3042.75,5.84507,F
771,1,HappyBirthday,1334,1460,M,1,0.00087671,0.30214,6.07988,0.279908,F
771,1,Births,1472,0,M,0,0,0.127144,0,0,F
772,1,HappyBirthday,1290,1825,M,1,0.000558285,1.01153,0.110735,0.173425,F
772,1,HappyBirthday,558,13505.6,F,1,0.0110519,3.32566,7.4585,3.53542,F
772,1,HappyBirthday,669,19345.3,F,1,6.7857e-05,3.84135,2091.77,0.029548,F
773,1,HappyBirthday,649,5840.9,F,1,0.0639707,1.09203,360.486,30.8664,F
773,1,HappyBirthday,768,10220.5,M,1,0.0313863,2.78461,30.441,9.99995,F
773,1,HappyBirthday,769,19345.1,M,1,0.0028782,0.68114,2591.62,7.64851,F
774,1,HappyBirthday,1211,2555,M,1,0.000428354,0.413134,0.0959895,0.133244,F
775,1,HappyBirthday,75,18250.9,M,1,0.000661075,1.02768,1.26e-05,0.20556,F
775,1,HappyBirthday,1212,2555,M,1,0.020419,1.15785,80608.2,91.6053,F
775,1,HappyBirthday,995,18615.9,M,1,0.151307,0.243228,4734.21,51.1679,F
775,1,HappyBirthday,840,13140.2,M,1,0.00102732,3.44752,1.14489,0.32039,F
775,1,HappyBirthday,1080,3650,F,1,0.204173,1.22987,1.2602,71.0075,F
776,1,HappyBirthday,72,9125.34,F,1,0.0936224,1.10098,3.68037,30.9691,F
776,1,HappyBirthday,1166,2920,F,1,4.9871e-06,0.0676708,3.04429e-06,0.00155824,F
776,1,HappyBirthday,1291,1825,F,1,0.000234356,0.937025,20.5083,0.0799035,F
776,1,HappyBirthday,950,10585.2,M,1,0.00853348,74.0963,0.0542676,2.66385,F
777,1,HappyBirthday,134,7665.7,M,1,0.00411906,2.74606,5.56e-05,1.28282,F
777,1,HappyBirthday,285,8395.07,M,1,0.0272701,0.806458,44.7388,9.69062,F
777,1,HappyBirthday,934,4745.16,F,1,0,2.89216,10.6822,0,F
778,1,HappyBirthday,26,10220.8,F,1,0.00331849,1.84338,1.27484,1.03469,F
778,1,HappyBirthday,99,7665.56,M,1,7.3996e-07,4.42921,1.67193,0.0002316,F
778,1,HappyBirthday,1407,730,M,1,0.000991759,1.98344,89.4531,0.410903,F
778,1,HappyBirthday,548,7665.63,M,1,0.00238758,4.54889,21.7927,0.765297,F
778,1,HappyBirthday,572,15330.5,F,1,1.55437e-06,0.183621,7.6964,0.0004874,F
778,1,HappyBirthday,918,16425.1,F,1,0.0520671,2.43398,38.8048,19.5129,F
780,1,HappyBirthday,23,10585,F,1,0.000214207,13.8089,18.3551,0.0713208,F
782,1,HappyBirthday,1213,2555,F,1,0.00606191,0.844759,1526.02,10.9386,F
782,1,HappyBirthday,355,21535.4,F,1,0.00263087,1.79015,79.7686,0.892018,F
783,1,HappyBirthday,97,7300.96,F,1,0.00411553,0.0593079,1.03499,1.28373,F
783,1,HappyBirthday,201,4745.97,F,1,0.0250998,2.99757,14.7256,7.91562,F
783,1,HappyBirthday,1292,1825,M,1,0.379864,2.88639,602.622,160.161,F
783,1,HappyBirthday,594,6205.45,M,1,0.008223,18.7112,344.293,6.3009,F
783,1,HappyBirthday,641,13140.7,F,1,2.84987e-06,0.121305,0.743108,0.0008904,F
784,1,HappyBirthday,253,8030.18,M,1,0.100933,2.23293,0.0570562,33.0672,F
784,1,HappyBirthday,600,13140.9,F,0,0,0.230123,0,0,F
785,1,HappyBirthday,1335,1460,M,1,0.0781599,0.242551,1464.38,41.1914,F
785,1,HappyBirthday,479,6205.94,F,1,0,0.365849,0,0,F
785,1,HappyBirthday,517,16790.1,M,0,0,0.126508,0,0,F
785,1,HappyBirthday,1409,730,M,1,0.00906975,0.0961941,27.1593,3.20339,F
786,1,HappyBirthday,52,9125.89,F,1,0.000175475,0.0973023,0.0008614,0.0545458,F
786,1,HappyBirthday,478,6935.62,M,1,0.00038794,0.832739,1880.96,0.941374,F
786,1,HappyBirthday,506,6935.39,M,1,0.00207355,0.232607,898.546,0.704068,F
786,1,HappyBirthday,524,15330.2,F,1,0.00102647,6.34867,2809.28,1.48934,F
787,1,HappyBirthday,388,13140.4,M,1,0.00135114,0.0354499,2.98e-05,0.420242,F
787,1,HappyBirthday,571,10585.8,M,1,0.109388,4.14016,0.0267564,36.0025,F
787,1,HappyBirthday,627,18615.4,F,1,0.00486656,0.326927,152.823,1.51681,F
787,1,HappyBirthday,728,5840.03,F,0,0,0.201761,0,0,F
787,1,HappyBirthday,748,4745.8,M,1,0.0278079,1.85823,4.14272,8.76532,F
788,1,HappyBirthday,1169,2920,M,1,0.000848614,0.620039,0.0669375,0.263719,F
788,1,HappyBirthday,293,18615.8,F,1,0.00108002,0.22217,140.019,0.407392,F
789,1,HappyBirthday,87,5475.47,F,1,0.063033,0.0692613,4.43205,20.3755,F
789,1,HappyBirthday,1214,2555,M,1,0.000743859,0.364082,40.1104,0.245319,F
789,1,HappyBirthday,1121,3285,M,1,7.80212e-05,0.165937,0,0.0242245,F
789,1,HappyBirthday,790,6570.85,M,1,0.00301283,1.1353,2.74539,0.941801,F
790,1,HappyBirthday,697,7665.76,M,1,0.00243683,0.600663,77.9691,0.771801,F
790,1,HappyBirthday,906,10220.9,M,1,0.136211,0.739228,0.0947796,45.5073,F
791,1,HappyBirthday,1170,2920,F,1,2.96403e-06,1.58996,4817.41,0.00629864,F
791,1,HappyBirthday,1122,3285,F,1,0.014978,2.25705,105.93,6.52098,F
791,1,HappyBirthday,410,17885.1,F,0,0,0.153347,0,0,F
791,1,HappyBirthday,889,5840.11,F,1,0.000546102,4.98643,0.122024,0.169871,F
792,1,HappyBirthday,24,23360.2,M,1,0.000987865,1.20554,16.611,0.329331,F
792,1,HappyBirthday,1171,2920,F,1,0.130534,0.0899596,74.2986,47.9025,F
792,1,HappyBirthday,1410,730,M,1,0.00188152,0.0199118,15.4799,0.601078,F
792,1,HappyBirthday,1336,1460,F,1,0.0226283,4.47314,879.205,28.2747,F
792,1,HappyBirthday,1172,2920,M,1,0.0239306,0.11159,2.83707,7.56526,F
793,1,HappyBirthday,1005,4380,M,1,0.0022521,1.17865,0.936928,0.701131,F
793,1,HappyBirthday,940,11315.4,M,0,0,0.264087,0,0,F
794,1,HappyBirthday,224,6570.43,F,1,0,0.222845,0.0354276,0,F
794,1,HappyBirthday,1245,2190,M,1,0.0241516,4.30691,318.446,11.0704,F
794,1,HappyBirthday,1123,3285,F,1,0.00592117,0.328617,0.789348,1.8511,F
794,1,HappyBirthday,741,13140.6,F,1,7.50632e-06,2.20338,141.889,0.0028308,F
794,1,HappyBirthday,825,8760.07,M,1,8.27844e-05,2.33396,52120.9,0.204488,F
795,1,HappyBirthday,743,5840.84,M,1,5.66196e-05,0.672046,2851.64,0.178447,F
795,1,HappyBirthday,792,4745.84,F,1,0.00119253,0.330047,0.128479,0.370831,F
796,1,HappyBirthday,1442,365,M,1,0.011383,0.322441,76664.4,71.4068,F
796,1,HappyBirthday,1246,2190,M,1,0.018669,0.244299,943.849,5.86616,F
796,1,HappyBirthday,901,10220.2,F,1,0.00119189,0.805792,274.315,0.511389,F
796,1,HappyBirthday,914,12775.2,M,1,0.00141173,1.86217,0.122529,0.439122,F
797,1,Births,1473,0,M,0,0,0.0422297,0,0,F
798,1,HappyBirthday,121,10950.5,F,1,8.3281e-05,4.26258,0.156378,0.025863,F
798,1,HappyBirthday,268,9490.79,F,1,0.149951,0.341916,3.62374,50.7518,F
799,1,HappyBirthday,77,6205.42,M,1,0.0191837,0.0884603,471.368,16.0978,F
800,1,HappyBirthday,1006,4380,M,1,0.000834014,0.497653,0.00394045,0.259257,F
800,1,HappyBirthday,1293,1825,F,1,0.37987,0.0566863,36154.8,579.636,F
801,1,HappyBirthday,140,22630.5,M,1,0.0557199,5.79576,159.399,17.8252,F
801,1,HappyBirthday,1124,3285,M,1,8.03319e-05,4.73454,24719.5,0.476048,F
802,1,HappyBirthday,439,18615.5,M,1,0.0199359,6.76589,1711.92,6.38249,F
802,1,HappyBirthday,1173,2920,F,1,0.133975,1.0935,30.3287,46.8193,F
803,1,HappyBirthday,1443,365,M,1,0.319217,0.175957,14.8521,119.571,F
803,1,HappyBirthday,389,10220.4,F,1,0.594683,1.80865,7.19912,284.847,F
804,1,HappyBirthday,508,13505.5,M,1,0.0058234,0.728251,7.08988,1.86839,F
804,1,HappyBirthday,535,5110.74,F,1,0.5514,0.67986,42.9942,249.215,F
804,1,HappyBirthday,849,4745.16,M,1,0.00319013,40.6286,13.6302,0.992559,F
805,1,HappyBirthday,1038,4015,F,1,0.000125483,0.751983,38143.2,0.476845,F
805,1,HappyBirthday,1368,1095,F,0,0,0.129713,0,0,F
806,1,HappyBirthday,946,8395.25,M,1,0.745529,9.76513,8.73027,426.036,F
806,1,Births,1474,0,M,0,0,0.0131196,0,0,F
807,1,HappyBirthday,1337,1460,F,0,0,0.0252711,0,0,F
807,1,HappyBirthday,233,10220.1,F,1,0,0.0835456,0,0,F
807,1,HappyBirthday,420,17155.7,M,1,0.589493,1.17227,485.948,459.787,F
809,1,HappyBirthday,1215,2555,F,1,0.000381596,0.480365,0.553595,0.118701,F
809,1,HappyBirthday,917,9125.9,M,1,0.0199605,30.0083,33.8056,6.31814,F
809,1,HappyBirthday,1369,1095,M,1,0.183149,0.0248596,17.6691,64.78,F
810,1,HappyBirthday,179,11315.8,M,1,0.000328815,0.0837822,0.000414,0.102241,F
810,1,HappyBirthday,1338,1460,M,1,0.178287,0.174915,2.61579,61.2941,F
811,1,HappyBirthday,55,7300.7,F,1,0.0143772,1.04147,0.000404015,4.50054,F
811,1,HappyBirthday,1370,1095,F,1,0.212013,0.343285,2741.41,493.559,F
811,1,HappyBirthday,821,28835.6,F,1,0.185085,0.252957,433.517,64.2098,F
812,1,HappyBirthday,1294,1825,F,1,0.000110764,0.76372,9479.53,0.38282,F
812,1,HappyBirthday,1371,1095,F,1,0.0326286,0.903125,0.385461,10.3291,F
812,1,HappyBirthday,432,9490.86,M,1,0.0588445,0.393273,52.9941,20.356,F
812,1,HappyBirthday,708,10220.7,M,1,0.00428851,0.935583,1.0422,1.33613,F
812,1,HappyBirthday,1007,4380,F,1,0.0102587,17.8523,17.6404,3.29395,F
813,1,HappyBirthday,1444,365,M,0,0,0.0682345,0,0,F
814,1,HappyBirthday,1039,4015,F,1,0.00104362,0.481063,38.2374,0.342549,F
814,1,HappyBirthday,1411,730,M,1,0.275494,2.60594,19999.2,1764.63,F
815,1,HappyBirthday,137,13870,F,1,0.000180046,0.78456,6135.62,0.447001,F
815,1,HappyBirthday,1339,1460,M,1,0.00416165,0.130294,140.546,1.55314,F
815,1,HappyBirthday,575,14600.8,M,1,0.0233123,0.0582451,13.5166,7.48178,F
815,1,Births,1475,0,M,0,0,0.0225416,0,0,F
816,1,HappyBirthday,549,13505.6,F,1,0.0677837,0.0612605,0.703829,21.8898,F
817,1,HappyBirthday,453,35770.5,F,1,0.000701906,1.20281,0.0005422,0.218321,F
817,1,HappyBirthday,1412,730,F,1,0.353894,0.254036,3520.15,1110.68,F
818,1,HappyBirthday,1216,2555,F,1,0.00722881,1.25031,1153.68,4.65977,F
818,1,HappyBirthday,1445,365,M,1,0.00230811,0.131361,88.3255,1.02166,F
819,1,HappyBirthday,1217,2555,M,1,0.00217155,0.743761,0.00281433,0.675224,F
819,1,HappyBirthday,1083,3650,M,1,0.101723,0.334434,9803.54,145.714,F
819,1,HappyBirthday,1446,365,F,1,0.0151524,0.0487926,84.4188,5.30509,F
819,1,HappyBirthday,1082,3650,M,1,0.00587089,0.491636,88.3473,2.08,F
820,1,HappyBirthday,251,8760.33,M,1,5.32271e-07,0.864764,69.9997,0.0002094,F
820,1,HappyBirthday,1129,3285,M,1,0.0433975,1.11333,6.86215,13.8686,F
820,1,HappyBirthday,440,6935.07,M,1,0.0666121,12.5367,29.9408,21.985,F
820,1,HappyBirthday,580,8030.03,M,1,0.00246946,0.195716,19.7156,0.769649,F
820,1,HappyBirthday,1084,3650,M,1,0.126562,2.49849,4.08157,42.5624,F
821,1,HappyBirthday,1085,3650,F,1,0.226536,0.379557,6574.8,145.216,F
821,1,HappyBirthday,532,21170.9,F,1,2.86854e-05,0.244723,0.0596864,0.0089122,F
821,1,HappyBirthday,1174,2920,F,1,0.00212251,3.19772,41.4907,0.765463,F
821,1,HappyBirthday,1372,1095,F,1,0.00031975,0.079829,1.70302e-06,0.0994684,F
822,1,HappyBirthday,126,17885.1,F,1,0.0612474,0.677574,32.7057,20.4384,F
822,1,HappyBirthday,1040,4015,M,1,0.0473647,0.778497,0.0234449,15.0809,F
822,1,HappyBirthday,791,15695.2,M,1,1.1712e-05,1.63553,0.266166,0.0036466,F
823,1,HappyBirthday,1295,1825,M,1,0.0282603,0.250971,192.494,9.28946,F
823,1,Births,1476,0,F,0,0,0.104323,0,0,F
824,1,HappyBirthday,568,24820.6,M,0,0,0.0351957,0,0,F
825,1,HappyBirthday,350,22265.1,F,1,0.00226422,1.0108,197.212,1.19454,F
825,1,HappyBirthday,704,18980.1,F,1,0.00093239,2.86566,8.80806,0.295914,F
825,1,HappyBirthday,1086,3650,M,1,0,1.86009,485.634,0,F
826,1,HappyBirthday,12,5475.8,F,1,0.000383052,0.272173,0.0678463,0.11917,F
826,1,HappyBirthday,63,8760.31,F,1,0.208704,0.61431,21.576,78.5898,F
826,1,HappyBirthday,1175,2920,F,1,0.000205771,0.64514,1.81913,0.0641424,F
827,1,HappyBirthday,705,9490.61,F,1,0.000367748,0.0903485,23.1854,0.118179,F
828,1,HappyBirthday,913,16790.8,F,1,0.0167193,1.65213,0.0916492,5.24177,F
830,1,HappyBirthday,227,10950.3,M,1,0.673619,5.92729,123.976,404.433,F
830,1,HappyBirthday,248,12775.8,M,1,0.00408251,2.23253,0.0008272,1.27161,F
831,1,HappyBirthday,135,9490.13,F,1,0.00146975,7.31008,1.65658,0.460091,F
831,1,HappyBirthday,693,8030.41,F,1,0.00204351,0.43279,0.3622,0.635592,F
832,1,HappyBirthday,1447,365,F,1,0.00363876,0.532529,23.5691,1.24608,F
832,1,HappyBirthday,376,9490.36,M,1,0.705291,18.0698,4.02334,383.375,F
832,1,HappyBirthday,419,5840.18,M,1,2.50267e-05,0.466994,2.70765e-05,0.00774388,F
833,1,HappyBirthday,624,12410.3,F,1,0.000892824,0.208911,13.4395,0.283833,F
833,1,HappyBirthday,661,7300.62,F,1,0.238405,0.159091,87.9458,95.2576,F
834,1,HappyBirthday,1041,4015,M,1,0.0295409,1.51758,1956.77,11.7502,F
834,1,HappyBirthday,244,23360.3,F,1,0.0597973,0.280705,5.82629,19.2936,F
834,1,HappyBirthday,309,8760.15,M,1,0.708274,0.333582,29.7625,386.702,F
835,1,HappyBirthday,131,21535.2,F,1,4.29586e-05,0.0188617,7.67929,0.0138046,F
835,1,HappyBirthday,188,35040.6,M,1,0.0193514,0.438557,0.098575,6.07397,F
835,1,HappyBirthday,1413,730,M,1,0.10496,0.221292,1034.45,36.2676,F
836,1,HappyBirthday,630,17885.8,F,1,0.18539,1.23455,49.7379,68.7244,F
836,1,HappyBirthday,884,12775.4,M,1,0.0014773,1.08944,0.171681,0.459665,F
837,1,HappyBirthday,1087,3650,F,1,0.00182895,0.015287,0.104,0.569043,F
837,1,HappyBirthday,546,20440.4,M,1,0.000353975,1.91601,14178.2,0.181355,F
837,1,HappyBirthday,1373,1095,F,1,0.326136,0.929931,19620.5,370.009,F
838,1,HappyBirthday,102,17885.4,F,1,0.00144869,0.117465,58.8189,0.581668,F
838,1,HappyBirthday,192,15330.4,M,1,0.0168824,0.704725,880.484,24.2778,F
838,1,HappyBirthday,667,7300.23,M,1,6.61468e-05,0.269671,8.50419,0.0208234,F
839,1,HappyBirthday,273,20075.7,M,1,0.00034358,3.77314,12378.3,2.18832,F
839,1,HappyBirthday,395,22630.4,F,1,0.0183744,1.78104,0.0622188,5.76361,F
840,1,HappyBirthday,127,12775,F,1,0.103977,20.2966,11.3143,34.1447,F
840,1,HappyBirthday,1247,2190,F,1,0.275409,0.0969776,11801.3,1125.72,F
840,1,HappyBirthday,505,6205.94,M,1,1.36666e-06,3.99645,243.298,0.000860585,F
840,1,HappyBirthday,746,5840.76,M,1,0.00804555,1.13661,1.18991,2.51052,F
840,1,HappyBirthday,1374,1095,M,1,0.00931134,0.377027,3596.02,3.19507,F
841,1,HappyBirthday,1375,1095,M,1,0.6322,0.144256,138.584,468.954,F
841,1,HappyBirthday,698,6935.83,M,1,0.000866852,2.39474,79.9696,0.310509,F
841,1,HappyBirthday,900,17155.5,M,1,0.00176881,2.71848,11612.3,13.3791,F
842,1,HappyBirthday,552,18250.1,M,1,1.75052e-05,0.919479,8.85959,0.0054392,F
842,1,HappyBirthday,1340,1460,F,1,0.0195165,4.24142,13081.4,26.7184,F
842,1,Births,1477,0,F,0,0,0.0274554,0,0,F
843,1,HappyBirthday,129,8395.54,F,1,0,3.14126,2545.7,0,F
843,1,HappyBirthday,1088,3650,F,1,0,2.49744,690.404,0,F
843,1,HappyBirthday,683,28835.2,F,1,0.00203113,0.020728,14.9456,0.651089,F
844,1,HappyBirthday,74,18615.2,M,1,0.0465388,0.89628,108.942,17.6248,F
844,1,HappyBirthday,162,9125.08,M,1,0.00977556,0.530327,0.335449,3.05255,F
845,1,HappyBirthday,113,18250.9,M,1,0.000167973,0.216239,7.28444,0.0531932,F
845,1,HappyBirthday,303,8030.11,M,1,0.000944182,1.19814,0.0019156,0.293599,F
845,1,HappyBirthday,602,15695.4,F,1,0.000712932,4.36204,53438.9,1.81535,F
845,1,HappyBirthday,691,16790.7,F,1,0,0.23536,0,0,F
847,1,HappyBirthday,1008,4380,F,1,0.324677,0.0570352,26.6938,126.745,F
847,1,HappyBirthday,1009,4380,M,1,0.0133837,2.67711,2.42132,4.2028,F
847,1,HappyBirthday,806,35405,M,1,0.00060919,0.151861,1772.18,0.680453,F
848,1,HappyBirthday,1010,4380,F,1,0.083587,1.31595,119.593,27.3231,F
848,1,HappyBirthday,967,20805.9,M,1,0.0288077,2.58951,65.4166,9.12599,F
849,1,HappyBirthday,1218,2555,M,1,0.257644,0.140916,71.15,103.748,F
849,1,HappyBirthday,622,12775,M,1,0.00926308,0.458473,298.359,6.50013,F
850,1,HappyBirthday,337,9490.16,F,1,0,0.458962,0.0607554,0,F
850,1,HappyBirthday,1448,365,M,1,0.053131,0.0896487,91202.1,361.707,F
850,1,HappyBirthday,1130,3285,F,1,0.0371579,3.941,15713.2,170.023,F
850,1,Births,1478,0,F,0,0,0.0251573,0,0,F
851,1,HappyBirthday,160,18980.7,F,1,6.30858e-05,0.18175,149.363,0.0205118,F
851,1,HappyBirthday,386,6935.18,F,1,0.0010016,0.666783,453.961,0.326371,F
851,1,HappyBirthday,850,6935.25,F,1,0.00443673,1.96829,27183.9,4.64339,F
852,1,HappyBirthday,1089,3650,F,1,0,0.0554989,0,0,F
852,1,HappyBirthday,1298,1825,M,1,0.153543,0.782143,16301.5,402.918,F
852,1,HappyBirthday,1176,2920,M,1,2.20546e-07,6.88107,886.737,0.000277901,F
852,1,HappyBirthday,1299,1825,F,1,0.0485989,0.290557,173.629,18.8475,F
853,1,HappyBirthday,108,26645.7,M,1,0.141015,0.593477,1.07775,47.2407,F
853,1,HappyBirthday,174,15330.7,M,1,0.0765172,0.195667,0.967863,24.7647,F
853,1,HappyBirthday,1132,3285,M,1,0.00284199,5.20611,0.0114939,0.884652,F
853,1,HappyBirthday,1012,4380,M,1,0.0452145,0.295568,0.399219,14.3795,F
853,1,HappyBirthday,1011,4380,M,1,0.0028177,0.179152,8612.25,6.24073,F
853,1,HappyBirthday,1131,3285,M,1,0.0637996,2.71925,25.6477,22.1888,F
854,1,HappyBirthday,1449,365,M,0,0,0.0365709,0,0,F
854,1,HappyBirthday,1177,2920,M,1,0,0.120507,1.02495,0,F
854,1,HappyBirthday,1300,1825,M,1,0.00202506,0.119399,0.000192073,0.630024,F
855,1,HappyBirthday,737,5475.56,F,0,0,0.103878,0,0,F
855,1,HappyBirthday,923,10950.2,F,1,0.0820607,8.83482,4.873,26.9616,F
856,1,HappyBirthday,1090,3650,F,1,0.146069,1.22792,296.13,49.0754,F
857,1,HappyBirthday,27,4745.37,M,1,0.109202,18.9481,22.5461,37.3153,F
857,1,HappyBirthday,259,5110.97,M,1,0.0572428,0.0793438,25.0514,19.3888,F
857,1,HappyBirthday,452,15695.3,F,1,0.0385517,0.816785,857.271,12.2178,F
857,1,HappyBirthday,1133,3285,M,1,0.072832,2.32348,4.45811,23.6273,F
857,1,HappyBirthday,617,15330,M,0,0,0.0752407,0,0,F
857,1,HappyBirthday,781,22995.5,M,1,0.00277956,0.104568,1307.42,0.968871,F
858,1,HappyBirthday,98,6570.48,F,1,0.0115471,0.101239,470.744,4.09902,F
858,1,HappyBirthday,207,10586,M,1,0.277407,3.08413,4.37287,102.364,F
858,1,HappyBirthday,1134,3285,F,1,0.000423307,0.226964,40978.9,0.595986,F
858,1,HappyBirthday,1178,2920,F,1,0.220738,0.0489362,2423.99,621.279,F
858,1,HappyBirthday,618,13140,F,1,0.0437693,1.51073,0.714069,13.9087,F
859,1,HappyBirthday,1044,4015,M,1,0.513878,4.49934,3323.32,233.509,F
859,1,HappyBirthday,297,10585.7,F,1,0.00113141,1.05795,17.235,0.36231,F
859,1,HappyBirthday,334,6935.93,M,1,0.00448419,0.927934,1.98614,1.40059,F
859,1,Births,1479,0,F,0,0,0.0468066,0,0,F
861,1,HappyBirthday,1219,2555,F,1,0.0166183,19.2973,0.00441143,5.20833,F
861,1,HappyBirthday,499,27010.7,M,1,0.0689007,0.219176,72.0955,22.5341,F
861,1,HappyBirthday,1248,2190,M,1,0.000655461,2.44848,11177.4,5.0479,F
861,1,HappyBirthday,797,4745.21,F,1,0.00129188,1.71453,13784.1,5.65485,F
863,1,HappyBirthday,1342,1460,M,1,0.115791,0.204409,2180.25,292.517,F
863,1,HappyBirthday,462,14965.4,F,1,0.0385444,0.30831,0.130008,12.2208,F
863,1,HappyBirthday,883,8760.98,M,1,7.29819e-05,2.09369,0.628785,0.0226622,F
864,1,HappyBirthday,455,12045.2,F,1,0.00146487,0.0232351,0.0218544,0.455633,F
864,1,HappyBirthday,1451,365,M,1,0.199592,0.0789117,39411.8,1863.51,F
865,1,HappyBirthday,1376,1095,M,0,0,0.0309742,0,0,F
866,1,HappyBirthday,185,9855.8,F,1,0.00230741,0.07904,0.013336,0.717842,F
866,1,HappyBirthday,1013,4380,F,1,0.0112768,1.6704,620.102,3.79821,F
866,1,HappyBirthday,1249,2190,M,1,0.00797552,0.255069,72.549,3.33902,F
866,1,HappyBirthday,1452,365,M,1,0.0243222,0.155346,139.598,9.17597,F
866,1,HappyBirthday,925,30295.4,M,1,0.015275,0.199465,12.7538,4.81531,F
867,1,HappyBirthday,25,25550.7,M,1,0.10275,0.0589002,1419.1,171.55,F
869,1,HappyBirthday,92,13870.4,M,1,5.98808e-05,1.19375,2166.65,0.137025,F
869,1,HappyBirthday,1001,12045.1,M,1,0.0116316,1.49724,25.3924,3.65108,F
869,1,HappyBirthday,682,22995.5,M,1,0.00757496,0.0808675,54.3225,2.53097,F
869,1,Births,1480,0,M,0,0,3.04304,0,0,F
869,1,Births,1481,0,M,0,0,0.0766517,0,0,F
870,1,HappyBirthday,1179,2920,F,1,0.159577,0.149799,152.032,56.6439,F
870,1,HappyBirthday,1251,2190,M,1,0,0.0420242,0,0,F
870,1,HappyBirthday,670,14235.8,F,1,0.00528777,0.490695,0.0438892,1.64813,F
870,1,HappyBirthday,1250,2190,F,1,0.00262099,1.65516,13.1583,0.83328,F
871,1,Births,1482,0,F,0,0,0.0637795,0,0,F
872,1,HappyBirthday,1453,365,M,1,0.0331987,0.274112,32361.8,41.1473,F
872,1,HappyBirthday,1415,730,F,0,0,0.030764,0,0,F
872,1,HappyBirthday,852,22995.7,F,1,0.0468775,2.82435,1.04349,14.9481,F
873,1,HappyBirthday,423,5110.73,M,1,0.00344245,0.301123,67.8049,1.19624,F
873,1,HappyBirthday,434,17520.1,F,1,0.00546002,0.364383,91.4914,1.7091,F
873,1,HappyBirthday,1015,4380,M,1,0.00320763,1.66057,10.7428,1.00123,F
874,1,HappyBirthday,1045,4015,F,1,3.59822e-06,0.396292,2148.62,0.00637947,F
874,1,HappyBirthday,1377,1095,M,1,0.183953,0.156546,3149.32,81.4427,F
875,1,HappyBirthday,801,7300.1,F,1,0.156829,11.599,0.0619663,53.0141,F
876,1,HappyBirthday,344,27010.6,F,1,0.0412535,1.39741,1.05745,13.0927,F
877,1,HappyBirthday,133,5840.84,F,1,0.0583534,0.381055,0.0635354,18.69,F
877,1,HappyBirthday,1301,1825,M,1,0.0518423,0.17913,4860.6,18.5421,F
878,1,HappyBirthday,656,9855.04,M,1,0.055303,0.867859,0.019023,17.68,F
878,1,HappyBirthday,808,14235,M,1,1.07553e-06,0.643645,8693.46,0.0034386,F
878,1,HappyBirthday,916,7665.06,F,1,4.34323e-05,0.323481,45.2284,0.0139844,F
879,1,HappyBirthday,32,5840.94,M,1,0.14721,2.09051,1.54769,49.4905,F
879,1,HappyBirthday,66,28105,M,1,0.405032,0.0870206,304.805,194.98,F
879,1,HappyBirthday,1344,1460,F,1,0.171723,0.0792671,372.782,67.9211,F
881,1,HappyBirthday,551,11680.6,M,1,0.220316,4.20967,3443.94,340.349,F
882,1,HappyBirthday,271,7300.61,F,1,0.000324392,1.41484,13.2128,0.102669,F
882,1,HappyBirthday,888,4745.92,M,1,0.00710331,7.94875,3417.29,6.5273,F
883,1,HappyBirthday,1135,3285,F,1,0.00158743,0.602089,16.0282,0.519556,F
883,1,HappyBirthday,404,9125.27,M,1,0.00314078,4.41266,0.0001568,0.977624,F
883,1,HappyBirthday,579,7300.95,F,1,0.00290258,0.972859,6.56254,0.924846,F
884,1,HappyBirthday,265,28470.8,M,1,0.0372632,0.968218,0.0015536,11.8024,F
884,1,HappyBirthday,559,22995.8,M,1,0.131343,3.75323,8419.07,175.218,F
885,1,HappyBirthday,21,12045,F,1,0.0687237,0.537473,15.0344,22.9732,F
885,1,HappyBirthday,280,8395.34,F,1,0.000245713,1.29785,12.5855,0.0806542,F
885,1,HappyBirthday,1136,3285,F,1,0.00448733,0.26937,207.557,2.4725,F
886,1,HappyBirthday,1137,3285,F,1,0.0134627,0.166257,39.8039,4.46707,F
886,1,HappyBirthday,1048,4015,F,1,0.00131659,2.44987,0.00937673,0.409195,F
886,1,HappyBirthday,1047,4015,M,1,0.00313517,0.104244,133.944,1.17598,F
887,1,HappyBirthday,1346,1460,F,1,0.00422711,0.321763,11635.4,1.92958,F
887,1,HappyBirthday,1093,3650,F,1,0.0441834,0.214498,65.1389,14.0448,F
887,1,HappyBirthday,1221,2555,M,0,0,0.0411228,0,0,F
888,1,HappyBirthday,205,16425.7,M,1,5.96507e-07,0.339382,54.2387,0.0002004,F
888,1,Births,1483,0,F,0,0,0.0849779,0,0,F
890,1,HappyBirthday,496,10585.7,F,1,0.0753231,0.582262,4.6148,24.4426,F
890,1,HappyBirthday,1417,730,F,1,0.000142948,1.26949,19177.6,0.308636,F
892,1,HappyBirthday,187,10585.8,F,1,7.4524e-07,1.49846,19998,0.0016122,F
892,1,HappyBirthday,518,24820.2,M,1,0.000155508,2.65685,16.3481,0.0494012,F
893,1,HappyBirthday,1256,2190,F,1,0.00185442,0.258372,0.336126,0.57695,F
893,1,HappyBirthday,435,16790.9,M,1,0.00358762,1.001,0.612134,1.11785,F
893,1,HappyBirthday,1049,4015,F,1,0.00258281,0.472675,107.344,0.873592,F
894,1,HappyBirthday,53,5840.51,M,1,8.11478e-05,3.31161,39.2242,0.0266786,F
894,1,HappyBirthday,83,8760.32,M,1,0.162946,0.0959404,0.686829,55.4617,F
894,1,HappyBirthday,380,20805.4,M,1,0.0165598,16.0968,6081.61,6.54033,F
896,1,HappyBirthday,1379,1095,F,1,0.00695277,4.83724,4166.71,4.10586,F
896,1,HappyBirthday,763,8760.75,F,1,0.000140549,5.39789,294.858,0.0490558,F
896,1,HappyBirthday,1222,2555,F,1,0.0344229,8.28983,785.533,11.562,F
896,1,HappyBirthday,939,11315.1,F,1,0.284204,2.44966,842.071,114.671,F
897,1,HappyBirthday,1016,4380,F,1,0.00264762,0.278929,13205,4.4538,F
897,1,HappyBirthday,1302,1825,M,1,0.0341002,0.321069,0.104382,10.7851,F
897,1,HappyBirthday,1138,3285,F,1,0.00436398,0.298337,6.44363,1.36096,F
897,1,HappyBirthday,972,18980.7,M,1,7.2119e-05,7.25868,184.52,0.0350424,F
898,1,HappyBirthday,1050,4015,M,1,0.00254304,0.0372242,0.000636098,0.79111,F
898,1,HappyBirthday,218,10220.9,F,1,0.0128275,0.144598,37142.5,16.8752,F
898,1,HappyBirthday,1223,2555,M,1,0.000538632,0.207711,25288,0.416786,F
898,1,Births,1484,0,F,0,0,0.00688014,0,0,F
899,1,HappyBirthday,8,5475.94,F,1,0,0.125501,3.25235,0,F
899,1,HappyBirthday,383,12410.4,M,1,7.6042e-05,7.91778,5929.62,0.0663994,F
899,1,HappyBirthday,466,13505.4,F,1,0.000884518,0.633456,2.81368,0.27523,F
899,1,HappyBirthday,1380,1095,M,1,0.0880189,1.6977,28.8446,30.9366,F
899,1,Births,1485,0,F,0,0,0.0316863,0,0,F
899,1,Births,1486,0,F,0,0,0.0236799,0,0,F
900,1,HappyBirthday,371,34675.2,F,1,0.00260479,34.4903,3.12905,0.814424,F
900,1,HappyBirthday,1347,1460,F,1,0.00307297,0.303717,97.7751,1.02377,F
900,1,HappyBirthday,1418,730,M,1,0.327775,0.939268,4051.71,438.736,F
901,1,HappyBirthday,7,7300.94,F,1,0.000316308,5.75088,581.494,0.15176,F
901,1,HappyBirthday,17,28105.2,F,1,0.065145,0.207765,264.178,24.7409,F
901,1,HappyBirthday,707,5475.42,M,1,0.000956501,10.1939,58.5884,0.299292,F
901,1,HappyBirthday,1095,3650,M,1,0.000596299,0.979615,79.8252,0.244481,F
902,1,HappyBirthday,621,9490.36,M,1,0.0762659,2.14139,35.935,25.7946,F
902,1,HappyBirthday,1454,365,M,1,0,0.10538,103583,0,F
902,1,HappyBirthday,1224,2555,M,1,0.000896131,2.8329,29955,6.17309,F
903,1,HappyBirthday,555,17885.8,M,1,0.105214,0.131135,5.22567,34.5565,F
904,1,HappyBirthday,986,6935.94,M,1,0.00090357,0.09665,0.250074,0.280911,F
904,1,HappyBirthday,1419,730,F,1,0.508788,0.635626,3379.96,329.49,F
905,1,HappyBirthday,1139,3285,F,1,0.021446,5.20316,9394.25,16.8141,F
905,1,HappyBirthday,471,22265.1,M,1,0.00102819,15.6283,220.056,0.613014,F
905,1,HappyBirthday,1258,2190,M,1,0.000527549,0.676537,0,0.164059,F
906,1,HappyBirthday,18,17155.7,F,1,0.0017832,0.252183,38.3502,0.565044,F
906,1,HappyBirthday,1140,3285,M,1,0.015994,19.3607,14.4687,5.02425,F
906,1,HappyBirthday,1303,1825,M,1,0.000112035,5.83595,6539.12,0.298636,F
906,1,HappyBirthday,653,12045.4,F,1,7.12853e-07,4.6489,419.758,0.000361,F
907,1,HappyBirthday,221,14965.6,M,1,0.00546009,0.445565,4.47019,1.71023,F
907,1,HappyBirthday,871,22265.7,M,1,0.00636761,8.63438,15734.5,29.8148,F
907,1,Births,1487,0,F,0,0,0.0234933,0,0,F
908,1,HappyBirthday,167,5110.62,M,1,0.00867538,1.60474,0.251856,2.70897,F
908,1,HappyBirthday,687,5475.38,M,1,0.070089,0.247722,2.19201,22.7672,F
910,1,HappyBirthday,317,25185.8,F,1,5.91587e-05,3.8488,14.117,0.0184128,F
910,1,HappyBirthday,614,7665.42,M,1,0.014001,1.38481,992.895,11.4046,F
910,1,HappyBirthday,865,13505.2,M,1,0.0812237,1.45347,0.142707,26.3428,F
910,1,HappyBirthday,870,5110.03,M,1,0.00594411,1.46479,11921.9,22.9725,F
911,1,HappyBirthday,421,7665.78,M,1,0.041335,0.731007,61.4428,14.2791,F
911,1,HappyBirthday,642,8760.39,M,1,0.115352,1.11981,16.771,40.7714,F
911,1,HappyBirthday,1096,3650,M,1,0.178885,0.110538,16.7599,64.4766,F
911,1,HappyBirthday,867,5110.29,F,1,0.0436936,1.2715,1.72398,13.9365,F
912,1,HappyBirthday,147,8030.34,F,1,0.00375661,2.29403,241.529,2.27886,F
912,1,HappyBirthday,542,16790.4,F,1,0.66314,0.129065,44.2592,361.838,F
912,1,HappyBirthday,826,9125.31,F,1,0.74459,0.0559282,7.41818,429.524,F
913,1,HappyBirthday,49,14965.9,M,1,0.000109135,2.86377,968.831,0.118043,F
913,1,HappyBirthday,1420,730,F,1,0.472087,0.0616283,1590.14,646.971,F
913,1,HappyBirthday,1381,1095,M,1,0.00207625,0.481123,240.863,0.873536,F
914,1,HappyBirthday,1304,1825,F,1,0.0684012,0.116068,15.6515,22.2705,F
914,1,HappyBirthday,598,31025.8,F,1,0.00181768,0.941888,0.186299,0.565447,F
914,1,HappyBirthday,979,9855.16,M,1,0.610934,0.552287,52.4088,318.106,F
915,1,HappyBirthday,332,6935.23,F,1,0.0607136,1.00619,0.0161208,19.4646,F
915,1,HappyBirthday,343,21170,F,1,0.000918383,0.128792,0.0033792,0.285661,F
915,1,HappyBirthday,1305,1825,M,1,0.00631674,0.127656,31.8621,2.22976,F
915,1,Births,1488,0,F,0,0,0.00171619,0,0,F
916,1,HappyBirthday,69,8760.08,F,1,0.00524048,0.420575,1990.3,1.63831,F
916,1,HappyBirthday,537,16060,M,1,0.0168692,0.0630846,4839.88,19.6769,F
916,1,HappyBirthday,824,6205.79,M,1,0.000162706,0.689858,2.8292,0.0510996,F
917,1,HappyBirthday,1348,1460,F,1,0.0980923,0.983366,2996.16,352.894,F
917,1,HappyBirthday,1349,1460,M,1,0.0130741,0.0334879,66.2986,4.55476,F
917,1,HappyBirthday,394,15330.1,M,1,0.000155353,1.60676,0.00342,0.0482436,F
918,1,HappyBirthday,1306,1825,M,1,0.306895,1.2776,1096.93,283.834,F
918,1,Births,1489,0,F,0,0,0.0719182,0,0,F
920,1,HappyBirthday,152,35770.6,M,1,0.361679,2.28089,256.032,271.417,F
920,1,HappyBirthday,234,9490.74,M,1,0.13836,14.7113,0.193985,46.2798,F
920,1,HappyBirthday,761,8395.38,M,1,0.123668,2.36337,80.4168,41.5709,F
920,1,HappyBirthday,1183,2920,F,1,0.00533309,0.564864,397.152,2.62396,F
921,1,HappyBirthday,1421,730,M,1,0.517119,0.0788084,6162,524.345,F
921,1,HappyBirthday,1225,2555,F,1,0.000981759,1.05036,28617.9,1.03925,F
921,1,HappyBirthday,1260,2190,F,1,0.00411786,6.57702,10.9458,1.30676,F
921,1,HappyBirthday,887,8760.42,M,1,0.822213,1.00209,1374.61,540.746,F
922,1,HappyBirthday,759,10585.2,M,1,0.000223625,0.678977,11.8907,0.0735098,F
922,1,Births,1490,0,F,0,0,0.0306774,0,0,F
923,1,HappyBirthday,412,7665.29,F,1,4.04684e-06,0.896749,7.61085,0.0012916,F
924,1,HappyBirthday,1351,1460,F,1,0,0.0299126,1356.17,0,F
924,1,HappyBirthday,219,7300.89,F,1,0.000760835,1.98596,2.37909,0.238093,F
924,1,HappyBirthday,1052,4015,M,1,0.00358434,4.60016,451.009,1.86769,F
924,1,HappyBirthday,1350,1460,M,1,0,0.0602497,61.139,0,F
924,1,HappyBirthday,581,4745.81,F,1,0.567256,1.14285,24.4387,260.427,F
925,1,HappyBirthday,874,7665.53,F,1,0.00243515,0.074642,35692.6,6.80071,F
926,1,HappyBirthday,1141,3285,M,1,0.00165603,0.611013,13.7243,0.515377,F
926,1,HappyBirthday,1261,2190,F,1,0.122885,0.288119,89.9728,56.3684,F
926,1,HappyBirthday,365,4745.49,M,1,0.0658551,0.87742,3.39431,21.4329,F
926,1,HappyBirthday,606,4745.46,M,1,0.629019,0.451649,217.722,371.317,F
926,1,HappyBirthday,672,9125.78,F,1,0,0.238446,0,0,F
926,1,HappyBirthday,853,13870.5,F,0,0,0.37271,0,0,F
927,1,HappyBirthday,1307,1825,M,1,0.0070684,0.457209,52511.2,37.1044,F
927,1,HappyBirthday,304,18980.7,F,1,0.00225066,0.317768,0.0401672,0.700109,F
927,1,HappyBirthday,397,12045.9,M,1,4.02492e-05,0.579273,44.5476,0.012802,F
927,1,HappyBirthday,803,8760.71,F,1,0.231505,0.866734,178.796,82.3755,F
927,1,HappyBirthday,882,12775.2,M,1,0.00233411,2.27521,1.62213,0.726194,F
928,1,HappyBirthday,266,31025.7,M,1,0.308584,3.21721,995.215,548.495,F
928,1,HappyBirthday,281,6570.23,F,1,0.000419174,1.16163,0.0638845,0.130263,F
928,1,HappyBirthday,845,27375.2,F,1,0.0229457,15.1027,1619.54,7.22084,F
929,1,HappyBirthday,1184,2920,M,1,0.304979,0.1457,2206.95,134.897,F
929,1,HappyBirthday,530,12410,F,1,0.000250797,0.0984915,6.2e-05,0.0779306,F
930,1,HappyBirthday,1262,2190,F,1,8.99933e-05,1.41096,1.47106,0.0280656,F
931,1,HappyBirthday,177,21170.6,F,1,0.00364441,1.15772,36.0263,1.14515,F
931,1,HappyBirthday,1263,2190,F,1,0.00123667,0.0576212,42722.5,10.8696,F
931,1,HappyBirthday,1308,1825,F,1,0.0148207,0.250822,105.678,5.47986,F
931,1,Births,1491,0,M,0,0,0.0575875,0,0,F
932,1,HappyBirthday,215,5840.62,M,1,0.0349848,0.332653,1.68171,11.096,F
932,1,HappyBirthday,688,14965.7,M,1,2.29472e-05,1.15822,38.0089,0.0072544,F
932,1,HappyBirthday,943,5840.66,F,1,0.0749997,0.35411,23.2195,26.0133,F
933,1,HappyBirthday,42,9125.22,F,1,0.000100683,0.407657,1.37293,0.0313408,F
933,1,HappyBirthday,1097,3650,F,1,0.0653755,0.489608,20.525,22.6054,F
933,1,HappyBirthday,330,7665.56,F,1,0.0426447,0.754037,489.292,16.0062,F
933,1,HappyBirthday,361,5840.04,F,1,0.000529477,2.06674,4.65164,0.165599,F
933,1,HappyBirthday,1142,3285,M,1,0.0109755,6.00612,831.102,4.21315,F
933,1,HappyBirthday,647,9125.68,F,1,0.00789669,1.5738,2.90343,2.48599,F
934,1,Births,1492,0,M,0,0,1.0039,0,0,F
935,1,HappyBirthday,793,15330.9,M,1,0.00653962,0.445419,12.5759,2.16778,F
936,1,HappyBirthday,1352,1460,M,1,0.587569,0.259861,1316.75,520.279,F
936,1,HappyBirthday,322,27740,M,1,0.00122062,2.51962,303.927,0.431811,F
936,1,HappyBirthday,1264,2190,F,1,0.000595086,0.185888,7.75741,0.191024,F
938,1,HappyBirthday,816,22630.7,M,1,0.0564356,0.49793,0.016208,18.0545,F
940,1,HappyBirthday,1098,3650,M,1,0.00282994,3.53287,45.7014,0.901836,F
941,1,HappyBirthday,1265,2190,M,1,0.000106425,0.41873,4346.69,0.451757,F
941,1,HappyBirthday,429,9125.88,M,1,0.00871964,1.76097,217.564,4.7766,F
942,1,HappyBirthday,513,12045.1,F,1,0.000790109,0.943821,3.8966,0.249615,F
942,1,HappyBirthday,1226,2555,M,1,0.0737594,0.129364,0.304017,23.8486,F
942,1,HappyBirthday,907,10585.4,F,1,0.190767,5.87174,3360.23,284.343,F
943,1,HappyBirthday,984,13140.5,F,1,0.000200049,4.7354,0.0146254,0.0622428,F
943,1,HappyBirthday,1227,2555,M,1,7.9297e-05,33.9888,1446.8,0.0305792,F
943,1,HappyBirthday,1228,2555,F,1,0.674216,0.0956758,118.891,369.651,F
943,1,HappyBirthday,619,6570.23,M,1,0.0585965,2.1569,608.981,35.5111,F
943,1,HappyBirthday,700,20440.9,F,1,0.166971,60.03,74.3822,58.2448,F
944,1,HappyBirthday,1309,1825,M,1,0.00292645,0.259796,10.3254,0.92351,F
944,1,HappyBirthday,536,33580.4,M,1,0.0478049,22.5687,52.9534,15.3183,F
944,1,HappyBirthday,1353,1460,F,1,0.0138458,0.0225806,1.5732,4.36267,F
945,1,HappyBirthday,1099,3650,M,1,0.0156066,1.14337,13.6831,5.0028,F
946,1,HappyBirthday,666,5110.8,F,1,5.44004e-06,0.290413,1.39532,0.00171074,F
946,1,HappyBirthday,744,10585.6,M,1,0.0299003,0.155134,12.8796,9.64183,F
946,1,HappyBirthday,910,8030.32,M,1,0.00642037,0.5117,161.35,3.37834,F
947,1,HappyBirthday,1144,3285,M,1,0.134411,0.303296,8.01856,46.6385,F
947,1,HappyBirthday,1053,4015,F,1,0.000943195,0.120662,13.1187,0.312561,F
948,1,HappyBirthday,34,31390.1,M,1,0.0133795,1.8128,22616.8,34.0255,F
948,1,HappyBirthday,464,6570.93,F,1,0.000248902,0.160468,72.6126,0.0860916,F
948,1,HappyBirthday,573,5475.03,M,1,0.0795292,2.93876,82.4303,29.0498,F
950,1,HappyBirthday,1019,4380,M,1,0.0193283,0.974732,270.196,6.39661,F
950,1,HappyBirthday,1422,730,F,1,0.159739,2.84318,53771,729.624,F
950,1,HappyBirthday,574,8395.77,F,1,0.362464,2.30799,4.97042,140.132,F
951,1,HappyBirthday,1266,2190,M,1,0.279436,5.23429,1100.25,128.495,F
952,1,HappyBirthday,31,21170.3,F,1,0.00430112,14.9765,7.49197,1.39011,F
952,1,HappyBirthday,1423,730,F,1,0.00402662,0.192764,4.38678,1.26488,F
952,1,HappyBirthday,488,31390.7,F,1,0.0656814,0.47475,3.17762,21.1137,F
953,1,HappyBirthday,1186,2920,M,1,0.311756,1.04701,6237.17,152.65,F
953,1,HappyBirthday,1267,2190,M,1,0.0250306,1.44463,61.995,8.59095,F
953,1,HappyBirthday,690,9855.77,M,1,0.0329498,1.8159,4.56784,10.4951,F
953,1,HappyBirthday,1145,3285,F,1,0.0203643,0.981351,1.26333,6.42541,F
953,1,HappyBirthday,1311,1825,F,1,0.566738,4.94779,3729.95,469.407,F
953,1,HappyBirthday,1185,2920,M,1,0.847793,0.291695,4.30356,585.85,F
954,1,HappyBirthday,1268,2190,F,1,0.00810804,0.0402032,1.21563,2.52979,F
954,1,HappyBirthday,1383,1095,F,1,0,0.0563576,158.544,0,F
954,1,HappyBirthday,1100,3650,M,1,0.169818,0.382834,505.678,60.0721,F
955,1,HappyBirthday,62,8395.03,M,1,0.278321,0.719797,3535.22,101.547,F
955,1,HappyBirthday,199,13505.4,M,1,0.00686762,0.193908,138.405,2.55433,F
955,1,HappyBirthday,396,10585.5,M,1,0.000268119,9.38447,4.71478,0.0837048,F
955,1,HappyBirthday,1312,1825,M,1,0.000964041,0.234307,0.00588223,0.299647,F
956,1,HappyBirthday,1313,1825,M,1,0.459809,0.014909,3066.19,229.94,F
956,1,HappyBirthday,1101,3650,M,1,0.00928722,0.0555818,862.538,11.8169,F
956,1,HappyBirthday,1425,730,M,1,0.0873377,0.752621,71.6068,35.3381,F
957,1,HappyBirthday,1269,2190,M,1,0.0800477,1.80641,151.465,27.0417,F
958,1,HappyBirthday,325,13870.9,F,1,0.00825077,0.145427,4.8621,2.59601,F
959,1,HappyBirthday,65,9855.46,F,1,0.00392279,1.92282,1172.47,3.32684,F
959,1,HappyBirthday,1270,2190,F,1,0.00413983,8.78257,68.3582,1.44014,F
959,1,HappyBirthday,753,4745.89,M,1,0.0547543,1.38243,159.136,21.6199,F
960,1,HappyBirthday,257,8760.7,F,1,0.00493992,5.09364,1500.22,8.12027,F
960,1,HappyBirthday,509,21170.9,F,1,0.520382,0.636127,121.725,228.803,F
961,1,HappyBirthday,480,5840.93,M,1,0.000789528,3.81869,23.3165,0.253269,F
961,1,HappyBirthday,570,6935.46,M,1,0.0204652,9.96556,1256.73,6.43507,F
961,1,HappyBirthday,715,13140,M,1,0.00203281,0.892846,0.704933,0.633018,F
962,1,HappyBirthday,1314,1825,F,1,0.0223683,3.05949,10.4142,7.32317,F
962,1,HappyBirthday,1426,730,F,0,0,0.0751968,0,0,F
962,1,HappyBirthday,859,7665.95,F,1,0.000153072,0.0275184,1282.84,0.283788,F
963,1,HappyBirthday,123,23360.1,F,1,0.00909796,0.738797,15802.9,6.80882,F
963,1,HappyBirthday,210,18250.4,F,1,0.00811815,1.05654,0.0033024,2.53395,F
963,1,HappyBirthday,362,11680.6,F,1,0.0100015,0.530819,15.5923,3.12626,F
963,1,HappyBirthday,1146,3285,F,1,0.0105791,0.812173,5592.61,4.41534,F
963,1,HappyBirthday,749,21535.7,M,1,0.00217989,21.3687,0.700683,0.679023,F
963,1,HappyBirthday,990,5475.72,M,1,0.383861,12.8361,388.593,229.588,F
963,1,Births,1493,0,M,0,0,0.127012,0,0,F
964,1,HappyBirthday,11,5110.89,F,1,0.0336647,0.366617,2472.99,16.3173,F
964,1,HappyBirthday,829,7665.13,M,1,0.0138909,3.20021,9.68417,4.38996,F
966,1,HappyBirthday,490,25550.8,M,1,0.102459,1.28565,0.970347,33.5909,F
966,1,HappyBirthday,1102,3650,F,0,0,0.0102045,0,0,F
966,1,HappyBirthday,827,12775.9,F,1,0.647269,0.688712,1463.28,812.298,F
967,1,HappyBirthday,82,14965,F,1,0.0237263,0.952627,2.892,7.53978,F
967,1,HappyBirthday,213,8030.05,M,1,0.00285438,3.08711,47.7643,0.911004,F
968,1,HappyBirthday,1456,365,M,1,0.00325899,0.159892,55.0554,1.11933,F
968,1,HappyBirthday,115,14965.6,F,1,2.53602e-06,0.507029,8.68964,0.0007966,F
968,1,HappyBirthday,820,16060.3,M,1,0,0.111399,0.006,0,F
969,1,HappyBirthday,1230,2555,F,1,0.0798214,1.01014,2536.82,266.827,F
969,1,HappyBirthday,798,7300.93,M,1,0.0466547,7.55093,5.45083,14.8482,F
969,1,HappyBirthday,1427,730,M,1,0.682858,2.48649,725.261,413.26,F
970,1,HappyBirthday,51,13505.9,F,1,0.0135362,7.08327,96.2015,4.27205,F
970,1,HappyBirthday,671,11680.4,M,1,0.173711,0.547344,3109.04,320.821,F
970,1,HappyBirthday,855,25550.7,M,1,0.00232268,1.01629,12.8374,0.726459,F
970,1,HappyBirthday,1055,4015,F,1,0.0116614,1.75704,974.36,17.3723,F
970,1,HappyBirthday,1056,4015,F,1,0.00691442,2.65778,5.94927,2.21913,F
971,1,HappyBirthday,1428,730,M,1,0.001246,0.0648593,0.000264382,0.387881,F
971,1,HappyBirthday,1103,3650,F,1,0.0427533,0.0755127,0.17013,13.5823,F
971,1,HappyBirthday,1057,4015,M,1,0,0.0152527,0,0,F
971,1,HappyBirthday,957,17520.3,F,1,0.00077013,11.6357,0.166859,0.239497,F
973,1,HappyBirthday,1188,2920,M,1,0.272795,3.58423,91.0427,123.358,F
974,1,HappyBirthday,197,7665.14,F,0,0,0.0844506,0,0,F
974,1,HappyBirthday,534,13505.6,F,1,0.0368162,2.27653,766.086,43.7394,F
974,1,HappyBirthday,767,5475.42,M,1,0.00192922,0.14073,40.2084,0.69078,F
975,1,HappyBirthday,5,10950.8,M,1,0.0757101,0.0930273,1555.22,26.6923,F
975,1,HappyBirthday,71,10220.1,F,1,0.00113177,0.732273,75.1303,0.48113,F
975,1,HappyBirthday,437,10220.6,F,1,0.111048,1.37429,129.816,36.5882,F
976,1,HappyBirthday,1316,1825,F,1,0.000110164,0.0343883,0.174194,0.0342905,F
976,1,HappyBirthday,885,17885.8,M,1,9.22616e-05,0.241322,8.51398,0.0297314,F
976,1,Births,1494,0,M,0,0,0.333687,0,0,F
977,1,HappyBirthday,357,5110.92,F,1,0.0111013,0.129437,3412.43,15.0791,F
977,1,HappyBirthday,725,5110.23,F,1,0.0660927,0.660901,1.79066,21.3197,F
978,1,HappyBirthday,507,11680.4,M,1,0.00118918,3.23031,0.309977,0.369969,F
978,1,HappyBirthday,696,4745.67,M,1,0.000788447,0.208173,0.0122775,0.245145,F
978,1,HappyBirthday,782,8030.93,M,1,0.00035224,2.53585,0.0637096,0.109436,F
978,1,HappyBirthday,787,32120.4,M,1,0.000304957,0.180159,0.0017542,0.0946948,F
979,1,HappyBirthday,1354,1460,F,1,0.287924,0.047811,51.2566,114.438,F
979,1,HappyBirthday,1020,4380,F,1,0.0063981,0.428739,98.1327,2.94623,F
979,1,HappyBirthday,1457,365,M,1,0.383224,0.242198,0.757814,150.382,F
980,1,HappyBirthday,1271,2190,M,1,0.19299,0.147533,6556.02,517.497,F
981,1,HappyBirthday,370,6570.81,M,1,0.0040671,1.26324,985.9,5.94475,F
981,1,HappyBirthday,589,20075,M,1,0.0751266,0.2866,43.9678,29.1671,F
981,1,HappyBirthday,681,7300,F,1,0.455444,0.267348,177.216,189.214,F
982,1,HappyBirthday,1458,365,M,1,0.000831188,0.128293,31987.6,1.03377,F
983,1,HappyBirthday,1386,1095,F,1,0.165402,0.0317074,17876.5,1133.45,F
983,1,HappyBirthday,1387,1095,M,1,0.0173342,1.84149,1895.65,20.5211,F
983,1,HappyBirthday,831,23725.5,F,1,0.000554563,27.672,137.688,0.18121,F
984,1,HappyBirthday,267,24820.9,M,1,0.254544,0.474918,5.58867,91.7252,F
984,1,HappyBirthday,1318,1825,F,1,0.0178245,10.0403,3.63427,5.59652,F
984,1,HappyBirthday,1058,4015,M,1,0.00146835,0.276844,0.0219266,0.456861,F
985,1,Births,1495,0,F,0,0,0.0131617,0,0,F
986,1,HappyBirthday,1319,1825,M,1,0.0899937,0.649331,659.006,30.0667,F
986,1,HappyBirthday,1388,1095,F,1,0.651475,0.464731,26635.5,1162.85,F
986,1,HappyBirthday,222,12410.5,M,1,0.00122018,0.163269,6623.17,3.24857,F
986,1,HappyBirthday,879,15695.1,F,1,0.0111189,1.80347,0.309409,3.47533,F
987,1,HappyBirthday,450,13505,M,1,0.000204636,2.11874,0.0382466,0.0636022,F
987,1,HappyBirthday,654,9490.23,M,1,0.0556087,24.2288,3.0955,17.8576,F
988,1,HappyBirthday,1355,1460,F,1,0.400597,0.302624,19389.5,1244.8,F
988,1,HappyBirthday,1356,1460,M,1,0.0193971,0.682716,14690.1,180.612,F
988,1,HappyBirthday,929,9125.52,M,1,0.0515435,1.73239,13.704,16.8919,F
989,1,HappyBirthday,260,5840.47,M,1,0.0171022,16.9896,23.9483,5.97016,F
989,1,HappyBirthday,757,19345.4,M,1,0.00507226,14.3415,24.9994,1.63421,F
990,1,HappyBirthday,1105,3650,M,1,0.00365271,0.325789,2.90974e-06,1.13722,F
990,1,HappyBirthday,1459,365,F,0,0,0.0176156,0,0,F
990,1,HappyBirthday,448,10950.1,M,1,0.000141829,0.654448,27795.6,0.150854,F
990,1,HappyBirthday,727,10585.5,F,1,0.0444702,0.280668,50.6438,16.8347,F
990,1,HappyBirthday,987,6935.85,M,1,0.0546972,3.23906,460.381,18.3198,F
990,1,HappyBirthday,863,6570.01,F,1,0.00509439,1.27127,119187,38.4549,F
991,1,HappyBirthday,327,9490.05,F,1,0.0125444,2.20704,0.332794,3.92326,F
991,1,HappyBirthday,1272,2190,M,1,0.198977,3.17238,53.8057,70.2057,F
992,1,HappyBirthday,10,29565.2,F,1,0.328601,0.0334588,1353.07,132.885,F
992,1,HappyBirthday,176,35770.1,F,1,0.000184422,0.291098,81.5817,0.0651356,F
992,1,HappyBirthday,489,9855.41,M,1,0,1.27149,3.05438,0,F
992,1,HappyBirthday,1389,1095,F,1,0.0104656,1.03541,67.3946,4.0963,F
992,1,HappyBirthday,1190,2920,M,1,0.00457321,0.532494,13562.5,2.75559,F
993,1,HappyBirthday,158,6935.46,F,1,0.155959,0.257546,8.44817,53.4235,F
993,1,HappyBirthday,414,17885.8,F,1,0.0242049,0.0991061,0.0070508,7.6154,F
994,1,HappyBirthday,1390,1095,F,1,0.659011,34.1169,113.947,352.025,F
994,1,HappyBirthday,447,32120.8,M,1,0.00630238,0.176274,6.90726,1.96548,F
994,1,HappyBirthday,971,7300.64,F,1,0.0266372,4.0954,52.9448,9.05439,F
994,1,Births,1496,0,F,0,0,0.00101561,0,0,F
995,1,HappyBirthday,1357,1460,F,1,0.0245357,0.304285,10107.8,89.2454,F
995,1,HappyBirthday,261,7300.37,F,1,0.198669,0.511626,1857.55,69.7724,F
995,1,HappyBirthday,1320,1825,F,1,0.104505,0.260233,2.55813,34.4679,F
995,1,HappyBirthday,1429,730,F,1,0.000633313,2.05252,39969.5,7.71826,F
995,1,HappyBirthday,899,16425.1,M,0,0,0.102929,0,0,F
995,1,Births,1497,0,M,0,0,0.00568169,0,0,F
996,1,HappyBirthday,243,16060.2,M,0,0,0.0293779,0,0,F
996,1,HappyBirthday,264,10220.1,F,1,0.145794,1.1672,3337.1,49.0863,F
996,1,HappyBirthday,1391,1095,F,0,0,0.0267289,0,0,F
996,1,HappyBirthday,935,19345.7,F,1,0.0549663,3.53185,204.639,18.8877,F
996,1,HappyBirthday,1321,1825,F,1,0.00368249,2.4072,19.1973,1.18834,F
997,1,HappyBirthday,1191,2920,M,1,0.0961498,1.40375,5070.61,31.8277,F
998,1,HappyBirthday,564,6935.64,F,1,0.0055791,3.34775,0.0301044,1.73863,F
998,1,HappyBirthday,578,4745.66,M,1,0.00188756,3.08517,23.8695,0.588294,F
998,1,Births,1498,0,F,0,0,0.112778,0,0,F
998,1,Births,1499,0,M,0,0,0.00578005,0,0,F
999,1,HappyBirthday,316,6205.74,M,1,0.000268407,0.581678,37.5904,0.0871537,F
999,1,HappyBirthday,1430,730,F,1,0.00172955,0.913893,0.204868,0.537991,F
999,1,HappyBirthday,603,20075.2,F,1,7.36852e-05,0.517253,73.7225,0.023012,F
999,1,HappyBirthday,676,24820.5,F,1,0.178123,3.50151,73.8919,66.0444,F
999,1,HappyBirthday,692,8030.51,F,1,0.000588934,17.7144,2.31933,0.185285,F
999,1,Births,1500,0,M,0,0,0.0822662,0,0,F
1000,1,HappyBirthday,584,14965.7,F,1,0.141752,3.03815,0.204701,47.508,F
1000,1,HappyBirthday,1358,1460,M,1,0.246714,0.113763,104.06,111.348,F
1001,1,HappyBirthday,401,8030.19,M,1,0.0115845,3.43384,52.4851,3.94688,F
1002,1,HappyBirthday,277,7665.66,M,1,0.0528145,1.34005,94.7082,17.1349,F
1002,1,HappyBirthday,1274,2190,F,0,0,0.0654586,0,0,F
1003,1,HappyBirthday,1021,4380,F,1,0.00958899,0.152175,4.06328e-06,2.99402,F
1003,1,HappyBirthday,345,10220.5,M,1,0.00654435,2.73803,72.562,2.04667,F
1004,1,HappyBirthday,1231,2555,F,1,0.201721,4.18419,36.2735,70.5904,F
1004,1,HappyBirthday,1392,1095,M,1,0.251596,5.20215,67025.7,1360.75,F
1004,1,HappyBirthday,637,32485.7,M,1,0.00627365,3.08532,0.0001846,1.95571,F
1004,1,HappyBirthday,646,20440.6,F,1,0.0136936,3.71275,806.255,4.47587,F
1004,1,Births,1501,0,F,0,0,0.124229,0,0,F
1005,1,HappyBirthday,155,13140.3,F,1,0.0330601,1.54013,2.8068,10.4492,F
1005,1,HappyBirthday,255,4745.06,M,1,0.000871465,11.5168,40.7746,0.31684,F
1005,1,HappyBirthday,379,7300.24,F,1,0.00786329,14.9734,130.188,3.84941,F
1005,1,HappyBirthday,1106,3650,M,1,0.00891722,0.781146,154.561,3.43735,F
1006,1,HappyBirthday,377,27010.3,F,1,0.0153603,0.108949,6.86312,4.97769,F
1006,1,HappyBirthday,533,19345.2,M,1,0,0.0519264,0,0,F
1006,1,HappyBirthday,712,12045.6,F,1,0.0718483,0.422568,0.769343,23.2428,F
1006,1,HappyBirthday,1060,4015,M,1,0.0003186,0.581569,5099.32,0.270139,F
1006,1,Births,1502,0,F,0,0,0.280868,0,0,F
1007,1,HappyBirthday,143,6935,F,1,2.96129e-06,0.682023,140.666,0.000962428,F
1007,1,HappyBirthday,1061,4015,M,1,0.0762927,0.0267045,32.0516,25.6644,F
1008,1,HappyBirthday,1062,4015,F,1,0.00741143,22.0922,2226.31,20.5329,F
1008,1,HappyBirthday,1192,2920,F,1,0.0153046,2.15589,142.436,5.83352,F
1008,1,HappyBirthday,1107,3650,M,1,0.000910745,0.602547,1.94134,0.284065,F
1008,1,HappyBirthday,645,6205.53,M,1,0.00146099,4.60728,12.3694,0.460126,F
1008,1,HappyBirthday,890,8760.08,M,1,2.94275e-05,0.590266,13679.3,0.0154648,F
1009,1,HappyBirthday,966,11680.9,F,1,0.111362,4.28269,44.3985,41.0197,F
1010,1,HappyBirthday,48,6935.78,F,1,0,0.13478,4.06988,0,F
1010,1,HappyBirthday,1148,3285,F,1,0.255509,0.0865355,14.4844,95.7935,F
1010,1,HappyBirthday,936,7300.03,F,1,0.0244925,1.64051,13.0356,8.12574,F
1011,1,HappyBirthday,209,8030.41,F,1,7.29508e-07,1.18096,1004.02,0.0010922,F
1011,1,HappyBirthday,415,4745.92,M,1,0.000663479,0.0324801,5.92819,0.212431,F
1011,1,HappyBirthday,1460,365,F,1,0.131417,0.497692,4028.62,89.5859,F
1011,1,HappyBirthday,633,10585.4,M,1,0.140941,4.9233,21.2737,50.8887,F
1012,1,HappyBirthday,470,17155,M,1,0.0395079,6.93723,0.001039,12.5282,F
1012,1,HappyBirthday,1393,1095,F,1,0.00192346,0.512779,0.0430941,0.59893,F
1012,1,HappyBirthday,695,25550.5,M,1,0.000820108,6.90143,34.1953,0.267146,F
1013,1,HappyBirthday,165,33215.6,F,1,0.119799,0.712443,1.9528,39.6661,F
1013,1,HappyBirthday,1322,1825,F,1,0.0807349,5.67275,1450.45,43.4094,F
1013,1,HappyBirthday,1431,730,M,1,0.00579974,1.14853,139.242,3.06303,F
1014,1,HappyBirthday,1359,1460,F,1,0.0856164,0.0814894,108.833,32.7868,F
1015,1,HappyBirthday,54,6205.21,M,1,0.000126782,0.315537,4.31496,0.0402899,F
1015,1,HappyBirthday,1461,365,F,0,0,0.00387701,0,0,F
1015,1,HappyBirthday,441,5475.98,F,1,0.331536,0.21231,551.421,277.229,F
1015,1,HappyBirthday,1432,730,M,1,0.0926269,0.524345,4175.71,182.294,F
1017,1,HappyBirthday,684,9490.27,M,1,0,0.559918,5.18686,0,F
1018,1,HappyBirthday,353,9855.54,F,1,0.0122274,0.73248,52.4057,4.15644,F
1019,1,HappyBirthday,411,11680.1,M,1,0.00049542,0.0871317,75.3153,0.202151,F
1019,1,HappyBirthday,775,24455.6,M,1,0.00368548,2.34991,61.2317,1.25147,F
1020,1,HappyBirthday,296,9490.29,F,1,0.0544729,19.4045,92.197,19.9416,F
1020,1,HappyBirthday,1433,730,M,1,0.000177497,0.282066,0.284154,0.0549651,F
1020,1,HappyBirthday,717,13505.3,F,1,0.560326,0.0774198,42.28,259.787,F
1020,1,HappyBirthday,964,10950.9,F,1,0.000606903,12.7536,27.3491,0.190002,F
1021,1,HappyBirthday,138,13870.5,M,1,0.0735943,9.26246,7.20411,23.8194,F
1021,1,HappyBirthday,1149,3285,M,1,0.00162672,1.37324,8.07978,0.510755,F
1021,1,HappyBirthday,1023,4380,F,1,0.0207459,0.328813,19.0467,7.0978,F
1021,1,HappyBirthday,1024,4380,M,1,0.0700123,2.13578,0.0682378,22.558,F
1021,1,Births,1503,0,F,0,0,0.153876,0,0,F
1022,1,HappyBirthday,274,6570.1,M,1,0.603396,0.202601,7894.04,1045.37,F
1022,1,HappyBirthday,522,10586,F,1,3.34318e-05,0.0572625,42.1711,0.0111418,F
1022,1,HappyBirthday,783,7300,F,1,0.0121734,7.65339,1.64954,3.80621,F
1022,1,HappyBirthday,898,17885.5,F,1,0.0814409,0.962221,750.962,35.55,F
1022,1,Births,1504,0,M,0,0,0.2102,0,0,F
1023,1,HappyBirthday,1361,1460,F,1,0.122725,0.277719,15.2424,41.3534,F
1023,1,HappyBirthday,989,10220.8,M,1,0.000589714,7.58934,1821.24,0.644299,F
1023,1,HappyBirthday,1362,1460,F,1,0.109963,1.20521,8511.55,163.926,F
1024,1,HappyBirthday,230,21900.9,M,1,0.00879032,1.04231,279.51,2.91008,F
1024,1,HappyBirthday,456,21900.5,F,1,0.00286676,1.17085,73.9669,0.991002,F
1024,1,HappyBirthday,1025,4380,F,1,0.000348582,0.474809,0.0411679,0.108217,F
1024,1,HappyBirthday,544,9490.02,M,1,0.277541,1.09945,614.218,106.158,F
1025,1,HappyBirthday,1275,2190,F,1,0.00123743,0.688887,0.546399,0.385295,F
1026,1,HappyBirthday,894,21535.4,M,1,0.00172557,5.84084,15.2644,0.568995,F
1027,1,HappyBirthday,1063,4015,F,1,5.50032e-06,0.13416,4.77471,0.00174355,F
1027,1,HappyBirthday,1394,1095,M,1,0.111792,0.453465,242.012,58.5283,F
1028,1,HappyBirthday,858,9855.26,M,1,0.00264183,0.295201,42.913,0.829931,F
1028,1,Births,1505,0,F,0,0,0.587128,0,0,F
1029,1,HappyBirthday,117,16060.8,M,1,7.95525e-07,2.57054,2132.06,0.0020866,F
1030,1,HappyBirthday,1064,4015,M,1,0.13078,0.840028,49.725,47.1103,F
1031,1,HappyBirthday,96,7665.51,F,1,0.00044388,0.0705797,3812.09,1.18053,F
1031,1,HappyBirthday,241,12045.9,M,1,0.0125686,1.18632,0.000285,3.92998,F
1031,1,HappyBirthday,1324,1825,M,1,0.0143282,4.90104,981.72,4.49338,F
1031,1,HappyBirthday,1194,2920,M,1,0.0293924,0.6032,0.128319,9.27136,F
1032,1,HappyBirthday,1150,3285,F,0,0,0.00732017,0,0,F
1032,1,HappyBirthday,991,16790.1,M,1,0.0727323,0.343991,243.801,46.0882,F
1033,1,HappyBirthday,1111,3650,M,1,5.00332e-06,0.237712,151037,0.0435258,F
1033,1,HappyBirthday,1110,3650,F,1,0.00777732,0.347814,381.199,2.97928,F
1033,1,Births,1506,0,M,0,0,0.0625167,0,0,F
1034,1,HappyBirthday,100,20440.6,M,1,0.0258722,0.569219,0.950914,8.15994,F
1034,1,HappyBirthday,694,9855.45,F,1,0.00144278,64.2597,729.951,0.810307,F
1035,1,HappyBirthday,90,8030.04,M,1,0.0662152,5.86998,288.45,39.6208,F
1035,1,HappyBirthday,182,8395.16,F,1,0.00102227,12.8285,2872.6,0.318382,F
1036,1,HappyBirthday,993,11315,F,1,0.000502802,47.0843,18.5332,0.170813,F
1036,1,HappyBirthday,567,26280.8,F,1,0,1.2479,0.578383,0,F
1036,1,HappyBirthday,1066,4015,F,0,0,0.0415347,0,0,F
1036,1,Births,1507,0,M,0,0,0.164258,0,0,F
1037,1,HappyBirthday,805,5475.09,M,1,0.0868873,0.0667445,6.25924,28.9191,F
1038,1,HappyBirthday,360,17155.3,F,1,0.00650303,8.01876,38983.6,7.17752,F
1038,1,HappyBirthday,1325,1825,F,1,0.0692588,1.23475,24.817,22.4367,F
1038,1,HappyBirthday,446,14965.6,M,1,0.000142525,3.219,4802.06,0.599557,F
1038,1,HappyBirthday,481,5475.36,F,1,0.000216447,0.842631,1.10979e-05,0.0673127,F
1038,1,HappyBirthday,492,22265.7,F,1,0.0211691,31.399,180.451,6.74307,F
1038,1,HappyBirthday,1026,4380,M,1,0.00715603,0.972759,3792.86,10.323,F
1040,1,HappyBirthday,1151,3285,M,1,0.00525656,0.563876,1.05134,1.64282,F
1040,1,HappyBirthday,844,16060.7,M,1,0.108486,1.5564,0.0514648,35.6857,F
1041,1,HappyBirthday,1277,2190,F,1,0.000922215,0.0972037,5.58254,0.289321,F
1041,1,HappyBirthday,1195,2920,F,1,0.000435072,0.215769,53835.6,1.13313,F
1041,1,HappyBirthday,487,13505.6,M,1,0.195352,0.935979,2.95178,67.6061,F
1041,1,HappyBirthday,644,15695.2,M,1,0.0125389,0.160684,3.32254,3.92201,F
1041,1,HappyBirthday,1067,4015,M,1,0.000572874,1.40378,973.932,0.343663,F
1041,1,Births,1508,0,F,0,0,1.06397,0,0,F
1042,1,HappyBirthday,6,7300.05,F,1,4.1012e-05,1.86407,2.0121,0.0129065,F
1042,1,HappyBirthday,28,19345.9,F,1,0.0355263,0.724581,207.959,11.5204,F
1042,1,HappyBirthday,106,9490.68,M,1,0.000934222,0.919057,60.4725,0.315378,F
1043,1,HappyBirthday,403,13870,F,1,0.212139,0.175602,426.654,74.1008,F
1043,1,HappyBirthday,724,10220.3,M,1,0.00052484,0.523793,0.406069,0.16357,F
1043,1,HappyBirthday,726,25915.4,M,1,0.0273526,3.29174,262.657,18.0296,F
1043,1,HappyBirthday,1196,2920,M,1,0.104455,0.765595,191.748,43.4604,F
1044,1,HappyBirthday,566,6205.97,F,1,0.00775605,0.232922,52.7692,2.57181,F
1044,1,HappyBirthday,764,16060.3,F,1,0.00314608,0.0889476,16.8506,0.979225,F
1045,1,HappyBirthday,101,6205.16,F,1,0.0217839,0.362381,34.1162,7.81192,F
1045,1,HappyBirthday,1462,365,F,1,0.204755,0.0800283,3327.67,134.981,F
1045,1,HappyBirthday,1152,3285,F,1,8.39086e-05,0.141596,1877.23,0.0922851,F
1046,1,HappyBirthday,58,16790,M,1,0.0020789,1.29804,45.6005,0.716334,F
1046,1,HappyBirthday,276,5840.48,F,1,0.064333,0.150116,0.155798,20.6655,F
1046,1,HappyBirthday,736,14600.4,M,1,0.000156073,0.79815,8.38723,0.0489674,F
1046,1,HappyBirthday,873,25185.1,M,1,0.00221186,1.26408,2.61256,0.693613,F
1048,1,HappyBirthday,1068,4015,M,1,1.16334e-06,0.332832,16.7681,0.000396048,F
1048,1,HappyBirthday,1234,2555,F,1,0.0739719,3.21404,32.0824,27.2473,F
1049,1,HappyBirthday,19,24455.2,M,1,0.0293144,0.5436,69.1438,9.34107,F
1049,1,HappyBirthday,1326,1825,M,1,0.213191,1.60806,4823.48,405.938,F
1050,1,HappyBirthday,1395,1095,F,1,0.605831,0.638309,12097.8,570.117,F
1050,1,HappyBirthday,315,15330.2,M,1,0.0121744,1.34835,0.0391062,3.80699,F
1050,1,HappyBirthday,1278,2190,M,0,0,0.0130736,0,0,F
1050,1,HappyBirthday,587,5475.12,M,1,0.0300071,4.19637,8.02075,9.47425,F
1050,1,HappyBirthday,1279,2190,F,1,0.413797,0.36878,3846.89,299.549,F
1050,1,HappyBirthday,678,5110.61,F,1,0.0109038,6.31222,1.15384,3.40784,F
1050,1,HappyBirthday,926,35405.5,F,1,0.0144309,0.312483,72.3823,4.53575,F
1050,1,Births,1509,0,M,0,0,0.0980831,0,0,F
1051,1,HappyBirthday,44,21170,F,1,0.0385964,0.609141,444.842,12.8299,F
1051,1,HappyBirthday,284,16790.6,F,1,0.000170106,0.324596,1.17205,0.0530492,F
1051,1,HappyBirthday,1463,365,M,1,0.000175916,0.0488417,30821.6,1.30108,F
1052,1,HappyBirthday,89,5475.09,M,1,0.0235251,2.01128,4030.01,7.92304,F
1052,1,HappyBirthday,1197,2920,F,1,0.00238089,2.34622,1597.77,4.69934,F
1052,1,HappyBirthday,214,6205.02,M,1,0.0142736,4.08006,56.0208,4.84412,F
1052,1,HappyBirthday,732,5475.9,F,1,0.00153128,12.8753,0.635276,0.476597,F
1053,1,HappyBirthday,503,6935.92,F,1,0.00985197,3.13571,78.8556,4.13435,F
1053,1,HappyBirthday,721,9490.81,M,1,0.000265229,1.13724,1.44063,0.082643,F
1054,1,HappyBirthday,154,21170.4,M,1,0.00172369,31.1373,44.509,0.603041,F
1054,1,HappyBirthday,1434,730,M,1,0.132706,0.50164,13149.1,66.5956,F
1055,1,HappyBirthday,988,6570.91,M,1,0,0.0337195,1.0542,0,F
1056,1,HappyBirthday,1198,2920,M,1,9.30563e-07,0.283302,0.00794996,0.000284424,F
1056,1,HappyBirthday,1363,1460,M,1,3.71467e-05,0.747337,24518.1,0.121805,F
1057,1,HappyBirthday,1153,3285,F,1,0,0.0940122,0.139041,0,F
1057,1,HappyBirthday,1154,3285,M,1,0.113788,0.513008,336.824,40.8332,F
1057,1,HappyBirthday,620,7665.57,F,1,0.0114415,0.644829,19.9929,3.59505,F
1057,1,HappyBirthday,751,5475.67,F,1,0.0503255,0.255634,341.312,25.1755,F
1058,1,HappyBirthday,502,7665.12,F,1,8.8601e-05,0.140806,647.357,0.055148,F
1058,1,HappyBirthday,1396,1095,M,1,0.00269041,0.694995,16.1323,0.85852,F
1058,1,HappyBirthday,1435,730,M,1,0.266446,3.693,1795.24,474.304,F
1058,1,HappyBirthday,1237,2555,M,1,0.0112828,1.6199,58.9098,4.39825,F
1058,1,Births,1510,0,F,0,0,0.00326067,0,0,F
1059,1,HappyBirthday,9,6935.07,F,1,0.00950667,1.21706,7.0735,3.06115,F
1060,1,HappyBirthday,1199,2920,M,1,0.00102862,0.387564,51629.6,2.55355,F
1060,1,HappyBirthday,612,35040.2,M,1,0.292913,0.667963,3678.6,487.642,F
1060,1,HappyBirthday,648,17155.7,M,1,0.0016064,0.879121,0.131424,0.499829,F
1060,1,HappyBirthday,930,10585.3,F,1,0.000695402,0.231949,86.6992,0.242097,F
1061,1,HappyBirthday,3,6205.02,M,1,0.0695429,8.82289,2.93535,22.4028,F
1061,1,HappyBirthday,680,4745.79,F,1,0.00268916,0.841919,0.072236,0.836901,F
1062,1,HappyBirthday,529,9125.31,F,1,2.02075e-05,7.38392,3518.82,0.0328638,F
1062,1,HappyBirthday,607,16060,F,1,0.17696,2.31343,1109.18,63.2973,F
1062,1,HappyBirthday,1464,365,M,1,0.228975,0.147902,33.6056,83.6349,F
1062,1,HappyBirthday,938,6570.77,M,1,0.00796975,0.266327,0.0954551,2.48732,F
1063,1,HappyBirthday,1112,3650,M,1,0.017969,0.11637,1928.79,41.3222,F
1063,1,HappyBirthday,1069,4015,M,1,0.0054257,1.3269,3816.45,20.2361,F
1064,1,HappyBirthday,528,10585.3,F,1,0.000843679,0.382655,0.0405054,0.262298,F
1064,1,HappyBirthday,665,10220.8,F,1,0.000137486,7.05158,2909.57,0.419389,F
1065,1,HappyBirthday,189,16790,M,1,0.121294,0.405637,0.530527,40.2168,F
1065,1,HappyBirthday,236,8395.29,M,0,0,0.0959264,0,0,F
1065,1,HappyBirthday,356,8395.76,F,1,0.583892,0.50274,1.19174,273.756,F
1065,1,HappyBirthday,978,10950.9,F,1,7.19773e-06,0.972817,21967,0.0114782,F
1066,1,HappyBirthday,720,21535,F,1,0.0115935,0.46127,16.8346,3.70766,F
1067,1,HappyBirthday,1397,1095,M,1,0.0471229,0.0218813,120.346,17.8954,F
1067,1,HappyBirthday,1238,2555,M,1,0,0.0404331,59800.2,0,F
1067,1,HappyBirthday,382,9125.44,M,1,0.00272041,1.48563,24.0059,0.874509,F
1067,1,HappyBirthday,952,5840.21,M,1,8.10974e-05,0.909239,345.37,0.0266593,F
1068,1,HappyBirthday,36,9125.77,M,1,0.00233858,0.137001,1.4575,0.73191,F
1068,1,HappyBirthday,81,25185.2,M,1,0.00379331,4.95453,446.393,2.02592,F
1068,1,HappyBirthday,442,6570.66,F,1,0.0208375,1.49942,1524.04,14.4454,F
1068,1,HappyBirthday,739,6205.78,M,1,0,0.636502,0.0202538,0,F
1068,1,HappyBirthday,755,33945.6,M,1,0.395545,0.0565291,23.9461,157.539,F
1068,1,HappyBirthday,830,17885,F,1,0.00024064,11.693,1.2e-06,0.0748424,F
1069,1,HappyBirthday,161,5110.01,F,1,0.047078,2.85864,66.9394,19.2229,F
1069,1,HappyBirthday,275,27010.7,F,1,0.00507104,0.306086,86.6858,1.77056,F
1069,1,HappyBirthday,1436,730,M,1,0.197933,0.544921,4473.67,297.435,F
1070,1,HappyBirthday,208,6570.69,M,1,0.0133176,0.291838,70.6862,5.55886,F
1070,1,HappyBirthday,1027,4380,F,1,0.00474464,0.463638,0.0063331,1.47846,F
1070,1,HappyBirthday,864,18980.6,M,1,0.0832283,1.75032,20.0282,27.8126,F
1071,1,HappyBirthday,511,16425.3,M,1,0.428527,0.12785,37510.7,805.964,F
1072,1,HappyBirthday,16,6205.67,M,1,3.09536e-05,0.664409,11148.3,0.226702,F
1072,1,HappyBirthday,491,19710.9,F,1,0.00442653,0.192498,482.615,2.2125,F
1072,1,HappyBirthday,1239,2555,F,0,0,0.0523473,0,0,F
1072,1,HappyBirthday,1398,1095,F,1,0.242773,0.0947591,30.6779,96.3146,F
1073,1,HappyBirthday,120,4745.76,M,1,0.00327199,0.325791,416.405,2.51567,F
1073,1,HappyBirthday,298,4745.4,M,1,0.549766,1.03125,125.001,272.03,F
1073,1,HappyBirthday,405,6205.27,M,1,0.00395111,0.130381,12007.7,1.98391,F
1073,1,HappyBirthday,777,10585.5,M,1,0.0123814,17.4892,63.9097,4.24384,F
1073,1,HappyBirthday,1465,365,M,1,0.0170766,0.114466,45.0614,5.67644,F
1074,1,HappyBirthday,980,7300.57,F,1,0.390284,21.1013,52.0192,153.977,F
1074,1,HappyBirthday,1281,2190,M,1,0.00414877,0.201599,11120.1,31.8423,F
1075,1,HappyBirthday,590,28105.7,M,1,0.00134282,1.30081,6.33056,0.421187,F
1075,1,HappyBirthday,1466,365,M,0,0,0.0869889,0,0,F
1076,1,HappyBirthday,1072,4015,F,1,0.00028558,0.592457,2195.65,0.37248,F
1076,1,HappyBirthday,679,8030.37,F,1,0.0108747,2.18989,0.660388,3.40156,F
1076,1,HappyBirthday,828,7300.03,F,1,0.000627791,3.24894,4364.77,0.234052,F
1076,1,HappyBirthday,1073,4015,F,1,0.0246234,1.94899,56.0502,8.17852,F
1078,1,HappyBirthday,1201,2920,M,1,0.181954,0.833999,553.525,116.732,F
1078,1,HappyBirthday,1399,1095,F,1,0.00167679,0.0405435,14.3138,0.531791,F
1079,1,HappyBirthday,1202,2920,F,1,0.0109214,14.9906,1677.78,3.41963,F
1079,1,HappyBirthday,1327,1825,F,1,0.000751296,0.408051,24.5963,0.243324,F
1080,1,HappyBirthday,1028,4380,F,1,0.0176353,64.4431,1.69556,5.56515,F
1080,1,HappyBirthday,1029,4380,M,1,0.0419095,15.262,10.9471,13.3161,F
1080,1,HappyBirthday,335,5110.3,M,1,0.0230131,0.157594,453.146,20.1547,F
1081,1,HappyBirthday,413,8395.61,F,1,0.300563,1.044,356.49,269.725,F
1081,1,HappyBirthday,417,10950,M,1,0.0171694,0.112014,409.895,8.43897,F
1081,1,HappyBirthday,1155,3285,M,1,0.00971745,2.50126,115.918,3.65411,F
1081,1,HappyBirthday,969,13140.7,M,1,0.000245266,0.615674,76045.8,0.835872,F
1082,1,HappyBirthday,438,8760.04,M,1,0.0809887,5.59313,161.389,29.1873,F
1082,1,HappyBirthday,1030,4380,F,1,0.000188369,24.5369,14.5713,0.0628368,F
1083,1,HappyBirthday,1240,2555,F,1,0.230937,0.0460458,2565.08,88.2143,F
1083,1,HappyBirthday,263,25185.3,F,1,0.0093354,1.87794,122.945,3.40554,F
1083,1,HappyBirthday,931,10950.1,M,1,0.00218441,0.133772,673.27,2.53669,F
1084,1,HappyBirthday,1328,1825,F,1,9.55406e-06,0.534777,8833.79,0.0312254,F
1084,1,HappyBirthday,897,24090.9,F,1,0.00247902,9.92545,10.7401,0.772217,F
1085,1,HappyBirthday,722,27375.9,F,1,0.0043754,0.0203575,1402.26,1.55462,F
1086,1,HappyBirthday,1156,3285,M,1,0.130694,1.54543,485.465,58.9435,F
1086,1,Births,1511,0,F,0,0,0.0100914,0,0,F
1086,1,Births,1512,0,M,0,0,0.52698,0,0,F
1087,1,HappyBirthday,1031,4380,F,1,0.687239,0.246742,331.522,365.593,F
1087,1,HappyBirthday,504,6205.46,F,1,0.304045,0.11381,0.213421,112.692,F
1089,1,HappyBirthday,1114,3650,F,1,0.000577237,25.0469,190.799,0.22943,F
1090,1,HappyBirthday,1115,3650,M,1,0.0222546,1.68811,2855.77,8.09467,F
1090,1,HappyBirthday,765,16060.7,F,1,0.109151,0.269956,1271.95,38.1626,F
1090,1,HappyBirthday,1365,1460,F,1,5.47026e-05,0.0508414,701.341,0.0590067,F
1091,1,HappyBirthday,1437,730,M,1,0.105028,0.499304,151.264,44.0611,F
1092,1,HappyBirthday,226,18980.5,M,1,0.0429778,0.989687,22.54,15.0523,F
1092,1,HappyBirthday,400,6570.56,M,0,0,0.0252587,0,0,F
1092,1,HappyBirthday,1438,730,M,1,0.0185982,0.286573,81.6359,6.54412,F
1093,1,HappyBirthday,1159,3285,F,1,0.000401116,1.25847,675.119,0.484248,F
1093,1,HappyBirthday,1074,4015,M,1,0,0.224008,127.981,0,F
1093,1,HappyBirthday,750,4745.65,F,1,0.0124712,0.208072,23.4462,3.94527,F
1093,1,HappyBirthday,1158,3285,F,1,0.0280222,0.546165,51.635,9.42045,F
1093,1,HappyBirthday,1204,2920,F,1,0.00285305,1.61554,1.71532,0.890251,F
1094,1,HappyBirthday,985,17155.2,M,1,0.000626305,7.43113,0.000213,0.194571,F
1094,1,HappyBirthday,1283,2190,M,1,0.000358208,0.037622,34.9859,0.116881,F
1094,1,HappyBirthday,1284,2190,M,1,0.000352498,1.18813,9717.38,0.151419,F
1094,1,HappyBirthday,1075,4015,M,1,0.403531,2.77184,61.4935,197.1,F
1094,1,HappyBirthday,1285,2190,F,1,0.117918,0.622122,48.7518,44.3005,F
1094,1,HappyBirthday,1329,1825,M,1,3.11893e-05,0.700159,70533,0.361033,F
1095,1,HappyBirthday,220,20440.7,M,1,0,0.564605,0.365974,0,F
1095,1,HappyBirthday,933,30295.9,F,1,0.113398,0.643458,1.09436,37.4064,F
1096,1,HappyBirthday,1467,365,F,1,0.000233839,0.176914,70.9266,0.0804242,F
1096,1,HappyBirthday,1116,3650,M,1,0.129027,3.28839,0.247579,42.9593,F
1098,1,HappyBirthday,1160,3285,F,1,0.111063,2.85046,0.845531,36.6387,F
1098,1,HappyBirthday,976,8395.38,M,1,0.0595151,0.335919,2.44053,19.0708,F
1099,1,HappyBirthday,786,7665.15,M,1,0.000177075,0.618305,950.47,0.070978,F
1100,1,HappyBirthday,64,17155.6,M,0,0,0.025381,0,0,F
1100,1,HappyBirthday,1076,4015,M,1,0.000240749,0.0784443,667.803,0.261662,F
1100,1,HappyBirthday,1468,365,M,1,0.838773,0.236446,4.79599,571.655,F
1100,1,HappyBirthday,920,5475.32,F,1,0.000622393,1.50136,1705.77,0.255582,F
1101,1,HappyBirthday,459,11680.6,F,1,0.0622026,0.350161,3241.34,112.502,F
1101,1,HappyBirthday,689,6205.4,F,1,0.000204669,0.57092,191.457,0.0651672,F
1101,1,HappyBirthday,778,6570.45,M,1,0.000242187,2.09855,42.5652,0.0798686,F
1101,1,HappyBirthday,977,7300.94,M,1,0.0666014,0.622561,0.027084,21.4206,F
1101,1,HappyBirthday,1206,2920,M,1,0.00465424,0.136488,22.0386,1.48776,F
1102,1,HappyBirthday,458,17520.6,M,1,0.0047021,1.84641,21.3558,1.49741,F
1102,1,HappyBirthday,553,30660.1,F,1,0.00366092,0.493743,0.0607098,1.13959,F
1102,1,HappyBirthday,1440,730,F,1,0.000677813,0.886289,67.2574,0.279705,F
1103,1,HappyBirthday,190,13140.5,M,1,0.0350807,1.41229,36.4286,11.1651,F
1103,1,HappyBirthday,1330,1825,M,1,0.1852,4.34767,2305.28,64.7158,F
1104,1,HappyBirthday,68,7665.5,F,1,0.00689078,0.566823,7.32342,2.17603,F
1104,1,HappyBirthday,352,9125.68,F,1,0.179785,0.135388,1.53417,61.8961,F
1104,1,HappyBirthday,367,22630.4,F,1,0.000170462,0.140065,0,0.0529784,F
1104,1,HappyBirthday,1002,4745,M,1,0.000666505,1.58915,3.70229,0.209566,F
1104,1,HappyBirthday,948,8030.26,M,1,0.152342,6.5363,195.581,52.2885,F
1105,1,HappyBirthday,1003,4745,M,1,0.00597321,7.70328,15.2004,1.89349,F
1105,1,HappyBirthday,968,10220.1,M,0,0,0.30689,0,0,F
1106,1,HappyBirthday,104,5475.84,M,1,0.0753497,1.7774,2768.44,24.5277,F
1106,1,HappyBirthday,247,5110.74,M,1,0.097267,0.14576,0.0119616,31.8003,F
1106,1,HappyBirthday,387,27375.3,F,1,0.00188127,3.54242,43.1892,0.628288,F
1106,1,HappyBirthday,1469,365,F,1,0.345532,0.381194,8680.81,800.246,F
1106,1,HappyBirthday,1366,1460,M,1,0.0402556,0.29877,2713.92,14.9368,F
1106,1,HappyBirthday,1401,1095,F,1,0.489282,0.196455,1739.65,349.461,F
1107,1,HappyBirthday,57,11680.8,F,1,0.00604352,0.228891,1.34402,1.89348,F
1107,1,HappyBirthday,1286,2190,F,1,0.20366,0.198434,0.935495,70.9267,F
1108,1,HappyBirthday,1402,1095,M,1,0.00327481,0.143866,6.75494,1.02493,F
1108,1,HappyBirthday,643,9125.21,M,0,0,0.00758911,0,0,F
1108,1,HappyBirthday,812,17885.8,M,1,0.00151766,1.26539,16.5087,0.504556,F
1109,1,HappyBirthday,91,8030.68,F,1,0.00678417,7.82182,0.307864,2.11813,F
1109,1,HappyBirthday,1287,2190,F,0,0,0.159081,0,0,F
1109,1,HappyBirthday,254,11315.8,M,1,0.000299561,4.5426,1.81342,0.0935128,F
1109,1,HappyBirthday,1032,4380,M,1,0.000833472,6.73721,9.49467,0.2593,F
1109,1,HappyBirthday,1117,3650,F,1,0.0147069,0.393726,30.4721,4.79437,F
1110,1,HappyBirthday,136,7665.54,F,1,0.00023213,0.318679,22.0065,0.0743368,F
1111,1,HappyBirthday,1033,4380,F,1,7.33641e-05,8.04904,4427.39,0.0437741,F
1112,1,HappyBirthday,1077,4015,M,1,4.93783e-06,1.01671,0.0860716,0.00153679,F
1112,1,HappyBirthday,324,24820.5,M,1,0.0237245,0.350282,809.588,28.6705,F
1112,1,HappyBirthday,339,23725.2,F,1,0.143883,0.0348634,33.2658,49.5057,F
1112,1,HappyBirthday,402,7300.04,F,1,0,9.33973,1437.56,0,F
1113,1,HappyBirthday,1241,2555,F,1,0.00642584,1.90632,34.5449,2.09917,F
1113,1,HappyBirthday,436,13505.3,F,1,0.00975116,0.916372,4159.29,7.76282,F
1113,1,HappyBirthday,915,6935.13,F,1,0.00467672,1.54317,57.4007,1.46475,F
1114,1,HappyBirthday,288,5475.49,F,1,4.0572e-05,0.184175,10.9677,0.012879,F
1114,1,HappyBirthday,1161,3285,F,1,0.0233059,0.0515835,100.693,10.3228,F
1114,1,HappyBirthday,1162,3285,F,0,0,0.0336132,0,0,F
1114,1,Births,1513,0,M,0,0,0.366378,0,0,F
1115,1,HappyBirthday,38,36500,F,1,9.5005e-05,1.33259,0.454974,0.029518,F
1116,1,HappyBirthday,79,22995.7,F,1,0.0010755,0.710741,36009.8,1.34268,F
1116,1,HappyBirthday,668,10950.1,M,1,0.000783852,0.262011,0.0616456,0.243685,F
1116,1,HappyBirthday,702,8395.51,M,1,0.902067,3.4644,19.8327,722.684,F
1117,1,HappyBirthday,1164,3285,M,1,0.000200279,18.3808,24.5918,0.0644019,F
1117,1,HappyBirthday,815,5475.19,M,1,0.00521097,0.093047,1.23903,1.6236,F
1117,1,HappyBirthday,904,7665.02,F,1,0.000292668,3.31093,1335.76,0.11283,F
1118,1,HappyBirthday,983,8760.53,F,1,0.00284353,0.308555,12.32,0.931351,F
1118,1,HappyBirthday,576,28105.7,F,1,0.00414715,0.0480104,0.504905,1.29421,F
1118,1,HappyBirthday,794,6205.33,M,1,0.000953024,0.167911,21.2796,0.303356,F
1118,1,HappyBirthday,817,11315.7,F,1,0.0240618,2.41939,80.8298,7.58043,F
1118,1,HappyBirthday,947,5110,M,1,0.000100153,1.51365,79.2367,0.0325633,F
1119,1,HappyBirthday,1165,3285,F,1,0.00237404,0.695525,176.476,0.749802,F
1119,1,HappyBirthday,246,14600.6,M,1,0.00157998,0.449652,16.1633,0.526153,F
1120,1,HappyBirthday,796,24090.2,M,1,0.048963,1.36399,18.7818,16.0458,F
1120,1,HappyBirthday,932,16790.7,F,1,4.08865e-06,31.3586,2.97129,0.001294,F
1120,1,Births,1514,0,F,0,0,0.346556,0,0,F
1121,1,HappyBirthday,153,15330.6,F,1,0.00120765,1.39783,14.442,0.383658,F
1121,1,HappyBirthday,1207,2920,M,1,0.00152629,0.585952,0.000468386,0.474595,F
1121,1,HappyBirthday,1004,4745,M,1,0.00453664,0.339262,38.8764,1.41566,F
1121,1,HappyBirthday,1118,3650,M,0,0,0.233638,0,0,F
1121,1,HappyBirthday,1403,1095,F,1,0.00348323,0.242554,1.04281,1.08988,F
1121,1,HappyBirthday,1288,2190,M,1,0.00020179,0.1047,4.87598,0.0642009,F
1122,1,HappyBirthday,1289,2190,M,0,0,0.0224624,0,0,F
1123,1,HappyBirthday,272,32850.7,F,1,0.0375871,1.69459,1.49093,11.9306,F
1123,1,HappyBirthday,1078,4015,M,1,0.00147025,0.231597,1457.51,0.524848,F
1123,1,HappyBirthday,1243,2555,F,1,0.0102197,0.289763,0.730878,3.19744,F
1123,1,Births,1515,0,M,0,0,0.0306726,0,0,F
1124,1,HappyBirthday,125,13505.1,M,1,0.00023422,2.14531,2.45668,0.0728536,F
1124,1,HappyBirthday,1470,365,F,1,0.0810983,0.111602,97628,1236.4,F
1125,1,HappyBirthday,1208,2920,M,1,0.164508,1.11979,129.204,70.6167,F
1125,1,HappyBirthday,512,16425.5,F,1,0.0263671,0.731853,382.399,12.6937,F
1125,1,HappyBirthday,638,10221,M,1,0.0929348,4.46427,32.9644,31.8068,F
1126,1,HappyBirthday,163,24820.4,M,1,0.000945333,1.18129,0.0121958,0.293983,F
1126,1,HappyBirthday,1405,1095,M,1,0.199935,0.0862954,46.8906,69.3403,F
1126,1,HappyBirthday,699,27010.4,M,0,0,0.0357616,0,0,F
1127,1,HappyBirthday,170,27010.8,M,1,6.15326e-06,1.23344,3648.76,0.005618,F
1127,1,HappyBirthday,279,17155.1,M,1,0.00067575,0.556657,17.1722,0.225227,F
1127,1,HappyBirthday,1079,4015,F,1,0.0845875,0.157105,0.139992,27.4797,F
1127,1,HappyBirthday,881,5475.73,F,1,0.0191629,2.0731,28.169,6.71976,F
1127,1,HappyBirthday,908,5475.49,M,1,5.26784e-05,0.0642444,7.35669,0.0170104,F
1128,1,HappyBirthday,1332,1825,M,1,0.00013484,0.504902,90.8643,0.0496354,F
1128,1,HappyBirthday,477,32120.3,M,1,0.00344048,1.26125,149.615,1.6908,F
1128,1,HappyBirthday,1331,1825,F,1,0.10478,0.901415,3036.53,49.8581,F
1128,1,HappyBirthday,780,9125.9,M,1,4.88693e-05,0.110767,0.0002692,0.0151608,F
1128,1,Births,1516,0,M,0,0,0.0180257,0,0,F
1129,1,HappyBirthday,1471,365,F,1,0.812349,0.328427,0.716176,520.602,F
1129,1,HappyBirthday,338,5475.43,M,1,0.00105364,0.828035,5.78117e-05,0.327489,F
1129,1,HappyBirthday,1119,3650,M,1,0.739284,18.5282,109.319,418.272,F
1130,1,HappyBirthday,318,11680.9,F,1,2.67265e-05,6.61194,1.48164,0.0083818,F
1130,1,HappyBirthday,1034,4380,M,1,0.00499678,0.235652,6880.25,11.189,F
1131,1,HappyBirthday,1209,2920,F,0,0,0.161056,0,0,F
1131,1,HappyBirthday,320,14965.1,M,1,0,1.10344,58.1642,0,F
1131,1,HappyBirthday,1244,2555,F,1,0.0649736,0.69105,19.8318,22.2032,F
1131,1,HappyBirthday,711,5475.38,M,1,0.00194567,1.42002,15.8887,0.605183,F
1132,1,HappyBirthday,1210,2920,M,1,0.0121448,2.13695,0.206356,3.80018,F
1132,1,HappyBirthday,789,12410.2,F,1,0.0543375,0.207316,1.61299,17.3648,F
1132,1,HappyBirthday,848,9490.67,M,1,0.061312,0.192453,4.70954,20.0722,F
1132,1,Births,1517,0,M,0,0,0.0299465,0,0,F
1133,1,HappyBirthday,119,17520.5,F,1,0.0164488,1.10989,32.1982,5.26209,F
1133,1,HappyBirthday,306,17520.4,F,1,2.76435e-05,0.972136,26.6002,0.0089936,F
1133,1,HappyBirthday,398,12410.9,F,1,0.542666,6.48417,88.4892,243.458,F
1133,1,HappyBirthday,1333,1825,F,1,0.00108532,0.0444295,0.286861,0.337377,F
1134,1,HappyBirthday,67,14600.1,M,1,0.000344759,0.301421,0.0027298,0.107059,F
1134,1,HappyBirthday,73,5475.66,F,1,0.0128719,0.22436,9015.72,34.9315,F
1134,1,HappyBirthday,961,5110.35,M,1,0.104179,17.4337,21.6029,35.3039,F
1135,1,HappyBirthday,660,5475.48,M,1,0.0014959,0.947922,2.32277e-06,0.464915,F
1136,1,HappyBirthday,76,14600,M,1,0.00773304,2.59927,920.519,5.31465,F
1136,1,HappyBirthday,148,21900.7,F,1,0.0322628,1.02562,0.0025296,10.1911,F
1136,1,HappyBirthday,1472,365,M,1,0.453,0.272054,40425.9,674.03,F
1136,1,HappyBirthday,1334,1825,M,1,0.0343256,0.343114,35.9891,12.5954,F
1137,1,HappyBirthday,1290,2190,M,1,0.153133,1.13233,2.33274,51.6754,F
1137,1,HappyBirthday,558,13870.6,F,1,0.000216679,3.32566,6e-06,0.0673268,F
1137,1,HappyBirthday,669,19710.3,F,1,0.843426,3.84135,84.3819,633.671,F
1138,1,HappyBirthday,649,6205.9,F,1,0.0385461,1.14839,0.281261,12.2161,F
1138,1,HappyBirthday,768,10585.5,M,1,0.00107383,2.78461,1734.64,2.54458,F
1138,1,HappyBirthday,769,19710.1,M,1,0,0.68114,0,0,F
1139,1,HappyBirthday,1211,2920,M,1,0.00144679,0.452959,71.0185,0.530546,F
1140,1,HappyBirthday,75,18615.9,M,1,0.0210962,1.02768,214.615,8.98526,F
1140,1,HappyBirthday,1212,2920,M,1,3.70702e-06,1.26946,0.385648,0.00115857,F
1140,1,HappyBirthday,995,18980.9,M,0,0,0.243228,0,0,F
1140,1,HappyBirthday,840,13505.2,M,1,0.0539597,3.44752,82.4755,19.2804,F
1140,1,HappyBirthday,1080,4015,F,1,0.0422869,1.32183,21.4193,13.8073,F
1140,1,Births,1518,0,F,0,0,0.0409601,0,0,F
1141,1,HappyBirthday,72,9490.34,F,1,0.32453,1.10098,99.1425,142.541,F
1141,1,HappyBirthday,1166,3285,F,1,2.33678e-05,0.0736204,0.0931673,0.00726712,F
1141,1,HappyBirthday,1291,2190,F,1,0.000290801,1.04892,60.2482,0.110331,F
1141,1,HappyBirthday,950,10950.2,M,1,0.124656,74.0963,21.1195,45.377,F
1142,1,HappyBirthday,134,8030.7,M,1,0.0536652,2.74606,112.982,19.8171,F
1142,1,HappyBirthday,285,8760.07,M,1,0.0079013,0.806458,10080.6,3.69634,F
1142,1,HappyBirthday,934,5110.16,F,1,0.210979,3.06879,8.84741,74.245,F
1143,1,HappyBirthday,26,10585.8,F,1,0.0854667,1.84338,29.5984,28.0888,F
1143,1,HappyBirthday,99,8030.56,M,1,0.00118449,4.42921,0.030179,0.368202,F
1143,1,HappyBirthday,1407,1095,M,1,0.0153472,2.35357,15.4527,5.02509,F
1143,1,HappyBirthday,548,8030.63,M,1,0.00207653,4.54889,15.0937,0.69532,F
1143,1,HappyBirthday,572,15695.5,F,1,0.00169971,0.183621,27.1323,0.530445,F
1143,1,HappyBirthday,918,16790.1,F,1,0.00159904,2.43398,26.9,0.564954,F
1143,1,Births,1519,0,M,0,0,0.451658,0,0,F
1145,1,HappyBirthday,23,10950,F,1,0.00125145,13.8089,0.0061112,0.389053,F
1145,1,Births,1520,0,F,0,0,0.175448,0,0,F
1146,1,Births,1521,0,F,0,0,0.0478067,0,0,F
1147,1,HappyBirthday,1213,2920,F,1,0.000771762,0.926191,11.7786,0.25203,F
1147,1,HappyBirthday,355,21900.4,F,1,0.108128,1.79015,0.586136,35.5702,F
1148,1,HappyBirthday,97,7665.96,F,1,0.00654504,0.0593082,1.0557,2.05033,F
1148,1,HappyBirthday,201,5110.97,F,1,0.00219219,3.18061,124.199,1.105,F
1148,1,HappyBirthday,1292,2190,M,1,0.000851045,3.23108,40517.6,1.198,F
1148,1,HappyBirthday,594,6570.45,M,1,0.00624176,19.6295,137.684,2.52133,F
1148,1,HappyBirthday,641,13505.7,F,0,0,0.121305,0,0,F
1149,1,HappyBirthday,253,8395.18,M,1,0.001008,2.23293,0.0186734,0.31337,F
1149,1,HappyBirthday,600,13505.9,F,0,0,0.230123,0,0,F
1150,1,HappyBirthday,1335,1825,M,1,0.0596736,0.275444,412.371,19.2571,F
1150,1,HappyBirthday,479,6570.94,F,1,0.000123101,0.383803,7.22078,0.0388588,F
1150,1,HappyBirthday,517,17155.1,M,1,0.0312086,0.126508,0.007754,9.8538,F
1150,1,HappyBirthday,1409,1095,M,1,0.00224267,0.114145,25.0916,0.776989,F
1151,1,HappyBirthday,52,9490.89,F,1,0.00333015,0.0973023,32.6368,1.08562,F
1151,1,HappyBirthday,478,7300.62,M,1,0.000288797,0.869955,769.339,0.0993639,F
1151,1,HappyBirthday,506,7300.39,M,1,0.035576,0.243003,0.00638348,11.2574,F
1151,1,HappyBirthday,524,15695.2,F,1,0,6.34867,0.270817,0,F
1152,1,HappyBirthday,388,13505.4,M,0,0,0.0354499,0,0,F
1152,1,HappyBirthday,571,10950.8,M,1,0.0028938,4.14016,45.6785,1.01309,F
1152,1,HappyBirthday,627,18980.4,F,1,0.0264387,0.326927,0.00019,8.32626,F
1152,1,HappyBirthday,728,6205.03,F,1,0.0300446,0.212175,2.77312,9.49853,F
1152,1,HappyBirthday,748,5110.8,M,1,0.0265144,1.9717,5.28785e-05,8.35096,F
1153,1,HappyBirthday,1169,3285,M,1,0.117217,0.674553,91.8986,53.8414,F
1153,1,HappyBirthday,293,18980.8,F,1,0.134963,0.22217,183.538,51.5464,F
1154,1,HappyBirthday,87,5840.47,F,0,0,0.0730306,0,0,F
1154,1,HappyBirthday,1214,2920,M,1,0.100908,0.399178,443.295,55.1907,F
1154,1,HappyBirthday,1121,3650,M,0,0,0.179347,0,0,F
1154,1,HappyBirthday,790,6935.85,M,1,2.97458e-05,1.18841,5.08683,0.00929589,F
1155,1,HappyBirthday,697,8030.76,M,1,0.395755,0.600663,2664.04,166.874,F
1155,1,HappyBirthday,906,10585.9,M,1,0.0189354,0.739228,0.0170062,5.94157,F
1156,1,HappyBirthday,1170,3285,F,1,0.122226,1.72975,4778.91,239.283,F
1156,1,HappyBirthday,1122,3650,F,1,0.698033,2.43946,678.97,717.522,F
1156,1,HappyBirthday,410,18250.1,F,1,0.00501609,0.153347,0.0604286,1.56291,F
1156,1,HappyBirthday,889,6205.11,F,1,0.00148263,5.24381,7432.5,4.21438,F
1157,1,HappyBirthday,24,23725.2,M,1,0.00798047,1.20554,1075.34,11.0602,F
1157,1,HappyBirthday,1171,3285,F,1,0.0019087,0.0978689,8.13757,0.614645,F
1157,1,HappyBirthday,1410,1095,M,1,0.00229867,0.0236276,0.00105758,0.715027,F
1157,1,HappyBirthday,1336,1825,F,1,0.0226901,5.07976,69.3642,7.81614,F
1157,1,HappyBirthday,1172,3285,M,1,0.000256792,0.121401,0,0.0799276,F
1158,1,HappyBirthday,1005,4745,M,1,4.13358e-07,1.25532,940.382,0.000601276,F
1158,1,HappyBirthday,940,11680.4,M,1,2.71981e-05,0.264087,5560.45,0.117734,F
1159,1,HappyBirthday,224,6935.43,F,0,0,0.23327,0,0,F
1159,1,HappyBirthday,1245,2555,M,1,0.463422,4.76637,4920.39,327.342,F
1159,1,HappyBirthday,1123,3650,F,1,0.117325,0.355175,38.883,40.8751,F
1159,1,HappyBirthday,741,13505.6,F,1,0.022438,2.20338,31.9196,7.6516,F
1159,1,HappyBirthday,825,9125.07,M,1,0.00143293,2.33396,500.502,0.713047,F
1159,1,Births,1522,0,F,0,0,0.838287,0,0,F
1160,1,HappyBirthday,743,6205.84,M,1,0.000592589,0.70673,1.70927,0.184301,F
1160,1,HappyBirthday,792,5110.84,F,1,0.442946,0.350201,220.428,328.752,F
1161,1,HappyBirthday,1442,730,M,1,0.0114133,0.494661,129.375,4.29881,F
1161,1,HappyBirthday,1246,2555,M,1,0.00397272,0.270361,6.57076,1.25063,F
1161,1,HappyBirthday,901,10585.2,F,1,0.00956148,0.805792,4.61593,3.00857,F
1161,1,HappyBirthday,914,13140.2,M,1,0.0354114,1.86217,5255.75,88.6746,F
1162,1,HappyBirthday,1473,365,M,1,0.571803,0.09036,608.984,481.38,F
1163,1,HappyBirthday,268,9855.79,F,1,0.00631746,0.341916,553.252,2.01228,F
1164,1,HappyBirthday,77,6570.42,M,0,0,0.0928019,0,0,F
1165,1,HappyBirthday,1006,4745,M,1,0,0.530023,0.0116199,0,F
1165,1,HappyBirthday,1293,2190,F,0,0,0.0634557,0,0,F
1166,1,HappyBirthday,140,22995.5,M,1,0.0387793,5.79576,14.2532,12.542,F
1166,1,HappyBirthday,1124,3650,M,1,0.00528926,5.11716,0.0649153,1.64786,F
1167,1,HappyBirthday,439,18980.5,M,1,0.00478056,6.76589,27.6151,1.50456,F
1167,1,HappyBirthday,1173,3285,F,1,0.0219698,1.18964,129.574,8.31126,F
1168,1,HappyBirthday,1443,730,M,1,0.0463021,0.269939,5338.04,45.0457,F
1168,1,HappyBirthday,389,10585.4,F,1,0.000423177,1.80865,0.0123962,0.131508,F
1169,1,HappyBirthday,508,13870.5,M,1,0,0.728251,0,0,F
1169,1,HappyBirthday,535,5475.74,F,1,0.00100549,0.718987,0.00198718,0.312692,F
1169,1,HappyBirthday,849,5110.16,M,1,0.00157509,43.1099,7732.35,9.55616,F
1170,1,HappyBirthday,1038,4380,F,1,0.676927,0.804299,144.888,357.808,F
1170,1,HappyBirthday,1368,1460,F,1,0.00663423,0.150063,11.374,2.10927,F
1171,1,HappyBirthday,1474,365,M,0,0,0.0280724,0,0,F
1171,1,HappyBirthday,946,8760.25,M,1,0.0482944,9.76513,39.3447,15.5406,F
1172,1,HappyBirthday,1337,1825,F,0,0,0.0286982,0,0,F
1172,1,HappyBirthday,233,10585.1,F,1,3.5159e-05,0.0835456,0.306689,0.0109432,F
1172,1,HappyBirthday,420,17520.7,M,1,0.00140637,1.17227,7.92315,0.451121,F
1174,1,HappyBirthday,1215,2920,F,1,0.118612,0.52667,126.686,39.781,F
1174,1,HappyBirthday,917,9490.9,M,1,0.00247125,30.0083,0.039882,0.76918,F
1174,1,HappyBirthday,1369,1460,M,0,0,0.0287598,0,0,F
1175,1,HappyBirthday,179,11680.8,M,0,0,0.0837822,0,0,F
1175,1,HappyBirthday,1338,1825,M,1,0.749111,0.198636,310.205,615.385,F
1176,1,HappyBirthday,55,7665.7,F,1,0.120145,1.04151,834.186,144.449,F
1176,1,HappyBirthday,1370,1460,F,1,0.323927,0.397143,18395.9,402.832,F
1176,1,HappyBirthday,821,29200.6,F,1,0.000555774,0.252957,211.598,0.325054,F
1177,1,HappyBirthday,1294,2190,F,1,0.0190761,0.854923,5636.77,7.69237,F
1177,1,HappyBirthday,1371,1460,F,1,1.05157e-05,1.04482,57754.2,0.0475381,F
1177,1,HappyBirthday,432,9855.86,M,1,0.0183672,0.393273,2770.73,26.4875,F
1177,1,HappyBirthday,708,10585.7,M,1,0.000316826,0.935583,2.38762,0.0993446,F
1177,1,HappyBirthday,1007,4745,F,1,6.35905e-06,19.0135,2058.67,0.0163647,F
1178,1,HappyBirthday,1444,730,M,1,0.00159704,0.10468,64.8638,0.534566,F
1179,1,HappyBirthday,1039,4380,F,1,0.0248095,0.514531,3.56581,7.8079,F
1179,1,HappyBirthday,1411,1095,M,1,0.00679306,3.09224,28.0756,2.20541,F
1180,1,HappyBirthday,137,14235,F,1,0,0.78456,0.0522028,0,F
1180,1,HappyBirthday,1339,1825,M,0,0,0.147964,0,0,F
1180,1,HappyBirthday,575,14965.8,M,1,0.0324459,0.0582451,0.829254,10.2504,F
1180,1,HappyBirthday,1475,365,M,1,0.00346994,0.0482329,36.4255,1.20527,F
1181,1,HappyBirthday,549,13870.6,F,1,0.00310506,0.0612605,0.0004152,0.966176,F
1182,1,HappyBirthday,453,36135.5,F,1,0,1.20281,0.150177,0,F
1182,1,HappyBirthday,1412,1095,F,1,0.0414666,0.301442,59.3845,16.2449,F
1183,1,HappyBirthday,1216,2920,F,1,0.174084,1.37084,10.1597,61.7766,F
1183,1,HappyBirthday,1445,730,M,1,0.00109677,0.201523,3943.73,4.34872,F
1184,1,HappyBirthday,1217,2920,M,1,0.0158575,0.815457,74.718,5.47615,F
1184,1,HappyBirthday,1083,4015,M,1,0.0299116,0.359441,206.329,9.95653,F
1184,1,HappyBirthday,1446,730,F,1,0.537038,0.0748534,1711.88,414.283,F
1184,1,HappyBirthday,1082,4015,M,1,0.0157983,0.528397,79.8475,5.40874,F
1184,1,Births,1523,0,M,0,0,0.038534,0,0,F
1185,1,HappyBirthday,251,9125.33,M,1,0.0753069,0.864764,23.133,24.3539,F
1185,1,HappyBirthday,1129,3650,M,1,0.00301427,1.20331,3338.94,2.02047,F
1185,1,HappyBirthday,440,7300.07,M,1,0.766565,13.097,9.33268,452.181,F
1185,1,HappyBirthday,580,8395.03,M,1,6.92046e-07,0.195716,35770.8,0.002697,F
1185,1,HappyBirthday,1084,4015,M,1,0.00372387,2.6853,2572.45,5.18221,F
1186,1,HappyBirthday,1085,4015,F,1,0.000369439,0.407938,60.2699,0.123578,F
1186,1,HappyBirthday,532,21535.9,F,1,4.95176e-07,0.244723,1579.21,0.0005118,F
1186,1,HappyBirthday,1174,3285,F,1,0.00554595,3.47887,202.082,2.31526,F
1186,1,HappyBirthday,1372,1460,F,1,0,0.0923534,106462,0,F
1187,1,HappyBirthday,126,18250.1,F,1,0.128206,0.677574,3249.69,166.176,F
1187,1,HappyBirthday,1040,4380,M,1,5.94608e-06,0.832658,3947.35,0.00594333,F
1187,1,HappyBirthday,791,16060.2,M,1,0.000838901,1.63553,8.17578,0.261135,F
1188,1,HappyBirthday,1295,2190,M,1,0.378084,0.280942,224.081,297.962,F
1188,1,HappyBirthday,1476,365,F,1,0.00303141,0.223222,3417.39,1.02901,F
1189,1,HappyBirthday,568,25185.6,M,0,0,0.0351957,0,0,F
1190,1,HappyBirthday,350,22630.1,F,1,0.00100084,1.0108,3.47642,0.31335,F
1190,1,HappyBirthday,704,19345.1,F,1,0.545006,2.86566,2.11007,244.876,F
1190,1,HappyBirthday,1086,4015,M,1,0,1.99917,0.258908,0,F
1190,1,Births,1524,0,F,0,0,0.216535,0,0,F
1191,1,HappyBirthday,12,5840.8,F,1,0.000270791,0.286984,992.818,0.407351,F
1191,1,HappyBirthday,63,9125.31,F,1,0.0811938,0.61431,0.115093,26.3164,F
1191,1,HappyBirthday,1175,3285,F,1,0.301521,0.701861,27126.1,936.85,F
1192,1,HappyBirthday,705,9855.61,F,1,0,0.0903485,21.9302,0,F
1193,1,HappyBirthday,913,17155.8,F,1,0.00356892,1.65213,42.8823,1.30094,F
1195,1,HappyBirthday,227,11315.3,M,1,0.00724804,5.92729,13.9725,2.28139,F
1196,1,HappyBirthday,135,9855.13,F,1,0.00929232,7.31008,0.119413,2.90227,F
1196,1,HappyBirthday,693,8395.41,F,1,0.00166962,0.43279,0.0111764,0.51931,F
1197,1,HappyBirthday,1447,730,F,1,0.566342,0.81696,47.9525,295.983,F
1197,1,HappyBirthday,376,9855.36,M,1,0.0296552,18.0698,545.37,16.986,F
1197,1,HappyBirthday,419,6205.18,M,1,0.814021,0.491098,5.05253,532.006,F
1197,1,Births,1525,0,M,0,0,0.0170697,0,0,F
1198,1,HappyBirthday,624,12775.3,F,1,0.000705131,0.208911,0.255104,0.219368,F
1198,1,HappyBirthday,661,7665.62,F,1,0.00582444,0.159098,14.7358,1.93424,F
1199,1,HappyBirthday,1041,4380,M,1,0.142157,1.62316,2275.26,97.6228,F
1199,1,HappyBirthday,244,23725.3,F,1,9.99898e-05,0.280705,307.676,0.0321212,F
1199,1,HappyBirthday,309,9125.15,M,1,0.000538084,0.333582,5.8e-06,0.16731,F
1200,1,HappyBirthday,131,21900.2,F,0,0,0.0188617,0,0,F
1200,1,HappyBirthday,188,35405.6,M,1,0.0124891,0.438557,81.9236,4.37887,F
1200,1,HappyBirthday,1413,1095,M,1,0.000754073,0.262588,24.2294,0.243352,F
1201,1,HappyBirthday,630,18250.8,F,1,0.175279,1.23455,569.573,82.756,F
1201,1,HappyBirthday,884,13140.4,M,1,0.000943344,1.08944,0.577698,0.293806,F
1202,1,HappyBirthday,1087,4015,F,0,0,0.01643,0,0,F
1202,1,HappyBirthday,546,20805.4,M,1,0.0255317,1.91601,22.6601,8.95668,F
1202,1,HappyBirthday,1373,1460,F,1,0.000358033,1.07583,36.7497,0.130456,F
1203,1,HappyBirthday,102,18250.4,F,1,0,0.117465,0.0941364,0,F
1203,1,HappyBirthday,192,15695.4,M,1,0.00109064,0.704725,5.34353,0.341562,F
1203,1,HappyBirthday,667,7665.23,M,1,0.00451927,0.269695,65.9851,1.41308,F
1204,1,HappyBirthday,273,20440.7,M,1,0.0104256,3.77314,5.59926,3.31315,F
1204,1,HappyBirthday,395,22995.4,F,1,0.121998,1.78104,4.61538,41.1634,F
1205,1,HappyBirthday,127,13140,F,1,0.0774212,20.2966,13.3392,25.2859,F
1205,1,HappyBirthday,1247,2555,F,1,0.139296,0.107323,574.839,51.3652,F
1205,1,HappyBirthday,746,6205.76,M,1,6.75245e-05,1.19527,4541.51,0.0435957,F
1205,1,HappyBirthday,1374,1460,M,1,0.0637434,0.436179,2562.2,180.006,F
1206,1,HappyBirthday,1375,1460,M,1,0.0109801,0.166889,1.70206,3.44201,F
1206,1,HappyBirthday,698,7300.83,M,1,0.000442971,2.50176,0,0.137641,F
1206,1,HappyBirthday,900,17520.5,M,1,2.92937e-07,2.71848,1.38895,9.08e-05,F
1207,1,HappyBirthday,1477,365,F,1,0.0209609,0.0587471,80381.4,275.38,F
1207,1,HappyBirthday,552,18615.1,M,1,0.512501,0.919479,406.988,552.18,F
1207,1,HappyBirthday,1340,1825,F,1,0.558994,4.81661,188.852,433.798,F
1208,1,HappyBirthday,129,8760.54,F,1,0.000229822,3.14126,3.33184,0.0717438,F
1208,1,HappyBirthday,683,29200.2,F,0,0,0.020728,0,0,F
1209,1,HappyBirthday,74,18980.2,M,1,0.000813629,0.89628,4.88e-05,0.253042,F
1209,1,HappyBirthday,162,9490.08,M,1,0.00389628,0.530327,37682.1,5.74242,F
1210,1,HappyBirthday,113,18615.9,M,1,6.86653e-06,0.216239,3669.78,0.024494,F
1210,1,HappyBirthday,303,8395.11,M,1,0.00174228,1.19814,1220.24,0.776195,F
1210,1,HappyBirthday,602,16060.4,F,1,2.67488e-05,4.36204,5471.84,0.0635112,F
1210,1,HappyBirthday,691,17155.7,F,1,0.0368948,0.23536,245.908,11.9779,F
1210,1,Births,1526,0,M,0,0,0.0151171,0,0,F
1212,1,HappyBirthday,1008,4745,F,1,0.0917603,0.060745,0.648225,29.9192,F
1212,1,HappyBirthday,1009,4745,M,1,3.31043e-05,2.85125,44860.5,0.0789301,F
1212,1,HappyBirthday,806,35770,M,1,0.000363069,0.151861,41.0545,0.1193,F
1213,1,HappyBirthday,1010,4745,F,1,0.0395523,1.40155,19.6934,12.725,F
1213,1,HappyBirthday,967,21170.9,M,1,0.00660811,2.58951,44.7855,2.45454,F
1214,1,HappyBirthday,1218,2920,M,1,0.155729,0.1545,402.046,56.6748,F
1214,1,HappyBirthday,622,13140,M,1,9.84169e-06,0.458473,1074.91,0.0043064,F
1215,1,HappyBirthday,337,9855.16,F,1,0.0140761,0.458962,2182.53,17.3507,F
1215,1,HappyBirthday,1448,730,M,0,0,0.137531,0,0,F
1215,1,HappyBirthday,1478,365,F,0,0,0.0538297,0,0,F
1215,1,HappyBirthday,1130,3650,F,1,0.000131152,4.25949,5.4443,0.0417537,F
1215,1,Births,1527,0,M,0,0,0.241964,0,0,F
1216,1,HappyBirthday,160,19345.7,F,1,0.000522295,0.18175,0.0872936,0.162401,F
1216,1,HappyBirthday,386,7300.18,F,1,0.438548,0.696584,293.039,196.993,F
1216,1,HappyBirthday,850,7300.25,F,1,0.0112817,2.05626,427.835,4.64696,F
1217,1,HappyBirthday,1089,4015,F,0,0,0.0596487,0,0,F
1217,1,HappyBirthday,1298,2190,M,1,0.00772881,0.875546,0.00419924,2.4105,F
1217,1,HappyBirthday,1176,3285,M,1,0.0209611,7.48606,9529.92,123.398,F
1217,1,HappyBirthday,1299,2190,F,1,0.0690501,0.325255,772.584,46.4258,F
1218,1,HappyBirthday,108,27010.7,M,1,0.106139,0.593477,2.90283,35.2182,F
1218,1,HappyBirthday,174,15695.7,M,1,0.0120065,0.195667,0.0255284,3.75399,F
1218,1,HappyBirthday,1132,3650,M,1,0.000630586,5.62684,66.602,0.233452,F
1218,1,HappyBirthday,1012,4745,M,1,0.0491021,0.314793,22.7361,15.6481,F
1218,1,HappyBirthday,1011,4745,M,1,0.000138001,0.190805,5.82618,0.0431634,F
1218,1,HappyBirthday,1131,3650,M,1,0.000830991,2.93901,73.5624,0.268193,F
1219,1,HappyBirthday,1449,730,M,1,0.00773435,0.0561039,468.367,4.18976,F
1219,1,HappyBirthday,1177,3285,M,1,0.323308,0.131102,4802.73,495.243,F
1219,1,HappyBirthday,1300,2190,M,1,0.160889,0.133657,66386.1,884.129,F
1220,1,HappyBirthday,737,5840.56,F,1,0.664596,0.109531,123.978,491.703,F
1220,1,HappyBirthday,923,11315.2,F,1,0.114501,8.83482,0.790556,37.8232,F
1221,1,HappyBirthday,1090,4015,F,1,1.50128e-05,1.31974,148586,0.129951,F
1222,1,HappyBirthday,27,5110.37,M,1,0.0231862,20.1052,14.7527,7.69727,F
1222,1,HappyBirthday,259,5475.97,M,1,0.790487,0.0839099,58.6815,513.291,F
1222,1,HappyBirthday,452,16060.3,F,1,0.000828263,0.816785,15.2667,0.258121,F
1222,1,HappyBirthday,1133,3650,M,1,0.0152024,2.51126,548.977,8.06557,F
1222,1,HappyBirthday,617,15695,M,0,0,0.0752407,0,0,F
1222,1,HappyBirthday,781,23360.5,M,0,0,0.104568,0,0,F
1223,1,HappyBirthday,98,6935.48,F,1,0.692522,0.105975,151.572,548.347,F
1223,1,HappyBirthday,207,10951,M,1,0.00684195,3.08413,12.5674,2.15603,F
1223,1,HappyBirthday,1178,3285,F,0,0,0.0532387,0,0,F
1223,1,HappyBirthday,618,13505,F,1,0.057618,1.51073,4.97854,18.4588,F
1223,1,Births,1528,0,M,0,0,0.0770537,0,0,F
1224,1,HappyBirthday,1044,4380,M,1,0.0796213,4.81236,1.46108,25.8245,F
1224,1,HappyBirthday,297,10950.7,F,1,0.00181198,1.05795,6201.15,0.709635,F
1224,1,HappyBirthday,334,7300.93,M,1,0.00150063,0.969403,13.369,0.49832,F
1225,1,Births,1529,0,F,0,0,0.257069,0,0,F
1226,1,HappyBirthday,1219,2920,F,1,0.0265125,21.1575,2.31577,8.35037,F
1226,1,HappyBirthday,499,27375.7,M,1,0.118592,0.219176,38.3285,39.8778,F
1226,1,HappyBirthday,1248,2555,M,1,0.00990101,2.70968,2065.42,4.25741,F
1226,1,HappyBirthday,797,5110.21,F,1,0.0148035,1.81924,9.04822,4.69611,F
1226,1,Births,1530,0,M,0,0,0.00861555,0,0,F
1228,1,HappyBirthday,1342,1825,M,1,0.0392815,0.23213,7686.95,82.2959,F
1228,1,HappyBirthday,462,15330.4,F,1,0.0304306,0.30831,49.6969,10.2952,F
1228,1,HappyBirthday,883,9125.98,M,1,0.29184,2.09369,165.078,173.486,F
1228,1,Births,1531,0,F,0,0,0.65876,0,0,F
1229,1,HappyBirthday,455,12410.2,F,0,0,0.0232351,0,0,F
1229,1,HappyBirthday,1451,730,M,1,0.489558,0.12106,22789.3,1610.19,F
1230,1,HappyBirthday,1376,1460,M,1,0.00209719,0.0358338,0.209749,0.652785,F
1231,1,HappyBirthday,185,10220.8,F,1,0.00409662,0.07904,0.463799,1.27657,F
1231,1,HappyBirthday,1013,4745,F,1,7.78752e-05,1.77905,5445.94,0.177661,F
1231,1,HappyBirthday,1249,2555,M,1,0,0.28228,3.80343,0,F
1231,1,HappyBirthday,1452,730,M,1,0.404805,0.238318,3361.79,331.289,F
1231,1,HappyBirthday,925,30660.4,M,1,9.40973e-05,0.199465,949.071,0.035595,F
1231,1,Births,1532,0,M,0,0,0.0144469,0,0,F
1232,1,HappyBirthday,25,25915.7,M,1,0,0.0589002,0,0,F
1234,1,HappyBirthday,1481,365,M,1,0.297477,0.164014,46787.5,524.746,F
1234,1,HappyBirthday,92,14235.4,M,1,0.0304385,1.19375,0.0109692,9.60683,F
1234,1,HappyBirthday,1001,12410.1,M,1,0.0946478,1.49724,0.690951,31.0053,F
1234,1,HappyBirthday,1480,365,M,1,0.00352653,6.51127,1.80825,1.10105,F
1234,1,HappyBirthday,682,23360.5,M,1,0.473929,0.0808675,6.39082,205.967,F
1235,1,HappyBirthday,1179,3285,F,1,0.280413,0.16297,236.958,135.704,F
1235,1,HappyBirthday,1251,2555,M,1,0.0755439,0.0465073,118.262,29.9856,F
1235,1,HappyBirthday,670,14600.8,F,1,0.0183726,0.490695,1896.68,6.14707,F
1235,1,HappyBirthday,1250,2555,F,1,0.0815126,1.83173,197.861,38.297,F
1236,1,HappyBirthday,1482,365,F,1,0.724777,0.136471,67.5779,471.356,F
1237,1,HappyBirthday,1453,730,M,1,0.00796023,0.420519,4394.04,2.5017,F
1237,1,HappyBirthday,1415,1095,F,0,0,0.036505,0,0,F
1237,1,HappyBirthday,852,23360.7,F,1,0.161035,2.82435,8.35561,56.2958,F
1238,1,HappyBirthday,423,5475.73,M,1,0.00234797,0.318453,6.44005,0.736334,F
1238,1,HappyBirthday,434,17885.1,F,1,0.00671529,0.364383,134.428,3.18534,F
1238,1,HappyBirthday,1015,4745,M,1,0.019399,1.76858,0.402934,6.09028,F
1238,1,Births,1533,0,M,0,0,0.0184914,0,0,F
1239,1,HappyBirthday,1045,4380,F,1,0.000712989,0.423862,4343.86,1.50251,F
1239,1,HappyBirthday,1377,1460,M,1,0.131609,0.181107,1464.05,231.407,F
1241,1,HappyBirthday,344,27375.6,F,1,1.28023e-05,1.39741,19776,0.0705678,F
1242,1,HappyBirthday,133,6205.84,F,1,0.00226736,0.400721,1.41435,0.70719,F
1242,1,HappyBirthday,1301,2190,M,1,0.057717,0.200521,18.4065,19.0618,F
1243,1,HappyBirthday,656,10220,M,1,0.00090127,0.867859,19.9479,0.307422,F
1243,1,HappyBirthday,808,14600,M,1,0.0129494,0.643645,124.496,4.90163,F
1243,1,HappyBirthday,916,8030.06,F,1,0.0156436,0.323481,44.4389,5.76806,F
1244,1,HappyBirthday,32,6205.94,M,1,0.000491569,2.1984,11.3792,0.155774,F
1244,1,HappyBirthday,66,28470,M,1,0.115146,0.0870206,11513.9,65.5597,F
1244,1,HappyBirthday,1344,1825,F,1,1.36546e-06,0.0900168,144297,0.013173,F
1244,1,Births,1534,0,F,0,0,0.0123762,0,0,F
1246,1,HappyBirthday,551,12045.6,M,1,0.0980932,4.20967,18.6884,32.4936,F
1247,1,HappyBirthday,271,7665.61,F,1,0.00140752,1.4149,1926.8,1.22718,F
1247,1,HappyBirthday,888,5110.92,M,1,0.000291635,8.43413,68.152,0.116041,F
1248,1,HappyBirthday,1135,3650,F,1,0.00748163,0.650747,6493.83,19.5754,F
1248,1,HappyBirthday,404,9490.27,M,1,0.863539,4.41266,1.67204,621.249,F
1248,1,HappyBirthday,579,7665.95,F,1,0.00678961,0.972865,8.61112,2.20933,F
1249,1,HappyBirthday,265,28835.8,M,1,0.0304955,0.968218,53.89,10.2023,F
1249,1,HappyBirthday,559,23360.8,M,1,0,3.75323,0.445787,0,F
1250,1,HappyBirthday,21,12410,F,1,0.0129844,0.537473,4425.38,25.9359,F
1250,1,HappyBirthday,280,8760.34,F,1,0.00422428,1.29785,26.3857,1.3549,F
1250,1,HappyBirthday,1136,3650,F,1,0.0519104,0.29114,27.0214,18.2084,F
1250,1,Births,1535,0,F,0,0,0.0335856,0,0,F
1251,1,HappyBirthday,1137,3650,F,1,0.00172538,0.179693,969.735,0.79728,F
1251,1,HappyBirthday,1048,4380,F,1,0.115478,2.6203,38.6066,38.1427,F
1251,1,HappyBirthday,1047,4380,M,1,0.00160683,0.111496,12058.9,11.7102,F
1252,1,HappyBirthday,1346,1825,F,1,0.0615155,0.365398,26901.7,45.1176,F
1252,1,HappyBirthday,1093,4015,F,1,0.000155544,0.230537,96.4953,0.055392,F
1252,1,HappyBirthday,1221,2920,M,0,0,0.0450868,0,0,F
1253,1,HappyBirthday,205,16790.7,M,1,0.0105473,0.339382,3.20176,3.33732,F
1253,1,HappyBirthday,1483,365,F,1,0.390331,0.181829,1175.92,268.317,F
1255,1,HappyBirthday,496,10950.7,F,1,4.33892e-06,0.582262,6.47467,0.001362,F
1255,1,HappyBirthday,1417,1095,F,1,0.45403,1.50639,6061.48,258.926,F
1257,1,HappyBirthday,187,10950.8,F,1,0.00245234,1.49846,9.69661,0.764025,F
1257,1,HappyBirthday,518,25185.2,M,1,0.000683615,2.65685,32598.7,0.811186,F
1258,1,HappyBirthday,1256,2555,F,1,0.371569,0.285935,2828.35,579.147,F
1258,1,HappyBirthday,435,17155.9,M,1,0.000261988,1.001,30.898,0.0851448,F
1258,1,HappyBirthday,1049,4380,F,1,0.0502122,0.50556,740.669,32.2976,F
1259,1,HappyBirthday,53,6205.51,M,1,0.000818211,3.48253,0.0207575,0.254412,F
1259,1,HappyBirthday,83,9125.32,M,1,5.16598e-05,0.0959404,0,0.0160596,F
1259,1,HappyBirthday,380,21170.4,M,1,0.000918426,16.0968,26.8453,0.297389,F
1261,1,HappyBirthday,1379,1460,F,1,0.00386198,5.59616,65.4811,1.21823,F
1261,1,HappyBirthday,763,9125.75,F,1,0.011039,5.39789,107.358,4.57537,F
1261,1,HappyBirthday,1222,2920,F,1,0.000395903,9.08894,4839.75,0.851346,F
1261,1,HappyBirthday,939,11680.1,F,1,0.00124076,2.44966,21.1057,0.421408,F
1262,1,HappyBirthday,1016,4745,F,1,0.00821583,0.297072,17999.6,4.44503,F
1262,1,HappyBirthday,1302,2190,M,1,0.592106,0.359411,13088.8,566.421,F
1262,1,HappyBirthday,1138,3650,F,1,0.0390995,0.322448,625.12,20.8437,F
1262,1,HappyBirthday,972,19345.7,M,1,0.0560075,7.25868,5.25323,18.0413,F
1263,1,HappyBirthday,1050,4380,M,1,0.0126868,0.0398139,7.71045,4.0313,F
1263,1,HappyBirthday,218,10585.9,F,1,0.10443,0.144598,69.838,34.2771,F
1263,1,HappyBirthday,1223,2920,M,1,0.0315587,0.227733,3051.19,14.2401,F
1263,1,HappyBirthday,1484,365,F,0,0,0.0147216,0,0,F
1264,1,HappyBirthday,8,5840.94,F,1,0.0334264,0.13233,6.20053,10.6766,F
1264,1,HappyBirthday,1486,365,F,0,0,0.0506685,0,0,F
1264,1,HappyBirthday,383,12775.4,M,1,0.107941,7.91778,63.2451,35.4983,F
1264,1,HappyBirthday,466,13870.4,F,1,0.00125848,0.633456,0.0592562,0.391411,F
1264,1,HappyBirthday,1380,1460,M,1,0.00401478,1.96405,49.4048,1.5541,F
1264,1,HappyBirthday,1485,365,F,1,0.452484,0.0678,65.1632,194.49,F
1265,1,HappyBirthday,371,35040.2,F,1,0.00647108,34.4903,503.885,3.38795,F
1265,1,HappyBirthday,1347,1825,F,1,0.0593776,0.344905,2067.1,147.926,F
1265,1,HappyBirthday,1418,1095,M,1,0.00602496,1.11455,3787.71,2.07254,F
1266,1,HappyBirthday,7,7665.94,F,1,0.000694375,5.75092,0.0093114,0.215972,F
1266,1,HappyBirthday,17,28470.2,F,0,0,0.207765,0,0,F
1266,1,HappyBirthday,707,5840.42,M,1,0.198243,10.7486,1.12695,68.7707,F
1266,1,HappyBirthday,1095,4015,M,1,0.000218869,1.05286,3109.13,0.14046,F
1267,1,HappyBirthday,621,9855.36,M,1,0.00279963,2.14139,7.46636,0.871269,F
1267,1,HappyBirthday,1454,730,M,1,0.0725272,0.161665,406.119,48.9186,F
1267,1,HappyBirthday,1224,2920,M,1,0.114342,3.10598,23760.7,425.89,F
1268,1,HappyBirthday,555,18250.8,M,1,0.101051,0.131135,53.8708,36.1568,F
1269,1,HappyBirthday,986,7300.94,M,1,0.0460121,0.100969,172.656,26.8144,F
1269,1,HappyBirthday,1419,1095,F,1,0.00409645,0.754242,69.2075,1.47369,F
1270,1,HappyBirthday,1139,3650,F,1,0.222644,5.62365,3904.68,82.3406,F
1270,1,HappyBirthday,471,22630.1,M,1,0.000211267,15.6283,20.7085,0.0680008,F
1270,1,HappyBirthday,1258,2555,M,1,0.0174998,0.748709,11032.6,7.05247,F
1271,1,HappyBirthday,1140,3650,M,1,0.000238489,20.9254,1345.21,0.0920203,F
1271,1,HappyBirthday,1303,2190,M,1,0.0117802,6.53287,879.582,3.7999,F
1271,1,HappyBirthday,653,12410.4,F,1,0.0880753,4.6489,164.414,32.1592,F
1272,1,HappyBirthday,221,15330.6,M,1,0.0001186,0.445565,2.37439,0.0373102,F
1272,1,HappyBirthday,1487,365,F,1,0.0540828,0.0502692,84501.7,360.391,F
1272,1,HappyBirthday,871,22630.7,M,1,0.0044591,8.63438,1.45341,1.389,F
1273,1,HappyBirthday,167,5475.62,M,1,0.0166438,1.69709,12.5575,5.22666,F
1273,1,HappyBirthday,687,5840.38,M,1,0.00074461,0.261203,1728.24,1.54034,F
1275,1,HappyBirthday,317,25550.8,F,1,0.116804,3.8488,2366.82,49.9427,F
1275,1,HappyBirthday,614,8030.42,M,1,0.00179403,1.38481,0.380563,0.558954,F
1275,1,HappyBirthday,865,13870.2,M,1,0.000113532,1.45347,50.7518,0.0383288,F
1275,1,HappyBirthday,870,5475.03,M,1,0,1.5491,2.3179,0,F
1276,1,HappyBirthday,421,8030.78,M,1,0.00288909,0.731007,160.945,0.919188,F
1276,1,HappyBirthday,642,9125.39,M,1,0.00247168,1.11981,20.3475,0.773517,F
1276,1,HappyBirthday,1096,4015,M,1,0.11945,0.118803,146.851,48.4678,F
1276,1,HappyBirthday,867,5475.29,F,1,0.00108187,1.34468,12.8276,0.341252,F
1277,1,HappyBirthday,147,8395.34,F,1,0.146199,2.29403,0.368161,49.1465,F
1277,1,HappyBirthday,542,17155.4,F,1,0.0946017,0.129065,1.78741,30.9765,F
1277,1,HappyBirthday,826,9490.31,F,1,0.165881,0.0559282,0.0493752,56.3693,F
1278,1,HappyBirthday,49,15330.9,M,1,4.39386e-07,2.86377,4658.91,0.0014266,F
1278,1,HappyBirthday,1420,1095,F,1,0.00288725,0.0731289,18.3976,0.963847,F
1279,1,HappyBirthday,1304,2190,F,1,0.512135,0.129929,49.0717,275.212,F
1279,1,HappyBirthday,598,31390.8,F,1,0.000103907,0.941888,12.6517,0.0323288,F
1279,1,HappyBirthday,979,10220.2,M,1,0.00119048,0.552287,5.54584,0.373196,F
1280,1,HappyBirthday,332,7300.23,F,1,0.00143524,1.05117,11.5845,0.446849,F
1280,1,HappyBirthday,343,21535,F,1,0.00281782,0.128792,0.313096,0.877034,F
1280,1,HappyBirthday,1305,2190,M,1,0.0201757,0.142901,286.834,6.42885,F
1280,1,HappyBirthday,1488,365,F,0,0,0.00367218,0,0,F
1281,1,HappyBirthday,69,9125.08,F,1,0.0602196,0.420575,48.7899,23.0517,F
1281,1,HappyBirthday,537,16425,M,1,0.0364133,0.0630846,0.0044094,11.5264,F
1281,1,HappyBirthday,824,6570.79,M,1,6.69725e-06,0.723715,957.121,0.00343988,F
1282,1,HappyBirthday,1348,1825,F,1,0.0112842,1.11672,0.00105948,3.52713,F
1282,1,HappyBirthday,1349,1825,M,0,0,0.0380293,0,0,F
1282,1,HappyBirthday,394,15695.1,M,1,0.0992066,1.60676,26.6771,32.4905,F
1283,1,HappyBirthday,1306,2190,M,1,6.95836e-05,1.43017,7217.57,0.418288,F
1283,1,HappyBirthday,1489,365,F,1,0.0676126,0.153885,166.933,25.9966,F
1284,1,Births,1536,0,F,0,0,0.115037,0,0,F
1285,1,HappyBirthday,152,36135.6,M,1,0.298795,2.28089,2.49353,111.644,F
1285,1,HappyBirthday,234,9855.74,M,1,0.00688825,14.7113,62.0009,2.15828,F
1285,1,HappyBirthday,761,8760.38,M,1,0.0233611,2.36337,2459.02,12.0443,F
1285,1,HappyBirthday,1183,3285,F,1,0.00257118,0.614528,136.781,0.914286,F
1286,1,HappyBirthday,1421,1095,M,1,0.00238438,0.0935149,41.2998,0.862022,F
1286,1,HappyBirthday,1225,2920,F,1,0.782531,1.15161,2873.12,994.211,F
1286,1,HappyBirthday,1260,2555,F,1,0.216914,7.27865,6093.12,535.061,F
1286,1,HappyBirthday,887,9125.42,M,1,0.395893,1.00209,113.564,160.501,F
1287,1,HappyBirthday,1490,365,F,1,0.0273534,0.0656413,10026.8,183.856,F
1287,1,HappyBirthday,759,10950.2,M,1,0.00632488,0.678977,1.78494,1.97231,F
1288,1,HappyBirthday,412,8030.29,F,1,0.00253768,0.896749,5791.31,1.22554,F
1289,1,HappyBirthday,1351,1825,F,1,0.000392705,0.0339692,0.00386424,0.122086,F
1289,1,HappyBirthday,219,7665.89,F,1,0.000703628,1.98599,420.917,0.447419,F
1289,1,HappyBirthday,1052,4380,M,1,0.0530977,4.9202,42.3994,17.1415,F
1289,1,HappyBirthday,1350,1825,M,1,0.00550948,0.0684204,29.6031,1.94288,F
1289,1,HappyBirthday,581,5110.81,F,1,2.94309e-06,1.21264,11.2455,0.000926331,F
1290,1,HappyBirthday,874,8030.53,F,1,0.00383356,0.074642,0.315198,1.19419,F
1291,1,HappyBirthday,1141,3650,M,1,0.000132918,0.660392,721.22,0.14741,F
1291,1,HappyBirthday,1261,2555,F,1,0.0565049,0.318856,1.85704,18.1317,F
1291,1,HappyBirthday,606,5110.46,M,1,0.0188956,0.479231,86.6286,8.01903,F
1291,1,HappyBirthday,672,9490.78,F,1,0.0034831,0.238446,0.353588,1.08482,F
1291,1,HappyBirthday,853,14235.5,F,1,0.00186504,0.37271,166.547,0.648298,F
1292,1,HappyBirthday,1307,2190,M,1,0.156015,0.511809,0.0123933,52.7115,F
1292,1,HappyBirthday,304,19345.7,F,1,0.0128404,0.317768,1.07183,4.03777,F
1292,1,HappyBirthday,397,12410.9,M,1,0.0877628,0.579273,0.262885,28.5469,F
1292,1,HappyBirthday,803,9125.71,F,1,0.000493648,0.866734,8.63228,0.157414,F
1292,1,HappyBirthday,882,13140.2,M,1,5.00569e-05,2.27521,1692,0.020703,F
1293,1,HappyBirthday,266,31390.7,M,1,0.0304012,3.21721,6.96122,9.70789,F
1293,1,HappyBirthday,281,6935.23,F,1,1.39734e-05,1.21598,3073.89,0.020631,F
1293,1,HappyBirthday,845,27740.2,F,1,7.89243e-05,15.1027,10.168,0.0255908,F
1294,1,HappyBirthday,1184,3285,M,1,0,0.15851,0.0237682,0,F
1294,1,HappyBirthday,530,12775,F,1,0.00212478,0.0984915,0.0797118,0.661272,F
1294,1,Births,1537,0,M,0,0,0.0106806,0,0,F
1294,1,Births,1538,0,M,0,0,0.252987,0,0,F
1295,1,HappyBirthday,1262,2555,F,1,0.813308,1.56148,223.824,529.273,F
1295,1,Births,1539,0,F,0,0,0.18023,0,0,F
1296,1,HappyBirthday,1491,365,M,1,0.00105965,0.123222,0.000494213,0.32913,F
1296,1,HappyBirthday,177,21535.6,F,1,0.00112496,1.15772,24655.7,6.66436,F
1296,1,HappyBirthday,1263,2555,F,1,0.764261,0.0637682,2379.26,1339.48,F
1296,1,HappyBirthday,1308,2190,F,1,4.50657e-05,0.280775,29.6372,0.0145886,F
1297,1,HappyBirthday,215,6205.62,M,1,0.116337,0.349821,81.8664,39.115,F
1297,1,HappyBirthday,688,15330.7,M,1,0.0398569,1.15822,9.85421,13.1285,F
1297,1,HappyBirthday,943,6205.66,F,1,0.0576475,0.372386,2165.4,24.2294,F
1298,1,HappyBirthday,42,9490.22,F,1,0.00119457,0.407657,0.000261,0.371466,F
1298,1,HappyBirthday,1097,4015,F,1,0.0120368,0.526217,27.5756,4.2539,F
1298,1,HappyBirthday,330,8030.56,F,1,0.00674669,0.754037,0.0532996,2.10378,F
1298,1,HappyBirthday,361,6205.04,F,1,0.000256286,2.17341,1106.89,0.100013,F
1298,1,HappyBirthday,1142,3650,M,1,0.105327,6.4915,49.2866,36.3709,F
1298,1,HappyBirthday,647,9490.68,F,1,0.000419672,1.5738,0.000661,0.130445,F
1299,1,HappyBirthday,1492,365,M,1,0.00259781,2.14807,76396,16.0973,F
1300,1,HappyBirthday,793,15695.9,M,1,0.143028,0.445419,531.105,90.7434,F
1301,1,HappyBirthday,1352,1825,M,1,0.00345,0.295102,60.8053,1.33198,F
1301,1,HappyBirthday,322,28105,M,1,0.0114083,2.51962,1.01725,3.56656,F
1301,1,HappyBirthday,1264,2555,F,1,0.217251,0.205718,0.74987,76.132,F
1305,1,HappyBirthday,1098,4015,M,1,0.0142927,3.79704,21999.8,79.5035,F
1306,1,HappyBirthday,1265,2555,M,1,0.0101979,0.4634,3684.62,17.0124,F
1306,1,HappyBirthday,429,9490.88,M,1,0,1.76097,547.343,0,F
1307,1,HappyBirthday,513,12410.1,F,1,0.0424952,0.943821,5.04463,13.6011,F
1307,1,HappyBirthday,1226,2920,M,1,0.236378,0.141835,60.2355,86.6662,F
1307,1,HappyBirthday,907,10950.4,F,1,0.000893413,5.87174,477.965,0.292882,F
1307,1,Births,1540,0,M,0,0,0.0203556,0,0,F
1308,1,HappyBirthday,984,13505.5,F,1,0.0448076,4.7354,25.5024,14.8238,F
1308,1,HappyBirthday,1227,2920,M,1,0.0841718,37.2652,367.362,41.6577,F
1308,1,HappyBirthday,1228,2920,F,1,0.00548256,0.104899,3.21623,1.71902,F
1308,1,HappyBirthday,619,6935.23,M,1,0.464135,2.25781,52.7809,205.478,F
1308,1,HappyBirthday,700,20805.9,F,1,0.00933068,60.03,82.0133,3.29297,F
1308,1,Births,1541,0,F,0,0,0.0535999,0,0,F
1309,1,HappyBirthday,1309,2190,M,1,0.8805,0.290821,144.908,805.511,F
1309,1,HappyBirthday,536,33945.4,M,1,0.0306641,22.5687,0.0545766,9.68057,F
1309,1,HappyBirthday,1353,1825,F,0,0,0.0256428,0,0,F
1310,1,HappyBirthday,1099,4015,M,1,0,1.22887,0.785353,0,F
1310,1,Births,1542,0,F,0,0,0.096095,0,0,F
1311,1,HappyBirthday,666,5475.8,F,1,0.00811422,0.307126,0.0308701,2.53169,F
1311,1,HappyBirthday,744,10950.6,M,1,8.78086e-05,0.155134,0.203305,0.0273384,F
1311,1,HappyBirthday,910,8395.32,M,1,7.11178e-05,0.5117,9662.94,0.0286274,F
1312,1,HappyBirthday,1144,3650,M,1,0.0088771,0.327807,17.8303,3.02131,F
1312,1,HappyBirthday,1053,4380,F,1,0,0.129057,1.48466,0,F
1313,1,HappyBirthday,34,31755.1,M,1,0.00517576,1.8128,92.3512,2.16608,F
1313,1,HappyBirthday,464,6935.93,F,1,0.0379981,0.167975,43.5524,13.93,F
1313,1,HappyBirthday,573,5840.03,M,1,1.14142e-06,3.0987,10.1371,0.00036298,F
1315,1,HappyBirthday,1019,4745,M,1,0.0117173,1.03813,13.1748,3.67064,F
1315,1,HappyBirthday,1422,1095,F,1,0.0426597,3.37374,3658.32,75.7647,F
1315,1,HappyBirthday,574,8760.77,F,1,0.00130169,2.30799,49.3192,0.493799,F
1316,1,HappyBirthday,1266,2555,M,1,0.0990359,5.79269,248.171,33.153,F
1316,1,Births,1543,0,F,0,0,1.15974,0,0,F
1316,1,Births,1544,0,M,0,0,0.588435,0,0,F
1317,1,HappyBirthday,31,21535.3,F,1,0.00306113,14.9765,4.16143,0.958595,F
1317,1,HappyBirthday,1423,1095,F,1,0.554742,0.228736,61.0585,308.415,F
1317,1,HappyBirthday,488,31755.7,F,1,0.0604314,0.47475,8.87523,19.5233,F
1318,1,HappyBirthday,1186,3285,M,1,0.0228017,1.13906,4646.25,48.6109,F
1318,1,HappyBirthday,1267,2555,M,1,0.00155636,1.59875,5.30837,0.488304,F
1318,1,HappyBirthday,690,10220.8,M,1,0.0192364,1.8159,0.812324,6.04251,F
1318,1,HappyBirthday,1145,3650,F,1,0.00650981,1.06066,13.8569,2.07607,F
1318,1,HappyBirthday,1311,2190,F,1,0.0981632,5.53865,3110.68,34.8482,F
1318,1,HappyBirthday,1185,3285,M,1,0,0.317341,5.66017,0,F
1319,1,HappyBirthday,1268,2555,F,1,0.000722647,0.0444921,0.000348055,0.224609,F
1319,1,HappyBirthday,1383,1460,F,1,0.0831498,0.0651995,114.711,31.2965,F
1319,1,HappyBirthday,1100,4015,M,1,0.163951,0.411459,250.692,64.1545,F
1320,1,HappyBirthday,62,8760.03,M,1,0.0390653,0.719797,227.791,23.6161,F
1320,1,HappyBirthday,199,13870.4,M,1,0,0.193908,0.50972,0,F
1320,1,HappyBirthday,396,10950.5,M,1,0.00130174,9.38447,3822.1,0.508043,F
1320,1,HappyBirthday,1312,2190,M,1,0.0499673,0.262288,28.0556,16.6089,F
1321,1,HappyBirthday,1313,2190,M,0,0,0.0166894,0,0,F
1321,1,HappyBirthday,1101,4015,M,1,0.00162977,0.0597378,52.6886,0.507921,F
1321,1,HappyBirthday,1425,1095,M,1,1.32337e-05,0.893069,2749.8,0.0187503,F
1322,1,HappyBirthday,1269,2555,M,1,0.00104739,1.99912,6631.11,0.674669,F
1323,1,HappyBirthday,325,14235.9,F,0,0,0.145427,0,0,F
1324,1,HappyBirthday,65,10220.5,F,1,0.000611191,1.92282,923.418,0.220851,F
1324,1,HappyBirthday,1270,2555,F,1,0.288451,9.71949,5610.82,120.203,F
1324,1,HappyBirthday,753,5110.89,M,1,4.39893e-07,1.46685,39488.1,0.00357349,F
1325,1,HappyBirthday,257,9125.7,F,1,0.000343914,5.09364,1106.38,0.375241,F
1325,1,HappyBirthday,509,21535.9,F,1,0.0564426,0.636127,21.8692,18.6639,F
1326,1,HappyBirthday,480,6205.93,M,1,0.0342293,4.01577,83.2501,12.4638,F
1326,1,HappyBirthday,570,7300.46,M,1,0.00147186,10.4109,3.97101,0.460288,F
1326,1,HappyBirthday,715,13505,M,1,0.000681868,0.892846,28.0189,0.213502,F
1327,1,HappyBirthday,1314,2190,F,1,4.28953e-05,3.42485,7601.7,0.047193,F
1327,1,HappyBirthday,1426,1095,F,0,0,0.0892294,0,0,F
1327,1,HappyBirthday,859,8030.95,F,0,0,0.0275184,0,0,F
1328,1,HappyBirthday,1493,365,M,1,0.483458,0.27177,4.57858,208.844,F
1328,1,HappyBirthday,123,23725.1,F,1,6.87775e-05,0.738797,821.332,0.0401686,F
1328,1,HappyBirthday,210,18615.4,F,1,0.0347661,1.05654,3.64962,11.0389,F
1328,1,HappyBirthday,362,12045.6,F,1,0.0250671,0.530819,1105.59,8.05097,F
1328,1,HappyBirthday,1146,3650,F,1,0.175607,0.877809,208.724,69.2606,F
1328,1,HappyBirthday,749,21900.7,M,1,0.000469826,21.3687,688.798,0.171212,F
1328,1,HappyBirthday,990,5840.72,M,1,0.0211165,13.5346,2481.47,7.05707,F
1329,1,HappyBirthday,11,5475.89,F,1,0.00201568,0.387715,235.908,0.6448,F
1331,1,HappyBirthday,490,25915.8,M,1,0.0197683,1.28565,96.5665,8.0741,F
1331,1,HappyBirthday,1102,4015,F,0,0,0.0109675,0,0,F
1331,1,HappyBirthday,827,13140.9,F,1,0.00879176,0.688712,101.634,3.21075,F
1332,1,HappyBirthday,82,15330,F,1,0.0319368,0.952627,2978.86,12.867,F
1332,1,HappyBirthday,213,8395.05,M,1,0.00651132,3.08711,0.36386,2.03166,F
1333,1,HappyBirthday,1456,730,M,1,0.0245291,0.245292,30.7439,8.07589,F
1333,1,HappyBirthday,115,15330.6,F,1,0.00178764,0.507029,0.0334762,0.556192,F
1333,1,HappyBirthday,820,16425.3,M,1,0.000410244,0.111399,0,0.127499,F
1334,1,HappyBirthday,1230,2920,F,1,0.00550048,1.10752,230.03,1.95213,F
1334,1,HappyBirthday,798,7665.93,M,1,0.000147294,7.55099,734.05,0.0498434,F
1334,1,HappyBirthday,1427,1095,M,1,0.0295049,2.9505,22.1856,10.2068,F
1335,1,HappyBirthday,51,13870.9,F,1,0.0857929,7.08327,0.704641,27.8837,F
1335,1,HappyBirthday,671,12045.4,M,1,0.465817,0.547344,6.00689,195.068,F
1335,1,HappyBirthday,855,25915.7,M,1,0.00485943,1.01629,8.75882,1.57013,F
1335,1,HappyBirthday,1055,4380,F,1,0.112148,1.87928,2.1685,37.0735,F
1335,1,HappyBirthday,1056,4380,F,1,0.000853638,2.84268,0.0213013,0.265445,F
1336,1,HappyBirthday,1428,1095,M,1,0.00603249,0.0769628,57.3435,1.98636,F
1336,1,HappyBirthday,1103,4015,F,1,0.247686,0.081159,1967.72,97.749,F
1336,1,HappyBirthday,1057,4380,M,0,0,0.0163139,0,0,F
1336,1,HappyBirthday,957,17885.3,F,1,0.191749,11.6357,4539.37,400.245,F
1338,1,HappyBirthday,1188,3285,M,1,0.00190144,3.89936,35.6282,0.64146,F
1339,1,HappyBirthday,197,8030.14,F,1,0,0.0844506,10391.2,0,F
1339,1,HappyBirthday,534,13870.6,F,1,4.08352e-05,2.27653,1967.02,0.0281148,F
1339,1,HappyBirthday,767,5840.42,M,1,8.78594e-05,0.148389,0,0.0272312,F
1340,1,HappyBirthday,5,11315.8,M,1,0.00152196,0.0930273,12498.7,2.49637,F
1340,1,HappyBirthday,71,10585.1,F,1,0.0113953,0.732273,16.9335,3.66687,F
1340,1,HappyBirthday,437,10585.6,F,1,0.00283451,1.37429,1.95817,0.884344,F
1341,1,HappyBirthday,1316,2190,F,0,0,0.0384949,0,0,F
1341,1,HappyBirthday,885,18250.8,M,1,0.568718,0.241322,0.430444,261.371,F
1341,1,HappyBirthday,1494,365,M,1,0.624218,0.713999,2456.03,353.554,F
1342,1,HappyBirthday,357,5475.92,F,1,0.07871,0.136886,4.52178,25.4894,F
1342,1,HappyBirthday,725,5475.23,F,1,0.168593,0.698939,653.774,193.964,F
1342,1,Births,1545,0,M,0,0,0.0219511,0,0,F
1343,1,HappyBirthday,507,12045.4,M,1,0.00459983,3.23031,15.899,1.43844,F
1343,1,HappyBirthday,696,5110.67,M,1,0.00318701,0.220885,0.000443586,0.99212,F
1343,1,HappyBirthday,782,8395.93,M,1,0.0023928,2.53585,0.439316,0.744829,F
1343,1,HappyBirthday,787,32485.4,M,1,0.0203326,0.180159,114.232,8.57141,F
1343,1,Births,1546,0,M,0,0,0.372986,0,0,F
1344,1,HappyBirthday,1354,1825,F,0,0,0.0542948,0,0,F
1344,1,HappyBirthday,1020,4745,F,1,0,0.456627,11.554,0,F
1344,1,HappyBirthday,1457,730,M,1,0.0352279,0.37156,1215.82,12.7691,F
1345,1,HappyBirthday,1271,2555,M,1,0.0684586,0.163272,18.9232,23.7561,F
1346,1,HappyBirthday,370,6935.81,M,1,0.0820574,1.32233,0.282837,26.6256,F
1346,1,HappyBirthday,589,20440,M,1,0.00335185,0.2866,0.0004338,1.04371,F
1346,1,HappyBirthday,681,7665,F,1,0.000491746,0.267379,2.19971,0.152867,F
1347,1,HappyBirthday,1458,730,M,1,0.555823,0.196817,6120.35,601.734,F
1348,1,HappyBirthday,1386,1460,F,0,0,0.036682,0,0,F
1348,1,HappyBirthday,1387,1460,M,1,0.0408267,2.1304,71702.7,193.947,F
1349,1,HappyBirthday,267,25185.9,M,1,0.00428852,0.474918,47.6058,1.57343,F
1349,1,HappyBirthday,1318,2190,F,1,0.0011453,11.2393,85368.9,7.46938,F
1349,1,HappyBirthday,1058,4380,M,1,0.000200743,0.296104,19.9412,0.0640852,F
1350,1,HappyBirthday,1495,365,F,0,0,0.0281624,0,0,F
1351,1,HappyBirthday,1319,2190,M,1,0.548994,0.726874,566.514,447.312,F
1351,1,HappyBirthday,1388,1460,F,1,0.334053,0.537643,5668.64,240.643,F
1351,1,HappyBirthday,222,12775.5,M,1,0.00718372,0.163269,9.26706,2.26384,F
1351,1,HappyBirthday,879,16060.1,F,1,0.0501136,1.80347,4.4432,16.2597,F
1352,1,HappyBirthday,450,13870,M,1,0.106786,2.11874,46.5036,35.5528,F
1352,1,HappyBirthday,654,9855.23,M,1,0.0132169,24.2288,218.07,4.23507,F
1353,1,HappyBirthday,1355,1825,F,1,0.00011134,0.343664,0.00192996,0.0344648,F
1353,1,HappyBirthday,1356,1825,M,1,0.00058638,0.775302,0.660508,0.18253,F
1353,1,HappyBirthday,929,9490.52,M,1,1.82301e-07,1.73239,994.501,0.0002512,F
1354,1,HappyBirthday,260,6205.47,M,1,3.44081e-05,17.8665,16.9142,0.0112677,F
1354,1,HappyBirthday,757,19710.4,M,1,0.000838442,14.3415,99.3477,0.368058,F
1355,1,HappyBirthday,1105,4015,M,1,0.0777195,0.350149,1694.57,42.9532,F
1355,1,HappyBirthday,1459,730,F,1,0.000470008,0.0270244,0.0598388,0.146192,F
1355,1,HappyBirthday,448,11315.1,M,1,0.00049203,0.654448,4.37627,0.152951,F
1355,1,HappyBirthday,727,10950.5,F,1,0.0522643,0.280668,83.8956,17.5178,F
1355,1,HappyBirthday,987,7300.85,M,1,0.000308433,3.38381,300.29,0.100318,F
1355,1,HappyBirthday,863,6935.01,F,1,0.111385,1.33075,3072.68,150.173,F
1355,1,Births,1547,0,M,0,0,0.00733766,0,0,F
1356,1,HappyBirthday,327,9855.05,F,1,0.0338597,2.20704,0.0056772,10.7045,F
1356,1,HappyBirthday,1272,2555,M,1,0.0970915,3.51081,531.921,34.1163,F
1357,1,HappyBirthday,10,29930.2,F,0,0,0.0334588,0,0,F
1357,1,HappyBirthday,176,36135.1,F,1,0.53726,0.291098,0.610847,239.574,F
1357,1,HappyBirthday,489,10220.4,M,1,0.00121414,1.27149,44.492,0.398167,F
1357,1,HappyBirthday,1389,1460,F,1,0.0145139,1.19785,47.3713,4.97137,F
1357,1,HappyBirthday,1190,3285,M,1,0.0628333,0.579312,78.1609,21.7696,F
1358,1,HappyBirthday,158,7300.46,F,1,0.0581218,0.269056,42.006,19.9037,F
1358,1,HappyBirthday,414,18250.8,F,1,0.00111178,0.0991061,0.0098718,0.345806,F
1359,1,HappyBirthday,1390,1460,F,1,0.00133232,39.4695,9.49269,0.42068,F
1359,1,HappyBirthday,447,32485.8,M,1,0.00132765,0.176274,0.0078116,0.412899,F
1359,1,HappyBirthday,971,7665.64,F,1,0.000120446,4.09557,0.226717,0.0374116,F
1359,1,HappyBirthday,1496,365,F,0,0,0.00217312,0,0,F
1360,1,HappyBirthday,1357,1825,F,1,0.589526,0.34555,106.111,383.643,F
1360,1,HappyBirthday,1320,2190,F,1,0.202777,0.29131,59528.3,708.5,F
1360,1,HappyBirthday,1429,1095,F,1,3.51752e-05,2.43554,35525.8,0.0786055,F
1360,1,HappyBirthday,899,16790.1,M,1,0.330852,0.102929,62.1973,127.383,F
1360,1,HappyBirthday,1497,365,M,1,0,0.0121573,0,0,F
1360,1,Births,1548,0,M,0,0,0.127873,0,0,F
1361,1,HappyBirthday,243,16425.2,M,1,3.06181e-05,0.0293779,0.0003444,0.0094898,F
1361,1,HappyBirthday,264,10585.1,F,1,0.00295821,1.1672,1019.8,0.92182,F
1361,1,HappyBirthday,1391,1460,F,0,0,0.0309224,0,0,F
1361,1,HappyBirthday,935,19710.7,F,1,0.0146058,3.53185,7.42628,4.62418,F
1361,1,HappyBirthday,1321,2190,F,1,0.0670406,2.69466,776.331,30.5181,F
1362,1,HappyBirthday,1191,3285,M,1,0.464498,1.52717,370.697,313.227,F
1363,1,HappyBirthday,564,7300.64,F,1,0.018328,3.49736,58.4213,6.06333,F
1363,1,HappyBirthday,578,5110.66,M,1,0.00257887,3.27357,136.741,0.996279,F
1363,1,HappyBirthday,1498,365,F,1,0.807042,0.241314,249.221,515.222,F
1363,1,HappyBirthday,1499,365,M,0,0,0.0123677,0,0,F
1364,1,HappyBirthday,316,6570.74,M,1,0.000724145,0.610225,0.0637948,0.225281,F
1364,1,HappyBirthday,1430,1095,F,1,0.00348509,1.08444,25.8431,1.12251,F
1364,1,HappyBirthday,603,20440.2,F,1,0.00319055,0.517253,154.071,1.01569,F
1364,1,HappyBirthday,676,25185.5,F,1,0.00320816,3.50151,0.228089,0.999558,F
1364,1,HappyBirthday,692,8395.51,F,1,0.0497966,17.7144,77.2724,17.6062,F
1364,1,HappyBirthday,1500,365,M,1,0.0020139,0.176027,58.1854,0.670948,F
1365,1,HappyBirthday,1358,1825,M,1,0.00185369,0.129191,19.3547,0.608356,F
1366,1,HappyBirthday,401,8395.19,M,1,0.0369216,3.43384,1.97353,11.6915,F
1367,1,HappyBirthday,277,8030.66,M,1,0.203304,1.34005,1116.07,74.9342,F
1367,1,HappyBirthday,1274,2555,F,1,0.000146916,0.0724417,5.12337,0.0467083,F
1368,1,HappyBirthday,345,10585.5,M,1,0.000244301,2.73803,34.7289,0.0808866,F
1369,1,HappyBirthday,1231,2920,F,1,0.125799,4.58753,1729.24,267.324,F
1369,1,HappyBirthday,646,20805.6,F,1,0,3.71275,48.1146,0,F
1369,1,HappyBirthday,1501,365,F,1,1.87702e-05,0.265816,24731.8,0.121278,F
1370,1,HappyBirthday,155,13505.3,F,1,0.19836,1.54013,84.978,89.3979,F
1370,1,HappyBirthday,255,5110.06,M,1,0.00057416,12.2201,2.75753,0.178722,F
1370,1,HappyBirthday,379,7665.24,F,1,0.0113144,14.9747,0.32568,3.53837,F
1370,1,HappyBirthday,1106,4015,M,1,0.0617443,0.839555,0.439978,19.8255,F
1371,1,HappyBirthday,377,27375.3,F,1,3.11327e-06,0.108949,56.0606,0.0009682,F
1371,1,HappyBirthday,533,19710.2,M,1,0.175475,0.0519264,2347.03,63.8683,F
1371,1,HappyBirthday,1502,365,F,1,0.00531881,0.600981,4182.92,22.1237,F
1371,1,HappyBirthday,712,12410.6,F,1,0.0325562,0.422568,1554.38,13.3318,F
1371,1,HappyBirthday,1060,4380,M,1,0.00499932,0.622029,1.62531e-05,1.55813,F
1372,1,HappyBirthday,143,7300,F,1,0.168385,0.712506,0.897702,57.3034,F
1372,1,HappyBirthday,1061,4380,M,1,0.0295178,0.0285623,0.00214385,9.31156,F
1373,1,HappyBirthday,1062,4380,F,1,1.0179e-05,23.6292,1934.82,0.0250983,F
1373,1,HappyBirthday,1192,3285,F,1,3.05342e-06,2.34544,56134.4,0.0103502,F
1373,1,HappyBirthday,645,6570.53,M,1,0.786059,4.8334,143.649,568.902,F
1373,1,HappyBirthday,890,9125.08,M,1,0.191861,0.590266,754.246,242.081,F
1373,1,Births,1549,0,M,0,0,0.130776,0,0,F
1374,1,HappyBirthday,966,12045.9,F,1,0.000396005,4.28269,351.674,0.285628,F
1375,1,HappyBirthday,48,7300.78,F,1,0,0.140803,2.66337,0,F
1375,1,HappyBirthday,1148,3650,F,1,0.00105637,0.0935289,11711.6,1.64143,F
1375,1,HappyBirthday,936,7665.03,F,1,0,1.6407,111.988,0,F
1376,1,HappyBirthday,209,8395.41,F,1,0.000759701,1.18096,23.918,0.253862,F
1376,1,HappyBirthday,415,5110.92,M,1,0.00226521,0.0344634,137.518,0.858867,F
1376,1,HappyBirthday,1460,730,F,1,0.524457,0.763517,583.206,674.097,F
1376,1,HappyBirthday,633,10950.4,M,1,0.00152906,4.9233,1.02609,0.476866,F
1377,1,HappyBirthday,470,17520,M,1,0.0253716,6.93723,66.9016,9.44474,F
1377,1,HappyBirthday,1393,1460,F,1,0.69496,0.593229,6175.33,558.145,F
1377,1,HappyBirthday,695,25915.5,M,1,0.0266876,6.90143,0.0420518,8.40776,F
1377,1,Births,1550,0,M,0,0,0.0112151,0,0,F
1378,1,HappyBirthday,165,33580.6,F,1,0.10548,0.712443,48.4982,43.0445,F
1378,1,HappyBirthday,1322,2190,F,1,0.000671792,6.35018,628.12,0.223249,F
1378,1,HappyBirthday,1431,1095,M,1,0.782887,1.36286,6162.51,930.59,F
1379,1,HappyBirthday,1359,1825,F,1,0.00107746,0.0925405,175.971,0.577836,F
1379,1,Births,1551,0,F,0,0,0.12546,0,0,F
1380,1,HappyBirthday,54,6570.21,M,1,0,0.331024,0,0,F
1380,1,HappyBirthday,1461,730,F,0,0,0.00594778,0,0,F
1380,1,HappyBirthday,441,5840.98,F,1,0.000683147,0.223863,0.00631319,0.212387,F
1380,1,HappyBirthday,1432,1095,M,1,0.00509744,0.622193,116.377,1.8221,F
1382,1,HappyBirthday,684,9855.27,M,1,0.000985999,0.559918,4.86863,0.30828,F
1382,1,Births,1552,0,M,0,0,0.0686776,0,0,F
1383,1,HappyBirthday,353,10220.5,F,1,4.24488e-06,0.73248,1.04749,0.0013342,F
1384,1,HappyBirthday,411,12045.1,M,1,0.187976,0.0871317,39.923,76.3769,F
1384,1,HappyBirthday,775,24820.6,M,1,0.000886553,2.34991,569.18,0.509932,F
1385,1,HappyBirthday,296,9855.29,F,1,0.022514,19.4045,0.0092962,7.07606,F
1385,1,HappyBirthday,1433,1095,M,1,0.109827,0.334703,1.27979,36.1657,F
1385,1,HappyBirthday,717,13870.3,F,1,0,0.0774198,0.003,0,F
1385,1,HappyBirthday,964,11315.9,F,1,0.0626494,12.7536,155.593,28.1673,F
1386,1,HappyBirthday,138,14235.5,M,1,0.000584479,9.26246,0.18979,0.181655,F
1386,1,HappyBirthday,1149,3650,M,1,0.0707351,1.48422,3004.11,44.2085,F
1386,1,HappyBirthday,1023,4745,F,1,0.683514,0.350201,34.0693,368.264,F
1386,1,HappyBirthday,1024,4745,M,1,0.000994011,2.2747,31.0859,0.316681,F
1386,1,HappyBirthday,1503,365,F,1,0.299614,0.329252,78.189,133.691,F
1386,1,Births,1553,0,F,0,0,0.0218841,0,0,F
1386,1,Births,1554,0,F,0,0,0.0948603,0,0,F
1387,1,HappyBirthday,274,6935.1,M,1,0.0899305,0.21208,0.258883,29.2858,F
1387,1,HappyBirthday,1504,365,M,1,0.00250944,0.44977,282.056,1.59347,F
1387,1,HappyBirthday,522,10951,F,0,0,0.0572625,0,0,F
1387,1,HappyBirthday,783,7665,F,1,0.00509716,7.65429,219.29,3.10962,F
1387,1,HappyBirthday,898,18250.5,F,1,0.115149,0.962221,2.34959,38.0202,F
1388,1,HappyBirthday,1361,1825,F,1,0.00411071,0.315381,0.443863,1.28336,F
1388,1,HappyBirthday,989,10585.8,M,1,0.0115399,7.58934,9.8164,3.6167,F
1388,1,HappyBirthday,1362,1825,F,1,0.0895686,1.36866,224.881,29.2446,F
1389,1,HappyBirthday,230,22265.9,M,1,0.0519138,1.04231,1969.76,17.5746,F
1389,1,HappyBirthday,456,22265.5,F,1,0.00023019,1.17085,15.4143,0.0741444,F
1389,1,HappyBirthday,1025,4745,F,1,0.000891752,0.505693,161.714,0.345981,F
1389,1,HappyBirthday,544,9855.02,M,1,0.000123951,1.09945,2166.96,0.321104,F
1390,1,HappyBirthday,1275,2555,F,1,0.116935,0.762378,16.5132,39.5671,F
1391,1,HappyBirthday,894,21900.4,M,1,0,5.84084,0,0,F
1392,1,HappyBirthday,1063,4380,F,1,0.000639787,0.143494,0.834046,0.199576,F
1392,1,HappyBirthday,1394,1460,M,1,0.0116136,0.524609,2205.78,5.01655,F
1393,1,HappyBirthday,1505,365,F,1,0.123937,1.25629,3.48314,41.8454,F
1393,1,HappyBirthday,858,10220.3,M,1,0.00138031,0.295201,10.4495,0.429262,F
1394,1,HappyBirthday,117,16425.8,M,1,0.246723,2.57054,13.4813,89.2071,F
1395,1,HappyBirthday,1064,4380,M,1,0.00476227,0.89847,11.3764,1.50302,F
1396,1,HappyBirthday,96,8030.51,F,1,0.0617069,0.0705797,27493.2,51.3708,F
1396,1,HappyBirthday,241,12410.9,M,1,2.18323e-05,1.18632,92.9719,0.0093334,F
1396,1,HappyBirthday,1324,2190,M,1,0.00154917,5.48632,6.41004,0.488129,F
1396,1,HappyBirthday,1194,3285,M,1,0.115592,0.656233,19.0334,41.1335,F
1397,1,HappyBirthday,1150,3650,F,0,0,0.00791175,0,0,F
1397,1,HappyBirthday,991,17155.1,M,1,0.150955,0.343991,6.14549,51.2658,F
1398,1,HappyBirthday,1111,4015,M,1,0.00355966,0.255486,3614.85,6.1273,F
1398,1,HappyBirthday,1110,4015,F,1,0.00690179,0.37382,3.67374,2.16026,F
1398,1,HappyBirthday,1506,365,M,1,0.0444312,0.133769,114194,365.203,F
1399,1,HappyBirthday,100,20805.6,M,1,0.0341605,0.569219,31.3929,12.1975,F
1399,1,HappyBirthday,694,10220.5,F,1,1.94473e-05,64.2597,10.2399,0.0060972,F
1400,1,HappyBirthday,90,8395.04,M,1,0.0544137,5.86998,433.347,19.612,F
1400,1,HappyBirthday,182,8760.16,F,1,6.07185e-05,12.8285,197.809,0.0198386,F
1401,1,HappyBirthday,993,11680,F,1,0.00106847,47.0843,0.609425,0.332646,F
1401,1,HappyBirthday,1507,365,M,1,0.27286,0.351468,24027,967.049,F
1401,1,HappyBirthday,567,26645.8,F,1,8.06578e-05,1.2479,610.793,0.0876268,F
1401,1,HappyBirthday,1066,4380,F,0,0,0.0444243,0,0,F
1403,1,HappyBirthday,360,17520.3,F,1,0.00232216,8.01876,774.77,0.838374,F
1403,1,HappyBirthday,1325,2190,F,1,0.0118234,1.38221,273.639,7.79181,F
1403,1,HappyBirthday,446,15330.6,M,1,0.00107082,3.219,2956.62,1.55856,F
1403,1,HappyBirthday,481,5840.36,F,1,0.140424,0.888488,8699.1,142.49,F
1403,1,HappyBirthday,492,22630.7,F,1,0.00942169,31.399,0.0006224,2.94199,F
1403,1,HappyBirthday,1026,4745,M,1,0.0134815,1.03603,762.308,15.8769,F
1405,1,HappyBirthday,1151,3650,M,1,0.036525,0.609446,886.324,11.7494,F
1406,1,HappyBirthday,1277,2555,F,1,0.000605436,0.107573,9900.57,2.12686,F
1406,1,HappyBirthday,1195,3285,F,1,0.0824688,0.23474,75.7199,28.765,F
1406,1,HappyBirthday,1508,365,F,1,0.00524017,2.2766,199.802,2.12079,F
1406,1,HappyBirthday,487,13870.6,M,1,0.00343405,0.935979,0.0906798,1.06897,F
1406,1,HappyBirthday,644,16060.2,M,1,5.66929e-05,0.160684,0,0.0176108,F
1406,1,HappyBirthday,1067,4380,M,1,1.48525e-05,1.50145,15.5339,0.00465496,F
1407,1,HappyBirthday,6,7665.05,F,1,0.000610924,1.86428,368.372,0.196906,F
1407,1,HappyBirthday,28,19710.9,F,1,4.47387e-05,0.724581,0,0.0139076,F
1407,1,HappyBirthday,106,9855.68,M,1,0.0114702,0.919057,0.38868,3.58514,F
1408,1,HappyBirthday,403,14235,F,1,0.286603,0.175602,11488.6,250.952,F
1408,1,HappyBirthday,724,10585.3,M,1,0.112704,0.523793,3007.68,159.343,F
1408,1,HappyBirthday,726,26280.4,M,1,0.00839597,3.29174,0.0102654,2.62014,F
1408,1,HappyBirthday,1196,3285,M,1,0.0100567,0.832907,5554.31,11.9573,F
1408,1,Births,1555,0,F,0,0,0.0179903,0,0,F
1409,1,HappyBirthday,566,6570.97,F,1,0.000241583,0.244353,34.0259,0.0798696,F
1409,1,HappyBirthday,764,16425.3,F,1,0.107712,0.0889476,792.87,73.4121,F
1410,1,HappyBirthday,101,6570.16,F,1,0.00415416,0.380167,1.8546,1.29543,F
1410,1,HappyBirthday,1152,3650,F,1,0.00906122,0.153039,0.923322,2.82912,F
1411,1,HappyBirthday,58,17155,M,1,0.0250848,1.29804,29.2544,8.25973,F
1411,1,HappyBirthday,276,6205.48,F,1,0.099057,0.157864,1.31734,32.4187,F
1411,1,HappyBirthday,736,14965.4,M,1,0.0932939,0.79815,0.0283368,30.4363,F
1411,1,HappyBirthday,873,25550.1,M,1,0,1.26408,0.0481362,0,F
1413,1,HappyBirthday,1068,4380,M,1,0.0106616,0.355987,48.097,3.91646,F
1413,1,HappyBirthday,1234,2920,F,1,0.0012686,3.52386,11.6553,0.399218,F
1414,1,HappyBirthday,19,24820.2,M,1,0.12181,0.5436,7.67046,41.6968,F
1414,1,HappyBirthday,1326,2190,M,1,0.00401083,1.80009,14841.5,3.81389,F
1415,1,HappyBirthday,1395,1460,F,1,0.0963404,0.738454,113.537,40.5096,F
1415,1,HappyBirthday,315,15695.2,M,1,0.001265,1.34835,0.01026,0.393367,F
1415,1,HappyBirthday,1278,2555,M,1,0.405506,0.0144683,6.48335,166.907,F
1415,1,HappyBirthday,587,5840.12,M,1,1.32004e-06,4.42475,0.552931,0.000416153,F
1415,1,HappyBirthday,1279,2555,F,1,0.0155579,0.408122,13.3544,4.9213,F
1415,1,HappyBirthday,678,5475.61,F,1,0.000164353,6.6755,1.68503,0.0511719,F
1415,1,HappyBirthday,1509,365,M,1,0.273548,0.209871,25160.2,724.325,F
1415,1,HappyBirthday,926,35770.5,F,1,0.00192981,0.312483,163.601,0.766644,F
1416,1,HappyBirthday,44,21535,F,1,0.0744734,0.609141,192.639,25.9476,F
1416,1,HappyBirthday,284,17155.6,F,1,0.0297938,0.324596,60.5908,10.2372,F
1416,1,HappyBirthday,1463,730,M,1,9.33937e-06,0.0749288,6.72228,0.00301775,F
1417,1,HappyBirthday,89,5840.09,M,1,0.0109623,2.12074,21.9863,3.74491,F
1417,1,HappyBirthday,1197,3285,F,1,0.044039,2.5525,0.194739,14.0007,F
1417,1,HappyBirthday,214,6570.02,M,1,0.162916,4.28031,0.896832,55.2811,F
1417,1,HappyBirthday,732,5840.9,F,1,0.152739,13.5759,13.0445,52.5061,F
1418,1,HappyBirthday,503,7300.92,F,1,0.0578842,3.27585,154.707,19.255,F
1418,1,HappyBirthday,721,9855.81,M,1,0.0306883,1.13724,1804.27,13.7115,F
1419,1,HappyBirthday,154,21535.4,M,1,0.000683319,31.1373,608.431,0.405,F
1419,1,HappyBirthday,1434,1095,M,1,0.000950606,0.595252,251.466,0.569006,F
1420,1,HappyBirthday,988,6935.91,M,1,0.127413,0.0352969,13140.5,228.927,F
1421,1,HappyBirthday,1198,3285,M,1,0.00043931,0.30821,0,0.136456,F
1421,1,HappyBirthday,1363,1825,M,1,6.01571e-05,0.848686,164413,0.562017,F
1422,1,HappyBirthday,1153,3650,F,1,0.0890828,0.10161,14264.6,60.1705,F
1422,1,HappyBirthday,1154,3650,M,1,0.068179,0.554467,21097.4,44.3902,F
1422,1,HappyBirthday,620,8030.57,F,1,0.00234323,0.644829,961.904,3.29867,F
1422,1,HappyBirthday,751,5840.67,F,1,0.118182,0.269545,90.6421,39.0879,F
1423,1,HappyBirthday,1510,365,F,0,0,0.00697694,0,0,F
1423,1,HappyBirthday,502,8030.12,F,1,0.0013966,0.140806,19.5464,0.458942,F
1423,1,HappyBirthday,1396,1460,M,1,0.0953358,0.804033,45.4238,34.7823,F
1423,1,HappyBirthday,1435,1095,M,1,0.000843855,4.38215,110.017,0.307373,F
1423,1,HappyBirthday,1237,2920,M,1,0.0387519,1.77606,56.7736,14.7917,F
1424,1,HappyBirthday,9,7300.07,F,1,4.31571e-06,1.27145,1067.81,0.00721683,F
1425,1,HappyBirthday,1199,3285,M,1,0.00124757,0.421639,13.4316,0.411582,F
1425,1,HappyBirthday,612,35405.2,M,1,0.0075014,0.667963,41.8606,2.8058,F
1425,1,HappyBirthday,648,17520.7,M,1,0.000365381,0.879121,7.10191,0.113631,F
1425,1,HappyBirthday,930,10950.3,F,1,0,0.231949,0.003,0,F
1426,1,HappyBirthday,3,6570.02,M,1,0.0512792,9.25594,62.738,16.4705,F
1426,1,HappyBirthday,680,5110.79,F,1,0.0011111,0.893331,736.416,0.724111,F
1427,1,HappyBirthday,529,9490.31,F,1,0.000439086,7.38392,193.031,0.14351,F
1427,1,HappyBirthday,607,16425,F,1,9.317e-05,2.31343,25.5893,0.03025,F
1427,1,HappyBirthday,1464,730,M,1,1.10466e-05,0.226898,18607.1,0.121153,F
1427,1,HappyBirthday,938,6935.77,M,1,0.0764818,0.278786,145.876,25.6148,F
1428,1,HappyBirthday,1112,4015,M,1,0.67995,0.125071,237.799,363.426,F
1428,1,HappyBirthday,1069,4380,M,1,0.00293362,1.41922,18325,7.96367,F
1430,1,HappyBirthday,189,17155,M,1,0.0856228,0.405637,694.039,58.5518,F
1430,1,HappyBirthday,236,8760.29,M,1,0.000796196,0.0959264,14.0135,0.247924,F
1430,1,HappyBirthday,356,8760.76,F,1,0.00189034,0.50274,0.333865,0.588156,F
1430,1,HappyBirthday,978,11315.9,F,1,0.0287965,0.972817,168.624,9.11476,F
1430,1,Births,1556,0,M,0,0,0.058112,0,0,F
1431,1,HappyBirthday,720,21900,F,1,0,0.46127,3.38676,0,F
1432,1,HappyBirthday,1397,1460,M,0,0,0.0253143,0,0,F
1432,1,HappyBirthday,1238,2920,M,0,0,0.0443307,0,0,F
1432,1,HappyBirthday,382,9490.44,M,1,8.59597e-05,1.48563,7.19776,0.026761,F
1432,1,HappyBirthday,952,6205.21,M,1,0.000633641,0.956169,9854.67,2.14348,F
1433,1,HappyBirthday,36,9490.77,M,1,0.0940057,0.137001,299.896,31.9245,F
1433,1,HappyBirthday,81,25550.2,M,1,0.00622564,4.95453,9665.52,2.67047,F
1433,1,HappyBirthday,442,6935.66,F,1,4.93077e-05,1.56957,2357.08,0.0635896,F
1433,1,HappyBirthday,739,6570.78,M,1,0.00181183,0.66774,0.0175124,0.563554,F
1433,1,HappyBirthday,755,34310.6,M,1,0.000675124,0.0565291,89142.7,4.56584,F
1433,1,HappyBirthday,830,18250,F,1,0.159093,11.693,2185.28,54.002,F
1433,1,Births,1557,0,F,0,0,0.00727086,0,0,F
1434,1,HappyBirthday,161,5475.01,F,1,0.00619219,3.02317,139.305,3.04764,F
1434,1,HappyBirthday,275,27375.7,F,1,0.00207201,0.306086,253.707,1.35981,F
1434,1,HappyBirthday,1436,1095,M,1,0.0262937,0.64661,94.1241,9.44532,F
1435,1,HappyBirthday,208,6935.69,M,1,0.0214889,0.305491,133.905,8.05036,F
1435,1,HappyBirthday,1027,4745,F,1,0.161953,0.493795,116.752,85.8262,F
1435,1,HappyBirthday,864,19345.6,M,1,0.000834367,1.75032,0,0.259468,F
1436,1,HappyBirthday,511,16790.3,M,1,0.0290321,0.12785,0.836698,9.16887,F
1437,1,HappyBirthday,16,6570.67,M,1,0.00622026,0.697017,0.0529004,1.93882,F
1437,1,HappyBirthday,491,20075.9,F,1,0.000305026,0.192498,189.352,0.164032,F
1437,1,HappyBirthday,1239,2920,F,1,0.688982,0.0573934,109.951,508.628,F
1437,1,HappyBirthday,1398,1460,F,1,0.144768,0.109626,4838.12,58.7938,F
1438,1,HappyBirthday,120,5110.76,M,1,0.0168935,0.345686,0.0306056,5.29564,F
1438,1,HappyBirthday,298,5110.4,M,1,0.00172415,1.09423,0.00203226,0.536369,F
1438,1,HappyBirthday,405,6570.27,M,1,0.278952,0.13678,1017.04,104.56,F
1438,1,HappyBirthday,777,10950.5,M,1,0.00143945,17.4892,2.58238,0.452317,F
1438,1,HappyBirthday,1465,730,M,1,0.0547083,0.175603,34.5254,19.5133,F
1439,1,HappyBirthday,980,7665.57,F,1,0.00123745,21.1024,1.7549,0.385685,F
1439,1,HappyBirthday,1281,2555,M,1,0.0495794,0.223105,14683.7,312.277,F
1440,1,HappyBirthday,590,28470.7,M,1,3.44937e-05,1.30081,0.390521,0.0106934,F
1440,1,HappyBirthday,1466,730,M,1,0.00268146,0.133451,33.8811,0.85025,F
1441,1,HappyBirthday,1072,4380,F,1,0.00219646,0.633674,53.7699,0.683295,F
1441,1,HappyBirthday,828,7665.03,F,1,0.0319591,3.24931,6.26321,10.1041,F
1441,1,HappyBirthday,1073,4380,F,1,0.000733444,2.08459,687.922,0.25948,F
1443,1,HappyBirthday,1201,3285,M,1,0.000103252,0.907325,9926.19,0.0472963,F
1443,1,HappyBirthday,1399,1460,F,1,0,0.0469044,1128.33,0,F
1444,1,HappyBirthday,1202,3285,F,1,0.000872476,16.3086,32166.4,1.02079,F
1444,1,HappyBirthday,1327,2190,F,1,0.00500924,0.45678,35.664,1.63273,F
1445,1,HappyBirthday,1028,4745,F,1,0.00238409,68.6348,89.4245,0.789564,F
1445,1,HappyBirthday,1029,4745,M,1,0.0010759,16.2547,0.126128,0.334694,F
1445,1,HappyBirthday,335,5475.3,M,1,0.0192022,0.166664,0.00187298,6.02561,F
1446,1,HappyBirthday,413,8760.61,F,1,0.181836,1.044,4.86275,63.809,F
1446,1,HappyBirthday,417,11315,M,1,6.72727e-06,0.112014,1544.25,0.005075,F
1446,1,HappyBirthday,1155,3650,M,1,0.164899,2.7034,109.503,56.191,F
1446,1,HappyBirthday,969,13505.7,M,1,0.0013698,0.615674,0.493259,0.426667,F
1446,1,Births,1558,0,M,0,0,0.0290185,0,0,F
1447,1,HappyBirthday,438,9125.04,M,1,0.0394524,5.59313,65.5557,12.835,F
1447,1,HappyBirthday,1030,4745,F,1,0.0711092,26.1329,280.827,32.6027,F
1448,1,HappyBirthday,1240,2920,F,1,8.42771e-06,0.0504844,5828.22,0.0397633,F
1448,1,HappyBirthday,263,25550.3,F,1,0.0079812,1.87794,0.0438052,2.49022,F
1448,1,HappyBirthday,931,11315.1,M,1,0.00713267,0.133772,211.156,2.28593,F
1449,1,HappyBirthday,1328,2190,F,1,0.00147671,0.59864,99.0229,0.46168,F
1449,1,HappyBirthday,897,24455.9,F,1,0.000143694,9.92545,3256.47,0.220216,F
1449,1,Births,1559,0,M,0,0,0.418176,0,0,F
1450,1,HappyBirthday,722,27740.9,F,1,0.00576503,0.0203575,0.907907,1.7967,F
1451,1,HappyBirthday,1512,365,M,1,0.0264213,1.12759,462.07,9.99768,F
1451,1,HappyBirthday,1156,3650,M,1,4.93539e-07,1.67033,5437.93,0.00121009,F
1451,1,HappyBirthday,1511,365,F,0,0,0.0215929,0,0,F
1452,1,HappyBirthday,1031,4745,F,1,0.00799045,0.262791,15.5036,2.55953,F
1452,1,HappyBirthday,504,6570.46,F,1,0.000608187,0.119395,1.40034,0.189026,F
1454,1,HappyBirthday,1114,4015,F,1,7.15758e-05,26.9198,440.175,0.0245143,F
1455,1,HappyBirthday,1115,4015,M,1,0.000983786,1.81433,4.50514e-05,0.30584,F
1455,1,HappyBirthday,765,16425.7,F,1,0.121824,0.269956,18.1048,41.4605,F
1455,1,HappyBirthday,1365,1825,F,1,0.000991666,0.0577362,0.0129267,0.308087,F
1456,1,HappyBirthday,1437,1095,M,1,0.526654,0.59248,42.5111,244.867,F
1457,1,HappyBirthday,226,19345.5,M,1,0.0017226,0.989687,3531.6,0.537669,F
1457,1,HappyBirthday,400,6935.56,M,1,0,0.0264404,0.263238,0,F
1457,1,HappyBirthday,1438,1095,M,1,0.0431682,0.340051,1358.32,51.4585,F
1458,1,HappyBirthday,1159,3650,F,1,0.000499428,1.36017,1408.38,0.170056,F
1458,1,HappyBirthday,1074,4380,M,1,0.000516621,0.239592,0.790593,0.160668,F
1458,1,HappyBirthday,750,5110.65,F,1,0.000150957,0.220779,0.00747551,0.0468707,F
1458,1,HappyBirthday,1158,3650,F,1,0.117395,0.590304,33.443,40.7544,F
1458,1,HappyBirthday,1204,3285,F,1,0.0157323,1.75758,3070.51,49.2578,F
1459,1,HappyBirthday,985,17520.2,M,1,0.0101667,7.43113,1163.95,17.729,F
1459,1,HappyBirthday,1283,2555,M,1,0,0.0416355,883.219,0,F
1459,1,HappyBirthday,1284,2555,M,1,0.00576158,1.31488,90.9632,1.87895,F
1459,1,HappyBirthday,1075,4380,M,1,0.0229279,2.96467,404.984,7.98804,F
1459,1,HappyBirthday,1285,2555,F,1,0.0213322,0.68849,9079.49,39.7181,F
1459,1,HappyBirthday,1329,2190,M,1,0.000128682,0.783771,0,0.0399587,F
1460,1,HappyBirthday,220,20805.7,M,1,0.0015943,0.564605,0.0548532,0.495881,F
1460,1,HappyBirthday,933,30660.9,F,1,0,0.643458,0.0954902,0,F
1461,1,HappyBirthday,1467,730,F,1,0.473562,0.271406,4216.55,298.913,F
1461,1,HappyBirthday,1116,4015,M,1,0.0100617,3.53427,6601.11,3.4943,F
1463,1,HappyBirthday,1160,3650,F,1,0.0195568,3.08083,1319.72,39.1758,F
1464,1,HappyBirthday,786,8030.15,M,1,0,0.618305,0,0,F
1465,1,HappyBirthday,64,17520.6,M,1,0.00286312,0.025381,42.8396,1.07657,F
1465,1,HappyBirthday,1076,4380,M,1,0.000555357,0.0839017,5896.73,0.549697,F
1465,1,HappyBirthday,1468,730,M,1,0.290363,0.362735,356.027,234.771,F
1465,1,HappyBirthday,920,5840.32,F,1,1.97398e-05,1.58307,23.1933,0.00624235,F
1466,1,HappyBirthday,689,6570.4,F,1,0.0176724,0.598941,6.64343,5.69518,F
1466,1,HappyBirthday,778,6935.45,M,1,0.00162008,2.19673,6.71849,0.505,F
1466,1,HappyBirthday,977,7665.94,M,1,0.000777193,0.622565,0.106692,0.241751,F
1466,1,HappyBirthday,1206,3285,M,1,0.0203998,0.148488,50395.2,50.7738,F
1467,1,HappyBirthday,458,17885.6,M,1,0.00233655,1.84641,1796.42,0.763823,F
1467,1,HappyBirthday,553,31025.1,F,1,0.000195929,0.493743,0.0134006,0.0608904,F
1467,1,HappyBirthday,1440,1095,F,1,0.00384623,1.05168,33.1057,1.38574,F
1468,1,HappyBirthday,190,13505.5,M,1,0,1.41229,315.696,0,F
1468,1,HappyBirthday,1330,2190,M,1,0.0152955,4.86686,297.777,4.79081,F
1468,1,Births,1560,0,M,0,0,0.0270641,0,0,F
1469,1,HappyBirthday,68,8030.5,F,1,0.00124155,0.566823,128.004,0.51356,F
1469,1,HappyBirthday,352,9490.68,F,1,0.000397712,0.135388,4.23156,0.123701,F
1469,1,HappyBirthday,367,22995.4,F,1,0.0152648,0.140065,7.87704,4.80484,F
1469,1,HappyBirthday,1002,5110,M,1,0.122334,1.68621,40.9133,40.9731,F
1469,1,HappyBirthday,948,8395.26,M,1,0.0100928,6.5363,155.445,3.37227,F
1470,1,HappyBirthday,1003,5110,M,1,0.00635647,8.17374,28334.5,41.185,F
1470,1,HappyBirthday,968,10585.1,M,1,0.00629446,0.30689,0,1.96207,F
1471,1,HappyBirthday,104,5840.84,M,1,4.80002e-05,1.87413,3.67959,0.0149179,F
1471,1,HappyBirthday,247,5475.74,M,1,0.0152275,0.154149,22.5795,4.76926,F
1471,1,HappyBirthday,387,27740.3,F,1,0.00302122,3.54242,9.37901,0.940964,F
1471,1,HappyBirthday,1469,730,F,1,0.565506,0.584795,4.49189,264.903,F
1471,1,HappyBirthday,1366,1825,M,1,0.258225,0.339287,194.904,99.4944,F
1471,1,HappyBirthday,1401,1460,F,1,0.299103,0.227277,41.8463,131.332,F
1472,1,HappyBirthday,57,12045.8,F,1,0,0.228891,0,0,F
1472,1,HappyBirthday,1286,2555,F,1,0.165789,0.219603,4915.81,855.797,F
1472,1,Births,1561,0,F,0,0,0.0859493,0,0,F
1473,1,HappyBirthday,1402,1460,M,1,0.0131913,0.166437,56.6646,5.23456,F
1473,1,HappyBirthday,643,9490.21,M,0,0,0.00758911,0,0,F
1473,1,HappyBirthday,812,18250.8,M,1,0.0244373,1.26539,63.6729,7.72973,F
1473,1,Births,1562,0,M,0,0,0.00565891,0,0,F
1474,1,HappyBirthday,1287,2555,F,1,0.0103846,0.176052,5.96221,3.2449,F
1474,1,HappyBirthday,254,11680.8,M,1,0.00728724,4.5426,106.021,2.68464,F
1474,1,HappyBirthday,1032,4745,M,1,0.128514,7.17543,2.18941,42.7686,F
1474,1,HappyBirthday,1117,4015,F,1,0.139489,0.423166,67.4104,52.0605,F
1474,1,Births,1563,0,F,0,0,0.164103,0,0,F
1475,1,HappyBirthday,136,8030.54,F,1,0.111681,0.318679,22.8205,38.2394,F
1476,1,HappyBirthday,1033,4745,F,1,0.043454,8.5726,0.00434852,13.807,F
1477,1,HappyBirthday,1077,4380,M,1,0.17719,1.08745,1.55952,60.7523,F
1477,1,HappyBirthday,324,25185.5,M,1,0.0551908,0.350282,59.2989,17.7461,F
1477,1,HappyBirthday,339,24090.2,F,1,0.0116368,0.0348634,0.0287806,3.63814,F
1477,1,HappyBirthday,402,7665.04,F,1,0.00539139,9.34078,144.168,2.04795,F
1478,1,HappyBirthday,1241,2920,F,1,0.00583231,2.09008,2343.96,15.631,F
1478,1,HappyBirthday,436,13870.3,F,1,0.0401086,0.916372,62.8719,12.8225,F
1478,1,HappyBirthday,915,7300.13,F,1,0.00160834,1.61215,0.000350838,0.500344,F
1479,1,HappyBirthday,288,5840.49,F,1,0.159868,0.194198,0.0980231,54.1406,F
1479,1,HappyBirthday,1513,365,M,1,0.00549378,0.783949,4.03105,1.72392,F
1479,1,HappyBirthday,1161,3650,F,1,0.0329104,0.0557523,31.4269,10.9612,F
1479,1,HappyBirthday,1162,3650,F,1,0.00167549,0.0363297,114.651,0.610885,F
1479,1,Births,1564,0,M,0,0,0.798536,0,0,F
1481,1,HappyBirthday,668,11315.1,M,1,0.0818961,0.262011,27.1156,29.5336,F
1481,1,HappyBirthday,702,8760.51,M,1,0.00142419,3.4644,177.113,0.482396,F
1482,1,HappyBirthday,1164,3650,M,1,0.00984004,19.8663,10.1243,3.12329,F
1482,1,HappyBirthday,815,5840.19,M,1,0.000437408,0.098111,0.366667,0.136213,F
1482,1,HappyBirthday,904,8030.02,F,1,0.153064,3.31093,836.55,182.625,F
1483,1,HappyBirthday,983,9125.53,F,1,0.0647307,0.308555,0.0446998,20.7983,F
1483,1,HappyBirthday,576,28470.7,F,1,0.0116737,0.0480104,0.174653,3.65042,F
1483,1,HappyBirthday,794,6570.33,M,1,0.602436,0.176153,184.099,467.44,F
1483,1,HappyBirthday,817,11680.7,F,1,0.00459408,2.41939,0.826766,1.431,F
1484,1,HappyBirthday,1165,3650,F,1,0.000553889,0.751734,105.057,0.231349,F
1484,1,HappyBirthday,246,14965.6,M,1,0.0895863,0.449652,1315.47,127.973,F
1485,1,HappyBirthday,796,24455.2,M,1,1.24639e-05,1.36399,2.6e-06,0.0038716,F
1485,1,HappyBirthday,932,17155.7,F,1,0.114735,31.3586,1.63137,38.058,F
1485,1,HappyBirthday,1514,365,F,1,0.0432369,0.741534,106.759,20.4958,F
1485,1,Births,1565,0,F,0,0,0.109939,0,0,F
1486,1,HappyBirthday,153,15695.6,F,1,0.00398846,1.39783,63.6622,1.24792,F
1486,1,HappyBirthday,1207,3285,M,1,0.00229459,0.637469,14.5263,0.766048,F
1486,1,HappyBirthday,1004,5110,M,1,0.00207732,0.359981,31.1539,0.651529,F
1486,1,HappyBirthday,1403,1460,F,1,0.00364965,0.280608,2.88324,1.15295,F
1486,1,HappyBirthday,1288,2555,M,1,0.0681781,0.115869,70.9341,24.1474,F
1487,1,HappyBirthday,1289,2555,M,0,0,0.0248587,0,0,F
1488,1,HappyBirthday,272,33215.7,F,1,0.00188223,1.69459,0.265685,0.585902,F
1488,1,HappyBirthday,1243,2920,F,1,0.24247,0.317695,39.7074,87.2572,F
1488,1,HappyBirthday,1515,365,M,1,0.0429797,0.0656309,0.879196,13.7141,F
1489,1,HappyBirthday,125,13870.1,M,1,0.00170462,2.14531,2.10544,0.530603,F
1489,1,HappyBirthday,1470,730,F,1,0.127853,0.17121,46.831,49.5868,F
1490,1,HappyBirthday,1208,3285,M,1,0.143691,1.21824,1.65339,48.2285,F
1490,1,HappyBirthday,512,16790.5,F,1,0.101076,0.731853,140.454,49.3513,F
1490,1,HappyBirthday,638,10586,M,1,0.0845286,4.46427,0.796766,27.4475,F
1491,1,HappyBirthday,1405,1460,M,1,0.00292482,0.0998343,12.8155,0.949553,F
1492,1,HappyBirthday,170,27375.8,M,1,0.000214692,1.23344,0.0067516,0.0666892,F
1492,1,HappyBirthday,279,17520.1,M,0,0,0.556657,0,0,F
1492,1,HappyBirthday,1079,4380,F,1,0.122824,0.168035,181.331,40.7387,F
1492,1,HappyBirthday,881,5840.73,F,1,0.000368286,2.18591,159.886,0.144526,F
1492,1,HappyBirthday,908,5840.49,M,1,0.00244307,0.0677406,3.59857,0.773927,F
1493,1,HappyBirthday,1332,2190,M,1,0.241882,0.565197,2446.78,86.2158,F
1493,1,HappyBirthday,477,32485.3,M,1,0,1.26125,0.0499722,0,F
1493,1,HappyBirthday,1331,2190,F,1,0.0066514,1.00906,101.199,2.38781,F
1493,1,HappyBirthday,1516,365,M,1,0.0058306,0.0385701,107.653,2.0514,F
1493,1,HappyBirthday,780,9490.9,M,1,0.00114123,0.110767,2.6325,0.358347,F
1494,1,HappyBirthday,1471,730,F,1,0.612342,0.503845,838.857,304.924,F
1494,1,HappyBirthday,338,5840.43,M,1,0.00588328,0.873098,99.7332,1.83833,F
1494,1,HappyBirthday,1119,4015,M,1,0.00866514,19.9136,6.40534,2.70461,F
1495,1,HappyBirthday,1034,4745,M,0,0,0.25098,0,0,F
1496,1,HappyBirthday,1209,3285,F,1,0.0058051,0.175216,4.92664,1.8523,F
1496,1,HappyBirthday,320,15330.1,M,1,0.169081,1.10344,6.1473,59.0359,F
1496,1,HappyBirthday,1244,2920,F,1,0.0699209,0.757665,55442.2,177.134,F
1496,1,HappyBirthday,711,5840.38,M,1,1.48324e-05,1.4973,1.51742,0.00464921,F
1497,1,HappyBirthday,1210,3285,M,1,0.0922688,2.32484,119.596,45.9725,F
1497,1,HappyBirthday,1517,365,M,1,0.00562704,0.0640773,0.155618,1.75306,F
1497,1,HappyBirthday,789,12775.2,F,1,0.000673983,0.207316,0.000774,0.209532,F
1497,1,HappyBirthday,848,9855.67,M,1,0.105288,0.192453,0.0421024,34.5755,F
1498,1,HappyBirthday,119,17885.5,F,1,0.000383072,1.10989,15.8116,0.120243,F
1498,1,HappyBirthday,398,12775.9,F,1,0.0573634,6.48417,1.07405,18.3707,F
1498,1,HappyBirthday,1333,2190,F,1,0.000658593,0.0497353,8.00267e-05,0.204726,F
1499,1,HappyBirthday,67,14965.1,M,1,0.000328161,0.301421,34076.4,2.49144,F
1499,1,HappyBirthday,73,5840.66,F,1,0.00293982,0.23657,141.415,1.23702,F
1499,1,HappyBirthday,961,5475.35,M,1,0.0457891,18.4371,0.580763,14.5767,F
1499,1,Births,1566,0,M,0,0,0.226512,0,0,F
1500,1,HappyBirthday,660,5840.48,M,1,0.000319847,0.999509,2.78071e-05,0.0994685,F
1501,1,HappyBirthday,76,14965,M,1,0.000122442,2.59927,0.0084918,0.0381002,F
1501,1,HappyBirthday,148,22265.7,F,1,0.00188246,1.02562,24.467,0.585688,F
1501,1,HappyBirthday,1472,730,M,1,0.0279539,0.417362,77.9461,10.6968,F
1501,1,HappyBirthday,1334,2190,M,1,0.00328642,0.384089,9.13371,1.0279,F
1502,1,HappyBirthday,1290,2555,M,1,0.00100294,1.25313,43.2198,0.323214,F
1502,1,HappyBirthday,558,14235.6,F,1,0.000211214,3.32566,967.754,0.159733,F
1502,1,HappyBirthday,669,20075.3,F,1,0.00355321,3.84135,4.04252,1.11291,F
1503,1,HappyBirthday,649,6570.9,F,1,0.00746132,1.20475,5.71436e-06,2.32752,F
1503,1,HappyBirthday,768,10950.5,M,1,0.00503563,2.78461,1.951,1.56964,F
1503,1,HappyBirthday,769,20075.1,M,1,0.00252036,0.68114,8e-07,0.784398,F
1504,1,HappyBirthday,1211,3285,M,1,0.0140405,0.492783,0.00180717,4.39426,F
1505,1,HappyBirthday,75,18980.9,M,1,0.045649,1.02768,78.0629,14.6691,F
1505,1,HappyBirthday,1518,365,F,1,0.000345409,0.0876433,0.543185,0.107197,F
1505,1,HappyBirthday,1212,3285,M,1,0.170148,1.38107,3480.6,255.479,F
1505,1,HappyBirthday,995,19345.9,M,1,8.7857e-06,0.243228,3522.67,0.014152,F
1505,1,HappyBirthday,1080,4380,F,1,0.00204743,1.41379,817.622,0.819579,F
1506,1,HappyBirthday,72,9855.34,F,1,0.000117317,1.10098,9.63613,0.036488,F
1506,1,HappyBirthday,1166,3650,F,1,0.00317523,0.0795701,12.3541,1.00876,F
1506,1,HappyBirthday,1291,2555,F,1,0.389695,1.16082,1291.45,192.963,F
1506,1,HappyBirthday,950,11315.2,M,1,0.00128636,74.0963,74.919,0.423038,F
1507,1,HappyBirthday,134,8395.7,M,1,0.00428851,2.74606,0.0682232,1.33564,F
1507,1,HappyBirthday,285,9125.07,M,1,0.000560681,0.806458,3.76789,0.175157,F
1507,1,HappyBirthday,934,5475.16,F,1,0.000362507,3.24541,0,0.112631,F
1508,1,HappyBirthday,26,10950.8,F,1,0.198396,1.84338,21.5295,68.8754,F
1508,1,HappyBirthday,1519,365,M,1,0.283194,0.966424,7.00751,103.731,F
1508,1,HappyBirthday,99,8395.56,M,1,4.40421e-06,4.42921,8.84662,0.0014076,F
1508,1,HappyBirthday,1407,1460,M,1,0.203047,2.72282,83250.5,1446.99,F
1508,1,HappyBirthday,548,8395.63,M,1,4.82962e-06,4.54889,36.6143,0.0017024,F
1508,1,HappyBirthday,572,16060.5,F,1,0.000670833,0.183621,1345.4,0.265077,F
1508,1,HappyBirthday,918,17155.1,F,1,0.12576,2.43398,10.194,43.4558,F
1508,1,Births,1567,0,F,0,0,0.0817254,0,0,F
1509,1,Births,1568,0,M,0,0,0.023283,0,0,F
1510,1,HappyBirthday,23,11315,F,1,0.000557673,13.8089,18.2208,0.179067,F
1510,1,HappyBirthday,1520,365,F,1,0.000212376,0.375411,45687.1,1.99162,F
1511,1,HappyBirthday,1521,365,F,0,0,0.102293,0,0,F
1512,1,HappyBirthday,1213,3285,F,1,0.00193254,1.00762,13.5677,0.601448,F
1512,1,HappyBirthday,355,22265.4,F,1,0.00553439,1.79015,2205.88,6.02564,F
1513,1,HappyBirthday,97,8030.96,F,1,0.114815,0.0593082,4.40816,38.6016,F
1513,1,HappyBirthday,201,5475.97,F,1,0.0277433,3.36365,0.967083,8.74476,F
1513,1,HappyBirthday,1292,2555,M,1,0.0553684,3.57577,70.3949,18.405,F
1513,1,HappyBirthday,594,6935.45,M,1,0.00639391,20.5479,0.0130334,1.99312,F
1513,1,HappyBirthday,641,13870.7,F,1,0.000573944,0.121305,2.31837,0.178411,F
1514,1,HappyBirthday,253,8760.18,M,1,0.000428724,2.23293,18.9084,0.134431,F
1515,1,HappyBirthday,1335,2190,M,1,0,0.308337,0,0,F
1515,1,HappyBirthday,479,6935.94,F,1,0.0673143,0.401758,13327.6,36.4013,F
1515,1,HappyBirthday,517,17520.1,M,1,0.228836,0.126508,7.36774,81.6116,F
1515,1,HappyBirthday,1409,1460,M,1,0.000389431,0.132053,1407.94,0.691151,F
1516,1,HappyBirthday,52,9855.89,F,1,0.0487845,0.0973023,48.5054,16.3902,F
1516,1,HappyBirthday,478,7665.62,M,1,0.00857734,0.869994,457.787,2.81415,F
1516,1,HappyBirthday,506,7665.39,M,1,0,0.24302,0,0,F
1516,1,HappyBirthday,524,16060.2,F,1,5.47885e-06,6.34867,8775.77,0.0176638,F
1517,1,HappyBirthday,388,13870.4,M,1,0.0871593,0.0354499,6.32197,28.6318,F
1517,1,HappyBirthday,571,11315.8,M,1,0.0513945,4.14016,2126.04,130.698,F
1517,1,HappyBirthday,627,19345.4,F,1,0.0092492,0.326927,26.2412,3.01363,F
1517,1,HappyBirthday,728,6570.03,F,1,3.56496e-05,0.222589,0.000853519,0.0111037,F
1517,1,HappyBirthday,748,5475.8,M,1,0.191406,2.08518,2740.61,301.006,F
1518,1,HappyBirthday,1169,3650,M,1,0.00141015,0.729068,23.8758,0.439595,F
1518,1,HappyBirthday,293,19345.8,F,1,0.000723199,0.22217,5.11724,0.226599,F
1519,1,HappyBirthday,87,6205.47,F,0,0,0.0767999,0,0,F
1519,1,HappyBirthday,1214,3285,M,1,0.00181695,0.434274,0.0131097,0.565147,F
1519,1,HappyBirthday,1121,4015,M,1,0.000199163,0.192758,0,0.0619352,F
1519,1,HappyBirthday,790,7300.85,M,1,6.52078e-07,1.24152,12462.9,0.00103002,F
1519,1,Births,1569,0,F,0,0,0.0605398,0,0,F
1520,1,HappyBirthday,697,8395.76,M,1,0.0056522,0.600663,0.211481,1.76217,F
1520,1,HappyBirthday,906,10950.9,M,1,0.0179642,0.739228,1.59193,5.63379,F
1521,1,HappyBirthday,1170,3650,F,1,0.000344463,1.86954,1164.53,0.220579,F
1521,1,HappyBirthday,1122,4015,F,1,0.0115792,2.62186,5573.22,4.64627,F
1521,1,HappyBirthday,410,18615.1,F,1,0.00022535,0.153347,5e-06,0.0699394,F
1521,1,HappyBirthday,889,6570.11,F,1,0.00282944,5.50118,9.34179e-05,0.880377,F
1522,1,HappyBirthday,24,24090.2,M,1,0.000584734,1.20554,7.96727,0.184034,F
1522,1,HappyBirthday,1171,3650,F,1,0.00133854,0.105778,0.00949449,0.416207,F
1522,1,HappyBirthday,1410,1460,M,0,0,0.0273345,0,0,F
1522,1,HappyBirthday,1336,2190,F,1,0.106405,5.68637,941.874,46.6305,F
1522,1,HappyBirthday,1172,3650,M,1,0.0542167,0.131212,151.925,26.6974,F
1523,1,HappyBirthday,1005,5110,M,1,0.200225,1.33198,2151.87,99.6834,F
1523,1,HappyBirthday,940,12045.4,M,1,0.00632827,0.264087,0.0012062,1.973,F
1524,1,HappyBirthday,224,7300.43,F,1,0.0630412,0.243696,0.0541388,20.2375,F
1524,1,HappyBirthday,1245,2920,M,1,0.00265589,5.22583,24.1624,0.911655,F
1524,1,HappyBirthday,1123,4015,F,1,0.00512737,0.381732,0.336352,1.59765,F
1524,1,HappyBirthday,741,13870.6,F,1,0.000126037,2.20338,12915.4,0.202909,F
1524,1,HappyBirthday,1522,365,F,1,0.0793693,1.7937,23301.6,224.77,F
1524,1,HappyBirthday,825,9490.07,M,1,0.000319097,2.33396,62.4245,0.129824,F
1524,1,Births,1570,0,F,0,0,0.0887965,0,0,F
1525,1,HappyBirthday,743,6570.84,M,1,0.0024675,0.741415,2372.7,1.83684,F
1525,1,HappyBirthday,792,5475.84,F,1,0,0.370356,0.0392712,0,F
1526,1,HappyBirthday,1442,1095,M,1,0.259575,0.586971,2.15238,93.6949,F
1526,1,HappyBirthday,1246,2920,M,1,0.000216169,0.296422,28.6298,0.0762935,F
1526,1,HappyBirthday,901,10950.2,F,1,1.17723e-06,0.805792,9430.22,0.0039888,F
1526,1,HappyBirthday,914,13505.2,M,1,0,1.86217,1062.68,0,F
1528,1,HappyBirthday,268,10220.8,F,0,0,0.341916,0,0,F
1529,1,HappyBirthday,77,6935.42,M,1,2.68776e-05,0.0971435,216.496,0.0088061,F
1530,1,HappyBirthday,1293,2555,F,0,0,0.0702251,0,0,F
1531,1,HappyBirthday,140,23360.5,M,1,0.00677354,5.79576,41.0864,2.11253,F
1531,1,HappyBirthday,1124,4015,M,1,5.12543e-06,5.49978,5666.91,0.0162844,F
1532,1,HappyBirthday,439,19345.5,M,1,0.00372478,6.76589,29.4529,1.17177,F
1532,1,HappyBirthday,1173,3650,F,1,0.01042,1.28578,829.952,4.65383,F
1533,1,HappyBirthday,1443,1095,M,1,0.00959464,0.320312,2.48697,2.99675,F
1533,1,HappyBirthday,389,10950.4,F,1,1.97583e-07,1.80865,639.687,0.0002326,F
1534,1,HappyBirthday,508,14235.5,M,1,0.00470077,0.728251,0.165826,1.46414,F
1534,1,HappyBirthday,535,5840.74,F,1,5.02378e-05,0.758114,3168.75,0.0756422,F
1534,1,HappyBirthday,849,5475.16,M,1,0.000264762,45.5911,957.314,0.0983024,F
1535,1,HappyBirthday,1038,4745,F,1,0.401627,0.856615,9.20508,161.561,F
1535,1,HappyBirthday,1368,1825,F,1,3.24633e-05,0.170414,11593.7,0.128301,F
1536,1,HappyBirthday,1474,730,M,1,0.467777,0.0430662,1488.64,414.945,F
1536,1,HappyBirthday,946,9125.25,M,1,0.00213019,9.76513,6.88916,0.662608,F
1536,1,Births,1571,0,M,0,0,0.0969134,0,0,F
1537,1,HappyBirthday,1337,2190,F,0,0,0.0321253,0,0,F
1537,1,HappyBirthday,233,10950.1,F,1,0.00859438,0.0835456,77.2134,2.68247,F
1539,1,HappyBirthday,1215,3285,F,1,0.0880802,0.572976,65.4481,28.8651,F
1539,1,HappyBirthday,917,9855.9,M,1,0.0149062,30.0083,0.0147304,4.66749,F
1539,1,HappyBirthday,1369,1825,M,0,0,0.03266,0,0,F
1540,1,HappyBirthday,179,12045.8,M,0,0,0.0837822,0,0,F
1540,1,HappyBirthday,1338,2190,M,1,0.00084725,0.222357,97.0104,0.358241,F
1541,1,HappyBirthday,55,8030.7,F,1,0.00136808,1.04151,439.392,1.08918,F
1541,1,HappyBirthday,1370,1825,F,1,0.618601,0.451001,7522.58,756.431,F
1542,1,HappyBirthday,1294,2555,F,1,0.000442848,0.946126,701.001,0.51813,F
1542,1,HappyBirthday,1371,1825,F,1,0.106617,1.18651,17.8283,37.9507,F
1542,1,HappyBirthday,708,10950.7,M,1,0.112308,0.935583,2994.74,149.674,F
1542,1,HappyBirthday,1007,5110,F,1,0.0123576,20.1748,3.53629,3.86571,F
1543,1,HappyBirthday,1444,1095,M,1,2.95084e-05,0.124214,10020.7,0.105421,F
1544,1,HappyBirthday,1039,4745,F,1,0.0678278,0.547998,331.928,50.8874,F
1544,1,HappyBirthday,1411,1460,M,1,0.000487682,3.57738,117.647,0.216562,F
1545,1,HappyBirthday,137,14600,F,1,0.0195269,0.78456,0.510019,6.12899,F
1545,1,HappyBirthday,1339,2190,M,1,0.000248483,0.165634,321.511,0.113855,F
1545,1,HappyBirthday,575,15330.8,M,0,0,0.0582451,0,0,F
1545,1,HappyBirthday,1475,730,M,1,0.0168747,0.0739948,68.3757,5.57346,F
1546,1,HappyBirthday,549,14235.6,F,1,0.000215487,0.0612605,0,0.0669028,F
1547,1,HappyBirthday,1412,1460,F,1,0.152525,0.348735,13.7704,53.1292,F
1548,1,HappyBirthday,1216,3285,F,1,0.0634853,1.49136,13.2171,20.4485,F
1549,1,HappyBirthday,1217,3285,M,1,0.262199,0.887152,14.5569,96.5628,F
1549,1,HappyBirthday,1083,4380,M,1,0.07366,0.384447,2707.29,40.2378,F
1549,1,HappyBirthday,1446,1095,F,1,0.000316812,0.0888219,0,0.0984218,F
1549,1,HappyBirthday,1082,4380,M,1,0.144099,0.565158,10.4155,49.1674,F
1549,1,HappyBirthday,1523,365,M,1,0,0.0824521,6.10412,0,F
1550,1,HappyBirthday,251,9490.33,M,1,0.00385791,0.864764,0.0990456,1.20118,F
1550,1,HappyBirthday,1129,4015,M,1,0.0175745,1.29328,0.00167362,5.50909,F
1550,1,HappyBirthday,440,7665.07,M,1,0.074109,13.0984,0.176203,23.9315,F
1550,1,HappyBirthday,580,8760.03,M,0,0,0.195716,0,0,F
1550,1,HappyBirthday,1084,4380,M,1,0.00925986,2.87212,4.93847,2.89133,F
1551,1,HappyBirthday,1085,4380,F,1,5.10358e-05,0.436318,21318.3,0.275042,F
1551,1,HappyBirthday,532,21900.9,F,1,9.97351e-05,0.244723,297.109,0.0320282,F
1551,1,HappyBirthday,1174,3650,F,1,0.000674306,3.76002,254.75,0.223102,F
1551,1,HappyBirthday,1372,1825,F,1,0.000928292,0.104878,20.6486,0.296746,F
1552,1,HappyBirthday,126,18615.1,F,1,0.0771891,0.677574,284.525,54.687,F
1552,1,HappyBirthday,1040,4745,M,1,0.0569179,0.886818,51057.7,188.698,F
1552,1,HappyBirthday,791,16425.2,M,1,0.114804,1.63553,1.75148,38.0904,F
1553,1,HappyBirthday,1295,2555,M,1,0.136984,0.310912,131.893,55.184,F
1553,1,HappyBirthday,1476,730,F,1,0.270499,0.342448,29937.7,839.434,F
1554,1,HappyBirthday,568,25550.6,M,1,1.86403e-05,0.0351957,22.7723,0.0060206,F
1555,1,HappyBirthday,350,22995.1,F,1,0.00669903,1.0108,30.5744,2.24109,F
1555,1,HappyBirthday,1524,365,F,0,0,0.463326,0,0,F
1555,1,HappyBirthday,704,19710.1,F,1,0.00182947,2.86566,2551.47,0.920237,F
1555,1,HappyBirthday,1086,4380,M,1,0.0972938,2.13826,0.0591676,31.8099,F
1556,1,HappyBirthday,12,6205.8,F,1,0,0.301795,0.18147,0,F
1556,1,HappyBirthday,63,9490.31,F,1,0.00298198,0.61431,457.432,2.59283,F
1556,1,HappyBirthday,1175,3650,F,1,0.00370052,0.758583,580.238,1.74053,F
1557,1,HappyBirthday,705,10220.6,F,1,0.0757083,0.0903485,682.224,42.9091,F
1558,1,HappyBirthday,913,17520.8,F,1,0.00256716,1.65213,3.80058,0.806898,F
1560,1,HappyBirthday,227,11680.3,M,1,0.197678,5.92729,156.548,84.6824,F
1561,1,HappyBirthday,135,10220.1,F,1,8.7761e-05,7.31008,5.77523,0.0274462,F
1561,1,HappyBirthday,693,8760.41,F,1,0.00507579,0.43279,1.59804,1.58306,F
1562,1,HappyBirthday,1525,365,M,0,0,0.0365245,0,0,F
1562,1,HappyBirthday,1447,1095,F,1,0.489186,0.969415,11367.8,790.707,F
1562,1,HappyBirthday,376,10220.4,M,1,0.000403688,18.0698,6370.6,1.02243,F
1562,1,HappyBirthday,419,6570.18,M,1,0.152776,0.515201,6.35791,51.9321,F
1563,1,HappyBirthday,624,13140.3,F,1,2.57631e-05,0.208911,0.101972,0.0080172,F
1563,1,HappyBirthday,661,8030.62,F,1,0.32153,0.159098,28.378,123.353,F
1563,1,Births,1572,0,M,0,0,0.0603325,0,0,F
1563,1,Births,1573,0,M,0,0,0.0133904,0,0,F
1564,1,HappyBirthday,1041,4745,M,1,0.00322487,1.72874,18.0346,1.01119,F
1564,1,HappyBirthday,244,24090.3,F,1,0.152553,0.280705,1.55702,51.4513,F
1564,1,HappyBirthday,309,9490.15,M,1,0.129842,0.333582,28613.3,298.905,F
1564,1,Births,1574,0,M,0,0,0.0183974,0,0,F
1565,1,HappyBirthday,131,22265.2,F,1,0.562762,0.0188617,32.8701,269.604,F
1565,1,HappyBirthday,188,35770.6,M,1,0.00451074,0.438557,236.362,1.96416,F
1565,1,HappyBirthday,1413,1460,M,1,0.150702,0.303785,160.51,64.2058,F
1566,1,HappyBirthday,630,18615.8,F,1,0.0174267,1.23455,189.061,5.46357,F
1567,1,HappyBirthday,1087,4380,F,0,0,0.0175731,0,0,F
1567,1,HappyBirthday,546,21170.4,M,1,0.00705433,1.91601,173.942,2.84831,F
1568,1,HappyBirthday,102,18615.4,F,1,0.0620928,0.117465,0.0786228,19.9243,F
1568,1,HappyBirthday,192,16060.4,M,1,0.00440903,0.704725,170.972,1.42996,F
1568,1,HappyBirthday,667,8030.23,M,1,0.00171922,0.269695,0.564217,0.535093,F
1568,1,Births,1575,0,M,0,0,0.44848,0,0,F
1569,1,HappyBirthday,273,20805.7,M,1,0.00254217,3.77314,122.007,0.796641,F
1569,1,HappyBirthday,395,23360.4,F,1,0.00405621,1.78104,10.9127,1.27301,F
1570,1,HappyBirthday,127,13505,F,1,0,20.2966,3.25635,0,F
1570,1,HappyBirthday,1247,2920,F,1,0.000660366,0.117669,28.8768,0.233471,F
1570,1,HappyBirthday,746,6570.76,M,1,0.00264794,1.25393,12.3321,0.87147,F
1570,1,HappyBirthday,1374,1825,M,1,0.0226269,0.495331,12780.9,39.9971,F
1571,1,HappyBirthday,1375,1825,M,1,0.0485609,0.189521,296.868,31.8698,F
1571,1,HappyBirthday,698,7665.83,M,1,0.0049301,2.50181,568.79,2.78688,F
1571,1,HappyBirthday,900,17885.5,M,1,0.0849172,2.71848,481.013,48.4335,F
1572,1,HappyBirthday,1477,730,F,1,0.0256097,0.0901247,0.00239208,8.06261,F
1572,1,HappyBirthday,552,18980.1,M,1,0.00659215,0.919479,1.03662,2.05541,F
1572,1,HappyBirthday,1340,2190,F,1,0.00112953,5.3918,398.334,0.399643,F
1573,1,HappyBirthday,129,9125.54,F,1,0.0491726,3.14126,0.020457,15.6698,F
1573,1,HappyBirthday,683,29565.2,F,0,0,0.020728,0,0,F
1574,1,HappyBirthday,74,19345.2,M,1,0.0101555,0.89628,7.1195,3.21116,F
1574,1,HappyBirthday,162,9855.08,M,1,0,0.530327,0,0,F
1575,1,HappyBirthday,113,18980.9,M,0,0,0.216239,0,0,F
1575,1,HappyBirthday,303,8760.11,M,1,0.00144174,1.19814,0.466782,0.449051,F
1575,1,HappyBirthday,1526,365,M,1,0.00332962,0.0323464,0.000162897,1.03615,F
1575,1,HappyBirthday,602,16425.4,F,1,0.00257088,4.36204,5154.85,0.982727,F
1575,1,HappyBirthday,691,17520.7,F,1,0.00906817,0.23536,12.4952,2.882,F
1576,1,Births,1576,0,F,0,0,0.0277201,0,0,F
1577,1,HappyBirthday,1008,5110,F,1,0.00338307,0.0644549,0.621539,1.05325,F
1577,1,HappyBirthday,1009,5110,M,1,0.00549399,3.02538,249.784,2.32649,F
1577,1,HappyBirthday,806,36135,M,1,0.000116645,0.151861,3654.56,0.414561,F
1578,1,HappyBirthday,1010,5110,F,1,0.794417,1.48715,0.698414,492.211,F
1578,1,HappyBirthday,967,21535.9,M,1,0.000979413,2.58951,0.204816,0.304599,F
1579,1,HappyBirthday,1218,3285,M,1,0.0731329,0.168084,2718.75,56.2045,F
1579,1,HappyBirthday,622,13505,M,1,0.0118898,0.458473,614.999,4.13878,F
1580,1,HappyBirthday,337,10220.2,F,1,0.00011836,0.458962,932.005,0.0442556,F
1580,1,HappyBirthday,1448,1095,M,1,3.57796e-06,0.163196,188.801,0.00191334,F
1580,1,HappyBirthday,1478,730,F,1,0.00469713,0.0825809,0.588667,1.46394,F
1580,1,HappyBirthday,1130,4015,F,1,0.000434214,4.57799,3.7947,0.135873,F
1580,1,HappyBirthday,1527,365,M,1,0.000568442,0.517736,41365.2,1.05722,F
1581,1,HappyBirthday,386,7665.18,F,1,0.122788,0.696651,105.921,47.2535,F
1581,1,HappyBirthday,850,7665.25,F,1,0.00436773,2.05644,1.80764,1.36,F
1582,1,HappyBirthday,1089,4380,F,1,2.55786e-05,0.0637985,31.7465,0.0083938,F
1582,1,HappyBirthday,1298,2555,M,1,0.00591416,0.968949,21.7228,2.0456,F
1582,1,HappyBirthday,1176,3650,M,1,0.159266,8.09105,880.997,53.9925,F
1582,1,HappyBirthday,1299,2555,F,1,0.0186756,0.359953,50.4045,5.88685,F
1583,1,HappyBirthday,108,27375.7,M,1,0.00356984,0.593477,6.17981,1.1461,F
1583,1,HappyBirthday,174,16060.7,M,1,0.629097,0.195667,6.22284,309.586,F
1583,1,HappyBirthday,1132,4015,M,1,0.00815887,6.04757,167.933,2.57683,F
1583,1,HappyBirthday,1012,5110,M,1,0.190216,0.334018,0.40889,65.5756,F
1583,1,HappyBirthday,1011,5110,M,1,0.0200929,0.202458,0.454833,6.30779,F
1583,1,HappyBirthday,1131,4015,M,1,0.707634,3.15877,0.34504,382.312,F
1584,1,HappyBirthday,1449,1095,M,1,0.0703609,0.0665736,1161.78,30.5377,F
1584,1,HappyBirthday,1177,3650,M,1,0.0535253,0.141697,619.637,29.0042,F
1584,1,HappyBirthday,1300,2555,M,1,0.000532951,0.147916,2.6996e-05,0.165592,F
1585,1,HappyBirthday,737,6205.56,F,1,0.113412,0.115184,15.8567,38.382,F
1585,1,HappyBirthday,923,11680.2,F,1,0.00042778,8.83482,1086.47,0.655576,F
1586,1,HappyBirthday,1090,4380,F,1,0.00417691,1.41155,92.5891,1.31027,F
1587,1,HappyBirthday,27,5475.37,M,1,1.6537e-05,21.2624,1589.63,0.0159789,F
1587,1,HappyBirthday,259,5840.97,M,0,0,0.0884761,0,0,F
1587,1,HappyBirthday,452,16425.3,F,1,0.0299601,0.816785,9.93585,9.45424,F
1587,1,HappyBirthday,1133,4015,M,1,0.000655714,2.69903,533.744,0.63767,F
1587,1,HappyBirthday,617,16060,M,1,0.631005,0.0752407,2438.23,1085.01,F
1587,1,HappyBirthday,781,23725.5,M,1,0.0420728,0.104568,1035.25,33.0071,F
1588,1,HappyBirthday,98,7300.48,F,1,5.5983e-05,0.110711,2.00013e-07,0.0173821,F
1588,1,HappyBirthday,207,11316,M,1,0.00018704,3.08413,4420.47,0.372103,F
1588,1,HappyBirthday,1528,365,M,1,0.393404,0.164874,3914.58,259.006,F
1588,1,HappyBirthday,1178,3650,F,1,0.0608221,0.0575412,404.795,31.4546,F
1588,1,HappyBirthday,618,13870,F,1,2.24171e-06,1.51073,2.59965,0.0007046,F
1589,1,HappyBirthday,1044,4745,M,1,0.252787,5.12538,100.348,109.133,F
1589,1,HappyBirthday,297,11315.7,F,1,0.00917072,1.05795,3.04591,2.86978,F
1589,1,HappyBirthday,334,7665.93,M,1,0.0406384,0.969411,0.0679888,12.8932,F
1589,1,Births,1577,0,F,0,0,0.00366218,0,0,F
1590,1,HappyBirthday,1529,365,F,1,0.167123,0.550057,59240.3,569.656,F
1591,1,HappyBirthday,1219,3285,F,1,0.000701968,23.0177,3616.47,2.47893,F
1591,1,HappyBirthday,499,27740.7,M,1,0.00438977,0.219176,0.0577378,1.36732,F
1591,1,HappyBirthday,1248,2920,M,1,0.0189297,2.97089,104.566,8.59204,F
1591,1,HappyBirthday,797,5475.21,F,1,0.000327789,1.92395,2.77035,0.102947,F
1591,1,HappyBirthday,1530,365,M,0,0,0.0184349,0,0,F
1593,1,HappyBirthday,1342,2190,M,1,0.137788,0.259851,261.518,65.6281,F
1593,1,HappyBirthday,462,15695.4,F,1,5.51062e-07,0.30831,84.8536,0.0002234,F
1593,1,HappyBirthday,883,9490.98,M,1,0.0304955,2.09369,43.8507,11.3707,F
1593,1,HappyBirthday,1531,365,F,1,0.00734559,1.40957,90.5672,3.04278,F
1593,1,Births,1578,0,F,0,0,0.044566,0,0,F
1594,1,HappyBirthday,455,12775.2,F,0,0,0.0232351,0,0,F
1594,1,HappyBirthday,1451,1095,M,1,0.0110179,0.143651,254.219,4.7889,F
1595,1,HappyBirthday,1376,1825,M,1,0,0.0406934,5501.01,0,F
1596,1,HappyBirthday,185,10585.8,F,1,0.00116989,0.07904,1.04497,0.364259,F
1596,1,HappyBirthday,1013,5110,F,1,1.06243e-05,1.8877,51.6586,0.00349429,F
1596,1,HappyBirthday,1452,1095,M,1,0.38794,0.282791,593.712,458.684,F
1596,1,HappyBirthday,1532,365,M,1,0.000630441,0.0309125,1.6223,0.195987,F
1596,1,HappyBirthday,925,31025.4,M,1,0.0123169,0.199465,173.439,3.91811,F
1597,1,HappyBirthday,25,26280.7,M,1,0.000595047,0.0589002,51.7221,0.199461,F
1599,1,HappyBirthday,1481,730,M,1,0.138456,0.251616,311.399,72.9536,F
1599,1,HappyBirthday,92,14600.4,M,1,0.0770575,1.19375,72.3511,32.2146,F
1599,1,HappyBirthday,1001,12775.1,M,1,0.00262906,1.49724,0.275621,0.818222,F
1599,1,HappyBirthday,1480,730,M,1,0.0877762,9.98903,50162.3,430.43,F
1599,1,HappyBirthday,682,23725.5,M,1,0.0154908,0.0808675,0.181965,4.85311,F
1600,1,HappyBirthday,1179,3650,F,1,0.338908,0.17614,35.0027,130.156,F
1600,1,HappyBirthday,1251,2920,M,1,0.00507089,0.0509904,98.57,1.89134,F
1600,1,HappyBirthday,670,14965.8,F,1,0.0018247,0.490695,240.249,0.591668,F
1600,1,HappyBirthday,1250,2920,F,1,0.000382345,2.0083,4.3946,0.119316,F
1601,1,HappyBirthday,1482,730,F,1,2.21534e-05,0.209362,52392.9,0.218345,F
1602,1,HappyBirthday,1415,1460,F,1,0.189994,0.0422322,227.343,68.6206,F
1602,1,HappyBirthday,852,23725.7,F,1,0.0194824,2.82435,176.23,7.67709,F
1603,1,HappyBirthday,423,5840.73,M,1,0.0477745,0.335782,29.6447,15.7139,F
1603,1,HappyBirthday,434,18250.1,F,1,0.0462648,0.364383,29.6852,16.3505,F
1603,1,HappyBirthday,1015,5110,M,1,0.00469556,1.87659,55.8822,1.57751,F
1603,1,HappyBirthday,1533,365,M,0,0,0.0395665,0,0,F
1604,1,HappyBirthday,1045,4745,F,1,0.0459792,0.451433,73.2877,14.6358,F
1604,1,HappyBirthday,1377,1825,M,1,0.00571775,0.205667,5835.84,27.7587,F
1606,1,HappyBirthday,344,27740.6,F,1,0,1.39741,10.6458,0,F
1607,1,HappyBirthday,133,6570.84,F,1,0.0217635,0.420387,297.229,9.76106,F
1607,1,HappyBirthday,1301,2555,M,1,0.0072045,0.221913,37.6584,2.42235,F
1608,1,HappyBirthday,656,10585,M,1,0.000574751,0.867859,1.78e-05,0.178625,F
1608,1,HappyBirthday,808,14965,M,1,0.00136884,0.643645,0.286805,0.42569,F
1608,1,HappyBirthday,916,8395.06,F,1,0.000792436,0.323481,2.6e-05,0.246437,F
1609,1,HappyBirthday,66,28835,M,1,0.00940144,0.0870206,219.557,3.1034,F
1609,1,HappyBirthday,1534,365,F,0,0,0.0264817,0,0,F
1609,1,HappyBirthday,1344,2190,F,1,0,0.100767,0.0877119,0,F
1610,1,Births,1579,0,F,0,0,0.0989589,0,0,F
1611,1,HappyBirthday,551,12410.6,M,1,0.0673894,4.20967,0.0610642,21.6816,F
1612,1,HappyBirthday,271,8030.61,F,1,0.53939,1.4149,41.0036,243.643,F
1612,1,HappyBirthday,888,5475.92,M,1,9.71349e-07,8.9195,0.184507,0.000306585,F
1613,1,HappyBirthday,1135,4015,F,1,0.000586485,0.699405,13.2361,0.194281,F
1613,1,HappyBirthday,404,9855.27,M,1,0.170354,4.41266,1171.9,152.452,F
1613,1,HappyBirthday,579,8030.95,F,1,0.000486183,0.972865,2873.44,0.29423,F
1614,1,HappyBirthday,265,29200.8,M,1,0.00120228,0.968218,0.0440604,0.373921,F
1614,1,HappyBirthday,559,23725.8,M,1,0.40904,3.75323,0.0552464,163.47,F
1615,1,HappyBirthday,21,12775,F,1,0,0.537473,0.452581,0,F
1615,1,HappyBirthday,280,9125.34,F,1,0.000610219,1.29785,14.4118,0.190457,F
1615,1,HappyBirthday,1535,365,F,1,0.000308496,0.071864,2156.81,0.783149,F
1615,1,HappyBirthday,1136,4015,F,1,0.0108311,0.312909,20.4299,3.73363,F
1616,1,HappyBirthday,1137,4015,F,1,0.00712625,0.193129,1540.95,2.99867,F
1616,1,HappyBirthday,1048,4745,F,1,0.00282088,2.79074,1905.59,3.0261,F
1616,1,HappyBirthday,1047,4745,M,1,0.559786,0.118749,1246.06,510.831,F
1617,1,HappyBirthday,1346,2190,F,1,3.522e-05,0.409034,12.3185,0.0115038,F
1617,1,HappyBirthday,1093,4380,F,1,0,0.246575,0.791829,0,F
1617,1,HappyBirthday,1221,3285,M,1,0.000429443,0.0490509,0,0.133464,F
1618,1,HappyBirthday,205,17155.7,M,1,0.025428,0.339382,47.7928,8.02044,F
1618,1,HappyBirthday,1483,730,F,1,0.00137155,0.278947,94620.8,9.59094,F
1619,1,Births,1580,0,F,0,0,0.169923,0,0,F
1620,1,HappyBirthday,496,11315.7,F,1,6.10607e-05,0.582262,495.274,0.0219976,F
1620,1,HappyBirthday,1417,1460,F,1,0.0319586,1.74273,28202.9,62.4579,F
1622,1,HappyBirthday,187,11315.8,F,1,0.00305554,1.49846,7438.6,5.77833,F
1622,1,HappyBirthday,518,25550.2,M,1,0.0597877,2.65685,1970.93,21.177,F
1623,1,HappyBirthday,1256,2920,F,1,0.000498663,0.313498,45.296,0.167207,F
1623,1,HappyBirthday,435,17520.9,M,1,0.00507577,1.001,0.161663,1.5814,F
1623,1,HappyBirthday,1049,4745,F,1,0.00370509,0.538444,624.274,3.33537,F
1624,1,HappyBirthday,53,6570.51,M,1,0.000788883,3.65345,191.593,0.36605,F
1624,1,HappyBirthday,83,9490.32,M,1,0.0979501,0.0959404,0.791773,32.1233,F
1624,1,HappyBirthday,380,21535.4,M,1,0.0028981,16.0968,21.1816,0.902107,F
1626,1,HappyBirthday,1379,1825,F,1,0.0521092,6.35508,4081.61,44.8032,F
1626,1,HappyBirthday,763,9490.75,F,1,0.000508229,5.39789,79.7109,0.158154,F
1626,1,HappyBirthday,1222,3285,F,1,0.00827579,9.88804,50.6981,2.77053,F
1626,1,HappyBirthday,939,12045.1,F,1,0.0029433,2.44966,54.5943,0.921682,F
1626,1,Births,1581,0,M,0,0,0.0268837,0,0,F
1627,1,HappyBirthday,1016,5110,F,1,0.000984284,0.315215,400.023,0.490623,F
1627,1,HappyBirthday,1138,4015,F,1,0.114551,0.346558,124.578,38.6202,F
1627,1,HappyBirthday,972,19710.7,M,1,0.000848659,7.25868,0.009333,0.263888,F
1627,1,Births,1582,0,F,0,0,0.0135894,0,0,F
1628,1,HappyBirthday,1050,4745,M,0,0,0.0424036,0,0,F
1628,1,HappyBirthday,218,10950.9,F,1,0.0124649,0.144598,255.54,5.50043,F
1628,1,HappyBirthday,1223,3285,M,1,0.00188604,0.247756,12316.1,7.2566,F
1628,1,HappyBirthday,1484,730,F,0,0,0.0225846,0,0,F
1629,1,HappyBirthday,8,6205.94,F,1,0.000160468,0.13916,6.93648e-07,0.0498894,F
1629,1,HappyBirthday,1486,730,F,1,0.00484927,0.0777313,91.5689,1.59215,F
1629,1,HappyBirthday,383,13140.4,M,1,9.29528e-05,7.91778,19.8097,0.0295814,F
1629,1,HappyBirthday,466,14235.4,F,1,5.69809e-05,0.633456,13262.1,0.243295,F
1629,1,HappyBirthday,1380,1825,M,1,0.010832,2.23041,4700.66,4.23068,F
1629,1,HappyBirthday,1485,730,F,1,0.0129851,0.104013,2244.94,10.6017,F
1630,1,HappyBirthday,371,35405.2,F,1,1.40509e-05,34.4903,0.788587,0.0043476,F
1630,1,HappyBirthday,1347,2190,F,1,0.123826,0.386093,0.0186543,41.0814,F
1630,1,HappyBirthday,1418,1460,M,1,0.0547814,1.28941,22653.1,333.384,F
1631,1,HappyBirthday,7,8030.94,F,1,0.0043123,5.75092,122.953,1.38737,F
1631,1,HappyBirthday,17,28835.2,F,1,0,0.207765,0.0562826,0,F
1631,1,HappyBirthday,707,6205.42,M,1,0.00950387,11.3034,154.4,3.63602,F
1631,1,HappyBirthday,1095,4380,M,1,0.00213925,1.12611,93.9733,0.669496,F
1632,1,HappyBirthday,621,10220.4,M,1,0.0154505,2.14139,12.3465,5.08733,F
1632,1,HappyBirthday,1454,1095,M,1,0.118274,0.191834,69.9461,50.9859,F
1632,1,HappyBirthday,1224,3285,M,1,0.100953,3.37906,39.5654,34.9141,F
1633,1,HappyBirthday,555,18615.8,M,1,2.54301e-05,0.131135,1.13016,0.0079122,F
1634,1,HappyBirthday,986,7665.94,M,1,0.00175584,0.10097,0.001491,0.54604,F
1634,1,HappyBirthday,1419,1460,F,1,0.375144,0.872575,1455.75,427.935,F
1635,1,HappyBirthday,1139,4015,F,1,1.16738e-05,6.04415,34.1767,0.00399545,F
1635,1,HappyBirthday,471,22995.1,M,1,0.00838778,15.6283,393.627,3.94235,F
1635,1,HappyBirthday,1258,2920,M,1,0.118742,0.820882,3005.32,45.0576,F
1636,1,HappyBirthday,1140,4015,M,1,0.0039853,22.49,1425.44,7.62849,F
1636,1,HappyBirthday,1303,2555,M,1,0.000498274,7.2298,2.69352,0.155012,F
1636,1,HappyBirthday,653,12775.4,F,1,0.00112227,4.6489,0,0.349139,F
1637,1,HappyBirthday,221,15695.6,M,1,0.000411307,0.445565,0.0474868,0.127884,F
1637,1,HappyBirthday,1487,730,F,1,0,0.0771186,0,0,F
1637,1,HappyBirthday,871,22995.7,M,1,0.00451817,8.63438,5.06716,1.42573,F
1638,1,HappyBirthday,167,5840.62,M,1,0.0164499,1.78945,295.985,5.26008,F
1638,1,HappyBirthday,687,6205.38,M,1,0.000671691,0.274685,24.581,0.21031,F
1640,1,HappyBirthday,317,25915.8,F,1,7.39999e-06,3.8488,22.065,0.0023616,F
1640,1,HappyBirthday,614,8395.42,M,1,0.00989604,1.38481,24.9547,3.09175,F
1640,1,HappyBirthday,865,14235.2,M,1,0.156772,1.45347,13.927,55.9658,F
1640,1,HappyBirthday,870,5840.03,M,1,0.0595601,1.63341,0.0135976,19.084,F
1640,1,Births,1583,0,F,0,0,0.036457,0,0,F
1641,1,HappyBirthday,421,8395.78,M,1,0.77546,0.731007,265.692,634.792,F
1641,1,HappyBirthday,642,9490.39,M,1,0.000519022,1.11981,1.15955,0.162016,F
1641,1,HappyBirthday,1096,4380,M,1,0.00230273,0.127068,27.0898,0.71735,F
1641,1,HappyBirthday,867,5840.29,F,1,0.00711828,1.41786,0.556521,2.2203,F
1642,1,HappyBirthday,147,8760.34,F,1,0.0518779,2.29403,17.9362,17.3795,F
1642,1,HappyBirthday,542,17520.4,F,1,0.00377189,0.129065,1839.85,1.94202,F
1642,1,HappyBirthday,826,9855.31,F,1,0.00257849,0.0559282,16.2531,0.828235,F
1643,1,HappyBirthday,49,15695.9,M,1,0.000235362,2.86377,46.5147,0.0782828,F
1643,1,HappyBirthday,1420,1460,F,1,0,0.0846021,547.543,0,F
1644,1,HappyBirthday,1304,2555,F,1,0.125241,0.14379,1.26051,41.6724,F
1644,1,HappyBirthday,598,31755.8,F,1,0.0105857,0.941888,54.8882,3.31964,F
1644,1,HappyBirthday,979,10585.2,M,1,0.0201768,0.552287,0.763606,6.34099,F
1645,1,HappyBirthday,332,7665.23,F,1,0.089374,1.05126,120.078,34.2805,F
1645,1,HappyBirthday,343,21900,F,1,0.0764643,0.128792,2.8647,24.7269,F
1645,1,HappyBirthday,1305,2555,M,1,0.163215,0.158146,22.1305,61.5399,F
1645,1,HappyBirthday,1488,730,F,0,0,0.00563354,0,0,F
1646,1,HappyBirthday,69,9490.08,F,1,0.5409,0.420575,0.425487,241.96,F
1646,1,HappyBirthday,537,16790,M,0,0,0.0630846,0,0,F
1646,1,HappyBirthday,824,6935.79,M,1,0.24413,0.757571,1.38641,87.0626,F
1647,1,HappyBirthday,1348,2190,F,1,0.0614252,1.25008,4770.73,20.0303,F
1647,1,HappyBirthday,1349,2190,M,1,0.00148678,0.0425707,0.348443,0.463078,F
1647,1,HappyBirthday,394,16060.1,M,1,0.00716544,1.60676,4090.23,2.61604,F
1648,1,HappyBirthday,1306,2555,M,1,0.000525312,1.58274,1856.97,0.597595,F
1648,1,HappyBirthday,1489,730,F,1,0.879024,0.236077,1448.26,1210.84,F
1649,1,HappyBirthday,1536,365,F,1,0.00293607,0.246149,124.546,1.12416,F
1650,1,HappyBirthday,234,10220.7,M,1,1.21454e-05,14.7113,7.8e-06,0.003795,F
1650,1,HappyBirthday,761,9125.38,M,1,0.000626291,2.36337,1.56e-05,0.194664,F
1650,1,HappyBirthday,1183,3650,F,1,0.00255723,0.664191,120.503,0.898735,F
1651,1,HappyBirthday,1421,1460,M,1,0.000546045,0.108186,17.2436,0.184555,F
1651,1,HappyBirthday,1225,3285,F,1,0.0175769,1.25286,40.6897,6.13274,F
1651,1,HappyBirthday,1260,2920,F,1,0,7.98029,0.120592,0,F
1651,1,HappyBirthday,887,9490.42,M,1,2.3447e-06,1.00209,3466.9,0.0037358,F
1652,1,HappyBirthday,1490,730,F,1,0.487184,0.100701,1111.11,862.692,F
1652,1,HappyBirthday,759,11315.2,M,1,0.0740412,0.678977,1323.53,42.014,F
1653,1,HappyBirthday,412,8395.29,F,1,0.000795476,0.896749,243.303,0.262083,F
1654,1,HappyBirthday,1351,2190,F,1,0.432267,0.0380258,13829.6,835.717,F
1654,1,HappyBirthday,219,8030.89,F,1,0.110125,1.98599,11.6308,36.3111,F
1654,1,HappyBirthday,1052,4745,M,1,0.00561565,5.24023,10342.8,3.568,F
1654,1,HappyBirthday,1350,2190,M,1,0.0482928,0.076591,0.434787,15.4064,F
1654,1,HappyBirthday,581,5475.81,F,1,0.00644164,1.28243,21278.1,35.2717,F
1655,1,HappyBirthday,874,8395.53,F,0,0,0.074642,0,0,F
1656,1,HappyBirthday,1141,4015,M,1,0,0.709771,0.124536,0,F
1656,1,HappyBirthday,1261,2920,F,1,0.00100611,0.349592,7.53162,0.313026,F
1656,1,HappyBirthday,606,5475.46,M,1,0.00118233,0.506812,0.00286218,0.3678,F
1656,1,HappyBirthday,672,9855.78,F,1,0.000698801,0.238446,0.89226,0.217426,F
1656,1,HappyBirthday,853,14600.5,F,1,0.0205578,0.37271,0.108807,6.45563,F
1657,1,HappyBirthday,1307,2555,M,1,0.239265,0.566408,766.591,86.3707,F
1657,1,HappyBirthday,304,19710.7,F,1,0.0201494,0.317768,0.0869788,6.32624,F
1657,1,HappyBirthday,397,12775.9,M,1,0.000211615,0.579273,82.7414,0.0674722,F
1657,1,HappyBirthday,803,9490.71,F,1,0.0655713,0.866734,11.6365,21.0949,F
1657,1,HappyBirthday,882,13505.2,M,1,7.62205e-06,2.27521,1450.59,0.0037296,F
1658,1,HappyBirthday,266,31755.7,M,1,5.39233e-05,3.21721,31.4796,0.0192828,F
1658,1,HappyBirthday,281,7300.23,F,1,0.056236,1.27033,23.5839,19.7451,F
1658,1,HappyBirthday,845,28105.2,F,1,0.000733284,15.1027,0.23949,0.228029,F
1659,1,HappyBirthday,1184,3650,M,0,0,0.17132,0,0,F
1659,1,HappyBirthday,530,13140,F,1,0.123775,0.0984915,7.13375,42.4611,F
1659,1,HappyBirthday,1537,365,M,1,0.00182394,0.0228536,84.5042,0.797642,F
1659,1,HappyBirthday,1538,365,M,1,0.000835116,0.541323,0.164445,0.259771,F
1660,1,HappyBirthday,1262,2920,F,1,0.000557554,1.712,71568.4,1.16501,F
1660,1,HappyBirthday,1539,365,F,1,0.881149,0.385644,130.184,700.27,F
1661,1,HappyBirthday,1491,730,M,1,0.402105,0.189036,8893.96,443.916,F
1661,1,HappyBirthday,177,21900.6,F,1,0.00124091,1.15772,0.0308548,0.385811,F
1661,1,HappyBirthday,1263,2920,F,0,0,0.0699152,0,0,F
1661,1,HappyBirthday,1308,2555,F,1,0.00199239,0.310728,92.4904,0.70482,F
1662,1,HappyBirthday,215,6570.62,M,1,0.00376816,0.36699,4.21257,1.19242,F
1662,1,HappyBirthday,688,15695.7,M,1,0.563923,1.15822,78.9298,258.231,F
1662,1,HappyBirthday,943,6570.66,F,1,0.00943075,0.390662,1259.3,13.8495,F
1663,1,HappyBirthday,42,9855.22,F,1,0.00173275,0.407657,996.565,1.27427,F
1663,1,HappyBirthday,1097,4380,F,1,0.0815948,0.562827,0.92045,26.5502,F
1663,1,HappyBirthday,330,8395.56,F,1,0.00660762,0.754037,82.6034,2.15387,F
1663,1,HappyBirthday,361,6570.04,F,1,0.000397739,2.28009,48.3274,0.132323,F
1663,1,HappyBirthday,1142,4015,M,1,0.0191984,6.97689,2.05279,6.07415,F
1663,1,HappyBirthday,647,9855.68,F,1,0.0544936,1.5738,36.0429,17.4249,F
1664,1,HappyBirthday,1492,730,M,1,0.026266,3.29539,13.7894,8.82139,F
1665,1,HappyBirthday,793,16060.9,M,1,0.000870161,0.445419,0.022128,0.270484,F
1665,1,Births,1584,0,F,0,0,0.164781,0,0,F
1666,1,HappyBirthday,1352,2190,M,1,0.0769981,0.330343,9711.24,139.204,F
1666,1,HappyBirthday,322,28470,M,1,0.11814,2.51962,0.0036884,39.0722,F
1666,1,HappyBirthday,1264,2920,F,1,0.00111383,0.225549,3.80603,0.348858,F
1668,1,Births,1585,0,F,0,0,0.0165052,0,0,F
1670,1,HappyBirthday,1098,4380,M,1,0.0104447,4.0612,716.965,3.54648,F
1671,1,HappyBirthday,1265,2920,M,1,0.000888583,0.50807,8.87194e-05,0.276481,F
1671,1,HappyBirthday,429,9855.88,M,1,0.0411782,1.76097,126.888,13.2446,F
1672,1,HappyBirthday,513,12775.1,F,1,0.000523657,0.943821,0.021165,0.162794,F
1672,1,HappyBirthday,1540,365,M,1,0.89838,0.0435553,60.9084,711.682,F
1672,1,HappyBirthday,907,11315.4,F,1,0.000968218,5.87174,102.956,0.309681,F
1673,1,HappyBirthday,984,13870.5,F,1,0.00279319,4.7354,26.5182,0.898905,F
1673,1,HappyBirthday,1227,3285,M,1,0.000482487,40.5415,0.101019,0.150147,F
1673,1,HappyBirthday,1228,3285,F,1,0.00256888,0.114121,6118.91,3.06442,F
1673,1,HappyBirthday,619,7300.23,M,1,0.000980053,2.35872,0.848493,0.305045,F
1673,1,HappyBirthday,1541,365,F,1,0.00606159,0.114689,0.540012,1.88993,F
1674,1,HappyBirthday,1309,2555,M,1,0.205889,0.321845,86.1924,82.4455,F
1674,1,HappyBirthday,536,34310.4,M,1,0.0166033,22.5687,5.31512,5.21923,F
1674,1,HappyBirthday,1353,2190,F,1,0.0147011,0.028705,97.9744,5.15113,F
1675,1,HappyBirthday,1099,4380,M,1,0.00121656,1.31436,1010.65,0.889388,F
1675,1,HappyBirthday,1542,365,F,1,0.0673701,0.205617,34059.9,24.807,F
1676,1,HappyBirthday,666,5840.8,F,1,0.0765834,0.323839,639.275,24.9015,F
1676,1,HappyBirthday,744,11315.6,M,1,0.0712431,0.155134,0.104647,22.9712,F
1676,1,HappyBirthday,910,8760.32,M,1,0.000757525,0.5117,40.8152,0.278668,F
1677,1,HappyBirthday,1144,4015,M,1,0.000169198,0.352318,26287.6,0.254364,F
1677,1,HappyBirthday,1053,4745,F,1,0.0037687,0.137451,5303.14,1.40732,F
1678,1,HappyBirthday,34,32120.1,M,1,0.000280166,1.8128,1.25567,0.087628,F
1678,1,HappyBirthday,573,6205.03,M,1,0.00282235,3.25864,128.273,1.3828,F
1680,1,HappyBirthday,1019,5110,M,1,0.0030183,1.10154,715.069,1.03818,F
1680,1,HappyBirthday,1422,1460,F,1,0.0343801,3.90305,995.967,27.0394,F
1680,1,HappyBirthday,574,9125.77,F,1,0.00884219,2.30799,0.584036,2.76289,F
1681,1,HappyBirthday,1266,2920,M,1,0.727536,6.35108,85.3453,518.191,F
1681,1,HappyBirthday,1543,365,F,1,0.124248,2.48152,2.65592,41.3944,F
1681,1,HappyBirthday,1544,365,M,1,0.00354089,1.25909,308.881,2.32554,F
1682,1,HappyBirthday,31,21900.3,F,1,0.00218367,14.9765,2.67905,0.682058,F
1682,1,HappyBirthday,1423,1460,F,1,0.00246034,0.264623,43.7714,0.87063,F
1682,1,HappyBirthday,488,32120.7,F,1,0.000217431,0.47475,607.906,0.237041,F
1683,1,HappyBirthday,1186,3650,M,1,0.0143549,1.23112,33.4593,4.50101,F
1683,1,HappyBirthday,1267,2920,M,1,0.635677,1.75286,24.1716,316.631,F
1683,1,HappyBirthday,690,10585.8,M,1,0.172097,1.8159,6.98847,59.1354,F
1683,1,HappyBirthday,1145,4015,F,1,0.0078711,1.13997,156.479,3.01473,F
1683,1,HappyBirthday,1311,2555,F,1,0.0201205,6.12951,74.0475,7.04541,F
1683,1,HappyBirthday,1185,3650,M,1,0.193373,0.342987,62493.8,964.262,F
1684,1,HappyBirthday,1268,2920,F,1,0.00249641,0.048781,0.859503,0.77702,F
1684,1,HappyBirthday,1383,1825,F,1,0.00118053,0.0740415,0.000169911,0.367213,F
1684,1,HappyBirthday,1100,4380,M,1,0.0790808,0.440085,0.315201,25.6026,F
1685,1,HappyBirthday,62,9125.03,M,1,0.0969651,0.719797,0.459302,31.6975,F
1685,1,HappyBirthday,199,14235.4,M,1,0,0.193908,0.0057194,0,F
1685,1,HappyBirthday,396,11315.5,M,1,0.0767729,9.38447,0.251294,24.8512,F
1685,1,HappyBirthday,1312,2555,M,1,0.157226,0.290269,17.3061,53.8823,F
1686,1,HappyBirthday,1313,2555,M,1,0.000873114,0.0184699,0.000201988,0.271315,F
1686,1,HappyBirthday,1101,4380,M,1,0.0120968,0.0638938,251.257,3.85992,F
1686,1,HappyBirthday,1425,1460,M,1,0.795375,1.03318,43.9072,592.894,F
1687,1,HappyBirthday,1269,2920,M,1,0.0355572,2.19182,24.9015,12.4102,F
1688,1,HappyBirthday,325,14600.9,F,1,0.0010014,0.145427,0.289368,0.311419,F
1689,1,HappyBirthday,65,10585.5,F,1,0.000160617,1.92282,91.8381,0.0550238,F
1689,1,HappyBirthday,1270,2920,F,1,0.363364,10.6564,1227.6,448.993,F
1689,1,HappyBirthday,753,5475.89,M,1,0.012987,1.55126,11.9264,4.22574,F
1689,1,Births,1586,0,F,0,0,0.00115796,0,0,F
1690,1,HappyBirthday,257,9490.7,F,1,0.0614753,5.09364,0.208784,19.722,F
1690,1,HappyBirthday,509,21900.9,F,1,0.0891168,0.636127,466.411,78.225,F
1691,1,HappyBirthday,480,6570.93,M,1,0.0170474,4.21285,304.89,5.36637,F
1691,1,HappyBirthday,570,7665.46,M,1,6.50928e-05,10.4116,10.0626,0.0209748,F
1691,1,HappyBirthday,715,13870,M,1,0.0007122,0.892846,139.536,0.256224,F
1691,1,Births,1587,0,M,0,0,0.249768,0,0,F
1692,1,HappyBirthday,1314,2555,F,1,0.00041429,3.79021,570.555,0.234822,F
1692,1,HappyBirthday,1426,1460,F,1,0.00111592,0.103229,0.00146279,0.347064,F
1693,1,HappyBirthday,1493,730,M,1,0.227579,0.416926,718.574,94.279,F
1693,1,HappyBirthday,123,24090.1,F,1,0.270052,0.738797,1479.25,315.611,F
1693,1,HappyBirthday,210,18980.4,F,1,0.000905657,1.05654,0.71702,0.281779,F
1693,1,HappyBirthday,362,12410.6,F,1,0.210907,0.530819,322.199,74.2252,F
1693,1,HappyBirthday,1146,4015,F,1,0.00169404,0.943445,91.2179,0.596853,F
1693,1,HappyBirthday,749,22265.7,M,1,0.0223082,21.3687,36.33,8.26301,F
1693,1,HappyBirthday,990,6205.72,M,1,0.00402491,14.2332,16.3478,1.27762,F
1693,1,Births,1588,0,F,0,0,0.0945544,0,0,F
1694,1,HappyBirthday,11,5840.89,F,1,0.00874367,0.408814,1958.98,3.73164,F
1696,1,HappyBirthday,490,26280.8,M,1,0.0413263,1.28565,374.564,20.7819,F
1696,1,HappyBirthday,1102,4380,F,1,0.0920308,0.0117305,1.10523,30.1703,F
1696,1,HappyBirthday,827,13505.9,F,1,0.00402125,0.688712,64.008,1.26875,F
1697,1,HappyBirthday,82,15695,F,1,3.91165e-05,0.952627,1909.33,0.0966392,F
1697,1,HappyBirthday,213,8760.05,M,1,0.0399084,3.08711,14.6607,12.9825,F
1698,1,HappyBirthday,1456,1095,M,1,0.922657,0.291067,90.8271,842.874,F
1698,1,HappyBirthday,115,15695.6,F,1,0.00637556,0.507029,5.84021,1.99112,F
1698,1,HappyBirthday,820,16790.3,M,0,0,0.111399,0,0,F
1698,1,Births,1589,0,M,0,0,0.680121,0,0,F
1699,1,HappyBirthday,1230,3285,F,1,0.000490394,1.20489,23.0916,0.170006,F
1699,1,HappyBirthday,798,8030.93,M,1,0.0133976,7.55099,5.57059,4.19166,F
1699,1,HappyBirthday,1427,1460,M,1,0.00100786,3.4134,95.7279,0.367229,F
1700,1,HappyBirthday,51,14235.9,F,1,0,7.08327,681.849,0,F
1700,1,HappyBirthday,671,12410.4,M,1,0.000114532,0.547344,357.305,0.0552772,F
1700,1,HappyBirthday,855,26280.7,M,1,0.000418592,1.01629,60220.6,2.74828,F
1700,1,HappyBirthday,1055,4745,F,1,0.000275361,2.00152,1347.14,0.256338,F
1700,1,HappyBirthday,1056,4745,F,1,0.0034169,3.02758,21.661,1.10375,F
1701,1,HappyBirthday,1428,1460,M,1,0.000278475,0.0890375,55171.4,0.345264,F
1701,1,HappyBirthday,1103,4380,F,1,0.0919162,0.0868053,34.5741,35.1885,F
1701,1,HappyBirthday,1057,4745,M,1,0.0457954,0.017375,42.9125,17.4137,F
1701,1,HappyBirthday,957,18250.3,F,1,0.00416252,11.6357,136.203,1.86935,F
1703,1,HappyBirthday,1188,3650,M,1,0.00277293,4.21449,0.0678578,0.862996,F
1704,1,HappyBirthday,197,8395.14,F,0,0,0.0844506,0,0,F
1704,1,HappyBirthday,534,14235.6,F,1,1.07935e-05,2.27653,10.0677,0.003373,F
1704,1,HappyBirthday,767,6205.42,M,1,0.000283574,0.156048,0,0.0881148,F
1705,1,HappyBirthday,5,11680.8,M,1,0.0303049,0.0930273,0.0063108,9.56384,F
1705,1,HappyBirthday,71,10950.1,F,1,0.000924355,0.732273,122.908,0.290152,F
1705,1,HappyBirthday,437,10950.6,F,1,0.00312029,1.37429,1.96e-05,0.971178,F
1706,1,HappyBirthday,1316,2555,F,1,1.00282e-05,0.0426015,195220,0.0992806,F
1706,1,HappyBirthday,885,18615.8,M,1,0.00680254,0.241322,0.0004824,2.12121,F
1706,1,HappyBirthday,1494,730,M,1,0.687459,1.09536,1151.01,392.107,F
1707,1,HappyBirthday,1545,365,M,0,0,0.0469692,0,0,F
1707,1,HappyBirthday,357,5840.92,F,1,0.00338957,0.144335,6.07399,1.05716,F
1707,1,HappyBirthday,725,5840.23,F,1,8.20626e-05,0.736978,751.206,0.029498,F
1708,1,HappyBirthday,1546,365,M,1,0.030304,0.798088,3532.81,9.5898,F
1708,1,HappyBirthday,507,12410.4,M,1,0.0120866,3.23031,63.3747,4.02512,F
1708,1,HappyBirthday,696,5475.67,M,1,0.000637045,0.233597,0.459878,0.198349,F
1708,1,HappyBirthday,782,8760.93,M,1,2.71186e-05,2.53585,0.121211,0.0084232,F
1708,1,HappyBirthday,787,32850.4,M,1,0.00489139,0.180159,1.31387,1.52504,F
1709,1,HappyBirthday,1354,2190,F,1,0.0107928,0.0607786,50773.6,105.998,F
1709,1,HappyBirthday,1020,5110,F,1,0.0035573,0.484515,4.25082,1.10736,F
1709,1,HappyBirthday,1457,1095,M,1,0.750829,0.440897,3224.14,1185.53,F
1710,1,HappyBirthday,1271,2920,M,1,0.00194288,0.17901,36.7814,0.630268,F
1711,1,HappyBirthday,370,7300.81,M,1,0.00469963,1.38143,0.0109859,1.46416,F
1711,1,HappyBirthday,589,20805,M,1,0.00679689,0.2866,0.0034452,2.11963,F
1711,1,HappyBirthday,681,8030,F,1,0,0.267379,2699.28,0,F
1712,1,HappyBirthday,1458,1095,M,1,0.000936058,0.233545,40.5562,0.344494,F
1712,1,Births,1590,0,F,0,0,0.00662137,0,0,F
1713,1,HappyBirthday,1386,1825,F,1,0,0.0416566,0,0,F
1713,1,HappyBirthday,1387,1825,M,1,0.00564181,2.41931,1.57717,1.76292,F
1713,1,Births,1591,0,M,0,0,0.075149,0,0,F
1714,1,HappyBirthday,267,25550.9,M,1,0.00439873,0.474918,10.0741,1.37136,F
1714,1,HappyBirthday,1318,2555,F,1,0.000544084,12.4383,70.9975,0.184414,F
1714,1,HappyBirthday,1058,4745,M,1,0.00101258,0.315365,3284.38,1.55012,F
1715,1,HappyBirthday,1495,730,F,0,0,0.0432044,0,0,F
1716,1,HappyBirthday,1319,2555,M,1,0.010053,0.804416,17762.8,3.31433,F
1716,1,HappyBirthday,1388,1825,F,1,0,0.610554,0.0302663,0,F
1716,1,HappyBirthday,222,13140.5,M,1,7.46839e-06,0.163269,2.2e-06,0.0023094,F
1716,1,HappyBirthday,879,16425.1,F,1,0.000465699,1.80347,0.232611,0.14481,F
1716,1,Births,1592,0,F,0,0,1.0826,0,0,F
1717,1,HappyBirthday,450,14235,M,1,0.00560563,2.11874,0.0015314,1.74714,F
1717,1,HappyBirthday,654,10220.2,M,1,0.107963,24.2288,0.0208068,35.5061,F
1718,1,HappyBirthday,1355,2190,F,1,0.212155,0.384704,1215.66,109.314,F
1718,1,HappyBirthday,1356,2190,M,1,0.731672,0.867887,273.691,893.565,F
1718,1,HappyBirthday,929,9855.52,M,1,0.284936,1.73239,216.641,135.155,F
1719,1,HappyBirthday,260,6570.47,M,1,0.00218047,18.7434,3.06091,0.680708,F
1719,1,HappyBirthday,757,20075.4,M,1,4.94048e-05,14.3415,3632.61,0.0894698,F
1720,1,HappyBirthday,1459,1095,F,0,0,0.0320674,0,0,F
1720,1,HappyBirthday,448,11680.1,M,1,0.271849,0.654448,16.6364,98.616,F
1720,1,HappyBirthday,727,11315.5,F,1,0.000538445,0.280668,2.12e-05,0.167502,F
1720,1,HappyBirthday,1547,365,M,0,0,0.0157006,0,0,F
1720,1,HappyBirthday,987,7665.85,M,1,0.00423606,3.38387,220.981,1.38099,F
1720,1,HappyBirthday,863,7300.01,F,1,0.0645751,1.39023,0.0430151,20.7496,F
1721,1,HappyBirthday,327,10220,F,1,0.00456901,2.20704,839.941,1.45772,F
1721,1,HappyBirthday,1272,2920,M,1,0.00487291,3.84923,68.0388,1.66822,F
1722,1,HappyBirthday,10,30295.2,F,1,0.00081844,0.0334588,0.0003822,0.254646,F
1722,1,HappyBirthday,489,10585.4,M,1,0.000163047,1.27149,921.772,0.058949,F
1722,1,HappyBirthday,1389,1825,F,1,0.204475,1.3603,16424.4,1126.1,F
1722,1,HappyBirthday,1190,3650,M,1,0.0236966,0.626129,9.54717,7.57507,F
1723,1,HappyBirthday,158,7665.46,F,1,1.93898e-05,0.269073,164.281,0.010313,F
1723,1,HappyBirthday,414,18615.8,F,1,0.0255166,0.0991061,43.7708,8.12301,F
1723,1,Births,1593,0,F,0,0,0.00340095,0,0,F
1724,1,HappyBirthday,1390,1825,F,1,0.00275138,44.8222,50.7935,0.920167,F
1724,1,HappyBirthday,447,32850.8,M,1,0.000128252,0.176274,0.0029062,0.0398096,F
1724,1,HappyBirthday,971,8030.64,F,1,0.0087102,4.09557,613.918,4.97004,F
1724,1,HappyBirthday,1496,730,F,0,0,0.00333382,0,0,F
1725,1,HappyBirthday,1357,2190,F,1,0.000147163,0.386815,0.815437,0.0458904,F
1725,1,HappyBirthday,1320,2555,F,1,0.225711,0.322387,51.023,82.2395,F
1725,1,HappyBirthday,1429,1460,F,1,0.274102,2.81766,9777.14,444.916,F
1725,1,HappyBirthday,1548,365,M,1,0.492876,0.273612,78.7605,241.418,F
1725,1,HappyBirthday,899,17155.1,M,0,0,0.102929,0,0,F
1725,1,HappyBirthday,1497,730,M,1,0,0.0186506,11.2124,0,F
1726,1,HappyBirthday,243,16790.2,M,1,9.43181e-06,0.0293779,64049.9,0.0225734,F
1726,1,HappyBirthday,264,10950.1,F,1,2.2274e-06,1.1672,0.0250992,0.0006866,F
1726,1,HappyBirthday,1391,1825,F,0,0,0.0351159,0,0,F
1726,1,HappyBirthday,935,20075.7,F,1,0.00925315,3.53185,123.987,2.9124,F
1726,1,HappyBirthday,1321,2555,F,1,0.00387646,2.98213,0.515326,1.20933,F
1726,1,Births,1594,0,F,0,0,0.00585919,0,0,F
1727,1,HappyBirthday,1191,3650,M,1,0.000246579,1.65059,590.516,0.142732,F
1728,1,HappyBirthday,564,7665.64,F,1,0,3.49751,0.0029976,0,F
1728,1,HappyBirthday,578,5475.66,M,1,0.000161019,3.46197,2.77591,0.0503,F
1728,1,HappyBirthday,1498,730,F,1,0.11224,0.370203,241.272,42.0115,F
1728,1,HappyBirthday,1499,730,M,0,0,0.0189735,0,0,F
1728,1,Births,1595,0,M,0,0,0.00377359,0,0,F
1728,1,Births,1596,0,M,0,0,0.204205,0,0,F
1729,1,HappyBirthday,316,6935.74,M,1,0.0545122,0.638772,1348.24,17.4489,F
1729,1,HappyBirthday,1430,1460,F,1,0.0111324,1.25457,295.991,3.47866,F
1729,1,HappyBirthday,603,20805.2,F,1,0.0042028,0.517253,0.123811,1.30898,F
1729,1,HappyBirthday,676,25550.5,F,1,0.0551824,3.50151,1.70971,17.686,F
1729,1,HappyBirthday,692,8760.51,F,1,0.00280093,17.7144,12.7536,0.919834,F
1729,1,HappyBirthday,1500,730,M,1,0.381748,0.270045,658.288,207.367,F
1730,1,HappyBirthday,1358,2190,M,1,0.0479706,0.144618,9.50775,15.2928,F
1731,1,HappyBirthday,401,8760.19,M,1,0.00529818,3.43384,2183.81,11.9706,F
1732,1,HappyBirthday,277,8395.66,M,1,2.42581e-05,1.34005,35.9521,0.0078736,F
1732,1,HappyBirthday,1274,2920,F,1,0.0883873,0.0794248,27186.8,621.651,F
1733,1,HappyBirthday,345,10950.5,M,1,0.000310881,2.73803,56.7259,0.10503,F
1734,1,HappyBirthday,1231,3285,F,1,0.176868,4.99087,0.555868,60.4981,F
1734,1,HappyBirthday,646,21170.6,F,1,0.000243813,3.71275,550.887,0.0834804,F
1734,1,HappyBirthday,1501,730,F,1,0.00570385,0.407792,0,1.77874,F
1735,1,HappyBirthday,155,13870.3,F,1,0.00148575,1.54013,0.0418534,0.462114,F
1735,1,HappyBirthday,255,5475.06,M,1,0.0400154,12.9235,2.47706,12.7768,F
1735,1,HappyBirthday,379,8030.24,F,1,0.0270936,14.9747,2.57968,8.58083,F
1735,1,HappyBirthday,1106,4380,M,1,0.00475579,0.897963,1182.15,7.30265,F
1736,1,HappyBirthday,377,27740.3,F,1,0.0186309,0.108949,11.5179,5.94735,F
1736,1,HappyBirthday,533,20075.2,M,1,0.0136046,0.0519264,55.4431,4.65953,F
1736,1,HappyBirthday,1502,730,F,1,0.0286764,0.921973,18447.3,193.59,F
1736,1,HappyBirthday,712,12775.6,F,1,0.00255313,0.422568,1269.99,3.86982,F
1736,1,HappyBirthday,1060,4745,M,1,0.0267799,0.662489,0.00578411,8.43643,F
1737,1,HappyBirthday,143,7665,F,1,0.00104121,0.71259,458.809,0.339387,F
1737,1,HappyBirthday,1061,4745,M,0,0,0.0304202,0,0,F
1738,1,HappyBirthday,1062,4745,F,1,0.00617816,25.1661,52.2625,2.3708,F
1738,1,HappyBirthday,1192,3650,F,1,0.0298119,2.53499,19.524,10.0959,F
1738,1,HappyBirthday,1549,365,M,1,0.81007,0.279824,100.936,688.303,F
1738,1,HappyBirthday,645,6935.53,M,1,0.0114651,5.05952,0.00267891,3.58353,F
1738,1,HappyBirthday,890,9490.08,M,1,0.00101934,0.590266,0.356805,0.317571,F
1739,1,HappyBirthday,966,12410.9,F,1,0.0229772,4.28269,3461.81,8.31332,F
1740,1,HappyBirthday,48,7665.78,F,1,0.0825225,0.140807,0.594055,26.7937,F
1740,1,HappyBirthday,1148,4015,F,0,0,0.100522,0,0,F
1740,1,HappyBirthday,936,8030.03,F,1,0.00965392,1.6407,2.71707,3.04297,F
1741,1,HappyBirthday,209,8760.41,F,1,0.0116095,1.18096,0.150323,3.62915,F
1741,1,HappyBirthday,415,5475.92,M,1,0.000306919,0.0364467,85.1862,0.0978996,F
1741,1,HappyBirthday,633,11315.4,M,1,0.10574,4.9233,53.4911,37.114,F
1742,1,HappyBirthday,470,17885,M,1,0.0553552,6.93723,1080.9,45.8974,F
1742,1,HappyBirthday,1550,365,M,1,0.000430466,0.0239972,1.38048e-05,0.133562,F
1742,1,HappyBirthday,1393,1825,F,1,0.0604143,0.673679,66.3065,21.2148,F
1742,1,HappyBirthday,695,26280.5,M,1,0.00343363,6.90143,5.19992,1.06965,F
1743,1,HappyBirthday,165,33945.6,F,1,0.107391,0.712443,17351.6,63.8277,F
1743,1,HappyBirthday,1322,2555,F,1,0.00659237,7.02761,3.61266,2.05628,F
1743,1,HappyBirthday,1431,1460,M,1,0.117831,1.57668,500.151,46.1798,F
1744,1,HappyBirthday,1359,2190,F,1,0,0.103592,0.00688392,0,F
1744,1,HappyBirthday,1551,365,F,1,0.0042361,0.26845,69.6938,1.75674,F
1745,1,HappyBirthday,54,6935.21,M,1,0.000699294,0.346511,8.00473,0.220095,F
1745,1,HappyBirthday,1461,1095,F,0,0,0.0070577,0,0,F
1745,1,HappyBirthday,441,6205.98,F,1,0.000321708,0.235416,849.843,0.114947,F
1745,1,HappyBirthday,1432,1460,M,1,0.111086,0.719809,2.5777,36.6261,F
1747,1,HappyBirthday,684,10220.3,M,1,0.0208797,0.559918,13.8835,6.93186,F
1747,1,HappyBirthday,1552,365,M,1,0.0426936,0.146951,48376.9,58.2889,F
1748,1,HappyBirthday,353,10585.5,F,1,0.000165161,0.73248,148.935,0.0536812,F
1749,1,HappyBirthday,411,12410.1,M,1,0.00638469,0.0871317,0.02279,1.9905,F
1749,1,HappyBirthday,775,25185.6,M,1,0.000245168,2.34991,1342.54,0.492586,F
1750,1,HappyBirthday,296,10220.3,F,1,0.00140989,19.4045,36.1888,0.445536,F
1750,1,HappyBirthday,1433,1460,M,1,0.00325133,0.387214,20.8172,1.10979,F
1750,1,HappyBirthday,717,14235.3,F,1,0.000254065,0.0774198,2.35404,0.0792922,F
1750,1,HappyBirthday,964,11680.9,F,1,7.05935e-05,12.7536,408.693,0.0247124,F
1751,1,HappyBirthday,138,14600.5,M,1,0.0106535,9.26246,2.28337,3.36733,F
1751,1,HappyBirthday,1554,365,F,1,0.571537,0.202975,14481.4,1132.86,F
1751,1,HappyBirthday,1553,365,F,0,0,0.046826,0,0,F
1751,1,HappyBirthday,1149,4015,M,1,0.00159304,1.5952,0.0456081,0.495367,F
1751,1,HappyBirthday,1023,5110,F,1,0.000846249,0.371589,965.429,1.26761,F
1751,1,HappyBirthday,1503,730,F,1,0.0388519,0.50511,66.8791,16.1918,F
1751,1,Births,1597,0,F,0,0,0.0679184,0,0,F
1752,1,HappyBirthday,274,7300.1,M,1,0.061196,0.221559,0.320251,19.6482,F
1752,1,HappyBirthday,1504,730,M,1,9.287e-05,0.689998,4.6422,0.0289251,F
1752,1,HappyBirthday,522,11316,F,1,2.19676e-05,0.0572625,17.9692,0.0070268,F
1752,1,HappyBirthday,783,8030,F,1,0.114635,7.65429,94.0864,43.0459,F
1752,1,HappyBirthday,898,18615.5,F,1,0.000188204,0.962221,7.21701,0.0584972,F
1753,1,HappyBirthday,989,10950.8,M,1,3.91784e-05,7.58934,45.7198,0.0123436,F
1753,1,HappyBirthday,1362,2190,F,1,0.0533292,1.5321,4089.16,197.436,F
1754,1,HappyBirthday,230,22630.9,M,1,0.000208251,1.04231,0.265933,0.0647022,F
1754,1,HappyBirthday,456,22630.5,F,1,0.156981,1.17085,1.59078,53.1698,F
1754,1,HappyBirthday,1025,5110,F,1,0.00957633,0.536577,2.02831,3.0008,F
1754,1,HappyBirthday,544,10220,M,1,0.000952498,1.09945,51.3486,0.339438,F
1755,1,HappyBirthday,1275,2920,F,1,0.110105,0.835868,338.878,38.2281,F
1756,1,HappyBirthday,894,22265.4,M,1,1.79064e-06,5.84084,0.0209982,0.0005594,F
1757,1,HappyBirthday,1063,4745,F,0,0,0.152827,0,0,F
1757,1,HappyBirthday,1394,1825,M,1,0.0206806,0.595753,41.2646,7.6653,F
1758,1,HappyBirthday,1505,730,F,1,0.0114621,1.9273,3763.5,41.8639,F
1758,1,HappyBirthday,858,10585.3,M,1,0.0532918,0.295201,87.3604,17.0636,F
1759,1,HappyBirthday,117,16790.8,M,1,0.000171088,2.57054,31623.4,0.726725,F
1760,1,HappyBirthday,1064,4745,M,1,0.000454538,0.956911,6409.11,0.326771,F
1761,1,HappyBirthday,96,8395.51,F,1,0,0.0705797,0,0,F
1761,1,HappyBirthday,241,12775.9,M,1,0.00441686,1.18632,0.730779,1.37666,F
1761,1,HappyBirthday,1324,2555,M,1,0.0100677,6.0716,0.852693,3.14451,F
1761,1,HappyBirthday,1194,3650,M,1,1.69987e-05,0.709267,14.7635,0.00528809,F
1762,1,HappyBirthday,1150,4015,F,0,0,0.00850334,0,0,F
1762,1,HappyBirthday,991,17520.1,M,1,0.0541972,0.343991,4.32012,17.3412,F
1763,1,HappyBirthday,1111,4380,M,1,0.0255664,0.273261,1792.57,8.32829,F
1763,1,HappyBirthday,1110,4380,F,1,0.000312076,0.399827,1.38681,0.0976282,F
1763,1,HappyBirthday,1506,730,M,1,4.49219e-05,0.205216,189459,0.648242,F
1764,1,HappyBirthday,694,10585.5,F,1,0.068663,64.2597,112.662,22.2279,F
1765,1,HappyBirthday,90,8760.04,M,1,0.109006,5.86998,479.539,106.646,F
1765,1,HappyBirthday,182,9125.16,F,1,0.000174687,12.8285,24.7934,0.0565004,F
1766,1,HappyBirthday,993,12045,F,1,0.0139956,47.0843,883.047,20.1887,F
1766,1,HappyBirthday,1507,730,M,1,0.557165,0.539192,12.3356,258.863,F
1766,1,HappyBirthday,567,27010.8,F,1,0.0015915,1.2479,2.64282,0.501669,F
1766,1,HappyBirthday,1066,4745,F,0,0,0.0473138,0,0,F
1768,1,HappyBirthday,360,17885.3,F,1,0.111814,8.01876,283.989,37.0569,F
1768,1,HappyBirthday,1325,2555,F,1,0.0457898,1.52966,0.432396,14.5661,F
1768,1,HappyBirthday,446,15695.6,M,1,0.0263499,3.219,0.368417,8.30809,F
1768,1,HappyBirthday,481,6205.36,F,1,0.0046862,0.934346,21.4829,1.4683,F
1768,1,HappyBirthday,492,22995.7,F,1,0.000124968,31.399,807.849,0.167684,F
1768,1,HappyBirthday,1026,5110,M,1,0.00638447,1.09931,80.009,2.24904,F
1769,1,Births,1598,0,M,0,0,0.0783469,0,0,F
1770,1,HappyBirthday,1151,4015,M,1,0.0001742,0.655016,248.576,0.10916,F
1771,1,HappyBirthday,1277,2920,F,1,0.000993851,0.117943,512.398,0.309465,F
1771,1,HappyBirthday,1195,3650,F,1,0.108921,0.25371,41.4452,42.5929,F
1771,1,HappyBirthday,1508,730,F,1,0.0465182,3.49256,108.433,16.7717,F
1771,1,HappyBirthday,487,14235.6,M,1,0.000511011,0.935979,457.161,0.274062,F
1771,1,HappyBirthday,644,16425.2,M,1,0.00026511,0.160684,5573.44,1.21314,F
1771,1,HappyBirthday,1067,4745,M,1,6.05308e-05,1.59911,0.0180319,0.0188224,F
1772,1,HappyBirthday,6,8030.05,F,1,0.115396,1.86428,1530.94,39.6948,F
1772,1,HappyBirthday,28,20075.9,F,1,0.00121545,0.724581,1.00215,0.378469,F
1772,1,HappyBirthday,106,10220.7,M,1,0.00138178,0.919057,167.529,0.542285,F
1773,1,HappyBirthday,1555,365,F,1,0.901835,0.0384943,1858.02,985.896,F
1773,1,HappyBirthday,724,10950.3,M,1,0.19477,0.523793,0.350356,67.3696,F
1773,1,HappyBirthday,726,26645.4,M,1,7.7596e-07,3.29174,9.27866,0.0002436,F
1773,1,HappyBirthday,1196,3650,M,1,0.00490429,0.900219,165.466,2.57757,F
1773,1,Births,1599,0,M,0,0,0.0397782,0,0,F
1774,1,HappyBirthday,566,6935.97,F,1,0.000600502,0.255784,1043.16,0.199758,F
1775,1,HappyBirthday,101,6935.16,F,1,0.0285663,0.397953,4.87988,9.0576,F
1775,1,HappyBirthday,1152,4015,F,1,0.00419695,0.164482,8.42427,1.30736,F
1776,1,HappyBirthday,58,17520,M,1,0.142698,1.29804,1.43712,47.85,F
1776,1,HappyBirthday,276,6570.48,F,1,0.0321737,0.165612,468.644,11.6791,F
1776,1,HappyBirthday,736,15330.4,M,1,0.0108925,0.79815,0.0002434,3.40373,F
1776,1,HappyBirthday,873,25915.1,M,1,0.00122756,1.26408,0.0062384,0.381765,F
1778,1,HappyBirthday,1068,4745,M,1,0.0183685,0.379142,1032.63,11.6321,F
1778,1,HappyBirthday,1234,3285,F,1,0.0180886,3.83368,10.7038,5.85724,F
1779,1,HappyBirthday,19,25185.2,M,1,0.000455976,0.5436,3.84293,0.142321,F
1779,1,HappyBirthday,1326,2555,M,1,0.121294,1.99213,5874.05,47.9819,F
1780,1,HappyBirthday,1395,1825,F,1,0.227957,0.838598,15.5736,81.0345,F
1780,1,HappyBirthday,315,16060.2,M,1,0,1.34835,0.963628,0,F
1780,1,HappyBirthday,1278,2920,M,0,0,0.015863,0,0,F
1780,1,HappyBirthday,587,6205.12,M,1,0.000774705,4.65314,9.38983,0.241021,F
1780,1,HappyBirthday,1279,2920,F,1,0.000137527,0.447463,0,0.0427271,F
1780,1,HappyBirthday,678,5840.61,F,1,0.0388532,7.03879,0.0215222,12.3148,F
1780,1,HappyBirthday,1509,730,M,1,0.000977513,0.321966,65789.3,10.4159,F
1780,1,HappyBirthday,926,36135.5,F,1,0.00484377,0.312483,17.4251,1.57384,F
1781,1,HappyBirthday,44,21900,F,1,0.0984487,0.609141,54.2727,32.427,F
1781,1,HappyBirthday,284,17520.6,F,1,0.00233489,0.324596,150.406,0.737794,F
1781,1,HappyBirthday,1463,1095,M,1,0.00769036,0.0889114,36.7624,2.53274,F
1781,1,Births,1600,0,M,0,0,0.0181635,0,0,F
1782,1,HappyBirthday,1197,3650,F,1,0.00302139,2.75878,1109.15,4.62175,F
1782,1,HappyBirthday,214,6935.02,M,1,0.000371965,4.48057,0.10478,0.11568,F
1782,1,HappyBirthday,732,6205.9,F,1,0.000349731,14.2766,4.26202,0.108798,F
1782,1,Births,1601,0,M,0,0,0.003692,0,0,F
1783,1,HappyBirthday,503,7665.92,F,1,0.000879279,3.27588,53.5838,0.290827,F
1783,1,HappyBirthday,721,10220.8,M,1,0.000111053,1.13724,884.88,0.0785634,F
1784,1,HappyBirthday,154,21900.4,M,1,0.0013718,31.1373,79.2708,0.473963,F
1784,1,HappyBirthday,1434,1460,M,1,0.0329589,0.688641,1611.78,34.0108,F
1785,1,HappyBirthday,988,7300.91,M,1,0.0509633,0.0368743,204.444,16.3309,F
1786,1,HappyBirthday,1198,3650,M,1,0.000193237,0.333118,3676.52,0.730102,F
1786,1,HappyBirthday,1363,2190,M,1,0.00114898,0.950035,25.7983,0.372529,F
1787,1,HappyBirthday,1153,4015,F,1,0.0834311,0.109207,89.2551,31.0128,F
1787,1,HappyBirthday,1154,4015,M,1,0.0310089,0.595926,12.4626,9.80799,F
1787,1,HappyBirthday,620,8395.57,F,1,0.0120452,0.644829,2.67028,3.76678,F
1787,1,HappyBirthday,751,6205.67,F,1,0.0748317,0.283457,7.78622,24.1717,F
1788,1,HappyBirthday,1510,730,F,1,0.0181103,0.0107034,75.9724,5.67986,F
1788,1,HappyBirthday,502,8395.12,F,1,2.40299e-06,0.140806,8.68177,0.0007564,F
1788,1,HappyBirthday,1396,1825,M,1,0.0872723,0.913071,892.339,45.0342,F
1788,1,HappyBirthday,1435,1460,M,1,0.0680679,5.06967,62.5475,24.146,F
1788,1,HappyBirthday,1237,3285,M,1,0.009301,1.93221,0.412749,2.90494,F
1789,1,HappyBirthday,9,7665.07,F,1,0.015439,1.27159,25.6485,5.02261,F
1790,1,HappyBirthday,1199,3650,M,1,0,0.455714,13.9678,0,F
1790,1,HappyBirthday,612,35770.2,M,1,0.492226,0.667963,0.775076,210.748,F
1790,1,HappyBirthday,648,17885.7,M,1,5.18082e-05,0.879121,17073,0.245989,F
1790,1,HappyBirthday,930,11315.3,F,1,0.00378718,0.231949,103.59,1.32544,F
1791,1,HappyBirthday,3,6935.02,M,1,0.0412162,9.68899,732.992,27.4758,F
1791,1,HappyBirthday,680,5475.79,F,1,0.0154631,0.944742,29.6936,5.08912,F
1792,1,HappyBirthday,529,9855.31,F,1,0.0702424,7.38392,0.101373,22.6363,F
1792,1,HappyBirthday,607,16790,F,1,0.00252995,2.31343,4.22812,0.788104,F
1792,1,HappyBirthday,1464,1095,M,1,0.355465,0.26924,1153.06,562.684,F
1792,1,HappyBirthday,938,7300.77,M,1,0.0298102,0.291245,1030.23,23.0929,F
1793,1,HappyBirthday,1112,4380,M,1,7.35813e-07,0.133772,11565.4,0.00267051,F
1793,1,HappyBirthday,1069,4745,M,1,0.000333624,1.51153,0.131463,0.103612,F
1795,1,HappyBirthday,189,17520,M,1,0.000444628,0.405637,209.926,0.141535,F
1795,1,HappyBirthday,236,9125.29,M,1,0,0.0959264,0.009,0,F
1795,1,HappyBirthday,356,9125.76,F,1,0.030361,0.50274,4.67826,9.64825,F
1795,1,HappyBirthday,1556,365,M,1,0.310741,0.124344,1462.35,514.018,F
1795,1,HappyBirthday,978,11680.9,F,1,0.0356422,0.972817,238.097,11.4016,F
1796,1,HappyBirthday,720,22265,F,1,0.00176225,0.46127,0.0005798,0.54821,F
1797,1,HappyBirthday,1397,1825,M,0,0,0.0287473,0,0,F
1797,1,HappyBirthday,1238,3285,M,1,0.290375,0.0482283,4.12677,107.206,F
1797,1,HappyBirthday,382,9855.44,M,1,0.00899448,1.48563,0.617789,2.80952,F
1797,1,HappyBirthday,952,6570.21,M,1,0.0138298,1.0031,1043.58,11.076,F
1798,1,HappyBirthday,81,25915.2,M,1,0.775673,4.95453,0.738591,464.717,F
1798,1,HappyBirthday,442,7300.66,F,1,0.080266,1.63971,7.55765,26.2995,F
1798,1,HappyBirthday,1557,365,F,0,0,0.0155576,0,0,F
1798,1,HappyBirthday,739,6935.78,M,1,9.74541e-05,0.698977,435.46,0.0501495,F
1798,1,HappyBirthday,755,34675.6,M,1,0.126052,0.0565291,992.019,43.0144,F
1798,1,HappyBirthday,830,18615,F,1,8.29915e-05,11.693,20.7269,0.026371,F
1799,1,HappyBirthday,161,5840.01,F,1,0.000124803,3.18771,0.0547418,0.0387277,F
1799,1,HappyBirthday,275,27740.7,F,1,0.160536,0.306086,0.235075,54.3832,F
1799,1,HappyBirthday,1436,1460,M,1,0.536128,0.748056,6.51565,240.249,F
1800,1,HappyBirthday,208,7300.69,M,1,0.00167427,0.319143,7.51705,0.528379,F
1800,1,HappyBirthday,1027,5110,F,1,1.12666e-05,0.523953,622.58,0.0134645,F
1800,1,HappyBirthday,864,19710.6,M,1,6.45452e-05,1.75032,47197,0.314422,F
1801,1,HappyBirthday,511,17155.3,M,1,0.00401457,0.12785,183.315,1.31999,F
1802,1,HappyBirthday,16,6935.67,M,1,0.766566,0.729625,45.3031,493.026,F
1802,1,HappyBirthday,491,20440.9,F,1,0.0166748,0.192498,1428.13,26.9916,F
1802,1,HappyBirthday,1239,3285,F,1,0.0041198,0.0624394,23.1706,1.31009,F
1802,1,HappyBirthday,1398,1825,F,1,0.000141951,0.124493,1145.35,0.124924,F
1803,1,HappyBirthday,120,5475.76,M,1,5.92219e-05,0.36558,1556.98,0.126358,F
1803,1,HappyBirthday,298,5475.4,M,1,0.029215,1.15721,30.6567,10.3577,F
1803,1,HappyBirthday,405,6935.27,M,1,0.0127368,0.143179,133.71,4.53518,F
1803,1,HappyBirthday,777,11315.5,M,1,0.00048937,17.4892,1.03357,0.152448,F
1803,1,HappyBirthday,1465,1095,M,1,0.135424,0.208373,71772.2,1429.05,F
1804,1,HappyBirthday,980,8030.57,F,1,0.00190976,21.1024,0.53639,0.594606,F
1804,1,HappyBirthday,1281,2920,M,1,0.0677105,0.244612,16.5065,21.9528,F
1805,1,HappyBirthday,590,28835.7,M,1,0.0210979,1.30081,2192.22,22.6562,F
1805,1,HappyBirthday,1466,1095,M,1,0.378894,0.158354,22.3277,160.094,F
1806,1,HappyBirthday,1072,4745,F,1,0.00685247,0.674892,3.78757,2.15061,F
1806,1,HappyBirthday,828,8030.03,F,1,4.41623e-05,3.24931,1100.13,0.0345954,F
1806,1,HappyBirthday,1073,4745,F,1,0.00188521,2.22018,40.1941,0.619905,F
1808,1,HappyBirthday,1201,3650,M,1,0.00408019,0.980651,13200.9,1.8624,F
1808,1,HappyBirthday,1399,1825,F,1,0.082934,0.0532653,13.0183,28.6742,F
1809,1,HappyBirthday,1202,3650,F,1,0.0013137,17.6266,13.8419,0.411595,F
1809,1,HappyBirthday,1327,2555,F,1,0.142856,0.505509,1120.74,58.5329,F
1810,1,HappyBirthday,1028,5110,F,1,0.0122055,72.8266,200.001,4.95046,F
1810,1,HappyBirthday,1029,5110,M,1,0.00133725,17.2474,8.64808,0.417699,F
1810,1,HappyBirthday,335,5840.3,M,1,0.0132327,0.175734,23.7021,4.63417,F
1811,1,HappyBirthday,413,9125.61,F,1,0.00110894,1.044,45.901,0.345969,F
1811,1,HappyBirthday,417,11680,M,1,0.354383,0.112014,194.752,136.969,F
1811,1,HappyBirthday,1155,4015,M,1,2.56129e-05,2.90554,33.4519,0.00870231,F
1811,1,HappyBirthday,969,13870.7,M,1,0.00963482,0.615674,31256.9,7.40065,F
1812,1,HappyBirthday,438,9490.04,M,1,0.000461313,5.59313,250.169,0.14622,F
1813,1,HappyBirthday,1240,3285,F,1,0.00413465,0.054923,55.2453,1.40993,F
1813,1,HappyBirthday,263,25915.3,F,1,0.00132863,1.87794,149.812,0.422908,F
1813,1,HappyBirthday,931,11680.1,M,1,0.000145079,0.133772,0.71059,0.045124,F
1814,1,HappyBirthday,1559,365,M,1,0.00174952,0.894782,0.274033,0.544092,F
1814,1,HappyBirthday,1328,2555,F,1,0.159593,0.662502,6.41376,55.7807,F
1814,1,HappyBirthday,897,24820.9,F,1,4.16961e-05,9.92545,4.73522,0.0130626,F
1815,1,HappyBirthday,722,28105.9,F,1,2.14117e-05,0.0203575,0.414344,0.006649,F
1816,1,HappyBirthday,1512,730,M,1,0.186984,1.72986,181.016,84.2799,F
1816,1,HappyBirthday,1156,4015,M,1,0.0183395,1.79522,0.256672,5.75249,F
1816,1,HappyBirthday,1511,730,F,1,0.256561,0.033126,24645.7,1170.95,F
1817,1,HappyBirthday,1031,5110,F,1,0.0236026,0.278841,76.1403,7.69834,F
1817,1,HappyBirthday,504,6935.46,F,1,0.0110122,0.124981,5.37248,3.53449,F
1817,1,Births,1602,0,F,0,0,0.476586,0,0,F
1820,1,HappyBirthday,1115,4380,M,1,0.0106737,1.94056,0.320271,3.33964,F
1820,1,HappyBirthday,765,16790.7,F,1,0.00317216,0.269956,2858.98,0.989142,F
1820,1,HappyBirthday,1365,2190,F,1,0.00386851,0.064631,5.08172,1.20471,F
1821,1,HappyBirthday,1437,1460,M,1,0.000769552,0.685435,13072.5,0.564445,F
1822,1,HappyBirthday,226,19710.5,M,1,0.00026758,0.989687,114.804,0.0869284,F
1822,1,HappyBirthday,400,7300.56,M,1,0.0041944,0.0276221,37.361,1.39515,F
1822,1,HappyBirthday,1438,1460,M,1,0.263207,0.393402,3427.66,109.281,F
1823,1,HappyBirthday,1159,4015,F,1,0.00573118,1.46188,3514.08,4.28194,F
1823,1,HappyBirthday,1074,4745,M,1,0.000384272,0.255177,25.0585,0.133078,F
1823,1,HappyBirthday,750,5475.65,F,1,9.2476e-05,0.233485,35531,0.56288,F
1823,1,HappyBirthday,1158,4015,F,1,0.133946,0.634442,43.3172,44.835,F
1823,1,HappyBirthday,1204,3650,F,1,0.00598869,1.89962,0.147907,1.86784,F
1823,1,Births,1603,0,M,0,0,0.0131122,0,0,F
1824,1,HappyBirthday,985,17885.2,M,1,0.0209784,7.43113,0.0728938,6.58928,F
1824,1,HappyBirthday,1283,2920,M,1,0.135186,0.045649,115.199,45.1402,F
1824,1,HappyBirthday,1284,2920,M,1,0,1.44163,11.9457,0,F
1824,1,HappyBirthday,1075,4745,M,1,0.0102588,3.15751,419.14,3.3721,F
1824,1,HappyBirthday,1285,2920,F,1,0.00200631,0.754857,2676.1,0.684333,F
1824,1,HappyBirthday,1329,2555,M,1,0.196768,0.867383,2864.82,310.085,F
