Time,Node_ID,Event_Name,Individual_ID,Age,Gender,Infected,Infectiousness,RelativeBitingRate,TrueParasiteDensity,TrueGametocyteDensity,HasClinicalSymptoms
1,1,HappyBirthday,499,8030.35,M,1,0.138655,9.46311,4345.59,47.9695,F
1,1,HappyBirthday,1223,1095,M,1,0.03385,13.1414,9461.37,16.3796,F
2,1,HappyBirthday,51,4745.45,F,1,0.00195413,2.05522,25.5763,0.631971,F
2,1,HappyBirthday,453,13870.9,M,1,0.00533795,10.6249,10.0053,1.732,F
2,1,HappyBirthday,1224,1095,F,1,0.599059,0.461099,21465.5,774.722,F
2,1,HappyBirthday,898,8395.72,M,1,0.118501,1.25626,0.105557,39.2083,F
4,1,HappyBirthday,52,19345.1,M,1,7.40886e-06,0.191369,1547.49,0.0051808,F
4,1,HappyBirthday,1257,730,F,1,0.0739474,0.251389,12504.4,72.3033,F
4,1,HappyBirthday,877,11315.9,F,1,0.026735,0.291328,109.247,8.61383,F
5,1,HappyBirthday,585,22630.6,M,1,0.00460091,0.568035,22.7575,1.51845,F
5,1,HappyBirthday,1127,2190,M,1,0.248999,0.429777,366.806,89.6823,F
6,1,HappyBirthday,565,12775.8,M,1,1.03866e-05,1.22367,9.44538,0.003278,F
6,1,HappyBirthday,613,4745.49,M,1,0.0118143,27.7291,42.8494,3.73811,F
6,1,HappyBirthday,876,23360.2,F,1,0.00072,0.276044,0.378586,0.224056,F
7,1,HappyBirthday,1128,2190,F,1,0.00206024,1.83517,106.148,0.721229,F
7,1,HappyBirthday,371,10220.2,M,0,0,0.0443397,0,0,F
7,1,HappyBirthday,1094,2555,F,1,0.000843252,0.196039,0.580457,0.26255,F
7,1,HappyBirthday,858,22630.3,F,1,0.0192603,0.0965944,2.01265,6.06422,F
7,1,HappyBirthday,880,4380.62,F,1,0.00755995,1.12718,1.91621,2.361,F
7,1,HappyBirthday,908,13505.5,M,1,0.00014417,2.37907,49311.4,1.33254,F
8,1,HappyBirthday,178,9855.04,M,1,0.00447315,1.0708,126.738,1.54859,F
8,1,HappyBirthday,624,14235.1,F,1,0.00769613,11.3862,46.4807,2.40079,F
8,1,HappyBirthday,1306,365,F,1,0.571348,0.0463879,450.73,318.991,F
9,1,HappyBirthday,182,6570.67,F,1,0.00105023,0.737999,24.2608,0.332447,F
9,1,HappyBirthday,1225,1095,F,1,0.000547096,1.05394,141.9,0.24234,F
9,1,HappyBirthday,546,7300.69,F,1,0.00804219,5.04412,15.3989,2.51935,F
10,1,HappyBirthday,1095,2555,M,1,0.0585381,0.337609,0.179432,18.7462,F
11,1,HappyBirthday,24,4745.69,M,1,0.49101,0.291232,10306.4,505.627,F
11,1,HappyBirthday,38,10950.1,F,1,0,0.210567,33.6823,0,F
11,1,HappyBirthday,377,10585.6,M,1,0,3.20113,0,0,F
12,1,HappyBirthday,56,6570.57,F,1,0.00892697,0.497624,3.44356,2.80074,F
12,1,HappyBirthday,1226,1095,M,1,0.125146,11.5321,170471,1461.33,F
12,1,HappyBirthday,434,22630.6,F,1,0.00833656,4.40668,0.0134774,2.60156,F
12,1,HappyBirthday,596,12045.6,F,1,0.00284868,0.149872,0.132149,0.886632,F
13,1,HappyBirthday,287,4380.24,F,1,0.574667,0.904467,28.9633,271.112,F
14,1,HappyBirthday,1063,2920,F,1,0.00573206,7.53587,2806.96,2.63585,F
14,1,HappyBirthday,449,5110.63,F,1,0.0122662,0.804507,1936.83,28.5132,F
14,1,HappyBirthday,581,14965.6,M,1,0.00515645,0.391914,2645.7,1.60847,F
15,1,HappyBirthday,586,20075.2,F,0,0,0.221211,0,0,F
16,1,HappyBirthday,1227,1095,M,1,0.473249,0.909132,25.8287,213.331,F
16,1,HappyBirthday,928,4380.58,M,1,0.000537967,0.749337,1.43666,0.168223,F
17,1,HappyBirthday,464,9125.8,M,1,0.119274,0.615418,4.47422,39.4823,F
17,1,HappyBirthday,806,29200.9,M,1,0.0361676,3.57311,5.26944,11.4483,F
17,1,HappyBirthday,1002,3650,M,1,0.00443767,1.2282,0.172148,1.38229,F
18,1,HappyBirthday,639,11680.3,F,1,1.32051e-05,2.15154,0.0216854,0.004098,F
18,1,HappyBirthday,666,20440.6,F,1,0.00622667,0.845877,272.57,2.6739,F
18,1,HappyBirthday,825,8760.23,F,0,0,0.201336,0,0,F
19,1,HappyBirthday,122,18250.1,M,1,0.000463223,0.3827,27.5953,0.160042,F
19,1,HappyBirthday,1307,365,M,1,0.435185,1.925,79.6325,203.021,F
19,1,HappyBirthday,616,17155.2,M,1,0.00736593,2.62631,5396.32,16.6362,F
19,1,HappyBirthday,1155,1825,M,0,0,0.0139919,0,0,F
21,1,HappyBirthday,68,9855.89,M,1,0.00794221,4.08185,123.045,2.48947,F
21,1,HappyBirthday,127,8760.58,F,1,0.00249321,1.40562,0.0040704,0.77571,F
22,1,HappyBirthday,509,9125.95,M,1,0.313509,1.68677,796.085,239.89,F
22,1,HappyBirthday,710,4380.96,M,0,0,0.289601,0,0,F
22,1,HappyBirthday,821,6205.9,F,1,0.403303,1.78804,78.2356,162.439,F
23,1,HappyBirthday,573,15330.1,M,1,0.00252392,1.09043,7.68978,0.815661,F
24,1,HappyBirthday,55,12045.2,M,1,0.00129964,4.28632,0.407838,0.404695,F
24,1,HappyBirthday,158,8395.27,F,1,0.0993026,10.6994,10312.9,289.766,F
24,1,HappyBirthday,454,7665.67,M,1,0,1.06401,0.0247594,0,F
25,1,HappyBirthday,1064,2920,M,1,5.97851e-05,3.32741,38.3645,0.0198658,F
25,1,HappyBirthday,426,14965.5,F,1,0.055349,1.58321,53.753,21.9402,F
25,1,HappyBirthday,642,9490.28,M,1,0.00529249,5.48547,0.175407,1.64991,F
25,1,HappyBirthday,883,20440.3,F,1,7.29956e-05,0.419093,4411.04,0.0235698,F
26,1,HappyBirthday,548,11680.6,F,1,0.0049136,1.10175,0.0002148,1.531,F
27,1,HappyBirthday,1065,2920,M,0,0,0.0675443,0,0,F
27,1,HappyBirthday,1193,1460,M,1,0.000795432,0.168253,2.00088e-05,0.247385,F
27,1,HappyBirthday,950,5110.25,M,1,0.0391263,0.0959589,0.0337802,12.4043,F
28,1,HappyBirthday,164,8030.18,F,1,0.00494027,0.126385,0.088194,1.53939,F
28,1,Births,1343,0,M,0,0,0.00522976,0,0,F
29,1,HappyBirthday,486,14235,F,1,4.81389e-05,0.777209,4265.28,0.165242,F
29,1,HappyBirthday,778,9855.42,M,1,2.83184e-05,0.990994,4.61565,0.008891,F
30,1,HappyBirthday,1000,9855.48,M,1,0.00110973,0.174855,38.4622,0.362928,F
30,1,HappyBirthday,673,4745.29,F,1,0.00385641,1.25369,9.2329,1.22223,F
31,1,HappyBirthday,495,20440.9,M,1,0.00212593,1.0424,0.001704,0.661656,F
31,1,HappyBirthday,717,18980.1,M,1,0.000138777,0.880739,0.0012262,0.0431028,F
32,1,HappyBirthday,1194,1460,M,0,0,0.179225,0,0,F
34,1,HappyBirthday,569,17885.3,M,1,0.41333,1.91413,4.18534,168.568,F
34,1,HappyBirthday,654,4745.64,M,1,0.0130488,1.57048,699.15,14.2236,F
34,1,HappyBirthday,703,5110.11,M,1,0.000523174,7.81647,6.97812,0.164597,F
34,1,HappyBirthday,762,19345.8,F,1,0.0102627,20.623,3.41987,3.21184,F
35,1,HappyBirthday,134,18250.8,M,1,0.00130604,0.363436,0.264558,0.406301,F
35,1,HappyBirthday,1031,3285,F,1,2.64794e-05,1.26106,4.82231,0.0083248,F
36,1,HappyBirthday,1156,1825,F,1,4.0512e-05,1.07419,10069.3,0.291274,F
36,1,HappyBirthday,1258,730,F,1,0.14163,0.796413,63925,1457.98,F
37,1,HappyBirthday,1308,365,F,0,0,0.0441042,0,0,F
37,1,HappyBirthday,105,8030.89,F,1,0.00177492,4.2097,2706.99,0.620726,F
37,1,HappyBirthday,335,5475.22,M,1,0.00189184,0.250718,665.96,1.07328,F
38,1,HappyBirthday,1228,1095,F,1,0,0.0407287,0,0,F
38,1,HappyBirthday,374,13870.6,F,1,0.00656585,0.281854,0.0015092,2.04715,F
38,1,HappyBirthday,544,27740,F,1,9.81457e-05,0.115318,0,0.0305542,F
38,1,HappyBirthday,1067,2920,M,1,0.158942,5.42006,1.60001,54.0052,F
38,1,HappyBirthday,751,8760.6,F,1,0.00497442,6.02291,104.717,1.63026,F
39,1,HappyBirthday,226,10220.2,F,1,0.00304019,0.14801,1.48257,0.946199,F
39,1,HappyBirthday,670,18250.4,M,1,0.0010902,2.34045,0.009857,0.339184,F
40,1,Births,1344,0,F,0,0,0.37049,0,0,F
41,1,HappyBirthday,252,8760.4,M,1,5.27156e-05,0.69802,13.0601,0.0174436,F
41,1,HappyBirthday,350,29565.8,F,1,0.0791328,0.802386,9.97822,26.0047,F
41,1,HappyBirthday,1131,2190,F,1,0.0416548,0.0444049,6.65816,13.3704,F
41,1,HappyBirthday,503,8030.7,M,1,9.75544e-05,2.33427,8.26449,0.0307086,F
42,1,HappyBirthday,1195,1460,F,1,0.000165596,0.43816,0,0.0514862,F
42,1,HappyBirthday,84,24090.6,F,1,0.006066,0.557929,0.0056098,1.89042,F
44,1,HappyBirthday,1032,3285,M,1,0.000733857,1.75015,5977.16,1.79144,F
47,1,HappyBirthday,1229,1095,M,1,0.00383499,1.66322,6.38422,1.20011,F
48,1,HappyBirthday,224,6205.83,F,1,0.00168867,0.38829,233.937,0.585003,F
49,1,HappyBirthday,98,13870.6,M,0,0,0.412946,0,0,F
49,1,HappyBirthday,1033,3285,M,1,0.000793914,0.337509,5.56102,0.248368,F
49,1,HappyBirthday,822,9855.71,F,1,0.00209801,3.5761,14.258,0.655409,F
50,1,HappyBirthday,1004,3650,F,1,0.00196724,0.0368701,0.278045,0.61238,F
50,1,HappyBirthday,942,10950.4,F,1,0.0781517,0.72685,1.88552,25.4348,F
51,1,HappyBirthday,154,11680.8,M,1,0.000411478,1.17369,9.4e-06,0.127927,F
51,1,HappyBirthday,357,18980.7,F,1,0.0381926,0.186437,1098.13,28.4141,F
51,1,HappyBirthday,724,19710.6,M,1,0.00110955,3.18799,1358.85,0.510391,F
51,1,HappyBirthday,1096,2555,M,1,2.28935e-06,0.428754,92094.3,0.031312,F
52,1,HappyBirthday,63,23360.8,M,1,0.00149883,0.075766,2.16168,0.466339,F
52,1,HappyBirthday,1196,1460,M,1,4.88804e-06,1.85162,42164.5,0.00554244,F
52,1,HappyBirthday,318,10950.6,M,1,0.00056282,1.5842,6e-06,0.174961,F
53,1,HappyBirthday,1157,1825,F,1,0.0789061,0.4242,136.605,34.9897,F
53,1,HappyBirthday,808,4015.44,M,1,3.28988e-05,1.19054,63435.9,0.112804,F
54,1,HappyBirthday,417,16060.6,M,1,0.000952264,3.27184,1.34886,0.29603,F
55,1,HappyBirthday,857,10950.8,F,1,0.00411645,0.138449,19.6741,1.31084,F
56,1,HappyBirthday,1006,3650,M,1,0.019388,0.524049,13.1149,6.34621,F
56,1,HappyBirthday,163,9490.15,F,1,0.14056,5.53469,21.0212,51.937,F
56,1,HappyBirthday,450,10950.1,F,1,0.179221,1.06965,43.7814,63.5317,F
56,1,HappyBirthday,681,9490.17,F,1,4.7089e-06,0.879999,10.7588,0.0014804,F
59,1,HappyBirthday,200,17155.2,F,1,0.00022475,0.561319,1.4e-06,0.0697356,F
59,1,HappyBirthday,604,12410.2,M,1,0.000357273,3.08119,17.6472,0.118379,F
59,1,HappyBirthday,1259,730,M,1,0.00077421,16.2434,4879.82,1.34521,F
59,1,HappyBirthday,980,23360.6,M,1,0.000701785,0.0390586,22.8533,0.22468,F
60,1,HappyBirthday,368,7665.08,F,1,1.24204e-05,0.601862,8099.45,0.0378504,F
62,1,HappyBirthday,1260,730,F,1,0,0.476777,18458.3,0,F
62,1,HappyBirthday,436,15330.7,M,1,0.000370697,0.150806,7.62e-05,0.11531,F
62,1,HappyBirthday,989,17885.7,F,1,0.000898881,1.79246,0.0525756,0.279584,F
62,1,HappyBirthday,729,4380.49,M,1,0.0238222,1.34822,0.556195,7.49394,F
62,1,HappyBirthday,775,7300.49,M,1,0.000390492,2.208,1.20008e-06,0.121355,F
63,1,HappyBirthday,209,4380.62,M,1,2.65877e-05,0.186748,8.60688,0.00858844,F
64,1,HappyBirthday,159,10585.6,F,1,0.184543,1.34574,19.2044,65.0795,F
64,1,HappyBirthday,230,29200,M,1,0,0.939963,0,0,F
64,1,HappyBirthday,655,11315.7,M,1,4.72154e-05,0.461122,0.000234,0.0146714,F
64,1,HappyBirthday,1098,2555,F,1,5.82759e-05,0.0379088,0.0936698,0.0180222,F
64,1,HappyBirthday,772,8030.07,M,1,0.000103038,1.82012,608.461,0.112198,F
65,1,HappyBirthday,25,9125.9,F,1,0.000292799,2.20949,2159.02,0.351311,F
65,1,HappyBirthday,232,11315.4,F,1,0.000124259,6.37048,20.1333,0.04164,F
65,1,HappyBirthday,513,20075,F,1,0.00160206,0.188136,43.1694,0.533717,F
65,1,HappyBirthday,874,12775.9,M,0,0,0.0123099,0,0,F
66,1,HappyBirthday,45,11315.7,F,0,0,0.455641,0,0,F
66,1,HappyBirthday,57,4745.97,F,0,0,0.396553,0,0,F
66,1,HappyBirthday,93,6570.85,F,1,0.0151432,6.33887,72.9617,6.43027,F
66,1,HappyBirthday,1099,2555,F,1,0.00157996,0.497819,36.7164,0.50927,F
66,1,HappyBirthday,445,4745.18,F,1,0.161482,2.99025,8.10646,54.8371,F
66,1,HappyBirthday,579,17885.9,F,1,0.0220176,0.4109,45.808,7.46298,F
67,1,HappyBirthday,64,11315.8,F,1,0.000935998,0.204112,20.1408,0.298489,F
67,1,HappyBirthday,90,5475.18,F,1,0.0106512,7.10376,4.81824,3.33763,F
67,1,HappyBirthday,761,17885.1,M,1,0.00341176,3.15808,1008.15,5.09012,F
68,1,HappyBirthday,1158,1825,F,1,0.00257656,0.686428,32.6677,0.865924,F
69,1,HappyBirthday,602,4745.3,F,1,0.419062,1.66839,141.255,169.838,F
69,1,HappyBirthday,910,8030.56,M,1,1.00228e-06,0.407212,177.082,0.0003938,F
70,1,HappyBirthday,1068,2920,F,1,0.0011029,1.02037,112.806,0.399163,F
71,1,HappyBirthday,1261,730,F,1,0.00609786,1.37205,43.4945,2.30686,F
71,1,HappyBirthday,1035,3285,M,1,0.19548,0.319582,966.521,75.8468,F
71,1,HappyBirthday,926,21900.4,M,1,2.09289e-05,0.405914,25416.3,0.115078,F
72,1,HappyBirthday,1036,3285,M,1,0.385892,2.08273,673.335,167.117,F
72,1,HappyBirthday,19,4015.06,F,1,0.000992591,3.15975,0.0606256,0.308621,F
72,1,HappyBirthday,1007,3650,F,1,0.0132209,0.446658,0.113388,4.13663,F
72,1,HappyBirthday,1133,2190,M,1,0.014825,1.07428,1219.11,5.42164,F
72,1,HappyBirthday,600,11315.5,F,1,0.0759764,0.616447,0.365963,24.5932,F
73,1,HappyBirthday,268,9490.74,F,1,0.0287432,6.07517,563.189,9.06383,F
73,1,HappyBirthday,356,10220.6,M,1,0.000778785,1.90626,6.99445,0.245038,F
74,1,HappyBirthday,192,7665.63,M,1,0.549312,2.42792,57.4136,263.403,F
74,1,HappyBirthday,251,4745.64,M,1,0.0997902,12.2001,1856.76,96.5168,F
74,1,HappyBirthday,1160,1825,M,1,0.000244781,0.0977056,0,0.075987,F
75,1,HappyBirthday,1197,1460,M,1,0.00229507,0.222926,0.335245,0.715212,F
76,1,HappyBirthday,1008,3650,F,1,0,0.255732,0.413795,0,F
76,1,HappyBirthday,133,8395.88,F,0,0,0.0363776,0,0,F
77,1,HappyBirthday,1009,3650,M,1,0.0349354,5.23812,0.231083,11.0539,F
77,1,HappyBirthday,355,4380.58,F,1,0.154602,1.46823,0.878085,52.229,F
77,1,HappyBirthday,455,14235.1,F,1,0.00602883,0.194397,353.526,2.26753,F
77,1,HappyBirthday,480,24820.2,M,1,0.0265219,0.43425,49.2031,8.77003,F
77,1,HappyBirthday,487,14965,M,1,0.438263,0.170033,0.0527742,179.278,F
77,1,HappyBirthday,653,19710.2,M,1,0.00381898,1.72814,1.75553,1.18945,F
78,1,HappyBirthday,58,8760.1,F,1,0.190615,0.570064,4391.51,355.669,F
78,1,HappyBirthday,311,13140,F,1,0.00127159,0.921337,0.0126334,0.395453,F
78,1,HappyBirthday,479,12775.4,F,1,0.00353687,0.329108,13.7585,1.12521,F
78,1,HappyBirthday,1262,730,F,1,0.00807847,0.0923544,21.6926,2.59539,F
78,1,HappyBirthday,1100,2555,F,1,0.00972547,0.553188,10563.1,18.1137,F
79,1,HappyBirthday,328,5840.26,M,1,3.13535e-05,1.34915,361.218,0.0246254,F
79,1,HappyBirthday,520,4015.07,M,1,0.00335828,9.57453,0.571039,1.04593,F
79,1,HappyBirthday,1037,3285,M,1,4.50321e-05,0.312236,207.064,0.0281736,F
79,1,Births,1345,0,M,0,0,0.0188457,0,0,F
80,1,HappyBirthday,1070,2920,F,1,0.0278264,1.16697,1651.66,28.5874,F
80,1,HappyBirthday,641,8030.67,M,0,0,0.244893,0,0,F
80,1,HappyBirthday,730,8030.68,M,1,0.00197673,0.735338,0.120522,0.61501,F
80,1,HappyBirthday,867,7300.78,F,1,0.0181551,5.41599,162.89,7.13083,F
81,1,HappyBirthday,1101,2555,F,0,0,0.095746,0,0,F
81,1,HappyBirthday,1071,2920,F,1,0.00851632,7.09754,9416.45,42.3022,F
81,1,HappyBirthday,859,6570.12,M,1,2.85224e-07,1.34809,3259.55,0.00105199,F
81,1,HappyBirthday,1309,365,F,0,0,0.175268,0,0,F
82,1,HappyBirthday,62,10585.6,M,1,0.00686317,0.173902,0.016557,2.14005,F
82,1,HappyBirthday,1072,2920,F,1,0.000232994,36.6711,12973.3,0.37256,F
82,1,HappyBirthday,988,25915.4,M,1,0.214756,2.85685,221.842,94.7658,F
82,1,Births,1346,0,M,0,0,0.00445091,0,0,F
83,1,HappyBirthday,580,13505.2,M,1,0.00111303,2.0432,32.3139,0.350857,F
83,1,HappyBirthday,649,31390.1,M,0,0,0.508383,0,0,F
83,1,HappyBirthday,723,8395.06,M,1,0.0182011,3.97225,44659.1,28.9336,F
84,1,HappyBirthday,1264,730,F,1,0.00124203,0.399354,25.2369,0.428095,F
84,1,HappyBirthday,1263,730,F,1,0.00354058,0.179854,0.00260063,1.10186,F
84,1,HappyBirthday,921,12410.8,M,1,0.000156351,3.07883,11883.3,0.1041,F
86,1,HappyBirthday,961,5110.49,M,1,0,44.2516,20.152,0,F
86,1,HappyBirthday,755,5110.65,M,1,0.0383043,0.177649,4.20014,12.2125,F
87,1,HappyBirthday,615,6570.25,M,1,0.0476509,1.36705,9.07088,15.7404,F
87,1,HappyBirthday,754,7665.18,M,1,1.83984e-06,0.176208,0.733724,0.0005722,F
87,1,HappyBirthday,901,12775.3,F,1,2.8764e-05,0.223532,9.09011,0.0093826,F
88,1,HappyBirthday,518,7665.78,F,1,0.00178964,0.599393,0.581767,0.556672,F
88,1,HappyBirthday,699,13870.5,F,1,3.87319e-06,3.05281,5.1786,0.0012116,F
89,1,HappyBirthday,207,12775,M,1,0.000141513,1.49172,0.735315,0.0439466,F
89,1,HappyBirthday,974,13505.2,M,1,0.0113555,6.01594,0.828781,3.55373,F
90,1,HappyBirthday,186,8760.36,M,1,0.0116484,4.31502,364.382,5.53697,F
90,1,HappyBirthday,990,6205.82,F,1,8.87875e-05,0.0229011,11.8566,0.0281637,F
90,1,HappyBirthday,1164,1825,F,0,0,0.205554,0,0,F
90,1,HappyBirthday,1010,3650,F,1,0.00450758,0.27806,3.81162,1.41315,F
91,1,HappyBirthday,976,5475.38,F,1,7.71515e-05,0.978248,526.314,0.0280755,F
92,1,HappyBirthday,1310,365,F,0,0,0.0864956,0,0,F
92,1,HappyBirthday,634,12410.3,M,1,0.00522244,1.28468,0.0015152,1.62708,F
92,1,HappyBirthday,794,5840.88,M,1,0.000745,3.38652,517.886,0.426544,F
92,1,HappyBirthday,941,32485.7,F,1,0.00733873,0.206886,11078,3.54956,F
93,1,HappyBirthday,1165,1825,M,1,0.0493787,0.351841,24.8761,17.7127,F
93,1,HappyBirthday,506,4380,M,1,0.00033863,0.519392,3319.09,0.526059,F
94,1,HappyBirthday,304,5110.1,M,1,2.34283e-07,0.537055,726.672,0.000294291,F
94,1,HappyBirthday,403,8760.33,F,0,0,0.549072,0,0,F
94,1,HappyBirthday,425,20440.2,M,1,0.00291651,1.2758,31.0113,0.950781,F
95,1,HappyBirthday,1134,2190,M,0,0,0.0761106,0,0,F
96,1,HappyBirthday,594,13140.8,M,1,0.0258612,0.362885,5047.43,9.21738,F
97,1,HappyBirthday,67,7300.65,M,1,0.0931167,0.528152,48.3388,30.3747,F
97,1,HappyBirthday,1073,2920,M,1,0.100685,0.443491,30.9453,32.9839,F
98,1,HappyBirthday,550,4380.81,F,1,0.00195663,6.28958,0.0301145,0.6086,F
98,1,HappyBirthday,672,10950.8,F,1,0.0120444,2.78033,3.48837,3.76671,F
98,1,HappyBirthday,770,13140.5,F,1,0.000276265,10.3804,17208.9,1.31673,F
98,1,HappyBirthday,1198,1460,F,1,0.0120528,0.540772,18.0842,3.88559,F
99,1,HappyBirthday,179,18615.9,F,1,0.667308,1.26539,30.7394,360.054,F
99,1,HappyBirthday,291,21535.2,F,1,0.162126,6.60625,1067.35,261.414,F
99,1,HappyBirthday,631,11315.9,M,1,0.00151388,3.66215,1219.65,1.9618,F
99,1,HappyBirthday,978,26280.8,F,1,0.130501,3.44835,97.1601,58.9641,F
99,1,HappyBirthday,896,6205.66,F,1,7.18697e-05,0.122771,0.915285,0.0223414,F
100,1,HappyBirthday,1266,730,F,1,0.813796,0.931458,140.691,627.688,F
101,1,HappyBirthday,314,6570.74,F,1,0.00148501,0.623206,6896.57,0.539659,F
101,1,HappyBirthday,706,4380.32,M,1,0.189014,3.43126,2951.05,65.2936,F
101,1,Births,1347,0,F,0,0,0.0190236,0,0,F
102,1,HappyBirthday,614,6570.99,M,1,0.0265018,0.202488,3587.85,38.1026,F
102,1,HappyBirthday,774,31390.1,F,1,0.0272589,0.641403,7494.16,20.9488,F
103,1,HappyBirthday,1199,1460,F,1,0.570281,0.176005,27267.2,1113.35,F
103,1,HappyBirthday,428,6935.78,F,1,8.94958e-05,0.251744,23551.3,0.0605632,F
104,1,HappyBirthday,481,7300.13,F,1,0.00465388,4.55628,0.742105,1.45134,F
104,1,HappyBirthday,1200,1460,F,1,0.0270093,0.775262,38.5047,8.90785,F
105,1,HappyBirthday,44,6935.94,F,1,0.000320028,0.59108,42668.3,0.458516,F
105,1,HappyBirthday,732,4745,F,1,0.00325643,0.411869,46.1067,1.08176,F
105,1,HappyBirthday,1267,730,M,1,0.00329895,0.858202,716.965,2.09988,F
105,1,HappyBirthday,1166,1825,M,1,0.056559,1.1511,302.728,25.2917,F
106,1,HappyBirthday,266,7665.08,F,1,0.0712034,9.9802,11.2926,24.2623,F
106,1,HappyBirthday,1233,1095,F,1,0,0.367148,0,0,F
106,1,HappyBirthday,471,11315.1,M,1,4.10916e-05,0.29009,8.47526,0.0130736,F
106,1,HappyBirthday,691,4380.56,F,1,0.00135327,0.0952486,94.8488,0.477212,F
106,1,HappyBirthday,1311,365,F,0,0,0.123299,0,0,F
106,1,HappyBirthday,704,4015.37,F,1,0.324802,4.73492,394.059,184.865,F
107,1,HappyBirthday,551,32850,F,1,0.00332453,2.65601,1295.98,4.97422,F
109,1,HappyBirthday,146,4015.53,F,1,0.00245011,0.209978,0.215004,0.762382,F
109,1,HappyBirthday,607,11315.5,M,1,0.00510098,1.79119,248.326,3.23399,F
109,1,HappyBirthday,1268,730,M,1,0.158716,2.48837,12674,156.91,F
109,1,HappyBirthday,833,13870.4,M,1,0.00303876,0.517965,0.155325,0.946804,F
110,1,HappyBirthday,1312,365,F,1,0.0470941,0.561934,25.662,15.6528,F
110,1,HappyBirthday,644,9125.76,M,1,0.0250035,2.01259,33.3381,8.48257,F
110,1,HappyBirthday,905,7665.82,M,1,8.12191e-05,0.734925,9220.11,0.310398,F
111,1,HappyBirthday,194,7300.24,M,1,0.00153129,0.326347,49888.7,14.424,F
111,1,HappyBirthday,693,6570.54,M,1,0.825561,0.320946,80.0526,582.344,F
111,1,HappyBirthday,1074,2920,M,1,0.00706289,0.488559,4504.13,2.34934,F
112,1,HappyBirthday,171,9490.55,M,1,0.000207697,0.491119,3.65136,0.065388,F
113,1,HappyBirthday,1313,365,F,1,0.0370778,0.68842,33067.6,42.5534,F
114,1,HappyBirthday,640,11315.8,F,1,1.90435e-05,0.0796994,0.006368,0.0059142,F
115,1,HappyBirthday,199,18615.6,F,1,0.0669332,0.329608,3.21374,21.5349,F
115,1,HappyBirthday,233,6570.47,F,1,0.00988287,1.63449,13.5066,3.18807,F
116,1,HappyBirthday,5,16060,F,1,5.43062e-05,0.284667,2.8e-06,0.0169486,F
116,1,HappyBirthday,1314,365,F,0,0,0.0415056,0,0,F
117,1,HappyBirthday,510,7665.82,M,1,0.0171822,0.611157,73.7637,6.31145,F
117,1,HappyBirthday,612,18980.8,F,0,0,0.108231,0,0,F
117,1,HappyBirthday,1102,2555,M,1,5.00424e-05,0.0913229,28474,0.465128,F
117,1,HappyBirthday,871,7300.57,F,1,0.000776075,2.13647,1668.22,0.311455,F
117,1,Births,1348,0,M,0,0,0.0163862,0,0,F
118,1,HappyBirthday,302,21535.2,F,1,0.0223678,0.197339,1.24489,7.03344,F
118,1,HappyBirthday,410,9490.75,M,0,0,0.193147,0,0,F
119,1,HappyBirthday,97,7300.08,M,0,0,0.0811598,0,0,F
119,1,HappyBirthday,408,5475.34,M,1,5.33049e-07,5.04054,1329.33,0.000472824,F
119,1,HappyBirthday,493,22630.5,M,1,0.575816,0.248484,346.066,268.352,F
119,1,HappyBirthday,522,17155.8,M,1,0.575556,0.578464,14696.7,783.227,F
121,1,HappyBirthday,352,12410,F,1,0.409307,52.2168,797.671,254.822,F
121,1,HappyBirthday,1103,2555,M,1,0.24293,0.503548,10881.6,457.577,F
121,1,HappyBirthday,1202,1460,M,1,0.00728662,28.2871,313.332,2.56243,F
122,1,HappyBirthday,82,4745.63,M,1,5.48637e-06,0.35273,1.03684,0.0017169,F
122,1,HappyBirthday,190,23360.9,M,1,0.00810869,2.85003,0.0646072,2.5308,F
122,1,HappyBirthday,1135,2190,M,1,0.0148966,0.621031,9.94684,4.88819,F
123,1,HappyBirthday,986,13505.2,F,1,0.00108538,2.43039,0.793989,0.33861,F
123,1,HappyBirthday,1269,730,F,1,0.162367,0.0973639,16188.9,266.072,F
123,1,HappyBirthday,1203,1460,M,1,0.268266,0.308271,2688.29,461.25,F
124,1,HappyBirthday,169,4380.61,F,1,0.051931,1.21088,33.0995,16.6275,F
124,1,HappyBirthday,276,21535.3,F,1,0.000471054,0.480247,15.432,0.149642,F
124,1,HappyBirthday,393,4015.36,M,1,0.00190632,0.338678,5.55243,0.604304,F
124,1,HappyBirthday,1270,730,M,1,0.359732,0.137028,12847.6,1527.26,F
125,1,HappyBirthday,658,22630.9,M,1,0.0369502,0.337639,919.942,11.9372,F
125,1,HappyBirthday,827,9490.18,F,1,0.00128212,10.0266,195.872,0.687063,F
125,1,HappyBirthday,836,7300.04,F,1,9.24217e-05,0.441707,4099.64,0.0512895,F
125,1,HappyBirthday,923,5840.11,F,0,0,0.0425892,0,0,F
126,1,HappyBirthday,26,10220.2,F,1,1.82607e-07,30.818,0.0059936,5.72e-05,F
127,1,HappyBirthday,1204,1460,M,0,0,0.0687624,0,0,F
127,1,HappyBirthday,1105,2555,F,1,0.000200175,0.309762,60668.5,0.811625,F
128,1,HappyBirthday,136,8760.14,F,1,0.00367473,4.18887,1.7385,1.14753,F
128,1,HappyBirthday,223,8030.85,M,1,0.00033195,0.420048,1.13138,0.1032,F
128,1,HappyBirthday,319,7300.41,F,1,0.515869,2.09284,134.018,229.17,F
128,1,HappyBirthday,686,7665.34,M,1,0.0627836,5.55975,175.088,20.1547,F
129,1,HappyBirthday,103,20075.5,F,1,0.0213562,0.269579,126.022,7.97212,F
129,1,HappyBirthday,1271,730,F,1,0.0230643,2.76603,18.8684,7.82367,F
129,1,HappyBirthday,971,16425.3,M,1,0.00336727,2.70765,6.93475,1.06671,F
129,1,HappyBirthday,895,6570.86,F,1,0.00542432,0.320427,47.2548,1.82637,F
130,1,HappyBirthday,245,20075.4,F,0,0,0.179565,0,0,F
130,1,HappyBirthday,1316,365,F,1,0.562037,0.459128,5.08337,259.612,F
130,1,HappyBirthday,1168,1825,F,1,0.207646,0.113594,44.5558,85.964,F
130,1,HappyBirthday,1106,2555,F,1,0.00257285,3.34074,351.51,0.886807,F
130,1,HappyBirthday,463,5475.81,M,1,0.0095685,1.67055,12.8307,2.99063,F
130,1,HappyBirthday,840,16060.7,F,1,0.00333062,0.42869,94129.1,26.4386,F
131,1,HappyBirthday,983,24090.3,F,1,0.418027,4.6881,661.944,286.497,F
131,1,HappyBirthday,820,4380.7,F,1,0.0243614,2.29162,35.2179,8.05701,F
132,1,HappyBirthday,968,14235.5,F,1,0.0716679,1.38361,13.1224,24.5053,F
132,1,HappyBirthday,99,13140.3,F,1,0,7.52081,1079.71,0,F
132,1,HappyBirthday,1234,1095,F,0,0,0.0752085,0,0,F
132,1,HappyBirthday,707,6570.63,M,1,1.88947e-05,2.833,3370.17,0.0127105,F
132,1,Births,1349,0,M,0,0,0.0581778,0,0,F
133,1,HappyBirthday,254,15330.1,M,1,0.189303,0.592144,4.15668,65.2514,F
134,1,HappyBirthday,811,20075.5,M,1,0.0442983,34.3278,2.79731,14.1477,F
135,1,HappyBirthday,160,7665.3,F,1,0.00130442,1.09223,0.866581,0.405693,F
135,1,HappyBirthday,1318,365,F,1,0.387302,0.288333,975.307,779.133,F
135,1,HappyBirthday,275,8760.58,M,1,0.342956,1.41431,2901.46,150.584,F
135,1,HappyBirthday,327,12410.8,M,1,0.129328,2.7983,7520.62,321.632,F
135,1,HappyBirthday,342,22630.4,F,1,0.00151729,4.2377,0.054779,0.471835,F
135,1,HappyBirthday,351,4745.34,F,1,0.104513,2.26548,2.55924,34.4355,F
135,1,HappyBirthday,475,8760.17,M,1,0.0220233,0.292566,11.8952,7.10322,F
135,1,HappyBirthday,674,18250,M,1,0.0227311,0.309066,2343.84,21.5105,F
135,1,HappyBirthday,1235,1095,F,1,0.802536,0.0214491,263.962,509.817,F
135,1,HappyBirthday,861,10950.5,F,1,0.0191077,8.26249,1.05777,6.0064,F
135,1,HappyBirthday,972,7665.7,M,1,0.112855,4.3399,44.1523,39.59,F
135,1,HappyBirthday,1317,365,F,0,0,0.00768338,0,0,F
136,1,HappyBirthday,1075,2920,M,1,0.226209,0.239987,33.9434,93.2317,F
137,1,HappyBirthday,1272,730,F,1,0,0.201437,4.76151,0,F
137,1,Births,1350,0,M,0,0,0.0207517,0,0,F
138,1,HappyBirthday,549,9855.09,M,1,0.0586573,1.81406,25.3975,19.6414,F
139,1,HappyBirthday,247,25550.1,M,1,0.00474975,0.466369,37.4308,1.73312,F
140,1,HappyBirthday,273,9490.47,F,1,0.00375522,2.20184,24.1875,1.2645,F
140,1,HappyBirthday,280,5475.76,M,1,0.0015055,0.788095,27.3526,0.485763,F
140,1,HappyBirthday,343,5840.61,F,1,0.170321,0.300107,13.4278,58.1138,F
141,1,HappyBirthday,225,13870,M,1,0.115006,0.837211,3275.12,285.815,F
141,1,HappyBirthday,1169,1825,F,1,0.199963,2.16681,516.349,82.4465,F
141,1,HappyBirthday,638,16060.7,F,1,0.825971,0.314566,107.173,547.455,F
142,1,HappyBirthday,18,6570.59,M,1,0.0475357,4.54976,0.570565,15.1515,F
142,1,HappyBirthday,88,24820,M,1,0.229004,2.92859,4.46659,82.0144,F
143,1,HappyBirthday,1273,730,F,1,0.0378322,1.58982,47.7676,13.5303,F
143,1,HappyBirthday,973,6570.15,M,1,0.00213381,0.962604,267.227,0.686774,F
143,1,Births,1351,0,F,0,0,0.0364168,0,0,F
144,1,HappyBirthday,130,18980.7,F,1,0.0186267,0.866576,22.2141,6.0243,F
144,1,HappyBirthday,149,12045.5,M,1,0.00218209,4.54224,999.023,0.691133,F
144,1,HappyBirthday,982,5840.29,M,1,0.00182667,0.0735066,48.3748,0.685516,F
144,1,HappyBirthday,1274,730,M,1,0.212785,1.09375,10557.6,758.604,F
145,1,HappyBirthday,432,15330.7,F,1,0.000255629,0.995443,6777.31,0.3849,F
146,1,HappyBirthday,33,12410.9,F,1,0.000797168,0.522581,70401.6,7.60256,F
147,1,HappyBirthday,126,6935.43,M,1,0,0.0881711,125.431,0,F
147,1,HappyBirthday,1041,3285,M,0,0,0.0389035,0,0,F
148,1,HappyBirthday,1236,1095,F,1,0.000914174,3.14124,196.616,0.538711,F
148,1,HappyBirthday,110,5840.8,F,1,0.101871,2.58962,32.3028,38.4792,F
148,1,HappyBirthday,627,16425.4,M,1,0.0655222,0.424656,264.667,21.4461,F
148,1,HappyBirthday,860,4745.24,M,1,5.51081e-07,0.629812,9.46653,0.000173746,F
149,1,HappyBirthday,1237,1095,F,1,0.023901,0.561921,8.12974,7.51803,F
149,1,HappyBirthday,725,33580.9,F,1,0.0119723,2.42797,245.699,3.75008,F
150,1,HappyBirthday,265,9855.61,F,1,0.0454981,0.22028,31.6933,14.973,F
150,1,HappyBirthday,385,6205.67,F,1,0.00221796,5.24416,1.31582,0.691681,F
150,1,HappyBirthday,1042,3285,F,0,0,0.0769726,0,0,F
150,1,HappyBirthday,718,5840.43,F,1,0.00196243,0.326718,0.00806313,0.610486,F
151,1,HappyBirthday,1238,1095,M,1,0,0.0744996,30051.1,0,F
151,1,HappyBirthday,289,5110.86,F,1,0.199804,0.403142,71.7057,73.3426,F
151,1,HappyBirthday,370,8395.37,M,1,0.0116548,0.752748,678.099,3.64644,F
151,1,HappyBirthday,853,5475.12,F,1,0.000268076,0.0902785,43.2288,0.0874837,F
152,1,HappyBirthday,106,6570.32,F,1,0.01117,0.850741,4751.5,46.5377,F
152,1,HappyBirthday,157,4015.31,M,0,0,0.0311202,0,0,F
152,1,HappyBirthday,1043,3285,F,1,0.572309,0.0549436,3284.33,313.059,F
153,1,HappyBirthday,346,5110.97,M,1,0.000284861,4.804,509.138,0.155786,F
153,1,HappyBirthday,692,14235.8,M,1,0.0471574,2.30863,4990.56,18.3169,F
155,1,HappyBirthday,1275,730,F,0,0,0.000788812,0,0,F
155,1,HappyBirthday,1136,2190,M,1,0.245313,0.219329,33.3935,100.543,F
155,1,HappyBirthday,709,9125.01,M,1,0.000131399,3.97657,79.7419,0.0471484,F
156,1,HappyBirthday,91,6570.69,F,1,0.315026,0.331898,1176.44,134.413,F
157,1,HappyBirthday,354,16790.7,F,1,0.0285413,2.50248,1293.57,9.27075,F
158,1,HappyBirthday,208,5475.13,M,1,0.000856551,1.86506,2582.09,0.360336,F
159,1,HappyBirthday,143,9125.69,M,1,1.44051e-06,0.0299464,0.0980488,0.0004488,F
159,1,HappyBirthday,331,5110.01,F,1,0.00574316,0.193523,22.7793,1.85985,F
159,1,HappyBirthday,365,4380.24,F,1,0.00365311,1.72758,646.446,2.81195,F
159,1,HappyBirthday,834,20805.4,M,1,0.0275452,0.189243,0.0059632,8.68022,F
160,1,HappyBirthday,165,25915.6,F,1,0.0139623,3.93236,159.372,5.20701,F
160,1,HappyBirthday,193,10950,F,1,0.134573,0.167206,15.7259,44.9394,F
161,1,HappyBirthday,427,7665.45,F,1,0.187291,0.807352,16.1051,66.0653,F
162,1,HappyBirthday,123,25185.9,F,1,0.161908,9.56751,5.55165,55.2807,F
162,1,HappyBirthday,191,25915.5,M,1,0.659708,1.28521,23.7995,344.887,F
163,1,HappyBirthday,1044,3285,M,0,0,0.0543693,0,0,F
163,1,HappyBirthday,735,9855.74,M,1,0.13711,0.0862961,3.32129,45.8327,F
164,1,HappyBirthday,1277,730,F,1,0.00142267,1.19487,4.92003,0.443084,F
164,1,HappyBirthday,1319,365,F,1,0.210772,0.225721,25100.2,1217.19,F
164,1,HappyBirthday,1013,3650,F,1,0.00957472,0.176359,10042.9,29.4598,F
164,1,HappyBirthday,685,8395.78,M,1,4.80505e-05,1.34121,13.969,0.015988,F
164,1,Births,1352,0,M,0,0,0.0490375,0,0,F
165,1,HappyBirthday,1077,2920,F,1,0.000658999,4.00434,119.194,0.24617,F
165,1,HappyBirthday,1170,1825,F,1,0.422722,0.531543,58.1225,186.151,F
167,1,HappyBirthday,79,14965.2,F,1,2.20081e-05,1.80264,10364.8,0.079561,F
167,1,HappyBirthday,388,32120.7,M,1,0.00171256,2.07472,1.32911,0.533891,F
167,1,HappyBirthday,1107,2555,F,1,0.0310588,0.380184,14340.8,45.3716,F
168,1,HappyBirthday,129,13140.6,F,1,0.0142738,3.18754,186.44,4.5529,F
168,1,HappyBirthday,969,6935.15,M,1,0.0775369,18.219,524.553,42.8423,F
169,1,HappyBirthday,75,13870.5,M,1,0.00319757,0.735097,12152,5.03585,F
169,1,HappyBirthday,394,13505.7,M,1,0.00409658,0.0859514,0.33848,1.27757,F
169,1,HappyBirthday,1108,2555,F,1,0.00144167,2.85809,15.6023,0.480122,F
169,1,HappyBirthday,850,25550.6,F,1,0.566206,0.326269,10823.8,356.817,F
170,1,HappyBirthday,1239,1095,F,1,0.00033916,0.168117,4.57216,0.107399,F
170,1,HappyBirthday,737,5110.46,F,1,0.769621,1.47029,766.857,505.978,F
170,1,HappyBirthday,839,7665.89,F,1,0.00294417,0.157407,60.2669,1.0111,F
171,1,HappyBirthday,277,12410.7,F,1,0.101306,0.112325,2191.69,55.7832,F
171,1,HappyBirthday,576,18250.2,F,1,0.0303291,5.07027,747.065,19.0243,F
171,1,HappyBirthday,1138,2190,M,0,0,0.111453,0,0,F
171,1,HappyBirthday,1171,1825,M,1,0.571753,0.70723,25.6036,291.638,F
172,1,HappyBirthday,213,9490.85,M,1,0.000357882,0.0358895,13.8678,0.112875,F
172,1,HappyBirthday,529,13870.2,F,1,0.644845,0.336555,243.103,373.114,F
172,1,HappyBirthday,930,12410.6,M,1,0.00876969,14.5323,19.2959,2.74072,F
173,1,HappyBirthday,409,8030.74,F,1,5.89591e-05,0.36658,2043.94,0.0256608,F
174,1,HappyBirthday,678,5110.3,F,1,0.0122236,0.292706,0.0813907,3.82215,F
174,1,HappyBirthday,1139,2190,F,1,0.00381574,1.26251,7611.52,12.1016,F
175,1,HappyBirthday,71,8030.8,M,1,0.000227776,7.92749,10104.8,0.30735,F
175,1,HappyBirthday,875,4745.02,F,1,5.65875e-06,1.94728,64506.9,0.017682,F
176,1,HappyBirthday,773,16060.8,F,1,0.35337,1.66749,466.941,266.451,F
177,1,HappyBirthday,440,23360.7,M,1,0.00155762,1.59171,0.333719,0.484699,F
177,1,HappyBirthday,491,28835.2,M,1,0.0500248,1.5034,59.9381,17.5347,F
177,1,HappyBirthday,1046,3285,F,1,0.00563541,0.0664046,3006.94,1.90109,F
177,1,HappyBirthday,1140,2190,M,1,0.00176026,0.427472,5009.94,0.616746,F
178,1,HappyBirthday,347,6570.28,M,1,0.0596869,0.732999,1641.61,108.628,F
178,1,HappyBirthday,1320,365,F,0,0,0.0191851,0,0,F
179,1,HappyBirthday,954,5475.75,M,1,0.000197058,0.640989,0.00096107,0.0612804,F
179,1,HappyBirthday,399,6205.48,M,1,0.00136909,1.21382,1.45049,0.426461,F
179,1,HappyBirthday,1110,2555,M,1,0.00346442,4.41826,231.685,1.42658,F
180,1,HappyBirthday,198,4015.23,F,1,0.118604,0.159998,2133.8,54.1306,F
180,1,HappyBirthday,956,12775,M,1,0.334968,0.252481,59.0769,130.222,F
180,1,HappyBirthday,1240,1095,F,1,0.242974,0.0802211,44.4548,89.7638,F
181,1,HappyBirthday,145,11680.6,M,1,0.038677,1.69605,1620.32,34.6993,F
181,1,HappyBirthday,1321,365,F,1,0.000231159,0.538959,5.22559,0.0722808,F
181,1,HappyBirthday,556,8395.43,M,1,0.000423174,0.131286,0.0114936,0.131628,F
181,1,HappyBirthday,1015,3650,F,1,0.0659652,0.327957,3.22225,21.2189,F
181,1,HappyBirthday,903,12045.5,F,1,0.0131025,9.29785,17.4885,4.46094,F
182,1,HappyBirthday,1205,1460,F,1,0.0403771,0.373779,172.615,21.7494,F
182,1,HappyBirthday,1079,2920,F,1,0.0568804,1.97094,1354.22,21.3946,F
184,1,HappyBirthday,1241,1095,M,0,0,0.0186729,0,0,F
184,1,HappyBirthday,1017,3650,F,1,0.00471882,2.21593,30.5704,1.55312,F
184,1,HappyBirthday,909,20805.9,M,1,0.110473,0.196081,0.589879,36.4541,F
185,1,HappyBirthday,222,9855.63,M,1,0.818666,0.397544,14.9602,559.028,F
186,1,HappyBirthday,1322,365,M,1,0.0188459,0.907564,9807.37,16.1664,F
186,1,HappyBirthday,1206,1460,M,1,0.00117263,8.3583,0.892536,0.36586,F
186,1,HappyBirthday,787,28470.5,F,1,0.237135,1.22724,655.407,258.217,F
186,1,Births,1353,0,F,0,0,0.00370963,0,0,F
187,1,HappyBirthday,701,25550.8,M,1,3.74008e-05,17.7526,7023.18,0.103533,F
187,1,HappyBirthday,1173,1825,F,1,0.598647,0.0825033,286.279,288.246,F
187,1,HappyBirthday,1278,730,F,1,0.153052,0.470504,191.663,99.311,F
188,1,HappyBirthday,1141,2190,M,1,0.203751,0.295243,6894.04,76.9756,F
188,1,HappyBirthday,387,6570.75,M,1,0.0282685,3.02207,4.41929,9.08281,F
188,1,HappyBirthday,688,8030.98,M,1,0.00344728,0.341411,109.769,1.22817,F
189,1,HappyBirthday,264,23725.2,F,1,0.000325369,2.56133,113.02,0.1222,F
189,1,HappyBirthday,1018,3650,F,1,0.000948248,0.153432,197.236,0.384798,F
189,1,HappyBirthday,997,20805.1,F,1,0.132659,1.93592,3302.09,385.568,F
190,1,HappyBirthday,504,7665.93,F,1,0.116444,0.131941,3299.03,41.8964,F
190,1,HappyBirthday,1242,1095,M,1,0.0393506,0.574957,2183.08,12.8433,F
191,1,HappyBirthday,369,21170.3,M,1,0.0456309,35.1599,4.11686,14.6045,F
192,1,HappyBirthday,358,14235.5,M,1,0.0119132,3.44068,408.902,6.03464,F
192,1,HappyBirthday,758,8395.9,M,1,0.0165514,0.148742,19.7034,5.19304,F
193,1,HappyBirthday,362,13505.5,M,1,0.00102919,0.432393,13834.1,0.520694,F
193,1,HappyBirthday,588,6205.37,F,1,0.0202323,0.773864,276.425,11.2798,F
193,1,HappyBirthday,684,4745.42,F,1,6.11132e-06,0.0489538,6.88298,0.00192487,F
194,1,HappyBirthday,740,13140,M,1,0.006948,0.230512,10.4356,2.21682,F
194,1,Births,1354,0,F,0,0,0.961369,0,0,F
195,1,HappyBirthday,981,7665.41,M,1,0,0.0130858,0.009,0,F
195,1,HappyBirthday,979,8395,M,1,0.000108038,0.697856,2.74161,0.0337474,F
195,1,HappyBirthday,317,23725.4,M,1,0.0273382,0.290555,27.7209,9.02683,F
195,1,HappyBirthday,1207,1460,M,1,0.010918,0.332358,2604.39,3.80923,F
195,1,HappyBirthday,663,6205.49,F,1,0.000939913,1.39105,85.9068,0.382939,F
195,1,HappyBirthday,1323,365,M,1,0.916431,0.310606,1309.7,1321.76,F
196,1,HappyBirthday,119,10950.8,M,1,0.00314852,2.85179,29.9816,1.04527,F
196,1,HappyBirthday,148,15330.3,M,1,0.201195,3.47204,25.1066,70.0126,F
196,1,HappyBirthday,1243,1095,M,1,0.007904,9.19379,4.02586,2.48104,F
196,1,HappyBirthday,407,7300.95,F,1,0.0140821,0.0446251,16.6227,4.77676,F
196,1,HappyBirthday,792,20805.1,M,1,0.0228286,1.59473,0.008732,7.17674,F
198,1,HappyBirthday,3,35770.3,M,1,0.00593422,1.14286,130.977,2.19034,F
198,1,HappyBirthday,1208,1460,F,1,0.33035,4.8787,696.916,346.076,F
198,1,HappyBirthday,807,5110.31,F,1,0.00227558,0.247105,0.0102601,0.707999,F
198,1,HappyBirthday,924,6205.97,F,1,0.00145218,2.83432,18.1395,0.461686,F
199,1,HappyBirthday,215,17155.4,M,1,0.00160836,0.693468,653.717,0.505029,F
199,1,HappyBirthday,524,5110.05,F,1,0.0607636,2.71783,16.7669,20.4811,F
200,1,HappyBirthday,141,10585.3,M,1,0.0464468,0.375403,108.598,16.1247,F
200,1,Births,1355,0,M,0,0,0.0256451,0,0,F
202,1,HappyBirthday,474,21535.6,M,1,0.179383,7.30837,2911.93,65.753,F
202,1,HappyBirthday,958,10220.4,F,1,0.00139049,3.39402,0.806237,0.432383,F
203,1,Births,1356,0,F,0,0,0.209929,0,0,F
204,1,HappyBirthday,76,16790.7,F,1,0.166633,1.01826,261.655,81.22,F
204,1,HappyBirthday,1020,3650,F,1,0.00128968,5.22774,0.000592133,0.401109,F
204,1,HappyBirthday,214,16425.4,M,1,0.000876174,5.54929,0.602593,0.272417,F
204,1,HappyBirthday,443,4380.94,M,1,0.000350426,0.0664513,7.4279,0.108996,F
204,1,HappyBirthday,473,27375.7,M,1,0.012922,0.917596,9.56028,4.10845,F
205,1,HappyBirthday,1174,1825,M,1,0.00387407,0.904496,0.010138,1.2063,F
205,1,HappyBirthday,512,17520,F,1,0,0.149047,0,0,F
206,1,HappyBirthday,878,8395.77,F,1,0.00220254,0.773711,0.920622,0.686714,F
206,1,HappyBirthday,915,12775.6,M,1,0.000845321,4.06923,58.1405,0.297611,F
207,1,HappyBirthday,447,8030.97,M,0,0,0.0594031,0,0,F
207,1,HappyBirthday,705,17885.1,M,1,0.107988,9.60473,19.6438,36.9324,F
208,1,HappyBirthday,1047,3285,M,1,0.642994,0.157118,129.732,340.476,F
208,1,HappyBirthday,270,8395.31,M,1,0.296424,6.31883,53.1707,109.542,F
208,1,HappyBirthday,694,10220.1,F,1,0.01626,5.90217,1300.02,27.9363,F
209,1,HappyBirthday,1209,1460,F,1,0.000290797,2.14902,149.065,0.157089,F
209,1,Births,1357,0,M,0,0,0.49711,0,0,F
210,1,HappyBirthday,1082,2920,F,0,0,0.046698,0,0,F
211,1,HappyBirthday,657,34675.2,F,1,0.0057331,2.66745,0.335004,1.78679,F
211,1,HappyBirthday,769,4380.24,M,1,0.098873,0.3803,12.3329,33.0206,F
212,1,HappyBirthday,656,7665.67,F,0,0,0.247326,0,0,F
213,1,HappyBirthday,1279,730,M,1,6.78821e-06,1.24011,4.54806,0.00212454,F
213,1,HappyBirthday,577,6570.34,F,1,5.16871e-05,1.59196,0.0343235,0.016079,F
213,1,Births,1358,0,M,0,0,0.139669,0,0,F
214,1,HappyBirthday,962,10950.5,F,1,0.235019,0.834869,526.679,104.588,F
214,1,HappyBirthday,1324,365,M,1,0.0579895,0.67447,0.0551365,18.5674,F
215,1,HappyBirthday,970,7300.47,F,1,0.00825507,1.16829,4603.3,37.4553,F
215,1,HappyBirthday,907,10220.6,F,1,0.0634952,1.29624,58.5005,22.1724,F
217,1,HappyBirthday,140,6570.42,M,1,0.0404791,4.41699,252.86,24.7847,F
217,1,HappyBirthday,1325,365,F,1,0.36272,0.189113,11402.2,1765.59,F
217,1,HappyBirthday,1111,2555,F,1,0.134514,0.247547,1199.55,46.1142,F
217,1,HappyBirthday,1023,3650,M,1,0.00110689,0.0372134,0.00265369,0.344187,F
217,1,HappyBirthday,667,17155.7,M,1,9.95663e-05,0.701017,404.886,0.0738674,F
217,1,HappyBirthday,1022,3650,M,1,0.0371382,0.92542,88.6079,12.4291,F
217,1,HappyBirthday,1281,730,M,1,0.983434,0.164914,412.626,1931.7,F
217,1,HappyBirthday,1244,1095,M,1,0.0847019,0.161891,56.7716,32.631,F
218,1,HappyBirthday,41,4745.96,M,0,0,0.0194036,0,0,F
218,1,HappyBirthday,1283,730,M,0,0,0.00299057,0,0,F
218,1,HappyBirthday,1282,730,F,1,0.0229552,0.123691,1433.71,21.193,F
219,1,HappyBirthday,95,8760.8,M,1,0.0133983,0.78837,247.821,5.65617,F
219,1,HappyBirthday,112,6935.38,F,1,0.00693218,0.0764897,1.54749,2.167,F
219,1,HappyBirthday,301,13870.4,M,1,0.00945456,0.56605,23.0303,3.13091,F
219,1,HappyBirthday,360,4015.8,F,0,0,0.0590159,0,0,F
219,1,HappyBirthday,630,15330.1,F,1,0.0368059,0.768364,83.562,13.1186,F
219,1,HappyBirthday,743,28835,F,1,1.68149e-05,1.9772,691.535,0.0181168,F
220,1,HappyBirthday,147,9855.78,M,1,0.00012328,0.669773,705.693,0.134895,F
220,1,HappyBirthday,1049,3285,M,1,0.63782,0.700104,30.6117,356.657,F
220,1,HappyBirthday,897,7665.83,M,1,0.179491,0.249438,0.378789,61.5887,F
221,1,HappyBirthday,43,20075.9,F,0,0,0.108407,0,0,F
221,1,HappyBirthday,750,9125.58,F,1,0.0019374,0.592853,1.23993,0.602903,F
222,1,HappyBirthday,332,8395.43,F,1,0.000153073,1.61554,1.19022,0.0477978,F
222,1,HappyBirthday,345,4380.31,F,1,0.0962464,0.332226,1.60291,31.6589,F
223,1,HappyBirthday,367,13140.8,M,1,0.0134199,4.02789,2463.22,4.51391,F
223,1,HappyBirthday,438,9855,F,1,0.109555,3.2962,0.0718628,36.0609,F
223,1,HappyBirthday,462,9125.07,M,0,0,0.0392835,0,0,F
223,1,HappyBirthday,756,26645.8,M,1,0.00126087,0.01368,0.905657,0.392147,F
223,1,HappyBirthday,918,8030.99,F,1,0.000368378,0.0810466,0,0.114724,F
224,1,HappyBirthday,40,25915.5,M,1,0.000574899,14.184,5667.34,0.221816,F
224,1,HappyBirthday,530,11680,F,1,0.0709305,2.628,36.6785,26.8766,F
224,1,HappyBirthday,726,6205.24,F,1,0.0177872,1.99075,10.6976,5.68014,F
225,1,HappyBirthday,373,7665.98,F,1,0.184291,2.92587,478.326,64.3587,F
225,1,HappyBirthday,414,8395.68,M,1,0.000315148,0.420507,67.8588,0.107854,F
225,1,HappyBirthday,539,10950.5,M,1,0.00780162,0.638449,167.875,3.12544,F
225,1,HappyBirthday,719,24090.4,F,1,0.011829,1.15067,11056.9,10.3515,F
226,1,HappyBirthday,168,16425.8,F,1,0.0710344,0.458574,3367.96,48.0875,F
226,1,HappyBirthday,258,5110.25,F,1,0.448035,0.0777212,2.38203,185.373,F
226,1,HappyBirthday,391,14235.8,M,1,6.14445e-05,0.836336,1587.77,0.0634392,F
227,1,HappyBirthday,1083,2920,M,1,0.00366191,11.2107,245.304,1.5447,F
227,1,HappyBirthday,227,6935.38,M,1,0.00834289,0.844838,30901.9,34.8999,F
227,1,HappyBirthday,1327,365,F,1,0.0124193,0.204893,12355.9,11.493,F
228,1,HappyBirthday,1050,3285,M,1,0.0017681,0.627655,28.9655,0.572837,F
228,1,HappyBirthday,244,12775,M,1,0.000394742,0.32769,402.728,0.125055,F
228,1,HappyBirthday,1051,3285,M,1,0.00463199,1.54085,135.975,1.74795,F
228,1,HappyBirthday,914,7300.3,F,1,0.0102585,11.4874,378.75,7.98823,F
229,1,HappyBirthday,477,6205.56,F,1,0.0180991,9.47263,1161.56,11.6076,F
230,1,HappyBirthday,1246,1095,M,0,0,0.191442,0,0,F
230,1,HappyBirthday,665,13140.9,F,1,0.00182683,4.79272,188.338,0.72154,F
230,1,HappyBirthday,1052,3285,M,1,0.0200392,2.0649,0.189094,6.29323,F
230,1,HappyBirthday,922,7300.21,M,1,0.00171483,0.167647,4595.82,7.58818,F
230,1,Births,1359,0,M,0,0,0.0589839,0,0,F
231,1,HappyBirthday,2,5840.57,F,1,0.00271178,0.772432,174.551,0.996761,F
231,1,HappyBirthday,74,8030.48,M,1,0.00030073,0.108389,1.8977,0.094034,F
232,1,HappyBirthday,73,8030.51,M,1,0.548944,0.382267,888.743,323.823,F
232,1,HappyBirthday,139,29930.2,F,1,0.00371675,0.805789,1.43986,1.15748,F
233,1,HappyBirthday,219,29930,M,1,0.0115293,29.1643,0.946985,3.60621,F
234,1,HappyBirthday,1112,2555,F,1,0.0103852,0.794999,1188.56,8.53192,F
234,1,HappyBirthday,1176,1825,F,1,0.00108427,2.07879,2529.4,1.12204,F
234,1,HappyBirthday,1247,1095,M,0,0,0.0276851,0,0,F
234,1,HappyBirthday,937,30660.9,M,1,0.00015055,0.821411,88.6742,0.0675004,F
235,1,HappyBirthday,170,9855,M,1,0.126828,8.33985,2297.38,43.5703,F
235,1,HappyBirthday,231,6935.03,M,1,0.148128,0.432103,4670.7,136.936,F
235,1,HappyBirthday,1025,3650,F,1,0.00395283,0.542789,555.35,4.10714,F
235,1,HappyBirthday,746,13140.3,F,1,0.126423,0.122981,261.471,48.4293,F
235,1,HappyBirthday,865,7300.85,F,1,0.00934358,0.754846,0.437338,2.92006,F
235,1,Births,1360,0,M,0,0,0.0405083,0,0,F
235,1,Births,1361,0,M,0,0,0.81434,0,0,F
238,1,HappyBirthday,798,6205.05,M,1,0.00121423,0.691762,4.80893,0.379166,F
239,1,HappyBirthday,1026,3650,F,1,4.54045e-05,0.0297056,203465,0.463313,F
239,1,HappyBirthday,977,12410.2,F,1,0.00318647,1.56246,2523.3,1.97655,F
240,1,HappyBirthday,943,4745.81,M,1,0.000718943,0.0994393,1737.67,0.603618,F
240,1,Births,1362,0,M,0,0,0.115839,0,0,F
241,1,HappyBirthday,353,9490.58,F,1,0.618386,0.544909,14.3304,309.75,F
241,1,HappyBirthday,1285,730,F,1,0.457799,1.09337,4555.49,684.885,F
241,1,HappyBirthday,716,9125.95,M,1,0.0069441,0.0854729,0.0060454,2.16589,F
241,1,HappyBirthday,797,18615.3,M,1,0.0099852,0.112398,0.52181,3.12174,F
242,1,HappyBirthday,623,8395.76,F,1,0.017386,1.08006,45.9961,6.11502,F
242,1,HappyBirthday,790,16425.3,M,1,0.00171057,0.142438,0.0309236,0.532226,F
242,1,Births,1363,0,M,0,0,0.0922968,0,0,F
243,1,HappyBirthday,167,5475.74,M,1,0.159297,0.996805,1.59105,53.9253,F
243,1,HappyBirthday,1142,2190,F,1,0.00462309,0.139977,115.101,1.64618,F
244,1,HappyBirthday,117,12045.4,M,1,5.55017e-05,0.327529,50.912,0.0185794,F
244,1,HappyBirthday,220,32120.7,M,1,0.000344016,0.535584,873.269,0.24567,F
244,1,HappyBirthday,281,5840.18,M,1,0.0061472,0.375985,503.641,2.3393,F
245,1,HappyBirthday,10,20805.2,M,1,6.32548e-05,0.892924,15.0205,0.020741,F
245,1,HappyBirthday,180,8395.75,F,1,0.0533984,20.5771,64.7873,18.9343,F
246,1,HappyBirthday,87,14600.1,M,1,0.000258379,0.699791,746.391,0.163346,F
246,1,HappyBirthday,176,16790.9,M,1,0.000189742,0.530433,21.78,0.0606972,F
246,1,HappyBirthday,538,10220.5,M,1,0.197559,4.35506,34.3631,68.4298,F
246,1,HappyBirthday,567,17885.8,M,1,0.000157462,0.0523379,177.652,0.0632404,F
247,1,HappyBirthday,197,4015.37,F,1,0.000312535,2.32908,0.0160246,0.0971646,F
247,1,HappyBirthday,1084,2920,M,1,0.0304818,4.17361,17.2927,9.65562,F
247,1,HappyBirthday,1286,730,F,1,0.017824,0.955125,714.684,6.60259,F
247,1,HappyBirthday,888,13870.3,F,1,0.426047,0.817472,4724.18,491.06,F
247,1,HappyBirthday,925,5840.94,F,0,0,0.073178,0,0,F
248,1,HappyBirthday,234,4380.39,M,1,0.000235313,5.90925,23.6105,0.0795478,F
248,1,HappyBirthday,886,28470.9,M,1,0.0184714,5.29892,18.2607,5.945,F
249,1,HappyBirthday,1027,3650,F,1,0.00744294,2.09785,561,4.12174,F
249,1,HappyBirthday,8,10950.9,F,1,0.0501167,0.283867,135.533,19.2857,F
249,1,HappyBirthday,931,8395.69,M,1,0.000576478,0.404687,71.9092,0.209425,F
250,1,HappyBirthday,236,4380.88,F,1,0.0254245,12.0281,106.039,9.1477,F
250,1,HappyBirthday,1328,365,F,1,0.280931,0.167525,11.2794,102.525,F
250,1,HappyBirthday,1177,1825,M,1,0.229677,0.504218,12631.3,106.691,F
251,1,HappyBirthday,456,6935.39,M,1,0.118123,0.285788,260.448,57.0836,F
252,1,HappyBirthday,1211,1460,F,1,0.44393,2.20994,428.552,320.919,F
252,1,HappyBirthday,189,9490.18,M,1,0.025355,5.08147,6.82767,8.25579,F
252,1,HappyBirthday,1053,3285,M,1,0.0331343,1.04667,147.537,12.6257,F
253,1,HappyBirthday,286,13870,F,1,0.00694106,0.464649,1089.13,5.42683,F
254,1,HappyBirthday,442,4015.83,M,0,0,0.015636,0,0,F
254,1,HappyBirthday,560,28835.3,F,1,0.635174,1.15137,157.645,376.077,F
254,1,HappyBirthday,605,15695.7,F,0,0,0.230024,0,0,F
254,1,HappyBirthday,1178,1825,M,0,0,0.0121202,0,0,F
255,1,HappyBirthday,257,13505.2,F,1,8.61292e-06,0.764428,3706.03,0.0079324,F
255,1,HappyBirthday,745,9490.88,F,1,0.00459703,0.380826,0.173138,1.43216,F
256,1,HappyBirthday,1054,3285,F,1,0.0508415,0.818006,13277,27.8545,F
256,1,HappyBirthday,1330,365,F,1,8.67694e-05,0.172685,9.87833,0.0281688,F
256,1,HappyBirthday,489,5840.96,F,1,2.12982e-07,0.0445289,4911.34,0.0010744,F
256,1,HappyBirthday,1287,730,M,0,0,0.0992223,0,0,F
256,1,HappyBirthday,1329,365,M,1,0.0392557,1.57647,8656.07,76.9794,F
257,1,HappyBirthday,564,14965.8,M,1,0.402464,0.184239,1365.94,449.35,F
257,1,HappyBirthday,904,13870.8,M,1,2.92522e-05,0.664158,0.0111564,0.0090754,F
258,1,HappyBirthday,196,30660.7,M,1,0.0004517,0.0888534,24191.9,0.497719,F
258,1,HappyBirthday,570,5110.07,M,1,0.000848879,2.84424,0.00134898,0.263983,F
258,1,HappyBirthday,815,12410.2,F,1,0.000233552,0.576092,75237.4,2.79575,F
258,1,HappyBirthday,934,13140.9,F,1,0.0125221,2.19709,404.057,4.58492,F
259,1,HappyBirthday,100,8760.69,M,1,0.0247532,6.14175,2.55077,7.87286,F
259,1,HappyBirthday,211,25550.1,M,1,0.000552069,1.38707,11.1324,0.174515,F
259,1,HappyBirthday,246,20805.2,M,1,0.00506645,1.65337,1184.26,7.19633,F
259,1,HappyBirthday,999,18250.3,F,1,0.000344626,38.4745,5.41093,0.107315,F
260,1,HappyBirthday,1179,1825,F,1,0.00332305,0.754242,153.026,1.36541,F
260,1,HappyBirthday,116,5110.64,M,1,0.0123739,0.583955,0.00860436,3.86874,F
260,1,HappyBirthday,1145,2190,M,1,0.163421,1.26542,2166.28,80.7528,F
260,1,HappyBirthday,776,8760.55,M,1,0.0103091,2.81712,37.4908,3.76838,F
260,1,HappyBirthday,831,25185.7,F,1,0.0030886,0.225812,52.5505,1.04805,F
261,1,HappyBirthday,1085,2920,M,1,0.00281467,0.16511,588.11,1.52892,F
261,1,HappyBirthday,1212,1460,M,1,0.101069,0.910447,7680.28,268.879,F
261,1,HappyBirthday,1114,2555,M,1,0.000499273,0.105003,0.900693,0.155403,F
261,1,Births,1364,0,F,0,0,0.0722396,0,0,F
263,1,HappyBirthday,1288,730,F,1,0.00464983,0.118914,874.078,4.52857,F
263,1,HappyBirthday,1331,365,M,1,0,0.0974353,0.0206976,0,F
263,1,HappyBirthday,451,5475.33,F,1,0.263742,1.92086,279.213,202.492,F
263,1,HappyBirthday,1147,2190,F,1,0.00152036,4.92645,0.193472,0.473159,F
263,1,HappyBirthday,1146,2190,F,1,0.100459,6.14343,248.476,54.3179,F
264,1,HappyBirthday,460,11680.1,F,0,0,0.0406761,0,0,F
264,1,HappyBirthday,533,20440.1,M,1,0.0996328,0.354757,1014.75,79.5912,F
264,1,HappyBirthday,967,7665.5,F,1,0.000123359,1.83353,0.0065408,0.038311,F
265,1,HappyBirthday,22,9855.25,F,1,0.0448808,0.285546,1.47637,14.3563,F
265,1,HappyBirthday,390,4380.06,F,1,0.00140372,0.727203,282.659,0.44906,F
265,1,HappyBirthday,395,17520.4,F,1,0.540133,0.604835,67.8496,300.413,F
265,1,HappyBirthday,995,5475.02,M,1,0.00212494,0.249576,340.417,0.715204,F
265,1,HappyBirthday,801,6570.14,F,1,0.000113284,1.25034,13545.9,0.0580465,F
266,1,HappyBirthday,101,13505.4,F,1,0.147235,1.49314,0.223138,49.4994,F
266,1,HappyBirthday,400,8760.96,F,1,0.00055311,0.749102,14.2473,0.172557,F
266,1,HappyBirthday,558,6935.64,F,1,0.000953406,0.197747,532.832,0.297188,F
266,1,HappyBirthday,920,14965.1,M,0,0,0.240083,0,0,F
267,1,HappyBirthday,299,16060.1,M,1,0.00105927,0.890597,171.608,0.393438,F
268,1,HappyBirthday,150,8395.18,F,1,0.0008298,2.23686,1.14082,0.259457,F
268,1,Births,1365,0,M,0,0,1.00675,0,0,F
269,1,HappyBirthday,144,16425.3,M,1,0.0176407,1.73787,5.59082,5.65098,F
269,1,HappyBirthday,175,5840.41,M,1,0.000208536,2.553,9.86031,0.064845,F
269,1,HappyBirthday,966,21170.4,M,1,0.00147593,0.341042,3.67923,0.461027,F
269,1,HappyBirthday,1087,2920,M,1,0.324185,0.863956,0.753646,122.097,F
269,1,HappyBirthday,501,6570.37,M,1,0.072794,1.09474,462.086,39.6467,F
269,1,HappyBirthday,621,13505.9,F,1,0.0341164,5.68839,1565.05,11.2813,F
269,1,Births,1366,0,F,0,0,0.0107788,0,0,F
270,1,HappyBirthday,156,13140.5,M,1,0.0391037,3.62393,1830.12,27.5174,F
270,1,HappyBirthday,161,10950.1,M,1,0.0710755,1.76858,12.509,24.3574,F
270,1,HappyBirthday,262,4745.28,M,1,0.00208271,9.09205,0.139304,0.647614,F
270,1,HappyBirthday,502,4380.2,F,0,0,0.0688141,0,0,F
271,1,HappyBirthday,948,19345.2,F,1,0.00680018,1.91783,47.0662,2.20063,F
272,1,HappyBirthday,107,14235.2,F,0,0,0.0655782,0,0,F
273,1,HappyBirthday,17,6205.46,F,1,0.0165943,6.04723,296.687,5.54337,F
273,1,HappyBirthday,540,6570.98,F,1,0.345967,0.0942104,30031.7,1234.23,F
273,1,HappyBirthday,832,11680.2,F,1,0.137154,0.538235,1295.64,50.6336,F
273,1,Births,1367,0,M,0,0,0.162389,0,0,F
274,1,HappyBirthday,263,10220.7,M,1,0.000811312,0.373124,0.033822,0.252254,F
274,1,HappyBirthday,863,17155.6,M,1,0.0405565,0.775007,3.94142,12.875,F
275,1,HappyBirthday,1115,2555,F,1,0.085456,13.6227,369.532,30.8626,F
276,1,HappyBirthday,255,4015.54,M,1,0.0289815,10.0953,5.60563,9.23662,F
276,1,HappyBirthday,1248,1095,M,1,0.623683,0.0783842,52.1399,330.871,F
277,1,HappyBirthday,205,8760.3,F,1,0.0617798,15.0255,45.4184,19.8185,F
277,1,HappyBirthday,261,26645.8,M,0,0,0.242497,0,0,F
277,1,HappyBirthday,1056,3285,M,1,0.466173,0.245942,6627.04,457.998,F
279,1,HappyBirthday,1213,1460,M,1,0.000108363,0.127681,0,0.0336412,F
279,1,HappyBirthday,1249,1095,F,1,0.000369328,0.143505,1.05042,0.114791,F
280,1,HappyBirthday,1028,3650,F,1,0.434901,0.314474,29.8737,184.624,F
280,1,HappyBirthday,507,9490.97,F,1,0.058077,0.973698,45.3248,21.7804,F
280,1,HappyBirthday,868,13870.1,F,1,0.0127852,0.431668,6.18078,3.99937,F
281,1,HappyBirthday,1116,2555,M,1,0.084602,0.0723135,118.865,31.6599,F
281,1,HappyBirthday,633,6570.63,M,1,0.00727912,0.155041,341.09,2.66459,F
281,1,HappyBirthday,645,14235.4,F,1,0,0.790841,406.343,0,F
281,1,HappyBirthday,869,8030.9,M,1,0.0624131,0.293369,1622.97,22.9128,F
282,1,HappyBirthday,543,19710.3,M,1,0.0022155,0.649395,29230.6,2.36708,F
282,1,HappyBirthday,1250,1095,M,1,0.000805517,10.2374,57.633,0.274844,F
282,1,HappyBirthday,697,4380.33,M,1,0.00037414,1.33714,38.4472,0.120896,F
282,1,HappyBirthday,817,15695.9,F,1,0.00908704,7.11627,0.815138,2.83788,F
283,1,HappyBirthday,177,5840.08,F,1,0.0108265,0.51688,182.913,5.65309,F
283,1,HappyBirthday,768,5110.21,M,1,0.0108137,1.84194,4997.57,4.16474,F
283,1,HappyBirthday,812,4015.5,F,1,0.0886894,1.39409,9525.38,62.7408,F
284,1,HappyBirthday,1251,1095,F,0,0,0.0233552,0,0,F
284,1,HappyBirthday,118,6205.68,M,1,0,0.37441,0.00688216,0,F
284,1,HappyBirthday,1148,2190,F,1,0,0.203676,0,0,F
284,1,Births,1368,0,M,0,0,0.0849694,0,0,F
285,1,HappyBirthday,1332,365,F,1,0.000943871,0.286775,4076.04,0.736717,F
285,1,Births,1369,0,M,0,0,0.328516,0,0,F
286,1,HappyBirthday,991,13140.3,M,1,0.0973483,0.499038,144.951,34.2185,F
286,1,HappyBirthday,181,29200.8,M,1,0.00569309,0.145586,36.8145,1.90539,F
286,1,HappyBirthday,240,4380.25,F,1,3.2802e-05,0.0618972,2.28387,0.010284,F
287,1,HappyBirthday,537,5475.53,F,1,0.00033567,36.1686,2.33582,0.104523,F
287,1,HappyBirthday,628,13140.4,F,1,0.00010379,3.2555,24785.9,0.393648,F
288,1,HappyBirthday,552,4380.66,M,1,0.0341063,2.94785,9.37982,11.2554,F
289,1,HappyBirthday,646,5475.51,F,1,0.00815891,0.425104,14.2356,2.54739,F
289,1,HappyBirthday,882,10950.5,M,1,0.0162307,0.721773,127.23,7.75086,F
289,1,HappyBirthday,916,7665.01,M,1,0.00170582,10.2053,4176.53,2.1859,F
290,1,HappyBirthday,42,4015.49,F,1,0.00445861,1.46794,7.77251,1.39216,F
290,1,HappyBirthday,1180,1825,M,1,0.106002,0.751068,12490,469.986,F
291,1,HappyBirthday,39,6205.42,M,1,0.0665123,3.06461,0.122583,21.392,F
291,1,HappyBirthday,242,24820.9,M,1,0.167474,0.437813,3453.71,354.918,F
291,1,HappyBirthday,470,4745.69,F,1,0.00248565,1.25276,6.63979,0.774687,F
291,1,HappyBirthday,675,19345,F,1,0.171506,2.4508,49780.3,665.14,F
292,1,HappyBirthday,28,8395.08,F,1,0.0027747,1.15562,47.7709,1.05559,F
292,1,HappyBirthday,1289,730,F,0,0,0.0377045,0,0,F
292,1,HappyBirthday,72,4745.98,M,1,0.00153799,0.541787,11.6205,0.486499,F
292,1,HappyBirthday,218,10220.3,M,1,0.117044,0.599677,10.6901,39.9142,F
292,1,HappyBirthday,1214,1460,M,0,0,0.0733855,0,0,F
292,1,HappyBirthday,1290,730,M,1,0.0983219,1.03255,10711.1,793.141,F
294,1,HappyBirthday,349,5475.18,F,1,0.0149169,1.31727,39.3576,5.5055,F
294,1,HappyBirthday,505,11680.6,M,1,0.184205,4.4158,8025.69,131.872,F
294,1,HappyBirthday,1089,2920,M,1,0.212585,1.17129,8.23388,74.3151,F
295,1,HappyBirthday,1057,3285,M,1,0.0143073,0.557826,40.7861,5.05379,F
295,1,HappyBirthday,536,21900.1,F,1,0.0287917,0.736745,30.4305,10.2324,F
295,1,HappyBirthday,1181,1825,M,1,0.029911,0.101077,49.8176,10.247,F
295,1,HappyBirthday,939,25185.2,M,1,0.178362,0.538003,524.045,69.5402,F
297,1,HappyBirthday,31,5840.58,M,1,1.2895e-06,1.77252,1933.36,0.00151912,F
297,1,HappyBirthday,423,6570.73,M,1,0.00156382,0.232032,2204.11,1.99807,F
297,1,HappyBirthday,525,11315.1,M,1,0.241458,0.225117,2266.95,93.5752,F
297,1,HappyBirthday,796,9855.95,F,1,0.192528,0.100743,57.5957,79.026,F
299,1,HappyBirthday,29,18615.9,M,1,0.0814008,1.55459,591.49,84.0067,F
299,1,HappyBirthday,49,5840.23,F,1,0.0181277,0.448213,9553.08,16.6506,F
299,1,HappyBirthday,1291,730,M,1,0.0292994,1.29167,1570.68,13.6215,F
299,1,HappyBirthday,1292,730,F,1,0.216948,1.11659,7004.1,83.0158,F
299,1,HappyBirthday,1090,2920,F,1,0.000452875,0.100893,4.60048,0.140719,F
299,1,HappyBirthday,700,16060.3,M,1,0.00348757,0.830982,596.625,2.02939,F
299,1,HappyBirthday,786,19710.1,M,1,0.00103459,5.53325,2.25898,0.324733,F
300,1,HappyBirthday,307,14235.6,M,1,0.0018489,2.09741,60.8086,0.577378,F
300,1,HappyBirthday,1182,1825,F,0,0,0.0768202,0,0,F
300,1,HappyBirthday,593,24820,M,1,0.467654,1.97233,18.4778,204.971,F
301,1,HappyBirthday,253,4745.05,M,1,0.00125278,1.44662,1.90088,0.390969,F
301,1,HappyBirthday,1029,3650,F,1,0.00246458,9.56485,1030.46,1.83678,F
301,1,HappyBirthday,1333,365,F,1,0.336191,0.085886,18038.9,915.802,F
301,1,Births,1370,0,M,0,0,0.00204279,0,0,F
302,1,HappyBirthday,1252,1095,M,1,0.0251457,0.241406,425.678,20.7275,F
302,1,HappyBirthday,109,17520.4,M,1,0,0.720297,1447.37,0,F
302,1,HappyBirthday,322,27375.5,F,1,0.251328,0.861162,1199.5,361.692,F
302,1,HappyBirthday,994,8760.86,F,1,0.00966881,20.056,176.471,3.06592,F
302,1,HappyBirthday,975,27375.9,M,1,0.151171,0.650189,81.764,58.0129,F
303,1,HappyBirthday,731,16425.4,F,1,4.44579e-05,3.0563,0.354844,0.0138348,F
304,1,HappyBirthday,1253,1095,F,1,0.0002366,0.230327,1.31464,0.0735884,F
304,1,HappyBirthday,713,4380.37,F,1,0.00178282,11.5685,0.0396548,0.554718,F
304,1,HappyBirthday,940,9490.57,M,1,0.0179457,0.316611,46435.1,43.1105,F
305,1,HappyBirthday,376,17155.8,F,1,0.000566561,18.8166,1.4e-06,0.17602,F
305,1,HappyBirthday,1183,1825,F,1,0.117736,0.276424,384.83,51.6532,F
305,1,HappyBirthday,885,23725.2,M,1,0.0772115,1.08353,11.3727,25.3971,F
306,1,HappyBirthday,1184,1825,F,1,0.0431614,0.793553,5.16302,13.7424,F
306,1,HappyBirthday,1118,2555,M,1,0.0341215,0.348021,13.254,10.8476,F
307,1,HappyBirthday,35,10585.9,M,1,0.0107528,3.40318,1.25096,3.3808,F
307,1,HappyBirthday,248,9855.91,M,1,0.6286,0.346599,656.518,320.695,F
307,1,HappyBirthday,282,7665.13,M,1,0.755264,0.733655,79.8718,483.729,F
307,1,HappyBirthday,433,18615.2,M,1,0,0.187611,0.0483004,0,F
307,1,HappyBirthday,598,13505.6,M,1,0.00710807,0.262616,188.518,3.44258,F
307,1,HappyBirthday,714,5475.11,F,1,0.0071034,5.67193,3.23729,2.2511,F
307,1,HappyBirthday,1149,2190,M,0,0,0.057055,0,0,F
307,1,HappyBirthday,1216,1460,M,1,0.0157646,0.361057,207207,161.235,F
307,1,HappyBirthday,1185,1825,F,1,0.434647,0.659694,888.385,217.123,F
308,1,HappyBirthday,397,26645.2,F,1,0.0103985,0.18643,0.123621,3.24885,F
308,1,HappyBirthday,411,7665.14,F,1,0.00108281,0.353714,1041.29,0.438086,F
308,1,HappyBirthday,889,24455.7,M,0,0,0.165296,0,0,F
309,1,HappyBirthday,124,35040.9,F,1,0.374799,1.53978,1154.96,172.888,F
309,1,HappyBirthday,1119,2555,M,1,0.0117772,0.0978561,25705.4,20.5672,F
309,1,HappyBirthday,1150,2190,M,1,0.00179297,0.497694,0.841537,0.560174,F
309,1,HappyBirthday,802,6570.78,M,1,0.00172734,6.5743,195.869,0.537269,F
310,1,HappyBirthday,554,4015.65,M,1,0.135448,0.559301,2.45084,45.2483,F
311,1,HappyBirthday,13,5110.37,M,1,0.130846,0.344594,301.195,44.1761,F
311,1,HappyBirthday,1120,2555,F,1,7.92131e-06,1.4651,42487.4,0.00858713,F
311,1,HappyBirthday,965,4380.78,F,1,0.569789,1.33156,4.29236,263.706,F
311,1,HappyBirthday,1294,730,F,1,0.0172014,0.763371,29.3657,6.01835,F
311,1,HappyBirthday,960,29200.6,F,1,0.0317424,1.20503,30684.6,46.9529,F
312,1,HappyBirthday,309,18615.6,F,1,0.571689,0.946755,24.9691,286.265,F
312,1,HappyBirthday,344,9490.54,M,1,0.261895,2.42002,971.782,312.531,F
312,1,Births,1371,0,F,0,0,0.00736771,0,0,F
313,1,HappyBirthday,293,5840.33,M,1,0.00037707,0.399183,22.039,0.127122,F
313,1,HappyBirthday,339,17155.8,M,1,0.00181029,1.65092,0.491163,0.56394,F
313,1,HappyBirthday,483,19710.1,F,1,0.0323373,0.316691,706.961,15.8489,F
313,1,HappyBirthday,842,4380.81,M,1,0.00061193,0.0162563,0.236427,0.190186,F
314,1,HappyBirthday,375,20075,F,0,0,0.113317,0,0,F
315,1,HappyBirthday,1295,730,M,1,0.312346,0.0614103,9518.18,596.453,F
316,1,HappyBirthday,383,19345.3,M,1,0.000856182,1.53386,0.832804,0.26622,F
316,1,HappyBirthday,488,5840.28,F,1,0.000466963,0.288587,0.00128721,0.145109,F
316,1,HappyBirthday,846,11315.9,M,1,0.00204404,0.171867,681.682,0.665525,F
317,1,HappyBirthday,184,14235.3,M,1,0.00453357,0.986672,1.15841,1.41709,F
317,1,HappyBirthday,379,10585.9,F,1,0.0749415,2.77036,24.8761,25.1403,F
317,1,HappyBirthday,582,8395.73,M,1,0.0547154,0.858031,700.409,63.6779,F
317,1,HappyBirthday,736,4015.93,M,1,0.0239283,1.78765,1.17022,7.52722,F
317,1,HappyBirthday,1334,365,M,1,0.173885,0.186324,6.15956,59.5126,F
318,1,HappyBirthday,406,18615.9,F,1,0.00298548,1.98699,13.7709,0.985289,F
318,1,HappyBirthday,852,17520.8,F,1,0.428405,0.18191,509.238,178.799,F
319,1,HappyBirthday,202,4015.37,F,1,7.02501e-05,3.05993,1.18264,0.0218439,F
319,1,HappyBirthday,384,26280.3,F,1,0.00290206,0.20693,12.1677,0.959019,F
320,1,HappyBirthday,50,14965.3,F,1,0.106853,0.136813,346.012,35.1254,F
320,1,HappyBirthday,1058,3285,F,0,0,0.0405507,0,0,F
321,1,HappyBirthday,315,9855.6,F,1,0.080639,0.612695,13.1725,26.4885,F
321,1,HappyBirthday,1335,365,M,1,0.19741,2.1002,177.13,87.8484,F
322,1,HappyBirthday,1296,730,F,1,0.962934,0.0892315,42.4097,1039.73,F
322,1,HappyBirthday,85,5840.77,F,1,0.00832423,12.3494,3507.24,3.18868,F
322,1,HappyBirthday,1254,1095,M,1,0.273455,0.139127,19.5217,104.376,F
322,1,HappyBirthday,542,24455.8,M,1,0.479429,0.330329,169.573,329.77,F
322,1,HappyBirthday,893,13870,M,1,0.0703091,0.117516,44.1655,24.9123,F
323,1,HappyBirthday,476,12410.1,M,1,0.0478269,0.308451,0.0285498,15.2324,F
323,1,HappyBirthday,521,26280.3,F,1,0.22051,0.266611,1924.71,85.5441,F
324,1,HappyBirthday,1297,730,M,1,0.128582,0.302575,28.0662,48.3494,F
325,1,HappyBirthday,679,4745.81,F,1,0.00070799,2.8416,21703.9,0.424882,F
325,1,HappyBirthday,722,6205.76,F,1,0.0202513,0.445636,4.20411,6.39337,F
325,1,HappyBirthday,900,8395.18,M,1,0.0347068,17.542,3.04157,11.0365,F
326,1,HappyBirthday,1298,730,M,1,0.0427468,4.78222,71.9016,15.2522,F
326,1,HappyBirthday,1121,2555,F,1,0.0300018,1.92833,28.0264,9.83492,F
326,1,HappyBirthday,516,10220.3,M,1,0.209589,1.36417,679.984,83.9294,F
326,1,HappyBirthday,599,8395.44,F,1,0.875113,0.196071,5.03644,656.646,F
326,1,HappyBirthday,626,5840.89,F,1,0.00601673,1.55624,0.135634,1.87638,F
328,1,HappyBirthday,108,8760.38,M,1,0.00369501,1.85164,0.102985,1.15084,F
328,1,HappyBirthday,1217,1460,M,1,0.0172007,0.0905229,37160.4,65.1142,F
329,1,HappyBirthday,114,34310.3,M,1,0.0230718,0.240526,401.289,12.0754,F
329,1,HappyBirthday,162,7300.43,M,1,0,1.11043,0.240925,0,F
329,1,HappyBirthday,448,12410.4,M,1,0.0128663,0.136758,15.863,4.13428,F
329,1,HappyBirthday,696,5110.13,F,1,0.00348143,2.57686,64.2695,1.18127,F
330,1,HappyBirthday,279,12775.2,M,1,0.000254245,0.592824,0.000318,0.0790522,F
330,1,HappyBirthday,1336,365,M,1,0.0182896,1.02806,182.141,7.35364,F
330,1,HappyBirthday,297,13505.9,F,1,0.00368298,19.8717,5834.08,3.37169,F
330,1,HappyBirthday,380,19345.2,F,1,0.000225918,0.758413,1.66014,0.07029,F
330,1,HappyBirthday,987,15695,M,1,0.0647759,1.14926,2551.5,27.0758,F
330,1,HappyBirthday,1218,1460,M,0,0,0.0289295,0,0,F
330,1,HappyBirthday,753,6570.35,F,1,0.0238388,1.80085,144.571,12.3183,F
331,1,HappyBirthday,212,4745.56,M,1,0.491959,1.91234,25.8433,216.741,F
331,1,HappyBirthday,659,4015.56,M,1,0,0.27286,6.63383,0,F
332,1,HappyBirthday,514,9855.8,M,1,0.148656,0.183541,1.26436,50.0303,F
332,1,HappyBirthday,781,4745.44,F,1,0.0338131,0.274759,514.191,12.7205,F
333,1,HappyBirthday,1186,1825,M,1,0.0221179,0.728329,51.6607,7.4586,F
333,1,HappyBirthday,238,16060.1,F,1,0.00184202,0.0655318,1.59922,0.573087,F
333,1,HappyBirthday,890,10220.6,M,1,0.783938,46.9762,2.28118,480.123,F
334,1,HappyBirthday,23,15695.8,M,1,0.47182,0.355557,14.4471,198.654,F
334,1,HappyBirthday,1219,1460,M,1,0.0174264,5.39239,48.1994,5.82814,F
334,1,HappyBirthday,1059,3285,M,0,0,0.184403,0,0,F
334,1,HappyBirthday,695,29565.2,F,1,0.0230512,0.260972,1390.71,9.8507,F
335,1,HappyBirthday,16,10220.9,F,1,0.0258236,1.11744,0.224085,8.13941,F
335,1,HappyBirthday,283,14600.2,M,1,0.00238667,0.842199,1727.34,2.62744,F
335,1,HappyBirthday,401,17885.1,F,1,2.68684e-05,3.83051,1010.73,0.0211718,F
335,1,HappyBirthday,1337,365,M,1,0.523621,0.143218,41.1189,243.296,F
336,1,HappyBirthday,203,26280.4,F,1,0.00405333,2.57304,4.94305,1.29338,F
336,1,HappyBirthday,492,20805.2,M,1,0.785985,0.28457,8.91105,490.073,F
336,1,HappyBirthday,1338,365,M,1,0.866447,0.563808,110.062,848.924,F
336,1,HappyBirthday,779,24090.7,M,1,0.00733614,3.53906,0.0091184,2.28847,F
337,1,HappyBirthday,996,26280,M,1,0.112335,0.707707,2.88209,37.1417,F
337,1,HappyBirthday,1060,3285,F,1,0.0109508,2.88163,8.45773,3.47422,F
338,1,HappyBirthday,508,15695,M,1,0.29855,0.1121,274.08,130.935,F
338,1,HappyBirthday,515,9490.84,M,1,0.280879,2.03786,1.79161,102.736,F
340,1,HappyBirthday,1339,365,F,1,0.000578044,0.70629,213.436,0.322093,F
340,1,HappyBirthday,1255,1095,F,1,0.000629035,5.58534,51.429,0.246185,F
340,1,HappyBirthday,913,4745.87,M,0,0,0.0373084,0,0,F
342,1,HappyBirthday,1299,730,M,1,0.0144025,3.34071,33567.5,42.6978,F
342,1,Births,1372,0,F,0,0,0.00740703,0,0,F
343,1,HappyBirthday,1151,2190,F,1,0.0958635,8.48764,16.5652,33.1895,F
344,1,HappyBirthday,27,14600.4,F,1,5.8454e-06,0.431579,0.0150206,0.0018212,F
344,1,HappyBirthday,680,35040.1,F,1,0.00321723,6.78896,38.4778,1.00298,F
346,1,HappyBirthday,295,14965.2,F,1,0.00150053,0.234121,57.9196,0.507332,F
346,1,HappyBirthday,1256,1095,F,1,0.0172647,0.865591,132.77,6.55405,F
347,1,HappyBirthday,1188,1825,F,1,0.00392589,2.40702,7901.18,1.41139,F
347,1,HappyBirthday,748,13140.7,F,1,0.00121942,0.215157,38.7266,0.404694,F
348,1,HappyBirthday,1189,1825,F,1,0.612752,0.752712,24.3032,294.885,F
349,1,HappyBirthday,1220,1460,M,1,0.15229,1.70737,97.2766,56.5283,F
349,1,HappyBirthday,398,6935.77,M,1,0.064722,0.459747,12.0264,22.0523,F
349,1,HappyBirthday,1190,1825,M,1,0.000486073,12.1196,132.506,0.17614,F
349,1,HappyBirthday,1340,365,M,0,0,0.0863239,0,0,F
349,1,HappyBirthday,1091,2920,F,1,0.000725008,1.63397,170.692,0.27882,F
350,1,HappyBirthday,174,13505.5,M,1,0.00820751,1.17721,1.19078,2.56578,F
350,1,HappyBirthday,651,10950.4,F,1,0.0084377,3.24119,18.3135,2.8505,F
351,1,HappyBirthday,1221,1460,M,1,0.0874798,0.179617,30.6221,32.8469,F
351,1,HappyBirthday,80,4745.48,F,1,0.00110412,1.05922,0.00829888,0.343312,F
351,1,HappyBirthday,284,13140.2,M,1,0.000651031,0.131605,5.49564,0.208152,F
351,1,HappyBirthday,312,7300.13,M,1,0.00347964,6.68385,305.785,1.18236,F
351,1,HappyBirthday,1123,2555,F,1,0.150142,2.06229,142.569,78.8318,F
352,1,HappyBirthday,1300,730,F,0,0,0.0723208,0,0,F
352,1,HappyBirthday,823,12410.7,F,1,0.0240974,1.52571,2862.15,61.856,F
353,1,HappyBirthday,1124,2555,F,1,0.00552048,0.150318,2538.12,13.7567,F
353,1,HappyBirthday,378,28105.8,F,1,0.070329,1.21726,21.3845,22.6644,F
353,1,HappyBirthday,422,4380.63,F,1,0.00661414,0.907713,1.7991,2.07782,F
353,1,HappyBirthday,959,5475.38,M,1,0.000288413,0.717067,547.485,0.291074,F
353,1,HappyBirthday,671,12775.2,M,1,0.0539504,0.171539,213.264,30.6902,F
353,1,HappyBirthday,911,23725.4,F,1,0.000322379,1.10819,12.3593,0.100546,F
354,1,HappyBirthday,1302,730,F,1,0.0878851,0.323405,152.267,35.3428,F
354,1,HappyBirthday,500,6570.71,F,1,0.284321,1.59902,1490.76,106.342,F
354,1,HappyBirthday,1153,2190,F,1,0.0094546,11.4982,113.416,3.46571,F
354,1,HappyBirthday,557,5840.79,F,1,1.00433e-05,1.78501,4.41516,0.00313912,F
354,1,HappyBirthday,561,4745,F,1,0.00453475,1.20787,67.221,1.65107,F
354,1,HappyBirthday,664,29930.6,F,1,0,0.728503,0.212873,0,F
355,1,HappyBirthday,1062,3285,M,1,0.0153026,3.17801,22.9462,4.93827,F
355,1,HappyBirthday,1303,730,F,0,0,0.00395772,0,0,F
355,1,HappyBirthday,337,6935.94,F,1,0.00188827,4.74441,23.4279,0.648634,F
356,1,HappyBirthday,348,15330.3,F,1,0.0169726,4.55051,206.856,9.37542,F
357,1,HappyBirthday,1304,730,M,1,0.000382624,0.248076,33.0353,0.137602,F
357,1,HappyBirthday,891,10585.7,F,1,0.111127,0.401631,0.198723,36.6101,F
357,1,Births,1373,0,M,0,0,0.00107158,0,0,F
358,1,HappyBirthday,7,11680,F,1,0.00517002,2.66201,7750.32,8.72147,F
358,1,HappyBirthday,1092,2920,F,1,0.00257388,3.83602,47.6677,0.857181,F
359,1,HappyBirthday,1125,2555,F,1,0.0226602,0.0752592,13006.8,196.226,F
359,1,HappyBirthday,816,8760.6,F,1,0.0184867,0.955328,98.97,5.80356,F
360,1,HappyBirthday,155,28835.8,M,1,3.88824e-05,1.22188,19.7153,0.0132998,F
361,1,HappyBirthday,484,25915.4,F,0,0,0.0293995,0,0,F
362,1,HappyBirthday,618,14235.5,F,1,0.000201043,19.3833,5755.31,0.251736,F
363,1,HappyBirthday,32,6205.5,M,1,0.0780465,0.380025,13.7895,26.6984,F
363,1,HappyBirthday,1093,2920,M,1,0.249188,0.68604,3146.62,93.8929,F
363,1,HappyBirthday,1126,2555,M,1,0.278005,0.809684,2.35857,101.294,F
363,1,HappyBirthday,629,6570.32,F,1,0.00310853,0.303917,35.303,0.971044,F
365,1,HappyBirthday,1191,1825,M,0,0,0.00811549,0,0,F
365,1,HappyBirthday,985,10950,M,1,0.196426,3.99208,1.0517,67.9633,F
365,1,HappyBirthday,1305,730,F,1,0.00306802,0.0296346,0.00200235,0.955002,F
365,1,HappyBirthday,325,15695.3,M,1,0.105921,1.75079,22.2264,35.1956,F
365,1,HappyBirthday,535,10585.9,F,1,0.00160031,0.124379,17.9935,0.534769,F
365,1,HappyBirthday,1342,365,M,0,0,0.019858,0,0,F
365,1,HappyBirthday,849,6570.92,F,1,0.00138278,0.448501,0.536954,0.431248,F
366,1,HappyBirthday,499,8395.35,M,1,0.0488659,9.46311,1.98729,15.5829,F
366,1,HappyBirthday,1223,1460,M,1,0.00649248,15.2031,16859.2,4.39468,F
367,1,HappyBirthday,51,5110.45,F,1,0.00104164,2.18073,10.5697,0.324221,F
367,1,HappyBirthday,453,14235.9,M,1,0.00393741,10.6249,27314.3,8.07416,F
367,1,HappyBirthday,1224,1460,F,1,0.00872625,0.533441,0.118712,2.72567,F
367,1,HappyBirthday,898,8760.72,M,1,0.0962147,1.25626,149.186,32.4587,F
369,1,HappyBirthday,52,19710.1,M,1,0,0.191369,0,0,F
369,1,HappyBirthday,1257,1095,F,1,0.00404023,0.298302,87.6415,1.43033,F
370,1,HappyBirthday,585,22995.6,M,1,0.000168179,0.568035,20.2415,0.0570432,F
370,1,HappyBirthday,1127,2555,M,1,0.00488808,0.475626,0.32431,1.52319,F
371,1,HappyBirthday,565,13140.8,M,1,0.000414884,1.22367,4412.35,0.822433,F
371,1,HappyBirthday,613,5110.49,M,1,1.42044e-07,29.4225,3056.25,0.000219197,F
371,1,HappyBirthday,876,23725.2,F,1,0.00302298,0.276044,0.020029,0.940807,F
372,1,HappyBirthday,1128,2555,F,1,5.60562e-06,2.03095,1.70892,0.00177884,F
372,1,HappyBirthday,371,10585.2,M,1,0.000917062,0.0443397,0.0001406,0.285109,F
372,1,HappyBirthday,1094,2920,F,1,0.31338,0.214937,2.06452,117.969,F
372,1,HappyBirthday,858,22995.3,F,1,0.00156514,0.0965944,0.0008004,0.486758,F
372,1,HappyBirthday,880,4745.62,F,1,0.000469002,1.20049,3.27139,0.145957,F
372,1,HappyBirthday,908,13870.5,M,1,0.00128099,2.37907,9.63231,0.398774,F
373,1,HappyBirthday,178,10220,M,1,0.00347367,1.0708,1154.94,1.55343,F
373,1,HappyBirthday,624,14600.1,F,1,0.00782136,11.3862,50064.5,19.3295,F
373,1,HappyBirthday,1306,730,F,1,0.00222582,0.0711643,7.90707,0.712861,F
374,1,HappyBirthday,182,6935.67,F,1,0.004339,0.772525,208.36,1.78679,F
374,1,HappyBirthday,1225,1460,F,1,0.143834,1.21929,74499,743.235,F
374,1,HappyBirthday,546,7665.69,F,1,0.151324,5.0443,22.3068,52.0862,F
375,1,HappyBirthday,1095,2920,M,1,0.582446,0.370153,190.312,425.904,F
376,1,HappyBirthday,24,5110.69,M,1,0.000438146,0.309016,5.47974e-07,0.136224,F
376,1,HappyBirthday,38,11315.1,F,1,0.0030972,0.210567,4.53946,0.985788,F
376,1,HappyBirthday,377,10950.6,M,1,0.00250751,3.20113,542.746,1.086,F
377,1,HappyBirthday,56,6935.57,F,1,0.000161221,0.520904,3604.38,0.0805657,F
377,1,HappyBirthday,1226,1460,M,1,0.0524801,13.3413,5.68461,16.801,F
377,1,HappyBirthday,434,22995.6,F,1,0.156097,4.40668,154.258,53.6959,F
377,1,HappyBirthday,596,12410.6,F,0,0,0.149872,0,0,F
378,1,HappyBirthday,287,4745.24,F,1,0.0189843,0.963296,110.415,7.04403,F
379,1,HappyBirthday,449,5475.63,F,1,8.57324e-05,0.850808,377.27,0.0416468,F
379,1,HappyBirthday,581,15330.6,M,1,0.00858924,0.391914,420.071,2.68126,F
380,1,HappyBirthday,586,20440.2,F,0,0,0.221211,0,0,F
381,1,HappyBirthday,1227,1460,M,1,0.00224849,1.05177,9661.38,4.8438,F
381,1,HappyBirthday,928,4745.58,M,1,0.00821909,0.798073,372.012,3.81913,F
382,1,HappyBirthday,464,9490.8,M,1,0,0.615418,63.898,0,F
382,1,HappyBirthday,806,29565.9,M,1,0.000720977,3.57311,47.4872,0.239562,F
382,1,HappyBirthday,1002,4015,M,1,0.00159759,1.32004,85.07,0.614009,F
383,1,HappyBirthday,639,12045.3,F,1,0.000263747,2.15154,0,0.0819682,F
383,1,HappyBirthday,666,20805.6,F,1,0.00393257,0.845877,19.2103,1.26055,F
383,1,HappyBirthday,825,9125.23,F,1,0.000225555,0.201336,7.18253,0.0725936,F
384,1,HappyBirthday,122,18615.1,M,1,0.0640114,0.3827,0.834873,20.6308,F
384,1,HappyBirthday,1307,730,M,1,0.000700688,2.95317,114233,8.42202,F
384,1,HappyBirthday,616,17520.2,M,1,0.000337866,2.62631,0.15193,0.105098,F
384,1,HappyBirthday,1155,2190,M,0,0,0.0156627,0,0,F
386,1,HappyBirthday,68,10220.9,M,1,0.000343395,4.08185,47.6263,0.113882,F
386,1,HappyBirthday,127,9125.58,F,1,0.00232727,1.40562,2220.81,0.805081,F
387,1,HappyBirthday,509,9490.95,M,1,0.0473041,1.68677,3.50504,15.1543,F
387,1,HappyBirthday,710,4745.96,M,0,0,0.308435,0,0,F
387,1,HappyBirthday,821,6570.9,F,1,0.00128803,1.87579,11.844,0.403465,F
388,1,HappyBirthday,573,15695.1,M,1,0.136439,1.09043,3833.48,45.6693,F
389,1,HappyBirthday,55,12410.2,M,1,0.133774,4.28632,29.4043,50.3526,F
389,1,HappyBirthday,158,8760.27,F,1,0.00102754,10.6994,10.5691,0.325125,F
389,1,HappyBirthday,454,8030.67,M,1,0.00934781,1.06401,0.0196848,2.91853,F
390,1,HappyBirthday,1064,3285,M,1,0.011063,3.61996,3390.82,6.31136,F
390,1,HappyBirthday,426,15330.5,F,1,0.00186872,1.58321,20.9936,0.640849,F
390,1,HappyBirthday,642,9855.28,M,1,1.29162e-05,5.48547,7.53357,0.0041326,F
390,1,HappyBirthday,883,20805.3,F,1,0.00589011,0.419093,0.0002238,1.83638,F
391,1,HappyBirthday,548,12045.6,F,1,0.0957496,1.10175,0.763326,31.3011,F
391,1,Births,1374,0,F,0,0,0.0382038,0,0,F
391,1,Births,1375,0,F,0,0,0.00533871,0,0,F
392,1,HappyBirthday,1065,3285,M,0,0,0.0734828,0,0,F
392,1,HappyBirthday,1193,1825,M,1,0.00721932,0.191071,15.8265,2.42719,F
392,1,HappyBirthday,950,5475.25,M,0,0,0.101482,0,0,F
392,1,Births,1376,0,F,0,0,0.176578,0,0,F
393,1,HappyBirthday,164,8395.18,F,1,0.113301,0.126385,17.5968,38.1655,F
393,1,HappyBirthday,1343,365,M,0,0,0.0111903,0,0,F
394,1,HappyBirthday,486,14600,F,1,0.0115272,0.777209,0.0333114,3.60388,F
394,1,HappyBirthday,778,10220.4,M,1,0.00351641,0.990994,0.223085,1.09556,F
395,1,HappyBirthday,1000,10220.5,M,1,0.00086941,0.174855,1080.9,0.277144,F
395,1,HappyBirthday,673,5110.29,F,1,0.00259032,1.33025,335.905,1.18518,F
396,1,HappyBirthday,495,20805.9,M,1,0.000186863,1.0424,81328.9,0.426036,F
396,1,HappyBirthday,717,19345.1,M,1,0.00125126,0.880739,0.074813,0.389067,F
397,1,HappyBirthday,1194,1825,M,1,0.0016522,0.203531,87.021,0.583484,F
398,1,Births,1377,0,M,0,0,0.0587984,0,0,F
399,1,HappyBirthday,569,18250.3,M,1,0.0108155,1.91413,9.92046,3.42487,F
399,1,HappyBirthday,654,5110.64,M,1,0.0408602,1.66638,0.0368606,12.9666,F
399,1,HappyBirthday,703,5475.11,M,1,0.000356435,8.26636,26.6471,0.111609,F
399,1,HappyBirthday,762,19710.8,F,1,0.00682018,20.623,877.926,9.69138,F
400,1,HappyBirthday,134,18615.8,M,1,5.70883e-07,0.363436,7.38922,0.0001788,F
400,1,HappyBirthday,1031,3650,F,1,0.0727217,1.36298,1184.57,60.5938,F
401,1,HappyBirthday,1156,2190,F,1,0.00131682,1.20246,52692.5,13.399,F
401,1,HappyBirthday,1258,1095,F,1,0.617565,0.945033,1.52853,300.996,F
402,1,HappyBirthday,1308,730,F,1,0.00395766,0.0676608,63.9465,1.30749,F
402,1,HappyBirthday,105,8395.89,F,1,0.0342906,4.2097,423.167,17.1427,F
402,1,HappyBirthday,335,5840.22,M,1,0.0151897,0.264362,0,4.7569,F
403,1,HappyBirthday,1228,1460,F,1,0.00359701,0.0471186,0.00608482,1.11943,F
403,1,HappyBirthday,374,14235.6,F,1,0.0122024,0.281854,3.19083,3.8338,F
403,1,HappyBirthday,544,28105,F,1,0.0522757,0.115318,0.012251,16.6868,F
403,1,HappyBirthday,1067,3285,M,1,0.00750052,5.8966,1859.92,3.89461,F
403,1,HappyBirthday,751,9125.6,F,1,0.000173409,6.02291,1.07167,0.0541754,F
404,1,HappyBirthday,226,10585.2,F,1,5.44085e-06,0.14801,59984.2,0.035352,F
404,1,HappyBirthday,670,18615.4,M,1,3.11703e-07,2.34045,860.96,0.0004386,F
405,1,HappyBirthday,1344,365,F,1,0.160587,0.792747,1646.8,307.376,F
406,1,HappyBirthday,252,9125.4,M,1,0.0115198,0.69802,8.26698,3.6505,F
406,1,HappyBirthday,350,29930.8,F,1,0.0834362,0.802386,974.265,114.213,F
406,1,HappyBirthday,1131,2555,F,0,0,0.0491419,0,0,F
406,1,HappyBirthday,503,8395.7,M,1,0.0010726,2.33427,7.12597,0.337179,F
407,1,HappyBirthday,1195,1825,F,1,0.0342554,0.49758,0.661243,10.8581,F
407,1,HappyBirthday,84,24455.6,F,1,0.000379969,0.557929,1.45317,0.118143,F
409,1,HappyBirthday,1032,3650,M,1,0.0125028,1.89159,28.1953,4.08328,F
411,1,Births,1378,0,M,0,0,0.256685,0,0,F
412,1,HappyBirthday,1229,1460,M,1,0.116071,1.92416,4774.6,224.598,F
413,1,HappyBirthday,224,6570.83,F,1,0.00136789,0.407346,6.19286,0.437388,F
414,1,HappyBirthday,98,14235.6,M,1,0.000361252,0.412946,5.12e-05,0.11224,F
414,1,HappyBirthday,1033,3650,M,1,0.00578124,0.364784,1.81859e-06,1.8017,F
414,1,HappyBirthday,822,10220.7,F,1,0.00735207,3.5761,20.0996,2.29538,F
414,1,Births,1379,0,F,0,0,0.0251019,0,0,F
415,1,HappyBirthday,1004,4015,F,0,0,0.039627,0,0,F
415,1,HappyBirthday,942,11315.4,F,1,0.022516,0.72685,1381.7,19.0258,F
416,1,HappyBirthday,154,12045.8,M,1,0.00324176,1.17369,706.671,3.61066,F
416,1,HappyBirthday,357,19345.7,F,1,0.00241334,0.186437,31.2004,0.784198,F
416,1,HappyBirthday,724,20075.6,M,1,0.440972,3.18799,166.214,291.773,F
416,1,HappyBirthday,1096,2920,M,1,0.182679,0.470085,1009.35,153.632,F
417,1,HappyBirthday,63,23725.8,M,0,0,0.075766,0,0,F
417,1,HappyBirthday,1196,1825,M,1,0.00220026,2.10273,0.00395165,0.684617,F
417,1,HappyBirthday,318,11315.6,M,1,0.015854,1.5842,0.139606,4.96706,F
418,1,HappyBirthday,1157,2190,F,1,0.033937,0.474857,150.189,13.863,F
418,1,HappyBirthday,808,4380.44,M,1,0.534813,1.27336,316.794,336.259,F
419,1,HappyBirthday,417,16425.6,M,1,0.00023033,3.27184,0,0.0716464,F
420,1,HappyBirthday,857,11315.8,F,1,0.00138353,0.138449,0.0043314,0.430185,F
421,1,HappyBirthday,1006,4015,M,1,0.0616063,0.563233,762.293,43.358,F
421,1,HappyBirthday,163,9855.15,F,1,0.137396,5.53469,7.29117,45.9563,F
421,1,HappyBirthday,450,11315.1,F,1,0.0749483,1.06965,85.2278,28.0836,F
421,1,HappyBirthday,681,9855.17,F,1,0.000569506,0.879999,0.0063668,0.177024,F
423,1,Births,1380,0,M,0,0,0.00903154,0,0,F
424,1,HappyBirthday,604,12775.2,M,1,0.000207257,3.08119,32345.1,1.48706,F
424,1,HappyBirthday,1259,1095,M,1,0.333285,19.2747,27114.5,906.338,F
424,1,HappyBirthday,980,23725.6,M,1,5.70787e-05,0.0390586,0.0038678,0.0177386,F
425,1,HappyBirthday,368,8030.08,F,0,0,0.601862,0,0,F
427,1,HappyBirthday,1260,1095,F,1,0.674769,0.565749,6.056,350.257,F
427,1,HappyBirthday,436,15695.7,M,1,0.00106775,0.150806,11.2731,0.347409,F
427,1,HappyBirthday,989,18250.7,F,1,0,1.79246,30.5444,0,F
427,1,HappyBirthday,729,4745.49,M,1,8.25996e-05,1.4359,564.497,0.0490889,F
428,1,HappyBirthday,209,4745.62,M,1,0.00141829,0.198894,5399.98,0.530213,F
429,1,HappyBirthday,159,10950.6,F,1,0.190273,1.34574,509.181,186.426,F
429,1,HappyBirthday,230,29565,M,1,0.00265968,0.939963,48.9006,0.827731,F
429,1,HappyBirthday,655,11680.7,M,1,0.000873406,0.461122,0.510151,0.271501,F
429,1,HappyBirthday,1098,2920,F,0,0,0.041563,0,0,F
429,1,HappyBirthday,772,8395.07,M,1,0.00335723,1.82012,267.064,1.46206,F
430,1,HappyBirthday,25,9490.9,F,1,0.00099339,2.20949,12.1408,0.325526,F
430,1,HappyBirthday,232,11680.4,F,1,0.0229796,6.37048,0.813357,7.22507,F
430,1,HappyBirthday,513,20440,F,0,0,0.188136,0,0,F
430,1,HappyBirthday,874,13140.9,M,0,0,0.0123099,0,0,F
431,1,HappyBirthday,45,11680.7,F,1,0.000364509,0.455641,162.292,0.1416,F
431,1,HappyBirthday,57,5110.97,F,1,0,0.420768,0,0,F
431,1,HappyBirthday,93,6935.85,F,1,0.0133572,6.63541,2236.97,16.0231,F
431,1,HappyBirthday,1099,2920,F,0,0,0.545806,0,0,F
431,1,HappyBirthday,445,5110.18,F,1,0.0167009,3.17286,14.0883,5.60436,F
431,1,HappyBirthday,579,18250.9,F,1,0.108311,0.4109,162.061,44.4428,F
432,1,HappyBirthday,90,5840.18,F,1,0.00112824,7.49037,14.1265,0.368647,F
432,1,HappyBirthday,761,18250.1,M,1,0.00236214,3.15808,11.0953,0.746192,F
433,1,HappyBirthday,1158,2190,F,1,0.0121885,0.7684,99.2187,3.83269,F
434,1,HappyBirthday,602,5110.3,F,1,5.08287e-07,1.77028,0.502305,0.000157553,F
434,1,HappyBirthday,910,8395.56,M,1,0.00141261,0.407212,3.65358,0.441974,F
435,1,HappyBirthday,1068,3285,F,1,0.0288488,1.11008,184.848,11.5279,F
436,1,HappyBirthday,1261,1095,F,1,0.546222,1.62809,10015.1,500.956,F
436,1,HappyBirthday,1035,3650,M,1,0.000249261,0.34541,0.000129484,0.0774439,F
436,1,HappyBirthday,926,22265.4,M,1,0,0.405914,0.012,0,F
437,1,HappyBirthday,1036,3650,M,1,0.0109911,2.25105,637.584,3.65459,F
437,1,HappyBirthday,19,4380.06,F,1,0,3.37958,638.541,0,F
437,1,HappyBirthday,1007,4015,F,1,0.0483604,0.480056,1335.58,45.4929,F
437,1,HappyBirthday,1133,2555,M,1,0.0330203,1.18888,1278.21,11.7552,F
437,1,HappyBirthday,600,11680.5,F,1,0.00140544,0.616447,180.768,0.565219,F
438,1,HappyBirthday,268,9855.74,F,1,0.0739059,6.07517,863.33,45.1392,F
438,1,HappyBirthday,356,10585.6,M,1,0,1.90626,12388.9,0,F
439,1,HappyBirthday,192,8030.63,M,1,2.18176e-05,2.42792,22.7959,0.0068578,F
439,1,HappyBirthday,251,5110.64,M,1,0,12.9451,5909.59,0,F
439,1,HappyBirthday,1160,2190,M,1,0.000959544,0.109373,4.62184,0.300447,F
440,1,HappyBirthday,1197,1825,M,0,0,0.253157,0,0,F
440,1,Births,1381,0,F,0,0,0.0184168,0,0,F
441,1,HappyBirthday,1008,4015,F,1,0.0121507,0.274853,0.0401471,3.79969,F
441,1,HappyBirthday,133,8760.88,F,1,0.0072393,0.0363776,30.4275,2.60187,F
442,1,HappyBirthday,1009,4015,M,1,0.00860593,5.62979,116.528,2.69889,F
442,1,HappyBirthday,355,4745.58,F,1,0.0166184,1.56373,88.9254,5.87424,F
442,1,HappyBirthday,455,14600.1,F,1,0.000102281,0.194397,1464.82,0.037926,F
442,1,HappyBirthday,480,25185.2,M,1,0.0316718,0.43425,1787.33,33.142,F
442,1,HappyBirthday,487,15330,M,0,0,0.170033,0,0,F
442,1,HappyBirthday,653,20075.2,M,1,0.00159058,1.72814,26595.8,1.0886,F
443,1,HappyBirthday,58,9125.1,F,1,0.000185502,0.570064,0.0033874,0.0576116,F
443,1,HappyBirthday,311,13505,F,1,0.00205728,0.921337,969.785,1.76504,F
443,1,HappyBirthday,1262,1095,F,1,0.00562562,0.109589,2.59784,1.77629,F
443,1,HappyBirthday,1100,2920,F,1,0.00170264,0.606513,18.3485,0.533761,F
444,1,HappyBirthday,1345,365,M,0,0,0.0403247,0,0,F
444,1,HappyBirthday,328,6205.26,M,1,0.00622942,1.41878,0.0127863,1.94171,F
444,1,HappyBirthday,520,4380.07,M,1,0.00600373,10.2406,10383.7,3.66917,F
444,1,HappyBirthday,1037,3650,M,1,0.114834,0.33747,67.8255,45.4713,F
444,1,Births,1382,0,F,0,0,0.155321,0,0,F
444,1,Births,1383,0,F,0,0,0.0595729,0,0,F
445,1,HappyBirthday,1070,3285,F,1,0.0251753,1.26958,42.7705,8.41824,F
445,1,HappyBirthday,641,8395.67,M,1,0.0284431,0.244893,143.405,10.9065,F
445,1,HappyBirthday,730,8395.68,M,1,0.00298883,0.735338,0.0025904,0.930196,F
445,1,HappyBirthday,867,7665.78,F,1,0.0121401,5.41613,775.98,3.83632,F
445,1,Births,1384,0,M,0,0,0.00788119,0,0,F
446,1,HappyBirthday,1101,2920,F,1,0.00152483,0.104975,0.000114378,0.474551,F
446,1,HappyBirthday,1071,3285,F,1,0.00251138,7.72156,7.89685,0.792003,F
446,1,HappyBirthday,859,6935.12,M,1,0.0994479,1.41116,1206.22,33.7431,F
446,1,HappyBirthday,1309,730,F,1,0,0.26888,0,0,F
447,1,HappyBirthday,62,10950.6,M,1,0.0684862,0.173902,1217.68,31.2778,F
447,1,HappyBirthday,1346,365,M,0,0,0.00952373,0,0,F
447,1,HappyBirthday,1072,3285,F,1,0.558376,39.8952,2914.23,274.386,F
447,1,HappyBirthday,988,26280.4,M,1,4.40066e-07,2.85685,6359.6,0.0011106,F
448,1,HappyBirthday,580,13870.2,M,1,0.00598326,2.0432,14.6259,1.86513,F
448,1,HappyBirthday,649,31755.1,M,1,0.000991881,0.508383,0.579966,0.30839,F
448,1,HappyBirthday,723,8760.06,M,1,0.00149587,3.97225,84625.4,9.88299,F
449,1,HappyBirthday,1264,1095,F,1,0.781061,0.473879,129.95,575.887,F
449,1,HappyBirthday,1263,1095,F,1,0.526404,0.213417,1061.25,418.767,F
449,1,HappyBirthday,921,12775.8,M,1,0.361709,3.07883,4407.07,398.875,F
449,1,Births,1385,0,F,0,0,0.0888589,0,0,F
451,1,HappyBirthday,961,5475.49,M,1,0.049721,46.7984,0.714182,15.8856,F
451,1,HappyBirthday,755,5475.65,M,0,0,0.187873,0,0,F
452,1,HappyBirthday,615,6935.25,M,1,0.063347,1.431,1780.41,42.4367,F
452,1,HappyBirthday,754,8030.18,M,1,2.33896e-06,0.176208,3.85852,0.0007342,F
452,1,HappyBirthday,901,13140.3,F,1,0.07854,0.223532,0.032172,25.4199,F
453,1,HappyBirthday,518,8030.78,F,1,1.28359e-05,0.599393,0.0085396,0.003991,F
453,1,HappyBirthday,699,14235.5,F,1,0.00297405,3.05281,1436.27,1.0856,F
454,1,HappyBirthday,207,13140,M,1,0.0282572,1.49172,5.44886,9.11519,F
454,1,HappyBirthday,974,13870.2,M,1,3.67971e-06,6.01594,25068.7,0.0220964,F
455,1,HappyBirthday,186,9125.36,M,1,0.000125935,4.31502,0.0538352,0.0391394,F
455,1,HappyBirthday,990,6570.82,F,0,0,0.024025,0,0,F
455,1,HappyBirthday,1164,2190,F,0,0,0.230101,0,0,F
455,1,HappyBirthday,1010,4015,F,1,0.0251695,0.298851,0.00194998,7.92278,F
456,1,HappyBirthday,976,5840.38,F,1,0.0273817,1.03149,75.3431,9.76778,F
457,1,HappyBirthday,1310,730,F,1,1.03913e-05,0.132694,54133.1,0.0131159,F
457,1,HappyBirthday,794,6205.88,M,1,0.292746,3.56129,21.5445,111.164,F
457,1,HappyBirthday,941,32850.7,F,1,0.68144,0.206886,21.2135,365.903,F
457,1,Births,1386,0,F,0,0,0.189816,0,0,F
457,1,Births,1387,0,M,0,0,0.0660641,0,0,F
458,1,HappyBirthday,1165,2190,M,1,0.290792,0.393857,58.3431,107.697,F
458,1,HappyBirthday,506,4745,M,1,0.413571,0.553176,2.19736,165.957,F
459,1,HappyBirthday,403,9125.33,F,1,0.0233015,0.549072,2559.28,29.9803,F
459,1,HappyBirthday,425,20805.2,M,1,0.00193647,1.2758,91.0094,0.682871,F
460,1,HappyBirthday,1134,2555,M,1,0.467688,0.0842301,14.2603,196.145,F
461,1,HappyBirthday,594,13505.8,M,1,0.0990961,0.362885,1500.72,171.336,F
462,1,HappyBirthday,67,7665.65,M,1,6.24431e-05,0.528174,11881.8,0.0341648,F
462,1,HappyBirthday,1073,3285,M,1,0.000511139,0.482483,8.53433,0.159282,F
462,1,Births,1388,0,F,0,0,0.00749575,0,0,F
462,1,Births,1389,0,F,0,0,0.0119966,0,0,F
463,1,HappyBirthday,550,4745.81,F,1,0.0476104,6.69863,2529.73,68.4554,F
463,1,HappyBirthday,672,11315.8,F,1,0.0306894,2.78033,206.561,18.0403,F
463,1,HappyBirthday,770,13505.5,F,1,0.00380261,10.3804,654.227,2.25653,F
464,1,HappyBirthday,179,18980.9,F,1,0.000428469,1.26539,7.3344,0.133337,F
464,1,HappyBirthday,291,21900.2,F,1,0.00120021,6.60625,0.324117,0.373091,F
464,1,HappyBirthday,631,11680.9,M,1,0.169852,3.66215,3524.19,256.149,F
464,1,HappyBirthday,978,26645.8,F,1,0.00115453,3.44835,1305.74,0.44873,F
464,1,HappyBirthday,896,6570.66,F,1,0.000860243,0.128797,77.9591,0.303351,F
465,1,HappyBirthday,1266,1095,F,1,0.00449582,1.10528,30.0639,1.59907,F
466,1,HappyBirthday,314,6935.74,F,1,9.64048e-05,0.652361,3920.1,0.0520778,F
466,1,HappyBirthday,706,4745.32,M,1,0.0223123,3.65443,0.410975,7.01726,F
466,1,HappyBirthday,1347,365,F,0,0,0.0407053,0,0,F
467,1,HappyBirthday,614,6935.99,M,1,0.000127882,0.21196,45.1921,0.0401936,F
467,1,HappyBirthday,774,31755.1,F,1,0.000603174,0.641403,15857.5,0.454491,F
468,1,HappyBirthday,1199,1825,F,1,7.64489e-05,0.199873,0.0235542,0.0238386,F
468,1,HappyBirthday,428,7300.78,F,1,0.416992,0.262994,118.884,241.604,F
469,1,HappyBirthday,481,7665.13,F,1,0.00519438,4.55675,0.125622,1.61894,F
469,1,HappyBirthday,1200,1825,F,1,0.000291983,0.880399,58900,3.12331,F
469,1,Births,1390,0,F,0,0,0.178261,0,0,F
470,1,HappyBirthday,44,7300.94,F,1,1.62033e-06,0.617496,50.9528,0.000507804,F
470,1,HappyBirthday,732,5110,F,1,0.0786982,0.437023,1241.42,70.1004,F
470,1,HappyBirthday,1267,1095,M,1,0.165924,1.01835,12517.2,331.645,F
470,1,HappyBirthday,1166,2190,M,1,0.0303498,1.28857,2375.17,12.3599,F
471,1,HappyBirthday,471,11680.1,M,1,0.000100795,0.29009,0,0.0313452,F
471,1,HappyBirthday,691,4745.56,F,1,0.000352196,0.101443,0,0.109549,F
471,1,HappyBirthday,1311,730,F,1,0.20875,0.189155,303.008,102.964,F
471,1,HappyBirthday,704,4380.37,F,1,0.0396285,5.06431,79.2486,13.767,F
472,1,HappyBirthday,551,33215,F,1,0.186155,2.65601,954.857,294.885,F
474,1,HappyBirthday,146,4380.53,F,1,0.00587759,0.224585,12932,5.40891,F
474,1,HappyBirthday,607,11680.5,M,1,0.605747,1.79119,214.144,299.308,F
474,1,HappyBirthday,1268,1095,M,1,0.453494,2.95272,20920,593.852,F
474,1,HappyBirthday,833,14235.4,M,1,5.78367e-06,0.517965,45471.7,0.013206,F
475,1,HappyBirthday,1312,730,F,1,0.28502,0.862071,11452.6,652.693,F
475,1,HappyBirthday,644,9490.76,M,1,0.0147021,2.01259,4.52948,4.60276,F
475,1,HappyBirthday,905,8030.82,M,1,6.98563e-08,0.734925,4848.84,0.0003128,F
476,1,HappyBirthday,194,7665.24,M,1,0.0483912,0.326376,0.0540228,15.4157,F
476,1,HappyBirthday,693,6935.54,M,1,0.00565126,0.33596,24947.1,33.8648,F
476,1,HappyBirthday,1074,3285,M,1,0.00122666,0.531513,4.25194,0.383696,F
478,1,HappyBirthday,1313,730,F,1,9.80471e-05,1.05611,110755,1.52778,F
479,1,HappyBirthday,640,11680.8,F,1,0,0.0796994,0,0,F
480,1,HappyBirthday,199,18980.6,F,1,0.0403826,0.329608,4261.38,66.8955,F
480,1,HappyBirthday,233,6935.47,F,1,0.0198123,1.71095,0.0308029,6.21871,F
481,1,HappyBirthday,5,16425,F,1,0.000292679,0.284667,0.020653,0.0909654,F
481,1,HappyBirthday,1314,730,F,1,0.00116332,0.0636743,0.00729947,0.361601,F
482,1,HappyBirthday,1348,365,M,0,0,0.0350621,0,0,F
482,1,HappyBirthday,510,8030.82,M,1,0.00304211,0.611157,1042.51,1.11665,F
482,1,HappyBirthday,612,19345.8,F,0,0,0.108231,0,0,F
482,1,HappyBirthday,1102,2920,M,0,0,0.100126,0,0,F
482,1,HappyBirthday,871,7665.57,F,1,0.0175055,2.13658,0.54641,5.48843,F
483,1,HappyBirthday,302,21900.2,F,1,0.000661239,0.197339,0.73184,0.205778,F
483,1,HappyBirthday,410,9855.75,M,1,0.000215889,0.193147,37.3725,0.0686874,F
484,1,HappyBirthday,97,7665.08,M,0,0,0.0811686,0,0,F
484,1,HappyBirthday,408,5840.34,M,1,0.0253962,5.31486,217.931,10.4377,F
484,1,HappyBirthday,493,22995.5,M,1,0.00708046,0.248484,13120.5,3.62575,F
484,1,HappyBirthday,522,17520.8,M,1,0.0840408,0.578464,920.188,27.5066,F
486,1,HappyBirthday,352,12775,F,1,1.68426e-05,52.2168,2.18715,0.0052758,F
486,1,HappyBirthday,1103,2920,M,1,0.0982316,0.552088,8.48198,32.5996,F
486,1,HappyBirthday,1202,1825,M,1,0.0778101,32.1232,115.696,29.9113,F
487,1,HappyBirthday,82,5110.63,M,1,0.623085,0.37427,31.1667,317.318,F
487,1,HappyBirthday,190,23725.9,M,1,0.00786151,2.85003,3.4886,2.4526,F
487,1,HappyBirthday,1135,2555,M,1,0.0189012,0.687283,5118.29,15.9657,F
487,1,Births,1391,0,M,0,0,0.0562634,0,0,F
488,1,HappyBirthday,986,13870.2,F,1,0.00630236,2.43039,0.095716,1.96493,F
488,1,HappyBirthday,1269,1095,F,1,0,0.115533,30853.7,0,F
488,1,HappyBirthday,1203,1825,M,1,0,0.350077,1142.91,0,F
489,1,HappyBirthday,169,4745.61,F,1,3.21557e-05,1.28963,0.64784,0.0100217,F
489,1,HappyBirthday,276,21900.3,F,1,0.0291448,0.480247,10.98,9.6411,F
489,1,HappyBirthday,393,4380.36,M,1,0.506622,0.362238,437.046,511.413,F
489,1,HappyBirthday,1270,1095,M,1,0.0458381,0.162599,6939.3,261.295,F
490,1,HappyBirthday,658,22995.9,M,1,0.0104795,0.337639,4430.2,20.929,F
490,1,HappyBirthday,827,9855.18,F,1,0.0022279,10.0266,3288.69,3.4155,F
490,1,HappyBirthday,836,7665.04,F,1,0.00300031,0.441757,4633.02,2.37807,F
490,1,HappyBirthday,923,6205.11,F,0,0,0.0447874,0,0,F
491,1,HappyBirthday,26,10585.2,F,1,0.061658,30.818,127.291,27.1594,F
491,1,Births,1392,0,F,0,0,0.1184,0,0,F
492,1,HappyBirthday,1204,1825,M,1,0.0661426,0.0780875,193.857,32.4908,F
492,1,HappyBirthday,1105,2920,F,1,0.296429,0.339622,15299.9,123.906,F
492,1,Births,1393,0,M,0,0,0.137513,0,0,F
493,1,HappyBirthday,136,9125.14,F,1,0.00168641,4.18887,17.9478,0.567653,F
493,1,HappyBirthday,223,8395.85,M,1,0.0989123,0.420048,2350.62,33.836,F
493,1,HappyBirthday,319,7665.41,F,1,0.00477954,2.09298,23.741,1.54948,F
493,1,HappyBirthday,686,8030.34,M,1,0.00204695,5.55975,18.7672,0.645994,F
494,1,HappyBirthday,103,20440.5,F,1,6.90791e-05,0.269579,765.321,0.0479506,F
494,1,HappyBirthday,1271,1095,F,1,0.000160289,3.28221,0.817867,0.049959,F
494,1,HappyBirthday,971,16790.3,M,1,0.0466929,2.70765,87.2769,17.1861,F
494,1,HappyBirthday,895,6935.86,F,1,0.00356829,0.335416,0.529689,1.11092,F
495,1,HappyBirthday,245,20440.4,F,1,0.0211406,0.179565,43.6538,6.6736,F
495,1,HappyBirthday,1316,730,F,1,0.353614,0.704354,44462,1546.74,F
495,1,HappyBirthday,1168,2190,F,0,0,0.127159,0,0,F
495,1,HappyBirthday,1106,2920,F,1,0.839195,3.66278,115.613,662.919,F
495,1,HappyBirthday,463,5840.81,M,1,0.0410124,1.76146,5776.53,14.9986,F
495,1,HappyBirthday,840,16425.7,F,1,0.00112664,0.42869,23.1187,0.361419,F
496,1,HappyBirthday,983,24455.3,F,1,0.0133486,4.6881,22.0369,4.40872,F
497,1,HappyBirthday,968,14600.5,F,1,0.0820071,1.38361,3.24904,26.5942,F
497,1,HappyBirthday,1349,365,M,1,0.143495,0.124484,5765.32,322.828,F
497,1,HappyBirthday,99,13505.3,F,1,7.4997e-05,7.52081,17.8162,0.0234094,F
497,1,HappyBirthday,1234,1460,F,1,0.000849909,0.087008,65393.4,1.6622,F
497,1,HappyBirthday,707,6935.63,M,1,0.029714,2.96553,92.6257,10.1607,F
498,1,HappyBirthday,254,15695.1,M,1,0.0460196,0.592144,1614.4,15.9062,F
499,1,HappyBirthday,811,20440.5,M,1,0.000238051,34.3278,2.77928,0.0740356,F
500,1,HappyBirthday,160,8030.3,F,1,0.0961837,1.09223,317.822,41.2188,F
500,1,HappyBirthday,1318,730,F,1,0.000524251,0.442335,29381.1,1.21662,F
500,1,HappyBirthday,275,9125.58,M,1,0.000454218,1.41431,2314.67,0.271467,F
500,1,HappyBirthday,327,12775.8,M,1,0.00446891,2.7983,116.825,1.68717,F
500,1,HappyBirthday,342,22995.4,F,1,0.00244201,4.2377,2775.46,1.39712,F
500,1,HappyBirthday,351,5110.34,F,1,0.0104305,2.40383,767.533,3.32914,F
500,1,HappyBirthday,475,9125.17,M,1,8.91103e-06,0.292566,7272.07,0.013119,F
500,1,HappyBirthday,674,18615,M,1,0.214654,0.309066,66.1685,89.6613,F
500,1,HappyBirthday,1235,1460,F,1,0,0.0248143,0.34055,0,F
500,1,HappyBirthday,861,11315.5,F,1,0.00097271,8.26249,11.5003,0.317636,F
500,1,HappyBirthday,972,8030.7,M,1,0.00180537,4.3399,94.6451,0.627891,F
500,1,HappyBirthday,1317,730,F,0,0,0.0117872,0,0,F
501,1,HappyBirthday,1075,3285,M,1,0,0.261086,0,0,F
502,1,HappyBirthday,1272,1095,F,1,0,0.239027,11763.2,0,F
502,1,HappyBirthday,1350,365,M,1,0.779455,0.0444029,1930.65,734.012,F
503,1,HappyBirthday,549,10220.1,M,1,0.0718933,1.81406,30.7246,25.7897,F
505,1,HappyBirthday,273,9855.47,F,1,1.27666e-06,2.20184,3670.14,0.0021242,F
505,1,HappyBirthday,280,5840.76,M,1,0.00886718,0.830983,331.848,2.77199,F
505,1,HappyBirthday,343,6205.61,F,1,0.000371699,0.315596,82.8651,0.126002,F
506,1,HappyBirthday,225,14235,M,1,0.00113193,0.837211,75.5649,0.461887,F
506,1,HappyBirthday,1169,2190,F,1,0.0461645,2.42556,10.522,15.3259,F
506,1,HappyBirthday,638,16425.7,F,1,0.44403,0.314566,38.9359,189.589,F
507,1,HappyBirthday,18,6935.59,M,1,0.00077026,4.76261,0.072337,0.239529,F
507,1,HappyBirthday,88,25185,M,1,0.0312526,2.92859,4.49357,9.95073,F
508,1,HappyBirthday,1273,1095,F,1,0.12738,1.8865,373.237,67.0326,F
508,1,HappyBirthday,1351,365,F,0,0,0.077922,0,0,F
508,1,HappyBirthday,973,6935.15,M,1,0.390602,1.00764,533.856,266.54,F
509,1,HappyBirthday,130,19345.7,F,1,2.15718e-05,0.866576,1.28805,0.0067418,F
509,1,HappyBirthday,149,12410.5,M,1,0.00324472,4.54224,0.118857,1.01023,F
509,1,HappyBirthday,982,6205.29,M,0,0,0.0773006,0,0,F
509,1,HappyBirthday,1274,1095,M,1,0.716162,1.29786,40.7486,454.169,F
510,1,HappyBirthday,432,15695.7,F,1,0.00152168,0.995443,43.6161,0.504208,F
511,1,HappyBirthday,33,12775.9,F,1,0.65855,0.522581,1008.94,918.266,F
512,1,HappyBirthday,126,7300.43,M,1,0,0.0921116,0.617095,0,F
512,1,HappyBirthday,1041,3650,M,0,0,0.0420475,0,0,F
512,1,Births,1394,0,F,0,0,0.00499279,0,0,F
513,1,HappyBirthday,1236,1460,F,1,0.595001,3.63407,2818.89,484.979,F
513,1,HappyBirthday,110,6205.8,F,1,0.00256213,2.72327,132.576,0.847799,F
513,1,HappyBirthday,627,16790.4,M,1,0.191301,0.424656,1.67516,66.0901,F
513,1,HappyBirthday,860,5110.24,M,1,0.000276668,0.668275,0,0.0860647,F
514,1,HappyBirthday,1237,1460,F,1,0.0760712,0.650081,2949.2,128.601,F
514,1,HappyBirthday,725,33945.9,F,1,0.0015825,2.42797,3.31783,0.492735,F
515,1,HappyBirthday,265,10220.6,F,1,0,0.22028,0.102233,0,F
515,1,HappyBirthday,385,6570.67,F,1,0.00267635,5.50153,0.223264,0.833255,F
515,1,HappyBirthday,1042,3650,F,1,0.00375766,0.0831932,0.219834,1.17014,F
515,1,HappyBirthday,718,6205.43,F,1,0.417233,0.343581,3356.6,209.37,F
516,1,HappyBirthday,1238,1460,M,1,0.00516757,0.0861879,4.43668,1.64644,F
516,1,HappyBirthday,289,5475.86,F,1,2.14298e-05,0.426343,14.1378,0.00711319,F
516,1,HappyBirthday,370,8760.37,M,1,0.493653,0.752748,222.339,384.392,F
516,1,HappyBirthday,853,5840.12,F,1,0.010868,0.0951919,13.3372,3.47412,F
517,1,HappyBirthday,106,6935.32,F,1,0.545026,0.890543,105.032,254.068,F
517,1,HappyBirthday,157,4380.31,M,1,0.161991,0.0332851,12828.5,1390.58,F
517,1,HappyBirthday,1043,3650,F,1,0.00561925,0.0593839,25.9201,1.95499,F
518,1,HappyBirthday,346,5475.97,M,1,0.000724324,5.08046,2823.82,0.259285,F
518,1,HappyBirthday,692,14600.8,M,1,0.0654348,2.30863,7.61089,21.0342,F
520,1,HappyBirthday,1275,1095,F,0,0,0.000936014,0,0,F
520,1,HappyBirthday,1136,2555,M,1,0.00371336,0.242727,90.2119,1.26088,F
520,1,HappyBirthday,709,9490.01,M,1,0.00853149,3.97657,494.509,2.6985,F
521,1,HappyBirthday,91,6935.69,F,1,0.0317739,0.347425,4436.96,11.6471,F
522,1,HappyBirthday,354,17155.7,F,1,0.0184642,2.50248,49.0505,5.81327,F
523,1,HappyBirthday,208,5840.13,M,1,0.0281935,1.96656,1845.23,69.8822,F
524,1,HappyBirthday,143,9490.69,M,1,0.00969952,0.0299464,8.05676,3.14923,F
524,1,HappyBirthday,331,5475.01,F,1,0.0498015,0.204661,161.51,27.6731,F
524,1,HappyBirthday,365,4745.24,F,1,0.145803,1.83994,944.573,113.879,F
524,1,HappyBirthday,834,21170.4,M,1,0.90683,0.189243,5.5726,742.584,F
525,1,HappyBirthday,165,26280.6,F,1,0.0227331,3.93236,1.15694,7.14692,F
525,1,HappyBirthday,193,11315,F,1,1.92225e-06,0.167206,49441.3,0.0177936,F
526,1,HappyBirthday,427,8030.45,F,1,0.00711644,0.807352,8.65593,2.22347,F
527,1,HappyBirthday,123,25550.9,F,1,0.0112926,9.56751,123.883,4.23599,F
527,1,HappyBirthday,191,26280.5,M,1,0.293429,1.28521,1833.17,111.083,F
528,1,HappyBirthday,1044,3650,M,1,2.0514e-06,0.0587632,10501.5,0.00604936,F
528,1,HappyBirthday,735,10220.7,M,0,0,0.0862961,0,0,F
529,1,HappyBirthday,1277,1095,F,1,0.122255,1.41784,10886.3,497.363,F
529,1,HappyBirthday,1319,730,F,0,0,0.346282,0,0,F
529,1,HappyBirthday,1013,4015,F,1,5.51299e-05,0.189546,180302,0.525931,F
529,1,HappyBirthday,1352,365,M,1,0.00267125,0.104927,0.961433,0.831473,F
530,1,HappyBirthday,1077,3285,F,1,0.156224,4.3564,64.9179,55.2743,F
530,1,HappyBirthday,1170,2190,F,1,0.366217,0.595019,9600.16,615.786,F
532,1,HappyBirthday,79,15330.2,F,1,0.00152076,1.80264,0.000185,0.472989,F
532,1,HappyBirthday,388,32485.7,M,1,0.00507278,2.07472,0.0340058,1.58022,F
532,1,HappyBirthday,1107,2920,F,1,0.445571,0.416832,1134.64,465.548,F
533,1,HappyBirthday,129,13505.6,F,1,0.0114075,3.18754,176.663,4.48394,F
533,1,HappyBirthday,969,7300.15,M,1,0.0125365,19.0333,378.379,4.33657,F
534,1,HappyBirthday,75,14235.5,M,1,0.633524,0.735097,693.951,319.673,F
534,1,HappyBirthday,394,13870.7,M,1,0,0.0859514,1.52115,0,F
534,1,HappyBirthday,1108,2920,F,1,0.00114427,3.1336,14.499,0.381347,F
534,1,HappyBirthday,850,25915.6,F,1,0.00213095,0.326269,81.8515,0.818485,F
535,1,HappyBirthday,1239,1460,F,1,0.151933,0.194493,0.0550828,51.2261,F
535,1,HappyBirthday,737,5475.46,F,1,0.015755,1.55491,491.077,4.99019,F
535,1,HappyBirthday,839,8030.89,F,0,0,0.157407,0,0,F
536,1,HappyBirthday,576,18615.2,F,1,0.00502914,5.07027,0.466404,1.56691,F
536,1,HappyBirthday,1138,2555,M,1,0.00150504,0.123342,8.87011e-05,0.468409,F
536,1,HappyBirthday,1171,2190,M,1,0.0124132,0.791686,100.636,3.90452,F
537,1,HappyBirthday,213,9855.85,M,1,0.221572,0.0358895,3218.89,84.7678,F
537,1,HappyBirthday,529,14235.2,F,1,0.00970942,0.336555,60.1305,3.48102,F
537,1,HappyBirthday,930,12775.6,M,1,0.0309737,14.5323,39.7473,10.3961,F
538,1,HappyBirthday,409,8395.74,F,0,0,0.36658,0,0,F
539,1,HappyBirthday,678,5475.3,F,1,0.0046544,0.309553,73.6438,1.45147,F
539,1,HappyBirthday,1139,2555,F,1,0.0184428,1.39719,69750.1,103.857,F
540,1,HappyBirthday,71,8395.8,M,1,0.0012812,7.92749,10.9295,0.420397,F
540,1,HappyBirthday,875,5110.02,F,1,0.00115439,2.06621,2.05513e-05,0.359092,F
541,1,HappyBirthday,773,16425.8,F,1,0.100746,1.66749,106.146,36.8443,F
541,1,Births,1395,0,F,0,0,0.237418,0,0,F
542,1,HappyBirthday,440,23725.7,M,1,0.000566957,1.59171,615.116,0.183198,F
542,1,HappyBirthday,491,29200.2,M,1,0.357228,1.5034,217.535,247.389,F
542,1,HappyBirthday,1046,3650,F,1,0.357029,0.0717711,70.7394,138.729,F
542,1,HappyBirthday,1140,2555,M,1,0.00551432,0.473074,56.4915,1.86022,F
542,1,Births,1396,0,M,0,0,0.0190413,0,0,F
543,1,HappyBirthday,347,6935.28,M,1,0.300428,0.767291,455.483,111.288,F
543,1,HappyBirthday,1320,730,F,1,0.795239,0.0294322,2.18987,494.454,F
544,1,HappyBirthday,954,5840.75,M,1,0,0.675871,0,0,F
544,1,HappyBirthday,1110,2920,M,1,0.24514,4.84416,6.94287,88.9845,F
544,1,Births,1397,0,M,0,0,0.0867149,0,0,F
545,1,HappyBirthday,198,4380.23,F,1,0.000514156,0.171129,24053.1,0.387557,F
545,1,HappyBirthday,956,13140,M,1,0.000272466,0.252481,55.6831,0.091264,F
545,1,HappyBirthday,1240,1460,F,1,0.157257,0.092807,12.0753,53.2862,F
545,1,Births,1398,0,F,0,0,0.748298,0,0,F
546,1,HappyBirthday,145,12045.6,M,1,0.318702,1.69605,393.477,133.514,F
546,1,HappyBirthday,1321,730,F,1,0.237677,0.826825,11032.1,1128.77,F
546,1,HappyBirthday,556,8760.43,M,1,0.000770198,0.131286,9.44102,0.239709,F
546,1,HappyBirthday,1015,4015,F,1,0.0122128,0.35248,14.1972,4.06091,F
546,1,HappyBirthday,903,12410.5,F,1,0.00619259,9.29785,8.48838,1.99183,F
547,1,HappyBirthday,1205,1825,F,1,0.0014669,0.424468,11.0648,0.48179,F
547,1,HappyBirthday,1079,3285,F,1,0.000144525,2.14423,5026.24,0.0951797,F
549,1,HappyBirthday,1241,1460,M,1,0.00150119,0.0216025,0.43554,0.467208,F
549,1,HappyBirthday,1017,4015,F,1,0.495227,2.38162,1173.63,345.494,F
549,1,HappyBirthday,909,21170.9,M,1,0.0406154,0.196081,4.70598,12.9891,F
550,1,HappyBirthday,222,10220.6,M,1,0.00970013,0.397544,51.7022,3.24643,F
551,1,HappyBirthday,1322,730,M,1,0.358795,1.39231,87.0033,142.003,F
551,1,HappyBirthday,1353,365,F,0,0,0.00793758,0,0,F
551,1,HappyBirthday,1206,1825,M,1,0.00255343,9.4918,67.1608,0.949544,F
551,1,HappyBirthday,787,28835.5,F,1,0.334303,1.22724,1580.16,149.997,F
552,1,HappyBirthday,701,25915.8,M,1,0.00181646,17.7526,75.6264,0.700079,F
552,1,HappyBirthday,1173,2190,F,1,0.000333167,0.0923557,4.16883,0.104151,F
552,1,HappyBirthday,1278,1095,F,1,0.000261144,0.558305,26676.4,1.609,F
553,1,HappyBirthday,1141,2555,M,1,0.106879,0.326739,14.9114,36.57,F
553,1,HappyBirthday,387,6935.75,M,1,0.0349744,3.16345,49.8674,11.9049,F
553,1,HappyBirthday,688,8395.98,M,1,0.00120605,0.341411,44.2943,0.396211,F
554,1,HappyBirthday,264,24090.2,F,1,0.00187362,2.56133,0.0002666,0.583071,F
554,1,HappyBirthday,1018,4015,F,1,0.0127991,0.164905,37.4788,4.03589,F
554,1,HappyBirthday,997,21170.1,F,1,0.0732747,1.93592,1221.51,141.203,F
555,1,HappyBirthday,504,8030.93,F,1,0.0353829,0.131941,5.93728,11.3093,F
555,1,HappyBirthday,1242,1460,M,1,0.0995272,0.665162,262.758,38.8402,F
555,1,Births,1399,0,M,0,0,0.220468,0,0,F
557,1,HappyBirthday,358,14600.5,M,1,0.00272998,3.44068,21.7531,0.930819,F
557,1,HappyBirthday,758,8760.9,M,1,0.00139329,0.148742,302.067,0.653765,F
558,1,HappyBirthday,362,13870.5,M,1,0.167773,0.432393,198.089,64.8603,F
558,1,HappyBirthday,588,6570.37,F,1,0.00193875,0.811845,0.00490811,0.603201,F
558,1,HappyBirthday,684,5110.42,F,0,0,0.0519433,0,0,F
559,1,HappyBirthday,740,13505,M,1,0.00198583,0.230512,21.0654,0.683027,F
559,1,HappyBirthday,1354,365,F,1,0.00139512,2.05707,113.158,0.617208,F
560,1,HappyBirthday,981,8030.41,M,0,0,0.0130858,0,0,F
560,1,HappyBirthday,979,8760,M,1,0.0237032,0.697856,545.89,7.68147,F
560,1,HappyBirthday,317,24090.4,M,1,0.000618188,0.290555,7.69566,0.198224,F
560,1,HappyBirthday,1207,1825,M,1,0.000656876,0.377431,4837.11,1.39529,F
560,1,HappyBirthday,663,6570.49,F,1,6.82809e-05,1.45932,2.93065,0.0214118,F
560,1,HappyBirthday,1323,730,M,1,0.000753597,0.476506,2.37076,0.236681,F
561,1,HappyBirthday,119,11315.8,M,1,0.0123063,2.85179,0.418548,3.85078,F
561,1,HappyBirthday,148,15695.3,M,1,0.0008822,3.47204,5948.64,4.20477,F
561,1,HappyBirthday,407,7665.95,F,1,0.134304,0.0446254,18961.6,1254.23,F
561,1,HappyBirthday,792,21170.1,M,1,0.0105039,1.59473,4433.97,20.9463,F
562,1,Births,1400,0,M,0,0,0.040997,0,0,F
563,1,HappyBirthday,3,36135.3,M,1,0.0787057,1.14286,4.90658,25.6493,F
563,1,HappyBirthday,1208,1825,F,1,0.0235306,5.54031,36.8794,7.81799,F
563,1,HappyBirthday,807,5475.31,F,1,0.115965,0.261327,23.0557,42.6521,F
563,1,HappyBirthday,924,6570.97,F,1,0.00156088,2.97341,1194.5,2.49958,F
564,1,HappyBirthday,215,17520.4,M,1,0.4465,0.693468,0.794823,183.895,F
564,1,HappyBirthday,524,5475.05,F,1,0.169344,2.87426,2170.5,82.3663,F
565,1,HappyBirthday,1355,365,M,0,0,0.0548735,0,0,F
565,1,HappyBirthday,141,10950.3,M,1,0.00204907,0.375403,72.9928,0.754064,F
567,1,HappyBirthday,474,21900.6,M,1,0.000318464,7.30837,14.9623,0.104903,F
567,1,HappyBirthday,958,10585.4,F,1,2.33029e-05,3.39402,49370.3,0.215645,F
568,1,Births,1401,0,M,0,0,1.48356,0,0,F
569,1,HappyBirthday,1020,4015,F,1,0.651995,5.61863,510.487,569.091,F
569,1,HappyBirthday,214,16790.4,M,1,0.000689644,5.54929,60.473,0.262466,F
569,1,HappyBirthday,443,4745.94,M,1,0.0103949,0.0707729,8497.33,35.4768,F
569,1,HappyBirthday,473,27740.7,M,1,0.0854336,0.917596,19.9779,28.5706,F
570,1,HappyBirthday,1174,2190,M,1,0.00271695,1.01251,7119.49,1.24464,F
570,1,HappyBirthday,512,17885,F,1,5.66673e-05,0.149047,0.205185,0.0175844,F
570,1,Births,1402,0,F,0,0,0.335043,0,0,F
571,1,HappyBirthday,878,8760.77,F,1,0.0108567,0.773711,826.507,3.54562,F
571,1,HappyBirthday,915,13140.6,M,1,0.16096,4.06923,4.24307,55.4808,F
572,1,HappyBirthday,705,18250.1,M,1,0.092714,9.60473,1.00894,30.2404,F
573,1,HappyBirthday,1047,3650,M,1,0.000234785,0.169816,4.62305,0.0744956,F
573,1,HappyBirthday,270,8760.31,M,1,9.17764e-06,6.31883,14851.9,0.0395814,F
573,1,HappyBirthday,694,10585.1,F,1,0.0758132,5.90217,0.392577,24.535,F
574,1,HappyBirthday,1357,365,M,1,0.727638,1.06368,1797.57,742.602,F
574,1,HappyBirthday,1209,1825,F,1,0.0839875,2.44046,321.145,59.1472,F
575,1,HappyBirthday,1082,3285,F,1,0.00143006,0.0508037,2.6775,0.444714,F
575,1,Births,1403,0,M,0,0,0.717062,0,0,F
575,1,Births,1404,0,F,0,0,0.0887813,0,0,F
576,1,HappyBirthday,657,35040.2,F,1,0.00563541,2.66745,301.518,1.8203,F
576,1,HappyBirthday,769,4745.24,M,1,0.00250087,0.405036,583.163,1.3605,F
577,1,HappyBirthday,656,8030.67,F,1,0,0.247326,0,0,F
578,1,HappyBirthday,1279,1095,M,1,0.494597,1.47153,24902.7,763.414,F
578,1,HappyBirthday,577,6935.34,F,1,0.0319566,1.66644,12.0469,10.1055,F
578,1,HappyBirthday,1358,365,M,1,0.000127511,0.298853,1.23866,0.0399084,F
579,1,HappyBirthday,962,11315.5,F,1,0.0696253,0.834869,2.00967,22.4787,F
579,1,HappyBirthday,1324,730,M,1,0.021733,1.03471,0.30524,6.83738,F
580,1,HappyBirthday,907,10585.6,F,1,0.0166843,1.29624,0.788475,5.22871,F
582,1,HappyBirthday,140,6935.42,M,1,0.016321,4.62363,0.159303,5.11373,F
582,1,HappyBirthday,1325,730,F,1,0.0397772,0.290121,45841.3,60.3497,F
582,1,HappyBirthday,1111,2920,F,1,0.313784,0.27141,2617.76,151.254,F
582,1,HappyBirthday,1023,4015,M,1,0,0.0399959,0,0,F
582,1,HappyBirthday,667,17520.7,M,1,0.0397439,0.701017,1027.73,20.5903,F
582,1,HappyBirthday,1022,4015,M,1,0.00118794,0.994616,17.3815,0.375524,F
582,1,HappyBirthday,1244,1460,M,1,0.00325611,0.18729,66.7741,1.20763,F
583,1,HappyBirthday,41,5110.96,M,1,0.00130427,0.0205885,0.187019,0.405495,F
583,1,HappyBirthday,1283,1095,M,0,0,0.00354865,0,0,F
583,1,HappyBirthday,1282,1095,F,1,0.349674,0.146773,786.83,134.263,F
584,1,HappyBirthday,95,9125.8,M,1,0.484561,0.78837,50.1021,222.049,F
584,1,HappyBirthday,112,7300.38,F,1,0.483603,0.0799083,59.85,249.341,F
584,1,HappyBirthday,301,14235.4,M,1,0.195425,0.56605,41.3146,68.4539,F
584,1,HappyBirthday,360,4380.8,F,0,0,0.063121,0,0,F
584,1,HappyBirthday,630,15695.1,F,1,0.00265616,0.768364,14.1751,0.826525,F
584,1,HappyBirthday,743,29200,F,1,0.00122248,1.9772,3.95567,0.382572,F
585,1,HappyBirthday,147,10220.8,M,1,0.352498,0.669773,0.301836,135.111,F
585,1,HappyBirthday,1049,3650,M,1,0.243904,0.756683,16.7281,92.7386,F
585,1,HappyBirthday,897,8030.83,M,1,0.208109,0.249438,3.74756,72.7725,F
586,1,HappyBirthday,43,20440.9,F,0,0,0.108407,0,0,F
586,1,HappyBirthday,750,9490.58,F,1,0.00386497,0.592853,2.6975,1.21967,F
587,1,HappyBirthday,332,8760.43,F,1,0.0155115,1.61554,46.0342,5.27032,F
587,1,HappyBirthday,345,4745.31,F,1,0.057876,0.353834,30913.8,54.9673,F
588,1,HappyBirthday,367,13505.8,M,1,0.00106112,4.02789,0.894291,0.330579,F
588,1,HappyBirthday,438,10220,F,1,0.0833439,3.2962,804.141,32.4214,F
588,1,HappyBirthday,462,9490.07,M,1,0.0506744,0.0392835,333.004,16.2848,F
588,1,HappyBirthday,756,27010.8,M,0,0,0.01368,0,0,F
588,1,HappyBirthday,918,8395.99,F,0,0,0.0810466,0,0,F
589,1,HappyBirthday,40,26280.5,M,1,0.0039957,14.184,30.3093,1.40027,F
589,1,HappyBirthday,530,12045,F,1,0.100917,2.628,0.245796,33.0739,F
589,1,HappyBirthday,726,6570.24,F,1,0.000211106,2.08846,200.723,0.11422,F
590,1,HappyBirthday,373,8030.98,F,1,0.905271,2.92587,110.188,734.386,F
590,1,HappyBirthday,414,8760.68,M,1,2.12979e-05,0.420507,0.0769396,0.0066178,F
590,1,HappyBirthday,539,11315.5,M,1,0.00176486,0.638449,26.1076,0.573386,F
590,1,HappyBirthday,719,24455.4,F,1,0.452713,1.15067,5.667,188.593,F
591,1,HappyBirthday,168,16790.8,F,1,0.197631,0.458574,64413.9,933.303,F
591,1,HappyBirthday,258,5475.25,F,1,0,0.0821945,0,0,F
591,1,HappyBirthday,391,14600.8,M,1,0.0131551,0.836336,8.17727,4.11947,F
592,1,HappyBirthday,1083,3285,M,1,0.015895,12.1963,3.20189,5.05942,F
592,1,HappyBirthday,1327,730,F,1,0.00129097,0.314329,2.43365,0.405149,F
593,1,HappyBirthday,1050,3650,M,1,0.000820138,0.678379,0.044187,0.25514,F
593,1,HappyBirthday,244,13140,M,1,0.0143193,0.32769,1220.57,10.7348,F
593,1,HappyBirthday,1051,3650,M,1,0.85513,1.66537,19.8002,606.348,F
593,1,HappyBirthday,914,7665.3,F,1,0.00386046,11.4883,1045.86,1.20217,F
594,1,HappyBirthday,477,6570.56,F,1,0.00287988,9.93753,22.1832,0.913842,F
595,1,HappyBirthday,1246,1460,M,1,0.0179478,0.221477,11504.7,142.062,F
595,1,HappyBirthday,1359,365,M,1,0.00421026,0.126209,108.525,1.53526,F
595,1,HappyBirthday,665,13505.9,F,1,0.00042,4.79272,1863.56,0.146654,F
595,1,HappyBirthday,1052,3650,M,1,1.15868e-05,2.23178,92357.5,0.0449079,F
595,1,HappyBirthday,922,7665.21,M,1,0,0.167663,0.78868,0,F
596,1,HappyBirthday,2,6205.57,F,1,0.110083,0.812298,18.9711,37.752,F
596,1,HappyBirthday,74,8395.48,M,1,5.81876e-05,0.108389,201458,0.579779,F
597,1,HappyBirthday,139,30295.2,F,1,0.000444813,0.805789,0,0.138132,F
598,1,HappyBirthday,219,30295,M,1,0.00151844,29.1643,10425.3,4.75174,F
599,1,HappyBirthday,1112,2920,F,1,0.000951853,0.871634,16.0508,0.317596,F
599,1,HappyBirthday,1176,2190,F,1,0.0736056,2.32704,3152.04,127.149,F
599,1,HappyBirthday,1247,1460,M,1,0.000579996,0.0320287,0.44989,0.180893,F
599,1,HappyBirthday,937,31025.9,M,1,0.497387,0.821411,63.196,215.289,F
600,1,HappyBirthday,1361,365,M,1,0.00629247,1.74247,8.41998,2.04508,F
600,1,HappyBirthday,170,10220,M,1,0.00089292,8.33985,19.0741,0.297742,F
600,1,HappyBirthday,231,7300.03,M,1,0,0.451416,0.0126981,0,F
600,1,HappyBirthday,1025,4015,F,1,0.0406302,0.583374,690.126,13.0669,F
600,1,HappyBirthday,746,13505.3,F,1,2.79942e-05,0.122981,14.9401,0.0089388,F
600,1,HappyBirthday,865,7665.85,F,1,0.00960946,0.754859,2568.02,4.48786,F
600,1,HappyBirthday,1360,365,M,1,0.0406503,0.0866767,126.644,17.4247,F
602,1,Births,1405,0,M,0,0,0.00576634,0,0,F
603,1,HappyBirthday,798,6570.05,M,1,0.00141509,0.725715,24.6947,0.441219,F
604,1,HappyBirthday,1026,4015,F,0,0,0.0319267,0,0,F
604,1,HappyBirthday,977,12775.2,F,1,0.774506,1.56246,59.5717,506.624,F
604,1,Births,1406,0,F,0,0,0.127738,0,0,F
605,1,HappyBirthday,1362,365,M,1,0.00996376,0.247863,61.0361,3.35592,F
605,1,HappyBirthday,943,5110.81,M,1,0.00294331,0.105512,0.196781,0.916268,F
606,1,HappyBirthday,353,9855.58,F,1,0.0021208,0.544909,95.4009,0.888214,F
606,1,HappyBirthday,1285,1095,F,1,0.000133468,1.2974,172133,1.27391,F
606,1,HappyBirthday,716,9490.95,M,0,0,0.0854729,0,0,F
606,1,HappyBirthday,797,18980.3,M,1,0.350702,0.112398,1.73149,134.482,F
606,1,Births,1407,0,M,0,0,0.00867584,0,0,F
607,1,HappyBirthday,1363,365,M,1,0.650417,0.19749,674.932,557.795,F
607,1,HappyBirthday,623,8760.76,F,1,0.000621597,1.08006,13.0263,0.206044,F
607,1,HappyBirthday,790,16790.3,M,1,0.000128196,0.142438,0,0.0398208,F
608,1,HappyBirthday,167,5840.74,M,1,0.00145429,1.05105,6.40998,0.466774,F
608,1,HappyBirthday,1142,2555,F,1,0.000936166,0.15491,6.64575,0.299582,F
609,1,HappyBirthday,117,12410.4,M,1,0.00207385,0.327529,581.096,0.696024,F
609,1,HappyBirthday,220,32485.7,M,1,0.0609391,0.535584,27.8028,20.591,F
609,1,HappyBirthday,281,6205.18,M,1,0.00108163,0.395391,0.144261,0.336326,F
609,1,Births,1408,0,M,0,0,1.12447,0,0,F
610,1,HappyBirthday,10,21170.2,M,1,0.00195309,0.892924,3678.95,6.99427,F
610,1,HappyBirthday,180,8760.75,F,1,0.000900159,20.5771,0.0127348,0.279891,F
611,1,HappyBirthday,87,14965.1,M,1,0.00167958,0.699791,20.5916,0.534376,F
611,1,HappyBirthday,176,17155.9,M,1,0.347889,0.530433,156.229,137.399,F
611,1,HappyBirthday,538,10585.5,M,1,0.00133695,4.35506,0.0106082,0.415878,F
611,1,HappyBirthday,567,18250.8,M,0,0,0.0523379,0,0,F
612,1,HappyBirthday,197,4380.37,F,1,0.130407,2.4911,5.73142,43.864,F
612,1,HappyBirthday,1084,3285,M,1,0.115001,4.54056,82.1722,38.5322,F
612,1,HappyBirthday,1286,1095,F,1,0.220037,1.13336,4924.94,153.582,F
612,1,HappyBirthday,888,14235.3,F,1,0.000391155,0.817472,0.97164,0.121938,F
612,1,HappyBirthday,925,6205.94,F,1,0.000346237,0.0769546,35.1883,0.126444,F
613,1,HappyBirthday,234,4745.39,M,1,0.00105512,6.2936,9.63921,0.328215,F
613,1,HappyBirthday,886,28835.9,M,1,0.000357175,5.29892,3.8e-06,0.111,F
614,1,HappyBirthday,1027,4015,F,1,0.0423522,2.25471,150.46,13.5978,F
614,1,HappyBirthday,931,8760.69,M,1,0.0160017,0.404687,0.0009112,5.01369,F
615,1,HappyBirthday,236,4745.88,F,1,0.0013963,12.8104,33.1306,0.4389,F
615,1,HappyBirthday,1328,730,F,1,0.153885,0.257003,11768.1,53.4915,F
615,1,HappyBirthday,1177,2190,M,1,1.8496e-05,0.564431,16358.4,0.18622,F
616,1,HappyBirthday,456,7300.39,M,1,0.28053,0.298561,5174.31,398.925,F
617,1,HappyBirthday,1211,1825,F,1,0,2.50964,0.049966,0,F
617,1,HappyBirthday,189,9855.18,M,1,0.00739768,5.08147,0.0649194,2.30788,F
617,1,HappyBirthday,1053,3650,M,1,0.0894012,1.13125,1.80928,29.2946,F
618,1,HappyBirthday,286,14235,F,1,0.000154543,0.464649,6592.58,0.0606702,F
619,1,HappyBirthday,442,4380.83,M,0,0,0.0167236,0,0,F
619,1,HappyBirthday,560,29200.3,F,1,0.0126651,1.15137,1893.83,4.73938,F
619,1,HappyBirthday,605,16060.7,F,1,0.000417641,0.230024,1.6e-06,0.129833,F
619,1,HappyBirthday,1178,2190,M,1,0.00014801,0.0135676,0,0.0459726,F
620,1,HappyBirthday,257,13870.2,F,1,0.00612348,0.764428,286.283,2.27764,F
620,1,HappyBirthday,745,9855.88,F,1,0.00234747,0.380826,0.0160136,0.73038,F
621,1,HappyBirthday,1054,3650,F,1,0.0110875,0.884114,8.35566,3.55517,F
621,1,HappyBirthday,1330,730,F,1,0.542976,0.264919,16.4465,256.185,F
621,1,HappyBirthday,1287,1095,M,1,0.777425,0.117738,228.742,593.089,F
621,1,HappyBirthday,1329,730,M,1,0.230836,2.41849,43849.6,779.024,F
622,1,HappyBirthday,564,15330.8,M,1,0.170576,0.184239,33.1319,58.7398,F
622,1,HappyBirthday,904,14235.8,M,1,1.03354e-05,0.664158,7.57526,0.003331,F
623,1,HappyBirthday,196,31025.7,M,1,0.26308,0.0888534,2225.5,101.029,F
623,1,HappyBirthday,570,5475.07,M,1,0.00146322,3.00794,48.5488,0.488612,F
623,1,HappyBirthday,815,12775.2,F,1,3.31448e-05,0.576092,26.5795,0.011208,F
623,1,HappyBirthday,934,13505.9,F,1,0.517397,2.19709,58.8523,245.185,F
624,1,HappyBirthday,100,9125.69,M,1,0.0526908,6.14175,1578.92,21.7341,F
624,1,HappyBirthday,211,25915.1,M,1,0.000109449,1.38707,0.645321,0.0340562,F
624,1,HappyBirthday,246,21170.2,M,1,0.000224905,1.65337,21934.9,0.0948708,F
624,1,HappyBirthday,999,18615.3,F,1,0.000859432,38.4745,29.717,0.279189,F
625,1,HappyBirthday,1179,2190,F,1,0.176435,0.844313,1075.31,133.744,F
625,1,HappyBirthday,116,5475.64,M,0,0,0.617562,0,0,F
625,1,HappyBirthday,1145,2555,M,1,0.000188151,1.40041,51900,0.470498,F
625,1,HappyBirthday,776,9125.55,M,1,0.00964923,2.81712,8.74133,3.0451,F
625,1,HappyBirthday,831,25550.7,F,1,0.00131657,0.225812,13.1656,0.417638,F
625,1,Births,1409,0,M,0,0,0.221707,0,0,F
626,1,HappyBirthday,1085,3285,M,1,0.000857989,0.179627,1.35785,0.266949,F
626,1,HappyBirthday,1212,1825,M,1,0.00826791,1.03392,5589.09,7.46554,F
626,1,HappyBirthday,1114,2920,M,1,0.00233656,0.115125,0.101946,0.726917,F
626,1,HappyBirthday,1364,365,F,1,0.00203559,0.154573,0.00448933,0.632709,F
628,1,HappyBirthday,1288,1095,F,1,0.166013,0.141105,99651.2,1601.64,F
628,1,HappyBirthday,1331,730,M,1,0.00391648,0.149477,253.634,1.2191,F
628,1,HappyBirthday,451,5840.33,F,1,0.00192391,2.0254,121.813,0.694162,F
628,1,HappyBirthday,1147,2555,F,1,0.593416,5.452,1156.07,604.461,F
628,1,HappyBirthday,1146,2555,F,1,0.0301963,6.7988,1.36887,9.53612,F
629,1,HappyBirthday,460,12045.1,F,0,0,0.0406761,0,0,F
629,1,HappyBirthday,533,20805.1,M,1,0.00264375,0.354757,36.5655,0.830429,F
629,1,HappyBirthday,967,8030.5,F,1,0.00251719,1.83353,4747.93,0.980034,F
630,1,HappyBirthday,22,10220.2,F,1,0,0.285546,0.0311188,0,F
630,1,HappyBirthday,390,4745.06,F,1,0.000142024,0.774504,21986.4,0.81097,F
630,1,HappyBirthday,395,17885.4,F,1,0.0172026,0.604835,10438.9,29.7072,F
630,1,HappyBirthday,995,5840.02,M,1,5.18852e-06,0.263159,8004.27,0.0156948,F
630,1,HappyBirthday,801,6935.14,F,1,0.527534,1.30883,31.1156,256.038,F
631,1,HappyBirthday,101,13870.4,F,1,0.00231005,1.49314,0.677315,0.718783,F
631,1,HappyBirthday,400,9125.96,F,1,0.202402,0.749102,34.3255,70.4251,F
631,1,HappyBirthday,558,7300.64,F,1,0.0140541,0.206584,112.624,5.20773,F
631,1,HappyBirthday,920,15330.1,M,1,0.0443974,0.240083,10.2536,14.6556,F
631,1,Births,1410,0,F,0,0,1.61384,0,0,F
632,1,HappyBirthday,299,16425.1,M,1,0.00141415,0.890597,56.307,0.479065,F
633,1,HappyBirthday,150,8760.18,F,1,0.00110986,2.23686,14387.3,0.612568,F
633,1,HappyBirthday,1365,365,M,1,0.0360172,2.15416,1226.81,14.4406,F
634,1,HappyBirthday,144,16790.3,M,1,1.10801e-05,1.73787,7.9871,0.0034744,F
634,1,HappyBirthday,175,6205.41,M,1,0.150808,2.68476,1.42465,50.8046,F
634,1,HappyBirthday,1366,365,F,1,0.107458,0.0230636,107.762,40.9819,F
634,1,HappyBirthday,966,21535.4,M,1,0.0180496,0.341042,215.147,7.52693,F
634,1,HappyBirthday,1087,3285,M,1,0.00019441,0.939916,266.116,0.0840593,F
634,1,HappyBirthday,501,6935.37,M,1,0.0107437,1.14596,13.8004,3.47292,F
634,1,HappyBirthday,621,13870.9,F,1,0.0424818,5.68839,0.027099,13.4916,F
635,1,HappyBirthday,156,13505.5,M,1,0.0626755,3.62393,0.454237,20.1485,F
635,1,HappyBirthday,161,11315.1,M,1,0.605078,1.76858,1639.46,296.311,F
635,1,HappyBirthday,262,5110.28,M,1,0.358694,9.6473,131.001,158.098,F
635,1,HappyBirthday,502,4745.2,F,1,0.834788,0.07329,6.64943,576.895,F
636,1,HappyBirthday,948,19710.2,F,1,0.00105246,1.91783,0.075345,0.327337,F
637,1,HappyBirthday,107,14600.2,F,0,0,0.0655782,0,0,F
638,1,HappyBirthday,1367,365,M,1,0.0226486,0.347468,0.000664013,7.11738,F
638,1,HappyBirthday,17,6570.46,F,1,0.029132,6.34402,285.987,10.9366,F
638,1,HappyBirthday,540,6935.98,F,1,0.0676432,0.0986176,6.32791,21.8365,F
638,1,HappyBirthday,832,12045.2,F,1,0.00379173,0.538235,22.5294,1.28867,F
639,1,HappyBirthday,263,10585.7,M,1,0.00174423,0.373124,0.0155002,0.542417,F
639,1,HappyBirthday,863,17520.6,M,1,0.0115656,0.775007,11492.2,8.35927,F
640,1,HappyBirthday,1115,2920,F,1,0.00247674,14.9359,83.6968,0.921614,F
641,1,HappyBirthday,255,4380.54,M,1,2.93833e-05,10.7976,305.759,0.00998745,F
641,1,HappyBirthday,1248,1460,M,1,0.854714,0.0906819,45.9562,613.255,F
642,1,HappyBirthday,205,9125.3,F,1,0.00083593,15.0255,13.8955,0.263904,F
642,1,HappyBirthday,261,27010.8,M,1,0.00021457,0.242497,52.134,0.071578,F
642,1,HappyBirthday,1056,3650,M,1,0.000934384,0.265818,99026.6,3.74988,F
644,1,HappyBirthday,1213,1825,M,1,2.00664e-05,0.144996,24.6253,0.00648,F
644,1,HappyBirthday,1249,1460,F,1,0.00117354,0.16602,1.28874,0.365375,F
644,1,Births,1411,0,M,0,0,0.901747,0,0,F
645,1,HappyBirthday,1028,4015,F,1,0.0277185,0.337988,98.7518,8.94647,F
645,1,HappyBirthday,507,9855.97,F,1,8.92105e-05,0.973698,0.286297,0.0277252,F
645,1,HappyBirthday,868,14235.1,F,1,0.00275902,0.431668,55.6654,0.875923,F
646,1,HappyBirthday,1116,2920,M,1,0.00293409,0.0792842,127.983,1.06246,F
646,1,HappyBirthday,633,6935.63,M,1,0.0161025,0.162294,55.3308,6.43416,F
646,1,HappyBirthday,645,14600.4,F,1,0.000563542,0.790841,774.386,0.747581,F
646,1,HappyBirthday,869,8395.9,M,1,4.44331e-07,0.293369,62489.3,0.0032048,F
647,1,HappyBirthday,543,20075.3,M,1,0.00169935,0.649395,203.977,0.565393,F
647,1,HappyBirthday,1250,1460,M,1,0.0810127,11.8435,7.76683,26.8859,F
647,1,HappyBirthday,697,4745.33,M,1,0.0269995,1.42411,1615.32,23.9916,F
647,1,HappyBirthday,817,16060.9,F,1,0.0205315,7.11627,0.952487,6.44736,F
648,1,HappyBirthday,768,5475.21,M,1,0.00209334,1.94796,5576.28,0.951814,F
648,1,HappyBirthday,812,4380.5,F,1,1.78636e-05,1.49107,6041.34,0.0178505,F
649,1,HappyBirthday,1368,365,M,1,0,0.181811,141.894,0,F
649,1,HappyBirthday,118,6570.68,M,1,0.000981754,0.392785,35.4113,0.321482,F
649,1,HappyBirthday,1148,2555,F,0,0,0.225404,0,0,F
650,1,HappyBirthday,1369,365,M,1,0.159105,0.702934,38126.5,1297.72,F
650,1,HappyBirthday,1332,730,F,1,0.000114231,0.439945,172821,1.09031,F
651,1,HappyBirthday,991,13505.3,M,1,1.09623e-05,0.499038,0.0301298,0.0034046,F
651,1,HappyBirthday,181,29565.8,M,1,0.115598,0.145586,0.0550756,38.1833,F
651,1,HappyBirthday,240,4745.25,F,1,0.00399551,0.0659232,12.8224,1.27163,F
652,1,HappyBirthday,537,5840.53,F,1,0.00103479,38.1369,1781.33,1.0907,F
652,1,HappyBirthday,628,13505.4,F,1,0.00564417,3.2555,1342.39,2.05346,F
653,1,HappyBirthday,552,4745.66,M,1,0.168259,3.13957,929.155,108.717,F
654,1,HappyBirthday,646,5840.51,F,1,0,0.448239,0,0,F
654,1,HappyBirthday,882,11315.5,M,1,0.090928,0.721773,1239.17,32.5128,F
654,1,HappyBirthday,916,8030.01,M,1,0.00146066,10.2053,149.278,0.474364,F
655,1,HappyBirthday,42,4380.49,F,1,0.00405436,1.57006,1136.63,3.24508,F
655,1,HappyBirthday,1180,2190,M,1,0.00102594,0.84076,11.9216,0.326897,F
656,1,HappyBirthday,39,6570.42,M,1,0.0213202,3.21502,173.667,7.47206,F
656,1,HappyBirthday,242,25185.9,M,0,0,0.437813,0,0,F
656,1,HappyBirthday,470,5110.69,F,1,0.00183485,1.32926,2628.62,3.81381,F
656,1,HappyBirthday,675,19710,F,1,0.120256,2.4508,2398.72,56.6466,F
657,1,HappyBirthday,1289,1095,F,1,0.00286359,0.0447406,137.438,1.4858,F
657,1,HappyBirthday,72,5110.98,M,1,0.0732683,0.57487,0.0550964,23.6476,F
657,1,HappyBirthday,218,10585.3,M,1,1.74529e-06,0.599677,1363.65,0.0016444,F
657,1,HappyBirthday,1214,1825,M,1,0.0812607,0.0833376,321.526,34.1194,F
657,1,HappyBirthday,1290,1095,M,1,0.311366,1.22524,28.198,117.679,F
659,1,HappyBirthday,349,5840.18,F,1,0.0101319,1.38896,0.867669,3.16459,F
659,1,HappyBirthday,505,12045.6,M,1,0.000668665,4.4158,715.055,0.83101,F
659,1,HappyBirthday,1089,3285,M,1,0.42837,1.27427,50.8027,205.917,F
660,1,HappyBirthday,1057,3650,M,1,0.00320441,0.602907,279.833,1.08458,F
660,1,HappyBirthday,536,22265.1,F,1,0.00486629,0.736745,49323.1,7.75897,F
660,1,HappyBirthday,1181,2190,M,1,0.000606704,0.113148,71136,1.26334,F
660,1,HappyBirthday,939,25550.2,M,1,0.0118389,0.538003,10.6372,3.83589,F
662,1,HappyBirthday,31,6205.58,M,1,0.799628,1.864,39.0022,517.897,F
662,1,HappyBirthday,423,6935.73,M,1,0.000188028,0.242887,3041.43,0.0588293,F
662,1,HappyBirthday,525,11680.1,M,1,0.00252609,0.225117,123.511,0.93409,F
662,1,HappyBirthday,796,10221,F,0,0,0.100743,0,0,F
664,1,HappyBirthday,29,18980.9,M,1,0.000201565,1.55459,8.58117,0.06278,F
664,1,HappyBirthday,49,6205.23,F,1,0.0347807,0.471347,54.4659,13.6975,F
664,1,HappyBirthday,1291,1095,M,1,0.0186741,1.53271,0.915145,5.86128,F
664,1,HappyBirthday,1292,1095,F,1,0.0186877,1.32495,366.451,14.1669,F
664,1,HappyBirthday,1090,3285,F,0,0,0.109763,0,0,F
664,1,HappyBirthday,700,16425.3,M,1,0.170891,0.830982,0.816223,58.2417,F
664,1,HappyBirthday,786,20075.1,M,1,0.00299005,5.53325,0.182262,0.930762,F
665,1,HappyBirthday,307,14600.6,M,1,0.0115251,2.09741,0.053534,3.60341,F
665,1,HappyBirthday,1182,2190,F,1,0.010793,0.0859939,37.0534,4.00117,F
665,1,HappyBirthday,593,25185,M,1,0.0378346,1.97233,16.9216,12.004,F
666,1,HappyBirthday,253,5110.05,M,1,0.0113952,1.53497,0.187924,3.56165,F
666,1,HappyBirthday,1370,365,M,0,0,0.00437102,0,0,F
666,1,HappyBirthday,1333,730,F,0,0,0.131759,0,0,F
666,1,HappyBirthday,1029,4015,F,1,8.98817e-05,10.28,172.516,0.044383,F
667,1,HappyBirthday,1252,1460,M,1,6.40031e-05,0.27928,23.1857,0.0218167,F
667,1,HappyBirthday,109,17885.4,M,1,0.00349251,0.720297,179.691,1.36826,F
667,1,HappyBirthday,994,9125.86,F,1,0.0219654,20.056,0.0907306,6.90256,F
667,1,HappyBirthday,975,27740.9,M,1,0.00525886,0.650189,0.835659,1.64123,F
668,1,HappyBirthday,731,16790.4,F,1,0.0162865,3.0563,646.159,15.4016,F
669,1,HappyBirthday,1253,1460,F,1,0.0677124,0.266463,7875.42,378.271,F
669,1,HappyBirthday,713,4745.37,F,1,0.17591,12.3209,1.41732,60.1926,F
669,1,HappyBirthday,940,9855.57,M,0,0,0.316611,0,0,F
670,1,HappyBirthday,376,17520.8,F,1,0.111435,18.8166,13.8424,36.7197,F
670,1,HappyBirthday,1183,2190,F,1,0.000305153,0.309434,16582.2,2.33196,F
670,1,HappyBirthday,885,24090.2,M,1,0.00490512,1.08353,7315.85,13.784,F
671,1,HappyBirthday,1184,2190,F,1,0.00020737,0.888318,11147.9,0.85978,F
671,1,HappyBirthday,1118,2920,M,1,0.395866,0.381569,2252.29,186.233,F
671,1,Births,1412,0,M,0,0,0.0759257,0,0,F
672,1,HappyBirthday,35,10950.9,M,1,0.00118139,3.40318,3.11676,0.369486,F
672,1,HappyBirthday,282,8030.13,M,1,0.280287,0.733655,47.1293,110.862,F
672,1,HappyBirthday,433,18980.2,M,1,0.000447122,0.187611,20011.5,0.968756,F
672,1,HappyBirthday,598,13870.6,M,1,0.00134037,0.262616,0.0008294,0.416747,F
672,1,HappyBirthday,714,5840.11,F,1,0.368883,5.98062,482.475,452.632,F
672,1,HappyBirthday,1149,2555,M,1,0.00163325,0.0631416,19583.4,1.68316,F
672,1,HappyBirthday,1216,1825,M,1,0.53393,0.410021,969.141,944.885,F
672,1,HappyBirthday,1185,2190,F,1,0.00405228,0.738474,46.1824,1.53865,F
673,1,HappyBirthday,397,27010.2,F,0,0,0.18643,0,0,F
673,1,HappyBirthday,411,8030.14,F,1,0.000372712,0.353714,0.331534,0.116029,F
673,1,HappyBirthday,889,24820.7,M,1,1.15752e-05,0.165296,0.637244,0.0036058,F
674,1,HappyBirthday,124,35405.9,F,1,0.0282126,1.53978,22905.9,29.869,F
674,1,HappyBirthday,1119,2920,M,1,0,0.107289,0,0,F
674,1,HappyBirthday,1150,2555,M,1,0.137893,0.550787,55.0457,50.4678,F
674,1,HappyBirthday,802,6935.78,M,1,0.00116626,6.88186,0.0800569,0.362825,F
674,1,Births,1413,0,F,0,0,0.0350647,0,0,F
675,1,HappyBirthday,554,4380.65,M,1,0.141419,0.598208,4.67032,47.3979,F
675,1,Births,1414,0,F,0,0,0.719502,0,0,F
676,1,HappyBirthday,13,5475.37,M,1,0.000909324,0.364427,38430.1,6.69821,F
676,1,HappyBirthday,1120,2920,F,1,0.0621722,1.60633,2.6039,20.0389,F
676,1,HappyBirthday,965,4745.78,F,1,0.102028,1.41816,24.8143,37.5864,F
676,1,HappyBirthday,1294,1095,F,1,0.00757954,0.905825,166.572,3.12171,F
676,1,HappyBirthday,960,29565.6,F,1,0,1.20503,2284.98,0,F
677,1,HappyBirthday,309,18980.6,F,1,0.00340985,0.946755,0.198646,1.06196,F
677,1,HappyBirthday,344,9855.54,M,1,0.0327546,2.42002,0.0328148,10.352,F
677,1,HappyBirthday,1371,365,F,0,0,0.0157649,0,0,F
678,1,HappyBirthday,293,6205.33,M,1,0.00440804,0.419786,14.0249,1.46976,F
678,1,HappyBirthday,339,17520.8,M,1,0.209091,1.65092,7412.53,296.702,F
678,1,HappyBirthday,483,20075.1,F,1,0.00051388,0.316691,17162.4,0.488849,F
678,1,HappyBirthday,842,4745.81,M,1,0.00400219,0.0173135,2.08343,1.2594,F
679,1,HappyBirthday,375,20440,F,0,0,0.113317,0,0,F
680,1,HappyBirthday,1295,1095,M,1,0.00708221,0.0728702,14.6917,2.2163,F
681,1,HappyBirthday,383,19710.3,M,1,0.0113967,1.53386,0.0055634,3.56257,F
681,1,HappyBirthday,846,11680.9,M,1,8.15991e-06,0.171867,0.636338,0.002533,F
682,1,HappyBirthday,184,14600.3,M,1,0.000159388,0.986672,3179.8,0.172607,F
682,1,HappyBirthday,379,10950.9,F,1,3.89438e-05,2.77036,2.8e-06,0.0121154,F
682,1,HappyBirthday,582,8760.73,M,1,0.1749,0.858031,632.447,107.674,F
682,1,HappyBirthday,736,4380.93,M,1,0.0162529,1.912,2958.7,5.85726,F
682,1,HappyBirthday,1334,730,M,1,0.168591,0.285843,11271.4,1362.27,F
683,1,HappyBirthday,406,18980.9,F,1,8.18971e-05,1.98699,14642.5,0.057904,F
683,1,HappyBirthday,852,17885.8,F,0,0,0.18191,0,0,F
684,1,HappyBirthday,202,4380.37,F,1,3.16109e-05,3.27279,0.586365,0.0098562,F
684,1,HappyBirthday,384,26645.3,F,1,9.65178e-05,0.20693,1793.66,0.0397596,F
685,1,HappyBirthday,50,15330.3,F,1,0.00195501,0.136813,6.0611,0.614403,F
685,1,HappyBirthday,1058,3650,F,1,0.68325,0.0438278,264.417,415.242,F
686,1,HappyBirthday,315,10220.6,F,1,0.058496,0.612695,2724.85,71.2153,F
686,1,HappyBirthday,1335,730,M,1,0.176106,3.22194,2857.85,408.813,F
687,1,HappyBirthday,1296,1095,F,0,0,0.105883,0,0,F
687,1,HappyBirthday,85,6205.77,F,1,0.0034038,12.9867,360.654,1.62939,F
687,1,HappyBirthday,1254,1460,M,1,0.00401593,0.160955,26.4255,1.26694,F
687,1,HappyBirthday,542,24820.8,M,1,0.452412,0.330329,215.208,192.644,F
687,1,HappyBirthday,893,14235,M,1,0.707847,0.117516,94.7107,516.447,F
688,1,HappyBirthday,476,12775.1,M,1,0.0208223,0.308451,82.7381,7.42975,F
688,1,HappyBirthday,521,26645.3,F,1,0.645572,0.266611,278.253,335.441,F
689,1,HappyBirthday,1297,1095,M,1,0.0726678,0.359039,4.65601,23.9805,F
690,1,HappyBirthday,679,5110.81,F,1,0.000181119,3.01512,66.0651,0.062559,F
690,1,HappyBirthday,722,6570.76,F,1,0.00879997,0.467506,0.100924,2.74623,F
690,1,HappyBirthday,900,8760.18,M,1,0.132184,17.542,2.90443,44.5244,F
691,1,HappyBirthday,1298,1095,M,1,0.343071,5.67464,113.889,158.984,F
691,1,HappyBirthday,1121,2920,F,1,0.000940046,2.11422,0.92233,0.292363,F
691,1,HappyBirthday,516,10585.3,M,1,0.040346,1.36417,32.7654,13.3914,F
691,1,HappyBirthday,599,8760.44,F,1,0.140936,0.196071,1895.59,258.899,F
691,1,HappyBirthday,626,6205.89,F,1,0.260601,1.63656,5765.37,101.815,F
693,1,HappyBirthday,108,9125.38,M,1,0.182945,1.85164,194.172,71.7368,F
693,1,HappyBirthday,1217,1825,M,1,0.00267251,0.102799,117.345,0.979677,F
694,1,HappyBirthday,114,34675.3,M,1,0.807659,0.240526,40.186,512.561,F
694,1,HappyBirthday,162,7665.43,M,1,0.0715134,1.1105,409.819,35.7017,F
694,1,HappyBirthday,448,12775.4,M,1,0.000441511,0.136758,5.75988,0.14129,F
695,1,HappyBirthday,279,13140.2,M,1,0.00209672,0.592824,211.945,1.22996,F
695,1,HappyBirthday,1336,730,M,1,7.62229e-06,1.57716,225617,0.0804564,F
695,1,HappyBirthday,297,13870.9,F,1,9.84501e-05,19.8717,2173.11,0.247998,F
695,1,HappyBirthday,380,19710.2,F,1,0.0757994,0.758413,0.43203,24.498,F
695,1,HappyBirthday,987,16060,M,1,0.00476508,1.14926,433.513,1.65,F
695,1,HappyBirthday,1218,1825,M,0,0,0.0328528,0,0,F
695,1,HappyBirthday,753,6935.35,F,1,0,1.8851,0.00719683,0,F
696,1,HappyBirthday,212,5110.56,M,1,0.0803882,2.02912,8215.1,147.811,F
696,1,HappyBirthday,659,4380.56,M,1,0.0777423,0.291841,4689.63,70.2388,F
696,1,Births,1415,0,F,0,0,0.333197,0,0,F
697,1,HappyBirthday,514,10220.8,M,1,0.523702,0.183541,258.139,452.602,F
697,1,HappyBirthday,781,5110.44,F,0,0,0.291539,0,0,F
698,1,HappyBirthday,1186,2190,M,1,0.119958,0.815305,2.53302,40.1217,F
698,1,HappyBirthday,238,16425.1,F,1,0.000291183,0.0655318,0.0799422,0.090583,F
698,1,HappyBirthday,890,10585.6,M,1,0.00156919,46.9762,19.6229,0.51568,F
699,1,HappyBirthday,23,16060.8,M,1,2.02342e-05,0.355557,24.4662,0.006546,F
699,1,HappyBirthday,1219,1825,M,1,0.00585845,6.12367,58.3023,2.00883,F
699,1,HappyBirthday,1059,3650,M,1,0.00103648,0.199305,9.47644,0.332748,F
699,1,HappyBirthday,695,29930.2,F,1,0.877946,0.260972,131.476,655.092,F
700,1,HappyBirthday,16,10585.9,F,1,0.0803035,1.11744,4.84656,26.0252,F
700,1,HappyBirthday,283,14965.2,M,1,0.152451,0.842199,0.499726,51.4203,F
700,1,HappyBirthday,401,18250.1,F,1,0.487634,3.83051,119.279,209.928,F
700,1,HappyBirthday,1337,730,M,1,0.783074,0.219712,110.141,517.062,F
701,1,HappyBirthday,203,26645.4,F,1,0.000816116,2.57304,8.49881,0.253988,F
701,1,HappyBirthday,492,21170.2,M,1,0.00430647,0.28457,213.723,1.48833,F
701,1,HappyBirthday,1338,730,M,1,0.0520291,0.864946,90.1195,22.318,F
701,1,HappyBirthday,779,24455.7,M,1,0.00100528,3.53906,3.9e-05,0.312689,F
702,1,HappyBirthday,996,26645,M,1,0.000390974,0.707707,0.0041614,0.12151,F
702,1,HappyBirthday,1060,3650,F,1,0.0296586,3.11451,7.70313,9.35871,F
703,1,HappyBirthday,508,16060,M,1,8.60732e-05,0.1121,109.355,0.0365774,F
703,1,HappyBirthday,515,9855.84,M,1,0.351056,2.03786,986.885,136.614,F
703,1,Births,1416,0,M,0,0,0.891528,0,0,F
705,1,HappyBirthday,1339,730,F,1,0.0049236,1.08353,76.2845,1.77472,F
705,1,HappyBirthday,1255,1460,F,1,0.0485344,6.46163,19.45,16.8067,F
705,1,HappyBirthday,913,5110.87,M,1,5.87541e-07,0.0395866,6786.05,0.00170908,F
705,1,Births,1417,0,F,0,0,0.00919611,0,0,F
707,1,HappyBirthday,1372,365,F,0,0,0.015849,0,0,F
707,1,HappyBirthday,1299,1095,M,1,0.000463661,3.96413,30.6249,0.150399,F
708,1,HappyBirthday,1151,2555,F,1,3.43998e-06,9.39309,23782,0.0203771,F
709,1,HappyBirthday,27,14965.4,F,1,0.420306,0.431579,3057.93,169.973,F
709,1,HappyBirthday,680,35405.1,F,1,0.0354779,6.78896,11.1133,11.7447,F
711,1,HappyBirthday,295,15330.2,F,1,0.484603,0.234121,18.1451,222.217,F
711,1,HappyBirthday,1256,1460,F,1,0.0851042,1.00139,395.335,27.6489,F
712,1,HappyBirthday,1188,2190,F,1,0.029471,2.69446,1821.61,66.0666,F
712,1,HappyBirthday,748,13505.7,F,1,0,0.215157,0.0151,0,F
713,1,HappyBirthday,1189,2190,F,1,0.292318,0.8426,1672.6,340.429,F
714,1,HappyBirthday,1220,1825,M,1,0.152183,1.93891,1068.03,228.222,F
714,1,HappyBirthday,398,7300.77,M,1,0.00260075,0.480293,0.083888,0.809734,F
714,1,HappyBirthday,1190,2190,M,1,0.00246549,13.5669,56416,8.69223,F
714,1,HappyBirthday,1091,3285,F,1,0.0135745,1.77763,4268.47,4.27316,F
715,1,HappyBirthday,174,13870.5,M,1,0.305549,1.17721,163.892,182.41,F
715,1,HappyBirthday,651,11315.4,F,1,0.0638405,3.24119,5.311,20.5273,F
715,1,Births,1418,0,F,0,0,0.113987,0,0,F
716,1,HappyBirthday,1221,1825,M,0,0,0.203976,0,0,F
716,1,HappyBirthday,80,5110.48,F,1,0.038656,1.12391,27.4178,12.3029,F
716,1,HappyBirthday,1123,2920,F,1,2.05142e-05,2.26109,24793,0.0583978,F
717,1,HappyBirthday,1300,1095,F,0,0,0.0858167,0,0,F
717,1,HappyBirthday,823,12775.7,F,1,0.0521556,1.52571,4.76739,16.6493,F
718,1,HappyBirthday,1124,2920,F,1,0.00294018,0.164808,2160.6,6.97119,F
718,1,HappyBirthday,378,28470.8,F,1,0.00247714,1.21726,0.0281652,0.770953,F
718,1,HappyBirthday,422,4745.63,F,1,0.135171,0.966749,1.97475,45.1337,F
718,1,HappyBirthday,959,5840.38,M,1,0.00886267,0.756092,3335.28,5.00959,F
718,1,HappyBirthday,671,13140.2,M,0,0,0.171539,0,0,F
718,1,HappyBirthday,911,24090.4,F,1,0.0197324,1.10819,0.060952,6.19339,F
719,1,HappyBirthday,1302,1095,F,1,0.706112,0.383756,225.385,416.407,F
719,1,HappyBirthday,500,6935.71,F,1,0.000454455,1.67383,607.783,0.263857,F
719,1,HappyBirthday,1153,2555,F,1,0.0803671,12.7248,1.16732,26.1868,F
719,1,HappyBirthday,557,6205.79,F,1,0.0170917,1.87713,40.2991,5.78312,F
719,1,HappyBirthday,561,5110,F,1,0.00452414,1.28164,111.246,1.44859,F
719,1,HappyBirthday,664,30295.6,F,1,0.000914265,0.728503,84.2117,0.294606,F
720,1,HappyBirthday,1062,3650,M,1,0.00907542,3.43484,5.30165,2.84846,F
720,1,HappyBirthday,1303,1095,F,0,0,0.00469628,0,0,F
720,1,HappyBirthday,337,7300.94,F,1,0.00220567,4.95644,0.00279422,0.686145,F
721,1,HappyBirthday,348,15695.3,F,1,0.129196,4.55051,6307.85,355.318,F
722,1,HappyBirthday,1373,365,M,0,0,0.00229288,0,0,F
722,1,HappyBirthday,1304,1095,M,1,0.659137,0.29437,92.2249,396.501,F
722,1,HappyBirthday,891,10950.7,F,1,0.0112555,0.401631,1.62805,3.51768,F
723,1,HappyBirthday,7,12045,F,1,0.00737956,2.66201,0.283248,2.30231,F
723,1,HappyBirthday,1092,3285,F,1,0.00160587,4.17329,0.0179961,0.499423,F
724,1,HappyBirthday,1125,2920,F,1,0.00470118,0.0825139,87.7951,1.65053,F
724,1,HappyBirthday,816,9125.6,F,1,0.0368172,0.955328,155.53,14.3614,F
725,1,HappyBirthday,155,29200.8,M,1,0.0388488,1.22188,50.9671,15.4419,F
726,1,HappyBirthday,484,26280.4,F,1,0.0708037,0.0293995,82.1883,25.5736,F
727,1,HappyBirthday,618,14600.5,F,1,0.00703046,19.3833,22.6868,2.29706,F
728,1,HappyBirthday,32,6570.5,M,1,0.000163296,0.398677,5.76574,0.0512483,F
728,1,HappyBirthday,1093,3285,M,1,0.00405123,0.746357,19.1721,1.36216,F
728,1,HappyBirthday,1126,2920,M,1,0.113525,0.887734,0.247943,37.4702,F
728,1,HappyBirthday,629,6935.32,F,1,0.000125789,0.318136,170.941,0.0395966,F
730,1,HappyBirthday,985,11315,M,1,0.00294728,3.99208,13.2936,0.965596,F
730,1,HappyBirthday,1305,1095,F,0,0,0.0351648,0,0,F
730,1,HappyBirthday,325,16060.3,M,1,0.583141,1.75079,47.005,274.848,F
730,1,HappyBirthday,535,10950.9,F,1,0.0354135,0.124379,0.012447,11.2049,F
730,1,HappyBirthday,1342,730,M,0,0,0.0304644,0,0,F
730,1,HappyBirthday,849,6935.92,F,1,0.000641856,0.469482,1.04713e-06,0.199557,F
731,1,HappyBirthday,499,8760.35,M,1,0.0293227,9.46311,0.736235,9.24974,F
731,1,HappyBirthday,1223,1825,M,1,0.48908,17.2649,403.297,297.542,F
732,1,HappyBirthday,51,5475.45,F,1,0.00467442,2.30624,2.11414,1.45666,F
732,1,HappyBirthday,453,14600.9,M,1,7.71687e-06,10.6249,3505.36,0.0125814,F
732,1,HappyBirthday,1224,1825,F,1,0.597373,0.605783,62.7929,314.819,F
732,1,HappyBirthday,898,9125.72,M,1,0.611804,1.25626,456.73,473.157,F
734,1,HappyBirthday,1257,1460,F,1,0.111807,0.345102,11.1374,38.3785,F
735,1,HappyBirthday,585,23360.6,M,1,0.095486,0.568035,7.83293,32.1919,F
735,1,HappyBirthday,1127,2920,M,1,0.0118081,0.521474,83.8906,4.64883,F
736,1,HappyBirthday,565,13505.8,M,1,0.000408695,1.22367,234.506,0.269588,F
736,1,HappyBirthday,613,5475.49,M,1,0.0148142,31.1158,2.94802,4.65333,F
736,1,HappyBirthday,876,24090.2,F,1,0.00700907,0.276044,3.0808,2.18948,F
737,1,HappyBirthday,1128,2920,F,1,0.130621,2.22672,2837.56,49.8364,F
737,1,HappyBirthday,371,10950.2,M,1,0.000203326,0.0443397,0,0.063154,F
737,1,HappyBirthday,1094,3285,F,1,0.00067292,0.233834,13.8086,0.214183,F
737,1,HappyBirthday,858,23360.3,F,1,0.00244907,0.0965944,26.1145,0.859819,F
737,1,HappyBirthday,880,5110.62,F,1,0.0396205,1.2738,3055.13,58.7446,F
737,1,HappyBirthday,908,14235.5,M,1,0.126769,2.37907,3.47458,42.5637,F
738,1,HappyBirthday,178,10585,M,1,1.64931e-05,1.0708,1273.99,0.0319354,F
738,1,HappyBirthday,624,14965.1,F,1,0.00624485,11.3862,23.7817,1.95143,F
738,1,HappyBirthday,1306,1095,F,0,0,0.0844443,0,0,F
739,1,HappyBirthday,182,7300.67,F,1,0.105168,0.80705,147.423,35.0577,F
739,1,HappyBirthday,1225,1825,F,1,0.325499,1.38464,8643.26,575.465,F
739,1,HappyBirthday,546,8030.69,F,1,0.389075,5.0443,19.4168,167.842,F
739,1,Births,1419,0,F,0,0,0.245541,0,0,F
740,1,HappyBirthday,1095,3285,M,1,0.637142,0.402697,782.892,337.58,F
741,1,HappyBirthday,24,5475.69,M,1,0.00778105,0.3268,2.95332,2.42725,F
741,1,HappyBirthday,38,11680.1,F,1,0.00125751,0.210567,23.276,0.394733,F
741,1,HappyBirthday,377,11315.6,M,1,0.00868397,3.20113,133.631,3.35487,F
742,1,HappyBirthday,56,7300.57,F,1,0.0618172,0.544185,3085.88,21.4773,F
742,1,HappyBirthday,1226,1825,M,1,0.000126425,15.1506,15.8719,0.0422493,F
742,1,HappyBirthday,434,23360.6,F,1,0.0179833,4.40668,1.02156,5.66876,F
742,1,HappyBirthday,596,12775.6,F,1,0.00503189,0.149872,12.8033,1.66675,F
743,1,HappyBirthday,287,5110.24,F,1,0.00952468,1.02212,1480.32,19.1781,F
744,1,HappyBirthday,449,5840.63,F,1,0.128059,0.897109,142.404,51.6075,F
744,1,HappyBirthday,581,15695.6,M,1,0.00629451,0.391914,6.79297,1.96288,F
746,1,HappyBirthday,1227,1825,M,1,1.26896e-05,1.1944,15992.1,0.100019,F
746,1,HappyBirthday,928,5110.58,M,1,0.0116357,0.846809,298.292,3.93903,F
746,1,Births,1420,0,F,0,0,0.101717,0,0,F
747,1,HappyBirthday,464,9855.8,M,1,0.00365687,0.615418,23.2224,1.18398,F
747,1,HappyBirthday,806,29930.9,M,1,0.00128771,3.57311,576.73,0.465545,F
747,1,HappyBirthday,1002,4380,M,1,0.00218995,1.41187,0.0123533,0.681044,F
748,1,HappyBirthday,639,12410.3,F,1,0.000969435,2.15154,21.37,0.321042,F
748,1,HappyBirthday,666,21170.6,F,1,0.377954,0.845877,0.587596,147.614,F
748,1,HappyBirthday,825,9490.23,F,1,0.000228411,0.201336,0.0586138,0.071028,F
749,1,HappyBirthday,1307,1095,M,1,0.118006,3.50426,1188.56,194.694,F
749,1,HappyBirthday,616,17885.2,M,1,0.0844613,2.62631,1385.46,29.2896,F
749,1,HappyBirthday,1155,2555,M,0,0,0.0173336,0,0,F
751,1,HappyBirthday,68,10585.9,M,1,0.10984,4.08185,605.197,89.6293,F
751,1,HappyBirthday,127,9490.58,F,1,0.0476168,1.40562,142.518,18.7724,F
752,1,HappyBirthday,509,9855.95,M,1,0.021912,1.68677,1859.62,7.63511,F
752,1,HappyBirthday,710,5110.96,M,0,0,0.327269,0,0,F
752,1,Births,1421,0,M,0,0,0.110536,0,0,F
753,1,HappyBirthday,573,16060.1,M,1,0.00284186,1.09043,31.562,0.985975,F
754,1,HappyBirthday,55,12775.2,M,1,0.0614226,4.28632,112.143,19.8827,F
754,1,HappyBirthday,158,9125.27,F,1,0.00361278,10.6994,0.896163,1.12466,F
754,1,HappyBirthday,454,8395.67,M,1,0.0853779,1.06401,81.7973,30.8676,F
755,1,HappyBirthday,1064,3650,M,1,0.00128333,3.91251,55.52,0.458601,F
755,1,HappyBirthday,426,15695.5,F,1,0.0116885,1.58321,0.0234938,3.65395,F
755,1,HappyBirthday,642,10220.3,M,1,6.75622e-05,5.48547,11.9229,0.021571,F
755,1,HappyBirthday,883,21170.3,F,1,0.112562,0.419093,25.2554,39.032,F
756,1,HappyBirthday,548,12410.6,F,1,0.0739031,1.10175,473.628,24.6992,F
756,1,HappyBirthday,1374,365,F,1,0.000696964,0.0817457,13685.1,0.792071,F
756,1,HappyBirthday,1375,365,F,0,0,0.0114234,0,0,F
757,1,HappyBirthday,1065,3650,M,0,0,0.0794213,0,0,F
757,1,HappyBirthday,1376,365,F,1,0.000686047,0.377829,0.00438166,0.213138,F
757,1,HappyBirthday,1193,2190,M,1,0.0153646,0.213888,1.31029,4.8328,F
757,1,HappyBirthday,950,5840.25,M,1,0.00209403,0.107005,8.52068,0.661121,F
758,1,HappyBirthday,164,8760.18,F,0,0,0.126385,0,0,F
758,1,HappyBirthday,1343,730,M,1,0.554569,0.0171671,4955.78,336.889,F
759,1,HappyBirthday,486,14965,F,1,0.00355147,0.777209,5.9547,1.11349,F
759,1,HappyBirthday,778,10585.4,M,1,0.431442,0.990994,7.08467,180.687,F
760,1,HappyBirthday,1000,10585.5,M,1,0.00116078,0.174855,0.75721,0.36144,F
760,1,HappyBirthday,673,5475.29,F,1,0.0618431,1.40682,2.56842,19.8407,F
760,1,Births,1422,0,F,0,0,0.0933572,0,0,F
761,1,HappyBirthday,495,21170.9,M,1,0.0138025,1.0424,156.373,4.35731,F
761,1,HappyBirthday,717,19710.1,M,1,0.0594745,0.880739,3107.44,21.4873,F
762,1,HappyBirthday,1194,2190,M,1,0.00134099,0.227836,2.28355,0.417582,F
763,1,HappyBirthday,1377,365,M,1,0.0021686,0.125813,151.041,0.840339,F
764,1,HappyBirthday,569,18615.3,M,1,0.0128359,1.91413,124.465,4.85496,F
764,1,HappyBirthday,654,5475.64,M,1,0.0188324,1.76229,5296.4,6.00418,F
764,1,HappyBirthday,703,5840.11,M,1,0.0331933,8.71624,3.20352,10.6584,F
764,1,HappyBirthday,762,20075.8,F,1,0.000424012,20.623,121.296,0.190621,F
765,1,HappyBirthday,134,18980.8,M,0,0,0.363436,0,0,F
765,1,HappyBirthday,1031,4015,F,1,0.0578875,1.46489,5.76678,18.7143,F
766,1,HappyBirthday,1156,2555,F,1,0.221822,1.33074,95.3751,89.7308,F
766,1,HappyBirthday,1258,1460,F,1,0.148136,1.0933,296.712,104.469,F
767,1,HappyBirthday,1308,1095,F,0,0,0.0802871,0,0,F
767,1,HappyBirthday,105,8760.89,F,1,0.0128258,4.2097,1.35538,4.03824,F
767,1,HappyBirthday,335,6205.22,M,1,0.18457,0.278007,14.1107,67.778,F
768,1,HappyBirthday,1228,1825,F,1,0.0015255,0.0535085,60.0646,0.593285,F
768,1,HappyBirthday,374,14600.6,F,1,0.000231788,0.281854,0.0003068,0.0720712,F
768,1,HappyBirthday,544,28470,F,1,0.000481499,0.115318,87.8033,0.151732,F
768,1,HappyBirthday,1067,3650,M,1,0.152829,6.37314,2.03827,51.6826,F
768,1,HappyBirthday,751,9490.6,F,1,0.000788913,6.02291,39.7431,0.262046,F
769,1,HappyBirthday,226,10950.2,F,1,0.0175501,0.14801,18.3563,5.52468,F
769,1,HappyBirthday,670,18980.4,M,1,0.000516038,2.34045,68.9645,0.173789,F
770,1,HappyBirthday,1344,730,F,1,0.245818,1.21616,50753.3,637.731,F
771,1,HappyBirthday,252,9490.4,M,1,6.3997e-05,0.69802,1534.17,0.0402896,F
771,1,HappyBirthday,350,30295.8,F,1,3.84573e-05,0.802386,27.905,0.0124166,F
771,1,HappyBirthday,1131,2920,F,1,3.66908e-05,0.053879,0.00426027,0.01146,F
772,1,HappyBirthday,1195,2190,F,1,0.0286615,0.557001,120.286,14.2538,F
772,1,HappyBirthday,84,24820.6,F,1,2.32709e-06,0.557929,3582.45,0.0037934,F
774,1,HappyBirthday,1032,4015,M,1,7.83479e-05,2.03303,44.1242,0.0260646,F
776,1,HappyBirthday,1378,365,M,1,0.000135905,0.549235,6.99338,0.0427039,F
777,1,HappyBirthday,1229,1825,M,1,0.110742,2.18511,24.419,36.5716,F
778,1,HappyBirthday,224,6935.83,F,1,0,0.426402,0,0,F
779,1,HappyBirthday,98,14600.6,M,1,0,0.412946,0.0225284,0,F
779,1,HappyBirthday,1033,4015,M,1,0.000729806,0.39206,0.00405227,0.226726,F
779,1,HappyBirthday,1379,365,F,0,0,0.0537111,0,0,F
779,1,HappyBirthday,822,10585.7,F,1,2.52079e-06,3.5761,43576.4,0.0094708,F
780,1,HappyBirthday,1004,4380,F,1,0.00154491,0.0423839,0.017734,0.480553,F
780,1,HappyBirthday,942,11680.4,F,1,0.0146683,0.72685,31.1491,4.71538,F
781,1,HappyBirthday,154,12410.8,M,1,2.42542e-05,1.17369,21.903,0.0078308,F
781,1,HappyBirthday,357,19710.7,F,1,0.000664843,0.186437,162.945,0.207023,F
781,1,HappyBirthday,724,20440.6,M,1,0.000176961,3.18799,46037.4,0.243548,F
781,1,HappyBirthday,1096,3285,M,1,0.0846769,0.511415,263.896,54.1667,F
782,1,HappyBirthday,63,24090.8,M,1,0.000469689,0.075766,0.203535,0.145995,F
782,1,HappyBirthday,1196,2190,M,1,0.000702893,2.35383,18729.9,0.603708,F
782,1,HappyBirthday,318,11680.6,M,1,0.00216314,1.5842,165.665,0.701558,F
782,1,Births,1423,0,M,0,0,0.147443,0,0,F
783,1,HappyBirthday,1157,2555,F,1,0.000933565,0.525514,46.8159,0.290464,F
783,1,HappyBirthday,808,4745.44,M,1,0.000189897,1.35618,0,0.0590722,F
784,1,HappyBirthday,417,16790.6,M,1,0.150166,3.27184,0.236176,50.5773,F
785,1,HappyBirthday,857,11680.8,F,1,0.0101425,0.138449,312.872,3.27801,F
786,1,HappyBirthday,1006,4380,M,1,0.000350271,0.602418,3.87192,0.108908,F
786,1,HappyBirthday,450,11680.1,F,1,9.33755e-07,1.06965,0.615086,0.0002904,F
786,1,HappyBirthday,681,10220.2,F,1,0.00286642,0.879999,0.982565,0.891955,F
788,1,HappyBirthday,1380,365,M,0,0,0.019325,0,0,F
789,1,HappyBirthday,604,13140.2,M,1,0.0157966,3.08119,140.084,7.86325,F
789,1,HappyBirthday,1259,1460,M,1,0.103288,22.2987,38.8891,36.0771,F
789,1,HappyBirthday,980,24090.6,M,1,0.000201002,0.0390586,0.009287,0.0626332,F
790,1,HappyBirthday,368,8395.08,F,0,0,0.601862,0,0,F
792,1,HappyBirthday,1260,1460,F,1,0.204318,0.654509,487.433,169.942,F
792,1,HappyBirthday,436,16060.7,M,1,0.000778276,0.150806,14.5189,0.259798,F
792,1,HappyBirthday,989,18615.7,F,1,1.09697e-05,1.79246,2588.81,0.0082232,F
792,1,HappyBirthday,729,5110.49,M,1,2.0899e-05,1.52359,5.06863,0.00659892,F
793,1,HappyBirthday,209,5110.62,M,1,8.30173e-05,0.21104,11.6585,0.0273141,F
794,1,HappyBirthday,159,11315.6,F,1,0.000631314,1.34574,5.22274,0.197783,F
794,1,HappyBirthday,230,29930,M,1,1.24398e-05,0.939963,0,0.0038712,F
794,1,HappyBirthday,655,12045.7,M,1,0,0.461122,10.1247,0,F
794,1,HappyBirthday,1098,3285,F,0,0,0.0452173,0,0,F
794,1,HappyBirthday,772,8760.07,M,1,0.00089326,1.82012,362.039,0.288384,F
795,1,HappyBirthday,25,9855.9,F,1,0.00432007,2.20949,9.10265,1.40741,F
795,1,HappyBirthday,232,12045.4,F,1,5.0367e-05,6.37048,127.162,0.0187126,F
795,1,HappyBirthday,513,20805,F,1,0.000279858,0.188136,1.4858,0.0869384,F
795,1,HappyBirthday,874,13505.9,M,0,0,0.0123099,0,0,F
796,1,HappyBirthday,45,12045.7,F,1,0.000255939,0.455641,65.4141,0.0867078,F
796,1,HappyBirthday,57,5475.97,F,1,0.00563944,0.444982,3302.48,8.36915,F
796,1,HappyBirthday,93,7300.85,F,1,0.000335226,6.93195,3.20006e-05,0.104134,F
796,1,HappyBirthday,1099,3285,F,1,0.00143964,0.593794,0.00021946,0.447782,F
796,1,HappyBirthday,445,5475.18,F,1,0.00817764,3.35548,7.08175,2.55713,F
796,1,HappyBirthday,579,18615.9,F,1,0.380624,0.4109,24.9253,155.194,F
797,1,HappyBirthday,761,18615.1,M,1,0.00117865,3.15808,0.0089978,0.366654,F
798,1,HappyBirthday,1158,2555,F,1,0.00127698,0.850373,1.56051,0.400241,F
799,1,HappyBirthday,602,5475.3,F,1,0.0215257,1.87216,41.4321,7.24327,F
799,1,HappyBirthday,910,8760.56,M,1,0.00154916,0.407212,4.23638,0.481996,F
800,1,HappyBirthday,1068,3650,F,1,0.000372638,1.19979,0,0.115705,F
801,1,HappyBirthday,1261,1460,F,1,0.384112,1.88352,7228.36,564.676,F
801,1,HappyBirthday,1035,4015,M,1,0.0987615,0.371237,23945.3,282.651,F
801,1,HappyBirthday,926,22630.4,M,1,8.83957e-06,0.405914,25625.9,0.0573502,F
802,1,HappyBirthday,1036,4015,M,1,0.113585,2.41937,23.3955,37.4724,F
802,1,HappyBirthday,19,4745.06,F,1,0.243769,3.5994,2.78513,87.1126,F
802,1,HappyBirthday,1007,4380,F,1,0.00166333,0.513453,1338.64,0.586803,F
802,1,HappyBirthday,1133,2920,M,1,0.141598,1.30349,41.6984,49.1135,F
802,1,HappyBirthday,600,12045.5,F,0,0,0.616447,0,0,F
802,1,Births,1424,0,F,0,0,0.194081,0,0,F
803,1,HappyBirthday,268,10220.7,F,1,0.0661874,6.07517,203.049,21.3787,F
803,1,HappyBirthday,356,10950.6,M,1,0.0111629,1.90626,0.0035818,3.48859,F
804,1,HappyBirthday,192,8395.63,M,1,0.061339,2.42792,3111.33,21.3192,F
804,1,HappyBirthday,251,5475.64,M,1,0.0217904,13.6901,17.9895,7.03395,F
804,1,HappyBirthday,1160,2555,M,1,0.000396762,0.121041,6.61862,0.12341,F
804,1,Births,1425,0,F,0,0,0.0159791,0,0,F
805,1,HappyBirthday,1197,2190,M,1,0.0643692,0.283389,10.9895,21.2646,F
805,1,HappyBirthday,1381,365,F,0,0,0.0394068,0,0,F
806,1,HappyBirthday,1008,4380,F,1,0.0057788,0.293975,27.9683,1.82521,F
806,1,HappyBirthday,133,9125.88,F,0,0,0.0363776,0,0,F
807,1,HappyBirthday,1009,4380,M,1,0.0333949,6.02146,1.43391,10.5726,F
807,1,HappyBirthday,355,5110.58,F,1,2.17293e-06,1.65922,8157.19,0.00665198,F
807,1,HappyBirthday,455,14965.1,F,1,0.0618993,0.194397,59.3312,24.4238,F
807,1,HappyBirthday,480,25550.2,M,0,0,0.43425,0,0,F
807,1,HappyBirthday,487,15695,M,1,0.000306718,0.170033,441.885,0.105514,F
807,1,HappyBirthday,653,20440.2,M,1,0.0151592,1.72814,322.797,4.91565,F
808,1,HappyBirthday,58,9490.1,F,0,0,0.570064,0,0,F
808,1,HappyBirthday,311,13870,F,1,0.108241,0.921337,1063.59,157.828,F
808,1,HappyBirthday,1262,1460,F,1,2.76488e-06,0.126782,0.627505,0.000843228,F
808,1,HappyBirthday,1100,3285,F,1,0,0.659838,12587.6,0,F
809,1,HappyBirthday,1345,730,M,0,0,0.0618627,0,0,F
809,1,HappyBirthday,328,6570.26,M,1,0.294982,1.48842,1.07231,108.794,F
809,1,HappyBirthday,1383,365,F,1,3.11566e-05,0.12747,16.1912,0.0104751,F
809,1,HappyBirthday,1037,4015,M,1,0.110525,0.362703,1.11115,36.4109,F
810,1,HappyBirthday,1070,3650,F,1,0.00724622,1.37218,3565.54,5.53799,F
810,1,HappyBirthday,1384,365,M,0,0,0.0168636,0,0,F
810,1,HappyBirthday,641,8760.67,M,0,0,0.244893,0,0,F
810,1,HappyBirthday,730,8760.68,M,1,0.00114357,0.735338,0.105999,0.355481,F
810,1,HappyBirthday,867,8030.78,F,1,0.229015,5.41613,1638.02,191.252,F
811,1,HappyBirthday,1101,3285,F,0,0,0.114205,0,0,F
811,1,HappyBirthday,1071,3650,F,1,0.000158545,8.34558,1346.22,0.236796,F
811,1,HappyBirthday,859,7300.12,M,1,0.000229342,1.47423,13735.5,2.06482,F
811,1,HappyBirthday,1309,1095,F,1,0.162088,0.319057,97107.3,1122.6,F
812,1,HappyBirthday,62,11315.6,M,1,3.0192e-05,0.173902,0.243701,0.0093812,F
812,1,HappyBirthday,1346,730,M,0,0,0.0146105,0,0,F
812,1,HappyBirthday,1072,3650,F,1,0.0176398,43.1194,23.6245,5.53235,F
812,1,HappyBirthday,988,26645.4,M,1,0.083318,2.85685,27.432,27.036,F
812,1,Births,1426,0,F,0,0,0.207748,0,0,F
813,1,HappyBirthday,580,14235.2,M,1,0.0685368,2.0432,41.0991,22.1051,F
813,1,HappyBirthday,649,32120.1,M,1,0.0545222,0.508383,1.69789,17.4679,F
813,1,HappyBirthday,723,9125.06,M,1,0.0509662,3.97225,0.312198,16.2573,F
814,1,HappyBirthday,1385,365,F,0,0,0.190134,0,0,F
814,1,HappyBirthday,1264,1460,F,1,0.00235697,0.548226,0.251514,0.733935,F
814,1,HappyBirthday,1263,1460,F,1,0.0130122,0.2469,13872.7,12.4383,F
816,1,HappyBirthday,961,5840.49,M,1,0.00403009,49.3453,61.6247,1.47861,F
816,1,HappyBirthday,755,5840.65,M,1,0,0.198097,11.3012,0,F
817,1,HappyBirthday,615,7300.25,M,0,0,1.49496,0,0,F
817,1,HappyBirthday,754,8395.18,M,1,0.000264775,0.176208,1.26084,0.0822584,F
817,1,HappyBirthday,901,13505.3,F,1,0.000288931,0.223532,0,0.0898094,F
818,1,HappyBirthday,518,8395.78,F,1,0.000341129,0.599393,1884.84,0.128007,F
818,1,HappyBirthday,699,14600.5,F,1,0.000927442,3.05281,1700.25,0.900291,F
819,1,HappyBirthday,207,13505,M,1,1.52781e-06,1.49172,1906.1,0.0026166,F
819,1,HappyBirthday,974,14235.2,M,1,7.54387e-05,6.01594,4433.37,0.150085,F
820,1,HappyBirthday,186,9490.36,M,1,0.00338838,4.31502,7.8673,1.05697,F
820,1,HappyBirthday,990,6935.82,F,0,0,0.0251489,0,0,F
820,1,HappyBirthday,1164,2555,F,1,0.00273045,0.254648,103.261,0.849813,F
820,1,HappyBirthday,1010,4380,F,1,0.00790199,0.319642,3.06568,2.4665,F
821,1,HappyBirthday,976,6205.38,F,1,0.00187838,1.08472,33.5755,0.642962,F
822,1,HappyBirthday,1310,1095,F,1,2.68079e-05,0.157456,53720.4,0.0349537,F
822,1,HappyBirthday,1387,365,M,0,0,0.141359,0,0,F
822,1,HappyBirthday,1386,365,F,1,0,0.406154,41539.3,0,F
822,1,HappyBirthday,794,6570.88,M,1,0.170809,3.73607,80.0597,65.5263,F
822,1,HappyBirthday,941,33215.7,F,1,0.000784383,0.206886,8.68669,0.250391,F
823,1,HappyBirthday,1165,2555,M,0,0,0.435874,0,0,F
823,1,HappyBirthday,506,5110,M,1,0.00114267,0.58696,0.415926,0.355744,F
824,1,HappyBirthday,425,21170.2,M,1,0.0617382,1.2758,12.5081,20.2339,F
824,1,Births,1427,0,M,0,0,0.206764,0,0,F
825,1,HappyBirthday,1134,2920,M,0,0,0.0923495,0,0,F
826,1,HappyBirthday,594,13870.8,M,1,3.80957e-06,0.362885,7.72583,0.0012192,F
827,1,HappyBirthday,67,8030.65,M,1,4.12135e-07,0.528174,1898.41,0.0010228,F
827,1,HappyBirthday,1388,365,F,0,0,0.0160388,0,0,F
827,1,HappyBirthday,1389,365,F,1,0.000113094,0.0256695,26.3166,0.0364544,F
827,1,HappyBirthday,1073,3650,M,1,0,0.521475,402.661,0,F
828,1,HappyBirthday,550,5110.81,F,1,1.60682e-06,7.10767,748.888,0.00102907,F
828,1,HappyBirthday,672,11680.8,F,1,0.0126772,2.78033,1574.24,4.3639,F
828,1,HappyBirthday,770,13870.5,F,1,0.0120097,10.3804,0.756308,3.76959,F
829,1,HappyBirthday,179,19345.9,F,1,0.182214,1.26539,1.48279,62.9754,F
829,1,HappyBirthday,291,22265.2,F,1,5.73836e-06,6.60625,0.860232,0.0017822,F
829,1,HappyBirthday,631,12045.9,M,1,0.246612,3.66215,1.24215,88.0034,F
829,1,HappyBirthday,978,27010.8,F,1,0.00766441,3.44835,380.978,2.48377,F
829,1,HappyBirthday,896,6935.66,F,1,0.00033325,0.134822,379.13,0.108382,F
830,1,HappyBirthday,1266,1460,F,1,0.00284453,1.27869,85.9875,1.00404,F
831,1,HappyBirthday,314,7300.74,F,1,0.0070304,0.681515,6385.5,3.18219,F
831,1,HappyBirthday,706,5110.32,M,1,0.00016317,3.87761,3457.69,0.275895,F
831,1,HappyBirthday,1347,730,F,0,0,0.0624466,0,0,F
832,1,HappyBirthday,774,32120.1,F,1,0.607301,0.641403,134.086,344.306,F
833,1,HappyBirthday,1199,2190,F,0,0,0.223742,0,0,F
833,1,HappyBirthday,428,7665.78,F,1,2.37352e-05,0.263001,0.0090932,0.0073826,F
834,1,HappyBirthday,1390,365,F,0,0,0.381429,0,0,F
834,1,HappyBirthday,481,8030.13,F,1,0.0883314,4.55675,0.0681474,28.7401,F
834,1,HappyBirthday,1200,2190,F,1,0.425639,0.985535,5777.5,647.831,F
835,1,HappyBirthday,44,7665.94,F,1,0.0564935,0.6175,2692.2,116.44,F
835,1,HappyBirthday,732,5475,F,1,0.287224,0.462177,2413.9,173.05,F
835,1,HappyBirthday,1267,1460,M,1,0.00772484,1.17812,16188.7,4.51033,F
835,1,HappyBirthday,1166,2555,M,1,0.0668762,1.42603,212.203,21.8382,F
836,1,HappyBirthday,471,12045.1,M,1,7.63025e-06,0.29009,1984.09,0.005272,F
836,1,HappyBirthday,691,5110.56,F,1,0.792533,0.107638,111.033,545.245,F
836,1,HappyBirthday,1311,1095,F,1,0.8145,0.224453,300.407,871.681,F
836,1,HappyBirthday,704,4745.37,F,1,0.0451036,5.39369,1396.69,14.3672,F
837,1,HappyBirthday,551,33580,F,1,0.386236,2.65601,20.818,151.754,F
839,1,HappyBirthday,146,4745.53,F,1,0.0141666,0.239191,7.42875,4.43687,F
839,1,HappyBirthday,607,12045.5,M,1,0.0653422,1.79119,2434.5,94.0785,F
839,1,HappyBirthday,1268,1460,M,1,0.0105608,3.41598,31.9184,3.51708,F
839,1,HappyBirthday,833,14600.4,M,1,0.0380893,0.517965,0.504251,12.0784,F
840,1,HappyBirthday,1312,1095,F,1,9.80082e-05,1.02294,203117,0.981527,F
840,1,HappyBirthday,644,9855.76,M,1,0.0369937,2.01259,419.07,13.7405,F
840,1,HappyBirthday,905,8395.82,M,1,7.05107e-05,0.734925,4e-06,0.0219088,F
840,1,Births,1428,0,M,0,0,0.157314,0,0,F
841,1,HappyBirthday,194,8030.24,M,1,0.529625,0.326376,73.2764,235.561,F
841,1,HappyBirthday,693,7300.54,M,1,0.117564,0.350975,28.7459,38.8798,F
841,1,HappyBirthday,1074,3650,M,1,0.00315931,0.574468,5.32215,0.992321,F
843,1,HappyBirthday,1313,1095,F,1,0.673945,1.2532,966.585,423.334,F
844,1,HappyBirthday,640,12045.8,F,1,0.0679553,0.0796994,0.441869,21.8706,F
845,1,HappyBirthday,199,19345.6,F,1,0.00280963,0.329608,21.6203,0.907207,F
846,1,HappyBirthday,5,16790,F,1,0.000190456,0.284667,865.102,0.223861,F
846,1,HappyBirthday,1314,1095,F,0,0,0.0755567,0,0,F
847,1,HappyBirthday,1348,730,M,0,0,0.0537892,0,0,F
847,1,HappyBirthday,510,8395.82,M,1,0.179685,0.611157,158.091,61.732,F
847,1,HappyBirthday,612,19710.8,F,1,0.260861,0.108231,8642.32,129.734,F
847,1,HappyBirthday,1102,3285,M,1,0.338228,0.108929,8813.34,533.134,F
847,1,HappyBirthday,871,8030.57,F,1,0.000234561,2.13658,6613.15,1.21003,F
848,1,HappyBirthday,302,22265.2,F,1,0.653403,0.197339,19.3451,329.352,F
848,1,HappyBirthday,410,10220.8,M,1,0.00145749,0.193147,0.34465,0.45384,F
849,1,HappyBirthday,97,8030.08,M,0,0,0.0811686,0,0,F
849,1,HappyBirthday,408,6205.34,M,1,0.643271,5.58918,7289.04,437.585,F
849,1,HappyBirthday,493,23360.5,M,1,0,0.248484,0,0,F
849,1,HappyBirthday,522,17885.8,M,1,0.000352425,0.578464,7832.87,0.169387,F
850,1,Births,1429,0,M,0,0,0.020152,0,0,F
851,1,HappyBirthday,352,13140,F,1,0.0101509,52.2168,541.232,3.25873,F
851,1,HappyBirthday,1103,3285,M,1,0.00422105,0.600628,523.654,2.23525,F
851,1,HappyBirthday,1202,2190,M,1,0.00758424,35.9594,2225.04,2.47678,F
851,1,Births,1430,0,M,0,0,0.0626748,0,0,F
852,1,HappyBirthday,82,5475.63,M,0,0,0.395809,0,0,F
852,1,HappyBirthday,190,24090.9,M,1,0.000524013,2.85003,42.6793,0.19175,F
852,1,HappyBirthday,1391,365,M,1,0.024824,0.120388,104886,375.376,F
852,1,HappyBirthday,1135,2920,M,1,0.019036,0.753534,16546.6,6.34928,F
853,1,HappyBirthday,986,14235.2,F,1,0.00918102,2.43039,0.985394,2.86688,F
853,1,HappyBirthday,1269,1460,F,0,0,0.133659,0,0,F
853,1,HappyBirthday,1203,2190,M,1,0,0.391883,4.62873,0,F
854,1,HappyBirthday,169,5110.61,F,1,0.264324,1.36839,0.00317829,95.3976,F
854,1,HappyBirthday,276,22265.3,F,1,0.000856139,0.480247,14.532,0.266829,F
854,1,HappyBirthday,393,4745.36,M,0,0,0.385799,0,0,F
854,1,HappyBirthday,1270,1460,M,1,0.583637,0.188109,1319.68,415.274,F
855,1,HappyBirthday,658,23360.9,M,1,0.0301589,0.337639,0.0412924,9.51766,F
855,1,HappyBirthday,827,10220.2,F,1,0.0130261,10.0266,17.9277,4.08598,F
855,1,HappyBirthday,836,8030.04,F,1,0,0.441757,0.672233,0,F
855,1,HappyBirthday,923,6570.11,F,0,0,0.0469857,0,0,F
856,1,HappyBirthday,1392,365,F,1,0.00145143,0.253344,171121,13.8205,F
856,1,HappyBirthday,26,10950.2,F,1,0.00295211,30.818,18.8207,0.999291,F
857,1,HappyBirthday,1393,365,M,1,0.157706,0.29424,24852.6,1270.31,F
857,1,HappyBirthday,1105,3285,F,1,0.755079,0.369482,17730.2,925.584,F
858,1,HappyBirthday,136,9490.14,F,1,0.488227,4.18887,65.3588,248.692,F
858,1,HappyBirthday,223,8760.85,M,1,0.0521338,0.420048,41.0354,16.7593,F
858,1,HappyBirthday,319,8030.41,F,1,0.116668,2.09298,485.359,40.516,F
858,1,HappyBirthday,686,8395.34,M,1,0.124477,5.55975,59.1146,46.4337,F
859,1,HappyBirthday,103,20805.5,F,1,4.78411e-05,0.269579,1.93683,0.0149262,F
859,1,HappyBirthday,1271,1460,F,1,0.00506135,3.79715,138.066,2.52025,F
859,1,HappyBirthday,971,17155.3,M,1,0.569602,2.70765,197.838,452.906,F
859,1,HappyBirthday,895,7300.86,F,1,0.00383501,0.350406,3.32228,1.19456,F
860,1,HappyBirthday,245,20805.4,F,1,0.339939,0.179565,173.128,162.432,F
860,1,HappyBirthday,1316,1095,F,1,0.546685,0.835795,10927.8,792.69,F
860,1,HappyBirthday,1168,2555,F,1,0.313008,0.140724,13139.7,396.512,F
860,1,HappyBirthday,1106,3285,F,1,0.000821866,3.98481,7108.74,4.46626,F
860,1,HappyBirthday,463,6205.81,M,1,0.00677433,1.85237,1172.15,2.11584,F
860,1,HappyBirthday,840,16790.7,F,1,0.0555602,0.42869,33.2658,20.3153,F
861,1,HappyBirthday,983,24820.3,F,1,2.28546e-05,4.6881,49.9141,0.0071938,F
862,1,HappyBirthday,968,14965.5,F,1,0.00350799,1.38361,10246.4,13.3795,F
862,1,HappyBirthday,1349,730,M,1,0.00222944,0.190973,21358.3,2.43078,F
862,1,HappyBirthday,99,13870.3,F,1,0.0111346,7.52081,36.0815,3.49316,F
862,1,HappyBirthday,1234,1825,F,1,0,0.0988075,8.75532,0,F
862,1,HappyBirthday,707,7300.63,M,1,0.00567179,3.09807,0.000181608,1.768,F
863,1,HappyBirthday,254,16060.1,M,1,0.00507117,0.592144,17.3438,1.58111,F
864,1,HappyBirthday,811,20805.5,M,1,0.0499182,34.3278,257.153,17.1474,F
864,1,Births,1431,0,F,0,0,0.0251016,0,0,F
865,1,HappyBirthday,160,8395.3,F,1,0.000556367,1.09223,761.496,0.352446,F
865,1,HappyBirthday,1318,1095,F,1,0.00314516,0.52488,1156.85,1.29513,F
865,1,HappyBirthday,275,9490.58,M,1,0.039493,1.41431,3169.97,61.0464,F
865,1,HappyBirthday,327,13140.8,M,1,0.0313802,2.7983,88.3879,11.3367,F
865,1,HappyBirthday,342,23360.4,F,1,0.00154964,4.2377,2.43504,0.481948,F
865,1,HappyBirthday,351,5475.34,F,1,0.0079715,2.54218,0.103427,2.48766,F
865,1,HappyBirthday,475,9490.17,M,1,0.197319,0.292566,35.6727,68.7547,F
865,1,HappyBirthday,674,18980,M,1,0.00458022,0.309066,6.98698,1.42682,F
865,1,HappyBirthday,1235,1825,F,0,0,0.0281795,0,0,F
865,1,HappyBirthday,861,11680.5,F,1,0.013569,8.26249,3.953,4.28117,F
865,1,HappyBirthday,972,8395.7,M,1,0.00732777,4.3399,483.722,3.62668,F
865,1,HappyBirthday,1317,1095,F,0,0,0.0139868,0,0,F
866,1,HappyBirthday,1075,3650,M,1,0.0335301,0.282186,1064.54,48.0598,F
867,1,HappyBirthday,1272,1460,F,1,0,0.276528,0,0,F
867,1,HappyBirthday,1350,730,M,1,0,0.0681191,0,0,F
868,1,HappyBirthday,549,10585.1,M,1,0.000754702,1.81406,0.0462764,0.234562,F
870,1,HappyBirthday,273,10220.5,F,1,0.00320462,2.20184,5.45556,1.00403,F
870,1,HappyBirthday,280,6205.76,M,1,0.00736758,0.87387,71.7219,2.2983,F
870,1,HappyBirthday,343,6570.61,F,1,0.333971,0.331085,751.81,134.657,F
871,1,HappyBirthday,225,14600,M,1,0.0225571,0.837211,54.204,7.6671,F
871,1,HappyBirthday,1169,2555,F,1,0.00266815,2.68432,8.73814,0.832565,F
871,1,HappyBirthday,638,16790.7,F,1,0.00354942,0.314566,0.118769,1.10487,F
872,1,HappyBirthday,18,7300.59,M,1,0.0965948,4.97546,42.3722,33.2048,F
872,1,HappyBirthday,88,25550,M,1,0.000855712,2.92859,73.4172,0.273225,F
873,1,HappyBirthday,1273,1460,F,1,0.000857196,2.18248,1169.95,0.356896,F
873,1,HappyBirthday,1351,730,F,1,0.168144,0.119541,21093.2,950.125,F
873,1,HappyBirthday,973,7300.15,M,1,0.00622743,1.05268,808.694,7.44184,F
874,1,HappyBirthday,130,19710.7,F,1,2.91147e-05,0.866576,35.3892,0.009603,F
874,1,HappyBirthday,149,12775.5,M,1,0.452436,4.54224,4159.13,188.679,F
874,1,HappyBirthday,982,6570.29,M,1,0.0328883,0.0810945,30.5194,11.843,F
874,1,HappyBirthday,1274,1460,M,1,0.00144122,1.50148,0.0542696,0.448394,F
875,1,HappyBirthday,432,16060.7,F,1,0.0584808,0.995443,2507.77,66.3949,F
876,1,HappyBirthday,33,13140.9,F,1,0.0209438,0.522581,2.41582,6.58912,F
877,1,HappyBirthday,126,7665.43,M,1,0.0551554,0.0921178,286.868,19.0399,F
877,1,HappyBirthday,1041,4015,M,1,0,0.0451915,0,0,F
877,1,HappyBirthday,1394,365,F,0,0,0.0106832,0,0,F
878,1,HappyBirthday,1236,1825,F,1,0.00398425,4.1269,21.8703,1.31014,F
878,1,HappyBirthday,110,6570.8,F,1,0.00158942,2.85692,245.968,0.543431,F
878,1,HappyBirthday,627,17155.4,M,1,0.0376848,0.424656,3.32866,11.9941,F
878,1,HappyBirthday,860,5475.24,M,1,0.156082,0.706738,9967.94,215.824,F
879,1,HappyBirthday,1237,1825,F,1,0.00989932,0.73824,3225.3,13.0041,F
879,1,HappyBirthday,725,34310.9,F,1,0.243692,2.42797,5130.02,153.234,F
880,1,HappyBirthday,385,6935.67,F,1,0.00116088,5.7589,0.462549,0.36179,F
880,1,HappyBirthday,1042,4015,F,1,0.420468,0.0894138,10252.3,337.619,F
880,1,HappyBirthday,718,6570.43,F,1,0.000212558,0.360444,2393.46,0.572967,F
881,1,HappyBirthday,1238,1825,M,1,0.00318155,0.0978761,1.52868,0.989898,F
881,1,HappyBirthday,289,5840.86,F,1,0.024415,0.449544,57.4102,7.6848,F
881,1,HappyBirthday,370,9125.37,M,1,0.0969039,0.752748,12.1434,31.7284,F
881,1,HappyBirthday,853,6205.12,F,0,0,0.100105,0,0,F
882,1,HappyBirthday,106,7300.32,F,1,0.0449962,0.930344,0.776421,14.3158,F
882,1,HappyBirthday,157,4745.31,M,0,0,0.03545,0,0,F
882,1,HappyBirthday,1043,4015,F,0,0,0.0638242,0,0,F
883,1,HappyBirthday,346,5840.97,M,1,0.0529946,5.35693,2731.56,46.2083,F
883,1,HappyBirthday,692,14965.8,M,1,0.0227952,2.30863,222.707,12.3955,F
885,1,HappyBirthday,1275,1460,F,0,0,0.00108287,0,0,F
885,1,HappyBirthday,1136,2920,M,1,1.23892e-05,0.266125,27343.9,0.012175,F
885,1,HappyBirthday,709,9855.01,M,1,0.000399089,3.97657,209.821,0.232821,F
886,1,HappyBirthday,91,7300.69,F,1,0.0620217,0.362952,2.09498,19.901,F
887,1,HappyBirthday,354,17520.7,F,1,0.689344,2.50248,425.044,363.685,F
887,1,Births,1432,0,F,0,0,1.30512,0,0,F
888,1,HappyBirthday,208,6205.13,M,1,0.105444,2.06807,6.68831,34.9945,F
889,1,HappyBirthday,143,9855.69,M,0,0,0.0299464,0,0,F
889,1,HappyBirthday,331,5840.01,F,1,0.146203,0.2158,2810.45,194.83,F
889,1,HappyBirthday,365,5110.24,F,1,0.177526,1.95231,3446.17,272.715,F
889,1,HappyBirthday,834,21535.4,M,1,0.0751646,0.189243,676.235,27.865,F
890,1,HappyBirthday,165,26645.6,F,1,0.780479,3.93236,587.221,515.763,F
890,1,HappyBirthday,193,11680,F,1,0.00505451,0.167206,2.59824,1.58992,F
891,1,HappyBirthday,427,8395.45,F,1,0.0903543,0.807352,18.9825,29.4485,F
892,1,HappyBirthday,123,25915.9,F,1,0.000217385,9.56751,181.738,0.0694158,F
892,1,HappyBirthday,191,26645.5,M,1,0.00069249,1.28521,2.09494,0.217456,F
893,1,HappyBirthday,1044,4015,M,0,0,0.0631571,0,0,F
893,1,HappyBirthday,735,10585.7,M,0,0,0.0862961,0,0,F
894,1,HappyBirthday,1277,1460,F,1,0.0903202,1.64029,122.49,34.0279,F
894,1,HappyBirthday,1319,1095,F,1,0.145611,0.410902,76.3451,66.4918,F
894,1,HappyBirthday,1013,4380,F,1,0.0122692,0.202732,2232.46,34.2752,F
894,1,HappyBirthday,1352,730,M,1,0.781771,0.16097,2339.12,1435.86,F
895,1,HappyBirthday,1077,3650,F,1,0.0690528,4.70846,43.8196,22.2888,F
895,1,HappyBirthday,1170,2555,F,1,7.71348e-05,0.658495,31304.8,0.534066,F
897,1,HappyBirthday,79,15695.2,F,1,0.0036311,1.80264,0.203517,1.13155,F
897,1,HappyBirthday,1107,3285,F,1,4.35234e-06,0.45348,8864.85,0.0298623,F
898,1,HappyBirthday,129,13870.6,F,1,0.0763469,3.18754,27.4923,26.9186,F
898,1,HappyBirthday,969,7665.15,M,1,0.0013042,19.0352,0.0175566,0.405367,F
899,1,HappyBirthday,75,14600.5,M,1,0.0468112,0.735097,0.25415,14.8992,F
899,1,HappyBirthday,394,14235.7,M,0,0,0.0859514,0,0,F
899,1,HappyBirthday,1108,3285,F,1,1.78093e-05,3.40911,11629.1,0.135298,F
899,1,HappyBirthday,850,26280.6,F,0,0,0.326269,0,0,F
900,1,HappyBirthday,1239,1825,F,1,0.264495,0.220869,3706.12,443.315,F
900,1,HappyBirthday,737,5840.46,F,1,0.00400201,1.63953,1.26813,1.24657,F
900,1,HappyBirthday,839,8395.89,F,1,1.25971e-05,0.157407,15723.5,0.027054,F
901,1,HappyBirthday,576,18980.2,F,1,0.00940413,5.07027,247.009,4.0193,F
901,1,HappyBirthday,1138,2920,M,1,0.525706,0.135232,1458.73,252.524,F
901,1,HappyBirthday,1171,2555,M,1,0.100225,0.876143,2.09729,32.8712,F
902,1,HappyBirthday,529,14600.2,F,1,0.0233318,0.336555,11476.5,40.412,F
902,1,HappyBirthday,930,13140.6,M,1,0.120462,14.5323,0.079478,39.8924,F
903,1,HappyBirthday,409,8760.74,F,1,7.75904e-05,0.36658,17.486,0.0259592,F
904,1,HappyBirthday,678,5840.3,F,1,0.0178518,0.3264,0.0299471,5.59825,F
904,1,HappyBirthday,1139,2920,F,1,0.0118741,1.53188,14.4498,3.96599,F
905,1,HappyBirthday,71,8760.8,M,1,0.00704789,7.92749,0.0373182,2.19848,F
905,1,HappyBirthday,875,5475.02,F,1,0.0209004,2.18513,2335.03,25.5241,F
906,1,HappyBirthday,1395,365,F,1,0.00429909,0.50801,161.916,1.67285,F
906,1,HappyBirthday,773,16790.8,F,1,0.000395133,1.66749,1781.97,0.161555,F
907,1,HappyBirthday,440,24090.7,M,1,0.0653723,1.59171,0.29641,21.0197,F
907,1,HappyBirthday,491,29565.2,M,1,0.0021789,1.5034,0.0008728,0.677876,F
907,1,HappyBirthday,1046,4015,F,1,0.0282671,0.0771377,35.8179,9.92507,F
907,1,HappyBirthday,1140,2920,M,1,0.000403021,0.518676,3.68533,0.12523,F
908,1,HappyBirthday,347,7300.28,M,1,0.00218554,0.801584,1277.14,4.24497,F
908,1,HappyBirthday,1320,1095,F,0,0,0.0349245,0,0,F
909,1,HappyBirthday,954,6205.75,M,1,1.13855e-05,0.710753,1935.88,0.00629225,F
909,1,HappyBirthday,1397,365,M,1,0.00842864,0.185546,8963.94,6.91179,F
909,1,HappyBirthday,1110,3285,M,1,0.0274344,5.27007,408.724,13.1899,F
910,1,HappyBirthday,1398,365,F,1,0.0870866,1.60115,2.02105,28.318,F
910,1,HappyBirthday,956,13505,M,1,0.001059,0.252481,6.08254,0.329302,F
910,1,HappyBirthday,1240,1825,F,1,0.159334,0.105393,59851.5,901.95,F
911,1,HappyBirthday,145,12410.6,M,1,0.000270436,1.69605,43.8703,0.102611,F
911,1,HappyBirthday,1321,1095,F,1,0.13736,0.98112,76022.2,1464.22,F
911,1,HappyBirthday,556,9125.43,M,1,0.267973,0.131286,3540.14,107.349,F
911,1,HappyBirthday,1015,4380,F,1,0.0142288,0.377002,3093.77,23.5866,F
911,1,HappyBirthday,903,12775.5,F,1,0.000177586,9.29785,64.3617,0.0601856,F
912,1,HappyBirthday,1205,2190,F,1,0.366444,0.475158,7057.36,1245.75,F
912,1,HappyBirthday,1079,3650,F,1,0.0570389,2.31751,251.411,25.2481,F
914,1,HappyBirthday,1241,1825,M,0,0,0.0245321,0,0,F
914,1,HappyBirthday,1017,4380,F,1,0.000504282,2.54731,0.0086526,0.156768,F
914,1,HappyBirthday,909,21535.9,M,1,0.000707938,0.196081,1.79713,0.2208,F
915,1,HappyBirthday,222,10585.6,M,1,0.396562,0.397544,398.502,243.391,F
916,1,HappyBirthday,1322,1095,M,1,0.000117882,1.65213,53538.2,0.145643,F
916,1,HappyBirthday,1353,730,F,0,0,0.0121772,0,0,F
916,1,HappyBirthday,1206,2190,M,1,0.0317949,10.6253,30.4467,11.5786,F
916,1,HappyBirthday,787,29200.5,F,1,0.00853933,1.22724,0.267189,2.66529,F
916,1,Births,1433,0,F,0,0,0.147945,0,0,F
917,1,HappyBirthday,701,26280.8,M,1,0.00342803,17.7526,5.25136,1.07028,F
917,1,HappyBirthday,1173,2555,F,1,0.128182,0.102208,20130.9,325.372,F
917,1,HappyBirthday,1278,1460,F,1,0.00130212,0.645898,27.1747,0.439893,F
918,1,HappyBirthday,1141,2920,M,1,0.0013807,0.358236,1.64986,0.431246,F
918,1,HappyBirthday,387,7300.75,M,1,0.0288212,3.30482,36.9405,9.70938,F
918,1,HappyBirthday,688,8760.98,M,1,0.731357,0.341411,10.705,415.714,F
919,1,HappyBirthday,264,24455.2,F,1,0.00233523,2.56133,47689.3,6.06724,F
919,1,HappyBirthday,1018,4380,F,1,0.0002664,0.176377,0.05501,0.0829435,F
919,1,HappyBirthday,997,21535.1,F,1,0.0863624,1.93592,5857.73,181.875,F
920,1,HappyBirthday,1399,365,M,1,0.000167994,0.471742,176069,1.59153,F
920,1,HappyBirthday,504,8395.93,F,1,0,0.131941,0,0,F
920,1,HappyBirthday,1242,1825,M,1,0.0331332,0.755367,21.4867,11.1938,F
922,1,HappyBirthday,358,14965.5,M,1,0.000328046,3.44068,8.23685,0.102791,F
922,1,HappyBirthday,758,9125.9,M,0,0,0.148742,0,0,F
922,1,Births,1434,0,F,0,0,1.16335,0,0,F
923,1,HappyBirthday,362,14235.5,M,1,0.00014287,0.432393,5552.22,0.654284,F
923,1,HappyBirthday,588,6935.37,F,1,0.000524145,0.849826,2.97054,0.163821,F
923,1,HappyBirthday,684,5475.42,F,0,0,0.0549329,0,0,F
924,1,HappyBirthday,740,13870,M,1,0.000219403,0.230512,118.943,0.081832,F
924,1,HappyBirthday,1354,730,F,1,0.727654,3.15577,55.3895,416.669,F
925,1,HappyBirthday,981,8395.41,M,0,0,0.0130858,0,0,F
925,1,HappyBirthday,979,9125,M,1,2.21354e-06,0.697856,0.43256,0.0006914,F
925,1,HappyBirthday,317,24455.4,M,1,0.00230577,0.290555,6.59591,0.726867,F
925,1,HappyBirthday,1207,2190,M,1,0.568717,0.422503,1485.53,287.713,F
925,1,HappyBirthday,663,6935.49,F,1,0.000550886,1.52759,7.87242,0.171561,F
925,1,HappyBirthday,1323,1095,M,1,0.726656,0.565427,11844.8,968.435,F
926,1,HappyBirthday,119,11680.8,M,1,0.00167036,2.85179,3030.68,2.4534,F
926,1,HappyBirthday,148,16060.3,M,1,0.141377,3.47204,13.8661,47.9611,F
926,1,HappyBirthday,407,8030.95,F,0,0,0.0446254,0,0,F
926,1,HappyBirthday,792,21535.1,M,1,0.00207469,1.59473,267.044,0.697992,F
927,1,HappyBirthday,1400,365,M,1,0.00236158,0.0877223,21.582,0.77951,F
928,1,HappyBirthday,1208,2190,F,1,0.00417197,6.20193,45.3972,1.38292,F
928,1,HappyBirthday,807,5840.31,F,1,0.691514,0.275549,0.200814,365.624,F
928,1,HappyBirthday,924,6935.97,F,1,5.63981e-05,3.11251,5.7224,0.0178667,F
929,1,HappyBirthday,215,17885.4,M,1,0,0.693468,97.4415,0,F
929,1,HappyBirthday,524,5840.05,F,1,0.0208865,3.03069,3378.03,60.4153,F
930,1,HappyBirthday,1355,730,M,0,0,0.0841821,0,0,F
932,1,HappyBirthday,474,22265.6,M,1,0.00174819,7.30837,12519.1,1.05843,F
932,1,HappyBirthday,958,10950.4,F,1,0.0330612,3.39402,3.01857,10.5463,F
933,1,HappyBirthday,1401,365,M,1,0.00296239,3.1744,644.921,1.89867,F
934,1,HappyBirthday,1020,4380,F,1,0.173801,6.00952,10.5073,60.3353,F
934,1,HappyBirthday,214,17155.4,M,1,0.0282095,5.54929,56.6027,9.61616,F
934,1,HappyBirthday,443,5110.94,M,1,0.600938,0.0750945,2432.3,375.979,F
934,1,HappyBirthday,473,28105.7,M,1,0.00147056,0.917596,187.795,0.457979,F
935,1,HappyBirthday,1174,2555,M,1,0.108179,1.12052,8205.36,228.61,F
935,1,HappyBirthday,1402,365,F,1,0.457368,0.716901,5087.3,737.317,F
935,1,HappyBirthday,512,18250,F,1,0.0422744,0.149047,9.11325,13.6341,F
936,1,HappyBirthday,878,9125.77,F,1,0.0617697,0.773711,1.03265,19.9001,F
936,1,HappyBirthday,915,13505.6,M,1,0.00604726,4.06923,0.0259614,1.88502,F
937,1,HappyBirthday,705,18615.1,M,1,0.388346,9.60473,90.9996,187.444,F
938,1,HappyBirthday,1047,4015,M,1,0,0.182513,0,0,F
938,1,HappyBirthday,270,9125.31,M,1,8.44344e-05,6.31883,0.467061,0.0263626,F
938,1,HappyBirthday,694,10950.1,F,1,0.742036,5.90217,95.2028,484.026,F
939,1,HappyBirthday,1357,730,M,1,0.109167,1.63181,79713.1,1457.62,F
939,1,HappyBirthday,1209,2190,F,1,0.84773,2.7319,12.2602,607.124,F
940,1,HappyBirthday,1403,365,M,1,0.00704965,1.53432,114.941,2.5492,F
940,1,HappyBirthday,1404,365,F,1,0.747024,0.189968,2381.22,1317.53,F
940,1,HappyBirthday,1082,3650,F,1,0.0417215,0.0549094,28.2595,15.0099,F
941,1,HappyBirthday,657,35405.2,F,1,0.146177,2.66745,0.470357,49.2268,F
941,1,HappyBirthday,769,5110.24,M,1,0.481418,0.429771,73.9237,205.3,F
942,1,HappyBirthday,656,8395.67,F,1,0.0472345,0.247326,53.4218,16.4107,F
943,1,HappyBirthday,1279,1460,M,1,0.0596005,1.7024,430.978,50.8024,F
943,1,HappyBirthday,577,7300.34,F,1,0.00575904,1.74092,10.7119,1.82773,F
943,1,HappyBirthday,1358,730,M,1,0.0433531,0.458475,0.471042,13.7995,F
943,1,Births,1435,0,M,0,0,0.414156,0,0,F
944,1,HappyBirthday,962,11680.5,F,1,0.0226002,0.834869,1455.4,7.28884,F
944,1,HappyBirthday,1324,1095,M,1,0.0724105,1.2278,84.9355,28.4116,F
945,1,HappyBirthday,907,10950.6,F,1,0.0414096,1.29624,4.98563,13.2852,F
947,1,HappyBirthday,140,7300.42,M,1,0.00122363,4.83027,41.5865,0.460014,F
947,1,HappyBirthday,1325,1095,F,1,0.00399209,0.344261,37.2348,1.30895,F
947,1,HappyBirthday,1111,3285,F,1,0,0.295272,0.0178261,0,F
947,1,HappyBirthday,1023,4380,M,0,0,0.0427785,0,0,F
947,1,HappyBirthday,667,17885.7,M,1,0.125484,0.701017,81.4918,43.7637,F
947,1,HappyBirthday,1022,4380,M,1,0.00683858,1.06381,0.0792037,2.13279,F
947,1,HappyBirthday,1244,1825,M,1,0.442785,0.212689,886.025,184.25,F
948,1,HappyBirthday,41,5475.96,M,0,0,0.0217733,0,0,F
948,1,HappyBirthday,1283,1460,M,0,0,0.0041054,0,0,F
948,1,HappyBirthday,1282,1460,F,1,0,0.1698,8.36325,0,F
949,1,HappyBirthday,95,9490.8,M,1,0.00313154,0.78837,539.837,1.66974,F
949,1,HappyBirthday,112,7665.38,F,0,0,0.0799141,0,0,F
949,1,HappyBirthday,301,14600.4,M,1,0,0.56605,0.0015276,0,F
949,1,HappyBirthday,360,4745.8,F,0,0,0.0672261,0,0,F
949,1,HappyBirthday,630,16060.1,F,1,0,0.768364,0.464885,0,F
949,1,HappyBirthday,743,29565,F,1,0.370924,1.9772,0.0799038,144.048,F
950,1,HappyBirthday,147,10585.8,M,1,0.0660008,0.669773,27.1082,22.0206,F
950,1,HappyBirthday,1049,4015,M,1,0.000412306,0.813262,966.19,0.60669,F
950,1,HappyBirthday,897,8395.83,M,0,0,0.249438,0,0,F
951,1,HappyBirthday,43,20805.9,F,1,0.00149995,0.108407,6.4e-06,0.466385,F
951,1,HappyBirthday,750,9855.58,F,1,0.000630512,0.592853,31512.6,2.69398,F
952,1,HappyBirthday,345,5110.31,F,1,2.61993e-05,0.375443,0.659027,0.00809492,F
953,1,HappyBirthday,367,13870.8,M,1,3.85428e-05,4.02789,1262.48,0.0345444,F
953,1,HappyBirthday,438,10585,F,1,0.0786202,3.2962,5362.66,31.2891,F
953,1,HappyBirthday,462,9855.07,M,1,0.000948733,0.0392835,0.202727,0.295071,F
953,1,HappyBirthday,756,27375.8,M,0,0,0.01368,0,0,F
953,1,HappyBirthday,918,8760.99,F,1,0.000110343,0.0810466,101468,0.451108,F
954,1,HappyBirthday,40,26645.5,M,1,0.00149892,14.184,56401.1,2.63544,F
954,1,HappyBirthday,530,12410,F,1,0.00325993,2.628,0.389372,1.01619,F
954,1,HappyBirthday,726,6935.24,F,1,0.02207,2.18617,84.6673,8.5624,F
954,1,Births,1436,0,M,0,0,0.586596,0,0,F
955,1,HappyBirthday,373,8395.98,F,1,3.73443e-06,2.92587,16.2651,0.001193,F
955,1,HappyBirthday,414,9125.68,M,1,0.250554,0.420507,281.847,90.421,F
955,1,HappyBirthday,719,24820.4,F,1,0,1.15067,0.542797,0,F
956,1,HappyBirthday,168,17155.8,F,1,0.00437178,0.458574,10.7881,1.36409,F
956,1,HappyBirthday,258,5840.25,F,0,0,0.0866677,0,0,F
956,1,HappyBirthday,391,14965.8,M,1,0,0.836336,0.0643056,0,F
957,1,HappyBirthday,1083,3650,M,1,0.13887,13.182,778.337,46.5281,F
957,1,HappyBirthday,1327,1095,F,1,0.392102,0.372986,157.917,247.269,F
958,1,HappyBirthday,1050,4015,M,1,0.00282321,0.729103,5.85766,0.882386,F
958,1,HappyBirthday,244,13505,M,0,0,0.32769,0,0,F
958,1,HappyBirthday,1051,4015,M,1,0.0515758,1.7899,0.786334,16.4628,F
958,1,HappyBirthday,914,8030.3,F,1,0.00311558,11.4883,499.229,1.12707,F
959,1,HappyBirthday,477,6935.56,F,1,0.0814424,10.4024,0.0786824,26.4102,F
960,1,HappyBirthday,1246,1825,M,1,0.183783,0.251512,2579.71,70.4515,F
960,1,HappyBirthday,1359,730,M,1,0.127747,0.193619,11.2171,44.885,F
960,1,HappyBirthday,665,13870.9,F,1,0.000326966,4.79272,236.953,0.138291,F
960,1,HappyBirthday,1052,4015,M,1,0.000893983,2.39865,92.0034,0.280682,F
960,1,HappyBirthday,922,8030.21,M,1,0.000790589,0.167663,2.3843,0.24702,F
961,1,HappyBirthday,2,6570.57,F,1,0.00701606,0.852165,9967.49,21.9237,F
961,1,HappyBirthday,74,8760.48,M,1,0.00014983,0.108389,422.214,0.0767372,F
962,1,HappyBirthday,139,30660.2,F,1,0.258189,0.805789,0.744039,93.0142,F
963,1,HappyBirthday,219,30660,M,1,0.0443461,29.1643,0.0020084,14.0959,F
964,1,HappyBirthday,1112,3285,F,1,0.000303019,0.948269,15.5037,0.101515,F
964,1,HappyBirthday,1176,2555,F,1,0.0108833,2.57528,1692.51,3.403,F
964,1,HappyBirthday,1247,1825,M,1,0.295743,0.0363722,2884.2,439.587,F
964,1,HappyBirthday,937,31390.9,M,1,7.87302e-06,0.821411,0,0.0024612,F
965,1,HappyBirthday,1361,730,M,1,0.439199,2.67314,5088.55,292.621,F
965,1,HappyBirthday,170,10585,M,1,0.00208133,8.33985,8.39678,0.655253,F
965,1,HappyBirthday,231,7665.03,M,1,0.00205995,0.451467,5.96667,0.642367,F
965,1,HappyBirthday,1025,4380,F,1,0.0050928,0.62396,9.70189,1.59447,F
965,1,HappyBirthday,746,13870.3,F,1,0.00108881,0.122981,0.0182072,0.338536,F
965,1,HappyBirthday,865,8030.85,F,1,0.00343004,0.754859,0.012491,1.06778,F
965,1,HappyBirthday,1360,730,M,1,0.0107067,0.132972,13.8253,3.46882,F
965,1,Births,1437,0,M,0,0,0.0147954,0,0,F
967,1,HappyBirthday,1405,365,M,0,0,0.0123384,0,0,F
968,1,HappyBirthday,798,6935.05,M,1,0.000357744,0.759668,3040.89,0.176449,F
969,1,HappyBirthday,1406,365,F,1,0.00074916,0.273325,43.401,0.250119,F
969,1,HappyBirthday,977,13140.2,F,1,0.00791596,1.56246,81.295,2.50277,F
970,1,HappyBirthday,1362,730,M,0,0,0.38025,0,0,F
970,1,HappyBirthday,943,5475.81,M,1,0.00566198,0.111584,20.517,1.82696,F
971,1,HappyBirthday,1407,365,M,0,0,0.0185639,0,0,F
971,1,HappyBirthday,353,10220.6,F,1,0.000100974,0.544909,92.7279,0.0358146,F
971,1,HappyBirthday,1285,1460,F,1,0.0590392,1.50095,3632.8,25.9839,F
971,1,HappyBirthday,716,9855.95,M,0,0,0.0854729,0,0,F
971,1,HappyBirthday,797,19345.3,M,1,5.76748e-05,0.112398,0.0031592,0.0179414,F
972,1,HappyBirthday,1363,730,M,1,0.606855,0.302972,817.453,1073.2,F
972,1,HappyBirthday,623,9125.76,F,1,0.000492035,1.08006,6275.61,0.408725,F
972,1,HappyBirthday,790,17155.3,M,1,0.0701425,0.142438,56.697,27.1351,F
973,1,HappyBirthday,167,6205.74,M,1,0,1.1053,926.486,0,F
973,1,HappyBirthday,1142,2920,F,1,0.0746634,0.169843,6.5553,24.7717,F
974,1,HappyBirthday,117,12775.4,M,1,0.0144434,0.327529,0.0429774,4.52249,F
974,1,HappyBirthday,220,32850.7,M,1,0.000432228,0.535584,42.2685,0.161294,F
974,1,HappyBirthday,281,6570.18,M,1,0.0051258,0.414798,186.969,2.09927,F
974,1,HappyBirthday,1408,365,M,1,0.00367665,2.40605,173.138,1.44842,F
975,1,HappyBirthday,10,21535.2,M,1,0.0287212,0.892924,1.43953,9.08953,F
975,1,HappyBirthday,180,9125.75,F,1,0.00152909,20.5771,9.5313,0.476066,F
976,1,HappyBirthday,87,15330.1,M,1,0.571023,0.699791,30.8331,263.101,F
976,1,HappyBirthday,176,17520.9,M,1,0.517323,0.530433,35.484,240.602,F
976,1,HappyBirthday,538,10950.5,M,1,0.0104837,4.35506,0.0025636,3.27549,F
976,1,HappyBirthday,567,18615.8,M,1,0.65192,0.0523379,755.214,663.844,F
977,1,HappyBirthday,197,4745.37,F,1,1.06823e-05,2.65312,22.2609,0.00334753,F
977,1,HappyBirthday,1084,3650,M,1,0.000645675,4.90751,1.62517,0.202248,F
977,1,HappyBirthday,1286,1460,F,1,0.577793,1.31118,631.141,386.796,F
977,1,HappyBirthday,888,14600.3,F,1,3.78769e-06,0.817472,14.9178,0.001189,F
977,1,HappyBirthday,925,6570.94,F,1,0.215234,0.0807313,37.6558,80.1428,F
978,1,HappyBirthday,234,5110.39,M,1,0.49062,6.67794,2.36506,210.221,F
978,1,HappyBirthday,886,29200.9,M,1,0,5.29892,0,0,F
979,1,HappyBirthday,1027,4380,F,1,7.41078e-05,2.41157,76.7018,0.0258168,F
979,1,HappyBirthday,931,9125.69,M,1,0.00528466,0.404687,2e-07,1.64718,F
980,1,HappyBirthday,236,5110.88,F,1,0.000913677,13.5926,17.239,0.289989,F
980,1,HappyBirthday,1328,1095,F,1,0.0342127,0.304963,159.11,16.5767,F
980,1,HappyBirthday,1177,2555,M,1,0.0169775,0.624644,674.027,11.4703,F
981,1,HappyBirthday,456,7665.39,M,1,0.174493,0.298582,2624.27,63.9673,F
982,1,HappyBirthday,1211,2190,F,1,0.170209,2.80933,74.7566,76.502,F
982,1,HappyBirthday,189,10220.2,M,1,0.0240346,5.08147,91.391,8.29491,F
982,1,HappyBirthday,1053,4015,M,1,0.00183005,1.21584,0.355046,0.5697,F
983,1,HappyBirthday,286,14600,F,1,0.492657,0.464649,17.004,224.769,F
984,1,HappyBirthday,442,4745.83,M,0,0,0.0178113,0,0,F
984,1,HappyBirthday,560,29565.3,F,1,0,1.15137,0,0,F
984,1,HappyBirthday,605,16425.7,F,1,0.00522363,0.230024,163.552,1.68617,F
984,1,HappyBirthday,1178,2555,M,0,0,0.015015,0,0,F
985,1,HappyBirthday,257,14235.2,F,1,0.0223817,0.764428,8131.92,9.87771,F
985,1,HappyBirthday,745,10220.9,F,1,0.00029103,0.380826,255.269,0.0961562,F
986,1,HappyBirthday,1054,4015,F,1,0.00535564,0.950221,0.29378,1.67115,F
986,1,HappyBirthday,1287,1460,M,1,0.00736064,0.13621,49.8932,2.62484,F
986,1,HappyBirthday,1329,1095,M,1,0.00387169,2.86981,41.4272,1.30036,F
987,1,HappyBirthday,564,15695.8,M,1,0.274038,0.184239,1188,105.85,F
987,1,HappyBirthday,904,14600.8,M,1,0.000544461,0.664158,7.48e-05,0.169267,F
988,1,HappyBirthday,196,31390.7,M,0,0,0.0888534,0,0,F
988,1,HappyBirthday,570,5840.07,M,1,0.0307177,3.17165,0.0902224,9.69654,F
988,1,HappyBirthday,815,13140.2,F,1,0.00057899,0.576092,0.0343926,0.179976,F
988,1,HappyBirthday,934,13870.9,F,1,0.000233657,2.19709,6.81065,0.0731688,F
989,1,HappyBirthday,100,9490.69,M,1,0.0142135,6.14175,325.713,6.71381,F
989,1,HappyBirthday,211,26280.1,M,1,0.00677745,1.38707,2.16343,2.12138,F
989,1,HappyBirthday,999,18980.3,F,1,0.00231418,38.4745,15.406,0.739127,F
990,1,HappyBirthday,1179,2555,F,1,0.339396,0.934384,715.705,134.791,F
990,1,HappyBirthday,116,5840.64,M,1,0.00142428,0.65117,262.478,0.921815,F
990,1,HappyBirthday,1409,365,M,1,0,0.474393,57.5097,0,F
990,1,HappyBirthday,1145,2920,M,1,0.198564,1.5354,10697.6,325.506,F
990,1,HappyBirthday,776,9490.55,M,1,0.416192,2.81712,1.08975,167.944,F
990,1,HappyBirthday,831,25915.7,F,1,0.143021,0.225812,307.359,48.3462,F
991,1,HappyBirthday,1085,3650,M,1,0.000943077,0.194143,29.2398,0.307884,F
991,1,HappyBirthday,1212,2190,M,1,0.0692326,1.15738,507.902,39.3339,F
991,1,HappyBirthday,1114,3285,M,1,0,0.125247,11646.6,0,F
991,1,HappyBirthday,1364,730,F,0,0,0.237132,0,0,F
992,1,Births,1438,0,F,0,0,0.292925,0,0,F
993,1,HappyBirthday,1288,1460,F,1,0.00695289,0.163243,166142,66.7738,F
993,1,HappyBirthday,1331,1095,M,1,0.0327782,0.177371,54064.6,338.379,F
993,1,HappyBirthday,451,6205.33,F,1,0.0788695,2.12993,896.185,28.0245,F
993,1,HappyBirthday,1147,2920,F,1,0.00539847,5.97755,81538.7,21.2844,F
993,1,HappyBirthday,1146,2920,F,1,0.00480894,7.45418,3.32624,1.50181,F
994,1,HappyBirthday,460,12410.1,F,1,0.140936,0.0406761,103.635,53.862,F
994,1,HappyBirthday,533,21170.1,M,1,0.107175,0.354757,18.8564,38.4497,F
994,1,HappyBirthday,967,8395.5,F,1,0.00226484,1.83353,191.292,0.726439,F
994,1,Births,1439,0,F,0,0,0.273848,0,0,F
995,1,HappyBirthday,22,10585.2,F,1,0.000614288,0.285546,38.3281,0.218382,F
995,1,HappyBirthday,390,5110.06,F,1,0.00122553,0.821804,4401.9,4.85754,F
995,1,HappyBirthday,395,18250.4,F,1,0.0227434,0.604835,19.1857,7.8414,F
995,1,HappyBirthday,995,6205.02,M,0,0,0.276742,0,0,F
995,1,HappyBirthday,801,7300.14,F,1,0.0649142,1.36733,47.9158,21.1187,F
995,1,Births,1440,0,F,0,0,0.0270187,0,0,F
995,1,Births,1441,0,F,0,0,0.0484522,0,0,F
996,1,HappyBirthday,1410,365,F,1,0.668929,3.45318,2794.52,668.303,F
996,1,HappyBirthday,558,7665.64,F,0,0,0.206593,0,0,F
996,1,HappyBirthday,920,15695.1,M,0,0,0.240083,0,0,F
997,1,HappyBirthday,299,16790.1,M,1,0.0841636,0.890597,0.206333,27.3214,F
998,1,HappyBirthday,150,9125.18,F,1,0.106832,2.23686,558.081,107.481,F
998,1,HappyBirthday,1365,730,M,1,0.0229795,3.30473,43.1005,8.79492,F
999,1,HappyBirthday,144,17155.3,M,1,0.0446404,1.73787,6.26635,14.1965,F
999,1,HappyBirthday,175,6570.41,M,1,0.13945,2.81653,0.317243,46.6756,F
999,1,HappyBirthday,1366,730,F,0,0,0.0353823,0,0,F
999,1,HappyBirthday,966,21900.4,M,1,0.181342,0.341042,0.0208506,62.1817,F
999,1,HappyBirthday,1087,3650,M,1,0.00683763,1.01588,32620,27.0072,F
999,1,HappyBirthday,501,7300.37,M,1,0.542185,1.19717,208.217,404.406,F
999,1,HappyBirthday,621,14235.9,F,1,0.000293344,5.68839,24150.6,0.199381,F
1000,1,HappyBirthday,156,13870.5,M,1,0.0451391,3.62393,27.7208,14.3911,F
1000,1,HappyBirthday,161,11680.1,M,1,8.77029e-06,1.76858,3.06482,0.002754,F
1000,1,HappyBirthday,262,5475.28,M,1,0.199122,10.2025,5.50191,70.6547,F
1000,1,HappyBirthday,502,5110.2,F,1,0.00946965,0.0777659,0.237655,2.95813,F
1001,1,HappyBirthday,948,20075.2,F,1,0.0779445,1.91783,0.0967872,25.2234,F
1002,1,HappyBirthday,107,14965.2,F,1,0.0743382,0.0655782,440.432,36.8321,F
1003,1,HappyBirthday,1367,730,M,1,0.588453,0.533055,1978.51,1024.32,F
1003,1,HappyBirthday,17,6935.46,F,1,0.0134366,6.64082,478.238,4.27182,F
1003,1,HappyBirthday,540,7300.98,F,0,0,0.103025,0,0,F
1003,1,HappyBirthday,832,12410.2,F,1,0.0596645,0.538235,120.115,29.281,F
1003,1,Births,1442,0,F,0,0,0.218639,0,0,F
1003,1,Births,1443,0,M,0,0,2.25347,0,0,F
1004,1,HappyBirthday,263,10950.7,M,1,0,0.373124,0,0,F
1004,1,HappyBirthday,863,17885.6,M,1,0.223885,0.775007,91.7225,108.895,F
1005,1,HappyBirthday,1115,3285,F,1,0.000507135,16.249,655.043,0.168221,F
1006,1,HappyBirthday,255,4745.54,M,1,0.0127165,11.4999,6.07791,4.07176,F
1006,1,HappyBirthday,1248,1825,M,1,0.000925793,0.10298,0.00847522,0.287876,F
1007,1,HappyBirthday,205,9490.3,F,1,0.0221438,15.0255,27.8448,7.26367,F
1007,1,HappyBirthday,261,27375.8,M,1,0.0502507,0.242497,2.9376,16.0883,F
1009,1,HappyBirthday,1411,365,M,1,0.193847,1.92949,23773.3,1150.71,F
1009,1,HappyBirthday,1213,2190,M,1,0.0828669,0.162311,5.85568,26.939,F
1009,1,HappyBirthday,1249,1825,F,0,0,0.188534,0,0,F
1009,1,Births,1444,0,F,0,0,1.20806,0,0,F
1009,1,Births,1445,0,M,0,0,0.119297,0,0,F
1010,1,HappyBirthday,1028,4380,F,1,0.62781,0.361502,3.1878,309.983,F
1010,1,HappyBirthday,507,10221,F,1,0.00890474,0.973698,0.002265,2.78024,F
1010,1,HappyBirthday,868,14600.1,F,1,0.547722,0.431668,39.7813,261.575,F
1010,1,Births,1446,0,F,0,0,0.436422,0,0,F
1011,1,HappyBirthday,1116,3285,M,1,0.000360655,0.0862549,84.6963,0.12781,F
1011,1,HappyBirthday,633,7300.63,M,1,0.000301813,0.169548,26.4135,0.10637,F
1011,1,HappyBirthday,645,14965.4,F,1,0,0.790841,16.6927,0,F
1011,1,HappyBirthday,869,8760.9,M,1,0.00132862,0.293369,2568.73,0.478644,F
1012,1,HappyBirthday,543,20440.3,M,1,0.000132231,0.649395,14642.8,0.0932654,F
1012,1,HappyBirthday,1250,1825,M,1,0.142747,13.4497,1.03126,48.06,F
1012,1,HappyBirthday,697,5110.33,M,1,0.00251646,1.51108,54.889,0.967531,F
1012,1,HappyBirthday,817,16425.9,F,1,0.0713724,7.11627,6403.22,89.3244,F
1013,1,HappyBirthday,768,5840.21,M,1,0.111412,2.05397,228.883,36.7597,F
1013,1,HappyBirthday,812,4745.5,F,1,0.00118639,1.58805,1.42252,0.368929,F
1014,1,HappyBirthday,118,6935.68,M,1,0.0232892,0.411161,0.316239,7.32438,F
1014,1,HappyBirthday,1148,2920,F,1,0,0.247132,0,0,F
1015,1,HappyBirthday,1369,730,M,1,0.0956099,1.07838,622.375,37.5487,F
1015,1,HappyBirthday,1332,1095,F,1,0.00822941,0.522044,119.507,3.01545,F
1016,1,HappyBirthday,991,13870.3,M,1,0.0155275,0.499038,1640.3,5.14398,F
1016,1,HappyBirthday,181,29930.8,M,1,0.0287699,0.145586,0.226854,9.07547,F
1016,1,HappyBirthday,240,5110.25,F,1,0.662732,0.0699491,98.0617,457.225,F
1017,1,HappyBirthday,537,6205.53,F,1,0.00587496,40.1052,513.501,5.62687,F
1017,1,HappyBirthday,628,13870.4,F,1,0.00203608,3.2555,13784,1.44494,F
1018,1,HappyBirthday,552,5110.66,M,1,0.01151,3.33129,0.111094,3.59786,F
1019,1,HappyBirthday,646,6205.51,F,1,0.000388643,0.471373,267.599,0.124986,F
1019,1,HappyBirthday,882,11680.5,M,1,0.654557,0.721773,31.2155,330.524,F
1019,1,HappyBirthday,916,8395.01,M,1,0.0101082,10.2053,13706.2,5.28393,F
1020,1,HappyBirthday,42,4745.49,F,1,0.000406199,1.67217,7.18833,0.130783,F
1020,1,HappyBirthday,1180,2555,M,1,0.0496053,0.930452,39.9917,16.7674,F
1021,1,HappyBirthday,39,6935.42,M,1,6.04705e-06,3.36543,47877.1,0.0143163,F
1021,1,HappyBirthday,242,25550.9,M,1,0.185118,0.437813,2579.69,68.0451,F
1021,1,HappyBirthday,470,5475.69,F,1,0.000293003,1.40576,84208.9,1.92638,F
1021,1,HappyBirthday,675,20075,F,1,0.000672558,2.4508,44.9225,0.222493,F
1022,1,HappyBirthday,1289,1460,F,1,0,0.05176,184.246,0,F
1022,1,HappyBirthday,72,5475.98,M,1,0.000755036,0.607953,145.923,0.247196,F
1022,1,HappyBirthday,1214,2190,M,1,0.00133448,0.0932896,26813.8,1.55946,F
1022,1,HappyBirthday,1290,1460,M,1,0,1.41747,9150.14,0,F
1023,1,Births,1447,0,M,0,0,0.00136569,0,0,F
1024,1,HappyBirthday,349,6205.18,F,1,0.0349252,1.46065,14209.9,20.347,F
1024,1,HappyBirthday,505,12410.6,M,1,0.00413133,4.4158,0.0389406,1.28682,F
1024,1,HappyBirthday,1089,3650,M,1,0.242598,1.37725,7738.88,140.09,F
1025,1,HappyBirthday,1057,4015,M,1,0.506152,0.647988,64.6593,268.121,F
1025,1,HappyBirthday,536,22630.1,F,1,0.000234464,0.736745,19.2541,0.0734938,F
1025,1,HappyBirthday,1181,2555,M,0,0,0.125219,0,0,F
1025,1,HappyBirthday,939,25915.2,M,1,0.00022602,0.538003,2e-07,0.070253,F
1027,1,HappyBirthday,31,6570.58,M,1,2.40155e-06,1.95548,387.919,0.00118556,F
1027,1,HappyBirthday,423,7300.73,M,1,0.0147077,0.253742,30002.1,15.1886,F
1027,1,HappyBirthday,525,12045.1,M,1,0.019484,0.225117,0.857646,6.12296,F
1027,1,HappyBirthday,796,10586,F,1,0.000502246,0.100743,90.9452,0.178194,F
1029,1,HappyBirthday,29,19345.9,M,1,0.233017,1.55459,21.199,82.8911,F
1029,1,HappyBirthday,49,6570.23,F,1,0.00119163,0.494481,3.47929,0.37681,F
1029,1,HappyBirthday,1291,1460,M,1,0.0019288,1.77317,295.032,0.66969,F
1029,1,HappyBirthday,1292,1460,F,1,0.333387,1.53283,3770.14,173.368,F
1029,1,HappyBirthday,1090,3650,F,0,0,0.118634,0,0,F
1029,1,HappyBirthday,700,16790.3,M,1,0.00117594,0.830982,596.524,0.54915,F
1029,1,HappyBirthday,786,20440.1,M,1,0.0165237,5.53325,0.0006728,5.17787,F
1030,1,HappyBirthday,307,14965.6,M,1,0.0820458,2.09741,5.10361,26.8112,F
1030,1,HappyBirthday,593,25550,M,1,0.000178329,1.97233,1493.21,0.0601252,F
1031,1,HappyBirthday,253,5475.05,M,1,0.0206924,1.62332,81.4285,6.54202,F
1031,1,HappyBirthday,1370,730,M,0,0,0.00670564,0,0,F
1031,1,HappyBirthday,1333,1095,F,1,0.506986,0.156347,2252.16,250.618,F
1031,1,HappyBirthday,1029,4380,F,1,0.00729411,10.9952,1244.96,5.81864,F
1032,1,HappyBirthday,1252,1825,M,1,0.00185434,0.317154,4.23121,0.581001,F
1032,1,HappyBirthday,109,18250.4,M,1,0.774865,0.720297,73.7014,507.279,F
1032,1,HappyBirthday,994,9490.86,F,1,0.0821822,20.056,71.7466,35.8866,F
1032,1,HappyBirthday,975,28105.9,M,1,0.101797,0.650189,0.0679372,33.3699,F
1033,1,HappyBirthday,731,17155.4,F,1,0.00172091,3.0563,0.0001392,0.535144,F
1034,1,HappyBirthday,1253,1825,F,1,0.0891214,0.302599,230.906,43.1784,F
1034,1,HappyBirthday,713,5110.37,F,1,0.0971148,13.0733,18.1372,34.3837,F
1034,1,HappyBirthday,940,10220.6,M,1,0.00563709,0.316611,103.129,1.96508,F
1035,1,HappyBirthday,376,17885.8,F,1,8.26011e-05,18.8166,2360.27,0.0374056,F
1035,1,HappyBirthday,1183,2555,F,1,0.0702544,0.342444,66.4977,29.8959,F
1035,1,HappyBirthday,885,24455.2,M,1,0.00846787,1.08353,77.4163,2.69769,F
1036,1,HappyBirthday,1184,2555,F,1,0.0567926,0.983083,1287.83,25.2882,F
1036,1,HappyBirthday,1118,3285,M,1,0.54989,0.415116,349.194,559.667,F
1036,1,HappyBirthday,1412,365,M,1,0.00270714,0.16246,255.471,1.13669,F
1037,1,HappyBirthday,35,11315.9,M,1,0.00938241,3.40318,302.481,3.97265,F
1037,1,HappyBirthday,282,8395.13,M,1,0.0333382,0.733655,2916.34,20.5644,F
1037,1,HappyBirthday,433,19345.2,M,1,0.000377468,0.187611,34.04,0.123163,F
1037,1,HappyBirthday,598,14235.6,M,1,0.0599103,0.262616,146.835,27.5295,F
1037,1,HappyBirthday,714,6205.11,F,1,0.0346487,6.28931,4980.75,13.7058,F
1037,1,HappyBirthday,1149,2920,M,1,0.00128915,0.0692282,3.91409e-06,0.40088,F
1037,1,HappyBirthday,1216,2190,M,1,0.206812,0.458986,2518.44,80.8576,F
1037,1,HappyBirthday,1185,2555,F,1,0.148749,0.817254,3137.45,51.2343,F
1038,1,HappyBirthday,397,27375.2,F,1,0,0.18643,0.0664888,0,F
1038,1,HappyBirthday,411,8395.14,F,1,0.000416449,0.353714,6.70026,0.13089,F
1038,1,HappyBirthday,889,25185.7,M,1,0.0141418,0.165296,4.36797,4.42921,F
1038,1,Births,1448,0,M,0,0,0.00906827,0,0,F
1039,1,HappyBirthday,124,35770.9,F,1,0.374512,1.53978,506.247,247.246,F
1039,1,HappyBirthday,1119,3285,M,1,0.438382,0.116722,472.36,182.956,F
1039,1,HappyBirthday,1150,2920,M,1,8.52513e-05,0.603881,0.0487265,0.0265188,F
1039,1,HappyBirthday,1413,365,F,0,0,0.0750288,0,0,F
1039,1,HappyBirthday,802,7300.78,M,1,2.58169e-05,7.18941,552.385,0.0147738,F
1040,1,HappyBirthday,1414,365,F,1,0.161582,1.53954,82965.5,1005.38,F
1040,1,HappyBirthday,554,4745.65,M,1,0.0031921,0.637114,101.918,0.994046,F
1041,1,HappyBirthday,13,5840.37,M,1,0.102995,0.384259,2.97115,33.8654,F
1041,1,HappyBirthday,1120,3285,F,1,0.00536217,1.74756,222.481,1.73497,F
1041,1,HappyBirthday,965,5110.78,F,1,0.000970847,1.50476,0.000998667,0.30196,F
1041,1,HappyBirthday,1294,1460,F,1,0.43404,1.04794,56.2536,226.048,F
1041,1,HappyBirthday,960,29930.6,F,1,0.000129688,1.20503,230.463,0.07981,F
1042,1,HappyBirthday,309,19345.6,F,1,0.00130497,0.946755,12.5211,0.405806,F
1042,1,HappyBirthday,344,10220.5,M,1,0.0790001,2.42002,0.893656,25.6763,F
1042,1,HappyBirthday,1371,730,F,0,0,0.0241851,0,0,F
1043,1,HappyBirthday,293,6570.33,M,1,0.0063156,0.44039,1.3419,1.98272,F
1043,1,HappyBirthday,339,17885.8,M,1,0.257863,1.65092,41.7545,98.6666,F
1043,1,HappyBirthday,483,20440.1,F,1,0.116492,0.316691,2960.96,206.431,F
1043,1,HappyBirthday,842,5110.81,M,1,1.77642e-05,0.0183708,0.000275899,0.00551881,F
1044,1,HappyBirthday,375,20805,F,0,0,0.113317,0,0,F
1045,1,HappyBirthday,1295,1460,M,1,0.205483,0.0843028,19.5577,78.5446,F
1046,1,HappyBirthday,383,20075.3,M,1,0.0852126,1.53386,0.162943,27.6803,F
1046,1,HappyBirthday,846,12045.9,M,1,0.0183224,0.171867,1452.05,8.91915,F
1047,1,HappyBirthday,184,14965.3,M,1,0.0142485,0.986672,848.831,4.50039,F
1047,1,HappyBirthday,379,11315.9,F,1,0.00107689,2.77036,51.2635,0.336934,F
1047,1,HappyBirthday,582,9125.73,M,1,0.627231,0.858031,28.0289,317.283,F
1047,1,HappyBirthday,736,4745.93,M,1,0.020978,2.03634,81.8266,6.59292,F
1047,1,HappyBirthday,1334,1095,M,1,0.000918574,0.339184,67.6834,0.309746,F
1048,1,HappyBirthday,406,19345.9,F,1,5.00643e-05,1.98699,45895.7,0.0476806,F
1048,1,HappyBirthday,852,18250.8,F,1,0.00864355,0.18191,2445.97,21.467,F
1049,1,HappyBirthday,202,4745.37,F,1,0,3.48566,0.0715643,0,F
1049,1,HappyBirthday,384,27010.3,F,1,0.0878565,0.20693,5.68334,28.7892,F
1050,1,HappyBirthday,50,15695.3,F,1,0,0.136813,0.0969338,0,F
1050,1,HappyBirthday,1058,4015,F,1,3.77646e-05,0.0471049,0.0272382,0.0117298,F
1051,1,HappyBirthday,315,10585.6,F,1,0.00142543,0.612695,15435.2,0.951334,F
1051,1,HappyBirthday,1335,1095,M,1,0.095684,3.82319,150.547,45.7236,F
1051,1,Births,1449,0,F,0,0,0.00489188,0,0,F
1051,1,Births,1450,0,M,0,0,0.620771,0,0,F
1052,1,HappyBirthday,1296,1460,F,1,0.219457,0.122495,36136.3,642.232,F
1052,1,HappyBirthday,85,6570.77,F,1,0.0012076,13.6241,3.63498,0.375357,F
1052,1,HappyBirthday,1254,1825,M,1,0.0106562,0.182782,14102.6,48.4013,F
1052,1,HappyBirthday,542,25185.8,M,1,0.132385,0.330329,842.219,46.9782,F
1052,1,HappyBirthday,893,14600,M,1,0.00934415,0.117516,30.4994,3.07832,F
1053,1,HappyBirthday,476,13140.1,M,1,0.0741867,0.308451,3.21704,24.0431,F
1053,1,HappyBirthday,521,27010.3,F,1,0.0826002,0.266611,994.521,36.3618,F
1054,1,HappyBirthday,1297,1460,M,1,0.0732927,0.415369,44524.9,78.9735,F
1055,1,HappyBirthday,679,5475.81,F,1,0.00344623,3.18864,0.00883459,1.07326,F
1055,1,HappyBirthday,722,6935.76,F,1,0.344535,0.489377,35.3722,138.331,F
1055,1,HappyBirthday,900,9125.18,M,1,0.000217624,17.542,6.7388,0.067747,F
1056,1,HappyBirthday,1298,1460,M,1,0.0459538,6.56493,270.234,27.0762,F
1056,1,HappyBirthday,1121,3285,F,1,0.00206781,2.3001,1.13354,0.642972,F
1056,1,HappyBirthday,516,10950.3,M,1,0.0185224,1.36417,66.8904,6.98977,F
1056,1,HappyBirthday,626,6570.89,F,1,0.064919,1.71687,4.37862,20.8799,F
1058,1,HappyBirthday,108,9490.38,M,1,0.00533513,1.85164,0.127993,1.66214,F
1058,1,HappyBirthday,1217,2190,M,1,0,0.115075,0.0324432,0,F
1059,1,HappyBirthday,114,35040.3,M,1,0.000204717,0.240526,1442.79,0.37715,F
1059,1,HappyBirthday,162,8030.43,M,1,0.0229738,1.1105,361.777,12.1095,F
1059,1,HappyBirthday,448,13140.4,M,1,0.00087645,0.136758,0.161747,0.272741,F
1060,1,HappyBirthday,279,13505.2,M,1,1.06784e-05,0.592824,3691.05,0.0379008,F
1060,1,HappyBirthday,1336,1095,M,1,0.215787,1.87148,3.38699,75.9171,F
1060,1,HappyBirthday,297,14235.9,F,1,0.0119777,19.8717,932.094,3.87102,F
1060,1,HappyBirthday,380,20075.2,F,1,0.218085,0.758413,3825.35,416.722,F
1060,1,HappyBirthday,987,16425,M,1,0.0116203,1.14926,380.116,5.54001,F
1060,1,HappyBirthday,1218,2190,M,0,0,0.036776,0,0,F
1060,1,HappyBirthday,753,7300.35,F,1,0,1.96935,0.0396186,0,F
1061,1,HappyBirthday,212,5475.56,M,1,2.01523e-05,2.1459,0.0964677,0.00626547,F
1061,1,HappyBirthday,659,4745.56,M,1,0.422392,0.310822,4.7594,174.481,F
1061,1,HappyBirthday,1415,365,F,1,0.0315584,0.71295,8812.18,49.4023,F
1062,1,HappyBirthday,514,10585.8,M,1,0.204057,0.183541,1.63386,70.9306,F
1062,1,HappyBirthday,781,5475.44,F,1,2.69913e-05,0.308318,27825.4,0.172413,F
1062,1,Births,1451,0,F,0,0,0.0322131,0,0,F
1063,1,HappyBirthday,1186,2555,M,1,0.0130506,0.902281,810.961,6.83066,F
1063,1,HappyBirthday,238,16790.1,F,0,0,0.0655318,0,0,F
1063,1,HappyBirthday,890,10950.6,M,1,0.0312254,46.9762,0.10051,9.85908,F
1064,1,HappyBirthday,23,16425.8,M,1,2.94406e-05,0.355557,2.42678,0.0091868,F
1064,1,HappyBirthday,1219,2190,M,1,0.0215429,6.85495,436.954,7.81928,F
1064,1,HappyBirthday,1059,4015,M,1,0.0646726,0.214208,77.2472,23.1529,F
1064,1,HappyBirthday,695,30295.2,F,1,0.123465,0.260972,129.15,44.9741,F
1064,1,Births,1452,0,M,0,0,0.0956419,0,0,F
1065,1,HappyBirthday,16,10950.9,F,1,0.519401,1.11744,103.812,244.453,F
1065,1,HappyBirthday,283,15330.2,M,1,0,0.842199,0.100037,0,F
1065,1,HappyBirthday,401,18615.1,F,1,0.328712,3.83051,68.6759,125.225,F
1065,1,HappyBirthday,1337,1095,M,1,0.240788,0.260713,1.30327,85.7943,F
1066,1,HappyBirthday,203,27010.4,F,1,0.00250803,2.57304,53.4908,0.851067,F
1066,1,HappyBirthday,492,21535.2,M,1,0.00411107,0.28457,1.71696,1.2814,F
1066,1,HappyBirthday,1338,1095,M,1,0.00133802,1.02635,29.465,0.437441,F
1066,1,HappyBirthday,779,24820.7,M,1,0.00278394,3.53906,36.3182,0.874238,F
1067,1,HappyBirthday,996,27010,M,1,0.728384,0.707707,49.5026,408.294,F
1068,1,HappyBirthday,1416,365,M,1,0.0112949,1.90763,41.3863,3.5672,F
1068,1,HappyBirthday,508,16425,M,1,0.000785657,0.1121,59.6611,0.298433,F
1068,1,HappyBirthday,515,10220.8,M,1,0.0115443,2.03786,100.263,4.1899,F
1070,1,HappyBirthday,1339,1095,F,1,0.0019826,1.28573,88.9019,0.855384,F
1070,1,HappyBirthday,1417,365,F,0,0,0.0196772,0,0,F
1070,1,HappyBirthday,1255,1825,F,1,0.00172626,7.33791,3.83764,0.544886,F
1070,1,HappyBirthday,913,5475.87,M,1,0.00118232,0.0418648,0.194097,0.367639,F
1070,1,Births,1453,0,F,0,0,0.097949,0,0,F
1072,1,HappyBirthday,1299,1460,M,1,0.000657417,4.58606,1.58537,0.205574,F
1073,1,HappyBirthday,1151,2920,F,1,0.0896722,10.2985,69683.5,308.322,F
1074,1,HappyBirthday,27,15330.4,F,1,0.144828,0.431579,160.51,48.9006,F
1074,1,HappyBirthday,680,35770.1,F,1,0.0159399,6.78896,172.727,8.69003,F
1076,1,HappyBirthday,295,15695.2,F,1,0.200319,0.234121,37.7775,69.5643,F
1076,1,HappyBirthday,1256,1825,F,1,0.0523366,1.1372,108.415,17.0352,F
1077,1,HappyBirthday,1188,2555,F,1,0.440201,2.98191,5964.69,194.171,F
1077,1,HappyBirthday,748,13870.7,F,1,0.000425716,0.215157,41.253,0.135962,F
1078,1,HappyBirthday,1189,2555,F,1,0.0291805,0.932489,3200.78,84.2411,F
1079,1,HappyBirthday,1220,2190,M,1,0.448869,2.17046,1923.66,446.463,F
1079,1,HappyBirthday,398,7665.77,M,1,0.000499767,0.480306,0.993382,0.155354,F
1079,1,HappyBirthday,1190,2555,M,1,0.00979791,15.0143,88.4133,3.39844,F
1079,1,HappyBirthday,1091,3650,F,1,0.0021786,1.92129,0.00703612,0.677852,F
1080,1,HappyBirthday,174,14235.5,M,1,0.676673,1.17721,110.044,362.738,F
1080,1,HappyBirthday,1418,365,F,1,0.00420151,0.2439,11.0814,1.32989,F
1080,1,HappyBirthday,651,11680.4,F,1,0.000142526,3.24119,1682.67,0.283218,F
1081,1,HappyBirthday,1221,2190,M,1,0,0.228334,753.952,0,F
1081,1,HappyBirthday,80,5475.48,F,1,0.126465,1.18859,0.183255,42.0402,F
1081,1,HappyBirthday,1123,3285,F,1,0.000391919,2.45988,10.5387,0.122438,F
1082,1,HappyBirthday,1300,1460,F,1,0.0969764,0.0992804,103.823,43.8396,F
1082,1,HappyBirthday,823,13140.7,F,1,0.0016008,1.52571,1546.11,0.638766,F
1083,1,HappyBirthday,1124,3285,F,1,0.37942,0.179298,3459.6,178.702,F
1083,1,HappyBirthday,378,28835.8,F,1,0.0174477,1.21726,217.691,5.76555,F
1083,1,HappyBirthday,422,5110.63,F,1,0.00937367,1.02578,2887.69,28.1993,F
1083,1,HappyBirthday,959,6205.38,M,1,0.0388453,0.795116,1.34647,12.397,F
1083,1,HappyBirthday,671,13505.2,M,1,2.32131e-05,0.171539,13.9186,0.0072408,F
1083,1,HappyBirthday,911,24455.4,F,1,0.0639317,1.10819,18.2473,21.0957,F
1083,1,Births,1454,0,F,0,0,0.0181943,0,0,F
1084,1,HappyBirthday,1302,1460,F,1,0.05837,0.443964,110.73,23.6424,F
1084,1,HappyBirthday,500,7300.71,F,1,0.00012537,1.74863,30.6891,0.0405519,F
1084,1,HappyBirthday,1153,2920,F,1,0.0029408,13.9514,25.2049,1.01938,F
1084,1,HappyBirthday,557,6570.79,F,1,0,1.96926,0.00594127,0,F
1084,1,HappyBirthday,561,5475,F,1,0.0079074,1.35541,37815.8,17.9996,F
1084,1,HappyBirthday,664,30660.6,F,1,0.00472269,0.728503,15.1729,1.584,F
1085,1,HappyBirthday,1062,4015,M,1,0.0133451,3.69168,3491.74,4.51408,F
1085,1,HappyBirthday,1303,1460,F,0,0,0.00543308,0,0,F
1085,1,Births,1455,0,F,0,0,0.047292,0,0,F
1086,1,HappyBirthday,348,16060.3,F,1,0.0410074,4.55051,8.12628,13.1627,F
1087,1,HappyBirthday,1373,730,M,0,0,0.00351754,0,0,F
1087,1,HappyBirthday,1304,1460,M,1,0.627232,0.340554,8631.36,523.504,F
1087,1,HappyBirthday,891,11315.7,F,1,0.0331742,0.401631,148.517,12.9841,F
1088,1,HappyBirthday,7,12410,F,1,3.02204e-07,2.66201,856.848,0.000425,F
1088,1,HappyBirthday,1092,3650,F,1,0.00352563,4.51056,50.4752,1.09784,F
1089,1,HappyBirthday,1125,3285,F,1,5.34128e-05,0.0897686,312.166,0.024051,F
1089,1,HappyBirthday,816,9490.6,F,1,0,0.955328,5.14556,0,F
1091,1,HappyBirthday,484,26645.4,F,0,0,0.0293995,0,0,F
1092,1,HappyBirthday,618,14965.5,F,1,0.0250969,19.3833,3.46999,8.0078,F
1093,1,HappyBirthday,32,6935.5,M,1,0.000130312,0.417328,2157.72,0.0657699,F
1093,1,HappyBirthday,1093,3650,M,1,0.00577093,0.806674,228.46,1.86581,F
1093,1,HappyBirthday,1126,3285,M,1,0.160803,0.965784,55.7084,58.5989,F
1093,1,HappyBirthday,629,7300.32,F,1,0.000283952,0.332355,0.0279003,0.0883174,F
1095,1,HappyBirthday,985,11680,M,1,0.00544945,3.99208,1.49663,1.71137,F
1095,1,HappyBirthday,1305,1460,F,0,0,0.0406818,0,0,F
1095,1,HappyBirthday,325,16425.3,M,1,0.00192054,1.75079,735.167,1.27103,F
1095,1,HappyBirthday,535,11315.9,F,1,0.00315974,0.124379,1.47625,0.985737,F
1095,1,HappyBirthday,1342,1095,M,0,0,0.0361494,0,0,F
1095,1,HappyBirthday,849,7300.92,F,0,0,0.490463,0,0,F
1096,1,HappyBirthday,499,9125.35,M,1,0.00443294,9.46311,16.9419,1.38095,F
1096,1,HappyBirthday,1223,2190,M,1,0.0135266,19.3266,35.3044,4.24184,F
1097,1,HappyBirthday,51,5840.45,F,1,0.00440161,2.43175,3.61278,1.37184,F
1097,1,HappyBirthday,453,14965.9,M,1,0.0451604,10.6249,177.811,24.5421,F
1097,1,HappyBirthday,1224,2190,F,1,0.0236113,0.678125,54.2938,8.41172,F
1097,1,HappyBirthday,898,9490.72,M,1,7.11401e-05,1.25626,1.82436,0.0222844,F
1099,1,HappyBirthday,1257,1825,F,1,0.490977,0.391903,1023.17,886.711,F
1100,1,HappyBirthday,585,23725.6,M,1,0,0.568035,99.3268,0,F
1100,1,HappyBirthday,1127,3285,M,1,0.00329617,0.567322,41.275,1.12327,F
1101,1,HappyBirthday,565,13870.8,M,1,1.35421e-05,1.22367,5.32095,0.00432,F
1101,1,HappyBirthday,613,5840.49,M,1,0.00138565,32.8092,23.2611,0.443386,F
1101,1,HappyBirthday,876,24455.2,F,1,4.2743e-05,0.276044,8087.49,0.130917,F
1102,1,HappyBirthday,1128,3285,F,1,0.591378,2.4225,2.76119,278.139,F
1102,1,HappyBirthday,371,11315.2,M,0,0,0.0443397,0,0,F
1102,1,HappyBirthday,1094,3650,F,1,0.0151651,0.252731,1641.63,18.0634,F
1102,1,HappyBirthday,858,23725.3,F,1,0.000465498,0.0965944,10.8939,0.152295,F
1102,1,HappyBirthday,880,5475.62,F,1,0.000513967,1.34711,0.632419,0.159856,F
1102,1,HappyBirthday,908,14600.5,M,1,0,2.37907,0.018,0,F
1102,1,Births,1456,0,M,0,0,0.0981446,0,0,F
1103,1,HappyBirthday,178,10950,M,1,6.47708e-06,1.0708,389.509,0.0031514,F
1103,1,HappyBirthday,624,15330.1,F,1,0.0140334,11.3862,2.9266,4.44525,F
1103,1,HappyBirthday,1306,1460,F,1,0.0973037,0.0976928,51308.5,988.447,F
1104,1,HappyBirthday,182,7665.67,F,1,0.005183,0.807081,7.78848,1.66671,F
1104,1,HappyBirthday,1225,2190,F,1,0.000442892,1.54999,5829.27,0.410131,F
1104,1,HappyBirthday,546,8395.69,F,1,0,5.0443,2.88644,0,F
1104,1,HappyBirthday,1419,365,F,1,0.00236393,0.525391,79971.4,15.0992,F
1105,1,HappyBirthday,1095,3650,M,1,0.0340768,0.435241,243.808,13.027,F
1106,1,HappyBirthday,24,5840.69,M,1,0.571103,0.344585,1.93376,263.106,F
1106,1,HappyBirthday,38,12045.1,F,1,0.0190062,0.210567,612.035,6.08987,F
1106,1,HappyBirthday,377,11680.6,M,1,0.103641,3.20113,3003.57,143.079,F
1106,1,Births,1457,0,F,0,0,0.0758465,0,0,F
1107,1,HappyBirthday,56,7665.57,F,1,0.00110795,0.544212,29.0106,0.345479,F
1107,1,HappyBirthday,1226,2190,M,1,0.0112455,16.9599,33.1795,3.94082,F
1107,1,HappyBirthday,434,23725.6,F,1,0.00101478,4.40668,22.3615,0.321512,F
1107,1,HappyBirthday,596,13140.6,F,1,0.00106333,0.149872,2390.19,0.880334,F
1108,1,HappyBirthday,287,5475.24,F,1,0.00655981,1.08095,4.19464,2.04731,F
1109,1,HappyBirthday,449,6205.63,F,1,0.000259808,0.94341,1418.29,0.530915,F
1109,1,HappyBirthday,581,16060.6,M,1,0.000658403,0.391914,1.17312,0.205067,F
1111,1,HappyBirthday,1227,2190,M,1,0.288455,1.33703,33.4444,106.193,F
1111,1,HappyBirthday,1420,365,F,1,0.0722889,0.217645,178.318,31.3889,F
1111,1,HappyBirthday,928,5475.58,M,1,0.00118887,0.895545,19.8498,0.379636,F
1112,1,HappyBirthday,464,10220.8,M,1,0.000194607,0.615418,15.9536,0.0618826,F
1112,1,HappyBirthday,806,30295.9,M,1,0.000146334,3.57311,0,0.0455406,F
1112,1,HappyBirthday,1002,4745,M,0,0,1.50371,0,0,F
1113,1,HappyBirthday,639,12775.3,F,1,0.0107134,2.15154,89.6749,3.42329,F
1113,1,HappyBirthday,666,21535.6,F,1,8.68349e-05,0.845877,6.2299,0.0277432,F
1113,1,HappyBirthday,825,9855.23,F,1,0.042228,0.201336,4.91921,13.6849,F
1114,1,HappyBirthday,1307,1460,M,1,0.0737759,4.05405,28.3243,24.2193,F
1114,1,HappyBirthday,616,18250.2,M,1,0.000852692,2.62631,0,0.265107,F
1114,1,HappyBirthday,1155,2920,M,0,0,0.0190045,0,0,F
1116,1,HappyBirthday,68,10950.9,M,1,0.000177256,4.08185,2e-06,0.055013,F
1116,1,HappyBirthday,127,9855.58,F,1,0.0452919,1.40562,2132.75,20.4886,F
1117,1,HappyBirthday,509,10221,M,1,0.0052273,1.68677,1468.21,1.76227,F
1117,1,HappyBirthday,710,5475.96,M,1,0.69839,0.346103,869.489,373.639,F
1118,1,HappyBirthday,573,16425.1,M,1,0.00313,1.09043,95.5579,1.02058,F
1119,1,HappyBirthday,55,13140.2,M,1,0.354049,4.28632,1.53566,136.422,F
1119,1,HappyBirthday,158,9490.27,F,1,0.301251,10.6994,0.782745,111.411,F
1119,1,HappyBirthday,454,8760.67,M,1,7.45715e-07,1.06401,0,0.0002288,F
1120,1,HappyBirthday,1064,4015,M,1,0.000475143,4.20506,0.00513922,0.147599,F
1120,1,HappyBirthday,426,16060.5,F,1,0.00418542,1.58321,0.0291132,1.30384,F
1120,1,HappyBirthday,642,10585.3,M,1,0.026582,5.48547,1.10842,8.40496,F
1120,1,HappyBirthday,883,21535.3,F,1,0.000439032,0.419093,88.8072,0.197286,F
1121,1,HappyBirthday,548,12775.6,F,1,0.0108141,1.10175,0.938743,3.39299,F
1121,1,HappyBirthday,1374,730,F,1,0.138792,0.125407,43.8904,49.4775,F
1121,1,HappyBirthday,1375,730,F,0,0,0.0175248,0,0,F
1121,1,Births,1458,0,F,0,0,0.214299,0,0,F
1122,1,HappyBirthday,1065,4015,M,1,0.00477639,0.0853599,39.4634,1.74573,F
1122,1,HappyBirthday,1376,730,F,1,0.139885,0.579633,92424.6,1286.57,F
1122,1,HappyBirthday,1193,2555,M,1,0.00122147,0.236706,18.0859,0.411489,F
1122,1,HappyBirthday,950,6205.25,M,1,0.000390016,0.112528,0,0.121301,F
1123,1,HappyBirthday,164,9125.18,F,1,0.00501186,0.126385,0.0086696,1.56121,F
1123,1,HappyBirthday,1343,1095,M,1,0.00597394,0.0203707,32.3814,1.9481,F
1124,1,HappyBirthday,486,15330,F,0,0,0.777209,0,0,F
1124,1,HappyBirthday,778,10950.4,M,0,0,0.990994,0,0,F
1125,1,HappyBirthday,1000,10950.5,M,1,5.16268e-07,0.174855,1744.44,0.00057,F
1125,1,HappyBirthday,1422,365,F,1,0.599284,0.199759,15.3465,291.088,F
1125,1,HappyBirthday,673,5840.29,F,1,0.000427471,1.48338,14.413,0.135542,F
1126,1,HappyBirthday,495,21535.9,M,1,0.00339412,1.0424,1768.55,7.65722,F
1126,1,HappyBirthday,717,20075.1,M,1,0.0117608,0.880739,0.924529,3.68725,F
1127,1,HappyBirthday,1194,2555,M,1,0.00167595,0.252142,87.087,0.587314,F
1128,1,HappyBirthday,1377,730,M,1,0.454927,0.193011,27658,788.575,F
1129,1,HappyBirthday,569,18980.3,M,1,0.000146328,1.91413,0.0320948,0.0454568,F
1129,1,HappyBirthday,654,5840.64,M,1,0,1.85819,0,0,F
1129,1,HappyBirthday,703,6205.11,M,1,0.00561596,9.16613,0.508872,1.75026,F
1130,1,HappyBirthday,134,19345.8,M,1,0.00191101,0.363436,0.0635486,0.594746,F
1130,1,HappyBirthday,1031,4380,F,1,0.000486381,1.5668,62.9151,0.164631,F
1131,1,HappyBirthday,1156,2920,F,1,0.0218985,1.45902,72.0691,7.58712,F
1131,1,HappyBirthday,1258,1825,F,1,0.0197008,1.24157,2299.77,51.4443,F
1132,1,HappyBirthday,1308,1460,F,1,0.00152388,0.0928833,19.9805,0.518262,F
1132,1,HappyBirthday,105,9125.89,F,1,0.0133244,4.2097,25.8595,4.65197,F
1132,1,HappyBirthday,335,6570.22,M,1,0.08611,0.291652,17872.3,88.6286,F
1133,1,HappyBirthday,1228,2190,F,0,0,0.0598985,0,0,F
1133,1,HappyBirthday,374,14965.6,F,1,0.000244519,0.281854,55.9248,0.0794914,F
1133,1,HappyBirthday,544,28835,F,0,0,0.115318,0,0,F
1133,1,HappyBirthday,1067,4015,M,1,0.000343764,6.84967,12.4114,0.107454,F
1133,1,HappyBirthday,751,9855.6,F,1,0.0505263,6.02291,0.0021194,16.1121,F
1134,1,HappyBirthday,226,11315.2,F,1,0.353063,0.14801,50.6083,135.432,F
1134,1,HappyBirthday,670,19345.4,M,1,0.0778044,2.34045,0.0851358,25.1734,F
1135,1,HappyBirthday,1344,1095,F,1,0.0573785,1.44312,2804.55,23.7259,F
1135,1,Births,1459,0,F,0,0,0.0702371,0,0,F
1136,1,HappyBirthday,252,9855.4,M,1,0.246011,0.69802,2393.91,89.5064,F
1136,1,HappyBirthday,350,30660.8,F,1,0.000843722,0.802386,0.0252296,0.262347,F
1136,1,HappyBirthday,1131,3285,F,0,0,0.0586161,0,0,F
1137,1,HappyBirthday,1195,2555,F,1,0.000519106,0.616421,423.59,0.410246,F
1137,1,HappyBirthday,84,25185.6,F,1,0.000263351,0.557929,165.91,0.0828692,F
1139,1,HappyBirthday,1032,4380,M,1,0.11604,2.17447,15.731,39.2791,F
1141,1,HappyBirthday,1378,730,M,1,0.0830448,0.842589,184.139,34.7663,F
1142,1,HappyBirthday,1229,2190,M,1,0.00333832,2.44605,17.3852,1.04452,F
1143,1,HappyBirthday,224,7300.83,F,1,2.15678e-05,0.445458,16.8381,0.00688034,F
1144,1,HappyBirthday,98,14965.6,M,1,1.09055e-05,0.412946,0.061671,0.0033918,F
1144,1,HappyBirthday,1033,4380,M,1,1.1055e-05,0.419336,0.226025,0.00346973,F
1144,1,HappyBirthday,1379,730,F,0,0,0.082399,0,0,F
1144,1,HappyBirthday,822,10950.7,F,1,0.00499334,3.5761,4911.41,1.75232,F
1145,1,HappyBirthday,1004,4745,F,0,0,0.0451407,0,0,F
1145,1,HappyBirthday,942,12045.4,F,1,0.00474447,0.72685,11331.8,2.28583,F
1146,1,HappyBirthday,154,12775.8,M,1,0.00429675,1.17369,0.0299068,1.33793,F
1146,1,HappyBirthday,357,20075.7,F,1,0.000118804,0.186437,0,0.0369406,F
1146,1,HappyBirthday,724,20805.6,M,1,0.000663337,3.18799,76.7104,0.207513,F
1146,1,HappyBirthday,1096,3650,M,1,0.000960293,0.552745,19.9117,0.309354,F
1147,1,HappyBirthday,63,24455.8,M,0,0,0.075766,0,0,F
1147,1,HappyBirthday,1196,2555,M,1,0.000174331,2.60494,2.19924,0.0544451,F
1147,1,HappyBirthday,318,12045.6,M,1,0.00408622,1.5842,14.9793,1.35135,F
1147,1,HappyBirthday,1423,365,M,1,0,0.315488,0.324766,0,F
1148,1,HappyBirthday,1157,2920,F,1,0.000519882,0.576172,61036.6,0.964936,F
1148,1,HappyBirthday,808,5110.44,M,1,0.000419831,1.439,12.663,0.1334,F
1149,1,HappyBirthday,417,17155.6,M,1,4.84486e-05,3.27184,15.4653,0.015443,F
1149,1,Births,1460,0,M,0,0,0.0212007,0,0,F
1150,1,HappyBirthday,857,12045.8,F,1,6.77328e-05,0.138449,0.0878366,0.0210642,F
1151,1,HappyBirthday,1006,4745,M,1,0,0.641602,0,0,F
1151,1,HappyBirthday,450,12045.1,F,1,0.00153084,1.06965,0.0838262,0.475783,F
1151,1,HappyBirthday,681,10585.2,F,1,6.60136e-05,0.879999,14.4211,0.0220272,F
1153,1,HappyBirthday,1380,730,M,0,0,0.0296468,0,0,F
1154,1,HappyBirthday,604,13505.2,M,1,0.0295708,3.08119,67.7626,9.34753,F
1154,1,HappyBirthday,1259,1825,M,1,0.00209075,25.3227,6767.59,4.8772,F
1154,1,HappyBirthday,980,24455.6,M,1,0,0.0390586,0,0,F
1155,1,HappyBirthday,368,8760.08,F,0,0,0.601862,0,0,F
1157,1,HappyBirthday,1260,1825,F,1,0.00139476,0.74327,0.184844,0.433228,F
1157,1,HappyBirthday,436,16425.7,M,1,0.00018607,0.150806,2e-07,0.0578312,F
1157,1,HappyBirthday,989,18980.7,F,1,8.75401e-07,1.79246,168.656,0.0003426,F
1157,1,HappyBirthday,729,5475.49,M,1,0.000159787,1.61128,71.8429,0.0511918,F
1158,1,HappyBirthday,209,5475.62,M,0,0,0.223186,0,0,F
1159,1,HappyBirthday,159,11680.6,F,1,0.0478358,1.34574,13.8632,15.3466,F
1159,1,HappyBirthday,230,30295,M,1,0.00228712,0.939963,25.5212,0.766166,F
1159,1,HappyBirthday,655,12410.7,M,1,8.77122e-06,0.461122,0.0443326,0.0027376,F
1159,1,HappyBirthday,1098,3650,F,0,0,0.0488716,0,0,F
1159,1,HappyBirthday,772,9125.07,M,1,0.0190008,1.82012,164.887,6.25333,F
1159,1,Births,1461,0,F,0,0,0.0132871,0,0,F
1160,1,HappyBirthday,25,10220.9,F,1,0.0337279,2.20949,91.0318,12.1223,F
1160,1,HappyBirthday,513,21170,F,1,0,0.188136,0.95358,0,F
1160,1,HappyBirthday,874,13870.9,M,0,0,0.0123099,0,0,F
1161,1,HappyBirthday,45,12410.7,F,1,0.129907,0.455641,5.66972,43.5838,F
1161,1,HappyBirthday,57,5840.97,F,1,0.115405,0.469197,1046.99,39.207,F
1161,1,HappyBirthday,93,7665.85,F,1,0.0207561,6.93207,0.0704308,6.519,F
1161,1,HappyBirthday,1099,3650,F,1,0,0.641782,0,0,F
1161,1,HappyBirthday,445,5840.18,F,1,0.000807058,3.5381,70.4532,0.252506,F
1161,1,HappyBirthday,579,18980.9,F,1,0,0.4109,0.153107,0,F
1162,1,HappyBirthday,761,18980.1,M,1,0.00161498,3.15808,13.9378,0.503011,F
1163,1,HappyBirthday,1158,2920,F,1,0.165462,0.932346,0.0732118,56.224,F
1163,1,Births,1462,0,F,0,0,0.14169,0,0,F
1164,1,HappyBirthday,602,5840.3,F,1,0.0620067,1.97405,167.514,32.6608,F
1164,1,HappyBirthday,910,9125.56,M,1,0.171967,0.407212,40.0638,68.4639,F
1165,1,HappyBirthday,1068,4015,F,1,0,1.2895,49.9156,0,F
1166,1,HappyBirthday,1261,1825,F,1,0.235991,2.13895,67.5386,85.5797,F
1166,1,HappyBirthday,1035,4380,M,1,0.00105315,0.397064,30.5885,0.341439,F
1166,1,HappyBirthday,926,22995.4,M,1,0.000712664,0.405914,0.0053806,0.221443,F
1166,1,Births,1463,0,F,0,0,0.0297243,0,0,F
1166,1,Births,1464,0,M,0,0,0.00423836,0,0,F
1167,1,HappyBirthday,1036,4380,M,1,0.0197415,2.58768,1153.39,6.22989,F
1167,1,HappyBirthday,19,5110.06,F,1,4.54351e-05,3.81922,38.126,0.0158973,F
1167,1,HappyBirthday,1007,4745,F,1,0.0374418,0.546851,28.134,11.9459,F
1167,1,HappyBirthday,1424,365,F,1,0.00288673,0.415281,203.821,1.18592,F
1167,1,HappyBirthday,1133,3285,M,1,0.538024,1.41809,3223.91,374.704,F
1167,1,HappyBirthday,600,12410.5,F,1,0.000998663,0.616447,0.0754214,0.310413,F
1168,1,HappyBirthday,268,10585.7,F,1,0.00332626,6.07517,0.0442206,1.03561,F
1168,1,HappyBirthday,356,11315.6,M,1,0.0353026,1.90626,0.194698,11.1715,F
1169,1,HappyBirthday,1425,365,F,0,0,0.034191,0,0,F
1169,1,HappyBirthday,192,8760.63,M,1,0.00474564,2.42792,0.0698134,1.47857,F
1169,1,HappyBirthday,251,5840.64,M,1,0.0121284,14.4351,98.551,5.42873,F
1169,1,HappyBirthday,1160,2920,M,0,0,0.132709,0,0,F
1170,1,HappyBirthday,1197,2555,M,1,0.00489717,0.313621,1309.58,1.61698,F
1170,1,HappyBirthday,1381,730,F,1,5.76971e-05,0.0604546,165529,0.535639,F
1171,1,HappyBirthday,1008,4745,F,0,0,0.313097,0,0,F
1171,1,HappyBirthday,133,9490.88,F,1,1.18641e-05,0.0363776,2.27172,0.0036904,F
1172,1,HappyBirthday,1009,4745,M,1,5.26023e-05,6.41313,82.6806,0.022011,F
1172,1,HappyBirthday,355,5475.58,F,1,2.40768e-05,1.75471,0.212959,0.00746321,F
1172,1,HappyBirthday,455,15330.1,F,0,0,0.194397,0,0,F
1172,1,HappyBirthday,480,25915.2,M,0,0,0.43425,0,0,F
1172,1,HappyBirthday,487,16060,M,1,0.00104631,0.170033,0.0547596,0.325306,F
1172,1,HappyBirthday,653,20805.2,M,1,0.0497201,1.72814,11123.1,106.398,F
1173,1,HappyBirthday,58,9855.1,F,1,0.00150356,0.570064,11.5472,0.46994,F
1173,1,HappyBirthday,311,14235,F,1,0,0.921337,0,0,F
1173,1,HappyBirthday,1262,1825,F,1,0.114434,0.143976,4797.35,79.3546,F
1174,1,HappyBirthday,1345,1095,M,0,0,0.073407,0,0,F
1174,1,HappyBirthday,328,6935.26,M,1,0.135337,1.55805,837.433,81.1304,F
1174,1,HappyBirthday,1383,730,F,1,0.316458,0.195553,42.0356,126.771,F
1174,1,HappyBirthday,1037,4380,M,1,0.00507577,0.387937,36.2359,1.76018,F
1175,1,HappyBirthday,1070,4015,F,1,5.479e-05,1.47478,0.688966,0.0170889,F
1175,1,HappyBirthday,1384,730,M,0,0,0.0258707,0,0,F
1175,1,HappyBirthday,641,9125.67,M,1,2.32253e-06,0.244893,10771.5,0.0166122,F
1175,1,HappyBirthday,730,9125.68,M,1,0,0.735338,0.308416,0,F
1175,1,HappyBirthday,867,8395.78,F,1,8.80306e-05,5.41613,1.44592,0.027389,F
1176,1,HappyBirthday,1101,3650,F,1,0.205863,0.123435,6450.83,71.8064,F
1176,1,HappyBirthday,1071,4015,F,1,0.0134019,8.9696,10.4347,4.39037,F
1176,1,HappyBirthday,859,7665.12,M,1,0.624541,1.47438,0.306076,304.659,F
1176,1,HappyBirthday,1309,1460,F,1,0,0.369113,11944.3,0,F
1177,1,HappyBirthday,62,11680.6,M,0,0,0.173902,0,0,F
1177,1,HappyBirthday,1346,1095,M,0,0,0.017337,0,0,F
1177,1,HappyBirthday,1072,4015,F,1,0.0647264,46.3435,17.5788,21.4386,F
1177,1,HappyBirthday,1426,365,F,1,0.0310362,0.444523,105.119,13.8705,F
1177,1,HappyBirthday,988,27010.4,M,1,0.0128041,2.85685,11736.8,19.8909,F
1178,1,HappyBirthday,580,14600.2,M,1,0.538998,2.0432,216.77,261.239,F
1178,1,HappyBirthday,649,32485.1,M,1,1.01324e-05,0.508383,2577.41,0.007595,F
1178,1,HappyBirthday,723,9490.06,M,1,0.0151094,3.97225,84.8868,4.85383,F
1179,1,HappyBirthday,1385,730,F,0,0,0.291687,0,0,F
1179,1,HappyBirthday,1264,1825,F,1,0.0995992,0.622572,13.5302,32.7064,F
1179,1,HappyBirthday,1263,1825,F,0,0,0.280383,0,0,F
1181,1,HappyBirthday,961,6205.49,M,1,0.576668,51.8921,141.673,319.159,F
1181,1,HappyBirthday,755,6205.65,M,1,0.000787649,0.208321,0.000554941,0.244955,F
1182,1,HappyBirthday,615,7665.25,M,1,0.000817269,1.49509,1.11657,0.25482,F
1182,1,HappyBirthday,754,8760.18,M,1,0,0.176208,0,0,F
1182,1,HappyBirthday,901,13870.3,F,1,0,0.223532,0.012,0,F
1183,1,HappyBirthday,518,8760.78,F,1,0.00223276,0.599393,0.0119524,0.694477,F
1183,1,HappyBirthday,699,14965.5,F,1,0.00578482,3.05281,5663.87,2.23732,F
1184,1,HappyBirthday,207,13870,M,1,0.00398063,1.49172,355.092,1.34513,F
1184,1,HappyBirthday,974,14600.2,M,1,0.00241998,6.01594,7.56485,0.777495,F
1185,1,HappyBirthday,186,9855.36,M,1,0.0115996,4.31502,4.14797,3.63096,F
1185,1,HappyBirthday,990,7300.82,F,0,0,0.0262728,0,0,F
1185,1,HappyBirthday,1164,2920,F,1,0.000781902,0.279195,11430.2,0.356389,F
1186,1,HappyBirthday,976,6570.38,F,1,0.00473437,1.13796,4.27787,1.49639,F
1187,1,HappyBirthday,1310,1460,F,1,0.894672,0.18216,11.087,736.441,F
1187,1,HappyBirthday,1387,730,M,1,0.000110507,0.216861,0.0193368,0.0343212,F
1187,1,HappyBirthday,1386,730,F,1,0.00193972,0.623086,12802.9,11.9009,F
1187,1,HappyBirthday,794,6935.88,M,1,0.000421313,3.91085,0.825291,0.13098,F
1187,1,HappyBirthday,941,33580.7,F,1,3.25452e-05,0.206886,373.403,0.0151034,F
1188,1,HappyBirthday,1165,2920,M,1,0.00795963,0.47789,90238.2,109.337,F
1188,1,HappyBirthday,506,5475,M,1,1.23271e-06,0.620744,3070.98,0.00183565,F
1189,1,HappyBirthday,425,21535.2,M,1,0.0403757,1.2758,97.4995,14.3153,F
1189,1,HappyBirthday,1427,365,M,1,0.000148659,0.442417,24.8319,0.0514727,F
1190,1,HappyBirthday,1134,3285,M,0,0,0.100469,0,0,F
1191,1,HappyBirthday,594,14235.8,M,1,0.0261315,0.362885,4894.74,9.59521,F
1192,1,HappyBirthday,67,8395.65,M,1,0.0745021,0.528174,4.52123,24.11,F
1192,1,HappyBirthday,1388,730,F,0,0,0.0246054,0,0,F
1192,1,HappyBirthday,1389,730,F,1,0.00212336,0.0393799,0.00270913,0.660494,F
1192,1,HappyBirthday,1073,4015,M,1,0.0110855,0.560467,1.32095,3.46428,F
1193,1,HappyBirthday,550,5475.81,F,1,0.000191045,7.51672,21.6992,0.0612217,F
1193,1,HappyBirthday,672,12045.8,F,1,1.20255e-06,2.78033,0.0567594,0.0003702,F
1193,1,HappyBirthday,770,14235.5,F,1,0.00265488,10.3804,1023.62,4.03851,F
1194,1,HappyBirthday,291,22630.2,F,1,0.0191152,6.60625,7.46765,6.1874,F
1194,1,HappyBirthday,631,12410.9,M,1,0,3.66215,0.0894494,0,F
1194,1,HappyBirthday,978,27375.8,F,1,0.0884716,3.44835,27.2806,28.8294,F
1194,1,HappyBirthday,896,7300.66,F,1,0.340147,0.140847,700.34,443.115,F
1195,1,HappyBirthday,1266,1825,F,1,0.0471184,1.45209,5.97727,15.3725,F
1196,1,HappyBirthday,314,7665.74,F,1,0.000436864,0.681536,890.907,0.251325,F
1196,1,HappyBirthday,706,5475.32,M,1,0.0287595,4.10078,0.780572,9.10248,F
1196,1,HappyBirthday,1347,1095,F,0,0,0.0740998,0,0,F
1196,1,Births,1465,0,F,0,0,0.0126686,0,0,F
1197,1,HappyBirthday,774,32485.1,F,1,0.00176712,0.641403,20.0022,0.550465,F
1198,1,HappyBirthday,1199,2555,F,0,0,0.247611,0,0,F
1198,1,HappyBirthday,428,8030.78,F,1,0.311601,0.263001,4923.64,142.859,F
1198,1,Births,1466,0,M,0,0,0.0400777,0,0,F
1199,1,HappyBirthday,1390,730,F,0,0,0.585155,0,0,F
1199,1,HappyBirthday,481,8395.13,F,1,0.00259367,4.55675,0.269899,0.808026,F
1199,1,Births,1467,0,M,0,0,0.0769389,0,0,F
1200,1,HappyBirthday,44,8030.94,F,0,0,0.6175,0,0,F
1200,1,HappyBirthday,732,5840,F,1,0.00686546,0.487331,125.06,2.54517,F
1200,1,HappyBirthday,1267,1825,M,1,0.00458112,1.33789,39.7218,1.50707,F
1200,1,HappyBirthday,1166,2920,M,1,0.018892,1.56349,314.228,6.73998,F
1201,1,HappyBirthday,471,12410.1,M,0,0,0.29009,0,0,F
1201,1,HappyBirthday,691,5475.56,F,0,0,0.113833,0,0,F
1201,1,HappyBirthday,1311,1460,F,1,0.000296459,0.259668,9.55226,0.0954284,F
1201,1,HappyBirthday,704,5110.37,F,1,0.0542614,5.72308,1.03574,17.4047,F
1202,1,HappyBirthday,551,33945,F,1,0.340358,2.65601,628.005,240.325,F
1204,1,HappyBirthday,607,12410.5,M,1,0.00033207,1.79119,51058.9,3.15922,F
1204,1,HappyBirthday,1268,1825,M,1,1.48327e-05,3.87923,11459.1,0.0589824,F
1204,1,HappyBirthday,833,14965.4,M,1,0.00427381,0.517965,8.57002,1.33941,F
1205,1,HappyBirthday,1428,365,M,1,0.584955,0.336609,18517.7,756.773,F
1205,1,HappyBirthday,1312,1460,F,1,0.616631,1.18343,50.5352,305.753,F
1205,1,HappyBirthday,644,10220.8,M,1,0.00138597,2.01259,181.268,0.437323,F
1205,1,HappyBirthday,905,8760.82,M,1,0.484109,0.734925,11.3233,205.726,F
1205,1,Births,1468,0,F,0,0,0.101643,0,0,F
1206,1,HappyBirthday,194,8395.24,M,1,0.000105654,0.326376,37.3844,0.03467,F
1206,1,HappyBirthday,693,7665.54,M,1,0.00328226,0.350994,3.88919,1.03618,F
1206,1,HappyBirthday,1074,4015,M,1,0.000858788,0.617422,9.41313,0.271291,F
1208,1,HappyBirthday,1313,1460,F,1,0.110996,1.44981,58.071,46.0748,F
1209,1,HappyBirthday,640,12410.8,F,1,0.000850302,0.0796994,467.358,0.446587,F
1210,1,HappyBirthday,199,19710.6,F,0,0,0.329608,0,0,F
1211,1,HappyBirthday,5,17155,F,1,0.0025051,0.284667,2751.19,0.916479,F
1211,1,HappyBirthday,1314,1460,F,0,0,0.0874108,0,0,F
1212,1,HappyBirthday,1348,1095,M,0,0,0.0638269,0,0,F
1212,1,HappyBirthday,510,8760.82,M,1,0.137837,0.611157,4187.2,224.976,F
1212,1,HappyBirthday,612,20075.8,F,1,0.106467,0.108231,6.33585,35.3193,F
1212,1,HappyBirthday,1102,3650,M,0,0,0.117732,0,0,F
1212,1,HappyBirthday,871,8395.57,F,1,0.00283893,2.13658,0.00864,0.883604,F
1212,1,Births,1469,0,F,0,0,0.0675541,0,0,F
1213,1,HappyBirthday,302,22630.2,F,1,0.000304506,0.197339,543.407,0.280497,F
1213,1,HappyBirthday,410,10585.8,M,1,0.0127268,0.193147,11.8574,3.98415,F
1214,1,HappyBirthday,97,8395.08,M,0,0,0.0811686,0,0,F
1214,1,HappyBirthday,408,6570.34,M,1,0.0244141,5.8635,0.126863,7.68312,F
1214,1,HappyBirthday,493,23725.5,M,1,0.00251061,0.248484,294.125,0.805088,F
1214,1,HappyBirthday,522,18250.8,M,1,0.00616116,0.578464,1.22162,1.92449,F
1215,1,HappyBirthday,1429,365,M,0,0,0.0431198,0,0,F
1216,1,HappyBirthday,352,13505,F,1,0.00186823,52.2168,1084.43,1.19412,F
1216,1,HappyBirthday,1430,365,M,1,0.138159,0.134107,451.627,46.343,F
1216,1,HappyBirthday,1103,3650,M,1,0.000274537,0.649167,27892,0.288375,F
1216,1,HappyBirthday,1202,2555,M,1,0.0600504,39.7955,164.868,26.5484,F
1217,1,HappyBirthday,82,5840.63,M,1,0.0608663,0.417349,0.0792068,19.516,F
1217,1,HappyBirthday,190,24455.9,M,1,0.000333417,2.85003,6890.68,0.516235,F
1217,1,HappyBirthday,1391,730,M,1,0.000262764,0.184689,0,0.0816909,F
1217,1,HappyBirthday,1135,3285,M,1,0,0.819785,10.7755,0,F
1218,1,HappyBirthday,986,14600.2,F,1,0.00329998,2.43039,24.7774,1.02739,F
1218,1,HappyBirthday,1269,1825,F,1,0.381087,0.151785,3555.5,201.453,F
1218,1,HappyBirthday,1203,2555,M,0,0,0.433689,0,0,F
1219,1,HappyBirthday,169,5475.61,F,1,0.00556441,1.44714,56.3824,2.14044,F
1219,1,HappyBirthday,276,22630.3,F,1,0.00048441,0.480247,15.5171,0.154665,F
1219,1,HappyBirthday,393,5110.36,M,1,0.122915,0.409359,16462.6,288.236,F
1219,1,HappyBirthday,1270,1825,M,1,0.0856993,0.213619,1016.86,74.5708,F
1220,1,HappyBirthday,658,23725.9,M,1,0.00548848,0.337639,19.6146,1.72099,F
1220,1,HappyBirthday,827,10585.2,F,1,0.00283112,10.0266,403.962,1.38935,F
1220,1,HappyBirthday,836,8395.04,F,1,0.00454897,0.441757,2887.68,1.91471,F
1220,1,HappyBirthday,923,6935.11,F,1,3.72731e-05,0.0491839,0.000293646,0.0115588,F
1221,1,HappyBirthday,1392,730,F,1,3.9411e-05,0.388659,29535.2,0.283592,F
1221,1,HappyBirthday,26,11315.2,F,1,0.136539,30.818,111.212,48.4854,F
1221,1,Births,1470,0,F,0,0,0.051695,0,0,F
1222,1,HappyBirthday,1105,3650,F,1,0.001855,0.399341,0.614644,0.577208,F
1223,1,HappyBirthday,136,9855.14,F,1,0.0133141,4.18887,479.083,4.37316,F
1223,1,HappyBirthday,223,9125.85,M,1,0.00134457,0.420048,194.942,0.443633,F
1223,1,HappyBirthday,319,8395.41,F,1,0.000856663,2.09298,2.10662,0.266458,F
1223,1,HappyBirthday,686,8760.34,M,1,1.66307e-06,5.55975,1997.81,0.0041912,F
1224,1,HappyBirthday,103,21170.5,F,1,1.42996e-05,0.269579,28.7251,0.0045184,F
1224,1,HappyBirthday,1271,1825,F,1,0.113491,4.3121,129.708,43.4408,F
1224,1,HappyBirthday,971,17520.3,M,1,6.09101e-06,2.70765,3471.72,0.0108742,F
1224,1,HappyBirthday,895,7665.86,F,1,0.000112005,0.350412,158.302,0.0425816,F
1225,1,HappyBirthday,245,21170.4,F,1,0.081453,0.179565,69.9045,26.5173,F
1225,1,HappyBirthday,1316,1460,F,1,0.131013,0.966923,0.377027,43.6488,F
1225,1,HappyBirthday,1168,2920,F,1,0.00181981,0.154289,17.9403,0.597711,F
1225,1,HappyBirthday,1106,3650,F,1,0.00203022,4.30685,1.12862,0.631706,F
1225,1,HappyBirthday,463,6570.81,M,1,0.000930306,1.94328,1931.92,0.394089,F
1225,1,HappyBirthday,840,17155.7,F,1,0.00199162,0.42869,10.8197,0.625403,F
1226,1,HappyBirthday,983,25185.3,F,1,0,4.6881,0.224525,0,F
1227,1,HappyBirthday,968,15330.5,F,1,0.234152,1.38361,222.46,87.4898,F
1227,1,HappyBirthday,1349,1095,M,1,0.0608289,0.226611,7434.94,418.416,F
1227,1,HappyBirthday,99,14235.3,F,1,0.0501016,7.52081,14.592,16.376,F
1227,1,HappyBirthday,1234,2190,F,0,0,0.110607,0,0,F
1227,1,HappyBirthday,707,7665.63,M,1,0.0122025,3.0982,0.153157,3.81588,F
1228,1,HappyBirthday,254,16425.1,M,1,0.000485575,0.592144,0.0008258,0.151024,F
1229,1,HappyBirthday,1431,365,F,0,0,0.0537105,0,0,F
1229,1,HappyBirthday,811,21170.5,M,1,6.18546e-05,34.3278,0.539899,0.019275,F
1230,1,HappyBirthday,160,8760.3,F,1,0.0015931,1.09223,4053.27,0.897717,F
1230,1,HappyBirthday,1318,1460,F,1,0.0809103,0.607228,2620.42,97.3844,F
1230,1,HappyBirthday,275,9855.58,M,1,0.000156867,1.41431,102.932,0.0566828,F
1230,1,HappyBirthday,327,13505.8,M,1,0.82801,2.7983,40.7219,555.528,F
1230,1,HappyBirthday,342,23725.4,F,1,0.0686011,4.2377,576.633,67.7779,F
1230,1,HappyBirthday,351,5840.34,F,1,0.00435651,2.68053,227.033,2.46047,F
1230,1,HappyBirthday,475,9855.17,M,1,0.282077,0.292566,0.295462,102.992,F
1230,1,HappyBirthday,674,19345,M,1,3.00695e-05,0.309066,3.4e-06,0.0093394,F
1230,1,HappyBirthday,1235,2190,F,1,0.771851,0.0315446,39.653,460.663,F
1230,1,HappyBirthday,861,12045.5,F,1,0.0226418,8.26249,116.53,7.12154,F
1230,1,HappyBirthday,972,8760.7,M,1,0.00323464,4.3399,0.0769354,1.00683,F
1230,1,HappyBirthday,1317,1460,F,0,0,0.0161812,0,0,F
1232,1,HappyBirthday,1272,1825,F,1,0.0153861,0.314029,17.1886,5.19006,F
1232,1,HappyBirthday,1350,1095,M,1,0.573246,0.0808309,104.181,265.433,F
1233,1,HappyBirthday,549,10950.1,M,1,0.0150045,1.81406,271.114,6.69753,F
1235,1,HappyBirthday,280,6570.76,M,1,0.0316605,0.916757,88.4141,10.1941,F
1235,1,HappyBirthday,343,6935.61,F,1,0.000527034,0.346573,1778.24,0.215779,F
1236,1,HappyBirthday,225,14965,M,1,0.0251547,0.837211,0.0319,7.91597,F
1236,1,HappyBirthday,1169,2920,F,1,0.027205,2.94308,144.389,10.4208,F
1236,1,HappyBirthday,638,17155.7,F,1,0.00836603,0.314566,606.886,2.95756,F
1237,1,HappyBirthday,88,25915,M,1,0.0318312,2.92859,104.33,10.758,F
1238,1,HappyBirthday,1273,1825,F,1,0.486381,2.47845,1279.31,288.326,F
1238,1,HappyBirthday,1351,1095,F,1,0,0.141849,12.0953,0,F
1238,1,HappyBirthday,973,7665.15,M,1,0.0418069,1.05278,72.2159,13.4019,F
1239,1,HappyBirthday,130,20075.7,F,1,0.15656,0.866576,23829.5,298.399,F
1239,1,HappyBirthday,149,13140.5,M,1,7.10729e-07,4.54224,0.318695,0.0002172,F
1239,1,HappyBirthday,982,6935.29,M,1,0.00982753,0.0848885,0.720669,3.0792,F
1239,1,HappyBirthday,1274,1825,M,1,0.00477602,1.7051,6.05471,1.49478,F
1240,1,HappyBirthday,432,16425.7,F,1,0.00613436,0.995443,0.129274,1.91318,F
1241,1,HappyBirthday,33,13505.9,F,1,0,0.522581,3.63799,0,F
1242,1,HappyBirthday,126,8030.43,M,1,0.00368388,0.0921178,85.5432,1.15093,F
1242,1,HappyBirthday,1041,4380,M,1,0.0712967,0.0483356,117.834,26.3997,F
1242,1,HappyBirthday,1394,730,F,0,0,0.0163892,0,0,F
1243,1,HappyBirthday,1236,2190,F,1,0.0800394,4.61973,23.0661,28.3511,F
1243,1,HappyBirthday,110,6935.8,F,1,0.00181908,2.99057,15.7476,0.605414,F
1243,1,HappyBirthday,627,17520.4,M,1,0.00140504,0.424656,39281.1,1.25045,F
1243,1,HappyBirthday,860,5840.24,M,1,0.497397,0.7452,252.19,432.521,F
1244,1,HappyBirthday,725,34675.9,F,1,0.0100214,2.42797,0.824854,3.13013,F
1245,1,HappyBirthday,385,7300.67,F,1,0.00672981,6.01628,4.66664,2.09997,F
1245,1,HappyBirthday,1042,4380,F,0,0,0.0956344,0,0,F
1245,1,HappyBirthday,718,6935.43,F,1,0.0141137,0.377307,0.0170312,4.41794,F
1246,1,HappyBirthday,1238,2190,M,1,0.00627129,0.109564,18060.8,6.44149,F
1246,1,HappyBirthday,289,6205.86,F,1,0.00250819,0.472745,909.587,0.936011,F
1246,1,HappyBirthday,370,9490.37,M,1,0.372319,0.752748,228.034,261.567,F
1246,1,HappyBirthday,853,6570.12,F,1,0.602534,0.105019,3544.42,387.703,F
1247,1,HappyBirthday,106,7665.32,F,1,5.1311e-06,0.930418,15.1179,0.001626,F
1247,1,HappyBirthday,157,5110.31,M,1,2.33001e-06,0.037615,1490.72,0.00219368,F
1247,1,HappyBirthday,1043,4380,F,1,0,0.0682645,595.513,0,F
1248,1,HappyBirthday,346,6205.97,M,1,5.63912e-05,5.63339,7.63776,0.017512,F
1248,1,HappyBirthday,692,15330.8,M,1,0.0385566,2.30863,0.0102372,12.2193,F
1250,1,HappyBirthday,1275,1825,F,0,0,0.00122972,0,0,F
1250,1,HappyBirthday,1136,3285,M,1,0.00705386,0.289522,14240.1,3.75078,F
1250,1,HappyBirthday,709,10220,M,1,0.000454354,3.97657,5.36173,0.141338,F
1251,1,HappyBirthday,91,7665.69,F,1,0.00157238,0.362965,225.061,0.662708,F
1251,1,Births,1471,0,F,0,0,0.0197087,0,0,F
1252,1,HappyBirthday,1432,365,F,1,0.191451,2.7926,55492.9,661.382,F
1252,1,HappyBirthday,354,17885.7,F,1,0.00466018,2.50248,7.89349,1.48364,F
1253,1,HappyBirthday,208,6570.13,M,1,0.000978379,2.16957,4.50209,0.305691,F
1254,1,HappyBirthday,143,10220.7,M,0,0,0.0299464,0,0,F
1254,1,HappyBirthday,331,6205.01,F,1,0.000745532,0.226939,15248.4,2.31397,F
1254,1,HappyBirthday,365,5475.24,F,1,0.00122037,2.06468,6.98332,0.380727,F
1254,1,HappyBirthday,834,21900.4,M,1,0.67108,0.189243,2.27419,345.581,F
1255,1,HappyBirthday,165,27010.6,F,1,0.101027,3.93236,28.0546,33.2387,F
1255,1,HappyBirthday,193,12045,F,1,7.31653e-05,0.167206,1492.22,0.151416,F
1257,1,HappyBirthday,123,26280.9,F,1,0.0244733,9.56751,45.7774,8.23765,F
1257,1,HappyBirthday,191,27010.5,M,1,0.0376165,1.28521,871.656,25.8291,F
1258,1,HappyBirthday,1044,4380,M,1,0.110558,0.0675509,82.6765,36.7301,F
1258,1,HappyBirthday,735,10950.7,M,1,0.0310773,0.0862961,3172.87,16.8115,F
1259,1,HappyBirthday,1277,1825,F,1,0.0782587,1.86273,3447.61,25.4562,F
1259,1,HappyBirthday,1319,1460,F,1,0.00206634,0.475369,61.1017,0.731963,F
1259,1,HappyBirthday,1352,1095,M,1,0.299186,0.191008,7.37422,111.413,F
1260,1,HappyBirthday,1077,4015,F,1,0,5.06053,0.499885,0,F
1260,1,HappyBirthday,1170,2920,F,1,0.00798692,0.721971,0.00717975,2.49201,F
1262,1,HappyBirthday,79,16060.2,F,1,0.00594264,1.80264,62.7873,1.99702,F
1262,1,HappyBirthday,1107,3650,F,0,0,0.490128,0,0,F
1263,1,HappyBirthday,129,14235.6,F,1,0.120087,3.18754,0.330431,39.7649,F
1263,1,HappyBirthday,969,8030.15,M,1,0.00335702,19.0352,20.1142,1.04683,F
1263,1,Births,1472,0,M,0,0,0.0292805,0,0,F
1264,1,HappyBirthday,75,14965.5,M,1,0.0215308,0.735097,2.20891,6.7875,F
1264,1,HappyBirthday,394,14600.7,M,1,0,0.0859514,7.2546,0,F
1264,1,HappyBirthday,1108,3650,F,1,0.0301057,3.68462,0.780863,9.50082,F
1264,1,HappyBirthday,850,26645.6,F,1,0.0279441,0.326269,5.36637,8.88876,F
1265,1,HappyBirthday,1239,2190,F,1,0.000419866,0.247245,6.89124,0.133783,F
1265,1,HappyBirthday,737,6205.46,F,1,0.000127873,1.72415,22.7663,0.0397957,F
1265,1,HappyBirthday,839,8760.89,F,1,0.00350287,0.157407,0.232297,1.09174,F
1266,1,HappyBirthday,576,19345.2,F,1,0.00291667,5.07027,1.75752,0.908055,F
1266,1,HappyBirthday,1138,3285,M,1,0.00426378,0.147122,22.3716,1.45997,F
1266,1,HappyBirthday,1171,2920,M,1,0.00248391,0.960599,46.0606,0.82473,F
1267,1,HappyBirthday,529,14965.2,F,1,0.0109933,0.336555,1.58542,3.44442,F
1268,1,HappyBirthday,409,9125.74,F,1,0.104332,0.36658,16.4475,37.0136,F
1268,1,Births,1473,0,M,0,0,0.486552,0,0,F
1269,1,HappyBirthday,678,6205.3,F,1,0,0.343247,1.17357,0,F
1269,1,HappyBirthday,1139,3285,F,1,0.041051,1.66656,21.9975,13.1186,F
1270,1,HappyBirthday,71,9125.8,M,1,0.000153547,7.92749,32114.6,0.896161,F
1270,1,HappyBirthday,875,5840.02,F,1,0.147978,2.30406,0.913283,49.8256,F
1271,1,HappyBirthday,1395,730,F,1,0.317035,0.779345,82.4303,130.626,F
1271,1,HappyBirthday,773,17155.8,F,1,0.501687,1.66749,1058.71,262.489,F
1272,1,HappyBirthday,440,24455.7,M,1,0.00016531,1.59171,9.60353,0.05384,F
1272,1,HappyBirthday,491,29930.2,M,1,0.00179348,1.5034,637.552,1.0005,F
1272,1,HappyBirthday,1046,4380,F,1,0.00437615,0.0825042,15320.6,42.5687,F
1273,1,HappyBirthday,347,7665.28,M,1,0.0776911,0.801652,0.001431,25.1353,F
1273,1,HappyBirthday,1320,1460,F,1,0.00037906,0.0404039,0.00016007,0.117827,F
1274,1,HappyBirthday,954,6570.75,M,1,0.00694151,0.745635,199.66,2.79058,F
1274,1,HappyBirthday,1397,730,M,1,0.367246,0.284649,8026.88,388.829,F
1274,1,HappyBirthday,1110,3650,M,1,0.000899432,5.69597,1.77482,0.280403,F
1275,1,HappyBirthday,1398,730,F,1,7.67281e-07,2.45635,59924.6,0.00797991,F
1275,1,HappyBirthday,1240,2190,F,1,2.3259e-06,0.117979,162884,0.0220014,F
1276,1,HappyBirthday,145,12775.6,M,1,0.00352369,1.69605,1996.43,8.96466,F
1276,1,HappyBirthday,1321,1460,F,1,0.00645119,1.13505,4760.1,11.2903,F
1276,1,HappyBirthday,556,9490.43,M,1,0.0098196,0.131286,37.8837,3.64295,F
1276,1,HappyBirthday,1015,4745,F,1,0.0363801,0.401524,128.657,12.769,F
1276,1,HappyBirthday,903,13140.5,F,1,0.000464171,9.29785,156.239,0.154949,F
1277,1,HappyBirthday,1205,2555,F,1,0.0436317,0.525847,4.54967,13.9377,F
1277,1,HappyBirthday,1079,4015,F,1,0.165775,2.4908,3188.13,277.355,F
1279,1,HappyBirthday,1241,2190,M,1,0.31902,0.0274617,82.1963,136.248,F
1279,1,HappyBirthday,1017,4745,F,1,1.26364e-06,2.713,463.825,0.000638363,F
1279,1,HappyBirthday,909,21900.9,M,1,0.0440882,0.196081,0.359432,14.0146,F
1280,1,HappyBirthday,222,10950.6,M,1,0.00908628,0.397544,40.6001,3.39018,F
1281,1,HappyBirthday,1322,1460,M,1,0.0429316,1.91133,120.784,14.203,F
1281,1,HappyBirthday,1353,1095,F,0,0,0.0144496,0,0,F
1281,1,HappyBirthday,1433,365,F,1,0.490673,0.316563,106.248,240.728,F
1281,1,HappyBirthday,1206,2555,M,1,0.207377,11.7588,545.108,210.888,F
1281,1,HappyBirthday,787,29565.5,F,1,0.0500668,1.22724,140.191,19.0908,F
1282,1,HappyBirthday,701,26645.8,M,1,0.00389187,17.7526,0.002433,1.21167,F
1282,1,HappyBirthday,1278,1825,F,1,0.0474065,0.733491,90.5608,20.4143,F
1283,1,HappyBirthday,1141,3285,M,0,0,0.389732,0,0,F
1283,1,HappyBirthday,387,7665.75,M,1,0.108115,3.30492,107.189,35.8699,F
1283,1,HappyBirthday,688,9125.98,M,1,0.111902,0.341411,33.7187,40.6376,F
1284,1,HappyBirthday,264,24820.2,F,1,0.00812973,2.56133,14.306,2.69611,F
1284,1,HappyBirthday,1018,4745,F,0,0,0.18785,0,0,F
1284,1,HappyBirthday,997,21900.1,F,1,0.00460169,1.93592,1.00518,1.43481,F
1285,1,HappyBirthday,1399,730,M,1,0.000396591,0.723706,0.00166108,0.123005,F
1285,1,HappyBirthday,504,8760.93,F,0,0,0.131941,0,0,F
1285,1,HappyBirthday,1242,2190,M,1,0.00935469,0.845572,7946.22,48.9589,F
1287,1,HappyBirthday,1434,365,F,1,0.0330668,2.48924,125.092,12.5618,F
1287,1,HappyBirthday,358,15330.5,M,1,0.00602753,3.44068,1.67219,1.87954,F
1287,1,HappyBirthday,758,9490.9,M,1,0.0236851,0.148742,1128.77,34.4078,F
1288,1,HappyBirthday,362,14600.5,M,1,0.00140221,0.432393,94.2416,0.439098,F
1288,1,HappyBirthday,588,7300.37,F,1,0.00128272,0.887807,0.0269727,0.399082,F
1288,1,HappyBirthday,684,5840.42,F,0,0,0.0579224,0,0,F
1289,1,HappyBirthday,740,14235,M,1,0.0165592,0.230512,849.896,6.5193,F
1289,1,HappyBirthday,1354,1095,F,1,0.0484857,3.74468,7.37776,15.6401,F
1290,1,HappyBirthday,981,8760.41,M,0,0,0.0130858,0,0,F
1290,1,HappyBirthday,979,9490,M,1,0.746418,0.697856,964.979,1149.17,F
1290,1,HappyBirthday,317,24820.4,M,1,0.00353466,0.290555,35.5002,1.2954,F
1290,1,HappyBirthday,1207,2555,M,1,0.00480752,0.467576,101.315,1.78839,F
1290,1,HappyBirthday,663,7300.49,F,1,0.913553,1.59586,27.8023,761.094,F
1291,1,HappyBirthday,148,16425.3,M,1,0.00243111,3.47204,99.8907,0.83852,F
1291,1,HappyBirthday,407,8395.95,F,0,0,0.0446254,0,0,F
1291,1,HappyBirthday,792,21900.1,M,1,0.000945103,1.59473,0.003203,0.293799,F
1292,1,HappyBirthday,1400,730,M,0,0,0.134576,0,0,F
1293,1,HappyBirthday,1208,2555,F,1,0.0160508,6.86355,47.1794,5.79345,F
1293,1,HappyBirthday,807,6205.31,F,1,0.00123946,0.289771,0.235299,0.385401,F
1293,1,HappyBirthday,924,7300.97,F,1,0.000713551,3.25161,21.3209,0.222822,F
1294,1,HappyBirthday,215,18250.4,M,1,0.0001013,0.693468,12.7723,0.031906,F
1294,1,HappyBirthday,524,6205.05,F,1,0.101166,3.18712,12.9302,33.1792,F
1295,1,HappyBirthday,1355,1095,M,1,2.3372e-05,0.0998915,26857.7,0.0164376,F
1297,1,HappyBirthday,474,22630.6,M,1,0.500125,7.30837,10.4197,219.214,F
1297,1,HappyBirthday,958,11315.4,F,1,0.00135115,3.39402,5.29461,0.428901,F
1299,1,HappyBirthday,1020,4745,F,1,0,6.40042,0.0927434,0,F
1299,1,HappyBirthday,214,17520.4,M,1,0.0686383,5.54929,165.283,23.4596,F
1299,1,HappyBirthday,443,5475.94,M,1,0.0016726,0.0794162,0.00101265,0.520108,F
1299,1,HappyBirthday,473,28470.7,M,1,0.00281328,0.917596,11.3402,0.876047,F
1300,1,HappyBirthday,1174,2920,M,1,0.150279,1.22854,7.34794,50.7759,F
1300,1,HappyBirthday,1402,730,F,1,0.03284,1.09981,346.865,16.6067,F
1300,1,HappyBirthday,512,18615,F,1,0,0.149047,1.53325,0,F
1301,1,HappyBirthday,878,9490.77,F,1,0.000136986,0.773711,8022.29,0.0746254,F
1302,1,HappyBirthday,705,18980.1,M,1,0,9.60473,0.223418,0,F
1303,1,HappyBirthday,1047,4380,M,1,0.00263362,0.195211,422.253,2.13748,F
1303,1,HappyBirthday,270,9490.31,M,1,0.00215302,6.31883,0.000997,0.669652,F
1303,1,HappyBirthday,694,11315.1,F,1,0.0280007,5.90217,1.88417,8.826,F
1303,1,Births,1474,0,M,0,0,0.164159,0,0,F
1304,1,HappyBirthday,1357,1095,M,1,0.0510716,1.93632,54454.3,71.7428,F
1304,1,HappyBirthday,1209,2555,F,1,0.000299953,3.02333,1624.77,0.331546,F
1305,1,HappyBirthday,1403,730,M,1,0.00952389,2.35381,669.885,5.05249,F
1305,1,HappyBirthday,1404,730,F,1,0.127298,0.291432,41490.6,615.377,F
1305,1,HappyBirthday,1082,4015,F,1,0.00106749,0.0590152,0.230236,0.331871,F
1306,1,HappyBirthday,657,35770.2,F,1,0.000230934,2.66745,0.0318044,0.071838,F
1306,1,HappyBirthday,769,5475.24,M,1,0,0.454507,0.0191966,0,F
1307,1,HappyBirthday,656,8760.67,F,1,0.604803,0.247326,8.00149,292.316,F
1308,1,HappyBirthday,1435,365,M,1,0.371452,0.886181,1.61498,144.433,F
1308,1,HappyBirthday,1279,1825,M,1,0.313927,1.93326,534.991,309.872,F
1308,1,HappyBirthday,577,7665.34,F,1,0.162136,1.74105,8.4434,55.0041,F
1308,1,HappyBirthday,1358,1095,M,1,0.000266275,0.544031,115269,2.256,F
1309,1,HappyBirthday,962,12045.5,F,1,0.00443062,0.834869,0.157044,1.37974,F
1309,1,HappyBirthday,1324,1460,M,1,0.00516448,1.42043,1458.5,1.89203,F
1310,1,HappyBirthday,907,11315.6,F,1,0.000751995,1.29624,8.50838,0.237406,F
1312,1,HappyBirthday,140,7665.42,M,1,0.567143,4.8306,51.9286,265.645,F
1312,1,HappyBirthday,1325,1460,F,1,0.382563,0.398272,3602.35,161.452,F
1312,1,HappyBirthday,1111,3650,F,0,0,0.319135,0,0,F
1312,1,HappyBirthday,1023,4745,M,1,0.224109,0.045561,2085.28,81.4205,F
1312,1,HappyBirthday,667,18250.7,M,1,0.000159008,0.701017,0.297682,0.0494012,F
1312,1,HappyBirthday,1022,4745,M,1,0.129196,1.13301,2.11089,42.9956,F
1312,1,HappyBirthday,1244,2190,M,1,0.126476,0.238088,252.306,49.1933,F
1313,1,HappyBirthday,41,5840.96,M,0,0,0.0229582,0,0,F
1313,1,HappyBirthday,1283,1825,M,0,0,0.00466215,0,0,F
1313,1,HappyBirthday,1282,1825,F,1,9.70556e-05,0.192827,1376.37,0.0905402,F
1314,1,HappyBirthday,95,9855.8,M,1,2.56059e-05,0.78837,5.2766,0.0079646,F
1314,1,HappyBirthday,112,8030.38,F,0,0,0.0799141,0,0,F
1314,1,HappyBirthday,360,5110.8,F,0,0,0.0713313,0,0,F
1314,1,HappyBirthday,630,16425.1,F,1,0.15133,0.768364,1.43878,51.025,F
1314,1,HappyBirthday,743,29930,F,1,0.000937762,1.9772,0.0525744,0.291461,F
1314,1,Births,1475,0,M,0,0,0.0121042,0,0,F
1315,1,HappyBirthday,147,10950.8,M,1,0.00315513,0.669773,561.007,2.27347,F
1315,1,HappyBirthday,1049,4380,M,1,0.0698257,0.869842,11.5459,22.567,F
1315,1,HappyBirthday,897,8760.83,M,1,0.000719639,0.249438,1.76437,0.224228,F
1316,1,HappyBirthday,43,21170.9,F,0,0,0.108407,0,0,F
1316,1,HappyBirthday,750,10220.6,F,1,0.0475278,0.592853,0.0008294,15.1317,F
1317,1,HappyBirthday,345,5475.31,F,1,0,0.397051,1676.13,0,F
1318,1,HappyBirthday,367,14235.8,M,1,0.00132761,4.02789,1.88241,0.412732,F
1318,1,HappyBirthday,438,10950,F,1,0.00498609,3.2962,0.0150112,1.5542,F
1318,1,HappyBirthday,462,10220.1,M,0,0,0.0392835,0,0,F
1318,1,HappyBirthday,756,27740.8,M,0,0,0.01368,0,0,F
1318,1,HappyBirthday,918,9125.99,F,1,7.33607e-05,0.0810466,20.1305,0.02361,F
1319,1,HappyBirthday,40,27010.5,M,1,0.0461127,14.184,7.63659,15.078,F
1319,1,HappyBirthday,1436,365,M,1,0.0421641,1.25515,28946,136.025,F
1319,1,HappyBirthday,530,12775,F,1,0.0029456,2.628,48824.4,27.8523,F
1319,1,HappyBirthday,726,7300.24,F,1,0.00892503,2.28388,96.365,4.0613,F
1320,1,HappyBirthday,373,8760.98,F,1,5.59236e-06,2.92587,62.4594,0.0017972,F
1320,1,HappyBirthday,414,9490.68,M,1,0.00116924,0.420507,93.3462,0.372111,F
1320,1,HappyBirthday,719,25185.4,F,1,0.000147876,1.15067,0.129911,0.0460392,F
1321,1,HappyBirthday,168,17520.8,F,1,0,0.458574,90.6799,0,F
1321,1,HappyBirthday,258,6205.25,F,1,0.215271,0.091141,39.5223,78.993,F
1321,1,HappyBirthday,391,15330.8,M,1,0.0756471,0.836336,0.00753,24.4471,F
1322,1,HappyBirthday,1083,4015,M,1,0.00495273,14.1676,0.263879,1.54425,F
1322,1,HappyBirthday,1327,1460,F,1,0.616459,0.431504,3460.83,1378.95,F
1323,1,HappyBirthday,1050,4380,M,1,0.00173093,0.779828,248.926,0.566853,F
1323,1,HappyBirthday,244,13870,M,1,0.349529,0.32769,2250.96,139.018,F
1323,1,HappyBirthday,1051,4380,M,1,0.00382302,1.91442,42832.1,24.441,F
1323,1,HappyBirthday,914,8395.3,F,1,0.00076918,11.4883,36.3498,0.251719,F
1324,1,HappyBirthday,477,7300.56,F,1,0.123947,10.8673,0.0795319,41.126,F
1325,1,HappyBirthday,1246,2190,M,1,0.0599803,0.281548,5288.28,41.8914,F
1325,1,HappyBirthday,1359,1095,M,1,0.745382,0.229751,5.01818,426.673,F
1325,1,HappyBirthday,665,14235.9,F,1,0.000358834,4.79272,15.5968,0.115739,F
1325,1,HappyBirthday,1052,4380,M,1,0.0476123,2.56553,2.12347,15.2138,F
1325,1,HappyBirthday,922,8395.21,M,1,0.166544,0.167663,26.4972,62.8907,F
1326,1,HappyBirthday,2,6935.57,F,1,0.000818414,0.892031,7552.28,2.45404,F
1326,1,HappyBirthday,74,9125.48,M,1,0.00237454,0.108389,378.884,1.13969,F
1327,1,HappyBirthday,139,31025.2,F,1,0.0607455,0.805789,5.91623,19.6732,F
1327,1,Births,1476,0,F,0,0,0.663489,0,0,F
1328,1,HappyBirthday,219,31025,M,1,5.7854e-05,29.1643,2211.32,0.148081,F
1329,1,HappyBirthday,1112,3650,F,1,0.0123106,1.0249,35.1412,4.21176,F
1329,1,HappyBirthday,1176,2920,F,1,0.0745015,2.82353,52800.1,141.229,F
1329,1,HappyBirthday,1247,2190,M,1,0.205986,0.0407157,8.82604,72.2571,F
1329,1,HappyBirthday,937,31755.9,M,1,0.00198464,0.821411,190.443,0.786003,F
1329,1,Births,1477,0,F,0,0,0.0188245,0,0,F
1330,1,HappyBirthday,1361,1095,M,1,0.288061,3.17198,24149.2,410.437,F
1330,1,HappyBirthday,170,10950,M,1,0.00159874,8.33985,44.1797,0.588381,F
1330,1,HappyBirthday,231,8030.03,M,1,0.00158033,0.451467,3698.86,0.585183,F
1330,1,HappyBirthday,1437,365,M,1,0.00480743,0.0316581,172.636,1.92173,F
1330,1,HappyBirthday,1025,4745,F,1,0.00754543,0.664546,882.056,2.41859,F
1330,1,HappyBirthday,746,14235.3,F,1,0.118987,0.122981,0.433185,39.3728,F
1330,1,HappyBirthday,865,8395.85,F,1,0.00172972,0.754859,43.0133,0.569984,F
1330,1,HappyBirthday,1360,1095,M,0,0,0.157786,0,0,F
1332,1,HappyBirthday,1405,730,M,0,0,0.0189285,0,0,F
1333,1,HappyBirthday,798,7300.05,M,1,0.00163634,0.793622,5.19893,0.520213,F
1334,1,HappyBirthday,1406,730,F,1,0.000777346,0.419311,0.0238481,0.241729,F
1334,1,HappyBirthday,977,13505.2,F,1,0.351044,1.56246,23.1003,135.208,F
1335,1,HappyBirthday,1362,1095,M,1,0.0330999,0.451209,32574,115.717,F
1335,1,Births,1478,0,M,0,0,0.37535,0,0,F
1336,1,HappyBirthday,1407,730,M,0,0,0.0284792,0,0,F
1336,1,HappyBirthday,353,10585.6,F,1,0.0158141,0.544909,5.57701,4.98731,F
1336,1,HappyBirthday,1285,1825,F,1,8.04496e-05,1.7045,10280.2,0.0486738,F
1336,1,HappyBirthday,716,10221,M,1,0.210899,0.0854729,61295.6,976.913,F
1336,1,HappyBirthday,797,19710.3,M,0,0,0.112398,0,0,F
1337,1,HappyBirthday,1363,1095,M,1,0.00255308,0.35951,176.512,1.00319,F
1337,1,HappyBirthday,623,9490.76,F,1,0.0141095,1.08006,18.1628,4.46764,F
1337,1,HappyBirthday,790,17520.3,M,1,0.000168311,0.142438,12.7589,0.0548534,F
1338,1,HappyBirthday,167,6570.74,M,1,0.000151784,1.15954,15.3433,0.049225,F
1338,1,HappyBirthday,1142,3285,F,1,0.17736,0.184775,719.94,60.9711,F
1338,1,Births,1479,0,M,0,0,0.0510015,0,0,F
1339,1,HappyBirthday,117,13140.4,M,1,0.000172778,0.327529,548.364,0.10183,F
1339,1,HappyBirthday,220,33215.7,M,1,3.81593e-06,0.535584,81.258,0.0016702,F
1339,1,HappyBirthday,281,6935.18,M,1,0.0176995,0.434204,0.0442455,5.55031,F
1339,1,HappyBirthday,1408,730,M,1,0.153251,3.69116,531.273,88.3294,F
1340,1,HappyBirthday,10,21900.2,M,1,0.00108702,0.892924,0.192966,0.338269,F
1340,1,HappyBirthday,180,9490.75,F,1,0.00203312,20.5771,3653.48,0.741476,F
1341,1,HappyBirthday,87,15695.1,M,1,0.002274,0.699791,5.17584,0.714998,F
1341,1,HappyBirthday,176,17885.9,M,1,0.633845,0.530433,0.429146,312.269,F
1341,1,HappyBirthday,538,11315.5,M,1,0.0607044,4.35506,3.5564,19.7156,F
1341,1,HappyBirthday,567,18980.8,M,0,0,0.0523379,0,0,F
1342,1,HappyBirthday,197,5110.37,F,1,0.00180607,2.81515,56.309,0.564094,F
1342,1,HappyBirthday,1084,4015,M,1,0.000189728,5.27445,63.5132,0.0636589,F
1342,1,HappyBirthday,888,14965.3,F,1,0.0450568,0.817472,32.8766,14.498,F
1342,1,HappyBirthday,925,6935.94,F,1,0,0.0845079,0.0562331,0,F
1343,1,HappyBirthday,234,5475.39,M,1,0.000195493,7.06228,0.297015,0.0609579,F
1343,1,HappyBirthday,886,29565.9,M,1,0.00498683,5.29892,882.5,7.13082,F
1344,1,HappyBirthday,1027,4745,F,1,0.0283096,2.56843,1629.57,27.9191,F
1344,1,HappyBirthday,931,9490.69,M,1,0.00742747,0.404687,1.18e-05,2.31717,F
1345,1,HappyBirthday,236,5475.88,F,1,0,14.3749,0.300994,0,F
1345,1,HappyBirthday,1328,1460,F,1,0.00314318,0.352808,1464.98,5.7029,F
1345,1,HappyBirthday,1177,2920,M,1,0.0155465,0.684857,5766.38,68.0067,F
1345,1,Births,1480,0,F,0,0,0.0116614,0,0,F
1346,1,HappyBirthday,456,8030.39,M,0,0,0.298582,0,0,F
1347,1,HappyBirthday,1211,2555,F,1,0.0515913,3.10903,46.8788,19.8148,F
1347,1,HappyBirthday,189,10585.2,M,1,0.0032261,5.08147,2.63762,1.01245,F
1347,1,HappyBirthday,1053,4380,M,1,0.329424,1.30043,3818.44,136.794,F
1348,1,HappyBirthday,286,14965,F,1,0.000303131,0.464649,156.464,0.157525,F
1349,1,HappyBirthday,442,5110.83,M,0,0,0.0188989,0,0,F
1349,1,HappyBirthday,560,29930.3,F,1,0.0278488,1.15137,4.55556,8.92924,F
1349,1,HappyBirthday,605,16790.7,F,1,0.390426,0.230024,158.031,154.008,F
1349,1,HappyBirthday,1178,2920,M,0,0,0.0164624,0,0,F
1350,1,HappyBirthday,257,14600.2,F,1,0.00357815,0.764428,3013.4,5.57927,F
1350,1,HappyBirthday,745,10585.9,F,1,0.000611579,0.380826,63710.8,3.23624,F
1351,1,HappyBirthday,1054,4380,F,1,1.7032e-05,1.01633,0.0226259,0.00526039,F
1351,1,HappyBirthday,1287,1825,M,1,0.000141786,0.154682,35.2785,0.046204,F
1352,1,HappyBirthday,564,16060.8,M,0,0,0.184239,0,0,F
1352,1,HappyBirthday,904,14965.8,M,1,0.137801,0.664158,39.5335,46.0953,F
1353,1,HappyBirthday,196,31755.7,M,0,0,0.0888534,0,0,F
1353,1,HappyBirthday,570,6205.07,M,1,1.54595e-06,3.33536,711.032,0.0014321,F
1353,1,HappyBirthday,815,13505.2,F,1,0.0493056,0.576092,31.7981,15.8261,F
1353,1,HappyBirthday,934,14235.9,F,1,0.015334,2.19709,124.958,4.83671,F
1354,1,HappyBirthday,100,9855.69,M,1,0.212587,6.14175,59.1838,80.9751,F
1354,1,HappyBirthday,211,26645.1,M,1,0.000374274,1.38707,37.9563,0.121355,F
1354,1,HappyBirthday,999,19345.3,F,1,0.103325,38.4745,18.6724,33.9399,F
1355,1,HappyBirthday,1179,2920,F,1,0,1.02445,584.435,0,F
1355,1,HappyBirthday,116,6205.64,M,1,0.00116676,0.684778,0.0248297,0.362979,F
1355,1,HappyBirthday,1409,730,M,1,0.360343,0.727773,2633.99,270.069,F
1355,1,HappyBirthday,1145,3285,M,1,0.00118945,1.6704,1.19169,0.369844,F
1355,1,HappyBirthday,776,9855.55,M,1,0.000177531,2.81712,148.013,0.0576914,F
1355,1,HappyBirthday,831,26280.7,F,0,0,0.225812,0,0,F
1356,1,HappyBirthday,1085,4015,M,1,0.0118783,0.20866,7.84517,3.74816,F
1356,1,HappyBirthday,1212,2555,M,1,0.109288,1.28085,54.6501,41.603,F
1356,1,HappyBirthday,1114,3650,M,1,0.000502225,0.135369,0.00263441,0.156186,F
1356,1,HappyBirthday,1364,1095,F,1,0.00812643,0.281384,366.356,2.70805,F
1357,1,HappyBirthday,1438,365,F,1,0.94035,0.626779,19.3781,877.978,F
1358,1,HappyBirthday,1288,1825,F,1,0.00156145,0.185381,57.5157,0.533263,F
1358,1,HappyBirthday,1331,1460,M,0,0,0.205199,0,0,F
1358,1,HappyBirthday,451,6570.33,F,1,0.0001957,2.23447,765.333,0.0673079,F
1358,1,HappyBirthday,1147,3285,F,1,0.476692,6.5031,27.714,215.663,F
1358,1,HappyBirthday,1146,3285,F,1,0.180369,8.10956,5.51027,61.9304,F
1359,1,HappyBirthday,1439,365,F,1,0.320604,0.585959,2656.94,126.799,F
1359,1,HappyBirthday,460,12775.1,F,0,0,0.0406761,0,0,F
1359,1,HappyBirthday,967,8760.5,F,1,0.00755535,1.83353,18778.6,4.43544,F
1360,1,HappyBirthday,22,10950.2,F,1,0.00180071,0.285546,0.664781,0.562163,F
1360,1,HappyBirthday,1441,365,F,0,0,0.103674,0,0,F
1360,1,HappyBirthday,1440,365,F,0,0,0.0578127,0,0,F
1360,1,HappyBirthday,395,18615.4,F,1,0.0464824,0.604835,27.9254,15.1414,F
1360,1,HappyBirthday,995,6570.02,M,1,0.0862173,0.290325,4.07324,28.5904,F
1360,1,HappyBirthday,801,7665.14,F,1,0.0792413,1.36747,0.402673,25.6631,F
1361,1,HappyBirthday,1410,730,F,1,0.00138183,5.29757,52316.2,1.71034,F
1361,1,HappyBirthday,558,8030.64,F,1,0.0141576,0.206593,7271.92,20.9832,F
1361,1,HappyBirthday,920,16060.1,M,1,0.184921,0.240083,3851.84,67.0217,F
1362,1,HappyBirthday,299,17155.1,M,1,4.77123e-07,0.890597,4412.46,0.0020534,F
1362,1,Births,1481,0,M,0,0,0.464079,0,0,F
1363,1,HappyBirthday,150,9490.18,F,1,0.0252045,2.23686,1242.29,45.6947,F
1363,1,HappyBirthday,1365,1095,M,1,0.0302628,3.92143,12.4597,9.58315,F
1364,1,HappyBirthday,144,17520.3,M,1,6.95214e-06,1.73787,77.4017,0.0021962,F
1364,1,HappyBirthday,175,6935.41,M,1,0.000600844,2.9483,0.131702,0.186764,F
1364,1,HappyBirthday,1366,1095,F,0,0,0.041985,0,0,F
1364,1,HappyBirthday,966,22265.4,M,1,0.00816997,0.341042,538.589,7.39559,F
1364,1,HappyBirthday,501,7665.37,M,1,0.0675795,1.19726,140.178,26.3833,F
1364,1,HappyBirthday,621,14600.9,F,1,0.000561351,5.68839,25.9636,0.182867,F
1365,1,HappyBirthday,156,14235.5,M,1,0.00432601,3.62393,185.602,1.44996,F
1365,1,HappyBirthday,161,12045.1,M,1,0.000228801,1.76858,0,0.0711406,F
1365,1,HappyBirthday,262,5840.28,M,1,0.103158,10.7578,927.112,39.2761,F
1365,1,HappyBirthday,502,5475.2,F,1,0.000601622,0.0822418,10.6606,0.189842,F
1366,1,HappyBirthday,948,20440.2,F,1,0.000115768,1.91783,7.50362,0.036086,F
1367,1,HappyBirthday,107,15330.2,F,0,0,0.0655782,0,0,F
1368,1,HappyBirthday,1367,1095,M,1,0.00248145,0.63253,64.7491,0.9613,F
1368,1,HappyBirthday,17,7300.46,F,1,1.49353e-05,6.93761,2002.45,0.0103377,F
1368,1,HappyBirthday,1443,365,M,1,0.846859,4.8218,44.7057,680.203,F
1368,1,HappyBirthday,540,7665.98,F,1,0.0105856,0.103025,2.30957,3.30745,F
1368,1,HappyBirthday,1442,365,F,1,0.0887951,0.467828,146.021,35.2008,F
1368,1,HappyBirthday,832,12775.2,F,1,0.0560652,0.538235,503.443,31.7179,F
1369,1,HappyBirthday,263,11315.7,M,0,0,0.373124,0,0,F
1369,1,HappyBirthday,863,18250.6,M,1,0.117929,0.775007,0.0587232,38.9973,F
1371,1,HappyBirthday,255,5110.54,M,1,7.75315e-05,12.2021,33.0919,0.0256645,F
1371,1,HappyBirthday,1248,2190,M,1,0,0.115277,700.321,0,F
1371,1,Births,1482,0,F,0,0,2.13639,0,0,F
1372,1,HappyBirthday,205,9855.3,F,1,0.0217931,15.0255,3084.06,11.9764,F
1372,1,HappyBirthday,261,27740.8,M,1,0.0330675,0.242497,31.2765,11.8529,F
1374,1,HappyBirthday,1411,730,M,1,0.226414,2.96006,35.3809,92.4866,F
1374,1,HappyBirthday,1444,365,F,1,0.00557993,2.58493,122.533,2.03382,F
1374,1,HappyBirthday,1213,2555,M,1,0.0511428,0.179626,173.93,20.8896,F
1374,1,HappyBirthday,1249,2190,F,1,0.00242149,0.211049,100.707,0.891092,F
1375,1,HappyBirthday,1028,4745,F,1,0.000868924,0.385016,2.10093,0.27109,F
1375,1,HappyBirthday,507,10586,F,1,0.820018,0.973698,152.753,637.185,F
1375,1,HappyBirthday,868,14965.1,F,1,0.000935406,0.431668,13.504,0.290747,F
1375,1,HappyBirthday,1446,365,F,1,0.863601,0.933824,106.808,711.834,F
1375,1,Births,1483,0,F,0,0,0.00731641,0,0,F
1376,1,HappyBirthday,1116,3650,M,0,0,0.0932257,0,0,F
1376,1,HappyBirthday,633,7665.63,M,1,0.000657248,0.169555,71.6363,0.227762,F
1376,1,HappyBirthday,645,15330.4,F,1,0.0352912,0.790841,0.137176,11.1681,F
1376,1,HappyBirthday,869,9125.9,M,1,0.00236356,0.293369,0.0429446,0.735445,F
1377,1,HappyBirthday,543,20805.3,M,1,0.00709011,0.649395,0.107658,2.21099,F
1377,1,HappyBirthday,1250,2190,M,1,0.00119401,15.0558,0.165139,0.371368,F
1377,1,HappyBirthday,697,5475.33,M,1,2.63053e-06,1.59805,5.93612e-06,0.000811699,F
1377,1,HappyBirthday,817,16790.9,F,1,0,7.11627,18.136,0,F
1378,1,HappyBirthday,812,5110.5,F,1,0.00057117,1.68503,0.000238102,0.177638,F
1379,1,HappyBirthday,118,7300.68,M,1,0.0101286,0.429536,5535.41,19.6776,F
1379,1,HappyBirthday,1148,3285,F,1,0.00414212,0.26886,9.38843e-05,1.2901,F
1380,1,HappyBirthday,1369,1095,M,1,0.434274,1.27962,17555,813.007,F
1380,1,HappyBirthday,1332,1460,F,1,0.143183,0.603948,7651.01,177.358,F
1381,1,HappyBirthday,991,14235.3,M,1,0.000541262,0.499038,237.51,0.176989,F
1381,1,HappyBirthday,181,30295.8,M,1,0.0010376,0.145586,50.6949,0.350669,F
1381,1,HappyBirthday,240,5475.25,F,1,0.00283019,0.0739751,1.66933,0.880836,F
1382,1,HappyBirthday,537,6570.53,F,1,0.000626063,42.0735,33.3446,0.204481,F
1382,1,HappyBirthday,628,14235.4,F,1,1.89922e-06,3.2555,279.047,0.000849,F
1383,1,HappyBirthday,552,5475.66,M,1,0.0123439,3.52301,0.609874,3.86064,F
1384,1,HappyBirthday,646,6570.51,F,1,0.00404455,0.494508,7.61315,1.25934,F
1384,1,HappyBirthday,882,12045.5,M,1,0.0313377,0.721773,0.612212,9.89522,F
1384,1,HappyBirthday,916,8760.01,M,1,0.0173592,10.2053,6.08807,5.58271,F
1385,1,HappyBirthday,42,5110.49,F,1,0,1.77429,0.0165861,0,F
1385,1,HappyBirthday,1180,2920,M,1,0.892283,1.02014,133.842,1103.24,F
1386,1,HappyBirthday,39,7300.42,M,1,0.000226122,3.51584,0.750075,0.0704942,F
1386,1,HappyBirthday,242,25915.9,M,1,0.0715946,0.437813,39.632,26.485,F
1386,1,HappyBirthday,470,5840.69,F,1,0.0010872,1.48226,4.35986,0.338481,F
1386,1,HappyBirthday,675,20440,F,1,0.0418,2.4508,1291.34,15.1534,F
1387,1,HappyBirthday,1289,1825,F,0,0,0.0587793,0,0,F
1387,1,HappyBirthday,72,5840.98,M,1,0.00107126,0.641036,255.037,0.35444,F
1387,1,HappyBirthday,1214,2555,M,0,0,0.103242,0,0,F
1387,1,HappyBirthday,1290,1825,M,1,0.016188,1.6097,10.9594,5.16415,F
1388,1,HappyBirthday,1447,365,M,0,0,0.0029222,0,0,F
1389,1,HappyBirthday,349,6570.18,F,1,0.0164758,1.53234,206.992,5.8165,F
1389,1,HappyBirthday,505,12775.6,M,1,0.00932615,4.4158,6.10663,2.91853,F
1389,1,HappyBirthday,1089,4015,M,1,0.00659986,1.48023,13.685,2.06292,F
1390,1,HappyBirthday,1057,4380,M,1,0.00434274,0.693069,21.9548,1.48799,F
1390,1,HappyBirthday,536,22995.1,F,1,0.342372,0.736745,196.349,150.64,F
1390,1,HappyBirthday,1181,2920,M,1,2.98267e-07,0.137289,72228.2,0.00214231,F
1391,1,Births,1484,0,M,0,0,1.26371,0,0,F
1392,1,HappyBirthday,31,6935.58,M,1,7.92235e-05,2.04696,40.2175,0.0284041,F
1392,1,HappyBirthday,423,7665.73,M,1,1.39225e-06,0.25375,21.7171,0.0004486,F
1392,1,HappyBirthday,796,10951,F,1,0.000448802,0.100743,27.1304,0.14769,F
1394,1,HappyBirthday,29,19710.9,M,1,0.112295,1.55459,12719.8,151.289,F
1394,1,HappyBirthday,49,6935.23,F,1,0.00350738,0.517615,8.309,1.09219,F
1394,1,HappyBirthday,1291,1825,M,1,0.00225741,2.01364,26908.4,2.49606,F
1394,1,HappyBirthday,1292,1825,F,1,0.0470404,1.7407,40.9114,15.8212,F
1394,1,HappyBirthday,1090,4015,F,1,0.156829,0.127505,155.354,56.1216,F
1394,1,HappyBirthday,700,17155.3,M,1,0.0384938,0.830982,0.0024954,12.1978,F
1395,1,HappyBirthday,307,15330.6,M,1,0.00113944,2.09741,0.0460972,0.354405,F
1395,1,HappyBirthday,593,25915,M,1,0.000267449,1.97233,667.276,0.311183,F
1396,1,HappyBirthday,253,5840.05,M,1,0.000477264,1.71167,0.239761,0.148469,F
1396,1,HappyBirthday,1370,1095,M,0,0,0.00795699,0,0,F
1396,1,HappyBirthday,1333,1460,F,0,0,0.180876,0,0,F
1396,1,HappyBirthday,1029,4745,F,1,0.000546831,11.7104,209.586,0.219878,F
1397,1,HappyBirthday,1252,2190,M,1,0.0022415,0.355028,0.000234673,0.697634,F
1397,1,HappyBirthday,109,18615.4,M,1,0.0754242,0.720297,275.893,46.8037,F
1397,1,HappyBirthday,994,9855.86,F,1,0.00485039,20.056,106.217,1.67342,F
1397,1,HappyBirthday,975,28470.9,M,1,0.00157323,0.650189,0.0006434,0.489218,F
1398,1,HappyBirthday,731,17520.4,F,1,0.00690751,3.0563,0.001865,2.15433,F
1399,1,HappyBirthday,1253,2190,F,1,0.0203986,0.338736,0.318688,6.40772,F
1399,1,HappyBirthday,713,5475.37,F,1,0.075629,13.8258,2.32203,24.4413,F
1399,1,HappyBirthday,940,10585.6,M,1,6.35296e-07,0.316611,4847.96,0.001453,F
1400,1,HappyBirthday,376,18250.8,F,1,0.001373,18.8166,0.541086,0.427213,F
1400,1,HappyBirthday,1183,2920,F,1,0.000767426,0.375455,10713.1,0.336897,F
1401,1,HappyBirthday,1184,2920,F,1,0.019252,1.07785,1091.2,15.2726,F
1401,1,HappyBirthday,1118,3650,M,1,0.106306,0.448664,13.1176,36.1993,F
1401,1,HappyBirthday,1412,730,M,1,0.000303777,0.249232,17170.2,3.23991,F
1402,1,HappyBirthday,35,11680.9,M,1,0.000746455,3.40318,0.0940998,0.232162,F
1402,1,HappyBirthday,282,8760.13,M,1,0.372652,0.733655,23.0217,161.535,F
1402,1,HappyBirthday,433,19710.2,M,1,0.000198002,0.187611,1020.51,0.282085,F
1402,1,HappyBirthday,598,14600.6,M,1,0.00983489,0.262616,2209.67,3.27071,F
1402,1,HappyBirthday,714,6570.11,F,1,0.00135439,6.598,23.3154,0.445578,F
1402,1,HappyBirthday,1216,2555,M,1,0.00218525,0.50795,40.3851,0.718439,F
1402,1,HappyBirthday,1185,2920,F,1,0.00605741,0.896034,4.86677,1.92756,F
1403,1,HappyBirthday,1448,365,M,0,0,0.0194036,0,0,F
1403,1,HappyBirthday,397,27740.2,F,1,0,0.18643,0.244393,0,F
1403,1,HappyBirthday,411,8760.14,F,1,0.0202386,0.353714,184.913,10.6939,F
1403,1,Births,1485,0,M,0,0,0.0597173,0,0,F
1404,1,HappyBirthday,124,36135.9,F,1,0.017622,1.53978,135.99,6.35395,F
1404,1,HappyBirthday,1119,3650,M,0,0,0.126155,0,0,F
1404,1,HappyBirthday,1150,3285,M,1,0.00580122,0.656974,22.4416,1.81037,F
1404,1,HappyBirthday,1413,730,F,1,0.239794,0.115103,1466.34,506.272,F
1404,1,HappyBirthday,802,7665.78,M,1,0.0183391,7.1896,13561,13.071,F
1405,1,HappyBirthday,1414,730,F,1,0.222905,2.36182,45579.7,335.494,F
1405,1,HappyBirthday,554,5110.65,M,1,0.00136075,0.67602,102.308,0.597595,F
1406,1,HappyBirthday,13,6205.37,M,1,0.457871,0.404092,11.8902,193.749,F
1406,1,HappyBirthday,1120,3650,F,1,0.00369141,1.88879,2.05132,1.15158,F
1406,1,HappyBirthday,965,5475.78,F,1,0.000630019,1.59136,156.393,0.320127,F
1406,1,HappyBirthday,1294,1825,F,1,0.000709853,1.19005,12.949,0.233897,F
1406,1,HappyBirthday,960,30295.6,F,1,0.00781312,1.20503,2.95659,2.46242,F
1407,1,HappyBirthday,309,19710.6,F,1,7.63159e-05,0.946755,4e-06,0.0236932,F
1407,1,HappyBirthday,344,10585.5,M,1,0.0149378,2.42002,10.5291,4.74875,F
1407,1,HappyBirthday,1371,1095,F,0,0,0.0286983,0,0,F
1408,1,HappyBirthday,293,6935.33,M,1,0.0913475,0.460993,628.46,36.7844,F
1408,1,HappyBirthday,339,18250.8,M,1,0.0198015,1.65092,178.747,7.93981,F
1408,1,HappyBirthday,483,20805.1,F,1,0.653498,0.316691,19.3623,329.439,F
1408,1,HappyBirthday,842,5475.81,M,0,0,0.019428,0,0,F
1409,1,HappyBirthday,375,21170,F,1,0,0.113317,3.92907,0,F
1410,1,HappyBirthday,1295,1825,M,0,0,0.0957354,0,0,F
1411,1,HappyBirthday,383,20440.3,M,1,0.000322816,1.53386,41.5436,0.106043,F
1411,1,HappyBirthday,846,12410.9,M,1,0.00109551,0.171867,0.0126842,0.340577,F
1412,1,HappyBirthday,184,15330.3,M,1,0.0033914,0.986672,196.978,1.33164,F
1412,1,HappyBirthday,379,11680.9,F,1,0.023091,2.77036,0.0392352,7.26088,F
1412,1,HappyBirthday,582,9490.73,M,1,0.100979,0.858031,2131.89,113.672,F
1412,1,HappyBirthday,736,5110.93,M,1,0.0121929,2.16069,3005.59,18.0643,F
1412,1,HappyBirthday,1334,1460,M,1,0.884205,0.392399,95.568,754.277,F
1413,1,HappyBirthday,406,19710.9,F,1,0.596851,1.98699,88.6443,316.323,F
1413,1,HappyBirthday,852,18615.8,F,1,0.0149627,0.18191,325.668,4.68593,F
1414,1,HappyBirthday,202,5110.37,F,1,0.000335201,3.69853,938.133,0.114601,F
1414,1,HappyBirthday,384,27375.3,F,1,0.0140443,0.20693,2716.17,5.02912,F
1415,1,HappyBirthday,50,16060.3,F,1,0.13349,0.136813,71.7234,45.7108,F
1415,1,HappyBirthday,1058,4380,F,1,0.0255464,0.0503821,47.1972,9.95472,F
1416,1,HappyBirthday,1449,365,F,0,0,0.0104673,0,0,F
1416,1,HappyBirthday,315,10950.6,F,1,0.00139803,0.612695,0.0002462,0.435006,F
1416,1,HappyBirthday,1450,365,M,1,0.00589549,1.32828,161322,55.1732,F
1416,1,HappyBirthday,1335,1460,M,1,0.000371796,4.42301,24467.6,1.21111,F
1416,1,Births,1486,0,F,0,0,0.0034599,0,0,F
1417,1,HappyBirthday,1296,1825,F,1,0.00293967,0.139107,174305,28.0515,F
1417,1,HappyBirthday,85,6935.77,F,1,0.00134006,14.2614,37.1294,0.443274,F
1417,1,HappyBirthday,1254,2190,M,1,0.0468752,0.20461,49949,83.4087,F
1417,1,HappyBirthday,542,25550.8,M,1,0.0889427,0.330329,2846.75,170.983,F
1417,1,HappyBirthday,893,14965,M,1,0.000384682,0.117516,6e-07,0.119515,F
1418,1,HappyBirthday,476,13505.1,M,1,0.0197146,0.308451,1159.85,7.13889,F
1418,1,HappyBirthday,521,27375.3,F,1,0.00963454,0.266611,1.37626,3.0278,F
1419,1,HappyBirthday,1297,1825,M,1,0.00189612,0.471699,8.02347,0.613748,F
1420,1,HappyBirthday,679,5840.81,F,1,0.0225038,3.36217,0.0878579,7.07353,F
1420,1,HappyBirthday,722,7300.76,F,1,0.0046461,0.511248,0.0748406,1.44733,F
1420,1,HappyBirthday,900,9490.18,M,1,7.06927e-05,17.542,416.779,0.0230208,F
1421,1,HappyBirthday,1298,1825,M,1,0.267609,7.45523,15460.6,242.055,F
1421,1,HappyBirthday,1121,3650,F,1,0.127353,2.48599,0.154131,42.3461,F
1421,1,HappyBirthday,516,11315.3,M,1,5.90206e-06,1.36417,0.0127196,0.0018374,F
1421,1,HappyBirthday,626,6935.89,F,1,0.00216949,1.79719,0.0124701,0.675102,F
1423,1,HappyBirthday,108,9855.38,M,1,0.0227066,1.85164,3106.54,10.9343,F
1423,1,HappyBirthday,1217,2555,M,0,0,0.127351,0,0,F
1424,1,HappyBirthday,114,35405.3,M,1,0.00362458,0.240526,27.1618,1.12979,F
1424,1,HappyBirthday,162,8395.43,M,1,0.00192321,1.1105,64.1164,0.672584,F
1424,1,HappyBirthday,448,13505.4,M,1,0.000313344,0.136758,0.0206722,0.0974402,F
1425,1,HappyBirthday,279,13870.2,M,1,0.0121613,0.592824,0.0080004,3.80195,F
1425,1,HappyBirthday,1336,1460,M,1,0.00343665,2.1651,7.00511,1.08113,F
1425,1,HappyBirthday,297,14600.9,F,1,0.00755512,19.8717,0.708511,2.36257,F
1425,1,HappyBirthday,380,20440.2,F,1,3.47832e-07,0.758413,72806.4,0.003709,F
1425,1,HappyBirthday,987,16790,M,1,0.00104465,1.14926,0.361896,0.3247,F
1425,1,HappyBirthday,1218,2555,M,0,0,0.0406992,0,0,F
1425,1,HappyBirthday,753,7665.35,F,1,2.12529e-06,1.9695,5581.42,0.0066084,F
1426,1,HappyBirthday,1415,730,F,1,0.859003,1.09375,5.40499,620.273,F
1426,1,HappyBirthday,659,5110.56,M,1,0.000911871,0.329803,18.6629,0.307424,F
1427,1,HappyBirthday,1451,365,F,1,0.00239986,0.0689273,62.6003,0.966081,F
1427,1,HappyBirthday,514,10950.8,M,1,0.0686392,0.183541,0.028726,22.1027,F
1427,1,HappyBirthday,781,5840.44,F,1,0.000279294,0.325097,13.2527,0.090895,F
1428,1,HappyBirthday,1186,2920,M,1,0.13033,0.989257,2168.21,44.8194,F
1428,1,HappyBirthday,238,17155.1,F,0,0,0.0655318,0,0,F
1428,1,HappyBirthday,890,11315.6,M,1,0.00235702,46.9762,7802.68,3.41928,F
1429,1,HappyBirthday,23,16790.8,M,0,0,0.355557,0,0,F
1429,1,HappyBirthday,1219,2555,M,1,0.130299,7.58623,96.9315,44.6043,F
1429,1,HappyBirthday,1059,4380,M,1,0.0021058,0.229111,4.82119,0.660833,F
1429,1,HappyBirthday,695,30660.2,F,1,0.062156,0.260972,0.0062136,19.944,F
1429,1,HappyBirthday,1452,365,M,1,0.00108532,0.204647,27498.7,1.5509,F
1430,1,HappyBirthday,401,18980.1,F,1,0.000648948,3.83051,565.03,0.369814,F
1431,1,HappyBirthday,203,27375.4,F,1,0.0652175,2.57304,198.73,22.281,F
1431,1,HappyBirthday,492,21900.2,M,0,0,0.28457,0,0,F
1431,1,HappyBirthday,1338,1460,M,1,0.000948862,1.18738,60.3263,0.374616,F
1431,1,HappyBirthday,779,25185.7,M,1,0.0880252,3.53906,1273.43,32.4645,F
1432,1,HappyBirthday,996,27375,M,1,0.0621665,0.707707,215.996,20.3857,F
1433,1,HappyBirthday,1416,730,M,1,0.0921914,2.92652,98.8021,34.5692,F
1433,1,HappyBirthday,508,16790,M,0,0,0.1121,0,0,F
1433,1,HappyBirthday,515,10585.8,M,1,5.86508e-05,2.03786,0.0001028,0.0182088,F
1435,1,HappyBirthday,1339,1460,F,1,0.801747,1.48745,22.6225,517.264,F
1435,1,HappyBirthday,1417,730,F,0,0,0.030187,0,0,F
1435,1,HappyBirthday,1255,2190,F,1,0.00510694,8.2142,70.4332,2.08278,F
1435,1,HappyBirthday,1453,365,F,1,0.0014045,0.209584,30714.6,1.71812,F
1435,1,HappyBirthday,913,5840.87,M,1,0.00220515,0.044143,7.82942e-05,0.686128,F
1435,1,Births,1487,0,M,0,0,0.0589053,0,0,F
1437,1,HappyBirthday,1299,1825,M,1,0.0339781,5.208,1.17694,10.7964,F
1438,1,HappyBirthday,1151,3285,F,1,0.0293958,11.204,83.9538,11.2229,F
1439,1,HappyBirthday,27,15695.4,F,1,0.00998952,0.431579,1.89733,3.12112,F
1439,1,HappyBirthday,680,36135.1,F,1,0.0491974,6.78896,487.801,26.1729,F
1440,1,Births,1488,0,M,0,0,0.0116493,0,0,F
1441,1,HappyBirthday,295,16060.2,F,1,0.000507723,0.234121,0.0002692,0.157678,F
1441,1,HappyBirthday,1256,2190,F,1,0.185179,1.273,4505.01,156.58,F
1442,1,HappyBirthday,1188,2920,F,1,0.37068,3.26935,1221.4,146.527,F
1442,1,HappyBirthday,748,14235.7,F,1,0.000487499,0.215157,0,0.151557,F
1443,1,HappyBirthday,1189,2920,F,1,0.0237366,1.02238,256.485,15.5326,F
1444,1,HappyBirthday,1220,2555,M,1,0.00844285,2.402,284.943,3.28984,F
1444,1,HappyBirthday,398,8030.77,M,1,1.91418e-05,0.480306,0.0380512,0.0059628,F
1444,1,HappyBirthday,1091,4015,F,1,0.125628,2.06495,7605.29,48.1462,F
1445,1,HappyBirthday,174,14600.5,M,1,0.000537242,1.17721,139.869,0.202592,F
1445,1,HappyBirthday,1418,730,F,1,0.00958445,0.374171,0.183796,2.99426,F
1445,1,HappyBirthday,651,12045.4,F,1,0.00490224,3.24119,0.0607864,1.52717,F
1446,1,HappyBirthday,1221,2555,M,1,0.223619,0.252693,565.424,93.1389,F
1446,1,HappyBirthday,80,5840.48,F,1,0.00600304,1.25328,9932.34,2.34176,F
1446,1,HappyBirthday,1123,3650,F,1,0.000443322,2.65868,4681.18,0.897419,F
1447,1,HappyBirthday,1300,1825,F,1,0.0112234,0.112744,106.653,4.14066,F
1447,1,HappyBirthday,823,13505.7,F,1,0.000812452,1.52571,6.42651,0.252566,F
1447,1,Births,1489,0,M,0,0,0.0247643,0,0,F
1448,1,HappyBirthday,1124,3650,F,0,0,0.193788,0,0,F
1448,1,HappyBirthday,378,29200.8,F,1,0.0217571,1.21726,1175.24,6.97982,F
1448,1,HappyBirthday,422,5475.63,F,1,0.00265156,1.08482,0.289692,0.826115,F
1448,1,HappyBirthday,959,6570.38,M,1,0.0391356,0.83414,2864.24,24.6562,F
1448,1,HappyBirthday,671,13870.2,M,1,0.00657986,0.171539,6.90735,2.07597,F
1448,1,HappyBirthday,911,24820.4,F,1,0.000202653,1.10819,0.0014306,0.062966,F
1448,1,HappyBirthday,1454,365,F,1,0.00796711,0.0389308,71.0796,3.35803,F
1449,1,HappyBirthday,1302,1825,F,1,0.11061,0.504171,111129,751.385,F
1449,1,HappyBirthday,500,7665.71,F,1,0.00116106,1.74869,0.175623,0.361282,F
1449,1,HappyBirthday,1153,3285,F,1,0.0462675,15.178,34113.2,60.8258,F
1449,1,HappyBirthday,557,6935.79,F,1,0.0138311,2.06138,2211.9,4.80175,F
1449,1,HappyBirthday,561,5840,F,1,0.00286298,1.42918,152.19,1.44396,F
1449,1,HappyBirthday,664,31025.6,F,1,0.196172,0.728503,36.8651,68.4033,F
1450,1,HappyBirthday,1062,4380,M,1,0.00162236,3.94851,0.0217086,0.504542,F
1450,1,HappyBirthday,1303,1825,F,0,0,0.00616988,0,0,F
1450,1,HappyBirthday,1455,365,F,1,0.28911,0.101192,9442.97,1460.44,F
1451,1,HappyBirthday,348,16425.3,F,1,0.000218416,4.55051,11040.3,1.06617,F
1452,1,HappyBirthday,1373,1095,M,0,0,0.00417395,0,0,F
1452,1,HappyBirthday,1304,1825,M,1,0.00521211,0.386737,151.247,1.9151,F
1452,1,HappyBirthday,891,11680.7,F,1,0.00376434,0.401631,0.0257494,1.17201,F
1452,1,Births,1490,0,M,0,0,0.512887,0,0,F
1453,1,HappyBirthday,7,12775,F,1,9.75721e-05,2.66201,0,0.0303134,F
1453,1,HappyBirthday,1092,4015,F,1,1.23408e-06,4.84782,32419.3,0.00404252,F
1454,1,HappyBirthday,1125,3650,F,1,0.322918,0.0970233,2.10249,121.739,F
1454,1,HappyBirthday,816,9855.6,F,1,0.103533,0.955328,24.1703,36.8988,F
1456,1,HappyBirthday,484,27010.4,F,1,0.0339663,0.0293995,160.211,11.6724,F
1456,1,Births,1491,0,F,0,0,0.00125163,0,0,F
1457,1,HappyBirthday,618,15330.5,F,1,0.000277651,19.3833,0.0007436,0.0863854,F
1458,1,HappyBirthday,32,7300.5,M,0,0,0.435979,0,0,F
1458,1,HappyBirthday,1093,4015,M,1,0.00245519,0.866991,0.128672,0.764026,F
1458,1,HappyBirthday,1126,3650,M,0,0,1.04383,0,0,F
1458,1,HappyBirthday,629,7665.32,F,1,0.0643787,0.332381,138.368,20.6943,F
1460,1,HappyBirthday,985,12045,M,1,0.0155689,3.99208,4.17686,4.90772,F
1460,1,HappyBirthday,1305,1825,F,1,0.0998437,0.0461988,2.35603,33.0814,F
1460,1,HappyBirthday,325,16790.3,M,1,0.000290143,1.75079,1.53877,0.0907554,F
1460,1,HappyBirthday,535,11680.9,F,1,0.00130203,0.124379,1.48899,0.406641,F
1460,1,HappyBirthday,1342,1460,M,0,0,0.0418209,0,0,F
1461,1,HappyBirthday,499,9490.35,M,1,0.0418037,9.46311,8.84501,13.3227,F
1461,1,HappyBirthday,1223,2555,M,1,0.000182854,21.3884,12521,0.194943,F
1462,1,HappyBirthday,51,6205.45,F,1,0.1119,2.55725,0.0154414,36.8823,F
1462,1,HappyBirthday,453,15330.9,M,1,0.360301,10.6249,707.362,148.657,F
1462,1,HappyBirthday,1224,2555,F,1,0.12975,0.750467,2.14481,43.1926,F
1462,1,HappyBirthday,898,9855.72,M,1,0.0768067,1.25626,175.955,25.0531,F
1464,1,HappyBirthday,1257,2190,F,1,0.00201452,0.438703,11253.5,0.634219,F
1465,1,HappyBirthday,585,24090.6,M,1,0.0389144,0.568035,10.2172,12.3379,F
1465,1,HappyBirthday,1127,3650,M,1,0.00172461,0.613171,0.411339,0.53731,F
1466,1,HappyBirthday,565,14235.8,M,1,3.77915e-05,1.22367,19.6172,0.0128388,F
1466,1,HappyBirthday,613,6205.49,M,1,0.0299214,34.5026,0.126841,9.44226,F
1466,1,HappyBirthday,876,24820.2,F,1,0,0.276044,0.121638,0,F
1467,1,HappyBirthday,1128,3650,F,1,0.000121813,2.61827,0.789651,0.0378099,F
1467,1,HappyBirthday,1456,365,M,1,0.226535,0.210003,44151.1,651.039,F
1467,1,HappyBirthday,371,11680.2,M,0,0,0.0443397,0,0,F
1467,1,HappyBirthday,1094,4015,F,1,0.865743,0.271629,65.3199,665.662,F
1467,1,HappyBirthday,858,24090.3,F,0,0,0.0965944,0,0,F
1467,1,HappyBirthday,880,5840.62,F,1,2.27228e-05,1.42042,68988.4,0.0451767,F
1467,1,HappyBirthday,908,14965.5,M,1,0.0070492,2.37907,0.468396,2.19851,F
1468,1,HappyBirthday,178,11315,M,1,0.000243143,1.0708,517.321,0.084651,F
1468,1,HappyBirthday,1306,1825,F,0,0,0.110941,0,0,F
1469,1,HappyBirthday,182,8030.67,F,1,0.00024716,0.807081,70534.2,1.18219,F
1469,1,HappyBirthday,1225,2555,F,1,0.000403287,1.71535,36.9731,0.144502,F
1469,1,HappyBirthday,546,8760.69,F,1,0.00340306,5.0443,20.5845,1.14822,F
1469,1,HappyBirthday,1419,730,F,1,0.00691128,0.80601,9.29056,2.15646,F
1470,1,HappyBirthday,1095,4015,M,1,0.0675355,0.467785,19.8798,22.9089,F
1471,1,HappyBirthday,24,6205.69,M,1,0.142035,0.362369,1.18162,47.6317,F
1471,1,HappyBirthday,38,12410.1,F,0,0,0.210567,0,0,F
1471,1,HappyBirthday,377,12045.6,M,1,0.00975591,3.20113,373.536,3.65674,F
1471,1,HappyBirthday,1457,365,F,1,0.0564524,0.162291,63.2658,19.5771,F
1472,1,HappyBirthday,56,8030.57,F,1,0.000781731,0.544212,0.025142,0.242833,F
1472,1,HappyBirthday,1226,2555,M,1,0.317528,18.7691,5199.35,401.568,F
1472,1,HappyBirthday,434,24090.6,F,1,0.0794992,4.40668,0.147258,25.7462,F
1472,1,HappyBirthday,596,13505.6,F,1,0.321541,0.149872,61.4194,127.156,F
1473,1,HappyBirthday,287,5840.24,F,1,0.000135773,1.13978,0.170911,0.0421385,F
1474,1,HappyBirthday,449,6570.63,F,0,0,0.989711,0,0,F
1474,1,HappyBirthday,581,16425.6,M,1,0.000268227,0.391914,10.9666,0.087958,F
1476,1,HappyBirthday,1227,2555,M,1,0.024853,1.47967,0.598268,7.82299,F
1476,1,HappyBirthday,1420,730,F,1,4.31341e-06,0.333893,0.5015,0.00133139,F
1476,1,HappyBirthday,928,5840.58,M,1,0.0116199,0.94428,123.504,3.67787,F
1477,1,HappyBirthday,806,30660.9,M,1,0.0609471,3.57311,2.81974,19.5527,F
1477,1,HappyBirthday,1002,5110,M,1,0.00889091,1.59554,296.987,4.02966,F
1478,1,HappyBirthday,639,13140.3,F,1,0.0154575,2.15154,118.244,5.20623,F
1478,1,HappyBirthday,666,21900.6,F,1,0.0490432,0.845877,306.123,35.7947,F
1478,1,HappyBirthday,825,10220.2,F,0,0,0.201336,0,0,F
1479,1,HappyBirthday,1307,1825,M,1,0.00220274,4.60383,8.56116,0.71443,F
1479,1,HappyBirthday,616,18615.2,M,1,7.13572e-05,2.62631,12870.7,0.642505,F
1479,1,HappyBirthday,1155,3285,M,1,0.603929,0.0206754,543.483,296.194,F
1479,1,Births,1492,0,M,0,0,0.335072,0,0,F
1481,1,HappyBirthday,68,11315.9,M,1,0.035416,4.08185,10946.4,17.5,F
1481,1,HappyBirthday,127,10220.6,F,1,0.0962379,1.40562,148.428,31.4581,F
1482,1,HappyBirthday,509,10586,M,1,0.00164313,1.68677,37.9965,0.540496,F
1482,1,HappyBirthday,710,5840.96,M,1,0.0047667,0.364937,1250.52,1.52917,F
1483,1,HappyBirthday,573,16790.1,M,1,0.0106081,1.09043,14318.8,5.52794,F
1484,1,HappyBirthday,55,13505.2,M,1,0.000591403,4.28632,0.201284,0.183926,F
1484,1,HappyBirthday,158,9855.27,F,1,0.150182,10.6994,0.768761,50.6011,F
1484,1,HappyBirthday,454,9125.67,M,1,0.0412793,1.06401,140.362,15.9106,F
1484,1,Births,1493,0,M,0,0,0.255964,0,0,F
1485,1,HappyBirthday,1064,4380,M,1,0.0639365,4.49761,21.842,22.1556,F
1485,1,HappyBirthday,426,16425.5,F,1,0.208792,1.58321,66.3383,74.5843,F
1485,1,HappyBirthday,642,10950.3,M,1,0.0705114,5.48547,36.9202,22.9601,F
1485,1,HappyBirthday,883,21900.3,F,1,0.00941886,0.419093,0.117817,2.94201,F
1486,1,HappyBirthday,1374,1095,F,1,0,0.14881,0,0,F
1486,1,HappyBirthday,1458,365,F,1,0.00114893,0.45854,2.07073e-05,0.357006,F
1486,1,HappyBirthday,1375,1095,F,0,0,0.0207951,0,0,F
1486,1,HappyBirthday,548,13140.6,F,1,0.000138891,1.10175,6.6171,0.0436908,F
1487,1,HappyBirthday,1065,4380,M,1,0.290433,0.0912984,332.909,119.859,F
1487,1,HappyBirthday,1376,1095,F,1,0.00167265,0.687799,12.0555,0.552055,F
1487,1,HappyBirthday,1193,2920,M,1,9.13735e-05,0.259523,2324.66,0.0386756,F
1487,1,HappyBirthday,950,6570.25,M,1,0.0448582,0.118051,3490.12,35.1332,F
1488,1,HappyBirthday,164,9490.18,F,1,0.00989932,0.126385,2.63185,3.10367,F
1488,1,HappyBirthday,1343,1460,M,1,1.19863e-05,0.0235667,13.9064,0.00382597,F
1489,1,HappyBirthday,486,15695,F,1,0.00366499,0.777209,0.379775,1.14117,F
1489,1,HappyBirthday,778,11315.4,M,0,0,0.990994,0,0,F
1490,1,HappyBirthday,1000,11315.5,M,1,9.94533e-05,0.174855,0.360058,0.0309558,F
1490,1,HappyBirthday,1422,730,F,1,0.00311178,0.306453,124.637,1.16168,F
1490,1,HappyBirthday,673,6205.29,F,1,2.20522e-06,1.55994,0.0118967,0.000682381,F
1491,1,HappyBirthday,495,21900.9,M,1,1.11405e-06,1.0424,4.89765,0.000348,F
1491,1,HappyBirthday,717,20440.1,M,1,0.00428641,0.880739,12.9489,1.42235,F
1492,1,HappyBirthday,1194,2920,M,0,0,0.276447,0,0,F
1493,1,HappyBirthday,1377,1095,M,1,0,0.229029,8954.76,0,F
1493,1,Births,1494,0,F,0,0,0.0977904,0,0,F
1494,1,HappyBirthday,569,19345.3,M,1,7.35118e-05,1.91413,9.6e-06,0.0228652,F
1494,1,HappyBirthday,703,6570.11,M,1,0.000677953,9.61602,0.050272,0.210729,F
1495,1,HappyBirthday,134,19710.8,M,1,0.207852,0.363436,10820.5,132.473,F
1495,1,HappyBirthday,1031,4745,F,1,0.003974,1.66872,823.777,2.76418,F
1496,1,HappyBirthday,1156,3285,F,1,0.00688681,1.5873,12.2799,2.28085,F
1496,1,HappyBirthday,1258,2190,F,1,0.30527,1.38983,17137.6,1682.91,F
1497,1,HappyBirthday,1308,1825,F,1,0.000492905,0.10548,10.0517,0.155901,F
1497,1,HappyBirthday,105,9490.89,F,1,0.0212533,4.2097,133.443,6.75547,F
1497,1,HappyBirthday,335,6935.22,M,0,0,0.305297,0,0,F
1498,1,HappyBirthday,1228,2555,F,1,0.00122238,0.0662884,0.289048,0.380155,F
1498,1,HappyBirthday,374,15330.6,F,1,0.0693385,0.281854,2868.95,22.3683,F
1498,1,HappyBirthday,1067,4380,M,1,0.0669995,7.32621,810.763,45.1079,F
1498,1,HappyBirthday,751,10220.6,F,1,6.92183e-06,6.02291,117.427,0.0034238,F
1498,1,Births,1495,0,M,0,0,0.0584896,0,0,F
1499,1,HappyBirthday,226,11680.2,F,1,7.64727e-05,0.14801,1e-06,0.0237166,F
1499,1,HappyBirthday,670,19710.4,M,1,0.182739,2.34045,80.0408,62.7141,F
1500,1,HappyBirthday,1344,1460,F,1,0.00376179,1.66953,0.868875,1.17577,F
1500,1,HappyBirthday,1459,365,F,1,0.0511372,0.150288,5839.45,36.7983,F
1501,1,HappyBirthday,252,10220.4,M,1,0.0121822,0.69802,1419.1,11.4975,F
1501,1,HappyBirthday,350,31025.8,F,1,0.00754881,0.802386,24.0367,2.38224,F
1501,1,HappyBirthday,1131,3650,F,1,0.00640219,0.0633532,4.21976,2.00621,F
1501,1,Births,1496,0,F,0,0,0.153335,0,0,F
1502,1,HappyBirthday,1195,2920,F,1,0.132078,0.675842,129.621,44.0259,F
1502,1,HappyBirthday,84,25550.6,F,1,0.00151149,0.557929,3.36e-05,0.469864,F
1502,1,Births,1497,0,M,0,0,0.0181575,0,0,F
1504,1,HappyBirthday,1032,4745,M,1,0.00104081,2.31591,0.000363277,0.323505,F
1505,1,Births,1498,0,F,0,0,0.0599271,0,0,F
1506,1,HappyBirthday,1378,1095,M,1,0.819144,0.999826,12.7101,560.51,F
1507,1,HappyBirthday,1229,2555,M,1,1.61048e-05,2.70699,94.9477,0.00512923,F
1508,1,HappyBirthday,224,7665.83,F,1,0.56803,0.445467,124.646,303.893,F
1509,1,HappyBirthday,98,15330.6,M,1,0.00333145,0.412946,21.2556,1.07526,F
1509,1,HappyBirthday,1033,4745,M,1,0.00143944,0.446612,51.0077,0.480787,F
1509,1,HappyBirthday,1379,1095,F,1,0.0394857,0.0977756,2470.14,46.4197,F
1509,1,HappyBirthday,822,11315.7,F,1,0.000557858,3.5761,978.088,0.426412,F
1510,1,HappyBirthday,1004,5110,F,0,0,0.0478976,0,0,F
1510,1,HappyBirthday,942,12410.4,F,1,0.000824698,0.72685,14.8489,0.270556,F
1511,1,HappyBirthday,357,20440.7,F,0,0,0.186437,0,0,F
1511,1,HappyBirthday,724,21170.6,M,1,7.8766e-06,3.18799,30637.8,0.0549048,F
1511,1,HappyBirthday,1096,4015,M,1,0.00412688,0.594075,0.000193317,1.2853,F
1512,1,HappyBirthday,63,24820.8,M,0,0,0.075766,0,0,F
1512,1,HappyBirthday,1196,2920,M,1,0.0791623,2.85605,6999.19,30.3106,F
1512,1,HappyBirthday,318,12410.6,M,1,0.00161013,1.5842,5.46e-05,0.500685,F
1512,1,HappyBirthday,1423,730,M,1,0.00161141,0.483994,17.1737,0.516099,F
1513,1,HappyBirthday,1157,3285,F,1,0.439963,0.626829,58.8193,196.546,F
1513,1,HappyBirthday,808,5475.44,M,1,4.15652e-05,1.52182,1.82548,0.0130308,F
1514,1,HappyBirthday,1460,365,M,0,0,0.0453636,0,0,F
1514,1,HappyBirthday,417,17520.6,M,1,0.0018389,3.27184,24940.5,10.9761,F
1515,1,HappyBirthday,857,12410.8,F,0,0,0.138449,0,0,F
1516,1,HappyBirthday,1006,5110,M,1,0.099143,0.680787,10.8424,32.9801,F
1516,1,HappyBirthday,450,12410.1,F,1,0.0941307,1.06965,0.0550264,30.7237,F
1516,1,HappyBirthday,681,10950.2,F,1,0.0674483,0.879999,5.71174,21.7041,F
1518,1,HappyBirthday,1380,1095,M,0,0,0.0351792,0,0,F
1519,1,HappyBirthday,604,13870.2,M,1,0.0117681,3.08119,31.3447,3.87467,F
1519,1,HappyBirthday,980,24820.6,M,1,0,0.0390586,2157.14,0,F
1520,1,HappyBirthday,368,9125.08,F,1,0.00850846,0.601862,1827.26,3.86865,F
1522,1,HappyBirthday,1260,2190,F,1,0.000602884,0.83203,2719.13,2.07177,F
1522,1,HappyBirthday,436,16790.7,M,0,0,0.150806,0,0,F
1522,1,HappyBirthday,989,19345.7,F,1,0.000506852,1.79246,232.889,0.194641,F
1522,1,HappyBirthday,729,5840.49,M,1,0.0614822,1.69897,9.3758,20.038,F
1523,1,HappyBirthday,209,5840.62,M,1,0.119494,0.235331,0.579053,39.5502,F
1524,1,HappyBirthday,230,30660,M,1,0.000692526,0.939963,6.96e-05,0.215298,F
1524,1,HappyBirthday,1461,365,F,0,0,0.0284308,0,0,F
1524,1,HappyBirthday,655,12775.7,M,1,0.00142629,0.461122,0.0089868,0.443476,F
1524,1,HappyBirthday,1098,4015,F,1,0.00231672,0.0525258,11.9154,0.722428,F
1524,1,HappyBirthday,772,9490.07,M,1,0.00240857,1.82012,4972.44,0.917811,F
1525,1,HappyBirthday,25,10585.9,F,1,1.79217e-06,2.20949,4.42491,0.000565,F
1525,1,HappyBirthday,513,21535,F,0,0,0.188136,0,0,F
1525,1,HappyBirthday,874,14235.9,M,0,0,0.0123099,0,0,F
1526,1,HappyBirthday,45,12775.7,F,0,0,0.455641,0,0,F
1526,1,HappyBirthday,57,6205.97,F,1,0.0481471,0.493412,4.71585,15.4087,F
1526,1,HappyBirthday,93,8030.85,F,1,0.00747143,6.93207,12.3304,2.33575,F
1526,1,HappyBirthday,1099,4015,F,1,0.0543719,0.689769,0.458031,17.4035,F
1526,1,HappyBirthday,445,6205.18,F,1,1.19809e-05,3.72072,12360,0.0209724,F
1526,1,HappyBirthday,579,19345.9,F,0,0,0.4109,0,0,F
1527,1,HappyBirthday,761,19345.1,M,1,0.00449897,3.15808,645.061,5.10069,F
1528,1,HappyBirthday,1158,3285,F,1,0.000963256,1.01432,16.0403,0.305951,F
1528,1,HappyBirthday,1462,365,F,1,0.000149738,0.303177,22.3047,0.0515735,F
1529,1,HappyBirthday,602,6205.3,F,1,0.000305907,2.07594,0.00184018,0.0951399,F
1529,1,HappyBirthday,910,9490.56,M,0,0,0.407212,0,0,F
1530,1,HappyBirthday,1068,4380,F,1,0.102625,1.37921,230.833,36.1128,F
1531,1,HappyBirthday,1463,365,F,0,0,0.0636018,0,0,F
1531,1,HappyBirthday,1261,2190,F,1,0,2.39438,0.21802,0,F
1531,1,HappyBirthday,1464,365,M,0,0,0.00906894,0,0,F
1531,1,HappyBirthday,1035,4745,M,0,0,0.422891,0,0,F
1531,1,HappyBirthday,926,23360.4,M,1,0.00152806,0.405914,487.114,1.41453,F
1532,1,HappyBirthday,1036,4745,M,1,0.0405589,2.756,1903.18,14.525,F
1532,1,HappyBirthday,19,5475.06,F,1,0.0387514,4.03905,0.254757,12.2852,F
1532,1,HappyBirthday,1007,5110,F,1,0.000511797,0.580249,2.90942,0.159053,F
1532,1,HappyBirthday,1424,730,F,1,0.00478429,0.637088,0.0450998,1.49029,F
1532,1,HappyBirthday,1133,3650,M,1,0.00816111,1.53269,35.3302,2.68301,F
1533,1,HappyBirthday,268,10950.7,F,1,0.000504904,6.07517,4.94274,0.15736,F
1533,1,HappyBirthday,356,11680.6,M,1,0.447919,1.90626,11.0636,185.125,F
1534,1,HappyBirthday,1425,730,F,0,0,0.0524528,0,0,F
1534,1,HappyBirthday,192,9125.63,M,1,0.167833,2.42792,623.32,57.1007,F
1534,1,HappyBirthday,251,6205.64,M,1,0.000831941,15.1801,45.8717,0.273932,F
1534,1,HappyBirthday,1160,3285,M,0,0,0.144377,0,0,F
1535,1,HappyBirthday,1197,2920,M,1,0.00218503,0.343853,6.11039,0.698083,F
1535,1,HappyBirthday,1381,1095,F,0,0,0.0717361,0,0,F
1536,1,HappyBirthday,1008,5110,F,1,2.2455e-05,0.332218,3.56826,0.00701132,F
1536,1,HappyBirthday,133,9855.88,F,0,0,0.0363776,0,0,F
1537,1,HappyBirthday,1009,5110,M,1,0.00653055,6.8048,110.232,2.10026,F
1537,1,HappyBirthday,355,5840.58,F,1,7.00719e-06,1.8502,19.8302,0.0022277,F
1537,1,HappyBirthday,455,15695.1,F,1,0.000282822,0.194397,12167.6,0.148648,F
1537,1,HappyBirthday,480,26280.2,M,1,0,0.43425,0.0484668,0,F
1537,1,HappyBirthday,487,16425,M,1,0,0.170033,0,0,F
1537,1,HappyBirthday,653,21170.2,M,1,0.00307078,1.72814,51.3662,1.15779,F
1537,1,Births,1499,0,F,0,0,0.306386,0,0,F
1538,1,HappyBirthday,58,10220.1,F,1,0.558301,0.570064,8626.04,1076.56,F
1538,1,HappyBirthday,311,14600,F,1,2.79145e-05,0.921337,40568.6,0.065466,F
1538,1,HappyBirthday,1262,2190,F,1,0.177968,0.161169,3790.59,116.197,F
1539,1,HappyBirthday,1345,1460,M,1,0.00104984,0.0849238,0.234858,0.326361,F
1539,1,HappyBirthday,328,7300.26,M,1,0.000346721,1.62769,0.678943,0.108111,F
1539,1,HappyBirthday,1383,1095,F,0,0,0.232046,0,0,F
1539,1,HappyBirthday,1037,4745,M,1,0.00122176,0.41317,1.21728,0.380002,F
1539,1,Births,1500,0,M,0,0,0.14424,0,0,F
1539,1,Births,1501,0,M,0,0,0.174956,0,0,F
1540,1,HappyBirthday,1070,4380,F,1,0.111567,1.57738,101.744,36.7749,F
1540,1,HappyBirthday,1384,1095,M,0,0,0.0306984,0,0,F
1540,1,HappyBirthday,641,9490.67,M,0,0,0.244893,0,0,F
1540,1,HappyBirthday,730,9490.68,M,1,0.0082893,0.735338,19.5648,2.74484,F
1540,1,HappyBirthday,867,8760.78,F,1,3.68266e-05,5.41613,4953.39,0.0259718,F
1541,1,HappyBirthday,1101,4015,F,0,0,0.132664,0,0,F
1541,1,HappyBirthday,1071,4380,F,1,0.0432633,9.59362,97.848,15.2416,F
1541,1,HappyBirthday,859,8030.12,M,1,0.00633954,1.47438,7127.49,2.68908,F
1541,1,HappyBirthday,1309,1825,F,1,0.0011963,0.41917,599.045,1.15357,F
1542,1,HappyBirthday,62,12045.6,M,0,0,0.173902,0,0,F
1542,1,HappyBirthday,1346,1460,M,0,0,0.020057,0,0,F
1542,1,HappyBirthday,1072,4380,F,1,0.00440249,49.5677,1.74695,1.37177,F
1542,1,HappyBirthday,1426,730,F,1,0.0601027,0.681949,77.4214,21.7019,F
1543,1,HappyBirthday,580,14965.2,M,1,0.000131828,2.0432,0.210935,0.0409512,F
1543,1,HappyBirthday,723,9855.06,M,1,0.0099641,3.97225,2657,20.0258,F
1544,1,HappyBirthday,1385,1095,F,1,0.617561,0.346119,5345.61,497.839,F
1544,1,HappyBirthday,1264,2190,F,1,0.000721534,0.696919,3.85781,0.228967,F
1544,1,HappyBirthday,1263,2190,F,1,0.0215008,0.313866,52.8971,8.29432,F
1545,1,Births,1502,0,F,0,0,0.0501606,0,0,F
1546,1,HappyBirthday,961,6570.49,M,1,0.0258665,54.4389,236.247,15.2251,F
1546,1,HappyBirthday,755,6570.65,M,1,0.00119606,0.218545,0.00237022,0.371963,F
1547,1,HappyBirthday,615,8030.25,M,1,0.000130039,1.49509,744.387,0.075782,F
1547,1,HappyBirthday,754,9125.18,M,1,9.02497e-06,0.176208,0.00012,0.0027948,F
1547,1,HappyBirthday,901,14235.3,F,1,0.440168,0.223532,0.0806502,180.296,F
1548,1,HappyBirthday,518,9125.78,F,1,2.5903e-07,0.599393,6.2e-06,8.02e-05,F
1548,1,HappyBirthday,699,15330.5,F,1,0.0165433,3.05281,111.4,5.21312,F
1549,1,HappyBirthday,207,14235,M,1,0.00941371,1.49172,375.016,3.23337,F
1550,1,HappyBirthday,186,10220.4,M,1,3.3377e-07,4.31502,0.0630788,0.0001046,F
1550,1,HappyBirthday,990,7665.82,F,0,0,0.0262734,0,0,F
1550,1,HappyBirthday,1164,3285,F,1,0.00636941,0.303742,2.11902,1.98685,F
1551,1,HappyBirthday,976,6935.38,F,1,2.41979e-05,1.1912,11.8638,0.00754176,F
1552,1,HappyBirthday,1310,1825,F,1,0.00580289,0.206863,15919,5.69594,F
1552,1,HappyBirthday,1387,1095,M,1,0.021995,0.25733,3.42185,6.95222,F
1552,1,HappyBirthday,1386,1095,F,1,0.0012648,0.739362,196979,12.7546,F
1552,1,HappyBirthday,794,7300.88,M,1,0.0184741,4.08562,9.38384,5.80218,F
1552,1,HappyBirthday,941,33945.7,F,1,0.00103585,0.206886,0.0907526,0.322138,F
1553,1,HappyBirthday,1165,3285,M,1,0.226348,0.519907,12.8385,84.0368,F
1553,1,HappyBirthday,506,5840,M,1,2.57157e-06,0.654528,22.5879,0.000871838,F
1554,1,HappyBirthday,425,21900.2,M,1,0.0825442,1.2758,1.21496,26.8273,F
1554,1,HappyBirthday,1427,730,M,1,1.75346e-05,0.678719,109657,0.271522,F
1554,1,Births,1503,0,F,0,0,0.0736029,0,0,F
1555,1,HappyBirthday,1134,3650,M,1,0.202245,0.108588,3139.8,290.402,F
1556,1,HappyBirthday,594,14600.8,M,1,0.000880022,0.362885,4216.49,0.304043,F
1557,1,HappyBirthday,67,8760.65,M,1,0.00595179,0.528174,550.518,5.81032,F
1557,1,HappyBirthday,1388,1095,F,0,0,0.0291971,0,0,F
1557,1,HappyBirthday,1389,1095,F,0,0,0.0467287,0,0,F
1557,1,HappyBirthday,1073,4380,M,1,0.0955568,0.599459,11504.5,40.108,F
1557,1,Births,1504,0,M,0,0,0.0171512,0,0,F
1558,1,HappyBirthday,550,5840.81,F,1,0.0157816,7.92577,83.6383,6.68952,F
1558,1,HappyBirthday,672,12410.8,F,1,0.0735606,2.78033,63.6548,25.8384,F
1558,1,HappyBirthday,770,14600.5,F,1,0.00240346,10.3804,27.7148,0.825152,F
1559,1,HappyBirthday,291,22995.2,F,1,0.00262011,6.60625,0.21684,0.815509,F
1559,1,HappyBirthday,631,12775.9,M,1,0.00435738,3.66215,7.37758,1.36645,F
1559,1,HappyBirthday,978,27740.8,F,1,0.0179398,3.44835,127.279,8.30555,F
1559,1,HappyBirthday,896,7665.66,F,1,0.0242468,0.140853,188.504,7.63248,F
1560,1,HappyBirthday,1266,2190,F,1,0.448465,1.6255,19.3973,186.217,F
1561,1,HappyBirthday,314,8030.74,F,1,0.0285596,0.681536,10.9232,9.50119,F
1561,1,HappyBirthday,706,5840.32,M,1,0.00134392,4.32396,0.000630796,0.417997,F
1561,1,HappyBirthday,1465,365,F,0,0,0.0271073,0,0,F
1561,1,HappyBirthday,1347,1460,F,1,8.70817e-05,0.0857254,18.262,0.029523,F
1562,1,HappyBirthday,774,32850.1,F,1,0.0432234,0.641403,2001.8,16.106,F
1563,1,HappyBirthday,1466,365,M,0,0,0.0857553,0,0,F
1563,1,HappyBirthday,1199,2920,F,1,0,0.271479,263.832,0,F
1563,1,HappyBirthday,428,8395.78,F,0,0,0.263001,0,0,F
1564,1,HappyBirthday,1390,1095,F,1,0.430164,0.694352,6.02569,175.768,F
1564,1,HappyBirthday,481,8760.13,F,1,0.00128264,4.55675,54.5814,0.400141,F
1564,1,HappyBirthday,1467,365,M,1,0,0.164628,0,0,F
1565,1,HappyBirthday,44,8395.94,F,1,8.64265e-06,0.6175,97105.4,0.0370912,F
1565,1,HappyBirthday,732,6205,F,1,7.10528e-05,0.512485,344.341,0.0230296,F
1565,1,HappyBirthday,1267,2190,M,1,3.60358e-05,1.49766,3232.1,0.139652,F
1565,1,HappyBirthday,1166,3285,M,1,0.0834617,1.70096,311.723,44.8175,F
1566,1,HappyBirthday,471,12775.1,M,1,0.149833,0.29009,169.382,51.6304,F
1566,1,HappyBirthday,691,5840.56,F,0,0,0.120028,0,0,F
1566,1,HappyBirthday,1311,1825,F,1,0.190578,0.294882,8637.07,1311.99,F
1566,1,HappyBirthday,704,5475.37,F,1,0,6.05247,0.265725,0,F
1567,1,HappyBirthday,551,34310,F,1,0.0216306,2.65601,1.13612,6.79618,F
1569,1,HappyBirthday,607,12775.5,M,1,0.0101028,1.79119,9.74046,3.29344,F
1569,1,HappyBirthday,1268,2190,M,1,0.00142866,4.34248,224.611,0.78882,F
1569,1,HappyBirthday,833,15330.4,M,1,0.08506,0.517965,283.959,29.8737,F
1570,1,HappyBirthday,1468,365,F,1,4.35263e-05,0.217488,113661,0.301006,F
1570,1,HappyBirthday,1428,730,M,1,0.0309264,0.516396,33146.7,119.633,F
1570,1,HappyBirthday,1312,1825,F,1,0.778214,1.34392,129.294,518.539,F
1570,1,HappyBirthday,644,10585.8,M,1,0.00756518,2.01259,47.0709,2.84131,F
1570,1,HappyBirthday,905,9125.82,M,1,0.0726645,0.734925,12.1586,23.8847,F
1571,1,HappyBirthday,194,8760.24,M,1,0.136321,0.326376,17205.2,841.04,F
1571,1,HappyBirthday,1074,4380,M,1,0.203612,0.660377,1134.35,82.6152,F
1571,1,Births,1505,0,M,0,0,0.134452,0,0,F
1573,1,HappyBirthday,1313,1825,F,1,0.0283708,1.64643,0.041268,8.94506,F
1574,1,HappyBirthday,640,12775.8,F,1,0.257963,0.0796994,2796.36,408.578,F
1575,1,HappyBirthday,199,20075.6,F,1,0,0.329608,0.397027,0,F
1576,1,HappyBirthday,1314,1825,F,1,0.164565,0.0992649,2.79841,56.6684,F
1577,1,HappyBirthday,1348,1460,M,0,0,0.0738407,0,0,F
1577,1,HappyBirthday,510,9125.82,M,1,0.0049586,0.611157,43.8307,1.66105,F
1577,1,HappyBirthday,612,20440.8,F,0,0,0.108231,0,0,F
1577,1,HappyBirthday,1469,365,F,1,0,0.144547,18586.9,0,F
1577,1,HappyBirthday,1102,4015,M,0,0,0.126535,0,0,F
1577,1,HappyBirthday,871,8760.57,F,1,0.010668,2.13658,8027.07,9.9446,F
1578,1,HappyBirthday,302,22995.2,F,0,0,0.197339,0,0,F
1578,1,HappyBirthday,410,10950.8,M,1,0.0189426,0.193147,0.0786988,5.94334,F
1579,1,HappyBirthday,97,8760.08,M,1,0.0799213,0.0811686,48.8819,25.9182,F
1579,1,HappyBirthday,408,6935.34,M,1,0.00118213,6.13782,0.27767,0.368243,F
1579,1,HappyBirthday,493,24090.5,M,1,0.551667,0.248484,6.84099,251.304,F
1579,1,HappyBirthday,522,18615.8,M,1,0.00243441,0.578464,19.7201,0.806011,F
1580,1,HappyBirthday,1429,730,M,0,0,0.0661506,0,0,F
1581,1,HappyBirthday,352,13870,F,1,0.000496893,52.2168,1876.98,0.47979,F
1581,1,HappyBirthday,1430,730,M,1,0,0.205735,0.0730326,0,F
1581,1,HappyBirthday,1103,4015,M,1,0.299813,0.697707,1.97316,110.907,F
1581,1,HappyBirthday,1202,2920,M,1,0.0562619,43.6316,1.39887,18.017,F
1582,1,HappyBirthday,190,24820.9,M,1,0.000370008,2.85003,1.84121,0.115303,F
1582,1,HappyBirthday,1135,3650,M,1,0.0135739,0.886036,1.82797,4.26083,F
1583,1,HappyBirthday,986,14965.2,F,1,0.0026691,2.43039,53.2994,0.93275,F
1583,1,HappyBirthday,1269,2190,F,1,0,0.169911,13981.5,0,F
1583,1,HappyBirthday,1203,2920,M,1,0.0010524,0.475495,642.253,0.369501,F
1584,1,HappyBirthday,169,5840.61,F,1,0.00430907,1.52589,9.01359,1.34388,F
1584,1,HappyBirthday,276,22995.3,F,1,0.546438,0.480247,1822.12,417.027,F
1584,1,HappyBirthday,393,5475.36,M,1,0.00452431,0.43292,2.31486,1.42518,F
1584,1,HappyBirthday,1270,2190,M,0,0,0.239129,0,0,F
1585,1,HappyBirthday,658,24090.9,M,1,0.000678583,0.337639,8.73604,0.213022,F
1585,1,HappyBirthday,827,10950.2,F,1,0.241989,10.0266,51.4431,87.2776,F
1585,1,HappyBirthday,836,8760.04,F,1,0.0845374,0.441757,1055.73,69.9966,F
1585,1,HappyBirthday,923,7300.11,F,0,0,0.0513821,0,0,F
1586,1,HappyBirthday,1392,1095,F,1,0.69129,0.461187,1138.85,379.094,F
1586,1,HappyBirthday,26,11680.2,F,1,0.0555128,30.818,216.851,32.0272,F
1586,1,HappyBirthday,1470,365,F,1,0,0.110613,62048.8,0,F
1587,1,HappyBirthday,1105,4015,F,0,0,0.429201,0,0,F
1588,1,HappyBirthday,136,10220.1,F,1,0.167351,4.18887,1.16033,56.9361,F
1588,1,HappyBirthday,223,9490.85,M,1,0.00573579,0.420048,29.015,2.00245,F
1588,1,HappyBirthday,319,8760.41,F,1,0.0458521,2.09298,9.71433,15.1756,F
1588,1,HappyBirthday,686,9125.34,M,1,0.106157,5.55975,3.41813,34.909,F
1589,1,HappyBirthday,103,21535.5,F,1,0.0417428,0.269579,1261.14,16.4695,F
1589,1,HappyBirthday,1271,2190,F,1,0.593957,4.82704,83.1351,317.008,F
1589,1,HappyBirthday,971,17885.3,M,1,0.230393,2.70765,2574.48,82.0264,F
1589,1,HappyBirthday,895,8030.86,F,0,0,0.350412,0,0,F
1590,1,HappyBirthday,245,21535.4,F,1,0.269784,0.179565,1896.85,99.2198,F
1590,1,HappyBirthday,1316,1825,F,1,0.00137697,1.09805,46.6358,0.497035,F
1590,1,HappyBirthday,1168,3285,F,0,0,0.167854,0,0,F
1590,1,HappyBirthday,1106,4015,F,1,0.103617,4.62888,5.62809,34.294,F
1590,1,HappyBirthday,463,6935.81,M,1,0.0134506,2.03418,481.508,6.95888,F
1590,1,HappyBirthday,840,17520.7,F,1,0.0147303,0.42869,64.9344,4.62918,F
1590,1,Births,1506,0,F,0,0,0.225742,0,0,F
1592,1,HappyBirthday,968,15695.5,F,1,0.0320716,1.38361,10.5672,10.1587,F
1592,1,HappyBirthday,1349,1460,M,1,0.179377,0.262164,231.064,85.5878,F
1592,1,HappyBirthday,99,14600.3,F,1,0.00207383,7.52081,7.44732,0.646292,F
1592,1,HappyBirthday,1234,2555,F,1,0.331416,0.122406,13.6411,126.169,F
1592,1,HappyBirthday,707,8030.63,M,1,0.10747,3.0982,27.2295,38.2756,F
1593,1,HappyBirthday,254,16790.1,M,1,0.00182336,0.592144,541.011,1.02774,F
1594,1,HappyBirthday,1431,730,F,1,0,0.082398,278.451,0,F
1594,1,HappyBirthday,811,21535.5,M,1,9.27561e-05,34.3278,0.104527,0.0288598,F
1595,1,HappyBirthday,160,9125.3,F,1,0.00190992,1.09223,81.9112,0.677302,F
1595,1,HappyBirthday,1318,1825,F,1,0.0776227,0.689577,1184.37,70.6796,F
1595,1,HappyBirthday,275,10220.6,M,1,0.00135045,1.41431,1.63048,0.421904,F
1595,1,HappyBirthday,327,13870.8,M,1,0.00501963,2.7983,385.511,2.44771,F
1595,1,HappyBirthday,342,24090.4,F,1,0.00197114,4.2377,36.1516,0.651359,F
1595,1,HappyBirthday,475,10220.2,M,1,0.000619521,0.292566,0.02659,0.192635,F
1595,1,HappyBirthday,674,19710,M,0,0,0.309066,0,0,F
1595,1,HappyBirthday,1235,2555,F,0,0,0.0349098,0,0,F
1595,1,HappyBirthday,861,12410.5,F,1,0.0218335,8.26249,552.81,8.75447,F
1595,1,HappyBirthday,972,9125.7,M,1,0.00807084,4.3399,0.0019574,2.51818,F
1595,1,HappyBirthday,1317,1825,F,0,0,0.0183756,0,0,F
1596,1,Births,1507,0,F,0,0,0.0554284,0,0,F
1597,1,HappyBirthday,1272,2190,F,1,0.00472753,0.35153,106844,20.4156,F
1597,1,HappyBirthday,1350,1460,M,1,0.00370887,0.0935125,74.1115,1.22326,F
1599,1,Births,1508,0,F,0,0,0.0754709,0,0,F
1599,1,Births,1509,0,M,0,0,0.793516,0,0,F
1600,1,HappyBirthday,280,6935.76,M,1,0.0043613,0.959644,15.9426,1.42398,F
1600,1,HappyBirthday,343,7300.61,F,1,0.161056,0.362062,1901.33,108.48,F
1601,1,HappyBirthday,225,15330,M,1,0.00035587,0.837211,47.2674,0.116517,F
1601,1,HappyBirthday,1169,3285,F,1,0.000804357,3.20184,0.00493229,0.250239,F
1601,1,HappyBirthday,638,17520.7,F,1,0,0.314566,0,0,F
1601,1,Births,1510,0,M,0,0,0.326584,0,0,F
1602,1,HappyBirthday,88,26280,M,1,0.0612864,2.92859,3.52324,19.6572,F
1602,1,Births,1511,0,F,0,0,0.0996212,0,0,F
1603,1,HappyBirthday,1273,2190,F,1,0.162765,2.77442,58688.8,1676.25,F
1603,1,HappyBirthday,1351,1460,F,1,0.232185,0.164104,24.0864,82.457,F
1603,1,HappyBirthday,973,8030.15,M,1,0.00353258,1.05278,576.735,2.45934,F
1604,1,HappyBirthday,130,20440.7,F,1,0.00262574,0.866576,21.7821,0.828276,F
1604,1,HappyBirthday,149,13505.5,M,1,0.323703,4.54224,6785.46,134.218,F
1604,1,HappyBirthday,982,7300.29,M,1,0.00367953,0.0886824,50.8772,1.23021,F
1604,1,HappyBirthday,1274,2190,M,1,0.521609,1.90872,22814.8,891.615,F
1605,1,HappyBirthday,432,16790.7,F,1,0.158607,0.995443,361.679,65.6919,F
1606,1,HappyBirthday,33,13870.9,F,1,2.24049e-06,0.522581,10833,0.015682,F
1607,1,HappyBirthday,126,8395.43,M,1,0.0843462,0.0921178,329.028,34.7405,F
1607,1,HappyBirthday,1041,4745,M,0,0,0.0514796,0,0,F
1607,1,HappyBirthday,1394,1095,F,0,0,0.0194477,0,0,F
1608,1,HappyBirthday,1236,2555,F,1,0.217948,5.11256,2721.63,82.1229,F
1608,1,HappyBirthday,110,7300.8,F,1,0.156988,3.12422,0.442973,53.0727,F
1608,1,HappyBirthday,627,17885.4,M,1,0.000420494,0.424656,64.2102,0.142211,F
1608,1,HappyBirthday,860,6205.24,M,1,0.000714972,0.783663,31.6521,0.225239,F
1608,1,Births,1512,0,F,0,0,0.0108114,0,0,F
1609,1,HappyBirthday,725,35040.9,F,1,0.304007,2.42797,6.47731,112.635,F
1610,1,HappyBirthday,385,7665.67,F,1,0.00251622,6.01651,125.815,0.864182,F
1610,1,HappyBirthday,1042,4745,F,1,0.0375985,0.101855,1963.14,12.8782,F
1610,1,HappyBirthday,718,7300.43,F,1,0.0119739,0.39417,0.00696329,3.74367,F
1611,1,HappyBirthday,1238,2555,M,1,0.00906789,0.121253,14816,84.6534,F
1611,1,HappyBirthday,289,6570.86,F,1,0,0.495946,9.21934,0,F
1611,1,HappyBirthday,370,9855.37,M,1,0,0.752748,0.721183,0,F
1611,1,HappyBirthday,853,6935.12,F,1,0.00136648,0.109932,19.0409,0.465861,F
1612,1,HappyBirthday,106,8030.32,F,1,0.000981143,0.930418,0.0059104,0.304871,F
1612,1,HappyBirthday,157,5475.31,M,0,0,0.0397799,0,0,F
1612,1,HappyBirthday,1043,4745,F,1,0.0434949,0.0727048,175.601,25.1214,F
1613,1,HappyBirthday,346,6570.97,M,1,0.0476828,5.90986,59.7266,15.1906,F
1613,1,HappyBirthday,692,15695.8,M,1,0.00196601,2.30863,1.63707,0.611624,F
1615,1,HappyBirthday,1275,2190,F,0,0,0.00137657,0,0,F
1615,1,HappyBirthday,1136,3650,M,1,0.40712,0.31292,49.0483,170.644,F
1615,1,HappyBirthday,709,10585,M,1,0.0075272,3.97657,1.8872,2.34852,F
1616,1,HappyBirthday,91,8030.69,F,1,0.0508634,0.362965,0.609678,16.2307,F
1616,1,HappyBirthday,1471,365,F,1,0.459799,0.0421712,6252.61,680.29,F
1617,1,HappyBirthday,1432,730,F,1,0.0278868,4.28417,35349.1,36.2258,F
1617,1,HappyBirthday,354,18250.7,F,1,0,2.50248,0.899791,0,F
1618,1,HappyBirthday,208,6935.13,M,1,0.0308869,2.27107,76.5873,10.7277,F
1619,1,HappyBirthday,143,10585.7,M,1,0,0.0299464,0.490153,0,F
1619,1,HappyBirthday,331,6570.01,F,1,0.0544427,0.238077,134.226,26.0537,F
1619,1,HappyBirthday,365,5840.24,F,1,0.000393745,2.17704,1027,0.308919,F
1619,1,HappyBirthday,834,22265.4,M,1,0.000224884,0.189243,2.69282,0.070321,F
1620,1,HappyBirthday,165,27375.6,F,1,0.00423225,3.93236,166.003,2.22585,F
1620,1,HappyBirthday,193,12410,F,1,0.000156325,0.167206,90.6007,0.0557272,F
1622,1,HappyBirthday,123,26645.9,F,1,0.000868167,9.56751,1.38934,0.270387,F
1622,1,HappyBirthday,191,27375.5,M,1,0.00152018,1.28521,202.072,0.501263,F
1622,1,Births,1513,0,M,0,0,0.0434225,0,0,F
1623,1,HappyBirthday,1044,4745,M,0,0,0.0719448,0,0,F
1623,1,HappyBirthday,735,11315.7,M,1,6.86461e-05,0.0862961,39289.8,0.0798306,F
1624,1,HappyBirthday,1277,2190,F,1,0.00962453,2.08518,26.5306,3.31937,F
1624,1,HappyBirthday,1319,1825,F,1,0.0798183,0.539835,133.755,29.4986,F
1624,1,HappyBirthday,1352,1460,M,1,0.00202952,0.220976,0.000811786,0.630802,F
1625,1,HappyBirthday,1077,4380,F,1,0.0103684,5.41259,0.26805,3.24014,F
1625,1,HappyBirthday,1170,3285,F,1,0.88789,0.785447,90.1832,733.826,F
1627,1,HappyBirthday,79,16425.2,F,1,1.51927e-06,1.80264,68946.3,0.009707,F
1627,1,HappyBirthday,1107,4015,F,1,0.0750306,0.526776,5.03647,24.3967,F
1628,1,HappyBirthday,129,14600.6,F,1,0.282206,3.18754,2311.61,926.168,F
1628,1,HappyBirthday,1472,365,M,1,0.0537697,0.0626522,34.1738,19.6086,F
1628,1,HappyBirthday,969,8395.15,M,1,0.0195529,19.0352,0.0023732,6.1368,F
1629,1,HappyBirthday,75,15330.5,M,1,0,0.735097,0.0208738,0,F
1629,1,HappyBirthday,394,14965.7,M,1,5.56777e-05,0.0859514,0,0.017307,F
1629,1,HappyBirthday,1108,4015,F,1,0.0632717,3.96013,80.0048,22.1443,F
1629,1,HappyBirthday,850,27010.6,F,1,3.22108e-06,0.326269,59.3013,0.0010172,F
1630,1,HappyBirthday,1239,2555,F,1,7.42292e-05,0.273621,19.5629,0.0245755,F
1630,1,HappyBirthday,737,6570.46,F,1,7.73765e-05,1.80877,3512.93,0.123577,F
1630,1,HappyBirthday,839,9125.89,F,0,0,0.157407,0,0,F
1630,1,Births,1514,0,F,0,0,0.237207,0,0,F
1631,1,HappyBirthday,576,19710.2,F,1,0.00303026,5.07027,5.0774,0.950423,F
1631,1,HappyBirthday,1138,3650,M,1,0,0.159011,5686.56,0,F
1631,1,HappyBirthday,1171,3285,M,1,7.33111e-05,1.04506,16655.7,0.0355097,F
1632,1,HappyBirthday,529,15330.2,F,1,0.00195472,0.336555,0.0434842,0.608271,F
1633,1,HappyBirthday,409,9490.74,F,1,0.00018282,0.36658,9.65423,0.0592838,F
1633,1,HappyBirthday,1473,365,M,1,0.0703889,1.04109,454.115,23.4314,F
1634,1,HappyBirthday,678,6570.3,F,1,0.141378,0.360093,18.364,48.3141,F
1634,1,HappyBirthday,1139,3650,F,1,0.0625944,1.80124,0.0273738,20.0887,F
1635,1,HappyBirthday,71,9490.8,M,1,0,7.92749,0.835373,0,F
1636,1,HappyBirthday,1395,1095,F,1,0.000816232,0.92478,0.0994198,0.254268,F
1636,1,HappyBirthday,773,17520.8,F,1,0.12263,1.66749,1.58116,40.6759,F
1637,1,HappyBirthday,440,24820.7,M,1,0.0129652,1.59171,14.4403,4.12055,F
1637,1,HappyBirthday,491,30295.2,M,0,0,1.5034,0,0,F
1637,1,HappyBirthday,1046,4745,F,0,0,0.0878707,0,0,F
1638,1,HappyBirthday,347,8030.28,M,1,0.000206837,0.801652,370.267,0.0981084,F
1638,1,HappyBirthday,1320,1825,F,0,0,0.0458832,0,0,F
1639,1,HappyBirthday,954,6935.75,M,1,0.000526556,0.780517,0,0.163636,F
1639,1,HappyBirthday,1397,1095,M,1,0.475068,0.337768,19717.4,428.278,F
1639,1,HappyBirthday,1110,4015,M,1,0.00436391,6.12187,1857.63,4.95241,F
1640,1,HappyBirthday,1398,1095,F,1,0.00771709,2.91473,66179.8,39.7823,F
1640,1,HappyBirthday,1240,2555,F,1,0.00469987,0.130565,35.6397,1.54259,F
1641,1,HappyBirthday,145,13140.6,M,1,0.000720964,1.69605,1.17269,0.224217,F
1641,1,HappyBirthday,1321,1825,F,1,0.0422856,1.28898,16399.1,435.81,F
1641,1,HappyBirthday,556,9855.43,M,1,0.0851528,0.131286,290.016,41.4845,F
1641,1,HappyBirthday,1015,5110,F,1,1.57622e-07,0.426046,13228.4,0.00118458,F
1641,1,HappyBirthday,903,13505.5,F,1,0.0137488,9.29785,112.88,4.33171,F
1642,1,HappyBirthday,1205,2920,F,1,0.635301,0.576537,766.029,640.247,F
1642,1,HappyBirthday,1079,4380,F,1,0.00017762,2.66408,45052.4,0.468959,F
1644,1,HappyBirthday,1241,2555,M,0,0,0.0303913,0,0,F
1644,1,HappyBirthday,1017,5110,F,1,0.00062141,2.87869,11741.2,4.74594,F
1644,1,HappyBirthday,909,22265.9,M,0,0,0.196081,0,0,F
1645,1,HappyBirthday,222,11315.6,M,1,0.245853,0.397544,3309.67,91.5384,F
1646,1,HappyBirthday,1322,1825,M,1,0.00127066,2.17053,0.983797,0.397031,F
1646,1,HappyBirthday,1353,1460,F,0,0,0.0167165,0,0,F
1646,1,HappyBirthday,1433,730,F,1,0.00176795,0.485643,0.0342032,0.549751,F
1646,1,HappyBirthday,1206,2920,M,1,0.0452542,12.8923,1.71289,14.3963,F
1646,1,HappyBirthday,787,29930.5,F,1,0.00132707,1.22724,14.9572,0.435587,F
1646,1,Births,1515,0,F,0,0,0.0145534,0,0,F
1647,1,HappyBirthday,701,27010.8,M,1,0.000847138,17.7526,0.688051,0.264107,F
1647,1,HappyBirthday,1278,2190,F,1,0.00389602,0.821083,4.20126,1.22014,F
1648,1,HappyBirthday,1141,3650,M,1,0.00497411,0.421228,152.744,1.55002,F
1648,1,HappyBirthday,387,8030.75,M,1,1.37681e-06,3.30492,9.43007,0.0004326,F
1648,1,HappyBirthday,688,9490.98,M,0,0,0.341411,0,0,F
1649,1,HappyBirthday,264,25185.2,F,1,4.90742e-05,2.56133,0.781463,0.0152572,F
1649,1,HappyBirthday,1018,5110,F,1,0.144303,0.199322,0.740434,48.4314,F
1649,1,HappyBirthday,997,22265.1,F,1,0.00456526,1.93592,1594.19,1.4397,F
1650,1,HappyBirthday,1399,1095,M,1,0.00455877,0.858758,1651.76,2.09815,F
1650,1,HappyBirthday,1242,2555,M,1,0,0.935777,1258.97,0,F
1652,1,HappyBirthday,1434,730,F,1,0.0218271,3.81878,30308.4,71.4275,F
1652,1,HappyBirthday,358,15695.5,M,1,0.0108434,3.44068,20.3093,3.68761,F
1652,1,HappyBirthday,758,9855.9,M,0,0,0.148742,0,0,F
1653,1,HappyBirthday,362,14965.5,M,1,0.00517933,0.432393,0.0020978,1.61412,F
1653,1,HappyBirthday,588,7665.37,F,1,0.00400346,0.887873,1122.44,1.51168,F
1653,1,HappyBirthday,684,6205.42,F,0,0,0.0609119,0,0,F
1654,1,HappyBirthday,1354,1460,F,1,0.000100155,4.33218,428.564,0.0793449,F
1655,1,HappyBirthday,981,9125.41,M,0,0,0.0130858,0,0,F
1655,1,HappyBirthday,979,9855,M,1,0.835623,0.697856,29.209,569.052,F
1655,1,HappyBirthday,317,25185.4,M,1,0.000103174,0.290555,3152.86,0.0514632,F
1655,1,HappyBirthday,1207,2920,M,1,0.0010778,0.512648,1259.47,0.424292,F
1655,1,HappyBirthday,663,7665.49,F,1,0.0763617,1.59596,29.8995,27.6568,F
1656,1,HappyBirthday,148,16790.3,M,1,0.0637355,3.47204,5.13359,20.4803,F
1656,1,HappyBirthday,407,8760.95,F,0,0,0.0446254,0,0,F
1656,1,HappyBirthday,792,22265.1,M,1,0,1.59473,1256.51,0,F
1657,1,HappyBirthday,1400,1095,M,1,0.000199564,0.159689,31171.8,0.0844826,F
1658,1,HappyBirthday,1208,2920,F,1,0.0147092,7.52517,2887.54,7.6685,F
1658,1,HappyBirthday,807,6570.31,F,1,0.005039,0.303993,22.9487,1.6323,F
1658,1,HappyBirthday,924,7665.97,F,1,0.0837953,3.25162,1794.24,28.5587,F
1659,1,HappyBirthday,215,18615.4,M,1,0.000538857,0.693468,0.445972,0.167506,F
1659,1,HappyBirthday,524,6570.05,F,1,0.119967,3.34355,14.185,40.623,F
1660,1,HappyBirthday,1355,1460,M,1,0.00215842,0.115564,4.53725,0.671316,F
1662,1,HappyBirthday,474,22995.6,M,1,0.0129009,7.30837,892.845,4.22395,F
1662,1,HappyBirthday,958,11680.4,F,1,0.0412131,3.39402,1.29234,13.1465,F
1664,1,HappyBirthday,1020,5110,F,1,0.410265,6.79131,10.2942,164.122,F
1664,1,HappyBirthday,214,17885.4,M,1,2.9865e-05,5.54929,2370.44,0.0403846,F
1664,1,HappyBirthday,443,5840.94,M,1,0.0001796,0.0837378,0.942321,0.0561217,F
1664,1,HappyBirthday,473,28835.7,M,1,0.000562391,0.917596,17.6948,0.177896,F
1665,1,HappyBirthday,1174,3285,M,1,0.00171039,1.33655,46.3674,0.562472,F
1665,1,HappyBirthday,1402,1095,F,1,0.00479479,1.30505,108.429,1.75624,F
1665,1,HappyBirthday,512,18980,F,0,0,0.149047,0,0,F
1666,1,HappyBirthday,878,9855.77,F,1,0.0583809,0.773711,0.258347,18.7027,F
1667,1,HappyBirthday,705,19345.1,M,1,0,9.60473,2.73816,0,F
1668,1,HappyBirthday,1047,4745,M,1,0.00665234,0.207908,15.5678,2.09823,F
1668,1,HappyBirthday,270,9855.31,M,1,0.0661478,6.31883,19.9361,21.9694,F
1668,1,HappyBirthday,1474,365,M,1,0.00189231,0.351255,0.0416865,0.588234,F
1668,1,HappyBirthday,694,11680.1,F,1,0.0622406,5.90217,0.0040488,19.9707,F
1669,1,HappyBirthday,1357,1460,M,1,0.0300021,2.24011,1967.99,10.553,F
1669,1,HappyBirthday,1209,2920,F,1,0.418894,3.31477,136.294,270.59,F
1670,1,HappyBirthday,1403,1095,M,1,5.12994e-05,2.79306,56004,0.52683,F
1670,1,HappyBirthday,1404,1095,F,1,0.0155435,0.345816,184.623,5.8094,F
1670,1,HappyBirthday,1082,4380,F,1,0.000294987,0.0631209,66.4591,0.0921806,F
1671,1,HappyBirthday,657,36135.2,F,1,0.0334487,2.66745,34.5601,10.7066,F
1671,1,HappyBirthday,769,5840.24,M,1,0.112662,0.479243,1011.66,37.7975,F
1673,1,HappyBirthday,1435,730,M,1,0.00146141,1.3595,4.81817,0.460456,F
1673,1,HappyBirthday,1279,2190,M,1,0.000124228,2.16413,14779.1,0.586753,F
1673,1,HappyBirthday,577,8030.34,F,1,0.00162953,1.74105,20.3607,0.522958,F
1673,1,HappyBirthday,1358,1460,M,1,0.72023,0.629385,276.196,415.345,F
1674,1,HappyBirthday,962,12410.5,F,1,0,0.834869,0.028062,0,F
1674,1,HappyBirthday,1324,1825,M,1,0.154544,1.61307,411.387,88.9945,F
1676,1,Births,1516,0,F,0,0,0.00861035,0,0,F
1677,1,HappyBirthday,140,8030.42,M,1,0.000423546,4.8306,2.82966,0.131706,F
1677,1,HappyBirthday,1325,1825,F,1,0.621621,0.452284,1258.46,325.34,F
1677,1,HappyBirthday,1111,4015,F,1,0.0673731,0.342998,1.56521,21.6762,F
1677,1,HappyBirthday,1023,5110,M,1,0.0491227,0.0483435,374.9,37.0743,F
1677,1,HappyBirthday,667,18615.7,M,1,0.00286807,0.701017,0.0002728,0.892189,F
1677,1,HappyBirthday,1022,5110,M,1,0.00101321,1.2022,403.09,0.505371,F
1677,1,HappyBirthday,1244,2555,M,1,0.00146736,0.263487,25.0225,0.502213,F
1678,1,HappyBirthday,41,6205.96,M,0,0,0.024143,0,0,F
1678,1,HappyBirthday,1283,2190,M,0,0,0.0052189,0,0,F
1678,1,HappyBirthday,1282,2190,F,1,0.000175807,0.215855,132.083,0.0751575,F
1679,1,HappyBirthday,95,10220.8,M,1,0.149182,0.78837,885.595,51.9021,F
1679,1,HappyBirthday,112,8395.38,F,0,0,0.0799141,0,0,F
1679,1,HappyBirthday,360,5475.8,F,0,0,0.0754364,0,0,F
1679,1,HappyBirthday,630,16790.1,F,1,7.96032e-07,0.768364,1146.09,0.0012498,F
1679,1,HappyBirthday,743,30295,F,1,0.00396761,1.9772,38.1933,1.24717,F
1679,1,HappyBirthday,1475,365,M,1,0.000943537,0.0258997,109.576,0.34104,F
1680,1,HappyBirthday,147,11315.8,M,1,5.86854e-05,0.669773,1341.71,0.0638354,F
1680,1,HappyBirthday,1049,4745,M,1,0.000197521,0.926421,0.193089,0.0613819,F
1680,1,HappyBirthday,897,9125.83,M,1,0.000445529,0.249438,1414.41,0.796064,F
1681,1,HappyBirthday,43,21535.9,F,1,0.0127039,0.108407,2142.27,5.82085,F
1681,1,HappyBirthday,750,10585.6,F,1,0.0450321,0.592853,1.74087,14.3217,F
1682,1,HappyBirthday,345,5840.31,F,1,0,0.41866,0.046266,0,F
1683,1,HappyBirthday,367,14600.8,M,1,0.00142456,4.02789,0.894939,0.44426,F
1683,1,HappyBirthday,438,11315,F,1,0.020317,3.2962,1030.55,15.3491,F
1683,1,HappyBirthday,462,10585.1,M,0,0,0.0392835,0,0,F
1683,1,HappyBirthday,756,28105.8,M,1,0.00793711,0.01368,19.3642,2.5593,F
1683,1,HappyBirthday,918,9490.99,F,1,0,0.0810466,367.749,0,F
1684,1,HappyBirthday,40,27375.5,M,1,0.00144377,14.184,0.964449,0.449103,F
1684,1,HappyBirthday,1436,730,M,1,0.00419439,1.92555,4.1158,1.3068,F
1684,1,HappyBirthday,530,13140,F,1,0.442308,2.628,1.92996,181.942,F
1684,1,HappyBirthday,726,7665.24,F,1,0,2.28408,4.48767,0,F
1685,1,HappyBirthday,373,9125.98,F,1,0.0552481,2.92587,7.27456,18.116,F
1685,1,HappyBirthday,414,9855.68,M,1,0.117523,0.420507,8.90363,38.8893,F
1685,1,HappyBirthday,719,25550.4,F,1,0.0308068,1.15067,14993.9,16.59,F
1686,1,HappyBirthday,168,17885.8,F,1,0.000608254,0.458574,58.9838,0.23284,F
1686,1,HappyBirthday,258,6570.25,F,0,0,0.0956143,0,0,F
1686,1,HappyBirthday,391,15695.8,M,1,0.0426442,0.836336,0.674036,13.559,F
1687,1,HappyBirthday,1083,4380,M,1,0.290218,15.1533,968.1,250.399,F
1687,1,HappyBirthday,1327,1825,F,1,0.00294039,0.490022,0.254547,0.915404,F
1688,1,HappyBirthday,1050,4745,M,1,0.00931684,0.830552,33.5999,3.05682,F
1688,1,HappyBirthday,244,14235,M,1,0,0.32769,0,0,F
1688,1,HappyBirthday,1051,4745,M,1,0.0213149,2.03895,1685.43,8.1862,F
1688,1,HappyBirthday,914,8760.3,F,1,0.0468014,11.4883,0.946193,14.917,F
1689,1,HappyBirthday,477,7665.56,F,1,0.000368937,10.8679,0.169686,0.11488,F
1690,1,HappyBirthday,1246,2555,M,1,0.020286,0.311583,36.4182,7.33094,F
1690,1,HappyBirthday,1359,1460,M,1,0.057207,0.265797,0.600144,18.3618,F
1690,1,HappyBirthday,665,14600.9,F,1,5.49479e-05,4.79272,724.733,0.0344838,F
1690,1,HappyBirthday,1052,4745,M,1,0.110682,2.7324,4.9102,36.7014,F
1690,1,HappyBirthday,922,8760.21,M,0,0,0.167663,0,0,F
1691,1,HappyBirthday,2,7300.57,F,1,7.91496e-06,0.931898,225.917,0.00259534,F
1691,1,HappyBirthday,74,9490.48,M,1,0.0011156,0.108389,0.14582,0.346915,F
1692,1,HappyBirthday,139,31390.2,F,1,0,0.805789,56.2085,0,F
1692,1,HappyBirthday,1476,365,F,1,0.332211,1.41968,4102.58,192.4,F
1692,1,Births,1517,0,F,0,0,0.290625,0,0,F
1693,1,HappyBirthday,219,31390,M,1,0.0149745,29.1643,8.84019,4.785,F
1694,1,HappyBirthday,1112,4015,F,1,0.00492302,1.10154,0.183867,1.53415,F
1694,1,HappyBirthday,1477,365,F,0,0,0.0402793,0,0,F
1694,1,HappyBirthday,1176,3285,F,1,0.00999886,3.07178,54042.6,26.4197,F
1694,1,HappyBirthday,1247,2555,M,0,0,0.0450592,0,0,F
1694,1,HappyBirthday,937,32120.9,M,1,0.000102851,0.821411,1.61913,0.032172,F
1694,1,Births,1518,0,M,0,0,0.304343,0,0,F
1695,1,HappyBirthday,1361,1460,M,1,0.171095,3.66963,1088.96,64.8037,F
1695,1,HappyBirthday,231,8395.03,M,1,0.820051,0.451467,0.68197,533.794,F
1695,1,HappyBirthday,1437,730,M,0,0,0.0485672,0,0,F
1695,1,HappyBirthday,1025,5110,F,1,0.000150221,0.705132,9672.81,0.523031,F
1695,1,HappyBirthday,746,14600.3,F,1,0.000953834,0.122981,35.0334,0.31125,F
1695,1,HappyBirthday,865,8760.85,F,1,0.00123742,0.754859,0.000475,0.38454,F
1695,1,HappyBirthday,1360,1460,M,1,0.0121813,0.182541,1.01502,3.82671,F
1697,1,HappyBirthday,1405,1095,M,0,0,0.0224608,0,0,F
1698,1,HappyBirthday,798,7665.05,M,1,0.691693,0.79371,41.8966,378.989,F
1699,1,HappyBirthday,1406,1095,F,1,0,0.49756,0.26598,0,F
1699,1,HappyBirthday,977,13870.2,F,1,0.000132779,1.56246,0.212551,0.0413486,F
1700,1,HappyBirthday,1362,1460,M,1,0.400613,0.521999,2128.63,172.737,F
1700,1,HappyBirthday,1478,365,M,1,0.520734,0.803146,186.02,296.105,F
1701,1,HappyBirthday,1407,1095,M,0,0,0.0337937,0,0,F
1701,1,HappyBirthday,353,10950.6,F,1,0.0333473,0.544909,611.345,10.7769,F
1701,1,HappyBirthday,1285,2190,F,1,6.44452e-05,1.90805,41.894,0.021286,F
1701,1,HappyBirthday,716,10586,M,1,0.00152958,0.0854729,1152.28,2.43979,F
1701,1,HappyBirthday,797,20075.3,M,1,0.0231443,0.112398,406.444,7.28023,F
1702,1,HappyBirthday,1363,1460,M,1,0.00365737,0.415914,32.2181,1.22488,F
1702,1,HappyBirthday,623,9855.76,F,1,0.171007,1.08006,0.782991,58.3054,F
1702,1,HappyBirthday,790,17885.3,M,0,0,0.142438,0,0,F
1702,1,Births,1519,0,F,0,0,0.941338,0,0,F
1703,1,HappyBirthday,167,6935.74,M,1,0.00682933,1.21379,485.604,3.49859,F
1703,1,HappyBirthday,1142,3650,F,1,0.000305544,0.199708,1.0404,0.0950031,F
1703,1,HappyBirthday,1479,365,M,1,0.0175557,0.109129,1.51404,5.5322,F
1704,1,HappyBirthday,117,13505.4,M,1,0.000411966,0.327529,0.247302,0.128078,F
1704,1,HappyBirthday,220,33580.7,M,1,0.000293405,0.535584,4.89181,0.0920044,F
1704,1,HappyBirthday,281,7300.18,M,1,0.00750508,0.45361,12.374,2.36576,F
1704,1,HappyBirthday,1408,1095,M,1,0.946705,4.37998,439.219,1086.14,F
1705,1,HappyBirthday,10,22265.2,M,1,0.00463746,0.892924,65.1031,1.8797,F
1705,1,HappyBirthday,180,9855.75,F,1,0.0208297,20.5771,736.655,27.1193,F
1706,1,HappyBirthday,87,16060.1,M,1,0.136852,0.699791,0.195998,45.7484,F
1706,1,HappyBirthday,176,18250.9,M,1,0.00137968,0.530433,434.876,0.677822,F
1706,1,HappyBirthday,538,11680.5,M,1,0.00486606,4.35506,11.0965,1.54035,F
1706,1,HappyBirthday,567,19345.8,M,0,0,0.0523379,0,0,F
1707,1,HappyBirthday,197,5475.37,F,1,0.0144455,2.97717,929.482,4.67183,F
1707,1,HappyBirthday,1084,4380,M,1,0.0013621,5.6414,379.628,1.10913,F
1707,1,HappyBirthday,888,15330.3,F,1,2.62599e-05,0.817472,242.287,0.010544,F
1707,1,HappyBirthday,925,7300.94,F,1,0,0.0882846,0.142636,0,F
1708,1,HappyBirthday,234,5840.39,M,1,0.239464,7.44663,250.01,172.617,F
1708,1,HappyBirthday,886,29930.9,M,1,0.00648201,5.29892,0.339912,2.02094,F
1709,1,HappyBirthday,1027,5110,F,1,0.0192349,2.72529,990.144,26.9216,F
1709,1,HappyBirthday,931,9855.69,M,1,0.000889754,0.404687,39.9475,0.296006,F
1710,1,HappyBirthday,1480,365,F,0,0,0.0249521,0,0,F
1710,1,HappyBirthday,236,5840.88,F,1,0.000383805,15.1571,18.0525,0.127415,F
1710,1,HappyBirthday,1328,1825,F,1,0.000199606,0.400654,11596.1,0.787388,F
1710,1,HappyBirthday,1177,3285,M,1,6.40677e-05,0.74507,0,0.0199229,F
1711,1,HappyBirthday,456,8395.39,M,1,1.36173e-05,0.298582,9.07174,0.0044286,F
1712,1,HappyBirthday,1211,2920,F,1,0.017052,3.40873,2.37013,5.36632,F
1712,1,HappyBirthday,189,10950.2,M,1,0.0633148,5.08147,2.21807,20.3273,F
1712,1,HappyBirthday,1053,4745,M,1,0.0309061,1.38501,0.313376,9.75661,F
1713,1,HappyBirthday,286,15330,F,1,0.52685,0.464649,80.2152,300.753,F
1714,1,HappyBirthday,442,5475.83,M,0,0,0.0199865,0,0,F
1714,1,HappyBirthday,560,30295.3,F,1,0.00152766,1.15137,7.40513,0.48609,F
1714,1,HappyBirthday,605,17155.7,F,1,1.19157e-05,0.230024,0.880353,0.0037172,F
1714,1,HappyBirthday,1178,3285,M,0,0,0.0179098,0,0,F
1715,1,HappyBirthday,257,14965.2,F,1,0.00755593,0.764428,17.3184,2.37592,F
1715,1,HappyBirthday,745,10950.9,F,1,0.000115514,0.380826,10.7106,0.036815,F
1716,1,HappyBirthday,1054,4745,F,1,0.00352586,1.08244,25.7294,1.232,F
1716,1,HappyBirthday,1287,2190,M,1,0.602386,0.173154,267.629,290.945,F
1717,1,HappyBirthday,564,16425.8,M,1,0.000175723,0.184239,0.253293,0.0546288,F
1717,1,HappyBirthday,904,15330.8,M,1,0.00766858,0.664158,453.382,6.67461,F
1718,1,HappyBirthday,196,32120.7,M,0,0,0.0888534,0,0,F
1718,1,HappyBirthday,570,6570.07,M,1,0.00227725,3.49906,0.239599,0.7088,F
1718,1,HappyBirthday,815,13870.2,F,0,0,0.576092,0,0,F
1718,1,HappyBirthday,934,14600.9,F,1,0.000213011,2.19709,2.45099,0.0667674,F
1719,1,HappyBirthday,100,10220.7,M,1,0.0160329,6.14175,155.878,5.83837,F
1719,1,HappyBirthday,211,27010.1,M,1,0,1.38707,0.0081024,0,F
1719,1,HappyBirthday,999,19710.3,F,1,0.00109198,38.4745,0.0250958,0.339489,F
1720,1,HappyBirthday,1179,3285,F,1,0.322672,1.11452,18.1945,122.145,F
1720,1,HappyBirthday,116,6570.64,M,1,0.0835389,0.718386,36.1604,31.5096,F
1720,1,HappyBirthday,1409,1095,M,1,0.00368977,0.863584,4600.46,2.05765,F
1720,1,HappyBirthday,1145,3650,M,1,0.000532947,1.80539,431.339,0.189044,F
1720,1,HappyBirthday,776,10220.5,M,1,0.000477224,2.81712,0.0344006,0.148275,F
1720,1,HappyBirthday,831,26645.7,F,1,0.000252511,0.225812,2e-07,0.07845,F
1721,1,HappyBirthday,1085,4380,M,1,0.00137003,0.223176,7670.94,0.509291,F
1721,1,HappyBirthday,1212,2920,M,1,0.00398987,1.40432,214.029,1.68667,F
1721,1,HappyBirthday,1114,4015,M,0,0,0.145491,0,0,F
1721,1,HappyBirthday,1364,1460,F,1,0.0116426,0.325531,8.81407,3.7392,F
1722,1,HappyBirthday,1438,730,F,1,0.00130752,0.961551,32491.7,0.73052,F
1723,1,HappyBirthday,1288,2190,F,1,0,0.207519,40.9435,0,F
1723,1,HappyBirthday,1331,1825,M,1,0.0455936,0.233026,33.8364,15.347,F
1723,1,HappyBirthday,451,6935.33,F,1,0.000133498,2.33901,0.00946448,0.0415362,F
1723,1,HappyBirthday,1146,3650,F,1,0.00207932,8.76493,157.957,0.727188,F
1724,1,HappyBirthday,1439,730,F,1,0.000418155,0.898928,19311.2,4.43141,F
1724,1,HappyBirthday,460,13140.1,F,0,0,0.0406761,0,0,F
1724,1,HappyBirthday,967,9125.5,F,1,0.138078,1.83353,2114.92,179.852,F
1724,1,Births,1520,0,F,0,0,0.00650695,0,0,F
1725,1,HappyBirthday,22,11315.2,F,1,0.0674576,0.285546,2.25704,21.7741,F
1725,1,HappyBirthday,1441,730,F,1,0.526162,0.159048,590.508,293.95,F
1725,1,HappyBirthday,1440,730,F,0,0,0.0886912,0,0,F
1725,1,HappyBirthday,395,18980.4,F,1,2.24637e-06,0.604835,958.049,0.0027132,F
1725,1,HappyBirthday,995,6935.02,M,1,0.134164,0.303908,1832.88,47.0174,F
1725,1,HappyBirthday,801,8030.14,F,1,0.00011279,1.36747,205.068,0.039139,F
1726,1,HappyBirthday,1410,1095,F,1,0.000224733,6.28616,2072.6,0.187777,F
1726,1,HappyBirthday,558,8395.64,F,1,1.02411e-06,0.206593,104470,0.007829,F
1726,1,HappyBirthday,920,16425.1,M,1,0.000229376,0.240083,1.2058,0.0712402,F
1727,1,HappyBirthday,299,17520.1,M,1,0.0091525,0.890597,0.0828496,2.85722,F
1727,1,HappyBirthday,1481,365,M,1,0.223239,0.993001,5508.53,1260.04,F
1728,1,HappyBirthday,150,9855.18,F,1,0.000274131,2.23686,9.14189,0.0853572,F
1728,1,HappyBirthday,1365,1460,M,1,0.0609566,4.53666,760.631,40.4271,F
1729,1,HappyBirthday,144,17885.3,M,1,0.00268506,1.73787,33.644,0.841164,F
1729,1,HappyBirthday,175,7300.41,M,1,0.125173,3.08007,993.267,42.8297,F
1729,1,HappyBirthday,1366,1460,F,0,0,0.048572,0,0,F
1729,1,HappyBirthday,966,22630.4,M,1,0.000235507,0.341042,906.88,0.151244,F
1729,1,HappyBirthday,501,8030.37,M,1,0.0015889,1.19726,0.0005522,0.49408,F
1729,1,HappyBirthday,621,14965.9,F,1,0.0226055,5.68839,53.3803,7.12858,F
1730,1,HappyBirthday,156,14600.5,M,1,0.00173173,3.62393,230.274,0.571672,F
1730,1,HappyBirthday,161,12410.1,M,1,0.0287119,1.76858,0.0037948,9.05331,F
1730,1,HappyBirthday,262,6205.28,M,1,0.000284992,11.3131,478.642,0.152326,F
1730,1,HappyBirthday,502,5840.2,F,0,0,0.0867177,0,0,F
1731,1,HappyBirthday,948,20805.2,F,1,0.00166241,1.91783,249.267,0.549543,F
1732,1,HappyBirthday,107,15695.2,F,1,0,0.0655782,0.649646,0,F
1733,1,HappyBirthday,1367,1460,M,1,0.1229,0.731767,701.21,45.0765,F
1733,1,HappyBirthday,17,7665.46,F,1,1.87972e-06,6.93805,1.06845,0.000586,F
1733,1,HappyBirthday,1443,730,M,1,0.321242,7.39719,247.293,161.907,F
1733,1,HappyBirthday,540,8030.98,F,1,3.00878e-07,0.103025,4518.09,0.0014002,F
1733,1,HappyBirthday,1442,730,F,0,0,0.717702,0,0,F
1733,1,HappyBirthday,832,13140.2,F,1,0.0934397,0.538235,4579.98,64.2107,F
1733,1,Births,1521,0,M,0,0,0.120406,0,0,F
1733,1,Births,1522,0,F,0,0,0.000949127,0,0,F
1734,1,HappyBirthday,263,11680.7,M,1,0.000268509,0.373124,898.415,0.0969158,F
1734,1,HappyBirthday,863,18615.6,M,1,6.53149e-07,0.775007,3.16262,0.0002036,F
1736,1,HappyBirthday,255,5475.54,M,1,0.00102066,12.9044,78.5358,0.331044,F
1737,1,HappyBirthday,261,28105.8,M,1,0.215167,0.242497,1.71195,75.3031,F
1739,1,HappyBirthday,1411,1095,M,1,0.00274452,3.51244,16.9037,0.926916,F
1739,1,HappyBirthday,1444,730,F,1,0.00373348,3.96557,111.496,1.4105,F
1739,1,HappyBirthday,1213,2920,M,1,7.67395e-05,0.196942,40.986,0.0252459,F
1739,1,HappyBirthday,1249,2555,F,1,0.00166965,0.233563,13.9696,0.556021,F
1739,1,Births,1523,0,M,0,0,0.0910349,0,0,F
1740,1,HappyBirthday,1028,5110,F,1,0.0019083,0.40853,92.1102,0.846223,F
1740,1,HappyBirthday,507,10951,F,1,0.00541494,0.973698,0.309827,1.68808,F
1740,1,HappyBirthday,1483,365,F,0,0,0.0156551,0,0,F
1740,1,HappyBirthday,868,15330.1,F,1,0.00874566,0.431668,6168.92,3.58475,F
1740,1,HappyBirthday,1446,730,F,1,0.0763305,1.43259,5663.17,273.698,F
1741,1,HappyBirthday,1116,4015,M,1,0.605583,0.100196,3116.86,346.035,F
1741,1,HappyBirthday,633,8030.63,M,1,3.35802e-05,0.169555,5.11281,0.0107428,F
1741,1,HappyBirthday,645,15695.4,F,1,0,0.790841,0.009,0,F
1741,1,HappyBirthday,869,9490.9,M,1,0.0924827,0.293369,122.061,35.7536,F
1742,1,HappyBirthday,543,21170.3,M,1,1.84028e-06,0.649395,881.129,0.0026046,F
1742,1,HappyBirthday,1250,2555,M,1,0.0605043,16.6619,127.34,21.0955,F
1742,1,HappyBirthday,697,5840.33,M,1,1.57317e-05,1.68502,3599.88,0.0115956,F
1742,1,HappyBirthday,817,17155.9,F,1,0.00116239,7.11627,0.266892,0.361482,F
1743,1,HappyBirthday,812,5475.5,F,1,0.000489275,1.782,0.0614746,0.152259,F
1744,1,HappyBirthday,118,7665.68,M,1,0.350744,0.429552,39.2541,135.365,F
1744,1,HappyBirthday,1148,3650,F,1,0.00157759,0.290588,0.0275644,0.49094,F
1745,1,HappyBirthday,1369,1460,M,1,0.000680161,1.48038,768.039,0.453813,F
1745,1,HappyBirthday,1332,1825,F,1,0.0875331,0.685851,126.036,33.9394,F
1746,1,HappyBirthday,991,14600.3,M,1,3.55421e-06,0.499038,649.377,0.003866,F
1746,1,HappyBirthday,181,30660.8,M,0,0,0.145586,0,0,F
1746,1,HappyBirthday,240,5840.25,F,1,0,0.078001,102.576,0,F
1747,1,HappyBirthday,537,6935.53,F,1,0.000113823,44.0418,0.273445,0.0354214,F
1747,1,HappyBirthday,628,14600.4,F,1,0.000217297,3.2555,6566.77,0.164039,F
1748,1,HappyBirthday,552,5840.66,M,1,0.00338022,3.71474,65.2379,1.16029,F
1749,1,HappyBirthday,646,6935.51,F,1,0.000624915,0.517642,76.3848,0.194232,F
1749,1,HappyBirthday,882,12410.5,M,1,0.000153706,0.721773,1893.53,0.287445,F
1749,1,HappyBirthday,916,9125.01,M,1,0.00133777,10.2053,0.103875,0.416151,F
1750,1,HappyBirthday,42,5475.49,F,1,0.0142965,1.87641,24205,18.1005,F
1750,1,HappyBirthday,1180,3285,M,1,0.119106,1.10984,60.0367,42.7495,F
1751,1,HappyBirthday,39,7665.42,M,1,0.0158605,3.51608,12.5499,4.97188,F
1751,1,HappyBirthday,242,26280.9,M,1,0.00209041,0.437813,221.082,1.23468,F
1751,1,HappyBirthday,470,6205.69,F,1,0.0816479,1.55876,138.292,31.1789,F
1751,1,HappyBirthday,675,20805,F,1,0.0288275,2.4508,115.561,9.09489,F
1752,1,HappyBirthday,1289,2190,F,1,4.11951e-05,0.0657987,1286.54,0.0695772,F
1752,1,HappyBirthday,72,6205.98,M,1,0.027097,0.674119,1881.89,39.1815,F
1752,1,HappyBirthday,1214,2920,M,1,0,0.113194,0,0,F
1752,1,HappyBirthday,1290,2190,M,1,0.00579584,1.80193,6316.44,13.5902,F
1753,1,HappyBirthday,1447,730,M,0,0,0.00448298,0,0,F
1754,1,HappyBirthday,349,6935.18,F,1,0.0556516,1.60403,0.00425972,17.7955,F
1754,1,HappyBirthday,505,13140.6,M,1,0.00635218,4.4158,465.142,1.98111,F
1754,1,HappyBirthday,1089,4380,M,1,0.0190928,1.58321,1669.9,18.0607,F
1755,1,HappyBirthday,1057,4745,M,1,0.0420055,0.73815,48.5505,14.1918,F
1755,1,HappyBirthday,536,23360.1,F,1,0.0033032,0.736745,3.58956,1.03212,F
1755,1,HappyBirthday,1181,3285,M,0,0,0.14936,0,0,F
1756,1,HappyBirthday,1484,365,M,1,0.055863,2.704,445.064,47.5761,F
1757,1,HappyBirthday,31,7300.58,M,1,0.000708921,2.13844,17.4739,0.220917,F
1757,1,HappyBirthday,423,8030.73,M,1,0.0792042,0.25375,0.202894,25.6488,F
1757,1,HappyBirthday,796,11316,F,1,0.163199,0.100743,5.04397,55.6158,F
1759,1,HappyBirthday,29,20075.9,M,1,0.00212437,1.55459,0.130378,0.661034,F
1759,1,HappyBirthday,49,7300.23,F,1,0.11658,0.540749,0.228802,38.5263,F
1759,1,HappyBirthday,1291,2190,M,1,0.000837022,2.25411,2077.99,1.04493,F
1759,1,HappyBirthday,1292,2190,F,1,0.00341729,1.94857,70.409,1.18234,F
1759,1,HappyBirthday,1090,4380,F,1,0.00323661,0.136375,1.18743,1.00741,F
1759,1,HappyBirthday,700,17520.3,M,1,0.000296953,0.830982,5694.61,0.114525,F
1759,1,Births,1524,0,F,0,0,0.00938076,0,0,F
1760,1,HappyBirthday,307,15695.6,M,1,0.208173,2.09741,74.481,72.9665,F
1760,1,HappyBirthday,593,26280,M,1,0.0328271,1.97233,0.0034018,10.373,F
1760,1,Births,1525,0,M,0,0,0.108833,0,0,F
1761,1,HappyBirthday,253,6205.05,M,1,0.000429504,1.80001,0.00157802,0.133595,F
1761,1,HappyBirthday,1370,1460,M,0,0,0.00920536,0,0,F
1761,1,HappyBirthday,1333,1825,F,1,0.00950977,0.205405,45492.4,41.5811,F
1761,1,HappyBirthday,1029,5110,F,1,0.00254727,12.4256,23045.5,13.8415,F
1762,1,HappyBirthday,1252,2555,M,1,0.0866217,0.392903,553.288,28.1629,F
1762,1,HappyBirthday,994,10220.9,F,1,0.050923,20.056,112.389,19.0478,F
1762,1,HappyBirthday,975,28835.9,M,1,0.000285556,0.650189,46.8032,0.0949902,F
1763,1,HappyBirthday,731,17885.4,F,1,0.11442,3.0563,0.0851224,37.7619,F
1764,1,HappyBirthday,1253,2555,F,1,0.044318,0.374872,40.8774,14.9786,F
1764,1,HappyBirthday,713,5840.37,F,1,0.00561003,14.5782,0.0449538,1.74799,F
1764,1,HappyBirthday,940,10950.6,M,1,0.00480994,0.316611,686.745,2.78684,F
1765,1,HappyBirthday,376,18615.8,F,1,0.00217332,18.8166,0.116852,0.67661,F
1765,1,HappyBirthday,1183,3285,F,1,0.0296029,0.408465,2984.4,11.2565,F
1766,1,HappyBirthday,1184,3285,F,1,0.000319993,1.17261,7.55438,0.102046,F
1766,1,HappyBirthday,1118,4015,M,1,0.0852589,0.482212,995.357,30.2812,F
1766,1,HappyBirthday,1412,1095,M,1,3.37207e-05,0.295742,1290.4,0.0561699,F
1767,1,HappyBirthday,35,12045.9,M,1,0.0794288,3.40318,28.1522,25.7263,F
1767,1,HappyBirthday,282,9125.13,M,1,0.822512,0.733655,78.5449,656.475,F
1767,1,HappyBirthday,433,20075.2,M,1,0.00144396,0.187611,40.9484,0.471658,F
1767,1,HappyBirthday,598,14965.6,M,0,0,0.262616,0,0,F
1767,1,HappyBirthday,714,6935.11,F,1,0.00029819,6.90669,6.89552,0.0928169,F
1767,1,HappyBirthday,1216,2920,M,1,0.00840253,0.556914,12.8554,2.77833,F
1767,1,HappyBirthday,1185,3285,F,1,3.69577e-05,0.974814,1215.54,0.029999,F
1768,1,HappyBirthday,1448,730,M,0,0,0.0297674,0,0,F
1768,1,HappyBirthday,1485,365,M,0,0,0.127779,0,0,F
1768,1,HappyBirthday,397,28105.2,F,1,0.000849255,0.18643,81.4638,0.266861,F
1768,1,HappyBirthday,411,9125.14,F,1,0.0195278,0.353714,1005.56,6.27023,F
1768,1,Births,1526,0,M,0,0,0.0389595,0,0,F
1769,1,HappyBirthday,1119,4015,M,1,0.00288182,0.135588,24.8665,0.991575,F
1769,1,HappyBirthday,1150,3650,M,1,0.0138182,0.710068,58.8332,4.42411,F
1769,1,HappyBirthday,1413,1095,F,1,0.700797,0.136582,5116.4,856.667,F
1770,1,HappyBirthday,1414,1095,F,1,0.64174,2.80257,2125.36,369.13,F
1770,1,HappyBirthday,554,5475.65,M,1,6.36038e-05,0.714926,4.93716,0.019903,F
1771,1,HappyBirthday,13,6570.37,M,1,0.0175381,0.423925,1459.88,30.4505,F
1771,1,HappyBirthday,1120,4015,F,1,0.107042,2.03002,37.0548,35.4896,F
1771,1,HappyBirthday,965,5840.78,F,1,0.000808628,1.67796,1.2142,0.25237,F
1771,1,HappyBirthday,1294,2190,F,1,0.0136905,1.33217,37.176,5.05313,F
1771,1,HappyBirthday,960,30660.6,F,1,0.0177668,1.20503,4.83407,5.58624,F
1772,1,HappyBirthday,309,20075.6,F,1,0.000184197,0.946755,0.337656,0.057324,F
1772,1,HappyBirthday,344,10950.5,M,1,0.0372164,2.42002,430.28,29.4899,F
1773,1,HappyBirthday,293,7300.33,M,1,0.267717,0.481596,0.235173,96.8546,F
1773,1,HappyBirthday,339,18615.8,M,1,0.0298501,1.65092,115.828,11.0585,F
1773,1,HappyBirthday,483,21170.1,F,1,0.0012142,0.316691,11956.3,0.648972,F
1773,1,HappyBirthday,842,5840.81,M,0,0,0.0204853,0,0,F
1774,1,HappyBirthday,375,21535,F,1,0,0.113317,6.70262,0,F
1775,1,HappyBirthday,1295,2190,M,1,0.547175,0.107168,474.737,251.116,F
1776,1,HappyBirthday,383,20805.3,M,1,3.8594e-05,1.53386,9381.67,0.255382,F
1776,1,HappyBirthday,846,12775.9,M,1,0.071432,0.171867,7514.77,174.253,F
1777,1,HappyBirthday,184,15695.3,M,1,0.040459,0.986672,81.9459,13.1859,F
1777,1,HappyBirthday,379,12045.9,F,1,0.00257792,2.77036,0.0001176,0.802113,F
1777,1,HappyBirthday,582,9855.73,M,1,0.000204799,0.858031,0.266051,0.0636562,F
1777,1,HappyBirthday,736,5475.93,M,1,0.00219771,2.28504,14.4229,0.685347,F
1777,1,HappyBirthday,1334,1825,M,1,0.0255104,0.445614,1106.17,19.3764,F
1777,1,Births,1527,0,M,0,0,0.087444,0,0,F
1778,1,HappyBirthday,406,20075.9,F,1,0.000356551,1.98699,0.0003426,0.110719,F
1778,1,HappyBirthday,852,18980.8,F,1,0.000250115,0.18191,0.0550332,0.0776446,F
1779,1,HappyBirthday,202,5475.37,F,1,0.0190824,3.91139,1892.49,27.5718,F
1779,1,HappyBirthday,384,27740.3,F,1,0.198985,0.20693,794.327,261.404,F
1780,1,HappyBirthday,50,16425.3,F,1,0.00630614,0.136813,547.931,3.49477,F
1780,1,HappyBirthday,1058,4745,F,0,0,0.0536592,0,0,F
1780,1,Births,1528,0,M,0,0,0.112252,0,0,F
1781,1,HappyBirthday,1449,730,F,0,0,0.016058,0,0,F
1781,1,HappyBirthday,315,11315.6,F,1,0.00317695,0.612695,0.0733476,0.988993,F
1781,1,HappyBirthday,1450,730,M,1,0.000956599,2.03773,35.5285,0.311557,F
1781,1,HappyBirthday,1486,365,F,0,0,0.00740325,0,0,F
1781,1,HappyBirthday,1335,1825,M,1,1.13405e-06,5.02284,9202.33,0.00382668,F
1782,1,HappyBirthday,1296,2190,F,1,0.280982,0.155719,51.3658,105.973,F
1782,1,HappyBirthday,85,7300.77,F,1,0.000705064,14.8988,1.44136,0.219582,F
1782,1,HappyBirthday,1254,2555,M,1,0.029509,0.226438,5.17688,9.41919,F
1782,1,HappyBirthday,542,25915.8,M,0,0,0.330329,0,0,F
1782,1,HappyBirthday,893,15330,M,0,0,0.117516,0,0,F
1783,1,HappyBirthday,476,13870.1,M,1,0.00762567,0.308451,0.0002522,2.37909,F
1783,1,HappyBirthday,521,27740.3,F,0,0,0.266611,0,0,F
1784,1,HappyBirthday,1297,2190,M,1,0.247378,0.528029,87.1515,95.4517,F
1784,1,Births,1529,0,F,0,0,0.00719645,0,0,F
1785,1,HappyBirthday,679,6205.81,F,1,0.0223711,3.53569,14.3454,7.47705,F
1785,1,HappyBirthday,722,7665.76,F,1,0.0266473,0.511262,21.7106,8.91017,F
1785,1,HappyBirthday,900,9855.18,M,1,0.0417926,17.542,0.603098,13.2678,F
1786,1,HappyBirthday,1298,2190,M,1,0.0306644,8.34552,4683.97,61.9586,F
1786,1,HappyBirthday,1121,4015,F,1,0.0669669,2.67187,9.24172,22.1977,F
1786,1,HappyBirthday,516,11680.3,M,1,9.88777e-07,1.36417,2902.1,0.0014268,F
1788,1,HappyBirthday,108,10220.4,M,1,0.000104539,1.85164,5283.16,0.171997,F
1788,1,HappyBirthday,1217,2920,M,1,0,0.139628,0.026094,0,F
1789,1,HappyBirthday,114,35770.3,M,1,0.020206,0.240526,6.24053,6.4617,F
1789,1,HappyBirthday,162,8760.43,M,1,0.0019106,1.1105,0.0005642,0.59442,F
1789,1,HappyBirthday,448,13870.4,M,1,0.140819,0.136758,0.41078,47.2103,F
1790,1,HappyBirthday,279,14235.2,M,1,0.000798869,0.592824,29.2253,0.278584,F
1790,1,HappyBirthday,1336,1825,M,1,0.00261975,2.45871,14887,24.7949,F
1790,1,HappyBirthday,297,14965.9,F,1,0.0304532,19.8717,0.175591,9.61495,F
1790,1,HappyBirthday,380,20805.2,F,1,0,0.758413,0.103043,0,F
1790,1,HappyBirthday,1218,2920,M,0,0,0.0446225,0,0,F
1790,1,HappyBirthday,753,8030.35,F,1,0.00114992,1.9695,58.6711,0.443126,F
1791,1,HappyBirthday,1415,1095,F,1,0.0252954,1.29785,1752.89,49.6301,F
1791,1,HappyBirthday,659,5475.56,M,1,0.000927392,0.348784,2.19423,0.288461,F
1792,1,HappyBirthday,1451,730,F,1,0.243759,0.105742,2.43391,87.8959,F
1792,1,HappyBirthday,514,11315.8,M,1,9.24902e-05,0.183541,1.84e-05,0.0287522,F
1792,1,HappyBirthday,781,6205.44,F,1,0.00217308,0.341876,18.8162,0.693474,F
1793,1,HappyBirthday,1186,3285,M,1,0.0298213,1.07623,71.2107,10.2852,F
1793,1,HappyBirthday,238,17520.1,F,1,4.43931e-07,0.0655318,2332.79,0.000545,F
1793,1,HappyBirthday,890,11680.6,M,1,0.000866333,46.9762,18.0768,0.272126,F
1794,1,HappyBirthday,23,17155.8,M,1,0.0207124,0.355557,33.7126,7.52475,F
1794,1,HappyBirthday,1219,2920,M,1,0.0160317,8.31751,7.4913,5.03244,F
1794,1,HappyBirthday,1059,4745,M,1,0,0.244013,0,0,F
1794,1,HappyBirthday,695,31025.2,F,1,0,0.260972,114.14,0,F
1794,1,HappyBirthday,1452,730,M,1,0.0392001,0.313952,69.7744,13.9141,F
1794,1,Births,1530,0,M,0,0,0.567429,0,0,F
1795,1,HappyBirthday,401,19345.1,F,1,0.0161076,3.83051,654.721,5.64577,F
1796,1,HappyBirthday,203,27740.4,F,1,0.00162713,2.57304,0.577589,0.50591,F
1796,1,HappyBirthday,492,22265.2,M,1,1.12731e-06,0.28457,37.3357,0.000358,F
1796,1,HappyBirthday,1338,1825,M,1,0.104576,1.3484,361.376,39.8777,F
1796,1,HappyBirthday,779,25550.7,M,1,0.114568,3.53906,1391.76,64.812,F
1797,1,HappyBirthday,996,27740,M,1,0.0200841,0.707707,56.8811,6.84452,F
1797,1,Births,1531,0,M,0,0,0.0391948,0,0,F
1798,1,HappyBirthday,1416,1095,M,1,0.0178335,3.47264,5073.92,74.3316,F
1798,1,HappyBirthday,508,17155,M,1,0.120625,0.1121,0.496928,39.9515,F
1798,1,HappyBirthday,515,10950.8,M,1,0.00242988,2.03786,2.64949,0.756854,F
1800,1,HappyBirthday,1487,365,M,1,0.688864,0.126041,1268.22,1109.62,F
1800,1,HappyBirthday,1339,1825,F,1,0.0335829,1.68916,18.1321,10.9628,F
1800,1,HappyBirthday,1417,1095,F,1,0.18967,0.0358203,1484.64,345.235,F
1800,1,HappyBirthday,1255,2555,F,1,0.000262277,9.09049,4.51447,0.0828174,F
1800,1,HappyBirthday,913,6205.87,M,1,0.000849797,0.0464212,0.00559987,0.264076,F
1800,1,Births,1532,0,M,0,0,0.167853,0,0,F
1802,1,HappyBirthday,1299,2190,M,1,0.00355986,5.82993,100.167,1.29632,F
1804,1,HappyBirthday,27,16060.4,F,1,0,0.431579,0.403246,0,F
1805,1,HappyBirthday,1488,365,M,1,0.00138415,0.0249262,0.0486524,0.430431,F
1806,1,HappyBirthday,295,16425.2,F,1,0.113113,0.234121,239.136,49.721,F
1806,1,HappyBirthday,1256,2555,F,1,4.48701e-05,1.4088,5183.65,0.0997019,F
1807,1,HappyBirthday,1188,3285,F,1,0.00147244,3.55679,25.1919,0.477294,F
1807,1,HappyBirthday,748,14600.7,F,1,0.100215,0.215157,3.07368,32.986,F
1808,1,HappyBirthday,1189,3285,F,1,0.205501,1.11226,282.607,101.312,F
1809,1,HappyBirthday,1220,2920,M,1,0.148751,2.63354,95.678,58.4217,F
1809,1,HappyBirthday,398,8395.77,M,1,0.00153632,0.480306,66.6276,0.540097,F
1809,1,HappyBirthday,1091,4380,F,1,0.00279192,2.20862,3.26084,0.870057,F
1810,1,HappyBirthday,174,14965.5,M,1,0.00131182,1.17721,0.993813,0.408497,F
1810,1,HappyBirthday,1418,1095,F,1,0.000159577,0.443996,16320.8,0.385,F
1810,1,HappyBirthday,651,12410.4,F,1,0.00140926,3.24119,0.0622596,0.438407,F
1811,1,HappyBirthday,1221,2920,M,1,0.00741631,0.277051,0.0171468,2.31333,F
1811,1,HappyBirthday,80,6205.48,F,1,0.00475864,1.31796,2.26399,1.49574,F
1811,1,HappyBirthday,1123,4015,F,1,1.06951e-05,2.85748,0.00161176,0.00333313,F
1812,1,HappyBirthday,1489,365,M,0,0,0.0529888,0,0,F
1812,1,HappyBirthday,1300,2190,F,1,0.0339444,0.126208,52.5861,10.7328,F
1812,1,HappyBirthday,823,13870.7,F,1,0.0483476,1.52571,193.868,20.35,F
1813,1,HappyBirthday,1124,4015,F,1,0.229367,0.208278,0.845683,81.0197,F
1813,1,HappyBirthday,378,29565.8,F,1,0.000547128,1.21726,31.4237,0.177612,F
1813,1,HappyBirthday,422,5840.63,F,1,0.0024896,1.14386,9.07762,0.782928,F
1813,1,HappyBirthday,959,6935.38,M,1,0.49226,0.873164,25.2849,232.74,F
1813,1,HappyBirthday,671,14235.2,M,0,0,0.171539,0,0,F
1813,1,HappyBirthday,911,25185.4,F,1,0.00137562,1.10819,797.118,0.970473,F
1813,1,HappyBirthday,1454,730,F,1,0.00186285,0.0597243,18.7917,0.628369,F
1814,1,HappyBirthday,1302,2190,F,1,0.0149786,0.564379,3.43027,4.69198,F
1814,1,HappyBirthday,500,8030.71,F,1,0.10982,1.74869,2.59167,36.2929,F
1814,1,HappyBirthday,1153,3650,F,1,0.463221,16.4047,8.40252,197.542,F
1814,1,HappyBirthday,557,7300.79,F,1,0.0293032,2.15351,9.15124,9.3484,F
1814,1,HappyBirthday,561,6205,F,1,0.00107052,1.50294,40.1629,0.338704,F
1814,1,HappyBirthday,664,31390.6,F,1,1.53219e-07,0.728503,2706.49,0.0005056,F
1815,1,HappyBirthday,1062,4745,M,1,0.00879576,4.20534,1549.21,3.87826,F
1815,1,HappyBirthday,1303,2190,F,0,0,0.00690668,0,0,F
1815,1,HappyBirthday,1455,730,F,1,0.0400244,0.15524,158.472,15.4682,F
1816,1,HappyBirthday,348,16790.3,F,1,0.00726222,4.55051,193.761,2.37584,F
1817,1,HappyBirthday,1373,1460,M,0,0,0.0048288,0,0,F
1817,1,HappyBirthday,1304,2190,M,1,0.190593,0.432921,253.802,72.2858,F
1817,1,HappyBirthday,891,12045.7,F,1,0.000266783,0.401631,26.0496,0.0835852,F
1817,1,HappyBirthday,1490,365,M,1,0.438724,1.09744,75.7573,193.084,F
1818,1,HappyBirthday,7,13140,F,1,0.00151371,2.66201,7.91298,0.475245,F
1818,1,HappyBirthday,1092,4380,F,1,0.0141876,5.18509,1.47841,4.44117,F
1819,1,HappyBirthday,1125,4015,F,1,0.00060925,0.104278,1.34482e-05,0.189261,F
1819,1,HappyBirthday,816,10220.6,F,1,0.0946069,0.955328,17.044,32.5731,F
1819,1,Births,1533,0,F,0,0,0.0773592,0,0,F
1821,1,HappyBirthday,484,27375.4,F,0,0,0.0293995,0,0,F
1821,1,HappyBirthday,1491,365,F,0,0,0.00267815,0,0,F
1822,1,HappyBirthday,618,15695.5,F,1,0.00261638,19.3833,336.776,1.23566,F
1823,1,HappyBirthday,32,7665.5,M,1,0.19098,0.436005,209.763,120.776,F
1823,1,HappyBirthday,1093,4380,M,1,0.00326058,0.927308,0.497578,1.01594,F
1823,1,HappyBirthday,1126,4015,M,1,0.291021,1.12188,28.756,114.641,F
1823,1,HappyBirthday,629,8030.32,F,1,0.458746,0.332381,45159.4,1037.57,F
1824,1,Births,1534,0,M,0,0,0.162442,0,0,F
