Time,Node_ID,Event_Name,Individual_ID,Age,Gender,Infected,Infectiousness,RelativeBitingRate,TrueParasiteDensity,TrueGametocyteDensity,HasClinicalSymptoms
1,1,HappyBirthday,690,9125.69,F,1,0,0.0926548,0,0,F
3,1,HappyBirthday,1180,1825,F,1,0.293022,0.144758,5041.54,248.917,F
3,1,HappyBirthday,270,9490.8,M,1,0.0725847,2.80261,0.501344,23.4382,F
3,1,HappyBirthday,739,14600.4,F,1,0.00734305,1.28339,20.0961,2.36972,F
4,1,HappyBirthday,1289,730,F,1,0.169885,0.026053,34.3313,67.2391,F
4,1,HappyBirthday,626,5840.56,F,1,0.235242,0.0424078,1.1138,83.4108,F
4,1,HappyBirthday,695,5840.61,F,1,0.0107247,0.0681849,1556.18,10.4986,F
4,1,HappyBirthday,727,4380.76,F,1,0.604288,1.41397,29.5038,292.676,F
5,1,HappyBirthday,12,5110.31,F,1,0.213819,2.54409,33.4472,85.3493,F
5,1,HappyBirthday,131,20440.7,M,1,9.57742e-05,0.779392,286.281,0.0426696,F
5,1,HappyBirthday,1181,1825,F,1,0.22658,0.273489,1602.71,103.007,F
5,1,HappyBirthday,540,4745.9,M,1,0.00978352,0.0374331,10.7599,3.22236,F
5,1,HappyBirthday,1075,2920,F,1,0.00544878,0.296615,94.5088,1.87773,F
6,1,HappyBirthday,1002,3650,F,1,0.00106452,0.978603,10706.6,3.97124,F
6,1,HappyBirthday,279,12775.2,F,1,8.60213e-07,0.279126,0.492926,0.0002694,F
6,1,HappyBirthday,1255,1095,M,1,0.732938,0.0902534,140.31,500.102,F
6,1,HappyBirthday,1318,365,M,1,0.208398,0.241641,5141.89,1102.79,F
6,1,HappyBirthday,922,23725.7,M,1,0.123253,0.0558415,9.49358,41.465,F
7,1,HappyBirthday,51,21535.6,M,1,0.128776,1.00899,2385.28,180.832,F
7,1,HappyBirthday,95,4380.36,F,1,0.206226,0.742185,1278.94,73.2002,F
7,1,HappyBirthday,276,17155.7,M,1,0.000103833,2.42796,11.0325,0.0327446,F
7,1,HappyBirthday,946,32850.4,F,1,0.00090499,0.0846754,1.61681,0.28153,F
8,1,HappyBirthday,1257,1095,F,1,0.00242209,0.755682,1.56017,0.754539,F
8,1,HappyBirthday,1256,1095,M,0,0,0.00938743,0,0,F
10,1,HappyBirthday,1319,365,F,0,0,0.00456075,0,0,F
11,1,HappyBirthday,385,13140.2,F,1,0.00802392,69.3045,24.7591,2.81626,F
12,1,HappyBirthday,812,6570.31,F,1,0.00661974,24.7652,52.4633,2.07037,F
13,1,HappyBirthday,1003,3650,M,1,0.0390202,1.1618,59.579,13.3188,F
13,1,HappyBirthday,1215,1460,F,1,0.671,0.0862759,310.704,357.007,F
14,1,HappyBirthday,942,4745.02,F,1,0.0293834,0.722519,159.996,15.5662,F
14,1,HappyBirthday,310,18615.4,F,1,0.0100166,0.38858,9.84898,3.16624,F
14,1,HappyBirthday,1032,3285,M,1,0.00568552,1.08581,49.9178,1.90565,F
15,1,HappyBirthday,200,4015.46,F,1,0.00238916,0.483195,3.04861,0.743298,F
15,1,HappyBirthday,481,8030.53,M,1,0.000175573,0.448584,39.1403,0.061827,F
15,1,HappyBirthday,1216,1460,M,1,0.523947,0.520016,5618.96,478.592,F
15,1,HappyBirthday,1217,1460,M,1,0.0824502,0.0935196,617.233,27.0067,F
16,1,HappyBirthday,267,33580.8,F,1,0.000639374,0.508667,57.4544,0.218461,F
16,1,HappyBirthday,1004,3650,F,1,0.0173706,0.043987,33.8052,5.44583,F
16,1,HappyBirthday,1182,1825,M,0,0,0.0149187,0,0,F
18,1,HappyBirthday,1033,3285,F,1,0.00648399,0.059805,304.71,2.06525,F
18,1,HappyBirthday,780,13870.5,M,1,0.0467497,0.548426,0.20629,14.8913,F
19,1,HappyBirthday,966,31025.9,F,1,0.000939864,1.343,19.5638,0.299628,F
20,1,HappyBirthday,596,12775.3,M,1,0.000336369,0.380903,32566.8,2.45022,F
20,1,HappyBirthday,1320,365,M,1,0.0155987,0.21461,962.53,5.6315,F
21,1,HappyBirthday,1034,3285,F,1,0.00722599,1.46095,72.1212,2.53149,F
21,1,HappyBirthday,917,8760.34,M,1,0.00146444,0.909534,24.6859,0.473672,F
22,1,HappyBirthday,64,7300.32,M,1,0.00100847,1.1382,122731,7.85219,F
22,1,HappyBirthday,175,19710.5,M,1,0.0133929,0.499983,458.154,4.39354,F
22,1,HappyBirthday,959,7665.82,M,1,6.53535e-06,1.27427,1918.95,0.0150098,F
23,1,HappyBirthday,1321,365,M,1,0.00101811,0.0238782,0.0103661,0.316787,F
24,1,HappyBirthday,1035,3285,M,1,0.000117467,1.68207,16022.4,0.499405,F
24,1,HappyBirthday,652,5840.46,F,1,0.00481755,15.8175,0.0120141,1.50094,F
24,1,HappyBirthday,1218,1460,M,1,0.00215637,0.649592,124.074,0.781705,F
24,1,HappyBirthday,1036,3285,F,1,0.3687,0.565994,53.6881,143.757,F
25,1,HappyBirthday,1322,365,F,1,0.344634,0.242639,38015.7,492.032,F
25,1,HappyBirthday,468,4015.62,M,1,0.00252182,0.958943,116.488,0.785309,F
25,1,HappyBirthday,667,5110.3,F,1,0.218991,0.628584,905.363,79.0712,F
25,1,HappyBirthday,1111,2555,F,1,8.74487e-05,0.299412,6472.04,0.227253,F
25,1,HappyBirthday,856,4380.77,F,1,0.000190787,0.263279,7485.47,0.286341,F
25,1,HappyBirthday,878,9125.68,M,1,0.0184611,0.0931982,50.4443,6.29164,F
26,1,HappyBirthday,1220,1460,M,1,0.0646563,0.0304814,7.98184,21.5988,F
26,1,HappyBirthday,1219,1460,F,1,0.039833,0.137908,1924.78,45.1324,F
26,1,HappyBirthday,1037,3285,M,1,0.0154651,3.97894,20.0478,5.01035,F
26,1,HappyBirthday,624,4745.71,F,1,0.00855381,3.15408,0.0424866,2.67098,F
27,1,HappyBirthday,625,18980.6,F,1,0.00149161,1.26719,77.2265,0.471578,F
28,1,HappyBirthday,1005,3650,F,1,0.114199,0.571483,2.15508,37.6868,F
28,1,HappyBirthday,1290,730,M,1,0.0267894,0.117323,35.8129,8.84735,F
28,1,HappyBirthday,1323,365,M,1,0.0425976,0.024291,21368.6,474.99,F
28,1,HappyBirthday,899,19710.5,F,1,0.00369512,0.0613598,30.1094,1.1538,F
29,1,HappyBirthday,126,7300.4,F,1,0.0797879,30.0991,4.16428,25.875,F
30,1,HappyBirthday,2,4015.24,M,1,0.879037,1.27778,47.45,669.668,F
30,1,HappyBirthday,692,6935.83,M,1,0.00171685,0.0572544,0.0573784,0.533938,F
30,1,Births,1355,0,M,0,0,0.0554403,0,0,F
31,1,HappyBirthday,201,5475.12,F,1,0.000366527,1.36923,11919.9,1.15278,F
31,1,HappyBirthday,1324,365,M,1,0.0729208,0.0717908,8.68458,24.3567,F
32,1,HappyBirthday,233,5475.19,F,1,0.000467854,0.494262,52.9807,0.156438,F
32,1,HappyBirthday,1222,1460,F,1,0.00469244,0.153965,200.679,2.79376,F
32,1,HappyBirthday,1221,1460,M,1,0.041092,0.054826,0.235602,13.0423,F
32,1,HappyBirthday,743,11680.2,F,1,0.00387826,16.1463,502.325,3.70698,F
33,1,HappyBirthday,976,8030.77,F,1,0.00343976,0.37635,3484.85,1.28511,F
33,1,HappyBirthday,914,5110.25,M,1,0.192936,2.34664,139.998,69.869,F
34,1,HappyBirthday,6,13505.7,F,1,0.10926,0.330339,218.356,41.3214,F
34,1,HappyBirthday,843,5110.36,F,1,0,0.0484299,8702.04,0,F
35,1,HappyBirthday,73,10950.1,M,1,0.00580863,0.142849,227.929,2.49308,F
35,1,HappyBirthday,79,4380.6,F,1,0.0021363,4.66419,20.1392,0.664715,F
35,1,HappyBirthday,975,15695.9,M,1,0.0323464,0.148504,0.0010856,10.219,F
35,1,HappyBirthday,603,14600.2,F,1,0.000562419,60.2948,8.63704,0.177219,F
35,1,HappyBirthday,1259,1095,M,1,0.56404,0.143293,252.107,496.876,F
36,1,HappyBirthday,18,17885.6,F,1,0.00711093,0.692321,48.1937,2.37174,F
36,1,HappyBirthday,271,6205.77,M,1,0.0019048,0.240898,38.4487,0.707325,F
36,1,HappyBirthday,348,13870.7,F,1,0.0131052,0.438707,0.0508048,4.10003,F
36,1,HappyBirthday,398,6205.71,F,1,0.291846,0.685675,2079.46,417.601,F
36,1,HappyBirthday,686,8030.15,F,1,0.000246914,0.430458,0.02838,0.0766302,F
36,1,HappyBirthday,1077,2920,M,1,0.206799,0.312481,4875.05,165.788,F
37,1,HappyBirthday,85,8760.63,M,1,0.0910291,0.704464,3.79717,30.08,F
37,1,HappyBirthday,1183,1825,M,1,0.508205,0.533706,3443.21,336.194,F
37,1,HappyBirthday,1112,2555,M,1,0.0889149,0.262804,241.349,28.997,F
37,1,HappyBirthday,903,6205.56,M,1,0.00152052,0.0492368,0.0174698,0.47279,F
38,1,HappyBirthday,17,4745.3,M,1,0.0010451,0.0455195,37.0483,0.325832,F
38,1,HappyBirthday,1140,2190,F,1,0.0977646,0.252284,10.4461,32.4141,F
38,1,HappyBirthday,733,13505.1,M,1,0.00016794,0.621572,29948.4,0.154385,F
39,1,HappyBirthday,1079,2920,F,1,0.0024092,0.0715393,26.5422,0.785662,F
39,1,HappyBirthday,731,6570.03,M,1,0.0134006,0.547731,5228.38,5.13729,F
40,1,HappyBirthday,365,16790.5,F,1,0.0507343,1.39966,264.386,17.7525,F
40,1,HappyBirthday,1325,365,M,1,0.0705266,0.142556,214.366,28.7691,F
41,1,HappyBirthday,1038,3285,F,1,0.0400647,0.0889725,2.40623,12.7079,F
41,1,HappyBirthday,78,16425.1,F,1,0.000624798,8.11613,370.302,0.199279,F
41,1,HappyBirthday,1113,2555,F,1,0.00322891,1.60516,4930.53,2.86675,F
41,1,HappyBirthday,589,5475.81,M,1,0.0367899,8.99011,9.63187,11.8175,F
41,1,HappyBirthday,918,27740,M,1,0.00250199,2.65819,23.3192,0.799137,F
42,1,HappyBirthday,1039,3285,F,1,0.0530414,0.249222,3.2695,16.9448,F
42,1,HappyBirthday,98,14965.8,M,1,8.35904e-05,0.831797,0.221648,0.0260492,F
42,1,HappyBirthday,332,19345.3,F,1,0.000811552,18.6114,369.144,0.390251,F
42,1,HappyBirthday,928,12045.2,F,1,0.0042251,0.976816,51.1059,1.43161,F
43,1,HappyBirthday,1006,3650,F,1,0.155738,1.28823,61.3578,54.5185,F
43,1,HappyBirthday,892,10950.5,F,1,0.000162124,0.129599,0.0017994,0.0503636,F
44,1,HappyBirthday,1141,2190,M,1,0.0131811,5.55589,107.369,4.86965,F
44,1,HappyBirthday,441,4015.38,F,1,0.00084807,0.765818,15.4562,0.281078,F
44,1,HappyBirthday,1260,1095,F,1,0.199764,0.324521,53.6695,83.1938,F
44,1,HappyBirthday,588,4745.91,M,1,0.0554442,1.39962,17.2062,17.7303,F
44,1,HappyBirthday,814,4745.56,M,1,0.0621894,1.2013,602.328,20.7033,F
45,1,HappyBirthday,140,4745.66,M,0,0,0.0442296,0,0,F
45,1,HappyBirthday,886,6205.21,F,1,0.000694223,0.519421,0.089155,0.215774,F
46,1,HappyBirthday,555,6935.16,M,1,0.00235689,6.44458,0.0385066,0.733493,F
46,1,HappyBirthday,879,13505.2,F,1,0.124533,1.05576,1.10503,41.3966,F
47,1,HappyBirthday,239,13870.2,F,1,0.63421,0.615862,159.607,375.921,F
47,1,HappyBirthday,473,23360.4,M,1,0.321402,1.34824,741.359,429.374,F
47,1,HappyBirthday,847,9490.31,M,1,6.56948e-05,0.357367,0,0.0204566,F
48,1,HappyBirthday,1001,16790.2,M,1,0.00848555,23.8674,208.689,4.68906,F
48,1,HappyBirthday,611,4015.79,M,1,0.64412,0.176152,1624.99,616.937,F
48,1,HappyBirthday,1262,1095,M,1,0.0472302,0.345025,60.9356,16.6002,F
49,1,HappyBirthday,156,4745.58,M,1,0.00197516,0.073411,0.964441,0.614372,F
50,1,HappyBirthday,1184,1825,M,1,0.00133275,0.738627,445.458,0.679873,F
50,1,HappyBirthday,546,16060.7,F,1,0.00113035,0.494206,0.40142,0.351708,F
50,1,HappyBirthday,1224,1460,F,1,0.0581566,2.99871,157.388,27.7381,F
50,1,HappyBirthday,987,20075.5,M,1,0,15.2318,11.3843,0,F
51,1,HappyBirthday,951,6935.12,F,1,0.0599219,0.284637,4.58109,19.291,F
51,1,HappyBirthday,1326,365,F,1,0.00357014,0.0144117,21.2551,1.16981,F
52,1,HappyBirthday,1225,1460,M,1,0.0847831,0.619918,102.43,32.1667,F
52,1,HappyBirthday,1143,2190,F,1,0.0665289,1.50016,268.558,31.362,F
52,1,HappyBirthday,994,12045.2,M,1,0.00137853,0.0919357,30.8456,0.442017,F
53,1,HappyBirthday,804,6570.67,F,1,0.000932868,1.59861,8.31552,0.302379,F
54,1,HappyBirthday,608,20440,F,1,0.000408492,0.553297,27.9895,0.131861,F
54,1,HappyBirthday,711,5475.05,F,1,0.114922,0.151926,2.4194,38.0758,F
54,1,HappyBirthday,1327,365,M,0,0,0.0317086,0,0,F
55,1,HappyBirthday,939,24455.4,F,1,0.000541601,2.31046,1621.02,1.09157,F
55,1,Births,1356,0,F,0,0,0.00297474,0,0,F
56,1,HappyBirthday,104,10950.2,M,1,0.00365385,62.9457,7.42735,1.13783,F
56,1,HappyBirthday,355,35040.5,F,1,0.251565,0.518073,1480.32,91.8234,F
56,1,HappyBirthday,884,5475.18,F,1,0.000628089,2.12652,0.0214175,0.195247,F
57,1,HappyBirthday,1114,2555,F,1,0.00182783,1.00855,729.891,0.691938,F
57,1,HappyBirthday,712,15330.8,F,1,0.000746168,0.0135816,44.0493,0.242091,F
57,1,HappyBirthday,900,14600.4,M,1,0.0120464,2.33386,7.87141,3.88827,F
58,1,HappyBirthday,323,9855.93,F,1,0.000159833,2.21547,1401.46,0.171944,F
58,1,HappyBirthday,776,14235.5,F,1,0.0122235,1.1012,350.125,4.4309,F
58,1,HappyBirthday,793,6205.99,F,1,0.00379021,0.0718013,1696.76,1.54689,F
59,1,HappyBirthday,226,17520.3,F,1,0.137759,1.45955,20204,353.83,F
59,1,HappyBirthday,235,17155.9,M,1,0.352967,0.539466,1777.79,142.128,F
59,1,HappyBirthday,378,4015.03,M,1,0.0247627,0.339622,22398.6,140.462,F
60,1,HappyBirthday,483,11315,M,1,0.114064,0.988649,3.25059,37.6652,F
60,1,HappyBirthday,1185,1825,M,1,0.0258448,11.5038,45.3681,9.54579,F
60,1,HappyBirthday,633,24820.8,F,1,0.000820809,0.384637,140.983,0.264615,F
60,1,HappyBirthday,753,5475.62,F,1,0.00115716,0.368018,9.33327,0.376314,F
61,1,HappyBirthday,61,6935.52,M,1,0.0189727,2.35354,226.33,6.76762,F
61,1,HappyBirthday,1144,2190,F,1,0.000195652,0.0650532,52.1372,0.0654083,F
61,1,HappyBirthday,266,9490.13,F,1,0.00607731,2.88709,4187.27,14.3529,F
61,1,HappyBirthday,371,6205.63,M,1,0.276748,2.35282,45.9493,107.153,F
61,1,HappyBirthday,455,27375.1,M,1,0.518473,1.44589,467.84,599.786,F
62,1,HappyBirthday,277,18980.7,F,1,0.000212561,0.00758281,21.4383,0.0686152,F
62,1,HappyBirthday,840,10585.6,M,1,0.00634854,0.914942,0.22759,1.97962,F
63,1,HappyBirthday,542,14235.3,M,1,0.133874,0.74709,0.416018,44.6683,F
63,1,Births,1357,0,F,0,0,0.00454946,0,0,F
64,1,HappyBirthday,48,5840.4,M,1,0.0347383,7.48458,865.269,14.0618,F
64,1,HappyBirthday,973,5840.91,F,1,0.00108041,0.444223,0.550239,0.336614,F
64,1,HappyBirthday,1082,2920,M,1,0.0252441,0.324268,13.1279,8.47219,F
64,1,HappyBirthday,1328,365,F,0,0,0.00207634,0,0,F
64,1,HappyBirthday,1186,1825,M,1,0.0275973,0.895272,44.6291,10.1397,F
65,1,HappyBirthday,92,8395.33,F,1,0.0666614,5.74062,26.2931,24.1554,F
65,1,HappyBirthday,1042,3285,M,1,0.42076,0.520729,3759.6,277.125,F
65,1,HappyBirthday,225,4380.07,F,0,0,0.0167158,0,0,F
65,1,HappyBirthday,311,11680.5,F,1,0.000818172,27.3736,15.8877,0.25459,F
65,1,HappyBirthday,1083,2920,M,1,0.413604,0.452988,40.1095,186.906,F
66,1,HappyBirthday,962,16060,M,1,0.000222571,0.102017,11.7459,0.0699594,F
67,1,HappyBirthday,666,14965.6,F,1,0.120601,0.225727,166.092,49.958,F
67,1,Births,1358,0,M,0,0,0.0104592,0,0,F
68,1,HappyBirthday,134,28835.6,M,1,0.0404601,0.516907,1183.24,14.0013,F
68,1,HappyBirthday,321,6570.38,M,1,8.96021e-05,4.85443,13.2387,0.0284694,F
68,1,HappyBirthday,343,5840.22,F,1,0.0393917,0.118673,349.784,12.6336,F
68,1,HappyBirthday,1187,1825,F,1,0.20266,0.875964,756.98,73.6102,F
69,1,HappyBirthday,550,8760.06,M,1,0.600904,4.78094,198.547,513.216,F
70,1,HappyBirthday,317,17520.1,F,1,0.0365328,0.742095,7386.54,56.1861,F
71,1,HappyBirthday,1329,365,M,1,0.00933929,0.447296,72685.3,56.8772,F
71,1,HappyBirthday,735,4015.69,M,1,0.0053573,0.0899901,561.754,2.94675,F
72,1,HappyBirthday,35,26645.1,F,1,0.0831018,0.0382011,5.08367,27.6373,F
72,1,HappyBirthday,935,5475.79,M,1,0.00205906,0.170311,13.4495,0.678938,F
73,1,HappyBirthday,998,8395.03,M,1,0.0108812,0.2812,26.7546,3.5913,F
73,1,HappyBirthday,1226,1460,M,1,0.0118505,0.317031,25.7837,3.99534,F
74,1,HappyBirthday,32,7665.02,F,1,0.00461855,58.9124,21.33,1.58359,F
74,1,HappyBirthday,373,6570.05,F,1,0.00309964,0.652254,398.559,2.36676,F
74,1,HappyBirthday,1084,2920,M,1,0.00881661,0.154324,3485.65,6.84176,F
75,1,HappyBirthday,149,4380.25,M,1,0.00579053,0.171204,5441.45,7.55811,F
75,1,HappyBirthday,1146,2190,F,1,0.00741956,0.61399,860.733,2.3173,F
76,1,HappyBirthday,969,29565.1,M,1,0.00678994,40.0176,184.911,2.5761,F
76,1,HappyBirthday,619,8760.2,M,1,0.409495,1.12697,107.987,223.114,F
76,1,HappyBirthday,1263,1095,M,1,0.0115055,0.100029,2370.88,31.2138,F
76,1,HappyBirthday,1330,365,M,1,0.000798128,0.0496898,7.63608,0.254774,F
78,1,HappyBirthday,247,8760.79,M,1,0.0209319,0.478229,0.361844,6.57579,F
78,1,HappyBirthday,1147,2190,M,1,0.141221,1.34562,3372.41,93.2492,F
78,1,HappyBirthday,539,16425.6,F,1,0.0159519,5.92842,19.0077,5.40849,F
78,1,HappyBirthday,816,14965.1,F,1,0.151692,0.470464,736.629,51.8098,F
78,1,HappyBirthday,863,4745.03,M,1,3.00924e-05,6.31986,1632.7,0.029222,F
79,1,HappyBirthday,315,11315.5,F,1,0.00372963,4.48591,31.3711,1.16605,F
80,1,HappyBirthday,1115,2555,M,1,0.00690641,1.04341,2577,4.12211,F
81,1,HappyBirthday,250,7300.22,M,1,0.000241162,7.6862,0.154006,0.075121,F
81,1,HappyBirthday,262,12045.9,M,1,0.0037479,0.104249,5.1573,1.19723,F
82,1,HappyBirthday,1264,1095,M,1,0.308373,1.30869,554.065,213.564,F
82,1,HappyBirthday,676,11680.6,F,0,0,0.00658125,0,0,F
82,1,HappyBirthday,709,4380.03,F,1,4.80883e-05,2.10673,509.436,0.0446362,F
83,1,HappyBirthday,1188,1825,F,1,0.0438567,2.25274,1.795,13.9594,F
83,1,HappyBirthday,614,5475.17,F,1,0.0255865,0.150827,32948.4,25.8405,F
84,1,HappyBirthday,949,12045.6,M,1,0.0126881,2.10615,2202.11,13.8486,F
85,1,HappyBirthday,106,27375.3,M,1,0.000141283,8.68795,38.4217,0.0480176,F
85,1,HappyBirthday,706,17885.9,M,1,0.0543811,5.18136,0.166972,17.377,F
85,1,HappyBirthday,1008,3650,M,1,0.117702,3.07993,85.8966,52.7437,F
87,1,HappyBirthday,31,20805.9,F,1,2.31067e-05,11.1042,5332.15,0.0508194,F
87,1,HappyBirthday,1266,1095,F,1,0.0018967,2.66069,41.3118,0.618909,F
87,1,HappyBirthday,1265,1095,F,1,0.0137771,0.287687,6551.83,9.7455,F
87,1,HappyBirthday,1148,2190,M,1,0.0455424,1.79289,198.443,19.2365,F
87,1,HappyBirthday,1045,3285,F,1,0.0152295,0.156561,2.73234,4.77174,F
87,1,Births,1359,0,M,0,0,0.0570483,0,0,F
88,1,HappyBirthday,1331,365,F,1,0.353233,0.0992869,23677.8,574.956,F
88,1,HappyBirthday,334,8030.19,M,1,0.0001353,1.79295,44698.7,0.209171,F
88,1,HappyBirthday,1085,2920,F,1,0.0713953,0.690219,1860.12,32.9313,F
88,1,HappyBirthday,664,10950.2,F,1,0.0158605,1.22928,66.9848,5.09362,F
89,1,HappyBirthday,1048,3285,M,1,0.0881347,0.446399,0.183929,28.6821,F
89,1,HappyBirthday,1149,2190,F,1,0.215326,0.0165363,36191.7,473.308,F
89,1,HappyBirthday,677,16790.4,F,1,4.99703e-05,0.257342,2494.52,0.0727514,F
90,1,HappyBirthday,516,7300.97,F,1,0.117301,0.191939,36.271,40.6533,F
90,1,HappyBirthday,1267,1095,M,1,0.000414241,0.167379,18.5378,0.140441,F
90,1,HappyBirthday,1332,365,M,0,0,0.0158031,0,0,F
91,1,HappyBirthday,562,14235.1,M,1,0.00551005,11.3326,23.0363,1.78447,F
92,1,HappyBirthday,1150,2190,M,1,0.623453,0.579288,17323.5,725.809,F
93,1,HappyBirthday,222,20440.3,F,1,0.00298517,0.332546,42.2279,0.996393,F
93,1,HappyBirthday,1268,1095,F,1,0.00463288,0.107079,35.6071,1.6648,F
93,1,HappyBirthday,1333,365,M,1,0.744699,0.193148,1.58212,424.837,F
93,1,HappyBirthday,1291,730,M,1,0.33281,0.918517,13882.4,291.835,F
94,1,HappyBirthday,65,25550.7,F,1,0.0975484,0.536082,322.975,32.4156,F
94,1,HappyBirthday,541,6570.05,F,1,0.0734234,0.251874,76.8871,23.8423,F
95,1,HappyBirthday,1269,1095,F,1,0.00242885,1.66017,12438.4,20.106,F
96,1,HappyBirthday,1116,2555,M,1,9.51154e-05,0.0821018,484.285,0.0931539,F
96,1,HappyBirthday,299,7300.47,M,1,0.178034,8.21103,2109.38,77.2003,F
96,1,HappyBirthday,1270,1095,M,0,0,0.00230499,0,0,F
97,1,HappyBirthday,75,17520.4,F,1,0.00473473,0.0614304,69.4473,1.48084,F
97,1,HappyBirthday,720,12775.8,M,1,0.0916453,2.28673,0.843134,29.872,F
98,1,HappyBirthday,62,22265.1,M,1,0.000474409,5.93492,0.234861,0.147651,F
98,1,HappyBirthday,1189,1825,F,1,0.298563,20.5665,12755,249.114,F
99,1,HappyBirthday,1227,1460,M,1,0.743588,0.190518,145.142,492.024,F
99,1,HappyBirthday,1151,2190,M,1,0.0202479,9.99441,259.46,13.2939,F
99,1,HappyBirthday,823,27375,F,1,0.0545937,0.257265,86.7413,17.4497,F
100,1,HappyBirthday,605,14965.8,M,1,7.44237e-05,0.504332,16.1646,0.0233546,F
100,1,HappyBirthday,744,10220.7,M,1,0.00338298,0.34381,1029.76,2.68106,F
101,1,HappyBirthday,1152,2190,F,1,0.0174916,0.0559286,4421.61,7.32013,F
101,1,HappyBirthday,379,35405.1,M,1,0.00422602,15.9662,5803.88,8.05503,F
102,1,HappyBirthday,1271,1095,F,1,0.139944,0.196677,64299.9,847.579,F
103,1,HappyBirthday,1334,365,F,1,0.473734,0.375873,770.454,406.353,F
103,1,HappyBirthday,198,7300.38,F,1,0.0548641,2.58451,31.9034,18.8785,F
103,1,HappyBirthday,249,5840.05,F,1,0.000403534,0.819123,20.3178,0.133953,F
104,1,HappyBirthday,206,5475.07,F,1,0.657537,0.631155,2.68823,335.651,F
104,1,HappyBirthday,207,6935.56,F,1,0.00468277,3.73522,0.00341527,1.45858,F
104,1,HappyBirthday,1117,2555,F,1,0.00286368,0.289776,0.47468,0.892357,F
104,1,HappyBirthday,725,13140.8,M,1,0.0210678,13.4492,1.94383,6.68108,F
105,1,HappyBirthday,466,8760.27,F,1,0.209576,0.78765,14378.4,434.382,F
106,1,HappyBirthday,302,16790.2,F,1,0.00752442,3.45868,44191.5,11.8095,F
106,1,HappyBirthday,410,4380.15,F,1,0.000325539,0.317392,67.2124,0.110796,F
106,1,HappyBirthday,774,6935.74,F,1,0.000848405,41.3563,1889.9,1.80666,F
107,1,HappyBirthday,1087,2920,M,1,0.00356111,0.424339,0.0563516,1.10878,F
107,1,HappyBirthday,523,8395.03,M,1,0.00665738,1.50806,359.929,3.15122,F
107,1,HappyBirthday,671,12775.8,F,1,0.0128687,1.62685,0.0224206,4.02515,F
108,1,HappyBirthday,1292,730,M,1,0.190788,0.518804,1116.01,174.089,F
108,1,HappyBirthday,256,5840.36,M,1,0.00832556,1.49491,30.074,2.91745,F
108,1,HappyBirthday,1050,3285,F,1,0.000373176,0.847289,57497.8,1.52102,F
109,1,HappyBirthday,425,9855.48,M,1,0.0022109,0.907806,4507.55,0.767663,F
109,1,HappyBirthday,531,8030.94,F,1,3.26927e-05,0.210957,10.1749,0.0106518,F
110,1,HappyBirthday,52,9490.42,M,1,0.135959,2.07544,114.154,66.8704,F
110,1,HappyBirthday,230,13140,M,1,0.0028587,0.515791,27.4822,1.00296,F
111,1,HappyBirthday,16,8395.4,F,1,0.000104664,0.403238,330.521,0.046279,F
111,1,HappyBirthday,447,11315.5,F,1,0.0402581,0.20294,0.281754,12.7745,F
111,1,HappyBirthday,808,8760,F,1,0.275072,0.206952,11.8215,99.99,F
112,1,HappyBirthday,182,32850.8,F,1,0.00158904,1.4053,2.6138,0.500664,F
112,1,HappyBirthday,474,27010.4,M,1,0.409801,0.587325,1632.99,225.441,F
112,1,HappyBirthday,1293,730,M,1,0.0591395,0.204928,20112.3,252.818,F
113,1,HappyBirthday,1088,2920,M,1,0.00333674,2.17254,259.497,1.42665,F
113,1,HappyBirthday,1190,1825,M,1,0.215009,0.631954,599.64,82.4261,F
113,1,HappyBirthday,924,5840.05,F,1,0.0267717,1.56367,223.121,9.95586,F
113,1,Births,1360,0,M,0,0,0.333972,0,0,F
114,1,HappyBirthday,293,4380.04,M,1,0.0147599,0.956344,122.748,5.84781,F
114,1,HappyBirthday,831,7300.74,M,1,0.00251055,1.38629,189.672,0.796421,F
116,1,HappyBirthday,1294,730,M,1,0,0.131784,0,0,F
116,1,HappyBirthday,56,16060,M,1,0.0185012,0.0720668,6.72399,5.86961,F
116,1,HappyBirthday,1272,1095,F,1,0.00528194,1.28933,0.110524,1.64495,F
116,1,HappyBirthday,514,6205.94,M,1,0.0484422,1.0463,11.1891,15.8563,F
116,1,HappyBirthday,552,5840.69,F,1,0.0239703,0.409419,0.00764523,7.54012,F
116,1,HappyBirthday,1295,730,F,1,0.385318,0.0559583,30025.8,864.183,F
117,1,HappyBirthday,967,6205.66,M,1,0,0.0933111,0.0104051,0,F
117,1,HappyBirthday,772,22265.4,M,1,0.0631731,3.73633,8891.86,177.646,F
118,1,HappyBirthday,100,19710.8,M,1,0.000994568,3.01162,0.669428,0.309949,F
118,1,HappyBirthday,1119,2555,M,1,0.0177819,0.453446,31.8475,6.38756,F
118,1,HappyBirthday,305,9855.61,M,1,0.0220749,1.41351,30.0057,7.98611,F
118,1,HappyBirthday,1089,2920,F,1,9.90671e-05,0.631147,2022.97,0.0319803,F
118,1,HappyBirthday,703,5110.89,F,1,3.21425e-06,0.141974,75.2837,0.00102057,F
120,1,HappyBirthday,943,5475.42,M,1,0.0205916,0.0864592,2939.85,32.1746,F
121,1,HappyBirthday,23,5840.5,F,1,0.0285237,1.34834,84.2954,10.2929,F
121,1,HappyBirthday,255,34310.8,M,1,0.000596072,1.91803,17.3867,0.188931,F
121,1,HappyBirthday,1229,1460,M,1,0.684469,0.0957254,19.4164,364.871,F
121,1,HappyBirthday,391,4015.19,M,1,0.0272451,1.40147,1.36727,8.60444,F
121,1,HappyBirthday,429,19710.5,M,1,0.158752,4.04862,0.469433,53.7251,F
121,1,HappyBirthday,1228,1460,F,1,0.656224,0.110808,27608.9,1365.05,F
121,1,HappyBirthday,785,15695.5,M,1,0.00599823,0.199275,695.563,6.39951,F
123,1,HappyBirthday,912,25915.8,M,1,0.253612,1.51857,12239.9,1132.89,F
124,1,HappyBirthday,195,7665.57,M,1,0.00103857,1.60141,703.113,0.638496,F
124,1,HappyBirthday,520,14965.6,F,1,0.000603627,0.634042,1546.09,0.215922,F
125,1,HappyBirthday,1191,1825,F,1,0.0314213,0.106688,7347.67,11.5368,F
127,1,HappyBirthday,518,13870.8,F,1,5.11179e-06,2.27277,7242.31,0.0218762,F
127,1,HappyBirthday,815,9125.58,M,1,0.111909,11.9591,335.65,82.1508,F
127,1,HappyBirthday,837,4745.45,M,1,0.0185658,0.125637,5586.25,8.13033,F
127,1,HappyBirthday,1120,2555,M,1,0.00111414,1.04362,2.3728,0.349272,F
128,1,HappyBirthday,120,29200.3,M,1,0.015659,11.0124,6856.44,5.05832,F
128,1,HappyBirthday,388,8030.2,M,1,0.00957341,0.123075,1490.55,3.04991,F
128,1,HappyBirthday,600,7300.41,M,1,0.084043,2.25444,2818.15,33.0285,F
128,1,HappyBirthday,801,8760.19,F,1,5.873e-05,5.2139,11971.3,0.030965,F
128,1,HappyBirthday,874,12045.9,F,1,0.105332,0.393928,92.3526,37.1021,F
129,1,HappyBirthday,509,16790.6,F,1,0.0106693,2.62126,3.78906,3.3379,F
130,1,HappyBirthday,335,9855.98,M,1,0.00012499,0.281574,1.15499,0.038902,F
130,1,HappyBirthday,497,14600.5,M,1,2.95525e-05,0.384415,11041.4,0.0942134,F
130,1,HappyBirthday,1090,2920,M,1,0.00479811,0.261206,2.19813,1.50517,F
130,1,HappyBirthday,852,15330.7,M,1,0.0192856,0.134949,1.585,6.0562,F
131,1,HappyBirthday,1335,365,F,1,0.115424,1.40313,18.0051,40.9735,F
131,1,HappyBirthday,536,4015.49,M,1,0.000378866,4.69673,2045.71,0.160801,F
131,1,HappyBirthday,628,8760.48,F,1,0.544322,6.7881,3.38424,244.284,F
131,1,HappyBirthday,1336,365,M,1,0,0.0554006,10272.8,0,F
132,1,HappyBirthday,219,31390.1,F,1,0.000961484,0.506737,0.246997,0.299152,F
132,1,HappyBirthday,259,25915,F,1,7.67667e-05,0.137295,8365.75,0.246808,F
132,1,HappyBirthday,517,4380.93,F,1,0.00839467,0.563849,4.09381e-05,2.62018,F
133,1,HappyBirthday,263,17155.1,M,1,0.0149825,0.88662,2130.44,5.44028,F
133,1,HappyBirthday,1121,2555,M,1,0.0204967,3.68847,44.3372,7.10149,F
134,1,HappyBirthday,309,23360.5,M,1,0.00100448,0.951644,20.7317,0.322971,F
134,1,HappyBirthday,392,12045.4,M,1,0.00200796,7.96778,417.437,1.01207,F
134,1,HappyBirthday,486,18980.5,M,1,0.0210001,0.425407,17.5641,6.75517,F
134,1,HappyBirthday,554,20075.6,M,1,0.00266461,13.9292,67.6992,0.90789,F
135,1,HappyBirthday,74,14965,F,1,0.855943,0.152388,244.166,691.116,F
135,1,HappyBirthday,602,19710.6,F,1,0.00329852,0.127788,99.0854,1.47285,F
135,1,HappyBirthday,885,16060.8,F,1,0.00849701,0.15754,148.706,2.92646,F
136,1,HappyBirthday,1052,3285,F,1,0.0918109,15.9309,55.8027,31.7018,F
136,1,HappyBirthday,867,12410.8,F,1,0.14073,0.595867,62.0535,49.4498,F
137,1,HappyBirthday,1231,1460,M,1,0.0479379,0.104223,121.97,19.748,F
137,1,HappyBirthday,1337,365,M,1,0,0.0267139,0,0,F
137,1,HappyBirthday,938,7300.23,F,1,0.00653111,4.40243,8733.94,2.73631,F
138,1,HappyBirthday,152,5110.04,M,1,0.0207682,0.283444,194.774,9.82641,F
138,1,HappyBirthday,1274,1095,F,1,0.00114136,0.733746,528.621,1.04722,F
138,1,HappyBirthday,1153,2190,M,1,0.0311082,0.0327772,1042.77,44.6762,F
138,1,HappyBirthday,467,17520.2,F,1,0.00361974,0.586258,67.3837,1.4425,F
138,1,HappyBirthday,1338,365,M,1,0.878085,0.122537,64.6395,816.202,F
139,1,HappyBirthday,726,14235.3,F,1,0.22744,2.64055,45.202,96.6405,F
139,1,Births,1361,0,M,0,0,0.152578,0,0,F
140,1,HappyBirthday,414,13870.7,F,1,0.012954,3.92404,3625,4.16995,F
140,1,HappyBirthday,1000,8395.11,F,1,0.00475316,4.30541,3538.26,16.9875,F
140,1,Births,1362,0,M,0,0,0.206072,0,0,F
141,1,HappyBirthday,1154,2190,F,1,0.0053814,0.0242843,14037.3,44.5649,F
141,1,Births,1363,0,F,0,0,0.0445751,0,0,F
142,1,HappyBirthday,275,15695.3,M,1,0.000216161,0.272531,0.067954,0.0672222,F
142,1,HappyBirthday,762,19345.9,F,1,0,0.15021,283.606,0,F
143,1,HappyBirthday,1011,3650,M,1,0,2.05281,0.600601,0,F
143,1,HappyBirthday,574,4745.5,M,1,0.00412148,1.17969,10.2448,1.28675,F
143,1,HappyBirthday,890,7665.24,M,1,0.0256864,0.320052,46.1796,8.62389,F
144,1,HappyBirthday,1054,3285,F,1,0.497268,1.11078,221.257,291.531,F
144,1,HappyBirthday,199,4015.24,M,1,0.0115116,1.11686,0.126735,3.59958,F
144,1,HappyBirthday,931,14965.4,F,1,0.283634,2.18847,767.573,349.691,F
144,1,HappyBirthday,930,25550.6,M,1,0.0572371,0.538903,1.20131,18.3424,F
145,1,HappyBirthday,397,6935.82,M,1,0.0141935,0.889878,34.8992,5.08539,F
146,1,HappyBirthday,81,13140.5,F,1,0.00173432,0.286364,50.9778,0.579081,F
147,1,HappyBirthday,328,24455.4,M,1,0.00567,2.27563,119.677,1.76865,F
147,1,HappyBirthday,1156,2190,F,1,0.158496,0.05521,149.215,62.2811,F
147,1,HappyBirthday,498,17155.1,M,1,0.331431,0.63119,49.3183,133.928,F
148,1,HappyBirthday,57,5110.35,F,1,0.00178343,0.0666295,5.64617,0.570688,F
148,1,HappyBirthday,416,6205.62,M,1,0.0792774,0.731857,3.16205,25.9749,F
148,1,HappyBirthday,982,29200.9,F,1,0.000390859,5.10148,5827.16,0.242475,F
148,1,HappyBirthday,682,4745.03,F,1,0.127692,2.47109,37.1432,49.9593,F
149,1,HappyBirthday,37,17155.7,F,1,0.0240315,1.69045,76.4203,8.50724,F
149,1,HappyBirthday,97,20440.2,F,1,7.94111e-05,3.49917,3.8e-06,0.0246086,F
149,1,HappyBirthday,1192,1825,F,1,0.0353682,0.345067,79.8974,11.6253,F
150,1,HappyBirthday,183,17155.1,F,1,0.00138897,6.09024,1.84e-05,0.432068,F
150,1,HappyBirthday,243,4745.64,F,1,0.05681,1.2671,0.0762934,18.1782,F
150,1,HappyBirthday,564,14235.2,F,1,0.000367314,0.404952,30.4025,0.118044,F
150,1,Births,1364,0,M,0,0,0.00262186,0,0,F
151,1,HappyBirthday,209,4380.19,M,1,0.000544428,11.4207,18.251,0.184284,F
151,1,HappyBirthday,273,28470.5,F,1,0.0425703,4.99425,3.34771,13.6904,F
151,1,HappyBirthday,495,8395.38,F,1,0.0100376,0.385426,712.169,3.45337,F
151,1,HappyBirthday,768,7665.64,F,1,0.00110383,0.552325,0.381467,0.343143,F
152,1,HappyBirthday,234,8030.92,M,1,0.000882557,10.5403,10062.6,0.514686,F
152,1,HappyBirthday,421,5840.66,F,1,0.000211958,0.217998,5454.7,0.488423,F
152,1,HappyBirthday,1122,2555,M,1,0.000710821,1.41249,6.11352,0.223256,F
152,1,HappyBirthday,755,6205.85,F,1,0.688671,0.54788,427.696,397.426,F
153,1,HappyBirthday,1056,3285,M,1,0.145018,0.0718525,6.18614,49.5805,F
154,1,HappyBirthday,144,5840.48,F,1,0.000386176,2.01711,681.399,0.128684,F
154,1,HappyBirthday,1193,1825,M,1,0.00197802,1.15242,1.9481,0.61546,F
155,1,HappyBirthday,362,6935.5,M,1,0.712421,0.108906,483.583,673.517,F
155,1,HappyBirthday,426,6570.42,M,1,0.963512,0.59236,82.5218,1058.33,F
155,1,HappyBirthday,1296,730,F,1,0.00379751,0.284682,5.72242,1.20677,F
156,1,HappyBirthday,1092,2920,M,1,0.000438722,0.0943979,5.58488,0.136464,F
156,1,HappyBirthday,595,19345.4,F,1,0.00121731,5.68056,0.0054718,0.378547,F
157,1,HappyBirthday,40,22265.4,F,1,0.00379135,3.87824,168.541,2.07077,F
157,1,HappyBirthday,147,5110.74,M,1,0.0057611,3.02475,61.8397,2.25475,F
157,1,HappyBirthday,1158,2190,M,1,0.0167099,0.86919,3.73602,5.26774,F
157,1,HappyBirthday,560,9125.88,M,1,0.00847811,47.8954,143.338,2.78282,F
157,1,HappyBirthday,791,5840.67,M,1,0.0489892,0.818918,3650.97,19.8406,F
157,1,HappyBirthday,849,18250.5,M,1,0.0373766,0.557239,1.7683,11.8392,F
158,1,HappyBirthday,1015,3650,M,1,6.20879e-06,0.922393,24824.3,0.0391117,F
159,1,HappyBirthday,1232,1460,M,1,4.06567e-05,0.356748,53.6299,0.0138104,F
159,1,HappyBirthday,1057,3285,F,1,0.0256466,2.46492,774.018,30.6595,F
160,1,HappyBirthday,1339,365,F,1,0.0253676,0.120064,7.22783,8.26726,F
160,1,HappyBirthday,678,10585.9,M,1,0.0001865,0.627427,0.0059904,0.0578426,F
160,1,HappyBirthday,680,4015.17,M,1,0.0367058,1.56578,10428.8,89.0565,F
160,1,HappyBirthday,1093,2920,M,1,0.532149,1.16827,23.3489,245.368,F
161,1,HappyBirthday,685,13140.6,F,1,0.00398779,0.258678,14498,2.15502,F
161,1,HappyBirthday,889,8760.73,F,1,2.27018e-05,6.50212,21.6414,0.0076336,F
161,1,HappyBirthday,907,12775.7,M,1,0.00213084,3.80796,0.0232294,0.663053,F
162,1,HappyBirthday,1340,365,M,1,0.0142436,0.1815,26.1067,4.62469,F
162,1,HappyBirthday,1297,730,F,1,0.000230485,0.746565,0,0.0716781,F
162,1,HappyBirthday,460,5475.15,F,1,0.00267401,0.408344,22.7443,0.86421,F
163,1,HappyBirthday,598,13505.1,F,1,0.0842192,3.21329,15.8439,29.0992,F
163,1,HappyBirthday,788,4380.99,M,1,0.392989,4.00685,168.586,248.931,F
165,1,HappyBirthday,582,15330.7,F,1,0.0198843,3.98946,0.0456448,6.24189,F
166,1,HappyBirthday,260,5840.62,F,1,0.145897,0.229901,1839.5,49.0278,F
166,1,HappyBirthday,281,10220.6,F,1,0.222111,0.473746,18.6057,83.9932,F
166,1,HappyBirthday,1233,1460,F,1,0.0673582,0.990738,4.97634,21.8563,F
166,1,HappyBirthday,842,11680.3,F,1,0.678573,0.33453,132.129,416.769,F
166,1,HappyBirthday,1341,365,M,1,0.58208,0.0315254,3975.83,1471.91,F
167,1,HappyBirthday,1058,3285,M,1,0.017444,0.671198,1069.89,5.47527,F
167,1,HappyBirthday,668,9490.33,F,1,0.0176555,1.96645,13.0063,5.80023,F
168,1,HappyBirthday,811,4745.03,F,1,0.0188784,0.4727,90.1712,6.82057,F
168,1,HappyBirthday,894,18980.8,M,1,0.368334,0.205302,3402.28,747.066,F
169,1,HappyBirthday,153,4015.94,M,1,0.12154,0.0372218,1217.85,41.9657,F
169,1,HappyBirthday,376,23725.9,F,1,0.00389797,5.86139,78.9493,1.25013,F
169,1,HappyBirthday,493,4015.23,F,1,0.0457191,0.0853704,5.68444,14.5458,F
169,1,HappyBirthday,642,4015.05,F,1,0.0250777,0.98068,0.169934,7.89383,F
170,1,HappyBirthday,647,7300.69,M,1,0.0582031,0.209684,77.9146,21.4732,F
170,1,Births,1365,0,M,0,0,0.056066,0,0,F
170,1,Births,1366,0,M,0,0,0.0134994,0,0,F
171,1,HappyBirthday,799,6205.96,M,1,0.0751478,0.279558,0.421469,24.2938,F
172,1,HappyBirthday,1298,730,F,1,0.0631369,0.0212767,54.7093,24.2879,F
172,1,HappyBirthday,1342,365,M,1,0.027053,1.95708,37886.6,24.0642,F
172,1,HappyBirthday,338,16425.9,F,1,0.00356243,1.02987,1.85655,1.11704,F
172,1,HappyBirthday,1275,1095,F,1,0.000939284,0.844953,443.412,0.83418,F
173,1,HappyBirthday,403,17520.6,M,1,0.268386,0.500392,1296.99,264.638,F
174,1,HappyBirthday,401,13505.2,M,1,0.000667499,2.90083,203.717,0.21795,F
174,1,HappyBirthday,1094,2920,M,1,0.105983,1.69781,252.448,37.4743,F
174,1,HappyBirthday,663,17520.8,F,1,0.0561062,0.283338,89.5283,18.086,F
175,1,Births,1367,0,F,0,0,0.123283,0,0,F
176,1,HappyBirthday,1059,3285,F,1,0.00558284,5.09195,2901.83,8.07171,F
176,1,HappyBirthday,137,5110,M,1,0.00225328,1.39705,45.9845,0.714121,F
176,1,HappyBirthday,453,11680.9,M,1,0.114743,2.15966,13.7095,39.7471,F
176,1,HappyBirthday,471,5840.39,M,1,0.118442,1.44166,55.8381,39.3144,F
177,1,HappyBirthday,240,20075,M,1,0.239951,0.352423,4925.78,138.853,F
177,1,HappyBirthday,1060,3285,M,1,0.0830171,0.0324723,66612.9,408.179,F
177,1,HappyBirthday,650,5840,M,1,0.271928,0.21243,2321.88,100.108,F
178,1,HappyBirthday,86,12410.5,M,1,0.0297357,0.119608,0.172267,9.38272,F
178,1,HappyBirthday,979,27010.4,F,1,0.105469,2.95018,0.698403,34.6684,F
178,1,HappyBirthday,422,20075.6,M,1,8.04872e-06,1.1129,0.159613,0.0025054,F
179,1,Births,1368,0,M,0,0,0.646624,0,0,F
180,1,HappyBirthday,82,5110.84,F,1,0.0132955,0.97925,150.844,4.16482,F
180,1,HappyBirthday,984,13505.1,F,1,0.540704,4.97174,20.1973,265.502,F
180,1,HappyBirthday,408,22265.2,M,1,0.00045649,3.58932,578.012,0.269963,F
180,1,HappyBirthday,506,18980.5,M,1,0.00490038,0.160798,113.548,2.07748,F
180,1,HappyBirthday,534,17155.5,M,1,0.0391095,19.3691,69.8942,13.8839,F
180,1,HappyBirthday,697,4380.87,M,1,0.0134375,0.0498085,37.6384,4.86581,F
180,1,HappyBirthday,702,28105.2,M,1,0.152906,6.61364,1.75207,51.5808,F
180,1,HappyBirthday,829,20440.3,F,1,0.0129137,1.4333,31.1244,4.61921,F
181,1,HappyBirthday,142,9125.31,M,1,0.230794,0.293625,83.7693,84.2637,F
181,1,HappyBirthday,407,6570.52,F,1,0.00103556,4.17857,47.3928,0.342484,F
182,1,HappyBirthday,169,8760.59,M,1,0.00072789,7.3044,282.875,0.327969,F
182,1,HappyBirthday,1194,1825,F,1,0.19805,2.68237,17.679,70.6382,F
183,1,HappyBirthday,1061,3285,M,1,0.00251495,0.204397,3951.85,3.68021,F
183,1,HappyBirthday,568,18250.9,M,1,0.119263,0.895725,35.5012,40.5325,F
183,1,HappyBirthday,701,29565,F,1,0.0023247,2.48269,0.678399,0.723231,F
183,1,HappyBirthday,881,21900.1,F,1,0.00617035,8.06619,63.9348,2.10743,F
183,1,HappyBirthday,906,6935.58,F,1,0.0581606,0.0820747,8920.92,39.8913,F
184,1,HappyBirthday,1095,2920,M,1,0.070615,4.0188,10317.3,302.581,F
184,1,HappyBirthday,977,5110.51,M,1,0.051488,1.21387,6371.03,28.9501,F
184,1,HappyBirthday,418,14235.6,F,1,0.00573865,0.238925,14.353,1.79788,F
185,1,HappyBirthday,948,15330.8,F,1,0.000345516,0.1502,0.516351,0.107524,F
185,1,HappyBirthday,1159,2190,F,1,0.155674,1.69075,2675.15,104.447,F
186,1,HappyBirthday,5,5110.97,F,1,0.00418659,1.87921,25.7234,1.42245,F
186,1,HappyBirthday,374,10220.3,F,1,0.00283937,4.18831,35.8663,0.992089,F
187,1,HappyBirthday,36,10585.9,M,1,0.000117478,4.61719,400.204,0.0573488,F
188,1,HappyBirthday,1017,3650,F,1,7.56723e-06,0.671983,6307.32,0.0191374,F
188,1,HappyBirthday,286,12045.4,F,1,0.000871623,0.134895,296.742,0.280428,F
188,1,HappyBirthday,807,5110.57,F,1,0.0134848,0.175908,799.415,14.7305,F
188,1,HappyBirthday,860,16060.9,F,1,0.0351003,1.47663,0.0595342,11.1067,F
189,1,HappyBirthday,84,10950.2,F,1,0.00640217,1.63827,28.0947,2.27863,F
189,1,HappyBirthday,1235,1460,F,1,0.079295,0.2558,86.6887,28.3969,F
189,1,HappyBirthday,193,4015.09,M,1,0.0439752,0.557697,37837.2,169.888,F
189,1,HappyBirthday,997,4380.12,F,1,0.594568,3.36503,328.585,290.549,F
189,1,HappyBirthday,916,10585.8,F,1,0.00517062,6.03551,0.0007376,1.61074,F
190,1,HappyBirthday,533,5840.82,M,1,0.000960012,1.47375,0.0413865,0.298496,F
191,1,HappyBirthday,449,13505.3,M,1,0.0791269,0.843338,64.1171,27.4157,F
192,1,HappyBirthday,1276,1095,F,1,0.0816354,0.175415,23389.2,1040.56,F
192,1,HappyBirthday,194,18250.5,F,1,0.00775901,0.404855,112.626,3.3517,F
192,1,HappyBirthday,406,10950.7,F,1,0.0170754,0.864713,858.811,12.8598,F
192,1,HappyBirthday,1019,3650,F,1,0.00497482,0.438499,187.568,1.62717,F
192,1,HappyBirthday,526,8760.64,M,1,0.0495661,0.215478,4.35757,15.9673,F
192,1,HappyBirthday,862,6570.64,F,1,0.00705177,0.459709,37.3051,2.33498,F
193,1,HappyBirthday,107,12775.5,M,1,0.00243891,2.35841,16.708,0.816883,F
193,1,HappyBirthday,1343,365,M,0,0,0.00596505,0,0,F
195,1,HappyBirthday,485,8395.4,M,1,0.00842446,0.474713,16.5738,2.8359,F
195,1,HappyBirthday,1344,365,M,1,0.00173448,0.0155971,2.07073e-05,0.539587,F
195,1,HappyBirthday,871,5110.98,F,1,0.0137095,6.68107,1483.04,4.29244,F
196,1,HappyBirthday,11,6570.6,M,1,0.000510187,4.15268,35.3334,0.186778,F
196,1,HappyBirthday,50,6935.12,F,1,0.0290644,0.544366,4464.08,58.993,F
196,1,HappyBirthday,419,6570.86,M,1,0.00140784,9.54224,0.307492,0.437964,F
197,1,HappyBirthday,622,6205.78,F,1,0.000696947,0.0180733,6139.47,1.72269,F
197,1,HappyBirthday,809,15330.6,M,1,0.177589,4.37029,329.533,88.5064,F
197,1,HappyBirthday,1196,1825,M,1,0.508369,1.00949,290.853,365.394,F
197,1,HappyBirthday,854,12045.3,M,1,0.0273067,0.72478,28.4781,9.83999,F
198,1,HappyBirthday,1300,730,F,1,0.00362253,0.383359,746.044,3.9873,F
198,1,HappyBirthday,433,20440.3,M,1,7.54248e-05,3.95836,18984.7,0.0373736,F
198,1,HappyBirthday,1125,2555,F,1,0.120582,0.0771675,1815.41,184.804,F
198,1,HappyBirthday,1299,730,M,1,0.0718129,0.0424247,12.8174,23.6243,F
199,1,HappyBirthday,1160,2190,M,1,0.0113988,0.297632,14.8854,3.64709,F
199,1,HappyBirthday,400,22995.9,F,1,0.0108203,0.269926,5732.96,5.52621,F
200,1,HappyBirthday,1236,1460,F,1,0.438773,0.977323,50.1924,188.66,F
200,1,HappyBirthday,981,8030.67,F,1,0.0177039,0.307491,293.94,11.437,F
201,1,HappyBirthday,39,5475.96,M,1,0.00236065,0.100225,0.0747997,0.734405,F
201,1,HappyBirthday,253,7300.34,M,1,0.00253096,3.66456,52.3136,0.966466,F
201,1,HappyBirthday,491,13870.6,M,1,0.000725182,0.158567,871.021,1.02506,F
201,1,HappyBirthday,616,27375,M,1,0.000233286,0.016856,0.0533312,0.0725996,F
203,1,HappyBirthday,139,25550.3,M,1,0.0371515,1.84133,1.69679,11.8455,F
203,1,HappyBirthday,1096,2920,F,1,0.00466088,0.607598,0.212992,1.45203,F
203,1,HappyBirthday,337,36135.4,F,1,0.0134396,0.30299,2049.74,32.2927,F
203,1,HappyBirthday,1020,3650,M,1,0.0426241,0.199879,2328.05,13.577,F
203,1,HappyBirthday,792,16425.7,M,1,0.000493046,0.505545,770.952,0.172646,F
204,1,HappyBirthday,349,30295.8,F,1,0.0020267,2.57363,285.508,1.17338,F
204,1,HappyBirthday,499,4015.9,F,1,0.00232408,1.5106,39.4308,0.752844,F
204,1,HappyBirthday,767,9490.38,F,1,0.003205,0.242987,333.536,1.08522,F
205,1,HappyBirthday,25,12410,M,1,0.00168007,0.1146,609.78,0.610111,F
205,1,HappyBirthday,341,10585.7,M,1,0.152662,0.319719,6965.05,159.777,F
205,1,HappyBirthday,821,21900.7,F,1,0.00815935,0.691175,0.321196,2.54758,F
206,1,HappyBirthday,412,18250,M,1,0.00319996,0.812936,36.3228,0.997654,F
208,1,HappyBirthday,252,10220.1,F,1,0.163978,1.91398,12536.2,256.901,F
208,1,HappyBirthday,902,8760.27,F,1,0.00388054,2.84644,1.50492,1.21099,F
209,1,HappyBirthday,108,19710.1,F,1,0.203348,0.410382,509.664,70.9052,F
209,1,HappyBirthday,639,11315.4,M,1,0.00056735,0.051275,0.407624,0.176483,F
210,1,HappyBirthday,1277,1095,F,1,0.180019,0.54203,2953.72,545.068,F
211,1,HappyBirthday,1278,1095,F,1,0.58904,1.33099,745.439,443.321,F
211,1,HappyBirthday,1062,3285,M,1,0.0113067,0.458329,4.5733,3.60127,F
212,1,HappyBirthday,368,4015.85,M,1,0.0325154,6.71954,3.75353,10.3303,F
212,1,HappyBirthday,1279,1095,F,1,6.0977e-05,0.132017,49879.1,0.0794493,F
213,1,HappyBirthday,122,32485,F,1,0.00419717,0.526135,5.20529,1.32451,F
213,1,HappyBirthday,146,15695.2,F,1,0.134883,0.231818,3662.67,245.208,F
213,1,HappyBirthday,158,9490.14,M,1,1.54173e-06,1.20286,367.669,0.0012408,F
213,1,HappyBirthday,1161,2190,M,1,0.00819404,3.14637,15.9286,2.76097,F
213,1,HappyBirthday,1345,365,F,1,0.00785416,0.236543,30.3969,2.57739,F
214,1,HappyBirthday,637,5110.56,M,1,0.00126308,10.3177,0.0511413,0.392861,F
215,1,HappyBirthday,612,9125.96,M,1,0.018888,11.5404,4878.13,17.1405,F
216,1,HappyBirthday,133,14235.4,F,1,7.01032e-05,0.259463,973.493,0.0755152,F
216,1,HappyBirthday,217,20805.5,F,1,0.0275803,0.0803065,1547.03,19.3928,F
216,1,HappyBirthday,859,4015.9,F,1,0.072841,1.54877,57064.4,289.314,F
217,1,HappyBirthday,1346,365,F,1,0.0027227,0.267428,26.164,0.931324,F
217,1,HappyBirthday,1162,2190,F,1,0.219512,2.17767,17.6324,81.1018,F
217,1,HappyBirthday,561,13505.6,F,1,0.0440409,0.859418,157.011,18.2214,F
217,1,HappyBirthday,832,9125.59,M,1,0.00591838,1.42945,251.888,1.89667,F
218,1,HappyBirthday,1127,2555,M,1,0.187283,0.109372,505.845,65.2545,F
218,1,HappyBirthday,445,6205.49,F,1,0.0220909,7.9577,72.7376,7.62271,F
218,1,HappyBirthday,613,18980.6,F,1,0.0165955,0.13594,0.753266,5.20149,F
218,1,HappyBirthday,1163,2190,M,1,0.00470177,1.2363,0.687011,1.46931,F
220,1,HappyBirthday,420,17520.9,F,1,0,0.078378,0,0,F
220,1,Births,1369,0,F,0,0,0.0179644,0,0,F
221,1,HappyBirthday,599,5475.38,M,1,0.101177,0.41532,140.162,33.6013,F
221,1,HappyBirthday,759,6570.17,M,1,0.139268,15.0163,1669.8,209.57,F
221,1,HappyBirthday,919,5110.27,M,1,0.0199278,0.141898,53.9589,7.13868,F
222,1,HappyBirthday,99,12775,M,1,0.0117004,0.544474,6.81344,3.68276,F
222,1,Births,1370,0,F,0,0,0.38114,0,0,F
223,1,HappyBirthday,55,19345.5,M,1,0.0002381,7.77426,2052.86,0.0996884,F
223,1,HappyBirthday,319,7665.99,M,1,0.201108,0.152213,44.0318,74.0146,F
223,1,HappyBirthday,1301,730,F,1,0.128489,0.504491,23.8048,43.1262,F
223,1,HappyBirthday,748,12045.7,F,1,0.57898,0.754531,37.6194,284.841,F
224,1,HappyBirthday,284,20440.1,M,1,0.00070889,0.101331,43.0166,0.233814,F
224,1,HappyBirthday,566,8030.44,M,1,0.000250614,2.16264,31.3137,0.081366,F
224,1,HappyBirthday,850,5475.07,M,1,0.219777,0.174676,2051.15,82.0861,F
225,1,HappyBirthday,1302,730,M,1,0.203043,0.39827,3689.68,162.561,F
225,1,HappyBirthday,784,23360.2,M,1,0.000362888,0.374878,17.6164,0.122028,F
226,1,HappyBirthday,754,9490.73,M,1,0.156805,1.20347,85.5561,60.6879,F
227,1,HappyBirthday,1128,2555,M,1,0.00653795,0.0193396,16.3557,2.06481,F
227,1,HappyBirthday,1347,365,F,0,0,0.0441083,0,0,F
229,1,HappyBirthday,404,6935.19,M,1,0.00341081,0.160888,0.00238056,1.0617,F
230,1,HappyBirthday,1280,1095,M,1,0.715175,0.101023,245.201,652.477,F
230,1,HappyBirthday,384,16425.3,F,1,0.0609039,0.219771,1632.36,32.2379,F
231,1,HappyBirthday,300,11315,M,1,0.00784264,2.40507,2.52729,2.44968,F
231,1,HappyBirthday,944,5110.03,M,1,0.0700282,0.575372,0.00825587,22.5606,F
231,1,HappyBirthday,1303,730,M,1,0.388551,0.139134,2156.65,578.026,F
231,1,HappyBirthday,865,4015.16,M,1,1.4826e-05,0.659463,45.2027,0.00511652,F
232,1,HappyBirthday,1304,730,F,1,0.00109181,0.101308,1616.4,1.90677,F
232,1,HappyBirthday,715,9490.67,F,1,0.0684548,0.331673,38.1943,25.8758,F
233,1,HappyBirthday,587,33215.1,M,1,0.00280937,24.3079,32.8975,0.923825,F
233,1,HappyBirthday,674,4745.95,F,1,0,0.203126,1916.77,0,F
233,1,HappyBirthday,1348,365,M,1,0.766522,0.320137,14.3301,455.841,F
233,1,HappyBirthday,875,6205.28,M,1,0.0986915,2.636,25.0521,32.3672,F
234,1,HappyBirthday,1349,365,M,1,0.00110844,0.387311,146.671,0.526537,F
234,1,HappyBirthday,1063,3285,M,1,0.0969062,0.076483,317.451,32.0159,F
234,1,HappyBirthday,1021,3650,M,1,4.29583e-05,0.255502,13.862,0.01373,F
234,1,HappyBirthday,896,20075.2,F,1,0.511921,12.9126,1.07739,223.644,F
235,1,HappyBirthday,77,35405.2,M,1,0.062716,3.36452,17.0232,20.6771,F
235,1,HappyBirthday,1305,730,M,1,0.908496,0.300353,99.6646,768.459,F
235,1,HappyBirthday,1306,730,M,1,0.000492729,0.0274561,124391,4.01924,F
235,1,HappyBirthday,1198,1825,F,1,0.534528,0.0596638,207.344,283.594,F
235,1,HappyBirthday,1064,3285,M,1,0.0632804,0.0834791,132.895,20.4664,F
236,1,HappyBirthday,7,13505.5,M,1,0.40864,0.157064,42779.3,775.058,F
236,1,HappyBirthday,1165,2190,M,1,0.303133,0.653159,10.9422,112.35,F
236,1,HappyBirthday,472,14965.9,F,1,0.00227743,0.673266,0.183675,0.708515,F
237,1,HappyBirthday,1097,2920,F,1,0.000607454,0.0895314,0.502119,0.188826,F
237,1,HappyBirthday,296,10585,M,1,0.000941055,0.0695875,0.627185,0.29354,F
237,1,HappyBirthday,1098,2920,F,1,0.090334,0.0437881,5764.45,145.884,F
237,1,HappyBirthday,502,10220.3,F,1,0.00015504,10.5451,20974.9,0.321635,F
237,1,HappyBirthday,669,9490.55,M,1,0.246661,2.65076,6203.26,637.046,F
237,1,HappyBirthday,841,4015.52,F,1,0.205725,0.504209,0.743618,71.5891,F
238,1,HappyBirthday,1022,3650,M,1,0.00976664,0.0234018,293.971,3.3456,F
239,1,HappyBirthday,111,4015.71,M,1,0.0584932,2.67628,7.97368,19.3632,F
239,1,HappyBirthday,1237,1460,M,1,0.0907198,0.240515,23.5494,31.7514,F
239,1,HappyBirthday,638,25915.4,F,1,0.000981299,1.93966,20838.6,0.864583,F
239,1,HappyBirthday,654,8030.81,M,1,0.273824,9.20122,1804.95,107.292,F
239,1,HappyBirthday,705,23725.7,M,1,0.0152066,1.14347,25.7744,4.98749,F
240,1,HappyBirthday,1350,365,M,1,0.120348,0.267225,45.6726,47.4975,F
240,1,HappyBirthday,1281,1095,M,1,0.000957306,1.73433,22.8827,0.309426,F
240,1,HappyBirthday,838,18980.1,M,1,9.32367e-05,0.453791,12.5753,0.030712,F
241,1,HappyBirthday,694,4380.55,F,1,0.0223746,0.205269,0.0016839,7.03305,F
242,1,HappyBirthday,623,7665.49,F,1,0.0268309,0.905354,17.7372,8.7022,F
242,1,HappyBirthday,742,17885.5,M,1,0.00051767,0.836095,4.30494,0.162107,F
243,1,HappyBirthday,192,8395.37,M,1,0.0244907,0.989059,535.593,7.74748,F
244,1,HappyBirthday,93,11315.8,F,1,0.0207665,0.398064,94.1073,7.45235,F
244,1,HappyBirthday,480,6570.22,M,1,0.0668236,1.07596,3.52082,21.819,F
244,1,Births,1371,0,F,0,0,0.167223,0,0,F
245,1,HappyBirthday,129,12045.8,F,1,0.00228113,0.206734,132.073,0.935792,F
245,1,HappyBirthday,227,16425.3,F,1,0.0936009,0.230791,5.88856,30.8131,F
246,1,HappyBirthday,660,10220.8,M,1,0.00282967,0.105013,93.805,0.909638,F
246,1,Births,1372,0,M,0,0,0.281001,0,0,F
247,1,HappyBirthday,316,12775.4,M,1,0.0171909,6.77539,16115.3,9.62973,F
247,1,HappyBirthday,736,4380.34,M,1,0.0230113,0.150757,0.422844,7.24387,F
248,1,HappyBirthday,394,4745.54,M,1,0.0434086,0.16271,0.00308931,13.7925,F
249,1,HappyBirthday,329,12410.5,F,1,0.00376419,1.36892,1520.86,1.3262,F
249,1,HappyBirthday,723,4380.44,M,1,0.0871523,0.473793,9.85991,29.7376,F
250,1,HappyBirthday,470,14965.5,F,1,0.182538,0.274034,21.0239,68.0655,F
250,1,HappyBirthday,684,21170.7,F,1,0.306138,0.569842,68.6318,126.351,F
251,1,HappyBirthday,934,20805.2,F,1,0.00701508,1.44704,13104.4,3.61304,F
251,1,HappyBirthday,505,6570.42,F,1,6.34079e-06,0.329691,0.0279167,0.00196565,F
251,1,Births,1373,0,F,0,0,0.188554,0,0,F
252,1,HappyBirthday,1065,3285,F,1,0.585744,2.01331,219.223,357.053,F
252,1,HappyBirthday,1129,2555,M,1,0.588146,0.333743,58.7818,279.101,F
252,1,HappyBirthday,606,22995,F,1,3.7417e-05,2.49588,2.99076,0.0116618,F
253,1,HappyBirthday,45,17520.2,M,1,0.742332,0.333882,3.52984,421.801,F
253,1,HappyBirthday,292,11315.5,M,1,0.055623,1.42239,0.193843,17.7957,F
254,1,HappyBirthday,683,6570.56,F,1,0.111311,1.57434,172.948,36.6848,F
255,1,Births,1374,0,F,0,0,0.51636,0,0,F
258,1,HappyBirthday,171,4380.69,F,1,0.00451648,0.395952,0.00256328,1.40628,F
258,1,HappyBirthday,1201,1825,F,1,0.000171682,0.510942,5131.2,0.791075,F
258,1,HappyBirthday,1099,2920,F,1,0.0153029,0.67409,14.1606,4.91668,F
258,1,HappyBirthday,1166,2190,F,1,0.21722,1.21972,4954.61,174.459,F
258,1,HappyBirthday,752,9125.61,M,1,0.228762,0.235993,46.5854,88.1954,F
259,1,HappyBirthday,1167,2190,F,1,0.00373628,0.20275,82.3346,1.40859,F
259,1,HappyBirthday,556,21900.8,M,1,0.00196514,0.5851,7149.88,3.01063,F
260,1,HappyBirthday,353,4015.44,M,1,0.000312949,7.46469,1823.26,0.335224,F
260,1,HappyBirthday,745,18980.6,M,1,0.0020742,5.9683,7625.31,5.95743,F
261,1,HappyBirthday,424,4380.95,M,1,0.00108832,2.62061,0.0150695,0.338191,F
262,1,HappyBirthday,511,25915.8,M,1,0.000513575,0.964856,644.508,0.528676,F
262,1,HappyBirthday,521,34310,F,1,0.000847906,0.15864,40750.5,0.769515,F
263,1,HappyBirthday,3,5475.8,F,1,0.000213611,1.33521,11.1159,0.0673162,F
263,1,HappyBirthday,188,6570.78,M,1,0.0705665,5.95947,6.88296,22.9757,F
263,1,HappyBirthday,241,11315,F,1,0.00694238,2.37819,76.3284,2.85153,F
264,1,HappyBirthday,176,14965.5,M,1,0.186059,0.288741,3375.12,64.7016,F
264,1,HappyBirthday,291,22995,M,1,0.00258852,0.439908,1818.35,2.8007,F
265,1,HappyBirthday,991,14965.4,M,1,0.00557404,2.47085,105.738,1.94099,F
265,1,HappyBirthday,274,33580,M,1,0,1.45333,0.283652,0,F
265,1,HappyBirthday,1202,1825,M,1,0.0671802,0.944462,63.26,23.9626,F
266,1,HappyBirthday,544,14600.9,F,1,0.0104621,1.45577,216.878,5.92824,F
267,1,HappyBirthday,210,8030.37,M,1,0.000246982,0.0784969,4407.56,1.05737,F
268,1,HappyBirthday,1067,3285,M,1,0.353292,0.134729,188.612,140.259,F
268,1,HappyBirthday,287,21535.9,M,1,0.0119059,0.353323,19.6301,3.96008,F
268,1,HappyBirthday,1101,2920,F,1,0.000401558,0.167282,231.167,0.26757,F
268,1,HappyBirthday,775,24820.4,M,1,0.000269634,14.7937,70087.5,0.863605,F
269,1,HappyBirthday,1068,3285,M,1,0.231673,1.68969,12.7788,82.6391,F
269,1,HappyBirthday,1130,2555,M,1,0.000555951,0.141016,31.4333,0.196478,F
269,1,HappyBirthday,1238,1460,F,1,0.353131,1.51184,4284.32,692.745,F
269,1,HappyBirthday,585,11680.4,M,1,0.0793014,5.72961,0.433888,25.6766,F
269,1,HappyBirthday,641,32485.3,F,1,0.0187685,0.200738,4.39165,5.8944,F
269,1,HappyBirthday,876,10220.1,F,1,0.374438,6.0445,145.843,164.991,F
270,1,HappyBirthday,1239,1460,M,1,0.0759185,1.0256,157.63,27.874,F
270,1,HappyBirthday,342,33215.1,F,1,0.100184,0.178537,615.189,33.2766,F
270,1,HappyBirthday,1131,2555,M,1,0.000367325,0.592475,8.8712,0.117928,F
270,1,HappyBirthday,522,5475.53,M,1,0.012689,3.24177,1064.38,4.19263,F
272,1,HappyBirthday,1240,1460,M,1,0.667026,0.0317088,3104.88,1316.08,F
272,1,HappyBirthday,1307,730,F,1,0.102101,0.196722,16704.9,379.773,F
272,1,HappyBirthday,993,14965.6,F,1,0.0181976,8.66084,289.196,8.96017,F
274,1,HappyBirthday,197,17520,M,1,0.0387587,0.671344,2601.21,13.0982,F
274,1,HappyBirthday,868,12775.9,M,1,0,1.47655,7.75114,0,F
275,1,HappyBirthday,43,28835.6,M,1,0.00159841,0.933156,9791.68,0.945657,F
275,1,HappyBirthday,778,21170,F,1,8.38719e-05,0.113983,0.191401,0.026046,F
275,1,HappyBirthday,853,15695.8,F,1,0.0782183,1.77967,54.3943,26.5697,F
276,1,HappyBirthday,213,24455.6,F,1,0.395375,2.64986,65.2497,160.62,F
276,1,HappyBirthday,238,4380.55,M,1,0.0928867,0.244562,1160.31,30.3022,F
276,1,HappyBirthday,465,7665.14,M,1,0.000704327,23.8166,2817.78,1.01351,F
276,1,HappyBirthday,710,9490.67,M,1,0.287625,1.19502,163.717,105.443,F
276,1,HappyBirthday,729,11680.7,F,1,0.0795921,1.11741,364.711,26.7336,F
277,1,HappyBirthday,1308,730,M,1,0.0970831,0.207656,370.423,74.6569,F
278,1,HappyBirthday,1103,2920,F,1,0.0185193,1.15053,11.478,5.82194,F
278,1,HappyBirthday,766,10950.7,F,1,1.57917e-06,0.221396,1.11,0.000489,F
278,1,HappyBirthday,783,29930.8,M,1,0.000701452,0.289131,204.623,0.227494,F
279,1,HappyBirthday,452,12410.4,F,1,0.000186819,0.199972,1328.22,0.17626,F
279,1,HappyBirthday,1025,3650,M,1,0.00502562,0.30897,3.92815e-05,1.56569,F
279,1,HappyBirthday,789,13505.8,M,1,0.0302973,0.637272,4943.36,26.9108,F
280,1,HappyBirthday,1204,1825,M,1,0.00581534,0.400478,27.8055,1.89812,F
280,1,HappyBirthday,1282,1095,M,1,0.219166,0.268096,194.703,97.7204,F
280,1,HappyBirthday,136,5110.03,F,1,0.0226736,0.601843,973.817,15.7434,F
280,1,HappyBirthday,1351,365,M,1,0.00429946,0.514094,33.8596,1.51803,F
281,1,HappyBirthday,123,13870.4,M,1,0.00324727,0.0622135,1.79573,1.01085,F
281,1,HappyBirthday,128,4380.92,F,1,0.00746005,0.364967,23.0008,2.44976,F
281,1,HappyBirthday,1205,1825,M,1,0.203176,0.315608,1.02389,70.6029,F
281,1,HappyBirthday,797,5110.22,M,1,0.0726894,2.76129,1.38805,23.4988,F
282,1,HappyBirthday,442,7300.55,M,1,0.168124,2.78547,2.54708,57.4246,F
282,1,HappyBirthday,1283,1095,M,1,0.000142513,3.43334,25.4739,0.0459424,F
282,1,HappyBirthday,737,34310.7,M,1,0.176223,0.248212,12.8961,60.4712,F
282,1,HappyBirthday,770,14235.6,M,1,0.110533,8.56864,4.32162,36.7026,F
283,1,HappyBirthday,435,7665.79,F,1,0.00429511,0.676592,391.768,1.40113,F
284,1,HappyBirthday,1206,1825,F,1,0.773469,0.0396076,104.288,693.032,F
284,1,HappyBirthday,283,4745.26,M,1,0.0311623,5.84536,8.75766,10.0947,F
284,1,HappyBirthday,581,23725.3,M,1,0.00255211,2.54561,0.0818808,0.794573,F
284,1,HappyBirthday,693,5475.66,M,1,0.274539,0.788013,0.371181,99.749,F
285,1,HappyBirthday,1352,365,F,1,9.26517e-05,0.0822258,173358,0.885179,F
286,1,HappyBirthday,1026,3650,F,1,0.000329222,0.287089,9.05323,0.104191,F
287,1,HappyBirthday,34,5110.69,M,1,0.0579954,21.6532,2.90391,18.5711,F
287,1,HappyBirthday,1242,1460,M,1,0.108165,0.16185,1.09823,35.6393,F
287,1,HappyBirthday,1309,730,F,1,0.109797,1.2017,9099.53,175.777,F
287,1,HappyBirthday,630,27010.2,F,1,0.0226577,1.17673,289.746,10.0861,F
287,1,HappyBirthday,798,12410,F,1,0.000487334,2.54791,3.77306,0.153838,F
288,1,HappyBirthday,30,10585.8,F,1,0.106357,17.2749,1234.85,98.5097,F
288,1,HappyBirthday,352,4380.49,F,1,0.118057,0.297351,1.92805,39.1209,F
288,1,HappyBirthday,803,8760.6,M,1,0.0108813,9.09685,7.05799,3.5215,F
289,1,HappyBirthday,484,14600.7,F,1,0.0407912,3.47361,0.119893,12.9505,F
289,1,HappyBirthday,749,21535.1,M,1,0.000146586,0.214247,1229.92,0.12833,F
289,1,HappyBirthday,839,7300.57,M,1,0.00880779,5.7907,161.721,3.27169,F
290,1,HappyBirthday,454,23725,F,1,0.00287483,2.03895,318.274,1.92947,F
290,1,HappyBirthday,618,9490.25,M,1,0.0178553,0.128336,0.857746,5.60662,F
290,1,HappyBirthday,1353,365,M,1,0.0450765,0.100878,0.913323,14.3542,F
290,1,HappyBirthday,833,18980.2,M,1,0.00119226,22.3639,4.95604,0.377012,F
291,1,HappyBirthday,1169,2190,M,1,0.326105,0.579408,159.05,179.896,F
291,1,HappyBirthday,1207,1825,F,1,0.0566516,1.44009,6090.41,200.039,F
291,1,HappyBirthday,805,6570.85,M,1,0,6.94989,10.3369,0,F
292,1,HappyBirthday,604,6570,F,1,0.000291746,1.80419,14.7176,0.0930326,F
292,1,HappyBirthday,961,8395.62,M,1,0.00419939,0.221112,263.688,1.32751,F
293,1,HappyBirthday,1310,730,M,1,0.00275312,0.0339821,21881.7,3.02827,F
294,1,HappyBirthday,1104,2920,F,1,0.176715,0.128369,1.8878,60.612,F
294,1,HappyBirthday,1132,2555,F,1,0.025514,0.597485,63.7875,8.74846,F
294,1,HappyBirthday,806,6205.17,M,1,0.00927086,1.15472,21.7297,2.96823,F
294,1,HappyBirthday,872,16790.6,M,1,0.00142375,0.66996,23.122,0.448576,F
294,1,HappyBirthday,1105,2920,M,1,0.0187145,0.452711,23.9675,6.31877,F
295,1,HappyBirthday,340,13505.7,M,1,7.86426e-06,2.37819,5.54121,0.0025134,F
295,1,HappyBirthday,411,5110.63,M,1,0.0204042,13.8805,1.7587,6.42272,F
295,1,HappyBirthday,524,29565.3,F,1,0.0248149,13.4712,161.717,7.88645,F
295,1,HappyBirthday,746,19345.1,F,1,0.147994,0.464441,4.18877,50.0737,F
296,1,HappyBirthday,172,10585.1,M,1,0.0336928,0.953543,8.01062,11.0254,F
296,1,HappyBirthday,216,8030.72,M,1,0.00551017,1.96903,61.8083,1.8757,F
296,1,HappyBirthday,326,8395.15,F,1,9.25537e-05,0.012739,0,0.0288228,F
296,1,HappyBirthday,728,8395.56,F,1,0.0575978,40.8891,4.3866,18.8449,F
297,1,HappyBirthday,1170,2190,F,1,0.00071913,1.22369,13.3153,0.22844,F
297,1,HappyBirthday,1311,730,M,1,0.166211,0.487315,79.9922,57.5157,F
298,1,HappyBirthday,154,10950.4,M,1,0.0469882,0.57809,1.82793,14.9565,F
298,1,HappyBirthday,318,8760.89,M,1,0.000297274,0.493133,0.132241,0.0923998,F
298,1,HappyBirthday,565,9490.88,M,1,0.0277801,1.02214,79.7443,9.7447,F
298,1,HappyBirthday,576,14235,F,1,0.00947678,1.64692,912.066,2.9676,F
299,1,HappyBirthday,1285,1095,F,1,0.000620231,0.186154,11.0204,0.20256,F
299,1,HappyBirthday,750,9125.74,M,1,0.00573455,0.878567,491.384,2.61703,F
300,1,HappyBirthday,644,28835.3,M,1,0.0945964,4.06991,2677,213.608,F
300,1,HappyBirthday,1171,2190,F,1,0.0259683,1.07811,5.18511,8.23374,F
301,1,HappyBirthday,957,6205.55,F,1,0.00382262,1.30952,109.721,1.4548,F
302,1,HappyBirthday,41,13140.4,M,1,0.00462079,9.76507,2.04932,1.44422,F
303,1,HappyBirthday,510,10220.3,F,1,0.211465,1.44264,3456.75,84.0955,F
303,1,HappyBirthday,1071,3285,F,1,0.117904,1.06075,793.223,83.908,F
303,1,HappyBirthday,1208,1825,F,1,0.0519987,0.555464,375.195,26.3019,F
304,1,HappyBirthday,1172,2190,M,1,0.00184244,0.0303594,22.1358,0.580164,F
304,1,HappyBirthday,33,11315.3,F,1,0.00821016,1.35263,584.547,7.9638,F
304,1,HappyBirthday,205,14235.5,F,1,0.0754426,0.322767,58.6302,24.6881,F
304,1,HappyBirthday,827,4745.07,F,1,0.0166615,2.08912,20.5307,5.67205,F
306,1,HappyBirthday,1286,1095,F,1,0.498069,1.74833,161.491,235.554,F
306,1,HappyBirthday,246,4745.22,F,1,0.00184404,2.13241,36.476,0.667152,F
306,1,HappyBirthday,888,5840.99,M,1,0.0155271,0.148038,95.8712,6.86413,F
307,1,HappyBirthday,60,9490.51,M,1,0.31144,32.2974,221.292,116.593,F
307,1,HappyBirthday,1072,3285,F,1,0.659555,0.0159057,1835.81,415.826,F
308,1,HappyBirthday,1243,1460,F,1,0.172697,0.249334,30443.7,131.809,F
308,1,HappyBirthday,1106,2920,M,1,0.0106419,0.316964,0.0518426,3.32494,F
309,1,HappyBirthday,135,4015.34,F,1,0.0177589,0.686444,31.2871,6.42651,F
310,1,HappyBirthday,1173,2190,M,1,0.456605,0.278329,1231.99,504.714,F
310,1,HappyBirthday,1135,2555,F,1,0.0202213,0.251131,11918.1,28.3839,F
310,1,HappyBirthday,525,12045.5,F,1,1.00213e-05,0.0207046,7594.45,0.0148158,F
310,1,HappyBirthday,1312,730,M,1,0.18044,0.0685089,79429.1,1034.13,F
310,1,HappyBirthday,901,6205.38,M,1,0.00279157,0.106905,46.2619,0.93623,F
311,1,HappyBirthday,71,9490.26,M,1,0.0120321,0.198869,64.6955,4.19516,F
311,1,HappyBirthday,758,14235.2,F,1,0.0601009,0.802925,96.2089,22.056,F
312,1,HappyBirthday,402,31390.2,F,1,0.169454,0.113518,3273.17,245.183,F
313,1,HappyBirthday,155,14600,M,1,0.00751643,5.93884,507.697,2.35532,F
313,1,HappyBirthday,773,25550.6,M,1,0.0360335,0.94974,305.169,11.7146,F
313,1,HappyBirthday,844,22265,F,1,0.00907803,1.32051,0.595294,2.84258,F
314,1,HappyBirthday,1313,730,M,1,3.72688e-05,3.41774,4.92303,0.0117834,F
314,1,HappyBirthday,488,12775.1,F,1,0.0563807,5.73207,27021.9,164.64,F
316,1,HappyBirthday,101,5475.21,M,1,0.0916228,0.081125,5588.15,83.8164,F
316,1,HappyBirthday,116,17885.4,M,1,0.000565836,0.0933161,20.0091,0.182745,F
316,1,HappyBirthday,1107,2920,M,1,0.188672,3.00404,2742.52,96.4569,F
316,1,HappyBirthday,537,12045,F,1,0.029372,0.147675,53.3747,9.50941,F
318,1,HappyBirthday,76,5110.9,F,1,0.127767,11.2314,9.60373,43.1302,F
318,1,HappyBirthday,1209,1825,F,1,0.00564704,4.06575,172.102,2.88042,F
318,1,HappyBirthday,968,27740.6,M,1,0.530556,1.15796,1098.08,580.298,F
318,1,HappyBirthday,1354,365,F,1,0.820178,0.252885,1670.39,1735.53,F
318,1,HappyBirthday,1174,2190,F,1,0.030649,0.647036,1515.53,11.1537,F
319,1,HappyBirthday,1073,3285,M,1,0.00129099,0.0871564,6.20132,0.401458,F
319,1,HappyBirthday,457,12045.2,M,1,0.00179732,1.54059,0.474252,0.559552,F
319,1,HappyBirthday,796,16060.4,F,1,0.00027166,0.342291,58691.8,0.510188,F
319,1,HappyBirthday,870,31025.6,M,1,0.0022806,0.970232,0.168466,0.709391,F
319,1,Births,1375,0,F,0,0,0.0897644,0,0,F
320,1,HappyBirthday,70,15695.1,F,1,0.0149625,1.10375,4.66971,4.68542,F
320,1,HappyBirthday,1244,1460,M,1,0.0056815,3.45219,110.954,2.08764,F
321,1,HappyBirthday,1074,3285,M,1,0.0643205,0.19386,5528.81,180.59,F
322,1,HappyBirthday,945,27375.5,M,1,0.0464974,0.565518,4694.66,14.9306,F
323,1,HappyBirthday,1314,730,F,1,0.102659,0.212741,3305.89,129.38,F
323,1,HappyBirthday,370,18980.7,M,1,0.00297854,30.1205,5449.09,14.7529,F
323,1,HappyBirthday,380,4380.38,F,1,0.000977265,14.4688,22.9397,0.304807,F
323,1,HappyBirthday,436,10950.5,M,1,0.00183973,0.0798653,0.656013,0.573721,F
323,1,HappyBirthday,573,5110.87,M,1,0.0654334,1.26347,452.223,25.0483,F
323,1,HappyBirthday,956,14235.5,M,1,0.000520778,2.17054,1332.87,0.194462,F
323,1,HappyBirthday,1210,1825,M,1,0.0179661,2.03836,145.738,5.9728,F
325,1,HappyBirthday,295,28105.6,F,1,8.07795e-05,0.131401,3652.03,0.286771,F
325,1,HappyBirthday,1245,1460,F,1,0.0673728,0.0819872,54753.1,86.2457,F
325,1,HappyBirthday,923,5475.91,M,1,0.00185894,4.88196,73.5851,0.581624,F
325,1,HappyBirthday,898,4380.5,M,1,0.00046749,0.162221,203.919,0.236768,F
326,1,HappyBirthday,110,14965.1,M,1,0.00317392,0.382076,32.3363,1.07519,F
326,1,HappyBirthday,873,22995.2,M,1,0.00024236,0.878074,58.7648,0.0857708,F
327,1,HappyBirthday,223,5840.4,M,1,9.09313e-05,0.85796,0.339068,0.0283101,F
327,1,HappyBirthday,507,31755.9,M,1,2.52867e-05,0.740767,9.77054,0.0080198,F
327,1,HappyBirthday,528,7300.44,F,1,0.344724,0.427987,17.6911,142.926,F
327,1,HappyBirthday,1211,1825,F,1,0.0567716,0.299976,67.3651,20.2628,F
327,1,HappyBirthday,648,12775.8,M,1,0.0373622,1.00427,79.9994,13.6108,F
328,1,HappyBirthday,306,16425,F,1,0.0126014,0.0908016,2589.55,3.94144,F
328,1,HappyBirthday,960,4380.61,M,1,0.0052583,3.92602,140.13,2.66273,F
328,1,HappyBirthday,387,10220.2,M,1,0,0.418202,29.3712,0,F
328,1,HappyBirthday,670,4380.14,M,1,0.0180277,0.250085,271.98,8.0366,F
329,1,HappyBirthday,1315,730,M,1,0.00664531,0.145027,26077.9,6.28196,F
329,1,HappyBirthday,382,6570.08,F,1,0.00651679,1.8088,2861.3,9.3569,F
329,1,HappyBirthday,817,6205.8,M,1,0.0154908,5.23433,24.2108,4.85139,F
330,1,HappyBirthday,1247,1460,M,1,0.13541,0.0462016,15087.5,71.6688,F
331,1,HappyBirthday,1212,1825,M,1,0.00181739,1.65227,30.9086,0.634866,F
332,1,HappyBirthday,434,11680.8,F,1,0.00695646,0.378886,1565.8,2.41432,F
332,1,HappyBirthday,504,8760.24,M,1,0.814016,6.66505,3461.37,1003.27,F
332,1,Births,1376,0,F,0,0,0.0442308,0,0,F
333,1,HappyBirthday,512,18980.4,M,1,0.00265613,0.148708,0.287059,0.827634,F
334,1,HappyBirthday,986,4015.04,F,1,0.00932434,0.411813,3.13703,2.91136,F
334,1,HappyBirthday,995,16790,M,1,0.0282377,2.38557,2.2958,8.9414,F
334,1,HappyBirthday,822,7665.29,M,1,0.00124061,2.17402,0,0.385609,F
335,1,HappyBirthday,985,9490.38,F,1,8.70972e-05,0.985645,10.8013,0.027506,F
336,1,HappyBirthday,972,9855.83,M,1,0.00477851,4.98873,8.489,1.48877,F
336,1,HappyBirthday,1248,1460,F,1,0.0207398,0.112972,245.136,11.6104,F
337,1,HappyBirthday,1136,2555,F,1,0.0241701,0.488961,5.04819,7.61528,F
337,1,HappyBirthday,722,29565.9,M,1,0.0844467,0.981301,239.363,29.0731,F
338,1,HappyBirthday,272,16060.9,F,1,0.00774994,0.090335,17.0389,2.41973,F
340,1,HappyBirthday,59,6570.69,M,1,0.0023132,1.45556,0.00233944,0.71965,F
340,1,HappyBirthday,369,8030.09,F,1,0.00421126,0.641401,1684.41,4.61843,F
340,1,HappyBirthday,620,7300.36,M,1,0.265199,0.413503,28.348,95.8972,F
340,1,HappyBirthday,649,5475.23,F,1,0.00822314,0.338534,0.0112664,2.56587,F
340,1,HappyBirthday,1250,1460,F,1,0.0112136,4.1776,11.1971,3.59392,F
341,1,HappyBirthday,345,5840.9,M,1,3.68117e-06,0.779703,562.58,0.00383933,F
341,1,HappyBirthday,656,14965.6,M,1,0.222827,0.654088,12503.8,799.784,F
341,1,HappyBirthday,1251,1460,M,1,1.98453e-05,0.0474858,15101.3,0.198275,F
342,1,HappyBirthday,1027,3650,F,1,0.000742646,0.13248,574.696,0.275238,F
342,1,Births,1377,0,M,0,0,0.479915,0,0,F
342,1,Births,1378,0,F,0,0,0.00426854,0,0,F
344,1,HappyBirthday,220,9490.95,F,1,1.85502e-05,0.100735,31445.8,0.078538,F
344,1,HappyBirthday,769,4380.06,F,1,0.0940644,0.550135,2446.09,188.651,F
345,1,HappyBirthday,704,16425.3,F,1,0.000696808,3.07393,14.0306,0.229055,F
345,1,HappyBirthday,858,8760.34,F,1,0.00245423,0.150801,8.72702,0.775301,F
346,1,HappyBirthday,105,6570.46,F,1,0.00451628,1.32801,22.4721,1.44972,F
346,1,HappyBirthday,477,8395.33,M,1,0.0974805,0.785035,14.1044,32.3778,F
346,1,HappyBirthday,1028,3650,F,1,0.0441978,3.16808,4189.22,35.9716,F
347,1,HappyBirthday,1287,1095,F,1,0.000505918,0.0436262,0,0.157441,F
347,1,HappyBirthday,1030,3650,M,1,0.117373,0.336,7.5934,39.2037,F
347,1,HappyBirthday,1108,2920,M,0,0,0.0108452,0,0,F
347,1,HappyBirthday,1029,3650,M,1,0.00738938,0.0243668,8.87552,2.33986,F
347,1,HappyBirthday,439,9490.25,M,1,0.00161984,4.66899,0.102587,0.503886,F
347,1,HappyBirthday,1213,1825,M,1,0.413779,2.80488,2145.44,204.188,F
348,1,HappyBirthday,58,7300.51,M,1,0.0134152,0.172146,6426.26,5.60592,F
348,1,HappyBirthday,1176,2190,M,1,0.123678,24.6072,3343.02,217.184,F
348,1,HappyBirthday,173,14235.1,M,1,0.0548842,3.36494,0.575339,17.595,F
348,1,HappyBirthday,1317,730,M,1,0.196107,4.01294,10553.6,1296.95,F
349,1,HappyBirthday,94,8395.41,M,1,0.100853,0.729516,4.64801,33.3844,F
350,1,HappyBirthday,113,5110.36,F,1,0.0932682,0.165364,95.6052,34.7149,F
350,1,HappyBirthday,891,4745.59,M,1,0.00233041,2.69379,170.741,0.803976,F
351,1,HappyBirthday,301,24820.1,F,1,0.000876537,1.58024,3331.64,0.303015,F
351,1,HappyBirthday,479,18250.7,M,1,0.0158586,17.9922,871.738,11.2278,F
351,1,HappyBirthday,1214,1825,M,1,0.0556163,0.0384251,37329.5,61.3449,F
351,1,HappyBirthday,696,17520.5,M,1,0.0114845,0.677281,70.4314,4.17258,F
352,1,HappyBirthday,936,28470.9,M,1,0.000316064,12.5728,4180.78,1.09683,F
354,1,HappyBirthday,845,11315.9,M,1,0.425107,0.63871,3132.18,706.745,F
355,1,HappyBirthday,127,17155.9,M,1,0.734245,2.48906,39.5288,465.471,F
355,1,HappyBirthday,782,25550.8,M,1,0.264616,0.968682,1060.47,240.847,F
356,1,HappyBirthday,1288,1095,M,1,0.318852,0.456197,464.285,191.964,F
357,1,HappyBirthday,794,12045.1,F,1,0.000171983,1.4569,1627.05,0.347013,F
358,1,HappyBirthday,1178,2190,F,1,0.0005764,2.28516,12294.9,0.287796,F
359,1,HappyBirthday,22,14235,F,1,0.00188342,3.78933,36.8001,0.633043,F
359,1,HappyBirthday,224,5840.71,M,1,0.0477034,0.656267,4.21775,15.2993,F
359,1,HappyBirthday,1179,2190,M,1,0.761658,0.652782,33.1376,470.674,F
360,1,HappyBirthday,109,8395.85,M,1,0.20709,2.08815,45.8818,76.8879,F
360,1,HappyBirthday,304,18615.8,M,1,0,0.596992,631.596,0,F
360,1,HappyBirthday,327,20075.9,F,1,0.00722539,0.145105,10.8249,2.26153,F
360,1,HappyBirthday,645,8760.67,M,1,0.18932,0.540957,431.92,78.6386,F
361,1,HappyBirthday,143,6935.82,F,1,0.00577819,0.847799,91.9245,2.00965,F
361,1,HappyBirthday,929,10585.3,F,1,0.051773,0.232143,2657.64,73.2401,F
361,1,HappyBirthday,438,34310.5,M,1,0.415129,10.7422,130.001,181.293,F
362,1,HappyBirthday,214,5110.34,M,1,0.100589,3.04015,671.659,32.9485,F
362,1,HappyBirthday,1139,2555,F,0,0,0.00126462,0,0,F
362,1,HappyBirthday,947,15695.8,M,1,0.00158971,1.34212,33.0831,0.512672,F
362,1,HappyBirthday,932,25550,M,1,0.0550447,4.18686,476.323,17.7194,F
362,1,HappyBirthday,751,14235.1,F,1,0.182455,0.644825,3731.35,287.595,F
362,1,HappyBirthday,1253,1460,M,1,0.00145132,0.309704,26.0167,0.469697,F
363,1,HappyBirthday,458,22995.4,M,1,0.0770513,0.567308,0.82012,24.9442,F
364,1,HappyBirthday,1109,2920,F,1,0.086187,14.2449,106.364,28.8352,F
364,1,HappyBirthday,1254,1460,M,1,0.077109,2.92594,7340.66,161.189,F
364,1,HappyBirthday,571,20440.9,F,1,0.163189,0.278164,17.9722,55.4983,F
364,1,HappyBirthday,787,8030.89,F,1,0.316788,0.675828,2428.62,371.834,F
365,1,HappyBirthday,187,12045.5,M,1,0.064689,0.717325,44.2868,22.0493,F
365,1,HappyBirthday,1110,2920,F,1,0.0513711,11.7214,58.9737,16.4632,F
365,1,HappyBirthday,716,12775.8,M,1,0.213275,3.99959,99.964,85.2804,F
365,1,Births,1379,0,F,0,0,0.305299,0,0,F
366,1,HappyBirthday,690,9490.69,F,1,6.48074e-06,0.0926548,7065.2,0.0180714,F
368,1,HappyBirthday,1180,2190,F,1,0.00307674,0.162044,15.5328,1.01827,F
368,1,HappyBirthday,270,9855.8,M,1,0.0897272,2.80261,1328.36,187.311,F
368,1,HappyBirthday,739,14965.4,F,1,0.00105664,1.28339,10.9668,0.334828,F
368,1,Births,1380,0,F,0,0,0.00953551,0,0,F
369,1,HappyBirthday,1289,1095,F,1,0.109497,0.0309148,297.748,48.5221,F
369,1,HappyBirthday,626,6205.56,F,1,0,0.0445965,0.0915454,0,F
369,1,HappyBirthday,695,6205.61,F,1,0.00618917,0.0717041,85.8748,2.18196,F
369,1,HappyBirthday,727,4745.76,F,1,0.0371258,1.50593,4.51689,11.9802,F
370,1,HappyBirthday,12,5475.31,F,1,0.023067,2.69052,2526.57,40.6923,F
370,1,HappyBirthday,131,20805.7,M,1,0.0628244,0.779392,2.3906,20.2371,F
370,1,HappyBirthday,1181,2190,F,1,0.00189598,0.306148,15.2236,0.592878,F
370,1,HappyBirthday,540,5110.9,M,1,0.000168696,0.0397189,4.48955,0.052522,F
371,1,HappyBirthday,1002,4015,F,1,0.0101801,1.05178,663.739,3.18941,F
371,1,HappyBirthday,279,13140.2,F,1,0.00293741,0.279126,2670.74,1.33552,F
371,1,HappyBirthday,1255,1460,M,1,0.0314209,0.104413,3711.46,41.2413,F
371,1,HappyBirthday,922,24090.7,M,1,0.0374481,0.0558415,19.1694,12.2521,F
371,1,HappyBirthday,1318,730,M,1,0.86414,0.370705,20.5238,640.989,F
372,1,HappyBirthday,51,21900.6,M,1,0.0486025,1.00899,116.004,22.9127,F
372,1,HappyBirthday,95,4745.36,F,1,0.0494258,0.790457,0.750471,15.7535,F
372,1,HappyBirthday,276,17520.7,M,1,0.863862,2.42796,52.8013,652.373,F
372,1,HappyBirthday,946,33215.4,F,1,0.00163646,0.0846754,18.3509,0.514388,F
373,1,HappyBirthday,1257,1460,F,1,0.0550816,0.874241,133.152,25.431,F
373,1,HappyBirthday,1256,1460,M,0,0,0.0108602,0,0,F
374,1,Births,1381,0,M,0,0,0.0342927,0,0,F
375,1,HappyBirthday,1319,730,F,1,0.0161246,0.00699671,65.7327,6.08767,F
376,1,HappyBirthday,385,13505.2,F,1,0.00323849,69.3045,9.87104,1.01341,F
377,1,HappyBirthday,812,6935.31,F,1,0.202579,25.9238,0.840784,70.4348,F
378,1,HappyBirthday,1003,4015,M,1,0.130383,1.24867,108.996,43.5209,F
378,1,HappyBirthday,1215,1825,F,1,0.00118647,0.0979761,55.9702,0.468733,F
379,1,HappyBirthday,942,5110.02,F,1,0.0266438,0.766645,3.42865,8.42933,F
379,1,HappyBirthday,310,18980.4,F,1,0,0.38858,1809.81,0,F
379,1,HappyBirthday,1032,3650,M,1,0.0407958,1.17356,0.515911,12.9734,F
380,1,HappyBirthday,200,4380.46,F,1,0.804925,0.516808,2.52625,512.161,F
380,1,HappyBirthday,481,8395.53,M,1,0.0150114,0.448584,15.261,4.76115,F
380,1,HappyBirthday,1216,1825,M,1,0.00207395,0.590537,2247.02,2.70478,F
381,1,HappyBirthday,267,33945.8,F,1,0.216988,0.508667,2100.17,84.2036,F
381,1,HappyBirthday,1004,4015,F,1,0.0234137,0.0472761,1472.86,7.68364,F
383,1,HappyBirthday,1033,3650,F,1,0.403521,0.0646381,15.0334,160.872,F
384,1,HappyBirthday,966,31390.9,F,1,0.193119,1.343,11.4493,70.3497,F
385,1,HappyBirthday,596,13140.3,M,1,5.94561e-05,0.380903,7.52825,0.0191746,F
385,1,HappyBirthday,1320,730,M,1,0.108685,0.329237,32979.9,336.276,F
385,1,Births,1382,0,F,0,0,0.0154458,0,0,F
386,1,HappyBirthday,1034,3650,F,1,0.100206,1.57902,10567.3,167.092,F
386,1,HappyBirthday,917,9125.34,M,1,0.00835129,0.909534,10.6746,2.64534,F
387,1,HappyBirthday,64,7665.32,M,1,8.75822e-06,1.13829,3.57305,0.0027676,F
387,1,HappyBirthday,959,8030.82,M,1,0.0258586,1.27427,2809.78,15.1013,F
388,1,HappyBirthday,1321,730,M,1,0.000911648,0.0366319,6.31989e-06,0.283182,F
389,1,HappyBirthday,1035,3650,M,1,0.00158303,1.81801,2.46444,0.493165,F
389,1,HappyBirthday,652,6205.46,F,1,0.0005552,16.6339,21.2348,0.17883,F
389,1,HappyBirthday,1218,1825,M,1,0.00120535,0.737685,0.0481395,0.375027,F
389,1,HappyBirthday,1036,3650,F,1,0.0602176,0.611735,152.582,20.0862,F
390,1,HappyBirthday,1322,730,F,1,0.000262497,0.372236,4966.07,1.22596,F
390,1,HappyBirthday,468,4380.62,M,1,0.00419043,1.02565,0.0152164,1.30528,F
390,1,HappyBirthday,667,5475.3,F,1,1.11738e-05,0.664762,10738.4,0.0413625,F
390,1,HappyBirthday,1111,2920,F,1,0.00206552,0.328274,0.454061,0.643821,F
390,1,HappyBirthday,856,4745.77,F,1,3.31807e-05,0.280401,33.963,0.0116209,F
390,1,HappyBirthday,878,9490.68,M,1,0.0195428,0.0931982,7.98502,6.21748,F
391,1,HappyBirthday,1220,1825,M,1,0.00358866,0.0346151,0.000153905,1.11797,F
391,1,HappyBirthday,1219,1825,F,1,0.0738201,0.15661,1.6248,23.9057,F
391,1,HappyBirthday,1037,3650,M,1,0.00344338,4.3005,409.254,1.07305,F
391,1,HappyBirthday,624,5110.71,F,1,0.428351,3.34669,39.0974,174.334,F
392,1,HappyBirthday,625,19345.6,F,1,0.00145302,1.26719,79.008,0.501877,F
393,1,HappyBirthday,1005,4015,F,1,0.00214911,0.614214,33.4578,0.696414,F
393,1,HappyBirthday,1323,730,M,1,0.00765621,0.0372652,125.25,2.98424,F
393,1,HappyBirthday,899,20075.5,F,1,0.0455601,0.0613598,0.0029158,14.4924,F
394,1,HappyBirthday,126,7665.4,F,1,0.466483,30.1012,3.15544,195.369,F
395,1,HappyBirthday,2,4380.24,M,1,0.000248541,1.36667,13192.7,1.62235,F
395,1,HappyBirthday,692,7300.83,M,1,0.000530469,0.0598131,1.26003e-05,0.164827,F
396,1,HappyBirthday,201,5840.12,F,1,0.0659859,1.44375,0.133045,21.2191,F
396,1,HappyBirthday,1324,730,M,1,0.00906785,0.110135,69.5553,3.41226,F
397,1,HappyBirthday,233,5840.19,F,1,0.732319,0.521161,11294.9,613.76,F
397,1,HappyBirthday,1222,1825,F,1,0.0503463,0.174845,1316.89,18.2032,F
397,1,HappyBirthday,1221,1825,M,1,0.00125294,0.0622612,65.3598,0.437099,F
397,1,HappyBirthday,743,12045.2,F,1,5.08976e-06,16.1463,2702.75,0.002983,F
398,1,HappyBirthday,976,8395.77,F,1,0.0322241,0.37635,18.2821,10.4565,F
398,1,HappyBirthday,914,5475.25,M,1,0.706036,2.4817,109.861,434.897,F
399,1,HappyBirthday,6,13870.7,F,1,0.00206857,0.330339,0.038719,0.643513,F
399,1,HappyBirthday,843,5475.36,F,1,0.00159139,0.0512173,2804.57,2.2761,F
399,1,Births,1383,0,F,0,0,0.226471,0,0,F
400,1,HappyBirthday,73,11315.1,M,1,0.000190013,0.142849,2.03638,0.0592114,F
400,1,HappyBirthday,79,4745.6,F,1,0.545843,4.96755,37.2405,257.42,F
400,1,HappyBirthday,975,16060.9,M,1,0.0101219,0.148504,38.5267,3.72788,F
400,1,HappyBirthday,603,14965.2,F,1,0.0117151,60.2948,3685.32,4.97219,F
400,1,HappyBirthday,1259,1460,M,1,0.702786,0.165775,32.3846,407.408,F
401,1,HappyBirthday,18,18250.6,F,1,0.0204152,0.692321,2.06509,6.41104,F
401,1,HappyBirthday,271,6570.77,M,1,1.63105e-05,0.25272,1190.08,0.0304352,F
401,1,HappyBirthday,348,14235.7,F,1,0.000603591,0.438707,0.085383,0.18761,F
401,1,HappyBirthday,398,6570.71,F,1,0.00236818,0.719326,1673.6,2.3609,F
401,1,HappyBirthday,686,8395.15,F,1,0.0448123,0.430458,383.21,33.5824,F
401,1,HappyBirthday,1077,3285,M,1,0.0646515,0.339955,87.4278,28.5094,F
402,1,HappyBirthday,85,9125.63,M,1,0.210485,0.704464,4820.24,74.6164,F
402,1,HappyBirthday,1183,2190,M,1,0.397441,0.597441,72.0834,176.658,F
402,1,HappyBirthday,1112,2920,M,1,0.000244439,0.288137,1.36643,0.0762926,F
402,1,HappyBirthday,903,6570.56,M,0,0,0.0516533,0,0,F
403,1,HappyBirthday,17,5110.3,M,1,0.00110375,0.0482994,0.00522637,0.343499,F
403,1,HappyBirthday,733,13870.1,M,1,0.00653619,0.621572,6.41586,2.0412,F
404,1,HappyBirthday,1079,3285,F,1,8.10841e-06,0.0778291,1405.16,0.00811723,F
404,1,HappyBirthday,731,6935.03,M,1,0.000261697,0.573357,46.0996,0.0824028,F
405,1,HappyBirthday,365,17155.5,F,1,0.0027835,1.39966,27.3574,0.866462,F
405,1,HappyBirthday,1325,730,M,1,0.0101368,0.218697,42.4045,3.70378,F
406,1,HappyBirthday,1038,3650,F,1,0.0252846,0.0961628,174.006,13.8886,F
406,1,HappyBirthday,78,16790.1,F,1,0.0524902,8.11613,3012.72,28.7664,F
406,1,HappyBirthday,1113,2920,F,1,0.000300731,1.75989,24.3716,0.0989383,F
406,1,HappyBirthday,589,5840.81,M,1,0.00121013,9.47933,0.265488,0.376506,F
406,1,HappyBirthday,918,28105,M,1,0.0180124,2.65819,77.8785,7.28492,F
406,1,Births,1384,0,M,0,0,0.295449,0,0,F
407,1,HappyBirthday,1039,3650,F,1,3.3449e-05,0.269362,999.912,0.0505371,F
407,1,HappyBirthday,98,15330.8,M,1,0.000236805,0.831797,4872.37,0.505593,F
407,1,HappyBirthday,928,12410.2,F,1,0.0791434,0.976816,1.03093,25.6305,F
407,1,HappyBirthday,332,19710.3,F,1,4.54578e-07,18.6114,40.8356,0.0001602,F
408,1,HappyBirthday,1006,4015,F,1,0.0688636,1.38455,0.119055,22.1778,F
408,1,HappyBirthday,892,11315.5,F,1,0.00307633,0.129599,1.76868,0.957946,F
409,1,HappyBirthday,1141,2555,M,1,0.412775,6.14859,6886.15,188.314,F
409,1,HappyBirthday,441,4380.38,F,1,5.54074e-05,0.819093,17293.6,0.0369985,F
409,1,HappyBirthday,1260,1460,F,1,0.0232804,0.375435,973.578,8.22676,F
409,1,HappyBirthday,588,5110.91,M,1,0.0867445,1.48508,39432.9,96.0635,F
409,1,HappyBirthday,814,5110.56,M,1,0.000186897,1.27466,33.873,0.0582893,F
410,1,HappyBirthday,140,5110.66,M,1,0.289602,0.0469305,75.9205,118.911,F
410,1,HappyBirthday,886,6570.21,F,1,0.00917128,0.544914,52.0948,3.10181,F
411,1,HappyBirthday,555,7300.16,M,1,0.00218142,6.73262,130.157,0.812516,F
411,1,HappyBirthday,879,13870.2,F,1,0.567301,1.05576,2.90699,262.543,F
412,1,HappyBirthday,239,14235.2,F,1,0.00090512,0.615862,0.0013342,0.281402,F
412,1,HappyBirthday,473,23725.4,M,1,0.00394262,1.34824,15.7255,1.23204,F
412,1,HappyBirthday,847,9855.31,M,1,0.00643897,0.357367,7484.39,9.46673,F
413,1,HappyBirthday,611,4380.79,M,1,0.00166133,0.188405,92.0939,0.604342,F
413,1,Births,1385,0,M,0,0,0.0810938,0,0,F
414,1,HappyBirthday,156,5110.58,M,1,4.59594e-05,0.0778939,1.85201,0.0143388,F
415,1,HappyBirthday,1184,2190,M,1,0.00023509,0.826833,11539.8,1.76243,F
415,1,HappyBirthday,546,16425.7,F,1,0.00465281,0.494206,8842.98,24.3962,F
415,1,HappyBirthday,1224,1825,F,1,1.57228e-05,3.40538,72706.4,0.183551,F
415,1,HappyBirthday,987,20440.5,M,1,0.000325595,15.2318,5911.48,0.693455,F
416,1,HappyBirthday,951,7300.12,F,1,0.00257287,0.297358,77.542,0.807595,F
416,1,HappyBirthday,1326,730,F,1,0.00377594,0.0221091,1.85765,1.17548,F
417,1,HappyBirthday,1225,1825,M,1,0.117628,0.703988,27.7655,40.648,F
417,1,HappyBirthday,1143,2555,F,1,9.27942e-05,1.6602,50572.7,0.911915,F
417,1,HappyBirthday,994,12410.2,M,1,0.000176817,0.0919357,3.93619,0.0550136,F
417,1,Births,1386,0,F,0,0,0.0223727,0,0,F
418,1,HappyBirthday,804,6935.67,F,1,9.49816e-05,1.6734,0.0126355,0.0294618,F
419,1,HappyBirthday,608,20805,F,1,0.00778338,0.553297,4659.89,2.45607,F
419,1,HappyBirthday,711,5840.05,F,1,0.0270202,0.160194,13836.4,14.2324,F
419,1,HappyBirthday,1327,730,M,1,0.00110973,0.0486446,0.16726,0.345227,F
420,1,HappyBirthday,1356,365,F,1,0.00396939,0.00636514,0.000601891,1.23529,F
420,1,HappyBirthday,939,24820.4,F,1,0.000813154,2.31046,6748.97,0.365496,F
421,1,HappyBirthday,104,11315.2,M,1,0.0625338,62.9457,0.005211,20.0681,F
421,1,HappyBirthday,355,35405.5,F,1,0.00429223,0.518073,40.2095,1.37952,F
422,1,HappyBirthday,1114,2920,F,1,0.000397784,1.10577,92.5298,0.140739,F
422,1,HappyBirthday,712,15695.8,F,1,5.51411e-06,0.0135816,0.795213,0.0017142,F
422,1,HappyBirthday,900,14965.4,M,1,0.00531873,2.33386,30.4021,1.66465,F
423,1,HappyBirthday,323,10220.9,F,1,0.373823,2.21547,1.68789,146.675,F
423,1,HappyBirthday,776,14600.5,F,1,0.00322312,1.1012,3.9463,1.01908,F
423,1,HappyBirthday,793,6570.99,F,1,2.33465e-07,0.075325,477.025,0.00022989,F
424,1,HappyBirthday,226,17885.3,F,1,1.21706e-06,1.45955,0.0141396,0.0003754,F
424,1,HappyBirthday,235,17520.9,M,1,0,0.539466,3274.79,0,F
424,1,HappyBirthday,378,4380.03,M,1,0.00258445,0.36325,1264.41,1.79539,F
425,1,HappyBirthday,1185,2190,M,1,0.0032319,12.8776,4277.95,6.17117,F
425,1,HappyBirthday,633,25185.8,F,1,0.0290999,0.384637,212.627,9.23556,F
425,1,HappyBirthday,753,5840.62,F,1,0.000555602,0.388046,90.6807,0.187631,F
426,1,HappyBirthday,61,7300.52,M,1,0.000784927,2.45872,1190.5,0.67045,F
426,1,HappyBirthday,1144,2555,F,1,0.00135584,0.0719931,20.75,0.465872,F
426,1,HappyBirthday,266,9855.13,F,1,0.00766013,2.88709,40.626,2.48638,F
426,1,HappyBirthday,371,6570.63,M,1,0.001132,2.46829,2.32459,0.351813,F
426,1,HappyBirthday,455,27740.1,M,1,0.460032,1.44589,0.586535,191.524,F
426,1,Births,1387,0,M,0,0,0.0939038,0,0,F
427,1,HappyBirthday,277,19345.7,F,0,0,0.00758281,0,0,F
427,1,HappyBirthday,840,10950.6,M,1,0.00099584,0.914942,118.961,0.31254,F
428,1,HappyBirthday,542,14600.3,M,1,0.0316343,0.74709,2.23577,9.98938,F
428,1,HappyBirthday,1357,365,F,0,0,0.00973459,0,0,F
429,1,HappyBirthday,48,6205.4,M,1,0.237427,7.87088,17.2719,86.6403,F
429,1,HappyBirthday,973,6205.91,F,1,0.580765,0.467149,39.2812,308.609,F
429,1,HappyBirthday,1082,3285,M,1,0.0581669,0.352778,2549.21,27.7994,F
429,1,HappyBirthday,1328,730,F,1,0.000276735,0.00318534,10.2186,0.0897151,F
429,1,HappyBirthday,1186,2190,M,1,0.0109488,1.00218,514.605,3.44932,F
430,1,HappyBirthday,92,8760.33,F,1,0.00799319,5.74062,175.626,2.52121,F
430,1,HappyBirthday,1042,3650,M,1,0.00203619,0.562812,91.4545,0.712518,F
430,1,HappyBirthday,225,4745.07,F,1,0.000299411,0.0178031,0.00132168,0.0931718,F
430,1,HappyBirthday,311,12045.5,F,1,0.00579055,27.3736,0.0003754,1.80482,F
430,1,HappyBirthday,1083,3285,M,1,0.0130166,0.492815,7735.06,36.3292,F
431,1,HappyBirthday,962,16425,M,1,0,0.102017,0,0,F
432,1,HappyBirthday,1358,365,M,1,0.00185557,0.0223798,15.9148,0.594073,F
432,1,HappyBirthday,666,15330.6,F,1,0.221258,0.225727,0.371117,77.8155,F
433,1,HappyBirthday,134,29200.6,M,1,0.0260115,0.516907,24.6933,8.51726,F
433,1,HappyBirthday,321,6935.38,M,1,0.178926,5.08154,1589.38,77.598,F
433,1,HappyBirthday,343,6205.22,F,1,8.24874e-05,0.124798,18.94,0.0280836,F
433,1,HappyBirthday,1187,2190,F,1,0.0182945,0.98057,30.0391,6.60809,F
434,1,HappyBirthday,550,9125.06,M,1,0.00322011,4.78094,0.003525,1.00235,F
435,1,HappyBirthday,317,17885.1,F,1,0.00100384,0.742095,247.93,0.324344,F
436,1,HappyBirthday,1329,730,M,1,0.389196,0.686204,84.0663,153.535,F
437,1,HappyBirthday,35,27010.1,F,1,0.036905,0.0382011,0.200783,11.6854,F
437,1,HappyBirthday,935,5840.79,M,1,0.00092483,0.179579,49.9459,0.309619,F
438,1,HappyBirthday,998,8760.03,M,1,0.0845326,0.2812,212.139,48.9225,F
438,1,HappyBirthday,1226,1825,M,1,0.162224,0.360025,695.388,71.2833,F
439,1,HappyBirthday,32,8030.02,F,1,0.0387672,58.9124,13.001,12.6481,F
439,1,HappyBirthday,373,6935.05,F,1,0.0771023,0.68277,0.939246,24.9361,F
439,1,HappyBirthday,1084,3285,M,1,2.865e-07,0.167892,935.485,0.000426243,F
440,1,HappyBirthday,149,4745.25,M,1,0.24819,0.182339,3555.02,228.192,F
440,1,HappyBirthday,1146,2555,F,1,4.22314e-05,0.67949,5044.92,0.0985257,F
441,1,HappyBirthday,969,29930.1,M,1,0.0480612,40.0176,21.6446,15.3196,F
441,1,HappyBirthday,619,9125.2,M,1,7.26731e-05,1.12697,32.3469,0.0227324,F
441,1,HappyBirthday,1263,1460,M,1,0.0618497,0.115723,91.2808,22.244,F
441,1,HappyBirthday,1330,730,M,1,0.00464596,0.0762298,0.454253,1.44716,F
441,1,Births,1388,0,F,0,0,0.0110927,0,0,F
443,1,HappyBirthday,247,9125.79,M,1,1.47696e-05,0.478229,39166.9,0.0365964,F
443,1,HappyBirthday,1147,2555,M,1,0.0193856,1.48917,1.55468,6.1286,F
443,1,HappyBirthday,539,16790.6,F,1,0.00741789,5.92842,10.0009,2.41644,F
443,1,HappyBirthday,816,15330.1,F,1,0.0225048,0.470464,13.455,7.47013,F
443,1,HappyBirthday,863,5110.03,M,1,0.0469863,6.70583,4968.69,16.9232,F
444,1,HappyBirthday,315,11680.5,F,1,0.00320464,4.48591,16.0788,1.01301,F
445,1,HappyBirthday,1115,2920,M,1,0.169281,1.14399,0.491663,57.7797,F
446,1,HappyBirthday,250,7665.22,M,1,0.00376332,7.6869,0.214208,1.17272,F
446,1,HappyBirthday,262,12410.9,M,1,0.00175755,0.104249,2.68432,0.552158,F
447,1,HappyBirthday,1264,1460,M,1,0.000458546,1.51401,28.5443,0.159598,F
447,1,HappyBirthday,676,12045.6,F,1,0.50061,0.00658125,20.7089,221.23,F
447,1,HappyBirthday,709,4745.03,F,1,0.0763724,2.24376,12.5282,24.6913,F
448,1,HappyBirthday,1188,2190,F,1,0.00355749,2.52176,11675.6,13.9749,F
448,1,HappyBirthday,614,5840.17,F,1,0.0413564,0.159036,13.1571,13.3375,F
449,1,HappyBirthday,949,12410.6,M,1,2.37319e-05,2.10615,2489.35,0.033116,F
449,1,Births,1389,0,F,0,0,0.205565,0,0,F
450,1,HappyBirthday,106,27740.3,M,1,0.0892527,8.68795,8.12654,29.089,F
450,1,HappyBirthday,706,18250.9,M,1,0.00123027,5.18136,0.0002452,0.382242,F
450,1,HappyBirthday,1008,4015,M,1,1.57472e-05,3.31023,0.00015768,0.00491833,F
452,1,HappyBirthday,31,21170.9,F,1,0.00761067,11.1042,1.91927,2.39534,F
452,1,HappyBirthday,1266,1460,F,1,0.00127226,3.07813,94721.6,8.79662,F
452,1,HappyBirthday,1265,1460,F,1,0.000618331,0.332822,886.014,0.443016,F
452,1,HappyBirthday,1148,2555,M,1,0.11643,1.98416,87.1868,38.4692,F
452,1,HappyBirthday,1045,3650,F,1,0.0118055,0.169213,30.6351,4.16027,F
452,1,HappyBirthday,1359,365,M,1,0.000258007,0.122068,173708,2.48574,F
453,1,HappyBirthday,1331,730,F,1,0.000699008,0.152317,4.66721,0.218446,F
453,1,HappyBirthday,334,8395.19,M,1,0.362383,1.79295,9.03353,145.89,F
453,1,HappyBirthday,1085,3285,F,1,0.0329945,0.750904,0.510897,10.4351,F
453,1,HappyBirthday,664,11315.2,F,1,0.00211743,1.22928,37.0462,0.666565,F
454,1,HappyBirthday,1149,2555,F,0,0,0.0183003,0,0,F
454,1,HappyBirthday,677,17155.4,F,1,0.237556,0.257342,1.02213,84.3514,F
455,1,HappyBirthday,516,7665.97,F,1,0.157417,0.19194,36.2758,55.2726,F
455,1,HappyBirthday,1267,1460,M,1,0.0322469,0.193639,29.9579,10.6717,F
455,1,HappyBirthday,1332,730,M,1,0.430643,0.0242437,1156.57,644.414,F
456,1,HappyBirthday,562,14600.1,M,1,0.000139221,11.3326,100.662,0.0449142,F
457,1,HappyBirthday,1150,2555,M,1,0.0831287,0.641086,7946.91,34.9904,F
458,1,HappyBirthday,222,20805.3,F,1,1.5608e-05,0.332546,0.0080448,0.0048534,F
458,1,HappyBirthday,1333,730,M,1,0.168355,0.296312,29.9643,64.2531,F
458,1,HappyBirthday,1291,1095,M,1,0.187368,1.08992,217.074,123.992,F
459,1,HappyBirthday,65,25915.7,F,1,3.50012e-06,0.536082,1.97716,0.0010836,F
459,1,HappyBirthday,541,6935.05,F,1,0.00561393,0.263658,32.076,1.99616,F
460,1,HappyBirthday,1269,1460,F,1,0.868215,1.92063,2962.44,742.108,F
461,1,HappyBirthday,1116,2920,M,1,0.344661,0.090016,456.386,155.382,F
461,1,HappyBirthday,299,7665.47,M,1,0.0051643,8.21154,38.3288,1.69918,F
461,1,HappyBirthday,1270,1460,M,0,0,0.00266662,0,0,F
462,1,HappyBirthday,75,17885.4,F,1,0.123013,0.0614304,914.184,44.738,F
462,1,HappyBirthday,720,13140.8,M,1,0,2.28673,1.56832,0,F
463,1,HappyBirthday,62,22630.1,M,1,0.0477062,5.93492,6.75269,15.6578,F
463,1,HappyBirthday,1189,2190,F,1,0.00326036,23.0225,333.593,1.19484,F
464,1,HappyBirthday,1227,1825,M,1,0.154247,0.216355,30.0587,59.3918,F
464,1,HappyBirthday,1151,2555,M,1,0.150114,11.0606,18.4376,53.4653,F
464,1,HappyBirthday,823,27740,F,1,0.00243634,0.257265,0.0009102,0.757932,F
464,1,Births,1390,0,F,0,0,0.00830201,0,0,F
465,1,HappyBirthday,605,15330.8,M,1,0.0115898,0.504332,0.0156936,3.62269,F
465,1,HappyBirthday,744,10585.7,M,1,0.000430907,0.34381,0.886734,0.133906,F
466,1,HappyBirthday,1152,2555,F,1,0.379405,0.0618951,301.049,173.525,F
466,1,HappyBirthday,379,35770.1,M,1,0.214962,15.9662,26.0682,83.3885,F
467,1,HappyBirthday,1271,1460,F,1,0.00310184,0.227534,61.5391,1.13764,F
468,1,HappyBirthday,1334,730,F,1,0.575646,0.576633,3416.54,541.339,F
468,1,HappyBirthday,198,7665.38,F,1,6.07812e-07,2.5847,18369.5,0.0022356,F
468,1,HappyBirthday,249,6205.05,F,1,0.00192159,0.861403,814.248,1.81021,F
468,1,Births,1391,0,M,0,0,0.304048,0,0,F
469,1,HappyBirthday,206,5840.07,F,1,0.00050639,0.665505,164.655,0.161181,F
469,1,HappyBirthday,207,7300.56,F,1,0.000724381,3.90216,3.40018e-06,0.225096,F
469,1,HappyBirthday,1117,2920,F,1,0.00637139,0.317709,0.0632043,1.98666,F
469,1,HappyBirthday,725,13505.8,M,1,0.0148394,13.4492,90.2194,4.66755,F
470,1,HappyBirthday,466,9125.27,F,1,0.182233,0.78765,7.20842,63.1418,F
471,1,HappyBirthday,302,17155.2,F,1,0.00127678,3.45868,0.950418,0.397138,F
471,1,HappyBirthday,410,4745.15,F,1,0.0027462,0.338037,10.3372,0.8548,F
471,1,HappyBirthday,774,7300.74,F,1,0.0103752,43.2046,6612.73,6.65208,F
472,1,HappyBirthday,1087,3285,M,1,0.232453,0.461647,3787.64,83.0074,F
472,1,HappyBirthday,523,8760.03,M,1,0,1.50806,934.447,0,F
472,1,HappyBirthday,671,13140.8,F,1,0.101513,1.62685,661.092,64.4431,F
473,1,HappyBirthday,1292,1095,M,1,0.752751,0.615618,435.377,441.867,F
473,1,HappyBirthday,256,6205.36,M,1,0.00693588,1.57207,109.451,2.16891,F
473,1,HappyBirthday,1050,3650,F,1,0.792284,0.915763,1.77874,488.44,F
474,1,HappyBirthday,425,10220.5,M,1,0.000702919,0.907806,466.951,0.219588,F
474,1,HappyBirthday,531,8395.94,F,1,0.137449,0.210957,6.57898,47.053,F
475,1,HappyBirthday,52,9855.42,M,1,0.00424042,2.07544,128.155,1.76541,F
475,1,HappyBirthday,230,13505,M,1,0,0.515791,24.0488,0,F
476,1,HappyBirthday,16,8760.4,F,1,0.0001813,0.403238,0.414354,0.0564432,F
476,1,HappyBirthday,447,11680.5,F,1,3.35563e-07,0.20294,5557.55,0.001543,F
476,1,HappyBirthday,808,9125,F,1,0.0199631,0.206952,297.013,6.49393,F
477,1,HappyBirthday,182,33215.8,F,1,0.000216354,1.4053,9793.77,0.746482,F
477,1,HappyBirthday,474,27375.4,M,1,0.0228906,0.587325,813.689,15.7832,F
477,1,HappyBirthday,1293,1095,M,1,0.228433,0.24317,2183.51,87.9362,F
478,1,HappyBirthday,1360,365,M,1,0.00773345,0.71461,18.5147,2.54661,F
478,1,HappyBirthday,1088,3285,M,1,0.00255246,2.36355,38182.6,19.386,F
478,1,HappyBirthday,1190,2190,M,1,0.0909239,0.707421,68.932,34.4481,F
478,1,HappyBirthday,924,6205.05,F,1,0.17932,1.64438,274.605,73.7855,F
479,1,HappyBirthday,293,4745.04,M,1,0.496287,1.01855,12.682,215.706,F
479,1,HappyBirthday,831,7665.74,M,1,0.0049377,1.38633,67.9679,1.54436,F
481,1,HappyBirthday,1294,1095,M,1,0.00492896,0.156376,69.4341,1.98897,F
481,1,HappyBirthday,56,16425,M,1,0.126643,0.0720668,1431.9,113.381,F
481,1,HappyBirthday,1295,1095,F,1,0.0122805,0.0664008,566.352,11.0711,F
481,1,HappyBirthday,1272,1460,F,1,0.00928131,1.49161,71.5836,3.48071,F
481,1,HappyBirthday,514,6570.94,M,1,0.00241471,1.09764,0.102927,0.751429,F
481,1,HappyBirthday,552,6205.69,F,1,0.0460211,0.43055,3.02832,14.6431,F
482,1,HappyBirthday,967,6570.66,M,1,0.00138349,0.0978907,0.00755573,0.430412,F
482,1,HappyBirthday,772,22630.4,M,1,0.00682957,3.73633,471.355,2.17275,F
483,1,HappyBirthday,100,20075.8,M,1,0.14883,3.01162,81.8784,55.1781,F
483,1,HappyBirthday,1119,2920,M,1,0.0216145,0.497156,2.63319,6.82151,F
483,1,HappyBirthday,305,10220.6,M,1,0.00186037,1.41351,620.847,1.07893,F
483,1,HappyBirthday,1089,3285,F,1,0.200785,0.686638,29.6914,79.913,F
483,1,HappyBirthday,703,5475.89,F,1,0.00193362,0.150145,1.32943,0.603769,F
485,1,HappyBirthday,943,5840.42,M,1,3.34011e-06,0.0911645,7012.37,0.00898639,F
486,1,HappyBirthday,23,6205.5,F,1,0.566121,1.41793,497.376,300.281,F
486,1,HappyBirthday,255,34675.8,M,1,0.143282,1.91803,12.4515,48.5874,F
486,1,HappyBirthday,1229,1825,M,1,0.477592,0.108707,37.0222,237.727,F
486,1,HappyBirthday,391,4380.19,M,1,0.0115468,1.49896,285.123,3.61294,F
486,1,HappyBirthday,429,20075.5,M,1,0.323712,4.04862,8.16401,122.126,F
486,1,HappyBirthday,1228,1825,F,1,0.0442055,0.125835,2012.08,14.1924,F
486,1,HappyBirthday,785,16060.5,M,1,0.188475,0.199275,0.415233,64.9132,F
489,1,HappyBirthday,195,8030.57,M,1,0.000422673,1.60141,96.0688,0.132349,F
489,1,HappyBirthday,520,15330.6,F,1,0.00377292,0.634042,0.136984,1.17476,F
490,1,HappyBirthday,1191,2190,F,1,0.0866451,0.119429,946.501,37.139,F
492,1,HappyBirthday,518,14235.8,F,1,3.07422e-06,2.27277,0.032598,0.0009452,F
492,1,HappyBirthday,815,9490.58,M,1,0.441041,11.9591,2.47213,182.106,F
492,1,HappyBirthday,837,5110.45,M,1,0.00453739,0.13331,21.607,1.52709,F
492,1,HappyBirthday,1120,2920,M,1,0.0107092,1.14422,20.2334,3.62706,F
493,1,HappyBirthday,120,29565.3,M,1,0.00226613,11.0124,44.9262,0.707022,F
493,1,HappyBirthday,388,8395.2,M,1,0.0244456,0.123075,18.5037,8.40182,F
493,1,HappyBirthday,600,7665.41,M,1,0.590961,2.2546,38.6794,278.019,F
493,1,HappyBirthday,801,9125.19,F,1,0.00262792,5.2139,0.220738,0.817814,F
493,1,HappyBirthday,874,12410.9,F,1,0.00037159,0.393928,250.96,0.148572,F
495,1,HappyBirthday,335,10221,M,1,0.0994212,0.281574,0.486503,32.5584,F
495,1,HappyBirthday,1090,3285,M,1,0.136798,0.284171,199.024,58.2894,F
495,1,HappyBirthday,852,15695.7,M,1,0.00202532,0.134949,0.0194888,0.630054,F
496,1,HappyBirthday,1335,730,F,1,0.475783,2.15256,14243.6,709.509,F
496,1,HappyBirthday,536,4380.49,M,1,0.418616,5.02345,34.4361,168.635,F
496,1,HappyBirthday,628,9125.48,F,1,0.0496249,6.7881,236.688,15.9121,F
496,1,HappyBirthday,1336,730,M,1,0.0277026,0.0849909,24.4137,9.06972,F
497,1,HappyBirthday,259,26280,F,1,0.202305,0.137295,2969.96,330.685,F
497,1,HappyBirthday,517,4745.93,F,1,0.0223086,0.600518,50.3546,7.05063,F
498,1,HappyBirthday,263,17520.1,M,1,0.0031332,0.88662,167.237,1.01057,F
498,1,HappyBirthday,1121,2920,M,1,0.00287164,4.04402,99.2951,1.03637,F
499,1,HappyBirthday,309,23725.5,M,1,0.0194737,0.951644,784.755,7.52634,F
499,1,HappyBirthday,392,12410.4,M,1,0.019521,7.96778,121.409,6.87877,F
499,1,HappyBirthday,486,19345.5,M,1,0.17468,0.425407,140.061,59.908,F
499,1,HappyBirthday,554,20440.6,M,1,0.141653,13.9292,0.242236,47.4968,F
500,1,HappyBirthday,74,15330,F,1,0.124456,0.152388,8.46858,41.3094,F
500,1,HappyBirthday,602,20075.6,F,1,0.0146252,0.127788,7.19704,4.65793,F
501,1,HappyBirthday,1052,3650,F,1,0.030128,17.2184,6682.65,11.4714,F
501,1,HappyBirthday,867,12775.8,F,1,0.245863,0.595867,33.6351,91.5821,F
502,1,HappyBirthday,1231,1825,M,1,0.566756,0.118357,933.004,333.564,F
502,1,HappyBirthday,1337,730,M,1,0.00576149,0.0409821,26.3286,1.98636,F
502,1,HappyBirthday,938,7665.23,F,1,0.0901194,4.40283,0.662658,29.3512,F
503,1,HappyBirthday,152,5475.04,M,1,0.000202494,0.299758,62460.3,2.06805,F
503,1,HappyBirthday,1274,1460,F,1,0.00234024,0.848864,14.4764,0.780795,F
503,1,HappyBirthday,1153,2555,M,1,0.00115534,0.0362739,2611.24,1.57551,F
503,1,HappyBirthday,467,17885.2,F,1,0.0801369,0.586258,0.637531,25.9599,F
503,1,HappyBirthday,1338,730,M,1,0.0381479,0.187986,68.1519,16.0194,F
504,1,HappyBirthday,1361,365,M,1,0.000174728,0.326475,30850.4,1.29262,F
504,1,HappyBirthday,726,14600.3,F,1,0.00175843,2.64055,364.84,0.572106,F
505,1,HappyBirthday,414,14235.7,F,1,0.0805684,3.92404,30.6914,27.4767,F
505,1,HappyBirthday,1000,8760.11,F,1,0.00162921,4.30541,1154.7,0.56602,F
505,1,HappyBirthday,1362,365,M,1,0.0448698,0.440937,46.747,15.295,F
506,1,HappyBirthday,1363,365,F,1,0.551847,0.0953785,1577.32,274.98,F
506,1,HappyBirthday,1154,2555,F,1,0.0117811,0.026875,20996.2,12.5484,F
507,1,HappyBirthday,275,16060.3,M,1,0.00963475,0.272531,172.453,3.75646,F
507,1,HappyBirthday,762,19710.9,F,1,0.0147775,0.15021,22.7848,4.96177,F
508,1,HappyBirthday,1011,4015,M,1,0.0650695,2.2063,6.62999,20.9976,F
508,1,HappyBirthday,574,5110.5,M,1,0.00345882,1.25173,40.8926,1.28249,F
508,1,HappyBirthday,890,8030.24,M,1,0.0307701,0.320052,410.618,9.72543,F
509,1,HappyBirthday,1054,3650,F,1,0.00465463,1.20055,1.74079,1.46285,F
509,1,HappyBirthday,199,4380.24,M,1,0.0045481,1.19456,477.932,2.33841,F
509,1,HappyBirthday,931,15330.4,F,1,0.00588099,2.18847,13298.4,12.1898,F
509,1,HappyBirthday,930,25915.6,M,1,0.0762291,0.538903,21.9042,25.5447,F
510,1,HappyBirthday,397,7300.82,M,1,0.00282875,0.929647,1.112,0.880591,F
511,1,HappyBirthday,81,13505.5,F,1,0.0691141,0.286364,0.404335,22.2707,F
511,1,Births,1392,0,M,0,0,0.0134733,0,0,F
512,1,HappyBirthday,328,24820.4,M,1,0.0200095,2.27563,81.2213,6.32779,F
512,1,HappyBirthday,1156,2555,F,1,0.0155597,0.0610998,25.6718,5.42938,F
512,1,HappyBirthday,498,17520.1,M,1,0.0117945,0.63119,30.1237,3.74025,F
513,1,HappyBirthday,57,5475.35,F,1,0.00103768,0.0704643,520.43,0.576947,F
513,1,HappyBirthday,416,6570.62,M,1,0.0169251,0.767775,1643.29,13.8817,F
513,1,HappyBirthday,982,29565.9,F,1,0.0921041,5.10148,696.692,32.185,F
513,1,HappyBirthday,682,5110.03,F,1,0.00174556,2.622,35.4528,0.63264,F
513,1,Births,1393,0,F,0,0,0.0243572,0,0,F
514,1,HappyBirthday,37,17520.7,F,1,0.11456,1.69045,3.51267,37.8135,F
514,1,HappyBirthday,97,20805.2,F,1,0.00329296,3.49917,22.0302,1.04169,F
514,1,HappyBirthday,1192,2190,F,1,0.0598382,0.386275,30.034,22.0125,F
515,1,HappyBirthday,183,17520.1,F,1,6.1157e-06,6.09024,2223.04,0.0055142,F
515,1,HappyBirthday,243,5110.64,F,1,0.000829434,1.34448,94.3036,0.299585,F
515,1,HappyBirthday,1364,365,M,1,0.781299,0.00561007,54.2662,516.503,F
515,1,HappyBirthday,564,14600.2,F,1,0.0951647,0.404952,21.6063,34.385,F
516,1,HappyBirthday,209,4745.19,M,1,0.0254796,12.1636,231.112,8.56811,F
516,1,HappyBirthday,273,28835.5,F,1,0.0217309,4.99425,0.0335798,6.82768,F
516,1,HappyBirthday,495,8760.38,F,1,0.02881,0.385426,16.6661,9.34736,F
516,1,HappyBirthday,768,8030.64,F,1,0.0368013,0.552325,95.5088,13.6452,F
517,1,HappyBirthday,234,8395.92,M,1,0.00308904,10.5403,18.3515,0.988932,F
517,1,HappyBirthday,421,6205.66,F,1,0.399662,0.229249,3186.85,159.128,F
517,1,HappyBirthday,1122,2920,M,1,0.0164684,1.54864,1231.14,13.6007,F
517,1,HappyBirthday,755,6570.85,F,1,0.137523,0.574769,463.762,61.5022,F
518,1,HappyBirthday,1056,3650,M,1,0.000296298,0.0776592,2.48278,0.0933897,F
519,1,HappyBirthday,144,6205.48,F,1,0.000583002,2.12122,25.6801,0.19915,F
519,1,HappyBirthday,1193,2190,M,1,0.0336079,1.29005,1.09165,10.6818,F
520,1,HappyBirthday,362,7300.5,M,1,0.227586,0.113773,16.1474,82.4688,F
520,1,HappyBirthday,426,6935.42,M,1,0.000131462,0.620072,21.2529,0.0420423,F
520,1,HappyBirthday,1296,1095,F,1,0.751411,0.337807,73.6169,484.083,F
521,1,HappyBirthday,1092,3285,M,1,0.00203837,0.102697,0.128515,0.634452,F
521,1,HappyBirthday,595,19710.4,F,1,0.197115,5.68056,1830.97,72.3222,F
522,1,HappyBirthday,40,22630.4,F,1,0.0152527,3.87824,292.345,10.7579,F
522,1,HappyBirthday,147,5475.74,M,1,0.0117973,3.19883,14.6737,3.95753,F
522,1,HappyBirthday,560,9490.88,M,1,0.00446703,47.8954,9977.36,30.09,F
522,1,HappyBirthday,791,6205.67,M,1,0.00509098,0.861183,123.568,1.70058,F
522,1,HappyBirthday,849,18615.5,M,1,0.00501231,0.557239,1314.03,8.76302,F
523,1,HappyBirthday,1015,4015,M,1,0.0122656,0.991363,189.998,4.81571,F
524,1,HappyBirthday,1232,1825,M,1,0.878062,0.405128,187.672,1075.07,F
524,1,HappyBirthday,1057,3650,F,1,0.000232552,2.66413,23.9547,0.0791377,F
525,1,HappyBirthday,1339,730,F,1,0.631077,0.184192,3633.59,1329.92,F
525,1,HappyBirthday,678,10950.9,M,1,0.00108373,0.627427,0.516998,0.336969,F
525,1,HappyBirthday,680,4380.17,M,1,0.159038,1.6747,5.6022,53.8396,F
525,1,HappyBirthday,1093,3285,M,1,0.158121,1.27098,178.811,69.9024,F
526,1,HappyBirthday,685,13505.6,F,1,0.000606369,0.258678,77.9189,0.212649,F
526,1,HappyBirthday,889,9125.73,F,1,0.00433005,6.50212,9110.22,1.94938,F
526,1,HappyBirthday,907,13140.7,M,1,0.00474066,3.80796,510.345,2.63978,F
527,1,HappyBirthday,1297,1095,F,1,0.015229,0.885882,83.1909,5.10272,F
527,1,HappyBirthday,460,5840.15,F,1,8.0478e-05,0.430568,181.315,0.0317641,F
528,1,HappyBirthday,598,13870.1,F,1,0.0343151,3.21329,179.278,18.7589,F
528,1,HappyBirthday,788,4745.99,M,1,0.000440826,4.26743,215.823,0.260697,F
530,1,HappyBirthday,582,15695.7,F,1,0.0229159,3.98946,0.0263174,7.20461,F
531,1,HappyBirthday,260,6205.62,F,1,0.00429355,0.241766,33.7168,1.55903,F
531,1,HappyBirthday,281,10585.6,F,1,2.79221e-06,0.473746,2.04908,0.000882,F
531,1,HappyBirthday,1233,1825,F,1,0.0305211,1.1251,54.3114,10.1556,F
531,1,HappyBirthday,842,12045.3,F,1,0.00592719,0.33453,2.78604,1.85877,F
531,1,HappyBirthday,1341,730,M,1,0.350547,0.0483636,15018.4,351.04,F
532,1,HappyBirthday,668,9855.33,F,1,0.198182,1.96645,122.813,68.7753,F
533,1,HappyBirthday,811,5110.03,F,1,0.0941991,0.501569,50.3566,34.6603,F
533,1,HappyBirthday,894,19345.8,M,1,0.0225338,0.205302,2229.89,58.449,F
534,1,HappyBirthday,153,4380.94,M,1,0.000255132,0.0398109,11941.8,0.126894,F
534,1,HappyBirthday,376,24090.9,F,1,0.00726398,5.86139,0.369561,2.26796,F
534,1,HappyBirthday,493,4380.23,F,1,0.00310145,0.0913094,142.924,1.51747,F
534,1,HappyBirthday,642,4380.05,F,1,0.0707571,1.04891,196.665,40.9317,F
535,1,HappyBirthday,1366,365,M,1,0.501053,0.0288851,17.4963,222.547,F
535,1,HappyBirthday,1365,365,M,1,0.000157764,0.119966,0.224844,0.0489727,F
535,1,HappyBirthday,647,7665.69,M,1,0.00535667,0.209692,21.7903,1.77492,F
536,1,HappyBirthday,799,6570.96,M,1,0.000217952,0.293277,0,0.0678065,F
537,1,HappyBirthday,1298,1095,F,1,0.259296,0.0252471,15273.9,369.612,F
537,1,HappyBirthday,1342,730,M,1,0.0100736,3.00239,89.0246,3.45386,F
537,1,HappyBirthday,338,16790.9,F,1,0.000560259,1.02987,59.3153,0.181849,F
537,1,HappyBirthday,1275,1460,F,1,0.0718883,0.977518,2152.51,27.8951,F
538,1,HappyBirthday,403,17885.6,M,1,0.000582208,0.500392,0,0.180761,F
539,1,HappyBirthday,401,13870.2,M,1,0.0744458,2.90083,19.1778,24.3532,F
539,1,HappyBirthday,1094,3285,M,1,0.000122713,1.84709,20.8081,0.0410572,F
540,1,HappyBirthday,1367,365,F,1,0.284875,0.263792,1450.77,150.926,F
541,1,HappyBirthday,137,5475,M,1,0.00176214,1.47746,29.2129,0.629178,F
541,1,HappyBirthday,453,12045.9,M,1,0.0178059,2.15966,0.371193,5.58722,F
541,1,HappyBirthday,471,6205.39,M,1,0.00134931,1.51607,2.43971,0.420693,F
542,1,HappyBirthday,240,20440,M,1,0.00505008,0.352423,387.767,3.68797,F
542,1,HappyBirthday,1060,3650,M,1,0,0.0350965,1082.08,0,F
542,1,HappyBirthday,650,6205,M,1,0.00159082,0.223395,0.069384,0.494815,F
543,1,HappyBirthday,86,12775.5,M,1,0.00274976,0.119608,24.2056,0.88803,F
543,1,HappyBirthday,979,27375.4,F,1,0.000369373,2.95018,10775.4,0.544243,F
543,1,HappyBirthday,422,20440.6,M,1,0.00842777,1.1129,24.237,2.66455,F
544,1,HappyBirthday,1368,365,M,1,0.079244,1.3836,10.8901,26.9923,F
545,1,HappyBirthday,82,5475.84,F,1,0.000189947,1.03561,2800.97,0.579579,F
545,1,HappyBirthday,984,13870.1,F,1,0.00533806,4.97174,13130.7,24.3882,F
545,1,HappyBirthday,408,22630.2,M,1,0.00195699,3.58932,1117.11,3.17657,F
545,1,HappyBirthday,506,19345.5,M,1,0.00084389,0.160798,74.5082,0.29354,F
545,1,HappyBirthday,534,17520.5,M,1,0.07564,19.3691,9.70658,24.8559,F
545,1,HappyBirthday,697,4745.87,M,1,0.173115,0.0530478,991.794,66.2197,F
545,1,HappyBirthday,829,20805.3,F,1,0.250583,1.4333,283.01,90.2842,F
546,1,HappyBirthday,142,9490.31,M,1,0.000908676,0.293625,0.025003,0.282419,F
546,1,HappyBirthday,407,6935.52,F,1,0.137065,4.37406,23.772,45.8932,F
547,1,HappyBirthday,169,9125.59,M,1,0.0680482,7.3044,0.02494,21.9018,F
547,1,HappyBirthday,1194,2190,F,1,0.0456835,3.0027,15.3622,15.6266,F
548,1,HappyBirthday,1061,3650,M,1,0.00117117,0.220915,750.838,0.395124,F
548,1,HappyBirthday,568,18615.9,M,1,0.00218095,0.895725,4.96796,0.678409,F
548,1,HappyBirthday,701,29930,F,1,0.0242722,2.48269,794.831,7.65971,F
548,1,HappyBirthday,881,22265.1,F,1,0.000627777,8.06619,119.023,0.289413,F
548,1,HappyBirthday,906,7300.58,F,1,9.92013e-05,0.0857428,2.40012e-06,0.0308802,F
548,1,Births,1394,0,F,0,0,0.0238412,0,0,F
549,1,HappyBirthday,1095,3285,M,1,0.201922,4.37214,0.128262,70.1051,F
549,1,HappyBirthday,977,5475.51,M,1,0.000507145,1.28374,6282.88,0.275079,F
549,1,HappyBirthday,418,14600.6,F,1,5.53218e-05,0.238925,7248.28,0.318342,F
550,1,HappyBirthday,948,15695.8,F,1,0.00268096,0.1502,8.56e-05,0.834203,F
550,1,HappyBirthday,1159,2555,F,1,0.0812047,1.87112,2086.65,201.688,F
551,1,HappyBirthday,5,5475.97,F,1,0.0125843,1.98736,479.874,4.36017,F
551,1,HappyBirthday,374,10585.3,F,1,0.0189679,4.18831,22.1878,6.10354,F
552,1,HappyBirthday,36,10950.9,M,1,0.124524,4.61719,3570.14,188.638,F
553,1,HappyBirthday,1017,4015,F,1,0.0394342,0.722229,49.9874,13.4044,F
553,1,HappyBirthday,286,12410.4,F,1,0.00072064,0.134895,0.0681028,0.224037,F
553,1,HappyBirthday,807,5475.57,F,1,0.00326406,0.186031,76.7197,1.26989,F
553,1,HappyBirthday,860,16425.9,F,1,0.0398364,1.47663,4.0862,12.635,F
554,1,HappyBirthday,84,11315.2,F,1,0.0113958,1.63827,31.9662,3.77641,F
554,1,HappyBirthday,1235,1825,F,1,0.00704843,0.29049,45683.2,55.9195,F
554,1,HappyBirthday,916,10950.8,F,1,0.106149,6.03551,8.54445,34.9084,F
555,1,HappyBirthday,533,6205.82,M,1,0.0108511,1.54981,2.98351,3.39138,F
556,1,HappyBirthday,449,13870.3,M,1,0.00962681,0.843338,1.62181,3.02558,F
557,1,HappyBirthday,406,11315.7,F,1,0.0493439,0.864713,21.5251,17.3562,F
557,1,HappyBirthday,1019,4015,F,1,0.135904,0.471287,2359.87,98.5882,F
557,1,HappyBirthday,526,9125.64,M,1,0.0898615,0.215478,0.686641,29.2666,F
557,1,HappyBirthday,862,6935.64,F,1,0.53255,0.481216,145.221,363.149,F
558,1,HappyBirthday,107,13140.5,M,1,8.23613e-05,2.35841,12695,0.68055,F
558,1,HappyBirthday,1343,730,M,0,0,0.00915107,0,0,F
560,1,HappyBirthday,485,8760.4,M,1,0.00143755,0.474713,0.128005,0.447366,F
560,1,HappyBirthday,1344,730,M,1,0.02604,0.0239278,34962.4,95.8146,F
560,1,HappyBirthday,871,5475.98,F,1,0.0219184,7.06555,523.145,12.1538,F
561,1,HappyBirthday,11,6935.6,M,1,0.00141603,4.34695,0.0439914,0.440583,F
561,1,HappyBirthday,50,7300.12,F,1,0.00213231,0.568696,0.0205012,0.663507,F
561,1,HappyBirthday,419,6935.86,M,1,0.0721199,9.98863,39.8615,27.4135,F
562,1,HappyBirthday,622,6570.78,F,1,0,0.0189603,13.5493,0,F
562,1,HappyBirthday,809,15695.6,M,1,0.000510696,4.37029,22926.6,3.02329,F
562,1,HappyBirthday,1196,2190,M,1,0.498485,1.13004,653.893,258.556,F
562,1,HappyBirthday,854,12410.3,M,1,9.16373e-06,0.72478,1941.39,0.0062552,F
563,1,HappyBirthday,1300,1095,F,1,0.00250366,0.454899,2.47975,0.789159,F
563,1,HappyBirthday,433,20805.3,M,1,0.0751047,3.95836,4.61912,24.8185,F
563,1,HappyBirthday,1125,2920,F,1,0.0123358,0.0846061,5989.76,4.47073,F
563,1,HappyBirthday,1299,1095,M,1,0.00305991,0.0503416,0.00199253,0.952697,F
564,1,HappyBirthday,1160,2555,M,1,1.05359e-06,0.329384,10286.9,0.0032776,F
564,1,HappyBirthday,400,23360.9,F,1,0.00392637,0.269926,14692.7,2.09818,F
565,1,HappyBirthday,1236,1825,F,1,0.181957,1.10986,5072.78,86.5135,F
565,1,HappyBirthday,981,8395.67,F,1,6.50449e-06,0.307491,1010.29,0.003377,F
566,1,HappyBirthday,39,5840.96,M,1,0.0220691,0.105679,6309.54,11.6774,F
566,1,HappyBirthday,253,7665.34,M,1,0.00110219,3.66484,47.8498,0.367244,F
566,1,HappyBirthday,491,14235.6,M,1,0.0350447,0.158567,0.869049,11.1005,F
566,1,HappyBirthday,616,27740,M,1,0.0605713,0.016856,50.5669,23.7642,F
568,1,HappyBirthday,139,25915.3,M,1,0.0218329,1.84133,186.702,8.98852,F
568,1,HappyBirthday,1096,3285,F,1,0.084889,0.661019,3498.71,36.7778,F
568,1,HappyBirthday,1020,4015,M,1,0.00254585,0.214824,2389.62,3.95811,F
568,1,HappyBirthday,792,16790.7,M,1,0.00124595,0.505545,1.11736,0.387505,F
569,1,HappyBirthday,349,30660.8,F,1,0.00355686,2.57363,2886.55,5.77179,F
569,1,HappyBirthday,499,4380.9,F,1,0.00492706,1.61567,52.6946,1.67363,F
569,1,HappyBirthday,767,9855.38,F,1,0.000420453,0.242987,0.615002,0.13099,F
569,1,Births,1395,0,F,0,0,0.01921,0,0,F
570,1,HappyBirthday,25,12775,M,1,0.348424,0.1146,12.6282,137.982,F
570,1,HappyBirthday,341,10950.7,M,1,4.20351e-05,0.319719,0.0054274,0.0130868,F
570,1,HappyBirthday,821,22265.7,F,1,0.0314582,0.691175,32.0373,9.95185,F
571,1,HappyBirthday,412,18615,M,1,5.04483e-05,0.812936,5.96e-05,0.0156884,F
573,1,HappyBirthday,252,10585.1,F,1,0.073487,1.91398,7.79291,24.0335,F
573,1,HappyBirthday,902,9125.27,F,1,0.00271006,2.84644,0.0002664,0.843243,F
574,1,HappyBirthday,108,20075.1,F,1,0.095604,0.410382,18.0097,33.3545,F
574,1,HappyBirthday,639,11680.4,M,1,4.08124e-05,0.051275,0,0.0126556,F
575,1,HappyBirthday,1277,1460,F,1,0.0571672,0.627069,235.107,18.6013,F
576,1,HappyBirthday,1278,1460,F,1,0.000551018,1.53981,104003,8.22407,F
576,1,HappyBirthday,1062,3650,M,1,0.00382881,0.495369,41.7334,1.26573,F
577,1,HappyBirthday,368,4380.85,M,1,0.0086445,7.18695,0.314004,2.70225,F
577,1,HappyBirthday,1279,1460,F,1,0.177651,0.152729,2648.48,235.326,F
578,1,HappyBirthday,1345,730,F,1,0.0951876,0.362884,156.1,38.616,F
578,1,HappyBirthday,122,32850,F,1,0.0432417,0.526135,0.122954,13.7385,F
578,1,HappyBirthday,146,16060.2,F,1,0.0100132,0.231818,94.5865,3.59342,F
578,1,HappyBirthday,158,9855.14,M,1,0.000413994,1.20286,1.11213,0.128894,F
578,1,HappyBirthday,1161,2555,M,1,0.330067,3.48203,31667.1,425.31,F
579,1,HappyBirthday,637,5475.56,M,1,0.000139255,10.9115,455.614,0.0660433,F
580,1,HappyBirthday,612,9490.96,M,1,0.000155578,11.5404,0.0031846,0.0483346,F
580,1,Births,1396,0,F,0,0,0.116622,0,0,F
581,1,HappyBirthday,133,14600.4,F,1,0.0134106,0.259463,1.58485,4.20205,F
581,1,HappyBirthday,217,21170.5,F,1,0.000116963,0.0803065,0.05933,0.0363728,F
581,1,HappyBirthday,859,4380.9,F,1,0.38975,1.6565,1072.94,158.682,F
582,1,HappyBirthday,1346,730,F,1,0.00167874,0.410264,44.6001,0.562311,F
582,1,HappyBirthday,1162,2555,F,1,0.000180103,2.40998,3556.95,0.0579285,F
582,1,HappyBirthday,561,13870.6,F,1,0.0104642,0.859418,294.075,3.50602,F
582,1,HappyBirthday,832,9490.59,M,1,0.021617,1.42945,4254.06,28.2935,F
583,1,HappyBirthday,1127,2920,M,1,0.320963,0.119915,1663.08,128.618,F
583,1,HappyBirthday,445,6570.49,F,1,0.0162795,8.34826,6.07502,5.10441,F
583,1,HappyBirthday,1163,2555,M,1,0.000676785,1.36819,9.61821,0.210394,F
585,1,HappyBirthday,420,17885.9,F,1,1.34193e-06,0.078378,31.8125,0.0004652,F
585,1,HappyBirthday,1369,365,F,1,0.00176881,0.0384388,114.784,0.78434,F
586,1,HappyBirthday,919,5475.27,M,1,0.00040412,0.150065,9.42035,0.130815,F
586,1,HappyBirthday,599,5840.38,M,1,0.000194567,0.437922,51080.8,0.473088,F
586,1,HappyBirthday,759,6935.17,M,1,0.000224532,15.7189,27.2193,0.0789385,F
587,1,HappyBirthday,99,13140,M,1,0.00860492,0.544474,74.1229,2.97201,F
587,1,HappyBirthday,1370,365,F,1,0.178507,0.815535,80948.1,861.953,F
588,1,HappyBirthday,55,19710.5,M,1,0.0278682,7.77426,1675.14,9.87383,F
588,1,HappyBirthday,319,8030.99,M,1,0.0108315,0.152213,3.33466,3.38993,F
588,1,HappyBirthday,1301,1095,F,1,0.0660134,0.598634,4038.86,23.5658,F
588,1,HappyBirthday,748,12410.7,F,1,0.0126181,0.754531,210.522,5.35762,F
589,1,HappyBirthday,284,20805.1,M,1,0.392089,0.101331,15.2535,155.195,F
589,1,HappyBirthday,566,8395.44,M,1,0.000345045,2.16264,47.7003,0.116076,F
589,1,HappyBirthday,850,5840.07,M,1,0,0.184183,1.32546,0,F
590,1,HappyBirthday,1302,1095,M,1,0.00241574,0.472592,6419.08,6.33702,F
590,1,HappyBirthday,784,23725.2,M,1,0.000116449,0.374878,1593.77,0.238018,F
590,1,Births,1397,0,M,0,0,0.396124,0,0,F
591,1,HappyBirthday,754,9855.73,M,1,0.109927,1.20347,1.46729,36.2681,F
592,1,HappyBirthday,1128,2920,M,1,0.000110017,0.0212038,5770.42,0.258101,F
592,1,HappyBirthday,1347,730,F,1,0.00804513,0.0676672,47346.2,35.9051,F
593,1,Births,1398,0,M,0,0,0.0572796,0,0,F
594,1,HappyBirthday,404,7300.19,M,1,0.00349379,0.168079,2.08064,1.0912,F
595,1,HappyBirthday,1280,1460,M,1,0.13915,0.116872,394.076,59.5336,F
595,1,HappyBirthday,384,16790.3,F,1,0.0504223,0.219771,206.297,16.3221,F
596,1,HappyBirthday,300,11680,M,1,0.0394332,2.40507,63.8656,15.5667,F
596,1,HappyBirthday,944,5475.03,M,1,0.0208979,0.608489,1.2526,6.57804,F
596,1,HappyBirthday,1303,1095,M,1,0.874762,0.165098,2.46762,650.194,F
596,1,HappyBirthday,865,4380.16,M,1,0.00667044,0.705341,32.9239,2.20075,F
597,1,HappyBirthday,1304,1095,F,1,0.0566988,0.120213,17.4091,18.2965,F
597,1,HappyBirthday,715,9855.67,F,1,0.120279,0.331673,0.604712,39.8548,F
598,1,HappyBirthday,587,33580.1,M,1,0.0116733,24.3079,465.339,4.01652,F
598,1,HappyBirthday,674,5110.95,F,1,0.171406,0.21553,2.00901,58.6847,F
598,1,HappyBirthday,1348,730,M,1,0.00480434,0.491127,207.875,2.14751,F
598,1,HappyBirthday,875,6570.28,M,1,0.00975446,2.76538,893.887,6.78475,F
599,1,HappyBirthday,1349,730,M,1,0.381374,0.594179,2025.02,1001.52,F
599,1,HappyBirthday,1063,3650,M,1,0.0431381,0.082664,2.16575,13.7798,F
599,1,HappyBirthday,1021,4015,M,1,0.133665,0.274607,3047.56,433.805,F
599,1,HappyBirthday,896,20440.2,F,1,0.017047,12.9126,46.5071,5.5116,F
600,1,HappyBirthday,1305,1095,M,1,0.539581,0.356403,1731.81,273.44,F
600,1,HappyBirthday,1306,1095,M,1,0.663841,0.0325797,144.905,399.608,F
600,1,HappyBirthday,1064,3650,M,1,0.00446976,0.0902255,0.0126265,1.39243,F
600,1,Births,1399,0,F,0,0,0.00455425,0,0,F
601,1,HappyBirthday,7,13870.5,M,1,0.151285,0.157064,5.20011,51.6383,F
601,1,HappyBirthday,1165,2555,M,1,0.000132799,0.722838,32.2955,0.0433873,F
601,1,HappyBirthday,472,15330.9,F,1,0.00115306,0.673266,1922.28,2.17556,F
601,1,Births,1400,0,M,0,0,0.804451,0,0,F
602,1,HappyBirthday,1097,3285,F,1,2.89884e-06,0.0974031,1053.21,0.00477186,F
602,1,HappyBirthday,296,10950,M,1,0.00649082,0.0695875,10.8478,2.10536,F
602,1,HappyBirthday,1098,3285,F,1,0.00559048,0.047638,0.33783,1.74463,F
602,1,HappyBirthday,502,10585.3,F,1,0.0265003,10.5451,455.012,13.738,F
602,1,HappyBirthday,669,9855.55,M,1,0.0012344,2.65076,887.21,0.512616,F
603,1,HappyBirthday,1022,4015,M,1,0.00136862,0.0251516,0.00931891,0.42571,F
603,1,Births,1401,0,F,0,0,0.0125928,0,0,F
604,1,HappyBirthday,111,4380.71,M,1,6.53938e-07,2.86244,836.631,0.0004519,F
604,1,HappyBirthday,1237,1825,M,1,0.002537,0.273132,42.0371,0.946097,F
604,1,HappyBirthday,638,26280.4,F,1,0.0844186,1.93966,95.9978,31.1729,F
604,1,HappyBirthday,654,8395.81,M,1,0.641086,9.20122,1.31577,318.569,F
605,1,HappyBirthday,1350,730,M,1,0.158981,0.409954,3881.16,277.92,F
605,1,HappyBirthday,838,19345.1,M,1,0.398445,0.453791,49.6467,158.1,F
606,1,HappyBirthday,694,4745.55,F,1,0.0122685,0.21862,63.5433,4.87644,F
607,1,HappyBirthday,623,8030.49,F,1,0.0337876,0.905354,3.21671,10.6847,F
607,1,HappyBirthday,742,18250.5,M,1,0.00189943,0.836095,100.422,0.884455,F
608,1,HappyBirthday,192,8760.37,M,1,0.00228872,0.989059,40.4005,0.714338,F
608,1,Births,1402,0,M,0,0,0.332939,0,0,F
609,1,HappyBirthday,93,11680.8,F,1,0.18993,0.398064,18.7117,67.3636,F
609,1,HappyBirthday,480,6935.22,M,1,0.000949913,1.1263,339.086,0.323233,F
609,1,HappyBirthday,1371,365,F,1,0.39008,0.357812,1836.59,189.467,F
610,1,HappyBirthday,129,12410.8,F,1,4.93431e-05,0.206734,0.0266888,0.0153736,F
610,1,HappyBirthday,227,16790.3,F,1,0.0234253,0.230791,218.368,13.5645,F
611,1,HappyBirthday,1372,365,M,1,0.00231362,0.601265,39.411,0.856255,F
611,1,HappyBirthday,660,10585.8,M,1,0.00282032,0.105013,54.9309,1.0226,F
612,1,HappyBirthday,316,13140.4,M,1,8.30451e-05,6.77539,12248.4,0.365912,F
613,1,HappyBirthday,394,5110.54,M,1,0.000149508,0.172646,2924.98,0.0702929,F
614,1,HappyBirthday,329,12775.5,F,1,0.00104591,1.36892,0.0708128,0.325154,F
614,1,HappyBirthday,723,4745.44,M,1,0.00143776,0.504608,0.660423,0.448001,F
615,1,HappyBirthday,470,15330.5,F,1,0.00205911,0.274034,19.5302,0.698276,F
615,1,HappyBirthday,684,21535.7,F,1,0.0137751,0.569842,71.9266,4.50432,F
616,1,HappyBirthday,934,21170.2,F,1,0.275652,1.44704,22.9537,109.493,F
616,1,HappyBirthday,1373,365,F,1,0.50728,0.403454,165.853,274.885,F
616,1,HappyBirthday,505,6935.42,F,1,0.0059358,0.345115,31.1554,1.91443,F
616,1,Births,1403,0,F,0,0,0.011846,0,0,F
617,1,HappyBirthday,1065,3650,F,1,0.196959,2.17601,97.7131,97.3299,F
617,1,HappyBirthday,1129,2920,M,1,0.00633354,0.365915,49.4935,2.17168,F
617,1,HappyBirthday,606,23360,F,1,0.020591,2.49588,4.20839,6.47923,F
618,1,HappyBirthday,45,17885.2,M,1,0.000187357,0.333882,34.8102,0.0647792,F
618,1,HappyBirthday,292,11680.5,M,1,0.00469717,1.42239,61.1682,1.59054,F
619,1,HappyBirthday,683,6935.56,F,1,0.0492234,1.64799,6.19419,15.8502,F
620,1,HappyBirthday,1374,365,F,1,0.853504,1.10487,339.228,844.493,F
623,1,HappyBirthday,171,4745.69,F,1,0.071161,0.421704,112.297,24.2071,F
623,1,HappyBirthday,1201,2190,F,1,0.00104456,0.571958,35.0237,0.338996,F
623,1,HappyBirthday,1099,3285,F,1,2.87704e-05,0.733356,30662.7,0.0281617,F
623,1,HappyBirthday,1166,2555,F,1,0.00980672,1.34984,80.6311,3.0895,F
623,1,HappyBirthday,752,9490.61,M,1,0.00806754,0.235993,1.82191,2.51797,F
624,1,HappyBirthday,1167,2555,F,1,0.000686854,0.224379,4.8113,0.217691,F
624,1,HappyBirthday,556,22265.8,M,1,0.00314526,0.5851,5576.7,13.1438,F
625,1,HappyBirthday,353,4380.44,M,1,0,7.98397,292.315,0,F
625,1,HappyBirthday,745,19345.6,M,1,0.0481603,5.9683,64.9287,16.7649,F
626,1,HappyBirthday,424,4745.95,M,1,0.00148757,2.79104,77.3344,0.513365,F
627,1,HappyBirthday,511,26280.8,M,1,0.0029582,0.964856,74.9454,1.02571,F
627,1,HappyBirthday,521,34675,F,1,0.00284973,0.15864,0.828671,0.887909,F
627,1,Births,1404,0,F,0,0,0.0139014,0,0,F
628,1,HappyBirthday,3,5840.8,F,1,0.294302,1.40787,295.441,147.379,F
628,1,HappyBirthday,188,6935.78,M,1,0.00356443,6.23826,0.0438967,1.10984,F
628,1,HappyBirthday,241,11680,F,1,0.00117211,2.37819,22.2978,0.365282,F
628,1,Births,1405,0,F,0,0,0.0165788,0,0,F
629,1,HappyBirthday,176,15330.5,M,1,0.206747,0.288741,486.872,73.703,F
629,1,HappyBirthday,291,23360,M,1,0.0390624,0.439908,0.0547814,12.3838,F
630,1,HappyBirthday,991,15330.4,M,1,0.00268027,2.47085,18.0662,0.840456,F
630,1,HappyBirthday,274,33945,M,1,0.0271185,1.45333,0.043554,8.54557,F
630,1,HappyBirthday,1202,2190,M,1,0.219391,1.05725,74.7424,86.5031,F
631,1,HappyBirthday,544,14965.9,F,1,0.0566812,1.45577,625.691,20.6952,F
632,1,HappyBirthday,210,8395.37,M,1,0.00187102,0.0784969,2033.72,0.976216,F
633,1,HappyBirthday,1067,3650,M,1,0.00728513,0.145617,8009.91,23.2835,F
633,1,HappyBirthday,287,21900.9,M,1,0.00879902,0.353323,1545.96,4.55744,F
633,1,HappyBirthday,1101,3285,F,1,0.0184295,0.181989,21.7259,5.79326,F
633,1,HappyBirthday,775,25185.4,M,1,0.00180609,14.7937,14.6275,0.566329,F
634,1,HappyBirthday,1068,3650,M,1,0.000514152,1.82624,0.0138551,0.159817,F
634,1,HappyBirthday,1130,2920,M,1,0.155915,0.15461,53.2854,52.768,F
634,1,HappyBirthday,1238,1825,F,1,0.639473,1.71687,16.6584,327.328,F
634,1,HappyBirthday,585,12045.4,M,1,0.0163022,5.72961,222.717,6.4275,F
634,1,HappyBirthday,641,32850.3,F,1,6.07079e-05,0.200738,102.329,0.0219002,F
634,1,HappyBirthday,876,10585.1,F,1,0.0247149,6.0445,9.48357,7.8533,F
635,1,HappyBirthday,1239,1825,M,1,0.0150296,1.16469,12.1933,4.73461,F
635,1,HappyBirthday,342,33580.1,F,1,0.166725,0.178537,66.9291,62.164,F
635,1,HappyBirthday,1131,2920,M,1,5.92404e-05,0.649587,0.659811,0.0184723,F
635,1,HappyBirthday,522,5840.53,M,1,0.417948,3.41819,237.543,178.04,F
637,1,HappyBirthday,1240,1825,M,1,0.000314587,0.036009,25.619,0.107222,F
637,1,HappyBirthday,993,15330.6,F,1,0.562947,8.66084,377.284,391.527,F
639,1,HappyBirthday,197,17885,M,1,0.00220915,0.671344,142.408,1.07187,F
639,1,HappyBirthday,868,13140.9,M,1,0.00480183,1.47655,35.5943,1.58751,F
639,1,Births,1406,0,F,0,0,1.703,0,0,F
640,1,HappyBirthday,43,29200.6,M,1,0.00500821,0.933156,21.7583,1.60609,F
640,1,HappyBirthday,778,21535,F,1,0.01584,0.113983,5.57617,4.9641,F
640,1,HappyBirthday,853,16060.8,F,1,2.9901e-06,1.77967,1.66319,0.0009424,F
641,1,HappyBirthday,213,24820.6,F,1,0.0582168,2.64986,32.0376,18.8009,F
641,1,HappyBirthday,238,4745.55,M,1,0.00161587,0.260468,20.1276,0.502488,F
641,1,HappyBirthday,465,8030.14,M,1,0.0107688,23.8166,117.065,4.0051,F
641,1,HappyBirthday,710,9855.67,M,1,0.0861879,1.19502,5.47028,28.7661,F
641,1,HappyBirthday,729,12045.7,F,1,0.00499499,1.11741,696.455,1.60071,F
642,1,HappyBirthday,1308,1095,M,1,0.00752395,0.246407,15.7987,2.53428,F
643,1,HappyBirthday,1103,3285,F,1,0.159102,1.25168,254.977,89.3747,F
643,1,HappyBirthday,766,11315.7,F,1,0.0060349,0.221396,0.565798,1.88125,F
643,1,HappyBirthday,783,30295.8,M,1,0.0779209,0.289131,121.166,25.2182,F
644,1,HappyBirthday,452,12775.4,F,1,8.79118e-05,0.199972,1.09489,0.0273572,F
644,1,HappyBirthday,1025,4015,M,1,0.457238,0.332072,4.0908,190.052,F
644,1,HappyBirthday,789,13870.8,M,1,0.000134993,0.637272,3488.43,0.242114,F
645,1,HappyBirthday,1204,2190,M,1,0.192021,0.448303,18615.3,1181.5,F
645,1,HappyBirthday,1282,1460,M,1,0.900131,0.310158,1518.53,1189.4,F
645,1,HappyBirthday,136,5475.03,F,1,0.485369,0.636483,127.588,216.511,F
645,1,HappyBirthday,1351,730,M,1,0.00352305,0.788679,15.1985,1.14128,F
646,1,HappyBirthday,123,14235.4,M,1,0.00823291,0.0622135,49.3555,2.77005,F
646,1,HappyBirthday,128,4745.92,F,1,0.00346756,0.388702,88.7866,1.43575,F
646,1,HappyBirthday,1205,2190,M,1,0.00219997,0.353297,22.7736,0.735897,F
646,1,HappyBirthday,797,5475.22,M,1,0.0145734,2.92022,3.02292,4.62062,F
647,1,HappyBirthday,442,7665.55,M,1,0.00214724,2.78562,52.7049,0.669915,F
647,1,HappyBirthday,1283,1460,M,1,0.885513,3.972,17.6819,698.545,F
647,1,HappyBirthday,737,34675.7,M,1,4.89193e-05,0.248212,62078.8,0.35146,F
647,1,HappyBirthday,770,14600.6,M,1,0.25434,8.56864,1841.12,93.08,F
648,1,HappyBirthday,435,8030.79,F,1,0.117634,0.676592,13.0192,40.6905,F
649,1,HappyBirthday,1206,2190,F,1,0.000343171,0.0443375,3.24432e-06,0.106594,F
649,1,HappyBirthday,283,5110.26,M,1,0.00663351,6.20233,15.7706,2.22788,F
649,1,HappyBirthday,581,24090.3,M,1,0.00822125,2.54561,2.57467,2.57119,F
649,1,HappyBirthday,693,5840.66,M,1,0.0173158,0.830896,564.905,10.029,F
650,1,HappyBirthday,1352,730,F,1,0.324894,0.126144,2239.92,970.865,F
651,1,HappyBirthday,1026,4015,F,1,0.101484,0.308555,14.4629,34.8602,F
651,1,Births,1407,0,M,0,0,0.00593661,0,0,F
652,1,HappyBirthday,34,5475.69,M,1,0.00161904,22.8994,224.759,0.700359,F
652,1,HappyBirthday,1242,1825,M,1,0.273256,0.1838,25581.1,1282.55,F
652,1,HappyBirthday,1309,1095,F,1,0.532581,1.42595,438.629,342.886,F
652,1,HappyBirthday,630,27375.2,F,1,0.0526338,1.17673,0.204191,16.8043,F
652,1,HappyBirthday,798,12775,F,1,0.0873781,2.54791,4.45517,28.4278,F
653,1,HappyBirthday,30,10950.8,F,1,0.0266997,17.2749,606.098,8.41148,F
653,1,HappyBirthday,352,4745.49,F,1,0.125486,0.316691,5.72574,42.4827,F
653,1,HappyBirthday,803,9125.6,M,1,0.572668,9.09685,67.0943,273.952,F
654,1,HappyBirthday,484,14965.7,F,1,0.0452131,3.47361,337.078,32.0427,F
654,1,HappyBirthday,749,21900.1,M,1,0.00617776,0.214247,74.6809,2.32176,F
654,1,HappyBirthday,839,7665.57,M,1,0.00025206,5.79099,17726.3,1.21328,F
654,1,Births,1408,0,M,0,0,0.0221078,0,0,F
655,1,HappyBirthday,454,24090,F,1,0.053394,2.03895,104.659,19.1673,F
655,1,HappyBirthday,618,9855.25,M,1,0.010996,0.128336,0.0015356,3.43656,F
655,1,HappyBirthday,1353,730,M,1,0.0104392,0.154758,23.7059,3.60686,F
655,1,HappyBirthday,833,19345.2,M,1,0.104219,22.3639,78.5918,36.6275,F
656,1,HappyBirthday,1169,2555,M,1,0.0806906,0.641219,120.375,31.4322,F
656,1,HappyBirthday,1207,2190,F,1,0.00259241,1.61206,697.83,0.861931,F
656,1,HappyBirthday,805,6935.85,M,1,0.0434772,7.27501,0.0371651,13.8155,F
656,1,Births,1409,0,M,0,0,0.0856176,0,0,F
657,1,HappyBirthday,604,6935,F,1,0.0458164,1.8886,13844.2,169.54,F
657,1,HappyBirthday,961,8760.62,M,1,0.000134019,0.221112,10.4952,0.042236,F
658,1,HappyBirthday,1310,1095,M,1,0.00209032,0.0403235,0.183819,0.650144,F
659,1,HappyBirthday,1104,3285,F,1,0.0495388,0.139656,0.315515,15.7962,F
659,1,HappyBirthday,1132,2920,F,1,0.0010941,0.65508,9.61127e-05,0.340457,F
659,1,HappyBirthday,806,6570.17,M,1,0.759283,1.2114,7.65401,442.669,F
659,1,HappyBirthday,872,17155.6,M,1,0.0333123,0.66996,4.60754,10.6112,F
659,1,HappyBirthday,1105,3285,M,1,0.00459283,0.492514,33879.7,34.201,F
660,1,HappyBirthday,340,13870.7,M,1,0.0538357,2.37819,474.483,27.8546,F
660,1,HappyBirthday,411,5475.63,M,1,0.000414932,14.6793,707.8,0.134931,F
660,1,HappyBirthday,524,29930.3,F,1,0.002542,13.4712,1087.31,4.05348,F
660,1,HappyBirthday,746,19710.1,F,1,0.0698139,0.464441,154.564,24.5825,F
661,1,HappyBirthday,172,10950.1,M,1,0.0012333,0.953543,138.765,0.447897,F
661,1,HappyBirthday,216,8395.72,M,1,0.396846,1.96903,296.349,328.283,F
661,1,HappyBirthday,326,8760.15,F,1,0.000170175,0.012739,33662.5,0.31885,F
661,1,HappyBirthday,728,8760.56,F,1,0.834366,40.8891,1263.1,767.133,F
662,1,HappyBirthday,1170,2555,F,1,0.00191681,1.35424,0.0283342,0.596214,F
662,1,HappyBirthday,1311,1095,M,1,0.56664,0.578253,13261.6,845.546,F
663,1,HappyBirthday,154,11315.4,M,1,0.0664541,0.57809,156.173,32.9095,F
663,1,HappyBirthday,318,9125.89,M,1,0.0968267,0.493133,4.48141,32.1895,F
663,1,HappyBirthday,565,9855.88,M,1,0.251801,1.02214,276.291,90.5449,F
663,1,HappyBirthday,576,14600,F,1,0.0112585,1.64692,1531.41,5.42806,F
664,1,HappyBirthday,1285,1460,F,1,0.0860323,0.21536,3221.05,118.785,F
664,1,HappyBirthday,750,9490.74,M,1,5.82565e-05,0.878567,0.489559,0.0181426,F
664,1,Births,1410,0,M,0,0,0.199112,0,0,F
666,1,HappyBirthday,957,6570.55,F,1,0.0831051,1.37379,1.19616,27.0982,F
667,1,HappyBirthday,41,13505.4,M,1,0.00470398,9.76507,15.5354,1.48612,F
668,1,HappyBirthday,510,10585.3,F,1,0.0181825,1.44264,0.163622,5.70265,F
668,1,HappyBirthday,1071,3650,F,1,0.256837,1.14648,143.07,92.9624,F
668,1,HappyBirthday,1208,2190,F,1,0.919129,0.621797,128.339,824.96,F
669,1,HappyBirthday,1172,2555,M,1,0.242311,0.0335982,17.2644,92.5604,F
669,1,HappyBirthday,33,11680.3,F,1,0.634531,1.35263,0.669835,312.968,F
669,1,HappyBirthday,205,14600.5,F,1,0.206151,0.322767,326.231,74.2189,F
669,1,HappyBirthday,827,5110.07,F,1,0.0144522,2.2167,4.23376,4.54885,F
671,1,HappyBirthday,1286,1460,F,1,0.00276446,2.02263,38.6117,0.969335,F
671,1,HappyBirthday,246,5110.22,F,1,0.0787567,2.26264,22.3458,27.6033,F
671,1,HappyBirthday,888,6205.99,M,1,0.00124332,0.155678,25.719,0.394359,F
672,1,HappyBirthday,60,9855.51,M,1,0.0421273,32.2974,229.877,13.7185,F
672,1,HappyBirthday,1072,3650,F,1,0.0355294,0.0171911,256.655,13.3619,F
673,1,HappyBirthday,1243,1825,F,1,0.327576,0.283148,3987.12,294.669,F
673,1,HappyBirthday,1106,3285,M,1,0.0932151,0.344831,19.304,30.4113,F
673,1,Births,1411,0,M,0,0,0.0294486,0,0,F
674,1,HappyBirthday,135,4380.34,F,1,0.138972,0.734198,8.82982,46.6751,F
675,1,HappyBirthday,1173,2555,M,1,4.28344e-06,0.308021,0.393354,0.00133293,F
675,1,HappyBirthday,1135,2920,F,1,0.101356,0.275339,49.2408,38.3667,F
675,1,HappyBirthday,525,12410.5,F,1,0.00110595,0.0207046,0.278065,0.343889,F
675,1,HappyBirthday,1312,1095,M,1,0.1196,0.0812935,1420.01,113.852,F
675,1,HappyBirthday,901,6570.38,M,1,0.000382916,0.112152,74580.8,1.38642,F
676,1,HappyBirthday,71,9855.26,M,1,0.000149075,0.198869,0.378966,0.0463224,F
676,1,HappyBirthday,758,14600.2,F,1,0.122865,0.802925,1187.75,58.6881,F
677,1,HappyBirthday,402,31755.2,F,1,0.0976141,0.113518,441.576,51.3468,F
678,1,HappyBirthday,155,14965,M,1,0.0128477,5.93884,2383.41,4.29779,F
678,1,HappyBirthday,773,25915.6,M,1,0.0433049,0.94974,2205.06,52.0341,F
678,1,HappyBirthday,844,22630,F,1,0.183983,1.32051,4.93057,64.5814,F
679,1,HappyBirthday,1313,1095,M,1,0.443749,4.05553,33705.5,1073.21,F
679,1,HappyBirthday,488,13140.1,F,1,0.000460955,5.73207,382.095,0.225066,F
681,1,HappyBirthday,101,5840.21,M,1,0.0973761,0.0855401,0.552694,31.8381,F
681,1,HappyBirthday,116,18250.4,M,1,0.000237557,0.0933161,1.00679,0.0739994,F
681,1,HappyBirthday,1107,3285,M,1,0.00677873,3.26816,786.455,2.17272,F
681,1,HappyBirthday,537,12410,F,1,0.000250163,0.147675,211.413,0.146528,F
683,1,HappyBirthday,76,5475.9,F,1,0.439827,11.8778,1845.62,598.966,F
683,1,HappyBirthday,1209,2190,F,1,0.142644,4.55128,13.2481,50.6215,F
683,1,HappyBirthday,968,28105.6,M,1,0.00985962,1.15796,4423.9,3.69939,F
683,1,HappyBirthday,1354,730,F,1,0.0280751,0.387955,268.257,12.0903,F
683,1,HappyBirthday,1174,2555,F,1,0.00241156,0.716061,25.1743,0.806114,F
684,1,HappyBirthday,1073,3650,M,1,0.393156,0.0941999,1169.34,403.134,F
684,1,HappyBirthday,457,12410.2,M,1,0.0323039,1.54059,484.033,10.7415,F
684,1,HappyBirthday,1375,365,F,1,0.206975,0.192071,3280.61,134.158,F
684,1,HappyBirthday,796,16425.4,F,1,0.0171788,0.342291,26.0205,5.39332,F
684,1,HappyBirthday,870,31390.6,M,1,0.00480817,0.970232,3553.85,1.63885,F
685,1,HappyBirthday,70,16060.1,F,1,0.362131,1.10375,3.66323,140.417,F
685,1,HappyBirthday,1244,1825,M,1,0.118061,3.92035,1.24481,39.0528,F
686,1,HappyBirthday,1074,3650,M,1,0.00221917,0.209527,1901.29,2.6496,F
687,1,HappyBirthday,945,27740.5,M,1,0.0161722,0.565518,1890.69,39.2916,F
688,1,HappyBirthday,1314,1095,F,1,0.773159,0.252441,467.56,494.508,F
688,1,HappyBirthday,370,19345.7,M,1,0.0669623,30.1205,0.115557,21.5393,F
688,1,HappyBirthday,380,4745.38,F,1,0.0694447,15.4099,41.5897,23.5289,F
688,1,HappyBirthday,436,11315.5,M,1,0.0294455,0.0798653,19.3969,9.29457,F
688,1,HappyBirthday,573,5475.87,M,1,0.000132036,1.33618,63.5939,0.0503407,F
688,1,HappyBirthday,956,14600.5,M,1,0.0522157,2.17054,94.1297,17.3621,F
688,1,HappyBirthday,1210,2190,M,1,0.00119684,2.28178,2431.28,0.517065,F
690,1,HappyBirthday,295,28470.6,F,1,0.139641,0.131401,10338.8,180.05,F
690,1,HappyBirthday,1245,1825,F,1,0.0777936,0.0931057,109.64,25.6377,F
690,1,HappyBirthday,923,5840.91,M,1,0.00723174,5.14762,1420.01,2.3823,F
690,1,HappyBirthday,898,4745.5,M,1,0.0292594,0.172772,0.131425,9.22954,F
691,1,HappyBirthday,110,15330.1,M,1,0.00919478,0.382076,3.63217,2.87073,F
691,1,HappyBirthday,873,23360.2,M,1,0.00133457,0.878074,2724.74,4.43178,F
692,1,HappyBirthday,223,6205.4,M,1,3.43028e-06,0.902242,3311.11,0.0123111,F
692,1,HappyBirthday,507,32120.9,M,1,0.00548615,0.740767,290.58,1.7379,F
692,1,HappyBirthday,528,7665.44,F,1,0.133622,0.428015,1742.45,73.7499,F
692,1,HappyBirthday,1211,2190,F,1,0.00601031,0.335799,103.442,1.87657,F
692,1,HappyBirthday,648,13140.8,M,1,0.000169219,1.00427,746.826,0.220082,F
693,1,HappyBirthday,306,16790,F,1,0.00774219,0.0908016,3401.22,6.91169,F
693,1,HappyBirthday,960,4745.61,M,1,0.00924881,4.18136,37.0555,3.03256,F
693,1,HappyBirthday,387,10585.2,M,1,0.0419568,0.418202,717.471,23.7305,F
693,1,HappyBirthday,670,4745.14,M,1,0.43014,0.266351,14.1569,183.66,F
694,1,HappyBirthday,1315,1095,M,1,0.00177243,0.172091,0.120614,0.551271,F
694,1,HappyBirthday,382,6935.08,F,1,0.00916956,1.89342,0.110069,2.86423,F
695,1,HappyBirthday,1247,1825,M,1,0.0064096,0.0524672,104.252,2.4256,F
696,1,HappyBirthday,1212,2190,M,1,0.18604,1.84958,6685.66,223.122,F
697,1,HappyBirthday,1376,365,F,1,0.444183,0.0946418,3.66814,183.654,F
697,1,HappyBirthday,434,12045.8,F,1,0.000461116,0.378886,149.39,0.180122,F
697,1,HappyBirthday,504,9125.24,M,1,0.0167035,6.66505,822.736,21.4256,F
698,1,HappyBirthday,512,19345.4,M,1,0.0708368,0.148708,153.491,37.8268,F
699,1,HappyBirthday,986,4380.04,F,1,0.0009553,0.440463,0.105431,0.29722,F
699,1,HappyBirthday,995,17155,M,1,0.000541021,2.38557,51.6918,0.204029,F
699,1,HappyBirthday,822,8030.29,M,1,0.0188041,2.17402,2067.29,7.95226,F
700,1,HappyBirthday,985,9855.38,F,1,0.00709535,0.985645,10.5405,2.23331,F
701,1,HappyBirthday,972,10220.8,M,1,0.0254775,4.98873,1.08238,8.03125,F
701,1,HappyBirthday,1248,1825,F,1,0.0154761,0.128293,90.239,5.45864,F
702,1,HappyBirthday,1136,2920,F,1,0.761359,0.536095,44.7624,499.865,F
702,1,HappyBirthday,722,29930.9,M,1,0.166781,0.981301,7.74529,56.746,F
703,1,HappyBirthday,272,16425.9,F,1,0.0888855,0.090335,19.1926,30.069,F
703,1,Births,1412,0,M,0,0,0.121675,0,0,F
705,1,HappyBirthday,59,6935.69,M,1,0.000998876,1.52366,0.498733,0.31071,F
705,1,HappyBirthday,369,8395.09,F,1,0.0176397,0.641401,96.3693,5.57805,F
705,1,HappyBirthday,620,7665.36,M,1,0.00010311,0.413534,1.64571,0.0321372,F
705,1,HappyBirthday,649,5840.23,F,1,8.54104e-07,0.356958,3995.08,0.00155677,F
705,1,HappyBirthday,1250,1825,F,1,0.000829777,4.74414,40006.6,1.05661,F
706,1,HappyBirthday,345,6205.9,M,1,0.00146195,0.819943,2838.7,1.75275,F
706,1,HappyBirthday,656,15330.6,M,1,0.0658737,0.654088,3.4333,21.3597,F
706,1,HappyBirthday,1251,1825,M,1,0.000254557,0.0539255,4.95162,0.0799503,F
707,1,HappyBirthday,1377,365,M,1,2.48118e-05,1.02689,202787,0.251824,F
707,1,HappyBirthday,1378,365,F,1,8.0286e-05,0.0091335,0.0164043,0.0248915,F
707,1,HappyBirthday,1027,4015,F,1,0.0196055,0.142386,581.644,7.54498,F
709,1,HappyBirthday,220,9855.95,F,1,2.72942e-05,0.100735,0.0023028,0.0084974,F
709,1,HappyBirthday,769,4745.06,F,1,0.00014185,0.585918,1069.05,0.0492407,F
710,1,HappyBirthday,704,16790.3,F,1,0.00749331,3.07393,26.0296,2.33872,F
710,1,HappyBirthday,858,9125.34,F,1,0.000249106,0.150801,0.0451756,0.0774508,F
711,1,HappyBirthday,105,6935.46,F,1,6.24527e-07,1.39014,166.153,0.000245043,F
711,1,HappyBirthday,477,8760.33,M,1,0.000749975,0.785035,0.42908,0.233403,F
711,1,HappyBirthday,1028,4015,F,1,0.00745003,3.40496,133.142,2.64698,F
711,1,Births,1413,0,F,0,0,0.0146909,0,0,F
712,1,HappyBirthday,1287,1460,F,1,0.116235,0.0504708,1267.99,47.2426,F
712,1,HappyBirthday,1030,4015,M,1,0.00320889,0.361123,0.00356982,0.998777,F
712,1,HappyBirthday,1108,3285,M,1,0.679965,0.0117987,314.29,507.557,F
712,1,HappyBirthday,1029,4015,M,1,0.625948,0.0261887,1046.1,340.101,F
712,1,HappyBirthday,439,9855.25,M,1,0.0017323,4.66899,0.0159512,0.538484,F
712,1,HappyBirthday,1213,2190,M,1,0.00977499,3.13983,35.9225,3.22369,F
712,1,Births,1414,0,M,0,0,0.0959161,0,0,F
713,1,HappyBirthday,58,7665.51,M,1,0.0873319,0.172156,23.5991,29.3352,F
713,1,HappyBirthday,1176,2555,M,1,0.693206,27.2323,19.153,376.634,F
713,1,HappyBirthday,173,14600.1,M,1,0.0895455,3.36494,1.88396,29.3552,F
713,1,HappyBirthday,1317,1095,M,1,0.093211,4.7618,492.454,81.0156,F
714,1,HappyBirthday,94,8760.41,M,1,0.0590698,0.729516,43.742,20.2407,F
715,1,HappyBirthday,113,5475.36,F,1,0.0994337,0.174881,18712.7,146.978,F
715,1,HappyBirthday,891,5110.59,M,1,0.00196628,2.85829,129.708,0.692794,F
716,1,HappyBirthday,301,25185.1,F,1,1.15684e-05,1.58024,105.157,0.0045374,F
716,1,HappyBirthday,479,18615.7,M,1,0.000506693,17.9922,21.6477,0.168337,F
716,1,HappyBirthday,1214,2190,M,1,0.0463129,0.0430138,4292.24,122.623,F
716,1,HappyBirthday,696,17885.5,M,1,0.00023911,0.677281,1.79007,0.0743854,F
717,1,HappyBirthday,936,28835.9,M,1,0.000285508,12.5728,529.132,0.263669,F
719,1,HappyBirthday,845,11680.9,M,1,0.103325,0.63871,7.23109,34.0922,F
720,1,HappyBirthday,127,17520.9,M,1,0.26601,2.48906,3690.94,128.513,F
720,1,HappyBirthday,782,25915.8,M,1,0.327218,0.968682,2102.8,172.112,F
721,1,HappyBirthday,1288,1460,M,1,1.8435e-05,0.527769,32112.7,0.133683,F
722,1,HappyBirthday,794,12410.1,F,1,0.0191583,1.4569,1.81632,6.02836,F
722,1,Births,1415,0,F,0,0,0.0973834,0,0,F
723,1,HappyBirthday,1178,2555,F,1,0.343689,2.52894,11.0261,137.809,F
723,1,Births,1416,0,F,0,0,0.0313129,0,0,F
724,1,HappyBirthday,22,14600,F,1,0.0070534,3.78933,3.14321,2.20718,F
724,1,HappyBirthday,1179,2555,M,1,0.0314142,0.72242,10067.8,22.827,F
725,1,HappyBirthday,109,8760.85,M,1,0.0118437,2.08815,1.09085,3.70289,F
725,1,HappyBirthday,304,18980.8,M,1,0.00124238,0.596992,1.63336,0.386577,F
725,1,HappyBirthday,327,20440.9,F,1,0.0525471,0.145105,3188.89,142.5,F
725,1,HappyBirthday,645,9125.67,M,1,0.000244484,0.540957,0.53868,0.0759558,F
726,1,HappyBirthday,929,10950.3,F,1,0.00604413,0.232143,37.9345,2.03935,F
726,1,HappyBirthday,438,34675.5,M,1,0.00105949,10.7422,1.74154,0.33036,F
727,1,HappyBirthday,214,5475.34,M,1,0.00923483,3.21513,279.225,4.00081,F
727,1,HappyBirthday,1139,2920,F,0,0,0.00138653,0,0,F
727,1,HappyBirthday,947,16060.8,M,1,0.00199843,1.34212,7795.56,0.859481,F
727,1,HappyBirthday,932,25915,M,1,0.086764,4.18686,132.792,35.2579,F
727,1,HappyBirthday,751,14600.1,F,1,0.000634656,0.644825,4.99406,0.202331,F
727,1,HappyBirthday,1253,1825,M,1,0.00493639,0.351704,27152.6,10.7366,F
728,1,HappyBirthday,458,23360.4,M,1,0.0395446,0.567308,237.583,15.5709,F
728,1,Births,1417,0,M,0,0,0.0270702,0,0,F
729,1,HappyBirthday,1109,3285,F,1,0.0136231,15.4973,9.16982,4.41632,F
729,1,HappyBirthday,1254,1825,M,1,0.89729,3.32274,224.603,1388.79,F
729,1,HappyBirthday,571,20805.9,F,1,0.0068177,0.278164,0.0005762,2.12595,F
729,1,HappyBirthday,787,8395.89,F,1,0.0343227,0.675828,2427.02,22.8793,F
730,1,HappyBirthday,187,12410.5,M,1,0.251993,0.717325,175.623,91.4179,F
730,1,HappyBirthday,1379,365,F,1,0.147219,0.653255,73427.6,1290.23,F
730,1,HappyBirthday,1110,3285,F,1,0.0017669,12.7519,2.00022,0.552651,F
730,1,HappyBirthday,716,13140.8,M,1,0.000871921,3.99959,946.035,0.677796,F
731,1,HappyBirthday,690,9855.69,F,1,0.000153454,0.0926548,9563.46,0.426623,F
733,1,HappyBirthday,1180,2555,F,1,0.0321773,0.179331,3.45038,10.3252,F
733,1,HappyBirthday,270,10220.8,M,1,0.0327618,2.80261,1215.36,35.4921,F
733,1,HappyBirthday,1380,365,F,1,0.0882412,0.0204034,50.8626,35.8847,F
733,1,HappyBirthday,739,15330.4,F,1,0.000130331,1.28339,4844.81,0.22389,F
734,1,HappyBirthday,1289,1460,F,1,0.0260601,0.035765,1.43066,8.20877,F
734,1,HappyBirthday,626,6570.56,F,1,0.00021022,0.0467853,2445.69,0.274499,F
734,1,HappyBirthday,695,6570.61,F,1,0.00682616,0.0752232,712.784,2.36781,F
735,1,HappyBirthday,12,5840.31,F,1,0.00257467,2.83694,1767.57,0.801594,F
735,1,HappyBirthday,131,21170.7,M,1,8.38708e-05,0.779392,6979.86,0.247664,F
735,1,HappyBirthday,1181,2555,F,1,8.37077e-05,0.338808,55407.7,0.422264,F
735,1,HappyBirthday,540,5475.9,M,1,0.0913818,0.0420047,54.4494,37.883,F
736,1,HappyBirthday,1002,4380,F,1,0.00108364,1.12495,1505.42,0.339433,F
736,1,HappyBirthday,279,13505.2,F,1,5.15379e-05,0.279126,8969.05,0.168304,F
736,1,HappyBirthday,1255,1825,M,1,0.812488,0.118573,133.98,522.539,F
736,1,HappyBirthday,922,24455.7,M,1,0.000242223,0.0558415,0,0.0753508,F
736,1,HappyBirthday,1318,1095,M,1,0.0743271,0.439883,4896.48,194.148,F
737,1,HappyBirthday,51,22265.6,M,1,0.72895,1.00899,91.6581,545.228,F
737,1,HappyBirthday,95,5110.36,F,1,0.0848999,0.83873,0.975573,27.5728,F
737,1,HappyBirthday,276,17885.7,M,1,0.00393564,2.42796,10.3504,1.23963,F
737,1,HappyBirthday,946,33580.4,F,1,0.000119547,0.0846754,139.658,0.0606746,F
738,1,HappyBirthday,1257,1825,F,1,0.0114571,0.9928,87.6379,4.79452,F
738,1,HappyBirthday,1256,1825,M,0,0,0.012333,0,0,F
738,1,Births,1418,0,F,0,0,0.00512546,0,0,F
739,1,HappyBirthday,1381,365,M,1,0.456807,0.0733769,19607.1,573.483,F
740,1,HappyBirthday,1319,1095,F,0,0,0.00830238,0,0,F
741,1,HappyBirthday,385,13870.2,F,1,0.0816631,69.3045,1.2166,26.4761,F
742,1,HappyBirthday,812,7300.31,F,1,0.000594711,27.0824,11.6419,0.185842,F
743,1,HappyBirthday,1003,4380,M,1,0.00942104,1.33554,3742.51,18.8864,F
743,1,HappyBirthday,1215,2190,F,1,0.00717492,0.109676,78.235,2.36734,F
744,1,HappyBirthday,942,5475.02,F,1,0.00114629,0.810771,1.84077,0.358606,F
744,1,HappyBirthday,310,19345.4,F,1,0.00797843,0.38858,6.95728,2.51873,F
744,1,HappyBirthday,1032,4015,M,1,0.0557931,1.26131,0.0140029,17.8404,F
745,1,HappyBirthday,200,4745.46,F,1,0.00783224,0.550421,57988.2,32.0005,F
745,1,HappyBirthday,481,8760.53,M,1,0.00291471,0.448584,5.73482,0.908163,F
745,1,HappyBirthday,1216,2190,M,1,0.0269651,0.661058,3552.33,40.1223,F
746,1,HappyBirthday,267,34310.8,F,1,0.00880221,0.508667,3867.14,3.17803,F
746,1,HappyBirthday,1004,4380,F,1,0.655779,0.0505651,180.102,388.465,F
748,1,HappyBirthday,1033,4015,F,1,0.0882713,0.0694713,0.249853,28.7264,F
749,1,HappyBirthday,966,31755.9,F,1,0.0171261,1.343,1031.51,5.84767,F
750,1,HappyBirthday,1382,365,F,1,0.545599,0.0330497,44.6437,269.82,F
750,1,HappyBirthday,596,13505.3,M,1,0.0002142,0.380903,207.737,0.068154,F
750,1,HappyBirthday,1320,1095,M,1,0.00748339,0.390676,90.7827,2.87372,F
750,1,Births,1419,0,F,0,0,0.222012,0,0,F
751,1,HappyBirthday,1034,4015,F,1,0.00587249,1.69709,11.5167,1.89897,F
751,1,HappyBirthday,917,9490.34,M,1,0.00385026,0.909534,70.4919,1.38687,F
752,1,HappyBirthday,64,8030.32,M,1,0.105447,1.13829,0.521606,34.6575,F
752,1,HappyBirthday,959,8395.82,M,1,0.0170472,1.27427,91.5026,5.34414,F
753,1,HappyBirthday,1321,1095,M,1,0.00435061,0.0434678,76.6282,1.46318,F
754,1,HappyBirthday,1035,4015,M,1,0.0835888,1.95395,126.482,28.4799,F
754,1,HappyBirthday,652,6570.46,F,1,0.141173,17.4502,17.2018,48.0559,F
754,1,HappyBirthday,1218,2190,M,1,0.0885774,0.825779,97.0972,29.0243,F
754,1,HappyBirthday,1036,4015,F,1,0.040504,0.657476,18.3923,12.851,F
755,1,HappyBirthday,1322,1095,F,1,0.00241444,0.441699,14.8791,0.770743,F
755,1,HappyBirthday,468,4745.62,M,1,0.59387,1.09236,218.194,367.465,F
755,1,HappyBirthday,667,5840.3,F,1,0.00296234,0.70094,19.8318,0.946114,F
755,1,HappyBirthday,1111,3285,F,1,0.0316983,0.357136,39.8649,11.8103,F
755,1,HappyBirthday,856,5110.77,F,1,0.379363,0.297524,11.0948,150.164,F
755,1,HappyBirthday,878,9855.68,M,1,0.109871,0.0931982,33.3941,36.1727,F
756,1,HappyBirthday,1220,2190,M,1,0.00410961,0.0387488,31.1418,1.43712,F
756,1,HappyBirthday,1219,2190,F,1,0.0159008,0.175313,56.4937,5.08439,F
756,1,HappyBirthday,1037,4015,M,1,0.00788059,4.62206,163.925,4.17297,F
756,1,HappyBirthday,624,5475.71,F,1,0.00172188,3.5393,119.422,0.551731,F
757,1,HappyBirthday,625,19710.6,F,1,0.00072486,1.26719,43.7276,0.242238,F
758,1,HappyBirthday,1005,4380,F,1,0.00918651,0.656946,4.17014,2.8883,F
758,1,HappyBirthday,1323,1095,M,0,0,0.0442193,0,0,F
758,1,HappyBirthday,899,20440.5,F,1,0.00122579,0.0613598,0.0327798,0.381246,F
759,1,HappyBirthday,126,8030.4,F,1,0.000324188,30.1012,4.57589,0.103051,F
760,1,HappyBirthday,2,4745.24,M,1,0.131321,1.45556,0.7179,43.8324,F
761,1,HappyBirthday,201,6205.12,F,1,0.184704,1.51827,947.281,275.059,F
761,1,HappyBirthday,1324,1095,M,1,0.0159494,0.130688,109.147,5.89844,F
762,1,HappyBirthday,233,6205.19,F,1,0.000649672,0.548061,0.0812066,0.202078,F
762,1,HappyBirthday,1222,2190,F,1,0.000660461,0.195725,2588.77,0.876823,F
762,1,HappyBirthday,1221,2190,M,1,0.0627897,0.0696964,18816.2,487.091,F
762,1,HappyBirthday,743,12410.2,F,1,0.00105198,16.1463,1196,1.0377,F
762,1,Births,1420,0,M,0,0,0.643995,0,0,F
763,1,HappyBirthday,976,8760.77,F,1,0.0291351,0.37635,111.818,13.715,F
763,1,HappyBirthday,914,5840.25,M,1,0.184531,2.61677,2.2142,63.8946,F
764,1,HappyBirthday,6,14235.7,F,1,0.00720725,0.330339,16.1086,2.42508,F
764,1,HappyBirthday,1383,365,F,1,0.596501,0.484586,26.6273,313.115,F
764,1,HappyBirthday,843,5840.36,F,1,0.00482884,0.0540046,314.15,2.88982,F
765,1,HappyBirthday,73,11680.1,M,1,0.00095323,0.142849,0.557455,0.296896,F
765,1,HappyBirthday,79,5110.6,F,1,0.0636856,5.2709,16.2626,21.1621,F
765,1,HappyBirthday,975,16425.9,M,1,0,0.148504,0,0,F
765,1,HappyBirthday,603,15330.2,F,1,0.00899459,60.2948,98.1595,2.81164,F
765,1,HappyBirthday,1259,1825,M,1,0.00012268,0.188256,19135.6,0.629087,F
766,1,HappyBirthday,18,18615.6,F,1,0.171143,0.692321,12.1087,59.1944,F
766,1,HappyBirthday,271,6935.77,M,1,0.000892228,0.264543,1709.98,0.999522,F
766,1,HappyBirthday,348,14600.7,F,1,0.0015637,0.438707,8296.99,4.4709,F
766,1,HappyBirthday,398,6935.71,F,1,0.00367776,0.752978,16.0951,1.17008,F
766,1,HappyBirthday,686,8760.15,F,1,1.71504e-05,0.430458,28.9192,0.0059742,F
766,1,HappyBirthday,1077,3650,M,1,0.000154209,0.367429,0.000797997,0.0479922,F
767,1,HappyBirthday,85,9490.63,M,1,3.57113e-05,0.704464,22509.3,0.212287,F
767,1,HappyBirthday,1183,2555,M,1,0.000975027,0.661175,106.525,0.440699,F
767,1,HappyBirthday,1112,3285,M,1,0.00044555,0.31347,0.000333943,0.138458,F
767,1,HappyBirthday,903,6935.56,M,1,0.000106685,0.0540698,0.00962672,0.0331533,F
768,1,HappyBirthday,17,5475.3,M,1,0.000227965,0.0510792,117.826,0.085433,F
768,1,HappyBirthday,733,14235.1,M,1,0.000448155,0.621572,256.73,0.141831,F
769,1,HappyBirthday,1079,3650,F,0,0,0.0841189,0,0,F
769,1,HappyBirthday,731,7300.03,M,1,0.00123475,0.598983,0.0199924,0.384023,F
769,1,Births,1421,0,F,0,0,0.0573088,0,0,F
770,1,HappyBirthday,365,17520.5,F,1,0.00772405,1.39966,262.114,2.49332,F
770,1,HappyBirthday,1325,1095,M,1,0.163971,0.259508,86.4053,69.2873,F
771,1,HappyBirthday,1038,4015,F,1,0.224712,0.103353,1665.37,251.758,F
771,1,HappyBirthday,78,17155.1,F,1,0,8.11613,0,0,F
771,1,HappyBirthday,1113,3285,F,1,0.0875925,1.91462,2225.79,100.961,F
771,1,HappyBirthday,589,6205.81,M,1,0.0194651,9.96856,0.445634,6.11382,F
771,1,HappyBirthday,1384,365,M,1,0.127895,0.63218,12495.9,1193.41,F
771,1,HappyBirthday,918,28470,M,1,0.044465,2.65819,111.379,14.4271,F
772,1,HappyBirthday,1039,4015,F,1,0.0134733,0.289503,30.4579,4.60475,F
772,1,HappyBirthday,98,15695.8,M,1,0.00326626,0.831797,0.0717666,1.01733,F
772,1,HappyBirthday,928,12775.2,F,1,0.00439866,0.976816,0.570771,1.3712,F
772,1,HappyBirthday,332,20075.3,F,1,0.180054,18.6114,45.3745,64.5884,F
773,1,HappyBirthday,1006,4380,F,1,8.12434e-05,1.48087,2678.14,0.0556238,F
773,1,HappyBirthday,892,11680.5,F,1,0.0018444,0.129599,5.6e-05,0.573889,F
774,1,HappyBirthday,1141,2920,M,1,0.000569728,6.74129,0.367709,0.177205,F
774,1,HappyBirthday,441,4745.38,F,1,7.25881e-05,0.872367,10239.8,0.0656558,F
774,1,HappyBirthday,1260,1825,F,1,0.000787641,0.426349,1189.28,0.649942,F
774,1,HappyBirthday,588,5475.91,M,1,0.00857574,1.57055,6.96456,2.68155,F
775,1,HappyBirthday,140,5475.66,M,1,0.0229045,0.0496314,0.0508768,7.20157,F
775,1,HappyBirthday,886,6935.21,F,1,0.000184365,0.570408,871.415,0.264085,F
775,1,Births,1422,0,F,0,0,0.11865,0,0,F
776,1,HappyBirthday,555,7665.16,M,1,0.0172892,6.73328,56.8029,5.59957,F
776,1,HappyBirthday,879,14235.2,F,1,0.0282884,1.05576,185.083,8.94162,F
777,1,HappyBirthday,239,14600.2,F,1,0.00159751,0.615862,160.675,0.511445,F
777,1,HappyBirthday,473,24090.4,M,1,0.0217305,1.34824,2417.75,25.0602,F
777,1,HappyBirthday,847,10220.3,M,1,0.0980692,0.357367,320.367,32.3102,F
778,1,HappyBirthday,611,4745.79,M,1,0.0113441,0.200658,0.793092,3.55786,F
778,1,HappyBirthday,1385,365,M,1,0.000734508,0.173519,10.3663,0.238896,F
779,1,HappyBirthday,156,5475.58,M,1,0.000297173,0.0823769,1.12985,0.0928627,F
780,1,HappyBirthday,1184,2555,M,1,0.0468805,0.915039,2489.51,27.1983,F
780,1,HappyBirthday,546,16790.7,F,1,0.00179971,0.494206,145.49,0.681172,F
780,1,HappyBirthday,1224,2190,F,1,0.000937184,3.81204,59.207,0.317632,F
780,1,HappyBirthday,987,20805.5,M,1,0.0200813,15.2318,8.01412,6.30454,F
781,1,HappyBirthday,951,7665.12,F,1,6.23928e-05,0.297389,38.1829,0.0204618,F
781,1,HappyBirthday,1326,1095,F,1,0.000693963,0.0262349,1072.84,1.02606,F
782,1,HappyBirthday,1225,2190,M,1,0.0383604,0.788057,1548.06,12.7555,F
782,1,HappyBirthday,1386,365,F,1,0.0019871,0.0478714,51.7198,0.672631,F
782,1,HappyBirthday,1143,2920,F,1,0.369842,1.82024,1436.18,774.489,F
782,1,HappyBirthday,994,12775.2,M,1,0.0197934,0.0919357,6.96465,6.31822,F
783,1,HappyBirthday,804,7300.67,F,1,0.00874171,1.74818,18.0767,2.81329,F
784,1,HappyBirthday,608,21170,F,1,0.0314372,0.553297,5619.1,11.6699,F
784,1,HappyBirthday,711,6205.05,F,1,0.0011419,0.168463,18.1753,0.357017,F
784,1,HappyBirthday,1327,1095,M,1,0.221046,0.0577222,31731.2,1654.33,F
785,1,HappyBirthday,1356,730,F,1,0.010981,0.00976484,198.901,4.74437,F
785,1,HappyBirthday,939,25185.4,F,1,0.130128,2.31046,5.17764,43.5762,F
786,1,HappyBirthday,104,11680.2,M,1,0.325128,62.9457,9.00184,124.808,F
786,1,HappyBirthday,355,35770.5,F,1,0.00394602,0.518073,28.3261,1.28026,F
787,1,HappyBirthday,1114,3285,F,1,0.018173,1.20299,1915.89,5.82433,F
787,1,HappyBirthday,712,16060.8,F,0,0,0.0135816,0,0,F
787,1,HappyBirthday,900,15330.4,M,1,0.135338,2.33386,19.8217,48.4854,F
788,1,HappyBirthday,323,10585.9,F,1,0.00216098,2.21547,38.2689,0.705292,F
788,1,HappyBirthday,776,14965.5,F,1,0.000723958,1.1012,364.186,0.551975,F
788,1,HappyBirthday,793,6935.99,F,1,0.113799,0.0788487,0.0662227,37.5484,F
789,1,HappyBirthday,226,18250.3,F,1,0.000503497,1.45955,1492.14,0.55817,F
789,1,HappyBirthday,235,17885.9,M,1,0.00267698,0.539466,88.9525,1.10813,F
789,1,HappyBirthday,378,4745.03,M,1,0.100367,0.386877,1761.94,136.521,F
790,1,HappyBirthday,1185,2555,M,1,0.0194989,14.2514,3.27643,6.20909,F
790,1,HappyBirthday,633,25550.8,F,1,0.0229529,0.384637,29.1087,7.22261,F
790,1,HappyBirthday,753,6205.62,F,1,0.00156424,0.408073,0.00306074,0.486461,F
791,1,HappyBirthday,61,7665.52,M,1,0.165418,2.45886,27.9719,63.2145,F
791,1,HappyBirthday,1144,2920,F,1,0.0320581,0.0789329,6.40621,10.3957,F
791,1,HappyBirthday,266,10220.1,F,1,0.000363901,2.88709,3226.38,0.150285,F
791,1,HappyBirthday,371,6935.63,M,1,0,2.58376,59.1586,0,F
791,1,HappyBirthday,455,28105.1,M,1,5.80613e-05,1.44589,129.754,0.0266858,F
791,1,HappyBirthday,1387,365,M,1,4.60381e-05,0.200928,3129.26,0.15401,F
792,1,HappyBirthday,277,19710.7,F,0,0,0.00758281,0,0,F
792,1,HappyBirthday,840,11315.6,M,1,0.124871,0.914942,0.23329,41.4511,F
793,1,HappyBirthday,542,14965.3,M,1,0.108819,0.74709,1.82645,35.9019,F
793,1,HappyBirthday,1357,730,F,1,0,0.014934,0.873566,0,F
794,1,HappyBirthday,48,6570.4,M,1,0.0071729,8.25718,6.64396,2.26521,F
794,1,HappyBirthday,973,6570.91,F,1,0.245259,0.490075,31.4563,88.9668,F
794,1,HappyBirthday,1082,3650,M,1,0.000366646,0.381287,6519.69,1.8479,F
794,1,HappyBirthday,1328,1095,F,1,0.000133293,0.00377976,0.346873,0.0415512,F
794,1,HappyBirthday,1186,2555,M,1,0.000120471,1.1091,10385.4,0.472321,F
795,1,HappyBirthday,92,9125.33,F,1,0.214106,5.74062,35.3351,78.0702,F
795,1,HappyBirthday,1042,4015,M,1,0.0376909,0.604895,0.348396,11.9404,F
795,1,HappyBirthday,225,5110.07,F,1,0.000963682,0.0188904,8.5182,0.310957,F
795,1,HappyBirthday,311,12410.5,F,1,0.00651995,27.3736,8404.88,2.87974,F
795,1,HappyBirthday,1083,3650,M,1,0.0188537,0.532642,0.137865,5.9164,F
795,1,Births,1423,0,F,0,0,0.0250324,0,0,F
796,1,HappyBirthday,962,16790,M,1,0.0350161,0.102017,8.96881,11.5777,F
797,1,HappyBirthday,1358,730,M,1,0.00797614,0.0343331,253.89,2.98249,F
797,1,HappyBirthday,666,15695.6,F,1,0.0653524,0.225727,0.146628,21.0047,F
798,1,HappyBirthday,134,29565.6,M,1,0.00099209,0.516907,6930.1,2.65651,F
798,1,HappyBirthday,321,7300.38,M,1,0.0382183,5.30864,2692.77,49.4296,F
798,1,HappyBirthday,343,6570.22,F,1,0.000533496,0.130923,14.2576,0.166958,F
798,1,HappyBirthday,1187,2555,F,1,0.250506,1.08518,1265.26,107.484,F
799,1,HappyBirthday,550,9490.06,M,1,0,4.78094,8.98146,0,F
799,1,Births,1424,0,F,0,0,0.134372,0,0,F
800,1,HappyBirthday,317,18250.1,F,1,0.00099492,0.742095,51.0932,0.316855,F
801,1,HappyBirthday,1329,1095,M,1,0.000827677,0.814257,452.792,0.734448,F
802,1,HappyBirthday,35,27375.1,F,1,0,0.0382011,0,0,F
802,1,HappyBirthday,935,6205.79,M,1,0.00614871,0.188847,1434.06,5.51319,F
803,1,HappyBirthday,998,9125.03,M,1,0.00447074,0.2812,6.2499,1.42888,F
803,1,HappyBirthday,1226,2190,M,1,0.177411,0.403019,83.3705,67.5194,F
804,1,HappyBirthday,373,7300.05,F,1,0.00335123,0.713287,3.13402,1.04357,F
804,1,HappyBirthday,1084,3650,M,1,0.0322929,0.18146,0.370607,10.2206,F
805,1,HappyBirthday,149,5110.25,M,1,0.00195715,0.193475,77.7954,0.612438,F
805,1,HappyBirthday,1146,2920,F,1,0,0.74499,0.661916,0,F
806,1,HappyBirthday,619,9490.2,M,1,0.00755995,1.12697,0.228136,2.36111,F
806,1,HappyBirthday,1388,365,F,0,0,0.0237352,0,0,F
806,1,HappyBirthday,1263,1825,M,1,0.0408278,0.131417,2.44901,13.1001,F
806,1,HappyBirthday,1330,1095,M,1,0.0278355,0.0904552,60261,67.6112,F
808,1,HappyBirthday,247,9490.79,M,1,0.0985334,0.478229,5117.62,199.466,F
808,1,HappyBirthday,1147,2920,M,1,0.0895383,1.63272,59.3941,31.7968,F
808,1,HappyBirthday,539,17155.6,F,1,0.0782576,5.92842,1.76311,25.5099,F
808,1,HappyBirthday,816,15695.1,F,1,0.0510735,0.470464,5.44371,16.3682,F
808,1,HappyBirthday,863,5475.03,M,1,0.006804,7.09179,224.601,3.90732,F
809,1,HappyBirthday,315,12045.5,F,1,0.010269,4.48591,29125.1,8.90465,F
810,1,HappyBirthday,1115,3285,M,1,0.0233879,1.24457,7.42841,7.35997,F
810,1,Births,1425,0,M,0,0,0.232567,0,0,F
811,1,HappyBirthday,250,8030.22,M,1,0.000148615,7.6869,700.622,0.163944,F
811,1,HappyBirthday,262,12775.9,M,1,0.0263843,0.104249,1841.83,28.0892,F
812,1,HappyBirthday,1264,1825,M,1,0.0691417,1.71933,42.3895,23.564,F
812,1,HappyBirthday,676,12410.6,F,0,0,0.00658125,0,0,F
812,1,HappyBirthday,709,5110.03,F,1,0.00116228,2.38079,2.95654,0.362681,F
813,1,HappyBirthday,1188,2555,F,1,0.0016505,2.79078,5.25623,0.524619,F
813,1,HappyBirthday,614,6205.17,F,1,0.429876,0.167245,363.867,261.859,F
814,1,HappyBirthday,949,12775.6,M,1,0.00803074,2.10615,0.0022188,2.50637,F
814,1,HappyBirthday,1389,365,F,1,0.139783,0.439852,73.3412,62.2783,F
815,1,HappyBirthday,106,28105.3,M,1,0.0985008,8.68795,2.12475,32.5592,F
815,1,HappyBirthday,706,18615.9,M,1,0.00176833,5.18136,163.514,0.697035,F
815,1,HappyBirthday,1008,4380,M,1,0.0795828,3.54052,1.17628,25.773,F
817,1,HappyBirthday,31,21535.9,F,1,0.00634291,11.1042,3.42588,1.98052,F
817,1,HappyBirthday,1266,1825,F,1,5.51263e-05,3.49557,1.16936,0.0171253,F
817,1,HappyBirthday,1265,1825,F,1,0.00305657,0.377957,0.050437,0.951503,F
817,1,HappyBirthday,1148,2920,M,1,0.0683037,2.17542,8984.42,30.2365,F
817,1,HappyBirthday,1045,4015,F,1,0.00044855,0.181866,11041.9,1.90378,F
817,1,HappyBirthday,1359,730,M,1,0.426557,0.187266,52.5812,175.678,F
818,1,HappyBirthday,1331,1095,F,1,0,0.180742,6817.96,0,F
818,1,HappyBirthday,334,8760.19,M,1,0.40998,1.79295,1016.66,186.195,F
818,1,HappyBirthday,1085,3650,F,1,0.243855,0.811588,3681.78,268.532,F
818,1,HappyBirthday,664,11680.2,F,1,0.0695374,1.22928,128.146,25.1254,F
819,1,HappyBirthday,1149,2920,F,0,0,0.0200644,0,0,F
819,1,HappyBirthday,677,17520.4,F,1,0.224974,0.257342,15.8053,80.8607,F
820,1,HappyBirthday,516,8030.97,F,1,0.0281926,0.19194,422.426,14.7628,F
820,1,HappyBirthday,1267,1825,M,1,0.634806,0.219899,116.552,359.6,F
820,1,HappyBirthday,1332,1095,M,1,0.0002507,0.0287679,51575.8,0.308962,F
820,1,Births,1426,0,F,0,0,1.39446,0,0,F
821,1,HappyBirthday,562,14965.1,M,1,7.57228e-06,11.3326,226.191,0.0043118,F
822,1,HappyBirthday,1150,2920,M,1,0,0.702884,371.271,0,F
823,1,HappyBirthday,222,21170.3,F,1,4.40727e-06,0.332546,6477.19,0.017427,F
823,1,HappyBirthday,1333,1095,M,1,0.0565154,0.351607,8370.05,74.4807,F
823,1,HappyBirthday,1291,1460,M,1,0.000927137,1.26092,2153.92,0.672746,F
824,1,HappyBirthday,65,26280.7,F,1,0.00474279,0.536082,158.464,1.8047,F
824,1,HappyBirthday,541,7300.05,F,1,0.115399,0.275442,0.254072,38.1069,F
825,1,Births,1427,0,F,0,0,0.0177126,0,0,F
826,1,HappyBirthday,1116,3285,M,1,0.00744015,0.0979303,110.173,3.43301,F
826,1,HappyBirthday,299,8030.47,M,1,0.00133548,8.21154,0.0079418,0.415274,F
826,1,HappyBirthday,1270,1825,M,0,0,0.00302825,0,0,F
827,1,HappyBirthday,75,18250.4,F,1,9.13952e-07,0.0614304,2902.29,0.0013192,F
827,1,HappyBirthday,720,13505.8,M,1,0.170141,2.28673,147.737,95.9304,F
828,1,HappyBirthday,62,22995.1,M,1,0.00118496,5.93492,34.9506,0.389754,F
828,1,HappyBirthday,1189,2555,F,1,0.715842,25.4786,620.486,395.534,F
829,1,HappyBirthday,1227,2190,M,1,0.00389299,0.242191,0.0155646,1.21238,F
829,1,HappyBirthday,1390,365,F,1,0.000185833,0.017764,16.8455,0.062235,F
829,1,HappyBirthday,1151,2920,M,1,0.0105978,12.1268,2080.51,3.99708,F
829,1,HappyBirthday,823,28105,F,1,0.000489352,0.257265,15.9514,0.161096,F
830,1,HappyBirthday,605,15695.8,M,1,0.0482179,0.504332,86.6008,21.6823,F
830,1,HappyBirthday,744,10950.7,M,1,0.00173493,0.34381,59.9617,0.651699,F
830,1,Births,1428,0,M,0,0,0.0316087,0,0,F
831,1,HappyBirthday,1152,2920,F,1,0.000898355,0.0678615,14.8991,0.279492,F
831,1,HappyBirthday,379,36135.1,M,1,0.00876009,15.9662,60.5768,2.79419,F
831,1,Births,1429,0,F,0,0,0.0654961,0,0,F
832,1,HappyBirthday,1271,1825,F,1,0.15626,0.258391,3316.84,381.885,F
833,1,HappyBirthday,1334,1095,F,1,0.0419667,0.684239,4.73808,13.4332,F
833,1,HappyBirthday,1391,365,M,1,0.00862256,0.650579,8309.93,27.191,F
833,1,HappyBirthday,198,8030.38,F,1,0.00257127,2.5847,19699.9,1.65747,F
833,1,HappyBirthday,249,6570.05,F,1,0.0210559,0.903682,0.29202,6.6209,F
834,1,HappyBirthday,206,6205.07,F,1,0.00011705,0.699856,0.147999,0.0364078,F
834,1,HappyBirthday,207,7665.56,F,1,0.00415253,3.90236,244.821,1.76387,F
834,1,HappyBirthday,1117,3285,F,1,0.00625427,0.345643,0.876571,1.9535,F
834,1,HappyBirthday,725,13870.8,M,1,0,13.4492,1.07769,0,F
835,1,HappyBirthday,466,9490.27,F,1,0.00704367,0.78765,0.675344,2.19972,F
835,1,Births,1430,0,M,0,0,0.00758343,0,0,F
836,1,HappyBirthday,302,17520.2,F,1,1.21902e-05,3.45868,3484.9,0.0091324,F
836,1,HappyBirthday,410,5110.15,F,1,0.0148801,0.358681,1.11192,4.6619,F
836,1,HappyBirthday,774,7665.74,F,1,0.290716,43.2059,9675.96,669.046,F
837,1,HappyBirthday,1087,3650,M,1,0.140947,0.498956,46317.2,360.82,F
837,1,HappyBirthday,523,9125.03,M,1,0.00279012,1.50806,0.10069,0.868858,F
837,1,HappyBirthday,671,13505.8,F,1,0.0767973,1.62685,1694.46,28.6368,F
837,1,Births,1431,0,M,0,0,0.204045,0,0,F
838,1,HappyBirthday,1292,1460,M,1,0.0658116,0.712203,14044.6,136.452,F
838,1,HappyBirthday,256,6570.36,M,1,0.0431877,1.64923,37.5156,15.8556,F
838,1,HappyBirthday,1050,4015,F,1,0.000141865,0.984237,1664.86,0.057265,F
839,1,HappyBirthday,425,10585.5,M,1,0.0627993,0.907806,23.84,20.8068,F
839,1,HappyBirthday,531,8760.94,F,1,0.0260242,0.210957,7414.96,32.6337,F
839,1,Births,1432,0,F,0,0,0.0467433,0,0,F
840,1,HappyBirthday,52,10220.4,M,1,0.0355481,2.07544,4.2824,11.2793,F
840,1,HappyBirthday,230,13870,M,1,0.00139613,0.515791,0.505092,0.434481,F
841,1,HappyBirthday,16,9125.4,F,1,0.0232837,0.403238,0.0672024,7.32129,F
841,1,HappyBirthday,447,12045.5,F,1,0.0113908,0.20294,0.604561,3.56209,F
841,1,HappyBirthday,808,9490,F,1,0.0210977,0.206952,60.3573,8.31611,F
842,1,HappyBirthday,182,33580.8,F,1,0.000335432,1.4053,0.926774,0.104489,F
842,1,HappyBirthday,474,27740.4,M,1,0.000977804,0.587325,119.002,0.438099,F
842,1,HappyBirthday,1293,1460,M,1,0.0695472,0.281321,4769.49,161.178,F
843,1,HappyBirthday,1360,730,M,1,0.327521,1.09629,0.406487,123.32,F
843,1,HappyBirthday,1088,3650,M,1,0.0186717,2.55456,5.36107,5.86071,F
843,1,HappyBirthday,1190,2555,M,1,0.000473589,0.782889,2372.39,0.648017,F
843,1,HappyBirthday,924,6570.05,F,1,0.00539395,1.72509,105.228,2.21634,F
844,1,HappyBirthday,293,5110.04,M,1,6.67039e-05,1.08075,10.7541,0.021623,F
844,1,HappyBirthday,831,8030.74,M,1,0.000759589,1.38633,0.0030922,0.23616,F
846,1,HappyBirthday,1294,1460,M,1,0.222142,0.18091,684.137,92.3807,F
846,1,HappyBirthday,56,16790,M,1,0.00914881,0.0720668,43.5384,3.0401,F
846,1,HappyBirthday,1295,1460,F,1,0.01022,0.0768184,173.439,4.05517,F
846,1,HappyBirthday,1272,1825,F,1,0.00768253,1.69389,2.16367,2.39696,F
846,1,HappyBirthday,514,6935.94,M,1,0.000341904,1.14899,14785.2,0.177269,F
846,1,HappyBirthday,552,6570.69,F,1,0.000195004,0.45168,3.7701,0.0609037,F
847,1,HappyBirthday,967,6935.66,M,1,0.015973,0.10247,458.352,6.08464,F
847,1,HappyBirthday,772,22995.4,M,1,0.0264069,3.73633,2.60606,8.42343,F
848,1,HappyBirthday,100,20440.8,M,1,0.592026,3.01162,1694.01,363.992,F
848,1,HappyBirthday,1119,3285,M,1,3.70256e-05,0.540867,1432.97,0.067828,F
848,1,HappyBirthday,305,10585.6,M,1,1.07151e-05,1.41351,54.179,0.0035042,F
848,1,HappyBirthday,1089,3650,F,1,0.000774263,0.742129,67.6297,0.268694,F
848,1,HappyBirthday,703,5840.89,F,1,0.0127135,0.158315,2044.4,15.7944,F
850,1,HappyBirthday,943,6205.42,M,1,0.0505636,0.0958698,17.38,16.1429,F
851,1,HappyBirthday,23,6570.5,F,1,0.288335,1.48752,61.3126,123.317,F
851,1,HappyBirthday,255,35040.8,M,1,3.9594e-06,1.91803,0.891425,0.00124,F
851,1,HappyBirthday,1229,2190,M,1,0.0217141,0.121689,40.7134,7.08418,F
851,1,HappyBirthday,391,4745.19,M,1,0.0178652,1.59646,7068.33,26.5999,F
851,1,HappyBirthday,429,20440.5,M,1,0.435728,4.04862,5.70778,180.882,F
851,1,HappyBirthday,1228,2190,F,1,0.0113459,0.140862,251.419,7.47356,F
854,1,HappyBirthday,195,8395.57,M,1,0.0112209,1.60141,145.983,3.63609,F
854,1,HappyBirthday,520,15695.6,F,1,0.00197239,0.634042,21510.9,2.23716,F
855,1,HappyBirthday,1191,2555,F,1,0.00466092,0.132169,954.386,6.22736,F
857,1,HappyBirthday,518,14600.8,F,1,0.0333742,2.27277,3.40395,10.5904,F
857,1,HappyBirthday,815,9855.58,M,1,0.00782186,11.9591,2.95857,2.44287,F
857,1,HappyBirthday,837,5475.45,M,1,0.00480111,0.140982,20.6514,1.49686,F
857,1,HappyBirthday,1120,3285,M,1,0.000206127,1.24482,189.357,0.108878,F
858,1,HappyBirthday,120,29930.3,M,1,0.0524152,11.0124,1893.72,84.5981,F
858,1,HappyBirthday,388,8760.2,M,1,0.0396896,0.123075,89.5307,14.5158,F
858,1,HappyBirthday,600,8030.41,M,1,0.0107169,2.2546,1763,11.9687,F
858,1,HappyBirthday,801,9490.19,F,1,0.0165574,5.2139,1206.45,7.77927,F
858,1,HappyBirthday,874,12775.9,F,1,0.00188182,0.393928,72.1043,0.658959,F
860,1,HappyBirthday,335,10586,M,1,0.000212696,0.281574,2603.66,0.572577,F
860,1,HappyBirthday,1090,3650,M,1,0.310316,0.307137,2749.65,453.013,F
860,1,HappyBirthday,852,16060.7,M,1,0.00104354,0.134949,607.711,1.124,F
861,1,HappyBirthday,1335,1095,F,1,0.00870562,2.55425,21.2953,2.81312,F
861,1,HappyBirthday,536,4745.49,M,1,2.11776e-05,5.35018,22.5825,0.00662689,F
861,1,HappyBirthday,628,9490.48,F,1,0.014577,6.7881,927.154,10.4794,F
861,1,HappyBirthday,1336,1095,M,1,0.0432405,0.100851,141406,382.638,F
861,1,Births,1433,0,M,0,0,0.0684957,0,0,F
862,1,HappyBirthday,259,26645,F,1,0.0238751,0.137295,1561.5,31.3691,F
862,1,HappyBirthday,517,5110.93,F,1,0.104971,0.637188,37.292,34.5255,F
863,1,HappyBirthday,263,17885.1,M,1,0.581172,0.88662,1285.11,366.044,F
863,1,HappyBirthday,1121,3285,M,1,0.00121899,4.39958,19.7325,0.406249,F
864,1,HappyBirthday,309,24090.5,M,1,2.55556e-06,0.951644,4312.39,0.010794,F
864,1,HappyBirthday,392,12775.4,M,1,0.0193879,7.96778,329.85,9.11135,F
864,1,HappyBirthday,486,19710.5,M,1,0.0229483,0.425407,13.1778,7.23993,F
864,1,HappyBirthday,554,20805.6,M,1,0.00879443,13.9292,26.1435,3.07079,F
865,1,HappyBirthday,74,15695,F,1,0.00161691,0.152388,8.36416,0.50366,F
865,1,HappyBirthday,602,20440.6,F,1,0.0475714,0.127788,0.910064,15.1482,F
866,1,HappyBirthday,867,13140.8,F,1,0.000352586,0.595867,9.9e-05,0.109751,F
867,1,HappyBirthday,1231,2190,M,1,0.236672,0.132492,9804.91,378.47,F
867,1,HappyBirthday,1337,1095,M,1,0.772089,0.0486298,346.557,465.11,F
867,1,HappyBirthday,938,8030.23,F,1,0.0619996,4.40283,43.0033,22.7559,F
867,1,Births,1434,0,F,0,0,0.0613351,0,0,F
868,1,HappyBirthday,152,5840.04,M,1,0.00303821,0.316072,623.205,0.993444,F
868,1,HappyBirthday,1274,1825,F,1,0.000551675,0.963981,15.9679,0.183988,F
868,1,HappyBirthday,1153,2920,M,1,0.32902,0.0397705,123.325,134.77,F
868,1,HappyBirthday,467,18250.2,F,1,1.28673e-05,0.586258,25905.6,0.0842328,F
868,1,HappyBirthday,1338,1095,M,1,0.00880206,0.223066,468.97,3.75004,F
869,1,HappyBirthday,1361,730,M,1,0.0222522,0.50085,1894.88,7.59606,F
869,1,HappyBirthday,726,14965.3,F,1,0.00210488,2.64055,0.0757144,0.654831,F
870,1,HappyBirthday,414,14600.7,F,1,0.000278879,3.92404,2314.36,0.359451,F
870,1,HappyBirthday,1000,9125.11,F,1,0.0474444,4.30541,0.699128,15.106,F
870,1,HappyBirthday,1362,730,M,1,0.000239156,0.676448,1.06707,0.0747696,F
871,1,HappyBirthday,1363,730,F,1,0.233783,0.146322,46.7571,96.55,F
871,1,HappyBirthday,1154,2920,F,1,0.0941093,0.0294656,2.54481,30.7615,F
872,1,HappyBirthday,275,16425.3,M,1,0.142683,0.272531,436.423,81.0505,F
872,1,HappyBirthday,762,20075.9,F,1,0.0642551,0.15021,0.105649,20.6431,F
873,1,HappyBirthday,1011,4380,M,1,0.0262095,2.3598,29.9025,9.27467,F
873,1,HappyBirthday,574,5475.5,M,1,0.000415803,1.32378,85.7029,0.133763,F
873,1,HappyBirthday,890,8395.24,M,1,0.000283086,0.320052,4.9902,0.0887448,F
874,1,HappyBirthday,1054,4015,F,1,0.00912768,1.29031,104.346,3.24157,F
874,1,HappyBirthday,199,4745.24,M,1,0.00209988,1.27226,0.000519487,0.653288,F
874,1,HappyBirthday,931,15695.4,F,1,0.00694715,2.18847,50941.1,17.2056,F
874,1,HappyBirthday,930,26280.6,M,1,0.170764,0.538903,1.29031,58.223,F
875,1,HappyBirthday,397,7665.82,M,1,0.000321018,0.929667,66.1342,0.10044,F
876,1,HappyBirthday,1392,365,M,1,0.105926,0.0288292,148898,1026.36,F
876,1,HappyBirthday,81,13870.5,F,1,0.0018456,0.286364,17.8919,0.588557,F
877,1,HappyBirthday,1156,2920,F,1,0.00524152,0.0669896,224.511,1.95402,F
877,1,HappyBirthday,498,17885.1,M,1,0.00718792,0.63119,0.320282,2.24292,F
878,1,HappyBirthday,57,5840.35,F,1,0.354552,0.0742992,393.105,210.98,F
878,1,HappyBirthday,416,6935.62,M,1,0.00673978,0.803693,4423.1,4.49588,F
878,1,HappyBirthday,982,29930.9,F,1,0.0762226,5.10148,11870.3,133.042,F
878,1,HappyBirthday,1393,365,F,1,0.0613544,0.0521178,5946.1,223.845,F
878,1,HappyBirthday,682,5475.03,F,1,0.00401233,2.77292,4.80731,1.25102,F
879,1,HappyBirthday,37,17885.7,F,1,0.000366962,1.69045,1.11093,0.114134,F
879,1,HappyBirthday,97,21170.2,F,1,0.00545259,3.49917,94.917,2.08301,F
879,1,HappyBirthday,1192,2555,F,1,0.00173572,0.427482,52.4718,0.670268,F
880,1,HappyBirthday,183,17885.1,F,1,0.0136675,6.09024,3.45618,4.31694,F
880,1,HappyBirthday,243,5475.64,F,1,0.00885869,1.42186,0.428887,2.76555,F
880,1,HappyBirthday,1364,730,M,1,0.00057078,0.00860649,0,0.177576,F
880,1,HappyBirthday,564,14965.2,F,1,0.046433,0.404952,713.209,14.7789,F
881,1,HappyBirthday,209,5110.19,M,1,0.0758906,12.9064,66.8138,26.9385,F
881,1,HappyBirthday,273,29200.5,F,1,0.0560078,4.99425,14.2476,18.5487,F
881,1,HappyBirthday,495,9125.38,F,1,3.88713e-07,0.385426,3728.98,0.0012978,F
881,1,HappyBirthday,768,8395.64,F,1,0.0787742,0.552325,0.868847,25.6084,F
882,1,HappyBirthday,234,8760.92,M,1,0.00104658,10.5403,225.005,0.502881,F
882,1,HappyBirthday,421,6570.66,F,1,0.00865904,0.2405,19.5603,2.70514,F
882,1,HappyBirthday,1122,3285,M,1,0.00841103,1.6848,32.1845,2.74699,F
882,1,HappyBirthday,755,6935.85,F,1,0.00278512,0.601657,0.565013,0.868267,F
883,1,HappyBirthday,1056,4015,M,1,0.0615163,0.083466,168.898,24.8044,F
884,1,HappyBirthday,144,6570.48,F,1,0.00252091,2.22533,40.574,0.786281,F
884,1,HappyBirthday,1193,2555,M,1,0.25664,1.42767,67.0243,100.83,F
885,1,HappyBirthday,362,7665.5,M,1,0.0618066,0.11378,55.8315,21.3634,F
885,1,HappyBirthday,426,7300.42,M,1,0.107987,0.647785,21.7696,38.1348,F
885,1,HappyBirthday,1296,1460,F,1,0.00455849,0.390806,119.377,1.686,F
886,1,HappyBirthday,1092,3650,M,1,0.0405966,0.110997,17.2653,13.2624,F
886,1,HappyBirthday,595,20075.4,F,1,0.000599749,5.68056,71.7363,0.186922,F
887,1,HappyBirthday,40,22995.4,F,1,0.0144146,3.87824,24.8435,4.64509,F
887,1,HappyBirthday,147,5840.74,M,1,0.0137492,3.37291,1.81135,4.30305,F
887,1,HappyBirthday,560,9855.88,M,1,0.0399876,47.8954,3.66214,12.7474,F
887,1,HappyBirthday,791,6570.67,M,1,0.00672286,0.903448,18.508,2.18288,F
887,1,HappyBirthday,849,18980.5,M,1,0.000523029,0.557239,1176.55,0.182484,F
887,1,Births,1435,0,F,0,0,0.00447148,0,0,F
888,1,HappyBirthday,1015,4380,M,1,0.00417521,1.06033,53.3315,1.41764,F
889,1,HappyBirthday,1232,2190,M,1,0.117778,0.453508,1796.98,83.5047,F
889,1,HappyBirthday,1057,4015,F,1,0.0003052,2.86333,8.92017,0.0950022,F
889,1,Births,1436,0,F,0,0,0.340858,0,0,F
890,1,HappyBirthday,1339,1095,F,1,0.000228009,0.218564,2038.55,0.548392,F
890,1,HappyBirthday,680,4745.17,M,1,0.0710701,1.78363,3.458,22.9125,F
890,1,HappyBirthday,1093,3650,M,1,0.0662199,1.3737,105.633,22.2742,F
891,1,HappyBirthday,685,13870.6,F,1,8.96481e-05,0.258678,41.4736,0.0298612,F
891,1,HappyBirthday,889,9490.73,F,1,0.00302575,6.50212,82.6894,1.05762,F
891,1,HappyBirthday,907,13505.7,M,1,0.0243449,3.80796,28.7544,8.56801,F
892,1,HappyBirthday,1297,1460,F,1,0.039632,1.02487,388.345,30.1994,F
892,1,HappyBirthday,460,6205.15,F,1,0.0082397,0.452791,291.435,2.58417,F
893,1,HappyBirthday,598,14235.1,F,1,0.00459893,3.21329,11.7095,1.45862,F
893,1,HappyBirthday,788,5110.99,M,1,0.000929348,4.52802,0.00109726,0.289051,F
895,1,HappyBirthday,582,16060.7,F,1,0.0042649,3.98946,229.97,2.65016,F
896,1,HappyBirthday,260,6570.62,F,1,0.785741,0.253632,178.754,580.044,F
896,1,HappyBirthday,281,10950.6,F,1,0.0426839,0.473746,20.8014,14.8639,F
896,1,HappyBirthday,1233,2190,F,1,0.0162348,1.25945,28.8465,5.12124,F
896,1,HappyBirthday,842,12410.3,F,1,0.126867,0.33453,49.7646,45.6113,F
896,1,HappyBirthday,1341,1095,M,1,0.0107136,0.0573888,178.959,3.41828,F
897,1,HappyBirthday,668,10220.3,F,1,0.00085443,1.96645,14260.6,0.437962,F
898,1,HappyBirthday,811,5475.03,F,1,0.00299629,0.530438,357.601,1.01573,F
898,1,HappyBirthday,894,19710.8,M,1,0.00178026,0.205302,8307.34,2.88395,F
899,1,HappyBirthday,153,4745.94,M,1,9.69393e-05,0.0424,24.0188,0.033215,F
899,1,HappyBirthday,376,24455.9,F,1,0.00358169,5.86139,1.40979,1.11805,F
899,1,HappyBirthday,493,4745.23,F,1,0.00171756,0.0972484,1247.38,1.41809,F
899,1,HappyBirthday,642,4745.05,F,1,0.000164582,1.11713,39.227,0.0523497,F
900,1,HappyBirthday,1366,730,M,1,0.00114824,0.044313,93.5575,0.405198,F
900,1,HappyBirthday,1365,730,M,1,0.00083308,0.184041,162.304,0.311382,F
900,1,HappyBirthday,647,8030.69,M,1,0.0044093,0.209692,8430.22,2.0074,F
901,1,HappyBirthday,799,6935.96,M,1,0.0203436,0.306997,13.431,6.39083,F
902,1,HappyBirthday,1298,1460,F,1,0.0395884,0.0292082,98.1774,14.9923,F
902,1,HappyBirthday,1342,1095,M,1,0.31368,3.56266,839.909,299.531,F
902,1,HappyBirthday,338,17155.9,F,1,0.000858397,1.02987,8.86699,0.271031,F
902,1,HappyBirthday,1275,1825,F,1,0.00132181,1.11008,0.208501,0.411454,F
903,1,HappyBirthday,403,18250.6,M,1,0.00170373,0.500392,2804.66,2.45696,F
904,1,HappyBirthday,1094,3650,M,1,0.202006,1.99636,4.45677,70.6293,F
905,1,HappyBirthday,1367,730,F,1,0.883105,0.404687,13.9018,699.835,F
906,1,HappyBirthday,137,5840,M,1,0.0469345,1.55787,18.7105,15.3034,F
906,1,HappyBirthday,453,12410.9,M,1,0.0517199,2.15966,0.35884,16.5059,F
906,1,HappyBirthday,471,6570.39,M,1,0.000362289,1.59048,276.523,0.159031,F
907,1,HappyBirthday,240,20805,M,1,0.444188,0.352423,0.172709,182.595,F
907,1,HappyBirthday,1060,4015,M,1,0.000101041,0.0377208,11.3565,0.0329695,F
907,1,HappyBirthday,650,6570,M,1,2.24291e-05,0.234359,18.4493,0.00761268,F
908,1,HappyBirthday,86,13140.5,M,1,0.00965685,0.119608,39.1975,3.21843,F
908,1,HappyBirthday,979,27740.4,F,1,0.00207967,2.95018,51.7293,0.64839,F
908,1,Births,1437,0,F,0,0,0.0452154,0,0,F
909,1,HappyBirthday,1368,730,M,1,0.849164,2.1226,442.814,779.911,F
910,1,HappyBirthday,82,5840.84,F,1,0.0299727,1.09196,1027.55,12.2034,F
910,1,HappyBirthday,984,14235.1,F,1,0.00180136,4.97174,24.3366,0.629241,F
910,1,HappyBirthday,408,22995.2,M,1,0.00408701,3.58932,19.6609,1.37479,F
910,1,HappyBirthday,506,19710.5,M,1,0.121099,0.160798,2407.53,42.7267,F
910,1,HappyBirthday,534,17885.5,M,1,0.000175382,19.3691,575.131,0.145364,F
910,1,HappyBirthday,697,5110.87,M,1,0.000673841,0.0562871,21231.5,2.48561,F
910,1,HappyBirthday,829,21170.3,F,1,0.0139533,1.4333,93.1695,4.39141,F
911,1,HappyBirthday,142,9855.31,M,1,0.147951,0.293625,0.602181,49.7589,F
912,1,HappyBirthday,169,9490.59,M,1,6.27956e-05,7.3044,15.7138,0.0208322,F
912,1,HappyBirthday,1194,2555,F,1,1.95468e-05,3.32302,152.323,0.0074533,F
912,1,Births,1438,0,M,0,0,0.29889,0,0,F
913,1,HappyBirthday,1061,4015,M,1,0.00848425,0.237434,1.12352,2.648,F
913,1,HappyBirthday,568,18980.9,M,1,7.45822e-05,0.895725,527.569,0.0414724,F
913,1,HappyBirthday,701,30295,F,1,0.00671052,2.48269,50.6408,2.27148,F
913,1,HappyBirthday,1394,365,F,1,0.00579881,0.0510136,21.9711,1.86077,F
913,1,HappyBirthday,881,22630.1,F,1,0.00147848,8.06619,1913.15,0.653645,F
914,1,HappyBirthday,1095,3650,M,1,0.000682544,4.72547,36.1888,0.223463,F
914,1,HappyBirthday,418,14965.6,F,1,0.00784079,0.238925,139.316,3.44666,F
915,1,HappyBirthday,1159,2920,F,1,0.0117577,2.05149,925.703,5.61779,F
916,1,HappyBirthday,374,10950.3,F,1,0.00603119,4.18831,0.459239,1.8803,F
917,1,HappyBirthday,36,11315.9,M,1,0.0160308,4.61719,1.68914,5.06022,F
918,1,HappyBirthday,1017,4380,F,1,0.00526697,0.772475,79.2302,1.64673,F
918,1,HappyBirthday,286,12775.4,F,1,0.00758425,0.134895,3.4035,2.36539,F
918,1,HappyBirthday,807,5840.57,F,1,0.0222241,0.196155,14.5104,7.48314,F
918,1,HappyBirthday,860,16790.9,F,1,0.000124003,1.47663,138.903,0.0628194,F
918,1,Births,1439,0,F,0,0,0.0532129,0,0,F
919,1,HappyBirthday,84,11680.2,F,1,4.39902e-06,1.63827,8.53864,0.0014002,F
919,1,HappyBirthday,1235,2190,F,1,0.0715478,0.32518,78.5599,25.5367,F
919,1,HappyBirthday,916,11315.8,F,1,0.000775538,6.03551,0.284982,0.241048,F
920,1,HappyBirthday,533,6570.82,M,1,0.10863,1.62587,64.1875,35.8845,F
922,1,HappyBirthday,406,11680.7,F,1,0.0615898,0.864713,2.23935,19.9384,F
922,1,HappyBirthday,1019,4380,F,1,0.00566553,0.504075,3225.78,2.3618,F
922,1,HappyBirthday,526,9490.64,M,1,0.244978,0.215478,994.824,91.4301,F
922,1,HappyBirthday,862,7300.64,F,1,0.25022,0.502722,282.529,90.1976,F
923,1,HappyBirthday,107,13505.5,M,1,0.00466693,2.35841,266.839,1.46582,F
923,1,HappyBirthday,1343,1095,M,1,0.0044501,0.0108588,1043.61,3.78376,F
924,1,Births,1440,0,M,0,0,0.250681,0,0,F
925,1,HappyBirthday,485,9125.4,M,1,0.00168364,0.474713,45.1894,0.530042,F
925,1,HappyBirthday,1344,1095,M,1,0.278358,0.028393,7650.31,1203.69,F
925,1,HappyBirthday,871,5840.98,F,1,0.000802937,7.45004,34.4107,0.251789,F
925,1,Births,1441,0,M,0,0,0.0534718,0,0,F
926,1,HappyBirthday,11,7300.6,M,1,0.00887422,4.54123,19.6336,2.83084,F
926,1,HappyBirthday,50,7665.12,F,1,0.000129368,0.568755,49346.9,1.19649,F
926,1,HappyBirthday,419,7300.86,M,1,0.0143455,10.435,2.06745,4.49049,F
927,1,HappyBirthday,622,6935.78,F,0,0,0.0198473,0,0,F
927,1,HappyBirthday,809,16060.6,M,1,0.00635074,4.37029,0.035594,1.97944,F
927,1,HappyBirthday,1196,2555,M,1,0.0759202,1.25059,48.4093,26.6435,F
927,1,HappyBirthday,854,12775.3,M,1,0.00137194,0.72478,6.52524,0.440592,F
928,1,HappyBirthday,1300,1460,F,1,0.000984694,0.526268,12.8467,0.313051,F
928,1,HappyBirthday,433,21170.3,M,1,0.0054249,3.95836,335.693,2.60599,F
928,1,HappyBirthday,1125,3285,F,1,0.0101109,0.0920447,52.006,3.21133,F
928,1,HappyBirthday,1299,1460,M,1,0.00150525,0.0582397,1.95892,0.470697,F
928,1,Births,1442,0,M,0,0,0.611589,0,0,F
929,1,HappyBirthday,1160,2920,M,1,0.0727836,0.361135,80.9549,26.3112,F
929,1,HappyBirthday,400,23725.9,F,1,0.0225378,0.269926,0.226834,7.08416,F
930,1,HappyBirthday,1236,2190,F,1,0.00388699,1.2424,8.80509,1.21407,F
930,1,HappyBirthday,981,8760.67,F,1,0.000496176,0.307491,6.95544,0.154167,F
931,1,HappyBirthday,39,6205.96,M,1,0,0.111133,319.942,0,F
931,1,HappyBirthday,253,8030.34,M,1,0.00811389,3.66484,0.845689,2.53894,F
931,1,HappyBirthday,491,14600.6,M,1,0.0611958,0.158567,0.010908,19.6247,F
931,1,HappyBirthday,616,28105,M,1,0.115198,0.016856,2.73491,38.4101,F
933,1,HappyBirthday,139,26280.3,M,1,0.0104112,1.84133,1.03928,3.25322,F
933,1,HappyBirthday,1096,3650,F,1,0.0103554,0.714439,14.2236,3.33557,F
933,1,HappyBirthday,1020,4380,M,1,0.0632053,0.22977,95.359,20.9389,F
933,1,HappyBirthday,792,17155.7,M,1,0.021094,0.505545,454.618,7.05493,F
934,1,HappyBirthday,349,31025.8,F,1,0.00384321,2.57363,47.3303,1.2109,F
934,1,HappyBirthday,499,4745.9,F,1,0.00486109,1.72075,0.077242,1.51483,F
934,1,HappyBirthday,767,10220.4,F,1,0.00203956,0.242987,9.32765,0.642158,F
934,1,HappyBirthday,1395,365,F,1,0.00224324,0.0411041,41.7924,0.806665,F
935,1,HappyBirthday,25,13140,M,1,0.00768242,0.1146,784.957,2.76822,F
935,1,HappyBirthday,341,11315.7,M,1,0.00926324,0.319719,1667.58,2.92632,F
935,1,HappyBirthday,821,22630.7,F,1,0.000234456,0.691175,487.063,0.0768908,F
936,1,HappyBirthday,412,18980,M,1,0.0100185,0.812936,1.91784,3.15376,F
938,1,HappyBirthday,252,10950.1,F,1,0.0388131,1.91398,97037.9,173.127,F
938,1,HappyBirthday,902,9490.27,F,1,0.000302574,2.84644,47.6905,0.095409,F
939,1,HappyBirthday,108,20440.1,F,1,0.05933,0.410382,182.225,23.7967,F
939,1,HappyBirthday,639,12045.4,M,1,0.828335,0.051275,20.7746,552.082,F
940,1,HappyBirthday,1277,1825,F,1,0.00219009,0.712109,232.137,0.798021,F
941,1,HappyBirthday,1278,1825,F,1,0.0874895,1.74863,20.8956,31.3306,F
941,1,HappyBirthday,1062,4015,M,1,2.11193e-05,0.532409,0.0204654,0.00656842,F
941,1,Births,1443,0,F,0,0,0.0209633,0,0,F
942,1,HappyBirthday,368,4745.85,M,1,0.000393129,7.65436,5.59826,0.124311,F
942,1,HappyBirthday,1279,1825,F,1,0.0794597,0.173441,9.61862,26.3949,F
943,1,HappyBirthday,1345,1095,F,1,0.534241,0.430602,9299.09,425.177,F
943,1,HappyBirthday,122,33215,F,1,0.151657,0.526135,0.0551128,51.1157,F
943,1,HappyBirthday,146,16425.2,F,1,0.0330895,0.231818,0.278311,10.4621,F
943,1,HappyBirthday,158,10220.1,M,1,3.81008e-05,1.20286,1719.92,0.089658,F
943,1,HappyBirthday,1161,2920,M,1,0.0764478,3.81768,25.8191,24.9375,F
944,1,HappyBirthday,637,5840.56,M,1,0.284038,11.5053,53.108,129.801,F
945,1,HappyBirthday,1396,365,F,1,0.819653,0.249538,8.78898,532.47,F
945,1,HappyBirthday,612,9855.96,M,1,0.00490194,11.5404,22.1666,1.68567,F
946,1,HappyBirthday,133,14965.4,F,1,4.21973e-05,0.259463,2.18042,0.0131688,F
946,1,HappyBirthday,859,4745.9,F,1,0.00746702,1.76424,805.535,3.22411,F
947,1,HappyBirthday,1346,1095,F,1,0.0750138,0.486825,44274.7,107.547,F
947,1,HappyBirthday,1162,2920,F,1,0.767632,2.64229,45.7984,454.788,F
947,1,HappyBirthday,561,14235.6,F,1,0.0828498,0.859418,0.67012,26.8897,F
947,1,HappyBirthday,832,9855.59,M,1,0.135402,1.42945,100.848,45.3445,F
948,1,HappyBirthday,1127,3285,M,1,0.0169181,0.130458,24.048,5.82929,F
948,1,HappyBirthday,445,6935.49,F,1,0.00791612,8.73882,2.09928,2.47013,F
948,1,HappyBirthday,1163,2920,M,1,0.032323,1.50008,68467.7,107.713,F
950,1,HappyBirthday,1369,730,F,1,0.000140319,0.0589695,20.6708,0.0450008,F
951,1,HappyBirthday,919,5840.27,M,1,0.0324133,0.158232,1025.04,29.2782,F
951,1,HappyBirthday,599,6205.38,M,1,0.000740674,0.460525,1.17749,0.2304,F
951,1,HappyBirthday,759,7300.17,M,1,0.000537389,16.4214,17.6697,0.17119,F
952,1,HappyBirthday,99,13505,M,1,0.00141192,0.544474,84.6462,0.440599,F
952,1,HappyBirthday,1370,730,F,1,0.0270283,1.25112,2229.71,27.5419,F
953,1,HappyBirthday,55,20075.5,M,1,0.501598,7.77426,59.4549,269.189,F
953,1,HappyBirthday,319,8395.99,M,1,0.226389,0.152213,88.2023,88.6848,F
953,1,HappyBirthday,1301,1460,F,1,0.0809787,0.692554,3169.71,38.1494,F
953,1,HappyBirthday,748,12775.7,F,1,0.00278378,0.754531,1910.43,1.45226,F
954,1,HappyBirthday,284,21170.1,M,1,0.000175028,0.101331,696.362,0.0544698,F
954,1,HappyBirthday,566,8760.44,M,1,0.00239945,2.16264,405.295,1.19593,F
954,1,HappyBirthday,850,6205.07,M,1,3.5464e-05,0.19369,0.167373,0.0110144,F
955,1,HappyBirthday,1302,1460,M,1,0.0193441,0.546737,9994.27,47.8479,F
955,1,HappyBirthday,784,24090.2,M,1,6.20823e-05,0.374878,0.517396,0.0193838,F
955,1,HappyBirthday,1397,365,M,1,0.0233985,0.847598,11496.3,9.58255,F
956,1,HappyBirthday,754,10220.7,M,1,0.108279,1.20347,0.0108604,35.6161,F
957,1,HappyBirthday,1128,3285,M,0,0,0.0230681,0,0,F
957,1,HappyBirthday,1347,1095,F,1,0.000540008,0.0802947,16.1103,0.17244,F
958,1,HappyBirthday,1398,365,M,1,0.099638,0.122563,102.774,40.7576,F
958,1,Births,1444,0,F,0,0,0.00127038,0,0,F
959,1,HappyBirthday,404,7665.19,M,1,0.0758696,0.168095,52.2336,26.7158,F
959,1,Births,1445,0,M,0,0,0.374587,0,0,F
960,1,HappyBirthday,1280,1825,M,1,0.0116164,0.132722,31.905,3.83097,F
960,1,HappyBirthday,384,17155.3,F,1,0.0633432,0.219771,1544.92,21.5178,F
961,1,HappyBirthday,300,12045,M,1,0.00496282,2.40507,1061.34,7.59988,F
961,1,HappyBirthday,944,5840.03,M,1,0.00698574,0.641605,153.046,2.67207,F
961,1,HappyBirthday,1303,1460,M,1,0.000117346,0.191,35.6146,0.037613,F
961,1,HappyBirthday,865,4745.16,M,1,0.0592291,0.751219,0.448418,18.9743,F
961,1,Births,1446,0,F,0,0,0.10924,0,0,F
962,1,HappyBirthday,1304,1460,F,1,0.0163708,0.139073,1357.32,15.0727,F
962,1,HappyBirthday,715,10220.7,F,1,0.0079695,0.331673,661.657,2.64757,F
963,1,HappyBirthday,587,33945.1,M,1,0.00104807,24.3079,0.65909,0.326534,F
963,1,HappyBirthday,674,5475.95,F,1,0.0111033,0.227934,4.34402,3.47121,F
963,1,HappyBirthday,875,6935.28,M,1,0.0546772,2.89476,39.675,17.6947,F
964,1,HappyBirthday,1063,4015,M,1,0.0906535,0.088845,2815.54,33.1059,F
964,1,HappyBirthday,1021,4380,M,1,0.000338809,0.293711,4824.73,0.266573,F
964,1,HappyBirthday,896,20805.2,F,1,0.0123425,12.9126,4.28444,3.87931,F
965,1,HappyBirthday,1399,365,F,1,0.0049066,0.00974485,13.3435,1.56029,F
965,1,HappyBirthday,1305,1460,M,1,0.0671961,0.412319,11561.4,28.086,F
965,1,HappyBirthday,1306,1460,M,1,0.0305326,0.0376911,1750.75,14.0602,F
965,1,HappyBirthday,1064,4015,M,1,8.4709e-05,0.0969719,10749.3,0.319402,F
966,1,HappyBirthday,7,14235.5,M,1,0.00708635,0.157064,103.661,3.18577,F
966,1,HappyBirthday,1400,365,M,1,0.00223949,1.7213,93.2186,0.820503,F
966,1,HappyBirthday,472,15695.9,F,1,0.0273331,0.673266,76.3598,10.3866,F
966,1,Births,1447,0,M,0,0,0.0111111,0,0,F
967,1,HappyBirthday,1097,3650,F,1,0.398013,0.105275,850.091,179.223,F
967,1,HappyBirthday,296,11315,M,1,0.00112074,0.0695875,0.004443,0.348376,F
967,1,HappyBirthday,1098,3650,F,1,0.0722107,0.0514879,3960.01,111.794,F
967,1,HappyBirthday,502,10950.3,F,1,0.000109523,10.5451,9.78999,0.0340896,F
967,1,HappyBirthday,669,10220.5,M,1,0.00029561,2.65076,682.615,0.201407,F
968,1,HappyBirthday,1022,4380,M,1,0.00431872,0.0269014,0.0526151,1.34489,F
968,1,HappyBirthday,1401,365,F,1,0.000663301,0.0269451,0.77463,0.206897,F
968,1,Births,1448,0,F,0,0,0.0231767,0,0,F
969,1,HappyBirthday,111,4745.71,M,1,0.00419461,3.04861,11.2764,1.37903,F
969,1,HappyBirthday,1237,2190,M,1,0.000462574,0.305749,15229.2,4.02512,F
969,1,HappyBirthday,638,26645.4,F,1,0.000111845,1.93966,0.292578,0.03478,F
970,1,HappyBirthday,1350,1095,M,1,0.00244985,0.486456,150.29,0.918553,F
970,1,HappyBirthday,838,19710.1,M,1,0.0105861,0.453791,37.5892,3.4971,F
971,1,HappyBirthday,694,5110.55,F,1,0.184689,0.23197,2016.07,65.7274,F
971,1,Births,1449,0,F,0,0,0.175173,0,0,F
972,1,HappyBirthday,623,8395.49,F,1,0.00037597,0.905354,888.645,0.135331,F
972,1,HappyBirthday,742,18615.5,M,1,0.000910369,0.836095,0.441278,0.28367,F
973,1,HappyBirthday,192,9125.37,M,1,0,0.989059,537.258,0,F
973,1,HappyBirthday,1402,365,M,1,0.030877,0.712399,162.36,13.7573,F
974,1,HappyBirthday,93,12045.8,F,1,0.00102772,0.398064,4.67265,0.324134,F
974,1,HappyBirthday,480,7300.22,M,1,0.000223928,1.17664,15.1526,0.0710962,F
974,1,HappyBirthday,1371,730,F,1,0.00203527,0.548924,33.6693,0.739917,F
975,1,HappyBirthday,129,12775.8,F,1,0,0.206734,3.05052,0,F
975,1,HappyBirthday,227,17155.3,F,1,0.000648551,0.230791,5.70608,0.207669,F
976,1,HappyBirthday,1372,730,M,1,0.665007,0.922408,12457.6,1482,F
976,1,HappyBirthday,660,10950.8,M,1,0.00114341,0.105013,1174.55,0.576796,F
977,1,HappyBirthday,316,13505.4,M,1,0.108936,6.77539,0.0110002,35.8459,F
978,1,HappyBirthday,394,5475.54,M,1,0.00602649,0.182582,8.22571,1.90033,F
979,1,HappyBirthday,329,13140.5,F,1,0.0109197,1.36892,89.4767,3.71803,F
979,1,HappyBirthday,723,5110.44,M,1,4.27817e-05,0.535424,44.5531,0.0141676,F
980,1,HappyBirthday,470,15695.5,F,1,0.0906667,0.274034,124.506,29.5409,F
980,1,HappyBirthday,684,21900.7,F,1,0.770547,0.569842,12.749,465.33,F
980,1,Births,1450,0,F,0,0,0.0175701,0,0,F
981,1,HappyBirthday,934,21535.2,F,1,0.127389,1.44704,5.73484,42.3634,F
981,1,HappyBirthday,1403,365,F,0,0,0.0253472,0,0,F
981,1,HappyBirthday,1373,730,F,1,0.676746,0.618945,131.35,380.069,F
981,1,HappyBirthday,505,7300.42,F,1,0.450346,0.360539,1002.27,188.654,F
982,1,HappyBirthday,1065,4015,F,1,0.00133192,2.33872,212.43,0.543787,F
982,1,HappyBirthday,1129,3285,M,1,0.000837601,0.398086,57584.7,4.25768,F
982,1,HappyBirthday,606,23725,F,1,4.34451e-05,2.49588,1890.71,0.0200472,F
983,1,HappyBirthday,45,18250.2,M,1,0.00826691,0.333882,547.509,2.57993,F
983,1,HappyBirthday,292,12045.5,M,1,0.133271,1.42239,3944.8,224.26,F
984,1,HappyBirthday,683,7300.56,F,1,0.00344422,1.72164,6.30034e-05,1.07223,F
988,1,HappyBirthday,171,5110.69,F,1,0.118851,0.447456,6.59087,39.9248,F
988,1,HappyBirthday,1201,2555,F,1,0.01533,0.632974,67.3213,4.80167,F
988,1,HappyBirthday,1099,3650,F,1,0.200748,0.792623,6087.03,193.347,F
988,1,HappyBirthday,1166,2920,F,1,0.00157372,1.47996,4401.51,0.616192,F
988,1,HappyBirthday,752,9855.61,M,1,0.142451,0.235993,128.885,59.5913,F
989,1,HappyBirthday,1167,2920,F,1,0.00694956,0.246009,8022.72,42.8761,F
989,1,HappyBirthday,556,22630.8,M,1,0.000664374,0.5851,5.62307,0.207648,F
990,1,HappyBirthday,353,4745.44,M,1,0.00130109,8.50325,709.259,1.30028,F
990,1,HappyBirthday,745,19710.6,M,1,0.00482292,5.9683,2.27906,1.51928,F
991,1,HappyBirthday,424,5110.95,M,1,0.118933,2.96147,201.751,39.3916,F
991,1,Births,1451,0,F,0,0,0.036317,0,0,F
992,1,HappyBirthday,511,26645.8,M,1,0.112788,0.964856,271.308,38.0457,F
992,1,HappyBirthday,521,35040,F,1,0.0411262,0.15864,2314.38,13.1457,F
992,1,HappyBirthday,1404,365,F,1,0.845467,0.0297453,3.42816,581.124,F
993,1,HappyBirthday,3,6205.8,F,1,0.0229627,1.48053,8.91042,7.4938,F
993,1,HappyBirthday,188,7300.78,M,1,0.000209085,6.51705,2.75792,0.065243,F
993,1,HappyBirthday,241,12045,F,1,0.0153666,2.37819,5847.47,12.5825,F
993,1,HappyBirthday,1405,365,F,1,0.0117245,0.035474,3381.72,19.0265,F
994,1,HappyBirthday,176,15695.5,M,1,4.06897e-05,0.288741,578.748,0.0157766,F
994,1,HappyBirthday,291,23725,M,1,0.0962409,0.439908,48.8908,35.3376,F
995,1,HappyBirthday,991,15695.4,M,1,0.0101409,2.47085,2611.94,17.7403,F
995,1,HappyBirthday,274,34310,M,1,0.057168,1.45333,0.580068,18.3095,F
995,1,HappyBirthday,1202,2555,M,1,0.630429,1.17004,134.045,460.011,F
996,1,HappyBirthday,544,15330.9,F,1,0.0919209,1.45577,210.701,40.3395,F
997,1,HappyBirthday,210,8760.37,M,1,1.09679e-05,0.0784969,1103.22,0.0164374,F
998,1,HappyBirthday,1067,4015,M,1,0.114171,0.156505,1.13428,37.7356,F
998,1,HappyBirthday,287,22265.9,M,1,0.00171946,0.353323,958.968,1.84669,F
998,1,HappyBirthday,1101,3650,F,1,0.330583,0.196697,11.5449,124.852,F
998,1,HappyBirthday,775,25550.4,M,1,0.010727,14.7937,0.245608,3.35153,F
999,1,HappyBirthday,1130,3285,M,1,0.0463115,0.168203,35.0695,14.948,F
999,1,HappyBirthday,1238,2190,F,1,0.0110128,1.9219,2154.37,13.5697,F
999,1,HappyBirthday,585,12410.4,M,1,0.000330529,5.72961,72.8726,0.115072,F
999,1,HappyBirthday,641,33215.3,F,1,1.95579e-05,0.200738,4774.59,0.0822312,F
999,1,HappyBirthday,876,10950.1,F,1,0.00105527,6.0445,1066.01,0.336328,F
1000,1,HappyBirthday,1239,2190,M,1,0.000738626,1.30378,142.508,0.297657,F
1000,1,HappyBirthday,342,33945.1,F,1,6.10137e-05,0.178537,52.8419,0.0206406,F
1000,1,HappyBirthday,1131,3285,M,1,0.0352285,0.706699,624.594,18.4416,F
1000,1,HappyBirthday,522,6205.53,M,1,5.05574e-05,3.59461,4239.43,0.101761,F
1002,1,HappyBirthday,993,15695.6,F,1,9.11877e-05,8.66084,171.404,0.0356104,F
1004,1,HappyBirthday,1406,365,F,1,0.539461,3.64396,4159.45,1070.96,F
1004,1,HappyBirthday,197,18250,M,1,0.0102671,0.671344,0.298335,3.20857,F
1004,1,HappyBirthday,868,13505.9,M,1,0.270434,1.47655,9.66186,102.739,F
1004,1,Births,1452,0,M,0,0,0.255562,0,0,F
1005,1,HappyBirthday,43,29565.6,M,1,0,0.933156,148.418,0,F
1005,1,HappyBirthday,778,21900,F,1,0.00447351,0.113983,23.8317,1.5381,F
1005,1,HappyBirthday,853,16425.8,F,1,0.000835483,1.77967,0.299502,0.259704,F
1006,1,HappyBirthday,213,25185.6,F,1,2.90345e-05,2.64986,1.152,0.0090428,F
1006,1,HappyBirthday,238,5110.55,M,1,0.0386999,0.276374,125.898,14.6118,F
1006,1,HappyBirthday,465,8395.14,M,1,0.000215526,23.8166,0.901395,0.0671822,F
1006,1,HappyBirthday,710,10220.7,M,1,0.00140482,1.19502,198.039,0.585441,F
1006,1,HappyBirthday,729,12410.7,F,1,0.0501683,1.11741,9.80284,16.0586,F
1007,1,HappyBirthday,1308,1460,M,1,0.0982885,0.285066,244.71,33.6372,F
1008,1,HappyBirthday,1103,3650,F,1,0.00394168,1.35284,250.567,1.64528,F
1008,1,HappyBirthday,766,11680.7,F,1,0.000450719,0.221396,26.8583,0.143276,F
1008,1,HappyBirthday,783,30660.8,M,1,5.96151e-06,0.289131,4.88026,0.0018604,F
1009,1,HappyBirthday,452,13140.4,F,1,0.00943804,0.199972,4.06737,2.96829,F
1009,1,HappyBirthday,1025,4380,M,1,0.00762951,0.355175,9.51562,2.48001,F
1009,1,HappyBirthday,789,14235.8,M,1,0.00141732,0.637272,3.87433,0.441201,F
1010,1,HappyBirthday,1204,2555,M,1,0.0145165,0.496128,171.193,4.77982,F
1010,1,HappyBirthday,1282,1825,M,1,0.269562,0.35222,16514.9,555.361,F
1010,1,HappyBirthday,136,5840.03,F,1,0.0154694,0.671124,217.863,6.34443,F
1010,1,HappyBirthday,1351,1095,M,1,0.000825802,0.935856,1072.26,0.2822,F
1011,1,HappyBirthday,123,14600.4,M,1,0,0.0622135,1.0603,0,F
1011,1,HappyBirthday,128,5110.92,F,1,0.0428788,0.412438,470.661,22.5045,F
1011,1,HappyBirthday,1205,2555,M,1,0.000929951,0.390987,14.5202,0.308189,F
1011,1,HappyBirthday,797,5840.22,M,1,0.000277573,3.07915,0.404876,0.0864435,F
1012,1,HappyBirthday,442,8030.55,M,1,0.00601142,2.78562,97.2826,2.2731,F
1012,1,HappyBirthday,1283,1825,M,1,0.320552,4.51066,131.187,171.977,F
1012,1,HappyBirthday,737,35040.7,M,1,0.00958544,0.248212,20.6368,3.08597,F
1012,1,HappyBirthday,770,14965.6,M,1,0.0106076,8.56864,20.8616,3.52302,F
1013,1,HappyBirthday,435,8395.79,F,1,0.000740547,0.676592,1.03978,0.230601,F
1014,1,HappyBirthday,1206,2555,F,1,0.00532388,0.0490674,412.396,1.77008,F
1014,1,HappyBirthday,283,5475.26,M,1,0.000879116,6.55931,22.4797,0.282064,F
1014,1,HappyBirthday,581,24455.3,M,1,0.105024,2.54561,482.453,55.5384,F
1014,1,HappyBirthday,693,6205.66,M,1,0,0.87378,171.439,0,F
1015,1,HappyBirthday,1352,1095,F,1,0.0147874,0.149684,7540.82,81.431,F
1015,1,Births,1453,0,M,0,0,0.00215057,0,0,F
1016,1,HappyBirthday,1407,365,M,0,0,0.0127027,0,0,F
1016,1,HappyBirthday,1026,4380,F,1,0.00177275,0.330021,0.18417,0.551546,F
1017,1,HappyBirthday,34,5840.69,M,1,0.000372453,24.1456,756.544,0.487968,F
1017,1,HappyBirthday,1242,2190,M,1,0.608236,0.205749,132.233,348.789,F
1017,1,HappyBirthday,1309,1460,F,1,0.138449,1.64967,967.795,108.169,F
1017,1,HappyBirthday,630,27740.2,F,1,0.0104193,1.17673,5.20027,3.26016,F
1017,1,HappyBirthday,798,13140,F,1,0.0169277,2.54791,0.0047332,5.30509,F
1017,1,Births,1454,0,F,0,0,0.738186,0,0,F
1018,1,HappyBirthday,30,11315.8,F,1,0.00414223,17.2749,9.52773,1.2992,F
1018,1,HappyBirthday,352,5110.49,F,1,0.00096353,0.33603,163.33,0.312362,F
1018,1,HappyBirthday,803,9490.6,M,1,0.0132226,9.09685,52.3582,5.11496,F
1019,1,HappyBirthday,1408,365,M,1,6.05679e-05,0.0473046,172736,1.02629,F
1019,1,HappyBirthday,484,15330.7,F,1,7.15453e-05,3.47361,4378.97,0.302355,F
1019,1,HappyBirthday,749,22265.1,M,1,0.0858995,0.214247,147.476,28.2152,F
1019,1,HappyBirthday,839,8030.57,M,1,0.000368328,5.79099,1290.8,0.143629,F
1020,1,HappyBirthday,454,24455,F,1,0.0786057,2.03895,211.168,31.058,F
1020,1,HappyBirthday,618,10220.2,M,1,0.0100864,0.128336,13.436,3.33047,F
1020,1,HappyBirthday,1353,1095,M,1,0.00444965,0.183637,15.9992,1.4229,F
1020,1,HappyBirthday,833,19710.2,M,1,0.000849041,22.3639,0.347397,0.264221,F
1021,1,HappyBirthday,1409,365,M,1,0.0840521,0.183198,154.318,34.4772,F
1021,1,HappyBirthday,1169,2920,M,1,0.0969889,0.70303,10128.2,199.928,F
1021,1,HappyBirthday,1207,2555,F,1,0.000471779,1.78404,2194.34,0.420249,F
1021,1,HappyBirthday,805,7300.85,M,1,0.0368958,7.60014,154.56,17.9397,F
1021,1,Births,1455,0,F,0,0,0.0848881,0,0,F
1021,1,Births,1456,0,M,0,0,0.18259,0,0,F
1022,1,HappyBirthday,604,7300,F,1,0.00806793,1.97301,4.19614,2.53344,F
1022,1,HappyBirthday,961,9125.62,M,1,0.00513385,0.221112,0.171322,1.6007,F
1023,1,HappyBirthday,1310,1460,M,1,0.157617,0.0466499,8738.99,66.3619,F
1024,1,HappyBirthday,1104,3650,F,1,0.0499484,0.150942,1458.02,18.3777,F
1024,1,HappyBirthday,1132,3285,F,1,0.0311837,0.712676,16.2673,10.4453,F
1024,1,HappyBirthday,806,6935.17,M,1,0.00875384,1.26808,0.550727,2.73354,F
1024,1,HappyBirthday,872,17520.6,M,1,8.93084e-05,0.66996,7.78019,0.028627,F
1024,1,HappyBirthday,1105,3650,M,1,0.640358,0.532317,22.9152,319.06,F
1025,1,HappyBirthday,411,5840.63,M,1,7.96241e-05,15.4782,46.9099,0.0262649,F
1025,1,HappyBirthday,524,30295.3,F,1,0.322585,13.4712,2225.06,469.154,F
1025,1,HappyBirthday,746,20075.1,F,1,0.0865391,0.464441,66.9,28.5697,F
1026,1,HappyBirthday,172,11315.1,M,1,0.0108527,0.953543,0.123635,3.39122,F
1026,1,HappyBirthday,216,8760.72,M,1,0.000167996,1.96903,0,0.0522082,F
1026,1,HappyBirthday,326,9125.15,F,1,5.81183e-05,0.012739,75191.4,0.195551,F
1026,1,HappyBirthday,728,9125.56,F,1,0.0819587,40.8891,299.646,58.1509,F
1027,1,HappyBirthday,1170,2920,F,1,0.000519128,1.48478,81.6198,0.181638,F
1027,1,HappyBirthday,1311,1460,M,1,0.000273258,0.668975,4.36845,0.0855169,F
1028,1,HappyBirthday,154,11680.4,M,1,0.00547229,0.57809,25.4244,1.70714,F
1028,1,HappyBirthday,318,9490.89,M,1,0.0001413,0.493133,95.8725,0.050545,F
1028,1,HappyBirthday,576,14965,F,1,0.010141,1.64692,241.048,6.41425,F
1029,1,HappyBirthday,1285,1825,F,1,0.00813021,0.244566,26923.6,79.0872,F
1029,1,HappyBirthday,1410,365,M,1,0.0077124,0.426044,45.7776,2.85434,F
1029,1,HappyBirthday,750,9855.74,M,1,0.579579,0.878567,96.7179,305.108,F
1029,1,Births,1457,0,M,0,0,1.09709,0,0,F
1031,1,HappyBirthday,957,6935.55,F,1,0.133044,1.43806,602.617,44.3814,F
1032,1,HappyBirthday,41,13870.4,M,1,0.0029794,9.76507,33.5294,1.08166,F
1033,1,HappyBirthday,510,10950.3,F,1,0.000174745,1.44264,575.491,0.0579626,F
1033,1,HappyBirthday,1071,4015,F,1,8.13309e-05,1.2322,0.606294,0.0253673,F
1033,1,HappyBirthday,1208,2555,F,1,0.0193381,0.68813,78.6956,6.76024,F
1034,1,HappyBirthday,1172,2920,M,1,0.433162,0.0368369,497.812,178.412,F
1034,1,HappyBirthday,33,12045.3,F,1,0.00168218,1.35263,38.2231,0.61429,F
1034,1,HappyBirthday,205,14965.5,F,1,0.000713675,0.322767,0.0927096,0.221844,F
1034,1,HappyBirthday,827,5475.07,F,1,0.00418926,2.34429,652.692,3.2441,F
1036,1,HappyBirthday,1286,1825,F,1,0.00993035,2.29692,2289.92,19.3024,F
1036,1,HappyBirthday,246,5475.22,F,1,0.0673247,2.39286,219.173,22.8409,F
1036,1,HappyBirthday,888,6570.99,M,1,0.00148569,0.163318,336.258,0.482921,F
1037,1,HappyBirthday,1072,4015,F,0,0,0.0184765,0,0,F
1037,1,Births,1458,0,M,0,0,0.114357,0,0,F
1038,1,HappyBirthday,1243,2190,F,1,0.0185989,0.316961,1079.08,6.48193,F
1038,1,HappyBirthday,1411,365,M,1,0.686374,0.0630119,956.638,673.083,F
1038,1,HappyBirthday,1106,3650,M,1,0.0322315,0.372699,19.3612,10.4732,F
1039,1,HappyBirthday,135,4745.34,F,1,0.0244019,0.781951,786.555,17.0861,F
1040,1,HappyBirthday,1173,2920,M,1,0.0107449,0.337712,22.2309,3.45702,F
1040,1,HappyBirthday,1135,3285,F,1,0.0159935,0.299547,6.6707,5.06916,F
1040,1,HappyBirthday,525,12775.5,F,1,0.0129263,0.0207046,5.37828,4.04503,F
1040,1,HappyBirthday,1312,1460,M,1,0.00195024,0.0940476,0.603989,0.608441,F
1040,1,HappyBirthday,901,6935.38,M,1,0,0.117399,3.23883,0,F
1041,1,HappyBirthday,71,10220.3,M,1,0.000806562,0.198869,0.527444,0.250717,F
1041,1,HappyBirthday,758,14965.2,F,1,0.00249088,0.802925,4.96266,0.794415,F
1042,1,HappyBirthday,402,32120.2,F,1,0.106922,0.113518,1.47373,35.1511,F
1043,1,HappyBirthday,155,15330,M,1,0.000942417,5.93884,109.309,0.311122,F
1043,1,HappyBirthday,773,26280.6,M,1,0.881325,0.94974,8.79104,662.688,F
1043,1,HappyBirthday,844,22995,F,1,0.00100263,1.32051,171.355,0.317944,F
1044,1,HappyBirthday,1313,1460,M,1,0.1407,4.6918,540.99,131.397,F
1044,1,HappyBirthday,488,13505.1,F,1,0.00759467,5.73207,6382.33,2.9996,F
1046,1,HappyBirthday,101,6205.21,M,1,0.000609528,0.0899552,5.15665e-05,0.189479,F
1046,1,HappyBirthday,116,18615.4,M,1,0.00681374,0.0933161,0.211076,2.12686,F
1046,1,HappyBirthday,1107,3650,M,1,0.0217095,3.53228,5.57783,6.8756,F
1046,1,HappyBirthday,537,12775,F,1,0.00104431,0.147675,46.9183,0.354015,F
1048,1,HappyBirthday,76,5840.9,F,1,0.000173004,12.5242,7.0245e-05,0.0537784,F
1048,1,HappyBirthday,1209,2555,F,1,0.098609,5.03681,203.006,32.2996,F
1048,1,HappyBirthday,968,28470.6,M,1,0.00915508,1.15796,16.3378,3.07706,F
1048,1,HappyBirthday,1354,1095,F,1,0.0172579,0.460352,2992.28,27.0797,F
1048,1,HappyBirthday,1174,2920,F,1,0.119561,0.785086,8787.17,186.002,F
1049,1,HappyBirthday,1073,4015,M,1,0.022824,0.101244,44.8293,7.54873,F
1049,1,HappyBirthday,457,12775.2,M,1,0.52329,1.54059,33.3021,235.15,F
1049,1,HappyBirthday,1375,730,F,1,3.0288e-05,0.294659,109322,0.467497,F
1049,1,HappyBirthday,796,16790.4,F,1,0.0101918,0.342291,2554.92,3.92704,F
1049,1,HappyBirthday,870,31755.6,M,1,0.000387821,0.970232,1044.34,0.587677,F
1050,1,HappyBirthday,70,16425.1,F,1,0.00166521,1.10375,2.66463,0.520448,F
1050,1,HappyBirthday,1244,2190,M,1,0.00267267,4.38852,0.483541,0.832901,F
1051,1,HappyBirthday,1074,4015,M,1,0.106579,0.225193,38.7235,38.8081,F
1052,1,HappyBirthday,945,28105.5,M,1,0.000235507,0.565518,8.01765,0.0761636,F
1053,1,HappyBirthday,1314,1460,F,1,0.502452,0.292047,523.123,630.108,F
1053,1,HappyBirthday,370,19710.7,M,1,0.0646355,30.1205,22.8046,22.7208,F
1053,1,HappyBirthday,380,5110.38,F,1,0.00508481,16.3509,0.0306544,1.58425,F
1053,1,HappyBirthday,436,11680.5,M,1,0.00531082,0.0798653,84.8028,1.93778,F
1053,1,HappyBirthday,573,5840.87,M,1,0.000391315,1.40889,25.834,0.12181,F
1053,1,HappyBirthday,956,14965.5,M,1,0.00990896,2.17054,52.5803,3.15222,F
1053,1,HappyBirthday,1210,2555,M,1,0.595374,2.5252,31.6212,290.924,F
1055,1,HappyBirthday,295,28835.6,F,1,0.00183521,0.131401,54.8037,0.618059,F
1055,1,HappyBirthday,1245,2190,F,1,0.000151011,0.104224,25705.4,0.114213,F
1055,1,HappyBirthday,923,6205.91,M,1,0.115096,5.41329,51.1623,41.3262,F
1056,1,HappyBirthday,110,15695.1,M,1,2.90064e-05,0.382076,5.48989,0.0091082,F
1056,1,HappyBirthday,873,23725.2,M,1,0.0754306,0.878074,7.08395,24.3765,F
1056,1,Births,1459,0,M,0,0,0.42675,0,0,F
1057,1,HappyBirthday,223,6570.4,M,1,0.00020673,0.946523,41.9419,0.0751314,F
1057,1,HappyBirthday,507,32485.9,M,1,0.00130132,0.740767,2171.13,3.09477,F
1057,1,HappyBirthday,528,8030.44,F,1,0.00307013,0.428015,126.125,1.12052,F
1057,1,HappyBirthday,1211,2555,F,1,0.0323435,0.371622,52.0076,11.924,F
1057,1,HappyBirthday,648,13505.8,M,1,0.00575992,1.00427,0.044841,1.7951,F
1058,1,HappyBirthday,306,17155,F,1,0.0203515,0.0908016,50.3152,6.40921,F
1058,1,HappyBirthday,960,5110.61,M,1,9.48553e-05,4.43671,8.52102,0.0298159,F
1058,1,HappyBirthday,387,10950.2,M,1,0.00378334,0.418202,185.95,2.0916,F
1058,1,HappyBirthday,670,5110.14,M,1,0.0602481,0.282618,384.221,22.1018,F
1059,1,HappyBirthday,1315,1460,M,1,0.000770017,0.19909,5.43525,0.244985,F
1059,1,HappyBirthday,382,7300.08,F,1,9.57689e-05,1.97805,398.167,0.0455632,F
1060,1,HappyBirthday,1247,2190,M,1,0.186912,0.0587328,33.339,69.8534,F
1060,1,Births,1460,0,M,0,0,0.787149,0,0,F
1061,1,HappyBirthday,1212,2555,M,1,0.00773843,2.0469,1252.05,2.41575,F
1062,1,HappyBirthday,1376,730,F,1,0.00220117,0.145191,26547.6,1.76809,F
1062,1,HappyBirthday,504,9490.24,M,1,0.0332608,6.66505,4.73852,10.5908,F
1062,1,Births,1461,0,F,0,0,0.108362,0,0,F
1063,1,HappyBirthday,512,19710.4,M,1,4.24582e-06,0.148708,0.0007056,0.0013142,F
1064,1,HappyBirthday,986,4745.04,F,1,0.000314441,0.469113,481.242,0.165903,F
1064,1,HappyBirthday,995,17520,M,1,0.117424,2.38557,0.186399,38.818,F
1064,1,HappyBirthday,822,8395.29,M,1,0.0124856,2.17402,223.627,4.52278,F
1064,1,Births,1462,0,M,0,0,0.0952121,0,0,F
1065,1,HappyBirthday,985,10220.4,F,1,0.0520142,0.985645,0.832747,16.6296,F
1066,1,HappyBirthday,972,10585.8,M,1,0.280604,4.98873,25.7413,102.451,F
1066,1,HappyBirthday,1248,2190,F,1,0.00111459,0.143613,1295.89,0.42558,F
1067,1,HappyBirthday,1136,3285,F,1,0.127279,0.583229,82.2823,45.5317,F
1067,1,HappyBirthday,722,30295.9,M,1,0.00892369,0.981301,5.59582,2.78576,F
1068,1,HappyBirthday,272,16790.9,F,1,0.00021079,0.090335,0.0850974,0.065573,F
1068,1,HappyBirthday,1412,365,M,1,0.0920589,0.260351,4.83571,30.6287,F
1070,1,HappyBirthday,59,7300.69,M,1,0.352639,1.59175,14.1827,138.224,F
1070,1,HappyBirthday,369,8760.09,F,1,0.0151273,0.641401,0.0181268,4.73762,F
1070,1,HappyBirthday,620,8030.36,M,1,0.000605504,0.413534,2920.64,0.859257,F
1070,1,HappyBirthday,649,6205.23,F,1,0.000151955,0.375382,11.4064,0.0474676,F
1070,1,HappyBirthday,1250,2190,F,1,0.00111041,5.31068,66.0128,0.384611,F
1070,1,Births,1463,0,F,0,0,0.121132,0,0,F
1071,1,HappyBirthday,345,6570.9,M,1,0.0151611,0.860183,58.9229,4.76955,F
1071,1,HappyBirthday,656,15695.6,M,1,0.566271,0.654088,113.084,346.886,F
1071,1,HappyBirthday,1251,2190,M,1,0.0161943,0.0603652,68.6515,5.76331,F
1072,1,HappyBirthday,1377,730,M,1,0.0802414,1.57536,559.825,33.6221,F
1072,1,HappyBirthday,1378,730,F,1,0.000765501,0.0140118,2.10663e-06,0.237916,F
1072,1,HappyBirthday,1027,4380,F,1,0.000870221,0.152292,76.2896,0.275174,F
1074,1,HappyBirthday,220,10221,F,1,7.40374e-05,0.100735,1971.62,0.186015,F
1074,1,HappyBirthday,769,5110.06,F,1,0.0205099,0.621702,6033.74,51.3264,F
1075,1,HappyBirthday,704,17155.3,F,1,4.06281e-05,3.07393,1029.38,0.0675274,F
1075,1,HappyBirthday,858,9490.34,F,1,1.78309e-05,0.150801,2253.55,0.0218376,F
1076,1,HappyBirthday,1413,365,F,1,0.164788,0.0314345,63047.8,1296.24,F
1076,1,HappyBirthday,105,7300.46,F,1,0.0527855,1.45227,37.9777,19.9527,F
1076,1,HappyBirthday,477,9125.33,M,1,0.0336062,0.785035,0.0241496,10.6233,F
1076,1,HappyBirthday,1028,4380,F,1,0.000346934,3.64185,54.4025,0.131029,F
1077,1,HappyBirthday,1287,1825,F,1,1.58736e-05,0.0573153,11652.6,0.0627838,F
1077,1,HappyBirthday,1414,365,M,1,0.0489173,0.205234,1.52768,15.6815,F
1077,1,HappyBirthday,1030,4380,M,1,0.00228132,0.386247,4.09302,0.714844,F
1077,1,HappyBirthday,1108,3650,M,1,0.594884,0.0127522,1218.42,763.127,F
1077,1,HappyBirthday,1029,4380,M,1,0.30696,0.0280107,333.102,116.656,F
1077,1,HappyBirthday,439,10220.2,M,1,0.185569,4.66899,656.029,213.771,F
1077,1,HappyBirthday,1213,2555,M,1,0.088495,3.47479,26803.1,446.66,F
1078,1,HappyBirthday,58,8030.51,M,1,0.0248234,0.172156,32.7268,8.76282,F
1078,1,HappyBirthday,1176,2920,M,1,0.0158391,29.8573,31.9275,5.04466,F
1078,1,HappyBirthday,173,14965.1,M,1,0.000823199,3.36494,5.67881,0.259524,F
1078,1,HappyBirthday,1317,1460,M,1,0.0407757,5.50888,4637.35,30.5099,F
1080,1,HappyBirthday,891,5475.59,M,1,0.0182043,3.02279,5491.48,14.9174,F
1081,1,HappyBirthday,301,25550.1,F,1,0.133844,1.58024,13.5765,44.7648,F
1081,1,HappyBirthday,479,18980.7,M,1,0.00322135,17.9922,3988.93,2.56104,F
1081,1,HappyBirthday,1214,2555,M,1,0.00260923,0.0476025,54.4287,0.950768,F
1081,1,HappyBirthday,696,18250.5,M,1,0.00110301,0.677281,49360.9,1.76008,F
1082,1,HappyBirthday,936,29200.9,M,1,0.0710731,12.5728,8.63624,22.9576,F
1084,1,HappyBirthday,845,12045.9,M,1,0.0193761,0.63871,12.6575,6.08419,F
1085,1,HappyBirthday,127,17885.9,M,1,0.0150437,2.48906,0.001848,4.71092,F
1085,1,HappyBirthday,782,26280.8,M,1,0.00896526,0.968682,1.27708,2.79811,F
1086,1,HappyBirthday,1288,1825,M,1,0.029102,0.599342,7.39929,9.27734,F
1087,1,HappyBirthday,1415,365,F,1,0.00942149,0.208374,14.54,3.12075,F
1087,1,HappyBirthday,794,12775.1,F,1,0.00512515,1.4569,212.245,1.67136,F
1088,1,HappyBirthday,1416,365,F,1,0.0926788,0.067001,155341,1227.93,F
1088,1,HappyBirthday,1178,2920,F,1,0.00923713,2.77272,59.8314,3.12478,F
1089,1,HappyBirthday,22,14965,F,1,0.0027456,3.78933,15.8953,0.915061,F
1089,1,HappyBirthday,1179,2920,M,1,0.00122627,0.792059,15.8739,0.390185,F
1090,1,HappyBirthday,109,9125.85,M,1,0.143382,2.08815,0.807119,48.1819,F
1090,1,HappyBirthday,304,19345.8,M,1,0.0010202,0.596992,0.433395,0.317419,F
1090,1,HappyBirthday,327,20805.9,F,1,0.0218573,0.145105,18.3963,7.0719,F
1090,1,HappyBirthday,645,9490.67,M,1,1.55064e-05,0.540957,664.026,0.013452,F
1091,1,HappyBirthday,929,11315.3,F,1,0.000967015,0.232143,410.566,0.313436,F
1091,1,HappyBirthday,438,35040.5,M,1,0.0110798,10.7422,2971.14,35.345,F
1091,1,Births,1464,0,M,0,0,0.37092,0,0,F
1092,1,HappyBirthday,214,5840.34,M,1,0.0015807,3.3901,0.000228559,0.491566,F
1092,1,HappyBirthday,1139,3285,F,0,0,0.00150843,0,0,F
1092,1,HappyBirthday,947,16425.8,M,1,0.10568,1.34212,65.2364,34.8443,F
1092,1,HappyBirthday,932,26280,M,1,0.046832,4.18686,3.01511,15.0702,F
1092,1,HappyBirthday,751,14965.1,F,1,0.046069,0.644825,0.0009036,14.6579,F
1092,1,HappyBirthday,1253,2190,M,1,0.0365327,0.393704,233.913,15.7733,F
1093,1,HappyBirthday,458,23725.4,M,1,0.0293094,0.567308,11.3995,9.33469,F
1093,1,HappyBirthday,1417,365,M,1,0.225509,0.0579228,257.488,113.548,F
1094,1,HappyBirthday,1109,3650,F,1,0.214183,16.7497,852.719,76.7314,F
1094,1,HappyBirthday,1254,2190,M,1,0.00039178,3.71954,16.7522,0.129241,F
1094,1,HappyBirthday,571,21170.9,F,1,0.0337056,0.278164,210.169,18.876,F
1094,1,HappyBirthday,787,8760.89,F,1,0.00635023,0.675828,7109.29,2.68229,F
1095,1,HappyBirthday,187,12775.5,M,1,0.0360437,0.717325,12.3471,11.4144,F
1095,1,HappyBirthday,1379,730,F,1,0.0013161,1.00217,5.42376,0.4088,F
1095,1,HappyBirthday,1110,3650,F,1,4.09224e-05,13.7825,25252.2,0.0272359,F
1095,1,HappyBirthday,716,13505.8,M,1,0.0575259,3.99959,48.2116,19.5143,F
1096,1,HappyBirthday,690,10220.7,F,1,0.0460181,0.0926548,2.43818,14.6428,F
1098,1,HappyBirthday,1180,2920,F,1,0.0200091,0.196618,21.1141,6.6971,F
1098,1,HappyBirthday,270,10585.8,M,1,0.00574501,2.80261,87.6954,1.85777,F
1098,1,HappyBirthday,1380,730,F,1,0.388976,0.0313011,2571.43,439.783,F
1098,1,HappyBirthday,739,15695.4,F,1,0,1.28339,0.330004,0,F
1098,1,Births,1465,0,M,0,0,0.382747,0,0,F
1099,1,HappyBirthday,1289,1825,F,1,0.0127359,0.0406153,208.046,5.26572,F
1099,1,HappyBirthday,626,6935.56,F,1,0.51768,0.048974,56.2821,280.046,F
1099,1,HappyBirthday,695,6935.61,F,1,0.00122684,0.0787423,19.8848,0.417647,F
1100,1,HappyBirthday,12,6205.31,F,1,0,2.98337,247.087,0,F
1100,1,HappyBirthday,131,21535.7,M,1,0.0371887,0.779392,102.902,13.167,F
1100,1,HappyBirthday,1181,2920,F,1,0.00225191,0.371468,81.313,0.77714,F
1100,1,HappyBirthday,540,5840.9,M,1,0.0064162,0.0442906,84.9824,2.01313,F
1101,1,HappyBirthday,1002,4745,F,1,0.00299344,1.19812,2.81513,0.935562,F
1101,1,HappyBirthday,279,13870.2,F,1,0.00268887,0.279126,3.14221,0.840897,F
1101,1,HappyBirthday,1255,2190,M,1,0.510157,0.132733,36.8577,249.632,F
1101,1,HappyBirthday,922,24820.7,M,1,0.000470283,0.0558415,340.362,0.213396,F
1101,1,HappyBirthday,1318,1460,M,1,0.00508261,0.508897,2940.56,1.61871,F
1102,1,HappyBirthday,51,22630.6,M,1,0.253561,1.00899,1823.17,107.497,F
1102,1,HappyBirthday,95,5475.36,F,1,0.0652031,0.887002,83.3276,21.2105,F
1102,1,HappyBirthday,276,18250.7,M,1,1.16223e-06,2.42796,0.110136,0.0003588,F
1102,1,HappyBirthday,946,33945.4,F,1,0.0103434,0.0846754,9852.11,4.82761,F
1103,1,HappyBirthday,1257,2190,F,1,0.0346967,1.11136,1978.89,42.0961,F
1103,1,HappyBirthday,1256,2190,M,1,0,0.0138058,0,0,F
1103,1,HappyBirthday,1418,365,F,1,0.0130443,0.0109671,164875,123.405,F
1104,1,HappyBirthday,1381,730,M,1,0.0350182,0.112569,156.179,13.8781,F
1105,1,HappyBirthday,1319,1460,F,1,0,0.00960494,0,0,F
1106,1,HappyBirthday,385,14235.2,F,1,0.0135458,69.3045,213.43,4.63737,F
1107,1,HappyBirthday,812,7665.31,F,1,0.0129075,27.0846,62.7714,5.08701,F
1107,1,Births,1466,0,F,0,0,0.0123133,0,0,F
1108,1,HappyBirthday,1003,4745,M,1,0.0036826,1.42242,120.247,1.1865,F
1108,1,HappyBirthday,1215,2555,F,1,0.417685,0.121376,87.476,184.563,F
1109,1,HappyBirthday,942,5840.02,F,1,9.37768e-05,0.854897,53614.5,0.26187,F
1109,1,HappyBirthday,310,19710.4,F,1,0.000408468,0.38858,6739.69,2.09301,F
1110,1,HappyBirthday,200,5110.46,F,1,0.114285,0.584034,525.69,95.175,F
1110,1,HappyBirthday,481,9125.53,M,1,0.00015341,0.448584,3005.39,0.223328,F
1110,1,HappyBirthday,1216,2555,M,1,0.372645,0.73158,1908.23,515.115,F
1111,1,HappyBirthday,267,34675.8,F,1,0.00357414,0.508667,153.266,1.83072,F
1111,1,HappyBirthday,1004,4745,F,1,0.0996219,0.0538541,121.535,38.5784,F
1113,1,HappyBirthday,1033,4380,F,1,0.0176984,0.0743045,7544.74,21.4461,F
1114,1,HappyBirthday,966,32120.9,F,1,0.00779583,1.343,3108.8,5.27354,F
1115,1,HappyBirthday,1382,730,F,1,0.0504673,0.050702,1593.65,19.7913,F
1115,1,HappyBirthday,1419,365,F,1,0.427738,0.475045,3528.34,272.082,F
1115,1,HappyBirthday,596,13870.3,M,1,0.000875537,0.380903,453.443,0.285104,F
1115,1,HappyBirthday,1320,1460,M,1,0.00669526,0.45197,38.8643,2.2619,F
1116,1,HappyBirthday,1034,4380,F,1,0.00474927,1.81516,1578.6,8.75162,F
1116,1,HappyBirthday,917,9855.34,M,1,0.00205567,0.909534,0.31856,0.639585,F
1117,1,HappyBirthday,959,8760.82,M,1,0.000522917,1.27427,5.6e-06,0.162514,F
1117,1,Births,1467,0,M,0,0,0.0490344,0,0,F
1118,1,HappyBirthday,1321,1460,M,1,0.0453422,0.0502875,3230.27,67.3797,F
1119,1,HappyBirthday,1035,4380,M,1,0.000307007,2.08989,796.17,0.412102,F
1119,1,HappyBirthday,652,6935.46,F,1,0.00639284,18.2666,0.405694,1.99505,F
1119,1,HappyBirthday,1218,2555,M,1,0.0984564,0.913872,101.617,36.6034,F
1119,1,HappyBirthday,1036,4380,F,1,0.0327254,0.703217,2.63366,10.3661,F
1119,1,Births,1468,0,F,0,0,0.105076,0,0,F
1120,1,HappyBirthday,1322,1460,F,1,0.162307,0.510998,86.5936,56.2249,F
1120,1,HappyBirthday,468,5110.62,M,1,1.98267e-05,1.15906,19.4606,0.00635493,F
1120,1,HappyBirthday,667,6205.3,F,1,0.000122564,0.737118,12.5487,0.0395397,F
1120,1,HappyBirthday,1111,3650,F,1,0.00179793,0.385998,17.8621,0.604335,F
1120,1,HappyBirthday,856,5475.77,F,1,7.10118e-05,0.314647,38.0737,0.0232726,F
1120,1,HappyBirthday,878,10220.7,M,1,0.103495,0.0931982,0.296705,33.9812,F
1121,1,HappyBirthday,1220,2555,M,1,0.230762,0.0428825,1152.42,396.161,F
1121,1,HappyBirthday,1219,2555,F,1,0.144657,0.194015,0.0617403,48.563,F
1121,1,HappyBirthday,1037,4380,M,1,0.00381595,4.94362,1281.62,1.19049,F
1121,1,HappyBirthday,624,5840.71,F,1,0.010819,3.7319,0.0851413,3.3808,F
1122,1,HappyBirthday,625,20075.6,F,1,0.00507082,1.26719,3.94129,1.6053,F
1123,1,HappyBirthday,1005,4745,F,1,0.00152825,0.699677,0.0104384,0.475352,F
1123,1,HappyBirthday,1323,1460,M,1,0.00556321,0.0511568,21.6206,1.75331,F
1123,1,HappyBirthday,899,20805.5,F,0,0,0.0613598,0,0,F
1124,1,HappyBirthday,126,8395.4,F,1,0.00197144,30.1012,11.4367,0.622346,F
1125,1,HappyBirthday,2,5110.24,M,1,0.0069063,1.54445,15.2284,2.31908,F
1125,1,Births,1469,0,M,0,0,0.0330192,0,0,F
1126,1,HappyBirthday,201,6570.12,F,1,0.0267723,1.59279,36.2886,8.45744,F
1126,1,HappyBirthday,1324,1460,M,1,0.049779,0.151192,6.48063,15.9495,F
1127,1,HappyBirthday,233,6570.19,F,1,0.00249765,0.57496,1.25774,0.777524,F
1127,1,HappyBirthday,1222,2555,F,1,0.019873,0.216605,2248.77,45.8447,F
1127,1,HappyBirthday,1420,365,M,1,0.0747479,1.37797,118.918,27.6852,F
1127,1,HappyBirthday,1221,2555,M,1,0.00865754,0.0771315,0.669247,2.70446,F
1127,1,HappyBirthday,743,12775.2,F,1,0.00991186,16.1463,0.790068,3.10806,F
1128,1,HappyBirthday,976,9125.77,F,1,0.0958627,0.37635,17.5177,32.1508,F
1128,1,HappyBirthday,914,6205.25,M,1,7.74216e-05,2.75183,140.037,0.0289897,F
1129,1,HappyBirthday,6,14600.7,F,1,0.00309303,0.330339,24.5316,1.00349,F
1129,1,HappyBirthday,1383,730,F,1,0.275863,0.743409,21649.5,1140.36,F
1129,1,HappyBirthday,843,6205.36,F,1,0.0180996,0.056792,9.33872,5.77021,F
1130,1,HappyBirthday,73,12045.1,M,1,0.00674296,0.142849,0.001941,2.1027,F
1130,1,HappyBirthday,79,5475.6,F,1,0.000860095,5.57425,42.0378,0.283435,F
1130,1,HappyBirthday,975,16790.9,M,1,0.100925,0.148504,7.75124,33.2978,F
1130,1,HappyBirthday,603,15695.2,F,1,0.0922981,60.2948,0.413969,30.1077,F
1130,1,HappyBirthday,1259,2190,M,1,0.127256,0.210738,88.2827,59.375,F
1131,1,HappyBirthday,18,18980.6,F,1,0.0169184,0.692321,0.12091,5.3037,F
1131,1,HappyBirthday,271,7300.77,M,1,0.000153844,0.276366,7.93892,0.0483898,F
1131,1,HappyBirthday,348,14965.7,F,1,0.102673,0.438707,37.8449,34.2257,F
1131,1,HappyBirthday,398,7300.71,F,1,2.00677e-06,0.786629,1087.94,0.00206327,F
1131,1,HappyBirthday,686,9125.15,F,1,0.0374568,0.430458,12.9432,12.4025,F
1131,1,HappyBirthday,1077,4015,M,1,0.0168328,0.394902,149.977,5.27595,F
1132,1,HappyBirthday,85,9855.63,M,1,0.00639476,0.704464,4.54963,1.99454,F
1132,1,HappyBirthday,1183,2920,M,1,0.0187518,0.72491,3026.56,5.97345,F
1132,1,HappyBirthday,1112,3650,M,1,0.0353757,0.338803,48.9364,11.8103,F
1132,1,HappyBirthday,903,7300.56,M,1,0.000374454,0.0564863,0.317272,0.116504,F
1133,1,HappyBirthday,17,5840.3,M,1,0,0.0538591,3.35658,0,F
1133,1,HappyBirthday,733,14600.1,M,1,0.198072,0.621572,65.5707,69.5908,F
1134,1,HappyBirthday,1079,4015,F,1,0.0968914,0.0904087,3.34794,31.6784,F
1134,1,HappyBirthday,1421,365,F,1,0.636972,0.122625,37.1846,334.97,F
1134,1,HappyBirthday,731,7665.03,M,1,0.00521603,0.599051,3.49694,1.64507,F
1134,1,Births,1470,0,F,0,0,0.238151,0,0,F
1135,1,HappyBirthday,365,17885.5,F,1,0.0104846,1.39966,0.0164664,3.27616,F
1136,1,HappyBirthday,1038,4380,F,1,7.68855e-05,0.110544,325.565,0.0275275,F
1136,1,HappyBirthday,78,17520.1,F,1,9.2616e-05,8.11613,82.95,0.031394,F
1136,1,HappyBirthday,1113,3650,F,1,0.000295558,2.06936,11073.9,1.06232,F
1136,1,HappyBirthday,589,6570.81,M,1,0.0123736,10.4578,3731.55,9.88492,F
1136,1,HappyBirthday,1384,730,M,1,0.158123,0.969836,1791.2,335.701,F
1136,1,HappyBirthday,918,28835,M,1,0.253216,2.65819,0.373252,90.7596,F
1136,1,Births,1471,0,F,0,0,0.0362108,0,0,F
1137,1,HappyBirthday,1039,4380,F,1,0.394476,0.309644,360.379,164.413,F
1137,1,HappyBirthday,98,16060.8,M,1,0.00103607,0.831797,0.262543,0.322193,F
1137,1,HappyBirthday,928,13140.2,F,1,0.181582,0.976816,492.697,62.5809,F
1137,1,HappyBirthday,332,20440.3,F,1,0.000164709,18.6114,0,0.0511976,F
1138,1,HappyBirthday,1006,4745,F,1,0.00965503,1.5772,0.336317,3.01524,F
1138,1,HappyBirthday,892,12045.5,F,1,0.585195,0.129599,106.183,318.499,F
1139,1,HappyBirthday,1141,3285,M,1,0.000631067,7.33399,1430.86,0.579042,F
1139,1,HappyBirthday,441,5110.38,F,1,0.000253258,0.925642,3998.04,0.988347,F
1139,1,HappyBirthday,1260,2190,F,1,0.000277404,0.477263,2161.96,0.34895,F
1139,1,HappyBirthday,588,5840.91,M,1,2.96826e-05,1.65602,5086.15,0.0660519,F
1140,1,HappyBirthday,140,5840.66,M,1,0.000218818,0.0523324,0,0.0680227,F
1140,1,HappyBirthday,1422,365,F,1,0.00131944,0.253877,0.000539769,0.410052,F
1140,1,HappyBirthday,886,7300.21,F,1,0,0.595902,5.4919,0,F
1141,1,HappyBirthday,555,8030.16,M,1,0.00297804,6.73328,9.94097,0.965897,F
1141,1,HappyBirthday,879,14600.2,F,1,0,1.05576,5.39295,0,F
1142,1,HappyBirthday,239,14965.2,F,1,0.0107414,0.615862,64.7191,3.37745,F
1142,1,HappyBirthday,473,24455.4,M,1,0.0985597,1.34824,2.74979,32.513,F
1142,1,HappyBirthday,847,10585.3,M,1,0.193377,0.357367,12.3091,67.3563,F
1143,1,HappyBirthday,611,5110.79,M,1,0.000790942,0.212911,0.0195026,0.245927,F
1143,1,HappyBirthday,1385,730,M,1,0.160764,0.266197,10204.5,1240.73,F
1144,1,HappyBirthday,156,5840.58,M,1,0,0.0868599,1.33927,0,F
1145,1,HappyBirthday,1184,2920,M,1,0.0820848,1.00325,27.6147,26.6403,F
1145,1,HappyBirthday,546,17155.7,F,1,0.364332,0.494206,1531.53,152.502,F
1145,1,HappyBirthday,1224,2555,F,1,0.122258,4.21871,37.0697,42.7735,F
1145,1,HappyBirthday,987,21170.5,M,1,0.00228462,15.2318,0.123549,0.710831,F
1146,1,HappyBirthday,951,8030.12,F,1,0.00402688,0.297389,3.93028,1.27414,F
1146,1,HappyBirthday,1326,1460,F,1,0.000211062,0.0303509,4349.88,0.442613,F
1147,1,HappyBirthday,1225,2555,M,1,0.130219,0.872127,62.3332,48.1743,F
1147,1,HappyBirthday,1386,730,F,1,0.00450885,0.0734401,24.6848,1.45337,F
1147,1,HappyBirthday,1143,3285,F,1,0.00258214,1.98027,4286.54,1.42169,F
1147,1,HappyBirthday,994,13140.2,M,1,0.00042277,0.0919357,0.006706,0.131415,F
1148,1,HappyBirthday,804,7665.67,F,1,0.000870654,1.74825,14113,1.67847,F
1148,1,Births,1472,0,M,0,0,0.49157,0,0,F
1149,1,HappyBirthday,608,21535,F,1,0.00353538,0.553297,2.0296,1.1075,F
1149,1,HappyBirthday,711,6570.05,F,1,0,0.176731,0,0,F
1149,1,HappyBirthday,1327,1460,M,1,0.000542913,0.0667783,0.000147208,0.168528,F
1150,1,HappyBirthday,1356,1095,F,1,0.001297,0.0115871,43.861,0.4285,F
1150,1,HappyBirthday,939,25550.4,F,1,0.0200868,2.31046,153.276,6.30603,F
1150,1,Births,1473,0,M,0,0,0.349769,0,0,F
1151,1,HappyBirthday,104,12045.2,M,1,0.0571614,62.9457,12.0623,18.6113,F
1151,1,HappyBirthday,355,36135.5,F,1,0.00186476,0.518073,0.128254,0.580241,F
1152,1,HappyBirthday,1114,3650,F,1,0.0221453,1.30021,1031.34,7.42662,F
1152,1,HappyBirthday,712,16425.8,F,1,0,0.0135816,0,0,F
1152,1,HappyBirthday,900,15695.4,M,1,1.93234e-06,2.33386,2100.96,0.0055106,F
1153,1,HappyBirthday,323,10950.9,F,1,0.00097035,2.21547,13126.3,4.10601,F
1153,1,HappyBirthday,776,15330.5,F,1,0.0131646,1.1012,69.2568,5.31068,F
1153,1,HappyBirthday,793,7300.99,F,1,0.00101869,0.0823724,6.40216,0.320245,F
1154,1,HappyBirthday,235,18250.9,M,1,9.89406e-05,0.539466,0.0184142,0.0307148,F
1155,1,HappyBirthday,1185,2920,M,1,0.0662255,15.6251,85.3264,29.4991,F
1155,1,HappyBirthday,633,25915.8,F,1,0.00494971,0.384637,204.719,1.57206,F
1155,1,HappyBirthday,753,6570.62,F,1,0.115329,0.428101,62.1694,47.382,F
1156,1,HappyBirthday,61,8030.52,M,1,0.0752139,2.45886,133.52,29.2273,F
1156,1,HappyBirthday,1144,3285,F,1,1.98318e-05,0.0858728,14076.2,0.0102053,F
1156,1,HappyBirthday,266,10585.1,F,1,0.669878,2.88709,2078.05,572.222,F
1156,1,HappyBirthday,371,7300.63,M,1,0.0922718,2.69923,772.071,30.4431,F
1156,1,HappyBirthday,455,28470.1,M,1,0.165321,1.44589,17.6006,60.3368,F
1156,1,HappyBirthday,1387,730,M,1,0.0100274,0.308247,1.03738,3.1485,F
1157,1,HappyBirthday,277,20075.7,F,1,0.00124049,0.00758281,9.32486,0.401452,F
1158,1,HappyBirthday,542,15330.3,M,1,0.0648749,0.74709,424.204,21.3377,F
1158,1,HappyBirthday,1357,1095,F,0,0,0.0177208,0,0,F
1159,1,HappyBirthday,48,6935.4,M,1,0.151809,8.64348,2.45111,51.3649,F
1159,1,HappyBirthday,973,6935.91,F,1,0.000318254,0.513001,1870.84,0.533467,F
1159,1,HappyBirthday,1082,4015,M,1,0.000205137,0.409797,163.891,0.107568,F
1159,1,HappyBirthday,1328,1460,F,1,0.000434267,0.00437276,0.249934,0.135039,F
1159,1,HappyBirthday,1186,2920,M,1,0.326143,1.21601,387.417,296.721,F
1160,1,HappyBirthday,92,9490.33,F,1,0.000119304,5.74062,0.0257916,0.037136,F
1160,1,HappyBirthday,1042,4380,M,1,0.00091517,0.646978,379.059,0.300803,F
1160,1,HappyBirthday,225,5475.07,F,0,0,0.0199777,0,0,F
1160,1,HappyBirthday,311,12775.5,F,1,0.0016229,27.3736,4257.32,1.45546,F
1160,1,HappyBirthday,1423,365,F,1,0.124712,0.0535624,93.2288,47.0703,F
1160,1,HappyBirthday,1083,4015,M,1,0.000198458,0.572469,41.2639,0.0655289,F
1161,1,HappyBirthday,962,17155,M,1,8.02506e-06,0.102017,1.88e-05,0.002482,F
1162,1,HappyBirthday,1358,1095,M,1,0.00670531,0.04074,44.8791,2.22898,F
1162,1,HappyBirthday,666,16060.6,F,1,0,0.225727,116.232,0,F
1163,1,HappyBirthday,134,29930.6,M,1,3.78509e-06,0.516907,1774.65,0.0042112,F
1163,1,HappyBirthday,321,7665.38,M,1,0.0111506,5.30903,52.3805,3.49497,F
1163,1,HappyBirthday,343,6935.22,F,0,0,0.137049,0,0,F
1163,1,HappyBirthday,1187,2920,F,1,0.0139612,1.18978,317.738,4.47468,F
1164,1,HappyBirthday,1424,365,F,1,0.00558366,0.287519,19.787,1.86686,F
1164,1,HappyBirthday,550,9855.06,M,1,0.0158462,4.78094,21.419,5.06357,F
1165,1,HappyBirthday,317,18615.1,F,1,0.00036835,0.742095,0.0143362,0.114601,F
1166,1,HappyBirthday,1329,1460,M,1,0.141829,0.942006,41275.9,73.3285,F
1167,1,HappyBirthday,35,27740.1,F,1,0.000999276,0.0382011,0.001339,0.310632,F
1167,1,HappyBirthday,935,6570.79,M,1,6.49396e-05,0.198115,8528.56,0.200121,F
1168,1,HappyBirthday,998,9490.03,M,1,0.000637334,0.2812,423.099,0.323764,F
1168,1,HappyBirthday,1226,2555,M,1,0.0253554,0.446013,4.19856,8.14905,F
1169,1,HappyBirthday,373,7665.05,F,1,0.174485,0.713366,295.731,83.9861,F
1169,1,HappyBirthday,1084,4015,M,1,5.38815e-05,0.195029,2102.05,0.0240376,F
1170,1,HappyBirthday,149,5475.25,M,1,0.0100879,0.204611,5190,22.2493,F
1170,1,HappyBirthday,1146,3285,F,1,0.00110202,0.81049,18.5061,0.353556,F
1170,1,Births,1474,0,F,0,0,0.0249509,0,0,F
1170,1,Births,1475,0,F,0,0,0.270643,0,0,F
1171,1,HappyBirthday,619,9855.2,M,1,0.00340325,1.12697,0.017681,1.05915,F
1171,1,HappyBirthday,1388,730,F,1,0.000108642,0.0364126,280.708,0.0474571,F
1171,1,HappyBirthday,1263,2190,M,0,0,0.14711,0,0,F
1171,1,HappyBirthday,1330,1460,M,1,0,0.104647,9.19391,0,F
1173,1,HappyBirthday,247,9855.79,M,1,0.0039028,0.478229,10074.9,1.82522,F
1173,1,HappyBirthday,1147,3285,M,1,0.000376147,1.77627,303.783,0.125589,F
1173,1,HappyBirthday,539,17520.6,F,1,0.118866,5.92842,309.53,41.2643,F
1173,1,HappyBirthday,816,16060.1,F,1,0.0965091,0.470464,41.6129,33.7882,F
1173,1,HappyBirthday,863,5840.03,M,1,0.0721482,7.47776,52.2908,23.2718,F
1174,1,HappyBirthday,315,12410.5,F,1,1.67464e-06,4.48591,21.6344,0.0005338,F
1174,1,Births,1476,0,M,0,0,0.0575562,0,0,F
1175,1,HappyBirthday,1115,3650,M,1,0.0153279,1.34515,252.518,6.63954,F
1175,1,HappyBirthday,1425,365,M,1,0.0053119,0.497629,697.058,1.68005,F
1176,1,HappyBirthday,250,8395.22,M,1,0.00011807,7.6869,561.887,0.11255,F
1176,1,HappyBirthday,262,13140.9,M,1,0.0135777,0.104249,32.1663,4.44336,F
1177,1,HappyBirthday,1264,2190,M,1,1.71972e-05,1.92465,30543.4,0.0257713,F
1177,1,HappyBirthday,676,12775.6,F,1,0,0.00658125,9.87593,0,F
1177,1,HappyBirthday,709,5475.03,F,1,0.000323633,2.51782,17.645,0.101998,F
1178,1,HappyBirthday,1188,2920,F,1,8.30333e-06,3.0598,16744.8,0.0126069,F
1178,1,HappyBirthday,614,6570.17,F,1,0.00239439,0.175453,47.6992,0.805657,F
1179,1,HappyBirthday,949,13140.6,M,1,0,2.10615,1.22317,0,F
1179,1,HappyBirthday,1389,730,F,1,0.16117,0.674783,35.7252,63.8772,F
1180,1,HappyBirthday,106,28470.3,M,1,0.0796081,8.68795,0.509275,25.8371,F
1180,1,HappyBirthday,706,18980.9,M,1,0.0766642,5.18136,16.5806,26.2586,F
1180,1,HappyBirthday,1008,4745,M,1,0.00510103,3.77082,0.66604,1.59275,F
1182,1,HappyBirthday,31,21900.9,F,1,0.0528,11.1042,2.29411,16.8627,F
1182,1,HappyBirthday,1266,2190,F,1,1.84545e-05,3.913,52355.3,0.177441,F
1182,1,HappyBirthday,1265,2190,F,1,0.523446,0.423093,200.396,381.725,F
1182,1,HappyBirthday,1148,3285,M,1,0.192722,2.36669,46.1175,70.8358,F
1182,1,HappyBirthday,1045,4380,F,1,0.000590725,0.194518,3336.4,0.395206,F
1182,1,HappyBirthday,1359,1095,M,1,0.00515883,0.222212,7581.33,26.0683,F
1183,1,HappyBirthday,1331,1460,F,1,0.389235,0.209098,15.786,154.716,F
1183,1,HappyBirthday,334,9125.19,M,1,0.0737394,1.79295,4.06224,23.818,F
1183,1,HappyBirthday,1085,4015,F,1,0.0470742,0.872273,141.272,17.1146,F
1183,1,HappyBirthday,664,12045.2,F,1,0,1.22928,3025.35,0,F
1184,1,HappyBirthday,1149,3285,F,0,0,0.0218285,0,0,F
1184,1,HappyBirthday,677,17885.4,F,1,0.0607621,0.257342,83.933,26.2525,F
1185,1,HappyBirthday,516,8395.97,F,1,0.000594157,0.19194,1761.84,0.218936,F
1185,1,HappyBirthday,1267,2190,M,1,0.0364894,0.246159,2.64345,11.7058,F
1185,1,HappyBirthday,1332,1460,M,1,0.110661,0.0332813,1319.95,50.0175,F
1185,1,HappyBirthday,1426,365,F,1,0.335873,2.98377,6476.44,143.518,F
1186,1,HappyBirthday,562,15330.1,M,1,0.000811499,11.3326,588.491,0.268565,F
1186,1,Births,1477,0,M,0,0,0.0168514,0,0,F
1187,1,HappyBirthday,1150,3285,M,1,0.0457184,0.764682,4546.58,193.314,F
1187,1,Births,1478,0,M,0,0,0.267208,0,0,F
1188,1,HappyBirthday,222,21535.3,F,1,0.00849736,0.332546,30.7124,2.76521,F
1188,1,HappyBirthday,1333,1460,M,1,0.000100177,0.40677,4970.08,0.0833753,F
1188,1,HappyBirthday,1291,1825,M,1,0.0924357,1.43192,1365.88,68.2219,F
1189,1,HappyBirthday,65,26645.7,F,1,0.00435815,0.536082,13481.8,15.6665,F
1190,1,HappyBirthday,1427,365,F,0,0,0.0379001,0,0,F
1191,1,HappyBirthday,1116,3650,M,1,1.41025e-05,0.105845,912.16,0.00524263,F
1191,1,HappyBirthday,299,8395.47,M,1,0.215573,8.21154,208.856,76.6298,F
1192,1,HappyBirthday,75,18615.4,F,1,0.0040454,0.0614304,1.35175,1.26193,F
1192,1,HappyBirthday,720,13870.8,M,1,0.000675821,2.28673,21403.2,0.771357,F
1193,1,HappyBirthday,62,23360.1,M,1,0.00395209,5.93492,1.90124,1.2381,F
1193,1,HappyBirthday,1189,2920,F,1,0.0719127,27.9346,2.47715,23.4559,F
1194,1,HappyBirthday,1227,2555,M,1,0.0595164,0.268028,1191.89,25.6371,F
1194,1,HappyBirthday,1390,730,F,1,0.000414309,0.027252,1.15865e-05,0.128642,F
1194,1,HappyBirthday,1151,3285,M,1,0,13.193,62339.4,0,F
1194,1,HappyBirthday,823,28470,F,1,0.111487,0.257265,18473.9,573.366,F
1195,1,HappyBirthday,605,16060.8,M,1,0.160008,0.504332,31.1787,56.5287,F
1195,1,HappyBirthday,1428,365,M,1,0.344036,0.067634,27625,570.583,F
1195,1,HappyBirthday,744,11315.7,M,1,0.309568,0.34381,1.1378,115.34,F
1196,1,HappyBirthday,1152,3285,F,1,0.0328713,0.0738279,6383.44,93.1136,F
1196,1,HappyBirthday,1429,365,F,1,0.362838,0.140144,24138.5,1701.89,F
1197,1,HappyBirthday,1271,2190,F,1,0.366319,0.289248,17042.1,425.87,F
1198,1,HappyBirthday,1334,1460,F,1,0,0.791589,66573.5,0,F
1198,1,HappyBirthday,1391,730,M,1,0.226746,0.998062,6770.78,591.278,F
1198,1,HappyBirthday,198,8395.38,F,1,0.00125463,2.5847,4642.02,1.53408,F
1198,1,HappyBirthday,249,6935.05,F,1,0.000439346,0.945961,1920.95,0.164131,F
1199,1,HappyBirthday,206,6570.07,F,1,0.15176,0.734206,4.15434,51.6577,F
1199,1,HappyBirthday,207,8030.56,F,1,0.00145965,3.90236,161.609,0.472462,F
1199,1,HappyBirthday,1117,3650,F,1,0.00746209,0.373576,23.6984,2.57556,F
1199,1,HappyBirthday,725,14235.8,M,1,0.00265461,13.4492,6.88207,0.82762,F
1200,1,HappyBirthday,466,9855.27,F,1,0.00178054,0.78765,0.0196882,0.554023,F
1200,1,HappyBirthday,1430,365,M,1,0.039843,0.0162265,102786,601.699,F
1201,1,HappyBirthday,302,17885.2,F,1,0.000742237,3.45868,17.825,0.249391,F
1201,1,HappyBirthday,410,5475.15,F,1,0.0060051,0.379325,0.0265995,1.87181,F
1201,1,HappyBirthday,774,8030.74,F,1,0.00243352,43.2059,34.7246,0.794496,F
1202,1,HappyBirthday,1087,4015,M,1,0.0308791,0.536264,9.51821,9.82308,F
1202,1,HappyBirthday,1431,365,M,1,0.00819397,0.4366,2840.67,2.56089,F
1202,1,Births,1479,0,M,0,0,0.242877,0,0,F
1203,1,HappyBirthday,1292,1825,M,1,0.0864993,0.808788,3514.32,181.826,F
1203,1,HappyBirthday,256,6935.36,M,1,0.0666198,1.72639,4.83136,21.5629,F
1203,1,HappyBirthday,1050,4380,F,1,0.119522,1.05271,4.62645,40.1156,F
1204,1,HappyBirthday,425,10950.5,M,1,0.129594,0.907806,0.789914,43.1354,F
1204,1,HappyBirthday,531,9125.94,F,1,0.191273,0.210957,49.5072,66.0629,F
1204,1,HappyBirthday,1432,365,F,1,0.427421,0.100018,2258.93,651.499,F
1205,1,HappyBirthday,52,10585.4,M,1,0.000711676,2.07544,0.399993,0.221326,F
1205,1,HappyBirthday,230,14235,M,1,0.00565237,0.515791,0.644996,1.76275,F
1205,1,Births,1480,0,F,0,0,0.098522,0,0,F
1206,1,HappyBirthday,16,9490.4,F,1,0.0145264,0.403238,3.32778,4.60944,F
1206,1,HappyBirthday,447,12410.5,F,1,0.000780547,0.20294,34.1992,0.256921,F
1206,1,HappyBirthday,808,9855,F,1,0.0775447,0.206952,432.765,71.6555,F
1207,1,HappyBirthday,182,33945.8,F,1,0.000131778,1.4053,1608.68,0.263674,F
1207,1,HappyBirthday,474,28105.4,M,1,0.0613771,0.587325,0.477961,19.7177,F
1207,1,HappyBirthday,1293,1825,M,1,0.00224898,0.319472,39.1355,0.811444,F
1208,1,HappyBirthday,1360,1095,M,1,0.000862248,1.30087,8.51511e-07,0.268538,F
1208,1,HappyBirthday,1088,4015,M,1,0.00142463,2.74557,56.5228,0.460537,F
1208,1,HappyBirthday,1190,2920,M,1,0.00316765,0.858356,12516.6,1.79692,F
1208,1,HappyBirthday,924,6935.05,F,1,0,1.8058,345.392,0,F
1209,1,HappyBirthday,293,5475.04,M,1,0.0467658,1.14296,1.3343,14.9398,F
1209,1,HappyBirthday,831,8395.74,M,1,0.0150065,1.38633,3.66261,4.70014,F
1211,1,HappyBirthday,1294,1825,M,1,0.0127851,0.205444,1474.73,20.4395,F
1211,1,HappyBirthday,56,17155,M,1,8.29926e-05,0.0720668,1.88392,0.02596,F
1211,1,HappyBirthday,1295,1825,F,1,0.124176,0.087236,43.3973,43.2298,F
1211,1,HappyBirthday,1272,2190,F,1,0.449376,1.89618,463.986,495.562,F
1211,1,HappyBirthday,514,7300.94,M,1,0.000113602,1.20034,0.155539,0.0352971,F
1211,1,HappyBirthday,552,6935.69,F,1,0.097585,0.472811,1.16753,31.9181,F
1212,1,HappyBirthday,967,7300.66,M,1,0.00116244,0.10705,7288.56,1.71379,F
1212,1,HappyBirthday,772,23360.4,M,1,0.0124854,3.73633,175.829,5.21121,F
1213,1,HappyBirthday,100,20805.8,M,1,0.0156546,3.01162,0.0014544,4.90357,F
1213,1,HappyBirthday,1119,3650,M,1,0.0089225,0.584577,323.736,3.18419,F
1213,1,HappyBirthday,305,10950.6,M,1,0.0037302,1.41351,0.0027578,1.16116,F
1213,1,HappyBirthday,1089,4015,F,1,0.000716631,0.79762,11.6891,0.230804,F
1213,1,HappyBirthday,703,6205.89,F,1,0.000159988,0.166486,54.8816,0.0535844,F
1215,1,HappyBirthday,943,6570.42,M,1,0.10735,0.100575,177.876,43.9629,F
1216,1,HappyBirthday,23,6935.5,F,1,0.00265654,1.55711,11.7523,0.869111,F
1216,1,HappyBirthday,1229,2555,M,1,0.18449,0.13467,13.4199,64.5249,F
1216,1,HappyBirthday,391,5110.19,M,1,0.0092076,1.69396,41.7901,2.88411,F
1216,1,HappyBirthday,429,20805.5,M,1,0.000630363,4.04862,571.616,0.207407,F
1216,1,HappyBirthday,1228,2555,F,1,0.000156059,0.155889,1906.53,0.179591,F
1216,1,Births,1481,0,M,0,0,0.467342,0,0,F
1219,1,HappyBirthday,195,8760.57,M,1,0.000624826,1.60141,0.554092,0.194697,F
1219,1,HappyBirthday,520,16060.6,F,1,0.0357041,0.634042,11.1839,11.3194,F
1220,1,HappyBirthday,1191,2920,F,1,0.0254175,0.14491,37.4276,9.38895,F
1222,1,HappyBirthday,518,14965.8,F,1,0.00244467,2.27277,9.78696,0.798302,F
1222,1,HappyBirthday,815,10220.6,M,1,0.0210269,11.9591,934.448,13.815,F
1222,1,HappyBirthday,837,5840.45,M,1,1.50137e-06,0.148655,58.7225,0.000508335,F
1222,1,HappyBirthday,1120,3650,M,1,1.38541e-05,1.34543,3.62096,0.00431479,F
1222,1,Births,1482,0,M,0,0,0.0174541,0,0,F
1223,1,HappyBirthday,120,30295.3,M,1,0.000114499,11.0124,219.513,0.0472494,F
1223,1,HappyBirthday,388,9125.2,M,1,0.0964132,0.123075,168.79,40.153,F
1223,1,HappyBirthday,600,8395.41,M,1,0.000231063,2.2546,590.471,0.237731,F
1223,1,HappyBirthday,801,9855.19,F,1,0.0101225,5.2139,0.185249,3.16202,F
1223,1,HappyBirthday,874,13140.9,F,1,2.31529e-07,0.393928,49393,0.0021424,F
1225,1,HappyBirthday,335,10951,M,1,0.0134812,0.281574,31.202,4.3422,F
1225,1,HappyBirthday,1090,4015,M,1,1.03039e-07,0.330102,1951.71,0.000121706,F
1225,1,HappyBirthday,852,16425.7,M,1,0.562849,0.134949,36.462,259.574,F
1226,1,HappyBirthday,1335,1460,F,1,0.118567,2.95499,167.191,48.437,F
1226,1,HappyBirthday,536,5110.49,M,1,0.0988411,5.6769,5.18533,32.3525,F
1226,1,HappyBirthday,628,9855.48,F,1,0.000134004,6.7881,31.3638,0.0418466,F
1226,1,HappyBirthday,1433,365,M,1,0.0103546,0.146562,265.769,5.21023,F
1226,1,HappyBirthday,1336,1460,M,1,0.0143439,0.116674,186492,143.638,F
1227,1,HappyBirthday,259,27010,F,1,7.90387e-05,0.137295,49.798,0.0266842,F
1227,1,HappyBirthday,517,5475.93,F,1,0.0134951,0.673858,0.33105,4.22476,F
1228,1,HappyBirthday,263,18250.1,M,1,0.00255311,0.88662,82.3048,0.891506,F
1228,1,HappyBirthday,1121,3650,M,1,0.0906514,4.75513,8360.12,93.2062,F
1229,1,HappyBirthday,309,24455.5,M,1,0.0104247,0.951644,23.8058,3.4698,F
1229,1,HappyBirthday,392,13140.4,M,1,0.0157891,7.96778,1.83619,4.94604,F
1229,1,HappyBirthday,486,20075.5,M,1,0.19584,0.425407,7.52177,67.7352,F
1229,1,HappyBirthday,554,21170.6,M,1,0.00272141,13.9292,3484.63,4.33368,F
1229,1,Births,1483,0,M,0,0,0.253309,0,0,F
1230,1,HappyBirthday,74,16060,F,1,0.00243665,0.152388,8.79974,0.766918,F
1230,1,HappyBirthday,602,20805.6,F,1,0.00284672,0.127788,14.3362,0.941227,F
1231,1,HappyBirthday,867,13505.8,F,1,0.0891515,0.595867,1838.37,75.7243,F
1232,1,HappyBirthday,1231,2555,M,1,0.00286946,0.146626,0.0172861,0.893019,F
1232,1,HappyBirthday,1337,1460,M,1,0.00971776,0.0562594,26.8221,3.40052,F
1232,1,HappyBirthday,938,8395.23,F,1,0.00503325,4.40283,3.53341,1.57765,F
1232,1,HappyBirthday,1434,365,F,1,0.24674,0.13124,1526.26,473.189,F
1233,1,HappyBirthday,152,6205.04,M,1,0.00103944,0.332386,6174.72,0.420843,F
1233,1,HappyBirthday,1274,2190,F,1,0.00259044,1.0791,193028,25.6442,F
1233,1,HappyBirthday,1153,3285,M,1,0.00889245,0.0432672,0.471928,2.77794,F
1233,1,HappyBirthday,467,18615.2,F,1,0.153837,0.586258,0.405933,51.9331,F
1233,1,HappyBirthday,1338,1460,M,1,0.000233136,0.258063,2695.8,0.334554,F
1234,1,HappyBirthday,1361,1095,M,1,0.118495,0.594315,2707.3,357.656,F
1234,1,HappyBirthday,726,15330.3,F,1,0.0108794,2.64055,547.75,3.39964,F
1235,1,HappyBirthday,414,14965.7,F,1,0.479373,3.92404,24.6125,207.624,F
1235,1,HappyBirthday,1000,9490.11,F,1,4.21949e-05,4.30541,2.19444,0.0132284,F
1235,1,HappyBirthday,1362,1095,M,1,0.370999,0.802681,30.675,159.763,F
1236,1,HappyBirthday,1363,1095,F,1,0.116281,0.173627,1060.21,64.1382,F
1236,1,HappyBirthday,1154,3285,F,1,0.00813484,0.0320563,43.5462,3.02527,F
1237,1,HappyBirthday,275,16790.3,M,1,0.0451198,0.272531,18451.2,45.2432,F
1237,1,HappyBirthday,762,20440.9,F,1,0.00220098,0.15021,4.54e-05,0.684785,F
1238,1,HappyBirthday,1011,4745,M,1,0.0753603,2.51329,0.217141,24.3538,F
1238,1,HappyBirthday,574,5840.5,M,1,0.000358594,1.39582,30.425,0.112177,F
1238,1,HappyBirthday,890,8760.24,M,1,0.00040122,0.320052,1105.04,0.70658,F
1239,1,HappyBirthday,1054,4380,F,1,0.00132416,1.38008,0.216843,0.411595,F
1239,1,HappyBirthday,199,5110.24,M,1,0.0297839,1.34995,471.529,21.3776,F
1239,1,HappyBirthday,931,16060.4,F,1,0.00644881,2.18847,9.10806,2.02138,F
1239,1,HappyBirthday,930,26645.6,M,1,0.460481,0.538903,141.713,208.902,F
1240,1,HappyBirthday,397,8030.82,M,1,0.0043724,0.929667,0.0467766,1.36139,F
1241,1,HappyBirthday,1392,730,M,1,0.00264558,0.0442272,236.058,1.26992,F
1241,1,HappyBirthday,81,14235.5,F,1,3.03947e-07,0.286364,878.63,0.0004334,F
1242,1,HappyBirthday,1156,3285,F,1,0.0804968,0.0728794,1472.21,27.1175,F
1242,1,HappyBirthday,498,18250.1,M,1,0.000646106,0.63119,1.505,0.201072,F
1243,1,HappyBirthday,57,6205.35,F,1,0.429689,0.078134,114.991,243.447,F
1243,1,HappyBirthday,416,7300.62,M,1,0.504695,0.839612,390.391,346.316,F
1243,1,HappyBirthday,1393,730,F,1,0.00107561,0.0799547,16.0423,0.33694,F
1243,1,HappyBirthday,682,5840.03,F,1,0.10289,2.92384,9.11252,34.2066,F
1243,1,Births,1484,0,M,0,0,0.0649472,0,0,F
1244,1,HappyBirthday,37,18250.7,F,1,0.00497214,1.69045,1014.17,1.79763,F
1244,1,HappyBirthday,97,21535.2,F,1,0.149104,3.49917,3749.13,242.998,F
1244,1,HappyBirthday,1192,2920,F,1,0.589788,0.46869,490.337,277.511,F
1245,1,HappyBirthday,183,18250.1,F,1,0.0014455,6.09024,92.85,0.452619,F
1245,1,HappyBirthday,243,5840.64,F,1,0.426978,1.49923,2.47193,174.227,F
1245,1,HappyBirthday,1364,1095,M,0,0,0.0102126,0,0,F
1245,1,HappyBirthday,564,15330.2,F,1,0.00505212,0.404952,0.0001438,1.57406,F
1246,1,HappyBirthday,209,5475.19,M,1,0.0402022,13.6493,298.112,28.9575,F
1246,1,HappyBirthday,273,29565.5,F,1,0.00899113,4.99425,36345.9,18.6653,F
1246,1,HappyBirthday,495,9490.38,F,1,1.75552e-05,0.385426,165.866,0.0068312,F
1246,1,HappyBirthday,768,8760.64,F,1,0.0165944,0.552325,546.692,6.13805,F
1247,1,HappyBirthday,234,9125.92,M,1,0.438343,10.5403,5.75605,182.241,F
1247,1,HappyBirthday,421,6935.66,F,1,0.0011249,0.251751,1026.1,0.388238,F
1247,1,HappyBirthday,1122,3650,M,1,0.764018,1.82096,33.4718,449.027,F
1248,1,HappyBirthday,1056,4380,M,1,0.000987421,0.0892728,0.112405,0.307048,F
1249,1,HappyBirthday,144,6935.48,F,1,0.0115303,2.32943,2132.63,9.23123,F
1249,1,HappyBirthday,1193,2920,M,1,0.00966798,1.56529,18.7836,3.098,F
1250,1,HappyBirthday,362,8030.5,M,1,0.00348537,0.11378,94.0618,1.18796,F
1250,1,HappyBirthday,426,7665.42,M,1,0.0134598,0.647829,14.5665,4.31625,F
1250,1,HappyBirthday,1296,1825,F,1,0.193511,0.443805,44.8273,70.1975,F
1251,1,HappyBirthday,1092,4015,M,1,0.000936858,0.119296,0.0582753,0.291537,F
1251,1,HappyBirthday,595,20440.4,F,1,0.0210368,5.68056,0.942938,6.60894,F
1252,1,HappyBirthday,40,23360.4,F,1,0.00417516,3.87824,2.87015,1.3002,F
1252,1,HappyBirthday,147,6205.74,M,1,0.00267377,3.54698,2137.92,1.1586,F
1252,1,HappyBirthday,1435,365,F,1,0.382165,0.00956773,2218.67,437.36,F
1252,1,HappyBirthday,560,10220.9,M,1,0.198867,47.8954,799.446,69.0143,F
1252,1,HappyBirthday,791,6935.67,M,1,0.00230507,0.945714,106.912,0.734007,F
1252,1,HappyBirthday,849,19345.5,M,1,0.00504256,0.557239,786.907,1.74111,F
1253,1,HappyBirthday,1015,4745,M,1,0.00117052,1.1293,398.048,0.956409,F
1254,1,HappyBirthday,1436,365,F,1,0.000310304,0.729343,282.074,0.197077,F
1254,1,HappyBirthday,1232,2555,M,1,5.04223e-05,0.501888,4257.62,0.033085,F
1254,1,HappyBirthday,1057,4380,F,1,0.0410204,3.06253,0.405934,13.0351,F
1255,1,HappyBirthday,1339,1460,F,1,0.00108441,0.252854,46.5108,0.360081,F
1255,1,HappyBirthday,680,5110.17,M,1,0.00468618,1.89256,120.207,2.23948,F
1255,1,HappyBirthday,1093,4015,M,1,0.0122931,1.47641,0.00305879,3.84438,F
1256,1,HappyBirthday,889,9855.73,F,1,0.385092,6.50212,39.6466,160.325,F
1256,1,HappyBirthday,907,13870.7,M,1,0.00350353,3.80796,5.33094,1.10083,F
1256,1,Births,1485,0,F,0,0,0.0507085,0,0,F
1257,1,HappyBirthday,1297,1825,F,1,0.000700288,1.16385,655.269,0.736403,F
1257,1,HappyBirthday,460,6570.15,F,1,0.0118553,0.475015,1607.26,11.8679,F
1258,1,HappyBirthday,598,14600.1,F,1,0.00474001,3.21329,0.033315,1.47683,F
1258,1,HappyBirthday,788,5475.99,M,1,0.0169285,4.7886,156.782,7.81193,F
1260,1,HappyBirthday,582,16425.7,F,1,0.000156715,3.98946,6719.15,0.175688,F
1261,1,HappyBirthday,260,6935.62,F,1,0.0467929,0.265497,0.733966,14.8935,F
1261,1,HappyBirthday,281,11315.6,F,1,0.140118,0.473746,2.7754,46.9139,F
1261,1,HappyBirthday,1233,2555,F,1,0.00101942,1.39381,236.088,0.440137,F
1261,1,HappyBirthday,842,12775.3,F,1,0.000508313,0.33453,248.904,0.16781,F
1261,1,HappyBirthday,1341,1460,M,1,0.244149,0.0663925,978.816,203.508,F
1262,1,HappyBirthday,668,10585.3,F,1,0.00862839,1.96645,382.712,2.69953,F
1263,1,HappyBirthday,811,5840.03,F,1,0.000115378,0.559307,3901.85,0.0619063,F
1263,1,HappyBirthday,894,20075.8,M,1,0.000110445,0.205302,39577.9,0.570707,F
1264,1,HappyBirthday,153,5110.94,M,1,0.648504,0.0449891,14.7735,344.793,F
1264,1,HappyBirthday,376,24820.9,F,1,0.00146385,5.86139,0.0151906,0.455162,F
1264,1,HappyBirthday,493,5110.23,F,1,0.00151621,0.103187,1.12013,0.472238,F
1264,1,HappyBirthday,642,5110.05,F,1,0.00927172,1.18536,638.218,3.68746,F
1264,1,Births,1486,0,M,0,0,0.0176466,0,0,F
1265,1,HappyBirthday,1366,1095,M,1,0.00408342,0.0525823,4.90841,1.27129,F
1265,1,HappyBirthday,1365,1095,M,1,0.221668,0.218386,21427.7,1381.24,F
1265,1,HappyBirthday,647,8395.69,M,1,0.00589686,0.209692,12.9727,1.84253,F
1266,1,HappyBirthday,799,7300.96,M,1,0.0113497,0.320717,0.00473242,3.54684,F
1267,1,HappyBirthday,1298,1825,F,1,0.0412494,0.0331692,10087,302.174,F
1267,1,HappyBirthday,1342,1460,M,1,0.331858,4.12161,1335.53,486.495,F
1267,1,HappyBirthday,338,17520.9,F,1,0.003573,1.02987,8.53994,1.14374,F
1267,1,HappyBirthday,1275,2190,F,1,0.0216612,1.24265,1526.77,18.5586,F
1268,1,HappyBirthday,403,18615.6,M,1,0.00507351,0.500392,0.054862,1.58083,F
1269,1,HappyBirthday,1094,4015,M,1,0.000235546,2.14563,7.9008e-05,0.073234,F
1270,1,HappyBirthday,1367,1095,F,1,0.388199,0.480206,180.313,273.683,F
1271,1,HappyBirthday,137,6205,M,1,0.00395932,1.63828,37.3133,1.24676,F
1271,1,HappyBirthday,453,12775.9,M,1,0.0186824,2.15966,9.41445,5.92662,F
1271,1,HappyBirthday,471,6935.39,M,1,0,1.66489,0.0347468,0,F
1271,1,Births,1487,0,F,0,0,0.0687822,0,0,F
1271,1,Births,1488,0,F,0,0,0.0590694,0,0,F
1272,1,HappyBirthday,240,21170,M,1,0.155001,0.352423,1.78575,52.4778,F
1272,1,HappyBirthday,650,6935,M,1,0.000330372,0.245324,0.198527,0.102647,F
1273,1,HappyBirthday,86,13505.5,M,1,0.0744858,0.119608,0.315219,24.074,F
1273,1,HappyBirthday,979,28105.4,F,1,0.0164555,2.95018,134.319,5.33101,F
1273,1,HappyBirthday,1437,365,F,1,0.192693,0.0967485,30.5557,74.0929,F
1274,1,HappyBirthday,1368,1095,M,1,0.00289391,2.5187,0.0618946,0.90074,F
1275,1,HappyBirthday,82,6205.84,F,1,0.0297183,1.14832,0.0193292,9.37456,F
1275,1,HappyBirthday,984,14600.1,F,1,0.00282009,4.97174,6927.82,0.905737,F
1275,1,HappyBirthday,408,23360.2,M,1,0.014982,3.58932,8.78234,4.69342,F
1275,1,HappyBirthday,506,20075.5,M,1,0.164193,0.160798,3465.5,366.451,F
1275,1,HappyBirthday,534,18250.5,M,1,0.00487325,19.3691,45.0869,1.63594,F
1275,1,HappyBirthday,697,5475.87,M,1,2.62102e-05,0.0595264,13.7632,0.00835191,F
1275,1,HappyBirthday,829,21535.3,F,1,0.000279285,1.4333,382.589,0.228305,F
1276,1,HappyBirthday,142,10220.3,M,1,0.0460842,0.293625,3.89249,14.6676,F
1277,1,HappyBirthday,169,9855.59,M,1,0.00695971,7.3044,0.210736,2.1712,F
1277,1,HappyBirthday,1438,365,M,1,0.153779,0.639542,9.46387,54.3839,F
1277,1,HappyBirthday,1194,2920,F,1,0.0554247,3.64335,448.179,17.8716,F
1278,1,HappyBirthday,1061,4380,M,1,0.00360202,0.253952,82.3134,1.12678,F
1278,1,HappyBirthday,568,19345.9,M,1,0.00236321,0.895725,0.191299,0.735189,F
1278,1,HappyBirthday,701,30660,F,1,0.187518,2.48269,39.905,68.3483,F
1278,1,HappyBirthday,1394,730,F,1,0.0821666,0.0782607,36.0972,30.4649,F
1278,1,HappyBirthday,881,22995.1,F,1,4.851e-05,8.06619,70.4382,0.0153748,F
1279,1,HappyBirthday,1095,4015,M,1,0.0396231,5.07881,14.3457,13.3151,F
1279,1,HappyBirthday,418,15330.6,F,1,0,0.238925,0.30772,0,F
1280,1,HappyBirthday,1159,3285,F,1,0.00145983,2.23186,1281.86,0.555531,F
1281,1,HappyBirthday,374,11315.3,F,1,0.00507228,4.18831,908.708,3.06986,F
1282,1,HappyBirthday,36,11680.9,M,1,7.9549e-06,4.61719,3.12809,0.0024824,F
1283,1,HappyBirthday,1017,4745,F,1,0.00247777,0.822721,13000.9,2.13719,F
1283,1,HappyBirthday,1439,365,F,1,0.117399,0.113861,1941.35,284.205,F
1283,1,HappyBirthday,286,13140.4,F,1,0.0506039,0.134895,2.39853,16.3331,F
1283,1,HappyBirthday,807,6205.57,F,1,0.000485468,0.206279,0.00892887,0.150961,F
1283,1,HappyBirthday,860,17155.9,F,1,0.000942686,1.47663,31.1879,0.303767,F
1284,1,HappyBirthday,1235,2555,F,1,0.090088,0.35987,84.7139,36.7357,F
1284,1,HappyBirthday,916,11680.8,F,1,0.0170346,6.03551,17.0554,5.34489,F
1285,1,HappyBirthday,533,6935.82,M,1,0.00528987,1.70193,9.56479,1.64833,F
1287,1,HappyBirthday,1019,4745,F,1,5.26145e-05,0.536862,268.652,0.0224878,F
1287,1,HappyBirthday,526,9855.64,M,1,6.62484e-05,0.215478,9.06305,0.0206202,F
1287,1,HappyBirthday,862,7665.64,F,1,0.000636189,0.502743,1419.26,0.584256,F
1287,1,Births,1489,0,F,0,0,0.0532425,0,0,F
1288,1,HappyBirthday,107,13870.5,M,1,0.0110073,2.35841,197.383,6.29661,F
1288,1,HappyBirthday,1343,1460,M,1,0.00127297,0.0125624,0.000982575,0.395839,F
1289,1,HappyBirthday,1440,365,M,1,0.19199,0.536389,12960.4,336.353,F
1290,1,HappyBirthday,1441,365,M,1,0.0148632,0.114415,23489.1,94.0043,F
1290,1,HappyBirthday,485,9490.4,M,1,0.0337846,0.474713,10.8486,10.7195,F
1290,1,HappyBirthday,1344,1460,M,1,0.0401853,0.0328475,16.4304,13.0526,F
1290,1,HappyBirthday,871,6205.98,F,1,0.00951591,7.83453,14.042,3.14132,F
1291,1,HappyBirthday,11,7665.6,M,1,0.109267,4.54144,16149.4,61.9801,F
1291,1,HappyBirthday,50,8030.12,F,1,0.00804866,0.568755,18.9159,2.51458,F
1291,1,Births,1490,0,M,0,0,0.185114,0,0,F
1292,1,HappyBirthday,622,7300.78,F,1,2.1096e-05,0.0207343,45938.8,0.0487339,F
1292,1,HappyBirthday,809,16425.6,M,1,0.00370279,4.37029,952.701,5.253,F
1292,1,HappyBirthday,1196,2920,M,1,0.0309201,1.37115,1348.91,9.89397,F
1292,1,HappyBirthday,854,13140.3,M,1,0.000967164,0.72478,770.115,0.345773,F
1293,1,HappyBirthday,1300,1825,F,1,0.0148086,0.597637,7.74543,4.7216,F
1293,1,HappyBirthday,1442,365,M,1,0.226712,1.30863,41990.8,1628.2,F
1293,1,HappyBirthday,433,21535.3,M,1,0.629377,3.95836,42.9008,363.881,F
1293,1,HappyBirthday,1125,3650,F,1,4.84253e-05,0.0994833,167017,0.448256,F
1293,1,HappyBirthday,1299,1825,M,1,0.000127637,0.0661378,2650.43,0.0915689,F
1294,1,HappyBirthday,1160,3285,M,1,0.0146641,0.392886,169.533,5.78574,F
1294,1,HappyBirthday,400,24090.9,F,1,0.0333986,0.269926,12.8104,11.177,F
1295,1,HappyBirthday,1236,2555,F,1,0.000655721,1.37494,823.446,0.427166,F
1295,1,HappyBirthday,981,9125.67,F,1,0.04137,0.307491,0.95523,13.1374,F
1296,1,HappyBirthday,39,6570.96,M,1,0.0304479,0.116587,4.17906,9.61634,F
1296,1,HappyBirthday,253,8395.34,M,1,0,3.66484,0.225681,0,F
1296,1,HappyBirthday,491,14965.6,M,1,0.0435536,0.158567,8.63606,14.3353,F
1296,1,HappyBirthday,616,28470,M,1,5.45226e-05,0.016856,0,0.0169984,F
1298,1,HappyBirthday,139,26645.3,M,1,0.494569,1.84133,120.063,218.608,F
1298,1,HappyBirthday,1096,4015,F,1,0.000425084,0.767859,269.714,0.283555,F
1298,1,HappyBirthday,1020,4745,M,1,0.010784,0.244715,2100.94,11.0521,F
1298,1,HappyBirthday,792,17520.7,M,1,0.04177,0.505545,1.50548,13.301,F
1299,1,HappyBirthday,349,31390.8,F,1,0.00108771,2.57363,1623.78,1.13741,F
1299,1,HappyBirthday,499,5110.9,F,1,0.0405537,1.82582,0.00194962,12.8657,F
1299,1,HappyBirthday,767,10585.4,F,1,0.334758,0.242987,33.9931,134.29,F
1299,1,HappyBirthday,1395,730,F,1,0.563019,0.0630583,947.494,585.82,F
1300,1,HappyBirthday,25,13505,M,1,0.000122573,0.1146,10.2821,0.0382092,F
1300,1,HappyBirthday,341,11680.7,M,1,0.0268031,0.319719,203.466,8.89885,F
1300,1,HappyBirthday,821,22995.7,F,1,0.000735732,0.691175,0.0008582,0.228736,F
1301,1,HappyBirthday,412,19345,M,1,0.0136319,0.812936,21.2428,4.28882,F
1303,1,HappyBirthday,252,11315.1,F,1,0.00259771,1.91398,0.204004,0.809018,F
1303,1,HappyBirthday,902,9855.27,F,1,0.000704071,2.84644,1949.87,1.76045,F
1304,1,HappyBirthday,108,20805.1,F,1,0.0220214,0.410382,0.0223274,6.92068,F
1304,1,HappyBirthday,639,12410.4,M,1,0.00637433,0.051275,18.9944,2.15543,F
1305,1,HappyBirthday,1277,2190,F,1,0.000466202,0.797148,444.583,0.382149,F
1306,1,HappyBirthday,1443,365,F,1,0.453417,0.0448557,5571.42,269.168,F
1306,1,HappyBirthday,1278,2190,F,1,0.000535256,1.95745,9107.23,0.724454,F
1306,1,HappyBirthday,1062,4380,M,1,0.000585216,0.569449,0.000374447,0.181999,F
1307,1,HappyBirthday,368,5110.85,M,1,0.00129128,8.12177,885.328,1.22066,F
1307,1,HappyBirthday,1279,2190,F,1,0.00657628,0.194153,53.062,2.56593,F
1308,1,HappyBirthday,1345,1460,F,1,0.00197552,0.498159,2862.57,3.92777,F
1308,1,HappyBirthday,122,33580,F,1,0.000611441,0.526135,38.114,0.191583,F
1308,1,HappyBirthday,146,16790.2,F,1,0,0.231818,3.7572,0,F
1308,1,HappyBirthday,158,10585.1,M,1,0.000477567,1.20286,37.9083,0.150633,F
1308,1,HappyBirthday,1161,3285,M,1,0,4.15333,152.015,0,F
1309,1,HappyBirthday,637,6205.56,M,1,0.00350774,12.0992,17.0582,1.11323,F
1310,1,HappyBirthday,1396,730,F,1,0.0295283,0.38282,122313,267.072,F
1310,1,HappyBirthday,612,10221,M,1,0.00393445,11.5404,10.7842,1.22794,F
1311,1,HappyBirthday,133,15330.4,F,1,0.188403,0.259463,117.138,64.8761,F
1311,1,HappyBirthday,859,5110.9,F,1,7.29164e-05,1.87197,7.82085,0.0234108,F
1312,1,HappyBirthday,1162,3285,F,1,0.000462687,2.8746,60.8731,0.176506,F
1312,1,HappyBirthday,561,14600.6,F,1,0.000278817,0.859418,72.846,0.0965718,F
1312,1,HappyBirthday,832,10220.6,M,1,6.19596e-06,1.42945,148.832,0.0023948,F
1313,1,HappyBirthday,1127,3650,M,1,0.00693536,0.141001,349.774,2.41087,F
1313,1,HappyBirthday,445,7300.49,F,1,5.47558e-05,9.12937,0.925404,0.0170295,F
1313,1,HappyBirthday,1163,3285,M,1,0.00311148,1.63196,579.816,1.07067,F
1315,1,HappyBirthday,1369,1095,F,0,0,0.0699739,0,0,F
1316,1,HappyBirthday,919,6205.27,M,1,0.0555844,0.166399,0.111487,17.773,F
1316,1,HappyBirthday,599,6570.38,M,1,0.121872,0.483127,0.238364,40.3949,F
1316,1,HappyBirthday,759,7665.17,M,1,0.0252552,16.423,148.064,13.2989,F
1317,1,HappyBirthday,99,13870,M,1,0.0829565,0.544474,191.488,28.196,F
1317,1,HappyBirthday,1370,1095,F,1,0.00623312,1.4846,47.7733,1.94258,F
1318,1,HappyBirthday,55,20440.5,M,1,0.00241514,7.77426,20.9598,0.772584,F
1318,1,HappyBirthday,319,8760.99,M,1,0.00074036,0.152213,12.7972,0.230576,F
1318,1,HappyBirthday,1301,1825,F,1,0.00528993,0.786474,13.4883,1.75853,F
1318,1,HappyBirthday,748,13140.7,F,1,0.0024058,0.754531,29.8061,0.754876,F
1319,1,HappyBirthday,284,21535.1,M,1,0,0.101331,0.075564,0,F
1319,1,HappyBirthday,566,9125.44,M,1,0.00231915,2.16264,202.463,1.24428,F
1319,1,HappyBirthday,850,6570.07,M,1,0.00345567,0.203196,490.251,1.81838,F
1319,1,Births,1491,0,F,0,0,0.16805,0,0,F
1320,1,HappyBirthday,1302,1825,M,1,0.000418064,0.620882,10437.9,2.87564,F
1320,1,HappyBirthday,784,24455.2,M,1,0.00485561,0.374878,85.1606,2.07048,F
1320,1,HappyBirthday,1397,730,M,1,0.0556596,1.30031,42.1752,19.0845,F
1321,1,HappyBirthday,754,10585.7,M,1,0.127486,1.20347,0.463106,42.3842,F
1321,1,Births,1492,0,M,0,0,0.00619202,0,0,F
1322,1,HappyBirthday,1128,3650,M,1,0.750896,0.0249323,0.171356,432.226,F
1322,1,HappyBirthday,1347,1460,F,1,0.00710636,0.0928922,7428.27,8.75438,F
1323,1,HappyBirthday,1398,730,M,1,0.000563371,0.188025,54773.7,0.708974,F
1323,1,HappyBirthday,1444,365,F,0,0,0.00271827,0,0,F
1324,1,HappyBirthday,404,8030.19,M,1,0.00122226,0.168095,4.86263,0.380053,F
1324,1,HappyBirthday,1445,365,M,1,0.230325,0.801514,4915.31,1121.22,F
1325,1,HappyBirthday,384,17520.3,F,1,0.00390442,0.219771,3804.58,5.91703,F
1326,1,HappyBirthday,300,12410,M,1,5.45987e-05,2.40507,0.0016988,0.0169782,F
1326,1,HappyBirthday,944,6205.03,M,1,0.162972,0.674722,12.2961,56.1225,F
1326,1,HappyBirthday,1303,1825,M,1,0.000332261,0.216902,16664.6,0.166161,F
1326,1,HappyBirthday,865,5110.16,M,1,0.000849089,0.797097,5.25144,0.268826,F
1326,1,HappyBirthday,1446,365,F,1,0.257674,0.233743,5310.75,1417.66,F
1327,1,HappyBirthday,1304,1825,F,1,0.00134515,0.157934,50.6108,0.458094,F
1327,1,HappyBirthday,715,10585.7,F,1,0.544266,0.331673,1535.81,350.064,F
1328,1,HappyBirthday,674,5840.95,F,1,0.00463072,0.240337,6117,2.77299,F
1328,1,HappyBirthday,875,7300.28,M,1,0.00798133,3.02413,54.8521,2.67207,F
1329,1,HappyBirthday,1063,4380,M,1,0.00124974,0.095026,205.796,0.747693,F
1329,1,HappyBirthday,1021,4745,M,1,0.440858,0.312816,458.003,233.958,F
1329,1,HappyBirthday,896,21170.2,F,1,0.0322418,12.9126,1.86788,10.1876,F
1329,1,Births,1493,0,M,0,0,0.621934,0,0,F
1330,1,HappyBirthday,1399,730,F,0,0,0.0149497,0,0,F
1330,1,HappyBirthday,1305,1825,M,1,0.00119927,0.468235,4962.53,0.680269,F
1330,1,HappyBirthday,1306,1825,M,1,0.0583131,0.0428025,41489.6,84.777,F
1330,1,HappyBirthday,1064,4380,M,1,0.0217771,0.103718,58.0829,6.86772,F
1331,1,HappyBirthday,7,14600.5,M,1,8.91537e-05,0.157064,388.914,0.029835,F
1331,1,HappyBirthday,1400,730,M,1,0.0287403,2.64068,9155.19,24.1505,F
1331,1,HappyBirthday,472,16060.9,F,1,0.000455753,0.673266,8417.3,0.533612,F
1331,1,HappyBirthday,1447,365,M,1,6.24604e-06,0.0237747,1050.16,0.00477786,F
1332,1,HappyBirthday,1097,4015,F,1,0.0134096,0.113146,5.82162,4.24193,F
1332,1,HappyBirthday,296,11680,M,1,0.290114,0.0695875,4425.04,315.073,F
1332,1,HappyBirthday,1098,4015,F,1,0.000706872,0.0553378,440.875,0.356381,F
1332,1,HappyBirthday,669,10585.5,M,1,0.00567417,2.65076,165.922,1.80385,F
1332,1,Births,1494,0,F,0,0,2.05392,0,0,F
1333,1,HappyBirthday,1022,4745,M,1,0.229174,0.0286512,366.323,97.1382,F
1333,1,HappyBirthday,1401,730,F,1,0,0.0413369,0,0,F
1333,1,HappyBirthday,1448,365,F,1,0.00974081,0.0495918,7.07059,3.04211,F
1334,1,HappyBirthday,111,5110.71,M,1,1.82602e-05,3.23477,133.674,0.00880618,F
1334,1,HappyBirthday,1237,2555,M,1,0.00744334,0.338367,2.28806,2.34859,F
1334,1,HappyBirthday,638,27010.4,F,1,0.0100455,1.93966,208.195,4.08249,F
1334,1,Births,1495,0,F,0,0,0.667817,0,0,F
1334,1,Births,1496,0,M,0,0,0.0225297,0,0,F
1335,1,HappyBirthday,1350,1460,M,1,0.102126,0.562777,8.04692,33.5348,F
1335,1,HappyBirthday,838,20075.1,M,1,0.0426022,0.453791,58.9061,13.538,F
1336,1,HappyBirthday,694,5475.55,F,1,0.11669,0.245321,30.9457,40.9573,F
1336,1,HappyBirthday,1449,365,F,1,0.00295941,0.374821,161.522,1.38182,F
1336,1,Births,1497,0,F,0,0,0.08624,0,0,F
1337,1,HappyBirthday,623,8760.49,F,1,0.0720251,0.905354,3043.27,110.537,F
1337,1,HappyBirthday,742,18980.5,M,1,5.87204e-05,0.836095,8.76943,0.019045,F
1338,1,HappyBirthday,192,9490.37,M,1,0.00776881,0.989059,6.11481,2.4359,F
1338,1,HappyBirthday,1402,730,M,1,0.21044,1.0929,25293,679.971,F
1339,1,HappyBirthday,93,12410.8,F,1,0.000165077,0.398064,1.58953,0.0516544,F
1339,1,HappyBirthday,480,7665.22,M,1,0.00246347,1.17675,102.23,0.854588,F
1339,1,HappyBirthday,1371,1095,F,1,0.622119,0.65136,29.9732,333.102,F
1340,1,HappyBirthday,129,13140.8,F,1,0.189835,0.206734,2556.16,235.567,F
1340,1,HappyBirthday,227,17520.3,F,1,6.58456e-05,0.230791,31636.8,0.279884,F
1341,1,HappyBirthday,1372,1095,M,1,0.196244,1.09454,0.232267,67.9058,F
1341,1,HappyBirthday,660,11315.8,M,1,0.000957601,0.105013,9.74727,0.298575,F
1342,1,HappyBirthday,316,13870.4,M,1,0.00131852,6.77539,557.323,1.27016,F
1343,1,HappyBirthday,394,5840.54,M,1,0.00251754,0.192518,57.2599,0.794253,F
1344,1,HappyBirthday,329,13505.5,F,1,9.17466e-06,1.36892,3658.61,0.0076062,F
1344,1,HappyBirthday,723,5475.44,M,1,0.12559,0.56624,8.12754,42.8287,F
1345,1,HappyBirthday,470,16060.5,F,1,0.000171686,0.274034,295.618,0.0551318,F
1345,1,HappyBirthday,1450,365,F,1,0.366655,0.0375953,5221.01,236.9,F
1346,1,HappyBirthday,934,21900.2,F,1,0.000701845,1.44704,333.554,0.226992,F
1346,1,HappyBirthday,1403,730,F,1,0.00248896,0.0388855,92.3952,1.07825,F
1346,1,HappyBirthday,1373,1095,F,1,0.0549265,0.734447,2692,19.2098,F
1346,1,HappyBirthday,505,7665.42,F,1,0.106622,0.360564,97.4541,39.7726,F
1347,1,HappyBirthday,1065,4380,F,1,0.000195345,2.50143,6619.12,0.508101,F
1347,1,HappyBirthday,1129,3650,M,1,0.00128969,0.430258,4200.47,0.778373,F
1347,1,HappyBirthday,606,24090,F,1,0.00450003,2.49588,1128.94,3.75439,F
1348,1,HappyBirthday,45,18615.2,M,1,0.000822034,0.333882,1.32196,0.255428,F
1348,1,HappyBirthday,292,12410.5,M,1,0.00445164,1.42239,0.738014,1.38647,F
1349,1,HappyBirthday,683,7665.56,F,1,0.000476722,1.72173,4.37338,0.148674,F
1353,1,HappyBirthday,171,5475.69,F,1,0,0.473208,0.0668892,0,F
1353,1,HappyBirthday,1201,2920,F,1,0.00138488,0.69399,26.074,0.433308,F
1353,1,HappyBirthday,1099,4015,F,1,0.00560027,0.851889,1.2201,1.74766,F
1353,1,HappyBirthday,1166,3285,F,1,0.0475593,1.61008,159.143,15.2942,F
1353,1,HappyBirthday,752,10220.6,M,1,0.0951437,0.235993,293.694,31.0726,F
1354,1,HappyBirthday,1167,3285,F,1,0.000577489,0.267638,11.2897,0.181859,F
1354,1,HappyBirthday,556,22995.8,M,1,0.0191854,0.5851,8.52777,6.02077,F
1355,1,HappyBirthday,353,5110.44,M,1,0.0690498,9.02253,0.552795,22.2661,F
1355,1,HappyBirthday,745,20075.6,M,1,0.00046854,5.9683,12.3948,0.148259,F
1356,1,HappyBirthday,424,5475.95,M,1,0.00151826,3.1319,32.5423,0.476776,F
1356,1,HappyBirthday,1451,365,F,1,0.413176,0.0777085,98.9866,190.532,F
1357,1,HappyBirthday,511,27010.8,M,1,0.39305,0.964856,13.8616,155.208,F
1357,1,HappyBirthday,521,35405,F,1,0.00224593,0.15864,22.8618,0.700719,F
1357,1,HappyBirthday,1404,730,F,1,9.18574e-05,0.0456326,152446,0.883914,F
1358,1,HappyBirthday,3,6570.8,F,1,0.00952039,1.55319,14.3054,3.15017,F
1358,1,HappyBirthday,188,7665.78,M,1,0.406312,6.51722,35.8984,184.093,F
1358,1,HappyBirthday,1405,730,F,1,1.10928e-05,0.0544212,101722,0.0478237,F
1359,1,HappyBirthday,176,16060.5,M,1,0.550553,0.288741,11325.7,390.41,F
1359,1,HappyBirthday,291,24090,M,1,1.934e-05,0.439908,74457.5,0.0631308,F
1359,1,Births,1498,0,M,0,0,0.00566703,0,0,F
1360,1,HappyBirthday,991,16060.4,M,1,0.00194237,2.47085,0.458291,0.605245,F
1360,1,HappyBirthday,274,34675,M,1,0.922082,1.45333,73.6627,817.764,F
1360,1,HappyBirthday,1202,2920,M,1,0.00726967,1.28282,9.66803,2.29059,F
1361,1,HappyBirthday,544,15695.9,F,1,0.00420121,1.45577,824.76,2.9054,F
1362,1,HappyBirthday,210,9125.37,M,1,0.20346,0.0784969,5.02985,71.9596,F
1363,1,HappyBirthday,1067,4380,M,1,0.00462603,0.167394,34.6575,1.68366,F
1363,1,HappyBirthday,287,22630.9,M,1,0.043414,0.353323,0.334206,13.7924,F
1363,1,HappyBirthday,1101,4015,F,1,0.316615,0.211404,1229.92,208.33,F
1363,1,HappyBirthday,775,25915.4,M,1,0.0445887,14.7937,2.24705,14.242,F
1363,1,Births,1499,0,F,0,0,0.0101745,0,0,F
1364,1,HappyBirthday,1130,3650,M,1,0.0426479,0.181797,317.11,20.2996,F
1364,1,HappyBirthday,1238,2555,F,1,0.0230402,2.12692,1730.2,7.30561,F
1364,1,HappyBirthday,585,12775.4,M,1,0.0230772,5.72961,0.114494,7.25588,F
1364,1,HappyBirthday,641,33580.3,F,1,0.100538,0.200738,668.157,32.9296,F
1364,1,HappyBirthday,876,11315.1,F,1,0.000860347,6.0445,11.4983,0.282303,F
1365,1,HappyBirthday,1239,2555,M,1,0.00875842,1.44286,14.8499,2.78605,F
1365,1,HappyBirthday,342,34310.1,F,1,0.0589117,0.178537,0.0727516,18.8703,F
1365,1,HappyBirthday,1131,3650,M,1,0.00185828,0.763812,25.5081,0.580645,F
1365,1,HappyBirthday,522,6570.53,M,1,0.0115941,3.77103,22.1265,4.00396,F
1367,1,HappyBirthday,993,16060.6,F,1,0.00821544,8.66084,650,8.98562,F
1369,1,HappyBirthday,1406,730,F,1,0.117781,5.59024,93468.4,1174.72,F
1369,1,HappyBirthday,1452,365,M,1,0.0196225,0.546834,29497.9,28.3095,F
1369,1,HappyBirthday,197,18615,M,1,0.000963282,0.671344,1.57907,0.301689,F
1369,1,HappyBirthday,868,13870.9,M,1,0.0888705,1.47655,0.234869,28.9288,F
1369,1,Births,1500,0,F,0,0,1.19451,0,0,F
1370,1,HappyBirthday,43,29930.6,M,1,0.00316276,0.933156,0.0139014,0.984696,F
1370,1,HappyBirthday,778,22265,F,1,0.00373262,0.113983,24.1331,1.17897,F
1370,1,HappyBirthday,853,16790.8,F,1,0.0417487,1.77967,1.75865,13.2994,F
1371,1,HappyBirthday,213,25550.6,F,1,0.00114853,2.64986,26.9309,0.359953,F
1371,1,HappyBirthday,238,5475.55,M,1,0.00101607,0.29228,31.2776,0.318592,F
1371,1,HappyBirthday,465,8760.14,M,1,0.00827034,23.8166,0.0003644,2.58157,F
1371,1,HappyBirthday,710,10585.7,M,1,0.0117467,1.19502,7124.29,5.01266,F
1371,1,HappyBirthday,729,12775.7,F,1,0,1.11741,411.799,0,F
1372,1,HappyBirthday,1308,1825,M,1,0.110476,0.323725,11171.3,242.509,F
1373,1,HappyBirthday,1103,4015,F,1,0.0105754,1.45399,1.75173,3.32374,F
1373,1,HappyBirthday,766,12045.7,F,1,0.00182104,0.221396,3575.62,3.34395,F
1373,1,HappyBirthday,783,31025.8,M,1,0.0103844,0.289131,2230.52,3.27111,F
1373,1,Births,1501,0,M,0,0,1.57369,0,0,F
1374,1,HappyBirthday,452,13505.4,F,1,0.00537551,0.199972,7170.69,5.75274,F
1374,1,HappyBirthday,1025,4745,M,1,0.0093114,0.378277,1.54772e-05,2.90719,F
1374,1,HappyBirthday,789,14600.8,M,1,0.0854927,0.637272,0.828961,27.7722,F
1375,1,HappyBirthday,1204,2920,M,1,0.508882,0.543953,2924.08,1000.05,F
1375,1,HappyBirthday,1282,2190,M,1,0.648504,0.394281,250.859,440.636,F
1375,1,HappyBirthday,136,6205.03,F,1,0,0.705764,8.08412,0,F
1375,1,HappyBirthday,1351,1460,M,1,0.88528,1.08268,45.3925,722.199,F
1376,1,HappyBirthday,123,14965.4,M,1,0.00301854,0.0622135,8.52106,0.939998,F
1376,1,HappyBirthday,128,5475.92,F,1,0.000668737,0.436173,0.153777,0.207945,F
1376,1,HappyBirthday,1205,2920,M,1,0.00100166,0.428676,107.416,0.367923,F
1376,1,HappyBirthday,797,6205.22,M,1,0.0027538,3.23808,0.104983,0.856922,F
1377,1,HappyBirthday,442,8395.55,M,1,0.000114184,2.78562,42.8857,0.0370844,F
1377,1,HappyBirthday,1283,2190,M,1,0.000815055,5.04931,30835.2,0.603998,F
1377,1,HappyBirthday,737,35405.7,M,1,3.05384e-06,0.248212,0.139388,0.0009406,F
1377,1,HappyBirthday,770,15330.6,M,1,0.00375847,8.56864,2296.9,3.92193,F
1378,1,HappyBirthday,435,8760.79,F,1,0.00273694,0.676592,48.7741,0.85255,F
1379,1,HappyBirthday,1206,2920,F,1,0.403554,0.0537973,5157.59,368.98,F
1379,1,HappyBirthday,283,5840.26,M,1,0.00433341,6.91629,0.0237497,1.3498,F
1379,1,HappyBirthday,581,24820.3,M,1,0.0207918,2.54561,25.6538,6.54331,F
1379,1,HappyBirthday,693,6570.66,M,1,0.000261412,0.916663,14.3284,0.0817055,F
1379,1,Births,1502,0,M,0,0,0.0429814,0,0,F
1380,1,HappyBirthday,1352,1460,F,1,0.0546587,0.173167,753.944,63.3559,F
1380,1,HappyBirthday,1453,365,M,0,0,0.00460162,0,0,F
1381,1,HappyBirthday,1407,730,M,1,0.00334661,0.0194874,128.566,1.43521,F
1381,1,HappyBirthday,1026,4745,F,1,0.00102386,0.351488,1327.57,2.0328,F
1382,1,HappyBirthday,34,6205.69,M,1,0,25.3917,932.398,0,F
1382,1,HappyBirthday,1454,365,F,1,0.00858459,1.57952,212770,89.7025,F
1382,1,HappyBirthday,1242,2555,M,1,0.0108803,0.227698,13349.6,57.0819,F
1382,1,HappyBirthday,1309,1825,F,1,0.000875781,1.87339,109.776,0.387557,F
1382,1,HappyBirthday,630,28105.2,F,1,0.0143119,1.17673,0.0918146,4.48115,F
1382,1,HappyBirthday,798,13505,F,1,0.0042704,2.54791,80.0827,1.50851,F
1383,1,HappyBirthday,30,11680.8,F,1,0.000506881,17.2749,10.7347,0.162771,F
1383,1,HappyBirthday,352,5475.49,F,1,0.0151917,0.35537,5664.87,6.60282,F
1383,1,HappyBirthday,803,9855.6,M,1,0.00663604,9.09685,0.021566,2.06933,F
1384,1,HappyBirthday,1408,730,M,1,0.86748,0.0725707,331.404,948.89,F
1384,1,HappyBirthday,484,15695.7,F,1,0.0369042,3.47361,119.903,16.886,F
1384,1,HappyBirthday,749,22630.1,M,1,0.422802,0.214247,0.832687,171.396,F
1384,1,HappyBirthday,839,8395.57,M,1,0.00541541,5.79099,73.497,1.70884,F
1385,1,HappyBirthday,454,24820,F,1,0.0112431,2.03895,1600.35,3.59758,F
1385,1,HappyBirthday,618,10585.2,M,1,0.0190579,0.128336,0.830126,5.98689,F
1385,1,HappyBirthday,1353,1460,M,1,0.000523276,0.212448,12070.4,4.12319,F
1385,1,HappyBirthday,833,20075.2,M,1,0.235999,22.3639,712.211,294.183,F
1386,1,HappyBirthday,1409,730,M,1,0.00284919,0.281047,101.264,1.01765,F
1386,1,HappyBirthday,1169,3285,M,1,0.13101,0.764841,674.931,85.5227,F
1386,1,HappyBirthday,1456,365,M,1,0.0146374,0.390693,2908.58,4.73283,F
1386,1,HappyBirthday,1207,2920,F,1,0.000984392,1.95601,3.43229,0.307852,F
1386,1,HappyBirthday,805,7665.85,M,1,0.000302934,7.60027,8.22143,0.0978584,F
1386,1,HappyBirthday,1455,365,F,1,0.0598626,0.181637,82.5967,24.7373,F
1387,1,HappyBirthday,604,7665,F,1,0.130698,1.97324,0.228579,43.5342,F
1387,1,HappyBirthday,961,9490.62,M,1,0.122762,0.221112,0.200887,40.7218,F
1387,1,Births,1503,0,F,0,0,0.0716278,0,0,F
1388,1,HappyBirthday,1310,1825,M,1,0.541433,0.0529762,11753.1,817.812,F
1389,1,HappyBirthday,1104,4015,F,1,0.0556398,0.162228,17.8167,18.0022,F
1389,1,HappyBirthday,1132,3650,F,1,0.665446,0.770271,36.1545,379.369,F
1389,1,HappyBirthday,806,7300.17,M,1,0.0687988,1.32475,59.4069,22.298,F
1389,1,HappyBirthday,872,17885.6,M,1,0.0443873,0.66996,0.0591606,14.1115,F
1389,1,HappyBirthday,1105,4015,M,1,0.0148649,0.57212,56.1627,5.8402,F
1390,1,HappyBirthday,411,6205.63,M,1,0.00146098,16.277,1.61858e-06,0.454345,F
1390,1,HappyBirthday,524,30660.3,F,1,0.0716009,13.4712,22.9296,23.6319,F
1391,1,HappyBirthday,172,11680.1,M,1,0.000905423,0.953543,565.842,0.836418,F
1391,1,HappyBirthday,216,9125.72,M,1,0.00629439,1.96903,1132.06,7.46024,F
1391,1,HappyBirthday,326,9490.15,F,0,0,0.012739,0,0,F
1391,1,HappyBirthday,728,9490.56,F,1,0,40.8891,8114.98,0,F
1392,1,HappyBirthday,1170,3285,F,1,0.0672896,1.61532,1721.34,25.5581,F
1392,1,HappyBirthday,1311,1825,M,1,0.00363301,0.759698,112.821,1.13361,F
1393,1,HappyBirthday,154,12045.4,M,1,0.0116941,0.57809,0.0013966,3.65533,F
1393,1,HappyBirthday,318,9855.89,M,1,0.0294834,0.493133,19.8031,9.30868,F
1393,1,HappyBirthday,576,15330,F,1,5.51426e-06,1.64692,4365.43,0.0130728,F
1393,1,Births,1504,0,F,0,0,0.0589284,0,0,F
1394,1,HappyBirthday,1285,2190,F,1,0.00977909,0.273772,477.914,3.06245,F
1394,1,HappyBirthday,1410,730,M,1,0.00240669,0.6536,27.3508,0.818744,F
1394,1,HappyBirthday,1457,365,M,1,0.0014034,2.34746,29.5832,0.457987,F
1394,1,HappyBirthday,750,10220.7,M,1,0.307446,0.878567,223.546,119.881,F
1396,1,HappyBirthday,957,7300.55,F,1,0,1.50233,93.3466,0,F
1397,1,HappyBirthday,41,14235.4,M,1,0.00398978,9.76507,36.909,1.2473,F
1398,1,HappyBirthday,510,11315.3,F,1,0,1.44264,11.6495,0,F
1398,1,HappyBirthday,1071,4380,F,1,0.0697901,1.31793,162.519,27.5848,F
1398,1,HappyBirthday,1208,2920,F,1,0.186348,0.754463,117.26,98.0561,F
1399,1,HappyBirthday,1172,3285,M,1,0.66735,0.0400756,121.615,357.169,F
1399,1,HappyBirthday,33,12410.3,F,1,0.00986178,1.35263,1971.23,22.142,F
1399,1,HappyBirthday,205,15330.5,F,1,0.0565774,0.322767,0.03686,18.1015,F
1399,1,HappyBirthday,827,5840.07,F,1,0.00229586,2.47188,0.332049,0.715749,F
1401,1,HappyBirthday,1286,2190,F,1,0.122594,2.57122,41.3971,42.9284,F
1401,1,HappyBirthday,246,5840.22,F,1,0.00108578,2.52309,0.00386045,0.337422,F
1401,1,HappyBirthday,888,6935.99,M,1,0.0612316,0.170958,107.772,20.1767,F
1401,1,Births,1505,0,F,0,0,0.0135264,0,0,F
1402,1,HappyBirthday,1072,4380,F,1,0,0.019762,20390.8,0,F
1402,1,HappyBirthday,1458,365,M,1,0.11807,0.244692,74.9025,49.6141,F
1402,1,Births,1506,0,F,0,0,0.0757504,0,0,F
1403,1,HappyBirthday,1243,2555,F,1,0.152131,0.350774,10326.5,82.1299,F
1403,1,HappyBirthday,1411,730,M,1,0.0285033,0.0966674,394.552,10.6293,F
1404,1,HappyBirthday,135,5110.34,F,1,9.02024e-06,0.829704,2329.58,0.0122726,F
1405,1,HappyBirthday,1173,3285,M,1,0.00761159,0.367404,5237.09,3.45256,F
1405,1,HappyBirthday,1135,3650,F,1,0.00705317,0.323755,1401.59,5.16082,F
1405,1,HappyBirthday,525,13140.5,F,1,0.00610498,0.0207046,5.50544,1.92107,F
1405,1,HappyBirthday,1312,1825,M,1,0.140426,0.106802,146.285,51.7857,F
1405,1,HappyBirthday,901,7300.38,M,1,0.00866216,0.122646,1.84593,2.70466,F
1406,1,HappyBirthday,71,10585.3,M,1,0.0160053,0.198869,6.15074,5.01832,F
1406,1,HappyBirthday,758,15330.2,F,1,0.000598315,0.802925,399.872,0.296763,F
1407,1,HappyBirthday,402,32485.2,F,1,0.0390274,0.113518,7.2562,12.803,F
1407,1,Births,1507,0,M,0,0,0.258589,0,0,F
1408,1,HappyBirthday,155,15695,M,1,0.132546,5.93884,0.259664,44.1985,F
1408,1,HappyBirthday,773,26645.6,M,1,0.00553567,0.94974,41.3749,2.08074,F
1408,1,HappyBirthday,844,23360,F,1,0.00127536,1.32051,9446.93,0.540176,F
1409,1,HappyBirthday,1313,1825,M,1,0.00178579,5.32807,5.41054,0.556633,F
1409,1,HappyBirthday,488,13870.1,F,1,1.11181e-05,5.73207,55.1071,0.0037134,F
1411,1,HappyBirthday,101,6570.21,M,1,0.0408624,0.0943703,7.58262,12.9888,F
1411,1,HappyBirthday,116,18980.4,M,1,6.05998e-05,0.0933161,375.714,0.0201078,F
1411,1,HappyBirthday,1107,4015,M,1,0.00332577,3.7964,3.00109,1.03618,F
1411,1,HappyBirthday,537,13140,F,1,3.52582e-05,0.147675,0.251456,0.0109618,F
1411,1,Births,1508,0,F,0,0,0.30415,0,0,F
1412,1,Births,1509,0,F,0,0,0.00317509,0,0,F
1413,1,HappyBirthday,76,6205.9,F,1,0.0937503,13.1705,28.8358,32.078,F
1413,1,HappyBirthday,1209,2920,F,1,0.00807058,5.52234,4436.04,9.03261,F
1413,1,HappyBirthday,968,28835.6,M,1,6.70297e-06,1.15796,0.017344,0.0020808,F
1413,1,HappyBirthday,1354,1460,F,1,0.000809278,0.532577,53.2662,0.300917,F
1413,1,HappyBirthday,1174,3285,F,1,0.0512247,0.854112,10.9472,17.1094,F
1414,1,HappyBirthday,1073,4380,M,1,0.000168896,0.108287,89.2705,0.0548468,F
1414,1,HappyBirthday,457,13140.2,M,1,0.00760041,1.54059,637.979,5.18238,F
1414,1,HappyBirthday,1375,1095,F,1,0.093378,0.349646,6389.3,70.8552,F
1414,1,HappyBirthday,796,17155.4,F,1,0.0117465,0.342291,2961.31,7.02593,F
1414,1,HappyBirthday,870,32120.6,M,1,0.00676427,0.970232,0.121531,2.10945,F
1415,1,HappyBirthday,70,16790.1,F,1,0.0538111,1.10375,1.91306,17.2078,F
1415,1,HappyBirthday,1244,2555,M,1,0.000267998,4.85668,31.1986,0.0878999,F
1416,1,HappyBirthday,1074,4380,M,1,0.291531,0.24086,377.581,254.163,F
1416,1,Births,1510,0,M,0,0,0.00736443,0,0,F
1417,1,HappyBirthday,945,28470.5,M,1,0.0115144,0.565518,4.50588,3.59986,F
1418,1,HappyBirthday,1314,1825,F,1,0.692597,0.331652,582.017,427.103,F
1418,1,HappyBirthday,370,20075.7,M,1,0.00062531,30.1205,14.2257,0.208367,F
1418,1,HappyBirthday,380,5475.38,F,1,0.0219741,17.292,1133.73,7.27831,F
1418,1,HappyBirthday,573,6205.87,M,1,0.02322,1.48161,27.9253,7.56884,F
1418,1,HappyBirthday,956,15330.5,M,1,0.00758521,2.17054,17.0049,2.49219,F
1418,1,HappyBirthday,1210,2920,M,1,0.00193197,2.76862,51.7155,0.726694,F
1420,1,HappyBirthday,295,29200.6,F,1,0.00177577,0.131401,0.0051418,0.55236,F
1420,1,HappyBirthday,1245,2555,F,1,0.6056,0.115343,3243.15,375.269,F
1420,1,HappyBirthday,923,6570.91,M,1,0.000335851,5.67895,27658.8,2.18216,F
1421,1,HappyBirthday,110,16060.1,M,1,5.87322e-06,0.382076,13.9708,0.0019024,F
1421,1,HappyBirthday,873,24090.2,M,1,0.000223204,0.878074,0.1738,0.0693826,F
1421,1,HappyBirthday,1459,365,M,1,0.0159565,0.913129,85.6589,6.09116,F
1422,1,HappyBirthday,223,6935.4,M,1,0.00678273,0.990805,28.1803,2.12128,F
1422,1,HappyBirthday,507,32850.9,M,1,0.000122947,0.740767,540.46,0.112827,F
1422,1,HappyBirthday,528,8395.44,F,1,0.0957394,0.428015,101.479,31.3699,F
1422,1,HappyBirthday,1211,2920,F,1,0.503261,0.407444,595.763,403.382,F
1422,1,HappyBirthday,648,13870.8,M,1,1.32136e-05,1.00427,221.931,0.0069326,F
1423,1,HappyBirthday,306,17520,F,1,0.182543,0.0908016,3115.91,67.972,F
1423,1,HappyBirthday,960,5475.61,M,1,0.0205289,4.69205,477.411,7.18009,F
1423,1,HappyBirthday,387,11315.2,M,1,1.52245e-05,0.418202,140.352,0.0059152,F
1423,1,HappyBirthday,670,5475.14,M,1,0.000100528,0.298884,138.78,0.049168,F
1424,1,HappyBirthday,1315,1825,M,1,0.000247604,0.22609,38890,0.776815,F
1424,1,HappyBirthday,382,7665.08,F,1,0,1.97826,0.0030732,0,F
1425,1,HappyBirthday,1247,2555,M,1,0.063074,0.0649984,5155.76,49.8178,F
1426,1,HappyBirthday,1212,2920,M,1,0.000374233,2.24421,5.44289,0.117527,F
1427,1,HappyBirthday,1376,1095,F,1,0.132739,0.172286,76698.6,599.424,F
1427,1,HappyBirthday,504,9855.24,M,1,0.00977217,6.66505,2918.8,3.05435,F
1428,1,HappyBirthday,512,20075.4,M,1,7.30061e-05,0.148708,28.3571,0.0255352,F
1429,1,HappyBirthday,986,5110.04,F,1,0.0508484,0.497763,3461.03,36.3979,F
1429,1,HappyBirthday,995,17885,M,1,0.0709015,2.38557,1.11976,22.8606,F
1429,1,HappyBirthday,822,8760.29,M,1,0.0166596,2.17402,0.294364,5.22849,F
1429,1,HappyBirthday,1462,365,M,1,0.0697516,0.203728,104.676,30.5696,F
1430,1,HappyBirthday,985,10585.4,F,1,0.00187285,0.985645,0.259402,0.582963,F
1431,1,HappyBirthday,972,10950.8,M,1,0.0755612,4.98873,117.638,25.5208,F
1431,1,HappyBirthday,1248,2555,F,1,0.864204,0.158934,59.8108,709.383,F
1432,1,HappyBirthday,1136,3650,F,1,0.0280496,0.630362,15.7823,9.52319,F
1432,1,HappyBirthday,722,30660.9,M,1,9.18544e-06,0.981301,51612.9,0.022532,F
1433,1,HappyBirthday,272,17155.9,F,1,0.000483248,0.090335,35.7328,0.153737,F
1433,1,HappyBirthday,1412,730,M,1,7.5954e-05,0.399408,176297,0.725996,F
1435,1,HappyBirthday,59,7665.69,M,1,0.00487757,1.59181,16.2538,1.52116,F
1435,1,HappyBirthday,369,9125.09,F,1,0.00171221,0.641401,35.0382,0.535403,F
1435,1,HappyBirthday,649,6570.23,F,1,0.0148644,0.393806,1.54436,4.67331,F
1435,1,HappyBirthday,1463,365,F,1,0.115145,0.259188,654.71,53.3683,F
1435,1,HappyBirthday,1250,2555,F,1,0.00596387,5.87722,30.1937,1.95631,F
1436,1,HappyBirthday,345,6935.9,M,1,0.00246782,0.900423,1.13378,0.768211,F
1436,1,HappyBirthday,656,16060.6,M,1,0.0121773,0.654088,286.49,8.07809,F
1436,1,HappyBirthday,1251,2555,M,1,0.326399,0.0668049,975.229,155.795,F
1437,1,HappyBirthday,1377,1095,M,1,0.154332,1.86934,51.4343,53.0023,F
1437,1,HappyBirthday,1378,1095,F,1,0.763267,0.0166266,2378.16,1197.23,F
1437,1,Births,1511,0,F,0,0,0.0426505,0,0,F
1439,1,HappyBirthday,220,10586,F,1,7.78989e-05,0.100735,0,0.024165,F
1440,1,HappyBirthday,704,17520.3,F,1,0.123143,3.07393,0.622787,40.8776,F
1440,1,HappyBirthday,858,9855.34,F,1,4.58311e-05,0.150801,1.8e-06,0.0142892,F
1441,1,HappyBirthday,1413,730,F,1,0,0.0482241,7.4769,0,F
1441,1,HappyBirthday,105,7665.46,F,1,0.00489461,1.45236,21.3119,1.68909,F
1441,1,HappyBirthday,477,9490.33,M,1,0.000128058,0.785035,0.148673,0.0397772,F
1441,1,HappyBirthday,1028,4745,F,1,3.13965e-06,3.87873,0.321429,0.000982075,F
1442,1,HappyBirthday,1287,2190,F,1,0.0420983,0.0641598,0.388959,13.375,F
1442,1,HappyBirthday,1414,730,M,1,0.00131993,0.314853,0.00627986,0.411105,F
1442,1,HappyBirthday,1030,4745,M,1,0.270989,0.41137,727.439,102.882,F
1442,1,HappyBirthday,1108,4015,M,1,0.211938,0.0137057,1287.7,88.2324,F
1442,1,HappyBirthday,1029,4745,M,1,0.00211707,0.0298327,45.7258,0.800956,F
1442,1,HappyBirthday,439,10585.2,M,1,0.0269762,4.66899,3.07439,8.629,F
1442,1,HappyBirthday,1213,2920,M,1,0.226318,3.80975,10.4716,80.7616,F
1443,1,HappyBirthday,58,8395.51,M,1,0.000142648,0.172156,516.278,0.0776884,F
1443,1,HappyBirthday,173,15330.1,M,1,0.000145006,3.36494,1197.14,0.240884,F
1443,1,HappyBirthday,1317,1825,M,1,0.093316,6.25596,25.8505,30.4467,F
1443,1,Births,1512,0,F,0,0,0.0029842,0,0,F
1445,1,HappyBirthday,891,5840.59,M,1,0.00947108,3.18729,1.31842,2.96198,F
1446,1,HappyBirthday,301,25915.1,F,1,0.194118,1.58024,0.509735,67.0763,F
1446,1,HappyBirthday,1214,2920,M,1,0.000554057,0.0521912,25.5645,0.190132,F
1446,1,HappyBirthday,696,18615.5,M,1,0.104088,0.677281,360.241,34.7321,F
1447,1,HappyBirthday,936,29565.9,M,1,0.046906,12.5728,3.919,14.956,F
1449,1,HappyBirthday,845,12410.9,M,1,0.00325517,0.63871,285.48,1.48384,F
1450,1,HappyBirthday,127,18250.9,M,1,0.00837201,2.48906,8.43304,2.63195,F
1450,1,Births,1513,0,F,0,0,0.0475434,0,0,F
1451,1,HappyBirthday,1288,2190,M,1,0.303041,0.670915,22.7163,113.19,F
1452,1,HappyBirthday,1415,730,F,1,0.0047099,0.319669,13.9466,1.49556,F
1452,1,HappyBirthday,794,13140.1,F,1,0.00596682,1.4569,2.11829,1.8598,F
1453,1,HappyBirthday,1416,730,F,1,0.00343277,0.102787,0.74653,1.07073,F
1453,1,HappyBirthday,1178,3285,F,1,0.187696,3.0165,17.0499,69.3885,F
1454,1,HappyBirthday,22,15330,F,1,0.000243946,3.78933,0.0450376,0.0758652,F
1454,1,HappyBirthday,1179,3285,M,1,0,0.861697,307.122,0,F
1454,1,Births,1514,0,F,0,0,0.154113,0,0,F
1455,1,HappyBirthday,109,9490.85,M,1,0.0013289,2.08815,0.133801,0.413414,F
1455,1,HappyBirthday,304,19710.8,M,1,0,0.596992,0,0,F
1455,1,HappyBirthday,327,21170.9,F,1,0.00751309,0.145105,1.81007,2.34379,F
1455,1,HappyBirthday,645,9855.67,M,1,5.13848e-05,0.540957,3064,0.120043,F
1455,1,Births,1515,0,F,0,0,0.348885,0,0,F
1456,1,HappyBirthday,929,11680.3,F,1,0.0232142,0.232143,194.604,11.5386,F
1456,1,HappyBirthday,438,35405.5,M,1,0.126197,10.7422,262.249,44.1155,F
1456,1,HappyBirthday,1464,365,M,1,0.000792001,0.793666,0.42533,0.247047,F
1457,1,HappyBirthday,214,6205.34,M,1,0.00031061,3.56508,5.6769,0.0988657,F
1457,1,HappyBirthday,1139,3650,F,0,0,0.00163034,0,0,F
1457,1,HappyBirthday,947,16790.8,M,1,0.000275795,1.34212,233.979,0.164609,F
1457,1,HappyBirthday,932,26645,M,1,0.000208203,4.18686,695.291,0.0700174,F
1457,1,HappyBirthday,751,15330.1,F,1,0.000140837,0.644825,4853.47,0.322502,F
1457,1,HappyBirthday,1253,2555,M,1,0.00785339,0.435704,969.1,4.20851,F
1457,1,Births,1516,0,F,0,0,0.431347,0,0,F
1457,1,Births,1517,0,M,0,0,0.196454,0,0,F
1458,1,HappyBirthday,458,24090.4,M,1,0.317115,0.567308,27.0467,132.652,F
1458,1,HappyBirthday,1417,730,M,1,0.0344091,0.0888602,3618.6,67.8172,F
1459,1,HappyBirthday,1109,4015,F,1,0.00608946,18.0022,16.6049,1.95253,F
1459,1,HappyBirthday,1254,2555,M,1,0.0777232,4.11633,5534.17,161.624,F
1459,1,HappyBirthday,571,21535.9,F,1,0.00119813,0.278164,9087.85,0.516978,F
1459,1,HappyBirthday,787,9125.89,F,1,0.00216853,0.675828,23.3476,0.684644,F
1460,1,HappyBirthday,187,13140.5,M,1,0.0365898,0.717325,26.6985,12.2976,F
1460,1,HappyBirthday,1379,1095,F,1,0.000934472,1.18918,6.69882,0.291052,F
1460,1,HappyBirthday,1110,4015,F,1,0.000758048,14.813,305.801,0.250311,F
1460,1,HappyBirthday,716,13870.8,M,1,0.00275584,3.99959,207.681,1.60326,F
1461,1,HappyBirthday,690,10585.7,F,1,0.69531,0.0926548,2333.5,695.531,F
1463,1,HappyBirthday,1180,3285,F,1,0,0.213905,6656.75,0,F
1463,1,HappyBirthday,270,10950.8,M,1,0.000620282,2.80261,66734,3.41758,F
1463,1,HappyBirthday,1380,1095,F,1,0.929192,0.0371423,56.0742,870.032,F
1463,1,HappyBirthday,739,16060.4,F,1,0.0769301,1.28339,0.0563586,24.881,F
1463,1,HappyBirthday,1465,365,M,1,0.0717149,0.818975,68907.2,430.956,F
1464,1,HappyBirthday,1289,2190,F,1,0.0320367,0.0454655,5275,12.5098,F
1464,1,HappyBirthday,626,7300.56,F,1,0.000780551,0.0511628,675.242,0.866229,F
1464,1,HappyBirthday,695,7300.61,F,1,1.44916e-05,0.0822614,547.339,0.00801419,F
1465,1,HappyBirthday,12,6570.31,F,1,0.0120693,3.12979,349.271,3.95454,F
1465,1,HappyBirthday,131,21900.7,M,1,0.0386269,0.779392,3004.71,24.7125,F
1465,1,HappyBirthday,1181,3285,F,1,0.00356066,0.404128,0.670683,1.10856,F
1465,1,HappyBirthday,540,6205.9,M,1,0.00591415,0.0465764,0.569411,1.84354,F
1466,1,HappyBirthday,1002,5110,F,1,0.0791169,1.27129,0.165321,25.6197,F
1466,1,HappyBirthday,279,14235.2,F,1,0.101484,0.279126,0.0703456,33.2559,F
1466,1,HappyBirthday,1255,2555,M,1,0.00271552,0.146893,0.000236697,0.845063,F
1466,1,HappyBirthday,922,25185.7,M,1,0.00180786,0.0558415,17.5352,0.612158,F
1466,1,HappyBirthday,1318,1825,M,1,0.00212442,0.57791,1339.57,0.750006,F
1467,1,HappyBirthday,51,22995.6,M,1,5.5535e-05,1.00899,6667.1,0.146682,F
1467,1,HappyBirthday,95,5840.36,F,1,0.00635231,0.935275,4.85273,1.99425,F
1467,1,HappyBirthday,276,18615.7,M,1,0.0958135,2.42796,865.207,140.422,F
1467,1,HappyBirthday,946,34310.4,F,1,6.16732e-07,0.0846754,2458.19,0.0008664,F
1468,1,HappyBirthday,1257,2555,F,1,0.134154,1.22992,33.181,44.9407,F
1468,1,HappyBirthday,1256,2555,M,1,0.185084,0.0152786,1430.92,327.082,F
1468,1,HappyBirthday,1418,730,F,1,0.000396759,0.0168247,0,0.123407,F
1469,1,HappyBirthday,1381,1095,M,1,0.236078,0.133575,1.35144,83.7041,F
1470,1,HappyBirthday,1319,1825,F,1,0.0359802,0.0109075,1178.68,29.2874,F
1471,1,HappyBirthday,385,14600.2,F,1,0.00420202,69.3045,6.2689,1.34544,F
1472,1,HappyBirthday,1466,365,F,1,0.12321,0.0263471,2678.14,74.9192,F
1472,1,HappyBirthday,812,8030.31,F,1,0.0146632,27.0846,31.8967,4.6657,F
1473,1,HappyBirthday,1215,2920,F,1,0.594275,0.133077,169.115,313.365,F
1474,1,HappyBirthday,942,6205.02,F,1,0.00205147,0.899023,544.171,0.700532,F
1474,1,HappyBirthday,310,20075.4,F,1,0.00935031,0.38858,11953.9,5.36558,F
1475,1,HappyBirthday,481,9490.53,M,1,0.00960644,0.448584,19.5003,3.02572,F
1475,1,HappyBirthday,1216,2920,M,1,0.131958,0.802101,17.1794,47.6857,F
1476,1,HappyBirthday,267,35040.8,F,1,0.365433,0.508667,210.227,250.78,F
1476,1,HappyBirthday,1004,5110,F,1,2.34344e-05,0.0571431,11.6528,0.00727822,F
1478,1,HappyBirthday,1033,4745,F,1,2.81898e-08,0.0791376,1.43091e-05,9.92879e-06,F
1479,1,HappyBirthday,966,32485.9,F,1,9.03871e-05,1.343,0.792864,0.028196,F
1480,1,HappyBirthday,1382,1095,F,1,0.251819,0.0601636,1772.38,374.413,F
1480,1,HappyBirthday,1419,730,F,1,0.384008,0.728774,1668.58,160.883,F
1480,1,HappyBirthday,596,14235.3,M,1,0.00869762,0.380903,10.0057,2.75643,F
1481,1,HappyBirthday,917,10220.3,M,1,0.000185962,0.909534,0.0010664,0.0579432,F
1482,1,HappyBirthday,1467,365,M,0,0,0.10492,0,0,F
1482,1,HappyBirthday,959,9125.82,M,1,0.236766,1.27427,0.690821,83.9724,F
1483,1,HappyBirthday,1321,1825,M,1,0.156557,0.0571072,22.6575,53.0929,F
1484,1,HappyBirthday,1035,4745,M,1,0.00246902,2.22583,40.6026,0.813732,F
1484,1,HappyBirthday,1468,365,F,1,0.383381,0.224834,4904.07,309.191,F
1484,1,HappyBirthday,652,7300.46,F,1,0.00269158,19.083,0.962477,0.838157,F
1484,1,HappyBirthday,1218,2920,M,1,0.00252453,1.00197,1222.89,4.12414,F
1484,1,HappyBirthday,1036,4745,F,1,0.00938694,0.748958,0.0174274,2.93037,F
1485,1,HappyBirthday,1322,1825,F,1,0.0213646,0.580296,180.618,6.71557,F
1485,1,HappyBirthday,468,5475.62,M,1,4.85996e-05,1.22577,445.99,0.0173097,F
1485,1,HappyBirthday,667,6570.3,F,1,0.000371364,0.773296,0.352779,0.115641,F
1485,1,HappyBirthday,1111,4015,F,1,0.0930914,0.41486,53.5934,32.6992,F
1485,1,HappyBirthday,856,5840.77,F,1,0.0254818,0.331769,0.00157201,8.02209,F
1485,1,HappyBirthday,878,10585.7,M,1,0.000604578,0.0931982,0.831659,0.187918,F
1486,1,HappyBirthday,1220,2920,M,1,0.0948317,0.0470162,1.92157,31.0172,F
1486,1,HappyBirthday,1219,2920,F,1,0.00695627,0.212717,12.2358,2.17223,F
1486,1,HappyBirthday,1037,4745,M,1,0.0143106,5.26518,26.0498,4.65217,F
1486,1,HappyBirthday,624,6205.71,F,1,0.00211764,3.92451,1889.24,0.85897,F
1486,1,Births,1518,0,F,0,0,0.105502,0,0,F
1487,1,HappyBirthday,625,20440.6,F,1,0.0592261,1.26719,0.259708,18.974,F
1488,1,HappyBirthday,1005,5110,F,1,0.0435549,0.742408,0.0182469,13.8393,F
1488,1,HappyBirthday,1323,1825,M,1,0.00676727,0.0580944,66.4912,2.78953,F
1488,1,HappyBirthday,899,21170.5,F,1,0.00163554,0.0613598,0.0472354,0.508627,F
1489,1,HappyBirthday,126,8760.4,F,1,0.00776107,30.1012,60.1581,2.58852,F
1490,1,HappyBirthday,1469,365,M,1,0.0151817,0.070652,53.7944,5.10919,F
1491,1,HappyBirthday,201,6935.12,F,1,0,1.66731,111.761,0,F
1491,1,HappyBirthday,1324,1825,M,1,0.010485,0.171695,30.8884,3.57317,F
1492,1,HappyBirthday,233,6935.19,F,1,0.00393396,0.60186,12.8388,1.22923,F
1492,1,HappyBirthday,1222,2920,F,1,0.000842123,0.237485,109.943,0.304236,F
1492,1,HappyBirthday,1420,730,M,1,0.00524306,2.11397,107.184,1.79425,F
1492,1,HappyBirthday,1221,2920,M,1,0.00498506,0.0845667,1.42174,1.55629,F
1492,1,HappyBirthday,743,13140.2,F,1,0.0732343,16.1463,7.32377,23.6489,F
1493,1,HappyBirthday,976,9490.77,F,1,9.45948e-05,0.37635,87.0609,0.0399784,F
1493,1,HappyBirthday,914,6570.25,M,1,0.0427043,2.88689,552.879,13.7109,F
1494,1,HappyBirthday,6,14965.7,F,1,0.000445088,0.330339,0.797557,0.138748,F
1494,1,HappyBirthday,1383,1095,F,1,0.469424,0.882138,8596.75,579.512,F
1494,1,HappyBirthday,843,6570.36,F,1,0,0.0595793,0.749351,0,F
1495,1,HappyBirthday,73,12410.1,M,1,0.634005,0.142849,9.03792,313.442,F
1495,1,HappyBirthday,79,5840.6,F,1,0.00108704,5.8776,927.805,0.897711,F
1495,1,HappyBirthday,975,17155.9,M,1,0.000284838,0.148504,0.0249098,0.0883886,F
1495,1,HappyBirthday,603,16060.2,F,1,0.000133427,60.2948,1666.19,0.277171,F
1495,1,HappyBirthday,1259,2555,M,1,0.00221622,0.233219,96.9722,0.786897,F
1496,1,HappyBirthday,18,19345.6,F,1,0.0010913,0.692321,317.062,0.364929,F
1496,1,HappyBirthday,348,15330.7,F,1,0.000592,0.438707,1255.55,0.199347,F
1496,1,HappyBirthday,398,7665.71,F,1,0.0358165,0.786656,12.7187,11.5623,F
1496,1,HappyBirthday,686,9490.15,F,1,4.9207e-05,0.430458,50.1233,0.0165978,F
1496,1,HappyBirthday,1077,4380,M,1,0,0.422376,0.471878,0,F
1497,1,HappyBirthday,85,10220.6,M,1,0.226179,0.704464,48175.7,1073.9,F
1497,1,HappyBirthday,1183,3285,M,1,0.335985,0.788645,1925.96,357.036,F
1497,1,HappyBirthday,1112,4015,M,1,0.00971719,0.364137,203.129,3.23915,F
1497,1,HappyBirthday,903,7665.56,M,1,0.0031731,0.0564892,1.2e-06,0.987493,F
1498,1,HappyBirthday,17,6205.3,M,1,0.0119687,0.056639,0.0233984,3.74219,F
1498,1,HappyBirthday,733,14965.1,M,1,0.00121088,0.621572,0.0064736,0.376482,F
1498,1,Births,1519,0,F,0,0,0.14652,0,0,F
1499,1,HappyBirthday,1079,4380,F,1,0.0297269,0.0966985,768.672,19.3962,F
1499,1,HappyBirthday,1421,730,F,1,0.597255,0.188121,2243.06,462.78,F
1499,1,HappyBirthday,731,8030.03,M,1,0.00559305,0.599051,0.135157,1.74348,F
1499,1,HappyBirthday,1470,365,F,1,0.0353299,0.509578,7.43353,11.4481,F
1500,1,HappyBirthday,365,18250.5,F,1,0.041906,1.39966,0.455896,13.3294,F
1501,1,HappyBirthday,1038,4745,F,1,0,0.117734,9.81349,0,F
1501,1,HappyBirthday,78,17885.1,F,1,0.000236737,8.11613,0.503422,0.0735922,F
1501,1,HappyBirthday,1113,4015,F,1,9.74661e-06,2.22409,3897.28,0.0127677,F
1501,1,HappyBirthday,1471,365,F,1,0.136155,0.0774811,49.3274,49.1911,F
1501,1,HappyBirthday,589,6935.81,M,1,0.000363421,10.947,0.298099,0.113044,F
1501,1,HappyBirthday,1384,1095,M,1,0.174353,1.15082,94.5677,66.0717,F
1501,1,HappyBirthday,918,29200,M,1,0.000202458,2.65819,23.6123,0.0700924,F
1502,1,HappyBirthday,1039,4745,F,1,0.0198415,0.329785,42.903,6.24401,F
1502,1,HappyBirthday,98,16425.8,M,1,0.00155915,0.831797,2517.75,2.77717,F
1502,1,HappyBirthday,332,20805.3,F,1,0.0134892,18.6114,0.230169,4.22143,F
1503,1,HappyBirthday,1006,5110,F,1,9.32107e-05,1.67352,38.7907,0.0308984,F
1503,1,HappyBirthday,892,12410.5,F,1,0.0130577,0.129599,51.0195,4.09142,F
1504,1,HappyBirthday,1141,3650,M,1,0.139425,7.92669,79.2401,46.6916,F
1504,1,HappyBirthday,441,5475.38,F,1,3.55585e-05,0.978917,1.42174,0.0110543,F
1504,1,HappyBirthday,1260,2555,F,1,7.95391e-06,0.528177,12640.4,0.0247192,F
1504,1,HappyBirthday,588,6205.91,M,1,0.114107,1.74148,759.205,39.5524,F
1505,1,HappyBirthday,140,6205.66,M,1,0,0.0550333,10.4931,0,F
1505,1,HappyBirthday,1422,730,F,1,0.917137,0.389477,14.1027,785.939,F
1505,1,HappyBirthday,886,7665.21,F,1,0.000214026,0.595957,1886.96,0.459582,F
1506,1,HappyBirthday,555,8395.16,M,1,0.00965316,6.73328,13.785,3.18644,F
1506,1,HappyBirthday,879,14965.2,F,1,0.00165162,1.05576,977.824,1.26666,F
1507,1,HappyBirthday,239,15330.2,F,1,0.0856838,0.615862,51.7179,29.847,F
1507,1,HappyBirthday,473,24820.4,M,1,7.95178e-05,1.34824,0.666713,0.0247808,F
1507,1,HappyBirthday,847,10950.3,M,1,0.338344,0.357367,1300.78,308.633,F
1508,1,HappyBirthday,611,5475.79,M,1,0,0.225164,1.83734,0,F
1508,1,HappyBirthday,1385,1095,M,1,0.092739,0.315873,3.3953,30.3866,F
1509,1,HappyBirthday,156,6205.58,M,1,1.40717e-06,0.0913429,4.99057,0.000437483,F
1510,1,HappyBirthday,1184,3285,M,1,0.108096,1.09145,0.00702904,35.5527,F
1510,1,HappyBirthday,546,17520.7,F,1,0.00429267,0.494206,0.0195616,1.33693,F
1510,1,HappyBirthday,1224,2920,F,1,0.0862126,4.62538,2264.33,230.788,F
1510,1,HappyBirthday,987,21535.5,M,1,0.000768197,15.2318,12.1653,0.241558,F
1511,1,HappyBirthday,951,8395.12,F,1,0.00065881,0.297389,20.2565,0.207284,F
1511,1,HappyBirthday,1326,1825,F,1,0.000168978,0.0344669,29099.3,0.163099,F
1511,1,Births,1520,0,M,0,0,0.0309661,0,0,F
1512,1,HappyBirthday,1225,2920,M,1,9.14768e-05,0.956196,47776.2,0.142486,F
1512,1,HappyBirthday,1386,1095,F,1,0.01621,0.0871449,1.7924,5.07998,F
1512,1,HappyBirthday,1143,3650,F,1,0.000640446,2.14031,0.0324058,0.199242,F
1512,1,HappyBirthday,994,13505.2,M,1,5.33716e-05,0.0919357,9.45887,0.0172742,F
1513,1,HappyBirthday,1472,365,M,1,0.504532,1.05183,21.9171,235.71,F
1513,1,HappyBirthday,804,8030.67,F,1,0.000588202,1.74825,56.8648,0.186982,F
1514,1,HappyBirthday,608,21900,F,1,0.172024,0.553297,234.22,60.1649,F
1514,1,HappyBirthday,711,6935.05,F,1,0.000357302,0.185,0.00159349,0.111024,F
1514,1,HappyBirthday,1327,1825,M,1,0.0196425,0.0758344,51.5103,6.71091,F
1515,1,HappyBirthday,1473,365,M,1,0.00488278,0.748411,124.498,2.33505,F
1515,1,HappyBirthday,1356,1460,F,1,0.00254678,0.013405,28.4409,0.824615,F
1515,1,HappyBirthday,939,25915.4,F,1,0.000242266,2.31046,1.87816,0.0757186,F
1516,1,HappyBirthday,104,12410.2,M,1,0.00391486,62.9457,170.037,1.25267,F
1517,1,HappyBirthday,1114,4015,F,1,0.00702567,1.39743,2.69012,2.20035,F
1517,1,HappyBirthday,712,16790.8,F,1,0.00182011,0.0135816,0.657904,0.566703,F
1517,1,HappyBirthday,900,16060.4,M,1,0.00862228,2.33386,0.019699,2.6913,F
1518,1,HappyBirthday,323,11315.9,F,1,0.19857,2.21547,4924.11,150.372,F
1518,1,HappyBirthday,776,15695.5,F,1,0.0011934,1.1012,0.0251806,0.371365,F
1518,1,HappyBirthday,793,7665.99,F,1,2.15485e-05,0.0823725,2842.68,0.0129658,F
1519,1,HappyBirthday,235,18615.9,M,1,0.0108906,0.539466,0.0992676,3.40326,F
1520,1,HappyBirthday,1185,3285,M,1,0.00072067,16.9989,556.524,0.27808,F
1520,1,HappyBirthday,633,26280.8,F,1,1.43958e-05,0.384637,49.8889,0.0047054,F
1520,1,HappyBirthday,753,6935.62,F,1,0.000291773,0.448129,312.954,0.157434,F
1521,1,HappyBirthday,61,8395.52,M,1,0.0774467,2.45886,1.40897,25.0539,F
1521,1,HappyBirthday,1144,3650,F,1,0.0017438,0.0928126,1934.25,0.757193,F
1521,1,HappyBirthday,266,10950.1,F,1,0.0973663,2.88709,146.888,32.4392,F
1521,1,HappyBirthday,371,7665.63,M,1,0.00113736,2.69935,1.14644,0.355688,F
1521,1,HappyBirthday,455,28835.1,M,1,8.3931e-05,1.44589,6.15479,0.0266366,F
1521,1,HappyBirthday,1387,1095,M,1,0.169017,0.36577,86596,1095.43,F
1522,1,HappyBirthday,277,20440.7,F,1,0.0039751,0.00758281,44.7361,1.31821,F
1523,1,HappyBirthday,542,15695.3,M,1,0.00632687,0.74709,8.98013,1.99816,F
1523,1,HappyBirthday,1357,1460,F,1,0.359155,0.020501,99.0248,157.418,F
1524,1,HappyBirthday,48,7300.4,M,1,0.00540209,9.02979,87.1917,1.77688,F
1524,1,HappyBirthday,973,7300.91,F,1,4.75864e-05,0.535927,314.622,0.0159478,F
1524,1,HappyBirthday,1082,4380,M,1,0.125215,0.438307,1.45883,41.5759,F
1524,1,HappyBirthday,1328,1825,F,0,0,0.00496577,0,0,F
1524,1,HappyBirthday,1186,3285,M,1,0.00722109,1.32292,1.83594,2.2607,F
1525,1,HappyBirthday,92,9855.33,F,1,0.169429,5.74062,46.9267,62.091,F
1525,1,HappyBirthday,1042,4745,M,1,0.0864476,0.689061,77.8602,28.3491,F
1525,1,HappyBirthday,225,5840.07,F,0,0,0.0210649,0,0,F
1525,1,HappyBirthday,311,13140.5,F,1,0.00492458,27.3736,0.12901,1.53503,F
1525,1,HappyBirthday,1423,730,F,1,0.639231,0.0821708,0.4035,316.921,F
1525,1,HappyBirthday,1083,4380,M,1,0.0527396,0.612296,0.131724,16.839,F
1526,1,HappyBirthday,962,17520,M,0,0,0.102017,0,0,F
1527,1,HappyBirthday,1358,1460,M,1,0.00623592,0.0471318,2.68752,1.94417,F
1527,1,HappyBirthday,666,16425.6,F,1,0.355806,0.225727,62.2806,136.869,F
1528,1,HappyBirthday,134,30295.6,M,1,0.00164541,0.516907,0.0007236,0.511548,F
1528,1,HappyBirthday,321,8030.38,M,1,0.0380979,5.30903,2313.28,51.9172,F
1528,1,HappyBirthday,343,7300.22,F,1,0.00432966,0.143174,9.16896,1.35058,F
1528,1,HappyBirthday,1187,3285,F,1,0.00890866,1.29439,4991.31,16.3547,F
1529,1,HappyBirthday,1424,730,F,1,0.0700988,0.441086,106.933,28.4682,F
1529,1,HappyBirthday,550,10220.1,M,1,0.0001315,4.78094,28.9251,0.0459948,F
1530,1,HappyBirthday,317,18980.1,F,1,0.00375447,0.742095,776.519,1.19674,F
1531,1,HappyBirthday,1329,1825,M,1,0.101722,1.06976,1358.63,57.3347,F
1532,1,HappyBirthday,35,28105.1,F,1,0,0.0382011,0,0,F
1532,1,HappyBirthday,935,6935.79,M,1,0.000406226,0.207384,8.37719e-07,0.126242,F
1533,1,HappyBirthday,998,9855.03,M,1,0.489884,0.2812,1.75279,209.307,F
1533,1,HappyBirthday,1226,2920,M,1,0.0892527,0.489006,1021.77,58.5059,F
1534,1,HappyBirthday,373,8030.05,F,1,0.0807655,0.713366,0.496278,26.1912,F
1534,1,HappyBirthday,1084,4380,M,1,0.122122,0.208597,5.47177,40.7475,F
1535,1,HappyBirthday,149,5840.25,M,1,0.000921708,0.215746,0.0291169,0.286736,F
1535,1,HappyBirthday,1146,3650,F,1,9.06753e-07,0.87599,497.959,0.000491019,F
1535,1,HappyBirthday,1474,365,F,1,0.00402407,0.0533882,103.753,1.49971,F
1535,1,HappyBirthday,1475,365,F,1,0.380691,0.579101,3733.33,298.351,F
1536,1,HappyBirthday,619,10220.2,M,1,0.00190991,1.12697,137.087,0.706372,F
1536,1,HappyBirthday,1388,1095,F,1,0,0.0432076,0,0,F
1536,1,HappyBirthday,1263,2555,M,1,0,0.162804,128.153,0,F
1536,1,HappyBirthday,1330,1825,M,1,0.155006,0.118838,111.583,62.4691,F
1538,1,HappyBirthday,247,10220.8,M,1,0.0296065,0.478229,15.0786,9.71153,F
1538,1,HappyBirthday,1147,3650,M,1,0.00836641,1.91982,0.00253802,2.61053,F
1538,1,HappyBirthday,539,17885.6,F,1,0.00186311,5.92842,1e-06,0.579232,F
1538,1,HappyBirthday,863,6205.03,M,1,0.0120859,7.86373,7.84114,3.82185,F
1539,1,HappyBirthday,315,12775.5,F,1,0.0224428,4.48591,126.028,7.32301,F
1539,1,HappyBirthday,1476,365,M,1,0.00544293,0.123154,3.80064,1.70235,F
1540,1,HappyBirthday,1115,4015,M,1,0.115893,1.44573,83.2196,41.7566,F
1540,1,HappyBirthday,1425,730,M,1,0.16668,0.76342,97.5518,64.7547,F
1541,1,HappyBirthday,250,8760.22,M,1,0.00941001,7.6869,28.6724,3.20593,F
1541,1,HappyBirthday,262,13505.9,M,1,0.00108652,0.104249,695.708,0.365363,F
1542,1,HappyBirthday,1264,2555,M,1,0.00247068,2.12998,105.142,0.940988,F
1542,1,HappyBirthday,676,13140.6,F,1,0,0.00658125,118.34,0,F
1542,1,HappyBirthday,709,5840.03,F,1,0.00123011,2.65486,318.659,0.755252,F
1543,1,HappyBirthday,1188,3285,F,1,0.0437092,3.32882,0.352793,13.8963,F
1543,1,HappyBirthday,614,6935.17,F,1,0.0678257,0.183662,0.0301662,21.8268,F
1544,1,HappyBirthday,949,13505.6,M,1,0.0116798,2.10615,1876.65,5.89741,F
1544,1,HappyBirthday,1389,1095,F,1,0.155962,0.800705,18.5176,53.3145,F
1545,1,HappyBirthday,106,28835.3,M,1,0.00193911,8.68795,27.8881,0.604405,F
1545,1,HappyBirthday,706,19345.9,M,1,0.000524305,5.18136,966.981,0.779384,F
1545,1,HappyBirthday,1008,5110,M,1,0.00645719,4.00111,1.3347,2.01414,F
1547,1,HappyBirthday,31,22265.9,F,1,0.000857455,11.1042,0.00095,0.266449,F
1547,1,HappyBirthday,1266,2555,F,1,0.000509445,4.33044,2.84422e-05,0.158222,F
1547,1,HappyBirthday,1265,2555,F,1,0.131467,0.468228,3.80034,43.9307,F
1547,1,HappyBirthday,1148,3650,M,1,0.0381427,2.55795,1.07828,12.0937,F
1547,1,HappyBirthday,1045,4745,F,1,0.0195289,0.207171,1267.22,14.457,F
1547,1,HappyBirthday,1359,1460,M,1,0.00235242,0.257075,1.30868,0.73578,F
1548,1,HappyBirthday,1331,1825,F,1,0.199746,0.237455,3172.97,78.5928,F
1548,1,HappyBirthday,334,9490.19,M,1,0.0902961,1.79295,1651.92,29.5416,F
1548,1,HappyBirthday,1085,4380,F,1,0.00595086,0.932957,0.0437144,1.8548,F
1548,1,HappyBirthday,664,12410.2,F,1,0,1.22928,0.159655,0,F
1549,1,HappyBirthday,1149,3650,F,0,0,0.0235926,0,0,F
1549,1,HappyBirthday,677,18250.4,F,1,0.000142833,0.257342,611.403,0.161486,F
1550,1,HappyBirthday,516,8760.97,F,1,7.44607e-05,0.19194,0.015,0.023162,F
1550,1,HappyBirthday,1267,2555,M,1,1.88527e-05,0.272419,41734.9,0.146964,F
1550,1,HappyBirthday,1332,1825,M,1,0.000493132,0.0377947,23996.8,0.358224,F
1550,1,HappyBirthday,1426,730,F,1,0.0290598,4.57744,309.787,10.1777,F
1550,1,Births,1521,0,F,0,0,0.212529,0,0,F
1551,1,HappyBirthday,562,15695.1,M,1,0.00187427,11.3326,0.0014328,0.582956,F
1551,1,HappyBirthday,1477,365,M,1,0.169859,0.0360574,516.058,199.906,F
1552,1,HappyBirthday,1150,3650,M,1,0.0167288,0.82648,492.529,5.88287,F
1552,1,HappyBirthday,1478,365,M,1,0.10019,0.571752,117.113,37.5258,F
1553,1,HappyBirthday,222,21900.3,F,1,0.000440194,0.332546,3.89262,0.138965,F
1553,1,HappyBirthday,1333,1825,M,1,0.000402757,0.461934,3775.67,0.204424,F
1553,1,HappyBirthday,1291,2190,M,1,0.205629,1.60292,165.836,77.9542,F
1554,1,HappyBirthday,65,27010.7,F,1,0.00489014,0.536082,4.639,1.52435,F
1555,1,HappyBirthday,1427,730,F,1,0.668694,0.058143,468.939,372.336,F
1556,1,HappyBirthday,1116,4015,M,1,8.97981e-06,0.113759,5501.06,0.0175082,F
1556,1,HappyBirthday,299,8760.47,M,1,0.106116,8.21154,3970.41,34.9084,F
1557,1,HappyBirthday,75,18980.4,F,1,0.0122973,0.0614304,2551.89,14.5045,F
1557,1,HappyBirthday,720,14235.8,M,1,0.00193678,2.28673,124.52,0.609318,F
1558,1,HappyBirthday,62,23725.1,M,1,0.0165622,5.93492,5e-06,5.18969,F
1558,1,HappyBirthday,1189,3285,F,1,0.00987424,30.3906,2.24716,3.11879,F
1559,1,HappyBirthday,1227,2920,M,1,0.0380889,0.293865,6.1369,12.0936,F
1559,1,HappyBirthday,1390,1095,F,1,0.0741254,0.0323376,14731,72.194,F
1559,1,HappyBirthday,1151,3650,M,1,0.207369,14.2592,679.94,79.9117,F
1559,1,HappyBirthday,823,28835,F,1,0.212308,0.257265,0.692083,74.3758,F
1560,1,HappyBirthday,605,16425.8,M,1,0.000446325,0.504332,1594.89,0.462019,F
1560,1,HappyBirthday,1428,730,M,1,0.000163962,0.103758,0,0.0510605,F
1560,1,HappyBirthday,744,11680.7,M,1,0.00109187,0.34381,156.651,0.568481,F
1561,1,HappyBirthday,1152,3650,F,1,0.00499418,0.0797943,133.141,2.25855,F
1561,1,Births,1522,0,F,0,0,0.0483151,0,0,F
1562,1,HappyBirthday,1271,2555,F,1,0.302793,0.320105,1205.32,120.332,F
1563,1,HappyBirthday,1334,1825,F,1,0.114731,0.89894,97181.4,1288.52,F
1563,1,HappyBirthday,1391,1095,M,1,0.190194,1.18431,8415.43,69.7682,F
1563,1,HappyBirthday,249,7300.05,F,1,0.0915005,0.988241,10.1883,30.2825,F
1564,1,HappyBirthday,206,6935.07,F,1,0.0153441,0.768556,0.00678427,4.80578,F
1564,1,HappyBirthday,207,8395.56,F,1,7.54227e-06,3.90236,710.778,0.0045528,F
1564,1,HappyBirthday,1117,4015,F,1,0.0040885,0.401509,4.22635,1.27287,F
1564,1,HappyBirthday,725,14600.8,M,1,0.000175706,13.4492,9.2e-06,0.0546642,F
1565,1,HappyBirthday,466,10220.3,F,1,0,0.78765,1.91295,0,F
1565,1,HappyBirthday,1430,730,M,1,0.881259,0.0248932,20.0706,665.541,F
1566,1,HappyBirthday,302,18250.2,F,1,0.644637,3.45868,5534.76,382.901,F
1566,1,HappyBirthday,410,5840.15,F,1,0.00513764,0.39997,0.0375428,1.60075,F
1566,1,HappyBirthday,774,8395.74,F,1,0.00584315,43.2059,3.22362,1.84026,F
1567,1,HappyBirthday,1087,4380,M,1,0.0391632,0.573572,24.5714,13.5584,F
1567,1,HappyBirthday,1431,730,M,1,0.758119,0.669794,2437.09,1281.19,F
1567,1,HappyBirthday,1479,365,M,1,0.470239,0.519691,156.044,259.959,F
1568,1,HappyBirthday,1292,2190,M,1,0.00217907,0.905372,0.95678,0.681334,F
1568,1,HappyBirthday,256,7300.36,M,1,0.000726657,1.80354,23.9686,0.22605,F
1568,1,HappyBirthday,1050,4745,F,1,9.66785e-07,1.12118,3878.33,0.00183069,F
1569,1,HappyBirthday,425,11315.5,M,1,0.00115828,0.907806,626.4,0.646358,F
1569,1,HappyBirthday,531,9490.94,F,1,0.000354961,0.210957,67.0658,0.120721,F
1569,1,HappyBirthday,1432,730,F,1,0.00579809,0.153439,692.465,3.5832,F
1570,1,HappyBirthday,52,10950.4,M,1,0.12747,2.07544,111.544,42.5216,F
1570,1,HappyBirthday,230,14600,M,1,0.0258506,0.515791,1.02698,8.14007,F
1570,1,HappyBirthday,1480,365,F,1,0.271233,0.21081,9562.39,1349.71,F
1571,1,HappyBirthday,16,9855.4,F,1,0.0475576,0.403238,1615.97,37.5359,F
1571,1,HappyBirthday,447,12775.5,F,1,0.000676841,0.20294,1516.75,0.229162,F
1571,1,HappyBirthday,808,10220,F,1,3.10755e-05,0.206952,0.469829,0.0096464,F
1572,1,HappyBirthday,182,34310.8,F,1,0.0147593,1.4053,0.150706,4.62121,F
1572,1,HappyBirthday,474,28470.4,M,1,0.00622622,0.587325,105.263,2.83954,F
1572,1,HappyBirthday,1293,2190,M,1,0.134797,0.357623,78.7071,51.0679,F
1573,1,HappyBirthday,1360,1460,M,1,0.000859142,1.50497,21983.2,0.325102,F
1573,1,HappyBirthday,1088,4380,M,1,0.0626816,2.93658,11.5375,20.4357,F
1573,1,HappyBirthday,1190,3285,M,1,0.160212,0.933823,5.73871,54.2722,F
1573,1,HappyBirthday,924,7300.05,F,1,0.00208086,1.88651,0.180397,0.647742,F
1574,1,HappyBirthday,293,5840.04,M,1,0.0274941,1.20517,95.2254,8.96175,F
1574,1,HappyBirthday,831,8760.74,M,1,0.000225132,1.38633,7.24678,0.0700892,F
1576,1,HappyBirthday,1294,2190,M,1,0.706392,0.229978,167.136,447.951,F
1576,1,HappyBirthday,56,17520,M,1,0.00217404,0.0720668,20.5203,0.700505,F
1576,1,HappyBirthday,1295,2190,F,1,0.00221776,0.0976536,91.5477,0.756639,F
1576,1,HappyBirthday,1272,2555,F,1,0.142212,2.09846,48.5564,51.1782,F
1576,1,HappyBirthday,514,7665.94,M,1,0.000777396,1.20035,0.148788,0.241682,F
1576,1,HappyBirthday,552,7300.69,F,1,0.0174007,0.493941,4786.34,9.59832,F
1577,1,HappyBirthday,967,7665.66,M,1,0.00239774,0.107054,2.16362,0.748361,F
1577,1,HappyBirthday,772,23725.4,M,1,0.0110958,3.73633,839.115,3.56648,F
1577,1,Births,1523,0,M,0,0,0.0849672,0,0,F
1578,1,HappyBirthday,100,21170.8,M,1,0.0993498,3.01162,28.3919,36.2742,F
1578,1,HappyBirthday,1119,4015,M,1,0,0.628287,0.00504306,0,F
1578,1,HappyBirthday,305,11315.6,M,1,0.00300916,1.41351,0.0150066,0.936544,F
1578,1,HappyBirthday,1089,4380,F,1,0.0144064,0.853111,149.464,4.54769,F
1578,1,HappyBirthday,703,6570.89,F,1,0.000425486,0.174656,606.826,0.244142,F
1579,1,Births,1524,0,M,0,0,0.0583792,0,0,F
1580,1,HappyBirthday,943,6935.42,M,1,0.150572,0.10528,462,86.3704,F
1581,1,HappyBirthday,23,7300.5,F,1,0.0103778,1.6267,1.44495,3.24191,F
1581,1,HappyBirthday,1229,2920,M,1,3.8949e-05,0.147652,6312.09,0.0853242,F
1581,1,HappyBirthday,391,5475.19,M,1,0.00182479,1.79146,83.1851,0.599107,F
1581,1,HappyBirthday,429,21170.5,M,1,0.00036949,4.04862,34.9963,0.121886,F
1581,1,HappyBirthday,1481,365,M,1,0.00149241,0.999984,4321.1,2.9986,F
1581,1,HappyBirthday,1228,2920,F,1,0.0965217,0.170917,5.45679,32.4118,F
1584,1,HappyBirthday,195,9125.57,M,1,0.0216578,1.60141,0.279556,6.80422,F
1584,1,HappyBirthday,520,16425.6,F,1,0.00113104,0.634042,218.732,0.456827,F
1585,1,HappyBirthday,1191,3285,F,1,0.000190419,0.157651,1.91393,0.0594125,F
1587,1,HappyBirthday,1482,365,M,1,0.00384515,0.037347,0.00295148,1.19773,F
1587,1,HappyBirthday,518,15330.8,F,1,0.112065,2.27277,640.68,40.8336,F
1587,1,HappyBirthday,815,10585.6,M,1,0.0141652,11.9591,0.146536,4.43343,F
1587,1,HappyBirthday,837,6205.45,M,1,0.0527771,0.156327,1.38734,16.8716,F
1587,1,HappyBirthday,1120,4015,M,1,0.000838202,1.44603,352.486,0.38353,F
1588,1,HappyBirthday,388,9490.2,M,1,0,0.123075,11534.3,0,F
1588,1,HappyBirthday,600,8760.41,M,1,0.0524631,2.2546,548.054,17.1227,F
1588,1,HappyBirthday,801,10220.2,F,1,0.0132314,5.2139,855.587,9.36931,F
1588,1,HappyBirthday,874,13505.9,F,1,0.0191939,0.393928,4.74762,6.12119,F
1590,1,HappyBirthday,335,11316,M,1,0.00132558,0.281574,0.540258,0.4132,F
1590,1,HappyBirthday,1090,4380,M,1,0.0433892,0.353068,0.327168,13.8035,F
1590,1,HappyBirthday,852,16790.7,M,1,0.000212603,0.134949,0.0173382,0.0660692,F
1591,1,HappyBirthday,1335,1825,F,1,0.000398743,3.35572,3909.78,1.56856,F
1591,1,HappyBirthday,536,5475.49,M,1,0.00468939,6.00362,4839.69,2.8595,F
1591,1,HappyBirthday,628,10220.5,F,1,0,6.7881,0.0933098,0,F
1591,1,HappyBirthday,1433,730,M,1,0.115063,0.224843,3081.75,41.1488,F
1591,1,HappyBirthday,1336,1825,M,1,0.367729,0.132496,17.4812,151.872,F
1592,1,HappyBirthday,259,27375,F,1,0,0.137295,113.244,0,F
1592,1,HappyBirthday,517,5840.93,F,1,0.0001255,0.710527,36256.8,0.154467,F
1593,1,HappyBirthday,263,18615.1,M,1,0.000702116,0.88662,4.7162,0.218363,F
1593,1,HappyBirthday,1121,4015,M,1,0.00168833,5.11068,9348.69,2.68859,F
1594,1,HappyBirthday,309,24820.5,M,1,0.0184049,0.951644,7.20288,5.85453,F
1594,1,HappyBirthday,486,20440.5,M,1,0.00150312,0.425407,14.6628,0.497997,F
1594,1,HappyBirthday,554,21535.6,M,1,0.466498,13.9292,7.31793,201.882,F
1595,1,HappyBirthday,74,16425,F,1,0.201082,0.152388,3722.68,86.1545,F
1595,1,HappyBirthday,602,21170.6,F,1,0.0015411,0.127788,1819.62,0.974671,F
1596,1,HappyBirthday,867,13870.8,F,1,0.45691,0.595867,5.56757,192.249,F
1597,1,HappyBirthday,1231,2920,M,1,0.105503,0.16076,32.4336,34.6703,F
1597,1,HappyBirthday,1337,1825,M,1,0.157542,0.0638889,30.0297,56.9569,F
1597,1,HappyBirthday,938,8760.23,F,1,0.0319545,4.40283,5.66643,10.3416,F
1597,1,HappyBirthday,1434,730,F,1,0.00094856,0.201338,97705.8,6.74672,F
1598,1,HappyBirthday,152,6570.04,M,1,0.00144548,0.348701,275.814,0.452443,F
1598,1,HappyBirthday,1274,2555,F,1,0.0984187,1.19422,46.1601,35.9454,F
1598,1,HappyBirthday,1153,3650,M,1,0.00026794,0.0467638,79.3347,0.0833801,F
1598,1,HappyBirthday,467,18980.2,F,1,0.00140757,0.586258,0.388535,0.437895,F
1598,1,HappyBirthday,1338,1825,M,1,0.121215,0.29306,3.18942,40.2959,F
1599,1,HappyBirthday,1361,1460,M,1,0.000355126,0.687557,13259.2,0.16442,F
1599,1,HappyBirthday,726,15695.3,F,1,0.0238782,2.64055,1.16029,7.51106,F
1600,1,HappyBirthday,414,15330.7,F,1,0.066613,3.92404,8.9511,21.4839,F
1600,1,HappyBirthday,1000,9855.11,F,1,0.0118128,4.30541,1234.87,3.72686,F
1601,1,HappyBirthday,1363,1460,F,1,0.00190288,0.200867,4090.88,1.1544,F
1601,1,HappyBirthday,1154,3650,F,1,0.0546695,0.0346469,14810.7,135.331,F
1602,1,HappyBirthday,275,17155.3,M,1,0.0399874,0.272531,6.11071,13.0025,F
1602,1,HappyBirthday,762,20805.9,F,1,0.00750486,0.15021,1.6606,2.34105,F
1603,1,HappyBirthday,1011,5110,M,1,0.0663504,2.66679,0.31714,21.3504,F
1603,1,HappyBirthday,574,6205.5,M,1,0.270374,1.46786,1131.52,271.874,F
1603,1,HappyBirthday,890,9125.24,M,1,0.0488539,0.320052,86.444,16.3249,F
1603,1,Births,1525,0,M,0,0,0.0130871,0,0,F
1604,1,HappyBirthday,1054,4745,F,1,0.00120793,1.46985,39.3169,0.376976,F
1604,1,HappyBirthday,199,5475.24,M,1,0.0529469,1.42765,0.866455,16.9235,F
1604,1,HappyBirthday,931,16425.4,F,1,0.00629178,2.18847,1369.44,2.49072,F
1604,1,HappyBirthday,930,27010.6,M,1,0.00689146,0.538903,4.3e-05,2.14935,F
1605,1,HappyBirthday,397,8395.82,M,1,0.00621068,0.929667,20.1337,2.10307,F
1606,1,HappyBirthday,1392,1095,M,1,0.716055,0.0524805,916.715,560.784,F
1606,1,HappyBirthday,81,14600.5,F,1,0.0615441,0.286364,148.785,29.1743,F
1607,1,HappyBirthday,1156,3650,F,1,0.00227328,0.0787691,99.7935,0.807943,F
1607,1,HappyBirthday,498,18615.1,M,1,0.00359452,0.63119,6.6195,1.14231,F
1608,1,HappyBirthday,1484,365,M,1,0.87196,0.138969,255.219,828.985,F
1608,1,HappyBirthday,57,6570.35,F,1,0.387504,0.0819688,953.406,252.719,F
1608,1,HappyBirthday,416,7665.62,M,1,0.149948,0.839649,74.6081,64.6376,F
1608,1,HappyBirthday,1393,1095,F,1,0.0535567,0.0948751,1264.1,20.5518,F
1608,1,HappyBirthday,682,6205.03,F,1,0.0217239,3.07475,50.858,6.84044,F
1609,1,HappyBirthday,37,18615.7,F,1,0.00028761,1.69045,534.748,0.0942204,F
1609,1,HappyBirthday,97,21900.2,F,1,8.35889e-05,3.49917,41.4084,0.0299438,F
1609,1,HappyBirthday,1192,3285,F,1,0.126087,0.509897,452.727,43.8552,F
1610,1,HappyBirthday,183,18615.1,F,1,0.0494931,6.09024,2.75026,15.8316,F
1610,1,HappyBirthday,243,6205.64,F,1,8.1339e-06,1.57661,11.4904,0.00252961,F
1610,1,HappyBirthday,1364,1460,M,1,0.112384,0.0118148,18520.7,1325.53,F
1610,1,HappyBirthday,564,15695.2,F,1,3.65419e-06,0.404952,1956.8,0.0037226,F
1611,1,HappyBirthday,209,5840.19,M,1,0.0457021,14.3921,2128.96,17.7028,F
1611,1,HappyBirthday,273,29930.5,F,1,0.00417494,4.99425,57.6332,1.31896,F
1611,1,HappyBirthday,495,9855.38,F,1,0.00287738,0.385426,0.0170574,0.895945,F
1611,1,HappyBirthday,768,9125.64,F,1,0.0737621,0.552325,15.8618,23.8498,F
1612,1,HappyBirthday,234,9490.92,M,1,9.82574e-06,10.5403,0.0566508,0.0030534,F
1612,1,HappyBirthday,421,7300.66,F,1,0.00225875,0.263003,31.7715,0.741271,F
1612,1,HappyBirthday,1122,4015,M,1,0.000962452,1.95712,1.46439,0.299821,F
1613,1,HappyBirthday,1056,4745,M,1,0.0030098,0.0950796,5.57449,0.958249,F
1614,1,HappyBirthday,144,7300.48,F,1,0.00117905,2.43354,157.359,0.3813,F
1614,1,HappyBirthday,1193,3285,M,1,0.662672,1.70291,114.495,359.413,F
1615,1,HappyBirthday,362,8395.5,M,1,0.00810457,0.11378,0.736683,2.53115,F
1615,1,HappyBirthday,426,8030.42,M,1,0.00274493,0.647829,6.92969,0.854928,F
1615,1,HappyBirthday,1296,2190,F,1,0.0198215,0.496803,97.9269,7.06621,F
1616,1,HappyBirthday,1092,4380,M,1,0.00510868,0.127596,1374.55,2.47262,F
1616,1,HappyBirthday,595,20805.4,F,1,1.59031e-05,5.68056,0.143912,0.0049458,F
1617,1,HappyBirthday,40,23725.4,F,1,9.63304e-05,3.87824,13113.4,0.816404,F
1617,1,HappyBirthday,147,6570.74,M,1,0.00334013,3.72106,1.1051,1.04463,F
1617,1,HappyBirthday,1435,730,F,0,0,0.014678,0,0,F
1617,1,HappyBirthday,560,10585.9,M,1,0.0822357,47.8954,10.0574,26.7929,F
1617,1,HappyBirthday,791,7300.67,M,1,0.00199593,0.987979,0.0606497,0.620916,F
1617,1,HappyBirthday,849,19710.5,M,1,0.110652,0.557239,749.908,37.1902,F
1617,1,Births,1526,0,M,0,0,0.0833677,0,0,F
1618,1,HappyBirthday,1015,5110,M,1,0.0464903,1.19827,8.95334,15.3222,F
1619,1,HappyBirthday,1436,730,F,1,0.27761,1.11889,1788.66,320.688,F
1619,1,HappyBirthday,1232,2920,M,1,0.00441747,0.550268,15.9456,1.48571,F
1619,1,HappyBirthday,1057,4745,F,1,0.0172337,3.26174,127.841,5.51354,F
1620,1,HappyBirthday,1339,1825,F,1,0.0295451,0.287145,382.044,9.32268,F
1620,1,HappyBirthday,680,5475.17,M,1,0.00653748,2.00149,33.8561,2.04324,F
1620,1,HappyBirthday,1093,4380,M,1,0.0425191,1.57913,71.9846,17.2696,F
1620,1,Births,1527,0,F,0,0,0.015519,0,0,F
1621,1,HappyBirthday,1485,365,F,1,0.00382779,0.108502,12826,34.0705,F
1621,1,HappyBirthday,889,10220.7,F,1,0.00426121,6.50212,25.4601,1.36184,F
1621,1,HappyBirthday,907,14235.7,M,1,0.000338972,3.80796,78.5975,0.146819,F
1622,1,HappyBirthday,1297,2190,F,1,0.0101705,1.30284,47.4551,3.77929,F
1622,1,HappyBirthday,460,6935.15,F,1,0.000822937,0.497239,1.28075,0.25661,F
1623,1,HappyBirthday,598,14965.1,F,1,0.000952831,3.21329,1979.07,1.01533,F
1623,1,HappyBirthday,788,5840.99,M,1,0,5.04918,0.345057,0,F
1625,1,HappyBirthday,582,16790.7,F,1,0.000116414,3.98946,48.4749,0.037895,F
1626,1,HappyBirthday,260,7300.62,F,1,0.00901317,0.277363,3.49361,2.8164,F
1626,1,HappyBirthday,281,11680.6,F,1,1.55845e-05,0.473746,288.019,0.0051872,F
1626,1,HappyBirthday,1233,2920,F,1,0.258002,1.52817,233.13,144.253,F
1626,1,HappyBirthday,842,13140.3,F,1,0.111051,0.33453,13.7745,36.6309,F
1626,1,HappyBirthday,1341,1825,M,1,0.00904251,0.0753963,24.7201,2.8726,F
1627,1,HappyBirthday,668,10950.3,F,1,0.00062413,1.96645,0.292537,0.194178,F
1628,1,HappyBirthday,811,6205.03,F,1,2.24507e-05,0.588176,16000.9,0.0411201,F
1628,1,HappyBirthday,894,20440.8,M,1,0.0641731,0.205302,43.0519,21.0669,F
1629,1,HappyBirthday,153,5475.94,M,1,0.0194069,0.0475782,0.088989,6.09152,F
1629,1,HappyBirthday,376,25185.9,F,1,0.00104267,5.86139,67.2598,0.355705,F
1629,1,HappyBirthday,493,5475.23,F,1,0.0435039,0.109126,13142.2,18.4627,F
1629,1,HappyBirthday,642,5475.05,F,1,0.000358269,1.25358,0.016611,0.111332,F
1629,1,HappyBirthday,1486,365,M,1,0.140989,0.037759,97688,1481.23,F
1630,1,HappyBirthday,1366,1460,M,1,0.000939343,0.060832,2.30468,0.293282,F
1630,1,HappyBirthday,1365,1460,M,1,0.000164775,0.252648,13247.8,0.0948246,F
1630,1,HappyBirthday,647,8760.69,M,1,0.00169324,0.209692,0.234977,0.526608,F
1631,1,HappyBirthday,799,7665.96,M,1,0.0746693,0.320718,3.99037,24.1169,F
1632,1,HappyBirthday,1298,2190,F,1,3.71095e-05,0.0371302,21.3096,0.0127578,F
1632,1,HappyBirthday,1342,1825,M,1,0.00575621,4.68056,351.638,2.36928,F
1632,1,HappyBirthday,338,17885.9,F,1,0.00320904,1.02987,132.473,1.10934,F
1632,1,HappyBirthday,1275,2555,F,1,0.0490568,1.37521,2151.8,16.6235,F
1632,1,Births,1528,0,F,0,0,0.0805932,0,0,F
1633,1,HappyBirthday,403,18980.6,M,1,0.00394264,0.500392,0.0001386,1.22782,F
1634,1,HappyBirthday,1094,4380,M,1,0.0149378,2.29491,50.3609,4.71171,F
1634,1,Births,1529,0,M,0,0,0.0547943,0,0,F
1635,1,HappyBirthday,1367,1460,F,1,0.247821,0.555545,1727.75,188.747,F
1636,1,HappyBirthday,137,6570,M,1,8.37071e-06,1.71869,0.514016,0.0026098,F
1636,1,HappyBirthday,453,13140.9,M,1,0.000145707,2.15966,32.7912,0.0455052,F
1636,1,HappyBirthday,471,7300.39,M,1,0.000531727,1.7393,0.411649,0.16538,F
1636,1,HappyBirthday,1488,365,F,1,0.749888,0.126392,93.0879,490.019,F
1636,1,HappyBirthday,1487,365,F,1,0.163857,0.147175,19157.8,711.315,F
1637,1,HappyBirthday,240,21535,M,1,0.00352925,0.352423,116.262,1.16226,F
1637,1,HappyBirthday,650,7300,M,1,0.015935,0.256289,0.000313239,4.99198,F
1638,1,HappyBirthday,86,13870.5,M,1,0.0749397,0.119608,0.86294,24.2096,F
1638,1,HappyBirthday,979,28470.4,F,1,0.00113121,2.95018,0.298405,0.352209,F
1638,1,HappyBirthday,1437,730,F,1,0.000620803,0.148423,0.00488738,0.193232,F
1639,1,HappyBirthday,1368,1460,M,1,0.00837705,2.91386,2380.96,2.80935,F
1640,1,HappyBirthday,82,6570.84,F,1,1.96157e-07,1.20467,0.200489,6.02211e-05,F
1640,1,HappyBirthday,984,14965.1,F,1,0.162151,4.97174,1752.91,59.2149,F
1640,1,HappyBirthday,408,23725.2,M,1,0.116287,3.58932,0.926195,38.5482,F
1640,1,HappyBirthday,506,20440.5,M,1,0.0113335,0.160798,18.6461,3.76996,F
1640,1,HappyBirthday,534,18615.5,M,1,8.41513e-05,19.3691,1.14773,0.0261548,F
1640,1,HappyBirthday,697,5840.87,M,1,0.140459,0.0627657,73.9335,52.5999,F
1640,1,HappyBirthday,829,21900.3,F,1,0.00031398,1.4333,7.61661,0.0989676,F
1641,1,HappyBirthday,142,10585.3,M,1,7.32049e-05,0.293625,40.8646,0.0240922,F
1642,1,HappyBirthday,169,10220.6,M,1,0.00717004,7.3044,45.4323,2.38694,F
1642,1,HappyBirthday,1438,730,M,1,0.0054801,0.981131,122.648,2.1505,F
1642,1,HappyBirthday,1194,3285,F,1,0.0221395,3.96368,23.999,6.97991,F
1643,1,HappyBirthday,1061,4745,M,1,0.00348578,0.270471,30.6543,1.09839,F
1643,1,HappyBirthday,568,19710.9,M,1,0.00300303,0.895725,19.3188,1.02158,F
1643,1,HappyBirthday,701,31025,F,1,0.00289626,2.48269,1.6477,0.901746,F
1643,1,HappyBirthday,1394,1095,F,1,0.283728,0.0928651,24.6094,114.848,F
1643,1,HappyBirthday,881,23360.1,F,1,3.75962e-06,8.06619,25.5185,0.0012094,F
1644,1,HappyBirthday,1095,4380,M,1,0.074737,5.43215,0.545386,24.1543,F
1644,1,HappyBirthday,418,15695.6,F,1,0,0.238925,1.79993,0,F
1645,1,HappyBirthday,1159,3650,F,1,0.00599985,2.41223,10.0484,1.87251,F
1645,1,Births,1530,0,F,0,0,0.0367711,0,0,F
1646,1,HappyBirthday,374,11680.3,F,1,0.000426631,4.18831,1.15732,0.133085,F
1647,1,HappyBirthday,36,12045.9,M,1,7.98538e-05,4.61719,6252.33,0.201927,F
1648,1,HappyBirthday,1439,730,F,1,0.125904,0.174676,1283.7,116.392,F
1648,1,HappyBirthday,286,13505.4,F,1,0.00620408,0.134895,4.99664,1.97903,F
1648,1,HappyBirthday,807,6570.57,F,1,0.0131688,0.216403,0.00047739,4.12005,F
1648,1,HappyBirthday,860,17520.9,F,1,0.0269092,1.47663,17112.9,36.9099,F
1649,1,HappyBirthday,1235,2920,F,1,5.65932e-05,0.39456,2.12838,0.0177508,F
1649,1,HappyBirthday,916,12045.8,F,1,0.0412897,6.03551,2.12419,13.1193,F
1650,1,HappyBirthday,533,7300.82,M,1,0.00438522,1.77799,381.514,1.71088,F
1652,1,HappyBirthday,1019,5110,F,1,0.0018748,0.56965,0.01796,0.583282,F
1652,1,HappyBirthday,526,10220.6,M,1,0.000581169,0.215478,12.1629,0.191112,F
1652,1,HappyBirthday,1489,365,F,1,0.503742,0.113924,1353.22,345.327,F
1652,1,HappyBirthday,862,8030.64,F,1,0,0.502743,0.354296,0,F
1653,1,HappyBirthday,107,14235.5,M,1,0.0358371,2.35841,71.3248,15.3966,F
1653,1,HappyBirthday,1343,1825,M,1,0.254221,0.014266,9018.65,396.336,F
1654,1,HappyBirthday,1440,730,M,1,0.473385,0.822882,27.1776,207.541,F
1655,1,HappyBirthday,1441,730,M,1,0.00761174,0.175526,120.799,2.87703,F
1655,1,HappyBirthday,1344,1825,M,1,0.233325,0.0373021,176.094,103.237,F
1655,1,HappyBirthday,871,6570.98,F,1,0.0003746,8.21902,21.0688,0.116407,F
1656,1,HappyBirthday,11,8030.6,M,1,0.080703,4.54144,15.8508,26.6907,F
1656,1,HappyBirthday,50,8395.12,F,1,0.00861469,0.568755,0.0457758,2.68941,F
1656,1,HappyBirthday,1490,365,M,1,0.23077,0.396094,64711.4,1487.5,F
1657,1,HappyBirthday,622,7665.78,F,1,0.0008222,0.0207348,5.40025,0.262568,F
1657,1,HappyBirthday,809,16790.6,M,1,0.00116655,4.37029,18.0228,0.365761,F
1657,1,HappyBirthday,1196,3285,M,1,0.0172812,1.4917,0.336277,5.41661,F
1657,1,HappyBirthday,854,13505.3,M,1,6.13025e-06,0.72478,8.06736,0.0019374,F
1658,1,HappyBirthday,1300,2190,F,1,0.0833433,0.669006,58.1397,29.3192,F
1658,1,HappyBirthday,1442,730,M,1,0.0605252,2.00759,127.288,25.2899,F
1658,1,HappyBirthday,433,21900.3,M,1,0.134679,3.95836,0.285128,44.9607,F
1658,1,HappyBirthday,1125,4015,F,1,0.396314,0.106922,446.593,265.394,F
1658,1,HappyBirthday,1299,2190,M,1,0.0173051,0.0740359,1343.23,7.60587,F
1659,1,HappyBirthday,1160,3650,M,1,0,0.424637,59.529,0,F
1659,1,HappyBirthday,400,24455.9,F,1,1.19143e-05,0.269926,0.204582,0.003702,F
1660,1,HappyBirthday,1236,2920,F,1,0.00928277,1.50748,249.738,4.77839,F
1660,1,HappyBirthday,981,9490.67,F,1,1.79678e-05,0.307491,0.0017132,0.0055686,F
1661,1,HappyBirthday,39,6935.96,M,1,0.00135269,0.122041,2.4429,0.422285,F
1661,1,HappyBirthday,253,8760.34,M,1,0.218069,3.66484,30.147,79.5969,F
1661,1,HappyBirthday,491,15330.6,M,1,1.19759e-05,0.158567,36.9907,0.0038678,F
1661,1,HappyBirthday,616,28835,M,1,0.843342,0.016856,289.803,584.429,F
1663,1,HappyBirthday,139,27010.3,M,1,2.291e-06,1.84133,1284.01,0.0021756,F
1663,1,HappyBirthday,1096,4380,F,1,0.065105,0.82128,2808.85,50.9238,F
1663,1,HappyBirthday,1020,5110,M,1,8.69898e-05,0.25966,3473.83,0.0647961,F
1663,1,HappyBirthday,792,17885.7,M,1,0.0017866,0.505545,22.6786,0.614598,F
1663,1,Births,1531,0,M,0,0,0.0819134,0,0,F
1664,1,HappyBirthday,349,31755.8,F,1,0.00648374,2.57363,10.1246,2.02873,F
1664,1,HappyBirthday,499,5475.9,F,1,0.000259189,1.9309,0,0.0805572,F
1664,1,HappyBirthday,767,10950.4,F,1,0,0.242987,0.003,0,F
1664,1,HappyBirthday,1395,1095,F,1,2.38361e-05,0.0748257,0.0163277,0.00738941,F
1665,1,HappyBirthday,25,13870,M,1,0.0669436,0.1146,3.41344,21.5522,F
1665,1,HappyBirthday,341,12045.7,M,1,0.00829953,0.319719,0.071129,2.59062,F
1665,1,HappyBirthday,821,23360.7,F,1,4.57615e-07,0.691175,0.997217,0.0001436,F
1666,1,HappyBirthday,412,19710,M,1,0.00019716,0.812936,57.9161,0.0763632,F
1668,1,HappyBirthday,252,11680.1,F,1,0.000847622,1.91398,494.463,0.441627,F
1668,1,HappyBirthday,902,10220.3,F,1,0.0320341,2.84644,0.667327,10.1215,F
1669,1,HappyBirthday,108,21170.1,F,1,0.404914,0.410382,896.503,356.293,F
1669,1,HappyBirthday,639,12775.4,M,1,0.00165817,0.051275,15.2048,0.54861,F
1670,1,HappyBirthday,1277,2555,F,1,0.00101977,0.882187,2656.25,0.580928,F
1670,1,Births,1532,0,M,0,0,0.0625271,0,0,F
1671,1,HappyBirthday,1443,730,F,1,0.0219134,0.0688138,0.0091175,6.88478,F
1671,1,HappyBirthday,1278,2555,F,1,0.110223,2.16627,194.203,36.3133,F
1671,1,HappyBirthday,1062,4745,M,1,5.24367e-05,0.606489,886.833,0.0755044,F
1672,1,HappyBirthday,368,5475.85,M,1,0.006278,8.58917,0.400662,1.95826,F
1672,1,HappyBirthday,1279,2555,F,1,0.0321985,0.214865,0.235492,10.1754,F
1673,1,HappyBirthday,1345,1825,F,1,0.00726247,0.565716,0.0151805,2.26548,F
1673,1,HappyBirthday,146,17155.2,F,1,0.000220549,0.231818,168.103,0.0857788,F
1673,1,HappyBirthday,158,10950.1,M,1,0.280401,1.20286,123.517,150.243,F
1673,1,HappyBirthday,1161,3650,M,1,0.00148545,4.48899,3.79567,0.465039,F
1674,1,HappyBirthday,637,6570.56,M,1,0.0135793,12.693,0.202616,4.24907,F
1675,1,HappyBirthday,612,10586,M,1,0.0451191,11.5404,237.419,16.4047,F
1676,1,HappyBirthday,133,15695.4,F,1,0.000461943,0.259463,23467.2,0.293768,F
1676,1,HappyBirthday,859,5475.9,F,1,0.00338411,1.9797,0.00244004,1.05375,F
1677,1,HappyBirthday,1162,3650,F,1,6.29646e-05,3.10691,1117.08,0.100971,F
1677,1,HappyBirthday,561,14965.6,F,1,0.0447686,0.859418,315.945,15.3566,F
1677,1,HappyBirthday,832,10585.6,M,1,0.0886926,1.42945,54.4176,31.1457,F
1678,1,HappyBirthday,1127,4015,M,1,0.0237649,0.151544,10162.7,166.805,F
1678,1,HappyBirthday,445,7665.49,F,1,0.00368599,9.12992,19.5792,1.15109,F
1678,1,HappyBirthday,1163,3650,M,1,0.129788,1.76385,385.384,69.9279,F
1680,1,HappyBirthday,1369,1460,F,1,0.578057,0.0809521,3806.38,1160.75,F
1681,1,HappyBirthday,919,6570.27,M,1,0.000450936,0.174566,52153.1,1.12467,F
1681,1,HappyBirthday,599,6935.38,M,1,0.00244291,0.50573,4.18406,0.76402,F
1681,1,HappyBirthday,759,8030.17,M,1,0.0468976,16.423,130.995,14.9295,F
1682,1,HappyBirthday,99,14235,M,1,0.10953,0.544474,16.0289,36.2667,F
1682,1,HappyBirthday,1370,1460,F,1,0.00164317,1.71752,50.8432,0.549057,F
1683,1,HappyBirthday,55,20805.5,M,1,0.00518112,7.77426,8.5883,1.61547,F
1683,1,HappyBirthday,319,9125.99,M,1,0.000947297,0.152213,88.1072,0.308039,F
1683,1,HappyBirthday,1301,2190,F,1,0.0028646,0.880394,61825.1,14.6574,F
1683,1,HappyBirthday,748,13505.7,F,1,0.00130966,0.754531,16.6298,0.407276,F
1684,1,HappyBirthday,284,21900.1,M,1,0.0850983,0.101331,0.929014,27.6476,F
1684,1,HappyBirthday,1491,365,F,1,0.0694051,0.35958,412.692,30.703,F
1684,1,HappyBirthday,566,9490.44,M,1,0.259899,2.16264,1062.91,232.275,F
1684,1,HappyBirthday,850,6935.07,M,1,0.00112864,0.212703,39.0936,0.374516,F
1685,1,HappyBirthday,1302,2190,M,1,0.00183561,0.695027,34.9758,0.652428,F
1685,1,HappyBirthday,784,24820.2,M,1,0.000189148,0.374878,812.703,0.0687368,F
1685,1,HappyBirthday,1397,1095,M,1,0.02809,1.54296,5322.72,27.9362,F
1686,1,HappyBirthday,1492,365,M,1,0.151655,0.0132492,9715.54,1153.67,F
1686,1,HappyBirthday,754,10950.7,M,1,0.0241021,1.20347,0.804922,7.6072,F
1687,1,HappyBirthday,1128,4015,M,1,0.0644247,0.0267966,0.0365111,20.6994,F
1687,1,HappyBirthday,1347,1825,F,1,0.0750188,0.10549,1323.84,135.583,F
1688,1,HappyBirthday,1398,1095,M,1,0.339534,0.223113,17869.5,498.55,F
1688,1,HappyBirthday,1444,730,F,1,0.131672,0.00417013,4437.41,90.2325,F
1689,1,HappyBirthday,404,8395.19,M,1,0.00446653,0.168095,150.966,1.46394,F
1689,1,HappyBirthday,1445,730,M,1,0.00248955,1.22961,0.00229623,0.774546,F
1690,1,HappyBirthday,384,17885.3,F,1,0.00488373,0.219771,0.042342,1.52125,F
1691,1,HappyBirthday,300,12775,M,1,0.016484,2.40507,76.4591,5.47978,F
1691,1,HappyBirthday,944,6570.03,M,1,0.00143513,0.707839,2.4179e-05,0.446182,F
1691,1,HappyBirthday,1303,2190,M,1,0.0157406,0.242804,42.1767,5.54881,F
1691,1,HappyBirthday,865,5475.16,M,1,9.79528e-05,0.842975,24.0941,0.0313392,F
1691,1,HappyBirthday,1446,730,F,1,0.111611,0.358589,60649.3,488.728,F
1692,1,HappyBirthday,1304,2190,F,1,0.0306581,0.176794,306.112,16.3096,F
1692,1,HappyBirthday,715,10950.7,F,1,0.00446353,0.331673,156.372,1.47751,F
1692,1,Births,1533,0,M,0,0,0.168761,0,0,F
1692,1,Births,1534,0,M,0,0,0.390786,0,0,F
1693,1,HappyBirthday,674,6205.95,F,1,0.0579322,0.252741,1.58232,18.5579,F
1693,1,HappyBirthday,875,7665.28,M,1,0.0281472,3.02439,1.80953,8.89621,F
1694,1,HappyBirthday,1063,4745,M,1,0.973706,0.101207,167.04,1201.68,F
1694,1,HappyBirthday,1021,5110,M,1,0.0028126,0.33192,3794.67,1.43877,F
1694,1,HappyBirthday,896,21535.2,F,1,0.00158834,12.9126,4.29543,0.497336,F
1694,1,HappyBirthday,1493,365,M,1,0.000782881,1.33077,87.3993,0.284182,F
1694,1,Births,1535,0,F,0,0,0.0614429,0,0,F
1695,1,HappyBirthday,1399,1095,F,1,0.31045,0.0177395,2901.68,1163.75,F
1695,1,HappyBirthday,1305,2190,M,1,0.0962143,0.524151,1921.4,109.458,F
1695,1,HappyBirthday,1306,2190,M,1,0.317103,0.047914,4082.02,147.46,F
1695,1,HappyBirthday,1064,4745,M,1,0.0020387,0.110465,12296.4,0.922704,F
1696,1,HappyBirthday,7,14965.5,M,1,0.00515154,0.157064,17.1132,1.72943,F
1696,1,HappyBirthday,472,16425.9,F,1,0.0162663,0.673266,99.1816,5.10964,F
1696,1,HappyBirthday,1447,730,M,1,0.612838,0.0364731,72.7528,367.36,F
1697,1,HappyBirthday,1097,4380,F,1,0.000472269,0.121018,37.4973,0.153938,F
1697,1,HappyBirthday,296,12045,M,1,0.000623482,0.0695875,30.6103,0.215126,F
1697,1,HappyBirthday,669,10950.5,M,1,0.00295056,2.65076,4037.66,5.17607,F
1697,1,HappyBirthday,1494,365,F,1,0.00225836,4.39483,75.8911,0.776007,F
1698,1,HappyBirthday,1022,5110,M,1,0.00139233,0.030401,26380.8,0.984629,F
1698,1,HappyBirthday,1401,1095,F,1,0.00166733,0.0490509,12.1323,0.531114,F
1698,1,HappyBirthday,1448,730,F,1,0.20219,0.0760795,195.121,96.3372,F
1699,1,HappyBirthday,111,5475.71,M,1,0.000499062,3.42094,22.3296,0.157517,F
1699,1,HappyBirthday,1237,2920,M,1,0.00861194,0.370984,1909.64,5.89908,F
1699,1,HappyBirthday,638,27375.4,F,1,0.129134,1.93966,0.0451242,42.9733,F
1699,1,HappyBirthday,1495,365,F,1,0.725541,1.42895,1.17967,402.245,F
1699,1,HappyBirthday,1496,365,M,0,0,0.0482074,0,0,F
1700,1,HappyBirthday,1350,1825,M,1,0.0670713,0.639097,28.6732,22.4291,F
1700,1,HappyBirthday,838,20440.1,M,1,0.057048,0.453791,15167,150.31,F
1701,1,HappyBirthday,694,5840.55,F,1,0.0148173,0.258671,0.0803942,4.63977,F
1701,1,HappyBirthday,1449,730,F,1,0.0058296,0.575018,101.582,2.03878,F
1701,1,HappyBirthday,1497,365,F,1,0.628145,0.18453,810.178,464.531,F
1702,1,HappyBirthday,623,9125.49,F,1,0.00302261,0.905354,0.519051,0.940887,F
1702,1,HappyBirthday,742,19345.5,M,1,0.0062064,0.836095,11959.1,4.04736,F
1702,1,Births,1536,0,M,0,0,0.472793,0,0,F
1703,1,HappyBirthday,192,9855.37,M,1,0.000170892,0.989059,0.0222516,0.0531472,F
1703,1,HappyBirthday,1402,1095,M,1,0.000466351,1.29685,1665.47,0.508705,F
1704,1,HappyBirthday,93,12775.8,F,1,3.23931e-05,0.398064,559.016,0.0185206,F
1704,1,HappyBirthday,480,8030.22,M,1,0.00115466,1.17675,0.79243,0.359888,F
1704,1,HappyBirthday,1371,1460,F,1,0.00565909,0.753552,102.488,2.04665,F
1705,1,HappyBirthday,129,13505.8,F,1,0.0010986,0.206734,21.022,0.342101,F
1705,1,HappyBirthday,227,17885.3,F,1,0.13423,0.230791,6292.83,51.0803,F
1706,1,HappyBirthday,1372,1460,M,1,6.56387e-06,1.26626,0.0349054,0.00203375,F
1706,1,HappyBirthday,660,11680.8,M,1,0.157585,0.105013,463.37,124.474,F
1707,1,HappyBirthday,316,14235.4,M,1,0.0213194,6.77539,1487.8,7.23503,F
1708,1,HappyBirthday,394,6205.54,M,1,0.0108812,0.202455,24.4668,3.4054,F
1708,1,Births,1537,0,M,0,0,0.0419651,0,0,F
1709,1,HappyBirthday,329,13870.5,F,1,0.231891,1.36892,5602.96,87.6802,F
1709,1,HappyBirthday,723,5840.44,M,1,0.0046525,0.597055,2.35918,1.46088,F
1710,1,HappyBirthday,470,16425.5,F,1,0.729249,0.274034,189.468,419.126,F
1710,1,HappyBirthday,1450,730,F,1,0.10816,0.0576754,201.696,48.6427,F
1711,1,HappyBirthday,934,22265.2,F,1,0.00377607,1.44704,33.4685,1.24285,F
1711,1,HappyBirthday,1403,1095,F,1,0.00100472,0.046142,0.00168514,0.312656,F
1711,1,HappyBirthday,1373,1460,F,1,0.736544,0.849675,563.37,457.775,F
1711,1,HappyBirthday,505,8030.42,F,1,0.000648694,0.360564,0.0227698,0.201581,F
1711,1,Births,1538,0,M,0,0,0.762492,0,0,F
1712,1,HappyBirthday,1065,4745,F,1,0.0273365,2.66413,0.200182,8.61732,F
1712,1,HappyBirthday,1129,4015,M,1,0.135165,0.462429,3.55067,45.7447,F
1712,1,HappyBirthday,606,24455,F,1,0.000264565,2.49588,252.575,0.169628,F
1712,1,Births,1539,0,M,0,0,0.0433816,0,0,F
1713,1,HappyBirthday,45,18980.2,M,1,0.0627146,0.333882,0.0768236,20.1303,F
1713,1,HappyBirthday,292,12775.5,M,1,0.00371062,1.42239,0.965661,1.15561,F
1714,1,HappyBirthday,683,8030.56,F,1,0.00155854,1.72173,5086.74,0.605082,F
1718,1,HappyBirthday,171,5840.69,F,1,0.00340294,0.498959,42.3199,1.07483,F
1718,1,HappyBirthday,1201,3285,F,1,0.440207,0.755006,819.686,184.631,F
1718,1,HappyBirthday,1099,4380,F,1,0.00708376,0.911156,890.695,4.5296,F
1718,1,HappyBirthday,752,10585.6,M,1,0.0011069,0.235993,8.1522,0.344883,F
1719,1,HappyBirthday,1167,3650,F,1,0.00177117,0.289267,1.39566,0.55094,F
1719,1,HappyBirthday,556,23360.8,M,1,0.00806899,0.5851,46.1412,3.0062,F
1720,1,HappyBirthday,353,5475.44,M,1,0.00168787,9.54181,15.1463,0.532181,F
1720,1,HappyBirthday,745,20440.6,M,1,0.0580106,5.9683,4.68084,18.5963,F
1721,1,HappyBirthday,424,5840.95,M,1,0.00161766,3.30233,23.1453,0.519241,F
1721,1,HappyBirthday,1451,730,F,1,0.374619,0.119214,2136.19,546.109,F
1722,1,HappyBirthday,511,27375.8,M,1,0.000145119,0.964856,0.0045232,0.0451426,F
1722,1,HappyBirthday,521,35770,F,1,0.00051499,0.15864,17.0718,0.161533,F
1722,1,HappyBirthday,1404,1095,F,1,0.714324,0.0541482,6.79954,394.098,F
1722,1,Births,1540,0,F,0,0,0.0528108,0,0,F
1723,1,HappyBirthday,3,6935.8,F,1,0.000768078,1.62585,0.000146391,0.238798,F
1723,1,HappyBirthday,188,8030.78,M,1,0.00776224,6.51722,9.60628,2.53604,F
1723,1,HappyBirthday,1405,1095,F,1,0.01321,0.0645768,1260.76,4.62317,F
1724,1,HappyBirthday,176,16425.5,M,1,0.00018725,0.288741,0.138255,0.058262,F
1724,1,HappyBirthday,291,24455,M,1,0.0334404,0.439908,14.821,10.8059,F
1724,1,HappyBirthday,1498,365,M,1,0.528529,0.0121259,11311.4,677.815,F
1725,1,HappyBirthday,991,16425.4,M,1,0.0966926,2.47085,13.0851,33.3322,F
1725,1,HappyBirthday,274,35040,M,1,0.00191522,1.45333,0.223163,0.595708,F
1725,1,HappyBirthday,1202,3285,M,1,0.123601,1.39561,1655.38,50.639,F
1726,1,HappyBirthday,544,16060.9,F,1,0.00217093,1.45577,40.2178,0.733802,F
1727,1,HappyBirthday,210,9490.37,M,1,0.000362733,0.0784969,0.13949,0.112818,F
1728,1,HappyBirthday,1067,4745,M,1,0.00873807,0.178282,509.902,2.74882,F
1728,1,HappyBirthday,287,22995.9,M,1,0.00223667,0.353323,0.234928,0.696319,F
1728,1,HappyBirthday,1499,365,F,1,0.275299,0.0217707,14.6572,104.542,F
1728,1,HappyBirthday,1101,4380,F,1,0.010509,0.226112,43.0887,3.50226,F
1728,1,HappyBirthday,775,26280.4,M,1,0.00955736,14.7937,783.311,6.28588,F
1729,1,HappyBirthday,1130,4015,M,1,0.00161672,0.19539,52.9934,0.512565,F
1729,1,HappyBirthday,1238,2920,F,1,8.15025e-05,2.33195,19044.6,0.469548,F
1729,1,HappyBirthday,585,13140.4,M,1,0.000233781,5.72961,479.211,0.0788688,F
1729,1,HappyBirthday,641,33945.3,F,1,0,0.200738,0.06566,0,F
1730,1,HappyBirthday,1239,2920,M,1,0.0370778,1.58195,25.2491,11.7963,F
1730,1,HappyBirthday,342,34675.1,F,1,0.0037959,0.178537,323.011,1.34279,F
1730,1,HappyBirthday,1131,4015,M,1,0.0625693,0.820924,12.6201,20.0898,F
1730,1,HappyBirthday,522,6935.53,M,1,0.0013149,3.94745,0.850735,0.409024,F
1732,1,HappyBirthday,993,16425.6,F,1,0.00903697,8.66084,0.214014,2.82152,F
1734,1,HappyBirthday,1406,1095,F,1,0.000636354,6.63345,15.4949,0.202178,F
1734,1,HappyBirthday,1500,365,F,1,0.136572,2.55593,4924.57,76.2561,F
1734,1,HappyBirthday,1452,730,M,1,0.563611,0.838905,2139.96,421.028,F
1734,1,HappyBirthday,197,18980,M,1,0.000477498,0.671344,208.081,0.277418,F
1734,1,HappyBirthday,868,14235.9,M,1,0.0417451,1.47655,0.251042,13.2538,F
1735,1,HappyBirthday,43,30295.6,M,1,0.0712835,0.933156,1.17977,22.9835,F
1735,1,HappyBirthday,778,22630,F,1,0.00148205,0.113983,130.437,0.515137,F
1735,1,HappyBirthday,853,17155.8,F,1,0.000322529,1.77967,262.101,0.161864,F
1736,1,HappyBirthday,213,25915.6,F,1,0.061211,2.64986,278.767,20.4035,F
1736,1,HappyBirthday,238,5840.55,M,1,0,0.308186,172.671,0,F
1736,1,HappyBirthday,465,9125.14,M,1,0.293881,23.8166,0.798244,108.239,F
1736,1,HappyBirthday,710,10950.7,M,1,0.00427321,1.19502,31.2118,1.34337,F
1736,1,HappyBirthday,729,13140.7,F,1,0.00473372,1.11741,1.42387,1.47522,F
1737,1,HappyBirthday,1308,2190,M,1,0.0186992,0.362384,84.0712,6.39192,F
1737,1,Births,1541,0,F,0,0,3.52123,0,0,F
1738,1,HappyBirthday,1103,4380,F,1,0.00616152,1.55515,1015.82,1.9219,F
1738,1,HappyBirthday,1501,365,M,1,0.00850731,3.36726,102.322,3.04899,F
1738,1,HappyBirthday,766,12410.7,F,1,0.000311374,0.221396,10.6973,0.0998912,F
1738,1,HappyBirthday,783,31390.8,M,1,7.75045e-05,0.289131,57.6396,0.0261802,F
1739,1,HappyBirthday,452,13870.4,F,1,0.00496883,0.199972,14.5896,1.55657,F
1739,1,HappyBirthday,1025,5110,M,1,0.0491065,0.40138,10.6057,15.8976,F
1739,1,HappyBirthday,789,14965.8,M,1,0.0143751,0.637272,3165.77,21.2135,F
1740,1,HappyBirthday,1204,3285,M,1,0.0054107,0.591777,0.101021,1.68635,F
1740,1,HappyBirthday,1282,2555,M,1,0.0506983,0.436343,2.86316,16.1697,F
1740,1,HappyBirthday,136,6570.03,F,1,0.153718,0.740405,13.3882,52.4824,F
1740,1,HappyBirthday,1351,1825,M,1,0.0647509,1.22951,0.241503,20.8182,F
1741,1,HappyBirthday,123,15330.4,M,1,0.302808,0.0622135,4.30521,112.096,F
1741,1,HappyBirthday,128,5840.92,F,1,1.01251e-05,0.459909,2021.42,0.0151185,F
1741,1,HappyBirthday,1205,3285,M,1,3.29056e-05,0.466366,7182.83,0.188059,F
1741,1,HappyBirthday,797,6570.22,M,1,0.00504825,3.397,188.627,1.59009,F
1742,1,HappyBirthday,442,8760.55,M,1,0.0120885,2.78562,48.6015,4.11869,F
1742,1,HappyBirthday,1283,2555,M,1,0.203889,5.58797,35.0155,78.6511,F
1742,1,HappyBirthday,737,35770.7,M,1,0.00117189,0.248212,14615.8,0.82661,F
1742,1,HappyBirthday,770,15695.6,M,1,0.045782,8.56864,15.0444,15.0765,F
1743,1,HappyBirthday,435,9125.79,F,1,7.05497e-07,0.676592,2.1676,0.0002188,F
1744,1,HappyBirthday,1502,365,M,1,0.000131057,0.0919684,87556.4,1.53474,F
1744,1,HappyBirthday,1206,3285,F,1,0.479494,0.0585272,292.475,423.566,F
1744,1,HappyBirthday,283,6205.26,M,1,0.179054,7.27326,110.505,61.7358,F
1744,1,HappyBirthday,581,25185.3,M,1,2.26086e-05,2.54561,23.097,0.007175,F
1744,1,HappyBirthday,693,6935.66,M,1,0.00810084,0.959547,139.025,2.53038,F
1745,1,HappyBirthday,1352,1825,F,1,0.021412,0.196651,7471.96,9.32928,F
1745,1,Births,1542,0,F,0,0,0.0107026,0,0,F
1746,1,HappyBirthday,1407,1095,M,1,0.0720637,0.023124,1.85324,23.4589,F
1746,1,HappyBirthday,1026,5110,F,1,0.0401886,0.372954,0.977759,12.752,F
1747,1,HappyBirthday,34,6570.69,M,1,0.0187349,26.6379,1.31511,5.87818,F
1747,1,HappyBirthday,1454,730,F,1,0.0579867,2.42316,13.3245,19.1911,F
1747,1,HappyBirthday,1242,2920,M,1,0.00053159,0.249647,6.16095,0.169438,F
1747,1,HappyBirthday,1309,2190,F,1,0.0175153,2.09711,406.429,5.61087,F
1747,1,HappyBirthday,630,28470.2,F,1,0.152583,1.17673,35.021,58.0871,F
1747,1,HappyBirthday,798,13870,F,1,0.608089,2.54791,14.751,292.312,F
1748,1,HappyBirthday,30,12045.8,F,1,0.00391098,17.2749,289.247,1.27913,F
1748,1,HappyBirthday,352,5840.49,F,1,0.00134514,0.37471,1.53787,0.41935,F
1748,1,HappyBirthday,803,10220.6,M,1,0.0572188,9.09685,0.0066696,18.3129,F
1749,1,HappyBirthday,1408,1095,M,1,0.858747,0.0861132,36.3962,612.843,F
1749,1,HappyBirthday,484,16060.7,F,1,0.0516071,3.47361,0.159092,16.4684,F
1749,1,HappyBirthday,749,22995.1,M,1,0.0130558,0.214247,1057.68,14.4933,F
1749,1,HappyBirthday,839,8760.57,M,1,0.467924,5.79099,959.473,469.941,F
1750,1,HappyBirthday,454,25185,F,1,0.00318299,2.03895,165.073,1.17328,F
1750,1,HappyBirthday,618,10950.2,M,1,0.00278709,0.128336,0.00582,0.867602,F
1750,1,HappyBirthday,1353,1825,M,1,0.00505003,0.241259,770.038,3.18765,F
1751,1,HappyBirthday,1409,1095,M,1,0.025996,0.333493,6725.47,58.3733,F
1751,1,HappyBirthday,1169,3650,M,1,0.000848382,0.826652,288.908,0.379144,F
1751,1,HappyBirthday,1456,730,M,1,0.0636244,0.599368,518.311,20.7046,F
1751,1,HappyBirthday,1207,3285,F,1,0.0250081,2.12799,30.1447,8.24786,F
1751,1,HappyBirthday,805,8030.85,M,1,0.0101572,7.60027,0.475445,3.17344,F
1751,1,HappyBirthday,1455,730,F,1,0.147508,0.278652,112.97,61.9269,F
1752,1,HappyBirthday,1503,365,F,1,0.64001,0.153264,3611.7,1585.42,F
1752,1,HappyBirthday,604,8030,F,1,5.87228e-05,1.97324,11.1761,0.0184492,F
1752,1,HappyBirthday,961,9855.62,M,1,0.00538101,0.221112,335.224,1.86204,F
1753,1,HappyBirthday,1310,2190,M,1,0.0257159,0.0593026,385.353,18.5288,F
1754,1,HappyBirthday,1104,4380,F,1,0.498741,0.173515,18.1535,221.784,F
1754,1,HappyBirthday,1132,4015,F,1,1.40495e-05,0.827866,12512.2,0.0294817,F
1754,1,HappyBirthday,806,7665.17,M,1,0,1.32488,3.40373,0,F
1754,1,HappyBirthday,872,18250.6,M,1,0.000422733,0.66996,23.7663,0.13835,F
1754,1,HappyBirthday,1105,4380,M,1,4.64906e-05,0.611922,400.428,0.0152836,F
1755,1,HappyBirthday,524,31025.3,F,1,0.00384569,13.4712,40.2595,1.20209,F
1756,1,HappyBirthday,172,12045.1,M,1,0.422135,0.953543,111.063,240.506,F
1756,1,HappyBirthday,216,9490.72,M,1,0.0104369,1.96903,10.8204,3.26741,F
1756,1,HappyBirthday,326,9855.15,F,0,0,0.012739,0,0,F
1756,1,HappyBirthday,728,9855.56,F,1,0.0357778,40.8891,446.801,19.2972,F
1757,1,HappyBirthday,1170,3650,F,1,0.0893295,1.74586,5.91974,29.7958,F
1757,1,HappyBirthday,1311,2190,M,1,0.101072,0.85042,6.17827,33.1187,F
1758,1,HappyBirthday,154,12410.4,M,1,0.0510174,0.57809,14.5474,17.2558,F
1758,1,HappyBirthday,318,10220.9,M,1,0.00183526,0.493133,0.894999,0.571642,F
1758,1,HappyBirthday,576,15695,F,1,0.0115307,1.64692,38.4614,3.8222,F
1758,1,HappyBirthday,1504,365,F,1,0.0318023,0.126091,811.781,19.0364,F
1759,1,HappyBirthday,1285,2555,F,1,0.0252261,0.302978,348.638,18.0748,F
1759,1,HappyBirthday,1410,1095,M,1,0.000892555,0.775569,55.0143,0.326017,F
1759,1,HappyBirthday,1457,730,M,1,0.00703416,3.60127,1515.33,12.0371,F
1759,1,HappyBirthday,750,10585.7,M,1,0.0224989,0.878567,24.4152,7.30862,F
1761,1,HappyBirthday,957,7665.55,F,1,0.000784297,1.50241,0.0008906,0.243773,F
1762,1,HappyBirthday,41,14600.4,M,1,0.00160226,9.76507,5.16187,0.501673,F
1763,1,HappyBirthday,510,11680.3,F,1,0.156252,1.44264,0.814898,52.8029,F
1763,1,HappyBirthday,1208,3285,F,1,0.0867906,0.820796,706.155,29.0602,F
1764,1,HappyBirthday,1172,3650,M,1,0.00149356,0.0433144,4.9694,0.465292,F
1764,1,HappyBirthday,33,12775.3,F,1,6.32672e-05,1.35263,16.6285,0.0206532,F
1764,1,HappyBirthday,205,15695.5,F,1,0.0130945,0.322767,0.176576,4.09611,F
1764,1,HappyBirthday,827,6205.07,F,1,0.000112303,2.59946,10520.7,0.353929,F
1765,1,Births,1543,0,F,0,0,0.141559,0,0,F
1766,1,HappyBirthday,1286,2555,F,1,0.00222515,2.84552,1130.78,1.96211,F
1766,1,HappyBirthday,246,6205.22,F,1,4.12055e-05,2.65332,1506.65,0.0415445,F
1766,1,HappyBirthday,1505,365,F,1,0.000419748,0.0289427,0,0.130516,F
1766,1,HappyBirthday,888,7300.99,M,1,0.000190846,0.178598,277.281,0.0842565,F
1767,1,HappyBirthday,1506,365,F,1,0.00101471,0.162085,4250.37,2.10801,F
1767,1,HappyBirthday,1072,4745,F,1,0,0.0210474,0,0,F
1767,1,HappyBirthday,1458,730,M,1,0.00684017,0.375386,1.66529,2.13746,F
1768,1,HappyBirthday,1243,2920,F,1,0.00860881,0.384587,2876.88,10.8208,F
1768,1,HappyBirthday,1411,1095,M,1,0.000112126,0.114707,8038.52,0.343206,F
1769,1,HappyBirthday,135,5475.34,F,1,0.0101208,0.877457,32.0395,3.18783,F
1770,1,HappyBirthday,1173,3650,M,1,0.00484671,0.397096,21.0784,1.66941,F
1770,1,HappyBirthday,1135,4015,F,1,0.073052,0.347963,24.9907,25.6547,F
1770,1,HappyBirthday,525,13505.5,F,1,0.077375,0.0207046,2657.69,120.277,F
1770,1,HappyBirthday,1312,2190,M,1,0.199227,0.119556,14582.6,120.729,F
1770,1,HappyBirthday,901,7665.38,M,1,0.0103914,0.122655,0.0006224,3.24598,F
1771,1,HappyBirthday,71,10950.3,M,1,7.96477e-05,0.198869,937.112,0.030382,F
1771,1,HappyBirthday,758,15695.2,F,1,0.00162161,0.802925,3.2e-05,0.504429,F
1772,1,HappyBirthday,1507,365,M,1,0.175111,0.55331,10823.1,1360.54,F
1772,1,HappyBirthday,402,32850.2,F,1,0.0732959,0.113518,5.29721,23.7337,F
1773,1,HappyBirthday,155,16060,M,1,0.00383335,5.93884,65.5604,1.23623,F
1773,1,HappyBirthday,773,27010.6,M,1,0.00150994,0.94974,2095.12,3.63519,F
1773,1,HappyBirthday,844,23725,F,1,0.0961644,1.32051,1.72451,31.6472,F
1774,1,HappyBirthday,1313,2190,M,1,0.144958,5.96434,215.321,72.858,F
1774,1,HappyBirthday,488,14235.1,F,1,0.00248739,5.73207,0.0619084,0.774097,F
1776,1,HappyBirthday,101,6935.21,M,1,0.126663,0.0987854,380.517,100.349,F
1776,1,HappyBirthday,116,19345.4,M,1,0.00370345,0.0933161,3.3148,1.15372,F
1776,1,HappyBirthday,1107,4380,M,1,0.00108551,4.06051,297.972,0.362428,F
1776,1,HappyBirthday,537,13505,F,1,0.0868933,0.147675,8.87636,29.2545,F
1776,1,HappyBirthday,1508,365,F,1,0.015767,0.650798,24.4303,5.06486,F
1777,1,HappyBirthday,1509,365,F,1,0.000436182,0.00679383,0.000157375,0.135847,F
1778,1,HappyBirthday,76,6570.9,F,1,0.00109443,13.8169,0.530362,0.340318,F
1778,1,HappyBirthday,1209,3285,F,1,0.0025014,6.00786,26.8627,0.867925,F
1778,1,HappyBirthday,968,29200.6,M,1,0.0444814,1.15796,87.0668,14.7343,F
1778,1,HappyBirthday,1354,1825,F,1,0.00135531,0.604801,0.169673,0.42167,F
1778,1,HappyBirthday,1174,3650,F,1,0.00149066,0.923137,0.920365,0.465321,F
1779,1,HappyBirthday,1073,4745,M,1,0.673426,0.115331,588,369.824,F
1779,1,HappyBirthday,1375,1460,F,1,0.406485,0.404502,99.1561,203.694,F
1779,1,HappyBirthday,796,17520.4,F,1,0.0077678,0.342291,107.418,2.79838,F
1779,1,HappyBirthday,870,32485.6,M,1,0.0218293,0.970232,4774.75,12.8468,F
1780,1,HappyBirthday,70,17155.1,F,1,0.290429,1.10375,0.261263,106.705,F
1780,1,HappyBirthday,1244,2920,M,1,0.000383834,5.32485,14997.5,3.74417,F
1781,1,HappyBirthday,1074,4745,M,1,0.655715,0.256527,697.017,346.258,F
1781,1,HappyBirthday,1510,365,M,1,0.120173,0.0157579,0.464711,39.8835,F
1781,1,Births,1544,0,M,0,0,0.15803,0,0,F
1782,1,HappyBirthday,945,28835.5,M,1,0.00295036,0.565518,15.1067,0.919823,F
1783,1,HappyBirthday,1314,2190,F,1,0.00464096,0.371258,14.3343,1.44747,F
1783,1,HappyBirthday,370,20440.7,M,1,0.0014656,30.1205,2126.78,4.05147,F
1783,1,HappyBirthday,380,5840.38,F,1,8.88132e-06,18.233,54.983,0.00295393,F
1783,1,HappyBirthday,573,6570.87,M,1,0.000376214,1.55432,1.45104,0.117559,F
1783,1,HappyBirthday,956,15695.5,M,1,3.86713e-06,2.17054,6.56411,0.001242,F
1783,1,HappyBirthday,1210,3285,M,1,0.00720695,3.01204,0.272613,2.2507,F
1784,1,Births,1545,0,F,0,0,0.345237,0,0,F
1785,1,HappyBirthday,295,29565.6,F,1,0.0080303,0.131401,82.157,2.51707,F
1785,1,HappyBirthday,1245,2920,F,1,6.81176e-05,0.126461,15956.8,0.0406874,F
1785,1,HappyBirthday,923,6935.91,M,1,5.4807e-06,5.94462,2725.81,0.00739255,F
1786,1,HappyBirthday,110,16425.1,M,1,0.00370038,0.382076,91.3649,1.17024,F
1786,1,HappyBirthday,873,24455.2,M,1,0.000259957,0.878074,23.0121,0.0813416,F
1786,1,HappyBirthday,1459,730,M,1,0.125963,1.40084,22239.7,379.737,F
1787,1,HappyBirthday,223,7300.4,M,1,0.00234229,1.03509,11.9674,0.745336,F
1787,1,HappyBirthday,507,33215.9,M,1,0.375162,0.740767,4.40376,146.758,F
1787,1,HappyBirthday,1211,3285,F,1,0.0508223,0.443267,6.51715,16.3764,F
1787,1,HappyBirthday,648,14235.8,M,1,0.000969361,1.00427,0.0150284,0.30141,F
1787,1,Births,1546,0,M,0,0,0.0311268,0,0,F
1788,1,HappyBirthday,306,17885,F,1,5.48176e-05,0.0908016,0.66496,0.0170488,F
1788,1,HappyBirthday,960,5840.61,M,1,0.00921839,4.94739,35.7124,2.925,F
1788,1,HappyBirthday,387,11680.2,M,1,0.000568795,0.418202,0.832918,0.176828,F
1788,1,HappyBirthday,670,5840.14,M,1,0.103962,0.315151,3.37156,34.1632,F
1788,1,Births,1547,0,F,0,0,0.0324701,0,0,F
1789,1,HappyBirthday,1315,2190,M,1,0.000165514,0.253089,944.885,0.25009,F
1789,1,HappyBirthday,382,8030.08,F,1,0.000176369,1.97826,4.30468,0.0559246,F
1790,1,HappyBirthday,1247,2920,M,1,0.000646155,0.0712639,80.3383,0.223096,F
1791,1,HappyBirthday,1212,3285,M,1,0.0135856,2.44152,38.1788,4.4959,F
1792,1,HappyBirthday,1376,1460,F,1,0.00668901,0.199316,15998.3,6.74727,F
1792,1,HappyBirthday,504,10220.2,M,1,0.0010727,6.66505,24.6469,0.334533,F
1792,1,Births,1548,0,M,0,0,0.0840395,0,0,F
1793,1,HappyBirthday,512,20440.4,M,1,0.00357937,0.148708,5.00997,1.13222,F
1794,1,HappyBirthday,986,5475.04,F,1,0.0382088,0.526413,0.00524157,12.1069,F
1794,1,HappyBirthday,995,18250,M,1,0.000642125,2.38557,7.47277,0.20002,F
1794,1,HappyBirthday,822,9125.29,M,1,0.000270856,2.17402,0.182767,0.0842864,F
1794,1,HappyBirthday,1462,730,M,1,0.0556726,0.312542,1813.66,33.1147,F
1795,1,HappyBirthday,985,10950.4,F,1,0.0665491,0.985645,10.2334,22.0175,F
1796,1,HappyBirthday,972,11315.8,M,1,0.00263905,4.98873,20.9056,0.903987,F
1796,1,HappyBirthday,1248,2920,F,1,0.131398,0.174254,2365.79,174.756,F
1797,1,HappyBirthday,1136,4015,F,1,0.00983959,0.677496,494.615,3.50999,F
1797,1,HappyBirthday,722,31025.9,M,1,0.0128035,0.981301,3.58e-05,4.00484,F
1798,1,HappyBirthday,272,17520.9,F,1,0.00855786,0.090335,6.55664,2.67179,F
1798,1,HappyBirthday,1412,1095,M,1,0.00594823,0.473942,18.8074,1.89913,F
1800,1,HappyBirthday,59,8030.69,M,1,5.74819e-05,1.59181,1.0114,0.0179032,F
1800,1,HappyBirthday,369,9490.09,F,1,0.00147773,0.641401,756.898,0.66768,F
1800,1,HappyBirthday,649,6935.23,F,1,0,0.41223,0.243902,0,F
1800,1,HappyBirthday,1463,730,F,1,0.113472,0.397624,277.942,41.0441,F
1800,1,HappyBirthday,1250,2920,F,1,0.0143431,6.44376,8.26646,4.49535,F
1801,1,HappyBirthday,345,7300.9,M,1,0.00730446,0.940663,63.2859,2.28701,F
1801,1,HappyBirthday,656,16425.6,M,1,0.000303595,0.654088,6.03561,0.0952334,F
1801,1,HappyBirthday,1251,2920,M,1,0.0313865,0.0732447,8077.12,15.8163,F
1802,1,HappyBirthday,1377,1460,M,1,5.36377e-06,2.16262,60555.2,0.0534978,F
1802,1,HappyBirthday,1378,1460,F,1,0.00116434,0.0192352,0.00285983,0.362137,F
1802,1,HappyBirthday,1511,365,F,1,0.133507,0.0912605,2802.02,50.9458,F
1802,1,Births,1549,0,F,0,0,0.0643813,0,0,F
1804,1,HappyBirthday,220,10951,F,1,0.0325482,0.100735,67.4395,12.8729,F
1805,1,HappyBirthday,704,17885.3,F,1,0.0450571,3.07393,0.0803512,14.3281,F
1805,1,HappyBirthday,858,10220.3,F,1,0.0293618,0.150801,10.0785,9.37149,F
1806,1,HappyBirthday,105,8030.46,F,1,3.33005e-05,1.45236,90.2116,0.0106866,F
1806,1,HappyBirthday,477,9855.33,M,1,0.00569704,0.785035,3652.67,20.2819,F
1806,1,HappyBirthday,1028,5110,F,1,0.088824,4.11562,0.524067,28.9264,F
1806,1,Births,1550,0,M,0,0,0.76993,0,0,F
1807,1,HappyBirthday,1287,2555,F,1,0.00220449,0.0710044,27.7457,0.712328,F
1807,1,HappyBirthday,1414,1095,M,1,0.0650822,0.373608,65.4407,22.8404,F
1807,1,HappyBirthday,1030,5110,M,1,0.00091929,0.436494,73.7195,0.354106,F
1807,1,HappyBirthday,1108,4380,M,1,0.0340047,0.0146593,8.14905,11.1943,F
1807,1,HappyBirthday,1029,5110,M,1,0.187549,0.0316546,1.97783,64.5548,F
1807,1,HappyBirthday,439,10950.2,M,1,0.000459141,4.66899,963.243,0.607922,F
1807,1,HappyBirthday,1213,3285,M,1,0.00324285,4.1447,9403.05,6.1402,F
1807,1,Births,1551,0,M,0,0,0.0188591,0,0,F
1808,1,HappyBirthday,58,8760.51,M,1,0.0299315,0.172156,0.847202,9.45637,F
1808,1,HappyBirthday,1512,365,F,1,0.00041925,0.00638537,33172.1,0.515957,F
1808,1,HappyBirthday,173,15695.1,M,1,0.000334112,3.36494,5.36396,0.104732,F
1810,1,HappyBirthday,891,6205.59,M,1,0.00314908,3.35179,4.42726,0.989762,F
1811,1,HappyBirthday,301,26280.1,F,1,0.123957,1.58024,0.140461,41.1301,F
1811,1,HappyBirthday,1214,3285,M,1,0.0882348,0.0567799,1314.86,34.603,F
1811,1,HappyBirthday,696,18980.5,M,1,0.00372426,0.677281,26.3829,1.1634,F
1812,1,HappyBirthday,936,29930.9,M,1,0.00196926,12.5728,317.261,0.632511,F
1813,1,Births,1552,0,M,0,0,0.0680527,0,0,F
1814,1,HappyBirthday,845,12775.9,M,1,0.00527763,0.63871,48.9079,1.6509,F
1815,1,HappyBirthday,127,18615.9,M,1,0.00289571,2.48906,11.332,0.901699,F
1815,1,HappyBirthday,1513,365,F,1,0.000133363,0.10173,189895,1.33427,F
1816,1,HappyBirthday,1288,2555,M,1,0.0743937,0.742488,25.2037,24.0552,F
1817,1,HappyBirthday,1415,1095,F,1,0.193648,0.379323,357.932,76.6013,F
1817,1,HappyBirthday,794,13505.1,F,1,0.00754915,1.4569,259.153,2.46581,F
1817,1,Births,1553,0,F,0,0,0.00584801,0,0,F
1818,1,HappyBirthday,1416,1095,F,1,0.00250787,0.121968,0.224595,0.780632,F
1818,1,HappyBirthday,1178,3650,F,1,0.00204143,3.26028,675.138,1.27823,F
1819,1,HappyBirthday,22,15695,F,1,0.0234447,3.78933,140.164,9.08387,F
1819,1,HappyBirthday,1514,365,F,1,0.321763,0.329759,15105.8,439.217,F
1819,1,HappyBirthday,1179,3650,M,1,0,0.931335,813.166,0,F
1820,1,HappyBirthday,109,9855.85,M,1,5.5828e-05,2.08815,0.885324,0.0173836,F
1820,1,HappyBirthday,1515,365,F,1,0.112766,0.746518,374.896,56.1912,F
1820,1,HappyBirthday,304,20075.8,M,1,0.0191657,0.596992,1605.05,7.03457,F
1820,1,HappyBirthday,327,21535.9,F,1,8.88101e-07,0.145105,0,0.0002768,F
1820,1,HappyBirthday,645,10220.7,M,1,7.46436e-05,0.540957,11.4328,0.024398,F
1821,1,HappyBirthday,929,12045.3,F,1,0.000596333,0.232143,465.558,0.194477,F
1821,1,HappyBirthday,438,35770.5,M,1,0,10.7422,0.0480508,0,F
1821,1,HappyBirthday,1464,730,M,1,0.268091,1.21757,2563.34,409.265,F
1822,1,HappyBirthday,214,6570.34,M,1,0.00419233,3.74005,94.1554,1.34275,F
1822,1,HappyBirthday,1139,4015,F,0,0,0.00175224,0,0,F
1822,1,HappyBirthday,1517,365,M,1,0.00792425,0.420359,25.3062,2.66619,F
1822,1,HappyBirthday,1516,365,F,1,0.00115674,0.922965,24743.3,1.3632,F
1822,1,HappyBirthday,947,17155.8,M,1,2.30445e-06,1.34212,58.4951,0.0007156,F
1822,1,HappyBirthday,932,27010,M,1,0.000103294,4.18686,30.0399,0.035736,F
1822,1,HappyBirthday,751,15695.1,F,1,0.000141223,0.644825,1621.8,0.145852,F
1822,1,HappyBirthday,1253,2920,M,1,0.0436708,0.477704,196.835,15.4069,F
1823,1,HappyBirthday,458,24455.4,M,1,0.0604818,0.567308,36.1111,19.5706,F
1823,1,HappyBirthday,1417,1095,M,1,0.418081,0.105443,44.8585,185.937,F
1824,1,HappyBirthday,1109,4380,F,1,0.161507,19.2546,1.08715,54.8428,F
1824,1,HappyBirthday,1254,2920,M,1,0.000107588,4.51313,40.6562,0.040176,F
1824,1,HappyBirthday,571,21900.9,F,1,0.000366567,0.278164,53.766,0.116211,F
1824,1,HappyBirthday,787,9490.89,F,1,0.0018738,0.675828,23498.8,1.78842,F
