Time,Node_ID,Event_Name,Individual_ID,Age,Gender,Infected,Infectiousness,RelativeBitingRate,TrueParasiteDensity,TrueGametocyteDensity,HasClinicalSymptoms
1,1,HappyBirthday,937,11315.9,M,0,0,4.86106,0,0,F
1,1,HappyBirthday,954,13870.9,F,1,0,6.05157,0,0,F
3,1,HappyBirthday,114,365.289,F,0,0,0.568874,0,0,F
3,1,HappyBirthday,240,1095.85,M,1,0,0.295114,0,0,F
3,1,HappyBirthday,289,1095.17,F,0,0,18.7564,0,0,F
3,1,HappyBirthday,976,3650.38,M,0,0,0.192196,0,0,F
4,1,HappyBirthday,634,26280.3,M,1,0,0.116624,0,0,F
4,1,HappyBirthday,786,2920.15,M,0,0,0.300846,0,0,F
4,1,Births,1002,0,F,0,0,0.0231252,0,0,F
5,1,HappyBirthday,64,12410.6,M,1,0,0.025381,0,0,F
5,1,HappyBirthday,610,26280.2,M,0,0,0.0627085,0,0,F
5,1,HappyBirthday,893,9490.62,M,0,0,1.39302,0,0,F
5,1,HappyBirthday,920,730.318,F,0,0,0.439026,0,0,F
6,1,HappyBirthday,459,6935.6,F,1,0,0.335165,0,0,F
6,1,HappyBirthday,689,1460.4,F,0,0,0.206652,0,0,F
6,1,HappyBirthday,778,1825.45,M,0,0,0.822245,0,0,F
6,1,HappyBirthday,977,2555.94,M,0,0,0.276345,0,0,F
7,1,HappyBirthday,458,12775.6,M,0,0,1.84641,0,0,F
7,1,HappyBirthday,553,25915.1,F,0,0,0.493743,0,0,F
7,1,HappyBirthday,754,9125.64,M,0,0,6.39247,0,0,F
8,1,HappyBirthday,190,8395.46,M,0,0,1.41229,0,0,F
8,1,HappyBirthday,903,29930.8,M,0,0,0.488772,0,0,F
9,1,HappyBirthday,68,2920.5,F,1,0,0.27582,0.207302,0,F
9,1,HappyBirthday,352,4380.68,F,0,0,0.0890499,0,0,F
9,1,HappyBirthday,367,17885.4,F,0,0,0.140065,0,0,F
9,1,HappyBirthday,948,3285.26,M,0,0,3.46004,0,0,F
10,1,HappyBirthday,968,5475.11,M,1,0,0.241218,0.123048,0,F
10,1,Births,1003,0,M,0,0,0.769843,0,0,F
11,1,HappyBirthday,104,730.843,M,0,0,0.519967,0,0,F
11,1,HappyBirthday,247,365.739,M,0,0,0.0294034,0,0,F
11,1,HappyBirthday,387,22630.3,F,0,0,3.54242,0,0,F
11,1,HappyBirthday,597,7665.86,M,0,0,0.325179,0,0,F
12,1,HappyBirthday,57,6935.85,F,0,0,0.219095,0,0,F
13,1,HappyBirthday,366,1095.37,F,0,0,0.465597,0,0,F
13,1,HappyBirthday,643,4380.21,M,1,0,0.00499125,33.1415,0,F
13,1,HappyBirthday,812,13140.8,M,0,0,1.26539,0,0,F
13,1,HappyBirthday,819,15330.2,F,0,0,0.468957,0,0,F
14,1,HappyBirthday,91,3285.68,F,1,0,4.14092,41.9956,0,F
14,1,HappyBirthday,254,6570.76,M,0,0,4.15383,0,0,F
14,1,HappyBirthday,476,4380.8,F,0,0,0.505842,0,0,F
15,1,HappyBirthday,136,2920.55,F,1,0,0.155073,687.569,0,F
16,1,HappyBirthday,538,12410.7,M,0,0,1.65382,0,0,F
17,1,HappyBirthday,324,20075.5,M,0,0,0.350282,0,0,F
17,1,HappyBirthday,339,18980.2,F,0,0,0.0348634,0,0,F
17,1,HappyBirthday,402,2555.04,F,0,0,4.14522,0,0,F
18,1,HappyBirthday,436,8760.32,F,0,0,0.916372,0,0,F
18,1,HappyBirthday,915,2190.13,F,1,0,0.646552,11857.3,0,F
19,1,HappyBirthday,288,730.493,F,0,0,0.0538639,0,0,F
20,1,HappyBirthday,38,31755,F,0,0,1.33259,0,0,F
21,1,HappyBirthday,79,18250.7,F,0,0,0.710741,0,0,F
21,1,HappyBirthday,668,6205.06,M,0,0,0.228357,0,0,F
21,1,HappyBirthday,702,3650.51,M,1,1.19604e-06,1.98221,143555,0.0119678,F
22,1,HappyBirthday,217,365.571,F,0,0,0.644942,0,0,F
22,1,HappyBirthday,815,730.192,M,0,0,0.0272059,0,0,F
22,1,HappyBirthday,904,2920.02,F,0,0,1.61094,0,0,F
23,1,HappyBirthday,576,23360.7,F,0,0,0.0480104,0,0,F
23,1,HappyBirthday,794,1460.33,M,0,0,0.0607769,0,0,F
23,1,HappyBirthday,817,6570.74,F,1,1.06226e-05,2.21232,226073,0.112056,F
23,1,HappyBirthday,983,4015.53,F,0,0,0.189744,0,0,F
24,1,HappyBirthday,246,9855.6,M,0,0,0.449652,0,0,F
24,1,HappyBirthday,543,16790.7,F,0,0,0.153034,0,0,F
24,1,HappyBirthday,947,365.995,M,0,0,0.305491,0,0,F
25,1,HappyBirthday,796,19345.2,M,0,0,1.36399,0,0,F
25,1,HappyBirthday,932,12045.7,F,0,0,31.3586,0,0,F
25,1,HappyBirthday,945,2920.8,M,0,0,0.165481,0,0,F
26,1,HappyBirthday,153,10585.6,F,0,0,1.39783,0,0,F
26,1,HappyBirthday,601,35405.8,M,0,0,0.725575,0,0,F
26,1,HappyBirthday,998,12410.3,F,1,0.000965668,0.764472,28921.3,1.15441,F
26,1,Births,1004,0,F,0,0,0.0329117,0,0,F
27,1,HappyBirthday,515,4745.96,M,1,0.00641715,0.801558,58608.2,33.1509,F
27,1,HappyBirthday,733,6935.46,M,0,0,0.694058,0,0,F
27,1,Births,1005,0,F,0,0,0.0581317,0,0,F
28,1,HappyBirthday,59,2190.47,F,0,0,0.036121,0,0,F
28,1,HappyBirthday,272,28105.7,F,1,0.0194642,1.69459,11057.3,17.219,F
28,1,HappyBirthday,905,33945.3,F,0,0,5.37985,0,0,F
29,1,HappyBirthday,125,8760.09,M,0,0,2.14531,0,0,F
29,1,Births,1006,0,M,0,0,0.00500935,0,0,F
30,1,HappyBirthday,512,11680.5,F,1,0.32036,0.731853,2642.6,256.798,F
30,1,HappyBirthday,638,5475.95,M,0,0,3.50939,0,0,F
30,1,HappyBirthday,818,5840.58,F,0,0,1.85286,0,0,F
31,1,HappyBirthday,163,20075.4,M,1,0.486109,1.18129,5497.09,779.888,F
31,1,HappyBirthday,699,22265.4,M,0,0,0.0357616,0,0,F
32,1,HappyBirthday,170,22265.8,M,0,0,1.23344,0,0,F
32,1,HappyBirthday,279,12410.1,M,1,0.228832,0.556657,2282.29,591.196,F
32,1,HappyBirthday,881,730.73,F,0,0,0.606415,0,0,F
32,1,HappyBirthday,908,730.489,M,0,0,0.0187889,0,0,F
33,1,HappyBirthday,2,16790.5,M,1,0.251128,0.221124,19812.8,1602,F
33,1,HappyBirthday,477,27375.3,M,1,0.584803,1.26125,4407.24,1628.8,F
33,1,HappyBirthday,625,24820.3,M,0,0,12.7141,0,0,F
33,1,HappyBirthday,780,4380.9,M,0,0,0.0728585,0,0,F
33,1,HappyBirthday,860,9490.55,M,1,0.355386,0.647306,11372,1667.37,F
34,1,HappyBirthday,338,730.426,M,0,0,0.242155,0,0,F
35,1,HappyBirthday,318,6935.88,F,0,0,6.329,0,0,F
36,1,HappyBirthday,320,10220.1,M,0,0,1.10344,0,0,F
36,1,HappyBirthday,374,2190.08,F,0,0,0.0378753,0,0,F
36,1,HappyBirthday,711,730.385,M,0,0,0.415263,0,0,F
37,1,HappyBirthday,789,7665.24,F,0,0,0.207316,0,0,F
37,1,HappyBirthday,848,4745.67,M,0,0,0.134817,0,0,F
37,1,Births,1007,0,M,0,0,0.132941,0,0,F
38,1,HappyBirthday,119,12775.5,F,0,0,1.10989,0,0,F
38,1,HappyBirthday,306,12775.4,F,0,0,0.972136,0,0,F
38,1,HappyBirthday,398,7665.92,F,1,0.488441,6.48417,16088.7,1070.22,F
39,1,HappyBirthday,67,9855.07,M,0,0,0.301421,0,0,F
39,1,HappyBirthday,73,730.656,F,0,0,0.0656251,0,0,F
39,1,HappyBirthday,616,6570.1,F,1,0.244089,2.37276,55159.1,912.186,F
39,1,HappyBirthday,961,365.354,M,0,0,3.51505,0,0,F
40,1,HappyBirthday,122,5110.27,M,0,0,0.814864,0,0,F
40,1,HappyBirthday,250,12775.4,M,0,0,1.74654,0,0,F
40,1,HappyBirthday,390,23725.9,M,0,0,0.251547,0,0,F
40,1,HappyBirthday,660,730.483,M,0,0,0.277228,0,0,F
40,1,HappyBirthday,731,1825.42,M,0,0,0.660463,0,0,F
41,1,HappyBirthday,39,14235.6,F,1,0.403933,0.732777,24009,541.72,F
41,1,HappyBirthday,148,17155.7,F,1,0.561733,1.02562,2075.92,620.959,F
41,1,HappyBirthday,483,6570.89,F,1,0.456241,0.201706,16140.7,586.096,F
41,1,HappyBirthday,734,9855.18,F,0,0,0.0415183,0,0,F
42,1,HappyBirthday,76,9855.98,M,0,0,2.59927,0,0,F
42,1,HappyBirthday,558,9125.6,F,0,0,3.32566,0,0,F
42,1,HappyBirthday,669,14965.3,F,1,0,3.84135,0,0,F
43,1,HappyBirthday,565,365.255,M,0,0,0.114187,0,0,F
43,1,HappyBirthday,649,1460.9,F,0,0,0.415723,0,0,F
43,1,HappyBirthday,768,5840.45,M,1,0.6433,2.30795,660.978,345.741,F
43,1,HappyBirthday,769,14965.1,M,0,0,0.68114,0,0,F
44,1,HappyBirthday,550,7300.38,M,0,0,0.154547,0,0,F
44,1,HappyBirthday,588,7300.75,M,1,0,5.07589,0,0,F
44,1,HappyBirthday,880,2920.71,F,1,0.558969,0.133207,467.623,259.905,F
45,1,HappyBirthday,75,13870.9,M,1,0,1.02768,0,0,F
45,1,HappyBirthday,204,4015.55,F,0,0,0.476773,0,0,F
45,1,HappyBirthday,457,8760.02,F,0,0,0.172218,0,0,F
45,1,HappyBirthday,636,13870.6,F,0,0,0.739329,0,0,F
45,1,HappyBirthday,840,8760.15,M,1,0,3.44752,0,0,F
45,1,HappyBirthday,995,14235.9,M,1,0,0.243228,0,0,F
46,1,HappyBirthday,72,4745.34,F,1,0,0.771216,0,0,F
46,1,HappyBirthday,249,12775.4,F,1,0.649627,0.080708,102.685,327.221,F
46,1,HappyBirthday,526,1460.94,M,1,0,3.58892,0,0,F
46,1,HappyBirthday,950,6205.2,M,1,0,64.5803,0.017343,0,F
47,1,HappyBirthday,134,3285.7,M,1,0,1.45379,0,0,F
47,1,HappyBirthday,285,4015.07,M,1,0,0.495884,0,0,F
47,1,HappyBirthday,328,8395.42,M,1,0,1.14882,0,0,F
47,1,HappyBirthday,934,365.161,F,1,0,0.618585,0,0,F
48,1,HappyBirthday,26,5840.79,F,1,0,1.52792,0,0,F
48,1,HappyBirthday,45,14600.1,M,1,0,2.18456,0.14603,0,F
48,1,HappyBirthday,99,3285.56,M,1,0,2.34479,0.0118825,0,F
48,1,HappyBirthday,523,2555.24,F,1,0,2.62518,0.0289222,0,F
48,1,HappyBirthday,548,3285.63,M,1,0,2.40819,0.0178234,0,F
48,1,HappyBirthday,572,10950.5,F,0,0,0.183621,0,0,F
48,1,HappyBirthday,719,2920.9,F,0,0,0.281429,0,0,F
48,1,HappyBirthday,918,12045.1,F,1,0.879635,2.43398,27.5895,671.568,F
49,1,HappyBirthday,61,14600.5,F,1,0,22.7503,0.566443,0,F
49,1,HappyBirthday,461,11680,M,1,0.869503,0.84723,16.7623,642.614,F
49,1,HappyBirthday,635,18250.1,M,1,0.925746,1.83293,14.7584,811.447,F
50,1,HappyBirthday,23,6205.02,F,1,0.70599,12.0352,0.573778,380.707,F
52,1,HappyBirthday,355,17155.4,F,1,0,1.79015,0.196706,0,F
52,1,HappyBirthday,381,19710.6,F,1,0,0.710209,0,0,F
52,1,Births,1008,0,F,0,0,0.010141,0,0,F
53,1,HappyBirthday,97,2920.96,F,0,0,0.0288631,0,0,F
53,1,HappyBirthday,201,365.974,F,1,0,0.641807,0.144831,0,F
53,1,HappyBirthday,451,1095.92,M,1,0,2.26249,1.01397,0,F
53,1,HappyBirthday,594,1825.45,M,1,0,7.69117,16.0425,0,F
53,1,HappyBirthday,641,8760.67,F,1,0.664461,0.121305,145.632,423.626,F
54,1,HappyBirthday,253,3650.18,M,1,0,1.27752,0.260055,0,F
54,1,HappyBirthday,600,8760.94,F,0,0,0.230123,0,0,F
54,1,HappyBirthday,841,11315.7,F,1,0,1.13874,0.220706,0,F
54,1,Births,1009,0,M,0,0,0.0545239,0,0,F
55,1,HappyBirthday,479,1825.94,F,1,0.417528,0.150395,101.237,228.991,F
55,1,HappyBirthday,517,12410.1,M,1,0.332405,0.126508,0.834983,125.751,F
56,1,HappyBirthday,52,4745.89,F,0,0,0.0681644,0,0,F
56,1,HappyBirthday,478,2555.62,M,1,0,0.386142,0,0,F
56,1,HappyBirthday,506,2555.39,M,0,0,0.107857,0,0,F
56,1,HappyBirthday,524,10950.2,F,1,0,6.34867,338.995,0,F
57,1,HappyBirthday,388,8760.36,M,0,0,0.0354499,0,0,F
57,1,HappyBirthday,571,6205.82,M,1,0,3.60875,17829.2,0,F
57,1,HappyBirthday,623,6570.73,M,1,0.212666,2.3642,234.795,128.808,F
57,1,HappyBirthday,627,14235.4,F,1,0,0.326927,0.009,0,F
57,1,HappyBirthday,728,1460.03,F,1,0.0355675,0.076793,0.00721021,11.2533,F
57,1,HappyBirthday,748,365.802,M,1,0,0.397775,4495.68,0,F
58,1,HappyBirthday,293,14235.8,F,1,0.218895,0.22217,34.5824,90.1609,F
59,1,HappyBirthday,87,1095.47,F,1,0.16864,0.0240299,1.91792,57.5807,F
59,1,HappyBirthday,348,365.5,F,0,0,0.0265014,0,0,F
59,1,HappyBirthday,790,2190.85,M,1,0,0.497975,0,0,F
60,1,HappyBirthday,422,29565.3,M,1,0.139516,0.102022,52.8053,56.7885,F
60,1,HappyBirthday,677,10950.2,F,1,0,1.55792,29106.4,0,F
60,1,HappyBirthday,697,3285.76,M,1,0,0.318001,20.9897,0,F
60,1,HappyBirthday,906,5840.9,M,1,0.105488,0.612729,102.466,44.9423,F
61,1,HappyBirthday,410,13505.1,F,1,0,0.153347,0.14303,0,F
61,1,HappyBirthday,889,1460.11,F,1,0,1.89793,107998,0,F
62,1,HappyBirthday,24,18980.2,M,1,0,1.20554,27678.8,0,F
62,1,HappyBirthday,93,9490.03,F,1,0,0.244619,316.505,0,F
62,1,HappyBirthday,921,1825.9,M,1,0,1.0136,0.0369244,0,F
63,1,HappyBirthday,940,6935.43,M,1,0,0.252772,22.2274,0,F
63,1,Births,1010,0,M,0,0,0.0138679,0,0,F
64,1,HappyBirthday,224,2190.43,F,1,0,0.0977395,0.0162193,0,F
64,1,HappyBirthday,262,2920.42,F,1,0,2.18179,57664.3,0,F
64,1,HappyBirthday,741,8760.56,F,1,5.48159e-05,2.20338,48975.5,0.115984,F
64,1,HappyBirthday,825,4380.07,M,1,0,1.53498,49.9969,0,F
65,1,HappyBirthday,474,365.957,M,0,0,0.0690682,0,0,F
65,1,HappyBirthday,685,1825.12,M,1,0,0.121403,1458.65,0,F
65,1,HappyBirthday,743,1460.84,M,1,0,0.255836,0.010715,0,F
65,1,HappyBirthday,792,365.842,F,0,0,0.070654,0,0,F
65,1,HappyBirthday,875,1460.93,F,1,0.180004,0.0419809,155.564,73.9303,F
66,1,HappyBirthday,198,1095.94,M,1,0.000507295,0.94646,125389,4.17873,F
66,1,HappyBirthday,901,5840.22,F,1,0,0.667838,0,0,F
66,1,HappyBirthday,914,8395.19,M,1,0.00243274,1.86217,50615.1,6.40943,F
67,1,HappyBirthday,385,4745.3,F,1,0,0.270392,0,0,F
68,1,HappyBirthday,121,6570.54,F,1,0.000874359,3.89766,96987.9,5.74336,F
68,1,HappyBirthday,268,5110.79,F,1,0.000637384,0.254149,101676,5.91067,F
68,1,HappyBirthday,928,25915.5,F,1,0.00466527,1.64098,110861,34.3934,F
69,1,HappyBirthday,77,1825.42,M,0,0,0.036361,0,0,F
69,1,HappyBirthday,359,33580.7,F,1,0,0.45473,107993,0,F
69,1,HappyBirthday,582,2190.01,F,1,0,0.684469,427.147,0,F
71,1,HappyBirthday,140,18250.5,M,1,0.44609,5.79576,3786.05,832.4,F
71,1,HappyBirthday,561,365.388,M,0,0,0.0277335,0,0,F
72,1,HappyBirthday,439,14235.5,M,1,0.574614,6.76589,10618.7,1183.37,F
72,1,Births,1011,0,F,0,0,0.0211254,0,0,F
73,1,HappyBirthday,389,5840.39,F,1,0.136839,1.49904,116027,1160.25,F
73,1,HappyBirthday,640,4380.91,F,1,0.528968,12.1358,2879.2,1219.56,F
73,1,HappyBirthday,675,5110.74,F,1,0.000289091,0.0392634,11934.7,2.41187,F
73,1,HappyBirthday,771,20440.8,M,1,0.485322,5.44196,1848.86,372.166,F
74,1,HappyBirthday,282,22265.3,M,1,0.00377481,0.256397,2339.25,10.1285,F
74,1,HappyBirthday,425,24455.4,M,1,0.00157682,0.531306,36434.6,2.04649,F
74,1,HappyBirthday,498,5475.31,M,1,1.46268e-06,0.0725288,46635.7,0.00641206,F
74,1,HappyBirthday,508,9125.54,M,1,0,0.728251,66770.9,0,F
74,1,HappyBirthday,535,730.743,F,1,0.0038905,0.210318,61.4302,1.55999,F
74,1,HappyBirthday,723,17885.6,F,1,0.122901,0.461276,28131.1,455.535,F
74,1,HappyBirthday,849,365.161,M,1,0.27623,8.68979,3757.14,1096.13,F
76,1,HappyBirthday,501,20075.3,F,1,0.00171149,0.217976,87241.8,11.3579,F
76,1,HappyBirthday,946,4015.25,M,1,0.142973,6.00469,29835.5,1260.4,F
77,1,HappyBirthday,233,5840.08,F,0,0,0.069241,0,0,F
77,1,HappyBirthday,347,6570.09,M,1,0,0.0873395,0,0,F
77,1,HappyBirthday,420,12775.7,M,1,0.229524,1.17227,19450.3,460.897,F
77,1,HappyBirthday,449,5475.46,F,1,0.176658,3.74097,22912.3,1384.29,F
78,1,HappyBirthday,88,5475.34,F,1,0.139736,0.429406,89231.2,1665.16,F
79,1,HappyBirthday,378,365.445,F,1,0.170866,2.49809,88008.5,1611.86,F
79,1,HappyBirthday,433,10585.3,F,1,0.201312,0.727919,112869,1891.53,F
79,1,HappyBirthday,795,2920.67,F,1,4.33887e-06,0.0879082,192763,0.042915,F
79,1,HappyBirthday,917,4745.9,M,1,0.291185,21.0221,25536.8,828.797,F
79,1,HappyBirthday,960,730.908,F,1,0.229544,1.39024,15396.1,1321.13,F
80,1,HappyBirthday,179,6935.84,M,1,6.66982e-07,0.0801966,114649,0.00689124,F
81,1,HappyBirthday,55,2920.7,F,1,0.204976,0.506831,12302.7,604.044,F
81,1,HappyBirthday,776,8760.26,M,1,0.0090317,0.0933464,13905.4,8.61022,F
81,1,HappyBirthday,821,24455.6,F,1,0.0118627,0.252957,52031.7,56.7894,F
82,1,HappyBirthday,116,7300.97,F,1,0.257141,0.983313,13544.3,447.146,F
82,1,HappyBirthday,432,5110.86,M,1,0,0.292327,0,0,F
82,1,HappyBirthday,708,5840.65,M,1,0.187851,0.775456,51253.9,1088.51,F
82,1,HappyBirthday,839,15695.3,F,1,0.603175,0.093207,26674.4,1034.75,F
83,1,HappyBirthday,172,6570.68,F,1,0.141488,8.7498,60092.4,877.5,F
85,1,HappyBirthday,575,10220.8,M,1,0.013343,0.0582451,43958.1,56.789,F
86,1,HappyBirthday,137,9490.96,F,1,0.225853,0.78456,28449.3,1300.79,F
86,1,HappyBirthday,245,28471,F,1,0.464801,75.1193,326.471,197.029,F
86,1,HappyBirthday,428,25550.4,M,1,0.151774,1.56928,18319.9,1229.85,F
86,1,HappyBirthday,549,9125.59,F,1,0,0.0612605,0,0,F
86,1,HappyBirthday,752,28835.3,M,1,0.361906,5.35639,11578.8,296.182,F
87,1,HappyBirthday,453,31390.5,F,1,0.452624,1.20281,26541.6,751.017,F
87,1,HappyBirthday,472,1095.58,F,0,0,0.0419735,0,0,F
88,1,HappyBirthday,283,1095.8,M,1,0.0031014,0.0350126,7.51282,0.979646,F
90,1,HappyBirthday,251,4380.33,M,1,0.311846,0.568755,20268.7,489.795,F
90,1,HappyBirthday,440,2555.07,M,1,0.690168,5.81282,4162.6,793.863,F
90,1,HappyBirthday,580,3650.03,M,1,0.110798,0.111971,24034.3,1043.52,F
91,1,HappyBirthday,532,16790.9,F,1,0.0049128,0.244723,0.0292676,1.53032,F
92,1,HappyBirthday,126,13505.1,F,1,0.490423,0.677574,9656.36,1728.86,F
92,1,HappyBirthday,791,11315.2,M,1,0.261059,1.63553,45260.8,893.403,F
94,1,HappyBirthday,540,365.736,F,1,0.564115,0.165838,42083.1,1166.17,F
94,1,HappyBirthday,568,20440.6,M,0,0,0.0351957,0,0,F
94,1,HappyBirthday,652,730.706,M,1,0.213058,1.2207,1335.82,377.846,F
94,1,Births,1012,0,M,0,0,0.00966475,0,0,F
95,1,HappyBirthday,350,17885.1,F,1,0.166156,1.0108,942.83,68.524,F
95,1,HappyBirthday,704,14600.1,F,1,0.859742,2.86566,42.6226,654.932,F
96,1,HappyBirthday,12,1095.8,F,1,0.509696,0.0944375,16568.8,1192.21,F
96,1,HappyBirthday,63,4380.31,F,1,0.293421,0.40403,13052.9,523.002,F
97,1,HappyBirthday,321,730.887,F,1,0.367543,0.140053,48062.1,566.993,F
97,1,HappyBirthday,705,5110.61,F,1,0,0.0671549,1.04326,0,F
98,1,HappyBirthday,569,35405.3,F,1,0.411326,3.33407,60.7935,209.894,F
98,1,HappyBirthday,913,12410.8,F,1,0.916374,1.65213,244.931,794.48,F
98,1,HappyBirthday,958,7300.28,F,1,0.293005,1.45173,2574.97,772.024,F
100,1,HappyBirthday,227,6570.31,M,1,0.327725,5.4197,31.7191,135.485,F
100,1,HappyBirthday,248,8395.77,M,1,0.486169,2.23253,1791.34,703.102,F
100,1,HappyBirthday,631,2920.64,M,1,0.377737,0.0277084,16868.3,438.917,F
101,1,HappyBirthday,135,5110.13,F,1,0.156304,5.43308,50.7407,65.7151,F
101,1,HappyBirthday,693,3650.41,F,1,0.399176,0.247622,302.159,324.902,F
102,1,HappyBirthday,286,3285.05,M,1,0.430421,0.30459,361.555,199.11,F
102,1,HappyBirthday,310,1825.52,M,1,0.0475366,0.317765,60737.1,432.09,F
102,1,HappyBirthday,376,5110.36,M,1,0.185762,13.4306,214.585,73.255,F
102,1,HappyBirthday,419,1460.18,M,1,0.314581,0.17775,49057,1089.22,F
102,1,HappyBirthday,585,7665.33,F,1,0.377323,5.32746,1397.93,169.659,F
102,1,HappyBirthday,975,24090,M,1,0.389993,0.10496,25718.8,830.505,F
103,1,HappyBirthday,624,8030.34,F,1,0.317726,0.208911,38962.4,486.864,F
104,1,HappyBirthday,244,18980.3,F,1,0.16647,0.280705,1264.29,295.812,F
104,1,HappyBirthday,309,4380.15,M,1,0.612104,0.219389,1490.6,806.913,F
104,1,HappyBirthday,662,730.805,F,1,0.00281224,0.165186,226460,29.844,F
104,1,Births,1013,0,M,0,0,0.0762059,0,0,F
105,1,HappyBirthday,131,17155.2,F,1,0,0.0188617,0,0,F
105,1,HappyBirthday,188,30660.6,M,1,0.190759,0.438557,32398.1,700.849,F
106,1,HappyBirthday,331,14600.3,F,1,0.172834,2.53454,100.598,71.7095,F
106,1,HappyBirthday,630,13505.8,F,1,0.182972,1.23455,1050.04,78.2607,F
106,1,HappyBirthday,811,6570.91,M,1,0,0.0758847,0,0,F
106,1,HappyBirthday,884,8395.42,M,1,0.381712,1.08944,150.958,185.402,F
107,1,HappyBirthday,546,16060.4,M,1,0.498043,1.91601,21.3689,237.024,F
107,1,HappyBirthday,953,2555.73,F,1,0.890262,0.687725,2552.13,881.816,F
107,1,Births,1014,0,M,0,0,0.151551,0,0,F
108,1,HappyBirthday,102,13505.4,F,1,0.0396211,0.117465,92424.2,569.697,F
108,1,HappyBirthday,192,10950.4,M,1,0.266226,0.704725,855.609,364.907,F
108,1,HappyBirthday,520,10220.7,F,1,0.858908,1.97955,53.5081,644.736,F
108,1,HappyBirthday,667,2920.23,M,1,0.286321,0.131227,27598.1,566.665,F
109,1,HappyBirthday,273,15695.7,M,1,0.0684554,3.77314,319.412,34.7469,F
109,1,HappyBirthday,395,18250.4,F,1,0.156693,1.78104,15727.8,324.442,F
109,1,HappyBirthday,861,20075.4,M,1,0.0395949,1.06273,2551.16,48.6483,F
110,1,HappyBirthday,127,8395.01,F,1,0.111983,20.2966,2176.63,48.6398,F
110,1,HappyBirthday,505,1825.94,M,1,0.323912,1.64288,5013.89,369.749,F
110,1,HappyBirthday,521,1825.25,F,1,0.11972,2.8729,15.751,39.7398,F
110,1,HappyBirthday,613,17520.1,F,1,0.00106528,0.0292599,69527.4,5.72392,F
110,1,HappyBirthday,746,1460.76,M,1,0.118777,0.432678,34.1485,42.6491,F
111,1,HappyBirthday,14,1460.71,M,1,0.0916261,1.13058,62.193,38.6056,F
111,1,HappyBirthday,663,29565.2,F,1,0.00785505,23.5424,169.759,3.56882,F
111,1,HappyBirthday,698,2555.83,M,1,0.0848721,1.11048,48.1347,31.6686,F
111,1,HappyBirthday,900,12775.5,M,1,0.257567,2.71848,1352.06,93.5735,F
112,1,HappyBirthday,552,13870.1,M,1,0.288743,0.919479,176.79,136.901,F
113,1,HappyBirthday,129,4015.54,F,1,0.0986761,1.93171,316.988,49.6119,F
113,1,HappyBirthday,683,24455.2,F,1,0,0.020728,0,0,F
113,1,HappyBirthday,833,6205.47,M,1,0.285829,0.565381,117.456,119.288,F
114,1,HappyBirthday,74,14235.2,M,1,0.103071,0.89628,151.359,42.7515,F
114,1,HappyBirthday,162,4745.08,M,1,0.138838,0.371467,120.617,74.283,F
114,1,HappyBirthday,239,1095.16,M,1,0.959978,0.277927,829.953,1524.17,F
114,1,HappyBirthday,650,8030.66,F,1,0.258,5.63484,148.884,109.871,F
115,1,HappyBirthday,113,13870.9,M,1,0.677671,0.216239,58.629,411.508,F
115,1,HappyBirthday,231,24821,F,1,0.00859321,13.7165,740.075,3.2516,F
115,1,HappyBirthday,303,3650.11,M,1,0.0805786,0.685479,669.605,37.3764,F
115,1,HappyBirthday,323,16060.3,M,1,0.28804,0.130562,5087.48,504.527,F
115,1,HappyBirthday,602,11315.4,F,1,0.0261167,4.36204,115.173,10.7007,F
115,1,HappyBirthday,691,12410.7,F,1,0.401436,0.23536,96.7293,214.288,F
116,1,HappyBirthday,295,17520.4,F,1,0.0194527,2.56976,190.658,9.76537,F
117,1,HappyBirthday,806,31025,M,1,0.61051,0.151861,7.1858,301.931,F
118,1,HappyBirthday,967,16425.9,M,1,0.00709819,2.58951,57.9336,2.84589,F
120,1,HappyBirthday,337,5110.16,F,1,0.178208,0.341117,565.698,70.4711,F
120,1,HappyBirthday,609,2190.03,M,1,0.425236,0.437429,80.3269,193.256,F
120,1,HappyBirthday,622,8395.96,M,1,0.32351,0.458473,108.355,139.147,F
120,1,HappyBirthday,785,18615.2,M,1,0.00969042,1.36058,277.088,4.27263,F
120,1,HappyBirthday,856,8760.89,F,1,0.0242722,0.973528,239.653,11.8159,F
121,1,HappyBirthday,160,14600.7,F,1,0.82847,0.18175,74.6641,610.789,F
121,1,HappyBirthday,386,2555.18,F,1,0.623929,0.309169,1746.63,308.141,F
121,1,HappyBirthday,475,11680.6,F,1,0.330383,0.332553,2994.89,518.368,F
121,1,HappyBirthday,822,5475.78,F,1,0.00628894,0.477272,149.191,2.96056,F
121,1,HappyBirthday,850,2555.25,F,1,0.0474851,0.912649,1050.76,15.7549,F
122,1,HappyBirthday,212,3650.34,M,1,0.0909098,2.1216,377.776,48.5381,F
123,1,HappyBirthday,108,22265.7,M,1,0.0075641,0.593477,69.1563,3.1121,F
123,1,HappyBirthday,174,10950.7,M,1,0.0876023,0.195667,33.8399,30.8681,F
124,1,HappyBirthday,484,36135.4,F,1,0.0312624,14.9895,159.198,12.9332,F
125,1,HappyBirthday,406,4015.82,F,1,0.0387408,1.04131,179.727,15.4222,F
125,1,HappyBirthday,706,6205.79,F,1,0.00820462,3.2044,261.443,4.54094,F
125,1,HappyBirthday,737,1095.56,F,1,0.0612623,0.0360408,18006.1,279.389,F
125,1,HappyBirthday,872,10220.2,F,1,0.00664008,18.5261,305.193,3.25913,F
125,1,HappyBirthday,923,6570.19,F,1,0.0111308,8.07811,33.666,3.49257,F
126,1,HappyBirthday,46,1460.68,M,1,0.489456,0.136944,62.5609,258.358,F
127,1,HappyBirthday,27,365.374,M,1,0.0163624,4.0538,203.932,6.48981,F
127,1,HappyBirthday,112,14600.8,F,1,0.0210242,0.402869,305.247,9.88477,F
127,1,HappyBirthday,259,730.973,M,1,0.0798488,0.0245499,79279.1,573.63,F
127,1,HappyBirthday,308,2555.75,F,1,0.0011375,0.0288492,102.277,0.469583,F
127,1,HappyBirthday,452,11315.3,F,1,0.0190244,0.816785,173.713,9.98913,F
127,1,HappyBirthday,617,10950,M,1,0.424656,0.0752407,28573.5,777.682,F
127,1,HappyBirthday,781,18615.5,M,1,0.799946,0.104568,2113.73,1280.18,F
128,1,HappyBirthday,98,2190.48,F,1,0.0244067,0.0444036,202025,292.793,F
128,1,HappyBirthday,207,6205.97,M,1,0.000811917,2.68832,124.946,0.334926,F
129,1,HappyBirthday,169,12410,M,1,0.410861,0.208304,37.3054,171.417,F
129,1,HappyBirthday,229,5110.56,M,1,0.00758715,0.672909,203.589,2.99511,F
129,1,HappyBirthday,297,6205.68,F,1,0.00721434,0.92214,88.4303,2.75056,F
129,1,HappyBirthday,334,2555.93,M,1,0.616448,0.430303,3642.48,468.03,F
129,1,HappyBirthday,443,1825.75,M,1,0.0664955,0.740637,110.942,24.8057,F
129,1,HappyBirthday,618,8760.95,F,1,0.0132683,1.51073,137.928,5.06126,F
130,1,HappyBirthday,834,11680.9,M,1,0.0116289,2.75826,618.692,4.18669,F
130,1,Births,1015,0,F,0,0,1.25991,0,0,F
131,1,HappyBirthday,311,1825.33,M,1,0.00533467,0.0891682,135.406,2.25829,F
131,1,HappyBirthday,364,27375.8,M,1,0.0105471,2.5235,128.9,4.11545,F
131,1,HappyBirthday,499,22630.7,M,1,0.000543512,0.219176,177069,5.25162,F
131,1,HappyBirthday,797,365.207,F,1,0.0130247,0.366731,232.633,5.53948,F
131,1,HappyBirthday,851,12410.4,F,1,0.60749,0.141408,13044,856.996,F
131,1,HappyBirthday,919,20805.3,M,1,0.241608,0.237476,111.143,98.1202,F
132,1,HappyBirthday,171,13140.8,F,0,0,0.0173655,0,0,F
132,1,HappyBirthday,740,4745.84,F,1,0.876512,0.271802,28.3372,733.766,F
133,1,HappyBirthday,173,730.304,M,1,0,0.00524943,0.501653,0,F
133,1,HappyBirthday,384,34310.9,F,1,0.386614,0.0628604,23040.7,1154.75,F
133,1,HappyBirthday,462,10585.4,F,1,0.24886,0.30831,2371.42,327.619,F
133,1,HappyBirthday,883,4380.98,M,1,0.00625018,1.37718,246.521,3.02214,F
133,1,HappyBirthday,973,1460.17,M,1,0.0793184,0.492335,170.376,34.2543,F
134,1,HappyBirthday,455,7665.18,F,1,0.0322711,0.0232351,109.365,11.9969,F
134,1,HappyBirthday,599,3285.7,M,1,0.00230764,1.13812,93.2362,0.797783,F
134,1,Births,1016,0,F,0,0,0.716232,0,0,F
136,1,HappyBirthday,146,10220.8,F,1,0.00764398,1.33327,27.6099,2.65222,F
136,1,HappyBirthday,185,5475.8,F,1,0.563228,0.0621324,118.321,346.855,F
136,1,HappyBirthday,486,1825.43,F,1,0.0101911,1.26721,43.0972,3.45667,F
136,1,HappyBirthday,925,25915.4,M,1,0.00798155,0.199465,137.863,3.22039,F
137,1,HappyBirthday,25,21170.7,M,1,0.134041,0.0589002,16188.5,1239.04,F
137,1,HappyBirthday,124,7665.82,F,1,0.178808,0.172361,198.538,81.2169,F
138,1,HappyBirthday,608,6935.9,M,1,0.0228373,0.250779,107.208,8.35196,F
139,1,HappyBirthday,92,9490.44,M,1,0.0117348,1.19375,48.1467,3.941,F
139,1,HappyBirthday,1001,7665.11,M,1,0.0269713,1.49724,77.4767,9.46111,F
139,1,HappyBirthday,301,10220.1,F,1,0.00711598,0.381898,87.6719,3.09921,F
139,1,HappyBirthday,340,2555.51,F,1,0.00379949,0.677418,106.056,1.72345,F
139,1,HappyBirthday,467,730.707,F,1,0.00976222,1.43062,51.9108,3.42693,F
139,1,HappyBirthday,682,18615.5,M,1,0.101107,0.0808675,95277.3,758.866,F
140,1,HappyBirthday,445,1825.68,M,1,0.00679778,0.25668,87.8819,2.79539,F
140,1,HappyBirthday,670,9855.84,F,1,0.197332,0.490695,74439.1,1199.49,F
141,1,HappyBirthday,391,20440,M,1,0.00588649,1.0694,64.045,2.04859,F
141,1,HappyBirthday,756,29565.9,M,1,0.610305,0.102531,102.416,304.876,F
142,1,HappyBirthday,852,18615.7,F,1,0.0232786,2.82435,26.4376,7.57027,F
143,1,HappyBirthday,423,730.73,M,1,0.653005,0.0931524,171.702,399.817,F
143,1,HappyBirthday,434,13140.1,F,1,0.0062244,0.364383,116.706,2.90894,F
144,1,HappyBirthday,183,2555.84,M,1,0.000677352,12.9724,78.6355,0.289273,F
144,1,HappyBirthday,430,28470.4,M,1,0.0022355,0.918199,42.3241,0.830697,F
145,1,HappyBirthday,109,730.189,M,1,0.00206575,1.89866,0.51918,0.644234,F
145,1,HappyBirthday,132,2920.41,M,1,0.0798979,0.121466,138.025,35.489,F
145,1,HappyBirthday,801,2920.1,F,1,0.00141069,5.64421,34.7747,0.464935,F
146,1,HappyBirthday,157,7300.79,F,1,0.00658781,0.987067,102.154,2.38065,F
146,1,HappyBirthday,344,22630.6,F,1,0.00186561,1.39741,0.205085,0.580497,F
147,1,HappyBirthday,133,1460.84,F,1,0.821223,0.145061,139.527,606.55,F
147,1,HappyBirthday,242,4745.41,M,1,0.00782584,0.991327,184.561,3.17284,F
147,1,HappyBirthday,424,730.767,F,1,0.00900178,0.720871,0.0273347,2.80904,F
148,1,HappyBirthday,493,8395.79,F,1,0.00277852,2.11633,187.61,1.1227,F
148,1,HappyBirthday,866,4015.49,M,1,0.000939702,9.01586,45.5323,0.346837,F
148,1,HappyBirthday,916,3285.06,F,1,0.00628573,0.17123,32.3968,1.99688,F
149,1,HappyBirthday,32,1460.94,M,1,0.00921129,0.795842,113.77,3.32055,F
149,1,HappyBirthday,313,3285.5,M,1,0.00215072,3.50343,148.566,0.940916,F
149,1,HappyBirthday,351,5110.04,F,1,0.00486495,256.532,17.2621,1.56747,F
149,1,HappyBirthday,808,9855.98,M,1,0.00536684,0.643645,48.5194,1.78987,F
150,1,HappyBirthday,66,23726,M,1,0.0701966,0.0870206,155.606,28.4983,F
150,1,HappyBirthday,290,5840.11,F,1,0.00203523,2.87298,4.42268,0.633632,F
151,1,HappyBirthday,551,7300.64,M,1,0.00224803,4.2095,0.227035,0.699767,F
152,1,HappyBirthday,271,2920.61,F,1,0.00288872,0.688523,0.48941,0.899455,F
152,1,HappyBirthday,888,365.92,M,1,0.00165095,1.70177,369.097,0.775189,F
153,1,HappyBirthday,404,4745.27,M,1,0.00356996,3.09094,154.385,1.36391,F
153,1,HappyBirthday,579,2920.95,F,1,0.00828767,0.473455,9.3095,2.59605,F
153,1,Births,1017,0,F,0,0,0.634284,0,0,F
154,1,HappyBirthday,265,24090.8,M,1,0.00260138,0.968218,392.782,1.29622,F
154,1,HappyBirthday,559,18615.8,M,1,0.0023054,3.75323,25.1982,0.798385,F
154,1,Births,1018,0,M,0,0,0.024083,0,0,F
155,1,HappyBirthday,280,4015.34,F,1,0.00388637,0.798078,39.4128,1.31731,F
155,1,HappyBirthday,547,5475.74,F,1,0.206419,0.105073,24.2002,74.0261,F
155,1,HappyBirthday,766,2555.02,M,1,0.00612797,0.309485,65.0559,2.50288,F
156,1,HappyBirthday,21,7665.98,F,1,0.152383,0.537473,123.87,61.5975,F
156,1,Births,1019,0,F,0,0,0.0242452,0,0,F
157,1,HappyBirthday,469,5840.92,M,1,0.0061246,0.408683,43.3584,1.99567,F
158,1,HappyBirthday,205,12045.7,M,1,0.000794573,0.339382,3.29927,0.250679,F
158,1,HappyBirthday,228,11680.9,F,1,0.00476693,0.754203,68.8251,1.75007,F
158,1,HappyBirthday,595,365.039,F,1,0.000714926,0.0634055,39.369,0.253969,F
158,1,HappyBirthday,718,3650.27,F,1,0.0106583,0.371984,1.08771,3.33082,F
158,1,HappyBirthday,868,4380.72,F,1,0.19851,0.251677,94.4952,97.8149,F
158,1,HappyBirthday,902,2190.38,F,1,0.00420676,0.057891,23.2277,1.4583,F
159,1,HappyBirthday,956,12410.5,M,1,0.0338645,0.0896405,210.466,16.9815,F
160,1,HappyBirthday,84,18980,M,1,0.000224363,9.40325,26.8731,0.0725974,F
160,1,HappyBirthday,496,6205.67,F,1,0.00316406,0.507516,20.9613,1.02066,F
160,1,HappyBirthday,896,9125.24,F,1,0.0357876,0.556709,33.1971,12.9736,F
160,1,Births,1020,0,M,0,0,0.109732,0,0,F
161,1,HappyBirthday,545,6570.5,F,1,0.000852778,2.59522,8.27507,0.270499,F
162,1,HappyBirthday,187,6205.81,F,1,0.000951319,1.30612,48.5603,0.315967,F
162,1,HappyBirthday,518,20440.2,M,1,0.00201023,2.65685,12.147,0.656414,F
163,1,HappyBirthday,435,12410.9,M,1,0.00245405,1.001,12.1191,0.778208,F
163,1,HappyBirthday,876,730.561,F,1,0.00662575,0.229922,74.4989,2.23247,F
164,1,HappyBirthday,53,1460.51,M,1,0.0605208,1.26058,29974.5,201.434,F
164,1,HappyBirthday,83,4380.32,M,1,0.00392681,0.0630998,142.869,1.51858,F
164,1,HappyBirthday,194,3285.87,F,1,0.00361921,0.413406,108.096,1.26498,F
164,1,HappyBirthday,380,16425.4,M,1,0.445653,16.0968,7.26673,184.352,F
164,1,HappyBirthday,813,14235.6,M,1,0.000922505,0.379419,14.4349,0.305966,F
165,1,HappyBirthday,111,365.45,M,1,0.00157404,0.601999,0.156552,0.489659,F
165,1,HappyBirthday,485,14235.3,F,1,0.000112789,0.371289,4.95084,0.0358638,F
165,1,HappyBirthday,878,23360.4,F,1,0.00557732,1.02394,13.1888,1.8475,F
166,1,HappyBirthday,763,4380.75,F,1,0.000791017,3.55046,32.9234,0.259653,F
166,1,HappyBirthday,939,6935.11,F,1,0.00340069,2.34461,29.5889,1.1529,F
166,1,HappyBirthday,951,1825.4,M,1,0.00520586,0.21625,6.40491,1.62308,F
167,1,HappyBirthday,972,14600.7,M,1,0.001905,7.25868,38.6592,0.693174,F
168,1,HappyBirthday,218,5840.93,F,1,0.00489242,0.119855,64.5292,1.97584,F
168,1,HappyBirthday,409,1095.2,F,1,0.00377395,0.268551,16.0087,1.26886,F
168,1,HappyBirthday,911,26645.1,F,1,0.00132777,2.48102,0.408991,0.41289,F
168,1,Births,1021,0,F,0,0,0.206273,0,0,F
169,1,HappyBirthday,8,1095.94,F,1,0.190579,0.0435477,114.88,76.7974,F
169,1,HappyBirthday,128,1825.54,M,1,0.000200947,1.28849,2.30536,0.0630153,F
169,1,HappyBirthday,383,8030.39,M,1,0.00176704,7.91778,56.2759,0.606711,F
169,1,HappyBirthday,466,9125.38,F,1,0.00404048,0.633456,5.5222,1.26778,F
169,1,HappyBirthday,842,13870.2,M,1,0.00409228,0.196607,210.444,1.65888,F
170,1,HappyBirthday,15,21900.7,M,1,0.000687703,2.78366,15.4169,0.230155,F
170,1,HappyBirthday,371,30295.2,F,1,3.05211e-05,34.4903,131506,0.323058,F
170,1,HappyBirthday,611,10586,M,1,0.000490981,3.63095,125645,3.98391,F
171,1,HappyBirthday,7,2920.94,F,1,0.000765199,2.79874,102.801,0.274835,F
171,1,HappyBirthday,17,23725.2,F,1,0.00192816,0.207765,41.9713,0.656197,F
171,1,HappyBirthday,358,10220.9,F,1,0.00426449,0.048432,9.63877,1.39138,F
171,1,HappyBirthday,707,1095.42,M,1,0.000260845,3.53667,21286.9,0.0895755,F
172,1,HappyBirthday,592,7300.27,M,1,0.00165357,10.9378,50.211,0.566596,F
172,1,HappyBirthday,621,5110.35,M,1,0.00203685,1.59161,54.2742,0.692584,F
172,1,Births,1022,0,M,0,0,0.167132,0,0,F
173,1,HappyBirthday,349,4745.05,F,1,0.00482307,0.112609,8.1493,1.5635,F
173,1,HappyBirthday,555,13505.8,M,1,0.0561531,0.131135,111.743,24.1472,F
174,1,HappyBirthday,294,4745.32,F,1,0.52504,0.0104493,15.1275,249.035,F
174,1,HappyBirthday,986,2555.94,M,1,0.00644297,0.0448185,183.653,2.66423,F
175,1,HappyBirthday,471,17885.1,M,1,0.00276749,15.6283,47.9116,0.917361,F
175,1,HappyBirthday,738,5110.05,M,1,0.00117436,3.28198,1.85515,0.366986,F
176,1,HappyBirthday,653,7665.37,F,1,5.64466e-05,4.6489,4710.14,0.118225,F
177,1,HappyBirthday,221,10585.6,M,1,0.00291084,0.445565,59.322,0.994048,F
177,1,HappyBirthday,655,5110.98,M,1,0.000362325,0.976359,7.7929,0.114734,F
177,1,HappyBirthday,871,17885.7,M,1,0.00145267,8.63438,15.8256,0.478742,F
178,1,HappyBirthday,141,5840.91,M,1,0.000127972,2.85304,15.796,0.0427191,F
178,1,HappyBirthday,164,5475.19,M,1,0.000143841,0.0768198,2948.04,0.176753,F
178,1,HappyBirthday,167,730.62,M,1,5.57058e-06,0.496383,4.39237,0.00174254,F
178,1,HappyBirthday,687,1095.38,M,1,0.0268573,0.0859438,44.335,9.98881,F
179,1,HappyBirthday,85,1460.74,M,1,0.00424912,0.123292,20.0653,1.35103,F
179,1,HappyBirthday,168,9855.25,M,1,0.000836599,0.241297,66.2292,0.289771,F
179,1,HappyBirthday,232,2190.98,M,1,0.00328026,1.83327,0.103475,1.02223,F
179,1,HappyBirthday,747,4380.34,M,1,0.00123214,4.21314,3.02294,0.384511,F
180,1,HappyBirthday,317,20805.8,F,1,0.00175755,3.8488,65.1425,0.617451,F
180,1,HappyBirthday,614,3285.42,M,1,2.31535e-05,0.733088,9.03364,0.00748503,F
180,1,HappyBirthday,865,9125.23,M,1,0.0013053,1.45347,11.0252,0.411434,F
180,1,HappyBirthday,870,730.025,M,1,0.0130146,0.45288,12560.9,12.1468,F
181,1,HappyBirthday,4,32485,M,1,0.00144312,1.63777,77.4496,0.520708,F
181,1,HappyBirthday,237,4015.73,M,1,0.812375,2.98191,2411.52,1163.41,F
181,1,HappyBirthday,314,4380.5,F,1,0.000898235,0.200394,1.05718,0.279421,F
181,1,HappyBirthday,421,3285.78,M,1,0.00212242,0.387009,1.91748,0.661146,F
181,1,HappyBirthday,642,4380.39,M,1,0.000980567,0.736504,109.067,0.351531,F
181,1,HappyBirthday,867,730.286,F,1,9.84319e-05,0.393201,81.0783,0.0345718,F
182,1,HappyBirthday,147,3650.34,F,1,0.000149384,1.31252,95.6733,0.0555282,F
182,1,HappyBirthday,542,12410.4,F,1,0.00323056,0.129065,71.6342,1.10187,F
182,1,HappyBirthday,826,4745.31,F,1,0.0104171,0.0391763,8.84992,3.25503,F
183,1,HappyBirthday,49,10585.9,M,1,0.0025706,2.86377,14.3429,0.811545,F
183,1,HappyBirthday,835,365.344,F,1,0.730824,1.60021,1210.31,936.695,F
184,1,HappyBirthday,206,9855.64,M,1,2.2688e-05,0.231378,6.70431,0.0072804,F
184,1,HappyBirthday,598,26645.8,F,1,0.000391666,0.941888,26.463,0.136394,F
184,1,HappyBirthday,979,5475.16,M,1,0.00208684,0.434104,18.6998,0.696863,F
185,1,HappyBirthday,332,2555.23,F,1,0.000765709,0.466548,3.27979,0.242014,F
185,1,HappyBirthday,343,16790,F,1,0.0128717,0.128792,10.4153,4.2061,F
185,1,HappyBirthday,531,8030.19,F,1,0.00139646,4.27521,59.9237,0.475068,F
186,1,HappyBirthday,69,4380.08,F,1,0.0055648,0.2766,780.745,1.73455,F
186,1,HappyBirthday,537,11680,M,1,0.584059,0.0630846,10699.7,696.437,F
186,1,HappyBirthday,824,1825.79,M,1,0.00211249,0.283582,46.2732,0.743792,F
187,1,HappyBirthday,319,18615.9,M,1,0.00182018,1.52577,41.1024,0.602428,F
187,1,HappyBirthday,394,10950.1,M,1,0.00087504,1.60676,8.95443,0.281715,F
187,1,HappyBirthday,657,32850.1,F,1,0.00147095,0.101646,31.7453,0.48258,F
189,1,HappyBirthday,941,3285.43,F,1,0.000483267,0.431116,2.48221,0.150818,F
190,1,HappyBirthday,152,31390.6,M,1,0.00129011,2.28089,38.6878,0.425495,F
190,1,HappyBirthday,234,5110.74,M,1,0.00549831,10.9349,0.282263,1.71305,F
190,1,HappyBirthday,312,1460.29,F,1,0.047979,4.03211,150981,475.574,F
190,1,HappyBirthday,761,4015.38,M,1,0.000299497,1.4533,45379.9,0.412441,F
191,1,HappyBirthday,444,2555.35,M,1,0.00017906,0.0939827,47818.7,0.236994,F
191,1,HappyBirthday,887,4380.42,M,1,0.000300304,0.659086,142484,2.61483,F
191,1,HappyBirthday,982,5110.94,M,1,0.0190259,0.30527,41129.1,77.4719,F
192,1,HappyBirthday,416,365.421,M,1,0.000206098,0.0928666,2.01386,0.0639998,F
192,1,HappyBirthday,759,6205.19,M,1,0.00242385,0.591777,2.05979,0.75693,F
193,1,HappyBirthday,412,3285.29,F,1,4.11984e-05,0.474704,52.6374,0.0139735,F
193,1,HappyBirthday,779,1095.11,M,1,0.88874,0.624108,1200.1,1783.98,F
194,1,HappyBirthday,103,4380.34,F,1,0.00171157,8.96485,1.69712,0.532277,F
194,1,HappyBirthday,219,2920.89,F,1,0.561043,0.966488,2852.41,399.118,F
194,1,HappyBirthday,581,365.814,F,1,0.0822147,0.244644,5482.41,59.0965,F
195,1,HappyBirthday,562,3285.7,M,1,0.000415281,0.0179433,0.234817,0.129101,F
195,1,HappyBirthday,874,3285.53,F,1,0.0187488,0.0395147,2678.27,22.7424,F
196,1,HappyBirthday,326,33945.2,F,1,0.000799822,1.34174,13.726,0.254112,F
196,1,HappyBirthday,365,365.493,M,1,1.46388e-05,0.187746,4.08391,0.00461992,F
196,1,HappyBirthday,606,365.456,M,1,0.00203142,0.0966372,0.00199403,0.631825,F
196,1,HappyBirthday,672,4745.78,F,1,0.00129076,0.167038,42.7411,0.425217,F
196,1,HappyBirthday,853,9490.54,F,1,0.00756933,0.37271,86.163,2.66539,F
197,1,HappyBirthday,145,6935.8,F,1,0.00349302,0.15633,10.5622,1.10355,F
197,1,HappyBirthday,304,14600.7,F,1,0.00200711,0.317768,1.05905,0.625626,F
197,1,HappyBirthday,397,7665.9,M,1,0.00228968,0.579273,31.4049,0.783403,F
197,1,HappyBirthday,494,730.541,F,1,0.81207,0.0154536,16.3491,520.141,F
197,1,HappyBirthday,745,1825.24,M,1,0.591621,0.123379,3978.62,922.69,F
197,1,HappyBirthday,803,4380.71,F,1,0.000262066,0.570089,171331,2.47854,F
197,1,HappyBirthday,882,8395.24,M,1,0.000248739,2.27521,0.0423036,0.0772792,F
198,1,HappyBirthday,203,2920.26,F,1,0.462642,2.27626,24284.2,422.174,F
198,1,HappyBirthday,266,26645.7,M,1,0.00131752,3.21721,4.60967,0.412916,F
198,1,HappyBirthday,281,2190.23,F,1,0.00532263,0.509472,22.7148,1.72311,F
198,1,HappyBirthday,845,22995.2,F,1,0.00058134,15.1027,0.626425,0.180962,F
199,1,HappyBirthday,530,8030.04,F,1,0.00331454,0.0984915,59.8911,1.26656,F
200,1,HappyBirthday,35,1460.01,F,1,0.0111836,0.129227,15109.9,112.381,F
200,1,HappyBirthday,770,730.378,F,0,0,0.069937,0,0,F
201,1,HappyBirthday,177,16790.6,F,1,0.00234826,1.15772,60.4247,0.794646,F
202,1,HappyBirthday,181,4015.29,M,1,0.48913,2.02116,2524.88,272.801,F
202,1,HappyBirthday,215,1460.62,M,1,0.00508845,0.126629,0.0265088,1.58524,F
202,1,HappyBirthday,560,7665.61,M,1,0.00214632,0.119295,2.62674,0.670232,F
202,1,HappyBirthday,688,10585.7,M,1,0.00115132,1.15822,68.8792,0.478927,F
202,1,HappyBirthday,943,1460.66,F,1,0.000328766,0.134798,4.63783,0.104397,F
203,1,HappyBirthday,42,4745.22,F,1,0.0026314,0.285549,80.9351,1.07526,F
203,1,HappyBirthday,330,3285.56,F,1,0.627466,0.399182,4.27018,307.877,F
203,1,HappyBirthday,361,1460.04,F,1,0.707488,0.786628,36.7836,410.553,F
203,1,HappyBirthday,647,4745.68,F,1,0.00157329,1.10247,38.9822,0.510474,F
204,1,HappyBirthday,291,8760.16,F,1,0.00330097,1.37923,40.0986,1.08588,F
204,1,HappyBirthday,563,4015.96,M,1,0.0314995,9.48224,5472.46,53.0816,F
204,1,HappyBirthday,962,2190.67,M,1,0.0146098,1.36268,297.532,6.47037,F
205,1,HappyBirthday,793,10950.9,M,1,0.0017064,0.445419,12.4762,0.542822,F
206,1,HappyBirthday,322,23360,M,1,0.00946442,2.51962,221.367,3.00577,F
206,1,HappyBirthday,500,3285.42,M,1,0.186293,2.31938,92301.7,1293.03,F
206,1,HappyBirthday,577,22265.5,F,1,0.0010365,0.36336,11.1075,0.339009,F
208,1,HappyBirthday,29,1095.52,M,1,0.363921,1.20368,2521.13,898.849,F
208,1,HappyBirthday,816,18250.7,M,1,0.497363,0.49793,12237.7,507.27,F
209,1,HappyBirthday,166,14600.5,M,1,0,0.00958021,7077.65,0,F
209,1,HappyBirthday,178,8030.88,F,1,0.0980782,2.41538,22.5793,32.6484,F
209,1,HappyBirthday,270,12045.8,F,1,0.000828984,0.351063,0.431994,0.25786,F
209,1,HappyBirthday,465,2190.18,M,1,0.230111,1.44729,56867.2,869.105,F
211,1,HappyBirthday,211,5475.72,M,1,0.0143939,2.02283,213292,150.696,F
211,1,HappyBirthday,429,4745.88,M,1,0.0013698,1.23364,13.7922,0.4521,F
212,1,HappyBirthday,513,7665.13,F,1,0.000974837,0.943821,0.634868,0.30335,F
212,1,HappyBirthday,907,6205.38,F,1,5.79391e-05,5.11778,134748,0.966681,F
213,1,HappyBirthday,373,16425.5,F,1,0.0206901,0.261794,60.9012,7.71227,F
213,1,HappyBirthday,619,2190.23,M,1,0.02366,0.945979,16207.4,248.078,F
213,1,HappyBirthday,700,16060.9,F,1,0.834509,60.03,1213.4,764.259,F
213,1,HappyBirthday,984,8760.47,F,1,0.000279149,4.7354,30.5697,0.0904486,F
214,1,HappyBirthday,536,29200.4,M,1,0.26375,22.5687,47.0063,117.344,F
214,1,HappyBirthday,626,4745.03,F,1,0.00552231,2.08486,0.0366508,1.72103,F
214,1,HappyBirthday,658,2555.51,M,1,0.000651962,0.0800006,6.7953,0.208678,F
214,1,HappyBirthday,810,1095.82,M,1,0.000663474,0.0277425,4.49627,0.210942,F
215,1,HappyBirthday,107,29930,F,1,0.00225044,0.100704,42.4061,0.744935,F
215,1,HappyBirthday,955,5475,F,1,0.00348064,3.8523,12.5668,1.13873,F
216,1,HappyBirthday,252,6935.49,F,1,0.00408964,0.469531,21.1295,1.32669,F
216,1,HappyBirthday,666,730.803,F,1,0.56675,0.0898446,4314.53,1492.24,F
216,1,HappyBirthday,716,22995.6,M,1,0.00011226,0.122734,22.2915,0.038628,F
216,1,HappyBirthday,744,6205.64,M,1,0.921863,0.135218,108.393,938.182,F
216,1,HappyBirthday,910,3650.32,M,1,0.00182635,0.292765,1.7991,0.568199,F
218,1,HappyBirthday,34,27010.1,M,1,0.000413084,1.8128,1.11291,0.128617,F
218,1,HappyBirthday,464,2190.93,F,1,0.00997631,0.0703867,8.99348,3.11695,F
218,1,HappyBirthday,573,1095.03,M,1,0.0342951,1.01946,6426.47,26.8559,F
219,1,HappyBirthday,105,20805,M,1,3.32113e-06,0.778729,32.8207,0.0010778,F
219,1,HappyBirthday,200,14600.9,F,1,0.000707966,0.34769,2.6035,0.22095,F
219,1,HappyBirthday,342,7665.92,F,1,0.108272,0.0423477,24.0911,35.6333,F
219,1,HappyBirthday,974,6935.05,M,1,0.344833,42.9198,161.835,217.585,F
219,1,HappyBirthday,994,3650.65,M,1,0.0979594,0.49364,15309.5,492.393,F
220,1,HappyBirthday,574,4015.77,F,1,0.118739,1.41935,78387.9,1551.9,F
221,1,HappyBirthday,256,2190.66,M,1,0.00974233,1.33677,892.99,11.4062,F
222,1,HappyBirthday,31,16790.3,F,1,2.09525e-05,14.9765,46372.3,0.0312092,F
222,1,HappyBirthday,307,4015.3,M,1,0.00152243,0.135822,11.3298,0.500512,F
222,1,HappyBirthday,488,27010.7,F,1,0.00189242,0.47475,35.9931,0.625019,F
223,1,HappyBirthday,690,5475.77,M,1,0.716187,1.42745,2581.84,745.689,F
223,1,HappyBirthday,924,1095.23,F,1,0.013929,0.195089,736.656,4.40446,F
223,1,HappyBirthday,942,10220.7,F,1,0.00020882,0.0343249,56.4736,0.0726582,F
224,1,HappyBirthday,60,16790.6,F,1,1.61372e-06,1.03491,117927,0.0150344,F
224,1,HappyBirthday,788,4015.26,F,1,3.85308e-06,3.29918,54427.6,0.0133611,F
225,1,HappyBirthday,62,4015.03,M,1,0.0289357,0.442593,92334,419.064,F
225,1,HappyBirthday,199,9125.36,M,1,5.01602e-05,0.193908,0.0316738,0.01562,F
225,1,HappyBirthday,396,6205.55,M,1,0.583659,8.17964,2205.11,340.011,F
226,1,HappyBirthday,996,2190.76,F,1,4.64683e-06,0.0188887,2.41198,0.00146336,F
228,1,HappyBirthday,325,9490.9,F,1,0.00016531,0.145427,13.477,0.0542894,F
228,1,HappyBirthday,527,10950.3,M,1,4.51554e-05,4.5138,202690,0.456189,F
229,1,HappyBirthday,65,5475.46,F,1,0.0019444,1.51143,25999.5,24.7236,F
229,1,HappyBirthday,393,1095.35,F,1,0.0681564,1.37399,158997,681.075,F
229,1,HappyBirthday,735,14965,F,1,0.000488018,1.42659,2.98087,0.15273,F
229,1,HappyBirthday,753,365.894,M,1,0.696047,0.29596,2359.42,1030,F
229,1,HappyBirthday,760,730.774,M,1,0.337734,1.2156,12827.3,689.61,F
229,1,Births,1023,0,F,0,0,0.00776119,0,0,F
230,1,HappyBirthday,156,2920.9,F,1,0.503249,0.619941,24737.8,1014.06,F
230,1,HappyBirthday,257,4380.7,F,1,0.0115123,3.3503,95.1969,4.79495,F
230,1,HappyBirthday,509,16790.9,F,1,0.0373252,0.636127,133182,323.741,F
231,1,HappyBirthday,480,1460.93,M,1,0.140903,1.45374,390.576,48.4205,F
231,1,HappyBirthday,497,6935.8,F,1,0.00338929,5.91983,896.014,2.36593,F
231,1,HappyBirthday,570,2555.46,M,1,0.752085,4.62092,34.746,504.048,F
231,1,HappyBirthday,715,8760.02,M,1,0.263098,0.892846,31.4615,100.03,F
232,1,HappyBirthday,196,6205.15,M,1,0.396902,1.16633,35999.8,1879.23,F
232,1,HappyBirthday,664,14965.5,F,1,0.0012055,18.334,4.38797,0.375918,F
232,1,HappyBirthday,710,22995.1,M,1,0.0172974,11.1333,12671.8,16.1983,F
232,1,HappyBirthday,859,3285.95,F,1,0.0034918,0.0145693,0.00100437,1.0872,F
233,1,HappyBirthday,123,18980.1,F,1,0.000818488,0.738797,43.2407,0.270351,F
233,1,HappyBirthday,210,13870.4,F,1,0.125294,1.05654,47.9688,49.3786,F
233,1,HappyBirthday,362,7300.56,F,1,1.84336e-06,0.530791,71405.3,0.0126289,F
233,1,HappyBirthday,749,17155.7,M,1,0.144237,21.3687,79430.7,1809.59,F
233,1,HappyBirthday,965,2555.02,F,1,0.000167812,1.3785,161336,1.55314,F
233,1,HappyBirthday,990,1095.72,M,1,0.000865134,4.45372,113920,13.4897,F
234,1,HappyBirthday,11,730.887,F,1,0.000601373,0.113427,25.2302,0.197403,F
234,1,HappyBirthday,829,3285.13,M,1,0.167067,1.69401,9463.88,1268.26,F
234,1,Births,1024,0,F,0,0,0.0937808,0,0,F
235,1,HappyBirthday,877,730.477,F,1,0.768256,5.19094,2615.78,1872.45,F
236,1,HappyBirthday,490,21170.8,M,1,0.000435089,1.28565,35204.6,0.550768,F
236,1,HappyBirthday,827,8395.88,F,1,0.487447,0.688712,17571.6,1040.55,F
237,1,HappyBirthday,82,10585,F,1,0.00254788,0.952627,0.0207476,0.792808,F
237,1,HappyBirthday,213,3650.05,M,1,0.107923,1.76617,33225.4,337.569,F
237,1,HappyBirthday,333,20440.2,F,1,7.99033e-05,2.93834,16.6663,0.025552,F
237,1,Births,1025,0,F,0,0,0.00476124,0,0,F
238,1,HappyBirthday,115,10585.6,F,1,3.28446e-05,0.507029,102444,0.480957,F
238,1,HappyBirthday,223,10585.7,M,1,0.118849,1.51625,69.1493,39.9428,F
238,1,HappyBirthday,820,11680.3,M,1,0.00241537,0.111399,15.5886,0.771321,F
239,1,HappyBirthday,37,2920.15,F,1,0.329913,3.11103,41842,550.591,F
239,1,HappyBirthday,495,9855.63,M,1,0.020118,1.39609,50.7494,7.84934,F
239,1,HappyBirthday,798,2920.93,M,1,0.58913,3.67476,464.962,450.834,F
240,1,HappyBirthday,51,9125.89,F,1,0.0791108,7.08327,28.4456,28.6165,F
240,1,HappyBirthday,671,7300.44,M,1,6.02846e-06,0.547307,23317.4,0.0731881,F
240,1,HappyBirthday,855,21170.7,M,1,0.569133,1.01629,4368.18,1170.21,F
241,1,HappyBirthday,372,16791,M,1,8.81527e-06,0.192826,0.76965,0.002753,F
241,1,HappyBirthday,957,13140.3,F,1,0.807889,11.6357,132.061,627.228,F
242,1,HappyBirthday,586,18250.6,F,1,0.000615381,0.246012,0.904503,0.191337,F
242,1,Births,1026,0,M,0,0,0.287185,0,0,F
243,1,HappyBirthday,40,4380.62,F,1,0.0174422,0.574791,54590.7,87.3194,F
244,1,HappyBirthday,180,29930.6,M,1,0.17826,0.470036,47002,1803.79,F
244,1,HappyBirthday,197,3285.14,F,1,0.871789,0.0447034,305.525,726.818,F
244,1,HappyBirthday,534,9125.61,F,1,0.00121139,2.27653,2661.79,1.40065,F
244,1,HappyBirthday,629,1825.18,M,1,0.251802,1.06899,16135.7,590.466,F
244,1,HappyBirthday,767,1095.42,M,1,5.46436e-06,0.0488249,26758.9,0.0336741,F
245,1,HappyBirthday,5,6570.76,M,1,0.155205,0.0850656,54343.5,1698.47,F
245,1,HappyBirthday,71,5840.1,F,1,0.709516,0.606896,578.471,1423.15,F
245,1,HappyBirthday,437,5840.64,F,1,0.619533,1.13907,862.878,438.184,F
246,1,HappyBirthday,885,13505.8,M,1,0.000107007,0.241322,0.193257,0.0332618,F
247,1,HappyBirthday,357,730.919,F,1,0.000640906,0.0400474,1.00282,0.199765,F
247,1,HappyBirthday,714,4015.35,M,1,0.215827,0.17185,7770.58,1416.88,F
247,1,HappyBirthday,725,730.229,F,1,0.595995,0.204368,19873.6,779.289,F
248,1,HappyBirthday,507,7300.37,M,1,0.524106,3.23007,3481.67,1278.24,F
248,1,HappyBirthday,516,8030.98,F,1,1.33622e-07,0.442562,28818.1,0.0006372,F
248,1,HappyBirthday,696,365.666,M,1,0.116681,0.0445538,31944.1,1120.08,F
248,1,HappyBirthday,758,365.639,M,1,0.215671,0.217576,69320.5,1669.6,F
248,1,HappyBirthday,782,3650.93,M,1,0.186398,1.45105,86081.5,1139.16,F
248,1,HappyBirthday,787,27740.4,M,1,0.062574,0.180159,19.4332,22.0473,F
248,1,HappyBirthday,981,6205.23,F,1,0.612257,0.774934,2926.24,347.213,F
249,1,HappyBirthday,892,8760.71,F,1,0.324448,1.02355,47.1722,150.73,F
250,1,HappyBirthday,836,4745.21,F,1,0.0423745,0.190118,46.4133,14.3612,F
251,1,HappyBirthday,336,13870.6,F,1,0.719529,4.40985,386.412,471.181,F
251,1,HappyBirthday,370,2190.81,M,1,0.298927,0.554089,10758.1,556.289,F
251,1,HappyBirthday,589,15695,M,1,0.935715,0.2866,22.5789,865.722,F
252,1,HappyBirthday,305,9855.38,F,1,0.0132022,1.99733,45747.1,17.66,F
252,1,HappyBirthday,639,19345.5,F,1,0.000405848,0.25388,0.0588828,0.126092,F
252,1,HappyBirthday,681,2921,F,1,0.469687,0.130125,15163,1076.61,F
253,1,HappyBirthday,774,10220.6,F,1,0.000738131,0.386681,0.772022,0.230345,F
253,1,HappyBirthday,831,19345.5,F,1,4.03774e-05,27.672,139601,0.337188,F
254,1,HappyBirthday,267,20440.9,M,1,0.00190549,0.474918,91196.5,13.0721,F
254,1,HappyBirthday,541,1460.41,M,1,0.0278203,0.327963,10301.8,56.7147,F
255,1,HappyBirthday,56,2555.99,M,1,0.465958,0.128731,2923.98,666.215,F
255,1,Births,1027,0,M,0,0,0.0748763,0,0,F
256,1,HappyBirthday,33,1825.4,F,1,0.13725,0.276084,74824.7,650.206,F
256,1,HappyBirthday,222,8030.46,M,1,0.000483983,0.163269,109942,3.65501,F
256,1,HappyBirthday,847,8760.38,F,1,2.90575e-05,0.0353612,214529,0.298978,F
256,1,HappyBirthday,879,11315.1,F,1,0.442049,1.80347,12583.1,506.819,F
257,1,HappyBirthday,184,6935.11,M,1,0.645857,2.94739,1282.55,363.617,F
257,1,HappyBirthday,450,9125,M,1,0.0320572,2.11874,2.21444,10.2392,F
257,1,HappyBirthday,654,5110.23,M,1,0.115845,18.0079,21848.8,316.207,F
257,1,HappyBirthday,784,16060.6,F,1,0.377832,17.4058,52278.3,640.647,F
258,1,HappyBirthday,929,4745.52,M,1,0.182467,1.21354,48213.5,563.947,F
258,1,Births,1028,0,F,0,0,0.128997,0,0,F
259,1,HappyBirthday,260,1460.47,M,1,0.261364,6.46713,15719.1,606.202,F
259,1,HappyBirthday,368,34675.7,F,1,0.459873,6.29946,8631.46,457.128,F
259,1,HappyBirthday,593,20805,M,1,0.14144,0.963366,97.6361,69.0741,F
259,1,HappyBirthday,757,14965.4,M,1,0.0875623,14.3415,28.1137,31.3282,F
260,1,HappyBirthday,448,6570.13,M,1,0.654614,0.59839,3896.25,966.159,F
260,1,HappyBirthday,482,1095.48,M,1,0.354001,1.72533,28.7511,144.543,F
260,1,HappyBirthday,727,6205.51,F,1,0.173493,0.244633,931.965,59.2871,F
260,1,HappyBirthday,863,2190.01,F,1,0.221751,0.557537,38391.3,1342.84,F
260,1,HappyBirthday,987,2555.85,M,1,0.0111808,1.502,0.345875,3.4946,F
261,1,HappyBirthday,139,13505.1,M,1,0.0562086,0.102799,49322.5,74.8464,F
261,1,HappyBirthday,327,5110.05,F,1,0.00912436,1.64032,57004.5,46.7535,F
262,1,HappyBirthday,10,25185.2,F,1,0.360225,0.0334588,4477.28,1181.09,F
262,1,HappyBirthday,176,31390.1,F,1,0.299089,0.291098,12082.9,1443.01,F
262,1,HappyBirthday,489,5475.41,M,1,0.000151806,0.999446,36.4027,0.054918,F
263,1,HappyBirthday,158,2555.46,F,1,0.00326357,0.119422,4.30672,1.03755,F
263,1,HappyBirthday,414,13505.8,F,1,0.00400973,0.0991061,68986.6,23.046,F
264,1,HappyBirthday,447,27740.8,M,1,0.196215,0.176274,17783.8,472.347,F
264,1,HappyBirthday,971,2920.64,F,1,0.0217718,1.993,74.7684,8.07704,F
265,1,HappyBirthday,261,2920.37,F,1,0.675814,0.248972,39.632,374.083,F
265,1,HappyBirthday,999,31755.7,F,1,4.31393e-06,2.32954,9177.87,0.0137042,F
265,1,HappyBirthday,773,7665.35,F,1,0.143171,0.946592,15608.5,1298.8,F
265,1,HappyBirthday,857,7665.98,F,1,0.492487,0.276488,24157.6,1040.29,F
265,1,HappyBirthday,899,12045.1,M,1,0.00186331,0.102929,13.3348,0.608308,F
266,1,HappyBirthday,150,2190.43,F,1,0.159032,1.29013,2426.27,55.0058,F
266,1,HappyBirthday,243,11680.2,M,1,0.00248881,0.0293779,0.133112,0.774424,F
266,1,HappyBirthday,264,5840.07,F,1,0.651875,0.967355,3741.44,1033.79,F
266,1,HappyBirthday,510,5475.72,F,1,0.000301987,2.72492,5.38546,0.0948483,F
266,1,HappyBirthday,730,1825.81,F,1,0.00791716,0.205939,62.3524,3.21687,F
266,1,HappyBirthday,935,14965.7,F,1,0.302379,3.53185,5905.12,156.939,F
268,1,HappyBirthday,454,27010.9,M,1,0.73338,0.202561,70.6187,435.065,F
268,1,HappyBirthday,564,2555.64,F,1,0.386002,1.55236,806.677,154.056,F
268,1,HappyBirthday,578,365.66,M,1,0.109623,0.660293,20839.1,381.88,F
268,1,HappyBirthday,846,4015.14,F,1,0.0944751,0.137566,71.4909,34.6006,F
269,1,HappyBirthday,70,9490.86,F,1,0.177996,1.2387,7154.88,306.521,F
269,1,HappyBirthday,316,1825.74,M,1,0.0940254,0.23911,110.268,45.3344,F
269,1,HappyBirthday,603,15695.2,F,1,0.00435366,0.517253,77.8007,1.80169,F
269,1,HappyBirthday,676,20440.5,F,1,0,3.50151,16975.2,0,F
269,1,HappyBirthday,692,3650.51,F,1,0.644146,10.1356,743.115,684.296,F
270,1,HappyBirthday,584,10585.7,F,1,0.654077,3.03815,1223.45,360.225,F
271,1,HappyBirthday,401,3650.19,M,1,0.877942,1.96459,103.638,737.173,F
272,1,HappyBirthday,277,3285.66,M,1,0.0840227,0.709431,25.1704,30.7393,F
272,1,HappyBirthday,659,1825.05,M,1,0.1286,0.723566,11389.5,878.175,F
272,1,HappyBirthday,891,1825.58,M,1,0.332556,0.0564676,16665.3,1405.38,F
273,1,HappyBirthday,300,22265.7,M,0,0,0.00889434,0,0,F
273,1,HappyBirthday,345,5840.54,M,1,0.133105,2.26937,256.929,54.8649,F
273,1,HappyBirthday,922,8760.37,M,1,0.184624,1.30951,69846.2,1816.28,F
273,1,Births,1029,0,M,0,0,0.00956524,0,0,F
274,1,HappyBirthday,628,730.448,F,1,3.66991e-05,0.283429,0.0229461,0.0114294,F
274,1,HappyBirthday,637,28105.7,M,1,0.000131318,3.08532,44.4724,0.043836,F
274,1,HappyBirthday,646,16060.6,F,1,0.0385785,3.71275,2423.58,14.1622,F
275,1,HappyBirthday,130,4380.22,M,1,0.0972278,18.8113,109.03,42.8565,F
275,1,HappyBirthday,155,8760.35,F,1,0.145942,1.54013,27.947,51.1908,F
275,1,HappyBirthday,255,365.062,M,1,0.0015873,2.46293,1.38041e-06,0.492981,F
275,1,HappyBirthday,379,2920.24,F,1,0.296095,7.28633,20432,1681.4,F
276,1,HappyBirthday,377,22630.3,F,1,0.000858811,0.108949,59.8067,0.303028,F
276,1,HappyBirthday,533,14965.2,M,1,0.000167169,0.0519264,10.8705,0.054561,F
276,1,HappyBirthday,712,7665.57,F,1,0.000819753,0.422568,13.9342,0.268352,F
276,1,HappyBirthday,814,14965,F,1,0.163192,0.998152,86579.9,1050.38,F
277,1,HappyBirthday,143,2555,F,1,0.615066,0.316228,2416.48,769.61,F
278,1,HappyBirthday,645,1825.53,M,1,0.0344996,1.89383,46572.5,47.4408,F
278,1,HappyBirthday,890,4380.08,M,1,0.00226149,0.3882,2506.49,6.31139,F
279,1,HappyBirthday,302,13870.4,F,1,0.121244,4.55178,63.2646,44.5256,F
279,1,HappyBirthday,468,6205.5,M,1,0.516355,6.27643,25.7175,234.468,F
279,1,HappyBirthday,966,7300.89,F,1,0.331659,4.28263,7089.59,618.476,F
280,1,HappyBirthday,13,6935.72,M,1,4.64889e-06,0.0398702,205531,0.0469001,F
280,1,HappyBirthday,48,2555.78,F,1,0.189343,0.062499,5780.59,168.074,F
280,1,HappyBirthday,554,4015.83,M,1,0.00520469,3.85064,35017.2,2.44863,F
280,1,HappyBirthday,936,2920.03,F,1,0.00665374,0.798285,254.984,3.29352,F
281,1,HappyBirthday,209,3650.41,F,1,0.00447168,0.67569,1114.44,1.39503,F
281,1,HappyBirthday,299,20805.5,F,1,0.00312916,0.69471,15.5679,1.04048,F
281,1,HappyBirthday,415,365.919,M,1,0,0.00695377,0,0,F
281,1,HappyBirthday,525,7301,M,1,0.00010389,1.12788,156228,0.933696,F
281,1,HappyBirthday,633,6205.37,M,1,0.0390006,4.29111,9.8129,12.8164,F
282,1,HappyBirthday,695,21170.5,M,1,0.0305681,6.90143,64.5422,11.9279,F
283,1,HappyBirthday,80,32485.4,M,1,0.434958,9.56125,335.414,208.894,F
283,1,HappyBirthday,94,365.529,M,1,0.00856648,0.132033,37412.4,11.1525,F
283,1,HappyBirthday,165,28835.6,F,1,0.0257792,0.712443,22.46,9.03514,F
283,1,HappyBirthday,175,2555.57,M,1,0.218309,0.567575,54457.9,797.803,F
283,1,HappyBirthday,470,12776,M,1,0.300649,6.93723,211.036,166.729,F
283,1,HappyBirthday,843,4745.46,F,1,0.0054186,0.597367,55171.3,6.98216,F
283,1,HappyBirthday,927,13870.7,M,1,0.265643,0.670952,1225.68,114.618,F
283,1,HappyBirthday,997,2920.54,F,1,0.00100171,24.8123,37.3838,0.327753,F
285,1,HappyBirthday,54,1825.21,M,1,0.000239171,0.129694,150.02,0.0914103,F
285,1,HappyBirthday,441,1095.98,F,1,0.243489,0.0736704,61.5303,95.0594,F
286,1,Births,1030,0,F,0,0,0.0963666,0,0,F
287,1,HappyBirthday,149,10585.8,F,1,0.0461283,2.59246,14.7148,15.0495,F
287,1,HappyBirthday,684,5110.27,M,1,0.088034,0.416158,163.972,35.9934,F
287,1,HappyBirthday,963,32485.7,F,1,0.00118991,1.90752,9.8413,0.385857,F
288,1,HappyBirthday,144,365.711,M,1,0.000755519,3.18439,98503.3,5.39505,F
288,1,HappyBirthday,151,2555.45,F,1,0.368243,0.51284,40.4401,166.168,F
288,1,HappyBirthday,258,34675.6,M,1,0.000514003,0.732239,15109.1,1.93916,F
288,1,HappyBirthday,353,5475.54,F,1,0.551971,0.575771,3717.08,338.732,F
288,1,HappyBirthday,869,365.808,M,1,0.00323453,0.156855,52.0903,1.05548,F
289,1,HappyBirthday,278,20440.1,M,1,0.0015065,0.922723,0.815346,0.468529,F
289,1,HappyBirthday,411,7300.15,M,1,8.69851e-06,0.087123,54878,0.01126,F
289,1,HappyBirthday,519,33580.2,M,1,0.0690695,0.372653,9800.89,60.3074,F
289,1,HappyBirthday,775,20075.6,M,1,0.0141076,2.34991,90.3854,4.80066,F
290,1,HappyBirthday,296,5110.29,F,1,0.210715,14.4224,59705,773.326,F
290,1,HappyBirthday,717,9125.28,F,1,0.81226,0.0774198,1801.71,1849.21,F
290,1,HappyBirthday,964,6570.87,F,1,0.000819926,11.6623,26075.6,8.31575,F
291,1,HappyBirthday,138,9490.51,M,1,0.189888,9.26246,64639.3,973.034,F
291,1,HappyBirthday,195,21535.2,M,1,0.0115732,0.451735,32.6947,4.21452,F
291,1,HappyBirthday,804,7300.1,M,1,0.00112715,1.70966,1506.64,2.18751,F
292,1,HappyBirthday,274,2190.1,M,1,0.222754,0.0888557,606.581,96.1786,F
292,1,HappyBirthday,363,20440.6,M,1,0.124257,0.245346,4.19283,41.4947,F
292,1,HappyBirthday,522,6205.97,F,1,0.361515,0.0499136,1403.66,497.248,F
292,1,HappyBirthday,898,13505.5,F,1,0.383275,0.962221,1524.09,453.248,F
293,1,HappyBirthday,615,8395.14,F,1,0.64282,26.6659,1416.35,465.51,F
293,1,HappyBirthday,783,2921,F,1,0.196948,3.72508,17524.6,478.111,F
293,1,HappyBirthday,989,5840.78,M,1,0.0193342,6.29053,183.679,8.31581,F
294,1,HappyBirthday,230,17520.9,M,1,0.58993,1.04231,3190.99,418.27,F
294,1,HappyBirthday,456,17520.5,F,1,0.031504,1.17085,34582.4,113.781,F
294,1,HappyBirthday,544,5110.02,M,1,0.000169981,0.817129,11890.6,1.4187,F
295,1,HappyBirthday,912,14965.9,F,1,0.00103439,2.30347,10.4452,0.33669,F
296,1,HappyBirthday,894,17155.4,M,1,0.490301,5.84084,22135.2,1243.11,F
297,1,HappyBirthday,408,14965.7,F,1,0.0899916,2.16757,8.66758,30.5022,F
298,1,HappyBirthday,858,5475.26,M,1,0.0245422,0.232035,24.8787,8.41672,F
299,1,HappyBirthday,117,11680.8,M,1,0.0421116,2.57054,52.8552,16.1299,F
299,1,HappyBirthday,854,16790,M,1,0.130017,0.120786,900.076,180.871,F
300,1,HappyBirthday,1000,7300.82,M,1,0.537955,0.0124985,17522.3,1180.55,F
300,1,HappyBirthday,604,20440.8,F,1,0.208047,0.495062,71020.6,1326.35,F
301,1,HappyBirthday,96,3285.51,F,1,0.57144,0.037364,3790.37,411.362,F
301,1,HappyBirthday,118,7300.36,M,1,0.0029778,0.905388,184.875,1.18162,F
301,1,HappyBirthday,216,2190.23,F,1,0.150722,0.263798,7537.97,952.076,F
301,1,HappyBirthday,241,7665.91,M,1,0.00145053,1.18632,42.1761,0.48004,F
302,1,HappyBirthday,191,7665.89,F,1,0.00977105,0.29216,1.02247,3.05627,F
302,1,HappyBirthday,991,12410.1,M,1,0.0634057,0.343991,4005.75,46.8349,F
303,1,HappyBirthday,399,4745.61,F,1,0.00139515,2.21257,2057.36,1.67941,F
304,1,HappyBirthday,100,16060.5,M,1,0.0650067,0.569219,7173.71,85.6476,F
304,1,HappyBirthday,694,5475.45,F,1,0.234814,50.5112,129.114,97.5074,F
304,1,HappyBirthday,949,14600.1,M,1,0.00162672,0.30197,3027.69,2.54983,F
304,1,Births,1031,0,M,0,0,0.00165392,0,0,F
305,1,HappyBirthday,90,3650.04,M,1,0.00877413,3.35828,16.3606,2.93701,F
305,1,HappyBirthday,182,4015.16,F,1,0.79648,7.88828,500.824,598.802,F
306,1,HappyBirthday,567,21900.8,F,1,0.00167583,1.2479,15.8825,0.55925,F
306,1,HappyBirthday,799,2190.26,F,1,1.45729e-05,2.51347,190402,0.143163,F
306,1,Births,1032,0,M,0,0,0.0127837,0,0,F
307,1,HappyBirthday,43,2920.71,F,1,0.726802,0.677615,63.149,510.159,F
307,1,HappyBirthday,86,13505.5,F,1,0.0994305,0.787871,162.053,51.8294,F
307,1,HappyBirthday,426,4745.15,F,1,0.168037,1.09168,60.6341,71.3721,F
307,1,HappyBirthday,514,366,M,1,0.205598,0.0195654,52430.6,651.234,F
307,1,HappyBirthday,805,1095.09,M,1,0.00216985,0.0231542,23706.3,2.45271,F
307,1,HappyBirthday,809,2190.44,M,1,0.0123839,0.0603051,71.2851,4.29565,F
307,1,HappyBirthday,838,32485.7,F,1,0.448368,0.820834,1546.78,1102.43,F
307,1,HappyBirthday,993,6935.95,F,1,0.645276,45.0699,3146.33,426.074,F
308,1,HappyBirthday,360,12775.3,F,1,0.00282845,8.01876,8.35925,0.894415,F
308,1,HappyBirthday,446,10585.6,M,1,0.246746,3.219,24851.4,798.272,F
308,1,HappyBirthday,481,1095.36,F,1,0.0342906,0.292339,31.9516,11.4614,F
308,1,HappyBirthday,492,17885.7,F,1,0.715769,31.399,23.9058,434.267,F
309,1,HappyBirthday,762,1095.6,F,1,0.581971,0.968211,14886,749.476,F
310,1,HappyBirthday,844,11680.7,M,1,0.000544706,1.5564,0.580948,0.169452,F
311,1,HappyBirthday,487,9125.57,M,1,0.000892946,0.935979,34.9973,0.29047,F
311,1,HappyBirthday,644,11315.2,M,1,0.248829,0.160684,3819.22,1077.98,F
312,1,HappyBirthday,6,2920.05,F,1,0.00362508,0.907074,76.0593,1.30785,F
312,1,HappyBirthday,28,14965.9,F,1,0.0145421,0.724581,25638.6,185.324,F
312,1,HappyBirthday,106,5110.68,M,1,6.5676e-05,0.683131,2166.7,0.165237,F
313,1,HappyBirthday,20,3650.2,M,1,0.00296168,1.19363,42.9684,0.985373,F
313,1,HappyBirthday,460,3285.2,F,1,0.00113238,0.891598,2.14245,0.352579,F
313,1,HappyBirthday,724,5840.3,M,1,0.0022003,0.434123,66.034,0.737972,F
313,1,HappyBirthday,726,21535.4,M,1,0.00418161,3.29174,111.407,1.53753,F
314,1,HappyBirthday,202,25915.1,F,1,0.00391769,0.0135164,0.0401548,1.21978,F
314,1,HappyBirthday,403,9490.96,F,1,0.00105269,0.175602,37402.7,2.46006,F
314,1,HappyBirthday,566,1825.97,F,1,0.421208,0.0957516,1048.18,182.332,F
314,1,HappyBirthday,764,11680.3,F,1,0.00122431,0.0889476,83.9722,0.42762,F
314,1,Births,1033,0,F,0,0,0.971425,0,0,F
315,1,HappyBirthday,101,1825.16,F,1,0.255235,0.148947,71239.7,1035.72,F
316,1,HappyBirthday,30,4016,M,1,0.0162043,5.64195,154.923,6.46707,F
316,1,HappyBirthday,276,1460.48,F,1,0.652937,0.0571422,3018.95,1152.43,F
316,1,HappyBirthday,674,4380.58,M,1,0.386266,1.13562,8299.03,613.336,F
316,1,HappyBirthday,736,10220.4,M,1,0.00134175,0.79815,1.06325,0.417343,F
316,1,HappyBirthday,873,20805.1,M,1,0.00103626,1.26408,6.01904,0.326395,F
317,1,HappyBirthday,58,12411,M,1,0.0788905,1.29804,8.63348,26.3704,F
317,1,Births,1034,0,M,0,0,0.0752327,0,0,F
318,1,HappyBirthday,292,1460.5,F,1,0.00104958,0.877019,409.233,0.84066,F
319,1,HappyBirthday,19,20075.2,M,1,0.0192167,0.5436,108.17,8.42714,F
320,1,HappyBirthday,315,10950.2,M,1,0.00704168,1.34835,24.478,2.32963,F
320,1,HappyBirthday,346,23725.4,M,1,0.00288604,0.259303,304.343,1.32615,F
320,1,HappyBirthday,587,1095.11,M,1,0.000328946,1.45576,106916,4.94002,F
320,1,HappyBirthday,678,730.606,F,1,0.419017,1.9525,24281.6,1234.85,F
320,1,HappyBirthday,926,31025.5,F,1,0.0141016,0.312483,70.2028,4.94625,F
321,1,HappyBirthday,284,12410.6,F,1,3.59814e-05,0.324596,42.1671,0.0119944,F
322,1,HappyBirthday,44,16791,F,1,0.000133511,0.609141,179680,1.28936,F
322,1,HappyBirthday,89,1095.09,M,1,0.010595,0.697728,49509.5,104.378,F
322,1,HappyBirthday,214,1825.02,M,1,0.00163581,1.67696,6006.26,8.05191,F
322,1,HappyBirthday,732,1095.9,F,1,0.467166,4.46756,19.671,202.875,F
322,1,HappyBirthday,823,1095.56,F,1,0.279768,1.08552,712.51,202.446,F
323,1,HappyBirthday,503,2555.92,F,1,0.00467597,1.4541,0.767569,1.45961,F
323,1,HappyBirthday,591,8030.14,M,1,0.0147748,1.45828,5404.1,4.68295,F
323,1,HappyBirthday,721,5110.81,M,1,0.357783,0.845324,59.5203,178.536,F
324,1,HappyBirthday,154,16790.4,M,1,0.214102,31.1373,4077.53,364.103,F
324,1,HappyBirthday,392,35040.6,F,1,0.517192,0.40185,1735.75,281.074,F
325,1,HappyBirthday,238,365.237,F,1,0.0181646,0.0487394,170.488,7.23847,F
325,1,HappyBirthday,742,11680.2,F,1,0.000563632,1.00696,0.0119068,0.175293,F
325,1,HappyBirthday,988,2190.91,M,1,0.0232345,0.0147905,20.581,7.43604,F
326,1,HappyBirthday,110,17156,M,1,0.00361284,1.07462,0.545266,1.1267,F
327,1,HappyBirthday,473,29565.4,F,1,0.000640273,0.452885,0.0050586,0.199115,F
327,1,HappyBirthday,620,3285.57,F,1,0.56855,0.341369,876.001,986.401,F
327,1,HappyBirthday,703,20805,M,1,0.00150771,2.12424,92064.9,10.3362,F
327,1,HappyBirthday,751,1095.67,F,1,0.000840291,0.0886958,106.896,0.302949,F
328,1,HappyBirthday,50,6570.12,F,1,0.091108,0.040943,25303.3,272.494,F
328,1,HappyBirthday,502,3285.12,F,1,0.0647146,0.0745348,79.706,23.1617,F
328,1,HappyBirthday,556,365.411,M,1,0.882557,0.0229686,184.23,737.135,F
329,1,HappyBirthday,9,2555.07,F,1,0.000929328,0.564305,1380.91,0.821466,F
329,1,HappyBirthday,47,1460.82,F,1,0.216567,0.0165752,64878.8,841.409,F
330,1,HappyBirthday,612,30660.2,M,1,5.55627e-05,0.667963,107983,0.84581,F
330,1,HappyBirthday,648,12775.7,M,1,0.127674,0.879121,91.2774,49.0753,F
330,1,HappyBirthday,930,6205.3,F,1,0.556935,0.202163,883.134,302.174,F
331,1,HappyBirthday,3,1825.02,M,1,0.220182,3.62632,59638.9,799.333,F
331,1,HappyBirthday,632,32485.1,F,1,0.00706942,0.0166168,41.8228,2.50398,F
331,1,HappyBirthday,680,365.795,F,1,0.00261326,0.18022,22.5555,0.883912,F
331,1,HappyBirthday,800,10585.4,F,1,5.75467e-06,0.351059,12519.7,0.0502772,F
331,1,HappyBirthday,992,2555.5,M,1,0.00722016,0.0351924,568.58,6.82688,F
332,1,HappyBirthday,529,4745.31,F,1,0.000441783,5.17225,31.4412,0.144616,F
332,1,HappyBirthday,607,11680,F,1,0.0179579,2.31343,17.9034,5.90965,F
332,1,HappyBirthday,895,3650.77,M,1,0.00485112,1.72703,5.37192,1.52257,F
332,1,HappyBirthday,938,2190.77,M,1,0.00784247,0.116817,43.0969,2.60101,F
334,1,HappyBirthday,269,8760.54,F,1,0.00284319,0.600207,127.339,1.22133,F
334,1,HappyBirthday,528,6205.27,F,1,0.436139,0.333515,7892.78,387.668,F
334,1,HappyBirthday,665,5840.85,F,1,0.00220344,5.84485,50.9215,0.75823,F
335,1,HappyBirthday,186,5110.61,M,1,0.000604628,1.61784,1558.1,1.18108,F
335,1,HappyBirthday,236,4015.29,M,1,0.000523184,0.0589867,19.5395,0.166334,F
335,1,HappyBirthday,356,4015.76,F,1,0.000753154,0.309171,97.0843,0.27886,F
335,1,HappyBirthday,463,3650.2,F,1,0.275347,1.0054,1372.56,293.333,F
335,1,HappyBirthday,673,4380.47,F,1,0.0034405,0.279777,37.5017,1.13255,F
335,1,HappyBirthday,978,6570.87,F,1,0.140317,0.889573,1848.87,53.0256,F
336,1,HappyBirthday,189,12411,M,1,0.00230343,0.405637,67.7759,0.786895,F
337,1,HappyBirthday,382,4745.44,M,1,0.000515101,1.04067,36923.9,0.650986,F
337,1,HappyBirthday,720,17156,F,1,0.00537621,0.46127,22.3323,1.79861,F
337,1,HappyBirthday,952,1460.21,M,1,0.285896,0.346082,2903.88,194.208,F
338,1,HappyBirthday,36,4745.77,M,1,0.00822376,0.0959734,151.745,3.07477,F
338,1,HappyBirthday,81,20805.2,M,1,0.000465055,4.95453,100.325,0.179371,F
338,1,HappyBirthday,442,2190.66,F,1,0.00893444,0.657667,64.0528,3.11982,F
338,1,HappyBirthday,739,1825.78,M,1,1.84614e-05,0.261649,99105.8,0.266355,F
338,1,HappyBirthday,755,29565.6,M,1,0.0041786,0.0565291,8.81759,1.30555,F
338,1,HappyBirthday,830,13505,F,1,0.369281,11.693,100.368,206.204,F
339,1,HappyBirthday,95,5840.97,M,1,0.0432634,1.6469,47.8646,16.7195,F
339,1,HappyBirthday,161,730.005,F,1,0.0515679,0.88381,33.4518,17.75,F
339,1,HappyBirthday,193,7300.55,M,1,0.00011674,2.99865,31361.3,1.47545,F
339,1,HappyBirthday,275,22630.7,F,1,0.00960453,0.306086,21.6598,3.15266,F
339,1,HappyBirthday,287,26645.6,F,1,0.0215348,0.640802,12.2111,7.1734,F
339,1,HappyBirthday,862,17155.4,F,1,0.00416333,0.424997,4.96009,1.30376,F
340,1,HappyBirthday,208,2190.69,M,1,0.00800718,0.128005,34.0503,2.60101,F
340,1,HappyBirthday,864,14600.6,M,1,0.0157218,1.75032,149.742,6.08885,F
341,1,HappyBirthday,511,12045.3,M,1,0.603452,0.12785,4267.76,1075.44,F
342,1,HappyBirthday,16,1825.67,M,1,0.000904516,0.273115,54057.5,1.12225,F
342,1,HappyBirthday,491,15330.9,F,1,0.77209,0.192498,182.115,503.815,F
343,1,HappyBirthday,78,7665.68,F,1,1.49064e-05,0.111878,4.8237,0.0047362,F
343,1,HappyBirthday,120,365.763,M,1,0.00380793,0.0697357,5.61462,1.21579,F
343,1,HappyBirthday,298,365.404,M,1,0.000197763,0.220638,44.9289,0.0657561,F
343,1,HappyBirthday,329,9855.58,F,1,0.000461471,0.316755,84.7548,0.200896,F
343,1,HappyBirthday,405,1825.27,M,1,0.00954173,0.0535907,289.791,4.13663,F
343,1,HappyBirthday,777,6205.49,M,1,0.00622339,15.2437,17.6093,1.99008,F
343,1,HappyBirthday,959,3650.96,M,1,0.277959,18.1663,13009.6,569.578,F
344,1,HappyBirthday,802,365.168,F,1,0.625783,0.240352,1969.9,367.592,F
344,1,HappyBirthday,886,730.738,M,1,0.524996,0.0879853,31656,1098.78,F
344,1,HappyBirthday,980,2920.57,F,1,0.281716,10.2688,1851.75,349.841,F
345,1,HappyBirthday,539,13505.9,F,1,0.030928,0.0961058,52.7803,12.1262,F
345,1,HappyBirthday,590,23725.7,M,1,0.0373034,1.30081,51923.4,182.906,F
345,1,Births,1035,0,M,0,0,0.00703878,0,0,F
346,1,HappyBirthday,596,19710.3,F,1,0.00811622,0.151435,11.5202,2.65161,F
346,1,HappyBirthday,679,3650.37,F,1,0.0110634,1.25294,566.728,8.24202,F
346,1,HappyBirthday,828,2920.03,F,1,0.00845172,1.58096,14578.8,8.35393,F
347,1,HappyBirthday,407,17885.9,F,1,0.000424668,0.799347,13.3925,0.139629,F
349,1,HappyBirthday,22,22995.7,F,1,0.00125427,1.03401,1.00566,0.390424,F
349,1,HappyBirthday,354,6935.35,F,1,0.00128297,0.356712,21.3174,0.410584,F
349,1,HappyBirthday,970,6935.55,M,1,0.0141836,0.308456,112.73,6.72546,F
350,1,HappyBirthday,335,730.297,M,1,0.00556268,0.0487351,0.00696739,1.73345,F
351,1,HappyBirthday,413,4015.61,F,1,0.162711,0.64201,157602,1708.77,F
351,1,HappyBirthday,417,6570.05,M,1,0.00226859,0.102418,135.043,0.860489,F
351,1,HappyBirthday,969,8760.74,M,1,0.0493539,0.615674,90.2928,19.3618,F
352,1,HappyBirthday,438,4380.04,M,1,0.317509,3.67841,3501.89,1299.12,F
352,1,HappyBirthday,709,10585.8,F,1,0.00609548,3.42331,40.9607,1.94901,F
353,1,HappyBirthday,142,13505.3,M,1,0.37931,9.93177,6.32121,148.506,F
353,1,HappyBirthday,263,20805.3,F,1,0.231466,1.87794,31846.2,708.213,F
353,1,HappyBirthday,557,29200.5,M,1,8.07702e-05,2.88083,2538.1,0.229581,F
353,1,HappyBirthday,931,6570.08,M,1,0.0471711,0.122312,20.3559,16.5526,F
354,1,HappyBirthday,772,3285.85,F,1,0.0639802,0.0888065,122.574,25.4727,F
354,1,HappyBirthday,897,19710.9,F,1,0.569016,9.92545,2305.33,335.294,F
354,1,HappyBirthday,944,16060.4,M,1,0.000305927,5.61218,14113.6,0.528257,F
355,1,HappyBirthday,159,19710.1,F,1,0.00540304,7.52764,147.259,2.06837,F
355,1,HappyBirthday,427,2920.43,F,1,0.210704,1.19056,926.723,210.154,F
355,1,HappyBirthday,722,22995.9,F,1,0.00115216,0.0203575,25.3264,0.374595,F
357,1,HappyBirthday,41,2920.64,F,1,0.110877,0.0102266,5.25701,37.1943,F
357,1,HappyBirthday,431,7300.94,F,1,0.272518,21.6335,4702.64,118.428,F
357,1,HappyBirthday,504,1825.46,F,1,0.0889692,0.0467811,39.4757,31.1394,F
357,1,HappyBirthday,651,730.238,F,1,0.311179,2.99007,20936.6,1149.09,F
360,1,HappyBirthday,765,11680.7,F,1,0.102293,0.269956,130.791,40.6162,F
360,1,HappyBirthday,832,730.775,F,1,0.174272,0.129612,69953.7,1543.71,F
360,1,HappyBirthday,909,16425.7,M,1,0.0111751,0.477611,59.4535,3.87374,F
361,1,Births,1036,0,F,0,0,0.0246948,0,0,F
362,1,HappyBirthday,226,14600.5,M,1,7.52304e-05,0.989687,36.2858,0.0252562,F
362,1,HappyBirthday,400,2190.56,M,1,0.147566,0.0110787,70138.4,1126.75,F
363,1,HappyBirthday,750,365.652,F,1,0.00968881,0.0445316,7.83577,3.02731,F
364,1,HappyBirthday,583,730.654,F,1,0.00184545,0.0181576,0.000134767,0.573922,F
364,1,HappyBirthday,729,1460.85,M,1,0.00467959,0.0208008,17203.3,4.92559,F
364,1,HappyBirthday,985,12775.2,M,1,0.000673661,7.43113,8.62442,0.212429,F
365,1,HappyBirthday,220,16060.7,M,1,0.00185044,0.564605,44.371,0.625222,F
365,1,HappyBirthday,933,25915.9,F,1,0.000502353,0.643458,4949.42,0.492594,F
366,1,HappyBirthday,937,11680.9,M,1,0.00441263,4.86106,53.0699,1.72223,F
366,1,HappyBirthday,954,14235.9,F,1,0.000983429,6.05157,1.09635,0.306301,F
368,1,HappyBirthday,114,730.289,F,1,0.00467555,0.87259,19.8371,1.53975,F
368,1,HappyBirthday,240,1460.85,M,1,9.57254e-05,0.341397,170964,0.900855,F
368,1,HappyBirthday,289,1460.17,F,1,0.000178138,21.6989,0,0.0554175,F
368,1,HappyBirthday,976,4015.38,M,1,0.00117947,0.206566,38.0564,0.42534,F
369,1,HappyBirthday,1002,365,F,1,0.000301246,0.0494816,177778,2.93544,F
369,1,HappyBirthday,634,26645.3,M,1,0.000356775,0.116624,89.602,0.126532,F
369,1,HappyBirthday,786,3285.15,M,1,0.0215461,0.327296,0.282065,6.77452,F
369,1,Births,1037,0,M,0,0,0.0484301,0,0,F
370,1,HappyBirthday,64,12775.6,M,1,0.113563,0.025381,129.334,44.5393,F
370,1,HappyBirthday,610,26645.2,M,1,0.00171683,0.0627085,0.177074,0.533871,F
370,1,HappyBirthday,893,9855.62,M,1,9.07393e-05,1.39302,13084.7,0.0544556,F
370,1,HappyBirthday,920,1095.32,F,1,0.000363249,0.520867,45993,0.489097,F
371,1,HappyBirthday,459,7300.6,F,1,0.0852287,0.350144,3036.6,202.454,F
371,1,HappyBirthday,689,1825.4,F,1,0.000302412,0.234672,0.428246,0.0940492,F
371,1,HappyBirthday,778,2190.45,M,1,0.000670097,0.920422,377.165,0.505563,F
371,1,HappyBirthday,977,2920.94,M,1,0.000121928,0.302977,206252,1.25027,F
372,1,HappyBirthday,458,13140.6,M,1,0.00202703,1.84641,66.6092,0.825844,F
372,1,HappyBirthday,553,26280.1,F,1,0.000183168,0.493743,11271.8,0.716064,F
372,1,HappyBirthday,754,9490.64,M,1,0.629137,6.39247,335.217,313.126,F
373,1,HappyBirthday,190,8760.46,M,1,0.000113908,1.41229,213008,1.18496,F
373,1,HappyBirthday,903,30295.8,M,1,0.00953017,0.488772,548.515,7.67973,F
374,1,HappyBirthday,68,3285.5,F,1,0.00229896,0.300068,11.2914,0.716911,F
374,1,HappyBirthday,367,18250.4,F,1,0.00170825,0.140065,17.6266,0.544117,F
374,1,HappyBirthday,948,3650.26,M,1,7.55501e-06,3.73965,27457.1,0.0520635,F
375,1,HappyBirthday,1003,365,M,1,0.677993,1.64725,18499,893.395,F
375,1,HappyBirthday,968,5840.11,M,1,0.727247,0.254346,317.489,412.264,F
376,1,HappyBirthday,104,1095.84,M,1,0.534868,0.616727,11517.1,478.827,F
376,1,HappyBirthday,247,730.739,M,1,0.115646,0.0450913,9.50534,39.707,F
376,1,HappyBirthday,387,22995.3,F,1,0.464934,3.54242,1226.61,909.296,F
376,1,HappyBirthday,597,8030.86,M,1,0.00111631,0.325179,55.7803,0.380261,F
377,1,HappyBirthday,57,7300.85,F,1,0.00181137,0.228887,3.78515,0.570213,F
378,1,HappyBirthday,366,1460.37,F,1,0.167748,0.538633,205.257,72.011,F
378,1,HappyBirthday,643,4745.21,M,1,0.00309856,0.00531589,56.6347,1.03025,F
378,1,HappyBirthday,812,13505.8,M,1,0.00148667,1.26539,15.9676,0.475124,F
378,1,HappyBirthday,819,15695.2,F,1,0.00496336,0.468957,46.8774,1.84569,F
379,1,HappyBirthday,91,3650.68,F,1,0.107066,4.47552,87.2839,40.3271,F
379,1,HappyBirthday,254,6935.76,M,1,0.000103351,4.34815,3626.69,0.172796,F
379,1,HappyBirthday,476,4745.8,F,1,0.599933,0.53874,593.302,342.738,F
380,1,HappyBirthday,136,3285.55,F,1,0.00182698,0.168706,0.475073,0.568818,F
381,1,HappyBirthday,538,12775.7,M,1,0.135226,1.65382,0.693826,45.3084,F
382,1,HappyBirthday,339,19345.2,F,1,0.49513,0.0348634,25046.4,760.46,F
382,1,HappyBirthday,402,2920.04,F,1,0.00126189,4.54479,160435,12.1886,F
383,1,HappyBirthday,436,9125.32,F,1,0.75405,0.916372,26.8546,471.491,F
383,1,HappyBirthday,915,2555.13,F,1,0.124441,0.715523,119.323,49.4823,F
384,1,HappyBirthday,288,1095.49,F,1,0.00707292,0.0638991,39.312,2.2841,F
385,1,HappyBirthday,38,32120,F,1,0.557521,1.33259,4761.07,1611.03,F
385,1,Births,1038,0,M,0,0,0.0906101,0,0,F
386,1,HappyBirthday,79,18615.7,F,1,0.00588662,0.710741,0.260291,1.83562,F
386,1,HappyBirthday,668,6570.06,M,1,0.615132,0.239566,732.53,315.055,F
386,1,HappyBirthday,702,4015.51,M,1,0.465523,2.13041,603.989,308.829,F
387,1,HappyBirthday,217,730.571,F,1,0.217256,0.989128,194.775,103.145,F
387,1,HappyBirthday,815,1095.19,M,1,0.000393313,0.0322796,0.278065,0.122204,F
387,1,HappyBirthday,904,3285.02,F,1,0.00113541,1.75257,15.5132,0.378606,F
387,1,Births,1039,0,F,0,0,0.109066,0,0,F
388,1,HappyBirthday,576,23725.7,F,1,0.00284255,0.0480104,14.9296,0.946166,F
388,1,HappyBirthday,794,1825.33,M,1,0.00157473,0.0690181,8.91202,0.508352,F
388,1,HappyBirthday,817,6935.74,F,1,0.00379716,2.31582,22364.7,2.02135,F
388,1,HappyBirthday,983,4380.53,F,1,0.000473523,0.202944,2.55117,0.147948,F
389,1,HappyBirthday,246,10220.6,M,1,0.0025657,0.449652,74.2397,0.985694,F
389,1,HappyBirthday,543,17155.7,F,1,0.914391,0.153034,28.1554,765.224,F
389,1,HappyBirthday,947,730.995,M,1,0.907436,0.46842,4.19267,750.874,F
390,1,HappyBirthday,796,19710.2,M,1,0.0159415,1.36399,149.715,6.62208,F
390,1,HappyBirthday,932,12410.7,F,1,0.759143,31.3586,2264.24,446.233,F
390,1,HappyBirthday,945,3285.8,M,1,0.000239696,0.180027,25111.4,0.447614,F
391,1,HappyBirthday,153,10950.6,F,1,0.00182455,1.39783,0.272515,0.568028,F
391,1,HappyBirthday,998,12775.3,F,1,0.00135889,0.764472,2.49792,0.422782,F
391,1,HappyBirthday,601,35770.8,M,1,9.23382e-07,0.725575,16737.3,0.009696,F
391,1,HappyBirthday,1004,365,F,1,0.000716182,0.070422,0.0505326,0.222673,F
392,1,HappyBirthday,515,5110.96,M,1,0.522774,0.850504,111.488,341.527,F
392,1,HappyBirthday,733,7300.46,M,1,0.133334,0.725077,1.28845,44.7416,F
392,1,HappyBirthday,1005,365,F,1,0.00501306,0.124386,50.8657,1.94223,F
393,1,HappyBirthday,59,2555.47,F,1,0.00240517,0.0399738,49.1065,0.811361,F
393,1,HappyBirthday,272,28470.7,F,1,0.345011,1.69459,15574.8,1375.88,F
393,1,HappyBirthday,905,34310.3,F,1,0.724248,5.37985,553.13,709.808,F
393,1,Births,1040,0,M,0,0,0.126675,0,0,F
394,1,HappyBirthday,125,9125.09,M,1,0.180589,2.14531,5985.49,1046.68,F
394,1,HappyBirthday,1006,365,M,0,0,0.0107186,0,0,F
395,1,HappyBirthday,512,12045.5,F,1,0.00151328,0.731853,71.6251,0.520299,F
395,1,HappyBirthday,638,5840.95,M,1,0.910737,3.70036,15.9478,776.012,F
395,1,HappyBirthday,818,6205.58,F,1,0.585379,1.94849,3574,346.531,F
396,1,HappyBirthday,163,20440.4,M,1,0.70037,1.18129,763.453,391.452,F
396,1,HappyBirthday,699,22630.4,M,1,0.00116925,0.0357616,8.22e-05,0.363606,F
397,1,HappyBirthday,170,22630.8,M,1,0.000480735,1.23344,17.0834,0.153918,F
397,1,HappyBirthday,279,12775.1,M,1,9.67912e-05,0.556657,3.25781,0.0302368,F
397,1,HappyBirthday,881,1095.73,F,1,0.000359605,0.719304,171265,3.42627,F
397,1,HappyBirthday,908,1095.49,M,1,0.000445176,0.0222894,7.07451,0.139638,F
398,1,HappyBirthday,2,17155.5,M,1,3.62434e-07,0.221124,61702.9,0.0036742,F
398,1,HappyBirthday,477,27740.3,M,1,0.153664,1.26125,7.12555,53.4083,F
398,1,HappyBirthday,625,25185.3,M,1,0.0034662,12.7141,201.245,1.46566,F
398,1,HappyBirthday,780,4745.9,M,1,0.0350851,0.0775969,178.036,14.2003,F
398,1,HappyBirthday,860,9855.55,M,1,0.7659,0.647306,63.3632,472.711,F
398,1,Births,1041,0,F,0,0,3.23423,0,0,F
399,1,HappyBirthday,338,1095.43,M,1,0.146919,0.28728,4813.43,86.3126,F
400,1,HappyBirthday,318,7300.88,F,1,0.388554,6.61185,58.0996,158.35,F
401,1,HappyBirthday,320,10585.1,M,1,0.924419,1.10344,18.8507,823.823,F
401,1,HappyBirthday,374,2555.08,F,1,0.0593164,0.0419157,1885.41,22.0593,F
401,1,HappyBirthday,711,1095.38,M,1,0.181159,0.492657,58.8256,72.6275,F
402,1,HappyBirthday,789,8030.24,F,1,0.00023469,0.207316,51.788,0.0786402,F
402,1,HappyBirthday,1007,365,M,1,0.0335674,0.284457,1894.24,11.9771,F
402,1,HappyBirthday,848,5110.67,M,1,0.0603725,0.143049,64.4842,24.1165,F
403,1,HappyBirthday,119,13140.5,F,1,0.0258439,1.10989,15.7609,8.69781,F
403,1,HappyBirthday,306,13140.4,F,1,0.00827816,0.972136,27.7521,2.90995,F
403,1,HappyBirthday,398,8030.92,F,1,0.0020771,6.48417,25220.1,8.64644,F
404,1,HappyBirthday,67,10220.1,M,1,0.00200172,0.301421,40.9816,0.695181,F
404,1,HappyBirthday,73,1095.66,F,1,0.0403351,0.0778447,7.49631,12.8138,F
404,1,HappyBirthday,616,6935.1,F,1,0.376862,2.48377,2717.01,269.369,F
404,1,HappyBirthday,961,730.354,M,1,0.0145696,5.39152,55805,18.8329,F
405,1,HappyBirthday,122,5475.27,M,1,0.00448223,0.861763,0.813565,1.39926,F
405,1,HappyBirthday,250,13140.4,M,1,0.00231352,1.74654,592.364,2.26796,F
405,1,HappyBirthday,390,24090.9,M,1,0.000256207,0.251547,0.0027032,0.0796008,F
405,1,HappyBirthday,660,1095.48,M,1,0.0080436,0.328879,110.186,3.77503,F
405,1,HappyBirthday,731,2190.42,M,1,0.212999,0.739324,25859.1,1202.95,F
405,1,Births,1042,0,M,0,0,0.0879509,0,0,F
406,1,HappyBirthday,39,14600.6,F,1,4.79825e-05,0.732777,214248,0.49769,F
406,1,HappyBirthday,148,17520.7,F,1,0.44678,1.02562,5724,635.797,F
406,1,HappyBirthday,483,6935.89,F,1,0.00201161,0.211141,16.408,0.643702,F
407,1,HappyBirthday,76,10221,M,1,0.00214937,2.59927,23084,2.39006,F
407,1,HappyBirthday,558,9490.6,F,1,0.546084,3.32566,3598.51,278.436,F
407,1,HappyBirthday,669,15330.3,F,1,0.0330325,3.84135,17879.6,80.3849,F
408,1,HappyBirthday,565,730.255,M,1,0.279869,0.175153,62.4248,109.93,F
408,1,HappyBirthday,649,1825.9,F,1,0.0234455,0.472081,0.860795,7.40194,F
408,1,HappyBirthday,768,6205.45,M,1,0.118842,2.42707,2034.01,49.558,F
408,1,HappyBirthday,769,15330.1,M,1,0.453045,0.68114,3294.15,861.96,F
409,1,HappyBirthday,550,7665.38,M,1,0.000955261,0.154558,9.94949,0.31011,F
409,1,HappyBirthday,588,7665.75,M,1,0.00173491,5.07604,66.9497,0.619752,F
409,1,HappyBirthday,880,3285.71,F,1,0.0334168,0.144916,94.993,13.3585,F
409,1,Births,1043,0,F,0,0,0.0266378,0,0,F
410,1,HappyBirthday,75,14235.9,M,1,0.00137654,1.02768,41132.7,1.80751,F
410,1,HappyBirthday,204,4380.55,F,1,0.290155,0.509939,680.062,142.905,F
410,1,HappyBirthday,457,9125.02,F,1,0.00152016,0.172218,12.8202,0.479847,F
410,1,HappyBirthday,636,14235.6,F,1,0.0005536,0.739329,0.123672,0.172149,F
410,1,HappyBirthday,840,9125.15,M,1,0.280094,3.44752,2301.57,402.776,F
410,1,HappyBirthday,995,14600.9,M,1,0.00061176,0.243228,67.0176,0.206003,F
411,1,HappyBirthday,72,5110.34,F,1,0.0534603,0.818314,820.241,20.191,F
411,1,HappyBirthday,249,13140.4,F,1,0.000117158,0.080708,15.2966,0.0388522,F
411,1,HappyBirthday,526,1825.94,M,1,0.000547164,4.07545,83.1956,0.196556,F
411,1,HappyBirthday,950,6570.2,M,1,0.0791031,67.75,54.8339,29.3712,F
412,1,HappyBirthday,134,3650.7,M,1,0.012696,1.57126,39525.4,50.2003,F
412,1,HappyBirthday,285,4380.07,M,1,0.000184826,0.530383,3.93571,0.0578541,F
412,1,HappyBirthday,328,8760.42,M,1,0.140742,1.14882,110569,1153.06,F
412,1,HappyBirthday,934,730.161,F,1,0.107797,0.948902,146.486,44.1737,F
412,1,Births,1044,0,F,0,0,0.0188156,0,0,F
413,1,HappyBirthday,26,6205.79,F,1,0.16298,1.60677,64801.8,1179.95,F
413,1,HappyBirthday,45,14965.1,M,1,0.000177405,2.18456,21.9182,0.0583256,F
413,1,HappyBirthday,99,3650.56,M,1,0.156665,2.53426,144.113,64.8539,F
413,1,HappyBirthday,523,2920.24,F,1,0.462547,2.87822,5191.27,408.579,F
413,1,HappyBirthday,548,3650.63,M,1,0.000662563,2.60278,0.162111,0.206139,F
413,1,HappyBirthday,572,11315.5,F,1,0.000879215,0.183621,0.537494,0.27404,F
413,1,HappyBirthday,719,3285.9,F,1,0.480642,0.306167,28610.4,863.504,F
413,1,HappyBirthday,918,12410.1,F,1,0.484996,2.43398,47.4134,234.314,F
413,1,Births,1045,0,M,0,0,0.910673,0,0,F
414,1,HappyBirthday,61,14965.5,F,1,0.000820255,22.7503,13.0218,0.260364,F
414,1,HappyBirthday,461,12045,M,1,0.070131,0.84723,37.3111,26.6537,F
414,1,HappyBirthday,635,18615.1,M,1,0.298657,1.83293,2376.51,253.732,F
415,1,HappyBirthday,23,6570.02,F,1,0.00686138,12.6259,10240.1,2.1976,F
417,1,HappyBirthday,355,17520.4,F,1,3.01023e-06,1.79015,14130.2,0.0135904,F
417,1,HappyBirthday,381,20075.6,F,1,0.00225918,0.710209,27.4479,0.763888,F
417,1,HappyBirthday,1008,365,F,1,0.00540305,0.021699,0.0057014,1.68357,F
418,1,HappyBirthday,97,3285.96,F,1,0.736798,0.0314001,160.226,439.301,F
418,1,HappyBirthday,201,730.974,F,1,0.00831301,0.984117,148.717,2.91202,F
418,1,HappyBirthday,451,1460.92,M,1,0.0640995,2.61731,18.7686,22.5342,F
418,1,HappyBirthday,594,2190.45,M,1,0.000776465,8.60951,38.3017,0.256425,F
418,1,HappyBirthday,641,9125.67,F,1,0.00132828,0.121305,31.9834,0.469478,F
419,1,HappyBirthday,253,4015.18,M,1,0.0491637,1.37304,45.5755,19.2561,F
419,1,HappyBirthday,600,9125.94,F,1,0.236028,0.230123,24489.8,1659.22,F
419,1,HappyBirthday,1009,365,M,1,0.00506414,0.116666,0.0999029,1.57783,F
419,1,HappyBirthday,841,11680.7,F,1,0.0044553,1.13874,9.46638,1.44611,F
420,1,HappyBirthday,479,2190.94,F,1,0.000639834,0.168349,28.6236,0.207502,F
420,1,HappyBirthday,517,12775.1,M,1,0.0209739,0.126508,48.9642,7.14124,F
421,1,HappyBirthday,52,5110.89,F,1,0.000879946,0.0723267,653.306,0.330116,F
421,1,HappyBirthday,478,2920.62,M,1,9.40908e-05,0.423358,0.00855522,0.0292256,F
421,1,HappyBirthday,506,2920.39,M,1,0.00451379,0.118252,7.41235,1.4105,F
421,1,HappyBirthday,524,11315.2,F,1,0.174987,6.34867,63.4266,78.7058,F
421,1,Births,1046,0,M,0,0,0.00435954,0,0,F
422,1,HappyBirthday,388,9125.36,M,1,0.000876099,0.0354499,14.3145,0.290829,F
422,1,HappyBirthday,623,6935.73,M,1,0.423149,2.4748,6607.18,688.74,F
422,1,HappyBirthday,627,14600.4,F,1,0.000900761,0.326927,7.92403,0.283889,F
422,1,HappyBirthday,728,1825.03,F,1,0.00207664,0.0872071,77.8783,0.896954,F
422,1,HappyBirthday,748,730.802,M,1,0.194013,0.609984,57978.4,623.622,F
423,1,HappyBirthday,293,14600.8,F,1,4.05493e-06,0.22217,192.005,0.0021594,F
424,1,HappyBirthday,87,1460.47,F,1,0,0.0277992,6.29153,0,F
424,1,HappyBirthday,348,730.5,F,0,0,0.0406459,0,0,F
424,1,HappyBirthday,790,2555.85,M,1,0.0811067,0.551085,31892.2,104.638,F
424,1,Births,1047,0,F,0,0,3.70361,0,0,F
425,1,HappyBirthday,422,29930.3,M,1,0.00195127,0.102022,90.1956,0.682217,F
425,1,HappyBirthday,677,11315.2,F,1,0.0111509,1.55792,41.1294,3.55529,F
425,1,HappyBirthday,906,6205.9,M,1,0.00035929,0.644352,14983,1.40231,F
426,1,HappyBirthday,410,13870.1,F,1,0.507472,0.153347,108.626,233.716,F
426,1,HappyBirthday,889,1825.11,F,1,0.31139,2.15531,8817.57,536.871,F
427,1,HappyBirthday,24,19345.2,M,1,0.021994,1.20554,2617.82,71.9674,F
427,1,HappyBirthday,93,9855.03,F,1,0.00142372,0.244619,0.0056094,0.442748,F
427,1,HappyBirthday,921,2190.9,M,1,0.00511851,1.13461,34.5365,1.72232,F
428,1,HappyBirthday,1010,365,M,1,0.753647,0.0296735,10.2802,438.211,F
428,1,HappyBirthday,940,7300.43,M,1,0.559795,0.264069,591.933,295.274,F
429,1,HappyBirthday,224,2555.43,F,1,0.521247,0.108165,0.188631,228.961,F
429,1,HappyBirthday,262,3285.42,F,1,6.49002e-05,2.3736,91278,0.898669,F
429,1,HappyBirthday,741,9125.56,F,1,0.0301893,2.20338,14.1552,9.82343,F
429,1,HappyBirthday,825,4745.07,M,1,0.191729,1.63482,160.842,87.6471,F
430,1,HappyBirthday,474,730.957,M,1,0.458345,0.105907,16433.4,692.811,F
430,1,HappyBirthday,685,2190.12,M,1,0.00650012,0.135901,106344,48.939,F
430,1,HappyBirthday,743,1825.84,M,1,0.00298654,0.29052,376.361,1.88963,F
430,1,HappyBirthday,792,730.842,F,1,0.400897,0.108345,123.971,195.207,F
430,1,HappyBirthday,875,1825.93,F,1,0,0.0476722,0,0,F
431,1,HappyBirthday,198,1460.94,M,1,0.00684676,1.09489,93380.4,47.8961,F
431,1,HappyBirthday,901,6205.22,F,1,0.0012609,0.702308,31819.7,1.55168,F
431,1,HappyBirthday,914,8760.19,M,1,0.00092608,1.86217,12.1694,0.305548,F
432,1,HappyBirthday,385,5110.3,F,1,0.592009,0.286905,29.4065,292.578,F
433,1,HappyBirthday,121,6935.54,F,1,0.317681,4.08001,17830.2,1274.22,F
433,1,HappyBirthday,268,5475.79,F,1,0.000482911,0.268776,15.5906,0.160963,F
433,1,HappyBirthday,928,26280.5,F,1,0.197877,1.64098,5272.39,879.219,F
434,1,HappyBirthday,77,2190.42,M,1,0.000415347,0.0407026,181835,4.06195,F
434,1,HappyBirthday,359,33945.7,F,1,0.00158062,0.45473,18.2308,0.536689,F
434,1,HappyBirthday,582,2555.01,F,1,0.0275221,0.757488,17.5637,9.14168,F
436,1,HappyBirthday,140,18615.5,M,1,0.000594562,5.79576,0.517461,0.185018,F
436,1,HappyBirthday,561,730.388,M,1,6.97502e-05,0.042538,51252.6,0.0876085,F
437,1,HappyBirthday,439,14600.5,M,1,0.0050139,6.76589,41.8429,1.58743,F
437,1,HappyBirthday,1011,365,F,1,0.424357,0.0452026,1660.11,1079.04,F
438,1,HappyBirthday,389,6205.39,F,1,0.000496232,1.57641,16.2666,0.157707,F
438,1,HappyBirthday,640,4745.91,F,1,0.476191,12.925,4062.24,291.643,F
438,1,HappyBirthday,675,5475.74,F,1,0.00330086,0.0415231,1.09629,1.03289,F
438,1,HappyBirthday,771,20805.8,M,1,0.249457,5.44196,3170.42,926.631,F
439,1,HappyBirthday,282,22630.3,M,1,0.000985534,0.256397,8.59668,0.31552,F
439,1,HappyBirthday,425,24820.4,M,1,0.325625,0.531306,141.669,158.727,F
439,1,HappyBirthday,498,5840.31,M,1,0.463156,0.076476,5666.51,307.103,F
439,1,HappyBirthday,508,9490.54,M,1,0.826839,0.728251,120.287,564.634,F
439,1,HappyBirthday,535,1095.74,F,1,0.000328383,0.249468,0.00143934,0.10213,F
439,1,HappyBirthday,723,18250.6,F,1,0.873583,0.461276,1427.21,821.39,F
439,1,HappyBirthday,849,730.161,M,1,0.421797,13.33,83.86,215.187,F
439,1,Births,1048,0,M,0,0,0.581788,0,0,F
441,1,HappyBirthday,501,20440.3,F,1,0.190997,0.217976,87782.6,1837.75,F
441,1,HappyBirthday,946,4380.25,M,1,0.429289,6.42242,52050.8,724.775,F
442,1,HappyBirthday,233,6205.08,F,1,0.121717,0.0728149,39.9386,48.2291,F
442,1,HappyBirthday,347,6935.09,M,1,0.00153161,0.0914257,35.5067,0.502649,F
442,1,HappyBirthday,420,13140.7,M,1,0.498088,1.17227,925.635,619.772,F
442,1,HappyBirthday,449,5840.46,F,1,0.0276948,3.94456,91.6244,10.0998,F
443,1,HappyBirthday,88,5840.34,F,1,0.00150669,0.452776,2.60795,0.473234,F
444,1,HappyBirthday,378,730.445,F,1,0.23578,3.83148,110.889,95.9021,F
444,1,HappyBirthday,433,10950.3,F,1,0.000873408,0.727919,1.21092,0.273079,F
444,1,HappyBirthday,795,3285.67,F,1,0.199946,0.0956359,7366.3,1261.54,F
444,1,HappyBirthday,917,5110.9,M,1,0.277495,22.3058,33.0953,106.116,F
444,1,HappyBirthday,960,1095.91,F,1,0.26411,1.64889,8477.2,1159.55,F
445,1,HappyBirthday,179,7300.84,M,1,0.103687,0.0837806,1868.62,34.8968,F
445,1,Births,1049,0,M,0,0,0.16101,0,0,F
446,1,HappyBirthday,55,3285.7,F,1,0.342454,0.551384,1271.74,331.767,F
446,1,HappyBirthday,776,9125.26,M,1,0.28952,0.0933464,5977.73,626.683,F
446,1,HappyBirthday,821,24820.6,F,1,4.3147e-05,0.252957,7077.16,0.120846,F
447,1,HappyBirthday,116,7665.97,F,1,0.00141329,0.983316,14.3607,0.443525,F
447,1,HappyBirthday,432,5475.86,M,1,0.000124537,0.30915,23.9743,0.0431104,F
447,1,HappyBirthday,708,6205.65,M,1,0.238681,0.815479,12598.5,454.644,F
447,1,HappyBirthday,839,16060.3,F,1,0.341215,0.093207,2567.14,253.921,F
448,1,HappyBirthday,172,6935.68,F,1,0.008238,9.15913,16.9309,2.60661,F
451,1,HappyBirthday,137,9855.96,F,1,0.573199,0.78456,12393.2,747.965,F
451,1,HappyBirthday,245,28836,F,1,0.15912,75.1193,17.6548,55.4995,F
451,1,HappyBirthday,428,25915.4,M,1,0.0731121,1.56928,31.9492,26.9743,F
451,1,HappyBirthday,549,9490.59,F,1,4.95201e-05,0.0612605,48.0371,0.016663,F
451,1,HappyBirthday,752,29200.3,M,1,0.899307,5.35639,277.18,976.302,F
452,1,HappyBirthday,453,31755.5,F,1,0.00309495,1.20281,3391.57,1.153,F
452,1,HappyBirthday,472,1460.58,F,1,0.000139126,0.048557,0,0.0431836,F
452,1,Births,1050,0,M,0,0,3.11911,0,0,F
453,1,HappyBirthday,283,1460.8,M,1,0.000483597,0.0405038,128.09,0.177283,F
455,1,HappyBirthday,251,4745.33,M,1,0.00951415,0.605748,45781.5,41.4829,F
455,1,HappyBirthday,440,2920.07,M,1,0.00521537,6.37314,34.5148,1.68372,F
455,1,HappyBirthday,580,4015.03,M,1,0.219171,0.120343,81201.5,918.702,F
456,1,HappyBirthday,532,17155.9,F,1,0.00584614,0.244723,40.822,2.19238,F
457,1,HappyBirthday,126,13870.1,F,1,0.00062073,0.677574,105040,4.57047,F
457,1,HappyBirthday,791,11680.2,M,1,0.00119603,1.63553,136.519,0.461564,F
459,1,HappyBirthday,1012,365,M,1,0.360404,0.0206799,2489.88,294.698,F
459,1,HappyBirthday,540,730.736,F,1,0.00901424,0.25432,425.406,7.26143,F
459,1,HappyBirthday,568,20805.6,M,1,0.0920369,0.0351957,2941.96,31.7682,F
459,1,HappyBirthday,652,1095.71,M,1,0.0824698,1.44797,343.178,26.8615,F
459,1,Births,1051,0,M,0,0,0.0450557,0,0,F
460,1,HappyBirthday,350,18250.1,F,1,0.0295149,1.0108,161.867,14.0379,F
460,1,HappyBirthday,704,14965.1,F,1,0.441851,2.86566,1597.64,254.758,F
461,1,HappyBirthday,12,1460.8,F,1,0.00503416,0.109249,171.346,1.92593,F
461,1,HappyBirthday,63,4745.31,F,1,0.821998,0.430309,164.622,608.972,F
462,1,HappyBirthday,705,5475.61,F,1,0,0.0710198,0,0,F
463,1,HappyBirthday,569,35770.3,F,1,0.738185,3.33407,14974.6,643.181,F
463,1,HappyBirthday,913,12775.8,F,1,0.00493483,1.65213,20670.4,57.1352,F
463,1,HappyBirthday,958,7665.28,F,1,0.465674,1.45185,6025.43,352.839,F
465,1,HappyBirthday,227,6935.31,M,1,0.452578,5.67325,1388.38,586.666,F
465,1,HappyBirthday,248,8760.77,M,1,0.591966,2.23253,63.6992,320.679,F
465,1,HappyBirthday,631,3285.64,M,1,0.469548,0.0301441,11.8057,206.422,F
466,1,HappyBirthday,135,5475.13,F,1,0.283409,5.74579,20.8856,110.901,F
466,1,HappyBirthday,693,4015.41,F,1,1.67982e-05,0.266136,151.624,0.0080904,F
467,1,HappyBirthday,286,3650.05,M,1,0.0285354,0.329206,665.673,18.8247,F
467,1,HappyBirthday,310,2190.52,M,1,0.00579509,0.355706,0.13275,1.80628,F
467,1,HappyBirthday,376,5475.36,M,1,0.167885,14.2035,23514.6,209.081,F
467,1,HappyBirthday,419,1825.18,M,1,0.555166,0.201854,1972.09,1325.32,F
467,1,HappyBirthday,585,8030.33,F,1,0.000163378,5.32746,107354,2.50248,F
467,1,HappyBirthday,975,24455,M,1,0.00631564,0.10496,432.906,3.37751,F
468,1,HappyBirthday,624,8395.34,F,1,0.000685292,0.208911,0.0091682,0.213016,F
469,1,HappyBirthday,244,19345.3,F,1,0.56269,0.280705,1485.46,761.02,F
469,1,HappyBirthday,309,4745.15,M,1,0.607771,0.233659,774.324,536.043,F
469,1,HappyBirthday,1013,365,M,1,0.23995,0.16306,10.1093,85.6961,F
470,1,HappyBirthday,131,17520.2,F,1,0.00121636,0.0188617,3.43453,0.383655,F
471,1,HappyBirthday,331,14965.3,F,1,0.00240156,2.53454,22.8076,0.807891,F
471,1,HappyBirthday,630,13870.8,F,1,0.00123383,1.23455,65.8213,0.418262,F
471,1,HappyBirthday,811,6935.91,M,1,0.220777,0.0794346,20.38,85.5072,F
471,1,HappyBirthday,884,8760.42,M,1,0.00131692,1.08944,0.0002402,0.409507,F
472,1,HappyBirthday,1014,365,M,1,0.00412686,0.324277,164.692,1.69581,F
472,1,HappyBirthday,953,2920.73,F,1,0.00117561,0.754006,0.928094,0.36612,F
473,1,HappyBirthday,102,13870.4,F,1,0.000221618,0.117465,163565,2.06705,F
473,1,HappyBirthday,192,11315.4,M,1,0.582238,0.704725,18010.6,813.318,F
473,1,HappyBirthday,520,10585.7,F,1,0.000200716,1.97955,177420,2.56622,F
473,1,HappyBirthday,667,3285.23,M,1,0.0120575,0.142764,22568,74.2752,F
474,1,HappyBirthday,273,16060.7,M,1,0.00376931,3.77314,40.2664,1.26091,F
474,1,HappyBirthday,395,18615.4,F,1,0.211578,1.78104,33880.1,1776.36,F
474,1,HappyBirthday,861,20440.4,M,1,0.217368,1.06273,40.0401,81.4097,F
475,1,HappyBirthday,127,8760.01,F,1,0.11722,20.2966,205.133,49.3203,F
475,1,HappyBirthday,505,2190.94,M,1,0.866321,1.83902,443.885,1050.99,F
475,1,HappyBirthday,521,2190.25,F,1,0.0207812,3.21595,61.7485,8.22823,F
475,1,HappyBirthday,613,17885.1,F,1,2.12646e-05,0.0292599,24.7578,0.006877,F
475,1,HappyBirthday,746,1825.76,M,1,0.206348,0.491339,38.6309,84.9789,F
476,1,HappyBirthday,14,1825.71,M,1,0.0556448,1.28386,15618.4,537.34,F
476,1,HappyBirthday,663,29930.2,F,1,0.117215,23.5424,9409.04,49.3838,F
476,1,HappyBirthday,698,2920.83,M,1,0.000814144,1.2175,0.0245302,0.253125,F
476,1,HappyBirthday,900,13140.5,M,1,0.0388621,2.71848,20.6004,12.3477,F
476,1,Births,1052,0,M,0,0,0.078531,0,0,F
478,1,HappyBirthday,129,4380.54,F,1,0.250769,2.06608,3317.14,985.064,F
478,1,HappyBirthday,683,24820.2,F,1,0.000136607,0.020728,174049,1.30313,F
478,1,HappyBirthday,833,6570.47,M,1,0.190856,0.59313,797.986,84.7477,F
479,1,HappyBirthday,74,14600.2,M,1,3.50508e-05,0.89628,205579,0.361432,F
479,1,HappyBirthday,162,5110.08,M,1,0.00792805,0.394153,17.9022,2.50973,F
479,1,HappyBirthday,239,1460.16,M,1,0.0330361,0.321528,50.8387,11.0317,F
479,1,HappyBirthday,650,8395.66,F,1,0.00198542,5.63484,28.9653,0.648556,F
480,1,HappyBirthday,113,14235.9,M,1,0.0124408,0.216239,118.979,4.60175,F
480,1,HappyBirthday,231,25186,F,1,0.00108554,13.7165,59.4207,0.36953,F
480,1,HappyBirthday,303,4015.11,M,1,0.77121,0.736733,166.15,644.672,F
480,1,HappyBirthday,323,16425.3,M,1,0.0160067,0.130562,578.837,5.83018,F
480,1,HappyBirthday,602,11680.4,F,1,0.370037,4.36204,54.356,156.856,F
480,1,HappyBirthday,691,12775.7,F,1,0.0103019,0.23536,46738.7,13.9585,F
481,1,HappyBirthday,295,17885.4,F,1,0.603954,2.56976,30060.9,1157.39,F
481,1,Births,1053,0,M,0,0,0.0832242,0,0,F
482,1,HappyBirthday,806,31390,M,1,0.000424432,0.151861,2.87436,0.133309,F
483,1,HappyBirthday,967,16790.9,M,1,0.0440796,2.58951,208.097,18.4285,F
485,1,HappyBirthday,337,5475.16,F,1,0.000841099,0.36075,7.45285,0.262751,F
485,1,HappyBirthday,609,2555.03,M,1,0.454868,0.484094,7152.62,1690.1,F
485,1,HappyBirthday,622,8760.96,M,1,0.269564,0.458473,19624,1689.83,F
485,1,HappyBirthday,785,18980.2,M,1,0.000509262,1.36058,56.0944,0.182644,F
485,1,HappyBirthday,856,9125.89,F,1,0.760747,0.973528,1.12004,446.409,F
486,1,HappyBirthday,160,14965.7,F,1,0.863878,0.18175,131.144,796.525,F
486,1,HappyBirthday,475,12045.6,F,1,0.00268104,0.332553,69.3354,0.933171,F
486,1,HappyBirthday,822,5840.78,F,1,0.104008,0.503244,164.589,44.7541,F
487,1,HappyBirthday,212,4015.34,M,1,0.0322881,2.28023,87.1641,10.3043,F
488,1,HappyBirthday,108,22630.7,M,1,0.00178731,0.593477,13.3458,0.585985,F
488,1,HappyBirthday,174,11315.7,M,1,0.0123117,0.195667,81.3533,4.36096,F
489,1,Births,1054,0,M,0,0,0.0157756,0,0,F
490,1,HappyBirthday,406,4380.82,F,1,0.00397192,1.11374,3.05152,1.2523,F
490,1,HappyBirthday,706,6570.79,F,1,0.472817,3.36166,1842.4,390.966,F
490,1,HappyBirthday,737,1460.56,F,1,0.00201608,0.0416939,3378.66,0.628574,F
490,1,HappyBirthday,872,10585.2,F,1,0.292625,18.5261,4564.33,1413.75,F
490,1,HappyBirthday,923,6935.19,F,1,3.28709e-07,8.45604,25671.9,0.00216253,F
490,1,Births,1055,0,F,0,0,0.0076602,0,0,F
490,1,Births,1056,0,F,0,0,0.0810792,0,0,F
491,1,HappyBirthday,46,1825.68,M,1,0.240503,0.15551,11755.2,712.505,F
492,1,HappyBirthday,27,730.374,M,1,0.555842,6.2178,178.619,303.721,F
492,1,HappyBirthday,112,14965.8,F,1,0.0587491,0.402869,35.0666,19.9511,F
492,1,HappyBirthday,259,1095.97,M,1,0.0271003,0.0291163,1214.76,10.2309,F
492,1,HappyBirthday,308,2920.75,F,1,0.134648,0.0316296,78927.4,1653.26,F
492,1,HappyBirthday,452,11680.3,F,1,0.0394462,0.816785,16.6492,12.7526,F
492,1,HappyBirthday,617,11315,M,1,4.5079e-05,0.0752407,102994,0.668115,F
492,1,HappyBirthday,781,18980.5,M,1,0.214009,0.104568,2933.68,327.208,F
492,1,Births,1057,0,F,0,0,0.210392,0,0,F
493,1,HappyBirthday,98,2555.48,F,1,0.0364153,0.0491399,3152.43,22.1499,F
493,1,HappyBirthday,207,6570.97,M,1,0.0812353,2.82025,149.209,32.4395,F
494,1,HappyBirthday,169,12775,M,1,1.41883e-06,0.208304,5656.55,0.0066366,F
494,1,HappyBirthday,229,5475.56,M,1,0.2039,0.711637,365.681,168.103,F
494,1,HappyBirthday,297,6570.68,F,1,0.00210525,0.967397,0.0763464,0.654986,F
494,1,HappyBirthday,334,2920.93,M,1,0.678101,0.471772,96.5075,459.366,F
494,1,HappyBirthday,618,9125.95,F,1,0.00967893,1.51073,527.426,8.94972,F
495,1,HappyBirthday,834,12045.9,M,1,0.0396656,2.75826,75.4328,14.1315,F
495,1,HappyBirthday,1015,365,F,1,0.120041,2.69587,97.5748,40.1531,F
496,1,HappyBirthday,311,2190.33,M,1,0.00222575,0.0998154,7.28838,0.695371,F
496,1,HappyBirthday,364,27740.8,M,1,0.00671824,2.5235,11.013,2.15462,F
496,1,HappyBirthday,499,22995.7,M,1,0.00233554,0.219176,13614.7,1.02381,F
496,1,HappyBirthday,797,730.207,F,1,0.00253874,0.562548,7.21635,0.793235,F
496,1,HappyBirthday,851,12775.4,F,1,0.192487,0.141408,4796.02,385.265,F
496,1,HappyBirthday,919,21170.3,M,1,0.0891557,0.237476,18.0198,29.7269,F
496,1,Births,1058,0,F,0,0,0.00347394,0,0,F
497,1,HappyBirthday,171,13505.8,F,1,0.0745607,0.0173655,16.4093,25.9985,F
497,1,HappyBirthday,740,5110.84,F,1,0.583509,0.288399,272.07,276.95,F
498,1,HappyBirthday,173,1095.3,M,1,0.00449953,0.00622804,0.00916505,1.40195,F
498,1,HappyBirthday,384,34675.9,F,1,0.0013868,0.0628604,18.7928,0.441411,F
498,1,HappyBirthday,462,10950.4,F,1,0.00354557,0.30831,58.8576,1.20129,F
498,1,HappyBirthday,883,4745.98,M,1,2.54271e-05,1.46674,18.0271,0.00826659,F
498,1,HappyBirthday,973,1825.17,M,1,0.0339958,0.559098,56.6233,11.4548,F
498,1,Births,1059,0,F,0,0,0.00849482,0,0,F
498,1,Births,1060,0,F,0,0,0.010168,0,0,F
499,1,HappyBirthday,1016,365,F,1,0.561233,1.53254,90.3401,334.283,F
499,1,HappyBirthday,455,8030.18,F,1,0.0245524,0.0232351,0.263495,7.7331,F
499,1,HappyBirthday,599,3650.7,M,1,0.357928,1.23008,602.189,438.535,F
501,1,HappyBirthday,146,10585.8,F,1,0.00017915,1.33327,118959,1.4015,F
501,1,HappyBirthday,185,5840.8,F,1,0.00223971,0.0655136,46768.9,3.09964,F
501,1,HappyBirthday,486,2190.43,F,1,0.00555767,1.41852,72.3989,2.2237,F
501,1,HappyBirthday,925,26280.4,M,1,8.44733e-06,0.199465,7.18979,0.0027098,F
502,1,HappyBirthday,25,21535.7,M,1,0.0634296,0.0589002,39475.7,487.325,F
502,1,HappyBirthday,124,8030.82,F,1,0.000455857,0.172361,7441.36,1.92772,F
503,1,HappyBirthday,608,7300.9,M,1,0.00885511,0.261987,98.7366,3.17717,F
504,1,HappyBirthday,92,9855.44,M,1,0.0250455,1.19375,5.26484,7.91662,F
504,1,HappyBirthday,1001,8030.11,M,1,0.00209654,1.49724,3.37566,0.656078,F
504,1,HappyBirthday,301,10585.1,F,1,0.0321027,0.381898,10307.4,144.229,F
504,1,HappyBirthday,340,2920.51,F,1,0.0379021,0.742709,98.4316,15.9375,F
504,1,HappyBirthday,467,1095.71,F,1,0.036144,1.69696,1690.29,54.4544,F
504,1,HappyBirthday,682,18980.5,M,1,0.27199,0.0808675,22.1572,105.658,F
505,1,HappyBirthday,445,2190.68,M,1,0.000612677,0.287325,51088.8,0.801016,F
505,1,HappyBirthday,670,10220.8,F,1,0.394152,0.490695,18153.1,474.675,F
506,1,HappyBirthday,391,20805,M,1,0.167771,1.0694,90354.3,1431.73,F
506,1,HappyBirthday,756,29930.9,M,1,0.322538,0.102531,2512.83,211.824,F
507,1,HappyBirthday,852,18980.7,F,1,0.258249,2.82435,28378.8,609.979,F
508,1,HappyBirthday,423,1095.73,M,1,0.000814243,0.110493,149575,7.91419,F
508,1,HappyBirthday,434,13505.1,F,1,0.00316278,0.364383,27659.8,3.78014,F
509,1,HappyBirthday,430,28835.4,M,1,0.00260673,0.918199,0.0218348,0.81136,F
509,1,Births,1061,0,F,0,0,0.0628972,0,0,F
510,1,HappyBirthday,109,1095.19,M,1,0.0101175,2.25275,17.0087,3.33717,F
510,1,HappyBirthday,132,3285.41,M,1,0.603588,0.132144,3301.39,348.322,F
510,1,HappyBirthday,801,3285.1,F,1,0.00167678,6.14044,124282,18.5919,F
511,1,HappyBirthday,157,7665.79,F,1,9.80416e-05,0.987091,2361.47,0.263532,F
511,1,HappyBirthday,344,22995.6,F,1,0.0101688,1.39741,104.244,3.65769,F
512,1,HappyBirthday,133,1825.84,F,1,8.87508e-05,0.164727,5757.59,0.459232,F
512,1,HappyBirthday,242,5110.41,M,1,0.105762,1.05187,13329.1,180.179,F
512,1,HappyBirthday,424,1095.77,F,1,0.000380019,0.85505,40326.3,0.468482,F
513,1,HappyBirthday,493,8760.79,F,1,0.0212475,2.11633,42.7535,7.76289,F
513,1,HappyBirthday,866,4380.49,M,1,0.00332732,9.64304,4873.54,1.66903,F
513,1,HappyBirthday,916,3650.06,F,1,0.139182,0.185067,834.087,101.611,F
514,1,HappyBirthday,32,1825.94,M,1,0.137124,0.903731,112273,1152.96,F
514,1,HappyBirthday,313,3650.5,M,1,0.00048369,3.78653,112.352,0.174146,F
514,1,HappyBirthday,351,5475.04,F,1,0.00343049,271.298,0.0210876,1.06811,F
514,1,HappyBirthday,808,10221,M,1,0.000356872,0.643645,3.37968,0.111729,F
515,1,HappyBirthday,66,24091,M,1,0.00143001,0.0870206,5555.39,0.459428,F
515,1,HappyBirthday,290,6205.11,F,1,0.411354,3.02127,7620.05,655.505,F
516,1,HappyBirthday,551,7665.64,M,1,0.378594,4.20967,16517.1,572.275,F
517,1,HappyBirthday,271,3285.61,F,1,0.00835772,0.749049,44.0292,2.76587,F
517,1,HappyBirthday,888,730.92,M,1,0.347653,2.60949,6508.29,636.953,F
518,1,HappyBirthday,1017,365,F,1,0.0749669,1.35719,1674.18,24.3725,F
518,1,HappyBirthday,404,5110.27,M,1,0.000831319,3.2797,0.942557,0.259439,F
518,1,HappyBirthday,579,3285.95,F,1,0.017661,0.515072,157.778,8.32614,F
519,1,HappyBirthday,1018,365,M,1,0.000367196,0.051531,4326.26,1.55307,F
519,1,HappyBirthday,559,18980.8,M,1,0.222315,3.75323,9826.14,1377.04,F
520,1,HappyBirthday,280,4380.34,F,1,0.158728,0.853597,0.82754,53.8064,F
520,1,HappyBirthday,547,5840.74,F,1,0.0175664,0.110791,113.611,8.30714,F
520,1,HappyBirthday,766,2920.02,M,1,0.00887572,0.339318,12379.5,18.658,F
521,1,HappyBirthday,21,8030.98,F,1,0.0633937,0.537473,255.818,32.2541,F
521,1,HappyBirthday,1019,365,F,1,0.00641174,0.0518781,260.844,2.82501,F
522,1,HappyBirthday,469,6205.92,M,1,0.000572327,0.429775,8.60328,0.183369,F
523,1,HappyBirthday,205,12410.7,M,1,0.00133223,0.339382,118.367,0.433694,F
523,1,HappyBirthday,228,12045.9,F,1,0.00190816,0.754203,2.27557,0.595836,F
523,1,HappyBirthday,595,730.039,F,1,0.65187,0.0972693,4334.81,479.274,F
523,1,HappyBirthday,718,4015.27,F,1,0.0451036,0.399797,103.901,16.6802,F
523,1,HappyBirthday,868,4745.72,F,1,6.25504e-05,0.268046,228279,0.661543,F
523,1,HappyBirthday,902,2555.38,F,1,0.247357,0.0640661,489.895,90.8173,F
524,1,HappyBirthday,956,12775.5,M,1,0.022421,0.0896405,16.4839,7.6293,F
525,1,HappyBirthday,84,19345,M,1,0.939025,9.40325,35.9492,887.45,F
525,1,HappyBirthday,496,6570.67,F,1,0.256382,0.532423,676.445,118.312,F
525,1,HappyBirthday,1020,365,M,1,0.0946982,0.234796,111149,760.39,F
526,1,HappyBirthday,545,6935.5,F,1,0.0403695,2.71663,40.9129,13.6232,F
527,1,HappyBirthday,187,6570.81,F,1,4.48864e-05,1.37022,16499.3,0.186336,F
527,1,HappyBirthday,518,20805.2,M,1,0.198325,2.65685,126.067,76.8202,F
528,1,HappyBirthday,435,12775.9,M,1,0.649316,1.001,36.2651,378.72,F
528,1,HappyBirthday,876,1095.56,F,1,0.0120594,0.272748,39.3355,4.50608,F
529,1,HappyBirthday,53,1825.51,M,1,0.0336476,1.4315,143.896,12.627,F
529,1,HappyBirthday,83,4745.32,M,1,0.00337955,0.0672039,1.50748,1.05282,F
529,1,HappyBirthday,380,16790.4,M,1,0.00521657,16.0968,38.0713,1.91379,F
529,1,HappyBirthday,813,14600.6,M,1,0.0010332,0.379419,0.0001466,0.32137,F
530,1,HappyBirthday,111,730.45,M,1,6.6794e-05,0.923323,51721.2,0.663973,F
530,1,HappyBirthday,485,14600.3,F,1,0.0685501,0.371289,88.5019,24.1612,F
530,1,HappyBirthday,878,23725.4,F,1,0.00246012,1.02394,1509.05,3.43415,F
531,1,HappyBirthday,763,4745.75,F,1,0.00010862,3.78137,30.19,0.0352533,F
531,1,HappyBirthday,939,7300.11,F,1,0.000695303,2.4494,114.478,0.253562,F
531,1,HappyBirthday,951,2190.4,M,1,0.00308605,0.242071,191367,30.547,F
532,1,HappyBirthday,972,14965.7,M,1,0.22885,7.25868,15.2802,81.2361,F
533,1,HappyBirthday,218,6205.93,F,1,0.00481504,0.12604,68.1003,1.79558,F
533,1,HappyBirthday,1021,365,F,1,0.00604889,0.441368,15.6557,2.01298,F
533,1,HappyBirthday,409,1460.2,F,1,0.526846,0.31068,4526.29,298.088,F
534,1,HappyBirthday,8,1460.94,F,1,0.0177142,0.0503771,75.599,6.16392,F
534,1,HappyBirthday,128,2190.54,M,1,0.0462417,1.44234,112549,434.928,F
534,1,HappyBirthday,383,8395.39,M,1,0.0014966,7.91778,23.6113,0.480742,F
534,1,HappyBirthday,466,9490.38,F,1,0.624881,0.633456,3068.74,1606.33,F
535,1,HappyBirthday,15,22265.7,M,1,0.0122166,2.78366,7.12692,3.8667,F
535,1,HappyBirthday,371,30660.2,F,1,0.0022477,34.4903,12.1049,0.734658,F
535,1,HappyBirthday,611,10951,M,1,0.310595,3.63095,18.4505,119.411,F
536,1,HappyBirthday,358,10585.9,F,1,0.00390509,0.048432,0.0576286,1.21636,F
536,1,HappyBirthday,707,1460.42,M,1,0.232092,4.09143,3098.74,107.399,F
537,1,HappyBirthday,1022,365,M,1,2.63719e-05,0.357617,108516,0.404634,F
537,1,HappyBirthday,592,7665.27,M,1,0.00508624,10.9387,20.4434,1.6021,F
537,1,HappyBirthday,621,5475.35,M,1,0.28334,1.68321,22.8669,107.017,F
538,1,HappyBirthday,349,5110.05,F,1,0.0458537,0.119486,7507.51,36.8007,F
538,1,HappyBirthday,555,13870.8,M,1,0.0168147,0.131135,41.1618,5.87569,F
539,1,HappyBirthday,294,5110.32,F,1,2.11643e-05,0.0110875,18.5602,0.00719041,F
539,1,HappyBirthday,986,2920.94,M,1,0.000444499,0.0491378,0.830486,0.138663,F
540,1,HappyBirthday,471,18250.1,M,1,0.000671937,15.6283,19.4899,0.215955,F
540,1,HappyBirthday,738,5475.05,M,1,3.64468e-05,3.47088,109626,0.563931,F
541,1,HappyBirthday,653,8030.37,F,1,2.88582e-05,4.6489,1.53614,0.0089572,F
542,1,HappyBirthday,221,10950.6,M,1,0.00136408,0.445565,67.6015,0.483888,F
542,1,HappyBirthday,655,5475.98,M,1,0.00203242,1.03255,13.225,0.667188,F
542,1,HappyBirthday,871,18250.7,M,1,0.00445714,8.63438,16.7139,1.43193,F
543,1,HappyBirthday,141,6205.91,M,1,0.22473,3.00029,7755.81,1246.41,F
543,1,HappyBirthday,164,5840.19,M,1,0.843189,0.0810006,51.3957,645.521,F
543,1,HappyBirthday,167,1095.62,M,1,0.354569,0.588823,940.072,224.683,F
543,1,HappyBirthday,687,1460.38,M,1,0.00487111,0.0994254,50.871,1.8401,F
543,1,Births,1062,0,F,0,0,0.00932122,0,0,F
544,1,HappyBirthday,85,1825.74,M,1,0.00123027,0.140007,12.6368,0.406543,F
544,1,HappyBirthday,168,10220.2,M,1,0.0233466,0.241297,19845.5,267.273,F
544,1,HappyBirthday,232,2555.98,M,1,0.585437,2.02879,559.079,484.154,F
544,1,HappyBirthday,747,4745.34,M,1,0.00639082,4.48716,9.8924,2.0206,F
545,1,HappyBirthday,317,21170.8,F,1,0.180612,3.8488,87.7648,69.562,F
545,1,HappyBirthday,614,3650.42,M,1,0.462809,0.792327,11125,986.989,F
545,1,HappyBirthday,865,9490.23,M,1,0.00347208,1.45347,29395.4,16.96,F
545,1,HappyBirthday,870,1095.03,M,1,0.00118568,0.537385,55.4195,0.466293,F
546,1,HappyBirthday,4,32850,M,1,5.86589e-05,1.63777,117387,0.545551,F
546,1,HappyBirthday,237,4380.73,M,1,0.00011758,3.18934,14619.4,0.441858,F
546,1,HappyBirthday,314,4745.5,F,1,0.460062,0.213427,7659.94,782.569,F
546,1,HappyBirthday,421,3650.78,M,1,0.0563268,0.418279,118.003,21.8301,F
546,1,HappyBirthday,642,4745.39,M,1,0.00325807,0.784407,2.0277,1.02035,F
546,1,Births,1063,0,M,0,0,0.0453154,0,0,F
547,1,HappyBirthday,147,4015.34,F,1,0.000938942,1.41065,55142.9,1.19653,F
547,1,HappyBirthday,542,12775.4,F,1,0.00350013,0.129065,1092.28,1.50724,F
547,1,HappyBirthday,826,5110.31,F,1,0.0270105,0.0415688,25.4718,8.87788,F
547,1,Births,1064,0,M,0,0,0.0387718,0,0,F
548,1,HappyBirthday,49,10950.9,M,1,0.000274878,2.86377,3.15979,0.086883,F
548,1,HappyBirthday,835,730.344,F,1,0.0160691,2.45447,50.8182,5.88723,F
549,1,HappyBirthday,206,10220.6,M,1,0.834225,0.231378,356.464,1185.24,F
549,1,HappyBirthday,598,27010.8,F,1,5.54347e-05,0.941888,50130,0.397647,F
549,1,HappyBirthday,979,5840.16,M,1,0.00104383,0.45773,45137.2,1.37915,F
550,1,HappyBirthday,332,2920.23,F,1,0.758789,0.511518,302.913,578.612,F
550,1,HappyBirthday,343,17155,F,1,0.00401066,0.128792,23.9917,1.26745,F
550,1,HappyBirthday,531,8395.19,F,1,0.000186942,4.27521,0.59431,0.0581492,F
551,1,HappyBirthday,69,4745.08,F,1,0.217606,0.294591,59006.4,1037.84,F
551,1,HappyBirthday,537,12045,M,1,0.46125,0.0630846,71.5482,254.895,F
551,1,HappyBirthday,824,2190.79,M,1,0.00286668,0.317438,216.754,1.43949,F
552,1,HappyBirthday,319,18980.9,M,1,0.177808,1.52577,11089.9,1440.77,F
552,1,HappyBirthday,394,11315.1,M,1,0.00636103,1.60676,11.5219,2.00593,F
552,1,HappyBirthday,657,33215.1,F,1,0.05635,0.101646,48.5626,19.5311,F
553,1,Births,1065,0,M,0,0,0.0557934,0,0,F
554,1,HappyBirthday,941,3650.43,F,1,0.0583678,0.465953,38.8755,21.3848,F
555,1,HappyBirthday,152,31755.6,M,1,0.210056,2.28089,5735.62,103.051,F
555,1,HappyBirthday,234,5475.74,M,1,0.57877,11.5642,4776.45,768.644,F
555,1,HappyBirthday,312,1825.29,F,1,0.0779653,4.57886,8874.33,539.499,F
555,1,HappyBirthday,761,4380.38,M,1,0.00353405,1.5544,40.9978,1.28745,F
556,1,HappyBirthday,444,2920.35,M,1,0.00688175,0.103041,63.2418,2.35822,F
556,1,HappyBirthday,887,4745.42,M,1,0.0529678,0.701953,72392.4,198.344,F
556,1,HappyBirthday,982,5475.94,M,1,0.37102,0.322838,25992.7,1010.09,F
557,1,HappyBirthday,416,730.421,M,1,0.00886226,0.142437,14151.2,8.86047,F
557,1,HappyBirthday,759,6570.19,M,1,0.0246626,0.620822,6308.26,16.4486,F
558,1,HappyBirthday,412,3650.29,F,1,0.060422,0.513065,156.241,22.8332,F
558,1,HappyBirthday,779,1460.11,M,1,0.223206,0.722019,12375.9,330.227,F
559,1,HappyBirthday,103,4745.34,F,1,0.00807327,9.54794,2.47329,2.54573,F
559,1,HappyBirthday,219,3285.89,F,1,0.0600033,1.05144,2192.19,38.9289,F
559,1,HappyBirthday,581,730.814,F,1,0.0187375,0.375156,200943,295.117,F
559,1,Births,1066,0,F,0,0,0.0523078,0,0,F
560,1,HappyBirthday,562,3650.7,M,1,0.000221119,0.0193932,0.991256,0.0692101,F
560,1,HappyBirthday,874,3650.53,F,1,0.00459586,0.0427077,18.8616,1.54455,F
561,1,HappyBirthday,326,34310.2,F,1,0.00412865,1.34174,49.7601,1.60026,F
561,1,HappyBirthday,365,730.493,M,1,0.387499,0.287951,7562.4,596.722,F
561,1,HappyBirthday,606,730.456,M,1,0.0692379,0.148218,862.98,26.6333,F
561,1,HappyBirthday,672,5110.78,F,1,0.000212062,0.177238,37.9576,0.0703089,F
561,1,HappyBirthday,853,9855.54,F,1,0.00455178,0.37271,69.0806,1.83545,F
562,1,HappyBirthday,145,7300.8,F,1,0.00136795,0.163317,7.19147,0.440693,F
562,1,HappyBirthday,304,14965.7,F,1,0.00206621,0.317768,20.2517,0.706608,F
562,1,HappyBirthday,397,8030.9,M,1,0.148287,0.579273,161.106,65.9678,F
562,1,HappyBirthday,494,1095.54,F,1,0.000182919,0.0183322,3.80692,0.0570555,F
562,1,HappyBirthday,745,2190.24,M,1,0.265187,0.138112,3356.66,1004.6,F
562,1,HappyBirthday,803,4745.71,F,1,0.0116852,0.607166,273.218,3.66663,F
562,1,HappyBirthday,882,8760.24,M,1,0.0783779,2.27521,143.965,30.553,F
563,1,HappyBirthday,203,3285.26,F,1,0.0134286,2.47638,20.049,4.47859,F
563,1,HappyBirthday,266,27010.7,M,1,0.113618,3.21721,23.4242,41.9025,F
563,1,HappyBirthday,281,2555.23,F,1,0.00353206,0.563819,87.4507,1.53706,F
563,1,HappyBirthday,845,23360.2,F,1,8.03004e-05,15.1027,17.8927,0.0256934,F
564,1,HappyBirthday,530,8395.04,F,1,0.000677145,0.0984915,45.2254,0.224783,F
565,1,HappyBirthday,35,1825.01,F,1,0.00182564,0.146752,80.4806,0.657846,F
565,1,HappyBirthday,770,1095.38,F,1,0.00162434,0.0829716,52337.4,2.02677,F
565,1,Births,1067,0,F,0,0,0.0849301,0,0,F
566,1,HappyBirthday,177,17155.6,F,1,0.439771,1.15772,15521.2,512.949,F
567,1,HappyBirthday,181,4380.29,M,1,0.493627,2.16177,210.613,302.324,F
567,1,HappyBirthday,215,1825.62,M,1,8.64773e-06,0.143797,104221,0.132238,F
567,1,HappyBirthday,560,8030.61,M,1,0.370486,0.119295,41.1093,171.174,F
567,1,HappyBirthday,688,10950.7,M,1,0.00487653,1.15822,21.0913,1.56648,F
567,1,HappyBirthday,943,1825.66,F,1,0.695479,0.153074,101.844,454.012,F
568,1,HappyBirthday,42,5110.22,F,1,0.000220152,0.302988,26.2406,0.0759987,F
568,1,HappyBirthday,330,3650.56,F,1,0.368678,0.431438,21593,672.058,F
568,1,HappyBirthday,361,1825.04,F,1,0.0184274,0.893304,385.126,9.40177,F
568,1,HappyBirthday,647,5110.68,F,1,0.0236552,1.1698,39808.9,30.6267,F
569,1,HappyBirthday,291,9125.16,F,1,0.00353485,1.37923,123.672,1.32679,F
569,1,HappyBirthday,563,4380.96,M,1,0.0952076,10.1418,229.464,40.1437,F
569,1,HappyBirthday,962,2555.67,M,1,0.000499539,1.50802,20176.3,4.19988,F
570,1,HappyBirthday,793,11315.9,M,1,0.26726,0.445419,3053.12,992.2,F
571,1,HappyBirthday,322,23725,M,1,0.000181501,2.51962,1124.69,0.275371,F
571,1,HappyBirthday,500,3650.42,M,1,0.174545,2.5068,284.43,121.911,F
571,1,HappyBirthday,577,22630.5,F,1,0.0995974,0.36336,797.658,70.0654,F
573,1,HappyBirthday,29,1460.52,M,1,0.0930827,1.39249,91.4,31.5923,F
573,1,HappyBirthday,816,18615.7,M,1,0.00145279,0.49793,617.137,1.15355,F
574,1,HappyBirthday,166,14965.5,M,1,0.647895,0.00958021,2362.03,367.472,F
574,1,HappyBirthday,178,8395.88,F,1,0.385738,2.41538,6887.65,202.892,F
574,1,HappyBirthday,465,2555.18,M,1,0.00223873,1.60168,0.380006,0.696365,F
576,1,HappyBirthday,211,5840.72,M,1,0.00603321,2.13291,45.6466,2.00045,F
576,1,HappyBirthday,429,5110.88,M,1,0.011095,1.30897,15250.8,112.055,F
577,1,HappyBirthday,513,8030.13,F,1,0.00619225,0.943821,144.557,2.35401,F
577,1,HappyBirthday,907,6570.38,F,1,0.657053,5.36896,1088.46,338.502,F
578,1,HappyBirthday,373,16790.5,F,1,0.00401477,0.261794,16.2048,1.31834,F
578,1,HappyBirthday,619,2555.23,M,1,0.000654149,1.04689,16878.4,3.32861,F
578,1,HappyBirthday,700,16425.9,F,1,0.00737682,60.03,0.121463,2.3012,F
578,1,HappyBirthday,984,9125.47,F,1,5.83924e-06,4.7354,100222,0.080545,F
579,1,HappyBirthday,536,29565.4,M,1,1.32508e-05,22.5687,157583,0.129344,F
579,1,HappyBirthday,626,5110.03,F,1,0.463327,2.21219,965.295,263.881,F
579,1,HappyBirthday,658,2920.51,M,1,0.00103491,0.0877113,24205.8,1.07576,F
579,1,HappyBirthday,810,1460.82,M,1,4.16318e-05,0.0320935,15.544,0.0137325,F
580,1,HappyBirthday,107,30295,F,1,0.00205439,0.100704,3.80688,0.64327,F
580,1,HappyBirthday,955,5840,F,1,0.00165975,4.06197,1.34484,0.517601,F
581,1,HappyBirthday,252,7300.49,F,1,0.00620524,0.490515,85.0513,2.15512,F
581,1,HappyBirthday,666,1095.8,F,1,0.14288,0.106566,36397.8,86.0957,F
581,1,HappyBirthday,716,23360.6,M,1,0.0143607,0.122734,167251,134.735,F
581,1,HappyBirthday,744,6570.64,M,1,0.0427872,0.141855,4.68127,13.8514,F
581,1,HappyBirthday,910,4015.32,M,1,0.950699,0.314655,32.201,936.688,F
583,1,HappyBirthday,34,27375.1,M,1,0.42783,1.8128,116.27,201.738,F
583,1,HappyBirthday,464,2555.93,F,1,0.000124051,0.0778935,81672,1.62034,F
583,1,HappyBirthday,573,1460.03,M,1,0.122625,1.1794,4650.61,225.143,F
583,1,Births,1068,0,F,0,0,0.028778,0,0,F
584,1,HappyBirthday,105,21170,M,1,0.203204,0.778729,496.388,70.6272,F
584,1,HappyBirthday,200,14965.9,F,1,6.35829e-05,0.34769,8021.69,0.408856,F
584,1,HappyBirthday,342,8030.92,F,1,0.000436219,0.0423477,22.8762,0.150218,F
584,1,HappyBirthday,974,7300.05,M,1,0.0168467,44.8381,173.469,6.2277,F
584,1,HappyBirthday,994,4015.65,M,1,0.694687,0.530546,36.0193,391.085,F
585,1,HappyBirthday,574,4380.77,F,1,0.0041879,1.51808,2.08244,1.30548,F
586,1,HappyBirthday,256,2555.66,M,1,0.5602,1.47935,1260.03,682.319,F
587,1,HappyBirthday,31,17155.3,F,1,0.00221241,14.9765,8.14025,0.693046,F
587,1,HappyBirthday,307,4380.3,M,1,0.386875,0.14527,77.9137,172.766,F
587,1,HappyBirthday,488,27375.7,F,1,0.00312992,0.47475,1.05829,0.979304,F
588,1,HappyBirthday,690,5840.77,M,1,0.000157475,1.50513,0.474883,0.048957,F
588,1,HappyBirthday,924,1460.23,F,1,0.643187,0.225693,78.9958,367.079,F
588,1,HappyBirthday,942,10585.7,F,1,0.00801419,0.0343249,43.3444,2.57682,F
589,1,HappyBirthday,60,17155.6,F,1,0.306939,1.03491,30257.2,561.877,F
589,1,HappyBirthday,788,4380.26,F,1,0.00432155,3.5287,8724.38,1.68608,F
590,1,HappyBirthday,62,4380.03,M,1,0.00759211,0.473385,10.5941,2.38462,F
590,1,HappyBirthday,199,9490.36,M,1,0.0358464,0.193908,19.7382,11.6688,F
593,1,HappyBirthday,325,9855.9,F,1,0.169973,0.145427,3309.75,59.3819,F
593,1,HappyBirthday,527,11315.3,M,1,0.772915,4.5138,2360.64,1200.18,F
594,1,HappyBirthday,65,5840.46,F,1,0.0307659,1.59368,57.3386,10.3546,F
594,1,HappyBirthday,1023,365,F,1,0.0727175,0.0166068,38001.5,241.417,F
594,1,HappyBirthday,393,1460.35,F,1,0.00555636,1.58952,14.9114,1.77713,F
594,1,HappyBirthday,735,15330,F,1,0.00020082,1.42659,164.452,0.0769764,F
594,1,HappyBirthday,753,730.894,M,1,9.35596e-05,0.45383,162524,0.868369,F
594,1,HappyBirthday,760,1095.77,M,1,1.22328e-05,1.44186,17100,0.127699,F
594,1,Births,1069,0,F,0,0,0.0193263,0,0,F
595,1,HappyBirthday,156,3285.9,F,1,0.00523073,0.674434,27.1544,1.68818,F
595,1,HappyBirthday,257,4745.7,F,1,8.53455e-06,3.5682,198387,0.0851781,F
596,1,HappyBirthday,480,1825.93,M,1,0.138333,1.65082,261.302,60.2778,F
596,1,HappyBirthday,497,7300.8,F,1,0.00304563,6.18439,1.94781,0.948294,F
596,1,HappyBirthday,570,2920.46,M,1,0.120686,5.0663,586.281,113.722,F
596,1,HappyBirthday,715,9125.02,M,1,0.00179222,0.892846,23596.3,21.95,F
597,1,HappyBirthday,196,6570.15,M,1,0.307512,1.22357,1805.23,710.42,F
597,1,HappyBirthday,664,15330.5,F,1,0.0110973,18.334,92580.3,160.447,F
597,1,HappyBirthday,710,23360.1,M,1,0.00108973,11.1333,53.2232,0.36679,F
597,1,HappyBirthday,859,3650.95,F,1,0.00231243,0.0157465,0.0009411,0.719655,F
598,1,HappyBirthday,123,19345.1,F,1,0.0188504,0.738797,84549.9,256.774,F
598,1,HappyBirthday,210,14235.4,F,1,0.00355758,1.05654,190675,35.6331,F
598,1,HappyBirthday,362,7665.56,F,1,5.48821e-05,0.530819,1902.09,0.125262,F
598,1,HappyBirthday,749,17520.7,M,1,0.0756572,21.3687,129328,662.96,F
598,1,HappyBirthday,965,2920.02,F,1,0.0304349,1.51138,82.9633,10.6705,F
598,1,HappyBirthday,990,1460.72,M,1,0.635669,5.15225,950.177,1408.05,F
599,1,HappyBirthday,11,1095.89,F,1,0.77781,0.134531,35.7553,474.02,F
599,1,HappyBirthday,1024,365,F,1,0.571379,0.200665,4238.07,1534.51,F
599,1,HappyBirthday,829,3650.13,M,1,0.00283903,1.83091,63.1071,0.96067,F
600,1,HappyBirthday,877,1095.48,F,1,0.00197869,6.15809,12.4042,0.653858,F
601,1,HappyBirthday,490,21535.8,M,1,0.110506,1.28565,65.155,36.9852,F
601,1,HappyBirthday,827,8760.88,F,1,0.0888358,0.688712,65403.4,453.18,F
601,1,Births,1070,0,F,0,0,0.00642781,0,0,F
602,1,HappyBirthday,82,10950,F,1,0.000394654,0.952627,379.09,0.189835,F
602,1,HappyBirthday,213,4015.05,M,1,0.166211,1.89823,69599.1,917.328,F
602,1,HappyBirthday,333,20805.2,F,1,0.0129239,2.93834,12923.5,12.1177,F
602,1,HappyBirthday,1025,365,F,1,0.929161,0.0101878,82.4481,832.844,F
603,1,HappyBirthday,115,10950.6,F,1,0.000591943,0.507029,20405.4,0.402545,F
603,1,HappyBirthday,223,10950.7,M,1,0.00107651,1.51625,92.5846,0.386819,F
603,1,HappyBirthday,820,12045.3,M,1,0.458192,0.111399,8344.36,675.304,F
604,1,HappyBirthday,37,3285.15,F,1,0.00162881,3.38454,20.6836,0.548753,F
604,1,HappyBirthday,495,10220.6,M,1,0.00130966,1.39609,1.38447,0.408918,F
604,1,HappyBirthday,798,3285.93,M,1,0.0381059,3.99777,48900,52.5362,F
605,1,HappyBirthday,51,9490.89,F,1,0.0798506,7.08327,120.386,32.2523,F
605,1,HappyBirthday,671,7665.44,M,1,0.000242107,0.547344,32.9545,0.080736,F
605,1,HappyBirthday,855,21535.7,M,1,0.184713,1.01629,1010.47,112.757,F
606,1,HappyBirthday,372,17156,M,1,0.0953119,0.192826,6832.48,578.15,F
606,1,HappyBirthday,957,13505.3,F,1,0.00263187,11.6357,13.1551,0.83232,F
607,1,HappyBirthday,1026,365,M,1,0.522866,0.614496,950.455,701.52,F
607,1,HappyBirthday,586,18615.6,F,1,0.000454818,0.246012,31.4629,0.154552,F
608,1,HappyBirthday,40,4745.62,F,1,0.000806662,0.612174,103777,5.91422,F
609,1,HappyBirthday,180,30295.6,M,1,0.0444268,0.470036,1229.03,86.2452,F
609,1,HappyBirthday,197,3650.14,F,1,0.00104073,0.048316,6.52078,0.323822,F
609,1,HappyBirthday,534,9490.61,F,1,0.0134798,2.27653,132.45,5.57685,F
609,1,HappyBirthday,629,2190.18,M,1,0.00990595,1.19664,1.60581,3.10293,F
609,1,HappyBirthday,767,1460.42,M,1,0.00290154,0.0564837,8.16134,0.913776,F
610,1,HappyBirthday,5,6935.76,M,1,0.00934512,0.0890451,18780.2,43.7315,F
610,1,HappyBirthday,71,6205.1,F,1,0.483771,0.638221,158.48,237.337,F
610,1,HappyBirthday,437,6205.64,F,1,0.0394799,1.19786,15.7317,13.465,F
611,1,HappyBirthday,885,13870.8,M,1,0.103664,0.241322,63.9985,34.9266,F
612,1,HappyBirthday,357,1095.92,F,1,0.000939502,0.0474978,132055,7.97442,F
612,1,HappyBirthday,714,4380.35,M,1,0.116115,0.183805,436.612,42.4004,F
612,1,HappyBirthday,725,1095.23,F,1,0.529361,0.242477,13614.9,243.911,F
613,1,HappyBirthday,507,7665.37,M,1,0.00816648,3.23031,35263.9,10.7252,F
613,1,HappyBirthday,516,8395.98,F,1,0.00381554,0.442562,3.508,1.18809,F
613,1,HappyBirthday,696,730.666,M,1,0.00120658,0.0683274,1634.99,0.51963,F
613,1,HappyBirthday,758,730.639,M,1,0.0266969,0.333678,121.101,10.9667,F
613,1,HappyBirthday,782,4015.93,M,1,0.00259333,1.55953,83.6651,1.13015,F
613,1,HappyBirthday,787,28105.4,M,1,0.494715,0.180159,656.014,663.345,F
613,1,HappyBirthday,981,6570.23,F,1,0.0494248,0.812969,6625.34,111.392,F
613,1,Births,1071,0,M,0,0,0.0674963,0,0,F
614,1,HappyBirthday,892,9125.71,F,1,9.36795e-05,1.02355,21578,0.594386,F
615,1,HappyBirthday,836,5110.21,F,1,0.598673,0.201729,132.819,293.228,F
616,1,HappyBirthday,336,14235.6,F,1,0.000448156,4.40985,4.55165,0.140345,F
616,1,HappyBirthday,370,2555.81,M,1,0.0688863,0.613185,3881.98,49.1768,F
616,1,HappyBirthday,589,16060,M,1,0.105495,0.2866,46.1795,37.3976,F
617,1,HappyBirthday,305,10220.4,F,1,1.60672e-05,1.99733,55844.6,0.168498,F
617,1,HappyBirthday,639,19710.5,F,1,0.000913228,0.25388,3.88464,0.285107,F
617,1,HappyBirthday,681,3286,F,1,0.405205,0.141563,2406.82,278.704,F
618,1,HappyBirthday,774,10585.6,F,1,0.00179282,0.386681,85.9561,0.625035,F
618,1,HappyBirthday,831,19710.5,F,1,0.134228,27.672,3994.32,49.4019,F
619,1,HappyBirthday,267,20805.9,M,1,0.00290524,0.474918,92.851,1.04261,F
619,1,HappyBirthday,541,1825.41,M,1,0.846135,0.372432,21.8089,622.928,F
620,1,HappyBirthday,1027,365,M,1,0.604863,0.160215,675.363,536.847,F
621,1,HappyBirthday,33,2190.4,F,1,0.0153458,0.309049,96.4246,5.45975,F
621,1,HappyBirthday,847,9125.38,F,1,0.298043,0.0353612,53658.7,1428.85,F
621,1,HappyBirthday,879,11680.1,F,1,0.0622913,1.80347,522.206,20.3901,F
622,1,HappyBirthday,184,7300.11,M,1,0.00056422,3.07912,85.8336,0.245268,F
622,1,HappyBirthday,450,9490,M,1,0.19127,2.11874,3692.49,70.8863,F
622,1,HappyBirthday,654,5475.23,M,1,0.00155594,19.0443,5.99021,0.487447,F
622,1,HappyBirthday,784,16425.6,F,1,0.000121336,17.4058,3171.95,0.191581,F
623,1,HappyBirthday,929,5110.52,M,1,0.208334,1.28765,63984.1,1287.06,F
623,1,HappyBirthday,1028,365,F,1,0.153066,0.276019,107929,1830.3,F
624,1,HappyBirthday,260,1825.47,M,1,0.00101394,7.344,0.00358841,0.315308,F
624,1,HappyBirthday,368,35040.7,F,1,0.000132702,6.29946,0.044393,0.0412434,F
624,1,HappyBirthday,593,21170,M,1,0.000672586,0.963366,19.0362,0.214671,F
624,1,HappyBirthday,757,15330.4,M,1,0.0020057,14.3415,4.40696,0.628601,F
625,1,HappyBirthday,448,6935.13,M,1,0.253415,0.626385,33900.4,564.284,F
625,1,HappyBirthday,482,1460.48,M,1,0.00176459,1.99597,178279,17.8021,F
625,1,HappyBirthday,863,2555.01,F,1,0.159863,0.617015,36570.6,594.142,F
625,1,HappyBirthday,987,2920.85,M,1,0.000439053,1.64676,33614.7,1.22498,F
626,1,HappyBirthday,139,13870.1,M,1,0.000905798,0.102799,49.6931,0.346362,F
626,1,HappyBirthday,327,5475.05,F,1,0.00319597,1.73473,25.9758,1.1251,F
627,1,HappyBirthday,10,25550.2,F,1,0.00187619,0.0334588,0.0149306,0.583836,F
627,1,HappyBirthday,489,5840.41,M,1,0.00448926,1.05384,32.9737,1.61198,F
628,1,HappyBirthday,158,2920.46,F,1,0.000682166,0.130932,0.0889564,0.212435,F
628,1,HappyBirthday,414,13870.8,F,1,0.00127665,0.0991061,15.1714,0.423108,F
629,1,HappyBirthday,447,28105.8,M,1,0.0775157,0.176274,32.4676,26.466,F
629,1,HappyBirthday,971,3285.64,F,1,0.000757349,2.1682,0.0642188,0.235487,F
630,1,HappyBirthday,261,3285.37,F,1,0.00606989,0.27086,42.2423,2.14356,F
630,1,HappyBirthday,773,8030.35,F,1,0.00286658,0.946592,12.5846,0.900172,F
630,1,HappyBirthday,857,8030.98,F,1,0.0164504,0.276488,1.26415,5.1616,F
630,1,HappyBirthday,899,12410.1,M,1,0.276763,0.102929,410.844,102.355,F
631,1,HappyBirthday,150,2555.43,F,1,0.0314203,1.42774,14.9442,10.1754,F
631,1,HappyBirthday,243,12045.2,M,1,0.000358627,0.0293779,141643,3.1123,F
631,1,HappyBirthday,264,6205.07,F,1,0.483419,1.01729,94.0606,225.488,F
631,1,HappyBirthday,510,5840.72,F,1,0.0176257,2.87321,20.7543,6.06236,F
631,1,HappyBirthday,730,2190.81,F,1,0.703197,0.230526,6358.88,442.427,F
631,1,HappyBirthday,935,15330.7,F,1,0.0044266,3.53185,2658.65,1.76089,F
633,1,HappyBirthday,454,27375.9,M,1,0.0581223,0.202561,22.6398,20.5754,F
633,1,HappyBirthday,564,2920.64,F,1,0.000332173,1.70197,109525,2.48788,F
633,1,HappyBirthday,578,730.66,M,1,0.0569044,1.01262,838.104,19.1994,F
633,1,HappyBirthday,846,4380.14,F,1,0.0115819,0.147137,341.713,5.57435,F
634,1,HappyBirthday,70,9855.86,F,1,0.000198524,1.2387,27.3334,0.0676598,F
634,1,HappyBirthday,316,2190.74,M,1,0.1653,0.267657,15955.8,363.555,F
634,1,HappyBirthday,603,16060.2,F,1,0.800734,0.517253,382.703,521.988,F
634,1,HappyBirthday,676,20805.5,F,1,0.23995,3.50151,1934.09,632.044,F
634,1,HappyBirthday,692,4015.51,F,1,0.00232036,10.8933,109.519,0.85565,F
635,1,HappyBirthday,584,10950.7,F,1,0.0889207,3.03815,125.047,34.5467,F
636,1,HappyBirthday,401,4015.19,M,1,0.282878,2.11149,10679.1,140.581,F
637,1,HappyBirthday,277,3650.66,M,1,0.134279,0.766755,460.749,61.6181,F
637,1,HappyBirthday,659,2190.05,M,1,0.000189478,0.809972,2.05205,0.0591074,F
637,1,HappyBirthday,891,2190.58,M,1,0.153902,0.0632097,11252.7,523.003,F
638,1,HappyBirthday,300,22630.7,M,1,0.00611108,0.00889434,0.0924536,1.90516,F
638,1,HappyBirthday,1029,365,M,1,6.26271e-05,0.020467,12.3891,0.0205761,F
638,1,HappyBirthday,345,6205.54,M,1,0.00545314,2.3865,8.75862,1.75411,F
638,1,HappyBirthday,922,9125.37,M,1,0.144646,1.30951,2.47682,48.9683,F
639,1,HappyBirthday,628,1095.45,F,1,0.0123424,0.336242,50.4616,4.19436,F
639,1,HappyBirthday,637,28470.7,M,1,0.00255168,3.08532,54.9785,0.865092,F
639,1,HappyBirthday,646,16425.6,F,1,0.00216372,3.71275,68.4491,0.752206,F
640,1,HappyBirthday,130,4745.22,M,1,0.00429572,20.0348,38.729,1.39237,F
640,1,HappyBirthday,155,9125.35,F,1,0.0207083,1.54013,5161.86,22.4929,F
640,1,HappyBirthday,255,730.062,M,1,7.44287e-05,3.7783,44292.6,0.224486,F
640,1,HappyBirthday,379,3285.24,F,1,0.0224479,7.92691,8036.32,17.7103,F
640,1,Births,1072,0,M,0,0,0.243006,0,0,F
640,1,Births,1073,0,M,0,0,0.00493622,0,0,F
641,1,HappyBirthday,377,22995.3,F,1,0.00301346,0.108949,2.02805,0.944169,F
641,1,HappyBirthday,533,15330.2,M,1,0.605483,0.0519264,474.609,299.754,F
641,1,HappyBirthday,712,8030.57,F,1,0.0027747,0.422568,74.0361,1.05189,F
641,1,HappyBirthday,814,15330,F,1,0.557628,0.998152,11536.6,613.599,F
641,1,Births,1074,0,M,0,0,0.00810532,0,0,F
643,1,HappyBirthday,645,2190.53,M,1,0.177059,2.11995,129.261,75.3363,F
643,1,HappyBirthday,890,4745.08,M,1,0.00891356,0.413451,26.5227,2.95716,F
644,1,HappyBirthday,302,14235.4,F,1,0.0218588,4.55178,36900,82.4163,F
644,1,HappyBirthday,468,6570.5,M,1,0.695694,6.58448,12497.5,600.043,F
644,1,HappyBirthday,966,7665.89,F,1,0.00969249,4.28269,1.13016,3.03235,F
644,1,Births,1075,0,F,0,0,0.70615,0,0,F
645,1,HappyBirthday,13,7300.72,M,1,0.00322236,0.0416521,138.596,1.19917,F
645,1,HappyBirthday,48,2920.78,F,1,2.44313e-05,0.0685224,113053,0.378802,F
645,1,HappyBirthday,554,4380.83,M,1,0.0924346,4.11849,159.646,50.4672,F
645,1,HappyBirthday,936,3285.03,F,1,0.838955,0.86847,14.6376,592.062,F
646,1,HappyBirthday,209,4015.41,F,1,0.00355544,0.726209,1111.36,1.12084,F
646,1,HappyBirthday,299,21170.5,F,1,0.2859,0.69471,9582.74,568.705,F
646,1,HappyBirthday,415,730.919,M,1,0.137485,0.0106629,25.4772,51.6441,F
646,1,HappyBirthday,525,7666,M,1,0.505485,1.12788,24.8152,228.19,F
646,1,HappyBirthday,633,6570.37,M,1,0.200931,4.50172,28.2436,74.6605,F
647,1,HappyBirthday,695,21535.5,M,1,0.223916,6.90143,4788.2,543.397,F
648,1,HappyBirthday,80,32850.4,M,1,0.00447806,9.56125,27.9694,1.45979,F
648,1,HappyBirthday,94,730.529,M,1,0.093193,0.2025,22.3838,31.3746,F
648,1,HappyBirthday,165,29200.6,F,1,0.456314,0.712443,9470.42,454.194,F
648,1,HappyBirthday,175,2920.57,M,1,0.634515,0.622279,25.4852,334.362,F
648,1,HappyBirthday,470,13141,M,1,0.00265509,6.93723,83416.2,17.2277,F
648,1,HappyBirthday,843,5110.46,F,1,0.362144,0.633847,32938.8,965.536,F
648,1,HappyBirthday,927,14235.7,M,1,0.425486,0.670952,6630.4,1481.59,F
648,1,HappyBirthday,997,3285.54,F,1,0.162136,26.9935,1959.77,76.3591,F
648,1,Births,1076,0,M,0,0,0.0223916,0,0,F
649,1,Births,1077,0,M,0,0,0.0792161,0,0,F
650,1,HappyBirthday,54,2190.21,M,1,0.208858,0.145181,33596.5,1794.33,F
650,1,HappyBirthday,441,1460.98,F,1,0.026512,0.0852237,6704.1,148.419,F
651,1,HappyBirthday,1030,365,F,1,6.19065e-05,0.206198,22783.1,0.747558,F
652,1,HappyBirthday,149,10950.8,F,1,0.862563,2.59246,75.2749,673.628,F
652,1,HappyBirthday,684,5475.27,M,1,0.000309395,0.44011,1.87024,0.0971445,F
652,1,HappyBirthday,963,32850.7,F,1,0.00224976,1.90752,112.384,0.932377,F
653,1,HappyBirthday,144,730.711,M,1,0.0191535,4.88345,13214.9,34.844,F
653,1,HappyBirthday,151,2920.45,F,1,0.0047594,0.56227,195532,48.1639,F
653,1,HappyBirthday,258,35040.6,M,1,0.0360656,0.732239,63.3072,15.039,F
653,1,HappyBirthday,353,5840.54,F,1,0.00149762,0.607105,25670.2,1.71335,F
653,1,HappyBirthday,869,730.808,M,1,0.00158244,0.240535,76.3025,0.546111,F
654,1,HappyBirthday,278,20805.1,M,1,0.159483,0.922723,3534.4,582.912,F
654,1,HappyBirthday,411,7665.15,M,1,0.00469438,0.0871317,19.286,1.5763,F
654,1,HappyBirthday,519,33945.2,M,1,0.174243,0.372653,32.074,62.8814,F
654,1,HappyBirthday,775,20440.6,M,1,0.122992,2.34991,52.298,50.6438,F
655,1,HappyBirthday,296,5475.29,F,1,0.00643938,15.2525,27.5744,2.21746,F
655,1,HappyBirthday,717,9490.28,F,1,0.00144557,0.0774198,40.911,0.533139,F
655,1,HappyBirthday,964,6935.87,F,1,0.00805102,12.2079,90.5479,2.65286,F
656,1,HappyBirthday,138,9855.51,M,1,0.0237992,9.26246,659.496,22.1381,F
656,1,HappyBirthday,195,21900.2,M,1,0.000219789,0.451735,17125.6,1.81679,F
656,1,HappyBirthday,804,7665.1,M,1,0.420818,1.70984,70.7221,190.228,F
657,1,HappyBirthday,274,2555.1,M,1,0.138507,0.0983345,155167,1394.77,F
657,1,HappyBirthday,363,20805.6,M,1,0.00073423,0.245346,107641,11.2199,F
657,1,HappyBirthday,522,6570.97,F,1,0.0370101,0.0523632,27.0638,13.2925,F
657,1,HappyBirthday,898,13870.5,F,1,0.000953135,0.962221,347.336,0.458944,F
658,1,HappyBirthday,615,8760.14,F,1,0.00100363,26.6659,46.5949,0.332351,F
658,1,HappyBirthday,783,3286,F,1,0.00125825,4.05252,178680,12.2319,F
658,1,HappyBirthday,989,6205.78,M,1,0.00443188,6.61518,239.711,2.29302,F
659,1,HappyBirthday,230,17885.9,M,1,0.51778,1.04231,9366.95,632.723,F
659,1,HappyBirthday,456,17885.5,F,1,0.00333197,1.17085,5.12091,1.04656,F
659,1,HappyBirthday,544,5475.02,M,1,0.837418,0.864161,216.099,573.643,F
660,1,HappyBirthday,912,15330.9,F,1,0.430884,2.30347,14375.3,799.389,F
661,1,HappyBirthday,894,17520.4,M,1,0.000576417,5.84084,1707.46,0.184423,F
662,1,HappyBirthday,408,15330.7,F,1,0.000274656,2.16757,68.4911,0.0938456,F
663,1,HappyBirthday,858,5840.26,M,1,3.72877e-05,0.244663,118540,0.329727,F
664,1,HappyBirthday,117,12045.8,M,1,0.007099,2.57054,87.1214,2.36229,F
664,1,HappyBirthday,854,17155,M,1,0.00289807,0.120786,6.83734,0.901992,F
665,1,HappyBirthday,1000,7665.82,M,1,0.00624186,0.0124988,2.12925,1.96683,F
665,1,HappyBirthday,604,20805.8,F,1,0.00454167,0.495062,13975.5,7.58417,F
666,1,HappyBirthday,96,3650.51,F,1,0.746132,0.0403832,52.4082,428.418,F
666,1,HappyBirthday,118,7665.36,M,1,0.00291621,0.905455,13.6161,0.92439,F
666,1,HappyBirthday,216,2555.23,F,1,0.000811751,0.291938,4.4007,0.257153,F
666,1,HappyBirthday,241,8030.91,M,1,0.00366891,1.18632,10924.5,1.37559,F
667,1,HappyBirthday,191,8030.89,F,1,0.00373843,0.29216,5600.56,19.0145,F
668,1,HappyBirthday,399,5110.61,F,1,0.125318,2.34769,53724.1,171.102,F
669,1,HappyBirthday,100,16425.6,M,1,4.27855e-05,0.569219,0.864029,0.0133164,F
669,1,HappyBirthday,1031,365,M,1,0,0.00353894,0,0,F
669,1,HappyBirthday,694,5840.45,F,1,0.680208,53.26,351.984,362.22,F
669,1,HappyBirthday,949,14965.1,M,1,0.0945304,0.30197,49.041,33.4543,F
670,1,HappyBirthday,90,4015.04,M,1,0.00253961,3.60938,0.649685,0.790028,F
670,1,HappyBirthday,182,4380.16,F,1,0.0020185,8.43705,5.25427,0.636068,F
671,1,HappyBirthday,567,22265.8,F,1,0.0224738,1.2479,97682.3,162.414,F
671,1,HappyBirthday,1032,365,M,1,0.00152818,0.0273535,48268.8,1.95307,F
671,1,HappyBirthday,799,2555.26,F,1,0.00174583,2.78159,1.12766,0.544768,F
672,1,HappyBirthday,43,3285.71,F,1,0.584602,0.737182,3967.95,938.53,F
672,1,HappyBirthday,86,13870.5,F,1,0.843527,0.787871,23.5618,633.668,F
672,1,HappyBirthday,426,5110.15,F,1,0.503511,1.15835,59.6085,242.025,F
672,1,HappyBirthday,514,731,M,1,0.0937974,0.0300003,1313.22,152.817,F
672,1,HappyBirthday,805,1460.09,M,1,0.481197,0.0267867,1843.56,321.582,F
672,1,HappyBirthday,809,2555.44,M,1,0.321104,0.0667376,18653.9,411.253,F
672,1,HappyBirthday,838,32850.7,F,1,0.0134817,0.820834,23.6053,4.71456,F
672,1,HappyBirthday,993,7300.95,F,1,0.000147083,47.084,7.80809,0.0467969,F
673,1,HappyBirthday,446,10950.6,M,1,0.00224339,3.219,0.797405,0.700047,F
673,1,HappyBirthday,481,1460.36,F,1,0.950883,0.338197,19.4643,947.531,F
673,1,HappyBirthday,492,18250.7,F,1,0.00249736,31.399,19.8712,0.797392,F
674,1,HappyBirthday,762,1460.6,F,1,0.143969,1.12007,14.0964,50.6027,F
675,1,HappyBirthday,844,12045.7,M,1,0.765234,1.5564,19.4652,465.982,F
676,1,HappyBirthday,487,9490.57,M,1,0.790507,0.935979,7619.16,545.83,F
676,1,HappyBirthday,644,11680.2,M,1,0.00431803,0.160684,1362.82,1.42022,F
676,1,Births,1078,0,M,0,0,0.0368942,0,0,F
677,1,HappyBirthday,6,3285.05,F,1,0.00778078,0.986824,20.1214,2.60096,F
677,1,HappyBirthday,28,15330.9,F,1,0.0105516,0.724581,775.581,6.90883,F
677,1,HappyBirthday,106,5475.68,M,1,0.163727,0.722446,14064.2,1164.12,F
678,1,HappyBirthday,20,4015.2,M,1,0.00680164,1.28288,2598.86,3.17208,F
678,1,HappyBirthday,460,3650.2,F,1,0.00432503,0.96365,48.0671,1.60107,F
678,1,HappyBirthday,724,6205.3,M,1,0.000360434,0.45653,22.3253,0.115819,F
678,1,Births,1079,0,F,0,0,0.0638461,0,0,F
679,1,HappyBirthday,202,26280.1,F,1,0.0012891,0.0135164,7.79693,0.405679,F
679,1,HappyBirthday,403,9855.96,F,1,0.414544,0.175602,156.706,184.572,F
679,1,HappyBirthday,566,2190.97,F,1,0.161727,0.107183,3679.95,650.557,F
679,1,HappyBirthday,764,12045.3,F,1,0.159042,0.0889476,5664.49,866.027,F
679,1,HappyBirthday,1033,365,F,1,4.95734e-06,2.07858,10340.1,0.0175722,F
680,1,HappyBirthday,101,2190.16,F,1,0.524518,0.166733,13.6919,231.176,F
681,1,HappyBirthday,30,4381,M,1,0.018773,6.03439,4272.69,36.8819,F
681,1,HappyBirthday,276,1825.48,F,1,0.0431492,0.0648901,18.5157,14.2903,F
681,1,HappyBirthday,674,4745.58,M,1,0.00272733,1.20948,3.14454,0.849315,F
681,1,HappyBirthday,736,10585.4,M,1,0.055589,0.79815,5855.42,41.3582,F
681,1,HappyBirthday,873,21170.1,M,1,0.197136,1.26408,1816.3,228.898,F
682,1,HappyBirthday,58,12776,M,1,0.000174164,1.29804,12.7001,0.0572044,F
682,1,HappyBirthday,1034,365,M,1,0.0433769,0.160977,41.6145,15.142,F
683,1,HappyBirthday,292,1825.5,F,1,0.00223621,0.995933,0.028643,0.696183,F
684,1,HappyBirthday,19,20440.2,M,1,0.495323,0.5436,852.933,976.405,F
685,1,HappyBirthday,315,11315.2,M,1,0.00177928,1.34835,96.6472,0.626615,F
685,1,HappyBirthday,346,24090.4,M,1,0.00190428,0.259303,0.891086,0.593185,F
685,1,HappyBirthday,587,1460.11,M,1,0.259399,1.68415,37933.4,1871.63,F
685,1,HappyBirthday,678,1095.61,F,1,0.000260819,2.31612,4237.01,0.495567,F
685,1,HappyBirthday,926,31390.5,F,1,0.177555,0.312483,69211.4,1393.1,F
686,1,HappyBirthday,284,12775.6,F,1,0.0454138,0.324596,24194.6,123.056,F
687,1,HappyBirthday,44,17156,F,1,0.585535,0.609141,2030.01,330.431,F
687,1,HappyBirthday,89,1460.09,M,1,0.0946006,0.80719,80408.1,747.085,F
687,1,HappyBirthday,214,2190.02,M,1,0.0822329,1.87721,78560.9,252.601,F
687,1,HappyBirthday,732,1460.9,F,1,0.27446,5.1682,7983.58,112.542,F
687,1,HappyBirthday,823,1460.56,F,1,0.606875,1.25579,5623.29,794.701,F
687,1,Births,1080,0,F,0,0,0.0497548,0,0,F
688,1,HappyBirthday,503,2920.92,F,1,0.594486,1.59423,49.0737,347.215,F
688,1,HappyBirthday,591,8395.14,M,1,0.0553692,1.45828,246.642,30.1337,F
688,1,HappyBirthday,721,5475.81,M,1,0.00175491,0.893973,65.2999,0.636419,F
689,1,HappyBirthday,154,17155.4,M,1,0.00149236,31.1373,1399.69,1.36657,F
689,1,HappyBirthday,392,35405.6,F,1,0.000433205,0.40185,39.2262,0.159822,F
690,1,HappyBirthday,238,730.237,F,1,3.2937e-05,0.0747627,109650,0.509526,F
690,1,HappyBirthday,742,12045.2,F,1,0.00504056,1.00696,3.55598,1.57796,F
690,1,HappyBirthday,988,2555.91,M,1,1.63582e-05,0.0163679,87683.5,0.221838,F
690,1,Births,1081,0,F,0,0,0.0497583,0,0,F
691,1,HappyBirthday,110,17521,M,1,0.00020411,1.07462,101.136,0.0734356,F
692,1,HappyBirthday,473,29930.4,F,1,0.00859578,0.452885,24.0517,2.80102,F
692,1,HappyBirthday,620,3650.57,F,1,0.0480675,0.368953,30.8415,17.4582,F
692,1,HappyBirthday,703,21170,M,1,0.166703,2.12424,43914.8,1661.23,F
692,1,HappyBirthday,751,1460.67,F,1,0.0956517,0.102607,39.2436,34.7653,F
693,1,HappyBirthday,50,6935.12,F,1,0.0323529,0.0428585,74322.5,74.4917,F
693,1,HappyBirthday,502,3650.12,F,1,0.00297325,0.0805582,110.664,1.19276,F
693,1,HappyBirthday,556,730.411,M,1,0.00409285,0.0352291,475.924,2.11088,F
694,1,HappyBirthday,9,2920.07,F,1,0.327367,0.618701,1912.89,369.799,F
694,1,HappyBirthday,47,1825.82,F,1,0.0069468,0.0188224,173.676,2.79886,F
695,1,HappyBirthday,612,31025.2,M,1,0.446208,0.667963,2.43309,183.727,F
695,1,HappyBirthday,648,13140.7,M,1,0.427615,0.879121,52.4182,207.283,F
695,1,HappyBirthday,930,6570.3,F,1,0.00569266,0.212085,124.424,2.04891,F
696,1,HappyBirthday,3,2190.02,M,1,0.00104813,4.05937,82.8812,0.371071,F
696,1,HappyBirthday,632,32850.1,F,1,1.50976e-06,0.0166168,36455,0.0034198,F
696,1,HappyBirthday,680,730.795,F,1,0.0468418,0.276366,1673.83,17.4251,F
696,1,HappyBirthday,800,10950.4,F,1,0.00216098,0.351059,23.6149,0.693128,F
696,1,HappyBirthday,992,2920.5,M,1,0.000792909,0.0385844,36.1425,0.259085,F
697,1,HappyBirthday,529,5110.31,F,1,0.00135183,5.48812,0.36315,0.420988,F
697,1,HappyBirthday,607,12045,F,1,0.623608,2.31343,889.887,506.165,F
697,1,HappyBirthday,895,4015.77,M,1,0.00283935,1.85614,60.6743,1.08093,F
697,1,HappyBirthday,938,2555.77,M,1,0.00156411,0.129276,7.20432,0.504037,F
699,1,HappyBirthday,269,9125.54,F,1,0.0816022,0.600207,6802.6,28.2345,F
699,1,HappyBirthday,528,6570.27,F,1,0.00156884,0.349884,59.2449,0.578621,F
699,1,HappyBirthday,665,6205.85,F,1,0.000659148,6.1465,36.37,0.227117,F
700,1,HappyBirthday,186,5475.61,M,1,0.000115425,1.71095,88298.7,1.57087,F
700,1,HappyBirthday,236,4380.29,M,1,0.597641,0.0630902,2043.99,320.638,F
700,1,HappyBirthday,356,4380.76,F,1,0.368436,0.330677,88.2741,164.506,F
700,1,HappyBirthday,463,4015.2,F,1,0.0095756,1.08057,159.133,3.58175,F
700,1,HappyBirthday,673,4745.47,F,1,0.0239246,0.297974,3457.29,12.2881,F
700,1,HappyBirthday,978,6935.87,F,1,0.00785387,0.931188,56.7038,2.65006,F
701,1,HappyBirthday,189,12776,M,1,0.00125771,0.405637,6.2352,0.40364,F
702,1,HappyBirthday,382,5110.44,M,1,0.647193,1.10422,94.5132,333.481,F
702,1,HappyBirthday,720,17521,F,1,0.00672002,0.46127,21.1707,2.1721,F
702,1,HappyBirthday,952,1825.21,M,1,0.27872,0.393012,24572.2,221.59,F
703,1,HappyBirthday,36,5110.77,M,1,0.0258816,0.101834,73828,317.994,F
703,1,HappyBirthday,81,21170.2,M,1,0.000247431,4.95453,20.9297,0.079618,F
703,1,HappyBirthday,442,2555.66,F,1,0.604506,0.727813,3525.11,383.221,F
703,1,HappyBirthday,739,2190.78,M,1,0.504035,0.292886,25008.6,718.871,F
703,1,HappyBirthday,755,29930.6,M,1,0.0448287,0.0565291,20.0415,14.8428,F
703,1,HappyBirthday,830,13870,F,1,0.0191342,11.693,44.9801,6.46727,F
704,1,HappyBirthday,95,6205.97,M,1,0.0661578,1.73189,3141.97,21.5823,F
704,1,HappyBirthday,161,1095.01,F,1,0.882019,1.04874,9941.39,786.3,F
704,1,HappyBirthday,193,7665.55,M,1,0.271764,2.99881,4005.97,487.288,F
704,1,HappyBirthday,275,22995.7,F,1,0.00616364,0.306086,275.089,2.03109,F
704,1,HappyBirthday,287,27010.6,F,1,0.25208,0.640802,25.6234,98.9352,F
704,1,HappyBirthday,862,17520.4,F,1,0.00101294,0.424997,12.8022,0.332873,F
705,1,HappyBirthday,208,2555.69,M,1,0.00217878,0.141658,2.46699,0.685237,F
705,1,HappyBirthday,864,14965.6,M,1,0.0888864,1.75032,3491.98,35.521,F
706,1,HappyBirthday,511,12410.3,M,1,0.218277,0.12785,19466,471.385,F
707,1,HappyBirthday,16,2190.67,M,1,0.0138851,0.305722,83.4371,5.55498,F
707,1,HappyBirthday,491,15695.9,F,1,0.263162,0.192498,15.9052,97.4161,F
707,1,Births,1082,0,F,0,0,0.111503,0,0,F
708,1,HappyBirthday,78,8030.68,F,1,0.693252,0.111878,526.028,686.389,F
708,1,HappyBirthday,120,730.763,M,1,0.254739,0.106941,8603.77,1392.65,F
708,1,HappyBirthday,298,730.404,M,1,0.00252796,0.338415,181.434,1.00323,F
708,1,HappyBirthday,329,10220.6,F,1,0.00124215,0.316755,134.114,0.461213,F
708,1,HappyBirthday,405,2190.27,M,1,0.168096,0.0599899,269.144,59.6997,F
708,1,HappyBirthday,777,6570.49,M,1,0.246924,15.9918,37.1864,102.189,F
708,1,HappyBirthday,959,4015.96,M,1,0.115188,19.5243,2234.54,76.1666,F
708,1,Births,1083,0,F,0,0,0.0377563,0,0,F
709,1,HappyBirthday,802,730.168,F,1,0.442219,0.368695,21653.8,1165.75,F
709,1,HappyBirthday,886,1095.74,M,1,0.380524,0.104364,22926.3,477.812,F
709,1,HappyBirthday,980,3285.57,F,1,0.342835,11.1715,25875.9,1212.12,F
710,1,HappyBirthday,1035,365,M,1,0.0576138,0.0150611,80707.3,745.877,F
710,1,HappyBirthday,539,13870.9,F,1,0.949417,0.0961058,158.754,979.533,F
710,1,HappyBirthday,590,24090.7,M,1,3.3539e-06,1.30081,107977,0.0331644,F
711,1,HappyBirthday,596,20075.3,F,1,0.00963499,0.151435,78.4435,3.24941,F
711,1,HappyBirthday,679,4015.37,F,1,7.02686e-05,1.34662,192403,0.695848,F
712,1,HappyBirthday,407,18250.9,F,1,0.0322984,0.799347,52.4821,11.9962,F
714,1,HappyBirthday,22,23360.7,F,1,0.000456599,1.03401,20.3564,0.149892,F
714,1,HappyBirthday,354,7300.35,F,1,0.0153401,0.372654,515.697,13.816,F
714,1,HappyBirthday,970,7300.55,M,1,0.143435,0.322242,43.6351,58.5633,F
715,1,HappyBirthday,335,1095.3,M,1,0.411837,0.0578206,740.617,534.445,F
716,1,HappyBirthday,413,4380.61,F,1,0.0164195,0.68667,526.053,7.49958,F
716,1,HappyBirthday,417,6935.05,M,1,0.00845682,0.10721,6.41483,2.71983,F
716,1,HappyBirthday,969,9125.74,M,1,0.00239073,0.615674,241.604,1.01612,F
716,1,Births,1084,0,F,0,0,0.0211931,0,0,F
717,1,HappyBirthday,438,4745.04,M,1,0.130398,3.91767,510.716,60.3868,F
717,1,HappyBirthday,709,10950.8,F,1,0.610672,3.42331,1263.75,441.238,F
718,1,HappyBirthday,142,13870.3,M,1,0.00016785,9.93177,17.015,0.0561536,F
718,1,HappyBirthday,263,21170.3,F,1,0.260528,1.87794,71421.3,1684.78,F
718,1,HappyBirthday,557,29565.5,M,1,0.00402203,2.88083,36.2323,1.27884,F
718,1,HappyBirthday,931,6935.08,M,1,0.00451757,0.128035,129688,45.0168,F
719,1,HappyBirthday,772,3650.85,F,1,0.0108949,0.0959821,0.253293,3.40471,F
719,1,HappyBirthday,897,20075.9,F,1,0.00227747,9.92545,167985,21.6325,F
719,1,HappyBirthday,944,16425.4,M,1,0.0365376,5.61218,866.843,25.8947,F
720,1,HappyBirthday,159,20075.1,F,1,0.509826,7.52764,4529.05,457.071,F
720,1,HappyBirthday,427,3285.43,F,1,9.56105e-05,1.29522,69255.2,1.13135,F
720,1,HappyBirthday,722,23360.9,F,1,0.476193,0.0203575,37.1092,238.29,F
720,1,Births,1085,0,F,0,0,0.0482314,0,0,F
722,1,HappyBirthday,41,3285.64,F,1,0.514667,0.0111256,14928.4,550.959,F
722,1,HappyBirthday,431,7665.94,F,1,0.0467257,21.6337,137.602,18.5115,F
722,1,HappyBirthday,504,2190.46,F,1,0.0016748,0.0523668,77.6106,0.703122,F
722,1,HappyBirthday,651,1095.24,F,1,0.232191,3.54761,1.9609,82.2871,F
725,1,HappyBirthday,765,12045.7,F,1,0.0448452,0.269956,546.359,41.5056,F
725,1,HappyBirthday,832,1095.77,F,1,0.000616149,0.153737,185.792,0.251214,F
725,1,HappyBirthday,909,16790.7,M,1,0.0195499,0.477611,4725.61,20.5657,F
726,1,HappyBirthday,1036,365,F,1,0.354788,0.0528402,1447.84,146.159,F
727,1,HappyBirthday,226,14965.5,M,1,0.000254794,0.989687,48293.3,0.349667,F
727,1,HappyBirthday,400,2555.56,M,1,0.0136554,0.0122603,211.238,5.55684,F
728,1,HappyBirthday,750,730.652,F,1,0.0118887,0.0682938,2724.91,4.00663,F
729,1,HappyBirthday,583,1095.65,F,1,0.281618,0.0215386,4250.94,151.881,F
729,1,HappyBirthday,729,1825.85,M,1,0.258575,0.0236207,126.054,116.648,F
729,1,HappyBirthday,985,13140.2,M,1,0.00489271,7.43113,2.23987,1.53888,F
730,1,HappyBirthday,220,16425.7,M,1,0.00143903,0.564605,107897,22.0205,F
730,1,HappyBirthday,933,26280.9,F,1,0.249052,0.643458,191.169,117.471,F
730,1,Births,1086,0,M,0,0,0.324159,0,0,F
730,1,Births,1087,0,F,0,0,0.670268,0,0,F
731,1,HappyBirthday,937,12045.9,M,1,0.00678436,4.86106,137.426,2.48633,F
731,1,HappyBirthday,954,14600.9,F,1,0.00449856,6.05157,97.4327,1.70441,F
733,1,HappyBirthday,114,1095.29,F,1,0.338109,1.03527,16117.5,323.963,F
733,1,HappyBirthday,240,1825.85,M,1,0.0181279,0.387681,91.3637,5.68924,F
733,1,HappyBirthday,289,1825.17,F,1,0.0113499,24.6414,15215,11.122,F
733,1,HappyBirthday,976,4380.38,M,1,0.0188769,0.220936,225.54,7.85464,F
734,1,HappyBirthday,1002,730,F,1,0.672633,0.0759104,968.748,489.677,F
734,1,HappyBirthday,634,27010.3,M,1,0.805801,0.116624,300.412,644.628,F
734,1,HappyBirthday,786,3650.15,M,1,0.59406,0.353746,5058.29,579.104,F
734,1,HappyBirthday,1037,365,M,1,0.000637801,0.103627,145.205,0.304997,F
735,1,HappyBirthday,64,13140.6,M,1,0.00584149,0.025381,0.895988,1.82133,F
735,1,HappyBirthday,610,27010.2,M,1,0.00261625,0.0627085,16.3278,0.87328,F
735,1,HappyBirthday,893,10220.6,M,1,0.782514,1.39302,44.9953,574.744,F
735,1,HappyBirthday,920,1460.32,F,1,0.0279949,0.602574,75827,174.486,F
736,1,HappyBirthday,459,7665.6,F,1,0.000615589,0.350161,294.978,0.274462,F
736,1,HappyBirthday,689,2190.4,F,1,0.363203,0.262693,32.8405,142.166,F
736,1,HappyBirthday,778,2555.45,M,1,0.00113095,1.0186,12.4527,0.373858,F
736,1,HappyBirthday,977,3285.94,M,1,0.62176,0.329609,33.095,350.351,F
737,1,HappyBirthday,458,13505.6,M,1,0.0309051,1.84641,1.43769,9.82456,F
737,1,HappyBirthday,553,26645.1,F,1,0.87005,0.493743,25.5093,658.465,F
737,1,HappyBirthday,754,9855.64,M,1,0.165831,6.39247,59.5201,68.4845,F
738,1,HappyBirthday,190,9125.46,M,1,0.258667,1.41229,5686.28,1362.13,F
738,1,HappyBirthday,903,30660.8,M,1,0.533639,0.488772,604.777,266.12,F
739,1,HappyBirthday,68,3650.5,F,1,0.0240174,0.324315,43.5918,7.84617,F
739,1,HappyBirthday,367,18615.4,F,1,0.00342436,0.140065,12716.8,30.0796,F
739,1,HappyBirthday,948,4015.26,M,1,0.000146579,4.01926,174272,1.40108,F
740,1,HappyBirthday,1003,730,M,1,0.00613665,2.52707,13323.4,7.41685,F
741,1,HappyBirthday,104,1460.84,M,1,0.268853,0.71345,47.0724,111.967,F
741,1,HappyBirthday,247,1095.74,M,1,0.105969,0.0534851,4873.71,73.2886,F
741,1,HappyBirthday,387,23360.3,F,1,0.0896827,3.54242,136.418,35.1232,F
741,1,HappyBirthday,597,8395.86,M,1,0.192672,0.325179,67.0179,84.6684,F
742,1,HappyBirthday,57,7665.85,F,1,0.00340757,0.228891,0.0492716,1.06078,F
743,1,HappyBirthday,366,1825.37,F,1,0.00871393,0.611668,34.4404,3.1165,F
743,1,HappyBirthday,643,5110.21,M,0,0,0.00564054,0,0,F
743,1,HappyBirthday,812,13870.8,M,1,0.135128,1.26539,2302.67,46.6869,F
743,1,HappyBirthday,819,16060.2,F,1,0.00567291,0.468957,73.8444,2.26573,F
744,1,HappyBirthday,91,4015.68,F,1,0.00243151,4.81012,41.9061,0.796178,F
744,1,HappyBirthday,254,7300.76,M,1,0.0024702,4.54248,9.91982,0.769897,F
744,1,HappyBirthday,476,5110.8,F,1,0.613583,0.571638,2833.47,356.046,F
744,1,Births,1088,0,M,0,0,0.336127,0,0,F
745,1,HappyBirthday,136,3650.55,F,1,0.0550544,0.182338,50.7981,20.6523,F
746,1,HappyBirthday,538,13140.7,M,1,0.000387981,1.65382,0.920475,0.121226,F
747,1,HappyBirthday,339,19710.2,F,1,0.00139068,0.0348634,0.0897664,0.432719,F
747,1,HappyBirthday,402,3285.04,F,1,0.000118078,4.94437,47.5029,0.0432082,F
748,1,HappyBirthday,436,9490.32,F,1,0.0794329,0.916372,195.381,32.6573,F
748,1,HappyBirthday,915,2920.13,F,1,0.418052,0.784494,5701.03,856.417,F
749,1,HappyBirthday,288,1460.49,F,1,0.00375987,0.0739221,121.235,1.37775,F
750,1,HappyBirthday,38,32485,F,1,0.00107347,1.33259,81.8904,0.374438,F
750,1,HappyBirthday,1038,365,M,1,0.184021,0.193881,12668,1246.43,F
751,1,HappyBirthday,79,18980.7,F,1,0.000161835,0.710741,14909.7,1.58747,F
751,1,HappyBirthday,668,6935.06,M,1,0.00651695,0.250774,101.691,2.41376,F
751,1,HappyBirthday,702,4380.51,M,1,0.0337631,2.27861,131.197,11.1881,F
752,1,HappyBirthday,217,1095.57,F,1,0.0319168,1.17336,162698,299.69,F
752,1,HappyBirthday,1039,365,F,1,0.266797,0.233372,9.12752,97.9579,F
752,1,HappyBirthday,815,1460.19,M,1,0.00274276,0.0373435,32661.4,7.73792,F
752,1,HappyBirthday,904,3650.02,F,1,0.0013034,1.89421,95.1906,0.471325,F
753,1,HappyBirthday,576,24090.7,F,1,0.00114117,0.0480104,14.9123,0.381468,F
753,1,HappyBirthday,794,2190.33,M,1,0.0374924,0.0772592,2.31567,11.9248,F
753,1,HappyBirthday,817,7300.74,F,1,0.0248356,2.41931,16.9542,8.12593,F
753,1,HappyBirthday,983,4745.53,F,1,0.272099,0.216143,18222.7,1658.32,F
754,1,HappyBirthday,246,10585.6,M,1,0.000176709,0.449652,76105.8,2.14738,F
754,1,HappyBirthday,543,17520.7,F,1,0.00161207,0.153034,25299.1,1.83545,F
754,1,HappyBirthday,947,1096,M,1,0.595798,0.555543,67.6093,311.875,F
755,1,HappyBirthday,796,20075.2,M,1,0.139331,1.36399,1572.2,47.2642,F
755,1,HappyBirthday,932,12775.7,F,1,0.000500883,31.3586,54793.8,0.859609,F
755,1,HappyBirthday,945,3650.8,M,1,0.00217504,0.194573,96.2218,0.863813,F
756,1,HappyBirthday,998,13140.3,F,1,0.138938,0.764472,39101.1,185.863,F
756,1,HappyBirthday,601,36135.8,M,1,0.0378345,0.725575,153.557,12.0087,F
756,1,HappyBirthday,1004,730,F,1,0.0149573,0.108035,7.8621,4.86887,F
757,1,HappyBirthday,515,5475.96,M,1,0.00165208,0.899449,206.121,0.907664,F
757,1,HappyBirthday,733,7665.46,M,1,0.00132591,0.725123,0.753076,0.412303,F
757,1,HappyBirthday,1005,730,F,1,0.0213154,0.190822,206.371,8.84518,F
758,1,HappyBirthday,59,2920.47,F,1,0.830891,0.0438267,14.9242,552.668,F
758,1,HappyBirthday,272,28835.7,F,1,0.247161,1.69459,322.168,114.131,F
758,1,HappyBirthday,1040,365,M,1,0.0484252,0.27105,93.6452,18.1083,F
758,1,HappyBirthday,905,34675.3,F,1,0.00128573,5.37985,75.2045,0.457513,F
759,1,HappyBirthday,125,9490.09,M,1,0.757535,2.14531,3102.45,1129.48,F
759,1,HappyBirthday,1006,730,M,1,0.00394933,0.0164436,0.31915,1.22947,F
760,1,HappyBirthday,512,12410.5,F,1,0.00702933,0.731853,33.0407,2.55667,F
760,1,HappyBirthday,638,6205.95,M,1,0.428811,3.89133,172.431,206.463,F
760,1,HappyBirthday,818,6570.58,F,1,0.298545,2.04412,1915.61,260.967,F
760,1,Births,1089,0,F,0,0,0.00491407,0,0,F
761,1,HappyBirthday,163,20805.4,M,1,0.00148609,1.18129,44.7335,0.491447,F
761,1,HappyBirthday,699,22995.4,M,1,0.000605342,0.0357616,1.95348,0.188521,F
762,1,HappyBirthday,170,22995.8,M,1,0.226059,1.23344,5349.72,1218.81,F
762,1,HappyBirthday,279,13140.1,M,1,0.0655168,0.556657,306.373,30.6065,F
762,1,HappyBirthday,881,1460.73,F,1,0.00848319,0.83212,141.24,3.17396,F
762,1,HappyBirthday,908,1460.49,M,1,0.000736871,0.0257856,4.99412,0.231565,F
763,1,HappyBirthday,2,17520.5,M,1,0.770548,0.221124,487.822,1302.44,F
763,1,HappyBirthday,1041,365,F,1,6.60327e-06,6.92036,1352.74,0.00576766,F
763,1,HappyBirthday,625,25550.3,M,1,0.850392,12.7141,144.972,733.635,F
763,1,HappyBirthday,780,5110.9,M,1,0.00370089,0.0823352,12.1265,1.19287,F
763,1,HappyBirthday,860,10220.5,M,1,0.0157879,0.647306,84.0828,6.00166,F
764,1,HappyBirthday,338,1460.43,M,1,0.0511339,0.332343,2.32389,16.361,F
765,1,HappyBirthday,318,7665.88,F,1,0.134487,6.61194,40.4919,47.7499,F
766,1,HappyBirthday,320,10950.1,M,1,0.0706399,1.10344,894.077,101.955,F
766,1,HappyBirthday,374,2920.08,F,1,5.09031e-05,0.0459562,15.5789,0.0169159,F
766,1,HappyBirthday,711,1460.38,M,1,0.00946952,0.569937,18001.5,101.785,F
767,1,HappyBirthday,789,8395.24,F,1,0.00144975,0.207316,2.71704,0.453009,F
767,1,HappyBirthday,1007,730,M,1,0.198427,0.436389,259.138,94.241,F
767,1,HappyBirthday,848,5475.67,M,1,0.348449,0.151282,46.8621,141.502,F
768,1,HappyBirthday,119,13505.5,F,1,0.255393,1.10989,250.07,131.245,F
768,1,HappyBirthday,306,13505.4,F,1,0.0544966,0.972136,16.4894,18.661,F
768,1,HappyBirthday,398,8395.92,F,1,0.0399514,6.48417,6500.43,15.3966,F
769,1,HappyBirthday,67,10585.1,M,1,0.856731,0.301421,12.9799,613.402,F
769,1,HappyBirthday,73,1460.66,F,1,3.60479e-06,0.0900543,12188.7,0.0308625,F
769,1,HappyBirthday,616,7300.1,F,1,0.15108,2.59478,74277.7,1572.65,F
769,1,HappyBirthday,961,1095.35,M,1,0.00497143,6.39645,109.367,1.94534,F
770,1,HappyBirthday,122,5840.27,M,1,0.0110901,0.908663,2230.9,28.6599,F
770,1,HappyBirthday,1042,365,M,1,0.1381,0.188191,41591.3,324.936,F
770,1,HappyBirthday,250,13505.4,M,1,0.0803374,1.74654,5.16884,26.5553,F
770,1,HappyBirthday,390,24455.9,M,1,0.418756,0.251547,36.2692,173.134,F
770,1,HappyBirthday,660,1460.48,M,1,0.000246743,0.380466,19612.6,0.580374,F
770,1,HappyBirthday,731,2555.42,M,1,0.325224,0.818185,1027.41,158.197,F
771,1,HappyBirthday,39,14965.6,F,1,0.0163025,0.732777,37260.7,168.282,F
771,1,HappyBirthday,148,17885.7,F,1,0.19708,1.02562,95352.9,1330.27,F
771,1,HappyBirthday,483,7300.89,F,1,0.00088074,0.220577,63.4587,0.338624,F
772,1,HappyBirthday,76,10586,M,1,0.001068,2.59927,5.19224,0.334496,F
772,1,HappyBirthday,558,9855.6,F,1,0.139659,3.32566,1.31348,46.778,F
772,1,HappyBirthday,669,15695.3,F,1,0.00525576,3.84135,24.8442,1.77299,F
773,1,HappyBirthday,565,1095.26,M,1,0.443634,0.207811,182.63,200.261,F
773,1,HappyBirthday,768,6570.45,M,1,0.000744133,2.54619,99.6602,0.269754,F
773,1,HappyBirthday,769,15695.1,M,1,0.155945,0.68114,4806.75,316.491,F
774,1,HappyBirthday,550,8030.38,M,1,0.000343726,0.154558,24.1622,0.110494,F
774,1,HappyBirthday,588,8030.75,M,1,0.0360525,5.07604,4.87273,11.6913,F
774,1,HappyBirthday,880,3650.71,F,1,9.08473e-05,0.156626,0.481956,0.0282728,F
774,1,HappyBirthday,1043,365,F,1,0.00295071,0.0569976,4287.49,5.79229,F
775,1,HappyBirthday,75,14600.9,M,1,0.455076,1.02768,18208.4,525.52,F
775,1,HappyBirthday,204,4745.55,F,1,0.00203537,0.543105,2.11575,0.635606,F
775,1,HappyBirthday,457,9490.02,F,1,0.843563,0.172218,13.7581,581.637,F
775,1,HappyBirthday,636,14600.6,F,1,0.00721044,0.739329,77.9171,2.51536,F
775,1,HappyBirthday,840,9490.15,M,1,0.771675,3.44752,128.649,554.167,F
775,1,HappyBirthday,995,14965.9,M,1,0.0180073,0.243228,2511.6,35.9888,F
776,1,HappyBirthday,72,5475.34,F,1,0.0697051,0.865412,361.602,30.3384,F
776,1,HappyBirthday,249,13505.4,F,1,0.0062339,0.080708,132.175,2.38653,F
776,1,HappyBirthday,526,2190.94,M,1,9.94951e-06,4.56199,7071.11,0.0522821,F
776,1,HappyBirthday,950,6935.2,M,1,0.039966,70.9197,7.79767,12.7008,F
777,1,HappyBirthday,134,4015.7,M,1,0.000547886,1.68873,2.07437,0.170311,F
777,1,HappyBirthday,285,4745.07,M,1,0.0437944,0.564881,18439.3,46.1227,F
777,1,HappyBirthday,328,9125.42,M,1,0.643359,1.14882,2515.82,1270.57,F
777,1,HappyBirthday,934,1095.16,F,1,0.29108,1.12588,4094.86,1320.39,F
777,1,HappyBirthday,1044,365,F,1,0.0234741,0.0402601,93.6444,10.6076,F
778,1,HappyBirthday,26,6570.79,F,1,0.0465418,1.68563,106258,729.471,F
778,1,HappyBirthday,45,15330.1,M,1,0.218778,2.18456,232.695,105.344,F
778,1,HappyBirthday,99,4015.56,M,1,0.0888556,2.72373,29235.7,66.7456,F
778,1,HappyBirthday,523,3285.24,F,1,0.140142,3.13126,324.576,68.5471,F
778,1,HappyBirthday,548,4015.63,M,1,0.251929,2.79737,12237.8,535.262,F
778,1,HappyBirthday,719,3650.9,F,1,0.00168059,0.330905,1.01076,0.52284,F
778,1,HappyBirthday,1045,365,M,1,0.0287315,1.94859,29434,38.2577,F
778,1,HappyBirthday,918,12775.1,F,1,0.243703,2.43398,2571.17,749.228,F
779,1,HappyBirthday,61,15330.5,F,1,0.00123069,22.7503,16966.8,12.898,F
779,1,HappyBirthday,461,12410,M,1,0.00103434,0.84723,0.341281,0.322108,F
779,1,HappyBirthday,635,18980.1,M,1,0.00463597,1.83293,15.4577,1.5422,F
780,1,HappyBirthday,23,6935.02,F,1,0.18785,13.2166,853.278,89.6378,F
782,1,HappyBirthday,355,17885.4,F,1,0.000511611,1.79015,66545.5,3.27647,F
782,1,HappyBirthday,381,20440.6,F,1,0.00145724,0.710209,344.439,0.740773,F
782,1,HappyBirthday,1008,730,F,1,0.000466394,0.0332887,4.44859,0.144967,F
782,1,Births,1090,0,M,0,0,0.00840088,0,0,F
783,1,HappyBirthday,97,3650.96,F,1,0.0931626,0.0339372,1128.03,35.9759,F
783,1,HappyBirthday,201,1095.97,F,1,0.0754459,1.16717,2554.95,93.7309,F
783,1,HappyBirthday,451,1825.92,M,1,0.176234,2.97213,32356,763.114,F
783,1,HappyBirthday,594,2555.45,M,1,0.0221526,9.52784,18.8176,7.18624,F
783,1,HappyBirthday,641,9490.67,F,1,0.0751501,0.121305,108.638,32.0783,F
784,1,HappyBirthday,253,4380.18,M,1,0.221942,1.46856,3462.42,101.923,F
784,1,HappyBirthday,600,9490.94,F,1,0.0659732,0.230123,6.64736,21.4593,F
784,1,HappyBirthday,1009,730,M,1,0.0580857,0.178979,281.6,25.934,F
784,1,HappyBirthday,841,12045.7,F,1,0.759462,1.13874,8704.58,595.993,F
785,1,HappyBirthday,479,2555.94,F,1,0.195157,0.186304,144.84,80.5881,F
785,1,HappyBirthday,517,13140.1,M,1,0.179892,0.126508,16501.7,1253.36,F
785,1,Births,1091,0,M,0,0,0.0105983,0,0,F
786,1,HappyBirthday,52,5475.89,F,1,0.159287,0.0764891,15767.6,310.689,F
786,1,HappyBirthday,1046,365,M,1,8.71836e-06,0.00932821,2.24541,0.0027237,F
786,1,HappyBirthday,478,3285.62,M,1,0.50211,0.460575,8136.69,283.765,F
786,1,HappyBirthday,506,3285.39,M,1,0.00284143,0.128648,10.5492,0.921122,F
786,1,HappyBirthday,524,11680.2,F,1,0.586713,6.34867,304.513,288.787,F
787,1,HappyBirthday,388,9490.36,M,1,0.000300142,0.0354499,131.043,0.138889,F
787,1,HappyBirthday,623,7300.73,M,1,0.777421,2.5854,1941.29,519.339,F
787,1,HappyBirthday,627,14965.4,F,1,0.00125977,0.326927,53562.7,1.58009,F
787,1,HappyBirthday,728,2190.03,F,1,0.0350283,0.0976211,911.599,46.8534,F
787,1,HappyBirthday,748,1095.8,M,1,0.00549504,0.72351,67.4286,2.2639,F
788,1,Births,1092,0,M,0,0,0.613999,0,0,F
789,1,HappyBirthday,1047,365,F,1,0.672879,7.92471,517.187,1189.03,F
789,1,HappyBirthday,87,1825.47,F,1,0.00248354,0.0315684,105.196,0.885865,F
789,1,HappyBirthday,348,1095.5,F,0,0,0.0482183,0,0,F
789,1,HappyBirthday,790,2920.85,M,1,0.139962,0.604196,164.977,58.4287,F
790,1,HappyBirthday,422,30295.3,M,1,0.000148694,0.102022,5.10611,0.0463172,F
790,1,HappyBirthday,677,11680.2,F,1,0.0634802,1.55792,89.0052,23.2089,F
790,1,HappyBirthday,906,6570.9,M,1,0.00202424,0.675974,57.7024,0.790222,F
791,1,HappyBirthday,410,14235.1,F,1,0.00288074,0.153347,6.58333,0.917767,F
791,1,HappyBirthday,889,2190.11,F,1,0.00985655,2.41268,93.4691,4.16286,F
792,1,HappyBirthday,24,19710.2,M,1,0.00645658,1.20554,79.4565,2.59918,F
792,1,HappyBirthday,93,10220,F,1,0.0150783,0.244619,524.079,8.194,F
792,1,HappyBirthday,921,2555.9,M,1,0.00077061,1.25561,446.66,0.398347,F
793,1,HappyBirthday,1010,730,M,1,6.7663e-05,0.0455225,176044,0.649428,F
793,1,HappyBirthday,940,7665.43,M,1,0.00202518,0.264087,20677,23.4038,F
794,1,HappyBirthday,224,2920.43,F,1,0.0476388,0.11859,433.196,24.0343,F
794,1,HappyBirthday,262,3650.42,F,1,0.794491,2.5654,379.945,730.846,F
794,1,HappyBirthday,741,9490.56,F,1,0.869693,2.20338,274.019,646.412,F
794,1,HappyBirthday,825,5110.07,M,1,0.14454,1.73466,21222.5,1165.34,F
795,1,HappyBirthday,474,1095.96,M,1,0.000790143,0.125607,6.59199,0.252884,F
795,1,HappyBirthday,685,2555.12,M,1,8.10639e-06,0.150398,65412.5,0.0936482,F
795,1,HappyBirthday,743,2190.84,M,1,0.00100955,0.325205,196.698,0.568521,F
795,1,HappyBirthday,792,1095.84,F,1,0.000262865,0.128507,14.1442,0.0820468,F
795,1,HappyBirthday,875,2190.93,F,1,0.112101,0.0533634,192.412,54.9969,F
796,1,HappyBirthday,198,1825.94,M,1,0.0640524,1.24332,457.437,34.8322,F
796,1,HappyBirthday,901,6570.22,F,1,0.0414579,0.736778,168368,401.215,F
796,1,HappyBirthday,914,9125.19,M,1,0.00013181,1.86217,30.5226,0.045078,F
797,1,HappyBirthday,385,5475.3,F,1,0.612302,0.303418,1176.38,294.914,F
798,1,HappyBirthday,121,7300.54,F,1,0.000219636,4.26235,0.841545,0.0684705,F
798,1,HappyBirthday,268,5840.79,F,1,4.0617e-05,0.283402,10.4658,0.013237,F
798,1,HappyBirthday,928,26645.5,F,1,0.56819,1.64098,1435.83,294.882,F
799,1,HappyBirthday,359,34310.7,F,1,0.543975,0.45473,74.3749,260.823,F
799,1,HappyBirthday,582,2920.01,F,1,0.00229612,0.830506,16564.9,12.3287,F
801,1,HappyBirthday,140,18980.5,M,1,0.00059599,5.79576,15.5426,0.199731,F
801,1,HappyBirthday,561,1095.39,M,1,0.00185361,0.0504658,25.3691,0.589163,F
802,1,HappyBirthday,439,14965.5,M,1,0.674095,6.76589,11.8332,368.183,F
802,1,HappyBirthday,1011,730,F,1,0.00243399,0.069346,9.56575,0.765398,F
803,1,HappyBirthday,389,6570.39,F,1,0.0159155,1.65378,1390.84,9.78867,F
803,1,HappyBirthday,640,5110.91,F,1,0.167511,13.7143,12980.4,1363.42,F
803,1,HappyBirthday,675,5840.74,F,1,0.912784,0.0437827,6.93946,759.622,F
803,1,HappyBirthday,771,21170.8,M,1,0.00648569,5.44196,55.6802,2.26394,F
804,1,HappyBirthday,282,22995.3,M,1,0.00124829,0.256397,34.3616,0.417373,F
804,1,HappyBirthday,425,25185.4,M,1,0.647356,0.531306,207.704,409.826,F
804,1,HappyBirthday,498,6205.31,M,1,3.1497e-07,0.0804232,4557.31,0.0012429,F
804,1,HappyBirthday,508,9855.54,M,1,0.769693,0.728251,6175.76,763.976,F
804,1,HappyBirthday,535,1460.74,F,1,0.194735,0.288595,0.802634,67.3864,F
804,1,HappyBirthday,723,18615.6,F,1,0.704283,0.461276,7.17968,383.118,F
804,1,HappyBirthday,849,1095.16,M,1,0.0830887,15.8162,570.325,27.7288,F
804,1,HappyBirthday,1048,365,M,1,0.00330327,1.24487,14.7945,1.08424,F
804,1,Births,1093,0,M,0,0,0.387404,0,0,F
806,1,HappyBirthday,501,20805.3,F,1,6.90125e-06,0.217976,21142.4,0.0403506,F
806,1,HappyBirthday,946,4745.25,M,1,0.00111705,6.84016,6.59861,0.355827,F
807,1,HappyBirthday,233,6570.08,F,1,0.000792612,0.0763888,28.4842,0.281875,F
807,1,HappyBirthday,347,7300.09,M,1,2.55939e-05,0.0955119,3800.72,0.0461532,F
807,1,HappyBirthday,420,13505.7,M,1,0.272414,1.17227,5180.8,1382.39,F
807,1,HappyBirthday,449,6205.46,F,1,4.08839e-05,4.14815,101072,0.349261,F
808,1,HappyBirthday,88,6205.34,F,1,0.062091,0.476145,7188.24,54.3048,F
809,1,HappyBirthday,378,1095.45,F,1,0.286436,4.54542,2061.77,457.858,F
809,1,HappyBirthday,433,11315.3,F,1,0.00565992,0.727919,184142,54.6437,F
809,1,HappyBirthday,795,3650.67,F,1,0.0281929,0.103364,26.3182,9.93674,F
809,1,HappyBirthday,917,5475.9,M,1,6.16291e-05,23.5895,1.78135,0.0191492,F
809,1,HappyBirthday,960,1460.91,F,1,0.00810334,1.90749,10801,62.0438,F
810,1,HappyBirthday,179,7665.84,M,1,5.53187e-05,0.0837822,11548.2,0.446508,F
810,1,HappyBirthday,1049,365,M,1,0.0495655,0.344517,58.5559,20.2691,F
811,1,HappyBirthday,55,3650.7,F,1,0.00321903,0.595938,18.0436,1.02157,F
811,1,HappyBirthday,776,9490.26,M,1,0.343029,0.0933464,14837.2,187.069,F
811,1,HappyBirthday,821,25185.6,F,1,0.394042,0.252957,38598.9,656.438,F
812,1,HappyBirthday,116,8030.97,F,1,0.50953,0.983316,49.3497,242.126,F
812,1,HappyBirthday,432,5840.86,M,1,0.00276331,0.325974,6.32477,0.882688,F
812,1,HappyBirthday,708,6570.65,M,1,0.0718131,0.855501,50.2152,28.7107,F
812,1,HappyBirthday,839,16425.3,F,1,0.258007,0.093207,53.5808,99.8367,F
813,1,HappyBirthday,172,7300.68,F,1,0.330911,9.56846,1447.6,334.34,F
816,1,HappyBirthday,137,10221,F,1,0.00332503,0.78456,1.15681,1.04097,F
816,1,HappyBirthday,245,29201,F,1,0.000363977,75.1193,164659,3.47476,F
816,1,HappyBirthday,549,9855.59,F,1,1.31541e-05,0.0612605,1.93121,0.0040796,F
816,1,HappyBirthday,752,29565.3,M,1,0.00496454,5.35639,68.2567,2.07758,F
817,1,HappyBirthday,453,32120.5,F,1,0.00837978,1.20281,9.19755,2.73545,F
817,1,HappyBirthday,472,1825.58,F,1,4.34473e-06,0.0551406,41118.4,0.00499833,F
817,1,HappyBirthday,1050,365,M,1,0.277486,6.67405,11850.3,504.462,F
818,1,HappyBirthday,283,1825.8,M,1,0.708568,0.0459951,747.335,767.763,F
820,1,HappyBirthday,251,5110.33,M,1,0.0035825,0.64274,1.2659,1.12166,F
820,1,HappyBirthday,440,3285.07,M,1,0.00130897,6.93347,39.6433,0.466517,F
820,1,HappyBirthday,580,4380.03,M,1,0.673155,0.128716,2263.16,396.607,F
821,1,HappyBirthday,532,17520.9,F,1,0.0463479,0.244723,81689.7,621.921,F
821,1,Births,1094,0,M,0,0,0.00696678,0,0,F
822,1,HappyBirthday,791,12045.2,M,1,0.0466692,1.63553,43.3615,18.0062,F
824,1,HappyBirthday,1012,730,M,1,0.000488772,0.0317253,0.0445342,0.151662,F
824,1,HappyBirthday,540,1095.74,F,1,0.00541245,0.301662,28.2324,1.75313,F
824,1,HappyBirthday,568,21170.6,M,1,7.44619e-06,0.0351957,6.12362,0.0023802,F
824,1,HappyBirthday,652,1460.71,M,1,0.000248479,1.67507,26494.4,0.62455,F
824,1,HappyBirthday,1051,365,M,1,0.243405,0.0964069,41023,799.747,F
825,1,HappyBirthday,350,18615.1,F,1,0.643521,1.0108,10988.1,1697.59,F
825,1,HappyBirthday,704,15330.1,F,1,0.000165529,2.86566,36.4688,0.0565332,F
826,1,HappyBirthday,12,1825.8,F,1,0.000522225,0.12406,8101.41,3.37866,F
826,1,HappyBirthday,63,5110.31,F,1,0.181514,0.456587,10778,1424.23,F
827,1,HappyBirthday,705,5840.61,F,1,0.0884671,0.0748847,70421.5,974.134,F
828,1,HappyBirthday,569,36135.3,F,1,0.050197,3.33407,55.6005,19.1031,F
828,1,HappyBirthday,913,13140.8,F,1,0.000378599,1.65213,1.39322,0.118491,F
828,1,HappyBirthday,958,8030.28,F,1,0.51897,1.45185,204.551,312.098,F
829,1,Births,1095,0,M,0,0,0.648646,0,0,F
830,1,HappyBirthday,227,7300.31,M,1,0.668625,5.92681,150.661,351.039,F
830,1,HappyBirthday,248,9125.77,M,1,0.00197953,2.23253,4561.71,0.656384,F
830,1,HappyBirthday,631,3650.64,M,1,2.2264e-05,0.0325799,14540,0.21113,F
831,1,HappyBirthday,135,5840.13,F,1,0.0734477,6.0585,24380.5,216.267,F
831,1,HappyBirthday,693,4380.41,F,1,0.0145301,0.284649,102.478,5.34853,F
831,1,Births,1096,0,F,0,0,0.0167667,0,0,F
832,1,HappyBirthday,286,4015.05,M,1,0.000130606,0.353821,60081.4,0.150959,F
832,1,HappyBirthday,310,2555.52,M,1,0.00753438,0.393647,31.5945,2.61722,F
832,1,HappyBirthday,376,5840.36,M,1,0.0107461,14.9765,1712.41,9.2043,F
832,1,HappyBirthday,419,2190.18,M,1,0.344051,0.225957,27.847,139.218,F
832,1,HappyBirthday,585,8395.33,F,1,0.00213632,5.32746,8900.91,0.824548,F
832,1,HappyBirthday,975,24820,M,1,0.492141,0.10496,33.31,230.147,F
833,1,HappyBirthday,624,8760.34,F,1,0.000806721,0.208911,15.9778,0.268109,F
834,1,HappyBirthday,244,19710.3,F,1,0.0421092,0.280705,33.8558,13.8386,F
834,1,HappyBirthday,309,5110.15,M,1,0.00387257,0.247929,34.0993,1.34875,F
834,1,HappyBirthday,1013,730,M,1,0.108174,0.250152,17.173,37.4618,F
835,1,HappyBirthday,131,17885.2,F,1,2.89124e-05,0.0188617,0.552673,0.009016,F
836,1,HappyBirthday,331,15330.3,F,1,0.0382243,2.53454,40.9165,14.2967,F
836,1,HappyBirthday,630,14235.8,F,1,0.00112002,1.23455,117802,9.11371,F
836,1,HappyBirthday,811,7300.91,M,1,0.540286,0.0829845,47.4769,246.527,F
836,1,HappyBirthday,884,9125.42,M,1,0.000970571,1.08944,207549,9.88152,F
836,1,Births,1097,0,M,0,0,0.0108764,0,0,F
837,1,HappyBirthday,1014,730,M,1,0.000406138,0.497477,1160.95,0.629624,F
837,1,HappyBirthday,953,3285.73,F,1,0.135373,0.820288,4.63795,46.2634,F
838,1,HappyBirthday,102,14235.4,F,1,0.202884,0.117465,93860.7,1332.94,F
838,1,HappyBirthday,192,11680.4,M,1,0.00146029,0.704725,95.176,0.522768,F
838,1,HappyBirthday,520,10950.7,F,1,0.145551,1.97955,35.3021,51.5251,F
838,1,HappyBirthday,667,3650.23,M,1,0.0117495,0.154301,11542.4,96.2059,F
839,1,HappyBirthday,273,16425.7,M,1,0.000291465,3.77314,22901.1,0.215681,F
839,1,HappyBirthday,395,18980.4,F,1,1.40066e-06,1.78104,3748.92,0.0024214,F
839,1,HappyBirthday,861,20805.4,M,1,0.00160961,1.06273,116.5,0.584912,F
839,1,Births,1098,0,M,0,0,1.11337,0,0,F
840,1,HappyBirthday,127,9125.01,F,1,0.00336252,20.2966,0.0191606,1.04685,F
840,1,HappyBirthday,505,2555.94,M,1,0.089101,2.03515,76.2101,36.6869,F
840,1,HappyBirthday,521,2555.25,F,1,0.207358,3.559,92.5413,86.5203,F
840,1,HappyBirthday,613,18250.1,F,1,0.165114,0.0292599,319.749,93.6824,F
840,1,HappyBirthday,746,2190.76,M,1,0.0091823,0.55,15744.7,4.20894,F
841,1,HappyBirthday,14,2190.71,M,1,0.000799809,1.43714,44264.9,1.14711,F
841,1,HappyBirthday,663,30295.2,F,1,0.000980589,23.5424,77.6817,0.37041,F
841,1,HappyBirthday,698,3285.83,M,1,0.704937,1.32452,89.924,451.899,F
841,1,HappyBirthday,900,13505.5,M,1,0.0103246,2.71848,0.611218,3.23531,F
841,1,HappyBirthday,1052,365,M,1,0.448292,0.168035,908.164,548.719,F
841,1,Births,1099,0,M,0,0,0.0162628,0,0,F
843,1,HappyBirthday,129,4745.54,F,1,0.00353833,2.20046,278.052,2.22454,F
843,1,HappyBirthday,683,25185.2,F,1,0.000982245,0.020728,0.0013366,0.305461,F
843,1,HappyBirthday,833,6935.47,M,1,0.00154407,0.620878,54.741,0.595187,F
844,1,HappyBirthday,74,14965.2,M,1,0.16156,0.89628,82.0476,70.2763,F
844,1,HappyBirthday,162,5475.08,M,1,0.143632,0.416839,54.1521,51.9938,F
844,1,HappyBirthday,650,8760.66,F,1,0.192465,5.63484,117.284,84.4413,F
845,1,HappyBirthday,113,14600.9,M,1,0.0188254,0.216239,175.561,7.41633,F
845,1,HappyBirthday,231,25551,F,1,0.00038872,13.7165,57.5327,0.14597,F
845,1,HappyBirthday,303,4380.11,M,1,0.00115259,0.787987,701.25,0.781702,F
845,1,HappyBirthday,323,16790.3,M,1,0.00314123,0.130562,14.3259,1.01863,F
845,1,HappyBirthday,602,12045.4,F,1,0.00111984,4.36204,1.02003,0.34868,F
845,1,HappyBirthday,691,13140.7,F,1,0.000190072,0.23536,157457,1.85385,F
846,1,HappyBirthday,1053,365,M,1,0.169091,0.178077,141.834,65.3781,F
846,1,HappyBirthday,295,18250.4,F,1,0.0575648,2.56976,8866.36,405.764,F
847,1,HappyBirthday,806,31755,M,1,0.628243,0.151861,20.13,318.123,F
848,1,HappyBirthday,967,17155.9,M,1,0.0172843,2.58951,79.5346,6.70443,F
850,1,HappyBirthday,337,5840.16,F,1,0.835662,0.380384,250.844,602.586,F
850,1,HappyBirthday,609,2920.03,M,1,0.0489549,0.530758,31.7481,17.3118,F
850,1,HappyBirthday,622,9125.96,M,1,0.00475275,0.458473,108.504,1.64765,F
850,1,HappyBirthday,785,19345.2,M,1,0.104093,1.36058,56.2063,37.4783,F
850,1,HappyBirthday,856,9490.89,F,1,0.304744,0.973528,87.1687,146.562,F
851,1,HappyBirthday,160,15330.7,F,1,0.599183,0.18175,3360.48,420.615,F
851,1,HappyBirthday,475,12410.6,F,1,0.000467409,0.332553,0.0669334,0.145328,F
851,1,HappyBirthday,822,6205.78,F,1,0.00535842,0.529217,273.402,2.34389,F
852,1,HappyBirthday,212,4380.34,M,1,0.00297727,2.43886,68.0903,1.21923,F
853,1,HappyBirthday,108,22995.7,M,1,0.523376,0.593477,331.393,233.405,F
853,1,HappyBirthday,174,11680.7,M,1,0.000332491,0.195667,1896.76,0.371422,F
853,1,Births,1100,0,F,0,0,0.0993266,0,0,F
854,1,HappyBirthday,1054,365,M,1,0.196156,0.0337555,133.238,81.6414,F
855,1,HappyBirthday,406,4745.82,F,1,0.2442,1.18617,1186.29,238.738,F
855,1,HappyBirthday,706,6935.79,F,1,0.00016093,3.51893,40433.6,0.290649,F
855,1,HappyBirthday,737,1825.56,F,1,0.716093,0.047347,425.226,398.425,F
855,1,HappyBirthday,872,10950.2,F,1,0.510538,18.5261,113.479,275.154,F
855,1,HappyBirthday,923,7300.19,F,1,0.727232,8.83398,352.175,514.797,F
855,1,HappyBirthday,1056,365,F,1,0.389184,0.173487,20200.1,557.812,F
857,1,HappyBirthday,27,1095.37,M,1,0.00339638,7.37667,86.7419,1.32053,F
857,1,HappyBirthday,112,15330.8,F,1,0.000325263,0.402869,70.8653,0.119908,F
857,1,HappyBirthday,259,1460.97,M,1,0.28783,0.0336825,58635.1,1678.61,F
857,1,HappyBirthday,308,3285.75,F,1,0.151787,0.03441,11858.9,1362.54,F
857,1,HappyBirthday,452,12045.3,F,1,0.111546,0.816785,125.79,39.9169,F
857,1,HappyBirthday,617,11680,M,1,0.713836,0.0752407,0.12287,388.874,F
857,1,HappyBirthday,781,19345.5,M,1,0.00129179,0.104568,156.033,0.499026,F
857,1,HappyBirthday,1057,365,F,1,9.83259e-05,0.450182,219844,1.02735,F
858,1,HappyBirthday,98,2920.48,F,1,0.00764053,0.0538761,116869,59.8694,F
858,1,HappyBirthday,207,6935.97,M,1,0.000743215,2.95218,0.134158,0.231034,F
859,1,HappyBirthday,169,13140,M,1,0.116737,0.208304,14319.8,1158.25,F
859,1,HappyBirthday,229,5840.56,M,1,0.161531,0.750364,19062.8,407.233,F
859,1,HappyBirthday,297,6935.68,F,1,0.00410097,1.01265,2.02955,1.28995,F
859,1,HappyBirthday,334,3285.93,M,1,0.00187823,0.513242,85.3454,0.648232,F
859,1,HappyBirthday,618,9490.95,F,1,0.0184539,1.51073,39.4332,6.69796,F
860,1,HappyBirthday,834,12410.9,M,1,0.00602423,2.75826,29.6001,1.94617,F
860,1,HappyBirthday,1015,730,F,1,0.00432493,4.13577,26569,4.90965,F
861,1,HappyBirthday,311,2555.33,M,1,0.10362,0.110463,5791.87,207.539,F
861,1,HappyBirthday,364,28105.8,M,1,0.219494,2.5235,2467.7,93.6361,F
861,1,HappyBirthday,1058,365,F,1,0.000420147,0.00743329,35235.4,0.529315,F
861,1,HappyBirthday,499,23360.7,M,1,0.00819136,0.219176,53.6324,3.24608,F
861,1,HappyBirthday,797,1095.21,F,1,0.0140857,0.667454,16677.3,53.8187,F
861,1,HappyBirthday,851,13140.4,F,1,0.00742112,0.141408,46.9034,2.84062,F
861,1,HappyBirthday,919,21535.3,M,1,0.00823402,0.237476,77.0566,3.0255,F
862,1,HappyBirthday,171,13870.8,F,1,0.034241,0.0173655,3668.45,61.0686,F
862,1,HappyBirthday,740,5475.84,F,1,2.91056e-05,0.304997,1833.19,0.031591,F
863,1,HappyBirthday,173,1460.3,M,1,0.0157106,0.00720503,1576.75,27.3785,F
863,1,HappyBirthday,1060,365,F,1,6.35856e-05,0.0217567,6213.01,0.130135,F
863,1,HappyBirthday,384,35040.9,F,1,0.353479,0.0628604,150.31,167.515,F
863,1,HappyBirthday,462,11315.4,F,1,0.0340932,0.30831,90.7545,15.0952,F
863,1,HappyBirthday,883,5110.98,M,1,0.005299,1.5563,71.4003,1.9195,F
863,1,HappyBirthday,973,2190.17,M,1,0.00375434,0.625862,3.09743,1.17475,F
863,1,HappyBirthday,1059,365,F,1,0.686697,0.0181766,2536.75,465.034,F
864,1,HappyBirthday,1016,730,F,1,0.151135,2.35109,4022.36,112.789,F
864,1,HappyBirthday,455,8395.18,F,1,3.83795e-07,0.0232351,91391.3,0.005589,F
864,1,HappyBirthday,599,4015.7,M,1,0.342555,1.32204,74258.8,912.795,F
866,1,HappyBirthday,146,10950.8,F,1,0.00051105,1.33327,9.65823,0.16565,F
866,1,HappyBirthday,185,6205.8,F,1,0.0273339,0.0688947,3435.46,40.6084,F
866,1,HappyBirthday,486,2555.43,F,1,0.615882,1.56983,41.1908,314.652,F
866,1,HappyBirthday,925,26645.4,M,1,0.00460909,0.199465,25642.3,30.1464,F
867,1,HappyBirthday,25,21900.7,M,1,0.0945574,0.0589002,1.0254,30.926,F
867,1,HappyBirthday,124,8395.82,F,1,0.182108,0.172361,137.365,63.0987,F
868,1,HappyBirthday,608,7665.9,M,1,0.00402877,0.26199,14.221,1.30396,F
868,1,Births,1101,0,M,0,0,0.026115,0,0,F
869,1,HappyBirthday,92,10220.4,M,1,0.00940439,1.19375,17.6849,3.1982,F
869,1,HappyBirthday,1001,8395.11,M,1,0.00671801,1.49724,2.94441,2.12542,F
869,1,HappyBirthday,301,10950.1,F,1,0.224411,0.381898,2883.27,154.105,F
869,1,HappyBirthday,340,3285.51,F,1,0.00559879,0.808001,12.5145,1.85291,F
869,1,HappyBirthday,467,1460.71,F,1,0.072685,1.96312,9786.16,57.3841,F
869,1,HappyBirthday,682,19345.5,M,1,0.724466,0.0808675,1863.13,1432.23,F
869,1,Births,1102,0,M,0,0,0.017645,0,0,F
870,1,HappyBirthday,445,2555.68,M,1,0.137227,0.317971,1.4577,46.1362,F
870,1,HappyBirthday,670,10585.8,F,1,0.00449545,0.490695,11.5695,1.42856,F
871,1,HappyBirthday,391,21170,M,1,0.00190953,1.0694,84.2809,0.746083,F
871,1,HappyBirthday,756,30295.9,M,1,0.276698,0.102531,12290.5,618.046,F
872,1,HappyBirthday,852,19345.7,F,1,0.000335432,2.82435,0.889137,0.104279,F
873,1,HappyBirthday,423,1460.73,M,1,0.151854,0.127823,71.6142,67.8186,F
873,1,HappyBirthday,434,13870.1,F,1,0.00871985,0.364383,18.7771,2.91949,F
874,1,HappyBirthday,430,29200.4,M,1,0.157699,0.918199,1726.45,187.754,F
874,1,HappyBirthday,1061,365,F,1,0.0400467,0.134583,976.419,33.7953,F
875,1,HappyBirthday,109,1460.19,M,1,0.0563408,2.60616,2192.18,64.5268,F
875,1,HappyBirthday,132,3650.41,M,1,0.029169,0.142823,126.699,10.978,F
875,1,HappyBirthday,801,3650.1,F,1,0.00275998,6.63668,19.9458,0.888842,F
876,1,HappyBirthday,157,8030.79,F,1,0.591108,0.987091,278.896,393.491,F
876,1,HappyBirthday,344,23360.6,F,1,0.00258107,1.39741,17.9825,0.807887,F
877,1,HappyBirthday,133,2190.84,F,1,0.0171678,0.184393,278.746,8.60182,F
877,1,HappyBirthday,242,5475.41,M,1,0.00342189,1.1124,8.20796,1.08581,F
877,1,HappyBirthday,424,1460.77,F,1,3.81209e-06,0.989155,181713,0.0370038,F
878,1,HappyBirthday,493,9125.79,F,1,0.00288138,2.11633,79.6458,1.04994,F
878,1,HappyBirthday,866,4745.49,M,1,0.0038638,10.2702,2.61705,1.21184,F
878,1,HappyBirthday,916,4015.06,F,1,0.192606,0.198905,59.1545,68.0276,F
878,1,Births,1103,0,M,0,0,0.0304289,0,0,F
879,1,HappyBirthday,32,2190.94,M,1,0.0831143,1.01162,101.331,36.5815,F
879,1,HappyBirthday,313,4015.5,M,1,0.0766444,4.06963,2331.77,187.389,F
879,1,HappyBirthday,351,5840.04,F,1,0.0034817,286.063,28.7418,1.13983,F
879,1,HappyBirthday,808,10586,M,1,9.8216e-05,0.643645,66912.4,0.194892,F
880,1,HappyBirthday,66,24456,M,1,0.125825,0.0870206,437.654,51.9457,F
880,1,HappyBirthday,290,6570.11,F,1,0.0296035,3.16956,132.355,10.8735,F
881,1,HappyBirthday,551,8030.64,M,1,0.00109089,4.20967,10.479,0.355138,F
882,1,HappyBirthday,271,3650.61,F,1,0.137074,0.809576,32536.1,1018.47,F
882,1,HappyBirthday,888,1095.92,M,1,0.00327712,3.09496,32.2178,1.16365,F
883,1,HappyBirthday,1017,730,F,1,0.0368184,2.08209,50110.7,176.686,F
883,1,HappyBirthday,404,5475.27,M,1,7.54211e-05,3.46846,11585.2,0.61503,F
883,1,HappyBirthday,579,3650.95,F,1,0.0438735,0.556689,47404.7,197.436,F
884,1,HappyBirthday,1018,730,M,1,0.240113,0.0790544,73.0398,93.9672,F
884,1,HappyBirthday,559,19345.8,M,1,0.180138,3.75323,147.956,77.2995,F
885,1,HappyBirthday,280,4745.34,F,1,0.0107556,0.909116,19.7962,3.54828,F
885,1,HappyBirthday,766,3285.02,M,1,0.304075,0.369151,1513.45,349.334,F
886,1,HappyBirthday,21,8395.98,F,1,6.04973e-05,0.537473,39552.5,0.0746022,F
886,1,HappyBirthday,1019,730,F,1,0.460551,0.079587,12996.2,419.734,F
887,1,HappyBirthday,469,6570.92,M,1,0.00824898,0.450866,373.776,6.79332,F
887,1,Births,1104,0,F,0,0,0.0744898,0,0,F
888,1,HappyBirthday,205,12775.7,M,1,0.0427773,0.339382,1415.99,67.6701,F
888,1,HappyBirthday,228,12410.9,F,1,0.0321117,0.754203,59.4764,10.4038,F
888,1,HappyBirthday,595,1095.04,F,1,0.00575229,0.115419,65.7299,2.03283,F
888,1,HappyBirthday,718,4380.27,F,1,0.32133,0.42761,748.296,122.51,F
888,1,HappyBirthday,868,5110.72,F,1,0.0209977,0.284414,1103.8,9.19052,F
888,1,HappyBirthday,902,2920.38,F,1,0.687304,0.0702412,2996.65,817.245,F
889,1,HappyBirthday,956,13140.5,M,1,0.0926506,0.0896405,28.876,34.0887,F
890,1,HappyBirthday,84,19710,M,1,0.0180137,9.40325,10376.7,16.9428,F
890,1,HappyBirthday,496,6935.67,F,1,0.00209024,0.557331,26.7595,0.728001,F
890,1,HappyBirthday,1020,730,M,1,0.00367898,0.360203,3.72297,1.15272,F
891,1,HappyBirthday,545,7300.5,F,1,0.00216332,2.83804,526.339,2.31776,F
892,1,HappyBirthday,187,6935.81,F,1,0.0302469,1.43432,6436.57,48.7017,F
892,1,HappyBirthday,518,21170.2,M,1,0.898651,2.65685,102.219,804.203,F
893,1,HappyBirthday,435,13140.9,M,1,0.0168037,1.001,91.62,7.43016,F
893,1,HappyBirthday,876,1460.56,F,1,0.67987,0.315529,2054.84,397.067,F
894,1,HappyBirthday,53,2190.51,M,1,0.0372258,1.60242,70.7991,14.6549,F
894,1,HappyBirthday,83,5110.32,M,1,0.0566192,0.0713081,201.459,28.9451,F
894,1,HappyBirthday,380,17155.4,M,1,0.0443733,16.0968,401.341,32.9104,F
894,1,HappyBirthday,813,14965.6,M,1,0.00981586,0.379419,37.5018,3.58602,F
895,1,HappyBirthday,111,1095.45,M,1,0.573234,1.09537,23575.4,805.04,F
895,1,HappyBirthday,485,14965.3,F,1,0.306392,0.371289,4845.15,140.651,F
896,1,HappyBirthday,763,5110.75,F,1,0.000876531,4.01228,24.902,0.28402,F
896,1,HappyBirthday,939,7665.11,F,1,0.107442,2.44966,14222.9,35.6614,F
896,1,HappyBirthday,951,2555.4,M,1,0.00521585,0.267892,54.8414,1.77791,F
896,1,Births,1105,0,F,0,0,0.0207454,0,0,F
897,1,HappyBirthday,972,15330.7,M,1,0.273027,7.25868,3884.6,518.775,F
898,1,HappyBirthday,218,6570.93,F,1,0.0204344,0.132226,644.081,11.9832,F
898,1,HappyBirthday,1021,730,F,1,0.111363,0.677109,66.247,45.5571,F
898,1,HappyBirthday,409,1825.2,F,1,0.164886,0.352809,8506.91,1158.16,F
899,1,HappyBirthday,8,1825.94,F,1,0.627486,0.0572066,1843.83,526.963,F
899,1,HappyBirthday,128,2555.54,M,1,0.00210035,1.59618,60.6632,0.83715,F
899,1,HappyBirthday,383,8760.39,M,1,0.562954,7.91778,5053.46,749.438,F
899,1,HappyBirthday,466,9855.38,F,1,0.0251124,0.633456,179.509,10.0207,F
900,1,HappyBirthday,371,31025.2,F,1,0.00045888,34.4903,189570,4.52649,F
900,1,HappyBirthday,611,11316,M,1,0.0955507,3.63095,0.482782,31.2187,F
901,1,HappyBirthday,358,10950.9,F,1,0.566887,0.048432,3028.83,906.232,F
901,1,HappyBirthday,707,1825.42,M,1,0.0805672,4.6462,17770.3,81.6738,F
902,1,HappyBirthday,1022,730,M,1,0.177818,0.548625,28080.8,1398.31,F
902,1,HappyBirthday,621,5840.35,M,1,0.30296,1.77482,672.353,132.544,F
903,1,HappyBirthday,349,5475.05,F,1,0.000128705,0.126364,29.7633,0.042083,F
903,1,HappyBirthday,555,14235.8,M,1,0.000195018,0.131135,0.021724,0.0606634,F
903,1,Births,1106,0,M,0,0,0.00957356,0,0,F
904,1,HappyBirthday,294,5475.32,F,1,3.36558e-06,0.0117256,1.76375,0.00106437,F
904,1,HappyBirthday,986,3285.94,M,1,0.00174284,0.053457,48714,2.19587,F
905,1,HappyBirthday,471,18615.1,M,1,7.08336e-05,15.6283,33.8247,0.0232284,F
905,1,HappyBirthday,738,5840.05,M,1,0.00822893,3.65978,32.9461,2.9625,F
906,1,HappyBirthday,653,8395.37,F,1,0.117369,4.6489,62.1393,38.8019,F
907,1,HappyBirthday,221,11315.6,M,1,0.0387887,0.445565,3575.58,128.742,F
907,1,HappyBirthday,655,5840.98,M,1,0.0204923,1.08874,1.63492,6.45698,F
907,1,HappyBirthday,871,18615.7,M,1,0.0584815,8.63438,250.209,31.6034,F
908,1,HappyBirthday,141,6570.91,M,1,0.0206068,3.14753,20.8914,7.03623,F
908,1,HappyBirthday,164,6205.19,M,1,0.0112797,0.0851814,10.8229,3.69555,F
908,1,HappyBirthday,167,1460.62,M,1,0.33763,0.681179,1788.79,212.32,F
908,1,HappyBirthday,687,1825.38,M,1,0.0536301,0.112907,16440.4,56.1348,F
908,1,HappyBirthday,1062,365,F,1,0.0276771,0.0199449,146.689,13.3365,F
909,1,HappyBirthday,85,2190.74,M,1,0.190587,0.156722,985.823,289.074,F
909,1,HappyBirthday,168,10585.2,M,1,0.00200097,0.241297,24.0086,0.670828,F
909,1,HappyBirthday,232,2920.98,M,1,0.00360632,2.22431,24.9748,1.2213,F
909,1,HappyBirthday,747,5110.34,M,1,8.12479e-05,4.76119,86784.6,0.318783,F
910,1,HappyBirthday,317,21535.8,F,1,0.246989,3.8488,30516.1,875.46,F
910,1,HappyBirthday,614,4015.42,M,1,0.115006,0.851567,15329.1,237.474,F
910,1,HappyBirthday,865,9855.23,M,1,0.00202158,1.45347,111.38,0.978404,F
910,1,HappyBirthday,870,1460.03,M,1,0.0296643,0.621695,5.26799,9.58985,F
910,1,Births,1107,0,F,0,0,0.196453,0,0,F
911,1,HappyBirthday,4,33215,M,1,0.141621,1.63777,4814.65,581.346,F
911,1,HappyBirthday,237,4745.73,M,1,0.497616,3.39676,1035.09,509.917,F
911,1,HappyBirthday,314,5110.5,F,1,0.000981696,0.226461,116.283,0.362431,F
911,1,HappyBirthday,421,4015.78,M,1,0.0988442,0.44955,66.2594,35.2109,F
911,1,HappyBirthday,642,5110.39,M,1,0.0166045,0.83231,25.5855,5.35372,F
911,1,HappyBirthday,1063,365,M,1,0.447681,0.0969626,2224.01,349.702,F
912,1,HappyBirthday,147,4380.34,F,1,0.00155635,1.50878,49.985,0.562394,F
912,1,HappyBirthday,1064,365,M,1,0.186029,0.0829611,69.0674,73.7779,F
912,1,HappyBirthday,542,13140.4,F,1,0.16766,0.129065,18376.3,1328.79,F
912,1,HappyBirthday,826,5475.31,F,1,0.00827783,0.0439613,89.7406,2.94899,F
913,1,HappyBirthday,49,11315.9,M,1,0.00174333,2.86377,4.06099,0.542655,F
913,1,HappyBirthday,835,1095.34,F,1,0.00333344,2.91198,15916.6,16.0509,F
914,1,HappyBirthday,206,10585.6,M,1,0.0282599,0.231378,75.9963,9.83891,F
914,1,HappyBirthday,598,27375.8,F,1,0.507901,0.941888,2686.15,254.009,F
914,1,HappyBirthday,979,6205.16,M,1,0.00100233,0.481356,0.381327,0.311621,F
915,1,HappyBirthday,332,3285.23,F,1,0.704351,0.556489,125.279,487.199,F
915,1,HappyBirthday,343,17520,F,1,0.0113134,0.128792,45.8668,3.77188,F
916,1,HappyBirthday,69,5110.08,F,1,0.000603033,0.312582,46.8307,0.220147,F
916,1,HappyBirthday,537,12410,M,1,0.254348,0.0630846,188.405,113.616,F
916,1,Births,1108,0,F,0,0,0.0491087,0,0,F
917,1,HappyBirthday,319,19345.9,M,1,0.0817452,1.52577,51.264,33.0084,F
917,1,HappyBirthday,394,11680.1,M,1,0.00137473,1.60676,14.6349,0.438289,F
917,1,HappyBirthday,657,33580.1,F,1,0.0405523,0.101646,2853.68,90.9709,F
918,1,HappyBirthday,1065,365,M,1,0.00924195,0.119383,14430.9,8.89038,F
919,1,HappyBirthday,941,4015.43,F,1,0.0122761,0.500791,4.01658,3.83893,F
920,1,HappyBirthday,152,32120.6,M,1,0.0627824,2.28089,52.7611,21.6342,F
920,1,HappyBirthday,234,5840.74,M,1,0.232292,12.1936,39.3063,92.3878,F
920,1,HappyBirthday,312,2190.29,F,1,0.00155863,5.12561,0.559152,0.486383,F
920,1,HappyBirthday,761,4745.38,M,1,0.0397198,1.6555,2.41615,12.643,F
921,1,HappyBirthday,444,3285.35,M,1,0.0037689,0.1121,8.92607,1.21906,F
921,1,HappyBirthday,887,5110.42,M,1,0.00830184,0.74482,47369.8,37.594,F
921,1,HappyBirthday,982,5840.94,M,1,0.00153002,0.340406,262.768,0.913683,F
922,1,HappyBirthday,416,1095.42,M,1,0.00023189,0.168981,0.145538,0.071958,F
922,1,HappyBirthday,759,6935.19,M,1,0.388891,0.649867,9314.33,1623.03,F
923,1,HappyBirthday,412,4015.29,F,1,0.000146217,0.551426,1584.44,0.143995,F
923,1,HappyBirthday,779,1825.11,M,1,0.23981,0.819931,12069.3,453.176,F
924,1,HappyBirthday,103,5110.34,F,1,0.758165,10.131,26.5121,461.35,F
924,1,HappyBirthday,219,3650.89,F,1,0.00310977,1.1364,117.526,1.14325,F
924,1,HappyBirthday,581,1095.81,F,1,0.295589,0.444975,481.55,308.802,F
924,1,HappyBirthday,1066,365,F,1,0.0825321,0.111924,27.8884,29.2074,F
925,1,HappyBirthday,562,4015.7,M,1,0.207096,0.020843,35859.8,282.207,F
925,1,HappyBirthday,874,4015.53,F,1,0.0172509,0.0459007,161.367,8.98178,F
926,1,HappyBirthday,326,34675.2,F,1,0.735332,1.34174,95.2735,442.469,F
926,1,HappyBirthday,365,1095.49,M,1,0.0117658,0.341598,4529.19,4.04476,F
926,1,HappyBirthday,606,1095.46,M,1,0.0174956,0.175835,120.36,6.17043,F
926,1,HappyBirthday,672,5475.78,F,1,4.54177e-05,0.187438,44.809,0.0170249,F
926,1,HappyBirthday,853,10220.5,F,1,0.0389194,0.37271,63.8932,14.7062,F
927,1,HappyBirthday,145,7665.8,F,1,0.0129463,0.16332,23.408,4.37705,F
927,1,HappyBirthday,397,8395.9,M,1,0.1964,0.579273,5942.16,126.237,F
927,1,HappyBirthday,494,1460.54,F,1,0.748794,0.0212077,11.2047,437.412,F
927,1,HappyBirthday,745,2555.24,M,1,0.00121561,0.152845,25.5615,0.420555,F
927,1,HappyBirthday,803,5110.71,F,1,0.0217098,0.644243,19.3077,7.30145,F
927,1,HappyBirthday,882,9125.24,M,1,0.062004,2.27521,15.6632,21.4121,F
928,1,HappyBirthday,203,3650.26,F,1,0.0115337,2.6765,79.9508,3.9606,F
928,1,HappyBirthday,266,27375.7,M,1,0.000538487,3.21721,4.67637,0.170495,F
928,1,HappyBirthday,281,2920.23,F,1,0.0236394,0.618165,421.471,18.2678,F
928,1,HappyBirthday,845,23725.2,F,1,0.0236161,15.1027,13.3344,7.5602,F
929,1,HappyBirthday,530,8760.04,F,1,0.000266243,0.0984915,143543,2.31416,F
930,1,HappyBirthday,35,2190.01,F,1,0.400567,0.164277,105.853,184.048,F
930,1,HappyBirthday,1067,365,F,1,0.440947,0.181727,17.9077,183.852,F
930,1,HappyBirthday,770,1460.38,F,1,0.241471,0.0959869,8890.31,829.851,F
931,1,HappyBirthday,177,17520.6,F,1,0.00162037,1.15772,45577.7,2.16372,F
932,1,HappyBirthday,181,4745.29,M,1,0.00105937,2.30237,54967.2,10.6308,F
932,1,HappyBirthday,215,2190.62,M,1,0.0388661,0.160966,475.43,18.0405,F
932,1,HappyBirthday,560,8395.61,M,1,0.00181469,0.119295,236.509,0.641339,F
932,1,HappyBirthday,688,11315.7,M,1,0.00450079,1.15822,0.0038036,1.40231,F
932,1,HappyBirthday,943,2190.66,F,1,0.120002,0.17135,8221.63,326.337,F
932,1,Births,1109,0,M,0,0,3.33896,0,0,F
933,1,HappyBirthday,42,5475.22,F,1,0.000303656,0.320427,3447.83,0.506759,F
933,1,HappyBirthday,330,4015.56,F,1,0.0855328,0.463694,2801.93,252.018,F
933,1,HappyBirthday,361,2190.04,F,1,7.69517e-05,0.999979,192119,0.765728,F
933,1,HappyBirthday,647,5475.68,F,1,0.194024,1.23712,0.827476,67.0798,F
934,1,HappyBirthday,291,9490.16,F,1,0.683188,1.37923,0.323814,357.393,F
934,1,HappyBirthday,563,4745.96,M,1,0.721355,10.8014,4235.77,651.79,F
934,1,HappyBirthday,962,2920.67,M,1,0.266357,1.65337,2689.45,372.761,F
934,1,Births,1110,0,M,0,0,0.266032,0,0,F
935,1,HappyBirthday,793,11680.9,M,1,0,0.445419,3519.38,0,F
936,1,HappyBirthday,322,24090,M,1,0.497031,2.51962,451.608,221.776,F
936,1,HappyBirthday,500,4015.42,M,1,0.0060482,2.69423,27.5708,2.14804,F
936,1,HappyBirthday,577,22995.5,F,1,0.000228415,0.36336,50.3069,0.077251,F
936,1,Births,1111,0,M,0,0,0.0305507,0,0,F
938,1,HappyBirthday,29,1825.52,M,1,0.0753971,1.58129,94.0529,27.8594,F
938,1,HappyBirthday,816,18980.7,M,1,0.00384953,0.49793,69.6151,1.57221,F
939,1,HappyBirthday,166,15330.5,M,1,0.0292208,0.00958021,16.7866,9.80879,F
939,1,HappyBirthday,178,8760.88,F,1,0.577867,2.41538,20.7273,294.187,F
941,1,HappyBirthday,211,6205.72,M,1,0.193122,2.24299,3970.24,827.648,F
941,1,HappyBirthday,429,5475.88,M,1,0.14697,1.3843,39.3815,56.7349,F
942,1,HappyBirthday,513,8395.13,F,1,0.101172,0.943821,318.671,48.4634,F
942,1,HappyBirthday,907,6935.38,F,1,0.0025066,5.62014,2719.5,3.76214,F
943,1,HappyBirthday,373,17155.5,F,1,0.655169,0.261794,232.685,356.418,F
943,1,HappyBirthday,619,2920.23,M,1,0.000423995,1.1478,7.13493,0.134777,F
943,1,HappyBirthday,700,16790.9,F,1,0.535855,60.03,6474.22,423.501,F
943,1,HappyBirthday,984,9490.47,F,1,0.00764148,4.7354,159.535,2.93502,F
943,1,Births,1112,0,M,0,0,0.389225,0,0,F
944,1,HappyBirthday,536,29930.4,M,1,0.149113,22.5687,73.2928,56.8379,F
944,1,HappyBirthday,626,5475.03,F,1,0.216278,2.33952,2461.59,80.3077,F
944,1,HappyBirthday,658,3285.51,M,1,0.00426935,0.095422,5.13983,1.33872,F
944,1,HappyBirthday,810,1825.82,M,1,0.000154807,0.0364445,15252.1,1.4983,F
945,1,HappyBirthday,107,30660,F,1,0.000615716,0.100704,1430,0.568126,F
945,1,HappyBirthday,955,6205,F,1,0.0378254,4.27163,1.63892,12.0174,F
946,1,HappyBirthday,252,7665.49,F,1,0.00410185,0.490545,54.5552,1.38254,F
946,1,HappyBirthday,666,1460.8,F,1,0.000662481,0.123279,30.3137,0.2164,F
946,1,HappyBirthday,716,23725.6,M,1,0.0337196,0.122734,87.8679,12.2452,F
946,1,HappyBirthday,744,6935.64,M,1,0.939674,0.148491,171.803,1410.7,F
946,1,HappyBirthday,910,4380.32,M,1,0.505869,0.336544,961.052,228.539,F
948,1,HappyBirthday,34,27740.1,M,1,0.00867031,1.8128,62.4378,3.0919,F
948,1,HappyBirthday,464,2920.93,F,1,0.53934,0.0854002,445.994,668.643,F
948,1,HappyBirthday,573,1825.03,M,1,0.0450168,1.33934,386.604,29.3529,F
948,1,HappyBirthday,1068,365,F,1,0.00385648,0.061577,30.5593,1.24842,F
949,1,HappyBirthday,105,21535,M,1,0.0123512,0.778729,9878.19,37.5415,F
949,1,HappyBirthday,200,15330.9,F,1,0.627879,0.34769,2290.48,345.709,F
949,1,HappyBirthday,342,8395.92,F,1,0.000117159,0.0423477,35268.5,0.938741,F
949,1,HappyBirthday,974,7665.05,M,1,0.013313,44.8431,153.016,4.49986,F
949,1,HappyBirthday,994,4380.65,M,1,0.593124,0.567452,399.012,310.019,F
950,1,HappyBirthday,574,4745.77,F,1,0.0397654,1.61682,72.4533,14.188,F
951,1,HappyBirthday,256,2920.66,M,1,0.000522741,1.62193,0,0.162531,F
952,1,HappyBirthday,31,17520.3,F,1,0.614436,14.9765,65.7069,305.064,F
952,1,HappyBirthday,307,4745.3,M,1,0.000242029,0.154719,11673.9,1.85751,F
952,1,HappyBirthday,488,27740.7,F,1,2.51894e-05,0.47475,13531.5,0.233205,F
953,1,HappyBirthday,690,6205.77,M,1,0.00135161,1.58281,36.9107,0.478398,F
953,1,HappyBirthday,924,1825.23,F,1,0.00394053,0.256298,45.3325,1.39034,F
953,1,HappyBirthday,942,10950.7,F,1,0.00164426,0.0343249,12214.9,0.533316,F
954,1,HappyBirthday,60,17520.6,F,1,4.4759e-05,1.03491,223176,0.472112,F
954,1,HappyBirthday,788,4745.26,F,1,0.058226,3.75821,172468,578.281,F
955,1,HappyBirthday,62,4745.03,M,1,0.191818,0.504176,17598.4,457.521,F
955,1,HappyBirthday,199,9855.36,M,1,0.0117477,0.193908,44.1253,4.40388,F
955,1,Births,1113,0,M,0,0,0.174391,0,0,F
956,1,Births,1114,0,M,0,0,0.111352,0,0,F
958,1,HappyBirthday,325,10220.9,F,1,0.179283,0.145427,45.8952,68.9758,F
958,1,HappyBirthday,527,11680.3,M,1,0.017168,4.5138,147.317,6.51115,F
959,1,HappyBirthday,65,6205.46,F,1,0.00842343,1.67593,16.3202,2.73712,F
959,1,HappyBirthday,1023,730,F,1,0.000857528,0.0254767,1.18607,0.267349,F
959,1,HappyBirthday,1069,365,F,1,0.412856,0.0413531,31015,684.92,F
959,1,HappyBirthday,393,1825.35,F,1,0.00623037,1.80506,52.238,2.19115,F
959,1,HappyBirthday,735,15695,F,1,0.0691625,1.42659,3776.68,23.6877,F
959,1,HappyBirthday,753,1095.89,M,1,0.00107949,0.538268,51.1959,0.415577,F
960,1,HappyBirthday,156,3650.9,F,1,0.608979,0.728928,805.569,608.317,F
960,1,HappyBirthday,257,5110.7,F,1,0.00373175,3.78609,0.134515,1.16268,F
961,1,HappyBirthday,480,2190.93,M,1,0.00135166,1.8479,30105.9,1.64276,F
961,1,HappyBirthday,497,7665.8,F,1,0.297843,6.18453,23738.3,643.091,F
961,1,HappyBirthday,570,3285.46,M,1,0.665614,5.51168,2905,1228.14,F
961,1,HappyBirthday,715,9490.02,M,1,0.00123529,0.892846,0.867457,0.385802,F
962,1,HappyBirthday,196,6935.15,M,1,0.319494,1.28082,16.3261,124.339,F
962,1,HappyBirthday,664,15695.5,F,1,0.00813619,18.334,0.702794,2.54758,F
962,1,HappyBirthday,710,23725.1,M,1,0.0256424,11.1333,13.1868,8.28002,F
962,1,HappyBirthday,859,4015.95,F,1,0.00798591,0.0169237,30.2676,2.58369,F
963,1,HappyBirthday,123,19710.1,F,1,0.000275459,0.738797,5899.88,1.36026,F
963,1,HappyBirthday,210,14600.4,F,1,0.129519,1.05654,1668.44,44.9738,F
963,1,HappyBirthday,362,8030.56,F,1,0.00676886,0.530819,10.236,2.16811,F
963,1,HappyBirthday,749,17885.7,M,1,0.0431513,21.3687,314.319,16.8167,F
963,1,HappyBirthday,965,3285.02,F,1,0.0816978,1.64427,8.32607,26.8327,F
963,1,HappyBirthday,990,1825.72,M,1,0.127391,5.85078,83.7269,46.0926,F
964,1,HappyBirthday,11,1460.89,F,1,0.26328,0.15563,376.978,121.646,F
964,1,HappyBirthday,1024,730,F,1,0.0195616,0.307843,12.5021,6.16569,F
964,1,HappyBirthday,829,4015.13,M,1,9.91297e-06,1.96781,30503.2,0.0452189,F
965,1,HappyBirthday,877,1460.48,F,1,0.558907,7.12404,1116.07,318.507,F
966,1,HappyBirthday,1070,365,F,0,0,0.0137537,0,0,F
966,1,HappyBirthday,490,21900.8,M,1,5.99355e-06,1.28565,23.0288,0.0019648,F
966,1,HappyBirthday,827,9125.88,F,1,0.00622568,0.688712,62.5111,2.08459,F
967,1,HappyBirthday,82,11315,F,1,0.092204,0.952627,911.874,70.6616,F
967,1,HappyBirthday,213,4380.05,M,1,0.00367061,2.03029,41.3676,1.26306,F
967,1,HappyBirthday,333,21170.2,F,1,0.0121959,2.93834,89.0385,4.35074,F
967,1,HappyBirthday,1025,730,F,1,0.509075,0.0156292,2297.68,1041.97,F
968,1,HappyBirthday,115,11315.6,F,1,0.133868,0.507029,270.136,64.893,F
968,1,HappyBirthday,223,11315.7,M,1,0.00356932,1.51625,0.646251,1.11291,F
968,1,HappyBirthday,820,12410.3,M,1,0.00309699,0.111399,215.907,1.28269,F
969,1,HappyBirthday,37,3650.15,F,1,0.115333,3.65806,137.598,46.165,F
969,1,HappyBirthday,495,10585.6,M,1,0.229083,1.39609,84645.3,1414.9,F
969,1,HappyBirthday,798,3650.93,M,1,0.165298,4.32079,29.7578,64.5809,F
969,1,Births,1115,0,F,0,0,0.0652578,0,0,F
970,1,HappyBirthday,51,9855.89,F,1,0.0174397,7.08327,76.2406,6.04344,F
970,1,HappyBirthday,671,8030.44,M,1,0.00010311,0.547344,43659.6,0.132743,F
970,1,HappyBirthday,855,21900.7,M,1,0.0203111,1.01629,249.504,8.92551,F
970,1,Births,1116,0,M,0,0,0.0504962,0,0,F
971,1,HappyBirthday,372,17521,M,1,0.0777592,0.192826,80.0385,28.4376,F
971,1,HappyBirthday,957,13870.3,F,1,0.00288528,11.6357,105.352,1.02848,F
971,1,Births,1117,0,M,0,0,0.176524,0,0,F
972,1,HappyBirthday,1026,730,M,1,0.000220396,0.942707,66.2417,0.0809631,F
972,1,HappyBirthday,586,18980.6,F,1,0.0050565,0.246012,4.12623,1.57803,F
973,1,HappyBirthday,40,5110.62,F,1,0.155275,0.649558,193.545,85.0706,F
974,1,HappyBirthday,180,30660.6,M,1,0.000597836,0.470036,10.6861,0.195467,F
974,1,HappyBirthday,197,4015.14,F,1,0.00115226,0.0519286,0.168183,0.358691,F
974,1,HappyBirthday,534,9855.61,F,1,0.84085,2.27653,5.24032,576.807,F
974,1,HappyBirthday,629,2555.18,M,1,0.0401792,1.32429,5334.03,12.9293,F
974,1,HappyBirthday,767,1825.42,M,1,0.0925991,0.0641425,80.0544,30.4418,F
975,1,HappyBirthday,5,7300.76,M,1,0.00270206,0.0930246,12.8454,0.895054,F
975,1,HappyBirthday,71,6570.1,F,1,0.0259006,0.669546,12.8665,8.5379,F
975,1,HappyBirthday,437,6570.64,F,1,0.00088929,1.25665,10.7867,0.289898,F
976,1,HappyBirthday,885,14235.8,M,1,0.692634,0.241322,1051.13,436.272,F
977,1,HappyBirthday,714,4745.35,M,1,0.00698181,0.19576,75.7436,2.60615,F
977,1,HappyBirthday,725,1460.23,F,1,0.00134649,0.280515,47.4126,0.446242,F
977,1,Births,1118,0,F,0,0,0.321031,0,0,F
978,1,HappyBirthday,507,8030.37,M,1,0.10907,3.23031,14.2804,37.7298,F
978,1,HappyBirthday,516,8760.98,F,1,0.115781,0.442562,42.6642,45.568,F
978,1,HappyBirthday,1071,365,M,1,0.495386,0.144423,5912.27,323.611,F
978,1,HappyBirthday,696,1095.67,M,1,0.031653,0.0810498,111.231,14.5338,F
978,1,HappyBirthday,758,1095.64,M,1,0.00623591,0.395813,50556.9,28.9808,F
978,1,HappyBirthday,782,4380.93,M,1,0.000443207,1.66801,0.308698,0.137813,F
978,1,HappyBirthday,981,6935.23,F,1,0.190559,0.851003,595.895,93.5784,F
979,1,HappyBirthday,892,9490.71,F,1,0.147882,1.02355,5385.13,52.7219,F
980,1,HappyBirthday,836,5475.21,F,1,0.0307973,0.21334,1.3238,9.74371,F
981,1,HappyBirthday,336,14600.6,F,1,0.0570251,4.40985,54.0574,19.8691,F
981,1,HappyBirthday,370,2920.81,M,1,0.000489489,0.672281,0.566988,0.152544,F
981,1,HappyBirthday,589,16425,M,1,0.00328552,0.2866,28705.2,23.2604,F
982,1,HappyBirthday,305,10585.4,F,1,0.389112,1.99733,23.3829,161.289,F
982,1,HappyBirthday,639,20075.5,F,1,0.0135266,0.25388,20.5202,4.4681,F
982,1,HappyBirthday,681,3651,F,1,0.000384917,0.153,148.848,0.193046,F
983,1,HappyBirthday,774,10950.6,F,1,0.0168663,0.386681,455.578,6.98668,F
983,1,HappyBirthday,831,20075.5,F,1,0.00274206,27.672,6326.47,6.76349,F
984,1,HappyBirthday,267,21170.9,M,1,0.0228355,0.474918,38.3356,7.67903,F
984,1,HappyBirthday,541,2190.41,M,1,0.680166,0.416902,2425.54,571.623,F
985,1,HappyBirthday,1027,730,M,1,0.02109,0.245788,41.1203,7.28998,F
986,1,HappyBirthday,33,2555.4,F,1,0.0122674,0.342015,64.883,4.0911,F
986,1,HappyBirthday,847,9490.38,F,1,0.158362,0.0353612,2212.42,233.476,F
986,1,HappyBirthday,879,12045.1,F,1,0.00124411,1.80347,149.42,0.470134,F
987,1,HappyBirthday,184,7665.11,M,1,0.238949,3.07944,104.067,103.754,F
987,1,HappyBirthday,450,9855,M,1,0.135134,2.11874,203691,1751.82,F
987,1,HappyBirthday,654,5840.23,M,1,0.00112524,20.0808,23.9161,0.383799,F
987,1,HappyBirthday,784,16790.6,F,1,0.611179,17.4058,20.6998,298.506,F
988,1,HappyBirthday,929,5475.52,M,1,0.000405867,1.36176,1468.34,0.615369,F
988,1,HappyBirthday,1028,730,F,1,0.000538636,0.423444,120852,4.32224,F
989,1,HappyBirthday,260,2190.47,M,1,0.00304692,8.22088,40.4325,1.00306,F
989,1,HappyBirthday,368,35405.7,F,1,0.425009,6.29946,174.125,196.193,F
989,1,HappyBirthday,593,21535,M,1,0.0550455,0.963366,21.0278,18.7534,F
989,1,HappyBirthday,757,15695.4,M,1,0.131325,14.3415,736.53,87.9627,F
990,1,HappyBirthday,448,7300.13,M,1,0.00302703,0.654381,95.4442,1.05553,F
990,1,HappyBirthday,482,1825.48,M,1,0.0886358,2.2666,44.1312,29.6521,F
990,1,HappyBirthday,863,2920.01,F,1,0.615934,0.676493,33.3633,339.446,F
990,1,HappyBirthday,987,3285.85,M,1,0.120613,1.79151,19717.5,912.822,F
991,1,HappyBirthday,139,14235.1,M,1,0.49038,0.102799,89.5108,231.189,F
991,1,HappyBirthday,327,5840.05,F,1,0.00130825,1.82914,2.71448,0.408462,F
992,1,HappyBirthday,10,25915.2,F,1,0.00613195,0.0334588,90272.6,43.0309,F
992,1,HappyBirthday,489,6205.41,M,1,0.344842,1.10823,2537.27,1174.45,F
993,1,HappyBirthday,158,3285.46,F,1,0.0564682,0.142442,6085.96,41.002,F
993,1,HappyBirthday,414,14235.8,F,1,0.518763,0.0991061,0.0881374,227.353,F
993,1,Births,1119,0,M,0,0,0.0395414,0,0,F
994,1,HappyBirthday,447,28470.8,M,1,0,0.176274,760.807,0,F
994,1,HappyBirthday,971,3650.64,F,1,0.00962642,2.3434,872.242,3.66937,F
995,1,HappyBirthday,261,3650.37,F,1,0.00132893,0.292748,56215.9,16.5651,F
995,1,HappyBirthday,773,8395.35,F,1,0.00573105,0.946592,32.8022,1.87007,F
995,1,HappyBirthday,857,8395.98,F,1,0.104152,0.276488,2361.22,62.3775,F
995,1,HappyBirthday,899,12775.1,M,1,0.000916165,0.102929,0.538281,0.285762,F
996,1,HappyBirthday,243,12410.2,M,1,0.000515332,0.0293779,171.34,0.202184,F
996,1,HappyBirthday,264,6570.07,F,1,0.023532,1.06722,79.3896,8.1717,F
996,1,HappyBirthday,510,6205.72,F,1,0.000850358,3.0215,48.2366,0.284219,F
996,1,HappyBirthday,730,2555.81,F,1,0.00652095,0.255113,18.8884,2.08357,F
996,1,HappyBirthday,935,15695.7,F,1,0.011931,3.53185,809.783,3.80205,F
996,1,Births,1120,0,F,0,0,0.00406377,0,0,F
997,1,Births,1121,0,F,0,0,0.0245151,0,0,F
998,1,HappyBirthday,454,27740.9,M,1,0.000966468,0.202561,0.0663548,0.300486,F
998,1,HappyBirthday,564,3285.64,F,1,0.549841,1.85159,27539.2,1156.88,F
998,1,HappyBirthday,578,1095.66,M,1,0.0289643,1.20118,238.03,17.1958,F
998,1,HappyBirthday,846,4745.14,F,1,0.0668712,0.156707,107.286,25.5688,F
999,1,HappyBirthday,70,10220.9,F,1,0.435427,1.2387,1383.86,506.331,F
999,1,HappyBirthday,316,2555.74,M,1,0.782587,0.296205,2247.26,1670.33,F
999,1,HappyBirthday,603,16425.2,F,1,0.172371,0.517253,18506.1,1144.66,F
999,1,HappyBirthday,676,21170.5,F,1,0.622972,3.50151,1346.04,488.613,F
999,1,HappyBirthday,692,4380.51,F,1,0.0029448,11.6511,64.5385,1.02191,F
1000,1,HappyBirthday,584,11315.7,F,1,0.00200995,3.03815,24636.7,9.02454,F
1000,1,Births,1122,0,M,0,0,0.0479114,0,0,F
1001,1,HappyBirthday,401,4380.19,M,1,0.000744353,2.25838,0.0630446,0.231546,F
1002,1,HappyBirthday,659,2555.05,M,1,0.0237879,0.896378,15.3777,8.00435,F
1002,1,HappyBirthday,891,2555.58,M,1,0.0263476,0.0699517,18.9483,8.81137,F
1003,1,HappyBirthday,300,22995.7,M,1,0.0070567,0.00889434,19.3181,2.37207,F
1003,1,HappyBirthday,1029,730,M,1,0.345759,0.0313987,13914.2,400.641,F
1003,1,HappyBirthday,345,6570.54,M,1,0.000411479,2.50362,14272.2,1.84471,F
1003,1,HappyBirthday,922,9490.37,M,1,0.639974,1.30951,6789.96,542.82,F
1004,1,HappyBirthday,628,1460.45,F,1,0.00578089,0.388985,180612,56.1702,F
1004,1,HappyBirthday,637,28835.7,M,1,0.0001195,3.08532,785.388,0.0790258,F
1004,1,HappyBirthday,646,16790.6,F,1,0.0017306,3.71275,5.42639,0.549306,F
1005,1,HappyBirthday,130,5110.22,M,1,0.00350879,21.2583,75.8747,1.48039,F
1005,1,HappyBirthday,155,9490.35,F,1,0.46279,1.54013,2412.38,207.597,F
1005,1,HappyBirthday,255,1095.06,M,1,0.100941,4.48323,825.618,71.6391,F
1005,1,HappyBirthday,379,3650.24,F,1,0.196219,8.56749,25.6105,72.9989,F
1005,1,HappyBirthday,1072,365,M,1,2.46146e-05,0.519966,215819,0.253756,F
1005,1,HappyBirthday,1073,365,M,1,0.00812253,0.0105621,16.6396,2.53962,F
1006,1,HappyBirthday,1074,365,M,1,0,0.0173432,0.568862,0,F
1006,1,HappyBirthday,377,23360.3,F,1,0.957147,0.108949,549.497,1792.15,F
1006,1,HappyBirthday,533,15695.2,M,1,0.233189,0.0519264,59.6705,106.586,F
1006,1,HappyBirthday,712,8395.57,F,1,0.109013,0.422568,304.831,44.1352,F
1006,1,HappyBirthday,814,15695,F,1,0.00437977,0.998152,226.899,1.36438,F
1008,1,HappyBirthday,645,2555.53,M,1,0.00247125,2.34607,72.6712,0.83105,F
1008,1,HappyBirthday,890,5110.08,M,1,0.00108316,0.438701,3.16785,0.340876,F
1009,1,HappyBirthday,302,14600.4,F,1,0.00135665,4.55178,95.0784,0.571181,F
1009,1,HappyBirthday,468,6935.5,M,1,0.0365543,6.89252,13476.5,35.3644,F
1009,1,HappyBirthday,966,8030.89,F,1,0.00140566,4.28269,5.10528,0.445001,F
1010,1,HappyBirthday,13,7665.72,M,1,0.00255024,0.0416534,84.1056,0.907606,F
1010,1,HappyBirthday,48,3285.78,F,1,0.000818365,0.0745458,29283.5,1.01713,F
1010,1,HappyBirthday,554,4745.83,M,1,0.00100001,4.38634,6.18226,0.3188,F
1010,1,HappyBirthday,936,3650.03,F,1,0.105916,0.938655,205.959,38.4174,F
1011,1,HappyBirthday,209,4380.41,F,1,0.00732733,0.776727,9.6267,2.36153,F
1011,1,HappyBirthday,299,21535.5,F,1,0.551677,0.69471,40.7746,272.138,F
1011,1,HappyBirthday,415,1095.92,M,0,0,0.0126466,0,0,F
1011,1,HappyBirthday,525,8031,M,1,0.358035,1.12788,6734.64,542.047,F
1011,1,HappyBirthday,633,6935.37,M,1,0.00383735,4.71233,531.95,1.27677,F
1012,1,HappyBirthday,695,21900.5,M,1,0.00183737,6.90143,24.2292,0.591461,F
1012,1,Births,1123,0,F,0,0,1.36601,0,0,F
1013,1,HappyBirthday,80,33215.4,M,1,0.0017496,9.56125,92.8308,0.629958,F
1013,1,HappyBirthday,94,1095.53,M,1,0.0364959,0.240222,13838.5,27.7119,F
1013,1,HappyBirthday,165,29565.6,F,1,0.105193,0.712443,102101,1459.17,F
1013,1,HappyBirthday,175,3285.57,M,1,0.0193216,0.676982,8791.27,51.9986,F
1013,1,HappyBirthday,470,13506,M,1,0.000641497,6.93723,19.9572,0.212757,F
1013,1,HappyBirthday,843,5475.46,F,1,0.00721317,0.670327,3430.7,9.74438,F
1013,1,HappyBirthday,927,14600.7,M,1,0.150905,0.670952,25.104,57.0183,F
1013,1,HappyBirthday,997,3650.54,F,1,0.000857917,29.1747,170.305,0.454335,F
1013,1,HappyBirthday,1076,365,M,1,0.736433,0.0479119,66.851,499.712,F
1014,1,HappyBirthday,1077,365,M,1,0,0.169501,910.583,0,F
1015,1,HappyBirthday,54,2555.21,M,1,0.00542836,0.160668,18.2591,1.84847,F
1015,1,HappyBirthday,441,1825.98,F,1,0.0398211,0.096777,3385.93,28.525,F
1016,1,HappyBirthday,1030,730,F,1,0.0306568,0.316331,389.233,23.9475,F
1017,1,HappyBirthday,149,11315.8,F,1,0.240859,2.59246,80.6096,106.19,F
1017,1,HappyBirthday,684,5840.27,M,1,0.0730145,0.464062,325.461,52.0097,F
1017,1,HappyBirthday,963,33215.7,F,1,0.0331806,1.90752,1066.37,11.3202,F
1018,1,HappyBirthday,144,1095.71,M,1,0.00760459,5.7926,2151.45,8.21958,F
1018,1,HappyBirthday,151,3285.45,F,1,0.332163,0.6117,53033.1,1670.23,F
1018,1,HappyBirthday,258,35405.6,M,1,0.00015197,0.732239,9624.47,0.207236,F
1018,1,HappyBirthday,353,6205.54,F,1,0.0128932,0.638438,272.359,5.24561,F
1018,1,HappyBirthday,869,1095.81,M,1,0.00547078,0.285301,20.8256,1.8173,F
1019,1,HappyBirthday,278,21170.1,M,1,0.253413,0.922723,5176.82,196.361,F
1019,1,HappyBirthday,411,8030.15,M,1,0.639699,0.0871317,37.0394,334.446,F
1019,1,HappyBirthday,519,34310.2,M,1,0.00592531,0.372653,84.7812,2.45176,F
1019,1,HappyBirthday,775,20805.6,M,1,0.0263495,2.34991,38007.6,102.781,F
1020,1,HappyBirthday,296,5840.29,F,1,0.53291,16.0826,11546.3,686.62,F
1020,1,HappyBirthday,717,9855.28,F,1,0.000865318,0.0774198,24.0729,0.293432,F
1020,1,HappyBirthday,964,7300.87,F,1,0.0011504,12.7535,24.4676,0.377993,F
1021,1,HappyBirthday,138,10220.5,M,1,0.00571587,9.26246,46727.8,8.10789,F
1021,1,HappyBirthday,195,22265.2,M,1,0.000479224,0.451735,9.05938,0.153161,F
1021,1,HappyBirthday,804,8030.1,M,1,5.023e-05,1.70984,32.1071,0.0174732,F
1022,1,HappyBirthday,274,2920.1,M,1,0.407138,0.107813,1372.71,182.703,F
1022,1,HappyBirthday,363,21170.6,M,1,0.0028658,0.245346,453.497,1.49184,F
1022,1,HappyBirthday,522,6935.97,F,1,0.87209,0.0548128,7.68018,645.251,F
1022,1,HappyBirthday,898,14235.5,F,1,0.0500484,0.962221,1306.23,16.2867,F
1022,1,Births,1124,0,M,0,0,0.476881,0,0,F
1023,1,HappyBirthday,615,9125.14,F,1,0.00243772,26.6659,8.60474,0.787249,F
1023,1,HappyBirthday,783,3651,F,1,0.322217,4.37995,117.399,153.554,F
1023,1,HappyBirthday,989,6570.78,M,1,0.0288397,6.93984,33515.6,105.067,F
1024,1,HappyBirthday,230,18250.9,M,1,0.165119,1.04231,89.6069,70.2365,F
1024,1,HappyBirthday,456,18250.5,F,1,0.00471113,1.17085,163.594,1.87191,F
1024,1,HappyBirthday,544,5840.02,M,1,0.0120908,0.911193,122.746,4.73598,F
1026,1,HappyBirthday,894,17885.4,M,1,0.00107317,5.84084,0.0216618,0.333594,F
1027,1,HappyBirthday,408,15695.7,F,1,0.00892084,2.16757,5.28083,2.85966,F
1028,1,HappyBirthday,858,6205.26,M,1,0.458255,0.257291,20.1077,208.122,F
1028,1,Births,1125,0,F,0,0,0.244225,0,0,F
1029,1,HappyBirthday,117,12410.8,M,1,0.00224344,2.57054,32422.6,2.76308,F
1029,1,HappyBirthday,854,17520,M,0,0,0.120786,0,0,F
1030,1,HappyBirthday,1000,8030.82,M,0,0,0.0124988,0,0,F
1030,1,HappyBirthday,604,21170.8,F,1,0.00694021,0.495062,103884,59.9554,F
1031,1,HappyBirthday,96,4015.51,F,1,0.0548262,0.0434025,153.746,21.5998,F
1031,1,HappyBirthday,118,8030.36,M,1,1.48821e-05,0.905455,4701.9,0.0668496,F
1031,1,HappyBirthday,216,2920.23,F,1,0.127135,0.320078,11716.3,1128.47,F
1031,1,HappyBirthday,241,8395.91,M,1,0.446529,1.18632,1457.62,393.688,F
1032,1,HappyBirthday,191,8395.89,F,1,0.0376409,0.29216,41.092,14.043,F
1033,1,HappyBirthday,399,5475.61,F,1,0.24944,2.4828,31468.6,577.568,F
1034,1,HappyBirthday,100,16790.6,M,1,0.00342443,0.569219,792.48,1.33877,F
1034,1,HappyBirthday,1031,730,M,1,0.000185819,0.00542914,55.6128,0.0625595,F
1034,1,HappyBirthday,694,6205.45,F,1,0.21208,56.0089,60795.8,722.597,F
1034,1,HappyBirthday,949,15330.1,M,1,0.000404405,0.30197,1426.11,0.372731,F
1035,1,HappyBirthday,90,4380.04,M,1,0.00234178,3.86049,0.0897587,0.728418,F
1035,1,HappyBirthday,182,4745.16,F,1,0,8.98583,137228,0,F
1036,1,HappyBirthday,567,22630.8,F,1,0.309589,1.2479,10426.1,1279,F
1036,1,HappyBirthday,1032,730,M,1,0.00225412,0.0419634,223.402,1.27795,F
1036,1,HappyBirthday,799,2920.26,F,1,0.254606,3.0497,2385.37,685.592,F
1037,1,HappyBirthday,43,3650.71,F,1,0.0979611,0.796748,9.5423,32.5828,F
1037,1,HappyBirthday,86,14235.5,F,1,0.000926961,0.787871,41.6188,0.308738,F
1037,1,HappyBirthday,426,5475.15,F,1,0.00459127,1.22502,67.4891,1.86391,F
1037,1,HappyBirthday,514,1096,M,1,0.152571,0.0355801,57340.7,747.588,F
1037,1,HappyBirthday,805,1825.09,M,1,0,0.0304193,0,0,F
1037,1,HappyBirthday,809,2920.44,M,1,0.62077,0.0731701,3091.35,703.83,F
1037,1,HappyBirthday,838,33215.7,F,1,0.0432539,0.820834,8288.11,35.9551,F
1037,1,HappyBirthday,993,7665.95,F,1,0.000858872,47.0843,9.96636,0.279803,F
1038,1,HappyBirthday,446,11315.6,M,1,0.0870196,3.219,1624.02,88.8289,F
1038,1,HappyBirthday,481,1825.36,F,1,0.0527046,0.384055,3974.33,29.3172,F
1038,1,HappyBirthday,492,18615.7,F,1,0.0936916,31.399,57571.1,108.006,F
1039,1,HappyBirthday,762,1825.6,F,1,0.00516065,1.27194,85.6368,1.85742,F
1040,1,HappyBirthday,844,12410.7,M,1,0.0530577,1.5564,13.006,18.0543,F
1041,1,HappyBirthday,1078,365,M,1,0.804909,0.0789434,42.2766,549.776,F
1041,1,HappyBirthday,487,9855.57,M,1,0.413425,0.935979,5731.46,224.916,F
1041,1,HappyBirthday,644,12045.2,M,1,0.396165,0.160684,112.343,201.375,F
1042,1,HappyBirthday,6,3650.05,F,1,0.0349485,1.06657,1132.15,13.3527,F
1042,1,HappyBirthday,28,15695.9,F,1,0.0220485,0.724581,653.185,8.59985,F
1042,1,HappyBirthday,106,5840.68,M,1,0.542946,0.761761,459.277,256.554,F
1043,1,HappyBirthday,20,4380.2,M,1,0.00397195,1.37212,48.9455,1.36547,F
1043,1,HappyBirthday,460,4015.2,F,1,0.00101273,1.0357,11.0998,0.322244,F
1043,1,HappyBirthday,724,6570.3,M,1,0.00186594,0.478936,35.5236,0.608795,F
1043,1,HappyBirthday,1079,365,F,1,0.199977,0.136613,3763.51,139.236,F
1044,1,HappyBirthday,202,26645.1,F,1,0.000742537,0.0135164,1.30559,0.231182,F
1044,1,HappyBirthday,403,10221,F,1,0.693359,0.175602,11580.4,1215.92,F
1044,1,HappyBirthday,566,2555.97,F,1,0.000512624,0.118613,1.43626,0.159444,F
1044,1,HappyBirthday,764,12410.3,F,1,0.0318366,0.0889476,4.45321,10.2143,F
1044,1,HappyBirthday,1033,730,F,1,0.710501,3.18878,133.909,517.196,F
1045,1,HappyBirthday,101,2555.16,F,1,3.45403e-05,0.184519,111234,0.327815,F
1046,1,HappyBirthday,30,4746,M,1,0.000109713,6.42683,361.758,0.0792485,F
1046,1,HappyBirthday,276,2190.48,F,1,0.00223101,0.0726379,17.1227,0.752791,F
1046,1,HappyBirthday,674,5110.58,M,1,0.338096,1.28334,18952.4,476.285,F
1046,1,HappyBirthday,736,10950.4,M,1,0.000127056,0.79815,7.09112,0.0399774,F
1046,1,HappyBirthday,873,21535.1,M,1,9.15636e-05,1.26408,30.1352,0.0300474,F
1047,1,HappyBirthday,58,13141,M,1,0.233005,1.29804,30609.7,933.065,F
1047,1,HappyBirthday,1034,730,M,1,0.00124536,0.246958,247.008,0.547625,F
1048,1,HappyBirthday,292,2190.5,F,1,0.585964,1.11485,852.446,372.853,F
1049,1,HappyBirthday,19,20805.2,M,1,0.00380792,0.5436,73.6879,1.36106,F
1049,1,Births,1126,0,M,0,0,0.0107405,0,0,F
1050,1,HappyBirthday,315,11680.2,M,1,0.0038299,1.34835,1072.3,1.29209,F
1050,1,HappyBirthday,346,24455.4,M,1,0.583651,0.259303,1290.79,763.875,F
1050,1,HappyBirthday,587,1825.11,M,1,0.00193331,1.91253,1089.58,2.61383,F
1050,1,HappyBirthday,678,1460.61,F,1,0.0046092,2.6794,0.00963881,1.43537,F
1050,1,HappyBirthday,926,31755.5,F,1,0.123895,0.312483,152.778,50.2238,F
1050,1,Births,1127,0,M,0,0,1.47342,0,0,F
1051,1,HappyBirthday,284,13140.6,F,1,0.00162649,0.324596,13.9015,0.536971,F
1052,1,HappyBirthday,44,17521,F,1,0.538888,0.609141,9592.71,585.522,F
1052,1,HappyBirthday,89,1825.09,M,1,0.00338925,0.916653,709.323,1.06054,F
1052,1,HappyBirthday,214,2555.02,M,1,0.0022179,2.07747,199055,22.0807,F
1052,1,HappyBirthday,1080,365,F,1,0.263341,0.106462,1.72769,95.3311,F
1052,1,HappyBirthday,732,1825.9,F,1,0.00895055,5.86885,62881.1,49.0204,F
1052,1,HappyBirthday,823,1825.56,F,1,0.173379,1.42605,569.88,129.015,F
1053,1,HappyBirthday,503,3285.92,F,1,0.00323711,1.73437,20827.8,3.47805,F
1053,1,HappyBirthday,591,8760.14,M,1,0.012354,1.45828,86.4224,5.18313,F
1053,1,HappyBirthday,721,5840.81,M,1,0.000110354,0.942622,16198.1,1.11847,F
1054,1,HappyBirthday,154,17520.4,M,1,0.302931,31.1373,45048.9,463.114,F
1054,1,HappyBirthday,392,35770.6,F,1,0.0729209,0.40185,9663.1,32.9407,F
1055,1,HappyBirthday,238,1095.24,F,1,0.000208967,0.0887032,23.1325,0.0673802,F
1055,1,HappyBirthday,742,12410.2,F,1,0.013377,1.00696,43.8982,5.002,F
1055,1,HappyBirthday,988,2920.91,M,1,2.33178e-05,0.0179453,16.812,0.00786844,F
1055,1,HappyBirthday,1081,365,F,1,0.108881,0.106469,167796,1364.37,F
1056,1,HappyBirthday,110,17886,M,1,0.00128153,1.07462,9212.07,4.32922,F
1057,1,HappyBirthday,473,30295.4,F,1,0.00399586,0.452885,28.966,1.26148,F
1057,1,HappyBirthday,620,4015.57,F,1,0.234486,0.396537,66773.1,1523.26,F
1057,1,HappyBirthday,703,21535,M,1,0.703211,2.12424,2949.92,1775.77,F
1057,1,HappyBirthday,751,1825.67,F,1,0.0901913,0.116519,5739.17,33.8302,F
1058,1,HappyBirthday,50,7300.12,F,1,0.0019963,0.0447741,472.545,1.68478,F
1058,1,HappyBirthday,502,4015.12,F,1,0.121317,0.0865815,119.369,52.4821,F
1058,1,HappyBirthday,556,1095.41,M,1,0,0.0417943,0,0,F
1059,1,HappyBirthday,9,3285.07,F,1,0.000486633,0.673097,76.8643,0.166421,F
1059,1,HappyBirthday,47,2190.82,F,1,0.109477,0.0210695,11006.3,257.022,F
1060,1,HappyBirthday,612,31390.2,M,1,0.00123256,0.667963,1.5109,0.386194,F
1060,1,HappyBirthday,648,13505.7,M,1,0.00173977,0.879121,10912.3,12.169,F
1060,1,HappyBirthday,930,6935.3,F,1,0.121418,0.222007,8.41757,41.6625,F
1061,1,HappyBirthday,3,2555.02,M,1,0.497429,4.49242,115.388,251.807,F
1061,1,HappyBirthday,680,1095.79,F,1,0.0595999,0.327803,112.771,21.2461,F
1061,1,HappyBirthday,800,11315.4,F,1,0.230315,0.351059,5.62286,81.4407,F
1061,1,HappyBirthday,992,3285.5,M,1,0.271668,0.0419763,35863.6,638.171,F
1062,1,HappyBirthday,529,5475.31,F,1,0.103585,5.80398,4.7057,34.0079,F
1062,1,HappyBirthday,607,12410,F,1,0.598095,2.31343,864.398,1106.88,F
1062,1,HappyBirthday,895,4380.77,M,1,0.00012988,1.98526,16.661,0.0413159,F
1062,1,HappyBirthday,938,2920.77,M,1,0.517468,0.141735,979.528,906.46,F
1064,1,HappyBirthday,269,9490.54,F,1,0.0496659,0.600207,3163.32,125.545,F
1064,1,HappyBirthday,528,6935.27,F,1,0.227295,0.366253,17.8606,84.8223,F
1064,1,HappyBirthday,665,6570.85,F,1,0.00468717,6.44815,1.04532,1.46662,F
1065,1,HappyBirthday,186,5840.61,M,1,0.0203576,1.80406,13.0752,6.5351,F
1065,1,HappyBirthday,236,4745.29,M,1,0.154703,0.0671937,91077.3,951.452,F
1065,1,HappyBirthday,463,4380.2,F,1,0.788789,1.15575,173.539,588.123,F
1065,1,HappyBirthday,673,5110.47,F,1,0.139294,0.316171,125.954,68.6243,F
1065,1,HappyBirthday,978,7300.87,F,1,0.928667,0.972803,33.6842,873.653,F
1066,1,HappyBirthday,189,13141,M,1,0.0126641,0.405637,54.0032,4.90797,F
1067,1,HappyBirthday,382,5475.44,M,1,4.38006e-05,1.16778,328.073,0.0299991,F
1067,1,HappyBirthday,720,17886,F,1,0.683468,0.46127,3390.84,431.638,F
1067,1,HappyBirthday,952,2190.21,M,1,0.00262312,0.439942,3912.46,5.08739,F
1068,1,HappyBirthday,36,5475.77,M,1,0.0021784,0.107695,26.2039,0.708408,F
1068,1,HappyBirthday,81,21535.2,M,1,0.291216,4.95453,2583.52,958.243,F
1068,1,HappyBirthday,442,2920.66,F,1,0.229608,0.797959,78.9592,106.239,F
1068,1,HappyBirthday,739,2555.78,M,1,0.000233012,0.324124,3.24394,0.0733536,F
1068,1,HappyBirthday,830,14235,F,1,0.00704799,11.693,20921.1,41.2088,F
1069,1,HappyBirthday,95,6570.97,M,1,0.00475931,1.81689,21143.4,3.1063,F
1069,1,HappyBirthday,161,1460.01,F,1,0.0052574,1.21327,63.4181,1.75691,F
1069,1,HappyBirthday,193,8030.55,M,1,0.0325504,2.99881,36832.6,76.1604,F
1069,1,HappyBirthday,275,23360.7,F,1,0.524846,0.306086,422.855,377.864,F
1069,1,HappyBirthday,287,27375.6,F,1,0.0165348,0.640802,101626,70.4947,F
1069,1,HappyBirthday,862,17885.4,F,1,0.0200978,0.424997,518.289,17.8725,F
1070,1,HappyBirthday,208,2920.69,M,1,0.00277486,0.15531,19.0817,0.890987,F
1071,1,HappyBirthday,511,12775.3,M,1,0.674431,0.12785,1.80249,349.512,F
1072,1,HappyBirthday,16,2555.67,M,1,0.281386,0.33833,1512.2,458.527,F
1072,1,HappyBirthday,491,16060.9,F,1,0.241349,0.192498,2103.99,616.187,F
1072,1,HappyBirthday,1082,365,F,1,0.000305831,0.238585,4292.5,1.28994,F
1072,1,Births,1128,0,F,0,0,0.0225807,0,0,F
1073,1,HappyBirthday,78,8395.68,F,1,2.24037e-06,0.111878,20391.6,0.02564,F
1073,1,HappyBirthday,120,1095.76,M,1,0.942368,0.126847,853.192,1811,F
1073,1,HappyBirthday,298,1095.4,M,1,0.000579727,0.401482,1578.13,0.590129,F
1073,1,HappyBirthday,329,10585.6,F,1,0.000869164,0.316755,52.575,0.291249,F
1073,1,HappyBirthday,405,2555.27,M,1,0.219031,0.0663891,37.8417,87.1411,F
1073,1,HappyBirthday,1083,365,F,1,0.00714878,0.0807881,188.045,2.36643,F
1073,1,HappyBirthday,777,6935.49,M,1,0.0111395,16.74,3593.59,4.22614,F
1073,1,HappyBirthday,959,4380.96,M,1,0.00304808,20.8824,31.4663,1.0792,F
1074,1,HappyBirthday,802,1095.17,F,1,0.48382,0.43746,1388.44,1029.01,F
1074,1,HappyBirthday,886,1460.74,M,1,0.000198174,0.120733,97597.8,1.37939,F
1075,1,HappyBirthday,1035,730,M,1,1.67432e-05,0.0231054,190238,0.164709,F
1075,1,HappyBirthday,590,24455.7,M,1,0.108319,1.30081,69.7869,38.2171,F
1076,1,HappyBirthday,596,20440.3,F,1,0.392455,0.151435,2202.48,313.031,F
1076,1,HappyBirthday,679,4380.37,F,1,0.000216588,1.4403,12.4527,0.0711664,F
1077,1,HappyBirthday,407,18615.9,F,1,0.00156792,0.799347,35.43,0.559362,F
1079,1,HappyBirthday,22,23725.7,F,1,0.190806,1.03401,21.4812,67.5819,F
1079,1,HappyBirthday,354,7665.35,F,1,0.883706,0.372683,353.042,1286.69,F
1079,1,HappyBirthday,970,7665.55,M,1,0.610699,0.322259,14435.7,712.021,F
1080,1,HappyBirthday,335,1460.3,M,1,0.0115375,0.0668909,0.230418,3.60663,F
1081,1,HappyBirthday,413,4745.61,F,1,0.00271767,0.731329,20922,2.94736,F
1081,1,HappyBirthday,417,7300.05,M,1,0.00248517,0.112002,1.51456,0.774115,F
1081,1,HappyBirthday,1084,365,F,1,0.0527877,0.0453474,1.28485,16.9618,F
1081,1,HappyBirthday,969,9490.74,M,1,0.0944484,0.615674,24618.2,1082.31,F
1082,1,HappyBirthday,438,5110.04,M,1,0.00351472,4.15693,17.7947,1.17043,F
1082,1,HappyBirthday,709,11315.8,F,1,0.000161697,3.42331,130.274,0.0597762,F
1083,1,HappyBirthday,142,14235.3,M,1,0.0448213,9.93177,1122.99,26.5129,F
1083,1,HappyBirthday,263,21535.3,F,1,0.00326064,1.87794,61.6243,1.09297,F
1083,1,HappyBirthday,931,7300.08,M,1,0.321065,0.133757,5834.38,154.618,F
1084,1,HappyBirthday,772,4015.85,F,1,0.00536443,0.103158,1.85275,1.67235,F
1084,1,HappyBirthday,897,20440.9,F,1,0.110407,9.92545,16.4166,37.6575,F
1084,1,HappyBirthday,944,16790.4,M,1,0.00325421,5.61218,40.0649,1.06764,F
1085,1,HappyBirthday,159,20440.1,F,1,0.0899078,7.52764,448.269,44.7828,F
1085,1,HappyBirthday,427,3650.43,F,1,0.000414992,1.39989,69638.5,1.5571,F
1085,1,HappyBirthday,1085,365,F,1,0.276597,0.103202,21641,1854.23,F
1085,1,HappyBirthday,722,23725.9,F,1,0.00736114,0.0203575,4.30022,2.29599,F
1086,1,Births,1129,0,F,0,0,0.0106839,0,0,F
1087,1,HappyBirthday,41,3650.64,F,1,0.00157317,0.0120246,0.723377,0.491175,F
1087,1,HappyBirthday,431,8030.94,F,1,0.00309668,21.6337,13.9907,1.0155,F
1087,1,HappyBirthday,504,2555.46,F,1,0.0684902,0.0579525,16.5202,23.1652,F
1087,1,HappyBirthday,651,1460.24,F,1,0.00179211,4.10414,18.0185,0.604694,F
1090,1,HappyBirthday,765,12410.7,F,1,0.238058,0.269956,159.472,107.598,F
1090,1,HappyBirthday,832,1460.77,F,1,0.910003,0.177849,1993.38,894.476,F
1090,1,HappyBirthday,909,17155.7,M,1,0.257768,0.477611,2393.62,328.447,F
1091,1,HappyBirthday,1036,730,F,1,0.142746,0.0810628,75.3275,49.4844,F
1092,1,HappyBirthday,226,15330.5,M,1,0.000202386,0.989687,364.88,0.0976346,F
1092,1,HappyBirthday,400,2920.56,M,1,0.00822355,0.013442,137.183,3.07835,F
1093,1,HappyBirthday,750,1095.65,F,1,0.0365672,0.0810105,109.518,14.2531,F
1094,1,HappyBirthday,583,1460.65,F,1,0.0361279,0.0249169,1517.24,14.3471,F
1094,1,HappyBirthday,729,2190.85,M,1,0.000487601,0.0264407,1024.18,0.638086,F
1094,1,HappyBirthday,985,13505.2,M,1,0.00590551,7.43113,4661.19,14.3941,F
1095,1,HappyBirthday,1087,365,F,1,0.327495,1.43419,568.67,219.454,F
1095,1,HappyBirthday,1086,365,M,1,0,0.693612,0.103507,0,F
1095,1,HappyBirthday,933,26645.9,F,1,0.00085008,0.643458,0.992943,0.264606,F
1096,1,HappyBirthday,937,12410.9,M,1,0.239446,4.86106,88.4513,114.257,F
1098,1,HappyBirthday,114,1460.29,F,1,0.000926872,1.19767,2.93466,0.292561,F
1098,1,HappyBirthday,240,2190.85,M,1,0.12896,0.433964,59.0951,46.1859,F
1098,1,HappyBirthday,289,2190.17,F,1,0.417717,27.5839,13428.4,254.534,F
1098,1,HappyBirthday,976,4745.38,M,1,0.789682,0.235305,339.547,708.499,F
1099,1,HappyBirthday,1002,1095,F,1,0.000770527,0.0900762,26.307,0.248313,F
1099,1,HappyBirthday,634,27375.3,M,1,0.558253,0.116624,41.6288,262.784,F
1099,1,HappyBirthday,786,4015.15,M,1,0.00142009,0.380196,28.962,0.461536,F
1099,1,HappyBirthday,1037,730,M,1,0.000873124,0.158976,235.862,0.508706,F
1100,1,HappyBirthday,64,13505.6,M,1,0.0200121,0.025381,418.251,18.482,F
1100,1,HappyBirthday,610,27375.2,M,1,0.00328041,0.0627085,1.38489,1.02844,F
1100,1,HappyBirthday,893,10585.6,M,1,0.561635,1.39302,2248.83,351.387,F
1100,1,HappyBirthday,920,1825.32,F,1,0.00132896,0.684282,88.8973,0.470733,F
1101,1,HappyBirthday,459,8030.6,F,1,0.016386,0.350161,6.98257,5.21359,F
1101,1,HappyBirthday,689,2555.4,F,1,0.00684026,0.290713,9.91599,2.13359,F
1101,1,HappyBirthday,778,2920.45,M,1,0.0044037,1.11678,61.2349,1.64057,F
1101,1,HappyBirthday,977,3650.94,M,1,0.00106418,0.356241,15934.7,0.510142,F
1102,1,HappyBirthday,553,27010.1,F,1,0.0513253,0.493743,4.33195,16.3969,F
1102,1,HappyBirthday,754,10220.6,M,1,0.142039,6.39247,76.0861,63.7255,F
1102,1,Births,1130,0,M,0,0,0.0892437,0,0,F
1103,1,HappyBirthday,190,9490.46,M,1,0.0962263,1.41229,6413.44,94.4377,F
1103,1,HappyBirthday,903,31025.8,M,1,0.241052,0.488772,20.5701,93.8232,F
1104,1,HappyBirthday,68,4015.5,F,1,5.75561e-05,0.348563,7157.2,0.163027,F
1104,1,HappyBirthday,367,18980.4,F,1,0.00479769,0.140065,0.951743,1.50088,F
1104,1,HappyBirthday,948,4380.26,M,1,0.127238,4.29887,23.3514,45.2555,F
1105,1,HappyBirthday,1003,1095,M,1,0.0493741,2.99865,529.879,43.3594,F
1106,1,HappyBirthday,247,1460.74,M,1,0.014543,0.0618737,177.335,5.4744,F
1106,1,HappyBirthday,387,23725.3,F,1,0.00162291,3.54242,4.37291,0.515853,F
1106,1,HappyBirthday,597,8760.86,M,1,0.665244,0.325179,973.168,914.668,F
1106,1,Births,1131,0,F,0,0,0.147354,0,0,F
1107,1,HappyBirthday,57,8030.85,F,1,0.00843325,0.228891,15.0748,2.71801,F
1108,1,HappyBirthday,366,2190.37,F,1,0.433404,0.684704,3708.34,335.265,F
1108,1,HappyBirthday,643,5475.21,M,1,0.00579071,0.00596518,6.2903,1.83489,F
1108,1,HappyBirthday,812,14235.8,M,1,0.0141979,1.26539,5365.38,28.9132,F
1108,1,HappyBirthday,819,16425.2,F,1,0.000660031,0.468957,21.6506,0.212743,F
1109,1,HappyBirthday,91,4380.68,F,1,0.0982346,5.14472,35257,807.236,F
1109,1,HappyBirthday,254,7665.76,M,1,0.537821,4.5426,48.3433,279.211,F
1109,1,HappyBirthday,476,5475.8,F,1,0.165268,0.604536,49.9591,56.1573,F
1109,1,HappyBirthday,1088,365,M,1,0.00727935,0.71922,8813.51,2.27188,F
1109,1,Births,1132,0,F,0,0,1.0466,0,0,F
1110,1,HappyBirthday,136,4015.55,F,1,0.02192,0.19597,29.3303,7.18646,F
1111,1,HappyBirthday,538,13505.7,M,1,0.0418762,1.65382,160.704,17.4107,F
1112,1,HappyBirthday,339,20075.2,F,1,0.00248296,0.0348634,48565.3,3.2717,F
1112,1,HappyBirthday,402,3650.04,F,1,0.211922,5.34395,70765.3,1233.68,F
1113,1,HappyBirthday,436,9855.32,F,1,0.00178816,0.916372,7778.29,0.69926,F
1113,1,HappyBirthday,915,3285.13,F,1,0.0201253,0.853465,37.3401,7.23747,F
1114,1,HappyBirthday,288,1825.49,F,1,0.722738,0.0839451,10991.3,1207.41,F
1115,1,HappyBirthday,38,32850,F,1,0.00534325,1.33259,32.5332,1.81218,F
1115,1,HappyBirthday,1038,730,M,1,0.537273,0.297435,174.315,322.583,F
1115,1,Births,1133,0,M,0,0,14.1683,0,0,F
1116,1,HappyBirthday,79,19345.7,F,1,0.0153816,0.710741,66.1002,5.36544,F
1116,1,HappyBirthday,668,7300.06,M,1,0.0154419,0.261982,38.0001,5.69391,F
1116,1,HappyBirthday,702,4745.51,M,1,0.0620955,2.42681,5636.48,69.8189,F
1117,1,HappyBirthday,217,1460.57,F,1,0.00547146,1.3574,37.9865,1.80363,F
1117,1,HappyBirthday,1039,730,F,1,0.823318,0.358019,214.05,828.491,F
1117,1,HappyBirthday,815,1825.19,M,1,0.00672561,0.0424074,23.4959,2.34363,F
1117,1,HappyBirthday,904,4015.02,F,1,0.959016,2.03584,573.218,1584.3,F
1118,1,HappyBirthday,576,24455.7,F,1,0.00169014,0.0480104,27.1268,0.550039,F
1118,1,HappyBirthday,794,2555.33,M,1,0.106382,0.0855004,6.05261,35.9922,F
1118,1,HappyBirthday,817,7665.74,F,1,0.213582,2.41939,104.605,88.1037,F
1118,1,HappyBirthday,983,5110.53,F,1,0.18447,0.229342,10049.1,182.501,F
1119,1,HappyBirthday,246,10950.6,M,1,0.00321164,0.449652,21.4075,1.03679,F
1119,1,HappyBirthday,543,17885.7,F,1,0.000456355,0.153034,1.51777,0.142081,F
1119,1,HappyBirthday,947,1461,M,1,0.763436,0.642666,2476.03,1117.36,F
1120,1,HappyBirthday,796,20440.2,M,1,0.026445,1.36399,97331,386.929,F
1120,1,HappyBirthday,932,13140.7,F,1,0.109052,31.3586,44185.4,1193.44,F
1120,1,HappyBirthday,945,4015.8,M,1,0.0278248,0.20912,1682.11,9.18438,F
1121,1,HappyBirthday,998,13505.3,F,1,0.0992059,0.764472,425.232,51.406,F
1121,1,HappyBirthday,1004,1095,F,1,0.00852997,0.128196,79819.2,64.5892,F
1122,1,HappyBirthday,515,5840.96,M,1,0.301895,0.948395,22.2272,115.959,F
1122,1,HappyBirthday,733,8030.46,M,1,0.0148763,0.725123,83.0638,6.44249,F
1122,1,HappyBirthday,1005,1095,F,1,0.00738673,0.226432,41.3195,2.4367,F
1122,1,Births,1134,0,F,0,0,0.0101901,0,0,F
1123,1,HappyBirthday,59,3285.47,F,1,0.00184086,0.0476795,13.6057,0.59333,F
1123,1,HappyBirthday,272,29200.7,F,1,0.0102948,1.69459,94.0049,3.63572,F
1123,1,HappyBirthday,1040,730,M,1,0.00488091,0.415821,117.151,1.81905,F
1123,1,HappyBirthday,905,35040.3,F,1,0.00452537,5.37985,44.3193,1.52157,F
1124,1,HappyBirthday,125,9855.09,M,1,0.0050838,2.14531,123.129,2.54156,F
1124,1,HappyBirthday,1006,1095,M,0,0,0.0195122,0,0,F
1125,1,HappyBirthday,1089,365,F,1,0.00802378,0.0105148,46.744,2.95697,F
1125,1,HappyBirthday,638,6570.95,M,1,0.000907736,4.0823,54.2529,0.308462,F
1125,1,HappyBirthday,818,6935.58,F,1,0.00409538,2.13975,0.261313,1.27574,F
1126,1,HappyBirthday,163,21170.4,M,1,0.00430442,1.18129,68.8068,1.53267,F
1126,1,HappyBirthday,699,23360.4,M,1,0.567321,0.0357616,483.544,263.454,F
1127,1,HappyBirthday,170,23360.8,M,1,0.0128741,1.23344,22.3703,4.44103,F
1127,1,HappyBirthday,279,13505.1,M,1,0.0038086,0.556657,62.7317,1.19553,F
1127,1,HappyBirthday,881,1825.73,F,1,7.93672e-05,0.944936,555.141,0.0741762,F
1127,1,HappyBirthday,908,1825.49,M,1,0.025976,0.0292819,313.762,9.34838,F
1128,1,HappyBirthday,2,17885.5,M,1,0.00306138,0.221124,43.6259,1.01585,F
1128,1,HappyBirthday,1041,730,F,1,0.000675097,10.6166,3.69862,0.212844,F
1128,1,HappyBirthday,625,25915.3,M,1,0.0792876,12.7141,27767.4,415.716,F
1128,1,HappyBirthday,780,5475.9,M,1,0.0889223,0.0870736,1218.63,32.1915,F
1128,1,HappyBirthday,860,10585.5,M,1,0.0169169,0.647306,18145.9,17.6132,F
1129,1,HappyBirthday,338,1825.43,M,1,0.0596203,0.377406,32884.3,75.4236,F
1130,1,HappyBirthday,318,8030.88,F,1,0.0506944,6.61194,30.6486,16.8769,F
1131,1,HappyBirthday,320,11315.1,M,1,0.627807,1.10344,171.453,512.579,F
1131,1,HappyBirthday,374,3285.08,F,1,0.0124086,0.0499966,8.83539,3.93337,F
1131,1,HappyBirthday,711,1825.38,M,1,0.00146365,0.647218,28.6138,0.46219,F
1132,1,HappyBirthday,789,8760.24,F,1,0.00209699,0.207316,0.417023,0.653372,F
1132,1,HappyBirthday,1007,1095,M,1,0.0371985,0.517824,2580.86,12.7413,F
1132,1,HappyBirthday,848,5840.67,M,1,0.0958579,0.159515,2928.79,87.3159,F
1133,1,HappyBirthday,119,13870.5,F,1,0.0055824,1.10989,47.4862,1.85708,F
1133,1,HappyBirthday,306,13870.4,F,1,0.00544102,0.972136,2.14186,1.71423,F
1133,1,HappyBirthday,398,8760.92,F,1,0.0124525,6.48417,16352.1,7.25701,F
1134,1,HappyBirthday,67,10950.1,M,1,0.000994964,0.301421,9.5403,0.322547,F
1134,1,HappyBirthday,73,1825.66,F,1,0.00329697,0.102264,4.56411,1.02801,F
1134,1,HappyBirthday,616,7665.1,F,1,0.318473,2.59505,4229.49,693.202,F
1134,1,HappyBirthday,961,1460.35,M,1,0.0297677,7.39984,234.144,12.9558,F
1135,1,HappyBirthday,122,6205.27,M,1,0.000262822,0.955563,49546.1,0.360842,F
1135,1,HappyBirthday,1042,730,M,1,0.00235164,0.288706,25.8714,0.817684,F
1135,1,HappyBirthday,250,13870.4,M,1,0.812106,1.74654,1542.23,1379.64,F
1135,1,HappyBirthday,390,24820.9,M,1,0.648013,0.251547,553.833,344.098,F
1135,1,HappyBirthday,660,1825.48,M,1,0.0300443,0.432053,4.84754,9.71149,F
1135,1,HappyBirthday,731,2920.42,M,1,0.031262,0.897046,7662.4,43.3978,F
1136,1,HappyBirthday,39,15330.6,F,1,0.0224631,0.732777,670.933,19.6076,F
1136,1,HappyBirthday,148,18250.7,F,1,0.250624,1.02562,5264.31,1332.82,F
1136,1,HappyBirthday,483,7665.89,F,1,3.25384e-05,0.22058,29.3802,0.0106286,F
1137,1,HappyBirthday,76,10951,M,1,1.00563e-05,2.59927,92539.4,0.140495,F
1137,1,HappyBirthday,558,10220.6,F,1,0.186248,3.32566,7.06661,64.1184,F
1137,1,HappyBirthday,669,16060.3,F,1,0.000663453,3.84135,13.7498,0.210942,F
1137,1,Births,1135,0,F,0,0,0.762076,0,0,F
1138,1,HappyBirthday,565,1460.26,M,1,0.000735566,0.240411,92.5581,0.25154,F
1138,1,HappyBirthday,768,6935.45,M,1,0.00326556,2.66531,34.0638,1.01946,F
1138,1,HappyBirthday,769,16060.1,M,1,0.180435,0.68114,51.7349,76.2575,F
1139,1,HappyBirthday,550,8395.38,M,1,0.588422,0.154558,39.4635,294.654,F
1139,1,HappyBirthday,588,8395.75,M,1,0.00537025,5.07604,17.1312,1.7836,F
1139,1,HappyBirthday,880,4015.71,F,1,0.000840971,0.168335,0.000323717,0.261411,F
1139,1,HappyBirthday,1043,730,F,1,1.05003e-05,0.0874408,21884,0.0578049,F
1139,1,Births,1136,0,M,0,0,0.0333539,0,0,F
1140,1,HappyBirthday,75,14965.9,M,1,0.00907718,1.02768,72.7876,3.22244,F
1140,1,HappyBirthday,204,5110.55,F,1,0.0181127,0.576271,21.3485,5.7596,F
1140,1,HappyBirthday,457,9855.02,F,1,0.705889,0.172218,368.554,384.194,F
1140,1,HappyBirthday,636,14965.6,F,1,0.248984,0.739329,17263.8,167.134,F
1140,1,HappyBirthday,840,9855.15,M,1,0.522048,3.44752,63.8097,251.793,F
1140,1,HappyBirthday,995,15330.9,M,1,0.154156,0.243228,2.59838,52.2833,F
1141,1,HappyBirthday,72,5840.34,F,1,0.0056544,0.912509,2846.19,4.26747,F
1141,1,HappyBirthday,249,13870.4,F,1,0.105986,0.080708,19089.4,318.766,F
1141,1,HappyBirthday,950,7300.2,M,1,0.00334332,74.0894,2.56854,1.04339,F
1142,1,HappyBirthday,134,4380.7,M,1,0.0073149,1.8062,39718.1,28.4604,F
1142,1,HappyBirthday,285,5110.07,M,1,0.269186,0.59938,2.53875,97.496,F
1142,1,HappyBirthday,328,9490.42,M,1,0.903808,1.14882,6857.01,1099.05,F
1142,1,HappyBirthday,934,1460.16,F,1,0.843251,1.30251,686.916,633.349,F
1142,1,HappyBirthday,1044,730,F,1,0.0309389,0.0617636,90.9284,11.2604,F
1143,1,HappyBirthday,26,6935.79,F,1,0.00178158,1.76448,28184.1,0.744244,F
1143,1,HappyBirthday,45,15695.1,M,1,0.784982,2.18456,7866.2,778.15,F
1143,1,HappyBirthday,99,4380.56,M,1,0.250339,2.91321,1259.73,106.927,F
1143,1,HappyBirthday,523,3650.24,F,1,0.0519464,3.3843,532.286,23.0742,F
1143,1,HappyBirthday,548,4380.63,M,1,0.00143495,2.99196,28.1186,0.501828,F
1143,1,HappyBirthday,719,4015.9,F,1,0.00217178,0.355643,21744.9,2.38063,F
1143,1,HappyBirthday,1045,730,M,1,0.0928205,2.98936,375.087,33.5972,F
1144,1,HappyBirthday,61,15695.5,F,1,0.013284,22.7503,52.9018,4.20787,F
1144,1,HappyBirthday,461,12775,M,1,0.0332255,0.84723,632.747,30.3883,F
1144,1,HappyBirthday,635,19345.1,M,1,0.00408479,1.83293,1.49352,1.27535,F
1145,1,HappyBirthday,23,7300.02,F,1,0.00163369,13.8073,14.548,0.545357,F
1145,1,Births,1137,0,M,0,0,0.326081,0,0,F
1147,1,HappyBirthday,355,18250.4,F,1,0.0281063,1.79015,2012.18,47.388,F
1147,1,HappyBirthday,381,20805.6,F,1,0.00293768,0.710209,4073.95,4.39046,F
1147,1,HappyBirthday,1008,1095,F,0,0,0.0395007,0,0,F
1147,1,HappyBirthday,1090,365,M,1,0.141633,0.0179756,1.00291,47.6181,F
1148,1,HappyBirthday,97,4015.96,F,1,0.00246843,0.0364743,0.0861241,0.768235,F
1148,1,HappyBirthday,201,1460.97,F,1,0.0819896,1.35021,21849,56.0699,F
1148,1,HappyBirthday,451,2190.92,M,1,0.0991465,3.32695,4804.78,66.6713,F
1148,1,HappyBirthday,594,2920.45,M,1,0.166001,10.4462,143.846,64.2471,F
1148,1,HappyBirthday,641,9855.67,F,1,0.592244,0.121305,2666.06,328.978,F
1149,1,HappyBirthday,253,4745.18,M,1,0.136837,1.56407,12773.6,247.434,F
1149,1,HappyBirthday,600,9855.94,F,1,0.633059,0.230123,88.0898,358.095,F
1149,1,HappyBirthday,1009,1095,M,1,0.0149543,0.212379,118.525,5.18589,F
1149,1,HappyBirthday,841,12410.7,F,1,0.00258779,1.13874,135.938,0.987427,F
1150,1,HappyBirthday,479,2920.94,F,1,0.00393141,0.204258,0.0757151,1.22417,F
1150,1,HappyBirthday,517,13505.1,M,1,0.00186091,0.126508,482.649,1.59598,F
1150,1,HappyBirthday,1091,365,M,1,2.98928e-06,0.0226775,172695,0.0282778,F
1151,1,HappyBirthday,52,5840.89,F,1,0.00621228,0.0806515,192.853,3.52835,F
1151,1,HappyBirthday,1046,730,M,0,0,0.0143105,0,0,F
1151,1,HappyBirthday,478,3650.62,M,1,0.655824,0.497791,7.99232,332.434,F
1151,1,HappyBirthday,506,3650.39,M,1,0.00533817,0.139044,31.5879,1.75305,F
1151,1,HappyBirthday,524,12045.2,F,1,0.236367,6.34867,1918.04,358.386,F
1152,1,HappyBirthday,388,9855.36,M,1,6.77316e-05,0.0354499,8.30799,0.021804,F
1152,1,HappyBirthday,623,7665.73,M,1,4.54655e-05,2.58548,19.1984,0.0151784,F
1152,1,HappyBirthday,627,15330.4,F,1,0.00600903,0.326927,2.51845,1.88291,F
1152,1,HappyBirthday,728,2555.03,F,1,0.00110223,0.108035,87.6128,0.345102,F
1152,1,HappyBirthday,748,1460.8,M,1,0.0893793,0.836982,2994.07,34.3555,F
1153,1,HappyBirthday,1092,365,M,1,0.00789339,1.31379,43.7496,2.6349,F
1154,1,HappyBirthday,1047,730,F,1,0.0164406,12.1574,3696.36,24.7479,F
1154,1,HappyBirthday,87,2190.47,F,0,0,0.0353377,0,0,F
1154,1,HappyBirthday,348,1460.5,F,1,0.00114655,0.0557816,4.85431,0.358975,F
1154,1,HappyBirthday,790,3285.85,M,1,0.00595563,0.657306,74.9971,2.07006,F
1155,1,HappyBirthday,422,30660.3,M,1,0.00196518,0.102022,7.26828,0.611528,F
1155,1,HappyBirthday,677,12045.2,F,1,0.0225435,1.55792,299.366,10.5042,F
1155,1,HappyBirthday,906,6935.9,M,1,0.0784341,0.707597,14.967,25.9002,F
1156,1,HappyBirthday,410,14600.1,F,1,0.00360979,0.153347,11.3097,1.15429,F
1156,1,HappyBirthday,889,2555.11,F,1,0.00240242,2.67006,2.84284,0.752827,F
1157,1,HappyBirthday,24,20075.2,M,1,0.00108608,1.20554,7.62675,0.348799,F
1157,1,HappyBirthday,93,10585,F,1,9.09607e-05,0.244619,97.019,0.0352478,F
1157,1,HappyBirthday,921,2920.9,M,1,0.0115395,1.37662,46.8367,3.92358,F
1157,1,Births,1138,0,F,0,0,0.032449,0,0,F
1158,1,HappyBirthday,1010,1095,M,1,0,0.0540176,0.341476,0,F
1158,1,HappyBirthday,940,8030.43,M,1,0.000547443,0.264087,33.9006,0.180165,F
1159,1,HappyBirthday,224,3285.43,F,1,0.000207872,0.129016,2.35863,0.0646122,F
1159,1,HappyBirthday,262,4015.42,F,1,0.268287,2.75721,1320.93,119.82,F
1159,1,HappyBirthday,741,9855.56,F,1,0.0788956,2.20338,44.4822,29.4329,F
1159,1,HappyBirthday,825,5475.07,M,1,0.0170871,1.8345,3521.24,19.7818,F
1160,1,HappyBirthday,474,1460.96,M,1,0.287164,0.145306,36.5099,106.342,F
1160,1,HappyBirthday,685,2920.12,M,1,6.26353e-05,0.164895,100887,0.913512,F
1160,1,HappyBirthday,743,2555.84,M,1,6.12816e-05,0.359889,16054.8,0.618373,F
1160,1,HappyBirthday,792,1460.84,F,1,0.539414,0.148661,27019.8,700.991,F
1160,1,HappyBirthday,875,2555.93,F,1,0.031019,0.0590546,4453.7,23.1287,F
1160,1,Births,1139,0,F,0,0,0.0121135,0,0,F
1161,1,HappyBirthday,198,2190.94,M,1,0.0513452,1.39175,21719.9,186.27,F
1161,1,HappyBirthday,901,6935.22,F,1,0.00278533,0.771248,111.744,0.973888,F
1161,1,HappyBirthday,914,9490.19,M,1,0.630593,1.86217,13154,953.691,F
1162,1,HappyBirthday,385,5840.3,F,1,0.000491666,0.31993,80136.8,1.15264,F
1163,1,HappyBirthday,121,7665.54,F,1,0.181629,4.26258,8576.73,914.763,F
1163,1,HappyBirthday,268,6205.79,F,1,0.00987754,0.298028,220.894,4.25522,F
1163,1,HappyBirthday,928,27010.5,F,1,0.0806612,1.64098,19.0949,28.2976,F
1164,1,HappyBirthday,359,34675.7,F,1,0.100139,0.45473,87.8981,41.6239,F
1164,1,HappyBirthday,582,3285.01,F,1,0.124341,0.903524,34724.3,751.001,F
1166,1,HappyBirthday,140,19345.5,M,1,0.039378,5.79576,18.8891,12.8919,F
1166,1,HappyBirthday,561,1460.39,M,1,0.0152351,0.0583821,3344.86,5.22829,F
1167,1,HappyBirthday,439,15330.5,M,1,0.00111839,6.76589,21.2264,0.377627,F
1167,1,HappyBirthday,1011,1095,F,0,0,0.0822868,0,0,F
1168,1,HappyBirthday,389,6935.39,F,1,0.0446434,1.73115,579.371,44.7527,F
1168,1,HappyBirthday,640,5475.91,F,1,0.130695,14.5035,23.5592,45.0649,F
1168,1,HappyBirthday,675,6205.74,F,1,0.000221575,0.0460424,2.10397,0.06891,F
1168,1,HappyBirthday,771,21535.8,M,1,0.0155245,5.44196,65.1741,4.92577,F
1169,1,HappyBirthday,282,23360.3,M,1,0.184383,0.256397,421.353,98.3502,F
1169,1,HappyBirthday,425,25550.4,M,1,0.0150477,0.531306,2.29733,4.72571,F
1169,1,HappyBirthday,498,6570.31,M,1,1.46825e-05,0.0843704,40.3408,0.00506992,F
1169,1,HappyBirthday,508,10220.5,M,1,0.162402,0.728251,497.12,55.1977,F
1169,1,HappyBirthday,535,1825.74,F,1,0.702163,0.327721,154.633,522.632,F
1169,1,HappyBirthday,723,18980.6,F,1,0.254787,0.461276,557.778,119.929,F
1169,1,HappyBirthday,849,1460.16,M,1,0.00166646,18.2975,0.0270128,0.518444,F
1169,1,HappyBirthday,1093,365,M,1,0.00218928,0.828938,0.241436,0.681675,F
1169,1,HappyBirthday,1048,730,M,1,0.380013,1.90977,190.362,212.623,F
1170,1,Births,1140,0,M,0,0,0.0204489,0,0,F
1171,1,HappyBirthday,501,21170.3,F,1,0.244955,0.217976,5057.59,1090.23,F
1171,1,HappyBirthday,946,5110.25,M,1,0.51138,7.25789,27916.8,766.417,F
1172,1,HappyBirthday,233,6935.08,F,1,0.139146,0.0799627,43.7735,46.9468,F
1172,1,HappyBirthday,347,7665.09,M,1,0.00988488,0.0955222,452.201,9.28418,F
1172,1,HappyBirthday,420,13870.7,M,1,0.131444,1.17227,1303.96,48.0856,F
1172,1,HappyBirthday,449,6570.46,F,1,0.733925,4.35174,551.449,544.044,F
1173,1,HappyBirthday,88,6570.34,F,1,0.00143429,0.499514,10.3103,0.447309,F
1174,1,HappyBirthday,378,1460.45,F,1,0.000617309,5.25842,22.2898,0.197285,F
1174,1,HappyBirthday,433,11680.3,F,1,0.369723,0.727919,1606.5,411.039,F
1174,1,HappyBirthday,795,4015.67,F,1,0.00125029,0.111091,39.9738,0.46233,F
1174,1,HappyBirthday,917,5840.9,M,1,0.244003,24.8732,26.1654,95.3854,F
1174,1,HappyBirthday,960,1825.91,F,1,0.175233,2.16608,1063.6,85.2218,F
1175,1,HappyBirthday,1049,730,M,1,0.414985,0.528528,9446.46,1720.32,F
1176,1,HappyBirthday,55,4015.7,F,1,0.00170343,0.640491,32.5032,0.595684,F
1176,1,HappyBirthday,776,9855.26,M,1,0.000443728,0.0933464,7928.44,0.166165,F
1176,1,HappyBirthday,821,25550.6,F,1,0.431511,0.252957,564.194,498.13,F
1177,1,HappyBirthday,116,8395.97,F,1,0.000510578,0.983316,100853,7.01838,F
1177,1,HappyBirthday,432,6205.86,M,1,0.174545,0.342797,372.378,74.3852,F
1177,1,HappyBirthday,708,6935.65,M,1,0.0201551,0.895523,3291.53,13.38,F
1177,1,HappyBirthday,839,16790.3,F,1,0.169059,0.093207,13243.6,1251.05,F
1178,1,HappyBirthday,172,7665.68,F,1,0.000295601,9.56882,0.634238,0.0920482,F
1181,1,HappyBirthday,137,10586,F,1,0.0239136,0.78456,27.9946,8.46557,F
1181,1,HappyBirthday,245,29566,F,1,0.147789,75.1193,463.601,53.6499,F
1181,1,HappyBirthday,549,10220.6,F,1,5.808e-05,0.0612605,10.3444,0.0188292,F
1181,1,HappyBirthday,752,29930.3,M,1,0.000491911,5.35639,1361.88,0.201471,F
1182,1,HappyBirthday,453,32485.5,F,1,0.304328,1.20281,618.288,134.54,F
1182,1,HappyBirthday,472,2190.58,F,1,0.000281113,0.0617242,68380.1,1.03774,F
1182,1,HappyBirthday,1050,730,M,1,0.00153925,10.2387,61.1249,0.612725,F
1183,1,HappyBirthday,283,2190.8,M,1,0.190773,0.0514863,1105.74,82.4694,F
1185,1,HappyBirthday,440,3650.07,M,1,0.0131882,7.49379,14108.8,5.89145,F
1185,1,HappyBirthday,580,4745.03,M,1,0.00522519,0.137088,1.34674,1.6282,F
1186,1,HappyBirthday,532,17885.9,F,1,0.813178,0.244723,34.5272,550.348,F
1186,1,HappyBirthday,1094,365,M,1,0.0205956,0.014907,49.1906,7.01322,F
1187,1,HappyBirthday,791,12410.2,M,1,0.198297,1.63553,87.9128,70.2702,F
1189,1,HappyBirthday,1012,1095,M,1,0.00046711,0.0376457,1721.36,0.950939,F
1189,1,HappyBirthday,540,1460.74,F,1,0.00350231,0.348975,0.242034,1.09213,F
1189,1,HappyBirthday,568,21535.6,M,1,0.251635,0.0351957,34.1609,101.28,F
1189,1,HappyBirthday,652,1825.71,M,1,0.00228771,1.90217,204.122,0.986149,F
1189,1,HappyBirthday,1051,730,M,1,0.55157,0.147899,22006.9,803.393,F
1189,1,Births,1141,0,M,0,0,0.183867,0,0,F
1191,1,HappyBirthday,12,2190.8,F,1,0.00902161,0.138871,159.827,2.95413,F
1191,1,HappyBirthday,63,5475.31,F,1,0.179086,0.482866,65.7216,68.0655,F
1192,1,HappyBirthday,705,6205.61,F,1,0.00948077,0.0787496,190.382,5.07469,F
1193,1,HappyBirthday,913,13505.8,F,1,0.169902,1.65213,5413.17,67.1781,F
1193,1,HappyBirthday,958,8395.28,F,1,0.190439,1.45185,16.5714,67.4835,F
1194,1,HappyBirthday,1095,365,M,1,0.0133008,1.38793,782.741,8.61755,F
1195,1,HappyBirthday,227,7665.31,M,1,0.0934002,5.92729,63745.8,537.911,F
1195,1,HappyBirthday,248,9490.77,M,1,8.09877e-05,2.23253,49.6061,0.0270592,F
1195,1,HappyBirthday,631,4015.64,M,1,0.166208,0.0350157,116.756,67.6805,F
1196,1,HappyBirthday,1096,365,F,1,0.00386505,0.0358761,18748.9,4.21249,F
1196,1,HappyBirthday,135,6205.13,F,1,0.015963,6.37121,101.856,5.97372,F
1196,1,HappyBirthday,693,4745.41,F,1,0.789091,0.303163,390.961,514.544,F
1197,1,HappyBirthday,286,4380.05,M,1,0.00480933,0.378437,21.1702,1.54492,F
1197,1,HappyBirthday,310,2920.52,M,1,0.000514644,0.431588,2181.05,1.30267,F
1197,1,HappyBirthday,376,6205.36,M,1,0.00596582,15.7495,31.3069,1.9619,F
1197,1,HappyBirthday,419,2555.18,M,1,0.300067,0.250061,14972.8,1656.31,F
1197,1,HappyBirthday,585,8760.33,F,1,0.0140731,5.32746,46.0865,5.23708,F
1197,1,HappyBirthday,975,25185,M,1,0.0665644,0.10496,33.8662,21.999,F
1198,1,HappyBirthday,624,9125.34,F,1,0.27293,0.208911,5248.06,125.239,F
1199,1,HappyBirthday,244,20075.3,F,1,0.0411365,0.280705,13.5079,13.4393,F
1199,1,HappyBirthday,309,5475.15,M,1,0.0163412,0.262199,40731.4,35.1725,F
1199,1,HappyBirthday,1013,1095,M,1,0.00320586,0.296834,55.2741,1.09251,F
1200,1,HappyBirthday,131,18250.2,F,1,0.00463897,0.0188617,1.64571,1.44897,F
1201,1,HappyBirthday,331,15695.3,F,1,0.010173,2.53454,1643.09,9.95656,F
1201,1,HappyBirthday,630,14600.8,F,1,2.13145e-05,1.23455,188465,0.208449,F
1201,1,HappyBirthday,811,7665.91,M,1,0.000705625,0.0829854,177.187,0.265091,F
1201,1,HappyBirthday,1097,365,M,1,0.00131717,0.0232725,72.0309,0.542013,F
1201,1,HappyBirthday,884,9490.42,M,1,0.604202,1.08944,714.052,606.926,F
1201,1,Births,1142,0,F,0,0,0.204954,0,0,F
1202,1,HappyBirthday,1014,1095,M,1,0.0169702,0.590312,27.8773,5.71205,F
1202,1,HappyBirthday,953,3650.73,F,1,0.0360688,0.886569,95.1535,13.2802,F
1203,1,HappyBirthday,102,14600.4,F,1,0.00887515,0.117465,7076.08,3.34302,F
1203,1,HappyBirthday,192,12045.4,M,1,0.00109218,0.704725,1.77641,0.340597,F
1203,1,HappyBirthday,520,11315.7,F,1,0.00026313,1.97955,14.708,0.083809,F
1203,1,HappyBirthday,667,4015.23,M,1,0.226957,0.165838,67.5867,89.1712,F
1204,1,HappyBirthday,273,16790.7,M,1,0.0364225,3.77314,28.5983,12.3581,F
1204,1,HappyBirthday,395,19345.4,F,1,0.00311955,1.78104,3.03901,0.985589,F
1204,1,HappyBirthday,1098,365,M,1,0.00363109,2.3823,328.21,2.33857,F
1204,1,HappyBirthday,861,21170.4,M,1,0.0010606,1.06273,0.147188,0.329999,F
1205,1,HappyBirthday,127,9490.01,F,1,0.0119952,20.2966,43.7247,4.39198,F
1205,1,HappyBirthday,505,2920.94,M,1,0.73471,2.23128,221.644,557.085,F
1205,1,HappyBirthday,521,2920.25,F,1,0.018013,3.90205,39226.1,21.7695,F
1205,1,HappyBirthday,613,18615.1,F,1,0.664274,0.0292599,36.4605,343.522,F
1205,1,HappyBirthday,746,2555.76,M,1,0.564084,0.60866,12.4897,258.953,F
1205,1,Births,1143,0,M,0,0,0.068557,0,0,F
1206,1,HappyBirthday,14,2555.71,M,1,0.0130231,1.59042,444.902,4.71692,F
1206,1,HappyBirthday,1099,365,M,1,0.000319384,0.034798,174386,3.08966,F
1206,1,HappyBirthday,663,30660.2,F,1,0.181247,23.5424,7286.83,1150.84,F
1206,1,HappyBirthday,698,3650.83,M,1,0.0025165,1.43154,25.5164,0.84361,F
1206,1,HappyBirthday,900,13870.5,M,1,0.000307618,2.71848,301.084,0.141365,F
1206,1,HappyBirthday,1052,730,M,1,0.932587,0.257785,156.434,918.348,F
1208,1,HappyBirthday,129,5110.54,F,1,0.0213309,2.33484,14268.2,20.5051,F
1208,1,HappyBirthday,683,25550.2,F,1,0.000365527,0.020728,12.1875,0.115321,F
1208,1,HappyBirthday,833,7300.47,M,1,0.513446,0.648627,2287.66,457.24,F
1209,1,HappyBirthday,74,15330.2,M,1,0.0770494,0.89628,49.2544,27.07,F
1209,1,HappyBirthday,162,5840.08,M,1,0.04991,0.439525,1881.11,129.41,F
1209,1,HappyBirthday,650,9125.66,F,1,0.00012713,5.63484,176427,1.22262,F
1210,1,HappyBirthday,113,14965.9,M,1,0.00538776,0.216239,43.4045,1.75614,F
1210,1,HappyBirthday,231,25916,F,1,0.000111256,13.7165,95177.5,1.66166,F
1210,1,HappyBirthday,303,4745.11,M,1,0.322332,0.839241,32928.2,818.806,F
1210,1,HappyBirthday,323,17155.3,M,1,0.0994919,0.130562,5142.87,48.881,F
1210,1,HappyBirthday,602,12410.4,F,1,0.000915945,4.36204,9.72085,0.298103,F
1210,1,HappyBirthday,691,13505.7,F,1,0.772408,0.23536,98.7662,504.847,F
1211,1,HappyBirthday,1053,730,M,1,0.150648,0.27319,110.699,62.0404,F
1211,1,HappyBirthday,295,18615.4,F,1,0.175834,2.56976,69.5593,68.3148,F
1212,1,HappyBirthday,806,32120,M,1,0.0891409,0.151861,23633.7,619.35,F
1213,1,HappyBirthday,967,17520.9,M,1,0.0118005,2.58951,135.474,3.95281,F
1215,1,HappyBirthday,337,6205.16,F,1,0.434179,0.400017,379.037,179.758,F
1215,1,HappyBirthday,609,3285.03,M,1,0.00237792,0.577422,7660.18,5.8352,F
1215,1,HappyBirthday,622,9490.96,M,1,0.161647,0.458473,1749.55,63.4585,F
1215,1,HappyBirthday,785,19710.2,M,1,0.000847652,1.36058,0.834374,0.263621,F
1215,1,HappyBirthday,856,9855.89,F,1,0.664302,0.973528,2520.25,1307.38,F
1216,1,HappyBirthday,160,15695.7,F,1,0.414309,0.18175,13655.4,657.785,F
1216,1,HappyBirthday,475,12775.6,F,1,0.865372,0.332553,87.6384,648.819,F
1216,1,HappyBirthday,822,6570.78,F,1,0.917168,0.555189,122.424,917.65,F
1216,1,Births,1144,0,F,0,0,0.0235185,0,0,F
1217,1,HappyBirthday,212,4745.34,M,1,0.0375506,2.59748,303.435,25.2734,F
1218,1,HappyBirthday,108,23360.7,M,1,0.303106,0.593477,3440.42,136.546,F
1218,1,HappyBirthday,174,12045.7,M,1,0.0113552,0.195667,134375,110.903,F
1218,1,HappyBirthday,1100,365,F,1,0.0835947,0.212532,105.938,33.0593,F
1219,1,HappyBirthday,1054,730,M,1,0.230241,0.0517848,12752.1,823.912,F
1220,1,HappyBirthday,406,5110.82,F,1,0.180777,1.25861,195.864,79.1858,F
1220,1,HappyBirthday,706,7300.79,F,1,0.00880805,3.67619,30.5055,3.02321,F
1220,1,HappyBirthday,737,2190.56,F,1,0.501102,0.0530001,13002.8,577.247,F
1220,1,HappyBirthday,872,11315.2,F,1,0.0215272,18.5261,63.819,7.36881,F
1220,1,HappyBirthday,923,7665.19,F,1,0.0462426,8.83482,40.723,17.7137,F
1220,1,HappyBirthday,1056,730,F,1,0.00157013,0.266149,45292.1,1.81258,F
1222,1,HappyBirthday,27,1460.37,M,1,0.0637388,8.53382,85.0028,26.6916,F
1222,1,HappyBirthday,112,15695.8,F,1,0.137587,0.402869,128.254,54.6601,F
1222,1,HappyBirthday,259,1825.97,M,1,2.06024e-05,0.0382486,2.63694,0.00642591,F
1222,1,HappyBirthday,308,3650.75,F,1,0.013958,0.0371904,16.2815,4.46053,F
1222,1,HappyBirthday,452,12410.3,F,1,0.518298,0.816785,2289.28,240.624,F
1222,1,HappyBirthday,617,12045,M,1,0.308691,0.0752407,37694.5,1540,F
1222,1,HappyBirthday,781,19710.5,M,1,0.000196178,0.104568,22.8599,0.0667,F
1222,1,HappyBirthday,1057,730,F,1,0.000232619,0.69063,175667,2.22871,F
1223,1,HappyBirthday,98,3285.48,F,1,0.509073,0.0586124,2930.26,965.378,F
1223,1,HappyBirthday,207,7300.97,M,1,0.00384728,3.08412,57.4677,1.29516,F
1224,1,HappyBirthday,169,13505,M,1,0.0314857,0.208304,148.204,13.79,F
1224,1,HappyBirthday,229,6205.56,M,1,0.0539937,0.789092,662.857,36.9792,F
1224,1,HappyBirthday,297,7300.68,F,1,0.0930968,1.05791,199.716,39.1604,F
1224,1,HappyBirthday,334,3650.93,M,1,0.0867096,0.554711,28213,192.658,F
1224,1,HappyBirthday,618,9855.95,F,1,0.507339,1.51073,851.167,456.394,F
1224,1,Births,1145,0,M,0,0,0.283804,0,0,F
1225,1,HappyBirthday,834,12775.9,M,1,0.164227,2.75826,1.58797,56.1607,F
1225,1,HappyBirthday,1015,1095,F,1,0.284291,4.90755,13.6077,106.188,F
1226,1,HappyBirthday,311,2920.33,M,1,0.0462126,0.12111,60.8551,18.4892,F
1226,1,HappyBirthday,1058,730,F,0,0,0.0114035,0,0,F
1226,1,HappyBirthday,499,23725.7,M,1,0.047698,0.219176,117.154,18.4,F
1226,1,HappyBirthday,797,1460.21,F,1,0.018947,0.772161,43.9042,7.19845,F
1226,1,HappyBirthday,851,13505.4,F,1,0.00632849,0.141408,39709.8,13.9549,F
1226,1,HappyBirthday,919,21900.3,M,1,0.00262808,0.237476,21.3208,0.893577,F
1227,1,HappyBirthday,171,14235.8,F,1,0.788114,0.0173655,39.0554,514.5,F
1227,1,HappyBirthday,740,5840.84,F,1,0.000332055,0.321594,48877.2,0.524161,F
1228,1,HappyBirthday,173,1825.3,M,0,0,0.00818202,0,0,F
1228,1,HappyBirthday,1060,730,F,1,0.00671607,0.0333773,9.17185,2.18046,F
1228,1,HappyBirthday,384,35405.9,F,1,0.686674,0.0628604,191.4,469.193,F
1228,1,HappyBirthday,462,11680.4,F,1,0.106871,0.30831,95.777,39.1941,F
1228,1,HappyBirthday,883,5475.98,M,1,0.00174409,1.64587,725.966,1.13001,F
1228,1,HappyBirthday,973,2555.17,M,1,0.000183332,0.692625,29.8997,0.0608676,F
1228,1,HappyBirthday,1059,730,F,1,0.10646,0.027885,4960.25,249.78,F
1229,1,HappyBirthday,1016,1095,F,1,0.00269786,2.78983,18.5286,0.861758,F
1229,1,HappyBirthday,455,8760.18,F,1,0.0224057,0.0232351,1113.23,18.4066,F
1229,1,HappyBirthday,599,4380.7,M,1,0.104088,1.41401,11672.3,421.974,F
1231,1,HappyBirthday,146,11315.8,F,1,0.685255,1.33327,68.264,407.132,F
1231,1,HappyBirthday,185,6570.8,F,1,0.774719,0.0722759,9274.24,997.247,F
1231,1,HappyBirthday,486,2920.43,F,1,0.0182998,1.72114,0.00561303,5.74013,F
1231,1,HappyBirthday,925,27010.4,M,1,0.187972,0.199465,15532,120.233,F
1232,1,HappyBirthday,25,22265.7,M,1,0.351969,0.0589002,24171.4,794.314,F
1232,1,HappyBirthday,124,8760.82,F,1,0.175603,0.172361,233.864,62.3605,F
1233,1,HappyBirthday,608,8030.9,M,1,0.00813179,0.26199,13.4017,2.66993,F
1233,1,HappyBirthday,1101,365,M,1,0.0974312,0.0558789,3102.45,38.4712,F
1233,1,Births,1146,0,F,0,0,0.0307478,0,0,F
1234,1,HappyBirthday,92,10585.4,M,1,0.0010266,1.19375,18.9193,0.330232,F
1234,1,HappyBirthday,1001,8760.11,M,1,0.00254089,1.49724,21.4276,0.796743,F
1234,1,HappyBirthday,301,11315.1,F,1,0.0299722,0.381898,3.60758,9.51515,F
1234,1,HappyBirthday,340,3650.51,F,1,0.143499,0.873292,150.198,61.399,F
1234,1,HappyBirthday,467,1825.71,F,1,0.00301773,2.22928,15.7214,1.01377,F
1234,1,HappyBirthday,682,19710.5,M,1,0.38169,0.0808675,1232.19,670.174,F
1234,1,HappyBirthday,1102,365,M,1,0.282837,0.0377554,58423.2,1476.2,F
1235,1,HappyBirthday,445,2920.68,M,1,0.00535551,0.348617,74168.5,11.3744,F
1235,1,HappyBirthday,670,10950.8,F,1,0.00191203,0.490695,151.744,0.729452,F
1236,1,HappyBirthday,391,21535,M,1,0.000448,1.0694,1834.5,0.491672,F
1236,1,HappyBirthday,756,30660.9,M,1,0.0145975,0.102531,99022,150.114,F
1237,1,HappyBirthday,852,19710.7,F,1,0.0552992,2.82435,0.624521,17.7292,F
1238,1,HappyBirthday,423,1825.73,M,1,0.0116905,0.145153,67.34,3.95874,F
1238,1,HappyBirthday,434,14235.1,F,1,0.110056,0.364383,21.9554,37.0755,F
1239,1,HappyBirthday,430,29565.4,M,1,0.657499,0.918199,838.29,392.16,F
1239,1,HappyBirthday,1061,730,F,1,0.113941,0.206465,29.825,39.4416,F
1240,1,HappyBirthday,109,1825.19,M,1,0.119052,2.95956,192.63,53.1847,F
1240,1,HappyBirthday,132,4015.41,M,1,0.00536308,0.153501,38.4334,1.8528,F
1240,1,HappyBirthday,801,4015.1,F,1,0.00322285,7.13291,76.3247,1.21241,F
1241,1,HappyBirthday,157,8395.79,F,1,0.0664896,0.987091,85.0577,23.3473,F
1242,1,HappyBirthday,133,2555.84,F,1,0.482968,0.20406,1498.92,304.076,F
1242,1,HappyBirthday,242,5840.41,M,1,1.24556e-06,1.17294,13844.7,0.0103438,F
1242,1,HappyBirthday,424,1825.77,F,1,0.000246698,1.12326,15365.6,0.120235,F
1243,1,HappyBirthday,493,9490.79,F,1,0.681097,2.11633,6105.45,383.216,F
1243,1,HappyBirthday,866,5110.49,M,1,0.0163447,10.8974,20707.1,99.101,F
1243,1,HappyBirthday,916,4380.06,F,1,0.00196292,0.212743,14.1644,0.63152,F
1243,1,HappyBirthday,1103,365,M,1,1.32579e-05,0.0651095,111511,0.134057,F
1244,1,HappyBirthday,32,2555.94,M,1,0.455279,1.11951,13.6498,200.212,F
1244,1,HappyBirthday,351,6205.04,F,1,0.137713,300.828,38.0267,47.1017,F
1244,1,HappyBirthday,808,10951,M,1,0.00080597,0.643645,99268.4,11.5951,F
1245,1,HappyBirthday,66,24821,M,1,0.042472,0.0870206,65.8845,15.9258,F
1245,1,HappyBirthday,290,6935.11,F,1,0.167774,3.31785,2787.78,410.153,F
1245,1,Births,1147,0,F,0,0,0.00444617,0,0,F
1246,1,HappyBirthday,551,8395.64,M,1,0.121288,4.20967,1090.9,40.782,F
1247,1,HappyBirthday,271,4015.61,F,1,6.71184e-05,0.870102,41708.5,0.577268,F
1247,1,HappyBirthday,888,1460.92,M,1,0.202209,3.58034,48.1989,73.3415,F
1248,1,HappyBirthday,1017,1095,F,1,0.00209526,2.47063,38.5584,0.766743,F
1248,1,HappyBirthday,404,5840.27,M,1,0.378509,3.65723,7102.61,573.141,F
1248,1,HappyBirthday,579,4015.95,F,1,0.00109123,0.598306,10799.3,0.417266,F
1248,1,Births,1148,0,M,0,0,0.222591,0,0,F
1249,1,HappyBirthday,1018,1095,M,1,5.30588e-05,0.0938068,18.4483,0.0180929,F
1249,1,HappyBirthday,559,19710.8,M,1,0.00130895,3.75323,1.74851,0.409942,F
1250,1,HappyBirthday,280,5110.34,F,1,0.409303,0.964635,1101.23,408.722,F
1250,1,HappyBirthday,766,3650.02,M,1,0.0027843,0.398984,228.708,1.47834,F
1251,1,HappyBirthday,21,8760.98,F,1,0.0338514,0.537473,51.7118,11.3665,F
1251,1,HappyBirthday,1019,1095,F,1,0.0199171,0.0944388,2169.57,48.3722,F
1252,1,HappyBirthday,469,6935.92,M,1,0.0671493,0.471958,174.885,27.3323,F
1252,1,HappyBirthday,1104,365,F,1,0.00464183,0.159388,146.467,1.80792,F
1253,1,HappyBirthday,228,12775.9,F,1,0.00149812,0.754203,115.971,0.56285,F
1253,1,HappyBirthday,595,1460.04,F,1,0.0635588,0.133526,36.2829,23.6187,F
1253,1,HappyBirthday,718,4745.27,F,1,0.0109028,0.455423,1100.85,18.8736,F
1253,1,HappyBirthday,868,5475.72,F,1,0.00883171,0.300782,0.842879,2.76686,F
1253,1,HappyBirthday,902,3285.38,F,1,0.000506321,0.0764163,7.89612,0.157545,F
1254,1,HappyBirthday,956,13505.5,M,1,0.372536,0.0896405,71.4545,156.733,F
1255,1,HappyBirthday,84,20075,M,1,0.0190808,9.40325,489.02,10.096,F
1255,1,HappyBirthday,496,7300.67,F,1,0.00247422,0.582239,16.7516,0.788654,F
1255,1,HappyBirthday,1020,1095,M,1,0.000945686,0.427421,32565.5,1.1761,F
1257,1,HappyBirthday,187,7300.81,F,1,0.685967,1.49842,14717.4,412.75,F
1257,1,HappyBirthday,518,21535.2,M,1,0.000128875,2.65685,4682.2,0.0727346,F
1258,1,HappyBirthday,435,13505.9,M,1,0.174016,1.001,50.6194,70.6575,F
1258,1,HappyBirthday,876,1825.56,F,1,0.0184715,0.358311,2817.5,12.4713,F
1259,1,HappyBirthday,53,2555.51,M,1,0.0793128,1.77334,32.2379,27.8515,F
1259,1,HappyBirthday,83,5475.32,M,1,0.00456906,0.0754122,164.021,2.21662,F
1259,1,HappyBirthday,380,17520.4,M,1,0.0387806,16.0968,21789.1,232.743,F
1259,1,HappyBirthday,813,15330.6,M,1,0.0047073,0.379419,116252,36.7713,F
1260,1,HappyBirthday,111,1460.45,M,1,0.0202513,1.26719,0.32756,6.35977,F
1260,1,HappyBirthday,485,15330.3,F,1,0.000699401,0.371289,31.42,0.232503,F
1261,1,HappyBirthday,1105,365,F,1,0.0549764,0.0443894,141.253,20.955,F
1261,1,HappyBirthday,763,5475.75,F,1,0.355456,4.24319,1722.05,145.702,F
1261,1,HappyBirthday,939,8030.11,F,1,0.223613,2.44966,340.345,81.5802,F
1261,1,HappyBirthday,951,2920.4,M,1,0.497507,0.293713,4798.56,231.646,F
1262,1,HappyBirthday,972,15695.7,M,1,0.00482632,7.25868,23.9194,1.55241,F
1263,1,HappyBirthday,218,6935.93,F,1,0.013384,0.138411,2381.58,4.49368,F
1263,1,HappyBirthday,1021,1095,F,1,0.375767,0.803465,10615.2,438.678,F
1263,1,HappyBirthday,409,2190.2,F,1,0.00284802,0.394938,3485.1,0.977948,F
1264,1,HappyBirthday,8,2190.94,F,1,0.0577998,0.064036,14.8401,19.2304,F
1264,1,HappyBirthday,128,2920.54,M,1,0.160057,1.75002,865.201,75.5855,F
1264,1,HappyBirthday,383,9125.39,M,1,0.276013,7.91778,8.71559,102.773,F
1264,1,HappyBirthday,466,10220.4,F,1,0.0899106,0.633456,2621.13,129.477,F
1265,1,HappyBirthday,371,31390.2,F,1,0.00151672,34.4903,1.5716,0.472218,F
1265,1,HappyBirthday,611,11681,M,1,0.000841616,3.63095,212.935,0.517543,F
1266,1,HappyBirthday,358,11315.9,F,1,0.000374653,0.048432,0.202656,0.116553,F
1267,1,HappyBirthday,1022,1095,M,1,0.0719556,0.651005,1336.85,138.177,F
1267,1,HappyBirthday,621,6205.35,M,1,0.383671,1.86642,62.4105,174.695,F
1268,1,HappyBirthday,349,5840.05,F,1,0.00116588,0.133241,25109.1,1.85519,F
1268,1,HappyBirthday,555,14600.8,M,1,0.00580922,0.131135,1.8081,1.81057,F
1268,1,HappyBirthday,1106,365,M,1,0.169302,0.0204848,13302.2,617.729,F
1269,1,HappyBirthday,294,5840.32,F,1,0.477792,0.0123638,4356.56,880.148,F
1269,1,HappyBirthday,986,3650.94,M,1,0.266134,0.0577763,6007.65,647.06,F
1270,1,HappyBirthday,471,18980.1,M,1,7.18788e-06,15.6283,67803.2,0.0530508,F
1270,1,HappyBirthday,738,6205.05,M,1,0.315284,3.84869,737.865,426.635,F
1271,1,HappyBirthday,653,8760.37,F,1,0.0528384,4.6489,44.9582,20.0425,F
1272,1,HappyBirthday,221,11680.6,M,1,0.412203,0.445565,15250.3,515.025,F
1272,1,HappyBirthday,655,6205.98,M,1,0.463404,1.14492,4569.75,837.922,F
1272,1,HappyBirthday,871,18980.7,M,1,0.0875139,8.63438,147.637,44.2613,F
1273,1,HappyBirthday,141,6935.91,M,1,0.00668692,3.29477,157110,62.0671,F
1273,1,HappyBirthday,164,6570.19,M,1,0.0160215,0.0893622,116.624,5.99758,F
1273,1,HappyBirthday,167,1825.62,M,1,0.00736201,0.773535,23856.9,56.1561,F
1273,1,HappyBirthday,687,2190.38,M,1,0.00190333,0.126388,38731.6,1.67614,F
1273,1,HappyBirthday,1062,730,F,1,0.00596324,0.0305977,13503.7,5.78454,F
1273,1,Births,1149,0,F,0,0,0.0564306,0,0,F
1274,1,HappyBirthday,85,2555.74,M,1,0.0507394,0.173438,104078,686.411,F
1274,1,HappyBirthday,168,10950.2,M,1,0.00750564,0.241297,55.6891,2.55995,F
1274,1,HappyBirthday,232,3285.98,M,1,0.0805783,2.41982,9.525,27.2192,F
1274,1,HappyBirthday,747,5475.34,M,1,0.000805399,5.03522,80048,2.03675,F
1275,1,HappyBirthday,317,21900.8,F,1,0.0194302,3.8488,41275.3,54.9172,F
1275,1,HappyBirthday,614,4380.42,M,1,0.128971,0.910806,57.1669,53.4928,F
1275,1,HappyBirthday,865,10220.2,M,1,0.218457,1.45347,536.011,85.5437,F
1275,1,HappyBirthday,870,1825.03,M,1,0.141936,0.706004,2.30301,48.0754,F
1275,1,HappyBirthday,1107,365,F,1,0.800797,0.420356,306.369,546.477,F
1275,1,Births,1150,0,M,0,0,0.0924013,0,0,F
1276,1,HappyBirthday,4,33580,M,1,0.00707467,1.63777,2.41992,2.21426,F
1276,1,HappyBirthday,237,5110.73,M,1,0.00689999,3.60419,58.2993,2.35536,F
1276,1,HappyBirthday,314,5475.5,F,1,0.608459,0.239494,1072.43,553.888,F
1276,1,HappyBirthday,421,4380.78,M,1,0.0684412,0.480821,55.615,24.9134,F
1276,1,HappyBirthday,642,5475.39,M,1,0.565749,0.880212,91.6317,293.677,F
1276,1,HappyBirthday,1063,730,M,1,0.000116997,0.148752,14217.9,0.557954,F
1277,1,HappyBirthday,147,4745.34,F,1,0.364994,1.60692,253.339,287.57,F
1277,1,HappyBirthday,1064,730,M,1,0.00341333,0.127272,4.9908,1.08914,F
1277,1,HappyBirthday,542,13505.4,F,1,0.0291218,0.129065,39636.2,38.2759,F
1277,1,HappyBirthday,826,5840.31,F,1,0.240496,0.0463538,4.5403,87.3163,F
1278,1,HappyBirthday,49,11680.9,M,1,0.134857,2.86377,2.54134,45.1405,F
1278,1,HappyBirthday,835,1460.34,F,1,0.0200196,3.36877,8387.79,16.1865,F
1279,1,HappyBirthday,206,10950.6,M,1,0.0459536,0.231378,0.335543,14.6282,F
1279,1,HappyBirthday,598,27740.8,F,1,0.167112,0.941888,156.996,95.2002,F
1279,1,HappyBirthday,979,6570.16,M,1,0.0044124,0.504981,38.0813,1.45626,F
1280,1,HappyBirthday,343,17885,F,1,0.00213478,0.128792,78290.5,8.36841,F
1281,1,HappyBirthday,69,5475.08,F,1,0.000380351,0.330574,614.311,0.221815,F
1281,1,HappyBirthday,1108,365,F,1,0.359944,0.105079,1670.71,301.322,F
1281,1,HappyBirthday,537,12775,M,1,0.0256064,0.0630846,8314.46,30.7915,F
1282,1,HappyBirthday,319,19710.9,M,1,0.00101367,1.52577,14.7748,0.32314,F
1282,1,HappyBirthday,394,12045.1,M,1,0.00175217,1.60676,1.54751,0.548323,F
1282,1,HappyBirthday,657,33945.1,F,1,0.117489,0.101646,283.871,77.8604,F
1283,1,HappyBirthday,1065,730,M,1,0.51325,0.183146,24299.5,827.966,F
1284,1,HappyBirthday,941,4380.43,F,1,0.000968184,0.535628,12176.1,4.06343,F
1285,1,HappyBirthday,152,32485.6,M,1,0.00306208,2.28089,1491.38,1.28975,F
1285,1,HappyBirthday,234,6205.74,M,1,0.00928298,12.8229,734.945,3.87692,F
1285,1,HappyBirthday,312,2555.29,F,1,0.00238718,5.67236,38.3589,0.880326,F
1285,1,HappyBirthday,761,5110.38,M,1,0.592376,1.7566,18256.9,478.38,F
1286,1,HappyBirthday,444,3650.35,M,1,0.0654238,0.121159,1695.96,31.0027,F
1286,1,HappyBirthday,887,5475.42,M,1,0.144533,0.787688,17710.9,339.097,F
1286,1,HappyBirthday,982,6205.94,M,1,0.0307918,0.357974,58486.7,328.674,F
1286,1,Births,1151,0,M,0,0,0.0346279,0,0,F
1287,1,HappyBirthday,416,1460.42,M,1,0.00531763,0.195487,43.1211,1.73759,F
1287,1,HappyBirthday,759,7300.19,M,1,0.00350637,0.678913,5.39235,1.10331,F
1288,1,HappyBirthday,412,4380.29,F,1,0.0003088,0.589787,82.9843,0.129653,F
1288,1,HappyBirthday,779,2190.11,M,1,0.0743271,0.917843,4167.9,66.934,F
1289,1,HappyBirthday,103,5475.34,F,1,0.182988,10.7141,63780.9,1613.63,F
1289,1,HappyBirthday,219,4015.89,F,1,0.0172617,1.22136,217.393,6.06952,F
1289,1,HappyBirthday,581,1460.81,F,1,0.564934,0.514762,56.8544,287.771,F
1289,1,HappyBirthday,1066,730,F,1,0.298234,0.171705,27.2206,122.445,F
1289,1,Births,1152,0,F,0,0,0.0124715,0,0,F
1290,1,HappyBirthday,562,4380.7,M,1,0.284505,0.0222929,15.7609,106.18,F
1290,1,HappyBirthday,874,4380.53,F,1,0.0289434,0.0490937,7.46623,9.13168,F
1291,1,HappyBirthday,326,35040.2,F,1,0.0393339,1.34174,1015.48,41.8193,F
1291,1,HappyBirthday,365,1460.49,M,1,0.000312612,0.39518,48690.9,0.314164,F
1291,1,HappyBirthday,606,1460.46,M,1,3.74759e-05,0.203417,183796,0.364206,F
1291,1,HappyBirthday,672,5840.78,F,1,0.064643,0.197639,4463.38,50.2046,F
1291,1,HappyBirthday,853,10585.5,F,1,0.000906242,0.37271,3.37687,0.283219,F
1292,1,HappyBirthday,145,8030.8,F,1,0.158479,0.16332,156.826,59.3289,F
1292,1,HappyBirthday,397,8760.9,M,1,0.0310982,0.579273,841.445,20.9066,F
1292,1,HappyBirthday,494,1825.54,F,1,0.622179,0.0240832,109.422,354.058,F
1292,1,HappyBirthday,745,2920.24,M,1,0.541677,0.167577,551.356,299.853,F
1292,1,HappyBirthday,803,5475.71,F,1,0.0105179,0.68132,21806.4,12.4307,F
1292,1,HappyBirthday,882,9490.24,M,1,0.131039,2.27521,110772,933.942,F
1293,1,HappyBirthday,203,4015.26,F,1,0.0380591,2.87661,2202.75,50.5544,F
1293,1,HappyBirthday,266,27740.7,M,1,0.0128881,3.21721,114.933,4.63961,F
1293,1,HappyBirthday,845,24090.2,F,1,0.0427158,15.1027,2605,57.5613,F
1294,1,HappyBirthday,530,9125.04,F,1,0.00833996,0.0984915,36659.7,65.7998,F
1295,1,HappyBirthday,35,2555.01,F,1,0.000170858,0.181802,9044.74,0.628129,F
1295,1,HappyBirthday,1067,730,F,1,0.0536203,0.27879,74.9018,19.0636,F
1295,1,HappyBirthday,770,1825.38,F,1,0.0898145,0.109002,3.72102,29.6912,F
1296,1,HappyBirthday,177,17885.6,F,1,0.00169857,1.15772,157.671,0.565526,F
1297,1,HappyBirthday,181,5110.29,M,1,0.100929,2.44298,170.062,55.4686,F
1297,1,HappyBirthday,560,8760.61,M,1,0.0222562,0.119295,2.38973,7.03002,F
1297,1,HappyBirthday,688,11680.7,M,1,0.00766608,1.15822,11472.8,62.0259,F
1297,1,HappyBirthday,943,2555.66,F,1,0.371978,0.189626,43.6431,153.336,F
1297,1,HappyBirthday,1109,365,M,1,4.80795e-05,7.14447,103.298,0.0212387,F
1298,1,HappyBirthday,42,5840.22,F,1,0.00903474,0.337865,3103.65,11.9694,F
1298,1,HappyBirthday,330,4380.56,F,1,0.136256,0.49595,73395.9,1756.73,F
1298,1,HappyBirthday,361,2555.04,F,1,0.00079215,1.10666,46.1665,0.262875,F
1298,1,HappyBirthday,647,5840.68,F,1,0.00671106,1.30444,9.18359,2.1196,F
1299,1,HappyBirthday,291,9855.16,F,1,0.126077,1.37923,5086.49,47.6138,F
1299,1,HappyBirthday,563,5110.96,M,1,0.0453719,11.4609,131.571,18.0808,F
1299,1,HappyBirthday,1110,365,M,1,0,0.569235,82633.4,0,F
1299,1,HappyBirthday,962,3285.67,M,1,0.176216,1.79871,1.51116,60.4745,F
1300,1,HappyBirthday,793,12045.9,M,1,0.00794685,0.445419,7039.83,15.5556,F
1301,1,HappyBirthday,322,24455,M,1,0.193744,2.51962,881.523,222.661,F
1301,1,HappyBirthday,500,4380.42,M,1,0.451298,2.88165,33.3947,203.893,F
1301,1,HappyBirthday,577,23360.5,F,1,0.00177062,0.36336,78.4619,0.595219,F
1301,1,HappyBirthday,1111,365,M,1,0.587748,0.0653701,3757.89,1346.95,F
1302,1,Births,1153,0,F,0,0,2.17709,0,0,F
1303,1,HappyBirthday,29,2190.52,M,1,0.00716986,1.7701,6635.16,37.2124,F
1303,1,HappyBirthday,816,19345.7,M,1,0.163377,0.49793,336.393,82.4662,F
1304,1,HappyBirthday,166,15695.5,M,1,0.035661,0.00958021,614.632,15.985,F
1304,1,HappyBirthday,178,9125.88,F,1,0.690483,2.41538,93.4722,500.254,F
1306,1,HappyBirthday,211,6570.72,M,1,0.0106776,2.35307,48.5181,3.69332,F
1306,1,HappyBirthday,429,5840.88,M,1,0.253396,1.45963,618.072,96.8108,F
1307,1,HappyBirthday,513,8760.13,F,1,0.0155181,0.943821,2984.95,24.733,F
1307,1,HappyBirthday,907,7300.38,F,1,0.24879,5.87132,117.355,121.695,F
1308,1,HappyBirthday,1112,365,M,1,0.473667,0.832834,52713.6,1519.85,F
1308,1,HappyBirthday,373,17520.5,F,1,0.000282284,0.261794,2186.66,0.717261,F
1308,1,HappyBirthday,619,3285.23,M,1,0.0537158,1.24871,1151.25,94.739,F
1308,1,HappyBirthday,700,17155.9,F,1,0.0153339,60.03,3.26846,4.82121,F
1308,1,HappyBirthday,984,9855.47,F,1,0.546491,4.7354,1145.91,397.37,F
1309,1,HappyBirthday,536,30295.4,M,1,0.131282,22.5687,167.961,54.2809,F
1309,1,HappyBirthday,626,5840.03,F,1,0.268258,2.46685,1638.49,133.995,F
1309,1,HappyBirthday,658,3650.51,M,1,0.371074,0.103133,16.7155,147.423,F
1309,1,HappyBirthday,810,2190.82,M,1,0.00277248,0.0407955,25517.3,1.96113,F
1310,1,HappyBirthday,107,31025,F,1,0.000478282,0.100704,12.3177,0.151175,F
1310,1,HappyBirthday,955,6570,F,1,0.152409,4.48129,1248.39,56.8637,F
1311,1,HappyBirthday,252,8030.49,F,1,0.107404,0.490545,3.558,35.3284,F
1311,1,HappyBirthday,666,1825.8,F,1,9.51865e-05,0.139993,21120.3,0.0489052,F
1311,1,HappyBirthday,716,24090.6,M,1,0.00318898,0.122734,19.791,1.0816,F
1311,1,HappyBirthday,744,7300.64,M,1,0.0192897,0.155127,26.7515,6.78451,F
1311,1,HappyBirthday,910,4745.32,M,1,0.0473741,0.358433,5.80437,15.3313,F
1313,1,HappyBirthday,34,28105.1,M,1,0.329646,1.8128,9855.99,558.451,F
1313,1,HappyBirthday,464,3285.93,F,1,0.0249664,0.092907,52.3831,9.78501,F
1313,1,HappyBirthday,573,2190.03,M,1,0.00131626,1.49929,4155.78,0.693757,F
1313,1,HappyBirthday,1068,730,F,1,0.0062242,0.0944661,11.5695,2.02192,F
1314,1,HappyBirthday,105,21900,M,1,0.24722,0.778729,2.14371,88.7711,F
1314,1,HappyBirthday,200,15695.9,F,1,0.192431,0.34769,48.2391,82.2467,F
1314,1,HappyBirthday,342,8760.92,F,1,0.320373,0.0423477,53.4237,126.507,F
1314,1,HappyBirthday,974,8030.05,M,1,0.408331,44.8431,594.981,466.976,F
1314,1,HappyBirthday,994,4745.65,M,1,0.293393,0.604358,3026.83,133.546,F
1315,1,HappyBirthday,574,5110.77,F,1,0.00025391,1.71555,20.3117,0.0866074,F
1316,1,HappyBirthday,256,3285.66,M,1,0.00564159,1.76451,2078.64,6.64541,F
1317,1,HappyBirthday,31,17885.3,F,1,0.608109,14.9765,10024.6,823.274,F
1317,1,HappyBirthday,307,5110.3,M,1,1.32742e-05,0.164168,3773.58,0.0550632,F
1317,1,HappyBirthday,488,28105.7,F,1,0.016051,0.47475,1580.22,30.3787,F
1318,1,HappyBirthday,690,6570.77,M,1,0.127222,1.66049,2597.9,359.907,F
1318,1,HappyBirthday,924,2190.23,F,1,0.0066395,0.286902,4487.18,25.632,F
1318,1,HappyBirthday,942,11315.7,F,1,0.00123257,0.0343249,98.5522,0.560004,F
1319,1,HappyBirthday,60,17885.6,F,1,0.00110061,1.03491,87.1239,0.389457,F
1319,1,HappyBirthday,788,5110.26,F,1,0.0030325,3.98773,114.12,1.19497,F
1320,1,HappyBirthday,62,5110.03,M,1,0.0333558,0.534967,37121.8,43.9241,F
1320,1,HappyBirthday,199,10220.4,M,1,0.00100694,0.193908,32.3894,0.354291,F
1320,1,HappyBirthday,1113,365,M,1,0.00158246,0.373148,39057.1,2.72762,F
1321,1,HappyBirthday,1114,365,M,1,0.0533104,0.238263,94.0295,19.7824,F
1322,1,Births,1154,0,F,0,0,0.0364258,0,0,F
1323,1,HappyBirthday,325,10585.9,F,1,0.00424307,0.145427,4.92921,1.32817,F
1323,1,HappyBirthday,527,12045.3,M,1,0.382009,4.5138,15.0101,155.692,F
1323,1,Births,1155,0,M,0,0,0.33938,0,0,F
1324,1,HappyBirthday,65,6570.46,F,1,0.456907,1.75819,12562.4,403.702,F
1324,1,HappyBirthday,1023,1095,F,1,0.000323469,0.030231,1286.94,0.617197,F
1324,1,HappyBirthday,1069,730,F,1,0.00179902,0.0634403,1453.57,3.29348,F
1324,1,HappyBirthday,393,2190.35,F,1,0.00241935,2.02059,2381.71,0.869016,F
1324,1,HappyBirthday,735,16060,F,1,0.00821291,1.42659,15514.3,4.52977,F
1324,1,HappyBirthday,753,1460.89,M,1,0.0580941,0.622684,1966.35,64.5871,F
1325,1,HappyBirthday,156,4015.9,F,1,0.0230333,0.783422,4573.03,7.38233,F
1325,1,HappyBirthday,257,5475.7,F,1,0.249509,4.00399,938.455,318.146,F
1325,1,Births,1156,0,M,0,0,0.0635447,0,0,F
1326,1,HappyBirthday,480,2555.93,M,1,0.00175609,2.04498,7309.91,0.672725,F
1326,1,HappyBirthday,497,8030.8,F,1,0.913899,6.18453,27.0179,851.501,F
1326,1,HappyBirthday,570,3650.46,M,1,0.000660803,5.95707,0.0560148,0.205463,F
1326,1,HappyBirthday,715,9855.02,M,1,0.164852,0.892846,1587.65,308.421,F
1327,1,HappyBirthday,196,7300.15,M,1,0.00243637,1.33806,0.144198,0.758214,F
1327,1,HappyBirthday,664,16060.5,F,1,0.00697153,18.334,6261.63,4.89098,F
1327,1,HappyBirthday,710,24090.1,M,1,0.234437,11.1333,142.164,101.601,F
1327,1,HappyBirthday,859,4380.95,F,0,0,0.0181009,0,0,F
1328,1,HappyBirthday,123,20075.1,F,1,0.0240892,0.738797,57.4517,9.3436,F
1328,1,HappyBirthday,210,14965.4,F,1,0.000194797,1.05654,7.3534,0.061577,F
1328,1,HappyBirthday,362,8395.55,F,1,0.013612,0.530819,3.42795,4.28343,F
1328,1,HappyBirthday,749,18250.7,M,1,2.25904e-05,21.3687,52539.9,0.217194,F
1328,1,HappyBirthday,965,3650.02,F,1,0.0341885,1.77715,992.737,11.2803,F
1328,1,HappyBirthday,990,2190.72,M,1,0.294701,6.54931,38.2068,122.974,F
1329,1,HappyBirthday,11,1825.89,F,1,0.00671492,0.176729,13604.4,3.31012,F
1329,1,HappyBirthday,1024,1095,F,1,0.0174875,0.36529,2.26797,5.54602,F
1329,1,HappyBirthday,829,4380.13,M,1,0.270412,2.1047,12284.3,527.977,F
1329,1,Births,1157,0,F,0,0,0.00673697,0,0,F
1330,1,HappyBirthday,877,1825.48,F,1,0.01959,8.08999,1779.2,13.2927,F
1331,1,HappyBirthday,1070,730,F,1,0.55706,0.0210998,3103.09,304.772,F
1331,1,HappyBirthday,490,22265.8,M,1,0.0504306,1.28565,76.9763,20.7605,F
1331,1,HappyBirthday,827,9490.88,F,1,0.000230179,0.688712,15746.8,0.110154,F
1332,1,HappyBirthday,82,11680,F,1,0.527181,0.952627,62.5554,288.93,F
1332,1,HappyBirthday,213,4745.05,M,1,0.168163,2.16235,4425.01,337.805,F
1332,1,HappyBirthday,333,21535.2,F,1,0.00037529,2.93834,6.00296,0.119748,F
1332,1,HappyBirthday,1025,1095,F,1,0.00478563,0.0185458,10.1797,1.54585,F
1333,1,HappyBirthday,115,11680.6,F,1,0.0606611,0.507029,51.6217,21.2759,F
1333,1,HappyBirthday,223,11680.7,M,1,0.336168,1.51625,10887.4,156.898,F
1333,1,HappyBirthday,820,12775.3,M,1,0.0117944,0.111399,86.3884,4.11043,F
1334,1,HappyBirthday,37,4015.15,F,1,0.261413,3.93157,187.693,121.203,F
1334,1,HappyBirthday,495,10950.6,M,1,0.0519807,1.39609,18.5487,16.8316,F
1334,1,HappyBirthday,798,4015.93,M,1,0.0279555,4.6438,27.8456,9.96011,F
1334,1,HappyBirthday,1115,365,F,1,0.0404553,0.139634,11.8182,13.4047,F
1335,1,HappyBirthday,51,10220.9,F,1,0.119958,7.08327,2668.97,300.919,F
1335,1,HappyBirthday,671,8395.44,M,1,0.0141089,0.547344,50.4661,4.51748,F
1335,1,HappyBirthday,855,22265.7,M,1,0.805168,1.01629,186.529,525.21,F
1335,1,HappyBirthday,1116,365,M,1,0.662659,0.108048,455.687,415.57,F
1336,1,HappyBirthday,372,17886,M,1,0.00071391,0.192826,11.9077,0.226586,F
1336,1,HappyBirthday,957,14235.3,F,1,0.0100701,11.6357,23.7921,3.27121,F
1336,1,HappyBirthday,1117,365,M,1,0.041487,0.377713,1269.64,14.588,F
1337,1,HappyBirthday,1026,1095,M,1,0.887181,1.11863,46.7992,720.12,F
1337,1,HappyBirthday,586,19345.6,F,1,0.0031157,0.246012,43729.1,4.08297,F
1338,1,HappyBirthday,40,5475.62,F,1,0.00944106,0.686941,1.27993,2.95638,F
1338,1,Births,1158,0,F,0,0,0.046697,0,0,F
1339,1,HappyBirthday,180,31025.6,M,1,0.413734,0.470036,1151.93,588.006,F
1339,1,HappyBirthday,197,4380.14,F,1,0.00649866,0.0555413,55.1162,2.19854,F
1339,1,HappyBirthday,534,10220.6,F,1,0.477378,2.27653,5.52848,203.539,F
1339,1,HappyBirthday,629,2920.18,M,1,0.559342,1.45194,1460.62,364.086,F
1339,1,HappyBirthday,767,2190.42,M,1,0.000153818,0.0718013,53.8161,0.0563017,F
1340,1,HappyBirthday,5,7665.76,M,1,0.00253708,0.0930273,2.40175,0.795326,F
1340,1,HappyBirthday,71,6935.1,F,1,2.25199e-05,0.700871,10243.8,0.0821029,F
1340,1,HappyBirthday,437,6935.64,F,1,0.378543,1.31544,52.9471,157.32,F
1341,1,HappyBirthday,885,14600.8,M,1,0.076994,0.241322,5535.54,359.797,F
1342,1,HappyBirthday,714,5110.35,M,1,0.0045424,0.207715,71.3188,1.54895,F
1342,1,HappyBirthday,725,1825.23,F,1,0.0117602,0.318554,26.8913,3.71284,F
1342,1,HappyBirthday,1118,365,F,1,0.163369,0.686917,97.1519,65.4097,F
1343,1,HappyBirthday,507,8395.37,M,1,0.827513,3.23031,132.876,641.42,F
1343,1,HappyBirthday,516,9125.98,F,1,0.000623751,0.442562,0.001192,0.193876,F
1343,1,HappyBirthday,1071,730,M,1,0.107832,0.221562,506.699,61.3036,F
1343,1,HappyBirthday,696,1460.67,M,1,0.00612906,0.093762,19426.4,5.8743,F
1343,1,HappyBirthday,758,1460.64,M,1,0.00426608,0.457895,8742.16,1.95958,F
1343,1,HappyBirthday,981,7300.23,F,1,0.176465,0.889038,74626.8,1119.4,F
1344,1,HappyBirthday,892,9855.71,F,1,0.0129756,1.02355,12.4484,4.2536,F
1345,1,HappyBirthday,836,5840.21,F,1,0.000172398,0.22495,4725.29,0.888355,F
1345,1,Births,1159,0,M,0,0,0.0195445,0,0,F
1346,1,HappyBirthday,336,14965.6,F,1,0.00160167,4.40985,46.053,0.592837,F
1346,1,HappyBirthday,370,3285.81,M,1,0.00603398,0.731377,44448.4,54.2056,F
1346,1,HappyBirthday,589,16790,M,1,0.00420372,0.2866,12.1967,1.36167,F
1346,1,Births,1160,0,M,0,0,0.0185183,0,0,F
1347,1,HappyBirthday,305,10950.4,F,1,0.0133214,1.99733,104858,112.111,F
1347,1,HappyBirthday,681,4016,F,1,0.0951403,0.164438,36.0457,31.8873,F
1348,1,HappyBirthday,774,11315.6,F,1,0.127548,0.386681,660.785,54.8529,F
1348,1,HappyBirthday,831,20440.5,F,1,0.015055,27.672,1817.57,5.05012,F
1348,1,Births,1161,0,F,0,0,0.36069,0,0,F
1349,1,HappyBirthday,267,21535.9,M,1,0.00130119,0.474918,1.01611,0.405291,F
1349,1,HappyBirthday,541,2555.41,M,1,0.26543,0.461371,4495,551.342,F
1350,1,HappyBirthday,1027,1095,M,1,0.0238386,0.291655,2576.78,8.01376,F
1351,1,HappyBirthday,33,2920.4,F,1,0.0345577,0.37498,2395.12,15.6825,F
1351,1,HappyBirthday,847,9855.38,F,1,0.00150385,0.0353612,40.7357,0.536301,F
1351,1,HappyBirthday,879,12410.1,F,1,0.00713632,1.80347,113309,54.8026,F
1352,1,HappyBirthday,184,8030.11,M,1,0.0182247,3.07944,53.0434,5.73786,F
1352,1,HappyBirthday,450,10220,M,1,0.144549,2.11874,194.506,63.553,F
1352,1,HappyBirthday,654,6205.23,M,1,0.215116,21.1172,3185.48,90.4721,F
1352,1,HappyBirthday,784,17155.6,F,1,0.239641,17.4058,1169.53,376.453,F
1353,1,HappyBirthday,929,5840.52,M,1,0.000808048,1.43586,6.0706,0.254045,F
1353,1,HappyBirthday,1028,1095,F,1,0.00131294,0.502464,1069.32,1.93334,F
1354,1,HappyBirthday,260,2555.47,M,1,0.00106481,9.09776,193.427,0.565607,F
1354,1,HappyBirthday,368,35770.7,F,1,0.00279322,6.29946,0.0009098,0.869064,F
1354,1,HappyBirthday,593,21900,M,1,0.272231,0.963366,4.87991,99.1575,F
1354,1,HappyBirthday,757,16060.4,M,1,0.0964085,14.3415,105.263,39.1788,F
1355,1,HappyBirthday,448,7665.13,M,1,0.420182,0.654448,3419.52,286.77,F
1355,1,HappyBirthday,482,2190.48,M,1,0.149863,2.53723,215.074,59.8435,F
1355,1,HappyBirthday,987,3650.85,M,1,0.00451841,1.93626,17.5475,1.52242,F
1355,1,Births,1162,0,F,0,0,0.101602,0,0,F
1356,1,HappyBirthday,139,14600.1,M,1,0.000116031,0.102799,8529.27,0.775187,F
1356,1,HappyBirthday,327,6205.05,F,1,0.0325632,1.92356,89.0298,11.4374,F
1357,1,HappyBirthday,10,26280.2,F,1,0.139599,0.0334588,1466.53,264.517,F
1357,1,HappyBirthday,489,6570.41,M,1,0.0812824,1.16262,15193.4,271.045,F
1358,1,HappyBirthday,158,3650.46,F,1,0.734488,0.153953,834.518,496.532,F
1358,1,HappyBirthday,414,14600.8,F,1,0.000270264,0.0991061,547.971,0.149323,F
1358,1,HappyBirthday,1119,365,M,1,0.0170224,0.0846079,7.8627,5.37904,F
1359,1,HappyBirthday,447,28835.8,M,1,0.00204352,0.176274,186.799,1.0289,F
1359,1,HappyBirthday,971,4015.64,F,1,0.0105164,2.5186,55904.8,106.252,F
1360,1,HappyBirthday,261,4015.37,F,1,0.0100988,0.314636,79.6413,3.49725,F
1360,1,HappyBirthday,773,8760.35,F,1,0.0850961,0.946592,21.9627,28.6969,F
1360,1,HappyBirthday,857,8760.98,F,1,0.00300056,0.276488,59.8948,1.09687,F
1360,1,HappyBirthday,899,13140.1,M,1,0.0299863,0.102929,69390.5,312.269,F
1361,1,HappyBirthday,243,12775.2,M,0,0,0.0293779,0,0,F
1361,1,HappyBirthday,264,6935.07,F,1,0.000972257,1.11715,1027.27,1.36491,F
1361,1,HappyBirthday,510,6570.72,F,1,0.00192228,3.16978,53.9532,0.754835,F
1361,1,HappyBirthday,1120,365,F,0,0,0.00869536,0,0,F
1361,1,HappyBirthday,730,2920.81,F,1,0.0723706,0.279699,3368.72,25.8136,F
1361,1,HappyBirthday,935,16060.7,F,1,0.178409,3.53185,11.0689,62.2392,F
1361,1,Births,1163,0,F,0,0,0.0684885,0,0,F
1362,1,HappyBirthday,1121,365,F,1,0.0518139,0.0524556,191.214,21.5454,F
1363,1,HappyBirthday,454,28105.9,M,1,0.808807,0.202561,41.5778,580.478,F
1363,1,HappyBirthday,564,3650.64,F,1,0.086702,2.0012,236.039,50.9103,F
1363,1,HappyBirthday,578,1460.66,M,1,0.0148998,1.38958,90.2287,4.82392,F
1363,1,HappyBirthday,846,5110.14,F,1,0.0316427,0.166277,172.91,16.5452,F
1364,1,HappyBirthday,70,10585.9,F,1,0.00482694,1.2387,18.6706,1.55184,F
1364,1,HappyBirthday,316,2920.74,M,1,0.0667018,0.324752,133.357,31.0358,F
1364,1,HappyBirthday,603,16790.2,F,1,0.0029001,0.517253,29.2017,1.01367,F
1364,1,HappyBirthday,676,21535.5,F,1,0.0530405,3.50151,122.224,20.0467,F
1364,1,HappyBirthday,692,4745.51,F,1,0.251866,12.4089,50361.9,1521.18,F
1365,1,HappyBirthday,584,11680.7,F,1,0.00252422,3.03815,35.9813,0.833767,F
1365,1,HappyBirthday,1122,365,M,1,0.617581,0.102517,106.362,395.603,F
1365,1,Births,1164,0,F,0,0,0.0759828,0,0,F
1366,1,HappyBirthday,401,4745.19,M,1,0.0452549,2.40527,2.83269,14.5982,F
1367,1,HappyBirthday,659,2920.05,M,1,5.85952e-05,0.982785,2585.57,0.0297519,F
1368,1,HappyBirthday,300,23360.7,M,1,0.000576288,0.00889434,2.95901,0.179662,F
1368,1,HappyBirthday,1029,1095,M,1,2.40057e-05,0.0372581,15.4977,0.00764231,F
1368,1,HappyBirthday,345,6935.54,M,1,0.0124177,2.62075,14494.3,57.2558,F
1368,1,HappyBirthday,922,9855.37,M,1,0.000780891,1.30951,23.8576,0.250949,F
1369,1,HappyBirthday,628,1825.45,F,1,0.0756648,0.441727,66.3845,31.3336,F
1369,1,HappyBirthday,637,29200.7,M,1,0.0679284,3.08532,7.50936,22.0524,F
1369,1,HappyBirthday,646,17155.6,F,1,1.62875e-05,3.71275,17196.9,0.0360484,F
1370,1,HappyBirthday,130,5475.22,M,1,0.0233392,22.4819,9.17181,7.5656,F
1370,1,HappyBirthday,155,9855.35,F,1,0.0312453,1.54013,388.686,14.4052,F
1370,1,HappyBirthday,255,1460.06,M,1,0.707211,5.18659,140.809,406.654,F
1370,1,HappyBirthday,379,4015.24,F,1,0.00367555,9.20807,16.6981,1.22347,F
1370,1,HappyBirthday,1072,730,M,1,0.0513759,0.797687,11385.3,38.794,F
1370,1,HappyBirthday,1073,730,M,1,4.01214e-05,0.0162035,0.223719,0.0124628,F
1371,1,HappyBirthday,1074,730,M,0,0,0.0266064,0,0,F
1371,1,HappyBirthday,377,23725.3,F,1,0.744108,0.108949,343.868,429.225,F
1371,1,HappyBirthday,533,16060.2,M,1,0.177487,0.0519264,1686.86,128.022,F
1371,1,HappyBirthday,712,8760.57,F,1,0.0357869,0.422568,16306.6,105.759,F
1371,1,HappyBirthday,814,16060,F,1,0.58985,0.998152,318.509,321.789,F
1373,1,HappyBirthday,645,2920.53,M,1,8.67763e-05,2.57219,11681.4,0.742093,F
1373,1,HappyBirthday,890,5475.08,M,1,0.0725381,0.463951,24.3753,25.9258,F
1374,1,HappyBirthday,302,14965.4,F,1,0.0493573,4.55178,29.8508,15.7325,F
1374,1,HappyBirthday,468,7300.5,M,1,0.00169584,7.20056,2.43862,0.532917,F
1374,1,HappyBirthday,966,8395.89,F,1,0.0112707,4.28269,90.6068,3.71677,F
1375,1,HappyBirthday,13,8030.72,M,1,0.0857442,0.0416534,102.08,28.1732,F
1375,1,HappyBirthday,48,3650.78,F,1,0.0665484,0.0805692,95311.2,482.428,F
1375,1,HappyBirthday,554,5110.83,M,1,0.000915926,4.65419,23.2977,0.313515,F
1375,1,HappyBirthday,936,4015.03,F,1,0.000214634,1.00884,67.4099,0.0671873,F
1376,1,HappyBirthday,299,21900.5,F,1,0.00100714,0.69471,94.224,0.428898,F
1376,1,HappyBirthday,415,1460.92,M,1,0.036254,0.01463,1573.27,21.9554,F
1376,1,HappyBirthday,525,8396,M,1,0.0104197,1.12788,256.489,4.45788,F
1376,1,HappyBirthday,633,7300.37,M,1,0.0819394,4.92293,1.51017,26.6981,F
1377,1,HappyBirthday,695,22265.5,M,1,0.0540743,6.90143,144.73,20.8202,F
1377,1,HappyBirthday,1123,365,F,1,0.00423784,2.92288,104867,62.4777,F
1378,1,HappyBirthday,80,33580.4,M,1,0.00336043,9.56125,239.685,1.408,F
1378,1,HappyBirthday,94,1460.53,M,1,0.0402281,0.277902,9242.32,15.8351,F
1378,1,HappyBirthday,165,29930.6,F,1,0.498155,0.712443,12253.7,489.268,F
1378,1,HappyBirthday,175,3650.57,M,1,0.451413,0.731686,5890.98,1403.26,F
1378,1,HappyBirthday,470,13871,M,1,0.308249,6.93723,4653.23,128.042,F
1378,1,HappyBirthday,843,5840.46,F,1,0.000289556,0.706807,35352.7,0.315513,F
1378,1,HappyBirthday,927,14965.7,M,1,0.122508,0.670952,13243.5,115.144,F
1378,1,HappyBirthday,997,4015.54,F,1,0.301268,31.356,14464.2,1632.22,F
1378,1,HappyBirthday,1076,730,M,1,0.224563,0.0735023,4773.59,90.3192,F
1379,1,HappyBirthday,1077,730,M,1,0.147606,0.260033,10241,290.259,F
1380,1,HappyBirthday,54,2920.21,M,1,0.00216657,0.176155,9.36523,0.690386,F
1380,1,HappyBirthday,441,2190.98,F,1,0.0155254,0.10833,37.4906,5.13952,F
1381,1,HappyBirthday,1030,1095,F,1,0.00360877,0.375362,22.0264,1.16545,F
1382,1,HappyBirthday,149,11680.8,F,1,0.186697,2.59246,2433.85,203.202,F
1382,1,HappyBirthday,684,6205.27,M,1,0.000498233,0.488014,157.6,0.240053,F
1382,1,HappyBirthday,963,33580.7,F,1,0.0650302,1.90752,4946.41,24.2322,F
1382,1,Births,1165,0,M,0,0,0.136706,0,0,F
1383,1,HappyBirthday,144,1460.71,M,1,0.0027525,6.70113,136.062,1.07138,F
1383,1,HappyBirthday,151,3650.45,F,1,0.398769,0.66113,2263.92,333.48,F
1383,1,HappyBirthday,258,35770.6,M,1,0.269839,0.732239,123.013,146.647,F
1383,1,HappyBirthday,353,6570.54,F,1,0.428036,0.669772,12247,453.728,F
1383,1,HappyBirthday,869,1460.81,M,1,0.617817,0.330046,164.995,428.07,F
1383,1,Births,1166,0,F,0,0,1.63129,0,0,F
1383,1,Births,1167,0,F,0,0,0.0765869,0,0,F
1384,1,HappyBirthday,278,21535.1,M,1,0.0930847,0.922723,181.451,32.9033,F
1384,1,HappyBirthday,411,8395.15,M,1,0.0172052,0.0871317,5059.38,5.88008,F
1384,1,HappyBirthday,519,34675.2,M,1,0.0810227,0.372653,71.5807,34.3159,F
1384,1,HappyBirthday,775,21170.6,M,1,0.354641,2.34991,21907.3,1341.39,F
1385,1,HappyBirthday,296,6205.29,F,1,0.00233847,16.9127,29801.3,2.31493,F
1385,1,HappyBirthday,717,10220.3,F,1,0.00788776,0.0774198,26.4119,2.47111,F
1385,1,HappyBirthday,964,7665.87,F,1,0.0010712,12.7536,103.39,0.467958,F
1385,1,Births,1168,0,F,0,0,0.0115388,0,0,F
1386,1,HappyBirthday,138,10585.5,M,1,0.000609049,9.26246,2063.32,0.710859,F
1386,1,HappyBirthday,195,22630.2,M,1,2.76607e-05,0.451735,4590.47,0.137683,F
1386,1,HappyBirthday,804,8395.1,M,1,4.37798e-05,1.70984,549.497,0.0242454,F
1387,1,HappyBirthday,274,3285.1,M,1,0.193302,0.117292,2628.03,341.087,F
1387,1,HappyBirthday,1124,365,M,1,0.143254,1.0204,105264,1045.73,F
1387,1,HappyBirthday,363,21535.6,M,1,0.109127,0.245346,124.445,38.7753,F
1387,1,HappyBirthday,522,7300.97,F,1,0.127625,0.0572623,67.3525,50.5174,F
1387,1,HappyBirthday,898,14600.5,F,1,0.618611,0.962221,34.3449,320.181,F
1388,1,HappyBirthday,615,9490.14,F,1,0.751428,26.6659,829.682,918.677,F
1388,1,HappyBirthday,783,4016,F,1,0.901159,4.70738,71.4346,762.301,F
1388,1,HappyBirthday,989,6935.78,M,1,0.0003466,7.26449,2440.05,0.937205,F
1389,1,HappyBirthday,230,18615.9,M,1,0.00627286,1.04231,46.3887,2.25731,F
1389,1,HappyBirthday,456,18615.5,F,1,0.0389543,1.17085,92.6514,14.3342,F
1389,1,HappyBirthday,544,6205.02,M,1,0.000757767,0.958225,4588.76,3.22237,F
1391,1,HappyBirthday,894,18250.4,M,1,0.00770535,5.84084,97.3323,2.62956,F
1392,1,HappyBirthday,408,16060.7,F,1,0.000211124,2.16757,3935.57,0.119078,F
1393,1,HappyBirthday,1125,365,F,1,0.00244878,0.522575,82.469,0.855236,F
1393,1,HappyBirthday,858,6570.26,M,1,0.806524,0.269919,159.045,597.726,F
1394,1,HappyBirthday,117,12775.8,M,1,0.000699159,2.57054,794.792,0.236123,F
1394,1,HappyBirthday,854,17885,M,1,0.105979,0.120786,1.75799,34.8324,F
1395,1,HappyBirthday,1000,8395.82,M,1,0.00639932,0.0124988,8.1762,2.04782,F
1395,1,HappyBirthday,604,21535.8,F,1,0.0040837,0.495062,63.0078,1.39492,F
1396,1,HappyBirthday,96,4380.51,F,1,0.0852278,0.0464217,1080.9,127.325,F
1396,1,HappyBirthday,118,8395.36,M,1,0.0191605,0.905455,1.45643,6.01399,F
1396,1,HappyBirthday,216,3285.23,F,1,4.88151e-05,0.348218,5491.64,0.222117,F
1396,1,HappyBirthday,241,8760.91,M,1,0.00178233,1.18632,22.426,0.61719,F
1397,1,HappyBirthday,191,8760.89,F,1,0.20465,0.29216,10.0132,74.3713,F
1398,1,HappyBirthday,399,5840.61,F,1,0.345541,2.61792,21739.7,716.24,F
1399,1,HappyBirthday,100,17155.6,M,1,0.0286271,0.569219,6300.95,21.8377,F
1399,1,HappyBirthday,1031,1095,M,0,0,0.00644228,0,0,F
1399,1,HappyBirthday,694,6570.45,F,1,0.288532,58.7578,2605.92,170.31,F
1399,1,HappyBirthday,949,15695.1,M,1,0.217672,0.30197,6.58246,77.6564,F
1399,1,Births,1169,0,M,0,0,0.1474,0,0,F
1400,1,HappyBirthday,90,4745.04,M,1,0.457115,4.11159,1728.36,553.85,F
1400,1,HappyBirthday,182,5110.16,F,1,0.00140658,9.5346,2.65234,0.442433,F
1401,1,HappyBirthday,567,22995.8,F,1,1.8781e-05,1.2479,74088.7,0.232021,F
1401,1,HappyBirthday,1032,1095,M,1,0.14351,0.0497943,16757.3,157.058,F
1401,1,HappyBirthday,799,3285.26,F,1,0.0043456,3.31782,29.1819,1.39675,F
1401,1,Births,1170,0,M,0,0,0.0187868,0,0,F
1402,1,HappyBirthday,43,4015.71,F,1,0.345881,0.856314,1238.69,565.993,F
1402,1,HappyBirthday,86,14600.5,F,1,7.10322e-05,0.787871,56305.6,0.354547,F
1402,1,HappyBirthday,426,5840.15,F,1,0.0424208,1.29169,25805.2,123.837,F
1402,1,HappyBirthday,514,1461,M,1,0.117354,0.0411599,3.81877,38.966,F
1402,1,HappyBirthday,805,2190.09,M,1,0.203087,0.0340518,129.143,113.252,F
1402,1,HappyBirthday,809,3285.44,M,1,0.000132778,0.0796025,2.10503,0.0415621,F
1402,1,HappyBirthday,838,33580.7,F,1,0.000424933,0.820834,86.018,0.15164,F
1402,1,HappyBirthday,993,8030.95,F,1,0.00580849,47.0843,85.0479,1.95598,F
1403,1,HappyBirthday,446,11680.6,M,1,0.00352645,3.219,208.778,1.45535,F
1403,1,HappyBirthday,481,2190.36,F,1,0.0121941,0.429913,107.11,4.42792,F
1403,1,HappyBirthday,492,18980.7,F,1,0.0125593,31.399,121062,103.855,F
1404,1,HappyBirthday,762,2190.6,F,1,0.126274,1.4238,910.839,46.335,F
1404,1,Births,1171,0,F,0,0,0.007899,0,0,F
1405,1,HappyBirthday,844,12775.7,M,1,0.663673,1.5564,90.6175,406.117,F
1406,1,HappyBirthday,1078,730,M,1,0.0109093,0.121108,46492.9,49.0445,F
1406,1,HappyBirthday,487,10220.6,M,1,0.0984751,0.935979,80.5459,33.5213,F
1406,1,HappyBirthday,644,12410.2,M,1,0.0962548,0.160684,0.267085,31.491,F
1407,1,HappyBirthday,6,4015.05,F,1,0.00897439,1.14632,16.3268,3.03241,F
1407,1,HappyBirthday,28,16060.9,F,1,0.120103,0.724581,3616.22,441.862,F
1407,1,HappyBirthday,106,6205.68,M,1,0.209321,0.801077,24.9499,74.7991,F
1408,1,HappyBirthday,20,4745.2,M,1,0.00165458,1.46137,42.346,0.547469,F
1408,1,HappyBirthday,460,4380.2,F,1,0.0208373,1.10775,120.201,7.76731,F
1408,1,HappyBirthday,724,6935.3,M,1,0.177943,0.501343,14.7147,62.7325,F
1408,1,HappyBirthday,1079,730,F,1,0.0030414,0.20958,19655.4,11.474,F
1409,1,HappyBirthday,202,27010.1,F,1,0.00540257,0.0135164,21.8339,1.74642,F
1409,1,HappyBirthday,403,10586,F,1,0.00423309,0.175602,679.659,1.81961,F
1409,1,HappyBirthday,566,2920.97,F,1,0.0977372,0.130044,243.865,32.0552,F
1409,1,HappyBirthday,764,12775.3,F,1,0.0489217,0.0889476,27028,47.3567,F
1409,1,HappyBirthday,1033,1095,F,1,0.0178655,3.78385,260.368,9.25118,F
1410,1,HappyBirthday,101,2920.16,F,1,0.00346118,0.202305,22.8305,1.19528,F
1411,1,HappyBirthday,30,5111,M,1,0.0668943,6.81927,2.30949,21.7237,F
1411,1,HappyBirthday,276,2555.48,F,1,0.246658,0.0803858,11280.5,137.888,F
1411,1,HappyBirthday,674,5475.58,M,1,0.000833801,1.3572,4993.26,0.322123,F
1411,1,HappyBirthday,736,11315.4,M,1,0.00413224,0.79815,87.7264,1.67281,F
1411,1,HappyBirthday,873,21900.1,M,1,0.000820414,1.26408,9.61793,0.266533,F
1411,1,Births,1172,0,M,0,0,0.081278,0,0,F
1412,1,HappyBirthday,58,13506,M,1,0.729307,1.29804,20748.7,1034.82,F
1412,1,HappyBirthday,1034,1095,M,1,0.00022982,0.293043,128.208,0.0968729,F
1413,1,HappyBirthday,292,2555.5,F,1,0.0381584,1.23376,4902.98,13.6793,F
1414,1,HappyBirthday,19,21170.2,M,1,0.0013856,0.5436,35.7862,0.453484,F
1414,1,HappyBirthday,1126,365,M,1,0.00262731,0.0229817,31.164,0.89604,F
1414,1,Births,1173,0,M,0,0,0.164731,0,0,F
1415,1,HappyBirthday,315,12045.2,M,1,0.182586,1.34835,14091.2,378.897,F
1415,1,HappyBirthday,346,24820.4,M,1,0.00171656,0.259303,5.79719,0.536415,F
1415,1,HappyBirthday,1127,365,M,1,0.000681397,3.15272,27538,0.799407,F
1415,1,HappyBirthday,587,2190.11,M,1,0.00387864,2.14092,8.70552,1.21745,F
1415,1,HappyBirthday,678,1825.61,F,1,0.111504,3.04268,4.44885,37.0397,F
1415,1,HappyBirthday,926,32120.5,F,1,0.452881,0.312483,5071.83,618.124,F
1416,1,HappyBirthday,284,13505.6,F,1,0.000857481,0.324596,7805.94,0.27353,F
1417,1,HappyBirthday,44,17886,F,1,0.00329671,0.609141,46.1129,1.25335,F
1417,1,HappyBirthday,89,2190.09,M,1,0.012315,1.02611,5423.98,28.4751,F
1417,1,HappyBirthday,214,2920.02,M,1,0.152127,2.27773,38718.8,643.81,F
1417,1,HappyBirthday,1080,730,F,1,0.287309,0.163324,1139.45,205.095,F
1417,1,HappyBirthday,732,2190.9,F,1,0.639038,6.56949,3147.44,1674.21,F
1417,1,HappyBirthday,823,2190.56,F,1,0.0404321,1.59632,746.179,14.4364,F
1418,1,HappyBirthday,503,3650.92,F,1,8.29164e-05,1.8745,3659.47,0.268745,F
1418,1,HappyBirthday,591,9125.14,M,1,2.47969e-05,1.45828,19.5403,0.0084948,F
1418,1,HappyBirthday,721,6205.81,M,1,0.489635,0.991271,31096.1,932.751,F
1419,1,HappyBirthday,154,17885.4,M,1,0.694757,31.1373,272.889,391.394,F
1419,1,HappyBirthday,392,36135.6,F,1,0.240897,0.40185,12.8069,88.2417,F
1420,1,HappyBirthday,238,1460.24,F,1,0.130435,0.102618,398.094,118.225,F
1420,1,HappyBirthday,742,12775.2,F,1,0.0867937,1.00696,45355.5,111.885,F
1420,1,HappyBirthday,988,3285.91,M,1,0,0.0195227,1.01738,0,F
1420,1,HappyBirthday,1081,730,F,1,0.158663,0.163336,45762.4,1590.34,F
1421,1,HappyBirthday,110,18251,M,1,0.211935,1.07462,146.146,80.0715,F
1422,1,HappyBirthday,473,30660.4,F,1,0.631359,0.452885,34.6257,323.778,F
1422,1,HappyBirthday,620,4380.57,F,1,0.000595276,0.424122,16.5195,0.200103,F
1422,1,HappyBirthday,703,21900,M,1,0.661059,2.12424,5886.26,510.998,F
1422,1,HappyBirthday,751,2190.67,F,1,0.337298,0.13043,22.2778,134.776,F
1423,1,HappyBirthday,50,7665.12,F,1,0.000279189,0.0447787,2911.62,0.130167,F
1423,1,HappyBirthday,502,4380.12,F,1,0.00328465,0.0926049,9.91042,1.03993,F
1423,1,HappyBirthday,556,1460.41,M,1,0.0126996,0.0483503,1.03016,3.99156,F
1424,1,HappyBirthday,9,3650.07,F,1,0.158631,0.727492,17.9473,58.2478,F
1424,1,HappyBirthday,47,2555.82,F,1,0.493114,0.0233167,631.679,691.382,F
1425,1,HappyBirthday,612,31755.2,M,1,0.0297934,0.667963,5929.99,72.1435,F
1425,1,HappyBirthday,648,13870.7,M,1,0.758028,0.879121,76.3197,471.092,F
1425,1,HappyBirthday,930,7300.3,F,1,0.000344829,0.23193,11.3584,0.108803,F
1426,1,HappyBirthday,3,2920.02,M,1,0.0888064,4.92547,11.5358,30.5795,F
1426,1,HappyBirthday,680,1460.79,F,1,0.00420814,0.379214,36.359,1.53111,F
1426,1,HappyBirthday,800,11680.4,F,1,0.00199498,0.351059,11.902,0.654039,F
1426,1,HappyBirthday,992,3650.5,M,1,0.000448941,0.0453683,109.162,0.16133,F
1427,1,HappyBirthday,529,5840.31,F,1,0.496773,6.11985,6328.93,1471.8,F
1427,1,HappyBirthday,607,12775,F,1,0.741071,2.31343,69.0167,524.167,F
1427,1,HappyBirthday,895,4745.77,M,1,0.167391,2.11437,111961,1170.69,F
1427,1,HappyBirthday,938,3285.77,M,1,0.647994,0.154194,86.9117,326.482,F
1429,1,HappyBirthday,269,9855.54,F,1,0.000762562,0.600207,874.61,0.315024,F
1429,1,HappyBirthday,665,6935.85,F,1,0.000159285,6.74981,0.432936,0.0495909,F
1430,1,HappyBirthday,186,6205.61,M,1,0.0924571,1.89717,3181.47,151.199,F
1430,1,HappyBirthday,236,5110.29,M,1,0.00204757,0.0712973,27452.7,4.63284,F
1430,1,HappyBirthday,463,4745.2,F,1,0.0340921,1.23092,1493.63,37.9389,F
1430,1,HappyBirthday,673,5475.47,F,1,0.020538,0.334367,21.4086,6.49364,F
1430,1,HappyBirthday,978,7665.87,F,1,0.614234,0.972817,264.215,615.786,F
1430,1,Births,1174,0,F,0,0,0.0337496,0,0,F
1431,1,HappyBirthday,189,13506,M,1,0.712129,0.405637,198.739,418.567,F
1432,1,HappyBirthday,382,5840.44,M,1,0.0254577,1.23133,45890.4,29.7112,F
1432,1,HappyBirthday,720,18251,F,1,0.165249,0.46127,3378.18,185.286,F
1432,1,HappyBirthday,952,2555.21,M,1,0.166579,0.486872,20667.3,1146.17,F
1433,1,HappyBirthday,36,5840.77,M,1,0.208398,0.113555,988.364,81.9682,F
1433,1,HappyBirthday,81,21900.2,M,1,0.00863111,4.95453,5.27286,2.70257,F
1433,1,HappyBirthday,442,3285.66,F,1,0.00361164,0.868105,227.351,1.63169,F
1433,1,HappyBirthday,830,14600,F,1,0.0211407,11.693,13.0344,6.76124,F
1434,1,HappyBirthday,161,1825.01,F,1,0.0609895,1.37781,28.4016,20.5242,F
1434,1,HappyBirthday,275,23725.7,F,1,0.227451,0.306086,125.423,91.9791,F
1434,1,HappyBirthday,287,27740.6,F,1,0.00369922,0.640802,105.739,1.34432,F
1435,1,HappyBirthday,208,3285.69,M,1,0.262641,0.168963,50054.3,829.256,F
1436,1,HappyBirthday,511,13140.3,M,1,0.162337,0.12785,105288,1153.99,F
1437,1,HappyBirthday,16,2920.67,M,1,0.000362961,0.370938,24.9233,0.119649,F
1437,1,HappyBirthday,491,16425.9,F,1,0.00106143,0.192498,40787.9,1.35879,F
1437,1,HappyBirthday,1128,365,F,1,0.00937627,0.0483165,4217.63,18.527,F
1437,1,HappyBirthday,1082,730,F,1,0.595865,0.366017,25.4835,305.384,F
1438,1,HappyBirthday,78,8760.68,F,1,0.000573919,0.111878,0.0007536,0.17834,F
1438,1,HappyBirthday,120,1460.76,M,1,0.00273347,0.146741,86.6261,0.962911,F
1438,1,HappyBirthday,298,1460.4,M,1,0.0328557,0.464459,8570.49,12.7149,F
1438,1,HappyBirthday,329,10950.6,F,1,0.00313099,0.316755,30.4873,1.10608,F
1438,1,HappyBirthday,405,2920.27,M,1,0.00989957,0.0727883,166.943,3.88923,F
1438,1,HappyBirthday,1083,730,F,1,0.0975179,0.123938,480.841,50.2834,F
1438,1,HappyBirthday,777,7300.49,M,1,0.204865,17.4881,9576.51,801.496,F
1438,1,HappyBirthday,959,4745.96,M,1,0.0019162,22.2405,10.5042,0.597631,F
1439,1,HappyBirthday,802,1460.17,F,1,0.00040471,0.506088,1075.98,0.599392,F
1439,1,HappyBirthday,886,1825.74,M,1,0.0116008,0.137101,1084.86,9.29646,F
1440,1,HappyBirthday,1035,1095,M,1,0.536963,0.0274171,0.780576,240.199,F
1440,1,HappyBirthday,590,24820.7,M,1,0.014661,1.30081,5117.72,5.3544,F
1441,1,HappyBirthday,596,20805.3,F,1,0.00019186,0.151435,119477,1.50632,F
1441,1,HappyBirthday,679,4745.37,F,1,0.136103,1.53398,64.1712,55.4614,F
1442,1,HappyBirthday,407,18980.9,F,1,0.00615888,0.799347,21.3705,1.99022,F
1443,1,Births,1175,0,F,0,0,1.82292,0,0,F
1444,1,HappyBirthday,22,24090.7,F,1,0.0765961,1.03401,1.43822,24.7812,F
1444,1,HappyBirthday,354,8030.35,F,1,0.00273817,0.372683,38.6611,0.888075,F
1444,1,HappyBirthday,970,8030.55,M,1,0.0274467,0.322259,44540.1,249.348,F
1445,1,HappyBirthday,335,1825.3,M,1,0.00198698,0.0759612,365.525,0.940421,F
1446,1,HappyBirthday,413,5110.61,F,1,0.474681,0.775989,1036.71,437.673,F
1446,1,HappyBirthday,417,7665.05,M,1,0.00827285,0.112014,9.58723,2.63978,F
1446,1,HappyBirthday,1084,730,F,1,0.0802715,0.0695681,3769.03,26.2931,F
1446,1,HappyBirthday,969,9855.74,M,1,0.254007,0.615674,49.7074,105.524,F
1447,1,HappyBirthday,438,5475.04,M,1,0.0225709,4.39619,4.61811,7.16743,F
1447,1,HappyBirthday,709,11680.8,F,1,0.216119,3.42331,22837.7,162.22,F
1448,1,HappyBirthday,142,14600.3,M,1,0.00275817,9.93177,0.970592,0.862437,F
1448,1,HappyBirthday,263,21900.3,F,1,0.0314603,1.87794,3.4509,10.1021,F
1448,1,HappyBirthday,931,7665.08,M,1,0.136205,0.133772,49.699,50.5893,F
1449,1,HappyBirthday,772,4380.85,F,1,0.00878307,0.110333,93.5904,3.54285,F
1449,1,HappyBirthday,897,20805.9,F,1,0.173007,9.92545,17.017,60.7709,F
1449,1,HappyBirthday,944,17155.4,M,1,0.0181956,5.61218,2036.91,6.55296,F
1450,1,HappyBirthday,159,20805.1,F,1,0.00254192,7.52764,7.06725,0.819469,F
1450,1,HappyBirthday,427,4015.43,F,1,0.0356602,1.50455,118.795,13.2886,F
1450,1,HappyBirthday,1085,730,F,1,0.00895683,0.158324,80693.3,21.9309,F
1450,1,HappyBirthday,722,24090.9,F,1,0.381876,0.0203575,63.2914,184.247,F
1451,1,HappyBirthday,1129,365,F,1,0.430641,0.0228607,8127.78,540.09,F
1452,1,HappyBirthday,41,4015.64,F,1,0.000350689,0.0129236,0.585793,0.109015,F
1452,1,HappyBirthday,431,8395.94,F,1,0.43169,21.6337,5700.75,236.435,F
1452,1,HappyBirthday,504,2920.46,F,1,0.0152048,0.0635382,38.4654,5.68253,F
1455,1,HappyBirthday,765,12775.7,F,1,0.00521651,0.269956,33.6362,1.68394,F
1455,1,HappyBirthday,832,1825.77,F,1,0.362336,0.201961,43.5856,157.591,F
1455,1,HappyBirthday,909,17520.7,M,1,0.127548,0.477611,6.86392,42.7874,F
1457,1,HappyBirthday,226,15695.5,M,1,0.000772,0.989687,11701.3,3.07547,F
1457,1,HappyBirthday,400,3285.56,M,1,0.0654063,0.0146237,76.0538,26.9061,F
1458,1,HappyBirthday,750,1460.65,F,1,0.00210741,0.0937167,22.6454,0.721055,F
1458,1,Births,1176,0,F,0,0,0.0375711,0,0,F
1459,1,HappyBirthday,583,1825.65,F,1,0.00893289,0.0282951,30.1795,2.93411,F
1459,1,HappyBirthday,729,2555.85,M,1,0.26901,0.0292607,13013.4,1608.42,F
1459,1,HappyBirthday,985,13870.2,M,1,0.00215203,7.43113,8067.34,6.25036,F
1460,1,HappyBirthday,1087,730,F,1,0.447513,2.20021,18992.9,769.426,F
1460,1,HappyBirthday,1086,730,M,1,0.111657,1.06408,98.8304,36.8095,F
1460,1,HappyBirthday,933,27010.9,F,1,0.201049,0.643458,100.654,81.6014,F
1461,1,HappyBirthday,937,12775.9,M,1,0.207551,4.86106,16293.4,472.064,F
1463,1,HappyBirthday,114,1825.29,F,1,0.00829085,1.36007,25.6276,2.651,F
1463,1,HappyBirthday,240,2555.85,M,1,0.739821,0.480248,6223.03,648.15,F
1463,1,HappyBirthday,289,2555.17,F,1,0.0147279,30.5264,47.2541,4.9843,F
1463,1,HappyBirthday,976,5110.38,M,1,5.62267e-05,0.249675,29.0765,0.0181753,F
1464,1,HappyBirthday,1002,1460,F,1,0.0548136,0.104208,56.4316,19.2189,F
1464,1,HappyBirthday,634,27740.3,M,1,0.00310031,0.116624,42.6336,1.01513,F
1464,1,HappyBirthday,786,4380.15,M,1,0.0338771,0.406645,941.085,42.7916,F
1464,1,HappyBirthday,1037,1095,M,1,0.00204589,0.188643,1.27727e-05,0.636489,F
1465,1,HappyBirthday,64,13870.6,M,1,0.904065,0.025381,252.178,1138.19,F
1465,1,HappyBirthday,610,27740.2,M,1,0.240455,0.0627085,205.079,106.602,F
1465,1,HappyBirthday,893,10950.6,M,1,0.00125788,1.39302,0.724017,0.391707,F
1465,1,HappyBirthday,920,2190.32,F,1,0.204226,0.76599,75.121,80.3384,F
1466,1,HappyBirthday,459,8395.6,F,1,0.317246,0.350161,15248.5,1793.32,F
1466,1,HappyBirthday,689,2920.4,F,1,0.526537,0.318734,655.674,810.395,F
1466,1,HappyBirthday,778,3285.45,M,1,0.000190895,1.21495,2678.9,0.601139,F
1466,1,HappyBirthday,977,4015.94,M,1,0.0044868,0.382873,3.71524,1.41668,F
1467,1,HappyBirthday,1130,365,M,1,0.081459,0.190957,5320.38,58.2384,F
1467,1,HappyBirthday,553,27375.1,F,1,0.00114652,0.493743,9.25762,0.370996,F
1467,1,HappyBirthday,754,10585.6,M,1,0.201954,6.39247,7339.73,1341.49,F
1468,1,HappyBirthday,190,9855.46,M,1,0.0663906,1.41229,22.3186,22.7154,F
1468,1,HappyBirthday,903,31390.8,M,1,0.25867,0.488772,2299.02,97.9333,F
1469,1,HappyBirthday,68,4380.5,F,1,0.233069,0.37281,3428.52,107.636,F
1469,1,HappyBirthday,367,19345.4,F,1,0.0300667,0.140065,65.4377,11.022,F
1469,1,HappyBirthday,948,4745.26,M,1,0.000494873,4.57847,43.625,0.163474,F
1470,1,HappyBirthday,1003,1460,M,1,0.0138321,3.46911,107.746,4.90245,F
1471,1,HappyBirthday,247,1825.74,M,1,0.0011429,0.0702624,411.359,0.365456,F
1471,1,HappyBirthday,387,24090.3,F,1,0.00182017,3.54242,15.913,0.567233,F
1471,1,HappyBirthday,597,9125.86,M,1,2.4168e-06,0.325179,0.903533,0.0007564,F
1471,1,HappyBirthday,1131,365,F,1,0.136499,0.315296,12012.1,1194.51,F
1472,1,HappyBirthday,57,8395.85,F,1,0.00627462,0.228891,29.0386,2.03822,F
1473,1,HappyBirthday,366,2555.37,F,1,0.0302654,0.75774,0.182116,9.55858,F
1473,1,HappyBirthday,643,5840.21,M,0,0,0.00628983,0,0,F
1473,1,HappyBirthday,812,14600.8,M,1,0.00135141,1.26539,436.879,0.689894,F
1473,1,HappyBirthday,819,16790.2,F,1,0.0153416,0.468957,12.3127,4.92074,F
1474,1,HappyBirthday,91,4745.68,F,1,0.0334856,5.47932,31.4009,11.4542,F
1474,1,HappyBirthday,254,8030.76,M,1,0.0201442,4.5426,4.30636,6.45983,F
1474,1,HappyBirthday,476,5840.8,F,1,0.00231919,0.637434,548.427,1.2882,F
1474,1,HappyBirthday,1132,365,F,1,0.203382,2.23943,11523.4,1175.23,F
1474,1,HappyBirthday,1088,730,M,1,0.120066,1.10336,198.932,60.1592,F
1475,1,HappyBirthday,136,4380.54,F,1,0.262714,0.209603,5370.06,614.236,F
1476,1,HappyBirthday,538,13870.7,M,1,0.0103913,1.65382,12611.8,43.2154,F
1477,1,HappyBirthday,339,20440.2,F,0,0,0.0348634,0,0,F
1477,1,HappyBirthday,402,4015.04,F,1,0.00128094,5.74353,0.0252154,0.39812,F
1478,1,HappyBirthday,436,10220.3,F,1,0.00474604,0.916372,17.202,1.57176,F
1478,1,HappyBirthday,915,3650.13,F,1,0.897911,0.922436,600.66,900.383,F
1479,1,HappyBirthday,288,2190.49,F,1,0.00133554,0.0939681,3.4968,0.415288,F
1480,1,HappyBirthday,38,33215,F,1,3.89117e-05,1.33259,43.7884,0.0130002,F
1480,1,HappyBirthday,1133,365,M,1,0.0928935,30.3163,93.1826,39.4539,F
1480,1,HappyBirthday,1038,1095,M,1,0.0826248,0.35294,925.173,45.3644,F
1481,1,HappyBirthday,79,19710.7,F,1,0.0863854,0.710741,5493.47,251.835,F
1481,1,HappyBirthday,668,7665.06,M,1,0.195268,0.262011,128.185,85.4316,F
1481,1,HappyBirthday,702,5110.51,M,1,0.817474,2.57501,3.9731,535.288,F
1482,1,HappyBirthday,217,1825.57,F,1,0.29794,1.54145,1213.42,120.177,F
1482,1,HappyBirthday,1039,1095,F,1,0.106457,0.42483,150.253,44.1849,F
1482,1,HappyBirthday,815,2190.19,M,1,0.019433,0.0474713,318.288,12.5899,F
1482,1,HappyBirthday,904,4380.02,F,1,0.00686714,2.17748,37.4187,2.39913,F
1483,1,HappyBirthday,794,2920.33,M,1,0.00345254,0.0937415,9.51513,1.09061,F
1483,1,HappyBirthday,817,8030.74,F,1,0.00878277,2.41939,7.91933,2.75576,F
1483,1,HappyBirthday,983,5475.53,F,1,0.0518752,0.242542,12.3912,17.2034,F
1484,1,HappyBirthday,246,11315.6,M,1,0.00281254,0.449652,0.312887,0.87645,F
1484,1,HappyBirthday,947,1826,M,1,0.000511243,0.729788,1.5202,0.159432,F
1484,1,Births,1177,0,F,0,0,0.0872258,0,0,F
1485,1,HappyBirthday,796,20805.2,M,1,0.0336488,1.36399,2183.99,10.6392,F
1485,1,HappyBirthday,932,13505.7,F,1,9.66525e-05,31.3586,42977.2,0.517516,F
1485,1,HappyBirthday,945,4380.8,M,1,0.308392,0.223666,2030.56,160.934,F
1486,1,HappyBirthday,998,13870.3,F,1,0.00114697,0.764472,0.0148574,0.356928,F
1486,1,HappyBirthday,1004,1460,F,1,0.00870462,0.148309,79730.1,63.7867,F
1487,1,HappyBirthday,1134,365,F,1,0.0275515,0.0218041,45.2504,10.6103,F
1487,1,HappyBirthday,515,6205.96,M,1,0.000942747,0.99734,21052.8,0.557741,F
1487,1,HappyBirthday,733,8395.46,M,1,0.0239144,0.725123,64.5108,8.96545,F
1487,1,HappyBirthday,1005,1460,F,1,0.35908,0.261956,10.3951,138.747,F
1488,1,HappyBirthday,59,3650.47,F,1,0.0154314,0.0515323,39.8114,5.21126,F
1488,1,HappyBirthday,272,29565.7,F,1,0.00128736,1.69459,35.9264,0.411789,F
1488,1,HappyBirthday,1040,1095,M,1,0.129517,0.493419,11680.5,552.696,F
1488,1,HappyBirthday,905,35405.3,F,1,0.000156121,5.37985,461.335,0.13081,F
1489,1,HappyBirthday,125,10220.1,M,1,0.120715,2.14531,11553,287.206,F
1489,1,HappyBirthday,1006,1460,M,1,0.00581659,0.0225735,0.0122047,1.81283,F
1490,1,HappyBirthday,1089,730,F,1,0.00212559,0.0161308,13860.3,1.80928,F
1490,1,HappyBirthday,638,6935.95,M,1,5.75044e-06,4.27327,89233.8,0.0772981,F
1490,1,HappyBirthday,818,7300.58,F,1,0.81903,2.23538,19.273,550.649,F
1491,1,HappyBirthday,163,21535.4,M,1,0.197426,1.18129,0.680108,68.4673,F
1491,1,HappyBirthday,699,23725.4,M,1,0.16757,0.0357616,738.279,207.041,F
1492,1,HappyBirthday,170,23725.8,M,1,0.00893233,1.23344,46.8517,3.02778,F
1492,1,HappyBirthday,279,13870.1,M,1,0.00889645,0.556657,21.5955,2.82752,F
1492,1,HappyBirthday,881,2190.73,F,1,0.0855106,1.05775,604.695,28.3732,F
1492,1,HappyBirthday,908,2190.49,M,1,0.0286112,0.0327781,54.5877,9.77134,F
1493,1,HappyBirthday,2,18250.5,M,1,0.0476135,0.221124,20.2852,16.6923,F
1493,1,HappyBirthday,1041,1095,F,1,0.909131,12.5978,219.942,1409.34,F
1493,1,HappyBirthday,625,26280.3,M,1,0.000612297,12.7141,47.1423,0.199694,F
1493,1,HappyBirthday,860,10950.5,M,1,0.0719164,0.647306,423.832,33.0126,F
1494,1,HappyBirthday,338,2190.43,M,1,7.48964e-05,0.422469,57980,0.335995,F
1495,1,HappyBirthday,318,8395.88,F,1,0.0512271,6.61194,61.0867,20.422,F
1496,1,HappyBirthday,320,11680.1,M,1,0.0785492,1.10344,12.7723,26.6822,F
1496,1,HappyBirthday,374,3650.08,F,1,0.000741379,0.054037,15.7155,0.23678,F
1496,1,HappyBirthday,711,2190.38,M,1,0.162588,0.724498,6637.79,294.33,F
1497,1,HappyBirthday,789,9125.24,F,1,0.00823895,0.207316,26295.2,9.50068,F
1497,1,HappyBirthday,1007,1460,M,1,0.774857,0.599066,48.0363,488.617,F
1497,1,HappyBirthday,848,6205.67,M,1,0.000482961,0.167747,5.5028,0.151601,F
1498,1,HappyBirthday,119,14235.5,F,1,0.00254162,1.10989,0.281615,0.790751,F
1498,1,HappyBirthday,306,14235.4,F,1,0.188869,0.972136,36187.2,1673.25,F
1498,1,HappyBirthday,398,9125.92,F,1,0.258338,6.48417,55635.1,837.964,F
1499,1,HappyBirthday,67,11315.1,M,1,0.123864,0.301421,82.8449,52.3054,F
1499,1,HappyBirthday,73,2190.66,F,1,0.000611869,0.114474,7255.45,0.652552,F
1499,1,HappyBirthday,616,8030.1,F,1,0.3645,2.59505,12493.3,340.471,F
1499,1,HappyBirthday,961,1825.35,M,1,0.243991,8.40323,2605.43,378.867,F
1500,1,HappyBirthday,122,6570.27,M,1,0.714917,1.00246,60.9528,479.887,F
1500,1,HappyBirthday,1042,1095,M,1,0.107313,0.342582,11317.7,270.43,F
1500,1,HappyBirthday,250,14235.4,M,1,0.0405975,1.74654,6720.41,31.4074,F
1500,1,HappyBirthday,390,25185.9,M,1,0.771363,0.251547,3511.77,499.162,F
1500,1,HappyBirthday,660,2190.48,M,1,0.169779,0.48364,1301.03,60.0061,F
1500,1,HappyBirthday,731,3285.42,M,1,0.177072,0.975907,27003.5,893.862,F
1501,1,HappyBirthday,39,15695.6,F,1,0.127085,0.732777,144.25,50.5013,F
1501,1,HappyBirthday,148,18615.7,F,1,0.00141172,1.02562,131.643,0.526141,F
1501,1,HappyBirthday,483,8030.89,F,1,0.00614799,0.22058,149.993,2.35636,F
1501,1,Births,1178,0,M,0,0,0.36597,0,0,F
1502,1,HappyBirthday,76,11316,M,1,0.0564799,2.59927,61545.1,589.776,F
1502,1,HappyBirthday,1135,365,F,1,0.00283425,1.63063,48.4665,0.944562,F
1502,1,HappyBirthday,558,10585.6,F,1,0.00365904,3.32566,6.53243,1.17722,F
1502,1,HappyBirthday,669,16425.3,F,1,0.0134383,3.84135,95.9222,5.70311,F
1503,1,HappyBirthday,565,1825.26,M,1,0.0323858,0.273011,0.11884,10.2353,F
1503,1,HappyBirthday,768,7300.45,M,1,0.131648,2.78443,64.2983,47.7317,F
1503,1,HappyBirthday,769,16425.1,M,1,0.00360738,0.68114,28.2394,1.2722,F
1504,1,HappyBirthday,1136,365,M,1,0.000344376,0.0713682,0.704774,0.107057,F
1504,1,HappyBirthday,550,8760.38,M,1,0.00121669,0.154558,0.0001528,0.378292,F
1504,1,HappyBirthday,588,8760.75,M,1,0.315031,5.07604,9888.69,219.47,F
1504,1,HappyBirthday,880,4380.71,F,1,0.0148759,0.180045,6.36946,4.67102,F
1504,1,HappyBirthday,1043,1095,F,1,0.00399764,0.103758,60461.3,7.4839,F
1504,1,Births,1179,0,F,0,0,0.229257,0,0,F
1505,1,HappyBirthday,75,15330.9,M,1,0.0229075,1.02768,39.1227,8.60083,F
1505,1,HappyBirthday,204,5475.55,F,1,0.0434657,0.609437,304.918,20.6874,F
1505,1,HappyBirthday,457,10220,F,1,0.00468229,0.172218,2720.02,1.57458,F
1505,1,HappyBirthday,636,15330.6,F,1,0.00541809,0.739329,2915.15,4.49398,F
1505,1,HappyBirthday,840,10220.2,M,1,0.0135394,3.44752,64.6103,4.64372,F
1505,1,HappyBirthday,995,15695.9,M,1,0.00218786,0.243228,43.63,0.818289,F
1506,1,HappyBirthday,72,6205.34,F,1,0.000499116,0.959607,0.0389528,0.155237,F
1506,1,HappyBirthday,249,14235.4,F,0,0,0.080708,0,0,F
1506,1,HappyBirthday,950,7665.2,M,1,0.84243,74.0963,1964.91,716.787,F
1507,1,HappyBirthday,285,5475.07,M,1,0.300413,0.633878,1518.37,125.812,F
1507,1,HappyBirthday,934,1825.16,F,1,0.00749142,1.47914,1253.62,6.2316,F
1507,1,HappyBirthday,1044,1095,F,1,0.357669,0.0732894,113.407,162.797,F
1508,1,HappyBirthday,26,7300.79,F,1,0.0125682,1.84334,4.41522,4.00971,F
1508,1,HappyBirthday,45,16060.1,M,1,0.00360009,2.18456,53.7365,1.20404,F
1508,1,HappyBirthday,99,4745.56,M,1,0.626418,3.10268,1384.63,334.684,F
1508,1,HappyBirthday,523,4015.24,F,1,8.84293e-05,3.63734,14670.3,0.048138,F
1508,1,HappyBirthday,548,4745.63,M,1,0.0116248,3.18655,44400.2,49.89,F
1508,1,HappyBirthday,719,4380.9,F,1,0.0063714,0.380381,8.38491,2.06909,F
1508,1,HappyBirthday,1045,1095,M,1,0.0019349,3.54721,654.183,1.25995,F
1509,1,HappyBirthday,61,16060.5,F,1,0.000132533,22.7503,8222.6,0.10679,F
1509,1,HappyBirthday,461,13140,M,1,5.16296e-05,0.84723,75014.8,0.61542,F
1509,1,HappyBirthday,635,19710.1,M,1,0.000459306,1.83293,97938,6.55758,F
1510,1,HappyBirthday,23,7665.02,F,1,0.00413861,13.8089,38.7887,1.53613,F
1510,1,HappyBirthday,1137,365,M,1,0.0860979,0.697724,89184.2,1286.7,F
1512,1,HappyBirthday,355,18615.4,F,1,0.0010525,1.79015,100.566,0.377279,F
1512,1,HappyBirthday,381,21170.6,F,1,0.191099,0.710209,6007.15,1083.3,F
1512,1,HappyBirthday,1008,1460,F,1,0.000273989,0.045698,12282.7,0.445326,F
1512,1,HappyBirthday,1090,730,M,1,0.00120349,0.0275766,8.45681,0.388711,F
1513,1,HappyBirthday,97,4380.96,F,1,0,0.0390114,288.273,0,F
1513,1,HappyBirthday,201,1825.97,F,1,0.000259921,1.53325,46.7706,0.0978607,F
1513,1,HappyBirthday,451,2555.92,M,1,0.00379736,3.68178,118.658,1.23191,F
1513,1,HappyBirthday,594,3285.45,M,1,0.0159637,11.3645,5.10322,5.04308,F
1513,1,HappyBirthday,641,10220.7,F,1,0.00221188,0.121305,7.08801,0.701038,F
1514,1,HappyBirthday,253,5110.18,M,1,0.025963,1.65959,505.332,21.1089,F
1514,1,HappyBirthday,600,10220.9,F,1,0.58883,0.230123,314.829,310.154,F
1514,1,HappyBirthday,1009,1460,M,1,0.000286083,0.245699,24.1,0.096276,F
1514,1,HappyBirthday,841,12775.7,F,1,0.00323138,1.13874,2.84587,1.01043,F
1515,1,HappyBirthday,479,3285.94,F,1,0.00878663,0.222213,1.39795,2.74761,F
1515,1,HappyBirthday,517,13870.1,M,1,0.00236151,0.126508,15.4909,0.769639,F
1515,1,HappyBirthday,1091,730,M,1,0.00101257,0.0347898,9.6905e-05,0.315143,F
1516,1,HappyBirthday,52,6205.89,F,1,5.24445e-05,0.0848139,26.9166,0.0183668,F
1516,1,HappyBirthday,1046,1095,M,1,0.00295754,0.0169811,11.0894,0.964801,F
1516,1,HappyBirthday,478,4015.62,M,1,8.43215e-05,0.535007,40334.3,1.23136,F
1516,1,HappyBirthday,506,4015.39,M,1,0.000337586,0.14944,3.10898,0.106491,F
1516,1,HappyBirthday,524,12410.2,F,1,0.162835,6.34867,125.19,66.6253,F
1517,1,HappyBirthday,388,10220.4,M,1,0.00819927,0.0354499,117.154,2.98756,F
1517,1,HappyBirthday,623,8030.73,M,1,0.0298734,2.58548,1000.73,24.1402,F
1517,1,HappyBirthday,627,15695.4,F,1,0.000314683,0.326927,8.48038,0.097934,F
1517,1,HappyBirthday,728,2920.03,F,1,0.3894,0.118449,23.0588,159.413,F
1517,1,HappyBirthday,748,1825.8,M,1,0.00417741,0.950455,2.57737,1.31366,F
1518,1,HappyBirthday,1092,730,M,1,0.148414,2.0155,90213,1009.24,F
1518,1,Births,1180,0,F,0,0,0.0456316,0,0,F
1519,1,HappyBirthday,1047,1095,F,1,0.00276257,14.4261,17.5825,0.901027,F
1519,1,HappyBirthday,87,2555.47,F,1,0.000195791,0.039107,0,0.0609445,F
1519,1,HappyBirthday,348,1825.5,F,1,0.00355392,0.063345,19.2428,1.143,F
1519,1,HappyBirthday,790,3650.85,M,1,0.227541,0.710417,29.8401,83.4399,F
1519,1,Births,1181,0,M,0,0,0.0577315,0,0,F
1520,1,HappyBirthday,422,31025.3,M,1,0.17247,0.102022,1198.53,235.624,F
1520,1,HappyBirthday,677,12410.2,F,1,0.00589733,1.55792,39029.4,48.173,F
1520,1,HappyBirthday,906,7300.9,M,1,0.0791622,0.739219,16.6516,26.3867,F
1521,1,HappyBirthday,410,14965.1,F,1,0.901266,0.153347,104.41,775.949,F
1521,1,HappyBirthday,889,2920.11,F,1,0.024987,2.92743,277.289,7.89201,F
1522,1,HappyBirthday,24,20440.2,M,1,0.00273534,1.20554,62.9968,0.926623,F
1522,1,HappyBirthday,93,10950,F,1,0.000819504,0.244619,68.7966,0.282249,F
1522,1,HappyBirthday,1138,365,F,1,0.763263,0.069432,14.875,453.189,F
1522,1,HappyBirthday,921,3285.9,M,1,0.00215376,1.49763,1.14223,0.670183,F
1523,1,HappyBirthday,940,8395.43,M,1,0.00122815,0.264087,121.493,0.521641,F
1524,1,HappyBirthday,224,3650.43,F,1,0.000152184,0.139441,38961,1.27099,F
1524,1,HappyBirthday,262,4380.42,F,1,0.228246,2.94901,2335.61,385.882,F
1524,1,HappyBirthday,741,10220.6,F,1,0.0683489,2.20338,32.6915,23.2084,F
1524,1,HappyBirthday,825,5840.07,M,1,0.00205146,1.93434,256.373,0.989742,F
1525,1,HappyBirthday,474,1825.96,M,1,0.281496,0.165004,316.278,132.745,F
1525,1,HappyBirthday,743,2920.84,M,1,0.14547,0.394573,13801.9,81.5489,F
1525,1,HappyBirthday,792,1825.84,F,1,0.285676,0.168815,8294.09,439.958,F
1525,1,HappyBirthday,1139,365,F,0,0,0.0259195,0,0,F
1525,1,HappyBirthday,875,2920.93,F,1,0.158812,0.0647458,5012.37,155.842,F
1526,1,HappyBirthday,198,2555.94,M,1,0.0117809,1.54018,336.779,4.22898,F
1526,1,HappyBirthday,901,7300.22,F,1,0.00128761,0.805718,0.0112415,0.400449,F
1526,1,HappyBirthday,914,9855.19,M,1,3.75446e-05,1.86217,18.1434,0.0120152,F
1527,1,HappyBirthday,385,6205.3,F,1,0.000689535,0.336443,4.01426,0.214399,F
1528,1,HappyBirthday,121,8030.54,F,1,0.00465484,4.26258,55.2146,1.56138,F
1528,1,HappyBirthday,268,6570.79,F,1,0.00085243,0.312655,4516.17,0.465482,F
1528,1,HappyBirthday,928,27375.5,F,1,0.117278,1.64098,71.7893,40.7231,F
1529,1,HappyBirthday,359,35040.7,F,1,0.00184976,0.45473,16.9877,0.589034,F
1529,1,HappyBirthday,582,3650.01,F,1,0.0813284,0.976543,0.0607007,26.3645,F
1531,1,HappyBirthday,140,19710.5,M,1,0.0159242,5.79576,344.497,11.2072,F
1531,1,HappyBirthday,561,1825.39,M,1,0.0138338,0.0662984,35017.6,49.8337,F
1532,1,HappyBirthday,439,15695.5,M,1,0.173784,6.76589,55.2259,59.3267,F
1532,1,HappyBirthday,1011,1460,F,1,0.0781917,0.0951968,138.663,30.1318,F
1533,1,HappyBirthday,389,7300.39,F,1,0.00112138,1.80852,0.00610586,0.348624,F
1533,1,HappyBirthday,640,5840.91,F,1,0.00109259,15.2928,41.8704,0.364204,F
1533,1,HappyBirthday,675,6570.74,F,1,0,0.048302,1.26805,0,F
1533,1,HappyBirthday,771,21900.8,M,1,0.0123091,5.44196,129.794,4.7876,F
1534,1,HappyBirthday,282,23725.3,M,1,0.468511,0.256397,4592.96,655.194,F
1534,1,HappyBirthday,425,25915.4,M,1,0.2944,0.531306,71.3271,110.547,F
1534,1,HappyBirthday,498,6935.31,M,1,0.442779,0.0883176,29136.7,673.279,F
1534,1,HappyBirthday,508,10585.5,M,1,0.000624225,0.728251,173.117,0.209045,F
1534,1,HappyBirthday,535,2190.74,F,1,0.0172775,0.366848,36034.6,55.5252,F
1534,1,HappyBirthday,723,19345.6,F,1,0.0420154,0.461276,10389.4,239.915,F
1534,1,HappyBirthday,849,1825.16,M,1,0.727594,20.7787,466.433,645.15,F
1534,1,HappyBirthday,1093,730,M,1,0.0221035,1.27168,42.3384,8.17728,F
1534,1,HappyBirthday,1048,1095,M,1,0.0114011,2.26615,2.93606,3.61623,F
1535,1,HappyBirthday,1140,365,M,1,0,0.043755,0,0,F
1536,1,HappyBirthday,501,21535.3,F,1,0.0002715,0.217976,53.6592,0.0914284,F
1536,1,HappyBirthday,946,5475.25,M,1,0.0558208,7.67562,61.3757,19.2386,F
1537,1,HappyBirthday,233,7300.08,F,1,0.00261714,0.0835366,173.74,1.03389,F
1537,1,HappyBirthday,347,8030.09,M,1,0.00113773,0.0955222,4.02363,0.359982,F
1537,1,HappyBirthday,420,14235.7,M,1,0.14879,1.17227,63.1558,53.0262,F
1537,1,HappyBirthday,449,6935.46,F,1,0.744084,4.55533,2020.68,478.842,F
1538,1,HappyBirthday,88,6935.34,F,1,0.00274989,0.522884,1.01502,0.855938,F
1539,1,HappyBirthday,378,1825.45,F,1,0.0244953,5.97142,81.836,8.70057,F
1539,1,HappyBirthday,795,4380.67,F,1,0.282364,0.118819,2665.94,116.127,F
1539,1,HappyBirthday,917,6205.9,M,1,0.517969,26.1569,176.429,241.952,F
1539,1,HappyBirthday,960,2190.91,F,1,0.0293854,2.42468,3920.39,44.3488,F
1540,1,HappyBirthday,1049,1095,M,1,0.000525253,0.627157,39687.3,0.682364,F
1541,1,HappyBirthday,55,4380.7,F,1,0.000404324,0.685045,51.3987,0.15213,F
1541,1,HappyBirthday,776,10220.3,M,1,0.571347,0.0933464,785.087,542.731,F
1541,1,HappyBirthday,821,25915.6,F,1,0.000715007,0.252957,0.523256,0.222916,F
1542,1,HappyBirthday,116,8760.97,F,1,0.627965,0.983316,1463.02,332.526,F
1542,1,HappyBirthday,432,6570.86,M,1,0.0639008,0.35962,351.275,23.0161,F
1542,1,HappyBirthday,708,7300.65,M,1,0.831968,0.935545,1149.33,668.993,F
1542,1,Births,1182,0,F,0,0,0.989053,0,0,F
1543,1,HappyBirthday,172,8030.68,F,1,0.00581213,9.56882,6.80444,1.83052,F
1546,1,HappyBirthday,137,10951,F,1,0.00281126,0.78456,60.8744,0.985598,F
1546,1,HappyBirthday,245,29931,F,1,0.354959,75.1193,17.2798,140.733,F
1546,1,HappyBirthday,549,10585.6,F,1,0,0.0612605,5.37613,0,F
1546,1,HappyBirthday,752,30295.3,M,1,0.0227759,5.35639,46.1857,7.62174,F
1547,1,HappyBirthday,453,32850.5,F,1,0.0727254,1.20281,44.6292,23.4939,F
1547,1,HappyBirthday,472,2555.58,F,1,0.00299263,0.0683077,6.59587,0.94428,F
1547,1,HappyBirthday,1050,1095,M,1,0.487844,12.1494,291.449,404.949,F
1548,1,HappyBirthday,283,2555.8,M,1,0.0931224,0.0569776,756.42,34.9956,F
1550,1,HappyBirthday,440,4015.07,M,1,0.0096918,8.05411,33.6888,3.45192,F
1550,1,HappyBirthday,580,5110.03,M,1,0.00129126,0.14546,152.159,0.500427,F
1551,1,HappyBirthday,532,18250.9,F,1,0.746391,0.244723,171.275,528.529,F
1551,1,HappyBirthday,1094,730,M,0,0,0.022869,0,0,F
1552,1,HappyBirthday,791,12775.2,M,1,0.568088,1.63553,3809.96,1014.36,F
1554,1,HappyBirthday,1141,365,M,1,0.000713086,0.393425,5109.45,3.3565,F
1554,1,HappyBirthday,1012,1460,M,1,0.000670543,0.0435519,14.761,0.221628,F
1554,1,HappyBirthday,568,21900.6,M,1,0.047592,0.0351957,44.2271,15.4486,F
1554,1,HappyBirthday,652,2190.71,M,1,0.010237,2.12927,892.406,3.25393,F
1554,1,HappyBirthday,1051,1095,M,1,0.624161,0.175499,344.819,349.635,F
1556,1,HappyBirthday,12,2555.8,F,1,0.00976428,0.153682,21056.7,11.2788,F
1556,1,HappyBirthday,63,5840.31,F,1,0.0737384,0.509145,61.2283,27.9642,F
1557,1,HappyBirthday,705,6570.61,F,1,0.364243,0.0826145,116.599,163.154,F
1558,1,HappyBirthday,913,13870.8,F,1,0.267495,1.65213,6370.12,99.2479,F
1558,1,HappyBirthday,958,8760.28,F,1,0.1898,1.45185,2537.29,72.7382,F
1558,1,Births,1183,0,F,0,0,0.118007,0,0,F
1559,1,HappyBirthday,1095,730,M,1,0.000328403,2.12924,12104.1,2.72067,F
1560,1,HappyBirthday,227,8030.31,M,1,1.30378e-05,5.92729,57980.6,0.0245156,F
1560,1,HappyBirthday,248,9855.77,M,1,0.00243984,2.23253,27.035,0.857489,F
1560,1,HappyBirthday,631,4380.64,M,1,0,0.0374514,0.427456,0,F
1561,1,HappyBirthday,1096,730,F,1,0.136974,0.055038,8323.48,563,F
1561,1,HappyBirthday,135,6570.13,F,1,0.0013973,6.68392,24.9105,0.449806,F
1561,1,HappyBirthday,693,5110.41,F,1,0.00109845,0.321677,101.987,0.466862,F
1562,1,HappyBirthday,286,4745.05,M,1,0.287451,0.403052,43558,1309.68,F
1562,1,HappyBirthday,310,3285.52,M,1,0.00156693,0.469528,6.22883,0.500501,F
1562,1,HappyBirthday,376,6570.36,M,1,0.0314999,16.5225,31.7096,10.9712,F
1562,1,HappyBirthday,585,9125.33,F,1,1.16269e-05,5.32746,24134.3,0.073976,F
1562,1,HappyBirthday,975,25550,M,1,0.0336761,0.10496,0.916211,10.6621,F
1563,1,HappyBirthday,624,9490.34,F,1,0.330888,0.208911,2535.03,1079.72,F
1564,1,HappyBirthday,244,20440.3,F,1,0.0371058,0.280705,546.015,11.7657,F
1564,1,HappyBirthday,309,5840.15,M,1,0.890154,0.276469,19.7538,695.795,F
1564,1,HappyBirthday,1013,1460,M,1,0.00753199,0.343404,1714.88,17.378,F
1565,1,HappyBirthday,131,18615.2,F,1,0.203451,0.0188617,19905.9,467.946,F
1566,1,HappyBirthday,331,16060.3,F,1,5.25743e-05,2.53454,20220.1,0.599243,F
1566,1,HappyBirthday,630,14965.8,F,1,0.00671386,1.23455,113.178,2.49891,F
1566,1,HappyBirthday,811,8030.91,M,1,0.217443,0.0829854,5080.18,180.807,F
1566,1,HappyBirthday,1097,730,M,1,0.532767,0.0357026,127.739,310.455,F
1566,1,HappyBirthday,1142,365,F,1,0.0971589,0.438545,21620.2,275.525,F
1566,1,HappyBirthday,884,9855.42,M,1,0.0107025,1.08944,132.518,4.02714,F
1567,1,HappyBirthday,1014,1460,M,1,0.000199652,0.682926,6995.04,0.483117,F
1567,1,HappyBirthday,953,4015.73,F,1,0.000345475,0.95285,0.00962609,0.107365,F
1568,1,HappyBirthday,102,14965.4,F,1,0.22523,0.117465,120.438,91.3684,F
1568,1,HappyBirthday,192,12410.4,M,1,0.223001,0.704725,1499.36,471.566,F
1568,1,HappyBirthday,520,11680.7,F,1,0.186904,1.97955,26834.6,1159.11,F
1568,1,HappyBirthday,667,4380.23,M,1,0.000748141,0.177375,28.9764,0.242392,F
1569,1,HappyBirthday,273,17155.7,M,1,0.093406,3.77314,620.361,30.4792,F
1569,1,HappyBirthday,395,19710.4,F,1,0.0010241,1.78104,55.6695,0.392427,F
1569,1,HappyBirthday,1098,730,M,1,0.0583393,3.65473,10.9665,18.7258,F
1569,1,Births,1184,0,F,0,0,0.0583192,0,0,F
1570,1,HappyBirthday,127,9855.01,F,1,0.197839,20.2966,10280.4,1235.77,F
1570,1,HappyBirthday,505,3285.94,M,1,0.271964,2.42741,3215.69,147.969,F
1570,1,HappyBirthday,521,3285.25,F,1,0.426347,4.2451,568.975,524.943,F
1570,1,HappyBirthday,613,18980.1,F,1,0.00237377,0.0292599,126.839,1.08566,F
1570,1,HappyBirthday,1143,365,M,1,0.0084268,0.146693,203.757,3.49449,F
1570,1,HappyBirthday,746,2920.76,M,1,0.0037614,0.667321,1231.61,3.08824,F
1571,1,HappyBirthday,14,2920.71,M,1,0.000229727,1.7437,33341.7,0.495247,F
1571,1,HappyBirthday,1099,730,M,1,0.36943,0.0533842,11514.8,1787.5,F
1571,1,HappyBirthday,663,31025.2,F,1,0.0328013,23.5424,11.6062,10.858,F
1571,1,HappyBirthday,698,4015.83,M,1,0.0182264,1.53856,16.5508,5.83625,F
1571,1,HappyBirthday,900,14235.5,M,1,0.0477255,2.71848,108.622,17.5695,F
1571,1,HappyBirthday,1052,1095,M,1,0.0454464,0.30589,6563.38,139.761,F
1573,1,HappyBirthday,129,5475.54,F,1,0.00170877,2.46921,68.8725,0.618117,F
1573,1,HappyBirthday,683,25915.2,F,1,0.000669231,0.020728,6.76e-05,0.20801,F
1573,1,HappyBirthday,833,7665.47,M,1,0.719397,0.648667,267.667,641.616,F
1573,1,Births,1185,0,F,0,0,0.171219,0,0,F
1574,1,HappyBirthday,74,15695.2,M,1,0.852787,0.89628,17.6966,598.183,F
1574,1,HappyBirthday,162,6205.08,M,1,0.0123357,0.462212,14973.8,119.811,F
1574,1,HappyBirthday,650,9490.66,F,1,0.325263,5.63484,159.131,161.191,F
1575,1,HappyBirthday,113,15330.9,M,1,0.634644,0.216239,63.8329,386.98,F
1575,1,HappyBirthday,231,26281,F,1,0.238497,13.7165,3893.75,131.103,F
1575,1,HappyBirthday,303,5110.11,M,1,0.00475519,0.890495,101.474,2.00075,F
1575,1,HappyBirthday,323,17520.3,M,1,0.350911,0.130562,15612.1,515.314,F
1575,1,HappyBirthday,691,13870.7,F,1,5.48635e-05,0.23536,14428.4,0.532346,F
1576,1,HappyBirthday,1053,1095,M,1,0.0957646,0.324171,36.1219,34.0115,F
1576,1,HappyBirthday,295,18980.4,F,1,0.404631,2.56976,286.329,326.562,F
1577,1,HappyBirthday,806,32485,M,1,0.0873099,0.151861,16.1345,29.2679,F
1578,1,HappyBirthday,967,17885.9,M,1,0.00856127,2.58951,12.7629,2.73203,F
1580,1,HappyBirthday,337,6570.16,F,1,0.000149409,0.41965,1996.3,0.353957,F
1580,1,HappyBirthday,609,3650.03,M,1,0.000595352,0.624086,54606.7,0.737829,F
1580,1,HappyBirthday,622,9855.96,M,1,0.361514,0.458473,10490.3,160.527,F
1580,1,HappyBirthday,785,20075.2,M,1,0.00399067,1.36058,69445.3,8.15889,F
1580,1,HappyBirthday,856,10220.9,F,1,0.138592,0.973528,10205.4,1066.06,F
1581,1,HappyBirthday,160,16060.7,F,1,0.858613,0.18175,52.3579,696.114,F
1581,1,HappyBirthday,475,13140.6,F,1,0.000185919,0.332553,119.945,0.0678326,F
1581,1,HappyBirthday,1144,365,F,1,0.0473304,0.0503231,74.5225,20.6944,F
1581,1,HappyBirthday,822,6935.78,F,1,0.000465987,0.581162,197.541,0.231385,F
1582,1,HappyBirthday,212,5110.34,M,1,0.00172861,2.75611,39.3667,0.563785,F
1583,1,HappyBirthday,108,23725.7,M,1,0.122642,0.593477,6.06739,41.0319,F
1583,1,HappyBirthday,174,12410.7,M,1,0.28229,0.195667,6323.71,789.9,F
1584,1,HappyBirthday,1054,1095,M,1,0.511754,0.0614485,11634.9,1152.85,F
1585,1,HappyBirthday,406,5475.82,F,1,0.289302,1.33104,249.563,108.344,F
1585,1,HappyBirthday,706,7665.79,F,1,0.176372,3.67628,2585.8,227.92,F
1585,1,HappyBirthday,872,11680.2,F,1,0.0388139,18.5261,30.6267,14.1229,F
1585,1,HappyBirthday,923,8030.19,F,1,0.0017553,8.83482,1.66763,0.549685,F
1585,1,HappyBirthday,1056,1095,F,1,0.378708,0.315816,11658.8,1860.48,F
1586,1,Births,1186,0,F,0,0,0.732244,0,0,F
1587,1,HappyBirthday,27,1825.37,M,1,0.0150814,9.69096,17.9958,4.95309,F
1587,1,HappyBirthday,112,16060.8,F,1,0.0411225,0.402869,5.23343,13.3377,F
1587,1,HappyBirthday,259,2190.97,M,1,0.212634,0.0428148,6.53362,74.3523,F
1587,1,HappyBirthday,308,4015.75,F,1,0.00405684,0.0399708,644.661,2.43572,F
1587,1,HappyBirthday,452,12775.3,F,1,0.000226684,0.816785,9463.56,0.787718,F
1587,1,HappyBirthday,781,20075.5,M,1,0.499202,0.104568,225.198,287.498,F
1587,1,HappyBirthday,1057,1095,F,1,0.00564997,0.81951,20389.4,3.60181,F
1588,1,HappyBirthday,98,3650.48,F,1,7.34149e-05,0.0633487,5829.61,0.382678,F
1588,1,HappyBirthday,207,7665.97,M,1,0.024953,3.08413,845.662,17.9532,F
1589,1,HappyBirthday,169,13870,M,1,0.054289,0.208304,66.123,18.3351,F
1589,1,HappyBirthday,229,6570.56,M,1,0.00117198,0.82782,29.8412,0.416354,F
1589,1,HappyBirthday,297,7665.68,F,1,0.00404051,1.05795,26995.5,27.6528,F
1589,1,HappyBirthday,334,4015.93,M,1,0.115529,0.59618,9.41703,39.8373,F
1589,1,HappyBirthday,1145,365,M,1,0.0628241,0.607262,32.7486,23.0201,F
1589,1,HappyBirthday,618,10221,F,1,0.210895,1.51073,17.9976,76.9222,F
1590,1,HappyBirthday,834,13140.9,M,1,8.04441e-05,2.75826,2842.33,0.118074,F
1590,1,HappyBirthday,1015,1460,F,1,0.0156675,5.6775,2.02177,4.9433,F
1591,1,HappyBirthday,311,3285.33,M,1,0.0624729,0.131757,17125.6,134.382,F
1591,1,HappyBirthday,1058,1095,F,1,0.0538522,0.0135315,4083.14,148.142,F
1591,1,HappyBirthday,499,24090.7,M,1,2.02377e-06,0.219176,15210.5,0.0198096,F
1591,1,HappyBirthday,797,1825.21,F,1,0.000180278,0.876869,13418.7,0.254775,F
1591,1,HappyBirthday,851,13870.4,F,1,0.00764608,0.141408,1.06993,2.38959,F
1591,1,HappyBirthday,919,22265.3,M,1,0.0238845,0.237476,0.0081922,7.51243,F
1592,1,HappyBirthday,171,14600.8,F,1,5.98465e-07,0.0173655,57645.1,0.0063086,F
1592,1,HappyBirthday,740,6205.84,F,1,9.83376e-05,0.338192,1.84938,0.0307001,F
1593,1,HappyBirthday,173,2190.3,M,1,0.00199384,0.00915901,47.7449,0.752551,F
1593,1,HappyBirthday,1060,1095,F,1,0.192362,0.0396059,28508.3,246.631,F
1593,1,HappyBirthday,384,35770.9,F,1,0.557857,0.0628604,4496.64,690.376,F
1593,1,HappyBirthday,462,12045.4,F,1,0.00790917,0.30831,49.1346,3.07028,F
1593,1,HappyBirthday,883,5840.98,M,1,0.000544685,1.73543,38.5735,0.200492,F
1593,1,HappyBirthday,973,2920.17,M,1,7.58182e-05,0.759388,7167.59,0.178883,F
1593,1,HappyBirthday,1059,1095,F,1,0.309602,0.0330886,0.0830861,115.198,F
1594,1,HappyBirthday,1016,1460,F,1,0.000561838,3.22753,26418.3,0.679799,F
1594,1,HappyBirthday,455,9125.18,F,1,0,0.0232351,0,0,F
1594,1,HappyBirthday,599,4745.7,M,1,0.000294733,1.50597,2951.65,0.184264,F
1596,1,HappyBirthday,146,11680.8,F,1,0.388041,1.33327,5045.23,183.189,F
1596,1,HappyBirthday,185,6935.8,F,1,0.851144,0.075657,13.2011,604.675,F
1596,1,HappyBirthday,486,3285.43,F,1,0.00193906,1.87244,13.6855,0.642042,F
1596,1,HappyBirthday,925,27375.4,M,1,0.00254498,0.199465,0.148016,0.792104,F
1597,1,HappyBirthday,25,22630.7,M,1,0.499482,0.0589002,307.746,401.647,F
1597,1,HappyBirthday,124,9125.82,F,1,0.116284,0.172361,14.852,38.5743,F
1598,1,HappyBirthday,1146,365,F,1,0.607662,0.0657918,160.084,294.53,F
1598,1,HappyBirthday,608,8395.9,M,1,5.92795e-05,0.26199,0.11625,0.01844,F
1598,1,HappyBirthday,1101,730,M,1,0.789318,0.0857247,293.622,611.198,F
1599,1,HappyBirthday,92,10950.4,M,1,0.0857625,1.19375,69.9366,32.5438,F
1599,1,HappyBirthday,1001,9125.11,M,1,0.0203435,1.49724,46.3635,6.88155,F
1599,1,HappyBirthday,301,11680.1,F,1,0.682958,0.381898,54.664,360.334,F
1599,1,HappyBirthday,340,4015.51,F,1,0,0.938583,35455.3,0,F
1599,1,HappyBirthday,467,2190.71,F,1,0.101962,2.49543,44.1809,36.9569,F
1599,1,HappyBirthday,1102,730,M,1,0.00597803,0.0579211,28251.5,4.4999,F
1600,1,HappyBirthday,445,3285.68,M,1,0.00111876,0.379262,0.258109,0.347938,F
1600,1,HappyBirthday,670,11315.8,F,1,0.000287551,0.490695,9.87696,0.093722,F
1601,1,HappyBirthday,391,21900,M,1,0.269073,1.0694,6882.88,124.278,F
1601,1,HappyBirthday,756,31025.9,M,1,0.0857473,0.102531,4315.29,46.7275,F
1602,1,HappyBirthday,852,20075.7,F,1,0.0316671,2.82435,125.769,12.0587,F
1603,1,HappyBirthday,423,2190.73,M,1,0.00100075,0.162483,49.2159,0.385362,F
1603,1,HappyBirthday,434,14600.1,F,1,0.00359102,0.364383,50.8724,1.24713,F
1604,1,HappyBirthday,430,29930.4,M,1,0.00234535,0.918199,2.04257,0.730948,F
1604,1,HappyBirthday,1061,1095,F,1,0.129014,0.244994,13.5126,43.31,F
1605,1,HappyBirthday,109,2190.19,M,1,0.00022237,3.31297,31428.8,1.29429,F
1605,1,HappyBirthday,132,4380.41,M,1,0.618792,0.164179,1062.08,538.199,F
1605,1,HappyBirthday,801,4380.1,F,1,0.00395336,7.62914,46.3906,1.31035,F
1605,1,Births,1187,0,M,0,0,0.00699929,0,0,F
1606,1,HappyBirthday,157,8760.79,F,1,0.168999,0.987091,47418.4,289.189,F
1607,1,HappyBirthday,133,2920.84,F,1,0.063387,0.223726,37.3752,22.3709,F
1607,1,HappyBirthday,242,6205.41,M,1,0.0333944,1.23348,70.0038,11.0426,F
1607,1,HappyBirthday,424,2190.77,F,1,0.0685011,1.25736,16.7462,23.5724,F
1608,1,HappyBirthday,493,9855.79,F,1,0.123129,2.11633,76.7858,41.0619,F
1608,1,HappyBirthday,866,5475.49,M,1,0.507342,11.5246,17077,555.277,F
1608,1,HappyBirthday,916,4745.06,F,1,0.18404,0.226581,5.00456,63.3896,F
1608,1,HappyBirthday,1103,730,M,1,0.812759,0.0998853,62.584,538.33,F
1608,1,Births,1188,0,F,0,0,0.452078,0,0,F
1609,1,HappyBirthday,32,2920.94,M,1,0.0734707,1.2274,2.03528,23.8744,F
1609,1,HappyBirthday,351,6570.04,F,1,0.738905,315.593,5.99245,424.231,F
1609,1,HappyBirthday,808,11316,M,1,0.0919249,0.643645,5.09333,30.2452,F
1610,1,HappyBirthday,66,25186,M,1,4.72314e-05,0.0870206,23856.8,0.12313,F
1610,1,HappyBirthday,290,7300.11,F,1,0.0708411,3.46614,11.6323,22.9249,F
1610,1,HappyBirthday,1147,365,F,0,0,0.00951358,0,0,F
1611,1,HappyBirthday,551,8760.64,M,1,0.0220473,4.20967,84.3058,8.06868,F
1612,1,HappyBirthday,271,4380.61,F,1,0.00172551,0.930629,13.1172,0.565695,F
1612,1,HappyBirthday,888,1825.92,M,1,0.21844,4.06572,75072.3,1177.63,F
1613,1,HappyBirthday,1017,1460,F,1,0.00352144,2.85825,1.03544,1.09721,F
1613,1,HappyBirthday,1148,365,M,1,0.000256839,0.476283,585.044,0.146936,F
1613,1,HappyBirthday,404,6205.27,M,1,0.820143,3.84599,361.425,851.845,F
1613,1,HappyBirthday,579,4380.95,F,1,0.00119083,0.639923,32.5088,0.383348,F
1614,1,HappyBirthday,1018,1460,M,1,0.00697879,0.108524,3036.41,10.7287,F
1614,1,HappyBirthday,559,20075.8,M,1,0.114512,3.75323,371.665,41.1158,F
1615,1,HappyBirthday,280,5475.34,F,1,0.00339379,1.02015,9859.95,11.9068,F
1615,1,HappyBirthday,766,4015.02,M,1,0.0854524,0.428817,681.301,38.3541,F
1616,1,HappyBirthday,21,9125.98,F,1,0,0.537473,539.702,0,F
1616,1,HappyBirthday,1019,1460,F,1,0.00969134,0.109255,1147.41,4.18599,F
1617,1,HappyBirthday,469,7300.92,M,1,0.499624,0.49305,15564,782.854,F
1618,1,HappyBirthday,228,13140.9,F,1,0.00643137,0.754203,7.77938,2.03228,F
1618,1,HappyBirthday,595,1825.04,F,1,0.00381075,0.151634,7.02283,1.22933,F
1618,1,HappyBirthday,718,5110.27,F,1,0.0183761,0.483235,22.755,5.93202,F
1618,1,HappyBirthday,868,5840.72,F,1,0.0484404,0.317151,64.7791,20.1836,F
1618,1,HappyBirthday,902,3650.38,F,1,0.316259,0.0825914,163.585,152.956,F
1619,1,HappyBirthday,956,13870.5,M,1,0.00220807,0.0896405,30.8132,0.788183,F
1619,1,Births,1189,0,M,0,0,0.231301,0,0,F
1620,1,HappyBirthday,84,20440,M,1,0.0013252,9.40325,0.848461,0.413834,F
1620,1,HappyBirthday,496,7665.67,F,1,0.00268731,0.582262,0.0415196,0.836036,F
1620,1,HappyBirthday,1020,1460,M,1,0.865826,0.494479,7.76433,624.969,F
1622,1,HappyBirthday,187,7665.81,F,1,0.0032827,1.49846,44.3231,1.22529,F
1622,1,HappyBirthday,518,21900.2,M,1,0.727163,2.65685,48.6136,467.123,F
1623,1,HappyBirthday,435,13870.9,M,1,0.0159803,1.001,0.425535,5.01038,F
1623,1,HappyBirthday,876,2190.56,F,1,9.86273e-05,0.401092,0,0.0306904,F
1624,1,HappyBirthday,53,2920.51,M,1,0.00490982,1.94426,34.8438,1.62124,F
1624,1,HappyBirthday,83,5840.32,M,1,0.841127,0.0795163,95.2618,670.299,F
1624,1,HappyBirthday,380,17885.4,M,1,0.049645,16.0968,44.7604,18.5005,F
1624,1,HappyBirthday,813,15695.6,M,1,0.378921,0.379419,4777.49,373.433,F
1625,1,HappyBirthday,111,1825.45,M,1,0.00244336,1.43901,1428.91,0.760503,F
1625,1,HappyBirthday,485,15695.3,F,1,0.00143774,0.371289,2.92475,0.448548,F
1626,1,HappyBirthday,1105,730,F,1,0.177334,0.0680984,237.861,79.9644,F
1626,1,HappyBirthday,763,5840.75,F,1,0.439837,4.4741,5835.74,633.393,F
1626,1,HappyBirthday,939,8395.11,F,1,0.494228,2.44966,471.928,222.37,F
1626,1,HappyBirthday,951,3285.4,M,1,0.024329,0.319534,387.157,7.89331,F
1627,1,HappyBirthday,972,16060.7,M,1,0.00218024,7.25868,8.45117,0.705406,F
1628,1,HappyBirthday,1021,1460,F,1,0.000652037,0.929521,23.9328,0.219119,F
1628,1,HappyBirthday,409,2555.2,F,1,0.000605282,0.437068,13.8668,0.199205,F
1629,1,HappyBirthday,8,2555.94,F,1,0.138664,0.0708655,116.298,46.7479,F
1629,1,HappyBirthday,128,3285.54,M,1,0.000158139,1.90387,249.975,0.0666174,F
1629,1,HappyBirthday,383,9490.39,M,1,0.00276807,7.91778,23065,1.84351,F
1629,1,HappyBirthday,466,10585.4,F,1,0.869661,0.633456,3384.11,674.729,F
1630,1,HappyBirthday,371,31755.2,F,1,0.0652655,34.4903,564.246,52.8935,F
1630,1,HappyBirthday,611,12046,M,1,0.000302117,3.63095,2821.22,0.439105,F
1631,1,HappyBirthday,358,11680.9,F,1,0.12831,0.048432,29.6376,44.8524,F
1632,1,HappyBirthday,1022,1460,M,1,0.00956137,0.753141,93979.4,79.4672,F
1632,1,HappyBirthday,621,6570.35,M,1,0.00170587,1.95802,41.3323,0.62879,F
1633,1,HappyBirthday,349,6205.05,F,1,0.00153492,0.140118,1.05027,0.47781,F
1633,1,HappyBirthday,555,14965.8,M,1,0.328114,0.131135,1270.35,142.201,F
1633,1,HappyBirthday,1106,730,M,1,0.507252,0.031426,6560.31,447.968,F
1634,1,HappyBirthday,294,6205.32,F,1,0.862332,0.0130019,470.396,799.634,F
1634,1,HappyBirthday,986,4015.94,M,1,0.00233196,0.0620955,252.531,1.0323,F
1635,1,HappyBirthday,471,19345.1,M,1,0.785721,15.6283,119.732,665.706,F
1635,1,HappyBirthday,738,6570.05,M,1,0.518406,4.03759,507.893,233.073,F
1635,1,Births,1190,0,M,0,0,0.0778047,0,0,F
1636,1,HappyBirthday,653,9125.37,F,1,0.0411544,4.6489,1844.6,45.437,F
1637,1,HappyBirthday,221,12045.6,M,1,0.197883,0.445565,1657.03,82.4748,F
1637,1,HappyBirthday,655,6570.98,M,1,0.0800519,1.20111,4664.63,57.7429,F
1637,1,HappyBirthday,871,19345.7,M,1,0.0047476,8.63438,8.01212,1.4792,F
1638,1,HappyBirthday,141,7300.91,M,1,0.151062,3.44202,530.377,63.0519,F
1638,1,HappyBirthday,164,6935.19,M,1,0.000141049,0.093543,89584.4,1.91776,F
1638,1,HappyBirthday,167,2190.62,M,1,0.0809357,0.865891,7.8529,26.2757,F
1638,1,HappyBirthday,687,2555.38,M,1,0.00252261,0.13987,42.2324,0.939655,F
1638,1,HappyBirthday,1149,365,F,1,0.000654568,0.120746,0,0.203095,F
1638,1,HappyBirthday,1062,1095,F,1,0.00346941,0.0363076,32.7267,1.25223,F
1639,1,HappyBirthday,85,2920.74,M,1,0.0451488,0.190153,7794.56,37.6671,F
1639,1,HappyBirthday,168,11315.2,M,1,0.0210029,0.241297,113158,153.852,F
1639,1,HappyBirthday,747,5840.34,M,1,0.559673,5.30925,7.57325,254.933,F
1640,1,HappyBirthday,317,22265.8,F,1,0.865398,3.8488,7.96414,643.088,F
1640,1,HappyBirthday,614,4745.42,M,1,0.171248,0.970045,273.96,72.0687,F
1640,1,HappyBirthday,1150,365,M,1,0.543643,0.197713,4949.7,502.406,F
1640,1,HappyBirthday,865,10585.2,M,1,0.000227089,1.45347,11.083,0.0735086,F
1640,1,HappyBirthday,870,2190.03,M,1,0.00517404,0.790314,2.80204,1.62572,F
1640,1,HappyBirthday,1107,730,F,1,0.505391,0.644874,2.79809,221.324,F
1641,1,HappyBirthday,4,33945,M,1,0.00175576,1.63777,3.00902,0.554775,F
1641,1,HappyBirthday,237,5475.73,M,1,0.00325559,3.81161,1.15813,1.01748,F
1641,1,HappyBirthday,314,5840.5,F,1,0.152709,0.252528,157.686,76.4937,F
1641,1,HappyBirthday,421,4745.78,M,1,0.0567651,0.512092,95.765,24.6256,F
1641,1,HappyBirthday,642,5840.39,M,1,0.00303695,0.928115,2.74707,0.945211,F
1641,1,HappyBirthday,1063,1095,M,1,0.0501585,0.17651,31745.7,195.796,F
1642,1,HappyBirthday,147,5110.34,F,1,0.000189193,1.70505,30519.7,0.134382,F
1642,1,HappyBirthday,1064,1095,M,1,0.231406,0.151022,13.1983,83.5477,F
1642,1,HappyBirthday,542,13870.4,F,1,7.04502e-05,0.129065,2920.92,0.115217,F
1642,1,HappyBirthday,826,6205.31,F,1,0.272106,0.0487463,39880,825.191,F
1643,1,HappyBirthday,49,12045.9,M,1,0.488402,2.86377,139.48,291.981,F
1643,1,HappyBirthday,835,1825.34,F,1,0.0704457,3.82557,10.0003,22.8827,F
1644,1,HappyBirthday,206,11315.6,M,1,0.0263981,0.231378,76.6847,9.55922,F
1644,1,HappyBirthday,598,28105.8,F,1,0.0583975,0.941888,945.206,20.8344,F
1644,1,HappyBirthday,979,6935.16,M,1,0.00268921,0.528607,103.29,0.987146,F
1645,1,HappyBirthday,343,18250,F,1,0.149283,0.128792,28958.1,1115.82,F
1646,1,HappyBirthday,69,5840.08,F,1,0.00150828,0.348565,60.0418,0.517248,F
1646,1,HappyBirthday,1108,730,F,1,0.620905,0.161203,88.3008,359.166,F
1646,1,HappyBirthday,537,13140,M,1,0.251345,0.0630846,48.8908,92.6505,F
1647,1,HappyBirthday,319,20075.9,M,1,0.0373005,1.52577,4760.93,12.2238,F
1647,1,HappyBirthday,394,12410.1,M,1,0.267886,1.60676,0.355098,96.9679,F
1647,1,HappyBirthday,657,34310.1,F,1,0.0146126,0.101646,17.7895,4.98009,F
1648,1,HappyBirthday,1065,1095,M,1,0.0122581,0.217324,107.3,4.71147,F
1649,1,HappyBirthday,941,4745.43,F,1,0.0219569,0.570466,36.9078,7.93269,F
1650,1,HappyBirthday,152,32850.6,M,1,0.0392706,2.28089,2822.61,13.8771,F
1650,1,HappyBirthday,234,6570.74,M,1,0.0399913,13.4522,320.897,13.7654,F
1650,1,HappyBirthday,312,2920.29,F,1,0.00260711,6.21911,11132.6,20.2855,F
1650,1,HappyBirthday,761,5475.38,M,1,0.000501914,1.8577,14.5702,0.166387,F
1651,1,HappyBirthday,444,4015.35,M,1,0.122428,0.130218,716.001,41.6115,F
1651,1,HappyBirthday,1151,365,M,1,0.00992683,0.0740941,8.39033,3.1583,F
1651,1,HappyBirthday,887,5840.42,M,1,0.062792,0.830555,26.0574,20.9929,F
1651,1,HappyBirthday,982,6570.94,M,1,0.213623,0.375542,62.3464,91.7318,F
1652,1,HappyBirthday,416,1825.42,M,1,0.00085686,0.221994,4.90585,0.272811,F
1652,1,HappyBirthday,759,7665.19,M,1,0.000237883,0.678977,62230,1.70886,F
1652,1,Births,1191,0,M,0,0,0.202878,0,0,F
1653,1,HappyBirthday,412,4745.29,F,1,0.00789846,0.628148,43.4364,2.9345,F
1654,1,HappyBirthday,103,5840.34,F,1,0.00244201,11.2972,101956,24.7709,F
1654,1,HappyBirthday,219,4380.89,F,1,0.00187216,1.30631,2.15189,0.582482,F
1654,1,HappyBirthday,1152,365,F,1,0.00305613,0.0266855,0.733545,0.954421,F
1654,1,HappyBirthday,581,1825.81,F,1,0.00112796,0.58455,14.3117,0.375087,F
1654,1,HappyBirthday,1066,1095,F,1,0.134621,0.203747,8130.73,842.076,F
1655,1,HappyBirthday,874,4745.53,F,1,0.00119163,0.0522868,13.8396,0.380157,F
1656,1,HappyBirthday,326,35405.2,F,1,0.0839618,1.34174,282.899,39.6531,F
1656,1,HappyBirthday,365,1825.49,M,1,0.0634669,0.448762,19351.9,385.43,F
1656,1,HappyBirthday,606,1825.46,M,1,0.000882204,0.230998,1536.87,0.482021,F
1656,1,HappyBirthday,672,6205.78,F,1,0.332742,0.207839,283.369,136.45,F
1656,1,HappyBirthday,853,10950.5,F,1,0.263326,0.37271,9508.22,100.481,F
1657,1,HappyBirthday,145,8395.8,F,1,0.000687017,0.16332,6.87215,0.221022,F
1657,1,HappyBirthday,397,9125.9,M,1,0.0711136,0.579273,0.216499,22.9441,F
1657,1,HappyBirthday,494,2190.54,F,1,0.0177289,0.0269587,21713.8,9.76264,F
1657,1,HappyBirthday,803,5840.71,F,1,0.0264115,0.718397,318.001,12.3141,F
1657,1,HappyBirthday,882,9855.24,M,1,0.0970103,2.27521,90.256,42.2468,F
1658,1,HappyBirthday,203,4380.26,F,1,0.0481759,3.07673,2.46038,15.413,F
1658,1,HappyBirthday,266,28105.7,M,1,0.0506246,3.21721,7.12193,16.725,F
1658,1,HappyBirthday,845,24455.2,F,1,0.0427979,15.1027,955.219,27.2166,F
1659,1,HappyBirthday,530,9490.04,F,1,0.494292,0.0984915,4600.64,397.74,F
1660,1,HappyBirthday,35,2920.01,F,1,0.255297,0.199327,100.273,99.7229,F
1660,1,HappyBirthday,1067,1095,F,1,0.0609214,0.330816,152.282,24.7929,F
1660,1,HappyBirthday,770,2190.38,F,1,9.17444e-05,0.122018,127568,0.75819,F
1660,1,Births,1192,0,F,0,0,0.0198115,0,0,F
1661,1,HappyBirthday,177,18250.6,F,1,0.0184941,1.15772,31.2988,6.64586,F
1662,1,HappyBirthday,181,5475.29,M,1,0.132841,2.58358,6.12624,45.4094,F
1662,1,HappyBirthday,1109,730,M,1,0.550834,10.9604,1.9138,250.089,F
1662,1,HappyBirthday,560,9125.61,M,1,0.171574,0.119295,2189.69,66.7824,F
1662,1,HappyBirthday,688,12045.7,M,1,0.0271639,1.15822,8.00713,8.65241,F
1662,1,HappyBirthday,943,2920.66,F,1,0.219262,0.207902,24535.3,1547.2,F
1663,1,HappyBirthday,42,6205.22,F,1,0.102043,0.355304,2669.26,149.445,F
1663,1,HappyBirthday,330,4745.56,F,1,0.687027,0.528206,263.678,527.802,F
1663,1,HappyBirthday,361,2920.04,F,1,0.00231855,1.21333,313.581,1.05363,F
1664,1,HappyBirthday,291,10220.2,F,1,0.0205185,1.37923,30.7339,7.06251,F
1664,1,HappyBirthday,563,5475.96,M,1,0.225095,12.1205,4.75066,79.8918,F
1664,1,HappyBirthday,1110,730,M,1,0.301471,0.873272,20.9989,121.485,F
1664,1,HappyBirthday,962,3650.67,M,1,0.415273,1.94405,5089.3,210.007,F
1665,1,HappyBirthday,793,12410.9,M,1,0.0770002,0.445419,98.6845,28.5659,F
1666,1,HappyBirthday,322,24820,M,1,0.00288614,2.51962,28.8267,0.934546,F
1666,1,HappyBirthday,500,4745.42,M,1,0.553221,3.06908,15101.4,431.22,F
1666,1,HappyBirthday,1111,730,M,1,0.0500368,0.100285,1.78663,15.9745,F
1666,1,HappyBirthday,577,23725.5,F,1,0.00146209,0.36336,11.2812,0.461342,F
1667,1,HappyBirthday,1153,365,F,1,0.0310921,4.65837,39497.2,126.345,F
1668,1,HappyBirthday,29,2555.52,M,1,0.173864,1.9589,367.58,138.539,F
1668,1,HappyBirthday,816,19710.7,M,1,0.101829,0.49793,100.306,38.3691,F
1669,1,HappyBirthday,166,16060.5,M,0,0,0.00958021,0,0,F
1669,1,HappyBirthday,178,9490.88,F,1,0.0558235,2.41538,1933.92,19.5938,F
1671,1,HappyBirthday,211,6935.72,M,1,0.000646187,2.46315,4.18863e-06,0.200814,F
1671,1,HappyBirthday,429,6205.88,M,1,0.38523,1.53496,7083.08,251.919,F
1672,1,HappyBirthday,513,9125.13,F,1,0.0362816,0.943821,5144.33,14.9263,F
1672,1,HappyBirthday,907,7665.38,F,1,0.00903459,5.87174,812.084,2.94811,F
1673,1,HappyBirthday,1112,730,M,1,0.0378822,1.27766,553.302,32.6522,F
1673,1,HappyBirthday,373,17885.5,F,1,0.0120564,0.261794,23.078,3.78489,F
1673,1,HappyBirthday,619,3650.23,M,1,0.063041,1.34962,6319.51,27.4163,F
1673,1,HappyBirthday,700,17520.9,F,1,0.00247471,60.03,15.1526,0.828427,F
1673,1,HappyBirthday,984,10220.5,F,1,0.51406,4.7354,1024.24,531.217,F
1674,1,HappyBirthday,536,30660.4,M,1,0.177483,22.5687,90686,1284.51,F
1674,1,HappyBirthday,658,4015.51,M,1,0.0815849,0.110843,11935.1,681.766,F
1674,1,HappyBirthday,810,2555.82,M,1,0.00191937,0.0451465,0.552787,0.597739,F
1675,1,HappyBirthday,107,31390,F,1,0.0728375,0.100704,201.59,32.0564,F
1675,1,HappyBirthday,955,6935,F,1,0.0385018,4.69095,16035.8,21.8356,F
1676,1,HappyBirthday,252,8395.49,F,1,0.155488,0.490545,5.76578,53.9713,F
1676,1,HappyBirthday,666,2190.8,F,1,0.155539,0.156706,0.359039,52.5438,F
1676,1,HappyBirthday,716,24455.6,M,1,7.08398e-05,0.122734,23.75,0.0229188,F
1676,1,HappyBirthday,744,7665.64,M,1,0.00899452,0.155134,65.6416,3.07184,F
1676,1,HappyBirthday,910,5110.32,M,1,0.0852655,0.380323,62.8595,29.7522,F
1678,1,HappyBirthday,34,28470.1,M,1,0.17114,1.8128,4650.53,336.195,F
1678,1,HappyBirthday,464,3650.93,F,1,0.0038753,0.100414,3046.26,14.2996,F
1678,1,HappyBirthday,573,2555.03,M,1,0.0799261,1.65923,129.741,31.5187,F
1678,1,HappyBirthday,1068,1095,F,1,0.038108,0.112095,105.552,17.2201,F
1679,1,HappyBirthday,105,22265,M,1,0.0155804,0.778729,373.157,5.04566,F
1679,1,HappyBirthday,200,16060.9,F,1,0.212429,0.34769,326.893,102.975,F
1679,1,HappyBirthday,342,9125.92,F,1,0.0005731,0.0423477,16095,2.3111,F
1679,1,HappyBirthday,974,8395.05,M,1,0.00713837,44.8431,185.077,2.43255,F
1679,1,HappyBirthday,994,5110.65,M,1,0,0.641264,5679.99,0,F
1680,1,HappyBirthday,574,5475.77,F,1,0.00363965,1.81428,43.4139,1.31136,F
1681,1,HappyBirthday,256,3650.66,M,1,0.0245093,1.90709,13.7044,7.73103,F
1682,1,HappyBirthday,31,18250.3,F,1,0.3581,14.9765,7033.23,612.617,F
1682,1,HappyBirthday,307,5475.3,M,1,0.847931,0.173617,73.6006,636.276,F
1682,1,HappyBirthday,488,28470.7,F,1,0.0132753,0.47475,97.8785,4.86305,F
1683,1,HappyBirthday,690,6935.77,M,1,0.00180781,1.73817,51677.4,17.9946,F
1683,1,HappyBirthday,924,2555.23,F,1,0.03906,0.317507,31.3712,13.8012,F
1683,1,HappyBirthday,942,11680.7,F,1,0.00183188,0.0343249,17.1379,0.614035,F
1684,1,HappyBirthday,60,18250.6,F,1,0.6985,1.03491,181.063,558.79,F
1684,1,HappyBirthday,788,5475.26,F,1,0.00281977,4.21725,80.2277,0.959054,F
1685,1,HappyBirthday,62,5475.03,M,1,0.0158255,0.565759,202.099,8.50578,F
1685,1,HappyBirthday,1113,730,M,1,0.378948,0.572452,2280.93,594.622,F
1686,1,HappyBirthday,1114,730,M,1,0.0185199,0.365523,17303.2,11.2084,F
1686,1,Births,1193,0,F,0,0,0.0516231,0,0,F
1686,1,Births,1194,0,F,0,0,0.50149,0,0,F
1688,1,HappyBirthday,325,10950.9,F,1,0.0123302,0.145427,549.102,10.0784,F
1688,1,HappyBirthday,1155,365,M,1,0.0124008,0.726181,85.1468,4.50334,F
1689,1,HappyBirthday,65,6935.46,F,1,0.460589,1.84044,81.0519,194.833,F
1689,1,HappyBirthday,1023,1460,F,1,0.010862,0.034974,31.5894,3.51483,F
1689,1,HappyBirthday,1069,1095,F,1,0.00149957,0.075279,2683.61,4.4501,F
1689,1,HappyBirthday,393,2555.35,F,1,0.306269,2.23612,20.9243,124.944,F
1689,1,HappyBirthday,735,16425,F,1,0.0048374,1.42659,2.43884,1.51189,F
1690,1,HappyBirthday,156,4380.9,F,1,0.00334834,0.837916,4509.15,1.04313,F
1690,1,HappyBirthday,257,5840.7,F,1,0.00159911,4.22188,80654.6,10.1024,F
1690,1,HappyBirthday,1156,365,M,1,0.54718,0.135968,3848.41,308.745,F
1690,1,Births,1195,0,F,0,0,0.0517732,0,0,F
1691,1,HappyBirthday,480,2920.93,M,1,0.0128722,2.24206,4.91969,4.12401,F
1691,1,HappyBirthday,497,8395.8,F,1,0.399878,6.18453,60.7662,163.885,F
1691,1,HappyBirthday,715,10220,M,1,0.00120705,0.892846,22.2431,0.396769,F
1691,1,Births,1196,0,F,0,0,0.00303666,0,0,F
1692,1,HappyBirthday,196,7665.15,M,1,0.0282683,1.3382,1678.09,28.3212,F
1692,1,HappyBirthday,664,16425.5,F,1,0.336831,18.334,1856.76,174.777,F
1692,1,HappyBirthday,710,24455.1,M,1,0.0123616,11.1333,52336.6,23.8684,F
1692,1,HappyBirthday,859,4745.95,F,1,0.0706855,0.019278,69.47,28.8069,F
1693,1,HappyBirthday,123,20440.1,F,1,0.274707,0.738797,240.574,104.788,F
1693,1,HappyBirthday,210,15330.4,F,1,0.000720758,1.05654,1243.79,0.630836,F
1693,1,HappyBirthday,362,8760.55,F,1,0.00942818,0.530819,1157.91,13.1944,F
1693,1,HappyBirthday,749,18615.7,M,1,0.228584,21.3687,9368.38,939.72,F
1693,1,HappyBirthday,965,4015.02,F,1,0.0419418,1.91003,28476.4,162.876,F
1693,1,HappyBirthday,990,2555.72,M,1,0.00968922,7.24785,28.6841,3.15571,F
1694,1,HappyBirthday,11,2190.89,F,1,0.248122,0.197827,23.8021,88.7645,F
1694,1,HappyBirthday,1024,1460,F,1,0.139772,0.422601,8.37071,48.7722,F
1694,1,HappyBirthday,829,4745.13,M,1,0.695224,2.2416,12.3314,370.785,F
1694,1,HappyBirthday,1157,365,F,1,5.15939e-06,0.0144153,25192,0.0516922,F
1695,1,HappyBirthday,877,2190.48,F,1,0.0780255,9.05593,32.6317,28.2071,F
1696,1,HappyBirthday,1070,1095,F,1,0.566705,0.0250373,1008.26,439.437,F
1696,1,HappyBirthday,490,22630.8,M,1,0.0204967,1.28565,12.7712,6.57793,F
1696,1,HappyBirthday,827,9855.88,F,1,0.00767878,0.688712,31.1453,2.52324,F
1697,1,HappyBirthday,82,12045,F,1,0.00305072,0.952627,22.4179,1.01665,F
1697,1,HappyBirthday,213,5110.05,M,1,0.0494349,2.29441,18.4525,17.1327,F
1697,1,HappyBirthday,333,21900.2,F,1,0.137615,2.93834,128.382,56.1932,F
1697,1,HappyBirthday,1025,1460,F,1,0.0723704,0.0214554,4837.35,162.361,F
1698,1,HappyBirthday,115,12045.6,F,1,0.104561,0.507029,190.775,44.9165,F
1698,1,HappyBirthday,223,12045.7,M,1,0.0170674,1.51625,6829.71,95.2929,F
1698,1,HappyBirthday,820,13140.3,M,1,0.105414,0.111399,58995.4,676.173,F
1698,1,Births,1197,0,M,0,0,0.267144,0,0,F
1699,1,HappyBirthday,37,4380.15,F,1,0.0987761,4.20508,511.671,55.2244,F
1699,1,HappyBirthday,495,11315.6,M,1,0.82903,1.39609,1.80116,550.195,F
1699,1,HappyBirthday,1115,730,F,1,0.667489,0.214214,2860.96,476.749,F
1699,1,HappyBirthday,798,4380.93,M,1,0.00256313,4.96681,2.95068,0.801522,F
1700,1,HappyBirthday,51,10585.9,F,1,0.0158028,7.08327,61304.9,53.8021,F
1700,1,HappyBirthday,1116,730,M,1,0.0628893,0.165758,1994.27,152.696,F
1700,1,HappyBirthday,671,8760.44,M,1,0.0040631,0.547344,1716.83,9.8389,F
1700,1,HappyBirthday,855,22630.7,M,1,0.142712,1.01629,407.274,48.333,F
1701,1,HappyBirthday,1117,730,M,1,0.534259,0.579455,308.445,297.238,F
1701,1,HappyBirthday,372,18251,M,1,0.00500068,0.192826,7791.49,14.2741,F
1701,1,HappyBirthday,957,14600.3,F,1,0.000215523,11.6357,567.91,0.121212,F
1702,1,HappyBirthday,1026,1460,M,1,0.664244,1.29413,96.6361,475.373,F
1702,1,HappyBirthday,586,19710.6,F,1,0.0966546,0.246012,28.6695,36.147,F
1703,1,HappyBirthday,40,5840.62,F,1,0.0690086,0.724324,193.706,28.5965,F
1703,1,HappyBirthday,1158,365,F,1,0.538789,0.0999187,64.8311,264.207,F
1704,1,HappyBirthday,180,31390.6,M,1,0.0084698,0.470036,1.2508,2.64374,F
1704,1,HappyBirthday,197,4745.14,F,1,0.0360324,0.0591539,793.329,11.5856,F
1704,1,HappyBirthday,534,10585.6,F,1,0.217774,2.27653,1951.55,159.882,F
1704,1,HappyBirthday,629,3285.18,M,1,0.0607065,1.57959,629.353,19.6941,F
1705,1,HappyBirthday,5,8030.76,M,1,0.230552,0.0930273,64.6567,90.3384,F
1705,1,HappyBirthday,71,7300.1,F,1,0.0061702,0.732196,120.417,2.48157,F
1705,1,HappyBirthday,437,7300.64,F,1,6.49026e-05,1.37423,74.4571,0.0226124,F
1706,1,HappyBirthday,885,14965.8,M,1,0.00133752,0.241322,13.9671,0.442977,F
1707,1,HappyBirthday,714,5475.35,M,1,0.00462146,0.21967,5.71917,1.47515,F
1707,1,HappyBirthday,725,2190.23,F,1,0.000754818,0.356592,17527.7,0.505713,F
1707,1,HappyBirthday,1118,730,F,1,0.00573872,1.05381,37.4849,1.8583,F
1708,1,HappyBirthday,507,8760.37,M,1,0.295143,3.23031,106.079,118.19,F
1708,1,HappyBirthday,516,9490.98,F,1,0.162355,0.442562,22349.2,433.198,F
1708,1,HappyBirthday,1071,1095,M,1,0.212963,0.262908,1032.9,308.167,F
1708,1,HappyBirthday,758,1825.64,M,1,0.013102,0.519977,129.961,5.01354,F
1708,1,HappyBirthday,981,7665.23,F,1,0.671962,0.889118,11.5382,359.248,F
1709,1,HappyBirthday,892,10220.7,F,1,0.115216,1.02355,70.1005,41.6458,F
1710,1,HappyBirthday,836,6205.21,F,1,0.00310164,0.236561,110.617,1.31547,F
1710,1,HappyBirthday,1159,365,M,1,0.661811,0.0418199,9.94656,337.415,F
1711,1,HappyBirthday,336,15330.6,F,1,0.666389,4.40985,58.3423,385.774,F
1711,1,HappyBirthday,370,3650.81,M,1,0.139395,0.790473,144.75,55.5739,F
1711,1,HappyBirthday,589,17155,M,1,0.00179661,0.2866,22738.4,0.932997,F
1711,1,HappyBirthday,1160,365,M,1,0.0183109,0.0396241,31934,139.499,F
1712,1,HappyBirthday,305,11315.4,F,1,0.0442976,1.99733,5774.29,31.315,F
1712,1,HappyBirthday,681,4381,F,1,0.00308687,0.175876,39.9618,1.04629,F
1713,1,HappyBirthday,1161,365,F,1,0.217642,0.771778,63060,848.121,F
1713,1,HappyBirthday,774,11680.6,F,1,0.00478785,0.386681,99.3413,1.9577,F
1713,1,HappyBirthday,831,20805.5,F,1,0.00702442,27.672,43.7479,2.57194,F
1713,1,Births,1198,0,F,0,0,0.014205,0,0,F
1714,1,HappyBirthday,267,21900.9,M,1,0.00753665,0.474918,23.7138,2.42009,F
1714,1,HappyBirthday,541,2920.41,M,1,0.269031,0.505841,10197.2,488.085,F
1715,1,HappyBirthday,1027,1460,M,1,0.237405,0.337412,771.07,102.705,F
1716,1,HappyBirthday,847,10220.4,F,1,0.493531,0.0353612,145.956,291.91,F
1716,1,HappyBirthday,879,12775.1,F,1,0.393338,1.80347,1713.56,185.031,F
1717,1,HappyBirthday,184,8395.11,M,1,0.00771126,3.07944,41.7993,2.625,F
1717,1,HappyBirthday,450,10585,M,1,0.0115673,2.11874,1.64964,3.62212,F
1717,1,HappyBirthday,654,6570.23,M,1,0.000450126,22.1537,42321.6,0.641745,F
1718,1,HappyBirthday,929,6205.52,M,1,0.584591,1.50997,1162.74,847.618,F
1718,1,HappyBirthday,1028,1460,F,1,0.470223,0.581295,1222.94,268.165,F
1719,1,HappyBirthday,260,2920.47,M,1,0.0106633,9.97464,24.0362,3.4665,F
1719,1,HappyBirthday,368,36135.7,F,1,0.0827444,6.29946,840.529,58.4223,F
1719,1,HappyBirthday,593,22265,M,1,0.00767815,0.963366,1329.05,3.17647,F
1719,1,HappyBirthday,757,16425.4,M,1,0.515571,14.3415,101.216,313.391,F
1720,1,HappyBirthday,482,2555.48,M,1,0.150763,2.80787,1475.84,130.126,F
1720,1,HappyBirthday,1162,365,F,1,0.0685693,0.217399,34219.2,562.969,F
1720,1,HappyBirthday,987,4015.85,M,1,0.00277169,2.08102,200909,28.1267,F
1721,1,HappyBirthday,139,14965.1,M,1,0.00101695,0.102799,30.9464,0.364883,F
1721,1,HappyBirthday,327,6570.05,F,1,0.145371,2.01797,13.1735,51.9296,F
1722,1,HappyBirthday,10,26645.2,F,1,0.0800231,0.0334588,839.458,98.6108,F
1722,1,HappyBirthday,489,6935.41,M,1,0.130202,1.21701,6575.45,303.703,F
1723,1,HappyBirthday,158,4015.46,F,1,0.11137,0.165463,43081.1,173.738,F
1723,1,HappyBirthday,414,14965.8,F,1,0.183275,0.0991061,5.38242,64.6033,F
1723,1,HappyBirthday,1119,730,M,1,0.412892,0.129798,1583.41,263.085,F
1724,1,HappyBirthday,447,29200.8,M,1,0.000238693,0.176274,0.123861,0.0741952,F
1724,1,HappyBirthday,971,4380.64,F,1,0.319553,2.6938,9949.59,1271.32,F
1725,1,HappyBirthday,261,4380.37,F,1,0.00248278,0.336524,7.45935,0.798947,F
1725,1,HappyBirthday,773,9125.35,F,1,0.00509968,0.946592,1445.35,1.62771,F
1725,1,HappyBirthday,857,9125.98,F,1,0.0753357,0.276488,134.176,30.5467,F
1725,1,HappyBirthday,899,13505.1,M,1,0.0045389,0.102929,38798.1,4.02568,F
1726,1,HappyBirthday,243,13140.2,M,1,0.00147832,0.0293779,11.3241,0.483073,F
1726,1,HappyBirthday,264,7300.07,F,1,0.00120542,1.16708,4542.17,2.43055,F
1726,1,HappyBirthday,510,6935.72,F,1,0.000132925,3.31807,36.6773,0.0438611,F
1726,1,HappyBirthday,1120,730,F,0,0,0.0133397,0,0,F
1726,1,HappyBirthday,730,3285.81,F,1,0.115192,0.304286,5257.47,89.9851,F
1726,1,HappyBirthday,1163,365,F,1,0.027745,0.146547,92.1381,10.3465,F
1726,1,HappyBirthday,935,16425.7,F,1,0.00136286,3.53185,1.66757,0.424115,F
1727,1,HappyBirthday,1121,730,F,1,2.8105e-05,0.0804729,11586.1,0.229758,F
1728,1,HappyBirthday,454,28470.9,M,1,0.143954,0.202561,423.892,83.3659,F
1728,1,HappyBirthday,564,4015.64,F,1,0.000102102,2.15082,37.427,0.0336738,F
1728,1,HappyBirthday,578,1825.66,M,1,0.00774924,1.57798,53.7708,2.91707,F
1728,1,HappyBirthday,846,5475.14,F,1,0.645016,0.175848,551.471,568.322,F
1729,1,HappyBirthday,70,10950.9,F,1,0.0518628,1.2387,3162.07,19.3793,F
1729,1,HappyBirthday,316,3285.74,M,1,0.481966,0.353299,1429.8,592.827,F
1729,1,HappyBirthday,603,17155.2,F,1,0.00293702,0.517253,110.419,1.15519,F
1729,1,HappyBirthday,676,21900.5,F,1,0.000117409,3.50151,443.818,0.0953522,F
1729,1,HappyBirthday,692,5110.51,F,1,0.0724821,13.1667,76.9557,26.4439,F
1730,1,HappyBirthday,1164,365,F,1,3.59222e-05,0.162582,108064,0.549576,F
1730,1,HappyBirthday,584,12045.7,F,1,0.0924766,3.03815,235.871,32.6944,F
1730,1,HappyBirthday,1122,730,M,1,0.0590175,0.157273,31780.2,74.4591,F
1731,1,HappyBirthday,401,5110.19,M,1,0.00265481,2.55216,0.0142603,0.826367,F
1732,1,HappyBirthday,659,3285.05,M,1,0.763113,1.06919,105.831,546.804,F
1732,1,Births,1199,0,M,0,0,0.00669143,0,0,F
1732,1,Births,1200,0,M,0,0,0.0326697,0,0,F
1733,1,HappyBirthday,300,23725.7,M,1,0.153452,0.00889434,75413.9,1820.44,F
1733,1,HappyBirthday,1029,1460,M,1,0.0602076,0.0431035,0.0971728,19.2994,F
1733,1,HappyBirthday,345,7300.54,M,1,0.000816867,2.73788,3618.35,0.425931,F
1733,1,HappyBirthday,922,10220.4,M,1,0.00960845,1.30951,7257.57,15.329,F
1734,1,HappyBirthday,628,2190.45,F,1,0.12537,0.49447,13055.1,199.707,F
1734,1,HappyBirthday,637,29565.7,M,1,0.00180423,3.08532,6.92122,0.562063,F
1734,1,HappyBirthday,646,17520.6,F,1,0.286932,3.71275,1307.67,238.706,F
1735,1,HappyBirthday,130,5840.22,M,1,0.564805,23.7054,1344.12,424.161,F
1735,1,HappyBirthday,255,1825.06,M,1,0.00417999,5.88994,2068.53,2.25993,F
1735,1,HappyBirthday,379,4380.24,F,1,0.000707651,9.84866,170.913,0.374747,F
1735,1,HappyBirthday,1072,1095,M,1,0.582222,0.946545,888.374,475.498,F
1735,1,HappyBirthday,1073,1095,M,1,0.0562554,0.0192273,3000.27,48.5087,F
1736,1,HappyBirthday,1074,1095,M,1,0.184103,0.0315714,5944.25,71.5601,F
1736,1,HappyBirthday,377,24090.3,F,1,0.000370826,0.108949,135445,3.15275,F
1736,1,HappyBirthday,533,16425.2,M,1,0.114134,0.0519264,172.925,47.3765,F
1736,1,HappyBirthday,712,9125.57,F,1,0.691048,0.422568,650.226,702.426,F
1736,1,HappyBirthday,814,16425,F,1,0.195846,0.998152,7564.63,78.0264,F
1738,1,HappyBirthday,645,3285.53,M,1,0.346016,2.79831,11.4345,135.305,F
1738,1,HappyBirthday,890,5840.08,M,1,0.117292,0.489201,353.951,44.0974,F
1739,1,HappyBirthday,302,15330.4,F,1,0.000315129,4.55178,106.339,0.119087,F
1739,1,HappyBirthday,468,7665.5,M,1,0.00111076,7.20098,194.815,0.622787,F
1739,1,HappyBirthday,966,8760.89,F,1,0.000155645,4.28269,2769.52,0.0832058,F
1740,1,HappyBirthday,13,8395.72,M,1,0.00411561,0.0416534,28.0108,1.45263,F
1740,1,HappyBirthday,48,4015.78,F,1,0.363813,0.0865925,3069.97,152.903,F
1740,1,HappyBirthday,554,5475.83,M,1,0.000463048,4.92204,0.0996408,0.143896,F
1740,1,HappyBirthday,936,4380.03,F,1,0.0313831,1.07903,58.9864,10.6787,F
1741,1,HappyBirthday,299,22265.5,F,1,0.599024,0.69471,4556.46,1834.94,F
1741,1,HappyBirthday,415,1825.92,M,1,0.595681,0.0166133,1566.32,479.64,F
1741,1,HappyBirthday,525,8761,M,1,0.0163082,1.12788,63027.3,113.723,F
1741,1,HappyBirthday,633,7665.37,M,1,0.00262789,4.9233,8.70747,0.819835,F
1742,1,HappyBirthday,695,22630.5,M,1,0.115137,6.90143,0.792298,38.0516,F
1742,1,HappyBirthday,1123,730,F,1,0.792812,4.48403,4.33125,496.754,F
1743,1,HappyBirthday,80,33945.4,M,1,0.00149472,9.56125,32.8808,0.527976,F
1743,1,HappyBirthday,94,1825.53,M,1,0.0448645,0.315582,114.838,16.5648,F
1743,1,HappyBirthday,165,30295.6,F,1,0.00377828,0.712443,2.38862,1.17927,F
1743,1,HappyBirthday,175,4015.57,M,1,0.000972524,0.786389,24.2401,0.315023,F
1743,1,HappyBirthday,470,14236,M,1,0.000209718,6.93723,30.0022,0.0738756,F
1743,1,HappyBirthday,843,6205.46,F,1,0.000935965,0.743287,24264.6,7.1851,F
1743,1,HappyBirthday,927,15330.7,M,1,0.709897,0.670952,18829.5,1250.53,F
1743,1,HappyBirthday,997,4380.54,F,1,0.00917473,33.5372,746.775,10.4866,F
1743,1,HappyBirthday,1076,1095,M,1,0.0609869,0.0872187,8861.86,203.993,F
1744,1,HappyBirthday,1077,1095,M,1,0.128045,0.308559,53.7282,44.7736,F
1744,1,Births,1201,0,F,0,0,0.330315,0,0,F
1745,1,HappyBirthday,54,3285.21,M,1,0.308544,0.191641,64.2889,125.677,F
1745,1,HappyBirthday,441,2555.98,F,1,0.084038,0.119884,449.696,44.1338,F
1746,1,HappyBirthday,1030,1460,F,1,0.620481,0.434253,30.3281,304.597,F
1747,1,HappyBirthday,149,12045.8,F,1,0.000286941,2.59246,112333,2.18052,F
1747,1,HappyBirthday,684,6570.27,M,1,0.00444749,0.511966,24.025,1.49406,F
1747,1,HappyBirthday,1165,365,M,1,0.738442,0.292514,2711.12,1682.28,F
1747,1,HappyBirthday,963,33945.7,F,1,0.989144,1.90752,540.466,1879.89,F
1748,1,HappyBirthday,144,1825.71,M,1,0.057961,7.60965,52.6432,19.8706,F
1748,1,HappyBirthday,151,4015.45,F,1,0.841887,0.71056,131.534,579.312,F
1748,1,HappyBirthday,258,36135.6,M,1,0.071383,0.732239,69.3718,25.3573,F
1748,1,HappyBirthday,353,6935.54,F,1,0.0014736,0.701106,0.537049,0.459687,F
1748,1,HappyBirthday,1166,365,F,1,0.003941,3.49051,11.4136,1.25065,F
1748,1,HappyBirthday,1167,365,F,1,0,0.163875,0,0,F
1748,1,HappyBirthday,869,1825.81,M,1,0.122899,0.374791,1.84598,41.1231,F
1749,1,HappyBirthday,278,21900.1,M,1,0.00771967,0.922723,10.6845,2.52956,F
1749,1,HappyBirthday,411,8760.15,M,1,0.477911,0.0871317,103.536,216.16,F
1749,1,HappyBirthday,519,35040.2,M,1,0.305175,0.372653,1056.3,157.245,F
1749,1,HappyBirthday,775,21535.6,M,1,0.00632486,2.34991,20.3282,2.17414,F
1750,1,HappyBirthday,296,6570.29,F,1,0.604901,17.7428,34349.6,1436.89,F
1750,1,HappyBirthday,1168,365,F,1,0.0107647,0.0246898,64032.8,60.3544,F
1750,1,HappyBirthday,717,10585.3,F,1,0.0649821,0.0774198,3745.67,52.0973,F
1750,1,HappyBirthday,964,8030.87,F,1,0.0654902,12.7536,20.5773,22.4763,F
1751,1,HappyBirthday,138,10950.5,M,1,0.0260623,9.26246,22.5808,8.40627,F
1751,1,HappyBirthday,195,22995.2,M,1,0.110378,0.451735,42.4475,39.067,F
1751,1,HappyBirthday,804,8760.1,M,1,1.40491e-05,1.70984,1889.59,0.0210864,F
1752,1,HappyBirthday,274,3650.1,M,1,0,0.126771,15.3881,0,F
1752,1,HappyBirthday,1124,730,M,1,0.000861338,1.5654,27.7236,0.298463,F
1752,1,HappyBirthday,363,21900.6,M,1,0.00672785,0.245346,21.0521,2.26755,F
1752,1,HappyBirthday,522,7665.97,F,1,0.000493644,0.0572625,31.9619,0.172991,F
1752,1,HappyBirthday,898,14965.5,F,1,0.161956,0.962221,1.91871,55.0636,F
1753,1,HappyBirthday,615,9855.14,F,1,0.228975,26.6659,668.66,86.2024,F
1753,1,HappyBirthday,783,4381,F,1,0.0408456,5.03482,64831.1,84.327,F
1753,1,HappyBirthday,989,7300.78,M,1,0.00206429,7.58915,179.537,0.813279,F
1754,1,HappyBirthday,230,18980.9,M,1,0.00980297,1.04231,0.106068,3.06258,F
1754,1,HappyBirthday,456,18980.5,F,1,0.000928888,1.17085,572.349,0.884651,F
1754,1,HappyBirthday,544,6570.02,M,1,0.0184842,1.00526,13.7346,6.20048,F
1756,1,HappyBirthday,894,18615.4,M,1,0.714717,5.84084,435.391,403.166,F
1757,1,HappyBirthday,408,16425.7,F,1,0.00394013,2.16757,27767.9,25.8034,F
1758,1,HappyBirthday,1125,730,F,1,0.336681,0.80169,39.7024,130.33,F
1759,1,HappyBirthday,117,13140.8,M,1,0.0147548,2.57054,24059.7,9.96745,F
1759,1,HappyBirthday,854,18250,M,1,0.0565337,0.120786,94.9909,24.9428,F
1760,1,HappyBirthday,1000,8760.82,M,1,7.32504e-05,0.0124988,0,0.0227662,F
1760,1,HappyBirthday,604,21900.8,F,1,0.0875635,0.495062,64.2159,30.2561,F
1761,1,HappyBirthday,96,4745.51,F,1,0.264633,0.049441,11026.5,462.603,F
1761,1,HappyBirthday,118,8760.36,M,1,0.338087,0.905455,396.8,199.512,F
1761,1,HappyBirthday,216,3650.23,F,1,0.00375763,0.376358,599.366,2.32014,F
1762,1,HappyBirthday,191,9125.89,F,1,0.642457,0.29216,1315.6,601.489,F
1763,1,HappyBirthday,399,6205.61,F,1,0.244395,2.75303,61.878,90.3149,F
1764,1,HappyBirthday,100,17520.6,M,1,0.336341,0.569219,133.111,133.246,F
1764,1,HappyBirthday,1031,1460,M,1,0,0.00745301,0.042876,0,F
1764,1,HappyBirthday,1169,365,M,1,0.0135416,0.315395,37.4954,4.98933,F
1764,1,HappyBirthday,694,6935.45,F,1,0.00102654,61.5067,73.7183,0.35449,F
1764,1,HappyBirthday,949,16060.1,M,1,0.21369,0.30197,107.902,87.2972,F
1764,1,Births,1202,0,F,0,0,0.0391604,0,0,F
1764,1,Births,1203,0,M,0,0,0.892736,0,0,F
1765,1,HappyBirthday,90,5110.04,M,1,0.00263815,4.36269,2568.58,1.44675,F
1765,1,HappyBirthday,182,5475.16,F,1,0.0287657,10.0834,455.417,22.0734,F
1766,1,HappyBirthday,567,23360.8,F,1,5.84705e-05,1.2479,1453.77,0.0553062,F
1766,1,HappyBirthday,1032,1460,M,1,0.00364521,0.0576065,28.5447,1.27049,F
1766,1,HappyBirthday,1170,365,M,1,0.0179399,0.0401985,83809.9,119.488,F
1766,1,HappyBirthday,799,3650.26,F,1,0.370444,3.58593,507.659,262.95,F
1767,1,HappyBirthday,43,4380.71,F,1,0.333393,0.91588,159.569,154.512,F
1767,1,HappyBirthday,86,14965.5,F,1,0.0269423,0.787871,8147.45,15.3882,F
1767,1,HappyBirthday,426,6205.15,F,1,0.00178809,1.35836,41.0452,0.60428,F
1767,1,HappyBirthday,514,1826,M,1,0.00355774,0.0467397,145.732,1.35433,F
1767,1,HappyBirthday,805,2555.09,M,1,0.00093083,0.0376843,504.36,0.507214,F
1767,1,HappyBirthday,809,3650.44,M,1,0.0921938,0.086035,774.143,35.9512,F
1767,1,HappyBirthday,838,33945.7,F,1,0.00887444,0.820834,27.8456,2.90283,F
1767,1,HappyBirthday,993,8395.95,F,1,0.0161029,47.0843,48458.4,73.8707,F
1768,1,HappyBirthday,446,12045.6,M,1,0.00501554,3.219,2.13452,1.57471,F
1768,1,HappyBirthday,481,2555.36,F,1,0.253873,0.475771,2405.26,380.168,F
1768,1,HappyBirthday,492,19345.7,F,1,0.0102378,31.399,49809.3,47.4852,F
1769,1,HappyBirthday,762,2555.6,F,1,0.0772151,1.57567,50.3429,31.0007,F
1769,1,HappyBirthday,1171,365,F,0,0,0.0169017,0,0,F
1770,1,HappyBirthday,844,13140.7,M,1,0.00435447,1.5564,0.0431268,1.35644,F
1770,1,Births,1204,0,M,0,0,2.50536,0,0,F
1771,1,HappyBirthday,1078,1095,M,1,0.00351163,0.143708,416.15,1.19426,F
1771,1,HappyBirthday,487,10585.6,M,1,0.000310439,0.935979,76.1638,0.108097,F
1771,1,HappyBirthday,644,12775.2,M,1,0.000249303,0.160684,2326.14,0.334768,F
1772,1,HappyBirthday,6,4380.05,F,1,0.00500867,1.22607,0.00479088,1.56037,F
1772,1,HappyBirthday,28,16425.9,F,1,0.167214,0.724581,3.62432,56.9049,F
1772,1,HappyBirthday,106,6570.68,M,1,0.00057964,0.840392,127,0.289489,F
1773,1,HappyBirthday,20,5110.2,M,1,0.0339012,1.55062,135.851,10.849,F
1773,1,HappyBirthday,460,4745.2,F,1,0.0154067,1.1798,501.878,9.15737,F
1773,1,HappyBirthday,724,7300.3,M,1,0.0770467,0.52375,45.4434,30.3386,F
1774,1,HappyBirthday,202,27375.1,F,0,0,0.0135164,0,0,F
1774,1,HappyBirthday,403,10951,F,1,0.000365077,0.175602,1623.49,0.362769,F
1774,1,HappyBirthday,566,3285.97,F,1,0.346334,0.141475,27.0178,148.333,F
1774,1,HappyBirthday,764,13140.3,F,1,0.00267101,0.0889476,54.7561,0.898318,F
1774,1,HappyBirthday,1033,1460,F,1,0.704878,4.37749,17158.9,598.867,F
1775,1,HappyBirthday,101,3285.16,F,1,0.000238485,0.220092,7628.87,0.217153,F
1776,1,HappyBirthday,30,5476,M,1,0.0172119,7.21171,1194.27,10.5713,F
1776,1,HappyBirthday,276,2920.48,F,1,0.00203779,0.0881337,15.8973,0.67433,F
1776,1,HappyBirthday,674,5840.58,M,1,0.0726362,1.43106,3258.39,26.9164,F
1776,1,HappyBirthday,736,11680.4,M,1,0.0970947,0.79815,698.295,110.138,F
1776,1,HappyBirthday,1172,365,M,1,0.0164554,0.173913,68.0209,6.62888,F
1776,1,HappyBirthday,873,22265.1,M,1,0.121755,1.26408,2767.38,242.635,F
1777,1,HappyBirthday,58,13871,M,1,0.00148052,1.29804,20.5431,0.494559,F
1777,1,HappyBirthday,1034,1460,M,1,0.784514,0.339018,20.8998,509.308,F
1778,1,HappyBirthday,292,2920.5,F,1,0.0051531,1.35267,5382.46,11.9611,F
1779,1,HappyBirthday,1173,365,M,1,0.000991638,0.352479,3.34125,0.312566,F
1779,1,HappyBirthday,1126,730,M,1,0,0.0352566,99539.1,0,F
1780,1,HappyBirthday,315,12410.2,M,1,0.000293815,1.34835,45.1275,0.0933758,F
1780,1,HappyBirthday,346,25185.4,M,1,0.277747,0.259303,16208.5,1551.37,F
1780,1,HappyBirthday,1127,730,M,1,0.0272794,4.83662,76.9988,9.26969,F
1780,1,HappyBirthday,587,2555.11,M,1,0.522767,2.3693,423.868,317.485,F
1780,1,HappyBirthday,678,2190.61,F,1,0.0229666,3.40596,98.3724,10.3016,F
1780,1,HappyBirthday,926,32485.5,F,1,0.0777244,0.312483,6833.98,106.063,F
1781,1,HappyBirthday,284,13870.6,F,1,0.00640513,0.324596,34.8106,2.23623,F
1782,1,HappyBirthday,44,18251,F,1,0.386541,0.609141,308.745,342.308,F
1782,1,HappyBirthday,89,2555.09,M,1,6.8768e-05,1.13558,3437.51,0.117476,F
1782,1,HappyBirthday,214,3285.02,M,1,0.0018612,2.47799,21.4051,0.612818,F
1782,1,HappyBirthday,1080,1095,F,1,0.887641,0.193803,8.77029,682.037,F
1782,1,HappyBirthday,732,2555.9,F,1,0.0280474,7.27014,531.544,15.4547,F
1782,1,HappyBirthday,823,2555.56,F,1,0.00134017,1.76658,52.6573,0.453201,F
1782,1,Births,1205,0,M,0,0,0.0982114,0,0,F
1783,1,HappyBirthday,503,4015.92,F,1,0.238535,2.01463,9.39896,85.0782,F
1783,1,HappyBirthday,591,9490.14,M,1,0.632808,1.45828,80.4371,315.633,F
1783,1,HappyBirthday,721,6570.81,M,1,0.00100317,1.03992,34.4722,0.330408,F
1784,1,HappyBirthday,154,18250.4,M,1,0.0251884,31.1373,2077.45,28.8514,F
1785,1,HappyBirthday,238,1825.24,F,1,0.218013,0.116534,59.7221,80.9905,F
1785,1,HappyBirthday,742,13140.2,F,1,0.000626875,1.00696,34.7131,0.204953,F
1785,1,HappyBirthday,988,3650.91,M,1,0.0629508,0.0211001,86.9303,23.7574,F
1785,1,HappyBirthday,1081,1095,F,1,0.855026,0.193816,123.977,687.699,F
1785,1,Births,1206,0,F,0,0,0.159467,0,0,F
1786,1,HappyBirthday,110,18616,M,1,0.68456,1.07462,13.9238,359.583,F
1787,1,HappyBirthday,473,31025.4,F,1,0.0145379,0.452885,2959.78,19.2291,F
1787,1,HappyBirthday,620,4745.57,F,1,0.113928,0.451706,129.099,44.5962,F
1787,1,HappyBirthday,703,22265,M,1,0.0475877,2.12424,4.98653,15.2811,F
1787,1,HappyBirthday,751,2555.67,F,1,0.121028,0.144342,760.723,55.0098,F
1788,1,HappyBirthday,50,8030.12,F,1,0.000378292,0.0447787,4254.96,0.736318,F
1788,1,HappyBirthday,502,4745.12,F,1,0.0210603,0.0986283,0.269088,6.61509,F
1788,1,HappyBirthday,556,1825.41,M,1,0.241646,0.0549062,49342.7,713.515,F
1789,1,HappyBirthday,9,4015.07,F,1,0.000474432,0.781888,15.3946,0.149235,F
1789,1,HappyBirthday,47,2920.82,F,1,0.446639,0.0255638,20369.9,1159.48,F
1790,1,HappyBirthday,612,32120.2,M,1,0.00265739,0.667963,111.083,0.940566,F
1790,1,HappyBirthday,648,14235.7,M,1,0.0205423,0.879121,33.3891,7.08119,F
1790,1,HappyBirthday,930,7665.3,F,1,0.00301265,0.231949,75.9923,1.03113,F
1791,1,HappyBirthday,3,3285.02,M,1,0.00108349,5.35852,0.00590637,0.336885,F
1791,1,HappyBirthday,680,1825.79,F,1,1.06982e-06,0.430626,42079.1,0.00415971,F
1791,1,HappyBirthday,800,12045.4,F,1,0.0316799,0.351059,923.889,10.2357,F
1791,1,HappyBirthday,992,4015.5,M,1,0.60937,0.0487602,21.8573,301.191,F
1792,1,HappyBirthday,529,6205.31,F,1,0.000387581,6.43572,179.682,0.164045,F
1792,1,HappyBirthday,607,13140,F,1,0.0102319,2.31343,1020.5,9.70126,F
1792,1,HappyBirthday,895,5110.77,M,1,0.106066,2.24348,4291.52,66.0536,F
1792,1,HappyBirthday,938,3650.77,M,1,0.0336017,0.166654,2857.52,49.8008,F
1794,1,HappyBirthday,269,10220.5,F,1,0.00183372,0.600207,0.0510688,0.570321,F
1794,1,HappyBirthday,665,7300.85,F,1,0.00161198,7.05146,8.16237,0.516913,F
1795,1,HappyBirthday,186,6570.61,M,1,0.795576,1.99028,212.066,539.991,F
1795,1,HappyBirthday,236,5475.29,M,1,0.0774648,0.0754008,100.232,30.6355,F
1795,1,HappyBirthday,463,5110.2,F,1,0.00113987,1.3061,11954.6,4.53823,F
1795,1,HappyBirthday,673,5840.47,F,1,0.00127107,0.352564,30.3724,0.455611,F
1795,1,HappyBirthday,1174,365,F,1,0.00587728,0.0722149,26996.8,1.90668,F
1795,1,HappyBirthday,978,8030.87,F,1,0.0267529,0.972817,78.2064,11.3581,F
1796,1,HappyBirthday,189,13871,M,1,0.0159996,0.405637,670.186,5.65704,F
1797,1,HappyBirthday,382,6205.44,M,1,0.00393426,1.29488,29.9903,1.37587,F
1797,1,HappyBirthday,720,18616,F,1,0.0900061,0.46127,478.805,30.0543,F
1797,1,HappyBirthday,952,2920.21,M,1,0.157116,0.533802,172.437,67.7266,F
1797,1,Births,1207,0,M,0,0,0.0346181,0,0,F
1798,1,HappyBirthday,81,22265.2,M,1,0.00414581,4.95453,705.844,1.51673,F
1798,1,HappyBirthday,442,3650.66,F,1,0.000182365,0.938251,63140,1.11509,F
1798,1,HappyBirthday,830,14965,F,1,0.237812,11.693,42.4754,100.146,F
1798,1,Births,1208,0,M,0,0,0.0381272,0,0,F
1799,1,HappyBirthday,161,2190.01,F,1,0.0878322,1.54234,10985.9,133.239,F
1799,1,HappyBirthday,275,24090.7,F,1,0.00117152,0.306086,71.479,0.427197,F
1799,1,HappyBirthday,287,28105.6,F,1,0.0861101,0.640802,74504,1005.03,F
1800,1,HappyBirthday,208,3650.69,M,1,0.00559069,0.182616,199.371,3.14186,F
1800,1,Births,1209,0,F,0,0,0.027166,0,0,F
1801,1,HappyBirthday,511,13505.3,M,1,0.62696,0.12785,114.528,309.767,F
1801,1,Births,1210,0,F,0,0,0.00775567,0,0,F
1802,1,HappyBirthday,16,3285.67,M,1,0.0445713,0.403546,304.524,21.4483,F
1802,1,HappyBirthday,1128,730,F,1,0.00739946,0.074123,7.17495,2.3905,F
1802,1,HappyBirthday,1082,1095,F,1,0.00378353,0.43432,6694.99,4.85002,F
1803,1,HappyBirthday,78,9125.68,F,1,0.132363,0.111878,8.09551,44.5349,F
1803,1,HappyBirthday,120,1825.76,M,1,0.00232735,0.166636,0.592261,0.724794,F
1803,1,HappyBirthday,298,1825.4,M,1,0.00170961,0.527437,35446.3,2.12939,F
1803,1,HappyBirthday,329,11315.6,F,1,0.0549166,0.316755,309.024,18.2736,F
1803,1,HappyBirthday,1083,1095,F,1,0.00174754,0.147066,11.1336,0.553958,F
1803,1,HappyBirthday,777,7665.49,M,1,0.00119226,17.4892,2.26601,0.372145,F
1803,1,HappyBirthday,959,5110.96,M,1,0.343376,23.5986,4542.74,664.722,F
1804,1,HappyBirthday,802,1825.17,F,1,0.0390633,0.574716,795.491,24.9077,F
1804,1,HappyBirthday,886,2190.74,M,1,0.199181,0.15347,11709.9,90.2741,F
1805,1,HappyBirthday,1035,1460,M,1,0.283823,0.0317186,16584.1,1281.97,F
1805,1,HappyBirthday,590,25185.7,M,1,0.00266742,1.30081,17.5895,0.855514,F
1806,1,HappyBirthday,596,21170.3,F,1,0.0225193,0.151435,1385.28,21.5488,F
1806,1,HappyBirthday,679,5110.37,F,1,0.381416,1.62766,153.337,155.557,F
1807,1,HappyBirthday,407,19345.9,F,1,0.126382,0.799347,5336.43,616.527,F
1808,1,HappyBirthday,1175,365,F,1,0.851756,3.90056,9.00152,600.732,F
1809,1,HappyBirthday,22,24455.7,F,1,0.00852778,1.03401,66.1873,3.07352,F
1809,1,HappyBirthday,354,8395.35,F,1,3.038e-06,0.372683,1450.88,0.0027902,F
1809,1,HappyBirthday,970,8395.55,M,1,0.16958,0.322259,62624.4,884.254,F
1810,1,HappyBirthday,335,2190.3,M,1,0.000758547,0.0850315,42604.5,6.65396,F
1811,1,HappyBirthday,413,5475.61,F,1,0.0076245,0.820649,77.1468,2.62368,F
1811,1,HappyBirthday,417,8030.05,M,1,0.00109345,0.112014,2427.2,1.24276,F
1811,1,HappyBirthday,1084,1095,F,1,0.331047,0.0825503,2926.97,609.627,F
1811,1,HappyBirthday,969,10220.7,M,1,0.019062,0.615674,0.120908,5.98146,F
1812,1,HappyBirthday,438,5840.04,M,1,0.00376588,4.63545,47.3324,1.24019,F
1812,1,HappyBirthday,709,12045.8,F,1,0.0360523,3.42331,85095.8,483.769,F
1813,1,HappyBirthday,142,14965.3,M,1,7.53378e-05,9.93177,5548.4,0.380143,F
1813,1,HappyBirthday,263,22265.3,F,1,0.0034123,1.87794,16.811,1.1281,F
1813,1,HappyBirthday,931,8030.08,M,1,0.00616126,0.133772,6.33917,1.93186,F
1814,1,HappyBirthday,772,4745.85,F,1,0.00390778,0.117509,75.0518,1.36365,F
1814,1,HappyBirthday,897,21170.9,F,1,0.00156107,9.92545,18.704,0.528534,F
1815,1,HappyBirthday,159,21170.1,F,1,0.000321284,7.52764,28.6489,0.106632,F
1815,1,HappyBirthday,427,4380.43,F,1,0.0198693,1.60922,3.1019,6.27512,F
1815,1,HappyBirthday,1085,1095,F,1,0.201274,0.187869,4955.33,987.189,F
1815,1,HappyBirthday,722,24455.9,F,0,0,0.0203575,0,0,F
1816,1,HappyBirthday,1129,730,F,1,0.0129224,0.0350709,3.35212,4.04331,F
1817,1,HappyBirthday,41,4380.64,F,1,0.00513963,0.0138226,130.626,2.3938,F
1817,1,HappyBirthday,431,8760.94,F,1,0.0682007,21.6337,46.3512,25.4338,F
1817,1,HappyBirthday,504,3285.46,F,1,0.0259875,0.0691239,63.0624,9.35737,F
1817,1,Births,1211,0,M,0,0,0.0135246,0,0,F
1820,1,HappyBirthday,765,13140.7,F,1,0.130632,0.269956,336.789,65.0918,F
1820,1,HappyBirthday,909,17885.7,M,1,0.000443354,0.477611,233.465,0.213703,F
1822,1,HappyBirthday,226,16060.5,M,1,0.195627,0.989687,6154.76,1087.39,F
1822,1,HappyBirthday,400,3650.56,M,1,0.0818582,0.0158054,4.26082,27.1145,F
1823,1,HappyBirthday,750,1825.65,F,1,0.000379028,0.106423,0.0184344,0.117903,F
1824,1,HappyBirthday,583,2190.65,F,1,0.0329114,0.0316734,0.156983,10.4017,F
1824,1,HappyBirthday,729,2920.85,M,1,0.112836,0.0320807,32.2596,39.2663,F
1824,1,HappyBirthday,985,14235.2,M,1,0.0979177,7.43113,8.85678,32.4547,F
1825,1,HappyBirthday,1087,1095,F,1,0.0180843,2.61079,12475.7,147.798,F
1825,1,HappyBirthday,1086,1095,M,1,0.459022,1.26265,5800.35,641.295,F
1825,1,HappyBirthday,933,27375.9,F,1,0.180637,0.643458,17.8687,63.5416,F
1826,1,HappyBirthday,937,13140.9,M,1,0.000776806,4.86106,51.331,0.252542,F
1828,1,HappyBirthday,114,2190.29,F,1,0.0078173,1.52248,91.2127,2.58257,F
1828,1,HappyBirthday,240,2920.85,M,1,0.059919,0.526531,11086.4,103.864,F
1828,1,HappyBirthday,289,2920.17,F,1,0.0980636,33.4689,7695.04,294.159,F
1828,1,HappyBirthday,976,5475.38,M,1,0.0303267,0.264045,701.456,18.9828,F
1828,1,Births,1212,0,F,0,0,0.0161842,0,0,F
1829,1,HappyBirthday,1002,1825,F,1,0.00052072,0.11834,918.25,0.195756,F
1829,1,HappyBirthday,634,28105.3,M,1,0.632785,0.116624,124.522,339.465,F
1829,1,HappyBirthday,786,4745.15,M,1,0.168423,0.433095,78.1098,69.7145,F
1829,1,HappyBirthday,1037,1460,M,1,0.767677,0.218239,129.6,482.6,F
1830,1,HappyBirthday,64,14235.6,M,1,0.903231,0.025381,180.113,898.764,F
1830,1,HappyBirthday,610,28105.2,M,1,0.000437504,0.0627085,7.2e-06,0.135991,F
1830,1,HappyBirthday,893,11315.6,M,1,0.0329199,1.39302,0.733678,10.4295,F
1830,1,HappyBirthday,920,2555.32,F,1,0.131283,0.847697,4576.74,263.124,F
1831,1,HappyBirthday,459,8760.6,F,1,0.00169503,0.350161,530.205,0.54506,F
1831,1,HappyBirthday,689,3285.4,F,1,0.0669934,0.346755,74.6179,29.3536,F
1831,1,HappyBirthday,778,3650.45,M,1,0.438336,1.31313,37.16,190.485,F
1831,1,HappyBirthday,977,4380.94,M,1,0.00445418,0.409504,78.8642,1.59751,F
1831,1,Births,1213,0,M,0,0,0.0145119,0,0,F
1832,1,HappyBirthday,1130,730,M,1,0.850498,0.29295,34.6988,655.262,F
1832,1,HappyBirthday,553,27740.1,F,1,0.0118032,0.493743,1086.28,3.83067,F
1833,1,HappyBirthday,190,10220.5,M,1,0.000194618,1.41229,2.25732,0.0606588,F
1833,1,Births,1214,0,M,0,0,0.125865,0,0,F
1834,1,HappyBirthday,68,4745.5,F,1,0.0195745,0.397057,0.505472,6.15317,F
1834,1,HappyBirthday,367,19710.4,F,1,0.0494293,0.140065,12.9984,16.2503,F
1834,1,HappyBirthday,948,5110.26,M,1,0.000901182,4.85808,47642.3,8.56427,F
1835,1,HappyBirthday,1003,1825,M,1,0.0086883,3.93957,10.0006,2.74413,F
1836,1,HappyBirthday,247,2190.74,M,1,0.0657388,0.078651,144.749,26.1137,F
1836,1,HappyBirthday,387,24455.3,F,1,0.00839277,3.54242,21.3101,2.81916,F
1836,1,HappyBirthday,597,9490.86,M,1,1.27982e-05,0.325179,6.95885,0.0041116,F
1836,1,HappyBirthday,1131,730,F,1,0.00124924,0.483701,35.7791,0.43355,F
1837,1,HappyBirthday,57,8760.85,F,1,0.0125752,0.228891,201788,126.216,F
1838,1,HappyBirthday,643,6205.21,M,0,0,0.00661447,0,0,F
1838,1,HappyBirthday,812,14965.8,M,1,0.353354,1.26539,11136,1134.54,F
1838,1,HappyBirthday,819,17155.2,F,1,0.061738,0.468957,48.5268,23.4434,F
1838,1,Births,1215,0,F,0,0,8.55147,0,0,F
1839,1,HappyBirthday,91,5110.68,F,1,0.679824,5.81392,468.197,528.62,F
1839,1,HappyBirthday,254,8395.76,M,1,0.293121,4.5426,10.1367,110.399,F
1839,1,HappyBirthday,476,6205.8,F,1,0.22801,0.670332,54743.6,1058.26,F
1839,1,HappyBirthday,1132,730,F,1,0.000536673,3.43554,29485.8,2.00358,F
1839,1,HappyBirthday,1088,1095,M,1,0.0896546,1.30927,255.264,63.8941,F
1840,1,HappyBirthday,136,4745.54,F,1,0.00520089,0.223235,8.35935,1.68748,F
1841,1,HappyBirthday,538,14235.7,M,1,0.421186,1.65382,255.088,326.531,F
1841,1,Births,1216,0,F,0,0,0.0211471,0,0,F
1842,1,HappyBirthday,339,20805.2,F,1,0.12937,0.0348634,145.257,54.603,F
1842,1,HappyBirthday,402,4380.04,F,1,0.0512767,6.14311,80.9322,17.8321,F
1843,1,HappyBirthday,436,10585.3,F,1,0.198678,0.916372,6.00658,70.3774,F
1843,1,HappyBirthday,915,4015.13,F,1,0.00256828,0.991407,708.738,2.85435,F
1844,1,HappyBirthday,288,2555.49,F,1,0.258503,0.103991,54818.9,1333.19,F
1845,1,HappyBirthday,38,33580,F,1,0.230432,1.33259,186.132,111.657,F
1845,1,HappyBirthday,1133,730,M,1,0.000171397,46.5087,58272.2,1.84329,F
1845,1,HappyBirthday,1038,1460,M,1,0.0390754,0.408313,18323,152.235,F
1846,1,HappyBirthday,79,20075.7,F,1,0.443749,0.710741,6579.5,302.354,F
1846,1,HappyBirthday,668,8030.06,M,1,0.148566,0.262011,81.9706,50.0825,F
1846,1,HappyBirthday,702,5475.51,M,1,0.26307,2.72321,29.6813,95.7,F
1847,1,HappyBirthday,217,2190.57,F,1,0.263484,1.72549,215.724,99.2536,F
1847,1,HappyBirthday,1039,1460,F,1,0.274614,0.491481,902.911,102.52,F
1847,1,HappyBirthday,815,2555.19,M,1,0.00351165,0.0525353,79.6078,1.47841,F
1847,1,HappyBirthday,904,4745.02,F,1,0.185829,2.31911,403.712,68.0982,F
1848,1,HappyBirthday,794,3285.33,M,1,0.000957556,0.101983,1.71144,0.297799,F
1848,1,HappyBirthday,817,8395.74,F,1,0.564234,2.41939,6.72256,259.405,F
1848,1,HappyBirthday,983,5840.53,F,1,0.00319496,0.255741,2193.47,3.42184,F
1849,1,HappyBirthday,1177,365,F,1,5.59607e-05,0.186639,219023,0.58184,F
1849,1,HappyBirthday,246,11680.6,M,1,0.175497,0.449652,15.2817,61.5213,F
1849,1,HappyBirthday,947,2191,M,1,0.229995,0.81691,104.656,83.716,F
1850,1,HappyBirthday,796,21170.2,M,1,0.194497,1.36399,382.447,92.1134,F
1850,1,HappyBirthday,932,13870.7,F,1,0.00317979,31.3586,41.0999,1.06347,F
1850,1,HappyBirthday,945,4745.8,M,1,0.000274564,0.238212,18564.2,1.43713,F
1851,1,HappyBirthday,998,14235.3,F,1,0.00183227,0.764472,24714.8,2.07504,F
1851,1,HappyBirthday,1004,1825,F,1,0.000914817,0.168421,20.8091,0.31343,F
1852,1,HappyBirthday,1134,730,F,1,0.00872763,0.03345,47.9958,2.95669,F
1852,1,HappyBirthday,515,6570.96,M,1,0.77026,1.04629,37.8594,508.381,F
1852,1,HappyBirthday,1005,1825,F,1,0.0216324,0.297481,11346.5,69.6491,F
1852,1,Births,1217,0,F,0,0,0.0376154,0,0,F
1853,1,HappyBirthday,59,4015.47,F,1,0.000684659,0.0553852,55.9899,0.231697,F
1853,1,HappyBirthday,272,29930.7,F,1,0.710663,1.69459,197.736,490.544,F
1853,1,HappyBirthday,1040,1460,M,1,0.12698,0.570831,944.95,59.5679,F
1853,1,HappyBirthday,905,35770.3,F,1,0.0476395,5.37985,34.693,16.4,F
1854,1,HappyBirthday,125,10585.1,M,1,0.000547212,2.14531,193141,5.4426,F
1854,1,HappyBirthday,1006,1825,M,1,0.000208721,0.0256347,44.936,0.0746979,F
1855,1,HappyBirthday,1089,1095,F,1,0.0394079,0.019141,18.3408,12.8874,F
1855,1,HappyBirthday,638,7300.95,M,1,0.000227013,4.46424,359.37,0.139608,F
1856,1,HappyBirthday,163,21900.4,M,1,0.000127994,1.18129,50.3179,0.04319,F
1856,1,HappyBirthday,699,24090.4,M,1,0.000789667,0.0357616,25793.6,0.635888,F
1857,1,HappyBirthday,170,24090.8,M,1,0.0126934,1.23344,180744,121.899,F
1857,1,HappyBirthday,279,14235.1,M,1,0.00572414,0.556657,154,2.21603,F
1857,1,HappyBirthday,908,2555.49,M,1,0.172303,0.0362744,223.801,69.3278,F
1858,1,HappyBirthday,2,18615.5,M,1,0.000385667,0.221124,371.643,0.186266,F
1858,1,HappyBirthday,1041,1460,F,1,0.202771,14.5743,53.5506,77.3155,F
1858,1,HappyBirthday,625,26645.3,M,1,0.0016464,12.7141,9172.85,4.50543,F
1858,1,HappyBirthday,860,11315.5,M,1,0.00213254,0.647306,80.4248,0.742461,F
1859,1,HappyBirthday,338,2555.43,M,1,0.49057,0.467532,1455.65,610.886,F
1860,1,HappyBirthday,318,8760.88,F,1,0.206522,6.61194,149.194,72.3678,F
1861,1,HappyBirthday,320,12045.1,M,1,0.0117735,1.10344,95.8812,4.81173,F
1861,1,HappyBirthday,374,4015.08,F,1,0.00148212,0.0580774,13.4572,0.462513,F
1861,1,HappyBirthday,711,2555.38,M,1,0.118837,0.801778,27.563,39.6045,F
1862,1,HappyBirthday,789,9490.24,F,1,0.00100945,0.207316,87.3355,0.33747,F
1862,1,HappyBirthday,1007,1825,M,1,0.011853,0.680307,12.6183,3.81407,F
1862,1,HappyBirthday,848,6570.67,M,1,0.00216494,0.17598,32.9233,0.765416,F
1863,1,HappyBirthday,119,14600.5,F,1,0.105303,1.10989,1.09147,34.5836,F
1863,1,HappyBirthday,306,14600.4,F,1,0.084658,0.972136,3443.83,313.687,F
1863,1,HappyBirthday,398,9490.92,F,1,0.113116,6.48417,25.8617,39.1558,F
1864,1,HappyBirthday,67,11680.1,M,1,0.497232,0.301421,502.031,370.863,F
1864,1,HappyBirthday,73,2555.66,F,1,0.157037,0.126683,532.704,91.9132,F
1864,1,HappyBirthday,616,8395.1,F,1,0.495311,2.59505,1138.82,386.846,F
1864,1,HappyBirthday,961,2190.35,M,1,0.0177205,9.40661,115.477,8.48139,F
1865,1,HappyBirthday,1042,1460,M,1,0.00134369,0.39633,139.751,0.515815,F
1865,1,HappyBirthday,250,14600.4,M,1,0.48434,1.74654,2368.01,759.138,F
1865,1,HappyBirthday,390,25550.9,M,1,0.000406503,0.251547,0.796738,0.126317,F
1865,1,HappyBirthday,660,2555.48,M,1,0.0108046,0.535228,0.352147,3.37874,F
1865,1,HappyBirthday,731,3650.42,M,1,0.0216863,1.05477,230.549,12.5994,F
1866,1,HappyBirthday,39,16060.6,F,1,0.514385,0.732777,1397.21,250.763,F
1866,1,HappyBirthday,148,18980.7,F,1,0.140683,1.02562,52.7252,50.6166,F
1866,1,HappyBirthday,483,8395.89,F,1,0.0718953,0.22058,541.972,70.2726,F
1866,1,Births,1218,0,F,0,0,0.0993474,0,0,F
1867,1,HappyBirthday,76,11681,M,1,0.582834,2.59927,18877.5,704.759,F
1867,1,HappyBirthday,1135,730,F,1,0.220477,2.50158,62239.5,1035.13,F
1867,1,HappyBirthday,558,10950.6,F,1,0.00272065,3.32566,0.0742926,0.846916,F
1867,1,HappyBirthday,669,16790.3,F,1,0.0339519,3.84135,37.5532,12.4121,F
1868,1,HappyBirthday,768,7665.45,M,1,0.155791,2.78461,2141.79,408.991,F
1868,1,HappyBirthday,769,16790.1,M,1,0.0008598,0.68114,7.27353,0.274553,F
1869,1,HappyBirthday,1136,730,M,1,0.0224617,0.109487,0.21939,7.0646,F
1869,1,HappyBirthday,1179,365,F,1,0.00631655,0.490547,130.515,2.30031,F
1869,1,HappyBirthday,588,9125.75,M,1,0.00149018,5.07604,1.29206,0.463691,F
1869,1,HappyBirthday,880,4745.71,F,1,0.0010714,0.191755,21208.4,1.14808,F
1869,1,HappyBirthday,1043,1460,F,1,0.135927,0.120037,13605.2,223.275,F
1870,1,HappyBirthday,75,15695.9,M,1,0.000512666,1.02768,89.6132,0.218772,F
1870,1,HappyBirthday,204,5840.55,F,1,0.0153581,0.642603,750.75,6.25455,F
1870,1,HappyBirthday,457,10585,F,1,1.1112e-05,0.172218,24086.7,0.033117,F
1870,1,HappyBirthday,636,15695.6,F,1,0.140564,0.739329,180.226,57.363,F
1870,1,HappyBirthday,840,10585.2,M,1,0.581441,3.44752,74.9671,293.649,F
1870,1,HappyBirthday,995,16060.9,M,1,0.000109882,0.243228,85.5987,0.038805,F
1871,1,HappyBirthday,72,6570.34,F,1,0.0957254,1.0067,15.709,32.3295,F
1871,1,HappyBirthday,249,14600.4,F,1,0.00337767,0.080708,101.933,1.18291,F
1871,1,HappyBirthday,950,8030.2,M,1,0.0400098,74.0963,671.446,43.2093,F
1872,1,HappyBirthday,285,5840.07,M,1,0.000549339,0.668377,4.24449e-05,0.170798,F
1872,1,HappyBirthday,934,2190.16,F,1,0.421745,1.65577,9476.61,322.797,F
1872,1,HappyBirthday,1044,1460,F,1,0.103849,0.0847878,4277.82,204.962,F
1873,1,HappyBirthday,26,7665.79,F,1,0.0147401,1.84338,1883.97,6.13658,F
1873,1,HappyBirthday,45,16425.1,M,1,0.0106926,2.18456,69.7047,4.11551,F
1873,1,HappyBirthday,99,5110.56,M,1,0.00133467,3.29215,28.0651,0.439865,F
1873,1,HappyBirthday,523,4380.24,F,1,0.247839,3.89038,1053.12,414.63,F
1873,1,HappyBirthday,548,5110.63,M,1,0.00428311,3.38114,2.27978,1.34936,F
1873,1,HappyBirthday,719,4745.9,F,1,0.00308172,0.405119,21416.2,3.41775,F
1873,1,HappyBirthday,1045,1460,M,1,0.000913947,4.10373,11385.7,0.406307,F
1874,1,HappyBirthday,461,13505,M,1,0.00245997,0.84723,15.1648,0.809944,F
1874,1,HappyBirthday,635,20075.1,M,1,0.811836,1.83293,992.894,1239.46,F
1874,1,Births,1219,0,F,0,0,0.356763,0,0,F
1875,1,HappyBirthday,23,8030.02,F,1,0.00642372,13.8089,10.2088,2.00356,F
1875,1,HappyBirthday,1137,730,M,1,0.40042,1.07039,8985.76,1695.21,F
1877,1,HappyBirthday,355,18980.4,F,1,0.0984996,1.79015,179.831,54.1975,F
1877,1,HappyBirthday,381,21535.6,F,1,0.265172,0.710209,1471.66,499.736,F
1877,1,HappyBirthday,1008,1825,F,1,0.0479802,0.0518953,63.0592,17.384,F
1877,1,HappyBirthday,1090,1095,M,1,0.0943908,0.0327227,26.4917,32.462,F
1878,1,HappyBirthday,97,4745.96,F,1,0.00674234,0.0415484,2.65883,2.12557,F
1878,1,HappyBirthday,201,2190.97,F,1,0.0588346,1.71629,71.1284,23.6023,F
1878,1,HappyBirthday,451,2920.92,M,1,0.0777978,4.0366,8.40078,25.4915,F
1878,1,HappyBirthday,594,3650.45,M,1,0.0474058,12.2828,1553.95,15.1135,F
1878,1,HappyBirthday,641,10585.7,F,1,0.247572,0.121305,363.891,136.786,F
1879,1,HappyBirthday,253,5475.18,M,1,0.0858422,1.75511,1265.49,136.143,F
1879,1,HappyBirthday,600,10585.9,F,1,0.664718,0.230123,113.956,452.665,F
1879,1,HappyBirthday,1009,1825,M,1,0.000336461,0.279019,39.6345,0.119932,F
1879,1,HappyBirthday,841,13140.7,F,1,0.00190539,1.13874,246.149,0.638046,F
1880,1,HappyBirthday,479,3650.94,F,1,0.00400766,0.240167,0.0156224,1.24839,F
1880,1,HappyBirthday,517,14235.1,M,1,0.000715241,0.126508,55.4343,0.28105,F
1880,1,HappyBirthday,1091,1095,M,1,0,0.041282,56.4346,0,F
1881,1,HappyBirthday,52,6570.89,F,0,0,0.0889762,0,0,F
1881,1,HappyBirthday,1046,1460,M,0,0,0.0196452,0,0,F
1881,1,HappyBirthday,478,4380.62,M,1,0.0461698,0.572224,141.626,17.9992,F
1881,1,HappyBirthday,506,4380.39,M,1,0.00179594,0.159836,59.8212,0.602313,F
1881,1,HappyBirthday,524,12775.2,F,1,0.000129637,6.34867,14181,0.0860068,F
1882,1,HappyBirthday,388,10585.4,M,1,0.0970943,0.0354499,67.3757,35.1651,F
1882,1,HappyBirthday,623,8395.73,M,1,0.00816543,2.58548,1201.91,2.63416,F
1882,1,HappyBirthday,627,16060.4,F,1,0.00481435,0.326927,32.4918,1.57107,F
1882,1,HappyBirthday,728,3285.03,F,1,0.00289883,0.128863,25.8166,0.935085,F
1882,1,HappyBirthday,748,2190.8,M,1,0.00810415,1.06393,3250.25,18.8377,F
1883,1,HappyBirthday,1092,1095,M,1,0.000179761,2.39162,0.402912,0.0558395,F
1883,1,HappyBirthday,1180,365,F,1,0.000669835,0.0976391,7419.34,2.83159,F
1884,1,HappyBirthday,1047,1460,F,1,0.262836,16.6894,156.437,101.816,F
1884,1,HappyBirthday,1181,365,M,1,0.474139,0.12353,1015.99,238.888,F
1884,1,HappyBirthday,348,2190.5,F,1,0.0460607,0.0709083,23.0328,15.9547,F
1884,1,HappyBirthday,790,4015.85,M,1,0.627221,0.763527,15141.7,924.685,F
1885,1,HappyBirthday,422,31390.3,M,1,0.00047356,0.102022,1994.71,0.249332,F
1885,1,HappyBirthday,677,12775.2,F,1,0.655056,1.55792,20925.6,1128.67,F
1885,1,HappyBirthday,906,7665.9,M,1,0.0182661,0.739228,12118.5,28.7055,F
1886,1,HappyBirthday,410,15330.1,F,1,0.0377924,0.153347,12.6639,12.7084,F
1886,1,HappyBirthday,889,3285.11,F,1,9.34977e-05,3.18481,56036.9,0.504493,F
1887,1,HappyBirthday,24,20805.2,M,1,0.00531939,1.20554,5.72516,1.69328,F
1887,1,HappyBirthday,93,11315,F,1,0.000860869,0.244619,208.562,0.352745,F
1887,1,HappyBirthday,1138,730,F,1,0.00914095,0.106517,5.91005,2.93865,F
1887,1,HappyBirthday,921,3650.9,M,1,0.000756826,1.61863,48.7197,0.251251,F
1888,1,HappyBirthday,940,8760.43,M,1,0.0252293,0.264087,10594.9,84.585,F
1889,1,HappyBirthday,224,4015.43,F,1,0.176733,0.149867,1.95602,60.6687,F
1889,1,HappyBirthday,741,10585.6,F,1,0.00205688,2.20338,59.9008,0.815723,F
1889,1,HappyBirthday,825,6205.07,M,1,0.00147463,2.03419,650.265,0.458663,F
1890,1,HappyBirthday,474,2190.96,M,1,0.117917,0.184703,70.6005,43.7428,F
1890,1,HappyBirthday,743,3285.84,M,1,0.0472221,0.429257,8651.72,16.0353,F
1890,1,HappyBirthday,792,2190.84,F,1,0.000107743,0.188969,106554,0.851265,F
1890,1,HappyBirthday,1139,730,F,1,0.000155044,0.0397634,40041.9,0.278224,F
1890,1,HappyBirthday,875,3285.93,F,1,0.00230834,0.070437,0.661163,0.718836,F
1891,1,HappyBirthday,198,2920.94,M,1,0.0420817,1.68861,6534.79,55.2633,F
1891,1,HappyBirthday,901,7665.22,F,1,0.373752,0.805792,3604.13,171.905,F
1891,1,HappyBirthday,914,10220.2,M,1,0.287908,1.86217,563.419,319.289,F
1892,1,HappyBirthday,385,6570.3,F,1,0.00268328,0.352956,23.559,0.854628,F
1893,1,HappyBirthday,268,6935.79,F,1,0.231237,0.327281,1827.59,87.5149,F
1893,1,HappyBirthday,928,27740.5,F,1,0.000142941,1.64098,3147.22,0.194882,F
1894,1,HappyBirthday,582,4015.01,F,1,0.225639,1.04956,93.409,100.674,F
1896,1,HappyBirthday,140,20075.5,M,1,0.000778133,5.79576,181.317,0.40402,F
1897,1,HappyBirthday,439,16060.5,M,1,0.0254527,6.76589,67.8567,8.58177,F
1897,1,HappyBirthday,1011,1825,F,1,0.0379671,0.108107,901.264,12.2266,F
1897,1,Births,1220,0,M,0,0,0.056494,0,0,F
1898,1,HappyBirthday,389,7665.39,F,1,0.00245309,1.80865,79.0602,0.850806,F
1898,1,HappyBirthday,640,6205.91,F,1,0.201304,16.082,5278.5,75.8424,F
1898,1,HappyBirthday,675,6935.74,F,1,0.00188144,0.0505617,10.796,0.607848,F
1898,1,HappyBirthday,771,22265.8,M,1,0.00099417,5.44196,277.594,0.61845,F
1899,1,HappyBirthday,282,24090.3,M,1,0.00375354,0.256397,4.60494,1.19586,F
1899,1,HappyBirthday,425,26280.4,M,1,0.485985,0.531306,160.764,235.644,F
1899,1,HappyBirthday,498,7300.31,M,1,0.00153468,0.0922649,36.3678,0.560018,F
1899,1,HappyBirthday,508,10950.5,M,1,0.0177732,0.728251,4.34619,5.61535,F
1899,1,HappyBirthday,535,2555.74,F,1,0.262024,0.405974,1603.06,529.06,F
1899,1,HappyBirthday,849,2190.16,M,1,0.00327078,23.26,15.2767,1.09399,F
1899,1,HappyBirthday,1048,1460,M,1,0.028124,2.62169,62279.5,149.63,F
1900,1,HappyBirthday,1140,730,M,1,0.418434,0.0671251,34558.9,738.097,F
1901,1,HappyBirthday,501,21900.3,F,1,0.0145958,0.217976,2.86956,4.56993,F
1901,1,HappyBirthday,946,5840.25,M,1,0.000450016,8.09335,10.2761,0.142357,F
1901,1,Births,1221,0,F,0,0,0.00409047,0,0,F
1902,1,HappyBirthday,233,7665.08,F,1,0.0782822,0.0835456,118.671,31.9057,F
1902,1,HappyBirthday,347,8395.09,M,1,0.0285643,0.0955222,69.3239,9.88476,F
1902,1,HappyBirthday,420,14600.7,M,1,0.00232698,1.17227,92.3091,0.9135,F
1902,1,HappyBirthday,449,7300.46,F,1,0.00630428,4.75892,474.518,2.72348,F
1903,1,HappyBirthday,88,7300.34,F,1,0.0964915,0.546253,387.371,65.7881,F
1904,1,HappyBirthday,378,2190.45,F,1,0.0218385,6.68441,8879.94,22.648,F
1904,1,HappyBirthday,795,4745.67,F,1,0.0996554,0.126547,107.827,38.6587,F
1904,1,HappyBirthday,917,6570.9,M,1,0.299979,27.4406,1480.39,116.116,F
1904,1,HappyBirthday,960,2555.91,F,1,0.00140193,2.68327,333.358,0.491291,F
1905,1,HappyBirthday,1049,1460,M,1,0.00521028,0.725552,52.7385,1.78341,F
1906,1,HappyBirthday,55,4745.7,F,1,0.514417,0.729598,4545.64,729.018,F
1906,1,HappyBirthday,776,10585.3,M,1,0.00321922,0.0933464,22.8932,1.11754,F
1906,1,HappyBirthday,821,26280.6,F,1,0.233715,0.252957,1142.16,381.952,F
1907,1,HappyBirthday,116,9125.97,F,1,0.104252,0.983316,34890.7,138.561,F
1907,1,HappyBirthday,1182,365,F,1,0.00143205,2.1163,103590,21.3407,F
1907,1,HappyBirthday,432,6935.86,M,1,0.00502166,0.376444,56.3124,1.68502,F
1908,1,HappyBirthday,172,8395.68,F,1,0.170575,9.56882,1062.82,62.4698,F
1908,1,Births,1222,0,M,0,0,0.335918,0,0,F
1911,1,HappyBirthday,137,11316,F,1,0.0848484,0.78456,3154.74,33.3059,F
1911,1,HappyBirthday,245,30296,F,1,0.00091852,75.1193,1349.85,1.85176,F
1911,1,HappyBirthday,549,10950.6,F,1,0.185635,0.0612605,1484.17,66.8959,F
1911,1,HappyBirthday,752,30660.3,M,1,8.70266e-05,5.35639,623.282,0.0956512,F
1912,1,HappyBirthday,453,33215.5,F,1,0.175088,1.20281,10218.5,1327.74,F
1912,1,HappyBirthday,472,2920.58,F,1,0.000227673,0.0748913,113460,1.79641,F
1912,1,HappyBirthday,1050,1460,M,1,0.00538332,14.0555,356.09,3.82328,F
1913,1,HappyBirthday,283,2920.8,M,1,0.00317158,0.0624688,0.00509549,0.987267,F
1915,1,HappyBirthday,440,4380.07,M,1,0.0168561,8.61443,20.8889,5.77431,F
1915,1,HappyBirthday,580,5475.03,M,1,0.00449705,0.153833,2413.86,1.76441,F
1916,1,HappyBirthday,532,18615.9,F,1,0.000387851,0.244723,2.89553,0.121272,F
1916,1,HappyBirthday,1094,1095,M,1,0.0124729,0.0271367,11432.8,101.126,F
1917,1,HappyBirthday,791,13140.2,M,1,0.0291362,1.63553,257.281,17.7442,F
1919,1,HappyBirthday,1141,730,M,1,0.0396989,0.603559,1114.26,12.6636,F
1919,1,HappyBirthday,1012,1825,M,1,0.0379595,0.0494581,119.712,13.5434,F
1919,1,HappyBirthday,568,22265.6,M,1,0.193543,0.0351957,87355.1,1239.03,F
1919,1,HappyBirthday,652,2555.71,M,1,0.0585657,2.35638,6574.56,47.3907,F
1919,1,HappyBirthday,1051,1460,M,1,1.44245e-05,0.203033,16801.7,0.143783,F
1921,1,HappyBirthday,12,2920.8,F,1,0.0381221,0.168494,916.393,16.7264,F
1921,1,HappyBirthday,63,6205.31,F,1,0.02196,0.535424,4945.59,8.02442,F
1922,1,HappyBirthday,705,6935.61,F,1,0.00122584,0.0864794,16.296,0.410884,F
1923,1,HappyBirthday,1183,365,F,1,0.319039,0.252503,4789.74,187.098,F
1923,1,HappyBirthday,913,14235.8,F,1,0.206816,1.65213,116.433,84.4982,F
1923,1,HappyBirthday,958,9125.28,F,1,0.358566,1.45185,880.603,141.961,F
1924,1,HappyBirthday,1095,1095,M,1,0.0650202,2.52658,843.047,26.5187,F
1925,1,HappyBirthday,227,8395.31,M,1,0.000262649,5.92729,165.383,0.106567,F
1925,1,HappyBirthday,248,10220.8,M,1,0.0609703,2.23253,117.1,29.5092,F
1925,1,HappyBirthday,631,4745.64,M,1,0,0.0398872,461.515,0,F
1926,1,HappyBirthday,1096,1095,F,1,0.00676684,0.0653087,6.09943,2.11018,F
1926,1,HappyBirthday,135,6935.13,F,1,0.0121119,6.99663,110.945,4.42397,F
1926,1,HappyBirthday,693,5475.41,F,1,0.00543544,0.340191,16.0178,1.70205,F
1927,1,HappyBirthday,286,5110.05,M,1,0.0113243,0.427667,177991,108.748,F
1927,1,HappyBirthday,310,3650.52,M,1,0.000454824,0.507469,426.321,0.232371,F
1927,1,HappyBirthday,376,6935.36,M,1,0.0109516,17.2955,3144.47,3.44467,F
1927,1,HappyBirthday,585,9490.33,F,1,0.00256388,5.32746,18624.4,26.775,F
1927,1,HappyBirthday,975,25915,M,1,0.655747,0.10496,13128.3,672.419,F
1928,1,HappyBirthday,624,9855.34,F,1,0.000496255,0.208911,429.302,0.237714,F
1929,1,HappyBirthday,244,20805.3,F,1,0.0968645,0.280705,6065.14,231.501,F
1929,1,HappyBirthday,309,6205.15,M,1,0.000694266,0.290739,54.0623,0.273382,F
1929,1,HappyBirthday,1013,1825,M,1,0,0.389974,11.7543,0,F
1931,1,HappyBirthday,331,16425.3,F,1,0.00197925,2.53454,23.9135,0.635623,F
1931,1,HappyBirthday,630,15330.8,F,1,0.0682652,1.23455,4539.56,24.1739,F
1931,1,HappyBirthday,811,8395.91,M,1,0.026846,0.0829854,1410.33,49.3239,F
1931,1,HappyBirthday,1097,1095,M,1,0.227945,0.0423652,8736.96,85.3068,F
1931,1,HappyBirthday,1142,730,F,1,0.172883,0.672779,27.1525,59.6283,F
1931,1,HappyBirthday,884,10220.4,M,1,2.42832e-06,1.08944,57536.7,0.025949,F
1932,1,HappyBirthday,1014,1825,M,1,0.0436566,0.775541,1090.81,35.4067,F
1932,1,HappyBirthday,953,4380.73,F,1,0.0721398,1.01913,3321.73,255.784,F
1933,1,HappyBirthday,102,15330.4,F,1,0.000623947,0.117465,41662.4,5.52542,F
1933,1,HappyBirthday,192,12775.4,M,1,0.729593,0.704725,25.9402,435.062,F
1933,1,HappyBirthday,520,12045.7,F,1,0.15687,1.97955,2036.18,64.3,F
1934,1,HappyBirthday,273,17520.7,M,1,0.65385,3.77314,32.7167,331.35,F
1934,1,HappyBirthday,395,20075.4,F,1,0.03877,1.78104,923.86,24.8237,F
1934,1,HappyBirthday,1098,1095,M,1,0.147423,4.33674,67.7259,62.1353,F
1934,1,HappyBirthday,1184,365,F,1,0.425252,0.124787,8781.52,330.222,F
1935,1,HappyBirthday,127,10220,F,1,0.154771,20.2966,16.6779,52.3405,F
1935,1,HappyBirthday,505,3650.94,M,1,0.000632079,2.62354,14.0989,0.21042,F
1935,1,HappyBirthday,521,3650.25,F,1,0.285942,4.58815,3.87987,106.102,F
1935,1,HappyBirthday,613,19345.1,F,1,0.000887997,0.0292599,0.0009722,0.276193,F
1935,1,HappyBirthday,1143,730,M,1,0.182801,0.225044,4916.2,648.631,F
1935,1,HappyBirthday,746,3285.76,M,1,0.00846259,0.725982,3922.72,3.00521,F
1936,1,HappyBirthday,14,3285.71,M,1,0.0216401,1.89698,1224.92,9.10294,F
1936,1,HappyBirthday,1099,1095,M,1,0,0.0633463,0,0,F
1936,1,HappyBirthday,663,31390.2,F,1,0.0994182,23.5424,610.301,94.5608,F
1936,1,HappyBirthday,698,4380.83,M,1,0.611942,1.64558,503.273,497.784,F
1936,1,HappyBirthday,900,14600.5,M,1,0.00393652,2.71848,12.1518,1.24422,F
1936,1,HappyBirthday,1052,1460,M,1,0.197589,0.353881,1497.73,77.2949,F
1938,1,HappyBirthday,129,5840.54,F,1,0.157546,2.60359,1690.62,73.026,F
1938,1,HappyBirthday,1185,365,F,1,0.00102213,0.366362,2504.62,1.34832,F
1938,1,HappyBirthday,683,26280.2,F,1,0.0145892,0.020728,2442.66,16.7352,F
1938,1,HappyBirthday,833,8030.47,M,1,0.0951255,0.648667,104.497,35.904,F
1939,1,HappyBirthday,74,16060.2,M,1,0.000905875,0.89628,0.913718,0.282887,F
1939,1,HappyBirthday,162,6570.08,M,1,0.00812708,0.484898,493.592,2.77714,F
1939,1,HappyBirthday,650,9855.66,F,1,0.124878,5.63484,42.468,47.9688,F
1940,1,HappyBirthday,113,15695.9,M,1,0.0010763,0.216239,109.13,0.386756,F
1940,1,HappyBirthday,231,26646,F,1,0.00289948,13.7165,66.9223,0.977167,F
1940,1,HappyBirthday,303,5475.11,M,1,0.184429,0.941749,881.043,252.179,F
1940,1,HappyBirthday,323,17885.3,M,1,0.174764,0.130562,1.98901,60.1595,F
1940,1,HappyBirthday,691,14235.7,F,1,0.269641,0.23536,29093.3,546.138,F
1941,1,HappyBirthday,1053,1460,M,1,0.160337,0.37503,287.357,57.3382,F
1941,1,HappyBirthday,295,19345.4,F,1,0.000235525,2.56976,11411.5,0.855389,F
1942,1,HappyBirthday,806,32850,M,1,0.334035,0.151861,32.8631,126.63,F
1943,1,HappyBirthday,967,18250.9,M,1,0.0200114,2.58951,1.61565,6.29748,F
1945,1,HappyBirthday,337,6935.16,F,1,0.0371726,0.439284,16.4168,12.3154,F
1945,1,HappyBirthday,609,4015.03,M,1,0.0146995,0.670751,1214.03,12.0346,F
1945,1,HappyBirthday,622,10221,M,1,0.00355057,0.458473,9.09465,1.10742,F
1945,1,HappyBirthday,785,20440.2,M,1,0.00423102,1.36058,28.1635,1.328,F
1945,1,HappyBirthday,856,10585.9,F,1,0.126535,0.973528,17.7484,45.1525,F
1946,1,HappyBirthday,160,16425.7,F,1,0.00539376,0.18175,44232.2,8.67139,F
1946,1,HappyBirthday,475,13505.6,F,1,0.00048818,0.332553,51168.8,0.856279,F
1946,1,HappyBirthday,1144,730,F,1,0.633815,0.0772013,2.11933,315.373,F
1946,1,HappyBirthday,822,7300.78,F,1,0.00524054,0.607134,66.8772,1.75595,F
1947,1,HappyBirthday,212,5475.34,M,1,0.25772,2.91474,1669.99,357.864,F
1947,1,Births,1223,0,M,0,0,0.443771,0,0,F
1948,1,HappyBirthday,108,24090.7,M,1,0.00326068,0.593477,25.4224,1.04923,F
1948,1,HappyBirthday,174,12775.7,M,1,0.000587281,0.195667,43.4281,0.196121,F
1949,1,HappyBirthday,1054,1460,M,1,0.0355733,0.0710891,69755,335.561,F
1950,1,HappyBirthday,406,5840.82,F,1,0.00644088,1.40347,29.1901,2.09521,F
1950,1,HappyBirthday,706,8030.79,F,1,0.00800548,3.67628,9686.55,28.8963,F
1950,1,HappyBirthday,872,12045.2,F,1,0.0252297,18.5261,102.394,9.97231,F
1950,1,HappyBirthday,923,8395.19,F,1,0.306053,8.83482,12981.9,1529.14,F
1950,1,HappyBirthday,1056,1460,F,1,0.437749,0.365364,1371.37,932.371,F
1950,1,Births,1224,0,F,0,0,0.0067525,0,0,F
1951,1,HappyBirthday,1186,365,F,1,0.00470295,1.5668,20.8043,1.52088,F
1952,1,HappyBirthday,27,2190.37,M,1,0.17622,10.8481,13273,399.809,F
1952,1,HappyBirthday,112,16425.8,F,1,0.0159381,0.402869,12.1208,4.99991,F
1952,1,HappyBirthday,259,2555.97,M,1,0.0833339,0.047381,175457,877.737,F
1952,1,HappyBirthday,308,4380.75,F,1,0.000866695,0.0427512,22.1902,0.29599,F
1952,1,HappyBirthday,452,13140.3,F,1,0.00570607,0.816785,37.7646,1.87508,F
1952,1,HappyBirthday,781,20440.5,M,1,0.160504,0.104568,85.496,60.7958,F
1952,1,HappyBirthday,1057,1460,F,1,0.00181023,0.948083,7.51393,0.580406,F
1952,1,Births,1225,0,F,0,0,0.0310829,0,0,F
1953,1,HappyBirthday,207,8030.97,M,1,0.205449,3.08413,7686.72,1288.34,F
1953,1,Births,1226,0,M,0,0,0.0492526,0,0,F
1954,1,HappyBirthday,169,14235,M,1,0.737531,0.208304,12099.3,601.063,F
1954,1,HappyBirthday,229,6935.56,M,1,0.108042,0.866547,1334.42,98.4811,F
1954,1,HappyBirthday,297,8030.68,F,1,0.000349446,1.05795,0.316217,0.108703,F
1954,1,HappyBirthday,334,4380.93,M,1,0.000396623,0.637649,51131,1.10542,F
1954,1,HappyBirthday,1145,730,M,1,2.24304e-06,0.931609,66742.3,0.0118034,F
1954,1,HappyBirthday,618,10586,F,1,0.000373308,1.51073,2.37012,0.116605,F
1955,1,HappyBirthday,834,13505.9,M,1,0.00077216,2.75826,24.0191,0.267807,F
1955,1,HappyBirthday,1015,1825,F,1,0.0611628,6.44745,44.4155,21.0503,F
1956,1,HappyBirthday,311,3650.33,M,1,0.0663647,0.142404,8390.8,42.519,F
1956,1,HappyBirthday,1058,1460,F,1,0.491135,0.0156545,25814,816.718,F
1956,1,HappyBirthday,499,24455.7,M,1,0.0581682,0.219176,24.3031,19.2373,F
1956,1,HappyBirthday,797,2190.21,F,1,0.393366,0.981577,563.311,242.237,F
1956,1,HappyBirthday,851,14235.4,F,1,0.00976581,0.141408,4.15649,3.11241,F
1956,1,HappyBirthday,919,22630.3,M,1,0.00272509,0.237476,104286,23.4262,F
1957,1,HappyBirthday,171,14965.8,F,1,0.00151132,0.0173655,0.0458736,0.470338,F
1957,1,HappyBirthday,740,6570.84,F,1,0.0354442,0.354789,795.416,35.1932,F
1958,1,HappyBirthday,173,2555.3,M,1,0,0.010136,0.120294,0,F
1958,1,HappyBirthday,1060,1460,F,1,0.111478,0.0458196,112045,907.921,F
1958,1,HappyBirthday,384,36135.9,F,1,0.0885893,0.0628604,194.755,34.7116,F
1958,1,HappyBirthday,462,12410.4,F,1,0.0253645,0.30831,76.6489,8.67688,F
1958,1,HappyBirthday,883,6205.98,M,1,0.0319,1.82499,814.745,37.2025,F
1958,1,HappyBirthday,973,3285.17,M,1,0.000716701,0.826152,114767,5.21534,F
1958,1,HappyBirthday,1059,1460,F,0,0,0.0382799,0,0,F
1959,1,HappyBirthday,1016,1825,F,1,0.0830471,3.66523,113.216,38.2747,F
1959,1,HappyBirthday,455,9490.18,F,1,0.0051526,0.0232351,27.0009,1.62846,F
1959,1,HappyBirthday,599,5110.7,M,1,0.00921181,1.59793,524.388,2.92723,F
1961,1,HappyBirthday,146,12045.8,F,1,0.000436537,1.33327,0.0499418,0.135668,F
1961,1,HappyBirthday,185,7300.8,F,1,0.0177752,0.0790382,276.778,11.0033,F
1961,1,HappyBirthday,486,3650.43,F,1,0.0153995,2.02375,1.00649,4.82895,F
1961,1,HappyBirthday,925,27740.4,M,1,0.0090698,0.199465,0.0416936,2.83139,F
1962,1,HappyBirthday,25,22995.7,M,1,0.398442,0.0589002,3132.86,187.094,F
1962,1,HappyBirthday,124,9490.82,F,1,0.0013686,0.172361,42.4661,0.451038,F
1963,1,HappyBirthday,1101,1095,M,1,0.00500023,0.101722,99.0009,1.82279,F
1963,1,HappyBirthday,1146,730,F,1,0.237106,0.100932,24071.1,1737.71,F
1963,1,HappyBirthday,608,8760.9,M,1,0.150643,0.26199,384.517,50.953,F
1964,1,HappyBirthday,92,11315.4,M,1,0.00123521,1.19375,72.8229,0.419634,F
1964,1,HappyBirthday,1001,9490.11,M,1,0.0135971,1.49724,1730.79,4.366,F
1964,1,HappyBirthday,301,12045.1,F,1,0.177307,0.381898,273.765,119.611,F
1964,1,HappyBirthday,340,4380.51,F,1,0.24344,1.00388,402.314,138.498,F
1964,1,HappyBirthday,1102,1095,M,1,0.828378,0.0687299,140.693,553.475,F
1964,1,HappyBirthday,467,2555.71,F,1,0.00711611,2.76159,0.000916706,2.21949,F
1965,1,HappyBirthday,445,3650.68,M,1,0.000166977,0.409908,96155.5,2.35762,F
1965,1,HappyBirthday,670,11680.8,F,1,0.00122174,0.490695,0.209993,0.380174,F
1965,1,Births,1227,0,M,0,0,0.183451,0,0,F
1966,1,HappyBirthday,391,22265,M,1,0.0132104,1.0694,64.6752,4.5868,F
1966,1,HappyBirthday,756,31390.9,M,1,0.000276201,0.102531,1235.87,0.240041,F
1967,1,HappyBirthday,852,20440.7,F,1,0.0169747,2.82435,6050.14,34.9882,F
1968,1,HappyBirthday,423,2555.73,M,1,0.133571,0.179813,348.385,82.2619,F
1968,1,HappyBirthday,434,14965.1,F,1,0.338078,0.364383,911.601,131.527,F
1969,1,HappyBirthday,430,30295.4,M,1,0.199817,0.918199,2219.65,77.4258,F
1969,1,HappyBirthday,1061,1460,F,1,0.000271409,0.283431,0.000525231,0.0844107,F
1970,1,HappyBirthday,109,2555.19,M,1,0.10494,3.66637,287.982,39.3306,F
1970,1,HappyBirthday,132,4745.41,M,1,0.00614111,0.174858,47.2558,2.36902,F
1970,1,HappyBirthday,1187,365,M,1,0.111038,0.0149766,3652.6,198.821,F
1970,1,HappyBirthday,801,4745.1,F,1,0.0385336,8.12537,19173.7,39.2145,F
1971,1,HappyBirthday,157,9125.79,F,1,0.0823881,0.987091,399.349,47.6946,F
1972,1,HappyBirthday,133,3285.84,F,1,0.00184097,0.243392,14.4816,0.584924,F
1972,1,HappyBirthday,242,6570.41,M,1,0.00383577,1.29402,334.265,1.37044,F
1972,1,HappyBirthday,424,2555.77,F,1,0.384037,1.39147,3376.51,406.12,F
1972,1,Births,1228,0,M,0,0,0.115036,0,0,F
1973,1,HappyBirthday,1188,365,F,1,0.00148033,0.967323,62.2575,0.504455,F
1973,1,HappyBirthday,493,10220.8,F,1,0.718215,2.11633,58.4597,407.5,F
1973,1,HappyBirthday,866,5840.49,M,1,0.118142,12.1518,161.543,49.2013,F
1973,1,HappyBirthday,916,5110.06,F,1,0.00786458,0.240419,170.226,2.57854,F
1973,1,HappyBirthday,1103,1095,M,1,0.428675,0.118525,12990,392.346,F
1974,1,HappyBirthday,32,3285.94,M,1,0.00863195,1.33529,110.304,3.15494,F
1974,1,HappyBirthday,351,6935.04,F,1,0.00109987,330.359,1.45398,0.344414,F
1974,1,HappyBirthday,808,11681,M,1,0.362098,0.643645,8816.21,1491.26,F
1975,1,HappyBirthday,66,25551,M,1,0.287349,0.0870206,5140.72,271.033,F
1975,1,HappyBirthday,290,7665.11,F,1,0.00461726,3.4665,985.164,1.50276,F
1975,1,HappyBirthday,1147,730,F,1,0.16164,0.0145949,8168.2,1082.11,F
1976,1,HappyBirthday,551,9125.64,M,1,0.834646,4.20967,2576.5,797.215,F
1977,1,HappyBirthday,271,4745.61,F,1,0.000755642,0.991155,14.1861,0.250783,F
1977,1,HappyBirthday,888,2190.92,M,1,0.00130003,4.5511,0.598928,0.404157,F
1978,1,HappyBirthday,1017,1825,F,1,0.086326,3.24587,3528.67,32.4304,F
1978,1,HappyBirthday,1148,730,M,1,0.0018001,0.730673,291.77,0.825428,F
1978,1,HappyBirthday,404,6570.27,M,1,0.223272,4.03475,10978.8,92.3586,F
1978,1,HappyBirthday,579,4745.95,F,1,0.000803363,0.68154,0.347934,0.249833,F
1979,1,HappyBirthday,559,20440.8,M,1,0.0718808,3.75323,107.512,31.2072,F
1980,1,HappyBirthday,280,5840.34,F,1,0.0670665,1.07567,11843.3,196.206,F
1980,1,HappyBirthday,766,4380.02,M,1,0.0191648,0.45865,237.773,8.05698,F
1981,1,HappyBirthday,21,9490.98,F,1,0.000784042,0.537473,60430.1,5.15405,F
1981,1,HappyBirthday,1019,1825,F,1,0.0143623,0.124072,4696.9,10.5884,F
1982,1,HappyBirthday,469,7665.92,M,1,0.124546,0.493055,11466.7,1076.81,F
1983,1,HappyBirthday,228,13505.9,F,1,0.00387479,0.754203,14.3089,1.21151,F
1983,1,HappyBirthday,595,2190.04,F,1,0.192373,0.169742,58380.1,1001.59,F
1983,1,HappyBirthday,718,5475.27,F,1,0.127052,0.511048,24.0673,43.8238,F
1983,1,HappyBirthday,868,6205.72,F,1,0.00119361,0.333519,4420.89,0.862166,F
1983,1,HappyBirthday,902,4015.38,F,1,0.000355055,0.0887665,9655.57,2.4777,F
1984,1,HappyBirthday,956,14235.5,M,1,0.000124257,0.0896405,11.0762,0.0404258,F
1985,1,HappyBirthday,496,8030.67,F,1,0.109655,0.582262,15.4696,38.0575,F
1985,1,HappyBirthday,1020,1825,M,1,0.242282,0.561538,124.878,101.513,F
1986,1,Births,1229,0,M,0,0,0.171578,0,0,F
1987,1,HappyBirthday,187,8030.81,F,1,0.22981,1.49846,126.72,99.4558,F
1987,1,HappyBirthday,518,22265.2,M,1,0.26052,2.65685,98.6587,112.94,F
1988,1,HappyBirthday,435,14235.9,M,1,0.683475,1.001,1161.27,422.121,F
1988,1,HappyBirthday,876,2555.56,F,1,0.474764,0.443873,1151.27,310.93,F
1989,1,HappyBirthday,53,3285.51,M,1,0.0904087,2.11518,1420.22,38.1254,F
1989,1,HappyBirthday,83,6205.32,M,1,0.0025011,0.0836204,96.3102,0.897892,F
1989,1,HappyBirthday,380,18250.4,M,1,0.00982395,16.0968,1093.39,4.09969,F
1989,1,HappyBirthday,813,16060.6,M,1,0.0182798,0.379419,2907.64,22.9631,F
1990,1,HappyBirthday,111,2190.45,M,1,0.298905,1.61083,16933.4,1796.31,F
1990,1,HappyBirthday,485,16060.3,F,1,0.0049689,0.371289,2203.2,1.6472,F
1991,1,HappyBirthday,1105,1095,F,1,0.425295,0.0808064,22399.9,552.069,F
1991,1,HappyBirthday,763,6205.75,F,1,0.0255042,4.70501,7286.79,65.8414,F
1991,1,HappyBirthday,939,8760.11,F,1,0.00567619,2.44966,3575.94,1.9983,F
1992,1,HappyBirthday,972,16425.7,M,1,0.000390893,7.25868,216.868,0.162779,F
1993,1,HappyBirthday,409,2920.2,F,1,0.00742379,0.479197,11.033,2.37888,F
1994,1,HappyBirthday,8,2920.94,F,1,0.0140527,0.0776949,11.6416,4.47389,F
1994,1,HappyBirthday,128,3650.54,M,1,0.116089,2.05771,176.59,40.1988,F
1994,1,HappyBirthday,383,9855.39,M,1,0.00114575,7.91778,113.462,0.471103,F
1994,1,HappyBirthday,466,10950.4,F,1,0.0029895,0.633456,0.181067,0.930462,F
1995,1,HappyBirthday,371,32120.2,F,1,0.130957,34.4903,4783.37,275.897,F
1995,1,HappyBirthday,611,12411,M,1,0.00525513,3.63095,2591.95,6.08495,F
1996,1,HappyBirthday,358,12045.9,F,1,0.0138921,0.048432,22196.2,34.9148,F
1997,1,HappyBirthday,1022,1825,M,1,0.0012458,0.855277,9.47991,0.393932,F
1997,1,HappyBirthday,621,6935.35,M,1,0.0702638,2.04963,44.4149,26.8464,F
1998,1,HappyBirthday,349,6570.05,F,1,0.00746183,0.146995,16.1351,2.4623,F
1998,1,HappyBirthday,555,15330.8,M,1,0.00178571,0.131135,15.7981,0.598681,F
1998,1,HappyBirthday,1106,1095,M,1,0.0656455,0.0372905,9.83867,21.1979,F
1999,1,HappyBirthday,294,6570.32,F,1,0.00178104,0.01364,10.6434,0.561284,F
1999,1,HappyBirthday,986,4380.94,M,1,0.0470369,0.0664148,1603.24,32.6463,F
2000,1,HappyBirthday,1190,365,M,1,0.0732569,0.166481,261.109,28.6203,F
2000,1,HappyBirthday,471,19710.1,M,1,0.00412511,15.6283,4.77277,1.2852,F
2000,1,HappyBirthday,738,6935.05,M,1,0.00775215,4.22649,0.0725965,2.41963,F
2001,1,HappyBirthday,653,9490.37,F,1,0.00867481,4.6489,42.0669,3.18105,F
2002,1,HappyBirthday,221,12410.6,M,1,0.12269,0.445565,73649.1,1600.72,F
2002,1,HappyBirthday,655,6935.98,M,1,0.000231176,1.2573,10676.5,1.71602,F
2002,1,HappyBirthday,871,19710.7,M,1,0.0304582,8.63438,2414.87,18.2849,F
2003,1,HappyBirthday,141,7665.91,M,1,0.00156975,3.44205,2.048,0.488203,F
2003,1,HappyBirthday,164,7300.19,M,1,0.00350514,0.0977238,4.01238,1.09866,F
2003,1,HappyBirthday,167,2555.62,M,1,0.00191954,0.958247,24.441,0.615755,F
2003,1,HappyBirthday,687,2920.38,M,1,0.9166,0.153351,57.7914,777.179,F
2003,1,HappyBirthday,1149,730,F,1,0.00252788,0.185238,45.9512,0.848302,F
2003,1,HappyBirthday,1062,1460,F,1,0.494504,0.0420039,9505.31,1031.12,F
2004,1,HappyBirthday,85,3285.74,M,1,2.98369e-05,0.206869,3908.64,0.0545563,F
2004,1,HappyBirthday,168,11680.2,M,1,0.000187048,0.241297,35371.5,0.792353,F
2004,1,HappyBirthday,747,6205.34,M,1,0.634271,5.58328,87.2825,397.57,F
2005,1,HappyBirthday,317,22630.8,F,1,0.777295,3.8488,7.55102,467.668,F
2005,1,HappyBirthday,1107,1095,F,1,0.0846586,0.765215,17.5167,29.7133,F
2005,1,HappyBirthday,614,5110.42,M,1,0.0816231,1.02928,5408.59,152.409,F
2005,1,HappyBirthday,1150,730,M,1,1.10279e-05,0.303315,39583.7,0.0947162,F
2005,1,HappyBirthday,865,10950.2,M,1,0.00344059,1.45347,11174.6,1.57342,F
2005,1,HappyBirthday,870,2555.03,M,1,0.0410569,0.874624,6553.45,32.5466,F
2006,1,HappyBirthday,4,34310,M,1,0.495604,1.63777,241.839,291.345,F
2006,1,HappyBirthday,237,5840.73,M,1,0.146057,4.01904,47.4144,52.5977,F
2006,1,HappyBirthday,314,6205.5,F,1,0.813793,0.265561,396.479,783.238,F
2006,1,HappyBirthday,421,5110.78,M,1,0.00239714,0.543363,7950.93,2.77627,F
2006,1,HappyBirthday,1063,1460,M,1,0.0344721,0.204203,88.5108,12.2522,F
2006,1,Births,1230,0,F,0,0,0.0399359,0,0,F
2007,1,HappyBirthday,147,5475.34,F,1,0.00347509,1.80318,12.3871,1.12549,F
2007,1,HappyBirthday,1064,1460,M,1,0.00321522,0.174716,3.20866,1.01664,F
2007,1,HappyBirthday,542,14235.4,F,1,0.000923587,0.129065,36.2109,0.301882,F
2007,1,HappyBirthday,826,6570.31,F,1,0.00102271,0.0511388,105.902,0.369218,F
2008,1,HappyBirthday,49,12410.9,M,1,0.000835676,2.86377,0.000553,0.259871,F
2008,1,HappyBirthday,835,2190.34,F,1,0.540902,4.28236,86.9623,267.527,F
2009,1,HappyBirthday,206,11680.6,M,1,0.00380237,0.231378,344.339,1.34668,F
2009,1,HappyBirthday,598,28470.8,F,1,0.46417,0.941888,9597.71,400.469,F
2009,1,HappyBirthday,979,7300.16,M,1,0.204847,0.552233,3585.1,218.647,F
2010,1,HappyBirthday,343,18615,F,1,0.237563,0.128792,664.546,84.3624,F
2011,1,HappyBirthday,69,6205.08,F,1,0.00788985,0.366556,4.844,2.47832,F
2011,1,HappyBirthday,1108,1095,F,1,6.48771e-05,0.191286,180560,0.8514,F
2011,1,HappyBirthday,537,13505,M,1,0.00383225,0.0630846,31.9683,1.38542,F
2012,1,HappyBirthday,319,20440.9,M,1,0.00257013,1.52577,0.0016506,0.799881,F
2012,1,HappyBirthday,394,12775.1,M,1,0.00445339,1.60676,84.9849,1.55466,F
2012,1,HappyBirthday,657,34675.1,F,1,0.000511893,0.101646,2.80664,0.160701,F
2013,1,HappyBirthday,1065,1460,M,1,0.0236431,0.25142,39.1342,7.88017,F
2014,1,HappyBirthday,941,5110.43,F,1,0.887477,0.605303,4.94729,682.463,F
2015,1,HappyBirthday,152,33215.6,M,1,0.83611,2.28089,44.7607,607.209,F
2015,1,HappyBirthday,234,6935.74,M,1,0.0542683,14.0815,17734.3,97.2889,F
2015,1,HappyBirthday,312,3285.29,F,1,0.0155165,6.76586,120.84,5.8016,F
2015,1,HappyBirthday,761,5840.38,M,1,0.00140627,1.9588,42.1235,0.52717,F
2016,1,HappyBirthday,1151,730,M,1,0.000818103,0.113669,5103.81,0.437802,F
2016,1,HappyBirthday,887,6205.42,M,1,0.116906,0.873422,214.279,38.6378,F
2016,1,HappyBirthday,982,6935.94,M,1,0.374999,0.39311,71.9404,185.124,F
2017,1,HappyBirthday,1191,365,M,1,0.00857354,0.434104,116.569,3.09545,F
2017,1,HappyBirthday,416,2190.42,M,1,0.405284,0.2485,870.532,164.033,F
2017,1,HappyBirthday,759,8030.19,M,1,0.0111172,0.678977,12.8518,3.63561,F
2018,1,HappyBirthday,412,5110.29,F,1,0.00972051,0.666509,0.17515,3.03586,F
2019,1,HappyBirthday,103,6205.34,F,1,0.00315359,11.8803,133.176,0.983605,F
2019,1,HappyBirthday,219,4745.89,F,1,0.000173092,1.39127,8287.39,0.541854,F
2019,1,HappyBirthday,1152,730,F,1,0,0.0409386,0,0,F
2019,1,HappyBirthday,581,2190.81,F,1,0.00116791,0.654338,267.999,0.397753,F
2019,1,HappyBirthday,1066,1460,F,1,0.586291,0.235713,931.003,427.45,F
2019,1,Births,1231,0,M,0,0,0.124656,0,0,F
2020,1,HappyBirthday,874,5110.53,F,1,0.000651908,0.0554798,2.46073,0.202754,F
2021,1,HappyBirthday,326,35770.2,F,1,0.000786598,1.34174,43.1561,0.263264,F
2021,1,HappyBirthday,365,2190.49,M,1,0.0564916,0.502344,1793.79,60.0225,F
2021,1,HappyBirthday,606,2190.46,M,1,2.04712e-06,0.258579,30463.8,0.00298108,F
2021,1,HappyBirthday,672,6570.78,F,1,0.724458,0.218039,86.8983,407.079,F
2021,1,HappyBirthday,853,11315.5,F,1,0.418383,0.37271,2051.03,284.421,F
2021,1,Births,1232,0,F,0,0,0.163415,0,0,F
2022,1,HappyBirthday,145,8760.8,F,1,0.00782939,0.16332,24617.5,4.9389,F
2022,1,HappyBirthday,397,9490.9,M,1,0.00571947,0.579273,119032,43.2514,F
2022,1,HappyBirthday,494,2555.54,F,1,0.0653488,0.0298342,200.69,24.8575,F
2022,1,HappyBirthday,803,6205.71,F,1,0.00188432,0.755474,2.16023,0.587722,F
2022,1,HappyBirthday,882,10220.2,M,1,0.0975108,2.27521,239.178,65.6325,F
2023,1,HappyBirthday,203,4745.26,F,1,0.654815,3.27685,2.15496,331.103,F
2023,1,HappyBirthday,266,28470.7,M,1,0.177035,3.21721,50827.6,554.193,F
2023,1,HappyBirthday,845,24820.2,F,1,0.000197124,15.1027,86.4212,0.069922,F
2023,1,Births,1233,0,F,0,0,0.174891,0,0,F
2024,1,HappyBirthday,530,9855.04,F,1,0.163271,0.0984915,36.2614,56.9579,F
2025,1,HappyBirthday,35,3285.01,F,1,0.782967,0.216851,7.93289,483.508,F
2025,1,HappyBirthday,1192,365,F,1,0.0157762,0.0423911,233.049,6.54841,F
2025,1,HappyBirthday,770,2555.38,F,1,0.11639,0.135033,6.65486,38.8184,F
2026,1,HappyBirthday,177,18615.6,F,1,0.00677271,1.15772,116.569,2.48577,F
2027,1,HappyBirthday,181,5840.29,M,1,0.375592,2.72419,73.2299,164.13,F
2027,1,HappyBirthday,1109,1095,M,1,0.368691,13.0058,35.5459,143.071,F
2027,1,HappyBirthday,560,9490.61,M,1,0.211897,0.119295,13133.8,861.036,F
2027,1,HappyBirthday,688,12410.7,M,1,0.549048,1.15822,119.245,297.551,F
2027,1,HappyBirthday,943,3285.66,F,1,0.0028615,0.226178,1.54414,0.890609,F
2028,1,HappyBirthday,42,6570.22,F,1,0.0402205,0.372743,3408.14,19.2715,F
2028,1,HappyBirthday,330,5110.56,F,1,0.171368,0.560462,34.917,60.3576,F
2028,1,HappyBirthday,361,3285.04,F,1,0.122522,1.32001,3.14417,40.7241,F
2029,1,HappyBirthday,291,10585.2,F,1,0.123864,1.37923,1347.35,48.2239,F
2029,1,HappyBirthday,563,5840.96,M,1,2.75851e-05,12.7801,693.48,0.0161086,F
2029,1,HappyBirthday,1110,1095,M,1,0.00529309,1.03623,98.0763,1.99365,F
2030,1,HappyBirthday,793,12775.9,M,1,0.0178311,0.445419,1084.36,26.7549,F
2031,1,HappyBirthday,322,25185,M,1,0.569226,2.51962,185.251,453.949,F
2031,1,HappyBirthday,500,5110.42,M,1,0.0952419,3.2565,2832.78,267.181,F
2031,1,HappyBirthday,1111,1095,M,1,0.109701,0.118999,7.64442,37.0191,F
2031,1,HappyBirthday,577,24090.5,F,1,0.000964866,0.36336,2.2386,0.300895,F
2032,1,HappyBirthday,1153,730,F,1,0.00566861,7.14647,195.329,2.25565,F
2032,1,Births,1234,0,M,0,0,0.160369,0,0,F
2033,1,HappyBirthday,29,2920.52,M,1,0.000731246,2.1477,530.362,0.69501,F
2033,1,HappyBirthday,816,20075.7,M,1,0.00311303,0.49793,2.07028,0.971256,F
2034,1,HappyBirthday,166,16425.5,M,1,0.000589196,0.00958021,661.442,0.602719,F
2034,1,HappyBirthday,178,9855.88,F,1,0.16798,2.41538,1651.38,80.7939,F
2034,1,Births,1235,0,F,0,0,0.16675,0,0,F
2036,1,HappyBirthday,211,7300.72,M,1,0.0443028,2.57323,7559.08,127.218,F
2036,1,HappyBirthday,429,6570.88,M,1,0.00707279,1.61029,115.954,2.61075,F
2037,1,HappyBirthday,513,9490.13,F,1,0.0980567,0.943821,76.2509,32.4737,F
2037,1,HappyBirthday,907,8030.38,F,1,0.344953,5.87174,1015.87,143.68,F
2038,1,HappyBirthday,1112,1095,M,1,0.275992,1.51609,129.097,122.531,F
2038,1,HappyBirthday,373,18250.5,F,1,0.0360587,0.261794,6.4315,11.7182,F
2038,1,HappyBirthday,619,4015.23,M,1,7.48125e-05,1.45053,12958.1,0.639886,F
2038,1,HappyBirthday,700,17885.9,F,1,0.0854341,60.03,110.258,31.9679,F
2038,1,HappyBirthday,984,10585.5,F,1,0.00394755,4.7354,20.6027,1.33328,F
2039,1,HappyBirthday,536,31025.4,M,1,0.00770264,22.5687,59.2228,3.11242,F
2039,1,HappyBirthday,658,4380.51,M,1,0.00360122,0.118554,0.000132513,1.12131,F
2039,1,HappyBirthday,810,2920.82,M,1,0.000654779,0.0494975,0.0298549,0.203764,F
2040,1,HappyBirthday,955,7300,F,1,0.00202737,4.90061,15577.2,9.74321,F
2041,1,HappyBirthday,252,8760.49,F,1,0.150003,0.490545,6665.07,71.238,F
2041,1,HappyBirthday,666,2555.8,F,1,0,0.173419,0.00985986,0,F
2041,1,HappyBirthday,716,24820.6,M,1,0.0550878,0.122734,1.39233,17.6129,F
2041,1,HappyBirthday,744,8030.64,M,1,0.367776,0.155134,2026.72,1066.75,F
2041,1,HappyBirthday,910,5475.32,M,1,4.07773e-05,0.402212,16789.3,0.10972,F
2043,1,HappyBirthday,34,28835.1,M,1,0.00132697,1.8128,11.4484,0.431625,F
2043,1,HappyBirthday,464,4015.93,F,1,0.00440183,0.107921,27.2744,1.41669,F
2043,1,HappyBirthday,1068,1460,F,1,0.411537,0.129681,102.919,185.193,F
2044,1,HappyBirthday,105,22630,M,1,0.589168,0.778729,7664.44,484.463,F
2044,1,HappyBirthday,200,16425.9,F,1,0.00424772,0.34769,67.2485,1.34492,F
2044,1,HappyBirthday,342,9490.92,F,1,0.0022158,0.0423477,40.9141,0.824838,F
2044,1,HappyBirthday,974,8760.05,M,1,0.220935,44.8431,16.7999,80.1602,F
2044,1,HappyBirthday,994,5475.65,M,1,0.00205137,0.67817,23.7449,0.701828,F
2045,1,HappyBirthday,574,5840.77,F,1,0.616853,1.91301,60.8286,315.577,F
2046,1,HappyBirthday,256,4015.66,M,1,0.00658936,2.04967,1.02461,2.05779,F
2047,1,HappyBirthday,31,18615.3,F,1,0.000445274,14.9765,0.0504614,0.138434,F
2047,1,HappyBirthday,307,5840.3,M,1,0.00694981,0.183065,56.4576,2.21596,F
2047,1,HappyBirthday,488,28835.7,F,1,0.000502832,0.47475,15489.7,0.336113,F
2048,1,HappyBirthday,690,7300.77,M,1,0.00106911,1.81585,1439.16,1.42701,F
2048,1,HappyBirthday,924,2920.23,F,1,0.0026818,0.348111,94.0017,0.944711,F
2048,1,HappyBirthday,942,12045.7,F,1,0.448382,0.0343249,8519.92,339.824,F
2049,1,HappyBirthday,60,18615.6,F,1,0.00271685,1.03491,600.35,1.56242,F
2049,1,HappyBirthday,788,5840.26,F,1,0.000318293,4.44676,70.4335,0.109515,F
2050,1,HappyBirthday,62,5840.03,M,1,0.00256551,0.59655,10279.4,7.92229,F
2050,1,HappyBirthday,1113,1095,M,1,0.0430494,0.679278,22.9593,15.1095,F
2051,1,HappyBirthday,1114,1095,M,1,0.0493883,0.433734,1245.23,17.8898,F
2051,1,HappyBirthday,1193,365,F,1,0.0838034,0.110459,15.2467,29.298,F
2051,1,HappyBirthday,1194,365,F,1,1.5449e-05,1.07305,27283.6,0.0933801,F
2053,1,HappyBirthday,325,11315.9,F,1,0.00240974,0.145427,80574,7.55289,F
2053,1,HappyBirthday,1155,730,M,1,0.0200183,1.11404,63.3192,8.10422,F
2054,1,HappyBirthday,65,7300.46,F,1,0.119074,1.9227,262.947,61.9273,F
2054,1,HappyBirthday,1023,1825,F,1,0.00228612,0.0397169,13.0865,0.723973,F
2054,1,HappyBirthday,1069,1460,F,1,0.00499318,0.0870896,9.04552,1.62514,F
2054,1,HappyBirthday,393,2920.35,F,1,0.0778796,2.45166,35.2478,26.3072,F
2054,1,HappyBirthday,735,16790,F,1,0.000875898,1.42659,13.3459,0.288448,F
2055,1,HappyBirthday,1195,365,F,1,0.534134,0.11078,2289.43,1257.49,F
2055,1,HappyBirthday,156,4745.9,F,1,0.0202477,0.892409,56436,36.1998,F
2055,1,HappyBirthday,257,6205.7,F,1,0.0015877,4.43978,50.5284,0.496176,F
2055,1,HappyBirthday,1156,730,M,1,0.674856,0.208591,81.7207,450.819,F
2056,1,HappyBirthday,480,3285.93,M,1,0.00343331,2.43914,67.5257,1.19652,F
2056,1,HappyBirthday,497,8760.8,F,1,8.82147e-07,6.18453,4381.44,0.0041106,F
2056,1,HappyBirthday,715,10585,M,1,3.78065e-05,0.892846,102911,0.173756,F
2056,1,HappyBirthday,1196,365,F,0,0,0.00649763,0,0,F
2057,1,HappyBirthday,196,8030.15,M,1,2.70925e-05,1.3382,4908.87,0.117581,F
2057,1,HappyBirthday,664,16790.5,F,1,0.00059975,18.334,26250.2,0.419009,F
2057,1,HappyBirthday,710,24820.1,M,1,0.000616467,11.1333,0,0.191741,F
2057,1,HappyBirthday,859,5110.95,F,1,0.00121627,0.0204552,1.17675,0.378103,F
2058,1,HappyBirthday,123,20805.1,F,1,0.0055038,0.738797,187.938,2.16334,F
2058,1,HappyBirthday,210,15695.4,F,1,0.297314,1.05654,1485.09,110.921,F
2058,1,HappyBirthday,362,9125.55,F,1,0.0347573,0.530819,3667.83,48.6482,F
2058,1,HappyBirthday,749,18980.7,M,1,0.0435211,21.3687,1222.88,18.4443,F
2058,1,HappyBirthday,965,4380.02,F,1,0.293771,2.04291,40772.8,1312.96,F
2058,1,HappyBirthday,990,2920.72,M,1,0.00522375,7.94638,10.8663,1.65109,F
2059,1,HappyBirthday,11,2555.89,F,1,3.95496e-05,0.218926,0.00419291,0.0123108,F
2059,1,HappyBirthday,1024,1825,F,1,0.0643826,0.479911,109.866,24.8166,F
2059,1,HappyBirthday,829,5110.13,M,1,0.245207,2.3785,4.43037,88.053,F
2059,1,HappyBirthday,1157,730,F,1,0.0328246,0.0221147,59.2322,13.1664,F
2060,1,HappyBirthday,877,2555.48,F,1,0.0599919,10.0219,10920.4,78.3802,F
2060,1,Births,1236,0,F,0,0,0.00930263,0,0,F
2061,1,HappyBirthday,1070,1460,F,1,0.000806017,0.0289654,16.9332,0.262675,F
2061,1,HappyBirthday,490,22995.8,M,1,0.379558,1.28565,110.193,203.192,F
2061,1,HappyBirthday,827,10220.9,F,1,0.00266258,0.688712,5.20493,0.850155,F
2062,1,HappyBirthday,82,12410,F,1,0.385449,0.952627,6574.23,167.252,F
2062,1,HappyBirthday,213,5475.05,M,1,0.0581418,2.42647,545.806,59.3535,F
2062,1,HappyBirthday,333,22265.2,F,1,0.107125,2.93834,108.696,48.6252,F
2062,1,HappyBirthday,1025,1825,F,1,0.0509941,0.0243651,20.365,16.9125,F
2063,1,HappyBirthday,1197,365,M,1,0.160566,0.571616,48.8761,54.3987,F
2063,1,HappyBirthday,115,12410.6,F,1,0.0248323,0.507029,7.4164,8.06812,F
2063,1,HappyBirthday,223,12410.7,M,1,0.584913,1.51625,432.372,436.884,F
2063,1,HappyBirthday,820,13505.3,M,1,0.185047,0.111399,6595.95,87.653,F
2064,1,HappyBirthday,37,4745.15,F,1,0.00947591,4.4786,1.83821,2.96569,F
2064,1,HappyBirthday,495,11680.6,M,1,0.0610615,1.39609,24.6903,20.2995,F
2064,1,HappyBirthday,1115,1095,F,1,0.676411,0.254189,180.578,449.745,F
2064,1,HappyBirthday,798,4745.93,M,1,0.000830904,5.28983,115.728,0.304952,F
2065,1,HappyBirthday,51,10950.9,F,1,0.00113382,7.08327,0.882814,0.353935,F
2065,1,HappyBirthday,1116,1095,M,1,0.251176,0.19669,3876.46,1177.23,F
2065,1,HappyBirthday,671,9125.44,M,1,0.0305929,0.547344,378.78,23.0125,F
2065,1,HappyBirthday,855,22995.7,M,1,0.000110903,1.01629,58.2523,0.0380396,F
2066,1,HappyBirthday,1117,1095,M,1,0.0524342,0.687588,156.979,23.0731,F
2066,1,HappyBirthday,372,18616,M,1,0.00250936,0.192826,1.0983,0.780954,F
2066,1,HappyBirthday,957,14965.3,F,1,0.258806,11.6357,50407.9,524.417,F
2067,1,HappyBirthday,1026,1825,M,1,0.0814164,1.46963,55.6547,31.5016,F
2067,1,HappyBirthday,586,20075.6,F,1,0.000248605,0.246012,25.1905,0.0807212,F
2068,1,HappyBirthday,40,6205.62,F,1,0.0797445,0.761708,79.7493,34.3935,F
2068,1,HappyBirthday,1158,730,F,1,0.0340061,0.153287,47.9328,13.1669,F
2069,1,HappyBirthday,180,31755.6,M,1,0.901483,0.470036,1096.07,1451.77,F
2069,1,HappyBirthday,197,5110.14,F,1,0.00380634,0.0627665,206.247,1.90386,F
2069,1,HappyBirthday,534,10950.6,F,1,0.912341,2.27653,15.0529,756.755,F
2069,1,HappyBirthday,629,3650.18,M,1,0.0038526,1.70724,0.029684,1.19957,F
2070,1,HappyBirthday,5,8395.76,M,0,0,0.0930273,0,0,F
2070,1,HappyBirthday,71,7665.1,F,1,0.00263032,0.732273,1733.98,1.32377,F
2070,1,HappyBirthday,437,7665.64,F,1,0.798286,1.37429,186.985,917.656,F
2071,1,HappyBirthday,885,15330.8,M,1,0.00436122,0.241322,1795.58,1.42736,F
2072,1,HappyBirthday,714,5840.35,M,1,0.167638,0.231625,47.8029,67.1837,F
2072,1,HappyBirthday,725,2555.23,F,1,0.110285,0.394631,41445.3,322.145,F
2072,1,HappyBirthday,1118,1095,F,1,0.65547,1.25046,53.8967,351.826,F
2073,1,HappyBirthday,507,9125.37,M,1,0.211159,3.23031,4771.1,83.0832,F
2073,1,HappyBirthday,516,9855.98,F,1,0.00405659,0.442562,17.3152,1.37091,F
2073,1,HappyBirthday,1071,1460,M,1,4.27102e-06,0.304156,141784,0.042523,F
2073,1,HappyBirthday,758,2190.64,M,1,0.65771,0.58206,26.9613,338.419,F
2073,1,HappyBirthday,981,8030.23,F,1,0.0014876,0.889118,114.599,0.545897,F
2074,1,HappyBirthday,892,10585.7,F,1,0.0127417,1.02355,90.7169,4.23316,F
2075,1,HappyBirthday,836,6570.21,F,1,0,0.248172,71939.6,0,F
2076,1,HappyBirthday,336,15695.6,F,1,0.00201809,4.40985,7.45128,0.635748,F
2076,1,HappyBirthday,370,4015.81,M,1,0.240925,0.849568,3181.64,90.5047,F
2076,1,HappyBirthday,589,17520,M,1,0.000815932,0.2866,0.456737,0.253896,F
2076,1,HappyBirthday,1160,730,M,1,0.0132521,0.0607879,4431.78,4.29566,F
2077,1,HappyBirthday,305,11680.4,F,1,0.0369449,1.99733,24.0035,12.0449,F
2077,1,HappyBirthday,681,4746,F,1,0.014821,0.187314,40.4504,5.00904,F
2078,1,HappyBirthday,1198,365,F,1,0.00137056,0.0303948,246.878,0.563184,F
2078,1,HappyBirthday,1161,730,F,1,0.00277791,1.18399,21872.8,3.05045,F
2078,1,HappyBirthday,774,12045.6,F,1,0.798167,0.386681,523.982,597.369,F
2078,1,HappyBirthday,831,21170.5,F,1,0.244363,27.672,86.4465,100.944,F
2079,1,HappyBirthday,267,22265.9,M,1,0.000304407,0.474918,0,0.0946382,F
2079,1,HappyBirthday,541,3285.41,M,1,0.00499938,0.55031,128.038,1.59676,F
2080,1,HappyBirthday,1027,1825,M,1,0.0274828,0.38317,138.209,12.352,F
2081,1,HappyBirthday,847,10585.4,F,1,0.00122997,0.0353612,13714.1,6.49616,F
2081,1,HappyBirthday,879,13140.1,F,1,0.000260755,1.80347,1019.04,0.197174,F
2082,1,HappyBirthday,184,8760.11,M,1,0.00307874,3.07944,111.019,1.0962,F
2082,1,HappyBirthday,450,10950,M,1,0.0228497,2.11874,77.9944,9.07876,F
2082,1,HappyBirthday,654,6935.23,M,1,0.00148594,23.1901,27.39,0.479013,F
2083,1,HappyBirthday,929,6570.52,M,1,0.562581,1.58408,40.8204,295.79,F
2083,1,HappyBirthday,1028,1825,F,1,0.660921,0.660127,261.234,339.81,F
2084,1,HappyBirthday,260,3285.47,M,1,0.979281,10.8515,695.308,1529.48,F
2084,1,HappyBirthday,593,22630,M,1,0.0821969,0.963366,4.019,27.1927,F
2084,1,HappyBirthday,757,16790.4,M,1,0.176037,14.3415,6726.82,95.638,F
2085,1,HappyBirthday,482,2920.48,M,1,0.0352499,3.0785,3523.77,62.2104,F
2085,1,HappyBirthday,1162,730,F,1,0.0617937,0.333515,16702,141.736,F
2085,1,HappyBirthday,987,4380.85,M,1,9.37679e-05,2.22577,17340,0.375494,F
2086,1,HappyBirthday,139,15330.1,M,1,0.0146619,0.102799,1.78274,4.59084,F
2086,1,HappyBirthday,327,6935.05,F,1,0.0382863,2.11238,103.291,17.7016,F
2087,1,HappyBirthday,10,27010.2,F,1,0.000142589,0.0334588,193.928,0.0572928,F
2087,1,HappyBirthday,489,7300.41,M,1,0.000860949,1.2714,50.5564,0.31148,F
2088,1,HappyBirthday,158,4380.46,F,1,0.0208739,0.176973,12.0134,6.55815,F
2088,1,HappyBirthday,414,15330.8,F,1,0,0.0991061,0,0,F
2088,1,HappyBirthday,1119,1095,M,1,0.729838,0.15402,20796.7,1103.17,F
2089,1,HappyBirthday,447,29565.8,M,1,0.113923,0.176274,782.354,83.9745,F
2089,1,HappyBirthday,971,4745.64,F,1,0.0275593,2.869,74.3657,8.89224,F
2090,1,HappyBirthday,261,4745.37,F,1,0.003346,0.358412,140.029,1.27284,F
2090,1,HappyBirthday,773,9490.35,F,1,0.26215,0.946592,11.5968,95.7426,F
2090,1,HappyBirthday,857,9490.98,F,1,0.0625985,0.276488,4463.93,51.5678,F
2090,1,HappyBirthday,899,13870.1,M,1,0.0798716,0.102929,46.9692,29.4288,F
2091,1,HappyBirthday,243,13505.2,M,1,0.00015141,0.0293779,0,0.0470786,F
2091,1,HappyBirthday,510,7300.72,F,1,0.857109,3.46636,643.134,706.783,F
2091,1,HappyBirthday,1120,1095,F,1,0.0340917,0.015829,13.6464,10.7931,F
2091,1,HappyBirthday,730,3650.81,F,1,0.000673851,0.328872,107.439,0.241368,F
2091,1,HappyBirthday,1163,730,F,1,0.193133,0.224819,279.048,99.7689,F
2091,1,HappyBirthday,935,16790.7,F,1,0.00712366,3.53185,90.9308,2.6031,F
2092,1,HappyBirthday,1121,1095,F,1,0.182477,0.0954901,2193.2,79.1263,F
2093,1,HappyBirthday,454,28835.9,M,1,7.59529e-06,0.202561,80690.2,0.0303262,F
2093,1,HappyBirthday,564,4380.64,F,1,0.000203244,2.30044,0.395637,0.0631594,F
2093,1,HappyBirthday,578,2190.66,M,1,0.00876413,1.76638,926.624,2.74017,F
2093,1,HappyBirthday,846,5840.14,F,1,0.158811,0.185418,1352.08,158.838,F
2094,1,HappyBirthday,70,11315.9,F,1,0.0836058,1.2387,16637.3,255.085,F
2094,1,HappyBirthday,316,3650.74,M,1,0.712537,0.381847,522.833,677.709,F
2094,1,HappyBirthday,603,17520.2,F,1,0.0478674,0.517253,21616.5,137.002,F
2094,1,HappyBirthday,676,22265.5,F,1,0.00101593,3.50151,15.4791,0.33944,F
2094,1,HappyBirthday,692,5475.51,F,1,0.157048,13.9245,26.647,55.5297,F
2094,1,Births,1237,0,F,0,0,3.07402,0,0,F
2095,1,HappyBirthday,1164,730,F,1,0.0086701,0.24942,185.422,3.77611,F
2095,1,HappyBirthday,584,12410.7,F,1,0.0125647,3.03815,125.951,6.16792,F
2095,1,HappyBirthday,1122,1095,M,1,0.0356619,0.186622,241.678,15.8042,F
2096,1,HappyBirthday,401,5475.19,M,1,0.144877,2.69905,32.7079,48.6462,F
2097,1,HappyBirthday,659,3650.05,M,1,0.376919,1.1556,241.758,284.177,F
2097,1,HappyBirthday,1199,365,M,1,0.000118381,0.0143178,23.8666,0.0380558,F
2097,1,HappyBirthday,1200,365,M,1,0.00955529,0.0699042,114.71,3.52647,F
2098,1,HappyBirthday,300,24090.7,M,1,0.00559136,0.00889434,689.114,2.93544,F
2098,1,HappyBirthday,1029,1825,M,1,0.000772855,0.0489489,113.865,0.281518,F
2098,1,HappyBirthday,345,7665.54,M,1,0.000219594,2.73803,6613.29,0.580492,F
2098,1,HappyBirthday,922,10585.4,M,1,0.00100314,1.30951,34.1315,0.363209,F
2099,1,HappyBirthday,628,2555.45,F,1,0.272677,0.547213,0.531036,98.9548,F
2099,1,HappyBirthday,637,29930.7,M,1,0.000239076,3.08532,12799.3,0.202421,F
2099,1,HappyBirthday,646,17885.6,F,1,0.000406831,3.71275,2.80877,0.127047,F
2100,1,HappyBirthday,130,6205.22,M,1,0.89276,24.9289,34.5847,708.212,F
2100,1,HappyBirthday,255,2190.06,M,1,0.00434629,6.5933,860.915,5.24059,F
2100,1,HappyBirthday,379,4745.24,F,1,0.00092821,10.4892,0.345873,0.288543,F
2100,1,HappyBirthday,1072,1460,M,1,0.000695232,1.09505,114300,7.03151,F
2100,1,HappyBirthday,1073,1460,M,1,0.000561768,0.0222439,357.345,0.261688,F
2101,1,HappyBirthday,1074,1460,M,1,0.210525,0.0365247,19740.1,98.0692,F
2101,1,HappyBirthday,377,24455.3,F,1,0.407645,0.108949,6161.55,620.315,F
2101,1,HappyBirthday,533,16790.2,M,1,0.625007,0.0519264,25.3675,314.411,F
2101,1,HappyBirthday,712,9490.57,F,1,0.0510368,0.422568,140.641,24.7691,F
2101,1,HappyBirthday,814,16790,F,1,0.00164121,0.998152,16.7573,0.52565,F
2103,1,HappyBirthday,645,3650.53,M,1,0.0172,3.02443,499.403,9.54061,F
2103,1,HappyBirthday,890,6205.08,M,1,0.10559,0.514452,552.013,61.1213,F
2104,1,HappyBirthday,302,15695.4,F,1,0.000199175,4.55178,33739.6,0.247379,F
2104,1,HappyBirthday,468,8030.5,M,1,0.121866,7.20098,2366.18,43.0093,F
2104,1,HappyBirthday,966,9125.89,F,1,1.29755e-05,4.28269,12668.7,0.0543284,F
2105,1,HappyBirthday,13,8760.72,M,0,0,0.0416534,0,0,F
2105,1,HappyBirthday,48,4380.78,F,1,0.339768,0.0926159,474.696,129.33,F
2105,1,HappyBirthday,554,5840.83,M,1,0.0287208,5.18989,2977.94,35.7844,F
2105,1,HappyBirthday,936,4745.03,F,1,0.115644,1.14921,138.036,44.6902,F
2106,1,HappyBirthday,299,22630.5,F,1,3.18834e-05,0.69471,1.27331,0.0099458,F
2106,1,HappyBirthday,415,2190.92,M,1,0.914608,0.0185967,172.745,902.168,F
2106,1,HappyBirthday,525,9126,M,1,0.00186061,1.12788,2854.81,2.77204,F
2106,1,HappyBirthday,633,8030.37,M,1,0.0382167,4.9233,3832.32,135.745,F
2106,1,Births,1238,0,F,0,0,0.0864533,0,0,F
2107,1,HappyBirthday,695,22995.5,M,1,0.000534764,6.90143,28912.3,3.77892,F
2107,1,HappyBirthday,1123,1095,F,1,1.71578e-05,5.3208,78866.9,0.219027,F
2108,1,HappyBirthday,80,34310.4,M,1,8.63695e-05,9.56125,28128.9,0.484367,F
2108,1,HappyBirthday,165,30660.6,F,1,0.792577,0.712443,294.729,586.607,F
2108,1,HappyBirthday,175,4380.57,M,1,0.0246301,0.841093,22716.2,52.992,F
2108,1,HappyBirthday,470,14601,M,1,0.000149193,6.93723,162924,1.3608,F
2108,1,HappyBirthday,843,6570.46,F,1,0.413385,0.779768,74.454,211.67,F
2108,1,HappyBirthday,927,15695.7,M,1,0.00187507,0.670952,11.2555,0.612132,F
2108,1,HappyBirthday,997,4745.54,F,1,0.000998986,35.7184,28.2019,0.323603,F
2108,1,HappyBirthday,1076,1460,M,1,0.0305696,0.100902,215.76,15.1035,F
2108,1,Births,1239,0,M,0,0,0.0583412,0,0,F
2109,1,HappyBirthday,1201,365,F,1,0.0364237,0.706784,1304.34,21.4095,F
2109,1,HappyBirthday,1077,1460,M,1,0.00194868,0.356969,348.112,0.792718,F
2110,1,HappyBirthday,54,3650.21,M,1,0.0161023,0.207128,2987.57,58.8239,F
2110,1,HappyBirthday,441,2920.98,F,1,0.167384,0.131437,95.1176,60.7882,F
2111,1,HappyBirthday,1030,1825,F,1,0.14974,0.493144,861.353,154.911,F
2112,1,HappyBirthday,149,12410.8,F,1,0.00274752,2.59246,0.613625,0.855593,F
2112,1,HappyBirthday,684,6935.27,M,1,0.00110097,0.535918,13080.3,0.517996,F
2112,1,HappyBirthday,1165,730,M,1,0.101419,0.44875,99889,840.185,F
2112,1,HappyBirthday,963,34310.7,F,1,0.501508,1.90752,433.712,576.728,F
2113,1,HappyBirthday,144,2190.71,M,1,0.00521585,8.51818,712.253,1.81385,F
2113,1,HappyBirthday,151,4380.45,F,1,0.00154206,0.75999,11.1069,0.499576,F
2113,1,HappyBirthday,353,7300.54,F,1,0.405708,0.73244,2660.93,556.737,F
2113,1,HappyBirthday,1166,730,F,1,0.00797345,5.35484,77.4502,3.16924,F
2113,1,HappyBirthday,1167,730,F,1,8.44494e-05,0.251403,11.4959,0.027126,F
2113,1,HappyBirthday,869,2190.81,M,1,0.0442246,0.419537,93.4594,16.2271,F
2114,1,HappyBirthday,278,22265.1,M,1,8.04373e-05,0.922723,163.106,0.0307862,F
2114,1,HappyBirthday,411,9125.15,M,1,5.47639e-06,0.0871317,5537.95,0.0060802,F
2114,1,HappyBirthday,519,35405.2,M,1,0.00783669,0.372653,3112.47,2.48143,F
2114,1,HappyBirthday,775,21900.6,M,1,0.00190179,2.34991,0.0098268,0.591503,F
2115,1,HappyBirthday,296,6935.29,F,1,0.00134005,18.5728,9.19315,0.428803,F
2115,1,HappyBirthday,1168,730,F,1,0.0049965,0.0378769,95.3098,1.77932,F
2115,1,HappyBirthday,717,10950.3,F,1,0.175126,0.0774198,33127.5,1424.53,F
2115,1,HappyBirthday,964,8395.87,F,1,0.333708,12.7536,4882.28,539.025,F
2116,1,HappyBirthday,138,11315.5,M,1,0.0930388,9.26246,55.2144,34.0243,F
2116,1,HappyBirthday,195,23360.2,M,1,0.0194789,0.451735,270.259,12.2006,F
2116,1,HappyBirthday,804,9125.1,M,1,0.00324728,1.70984,5.61998,1.02042,F
2117,1,HappyBirthday,274,4015.1,M,1,0.27167,0.13625,33.454,109.341,F
2117,1,HappyBirthday,1124,1095,M,1,0.331063,1.85753,37219.1,436.063,F
2117,1,HappyBirthday,363,22265.6,M,1,0.000298616,0.245346,40.8082,0.0992072,F
2117,1,HappyBirthday,898,15330.5,F,1,0.0134933,0.962221,2422.78,5.96828,F
2118,1,HappyBirthday,615,10220.1,F,1,0.0054791,26.6659,945.294,8.28765,F
2118,1,HappyBirthday,783,4746,F,1,0.00054741,5.36225,3.33386,0.172735,F
2118,1,HappyBirthday,989,7665.78,M,1,0.160747,7.58934,1313.03,54.5257,F
2119,1,HappyBirthday,230,19345.9,M,1,0.112013,1.04231,23621.2,284.535,F
2119,1,HappyBirthday,456,19345.5,F,1,0.00245195,1.17085,4.00028,0.766045,F
2119,1,HappyBirthday,544,6935.02,M,1,0.0010119,1.05229,13.6243,0.327999,F
2121,1,HappyBirthday,894,18980.4,M,1,0.0117399,5.84084,46139.4,110.106,F
2122,1,HappyBirthday,408,16790.7,F,1,0.000320781,2.16757,3.6e-06,0.0996608,F
2122,1,Births,1240,0,F,0,0,0.44856,0,0,F
2123,1,HappyBirthday,1125,1095,F,1,0.50193,0.951295,23299.3,834.868,F
2124,1,HappyBirthday,117,13505.8,M,1,0.000974784,2.57054,23644.6,0.728894,F
2124,1,HappyBirthday,854,18615,M,1,0.0168995,0.120786,3742.96,70.5119,F
2125,1,HappyBirthday,1000,9125.82,M,1,0.0109953,0.0124988,3.36568,3.49462,F
2125,1,HappyBirthday,604,22265.8,F,1,0.000193715,0.495062,36529.1,0.459772,F
2126,1,HappyBirthday,96,5110.51,F,1,0.0533247,0.0524602,146.47,17.0304,F
2126,1,HappyBirthday,118,9125.36,M,1,0.0042759,0.905455,2265.35,10.314,F
2126,1,HappyBirthday,216,4015.23,F,1,0.694788,0.404498,43.9931,385.845,F
2127,1,HappyBirthday,191,9490.89,F,1,0.00272511,0.29216,35.3222,0.934744,F
2128,1,HappyBirthday,399,6570.61,F,1,0.220357,2.88814,13.811,79.1071,F
2129,1,HappyBirthday,100,17885.6,M,1,0.394924,0.569219,712.687,286.792,F
2129,1,HappyBirthday,1031,1825,M,1,0.00158943,0.00846374,4.52826,0.495464,F
2129,1,HappyBirthday,1169,730,M,1,0.31653,0.483852,260.061,165.26,F
2129,1,HappyBirthday,1203,365,M,1,0.473322,1.91021,57.7309,216.435,F
2129,1,HappyBirthday,694,7300.45,F,1,0.000414945,64.2556,85.5126,0.169352,F
2129,1,HappyBirthday,1202,365,F,1,0.443293,0.0837926,11289,797.572,F
2129,1,HappyBirthday,949,16425.1,M,1,0.00516215,0.30197,67.3662,1.7945,F
2130,1,HappyBirthday,90,5475.04,M,1,0.000781703,4.6138,5678.41,0.244522,F
2130,1,HappyBirthday,182,5840.16,F,1,0.146103,10.6322,120.942,52.8338,F
2131,1,HappyBirthday,567,23725.8,F,1,0.00323697,1.2479,889.714,4.19006,F
2131,1,HappyBirthday,1032,1825,M,1,0.160335,0.0654187,15746.2,1161.18,F
2131,1,HappyBirthday,1170,730,M,1,0.000347616,0.0616691,48.6541,0.127937,F
2131,1,HappyBirthday,799,4015.26,F,1,0.000177845,3.85405,14999.6,0.319554,F
2132,1,HappyBirthday,43,4745.71,F,1,0.0346129,0.975446,98.6222,12.5796,F
2132,1,HappyBirthday,86,15330.5,F,1,0.165515,0.787871,509.866,62.0717,F
2132,1,HappyBirthday,426,6570.15,F,1,0.00217782,1.42503,23931,13.2242,F
2132,1,HappyBirthday,514,2191,M,1,0.333506,0.0523194,4732.92,210.357,F
2132,1,HappyBirthday,805,2920.09,M,1,0.601254,0.0413168,1709.62,331.16,F
2132,1,HappyBirthday,809,4015.44,M,1,0.00628559,0.0924675,26846.4,7.03838,F
2132,1,HappyBirthday,838,34310.7,F,1,0.000501978,0.820834,17.9314,0.169152,F
2133,1,HappyBirthday,446,12410.6,M,1,0.121249,3.219,14.7221,41.1764,F
2133,1,HappyBirthday,481,2920.36,F,1,0.281883,0.521629,7.44738,103.08,F
2133,1,HappyBirthday,492,19710.7,F,1,2.00586e-05,31.399,58789.1,0.0552746,F
2134,1,HappyBirthday,762,2920.6,F,1,0.0966314,1.72753,4142.57,36.6125,F
2134,1,HappyBirthday,1171,730,F,1,0.0655629,0.0259291,335.464,30.831,F
2134,1,Births,1241,0,M,0,0,0.0912878,0,0,F
2135,1,HappyBirthday,1204,365,M,1,0.549582,5.36077,1849.27,401.87,F
2135,1,HappyBirthday,844,13505.7,M,1,0.023856,1.5564,92582.2,165.233,F
2136,1,HappyBirthday,1078,1460,M,1,0.619902,0.166255,1285.22,346.94,F
2136,1,HappyBirthday,487,10950.6,M,1,0.000859951,0.935979,2.57982,0.270896,F
2136,1,HappyBirthday,644,13140.2,M,1,0.471185,0.160684,1611.52,259.262,F
2137,1,HappyBirthday,6,4745.05,F,1,0.00183314,1.30582,2477.4,2.38682,F
2137,1,HappyBirthday,28,16790.9,F,1,1.9519e-05,0.724581,15760.8,0.1925,F
2137,1,HappyBirthday,106,6935.68,M,1,0.420481,0.879707,12847.6,537.661,F
2137,1,Births,1242,0,F,0,0,0.477107,0,0,F
2138,1,HappyBirthday,20,5475.2,M,1,0.310287,1.63986,5955.05,791.159,F
2138,1,HappyBirthday,460,5110.2,F,1,0.000602081,1.25186,1667.41,1.13409,F
2138,1,HappyBirthday,724,7665.3,M,1,0.720043,0.523793,507.442,1229.93,F
2139,1,HappyBirthday,202,27740.1,F,1,9.52678e-05,0.0135164,0.195273,0.0296446,F
2139,1,HappyBirthday,403,11316,F,1,0,0.175602,0.640458,0,F
2139,1,HappyBirthday,566,3650.97,F,1,0.261623,0.152906,7782.71,406.828,F
2139,1,HappyBirthday,764,13505.3,F,1,0.186698,0.0889476,105.279,66.8017,F
2139,1,HappyBirthday,1033,1825,F,1,0.0821475,4.97114,35.1399,30.7789,F
2140,1,HappyBirthday,101,3650.16,F,1,0.0279228,0.237878,1803.76,56.5221,F
2141,1,HappyBirthday,30,5841,M,1,0.0016174,7.60415,2555.73,5.15347,F
2141,1,HappyBirthday,276,3285.48,F,1,0.0118174,0.0958816,1119.98,7.81437,F
2141,1,HappyBirthday,674,6205.58,M,1,0.000144359,1.50492,21.9903,0.0462532,F
2141,1,HappyBirthday,736,12045.4,M,1,0.199246,0.79815,935.028,296.486,F
2141,1,HappyBirthday,1172,730,M,1,0.00197352,0.266802,1354.86,3.48132,F
2141,1,HappyBirthday,873,22630.1,M,1,0.0234077,1.26408,25.5943,7.60671,F
2142,1,HappyBirthday,58,14236,M,1,0.0350372,1.29804,974.343,57.0003,F
2142,1,HappyBirthday,1034,1825,M,1,0.0999824,0.384994,60.0764,42.1676,F
2143,1,HappyBirthday,292,3285.5,F,1,0.506158,1.47159,4.12275,220.832,F
2144,1,HappyBirthday,1126,1095,M,1,0.23396,0.0418359,36091.2,813.999,F
2145,1,HappyBirthday,315,12775.2,M,1,0.034615,1.34835,9998.24,124.338,F
2145,1,HappyBirthday,346,25550.4,M,1,0.0132002,0.259303,2479.61,7.78388,F
2145,1,HappyBirthday,1127,1095,M,1,0.00566884,5.73919,35.1282,2.00437,F
2145,1,HappyBirthday,587,2920.11,M,1,0.042297,2.59768,50.7593,14.5961,F
2145,1,HappyBirthday,678,2555.61,F,1,0.0122203,3.76925,1394.39,19.2889,F
2145,1,HappyBirthday,926,32850.5,F,1,0.834838,0.312483,1856.27,1503.87,F
2146,1,HappyBirthday,284,14235.6,F,1,0.000245094,0.324596,0.582598,0.0761778,F
2147,1,HappyBirthday,44,18616,F,1,0.780457,0.609141,9231.82,696.741,F
2147,1,HappyBirthday,89,2920.09,M,1,0.67041,1.24504,6622.5,822.297,F
2147,1,HappyBirthday,214,3650.02,M,1,6.42146e-05,2.67825,32061.9,0.818581,F
2147,1,HappyBirthday,1080,1460,F,1,0.00783642,0.224208,12.427,2.58841,F
2147,1,HappyBirthday,1205,365,M,1,0.0005762,0.210145,5098.83,1.27974,F
2147,1,HappyBirthday,732,2920.9,F,1,0.0178009,7.97078,25.1798,6.19173,F
2147,1,HappyBirthday,823,2920.56,F,1,0.00111404,1.93685,11.3158,0.36348,F
2148,1,HappyBirthday,503,4380.92,F,1,0.725058,2.15477,64.393,485.275,F
2148,1,HappyBirthday,591,9855.14,M,1,0.013554,1.45828,29.5784,4.79798,F
2148,1,HappyBirthday,721,6935.81,M,1,0.056881,1.08857,18.9525,18.7347,F
2149,1,HappyBirthday,154,18615.4,M,1,0.000462149,31.1373,50.258,0.153488,F
2150,1,HappyBirthday,238,2190.24,F,1,0.257121,0.130449,9399.66,165.968,F
2150,1,HappyBirthday,1206,365,F,1,0.411666,0.341217,1222.85,248.495,F
2150,1,HappyBirthday,742,13505.2,F,1,0.12813,1.00696,39.9615,45.3589,F
2150,1,HappyBirthday,988,4015.91,M,0,0,0.0226776,0,0,F
2150,1,HappyBirthday,1081,1460,F,1,0.0409503,0.224224,19789.2,25.5074,F
2151,1,HappyBirthday,110,18981,M,1,0.468192,1.07462,1532.36,590.896,F
2152,1,HappyBirthday,473,31390.4,F,1,0.0056845,0.452885,36295.7,7.26356,F
2152,1,HappyBirthday,620,5110.57,F,1,1.25451e-06,0.47929,182.724,0.000502776,F
2152,1,HappyBirthday,703,22630,M,1,0.0451557,2.12424,679.941,14.6912,F
2152,1,HappyBirthday,751,2920.67,F,1,0.765441,0.158253,76.216,465.421,F
2153,1,HappyBirthday,50,8395.12,F,1,0.200343,0.0447787,93145.9,1329.37,F
2153,1,HappyBirthday,502,5110.12,F,1,0.0149995,0.104652,45455.2,65.5304,F
2153,1,HappyBirthday,556,2190.41,M,1,0.0469493,0.0614622,102.011,17.7246,F
2154,1,HappyBirthday,9,4380.07,F,1,0.00138992,0.836284,15.1432,0.446397,F
2154,1,HappyBirthday,47,3285.82,F,1,0.000945664,0.027811,216.992,0.537094,F
2155,1,HappyBirthday,612,32485.2,M,1,0.258531,0.667963,63379.6,1351.34,F
2155,1,HappyBirthday,648,14600.7,M,1,7.1541e-06,0.879121,13086.9,0.030968,F
2155,1,HappyBirthday,930,8030.3,F,1,0.00493241,0.231949,38.5962,1.6553,F
2156,1,HappyBirthday,3,3650.02,M,1,0.0276069,5.79156,79.519,8.9035,F
2156,1,HappyBirthday,680,2190.79,F,1,0.00147934,0.482037,0.824431,0.46182,F
2156,1,HappyBirthday,800,12410.4,F,1,0.00210452,0.351059,1287.31,1.81737,F
2156,1,HappyBirthday,992,4380.5,M,1,0.0392402,0.0521522,30.1317,12.6545,F
2157,1,HappyBirthday,529,6570.31,F,1,0.00124521,6.75159,785.966,0.956972,F
2157,1,HappyBirthday,607,13505,F,1,0.000532894,2.31343,10152.1,1.92211,F
2157,1,HappyBirthday,895,5475.77,M,1,0.0123341,2.3726,38778.7,17.8013,F
2159,1,HappyBirthday,269,10585.5,F,1,0.0631447,0.600207,0.458812,20.2936,F
2159,1,HappyBirthday,665,7665.85,F,1,0.00233045,7.05158,21.474,0.737515,F
2160,1,HappyBirthday,186,6935.61,M,1,0.00870041,2.08339,34.6402,2.93951,F
2160,1,HappyBirthday,236,5840.29,M,1,0.00570999,0.0795043,33543.8,27.7771,F
2160,1,HappyBirthday,463,5475.2,F,1,0.325837,1.38127,3393.66,560.592,F
2160,1,HappyBirthday,673,6205.47,F,1,0.00115523,0.370761,81.0012,0.406175,F
2160,1,HappyBirthday,1174,730,F,1,0.83151,0.110786,222.811,557.891,F
2160,1,HappyBirthday,978,8395.87,F,1,0.249958,0.972817,2020.24,153.913,F
2161,1,HappyBirthday,189,14236,M,1,0.0183636,0.405637,4.36065,5.80319,F
2162,1,HappyBirthday,1207,365,M,1,0.609357,0.0740733,28.1713,298.219,F
2162,1,HappyBirthday,382,6570.44,M,1,0.654859,1.35843,273.738,592.056,F
2162,1,HappyBirthday,720,18981,F,1,0.192108,0.46127,64.6975,73.0889,F
2162,1,HappyBirthday,952,3285.21,M,1,0.417322,0.580732,1700.91,540.028,F
2163,1,HappyBirthday,81,22630.2,M,1,0.00168944,4.95453,77738.1,20.6535,F
2163,1,HappyBirthday,1208,365,M,1,0.301685,0.0815818,20600,717.681,F
2163,1,HappyBirthday,442,4015.66,F,1,0.0927424,1.0084,365.834,32.6676,F
2163,1,HappyBirthday,830,15330,F,1,0.00313853,11.693,1071.14,4.26852,F
2164,1,HappyBirthday,161,2555.01,F,1,0.00469827,1.70688,19282.5,25.2973,F
2164,1,HappyBirthday,275,24455.7,F,1,0.476476,0.306086,1414.15,1131.86,F
2164,1,HappyBirthday,287,28470.6,F,1,0.00459321,0.640802,13.8935,1.47748,F
2165,1,HappyBirthday,208,4015.69,M,1,0.000658297,0.196269,10.7763,0.212292,F
2165,1,HappyBirthday,1209,365,F,1,0.447976,0.0581279,182.711,245.147,F
2166,1,HappyBirthday,1210,365,F,1,0.323783,0.016595,13493.1,1683.62,F
2166,1,HappyBirthday,511,13870.3,M,1,0.0197055,0.12785,47.2138,6.3694,F
2167,1,HappyBirthday,16,3650.67,M,1,0.00459463,0.436154,9.5963,1.45487,F
2167,1,HappyBirthday,1128,1095,F,1,0.0028357,0.0879552,13.4716,0.900045,F
2167,1,HappyBirthday,1082,1460,F,1,0.00424667,0.502461,6.98204,1.33639,F
2168,1,HappyBirthday,78,9490.68,F,1,0.0834212,0.111878,3801.21,310.465,F
2168,1,HappyBirthday,120,2190.76,M,1,0.0280348,0.18653,6091.78,22.9081,F
2168,1,HappyBirthday,298,2190.4,M,1,0.0505994,0.590414,40483.1,234.137,F
2168,1,HappyBirthday,329,11680.6,F,1,0.306989,0.316755,4835.5,248.754,F
2168,1,HappyBirthday,1083,1460,F,1,0.00234449,0.17014,1.09016,0.730419,F
2168,1,HappyBirthday,777,8030.49,M,1,0.0147103,17.4892,894.64,4.64991,F
2168,1,HappyBirthday,959,5475.96,M,1,0.250656,24.9566,3578.63,100.528,F
2169,1,HappyBirthday,802,2190.17,F,1,0.408006,0.643344,5672.05,169.349,F
2169,1,HappyBirthday,886,2555.74,M,1,0.0461941,0.169838,22.3733,14.9663,F
2170,1,HappyBirthday,1035,1825,M,1,0.292529,0.0360201,17032,303.94,F
2170,1,HappyBirthday,590,25550.7,M,1,0.000772816,1.30081,5.82829,0.241924,F
2171,1,HappyBirthday,596,21535.3,F,1,0.78669,0.151435,156.171,482.345,F
2171,1,HappyBirthday,679,5475.37,F,1,0.628533,1.72133,116.544,314.845,F
2172,1,HappyBirthday,407,19710.9,F,1,0.00284213,0.799347,19.8813,0.914868,F
2173,1,HappyBirthday,1175,730,F,1,0.0517142,5.9839,682.422,65.5792,F
2174,1,HappyBirthday,22,24820.7,F,1,0.023611,1.03401,0.019182,7.4267,F
2174,1,HappyBirthday,354,8760.35,F,1,0.00506426,0.372683,33.1015,1.65751,F
2174,1,HappyBirthday,970,8760.55,M,1,1.80955e-05,0.322259,1.1752,0.0056346,F
2175,1,HappyBirthday,335,2555.3,M,1,0.0728511,0.0941018,8.21347,23.5476,F
2176,1,HappyBirthday,413,5840.61,F,1,0.0596632,0.865309,4.71454,19.4595,F
2176,1,HappyBirthday,417,8395.05,M,1,0.245019,0.112014,5071.35,92.9293,F
2176,1,HappyBirthday,1084,1460,F,1,0.00564417,0.0955017,67.7487,1.94547,F
2176,1,HappyBirthday,969,10585.7,M,1,0.0700192,0.615674,6134.13,62.7272,F
2177,1,HappyBirthday,438,6205.04,M,1,0.000223809,4.87471,0.117186,0.06957,F
2177,1,HappyBirthday,709,12410.8,F,1,0.000245997,3.42331,112592,1.87043,F
2178,1,HappyBirthday,142,15330.3,M,1,0.0152035,9.93177,34.7884,5.09226,F
2178,1,HappyBirthday,263,22630.3,F,1,0.4343,1.87794,1246.79,258.469,F
2178,1,HappyBirthday,931,8395.08,M,1,0.127554,0.133772,46.4283,43.5391,F
2179,1,HappyBirthday,772,5110.85,F,1,0.00504513,0.124684,53.1069,1.72358,F
2179,1,HappyBirthday,897,21535.9,F,1,0.0015283,9.92545,3231.47,0.666077,F
2180,1,HappyBirthday,159,21535.1,F,1,0.00251975,7.52764,111829,26.0384,F
2180,1,HappyBirthday,427,4745.43,F,1,0.00077336,1.71388,140.223,0.300471,F
2180,1,HappyBirthday,1085,1460,F,1,0.00723106,0.217344,2835.15,3.01269,F
2180,1,HappyBirthday,722,24820.9,F,1,0.300107,0.0203575,26984.7,624.783,F
2181,1,HappyBirthday,1129,1095,F,1,3.49551e-05,0.0416155,15585.7,0.141657,F
2182,1,HappyBirthday,41,4745.64,F,1,1.99195e-07,0.0147216,18990.2,0.00107715,F
2182,1,HappyBirthday,1211,365,M,1,0.219943,0.028939,16.7861,82.3615,F
2182,1,HappyBirthday,431,9125.94,F,1,0.00390272,21.6337,1.48152,1.21806,F
2182,1,HappyBirthday,504,3650.46,F,1,0.238309,0.0747096,1195.39,85.2389,F
2185,1,HappyBirthday,765,13505.7,F,1,0.014245,0.269956,17.1351,4.75616,F
2185,1,HappyBirthday,909,18250.7,M,1,0.0026144,0.477611,2722.2,1.05051,F
2187,1,HappyBirthday,226,16425.5,M,1,0.0737014,0.989687,99656.3,393.114,F
2187,1,HappyBirthday,400,4015.56,M,1,0.00503255,0.016987,30.1808,1.62002,F
2187,1,Births,1243,0,M,0,0,0.0710308,0,0,F
2188,1,HappyBirthday,750,2190.65,F,1,0.04136,0.119129,338.056,20.5628,F
2188,1,Births,1244,0,F,0,0,0.227313,0,0,F
2189,1,HappyBirthday,583,2555.65,F,1,0.128433,0.0350516,49738.4,1319.36,F
2189,1,HappyBirthday,729,3285.85,M,1,0.00551892,0.0349007,442.792,1.92005,F
2189,1,HappyBirthday,985,14600.2,M,1,0.0645257,7.43113,3.37175,20.9318,F
2190,1,HappyBirthday,1087,1460,F,1,0.0038573,3.0204,99.6901,1.45647,F
2190,1,HappyBirthday,1086,1460,M,1,0.409371,1.46075,3.13257,164.314,F
2190,1,HappyBirthday,933,27740.9,F,1,0.00443803,0.643458,18.6209,1.51231,F
2191,1,HappyBirthday,937,13505.9,M,1,0.0621129,4.86106,277.574,27.9314,F
2193,1,HappyBirthday,1212,365,F,1,8.81651e-05,0.0346297,8565,0.585477,F
2193,1,HappyBirthday,114,2555.29,F,1,0.0570154,1.68488,7459.2,115.809,F
2193,1,HappyBirthday,240,3285.85,M,1,0.39236,0.572815,770.829,321.581,F
2193,1,HappyBirthday,289,3285.17,F,1,0.00191368,36.4114,63.9954,0.659572,F
2193,1,HappyBirthday,976,5840.38,M,1,0.0588863,0.278415,2.36792,19.0484,F
2194,1,HappyBirthday,1002,2190,F,1,0.00238119,0.132472,6.11014e-05,0.74089,F
2194,1,HappyBirthday,634,28470.3,M,1,0.0420076,0.116624,862.479,24.6146,F
2194,1,HappyBirthday,786,5110.15,M,1,0.314964,0.459545,975.244,120.13,F
2194,1,HappyBirthday,1037,1825,M,1,0.0138299,0.247835,262.384,5.36485,F
2195,1,HappyBirthday,64,14600.6,M,1,0.0145662,0.025381,2754.41,20.638,F
2195,1,HappyBirthday,610,28470.2,M,1,0.00296227,0.0627085,2.72051,0.922088,F
2195,1,HappyBirthday,893,11680.6,M,1,0.00316875,1.39302,119.483,1.2975,F
2195,1,HappyBirthday,920,2920.32,F,1,0.013069,0.929405,16.9305,4.13116,F
2196,1,HappyBirthday,459,9125.6,F,1,0.00236036,0.350161,14.0844,0.748344,F
2196,1,HappyBirthday,1213,365,M,1,0.00397095,0.0310514,12.0431,1.30607,F
2196,1,HappyBirthday,689,3650.4,F,1,0.0316784,0.374775,15.9525,10.5571,F
2196,1,HappyBirthday,778,4015.45,M,1,0.128726,1.41131,1.63293,42.9242,F
2196,1,HappyBirthday,977,4745.94,M,1,0.0193989,0.436136,4042.72,15.6263,F
2197,1,HappyBirthday,1130,1095,M,1,0.258141,0.347618,3902.24,1121.83,F
2198,1,HappyBirthday,190,10585.5,M,1,0.0364512,1.41229,17.1302,12.3452,F
2198,1,HappyBirthday,1214,365,M,1,0.00332839,0.269317,5.52675,1.04496,F
2199,1,HappyBirthday,68,5110.5,F,1,0.0169292,0.421305,4524.74,33.8937,F
2199,1,HappyBirthday,367,20075.4,F,1,0.347937,0.140065,209.733,137.055,F
2199,1,HappyBirthday,948,5475.26,M,1,0.179188,5.13769,239.661,85.8597,F
2200,1,HappyBirthday,1003,2190,M,1,0.0151445,4.41003,8.15898,4.74411,F
2201,1,HappyBirthday,247,2555.74,M,1,0.0167304,0.0870396,2921.19,10.6863,F
2201,1,HappyBirthday,597,9855.86,M,1,5.82083e-07,0.325179,0.44543,0.0001812,F
2201,1,HappyBirthday,1131,1095,F,1,0.000242368,0.573965,0,0.0752139,F
2202,1,HappyBirthday,57,9125.85,F,1,0.00524908,0.228891,0.0721796,1.63566,F
2203,1,HappyBirthday,643,6570.21,M,1,2.31067e-06,0.00693912,0.25672,0.00071612,F
2203,1,HappyBirthday,812,15330.8,M,1,0.00215031,1.26539,0.0087294,0.668825,F
2203,1,HappyBirthday,1215,365,F,1,0.00615979,18.2978,37.3525,2.24135,F
2204,1,HappyBirthday,91,5475.68,F,1,0.00990308,6.14852,229.424,4.06621,F
2204,1,HappyBirthday,254,8760.76,M,1,0.0894244,4.5426,19996.3,160.522,F
2204,1,HappyBirthday,476,6570.8,F,1,0.0189628,0.70323,41.3034,6.40675,F
2204,1,HappyBirthday,1132,1095,F,1,0.0577867,4.07665,43.6918,19.8421,F
2204,1,HappyBirthday,1088,1460,M,1,0.0345315,1.51468,14.1502,11.3888,F
2205,1,HappyBirthday,136,5110.54,F,1,0.000286239,0.236868,0,0.0889986,F
2206,1,HappyBirthday,538,14600.7,M,1,0.00338829,1.65382,17.1582,1.12241,F
2206,1,HappyBirthday,1216,365,F,1,0.64899,0.0452489,237.722,462.786,F
2207,1,HappyBirthday,339,21170.2,F,1,0.171959,0.0348634,10509.2,150.929,F
2207,1,HappyBirthday,402,4745.04,F,1,0.0855929,6.54268,51.2711,33.1079,F
2208,1,HappyBirthday,436,10950.3,F,1,0.000591136,0.916372,6474.24,1.69501,F
2208,1,HappyBirthday,915,4380.13,F,1,0.000459406,1.06038,0.219146,0.14268,F
2209,1,HappyBirthday,288,2920.49,F,1,0.00532552,0.114014,3338.84,3.78887,F
2210,1,HappyBirthday,38,33945,F,1,0.705872,1.33259,125.768,532.7,F
2210,1,HappyBirthday,1133,1095,M,1,0.00327504,55.1878,93.5243,1.14204,F
2210,1,HappyBirthday,1038,1825,M,1,0.00941797,0.463686,83.55,3.72164,F
2211,1,HappyBirthday,79,20440.7,F,1,0.415636,0.710741,13236.2,382.922,F
2211,1,HappyBirthday,668,8395.06,M,1,0.000143696,0.262011,8481.72,0.26479,F
2211,1,HappyBirthday,702,5840.51,M,1,0.000305516,2.87141,33253.1,2.21403,F
2212,1,HappyBirthday,217,2555.57,F,1,0.160714,1.90953,420.878,54.4674,F
2212,1,HappyBirthday,1039,1825,F,1,0.000572428,0.558133,6.93046,0.18417,F
2212,1,HappyBirthday,815,2920.19,M,1,0.790664,0.0575992,3.06913,487.627,F
2212,1,HappyBirthday,904,5110.02,F,1,0.0260887,2.46074,249.33,12.7525,F
2213,1,HappyBirthday,794,3650.33,M,1,0.268788,0.110224,190.177,136.053,F
2213,1,HappyBirthday,817,8760.74,F,1,0.00311764,2.41939,144421,28.4099,F
2213,1,HappyBirthday,983,6205.53,F,1,0.00593148,0.26894,78.8369,2.383,F
2214,1,HappyBirthday,1177,730,F,1,0.00125923,0.286326,27.4903,0.422413,F
2214,1,HappyBirthday,246,12045.6,M,1,0.00861401,0.449652,104.679,3.0178,F
2214,1,HappyBirthday,947,2556,M,1,0.182297,0.904032,36435.4,1632.82,F
2215,1,HappyBirthday,796,21535.2,M,1,0.50806,1.36399,70.1627,280.41,F
2215,1,HappyBirthday,932,14235.7,F,1,0.0135555,31.3586,7898.85,5.03687,F
2215,1,HappyBirthday,945,5110.8,M,1,0.00273827,0.252759,473.319,0.979901,F
2215,1,Births,1245,0,F,0,0,0.0736513,0,0,F
2216,1,HappyBirthday,998,14600.3,F,1,0.00119584,0.764472,36.5177,0.39509,F
2216,1,HappyBirthday,1004,2190,F,1,0.00248193,0.188534,0.169144,0.772554,F
2217,1,HappyBirthday,1134,1095,F,1,0.00581215,0.0396922,0.301789,1.81233,F
2217,1,HappyBirthday,515,6935.96,M,1,3.68276e-06,1.09523,6907.86,0.02146,F
2217,1,HappyBirthday,1217,365,F,1,0.000127858,0.0804867,11.2601,0.0417569,F
2217,1,HappyBirthday,1005,2190,F,1,0.165928,0.333006,202.381,72.3029,F
2218,1,HappyBirthday,59,4380.47,F,1,0.000355876,0.059238,26.9528,0.115808,F
2218,1,HappyBirthday,272,30295.7,F,1,0.00853815,1.69459,0.0695248,2.66496,F
2218,1,HappyBirthday,1040,1825,M,1,0.123577,0.648244,262.602,45.3937,F
2218,1,HappyBirthday,905,36135.3,F,1,0.701016,5.37985,135.839,460.196,F
2219,1,HappyBirthday,125,10950.1,M,1,0.000296619,2.14531,1017.84,0.158121,F
2219,1,HappyBirthday,1006,2190,M,1,0.139089,0.028696,710.89,89.3799,F
2220,1,HappyBirthday,1089,1460,F,1,0.000269268,0.0221441,4.2876e-06,0.0836997,F
2220,1,HappyBirthday,638,7665.95,M,1,0.129345,4.46427,13.2641,43.049,F
2221,1,HappyBirthday,163,22265.4,M,1,0.553876,1.18129,581.452,263.77,F
2221,1,HappyBirthday,699,24455.4,M,0,0,0.0357616,0,0,F
2222,1,HappyBirthday,170,24455.8,M,1,4.40369e-05,1.23344,172800,0.416435,F
2222,1,HappyBirthday,279,14600.1,M,1,0.10791,0.556657,0.393009,35.4866,F
2222,1,HappyBirthday,908,2920.49,M,1,0.130206,0.0397706,3.34169,43.3679,F
2223,1,HappyBirthday,2,18980.5,M,1,0.629005,0.221124,1534.36,337.258,F
2223,1,HappyBirthday,1041,1825,F,1,0.549338,16.5508,1.63713,248.272,F
2223,1,HappyBirthday,860,11680.5,M,1,0.00304657,0.647306,156.69,1.05812,F
2224,1,HappyBirthday,338,2920.43,M,1,0.00320803,0.512595,89.5645,1.12787,F
2225,1,HappyBirthday,318,9125.88,F,1,0.179841,6.61194,3359.47,266.48,F
2226,1,HappyBirthday,320,12410.1,M,1,0.00158884,1.10344,3782.31,2.15756,F
2226,1,HappyBirthday,374,4380.08,F,1,0.0249813,0.0621178,3.97695,7.90461,F
2226,1,HappyBirthday,711,2920.38,M,1,0.00140136,0.879059,977.07,2.04683,F
2227,1,HappyBirthday,789,9855.24,F,1,0.430914,0.207316,57.1693,212.517,F
2227,1,HappyBirthday,1007,2190,M,1,0.113492,0.761549,40.7512,42.2235,F
2227,1,HappyBirthday,848,6935.67,M,1,0.000416502,0.184213,5.30947,0.129688,F
2228,1,HappyBirthday,119,14965.5,F,1,0.000469107,1.10989,13.568,0.153009,F
2228,1,HappyBirthday,306,14965.4,F,1,0.795688,0.972136,20.8156,504.59,F
2228,1,HappyBirthday,398,9855.92,F,1,0.204195,6.48417,89.26,80.4598,F
2229,1,HappyBirthday,67,12045.1,M,1,0.000737837,0.301421,18.6302,0.249332,F
2229,1,HappyBirthday,73,2920.66,F,1,0.0105907,0.138893,399.141,3.69021,F
2229,1,HappyBirthday,616,8760.1,F,1,0.000156689,2.59505,1812.22,0.343886,F
2229,1,HappyBirthday,961,2555.35,M,1,0.0202982,10.41,74.3252,7.68677,F
2230,1,HappyBirthday,1042,1825,M,1,0.0103374,0.450078,394.881,3.24398,F
2230,1,HappyBirthday,250,14965.4,M,1,0.244043,1.74654,10544.8,698.498,F
2230,1,HappyBirthday,390,25915.9,M,1,0.000671415,0.251547,45.5178,0.226513,F
2230,1,HappyBirthday,660,2920.48,M,1,0.00244335,0.586815,0.588276,0.760338,F
2230,1,HappyBirthday,731,4015.42,M,1,0.00564467,1.13363,29.6174,1.84876,F
2231,1,HappyBirthday,39,16425.6,F,1,0.013409,0.732777,178.034,4.40139,F
2231,1,HappyBirthday,1218,365,F,1,0.00205195,0.212576,48.9146,0.753221,F
2231,1,HappyBirthday,148,19345.7,F,1,0.000104116,1.02562,0.0830082,0.0323528,F
2231,1,HappyBirthday,483,8760.89,F,1,0.0488902,0.22058,0.142736,15.5808,F
2232,1,HappyBirthday,76,12046,M,1,0.0680634,2.59927,3776.47,63.7419,F
2232,1,HappyBirthday,1135,1095,F,1,0.000216028,2.9684,2019.64,0.168981,F
2232,1,HappyBirthday,669,17155.3,F,1,0.0374629,3.84135,2490.3,12.0618,F
2233,1,HappyBirthday,769,17155.1,M,1,0.000559711,0.68114,2.28797,0.174667,F
2234,1,HappyBirthday,1136,1095,M,1,0.000579025,0.129918,15.6076,0.192526,F
2234,1,HappyBirthday,1179,730,F,1,0.000262518,0.752555,562.593,0.147277,F
2234,1,HappyBirthday,588,9490.75,M,1,0.0253598,5.07604,718.381,8.16599,F
2234,1,HappyBirthday,880,5110.71,F,1,0.117674,0.203464,0.0151229,38.9089,F
2234,1,HappyBirthday,1043,1825,F,1,5.21956e-05,0.136316,139.945,0.0246752,F
2235,1,HappyBirthday,75,16060.9,M,1,0.00325941,1.02768,91702.1,21.8365,F
2235,1,HappyBirthday,204,6205.55,F,1,0.00777895,0.675769,899.162,5.68935,F
2235,1,HappyBirthday,457,10950,F,1,0.863597,0.172218,51.759,621.919,F
2235,1,HappyBirthday,636,16060.6,F,1,0.00380977,0.739329,75.4837,1.29412,F
2235,1,HappyBirthday,840,10950.2,M,1,0.0258302,3.44752,187.863,9.85706,F
2235,1,HappyBirthday,995,16425.9,M,1,0.00143252,0.243228,0.0013062,0.44551,F
2236,1,HappyBirthday,72,6935.34,F,1,0.000333545,1.0538,1238.79,0.234733,F
2236,1,HappyBirthday,249,14965.4,F,1,0.637785,0.080708,41.0996,320.448,F
2236,1,HappyBirthday,950,8395.2,M,1,0.0228756,74.0963,202.611,12.8053,F
2237,1,HappyBirthday,285,6205.07,M,1,0.0400279,0.702875,3748.47,49.6612,F
2237,1,HappyBirthday,1044,1825,F,1,0,0.0962862,0.165933,0,F
2238,1,HappyBirthday,26,8030.79,F,1,0.0106363,1.84338,22.9653,3.42065,F
2238,1,HappyBirthday,45,16790.1,M,1,0.0375957,2.18456,1114.23,12.471,F
2238,1,HappyBirthday,99,5475.56,M,1,0.00105552,3.48162,36.3144,0.345012,F
2238,1,HappyBirthday,523,4745.24,F,1,0.0038225,4.14342,18.0132,1.21776,F
2238,1,HappyBirthday,719,5110.9,F,1,5.3796e-06,0.429857,1965.4,0.00610092,F
2238,1,HappyBirthday,1045,1825,M,1,0.00527366,4.66025,255.327,2.38828,F
2239,1,HappyBirthday,635,20440.1,M,1,6.63084e-05,1.83293,8790.17,0.41403,F
2239,1,HappyBirthday,1219,365,F,1,0.00703508,0.763375,0.000306467,2.19466,F
2240,1,HappyBirthday,23,8395.02,F,1,0.00185483,13.8089,50.1405,0.605052,F
2242,1,HappyBirthday,355,19345.4,F,1,4.0521e-06,1.79015,3.29061,0.001275,F
2242,1,HappyBirthday,381,21900.6,F,1,0.085274,0.710209,933.215,36.3729,F
2242,1,HappyBirthday,1008,2190,F,1,0.0972863,0.0580925,145.003,41.6136,F
2242,1,HappyBirthday,1090,1460,M,1,0.0341285,0.0378566,2.42598,10.8115,F
2243,1,HappyBirthday,97,5110.96,F,1,0.000780688,0.0440855,140.811,0.293267,F
2243,1,HappyBirthday,201,2555.97,F,1,0.00193496,1.89933,1.13649,0.602213,F
2243,1,HappyBirthday,451,3285.92,M,1,0.789089,4.39142,36.7521,551.265,F
2243,1,HappyBirthday,594,4015.45,M,1,0.852427,13.2012,118.686,665.227,F
2243,1,HappyBirthday,641,10950.7,F,1,0.157689,0.121305,5247.51,419.872,F
2244,1,HappyBirthday,253,5840.18,M,1,0.0109019,1.85063,23.4929,3.80989,F
2244,1,HappyBirthday,600,10950.9,F,1,0.369272,0.230123,16040.2,968.543,F
2244,1,HappyBirthday,1009,2190,M,1,0.000570171,0.312339,5328.07,0.501468,F
2244,1,HappyBirthday,841,13505.7,F,1,0.127914,1.13874,32.6583,44.6564,F
2245,1,HappyBirthday,479,4015.94,F,1,0.000390703,0.258122,27874.2,0.406242,F
2245,1,HappyBirthday,517,14600.1,M,1,0.00157553,0.126508,38.2559,0.551881,F
2245,1,HappyBirthday,1091,1460,M,1,0.00084473,0.0477588,0.0409216,0.262982,F
2246,1,HappyBirthday,52,6935.89,F,1,0.000330047,0.0931386,102.185,0.120659,F
2246,1,HappyBirthday,1046,1825,M,0,0,0.0223094,0,0,F
2246,1,HappyBirthday,478,4745.62,M,1,0.00192747,0.60944,43.6221,0.62658,F
2246,1,HappyBirthday,506,4745.39,M,1,0.000131087,0.170232,4.61277,0.0410349,F
2246,1,HappyBirthday,524,13140.2,F,1,0.00823825,6.34867,3.33037,2.57116,F
2247,1,HappyBirthday,388,10950.4,M,1,0.086438,0.0354499,3.72423,28.1191,F
2247,1,HappyBirthday,623,8760.73,M,1,0.00177544,2.58548,348.469,0.835642,F
2247,1,HappyBirthday,627,16425.4,F,1,0.00323331,0.326927,0.333579,1.00684,F
2247,1,HappyBirthday,728,3650.03,F,1,0.207224,0.139277,36.9366,82.6889,F
2247,1,HappyBirthday,748,2555.8,M,1,0.00678297,1.1774,1010.96,10.2486,F
2248,1,HappyBirthday,1092,1460,M,1,0.0461031,2.76684,55.3242,17.9488,F
2248,1,HappyBirthday,1180,730,F,1,0.00104436,0.14979,1.57385,0.325433,F
2249,1,HappyBirthday,1047,1825,F,1,0.0169032,18.9528,30.4277,6.04513,F
2249,1,HappyBirthday,1181,730,M,1,0.158432,0.189509,653.479,56.4067,F
2249,1,HappyBirthday,348,2555.5,F,1,6.58091e-05,0.0784717,27682,0.0458994,F
2249,1,HappyBirthday,790,4380.85,M,1,0.0160098,0.816638,4.74651,5.05631,F
2250,1,HappyBirthday,422,31755.3,M,1,0.000649411,0.102022,21.8648,0.208183,F
2250,1,HappyBirthday,677,13140.2,F,1,0.0600937,1.55792,31.6565,19.2669,F
2250,1,HappyBirthday,906,8030.9,M,1,0.00544778,0.739228,34.7485,1.7727,F
2251,1,HappyBirthday,410,15695.1,F,1,0.0590027,0.153347,13486.9,541.885,F
2251,1,HappyBirthday,889,3650.11,F,1,0.00111392,3.44218,17075,0.546205,F
2252,1,HappyBirthday,24,21170.2,M,1,0.00277986,1.20554,50222.7,3.72337,F
2252,1,HappyBirthday,93,11680,F,1,0,0.244619,0,0,F
2252,1,HappyBirthday,1138,1095,F,1,0.00728359,0.126394,45016.7,38.6193,F
2252,1,HappyBirthday,921,4015.9,M,1,0.0289856,1.73964,24.6523,10.2463,F
2253,1,HappyBirthday,940,9125.43,M,1,0.243264,0.264087,7.80054,88.0334,F
2254,1,HappyBirthday,224,4380.43,F,1,0.0496594,0.160292,693.222,16.2518,F
2254,1,HappyBirthday,741,10950.6,F,1,0.448441,2.20338,9638.98,1744.03,F
2254,1,HappyBirthday,825,6570.07,M,1,0.11201,2.13403,810.531,41.6409,F
2255,1,HappyBirthday,474,2555.96,M,1,4.41704e-05,0.204401,2062.95,0.0546754,F
2255,1,HappyBirthday,743,3650.84,M,1,0.00857375,0.463941,14.9841,2.86252,F
2255,1,HappyBirthday,1139,1095,F,0,0,0.0471838,0,0,F
2255,1,HappyBirthday,875,3650.93,F,1,0.00107879,0.0761282,17.8356,0.365683,F
2256,1,HappyBirthday,198,3285.94,M,1,0.0064363,1.83704,0.595178,2.01272,F
2256,1,HappyBirthday,901,8030.22,F,1,0.00219903,0.805792,23.8893,0.688206,F
2256,1,HappyBirthday,914,10585.2,M,1,0.0034751,1.86217,52.1286,1.08422,F
2257,1,HappyBirthday,385,6935.3,F,1,1.61605e-05,0.369469,19954.4,0.0872404,F
2258,1,HappyBirthday,268,7300.79,F,1,0.21278,0.341907,236.504,74.3535,F
2258,1,HappyBirthday,928,28105.5,F,1,0.189108,1.64098,0.790344,65.2862,F
2258,1,Births,1246,0,F,0,0,0.0595705,0,0,F
2258,1,Births,1247,0,F,0,0,0.0721088,0,0,F
2259,1,HappyBirthday,582,4380.01,F,1,0.00922417,1.12258,39240.7,35.8219,F
2261,1,HappyBirthday,140,20440.5,M,1,0.000938086,5.79576,3.54657,0.291918,F
2262,1,HappyBirthday,439,16425.5,M,1,0.00217528,6.76589,57434.2,22.5412,F
2262,1,HappyBirthday,1011,2190,F,1,9.06758e-07,0.121017,13251.3,0.0079075,F
2262,1,HappyBirthday,1220,365,M,1,0.104915,0.120882,39545.4,265.947,F
2263,1,HappyBirthday,389,8030.39,F,1,0.391604,1.80865,491.511,164.114,F
2263,1,HappyBirthday,640,6570.91,F,1,0.000145568,16.8713,9.54576,0.046283,F
2263,1,HappyBirthday,675,7300.74,F,1,0,0.0528213,87.3665,0,F
2263,1,HappyBirthday,771,22630.8,M,1,0.0924825,5.44196,697.983,31.9802,F
2264,1,HappyBirthday,282,24455.3,M,1,0,0.256397,0,0,F
2264,1,HappyBirthday,425,26645.4,M,1,0.59914,0.531306,1578.68,309.705,F
2264,1,HappyBirthday,498,7665.31,M,1,0.0603106,0.0922723,6.0344,19.8433,F
2264,1,HappyBirthday,508,11315.5,M,1,0.000213937,0.728251,54964.2,0.283277,F
2264,1,HappyBirthday,535,2920.74,F,1,0.0256935,0.445101,43.6872,9.4589,F
2264,1,HappyBirthday,849,2555.16,M,1,0.0243427,25.7412,10716,9.83925,F
2264,1,HappyBirthday,1048,1825,M,1,0.12494,2.97723,217.726,70.8239,F
2265,1,HappyBirthday,1140,1095,M,1,0.00245039,0.0796514,7.27816,0.788419,F
2266,1,HappyBirthday,1221,365,F,1,0,0.00875249,9.66101,0,F
2266,1,HappyBirthday,501,22265.3,F,1,0.103306,0.217976,117.081,42.974,F
2266,1,HappyBirthday,946,6205.25,M,1,0.0123348,8.51108,4.07371,3.928,F
2267,1,HappyBirthday,233,8030.08,F,1,0.0156276,0.0835456,1251.87,7.10474,F
2267,1,HappyBirthday,347,8760.09,M,1,0.00150685,0.0955222,8394.65,4.76597,F
2267,1,HappyBirthday,420,14965.7,M,1,0.00853802,1.17227,1001.9,5.99557,F
2267,1,HappyBirthday,449,7665.46,F,1,0.179513,4.75922,175.137,73.7549,F
2268,1,HappyBirthday,88,7665.34,F,1,0.0781938,0.546295,14.8457,25.409,F
2269,1,HappyBirthday,378,2555.45,F,1,0.218491,7.39741,50116.5,637.893,F
2269,1,HappyBirthday,795,5110.67,F,1,0.0671081,0.134274,277.132,29.6289,F
2269,1,HappyBirthday,917,6935.9,M,1,0.00244131,28.7242,59948.2,6.73143,F
2269,1,HappyBirthday,960,2920.91,F,1,0.0881386,2.94186,1387.27,29.7003,F
2270,1,HappyBirthday,1049,1825,M,1,0.00216928,0.823947,33538.6,3.18989,F
2271,1,HappyBirthday,55,5110.7,F,1,0.0214774,0.774152,3.12546,6.78282,F
2271,1,HappyBirthday,776,10950.3,M,1,0.171249,0.0933464,1673.5,59.5777,F
2271,1,HappyBirthday,821,26645.6,F,1,4.09068e-05,0.252957,232.656,0.024824,F
2271,1,Births,1248,0,F,0,0,0.0187252,0,0,F
2272,1,HappyBirthday,116,9490.97,F,1,0.180819,0.983316,51.6598,72.6146,F
2272,1,HappyBirthday,1182,730,F,1,0.768763,3.24665,82.6075,497.548,F
2272,1,HappyBirthday,432,7300.86,M,1,0.00163453,0.393267,54.434,0.587508,F
2273,1,HappyBirthday,172,8760.68,F,1,0.0651876,9.56882,22.7437,22.7083,F
2273,1,HappyBirthday,1222,365,M,1,0.718721,0.718773,14958.6,1387.34,F
2276,1,HappyBirthday,137,11681,F,1,0.000468725,0.78456,0.62414,0.146226,F
2276,1,HappyBirthday,245,30661,F,1,0.00730472,75.1193,2.12863,2.29942,F
2276,1,HappyBirthday,549,11315.6,F,1,0.0019768,0.0612605,21.5593,0.653466,F
2276,1,HappyBirthday,752,31025.3,M,1,0.00553152,5.35639,200.213,2.18102,F
2276,1,Births,1249,0,M,0,0,0.19346,0,0,F
2277,1,HappyBirthday,453,33580.5,F,1,0.0205926,1.20281,575.146,19.8831,F
2277,1,HappyBirthday,1050,1825,M,1,0.124557,15.9617,742.082,48.7642,F
2278,1,HappyBirthday,283,3285.8,M,1,0.00230273,0.0679601,11627,17.5046,F
2280,1,HappyBirthday,440,4745.07,M,1,0.0826738,9.17476,213.786,36.5855,F
2280,1,HappyBirthday,580,5840.03,M,1,0.749397,0.162205,25.2386,477.088,F
2281,1,HappyBirthday,532,18980.9,F,1,5.46311e-05,0.244723,60259,0.359311,F
2281,1,HappyBirthday,1094,1460,M,1,0.792005,0.0313942,2202.7,527.332,F
2282,1,HappyBirthday,791,13505.2,M,1,4.81178e-05,1.63553,8294.21,0.0191578,F
2284,1,HappyBirthday,1141,1095,M,1,0.793248,0.716191,2411.32,966.636,F
2284,1,HappyBirthday,1012,2190,M,1,0.107967,0.0553644,18036,581.761,F
2284,1,HappyBirthday,568,22630.6,M,1,0,0.0351957,0.246973,0,F
2284,1,HappyBirthday,652,2920.71,M,1,0.000131388,2.58348,0,0.0408363,F
2284,1,HappyBirthday,1051,1825,M,1,0.182234,0.230567,24.4728,69.6667,F
2286,1,HappyBirthday,12,3285.8,F,1,7.0225e-05,0.183305,3093.33,0.228212,F
2286,1,HappyBirthday,63,6570.31,F,1,0.00402877,0.561703,10.3249,1.27695,F
2287,1,HappyBirthday,705,7300.61,F,1,0.133276,0.0903443,1.04027,44.5831,F
2287,1,Births,1250,0,F,0,0,0.00439304,0,0,F
2288,1,HappyBirthday,1183,730,F,1,0.563841,0.387369,321.397,565.412,F
2288,1,HappyBirthday,913,14600.8,F,1,0.00328466,1.65213,57.3625,1.10776,F
2288,1,HappyBirthday,958,9490.28,F,1,0.14825,1.45185,41.5875,54.9762,F
2289,1,HappyBirthday,1095,1460,M,1,0.00645212,2.92297,109.807,2.82902,F
2290,1,HappyBirthday,227,8760.31,M,1,0.0839791,5.92729,122.991,32.1976,F
2290,1,HappyBirthday,248,10585.8,M,1,0.136657,2.23253,145.062,69.2967,F
2290,1,HappyBirthday,631,5110.64,M,1,0.297751,0.042323,2091.68,204.918,F
2291,1,HappyBirthday,1096,1460,F,1,0.110806,0.075555,95.4179,39.737,F
2291,1,HappyBirthday,135,7300.13,F,1,0.235649,7.30934,54577.1,1057.31,F
2291,1,HappyBirthday,693,5840.41,F,1,0.000354503,0.358705,12.5427,0.116721,F
2292,1,HappyBirthday,286,5475.05,M,1,0.0122404,0.452283,8620.78,72.5221,F
2292,1,HappyBirthday,310,4015.52,M,1,0.116488,0.54541,12.2865,39.1537,F
2292,1,HappyBirthday,376,7300.36,M,1,0.0141178,18.0685,5.90894,4.54533,F
2292,1,HappyBirthday,585,9855.33,F,1,0.00792913,5.32746,13100.5,4.11708,F
2292,1,HappyBirthday,975,26280,M,1,0.623315,0.10496,3545.22,399.939,F
2293,1,HappyBirthday,624,10220.3,F,1,0.00044496,0.208911,0.0149356,0.138335,F
2294,1,HappyBirthday,244,21170.3,F,1,0.0909449,0.280705,1623.07,36.2821,F
2294,1,HappyBirthday,309,6570.15,M,1,0.899838,0.305009,41.1857,780.84,F
2294,1,HappyBirthday,1013,2190,M,1,0.000465024,0.436544,31.0514,0.151959,F
2296,1,HappyBirthday,331,16790.3,F,1,0.0119046,2.53454,24.6595,3.84781,F
2296,1,HappyBirthday,630,15695.8,F,1,0.00516467,1.23455,202.184,2.59799,F
2296,1,HappyBirthday,811,8760.91,M,1,0.0951996,0.0829854,553.434,57.5671,F
2296,1,HappyBirthday,1097,1460,M,1,0.00406021,0.0490118,0.0328759,1.26471,F
2296,1,HappyBirthday,1142,1095,F,1,0.340975,0.798327,22632.4,871.192,F
2297,1,HappyBirthday,1014,2190,M,1,0.403408,0.868155,4867.34,198.201,F
2297,1,HappyBirthday,953,4745.73,F,1,0.015752,1.08541,2044.49,5.01942,F
2298,1,HappyBirthday,102,15695.4,F,1,0.0436347,0.117465,0.0361692,13.8671,F
2298,1,HappyBirthday,520,12410.7,F,1,0.45992,1.97955,18024,503.824,F
2299,1,HappyBirthday,273,17885.7,M,1,0.0580185,3.77314,6.43162,18.6432,F
2299,1,HappyBirthday,395,20440.4,F,1,0.00320934,1.78104,627.017,1.20276,F
2299,1,HappyBirthday,1098,1460,M,1,0.134077,5.01713,32.7914,51.6815,F
2299,1,HappyBirthday,1184,730,F,1,0.00151003,0.191437,1.15865e-05,0.469559,F
2300,1,HappyBirthday,127,10585,F,1,0.00991881,20.2966,0.070788,3.09799,F
2300,1,HappyBirthday,505,4015.94,M,1,0.363805,2.81967,2325.57,145.367,F
2300,1,HappyBirthday,521,4015.25,F,1,0.00924299,4.93119,107.375,3.21977,F
2300,1,HappyBirthday,613,19710.1,F,1,0.0985028,0.0292599,29.9956,32.7187,F
2300,1,HappyBirthday,1143,1095,M,1,0.21848,0.26704,175.976,97.0365,F
2300,1,HappyBirthday,746,3650.76,M,1,0.0661424,0.784642,16.9876,21.9283,F
2301,1,HappyBirthday,14,3650.71,M,1,0.292469,2.05026,29.4899,108.058,F
2301,1,HappyBirthday,1099,1460,M,1,0.806225,0.0732847,839.039,535.383,F
2301,1,HappyBirthday,663,31755.2,F,1,0.428471,23.5424,34.0908,201.864,F
2301,1,HappyBirthday,698,4745.83,M,1,0.00043539,1.75261,5.25563e-06,0.135292,F
2301,1,HappyBirthday,900,14965.5,M,1,0.00281317,2.71848,4.12945,0.884498,F
2301,1,HappyBirthday,1052,1825,M,1,0.0743911,0.401873,14993.1,70.9008,F
2301,1,Births,1251,0,M,0,0,1.54593,0,0,F
2303,1,HappyBirthday,129,6205.54,F,1,0.161318,2.73796,267.995,106.191,F
2303,1,HappyBirthday,1185,730,F,1,0.00149444,0.56204,38.6651,0.546084,F
2303,1,HappyBirthday,683,26645.2,F,1,0.000948042,0.020728,45.7185,0.318579,F
2303,1,HappyBirthday,833,8395.47,M,1,0.0762182,0.648667,2119.37,112.329,F
2304,1,HappyBirthday,74,16425.2,M,1,0.0628134,0.89628,136.115,24.939,F
2304,1,HappyBirthday,162,6935.08,M,1,0.073394,0.507584,10518.3,34.0142,F
2304,1,HappyBirthday,650,10220.7,F,1,0.579192,5.63484,3035.51,366.601,F
2304,1,Births,1252,0,M,0,0,0.0200588,0,0,F
2305,1,HappyBirthday,113,16060.9,M,1,0.00110746,0.216239,184.464,0.535048,F
2305,1,HappyBirthday,231,27011,F,1,0.00945287,13.7165,5.94097,2.95455,F
2305,1,HappyBirthday,303,5840.11,M,1,0.0368224,0.993003,70.7522,11.6767,F
2305,1,HappyBirthday,323,18250.3,M,1,0.176469,0.130562,2164.65,333.767,F
2305,1,HappyBirthday,691,14600.7,F,1,0.254028,0.23536,217.748,111.382,F
2306,1,HappyBirthday,1053,1825,M,1,0.481543,0.425889,73.881,220.82,F
2306,1,HappyBirthday,295,19710.4,F,1,0.268016,2.56976,92.892,119.067,F
2307,1,HappyBirthday,806,33215,M,1,0.324407,0.151861,920.509,123.785,F
2308,1,HappyBirthday,967,18615.9,M,1,6.15867e-05,2.58951,7549.51,0.38093,F
2309,1,Births,1253,0,F,0,0,0.288623,0,0,F
2310,1,HappyBirthday,337,7300.16,F,1,0.00572109,0.458917,162.802,2.98788,F
2310,1,HappyBirthday,609,4380.03,M,1,0.936685,0.717415,777.791,1292.43,F
2310,1,HappyBirthday,622,10586,M,1,0.000328879,0.458473,158755,2.96385,F
2310,1,HappyBirthday,785,20805.2,M,1,0.158811,1.36058,3902.25,63.0442,F
2310,1,HappyBirthday,856,10950.9,F,1,0.693696,0.973528,26.6278,382.58,F
2311,1,HappyBirthday,160,16790.7,F,1,0.0154939,0.18175,8.91978,4.85598,F
2311,1,HappyBirthday,475,13870.6,F,1,0.00904428,0.332553,171.606,5.01319,F
2311,1,HappyBirthday,1144,1095,F,1,0.272795,0.091608,1726.35,119.474,F
2311,1,HappyBirthday,822,7665.78,F,1,0.0870234,0.60715,197.908,40.4138,F
2312,1,HappyBirthday,212,5840.34,M,1,0.0120219,3.07336,17.9523,3.80272,F
2312,1,HappyBirthday,1223,365,M,1,0.00270354,0.949547,14.5542,0.859258,F
2313,1,HappyBirthday,108,24455.7,M,1,0.875897,0.593477,291.311,765.414,F
2313,1,HappyBirthday,174,13140.7,M,1,1.65756e-05,0.195667,94304.2,0.14536,F
2313,1,Births,1254,0,M,0,0,0.0115187,0,0,F
2314,1,HappyBirthday,1054,1825,M,1,0.0839461,0.0807298,3288.12,74.2187,F
2315,1,HappyBirthday,1224,365,F,1,0.487683,0.0144485,6136.54,685.835,F
2315,1,HappyBirthday,406,6205.82,F,1,0.0153622,1.4759,4854.01,10.7182,F
2315,1,HappyBirthday,706,8395.79,F,1,0.00194131,3.67628,20204.7,2.30391,F
2315,1,HappyBirthday,872,12410.2,F,1,0.817705,18.5261,433.791,589.914,F
2315,1,HappyBirthday,923,8760.19,F,1,0.70021,8.83482,5773.38,579.635,F
2315,1,HappyBirthday,1056,1825,F,1,0.327857,0.414913,4.10255,125.731,F
2316,1,HappyBirthday,1186,730,F,1,0.0206506,2.40365,97963.7,149.96,F
2317,1,HappyBirthday,27,2555.37,M,1,0.0749805,12.0052,57.8092,24.2299,F
2317,1,HappyBirthday,112,16790.8,F,1,0.368349,0.402869,31.808,150.503,F
2317,1,HappyBirthday,259,2920.97,M,1,0.503395,0.0519471,141.184,230.696,F
2317,1,HappyBirthday,308,4745.75,F,1,0.0383672,0.0455316,0.175015,12.1619,F
2317,1,HappyBirthday,1225,365,F,1,0.109637,0.0665089,7.18824,37.1935,F
2317,1,HappyBirthday,781,20805.5,M,1,0.173858,0.104568,480.735,94.6069,F
2317,1,HappyBirthday,1057,1825,F,1,0.0706148,1.07666,3815.36,131.677,F
2318,1,HappyBirthday,207,8395.97,M,1,0.000402707,3.08413,20.9142,0.125251,F
2318,1,HappyBirthday,1226,365,M,1,0.18553,0.105387,52106.7,1330.64,F
2319,1,HappyBirthday,169,14600,M,1,0.00529364,0.208304,69.3414,1.82899,F
2319,1,HappyBirthday,229,7300.56,M,1,0.067257,0.905275,49.1132,26.5012,F
2319,1,HappyBirthday,297,8395.68,F,1,0.0376592,1.05795,17.097,12.6827,F
2319,1,HappyBirthday,334,4745.93,M,1,0.752739,0.679119,51.0046,448.5,F
2319,1,HappyBirthday,1145,1095,M,1,0.178553,1.10546,31484.2,1420.79,F
2319,1,HappyBirthday,618,10951,F,1,0.000957194,1.51073,386.525,0.75751,F
2319,1,Births,1255,0,F,0,0,0.168122,0,0,F
2320,1,HappyBirthday,834,13870.9,M,1,0.0992373,2.75826,84.2389,35.9273,F
2320,1,HappyBirthday,1015,2190,F,1,0.129449,7.21739,2743.79,167.175,F
2321,1,HappyBirthday,311,4015.33,M,1,0.00095465,0.153051,10.2211,0.31089,F
2321,1,HappyBirthday,1058,1825,F,1,0.0174722,0.0177775,5.60295,5.60126,F
2321,1,HappyBirthday,499,24820.7,M,1,0.285696,0.219176,174.301,157.655,F
2321,1,HappyBirthday,797,2555.21,F,1,0.118365,1.08628,2327.91,140.139,F
2321,1,HappyBirthday,851,14600.4,F,1,0.0003607,0.141408,241.325,0.149063,F
2321,1,HappyBirthday,919,22995.3,M,1,0.208627,0.237476,3649.52,219.586,F
2322,1,HappyBirthday,740,6935.84,F,1,0.547294,0.371386,174.081,314.619,F
2323,1,HappyBirthday,173,2920.3,M,1,0.000263041,0.011113,23557.8,0.683779,F
2323,1,HappyBirthday,1060,1825,F,1,0.0108148,0.0520334,5114.67,10.5748,F
2323,1,HappyBirthday,462,12775.4,F,1,0.240705,0.30831,141.547,93.0966,F
2323,1,HappyBirthday,883,6570.98,M,1,0.337989,1.91456,20635.6,386.413,F
2323,1,HappyBirthday,973,3650.17,M,1,0.00132814,0.892915,46.5796,0.454028,F
2323,1,HappyBirthday,1059,1825,F,1,0.166157,0.0434712,44.5685,68.6546,F
2324,1,HappyBirthday,1016,2190,F,1,0.002667,4.10292,211.815,1.47917,F
2324,1,HappyBirthday,455,9855.18,F,0,0,0.0232351,0,0,F
2324,1,HappyBirthday,599,5475.7,M,1,0.226554,1.68989,126.147,80.4046,F
2326,1,HappyBirthday,146,12410.8,F,1,0.00981548,1.33327,67.8714,3.34071,F
2326,1,HappyBirthday,185,7665.8,F,1,0.0225145,0.07904,65.7862,7.35091,F
2326,1,HappyBirthday,486,4015.43,F,1,0.113604,2.17506,12.8678,37.6662,F
2326,1,HappyBirthday,925,28105.4,M,1,0.00262177,0.199465,29.0717,0.820066,F
2327,1,HappyBirthday,25,23360.7,M,1,0.194011,0.0589002,5472.29,1066.11,F
2327,1,HappyBirthday,124,9855.82,F,1,0.655738,0.172361,86.6286,370.215,F
2328,1,HappyBirthday,1101,1460,M,1,0.0434937,0.117681,262.626,13.9088,F
2328,1,HappyBirthday,1146,1095,F,1,1.54605e-05,0.119767,171930,0.148071,F
2328,1,HappyBirthday,608,9125.9,M,1,0.0343463,0.26199,8.35201,10.8643,F
2329,1,HappyBirthday,92,11680.4,M,1,0.000853742,1.19375,88.9574,0.302735,F
2329,1,HappyBirthday,1001,9855.11,M,1,0.00814553,1.49724,614.269,4.67405,F
2329,1,HappyBirthday,301,12410.1,F,1,0.0424227,0.381898,214.332,13.4753,F
2329,1,HappyBirthday,340,4745.51,F,1,0.120647,1.06917,32.1499,44.0041,F
2329,1,HappyBirthday,1102,1460,M,1,0.246261,0.0795129,128.595,102.273,F
2329,1,HappyBirthday,467,2920.71,F,1,0.00690047,3.02775,16112.5,24.0046,F
2330,1,HappyBirthday,445,4015.68,M,1,0.00145916,0.440553,626.979,0.472429,F
2330,1,HappyBirthday,670,12045.8,F,1,0.0491204,0.490695,91.5402,18.1079,F
2331,1,HappyBirthday,391,22630,M,1,0.0186543,1.0694,4791.21,22.0293,F
2331,1,HappyBirthday,756,31755.9,M,1,0.262353,0.102531,5015.7,102.559,F
2333,1,HappyBirthday,423,2920.73,M,1,0.00428787,0.197143,0.0876816,1.33522,F
2333,1,HappyBirthday,434,15330.1,F,1,0.00207073,0.364383,47.7647,0.766767,F
2334,1,HappyBirthday,430,30660.4,M,1,0.00211098,0.918199,33.565,0.681916,F
2334,1,HappyBirthday,1061,1825,F,1,0.00247353,0.321868,41.2696,0.923304,F
2334,1,Births,1256,0,M,0,0,0.31195,0,0,F
2335,1,HappyBirthday,109,2920.19,M,1,0.00572713,4.01978,35.9588,1.95895,F
2335,1,HappyBirthday,1187,730,M,1,0.416891,0.0229758,169.165,272.671,F
2335,1,HappyBirthday,801,5110.1,F,1,0.00211458,8.6216,21.1125,0.681721,F
2336,1,HappyBirthday,157,9490.79,F,1,0.0159331,0.987091,26.0387,5.04599,F
2337,1,HappyBirthday,133,3650.84,F,1,0.033423,0.263058,1343.71,30.2005,F
2337,1,HappyBirthday,1228,365,M,1,0.00384583,0.246146,1.47357,1.2058,F
2337,1,HappyBirthday,242,6935.41,M,1,0.00155804,1.35456,230.789,0.870208,F
2337,1,HappyBirthday,424,2920.77,F,1,0.114448,1.52557,86.5618,42.6764,F
2338,1,HappyBirthday,1188,730,F,1,0.0214708,1.48398,18.7274,7.37531,F
2338,1,HappyBirthday,493,10585.8,F,1,0.196677,2.11633,101.095,79.0805,F
2338,1,HappyBirthday,866,6205.49,M,1,0.0129297,12.7789,61.9684,4.67797,F
2338,1,HappyBirthday,916,5475.06,F,1,0.118297,0.254256,2244.56,41.5672,F
2338,1,HappyBirthday,1103,1460,M,1,0.00164729,0.137121,88.6311,0.59708,F
2339,1,HappyBirthday,32,3650.94,M,1,0.0277525,1.44318,581.481,9.35058,F
2339,1,HappyBirthday,351,7300.04,F,1,0.0210496,345.124,1.91821,6.6332,F
2339,1,HappyBirthday,808,12046,M,1,0.176614,0.643645,68.1544,67.4324,F
2340,1,HappyBirthday,66,25916,M,1,0.0195116,0.0870206,28.7849,6.16114,F
2340,1,HappyBirthday,290,8030.11,F,1,0.00702599,3.4665,1851.76,6.62323,F
2340,1,HappyBirthday,1147,1095,F,1,4.42576e-06,0.0173185,184579,0.0430924,F
2341,1,HappyBirthday,551,9490.64,M,1,0.12006,4.20967,14.6977,40.6375,F
2341,1,Births,1257,0,F,0,0,0.0525011,0,0,F
2342,1,HappyBirthday,888,2555.92,M,1,0.0230237,5.03647,34.2585,7.59481,F
2343,1,HappyBirthday,1017,2190,F,1,0.00120161,3.63349,0.0346991,0.373586,F
2343,1,HappyBirthday,1148,1095,M,1,0.00410387,0.867025,16.999,1.32178,F
2343,1,HappyBirthday,404,6935.27,M,1,0.0026611,4.22352,429.604,1.3191,F
2343,1,HappyBirthday,579,5110.95,F,1,0.120241,0.723157,3308.74,43.7307,F
2344,1,HappyBirthday,559,20805.8,M,1,0.00100919,3.75323,24613.6,4.48324,F
2345,1,HappyBirthday,280,6205.34,F,1,0.633406,1.13119,31.642,315.415,F
2345,1,HappyBirthday,766,4745.02,M,1,0.291556,0.488483,10.4755,107.207,F
2346,1,HappyBirthday,21,9855.98,F,1,0.00527827,0.537473,3196.62,1.95606,F
2346,1,HappyBirthday,1019,2190,F,1,0.114,0.138888,195.41,41.1328,F
2346,1,Births,1258,0,M,0,0,0.0031605,0,0,F
2347,1,HappyBirthday,469,8030.92,M,1,0.176427,0.493055,26.4803,62.5047,F
2348,1,HappyBirthday,228,13870.9,F,1,0.100277,0.754203,4684.74,73.7361,F
2348,1,HappyBirthday,595,2555.04,F,1,0.00904932,0.187849,49.7762,2.99557,F
2348,1,HappyBirthday,718,5840.27,F,1,0.0639099,0.538861,2391.62,75.7946,F
2348,1,HappyBirthday,868,6570.72,F,1,0.00345135,0.349887,9.89475,1.1248,F
2348,1,HappyBirthday,902,4380.38,F,1,0.00123409,0.0949416,91.0118,0.438356,F
2349,1,HappyBirthday,956,14600.5,M,1,0.0962394,0.0896405,46.8867,31.8309,F
2350,1,HappyBirthday,496,8395.67,F,1,0.015468,0.582262,8220.26,47.439,F
2350,1,HappyBirthday,1020,2190,M,1,0.0769473,0.628596,33.2001,26.0222,F
2351,1,HappyBirthday,1229,365,M,1,0.00139202,0.36713,20.8625,0.47849,F
2352,1,HappyBirthday,187,8395.81,F,1,0.000164528,1.49846,16.7445,0.0523606,F
2352,1,HappyBirthday,518,22630.2,M,1,0.0022283,2.65685,3622.95,8.25251,F
2353,1,HappyBirthday,435,14600.9,M,1,0.0136044,1.001,602.868,5.03387,F
2353,1,HappyBirthday,876,2920.56,F,1,0.0845455,0.486654,0.0872537,27.4636,F
2354,1,HappyBirthday,53,3650.51,M,1,0.0509945,2.2861,0.0717969,16.265,F
2354,1,HappyBirthday,83,6570.32,M,1,0.0253397,0.0877245,147.06,9.03749,F
2354,1,HappyBirthday,380,18615.4,M,1,0.103529,16.0968,1433.21,36.4636,F
2354,1,HappyBirthday,813,16425.6,M,1,0.00086291,0.379419,31226.6,6.09126,F
2355,1,HappyBirthday,111,2555.45,M,1,0.0185542,1.78265,332.104,6.09362,F
2355,1,HappyBirthday,485,16425.3,F,1,0.00267742,0.371289,71.556,0.946093,F
2355,1,Births,1259,0,F,0,0,0.251237,0,0,F
2356,1,HappyBirthday,1105,1460,F,1,0.00226461,0.0934841,77.342,0.781104,F
2356,1,HappyBirthday,763,6570.75,F,1,0.126952,4.93591,8.8846,44.0513,F
2356,1,HappyBirthday,939,9125.11,F,1,0.00136983,2.44966,117635,11.6854,F
2357,1,HappyBirthday,972,16790.7,M,1,0.683655,7.25868,2.95331,357.881,F
2358,1,HappyBirthday,409,3285.2,F,1,0.124734,0.521326,165.051,49.1501,F
2359,1,HappyBirthday,8,3285.94,F,1,0.595308,0.0845244,47.5419,318.1,F
2359,1,HappyBirthday,128,4015.54,M,1,0.0047967,2.21155,51.8864,1.59686,F
2359,1,HappyBirthday,383,10220.4,M,1,0.386122,7.91778,15070.7,407.846,F
2359,1,HappyBirthday,466,11315.4,F,1,0.486093,0.633456,571.452,368.256,F
2360,1,HappyBirthday,371,32485.2,F,1,0.0140119,34.4903,14.8531,4.40768,F
2360,1,HappyBirthday,611,12776,M,1,0.000262175,3.63095,16.6063,0.0864392,F
2361,1,HappyBirthday,358,12410.9,F,1,0.000342434,0.048432,8.27262,0.110883,F
2361,1,Births,1260,0,M,0,0,0.154454,0,0,F
2362,1,HappyBirthday,1022,2190,M,1,0.0126795,0.957413,11.321,4.13611,F
2362,1,HappyBirthday,621,7300.35,M,1,0.0359579,2.14123,74.4618,12.8303,F
2363,1,HappyBirthday,349,6935.05,F,1,0.543508,0.153873,2911.03,317.607,F
2363,1,HappyBirthday,555,15695.8,M,1,0.0290996,0.131135,2.88127,9.30291,F
2363,1,HappyBirthday,1106,1460,M,1,0.00490044,0.043141,14339.2,2.59756,F
2364,1,HappyBirthday,294,6935.32,F,1,8.5206e-05,0.0142782,17.2367,0.0287407,F
2364,1,HappyBirthday,986,4745.94,M,1,0.0921529,0.070734,3751.41,137.191,F
2365,1,HappyBirthday,1190,730,M,1,0.147602,0.2554,28900.5,189.236,F
2365,1,HappyBirthday,471,20075.1,M,1,0.0513712,15.6283,181.198,16.5075,F
2365,1,HappyBirthday,738,7300.05,M,1,0.24761,4.41539,1541.55,272.544,F
2366,1,HappyBirthday,653,9855.37,F,1,0.0498698,4.6489,3877.13,17.5492,F
2367,1,HappyBirthday,221,12775.6,M,1,0.257069,0.445565,53.1776,94.1846,F
2367,1,HappyBirthday,655,7300.98,M,1,0.0195954,1.31349,48.0887,6.74361,F
2367,1,HappyBirthday,871,20075.7,M,1,4.25539e-05,8.63438,10.8055,0.0134506,F
2368,1,HappyBirthday,141,8030.91,M,1,0.0599845,3.44205,299.988,21.4295,F
2368,1,HappyBirthday,164,7665.19,M,1,0.244217,0.0977331,259.234,121.055,F
2368,1,HappyBirthday,167,2920.62,M,1,8.94939e-05,1.0506,199.106,0.0478601,F
2368,1,HappyBirthday,687,3285.38,M,1,0.0104488,0.166833,2839.16,16.1908,F
2368,1,HappyBirthday,1149,1095,F,1,0.00433491,0.219806,20.6315,1.35835,F
2368,1,HappyBirthday,1062,1825,F,1,0.00561293,0.0477002,100.408,2.23266,F
2369,1,HappyBirthday,85,3650.74,M,1,0.000140794,0.223584,157533,1.2845,F
2369,1,HappyBirthday,168,12045.2,M,1,0.153266,0.241297,11999.1,909.077,F
2369,1,HappyBirthday,747,6570.34,M,1,0.0098353,5.85731,13.6693,3.16229,F
2370,1,HappyBirthday,317,22995.8,F,1,0.0258936,3.8488,150.751,8.86148,F
2370,1,HappyBirthday,1107,1460,F,1,0.240995,0.88527,66920.1,898.575,F
2370,1,HappyBirthday,614,5475.42,M,1,0.000336387,1.08852,173.671,0.106845,F
2370,1,HappyBirthday,865,11315.2,M,1,0.0267775,1.45347,345.828,9.22496,F
2370,1,HappyBirthday,870,2920.03,M,1,0.00256983,0.958933,12.9397,0.838865,F
2371,1,HappyBirthday,4,34675,M,1,0.000627096,1.63777,14929.8,0.442131,F
2371,1,HappyBirthday,1063,1825,M,1,0.00253172,0.231896,1.64572,0.789849,F
2371,1,HappyBirthday,237,6205.73,M,1,0.0040191,4.22646,14560.5,2.15802,F
2371,1,HappyBirthday,1230,365,F,1,0.0388897,0.0854519,206.98,12.4511,F
2371,1,HappyBirthday,314,6570.5,F,1,0.000684715,0.278595,230.172,0.293243,F
2371,1,HappyBirthday,421,5475.78,M,1,0.535754,0.574634,558.688,444.497,F
2372,1,HappyBirthday,147,5840.34,F,1,0.00499363,1.90132,3942.57,1.72908,F
2372,1,HappyBirthday,1064,1825,M,1,0.108368,0.19841,3458.77,318.259,F
2372,1,HappyBirthday,542,14600.4,F,1,0.0269745,0.129065,79.8419,8.63417,F
2372,1,HappyBirthday,826,6935.31,F,1,1.76125e-05,0.0535312,952.164,0.0278328,F
2373,1,HappyBirthday,49,12775.9,M,1,0.00656033,2.86377,1625.54,2.95238,F
2373,1,HappyBirthday,835,2555.34,F,1,0.0581794,4.73915,1603.32,32.0169,F
2374,1,HappyBirthday,206,12045.6,M,1,0.0210348,0.231378,1007.12,6.73802,F
2374,1,HappyBirthday,598,28835.8,F,1,0.142306,0.941888,1589.1,50.6477,F
2374,1,HappyBirthday,979,7665.16,M,1,0.00459611,0.552287,252.95,1.97064,F
2375,1,HappyBirthday,343,18980,F,1,0.0280104,0.128792,7.25938,8.83551,F
2376,1,HappyBirthday,69,6570.08,F,1,0.000983216,0.384548,12.8309,0.323173,F
2376,1,HappyBirthday,1108,1460,F,1,0.00975192,0.221296,14532.1,37.1159,F
2376,1,HappyBirthday,537,13870,M,1,0.00156518,0.0630846,71.6322,0.540678,F
2377,1,HappyBirthday,319,20805.9,M,1,0.000647127,1.52577,11.5517,0.205105,F
2377,1,HappyBirthday,394,13140.1,M,1,0.00923623,1.60676,211.836,3.74026,F
2377,1,HappyBirthday,657,35040.1,F,1,0.484609,0.101646,923.242,463.193,F
2379,1,HappyBirthday,941,5475.43,F,1,0.0066835,0.640141,20329.1,6.71944,F
2380,1,HappyBirthday,152,33580.6,M,1,0.090759,2.28089,692.32,30.7419,F
2380,1,HappyBirthday,234,7300.74,M,1,0.00109862,14.7108,9921,1.45803,F
2380,1,HappyBirthday,312,3650.29,F,1,0.00634469,7.31262,317.329,3.41711,F
2380,1,HappyBirthday,761,6205.38,M,1,7.99775e-05,2.0599,12471.9,0.651321,F
2381,1,HappyBirthday,1151,1095,M,1,0.747029,0.134881,17.473,439.125,F
2381,1,HappyBirthday,887,6570.42,M,1,0.116354,0.916289,0.457311,38.4616,F
2381,1,HappyBirthday,982,7300.94,M,1,0.00239893,0.410678,3050.52,3.9579,F
2382,1,HappyBirthday,1191,730,M,1,0.0882101,0.665964,1.99098,28.8334,F
2382,1,HappyBirthday,416,2555.42,M,1,0.0239147,0.275007,92.9588,10.3987,F
2383,1,HappyBirthday,412,5475.29,F,1,0.00651364,0.70487,56961.4,23.5115,F
2383,1,Births,1261,0,F,0,0,0.202877,0,0,F
2384,1,HappyBirthday,103,6570.34,F,1,0.0102166,12.4634,9711.28,4.50259,F
2384,1,HappyBirthday,1231,365,M,1,0.663324,0.266729,3085.25,1671.01,F
2384,1,HappyBirthday,219,5110.89,F,1,0.864829,1.47622,2.1073,622.042,F
2384,1,HappyBirthday,1152,1095,F,1,0.893526,0.0485782,155.44,740.457,F
2384,1,HappyBirthday,581,2555.81,F,1,0.00909347,0.724126,13.5488,2.84357,F
2384,1,HappyBirthday,1066,1825,F,1,0.243236,0.267679,2466.85,595.747,F
2385,1,HappyBirthday,874,5475.53,F,1,0.0454513,0.0586728,13.9146,15.3588,F
2385,1,Births,1262,0,F,0,0,0.168627,0,0,F
2386,1,HappyBirthday,326,36135.2,F,1,0.000287895,1.34174,30148.3,0.746403,F
2386,1,HappyBirthday,365,2555.49,M,1,0.0014246,0.555926,46.4568,0.477705,F
2386,1,HappyBirthday,606,2555.46,M,1,0.00554871,0.286161,8.56544,1.73668,F
2386,1,HappyBirthday,672,6935.78,F,1,0.00255849,0.228239,56688.8,4.08921,F
2386,1,HappyBirthday,853,11680.5,F,1,0.000168767,0.37271,69.9092,0.058755,F
2386,1,HappyBirthday,1232,365,F,1,0.228672,0.349664,89.7097,88.7596,F
2387,1,HappyBirthday,145,9125.8,F,1,0,0.16332,1.61285,0,F
2387,1,HappyBirthday,494,2920.54,F,1,0.0252787,0.0327096,5691.81,9.09931,F
2387,1,HappyBirthday,803,6570.71,F,1,0.000172654,0.792551,69.6273,0.054159,F
2387,1,HappyBirthday,882,10585.2,M,1,0.000774109,2.27521,91.5642,0.284896,F
2387,1,Births,1263,0,F,0,0,0.134298,0,0,F
2388,1,HappyBirthday,203,5110.26,F,1,0.154882,3.47697,105696,1058.72,F
2388,1,HappyBirthday,266,28835.7,M,1,0.0111877,3.21721,3.32801,3.5156,F
2388,1,HappyBirthday,1233,365,F,1,0.00512362,0.374219,42.2917,1.67899,F
2388,1,HappyBirthday,845,25185.2,F,1,0.0117276,15.1027,1.6255,3.69301,F
2389,1,HappyBirthday,530,10220,F,1,0.14359,0.0984915,42.3855,49.1801,F
2390,1,HappyBirthday,35,3650.01,F,1,0.140768,0.234376,164.198,52.2028,F
2390,1,HappyBirthday,1192,730,F,1,0.0281128,0.0650328,102.953,10.4688,F
2390,1,HappyBirthday,770,2920.38,F,1,0.00293941,0.148048,1.10832,0.91476,F
2390,1,Births,1264,0,F,0,0,0.0303562,0,0,F
2391,1,HappyBirthday,177,18980.6,F,1,0.198627,1.15772,2190.59,543.334,F
2392,1,HappyBirthday,181,6205.29,M,1,0.00460065,2.86479,0.0363556,1.43345,F
2392,1,HappyBirthday,1109,1460,M,1,0.40226,15.0462,495.115,161.297,F
2392,1,HappyBirthday,560,9855.61,M,1,0.0190936,0.119295,77.1142,6.72681,F
2392,1,HappyBirthday,688,12775.7,M,1,0.00476037,1.15822,48.458,1.59932,F
2392,1,HappyBirthday,943,3650.66,F,1,0.139915,0.244454,35.8061,55.0671,F
2393,1,HappyBirthday,42,6935.22,F,1,0.148972,0.390181,680.982,51.4685,F
2393,1,HappyBirthday,330,5475.56,F,1,0.0562778,0.592718,26.5946,19.4504,F
2393,1,HappyBirthday,361,3650.04,F,1,0.00664892,1.42668,22.4038,2.22653,F
2393,1,Births,1265,0,F,0,0,0.00574187,0,0,F
2394,1,HappyBirthday,291,10950.2,F,1,0.00461697,1.37923,351.539,1.43845,F
2394,1,HappyBirthday,1110,1460,M,1,0.00381626,1.19881,0.00942201,1.18855,F
2395,1,HappyBirthday,793,13140.9,M,1,0.0549047,0.445419,16.0984,17.7706,F
2395,1,Births,1266,0,F,0,0,0.0256664,0,0,F
2396,1,HappyBirthday,322,25550,M,1,0.000102006,2.51962,11543.1,0.395775,F
2396,1,HappyBirthday,500,5475.42,M,1,0,3.44392,27.9798,0,F
2396,1,HappyBirthday,1111,1460,M,1,0.134769,0.137669,71120.7,1370.98,F
2396,1,HappyBirthday,577,24455.5,F,1,0.00116335,0.36336,0.80278,0.363276,F
2396,1,Births,1267,0,M,0,0,0.00370052,0,0,F
2397,1,HappyBirthday,1153,1095,F,1,0.000771486,8.48009,1.37863,0.239977,F
2397,1,HappyBirthday,1234,365,M,1,0.0499712,0.343147,78683.7,649.653,F
2398,1,HappyBirthday,816,20440.7,M,1,0.00030497,0.49793,2168.12,0.767567,F
2398,1,Births,1268,0,F,0,0,0.00683591,0,0,F
2399,1,HappyBirthday,166,16790.5,M,1,0.0631934,0.00958021,2252.97,69.7737,F
2399,1,HappyBirthday,178,10220.9,F,1,0.0818856,2.41538,26.4105,27.7488,F
2399,1,HappyBirthday,1235,365,F,1,0.231046,0.356798,6524.26,880.031,F
2401,1,HappyBirthday,211,7665.72,M,1,0.00266047,2.57332,28.433,0.828102,F
2401,1,HappyBirthday,429,6935.88,M,1,0.0159634,1.68562,7212.91,40.3118,F
2402,1,HappyBirthday,513,9855.13,F,1,0.0618107,0.943821,27.1099,20.5903,F
2402,1,HappyBirthday,907,8395.38,F,1,0.00445548,5.87174,10729.5,31.7252,F
2403,1,HappyBirthday,1112,1460,M,1,0.00135002,1.75395,422.443,0.454076,F
2403,1,HappyBirthday,373,18615.5,F,1,8.42022e-05,0.261794,75091.5,0.28763,F
2403,1,HappyBirthday,619,4380.23,M,1,0.000879985,1.55144,15.8516,0.295527,F
2403,1,HappyBirthday,700,18250.9,F,1,0.00695193,60.03,8.87417,2.20271,F
2403,1,HappyBirthday,984,10950.5,F,1,0.0348673,4.7354,10.86,11.0327,F
2404,1,HappyBirthday,536,31390.4,M,1,0.166271,22.5687,408.534,56.5285,F
2404,1,HappyBirthday,658,4745.51,M,1,0.0679662,0.126265,2.16137,22.0263,F
2404,1,HappyBirthday,810,3285.82,M,1,0.000191205,0.0538485,58.9631,0.0725208,F
2405,1,HappyBirthday,955,7665,F,1,0.00848041,4.90119,15.9513,2.7245,F
2406,1,HappyBirthday,252,9125.49,F,1,0.0143498,0.490545,3375.37,4.90263,F
2406,1,HappyBirthday,666,2920.8,F,1,0.0178562,0.190133,0.0276723,5.60055,F
2406,1,HappyBirthday,716,25185.6,M,1,0.0074153,0.122734,12.741,2.36056,F
2406,1,HappyBirthday,744,8395.64,M,1,0.00310181,0.155134,56.2744,1.07297,F
2406,1,HappyBirthday,910,5840.32,M,1,0.00116991,0.424101,13585.1,1.47416,F
2406,1,Births,1269,0,M,0,0,0.0979635,0,0,F
2408,1,HappyBirthday,34,29200.1,M,1,0,1.8128,640.405,0,F
2408,1,HappyBirthday,1068,1825,F,1,1.20094e-05,0.147268,20514.4,0.137881,F
2408,1,HappyBirthday,464,4380.93,F,1,0.00503677,0.115427,1.37844,1.56929,F
2409,1,HappyBirthday,105,22995,M,1,0.001708,0.778729,7650.58,0.663177,F
2409,1,HappyBirthday,200,16790.9,F,1,0.167413,0.34769,4.02864,57.2482,F
2409,1,HappyBirthday,342,9855.92,F,1,0.0470763,0.0423477,0.0080296,14.9858,F
2409,1,HappyBirthday,974,9125.05,M,1,0.0259517,44.8431,3.55388,8.18837,F
2409,1,HappyBirthday,994,5840.65,M,1,0.000535385,0.715076,11.1252,0.169552,F
2410,1,HappyBirthday,574,6205.77,F,1,0.000123454,2.01174,80.9514,0.0433949,F
2411,1,HappyBirthday,256,4380.66,M,1,0.0448226,2.19225,148.046,20.6567,F
2412,1,HappyBirthday,31,18980.3,F,1,0.52456,14.9765,27.1731,247.528,F
2412,1,HappyBirthday,307,6205.3,M,1,0.945009,0.192514,2742.08,1358.81,F
2412,1,HappyBirthday,488,29200.7,F,1,0.138215,0.47475,2394.16,49.3533,F
2413,1,HappyBirthday,690,7665.77,M,1,0.0892481,1.8159,30.7472,33.5198,F
2413,1,HappyBirthday,924,3285.23,F,1,0.756184,0.378716,215.866,587.576,F
2413,1,HappyBirthday,942,12410.7,F,1,0.000332391,0.0343249,0.558184,0.103532,F
2414,1,HappyBirthday,60,18980.6,F,1,0.716166,1.03491,171.243,483.235,F
2414,1,HappyBirthday,788,6205.26,F,1,0.00102825,4.67628,79.549,0.354861,F
2414,1,Births,1270,0,M,0,0,0.0925123,0,0,F
2415,1,HappyBirthday,62,6205.03,M,1,0.00127921,0.627341,1501,1.08306,F
2415,1,HappyBirthday,1113,1460,M,1,0.00610285,0.78585,48992.8,28.263,F
2416,1,HappyBirthday,1114,1460,M,1,0.0594971,0.501782,52.816,20.7923,F
2416,1,HappyBirthday,1193,730,F,1,0.684345,0.169457,12500,1161.54,F
2416,1,HappyBirthday,1194,730,F,1,0.00777477,1.64618,38.0977,2.87707,F
2416,1,Births,1271,0,M,0,0,0.107014,0,0,F
2418,1,HappyBirthday,325,11680.9,F,1,0.00177116,0.145427,2574.42,2.10937,F
2418,1,HappyBirthday,1155,1095,M,1,0.0825974,1.32194,190.556,34.1792,F
2419,1,HappyBirthday,65,7665.46,F,1,0.217795,1.92282,49.1885,84.0011,F
2419,1,HappyBirthday,1023,2190,F,1,0.113632,0.0444598,54.6937,39.625,F
2419,1,HappyBirthday,1069,1825,F,1,0.0964735,0.0989001,154.502,32.138,F
2419,1,HappyBirthday,393,3285.35,F,1,0.0119886,2.66719,0.0499069,3.74873,F
2419,1,HappyBirthday,735,17155,F,1,0.00174068,1.42659,23456.3,1.96914,F
2420,1,HappyBirthday,1195,730,F,1,0.094752,0.16995,6053.82,36.9728,F
2420,1,HappyBirthday,156,5110.9,F,1,0.536011,0.946903,4653.68,434.429,F
2420,1,HappyBirthday,257,6570.7,F,1,0.001034,4.65767,588.078,1.04424,F
2420,1,HappyBirthday,1156,1095,M,1,0.195188,0.247516,59.2064,86.0516,F
2421,1,HappyBirthday,480,3650.93,M,1,0.00167823,2.63622,464.331,0.868116,F
2421,1,HappyBirthday,497,9125.8,F,1,0.00930806,6.18453,143.494,3.47598,F
2421,1,HappyBirthday,715,10950,M,1,0.011101,0.892846,599.975,5.8555,F
2421,1,HappyBirthday,1196,730,F,1,0.00156594,0.0099681,1.05332e-06,0.486865,F
2421,1,Births,1272,0,M,0,0,0.0251542,0,0,F
2422,1,HappyBirthday,664,17155.5,F,1,0.0030331,18.334,0.013567,0.94351,F
2422,1,HappyBirthday,710,25185.1,M,1,0.0186963,11.1333,21.8095,6.4101,F
2422,1,HappyBirthday,859,5475.95,F,1,4.07452e-05,0.0216324,3670.61,0.0712707,F
2422,1,Births,1273,0,F,0,0,9.86454,0,0,F
2423,1,HappyBirthday,123,21170.1,F,1,0.00374322,0.738797,467.629,1.97118,F
2423,1,HappyBirthday,210,16060.4,F,1,5.94011e-05,1.05654,3.81665,0.0185318,F
2423,1,HappyBirthday,362,9490.55,F,1,0.00151532,0.530819,78.0622,0.61417,F
2423,1,HappyBirthday,749,19345.7,M,1,7.28535e-06,21.3687,25006.5,0.0168324,F
2423,1,HappyBirthday,965,4745.02,F,1,0.000845392,2.17579,6.83412,0.265717,F
2423,1,HappyBirthday,990,3285.72,M,1,0.488507,8.64491,3286.13,419.445,F
2424,1,HappyBirthday,11,2920.89,F,1,0.695796,0.240025,428.6,585.92,F
2424,1,HappyBirthday,1024,2190,F,1,0.116204,0.537222,3455.16,41.9528,F
2424,1,HappyBirthday,829,5475.13,M,1,0.215709,2.5154,1133,190.4,F
2424,1,HappyBirthday,1157,1095,F,1,0.00634085,0.0262415,9.61092,2.06375,F
2425,1,HappyBirthday,1236,365,F,1,0.000475259,0.0199051,40170.7,0.615678,F
2425,1,HappyBirthday,877,2920.48,F,1,0.114554,10.9878,28.5646,41.661,F
2426,1,HappyBirthday,1070,1825,F,1,0.00133912,0.0328935,12.8613,0.42695,F
2426,1,HappyBirthday,490,23360.8,M,1,0.895467,1.28565,839.31,772.642,F
2426,1,HappyBirthday,827,10585.9,F,1,0.0220723,0.688712,27.4276,7.80505,F
2427,1,HappyBirthday,82,12775,F,1,0.642039,0.952627,40.0721,319.657,F
2427,1,HappyBirthday,213,5840.05,M,1,0.000333437,2.55853,25.9196,0.107854,F
2427,1,HappyBirthday,333,22630.2,F,1,0.0407244,2.93834,68.712,14.5016,F
2427,1,HappyBirthday,1025,2190,F,1,0.00744326,0.0272747,64.6936,2.70117,F
2428,1,HappyBirthday,115,12775.6,F,1,0.0498426,0.507029,2673.95,76.3026,F
2428,1,HappyBirthday,223,12775.7,M,1,0.000441142,1.51625,134.183,0.143328,F
2428,1,HappyBirthday,820,13870.3,M,1,0.00525901,0.111399,662.02,1.88597,F
2429,1,HappyBirthday,37,5110.15,F,1,0.000117305,4.75211,23445.7,0.301154,F
2429,1,HappyBirthday,495,12045.6,M,1,0.00013441,1.39609,22.7623,0.0456288,F
2429,1,HappyBirthday,1115,1460,F,1,0.219185,0.294069,10.1545,76.9913,F
2429,1,HappyBirthday,798,5110.93,M,1,0.0091323,5.61284,461.804,2.99969,F
2430,1,HappyBirthday,51,11315.9,F,1,0.00108994,7.08327,1576.39,2.45987,F
2430,1,HappyBirthday,1116,1460,M,1,0.530109,0.227549,1898.35,394.708,F
2430,1,HappyBirthday,671,9490.44,M,1,0.132834,0.547344,417.505,119.719,F
2430,1,HappyBirthday,855,23360.7,M,1,0.147395,1.01629,77.4507,54.2906,F
2431,1,HappyBirthday,1117,1460,M,1,0.0176789,0.795464,13565.5,83.0807,F
2431,1,HappyBirthday,372,18981,M,1,0.0748083,0.192826,205.76,32.2874,F
2431,1,HappyBirthday,957,15330.3,F,1,0.00208734,11.6357,0.0796568,0.64963,F
2432,1,HappyBirthday,586,20440.6,F,1,0.023492,0.246012,33269.8,28.8557,F
2433,1,HappyBirthday,40,6570.62,F,1,0.0370781,0.799091,44.4334,13.8563,F
2433,1,HappyBirthday,1158,1095,F,1,0.145318,0.181892,1581.67,270.818,F
2434,1,HappyBirthday,180,32120.6,M,1,0.00494157,0.470036,4.95825,1.5757,F
2434,1,HappyBirthday,197,5475.14,F,1,0.000190586,0.0663791,0.132263,0.0593147,F
2434,1,HappyBirthday,534,11315.6,F,1,0.00764582,2.27653,66.4681,2.50153,F
2434,1,HappyBirthday,629,4015.18,M,1,3.87512e-05,1.83489,9674.83,0.270616,F
2435,1,HappyBirthday,5,8760.76,M,1,0.000438438,0.0930273,24.6389,0.146156,F
2435,1,HappyBirthday,71,8030.1,F,1,0.0113435,0.732273,2292.95,4.31914,F
2436,1,HappyBirthday,885,15695.8,M,1,0.200693,0.241322,76.6021,91.4775,F
2437,1,HappyBirthday,714,6205.35,M,1,0.0825769,0.24358,390.28,26.8811,F
2437,1,HappyBirthday,725,2920.23,F,1,0.0546507,0.432669,522.638,18.4248,F
2437,1,HappyBirthday,1118,1460,F,1,0.0222459,1.44665,51169.7,35.9577,F
2438,1,HappyBirthday,507,9490.37,M,1,0.000848206,3.23031,16.0164,0.280195,F
2438,1,HappyBirthday,516,10221,F,1,0.00122716,0.442562,5690.53,1.79201,F
2438,1,HappyBirthday,1071,1825,M,1,0.00526136,0.345404,20.3342,1.7763,F
2438,1,HappyBirthday,758,2555.64,M,1,1.41444e-07,0.644142,0.139868,4.5788e-05,F
2438,1,HappyBirthday,981,8395.23,F,1,0.000302542,0.889118,6487.56,0.775592,F
2438,1,Births,1274,0,F,0,0,0.157809,0,0,F
2439,1,HappyBirthday,892,10950.7,F,1,0.0121907,1.02355,8.22636,3.9535,F
2439,1,Births,1275,0,F,0,0,0.0126219,0,0,F
2440,1,HappyBirthday,836,6935.21,F,1,0.0235851,0.259782,7.63673,7.63598,F
2441,1,HappyBirthday,336,16060.6,F,1,0.000324598,4.40985,1257.23,0.364311,F
2441,1,HappyBirthday,370,4380.81,M,1,0.00123489,0.908664,1744.89,0.521557,F
2441,1,HappyBirthday,589,17885,M,1,0.193648,0.2866,87765.7,1307.82,F
2441,1,HappyBirthday,1160,1095,M,1,0.000383335,0.0721316,0,0.119141,F
2442,1,HappyBirthday,305,12045.4,F,1,0.00239483,1.99733,56.7902,0.866833,F
2442,1,HappyBirthday,681,5111,F,1,0.0257824,0.198752,6.80685,8.21227,F
2443,1,HappyBirthday,1198,730,F,1,2.30998e-06,0.0466291,0.808677,0.000699401,F
2443,1,HappyBirthday,1161,1095,F,1,0.0600889,1.40494,5.74085,19.2907,F
2443,1,HappyBirthday,774,12410.6,F,1,0.0495737,0.386681,4.89471,16.1498,F
2443,1,HappyBirthday,831,21535.5,F,1,0.3672,27.672,213.668,190.193,F
2444,1,HappyBirthday,267,22630.9,M,1,0.158094,0.474918,773.21,62.1893,F
2444,1,HappyBirthday,541,3650.41,M,1,0.168932,0.59478,59.3367,65.0204,F
2445,1,HappyBirthday,1027,2190,M,1,0.00423089,0.428928,33158.8,14.2153,F
2446,1,HappyBirthday,847,10950.4,F,1,0.0801338,0.0353612,4129.95,51.4595,F
2446,1,HappyBirthday,879,13505.1,F,1,0.00998489,1.80347,75987.9,34.2109,F
2447,1,HappyBirthday,184,9125.11,M,1,0.195193,3.07944,26.2124,67.6676,F
2447,1,HappyBirthday,450,11315,M,1,0.00152701,2.11874,4228.73,2.92629,F
2447,1,HappyBirthday,654,7300.23,M,1,0.000340778,24.2266,1400.58,0.32126,F
2448,1,HappyBirthday,929,6935.52,M,1,0.163809,1.65819,82.3468,57.6894,F
2448,1,HappyBirthday,1028,2190,F,1,0.0656603,0.738959,4199.86,26.6576,F
2449,1,HappyBirthday,260,3650.47,M,1,0.544754,11.7284,4585.79,382.893,F
2449,1,HappyBirthday,593,22995,M,1,0.00689933,0.963366,75.6636,2.43069,F
2449,1,HappyBirthday,757,17155.4,M,1,0.125662,14.3415,64.6291,45.0282,F
2450,1,HappyBirthday,482,3285.48,M,1,0.000441091,3.34913,25.0981,0.151295,F
2450,1,HappyBirthday,1162,1095,F,1,0.00270138,0.395753,1.10189,0.840771,F
2450,1,HappyBirthday,987,4745.85,M,1,0.0763466,2.37053,5.0353,24.8921,F
2451,1,HappyBirthday,139,15695.1,M,1,0.191216,0.102799,241.163,78.4047,F
2451,1,HappyBirthday,327,7300.05,F,1,0.0536953,2.20679,5556.36,19.603,F
2452,1,HappyBirthday,10,27375.2,F,1,0.885642,0.0334588,16.0078,687.271,F
2452,1,HappyBirthday,489,7665.41,M,1,0.114057,1.27149,57.7363,44.2801,F
2453,1,HappyBirthday,414,15695.8,F,1,0.0068459,0.0991061,31.4922,2.24071,F
2453,1,HappyBirthday,1119,1460,M,1,0.651534,0.178184,22.0525,327.847,F
2454,1,HappyBirthday,447,29930.8,M,1,0.30289,0.176274,81.9061,137.801,F
2455,1,HappyBirthday,773,9855.35,F,1,0.0175154,0.946592,61.3804,5.98227,F
2455,1,HappyBirthday,857,9855.98,F,1,0.0967278,0.276488,40.3985,36.7021,F
2455,1,HappyBirthday,899,14235.1,M,1,0.100195,0.102929,564.919,60.19,F
2456,1,HappyBirthday,243,13870.2,M,1,0.135065,0.0293779,7891.06,51.0121,F
2456,1,HappyBirthday,510,7665.72,F,1,4.59081e-05,3.46647,3978.54,0.08574,F
2456,1,HappyBirthday,1120,1460,F,0,0,0.0183124,0,0,F
2456,1,HappyBirthday,730,4015.81,F,1,9.39658e-05,0.353459,7812.23,0.28239,F
2456,1,HappyBirthday,1163,1095,F,1,0.0356645,0.266773,169789,344.633,F
2456,1,HappyBirthday,935,17155.7,F,1,0.00304005,3.53185,37756.5,11.4764,F
2457,1,HappyBirthday,1121,1460,F,1,0.113289,0.110472,12887.4,1039.7,F
2458,1,HappyBirthday,454,29200.9,M,1,0.00403487,0.202561,35.117,1.33252,F
2458,1,HappyBirthday,564,4745.64,F,1,0.0293052,2.45005,1979.43,36.7451,F
2458,1,HappyBirthday,578,2555.66,M,1,0.0431896,1.95477,76.7755,14.8724,F
2458,1,HappyBirthday,846,6205.14,F,1,0.121646,0.194988,43.4344,42.6787,F
2459,1,HappyBirthday,70,11680.9,F,1,0.00412386,1.2387,33.4012,1.44005,F
2459,1,HappyBirthday,316,4015.74,M,1,0.00856817,0.410394,103.615,3.8371,F
2459,1,HappyBirthday,603,17885.2,F,1,0.00292814,0.517253,55.8075,0.98234,F
2459,1,HappyBirthday,676,22630.5,F,1,0.00331305,3.50151,4.8623,1.05316,F
2459,1,HappyBirthday,692,5840.51,F,1,0.471334,14.6823,995.229,201.615,F
2459,1,HappyBirthday,1237,365,F,1,0.294034,6.57756,16733.8,1763.4,F
2460,1,HappyBirthday,1164,1095,F,1,0.33559,0.295964,2012.88,362.706,F
2460,1,HappyBirthday,584,12775.7,F,1,0.0379891,3.03815,92.1185,12.9609,F
2460,1,HappyBirthday,1122,1460,M,1,0.0243219,0.215901,3141.65,32.3812,F
2461,1,HappyBirthday,401,5840.19,M,1,0.0563522,2.84595,57.3197,19.5089,F
2462,1,HappyBirthday,659,4015.05,M,1,0.0305359,1.242,1303.19,60.8569,F
2462,1,HappyBirthday,1199,730,M,1,7.34736e-05,0.0219652,21.6974,0.0236332,F
2462,1,HappyBirthday,1200,730,M,1,0.000290822,0.107241,4678.56,1.30156,F
2463,1,HappyBirthday,300,24455.7,M,1,0.00237386,0.00889434,0.009799,0.738651,F
2463,1,HappyBirthday,1029,2190,M,1,0.00859091,0.0547943,1.18366,2.69646,F
2463,1,HappyBirthday,345,8030.54,M,1,0.00110592,2.73803,30898.1,0.778852,F
2463,1,HappyBirthday,922,10950.4,M,1,0.0109537,1.30951,131.069,3.50345,F
2464,1,HappyBirthday,628,2920.45,F,1,0.353882,0.599956,145.101,136.671,F
2464,1,HappyBirthday,637,30295.7,M,1,0.437996,3.08532,2797.08,768.235,F
2464,1,HappyBirthday,646,18250.6,F,1,0.0296516,3.71275,807.411,35.0612,F
2465,1,HappyBirthday,130,6570.22,M,1,1.98488e-06,26.1525,35.1568,0.000707548,F
2465,1,HappyBirthday,255,2555.06,M,1,0.0203024,7.29666,1018.06,7.05573,F
2465,1,HappyBirthday,379,5110.24,F,1,0.00193105,11.1298,95.7613,0.699021,F
2465,1,HappyBirthday,1072,1825,M,1,3.29751e-05,1.24355,2125.29,0.0409786,F
2465,1,HappyBirthday,1073,1825,M,1,0.00115939,0.0252605,70.1303,0.396198,F
2466,1,HappyBirthday,1074,1825,M,1,0.185204,0.041478,143.121,65.7316,F
2466,1,HappyBirthday,377,24820.3,F,1,0.0107922,0.108949,4295.86,11.4006,F
2466,1,HappyBirthday,712,9855.57,F,1,0.00388086,0.422568,74.5401,1.21287,F
2466,1,HappyBirthday,814,17155,F,1,0.00231555,0.998152,11.9763,0.728059,F
2468,1,HappyBirthday,645,4015.53,M,1,0.0778153,3.25055,1036.62,89.775,F
2468,1,HappyBirthday,890,6570.08,M,1,0.00277483,0.539702,10.0216,0.878121,F
2469,1,HappyBirthday,302,16060.4,F,1,0.00421729,4.55178,3.36922,1.33465,F
2469,1,HappyBirthday,468,8395.5,M,1,0.3706,7.20098,1270.6,387.143,F
2469,1,HappyBirthday,966,9490.89,F,1,0.0309072,4.28269,535.853,18.2508,F
2470,1,HappyBirthday,13,9125.72,M,1,0.00621819,0.0416534,1.44281,1.94302,F
2470,1,HappyBirthday,48,4745.78,F,1,3.06912e-05,0.0986394,1061.45,0.0151737,F
2470,1,HappyBirthday,554,6205.83,M,1,0.0112488,5.45774,41.8576,3.57422,F
2470,1,HappyBirthday,936,5110.03,F,1,0.00158877,1.2194,6.64084,0.498606,F
2471,1,HappyBirthday,299,22995.5,F,1,0.670756,0.69471,1961.03,436.675,F
2471,1,HappyBirthday,415,2555.92,M,1,0.00135787,0.02058,0.0252936,0.422134,F
2471,1,HappyBirthday,525,9491,M,1,0,1.12788,89.0283,0,F
2471,1,HappyBirthday,633,8395.37,M,1,0.312742,4.9233,12109.9,401.298,F
2471,1,HappyBirthday,1238,365,F,1,0.914741,0.184986,293.534,1286.94,F
2472,1,HappyBirthday,695,23360.5,M,1,0.000513739,6.90143,6.92527,0.163694,F
2472,1,HappyBirthday,1123,1460,F,1,0.082906,6.15558,80.8051,32.9259,F
2473,1,HappyBirthday,80,34675.4,M,1,0.145293,9.56125,2.47983,49.3594,F
2473,1,HappyBirthday,165,31025.6,F,1,0.000759804,0.712443,84582.8,5.12779,F
2473,1,HappyBirthday,175,4745.57,M,1,0.21912,0.895797,624.917,144.196,F
2473,1,HappyBirthday,1076,1825,M,1,0.00773694,0.114586,4.08563,2.46346,F
2473,1,HappyBirthday,470,14966,M,1,0.437849,6.93723,168.96,197.736,F
2473,1,HappyBirthday,1239,365,M,1,0.00770422,0.124834,99.2979,3.45617,F
2473,1,HappyBirthday,843,6935.46,F,1,0.136843,0.816248,1005.03,114.383,F
2473,1,HappyBirthday,927,16060.7,M,1,0.0024183,0.670952,0.162805,0.752543,F
2473,1,HappyBirthday,997,5110.54,F,1,0.00612518,37.8997,244.45,2.57271,F
2474,1,HappyBirthday,1201,730,F,1,0.0195823,1.08429,84.257,6.86298,F
2474,1,HappyBirthday,1077,1825,M,1,0.0763637,0.405378,5272.56,54.3915,F
2475,1,HappyBirthday,54,4015.21,M,1,0.237442,0.222615,1667.08,113.083,F
2475,1,HappyBirthday,441,3285.98,F,1,0.802789,0.14299,14.7283,541.214,F
2476,1,HappyBirthday,1030,2190,F,1,0.00640747,0.552034,0.467993,2.00118,F
2477,1,HappyBirthday,149,12775.8,F,1,0.00113883,2.59246,0.178718,0.354062,F
2477,1,HappyBirthday,684,7300.27,M,1,6.27041e-05,0.55987,5.60051e-06,0.0195134,F
2477,1,HappyBirthday,1165,1095,M,1,0.00857256,0.532492,57202.5,31.7077,F
2477,1,HappyBirthday,963,34675.7,F,1,0.00233154,1.90752,6335.42,2.28814,F
2478,1,HappyBirthday,144,2555.71,M,1,0.336437,9.4267,1898,184.963,F
2478,1,HappyBirthday,151,4745.45,F,1,0.191368,0.80942,3042.68,271.193,F
2478,1,HappyBirthday,353,7665.54,F,1,0.107154,0.73248,223.833,40.1023,F
2478,1,HappyBirthday,1166,1095,F,1,0.0696056,6.35411,4539,148.743,F
2478,1,HappyBirthday,1167,1095,F,1,0.00024456,0.298318,1631.25,0.238076,F
2478,1,HappyBirthday,869,2555.81,M,1,0.0725435,0.464282,474.595,23.7456,F
2479,1,HappyBirthday,278,22630.1,M,1,0.00486536,0.922723,2659.06,1.92011,F
2479,1,HappyBirthday,411,9490.15,M,1,0.00385042,0.0871317,146.499,1.72582,F
2479,1,HappyBirthday,519,35770.2,M,1,0.00684701,0.372653,699.012,4.23415,F
2479,1,HappyBirthday,775,22265.6,M,1,0.0476043,2.34991,57242.8,199.899,F
2480,1,HappyBirthday,296,7300.29,F,1,0.000302142,19.4029,439.924,0.264823,F
2480,1,HappyBirthday,1168,1095,F,1,0.0040243,0.0449452,18.2967,1.36784,F
2480,1,HappyBirthday,717,11315.3,F,1,0.00159302,0.0774198,0.292898,0.495932,F
2480,1,HappyBirthday,964,8760.87,F,1,0.00225653,12.7536,1.46918,0.702989,F
2481,1,HappyBirthday,138,11680.5,M,1,0.0455526,9.26246,104433,211.656,F
2481,1,HappyBirthday,195,23725.2,M,1,0.00377032,0.451735,0.419163,1.17389,F
2481,1,HappyBirthday,804,9490.1,M,1,3.86005e-05,1.70984,0.432868,0.012019,F
2482,1,HappyBirthday,274,4380.1,M,1,0.273446,0.145728,0.673582,99.3359,F
2482,1,HappyBirthday,1124,1460,M,1,0.365539,2.14895,24.5624,155.507,F
2482,1,HappyBirthday,898,15695.5,F,1,0.0320704,0.962221,13.3913,10.7748,F
2482,1,Births,1276,0,M,0,0,0.354516,0,0,F
2483,1,HappyBirthday,615,10585.1,F,1,0.0981208,26.6659,7.21726,32.645,F
2483,1,HappyBirthday,783,5111,F,1,0.00430978,5.68968,1549.75,5.35498,F
2483,1,HappyBirthday,989,8030.78,M,1,7.14679e-05,7.58934,9267.08,0.23933,F
2484,1,HappyBirthday,230,19710.9,M,1,0.146284,1.04231,27.1178,52.891,F
2484,1,HappyBirthday,456,19710.5,F,1,0.0227301,1.17085,1417.63,40.8905,F
2484,1,HappyBirthday,544,7300.02,M,1,0.0363115,1.09932,0.0797146,11.4949,F
2486,1,HappyBirthday,894,19345.4,M,1,0.00201678,5.84084,0.0007934,0.627532,F
2487,1,HappyBirthday,1240,365,F,1,0.00801365,0.959795,44.5126,2.69195,F
2487,1,HappyBirthday,408,17155.7,F,1,4.07127e-05,2.16757,393.859,0.019796,F
2487,1,Births,1277,0,F,0,0,0.318435,0,0,F
2488,1,HappyBirthday,1125,1460,F,1,0.0331962,1.10054,550.193,13.3525,F
2489,1,HappyBirthday,117,13870.8,M,1,0.144322,2.57054,1625.65,225.291,F
2490,1,HappyBirthday,1000,9490.82,M,0,0,0.0124988,0,0,F
2490,1,HappyBirthday,604,22630.8,F,1,0.195391,0.495062,26331.2,880.013,F
2491,1,HappyBirthday,96,5475.51,F,1,0.000229092,0.0554795,7232.88,0.349733,F
2491,1,HappyBirthday,118,9490.36,M,1,0.00468786,0.905455,1.27837,1.46045,F
2491,1,HappyBirthday,216,4380.23,F,1,0.112132,0.432637,7.45489,37.0847,F
2491,1,Births,1278,0,F,0,0,0.0379033,0,0,F
2492,1,HappyBirthday,191,9855.89,F,1,0.0431546,0.29216,7.54277,14.1427,F
2493,1,HappyBirthday,399,6935.61,F,1,0.446359,3.02326,999.982,328.055,F
2494,1,HappyBirthday,100,18250.6,M,1,0.205904,0.569219,238.245,125.356,F
2494,1,HappyBirthday,1031,2190,M,0,0,0.00947447,0,0,F
2494,1,HappyBirthday,1169,1095,M,1,0.0152431,0.574144,136.238,6.03055,F
2494,1,HappyBirthday,1203,730,M,1,0.143055,2.93048,12606.2,1288.62,F
2494,1,HappyBirthday,694,7665.45,F,1,0.00143509,64.2597,1.51731,0.448871,F
2494,1,HappyBirthday,1202,730,F,1,0.0272983,0.128547,57.0094,8.74861,F
2494,1,HappyBirthday,949,16790.1,M,1,0.197298,0.30197,4974.87,1023.48,F
2495,1,HappyBirthday,90,5840.04,M,1,0.487625,4.8649,387.819,219.89,F
2495,1,HappyBirthday,182,6205.16,F,1,0.0030218,11.1809,2.21767,0.946652,F
2496,1,HappyBirthday,567,24090.8,F,1,0.00341927,1.2479,25.9137,1.1687,F
2496,1,HappyBirthday,1032,2190,M,1,0.00100457,0.073231,2.89968,0.312241,F
2496,1,HappyBirthday,1170,1095,M,1,0.431608,0.0731773,5835.58,204.641,F
2496,1,HappyBirthday,799,4380.26,F,1,0.0187595,4.12216,49668.5,184.36,F
2497,1,HappyBirthday,43,5110.71,F,1,0.0113354,1.03501,124.803,4.24167,F
2497,1,HappyBirthday,86,15695.5,F,1,0.316781,0.787871,406.736,229.403,F
2497,1,HappyBirthday,426,6935.15,F,1,0.0608867,1.4917,264.659,27.5439,F
2497,1,HappyBirthday,514,2556,M,0,0,0.0578992,0,0,F
2497,1,HappyBirthday,805,3285.09,M,1,0.000600331,0.0449494,16.9963,0.201208,F
2497,1,HappyBirthday,809,4380.44,M,1,0.0071757,0.0989,7.08537,2.24154,F
2497,1,HappyBirthday,838,34675.7,F,1,0.261436,0.820834,7.13829,97.3092,F
2498,1,HappyBirthday,446,12775.6,M,1,0.00271953,3.219,36.1449,0.981349,F
2498,1,HappyBirthday,481,3285.36,F,1,0.0171745,0.567487,79.9955,6.34304,F
2498,1,HappyBirthday,492,20075.7,F,1,0.0133457,31.399,2461.82,15.5588,F
2499,1,HappyBirthday,1241,365,M,1,0.687276,0.195331,3975.66,996.782,F
2499,1,HappyBirthday,762,3285.6,F,1,0.580439,1.87939,216.656,359.234,F
2499,1,HappyBirthday,1171,1095,F,1,0.0508521,0.0307678,13.1873,17.1726,F
2500,1,HappyBirthday,844,13870.7,M,1,0.00469132,1.5564,50.0851,1.57043,F
2501,1,HappyBirthday,1078,1825,M,1,0.0087027,0.188801,356.312,4.18825,F
2501,1,HappyBirthday,487,11315.6,M,1,0.0774998,0.935979,33.6525,29.2239,F
2501,1,HappyBirthday,644,13505.2,M,1,0.0661103,0.160684,7.06436,21.3102,F
2502,1,HappyBirthday,6,5110.05,F,1,0.136319,1.38557,19399.1,177.916,F
2502,1,HappyBirthday,28,17155.9,F,1,1.46158e-05,0.724581,5754.6,0.034036,F
2502,1,HappyBirthday,106,7300.68,M,1,0.141568,0.919022,76.4746,56.4724,F
2503,1,HappyBirthday,20,5840.2,M,1,0.00308954,1.72911,178.762,0.979151,F
2503,1,HappyBirthday,460,5475.2,F,1,0.0769031,1.32391,2.96144,24.8749,F
2504,1,HappyBirthday,202,28105.1,F,1,0.0640525,0.0135164,53.9648,22.479,F
2504,1,HappyBirthday,403,11681,F,1,0,0.175602,59.5805,0,F
2504,1,HappyBirthday,566,4015.97,F,1,0.015502,0.164337,40.8283,5.30074,F
2504,1,HappyBirthday,764,13870.3,F,1,0.00317952,0.0889476,67.4943,0.99035,F
2504,1,HappyBirthday,1033,2190,F,1,0.561538,5.56479,1792.35,403.153,F
2505,1,HappyBirthday,101,4015.16,F,1,0.272679,0.255664,6368.72,529.554,F
2506,1,HappyBirthday,30,6206,M,1,0.00450722,7.99659,645.216,2.69541,F
2506,1,HappyBirthday,276,3650.48,F,1,0.00398043,0.103629,298.384,2.79045,F
2506,1,HappyBirthday,674,6570.58,M,1,0.185637,1.57878,9767.97,1164.54,F
2506,1,HappyBirthday,736,12410.4,M,1,0.0176165,0.79815,1103.27,13.3094,F
2506,1,HappyBirthday,1172,1095,M,1,0.00758909,0.31659,2.36778,2.37725,F
2506,1,HappyBirthday,873,22995.1,M,1,0.155667,1.26408,19.1728,57.3545,F
2507,1,HappyBirthday,1034,2190,M,1,0.0264152,0.430969,143.715,10.0026,F
2509,1,HappyBirthday,1126,1460,M,1,0.0119487,0.0483995,22589,7.93765,F
2510,1,HappyBirthday,315,13140.2,M,1,0.0420876,1.34835,17.3584,14.4812,F
2510,1,HappyBirthday,346,25915.4,M,1,0.151599,0.259303,87.144,51.9104,F
2510,1,HappyBirthday,1127,1460,M,1,0.120525,6.63962,289.346,43.107,F
2510,1,HappyBirthday,587,3285.11,M,1,0.0713425,2.82607,329.236,23.6918,F
2510,1,HappyBirthday,678,2920.61,F,1,0.598316,4.13253,1434.54,377.795,F
2510,1,HappyBirthday,926,33215.5,F,1,0.123707,0.312483,138.453,46.3555,F
2510,1,Births,1279,0,F,0,0,0.0865991,0,0,F
2511,1,HappyBirthday,284,14600.6,F,1,9.23669e-05,0.324596,10.8785,0.0300226,F
2512,1,HappyBirthday,44,18981,F,1,0.0772153,0.609141,65.1572,30.6987,F
2512,1,HappyBirthday,89,3285.09,M,1,0.0812748,1.3545,45.9058,28.4217,F
2512,1,HappyBirthday,214,4015.02,M,1,0.00402007,2.87851,321.807,1.84854,F
2512,1,HappyBirthday,732,3285.9,F,1,0.00219667,8.67143,1.34113,0.685162,F
2512,1,HappyBirthday,823,3285.56,F,1,0.0496121,2.10712,118.309,15.9202,F
2513,1,HappyBirthday,503,4745.92,F,1,0.00149448,2.2949,7.78084,0.464984,F
2513,1,HappyBirthday,721,7300.81,M,1,0.00147309,1.13722,0.0168612,0.45815,F
2513,1,Births,1280,0,M,0,0,0.235533,0,0,F
2514,1,HappyBirthday,154,18980.4,M,1,0.116645,31.1373,8792.13,337.779,F
2515,1,HappyBirthday,1081,1825,F,1,0.107903,0.254632,170.733,48.4271,F
2515,1,HappyBirthday,238,2555.24,F,1,0.044131,0.144364,1577.5,14.2288,F
2515,1,HappyBirthday,1206,730,F,1,0.0060228,0.523465,85.4931,2.04865,F
2515,1,HappyBirthday,742,13870.2,F,1,0.646616,1.00696,1541.07,604.249,F
2515,1,HappyBirthday,988,4380.91,M,1,4.30989e-05,0.024255,0.0172325,0.0133449,F
2516,1,HappyBirthday,110,19346,M,1,0.136824,1.07462,2705.87,208.015,F
2517,1,HappyBirthday,473,31755.4,F,1,0.220038,0.452885,8544.55,118.097,F
2517,1,HappyBirthday,620,5475.57,F,1,0.753683,0.506875,991.476,444.712,F
2517,1,HappyBirthday,703,22995,M,1,0.0116332,2.12424,283.201,8.15214,F
2517,1,HappyBirthday,751,3285.67,F,1,0.0307132,0.172165,13.8518,10.3136,F
2518,1,HappyBirthday,50,8760.12,F,1,0,0.0447787,0,0,F
2518,1,HappyBirthday,502,5475.12,F,1,0.000508471,0.110675,24.5256,0.163034,F
2518,1,HappyBirthday,556,2555.41,M,1,0.237382,0.0680181,10686.7,997.361,F
2519,1,HappyBirthday,9,4745.07,F,1,0.00834143,0.890679,113.22,2.84625,F
2519,1,HappyBirthday,47,3650.82,F,1,0.0242244,0.0300581,11.1825,7.76422,F
2520,1,HappyBirthday,612,32850.2,M,1,0.00686749,0.667963,16.8841,2.18947,F
2520,1,HappyBirthday,648,14965.7,M,1,0.170559,0.879121,6588.69,1030.62,F
2520,1,HappyBirthday,930,8395.3,F,1,0.00456736,0.231949,9.13706,1.48765,F
2521,1,HappyBirthday,3,4015.02,M,1,0.110817,6.22461,40.4646,43.9238,F
2521,1,HappyBirthday,680,2555.79,F,1,0.296848,0.533449,184.713,163.434,F
2521,1,HappyBirthday,800,12775.4,F,1,0.416056,0.351059,2.55897,167.292,F
2521,1,HappyBirthday,992,4745.5,M,1,0.067595,0.0555442,23.8447,21.7692,F
2522,1,HappyBirthday,529,6935.31,F,1,0.0198689,7.06745,4297.49,52.3088,F
2522,1,HappyBirthday,607,13870,F,1,0.00726186,2.31343,43.9226,2.27663,F
2522,1,HappyBirthday,895,5840.77,M,1,0.0149397,2.50171,2191.59,36.7262,F
2522,1,Births,1281,0,F,0,0,0.0292108,0,0,F
2524,1,HappyBirthday,269,10950.5,F,1,0.00193631,0.600207,2.66803,0.602886,F
2524,1,HappyBirthday,665,8030.85,F,1,0.150022,7.05158,228.171,64.5436,F
2525,1,HappyBirthday,236,6205.29,M,1,0.408379,0.0836078,128.846,258.819,F
2525,1,HappyBirthday,463,5840.2,F,1,1.1106e-06,1.45644,0.734936,0.000348091,F
2525,1,HappyBirthday,673,6570.47,F,1,0.161896,0.388958,34.0624,58.0053,F
2525,1,HappyBirthday,1174,1095,F,1,0.164218,0.13146,10908.5,1318.14,F
2525,1,HappyBirthday,978,8760.87,F,1,0.260379,0.972817,59.48,100.794,F
2526,1,HappyBirthday,189,14601,M,1,0.00273712,0.405637,1.95169,0.854808,F
2527,1,HappyBirthday,1207,730,M,1,0.187755,0.113637,1.54858,64.7482,F
2527,1,HappyBirthday,382,6935.44,M,1,0.00438245,1.42199,5520.17,2.96013,F
2527,1,HappyBirthday,720,19346,F,1,0.00097789,0.46127,33.5798,0.318415,F
2527,1,HappyBirthday,952,3650.21,M,1,0.324364,0.627661,36.6811,143.274,F
2528,1,HappyBirthday,81,22995.2,M,1,0.391167,4.95453,540.264,162.292,F
2528,1,HappyBirthday,830,15695,F,1,0.0715447,11.693,28.9733,25.9135,F
2529,1,HappyBirthday,161,2920.01,F,1,0.176866,1.87142,21.1609,62.3738,F
2529,1,HappyBirthday,275,24820.7,F,1,0.0056428,0.306086,0.038017,1.75831,F
2529,1,HappyBirthday,287,28835.6,F,1,0.00451927,0.640802,5.85083,1.4493,F
2530,1,HappyBirthday,208,4380.69,M,1,4.5234e-05,0.209921,0.108886,0.014069,F
2530,1,HappyBirthday,1209,730,F,1,0.000441256,0.0891748,88.1408,0.163531,F
2531,1,HappyBirthday,1210,730,F,1,0.0459971,0.0254586,34885.3,20.6725,F
2532,1,HappyBirthday,16,4015.67,M,1,0.0059477,0.468762,34.5744,2.07123,F
2532,1,HappyBirthday,1128,1460,F,1,0.0933454,0.101755,749.232,48.8788,F
2532,1,HappyBirthday,1082,1825,F,1,0.0418408,0.570601,35.0854,13.7288,F
2533,1,HappyBirthday,78,9855.68,F,1,0.231271,0.111878,670.26,82.1911,F
2533,1,HappyBirthday,120,2555.76,M,1,0.00840724,0.206425,21209.2,5.38165,F
2533,1,HappyBirthday,298,2555.4,M,1,0.0139011,0.653392,7.70909,4.3696,F
2533,1,HappyBirthday,329,12045.6,F,1,0.01703,0.316755,7.44827,5.53748,F
2533,1,HappyBirthday,1083,1825,F,1,0.0489588,0.193213,226.769,21.6089,F
2533,1,HappyBirthday,777,8395.49,M,1,0.00524049,17.4892,53113.6,8.96788,F
2533,1,HappyBirthday,959,5840.96,M,1,0.00572838,26.3147,39.3152,1.79525,F
2534,1,HappyBirthday,802,2555.17,F,1,0.00935567,0.711972,41.582,3.52948,F
2534,1,HappyBirthday,886,2920.74,M,1,0.0757339,0.186207,26.0159,24.5088,F
2535,1,HappyBirthday,1035,2190,M,1,0.833844,0.0403215,3.32122,562.609,F
2535,1,HappyBirthday,590,25915.7,M,1,0.125845,1.30081,86.7051,47.993,F
2536,1,HappyBirthday,596,21900.3,F,1,0.141102,0.151435,140.948,62.7756,F
2536,1,HappyBirthday,679,5840.37,F,1,0.0829006,1.81501,1746.92,91.3584,F
2537,1,HappyBirthday,407,20075.9,F,1,0.030167,0.799347,3076.67,19.0702,F
2538,1,HappyBirthday,1175,1095,F,1,0.877052,7.10056,87.2733,804.659,F
2538,1,Births,1282,0,F,0,0,0.0695134,0,0,F
2539,1,HappyBirthday,22,25185.7,F,1,0.00608709,1.03401,895.141,7.84616,F
2539,1,HappyBirthday,354,9125.35,F,1,0.128085,0.372683,1629.04,45.4948,F
2539,1,HappyBirthday,970,9125.55,M,1,0.0186414,0.322259,362.353,5.86336,F
2540,1,HappyBirthday,335,2920.3,M,1,2.76208e-05,0.103172,9249.27,0.0892655,F
2541,1,HappyBirthday,413,6205.61,F,1,0.396685,0.909968,768.418,320.782,F
2541,1,HappyBirthday,417,8760.05,M,1,0.593822,0.112014,8857.67,393.096,F
2541,1,HappyBirthday,1084,1825,F,1,0.00442208,0.108453,1510.03,7.62891,F
2541,1,HappyBirthday,969,10950.7,M,1,0.154674,0.615674,3019.72,140.86,F
2542,1,HappyBirthday,438,6570.04,M,1,0.000831899,5.11398,0.61071,0.259461,F
2542,1,HappyBirthday,709,12775.8,F,1,0.0226539,3.42331,369.566,18.4104,F
2543,1,HappyBirthday,142,15695.3,M,1,0.00104907,9.93177,878.823,1.33714,F
2543,1,HappyBirthday,263,22995.3,F,1,7.44092e-05,1.87794,11963,0.601637,F
2543,1,HappyBirthday,931,8760.08,M,1,0.142675,0.133772,8476.17,51.2726,F
2544,1,HappyBirthday,772,5475.85,F,1,0.00122146,0.13186,749.416,1.27507,F
2544,1,HappyBirthday,897,21900.9,F,1,0.345053,9.92545,59.452,139.692,F
2545,1,HappyBirthday,159,21900.1,F,1,0.00294172,7.52764,29.0245,1.04633,F
2545,1,HappyBirthday,427,5110.43,F,1,5.80344e-05,1.81854,34.7717,0.0191114,F
2545,1,HappyBirthday,1085,1825,F,1,0.0648259,0.246818,973.519,55.9409,F
2545,1,HappyBirthday,722,25185.9,F,1,0.000992543,0.0203575,3.14718,0.309733,F
2546,1,HappyBirthday,1129,1460,F,1,1.25308e-05,0.0481446,13.9096,0.00398104,F
2547,1,HappyBirthday,41,5110.64,F,1,0.0123846,0.0156206,10.0963,3.93963,F
2547,1,HappyBirthday,1211,730,M,1,0.0750664,0.0443957,59.6132,26.7593,F
2547,1,HappyBirthday,431,9490.94,F,1,0.0394019,21.6337,1437.19,52.2707,F
2547,1,HappyBirthday,504,4015.46,F,1,0.0634983,0.0802953,71.8545,23.7199,F
2550,1,HappyBirthday,765,13870.7,F,1,0.00487466,0.269956,0.0001934,1.51841,F
2550,1,HappyBirthday,909,18615.7,M,1,0.000393295,0.477611,0.042658,0.12238,F
2552,1,HappyBirthday,226,16790.5,M,1,2.87909e-06,0.989687,8e-07,0.0008946,F
2552,1,HappyBirthday,400,4380.56,M,1,0.0189355,0.0181687,0.0695581,5.94135,F
2552,1,HappyBirthday,1243,365,M,1,0.0044372,0.151986,10.2142,1.42007,F
2553,1,HappyBirthday,1244,365,F,1,0.00310155,0.486387,75.0033,1.07142,F
2553,1,HappyBirthday,750,2555.65,F,1,0.0428259,0.131835,3.12632,13.7772,F
2554,1,HappyBirthday,583,2920.65,F,1,0.0161804,0.0384299,785.856,6.06363,F
2554,1,HappyBirthday,729,3650.85,M,1,8.04047e-05,0.0377206,12.9069,0.02645,F
2554,1,HappyBirthday,985,14965.2,M,1,0.517587,7.43113,15161.8,768.934,F
2555,1,HappyBirthday,1087,1825,F,1,0.510368,3.43001,911.016,301.847,F
2555,1,HappyBirthday,1086,1825,M,1,0.000124059,1.65884,12612,0.103701,F
2555,1,HappyBirthday,933,28105.9,F,1,0.0495322,0.643458,225.003,21.134,F
2556,1,HappyBirthday,937,13870.9,M,1,0.19231,4.86106,122.165,79.3085,F
2558,1,HappyBirthday,1212,730,F,1,0.00163038,0.0531259,132.019,0.564012,F
2558,1,HappyBirthday,114,2920.29,F,1,0.150929,1.84728,7209.36,189.307,F
2558,1,HappyBirthday,240,3650.85,M,1,0.00404478,0.619099,47.8299,1.36262,F
2558,1,HappyBirthday,289,3650.17,F,1,0.34508,39.3538,677.363,133.026,F
2558,1,HappyBirthday,976,6205.38,M,1,0.00266307,0.292785,0.0378373,0.829118,F
2559,1,HappyBirthday,1002,2555,F,1,0.0099602,0.146604,65.3988,3.26908,F
2559,1,HappyBirthday,634,28835.3,M,1,0.0784745,0.116624,57.1583,25.7863,F
2559,1,HappyBirthday,786,5475.15,M,1,0.0187794,0.485994,7.07144,5.94194,F
2559,1,HappyBirthday,1037,2190,M,1,0.00798789,0.277431,81.126,2.9429,F
2559,1,Births,1283,0,M,0,0,0.241691,0,0,F
2559,1,Births,1284,0,F,0,0,0.0712816,0,0,F
2560,1,HappyBirthday,64,14965.6,M,1,0.00463149,0.025381,1.67855,1.44723,F
2560,1,HappyBirthday,610,28835.2,M,1,0.0157935,0.0627085,63.444,5.24601,F
2560,1,HappyBirthday,893,12045.6,M,1,0.00454265,1.39302,110.251,2.09527,F
2560,1,HappyBirthday,920,3285.32,F,1,0.00580287,1.01111,86.56,2.07276,F
2561,1,HappyBirthday,459,9490.6,F,1,0.00598003,0.350161,40.6844,1.95218,F
2561,1,HappyBirthday,1213,730,M,1,0.646858,0.0476364,87.6269,365.36,F
2561,1,HappyBirthday,689,4015.4,F,1,0.0440056,0.402796,317.374,16.6299,F
2561,1,HappyBirthday,778,4380.45,M,1,0.0124101,1.50948,52832.8,33.7903,F
2561,1,HappyBirthday,977,5110.94,M,1,0.0839072,0.462768,575.505,58.124,F
2562,1,HappyBirthday,1130,1460,M,1,0.0445927,0.402156,65.1336,17.6714,F
2562,1,Births,1285,0,M,0,0,0.00282948,0,0,F
2563,1,HappyBirthday,190,10950.5,M,1,0.0110034,1.41229,2297.82,4.14096,F
2563,1,HappyBirthday,1214,730,M,1,0.00206474,0.413163,0.0055278,0.642046,F
2564,1,HappyBirthday,68,5475.5,F,1,0.282399,0.445552,485.239,280.834,F
2564,1,HappyBirthday,367,20440.4,F,1,0.0177135,0.140065,0.220215,5.5556,F
2564,1,HappyBirthday,948,5840.26,M,1,0.376208,5.4173,2079.82,425.682,F
2565,1,HappyBirthday,1003,2555,M,1,0.000937318,4.88049,733.98,1.19311,F
2565,1,Births,1286,0,M,0,0,0.110256,0,0,F
2566,1,HappyBirthday,247,2920.74,M,1,0.00181158,0.0954282,13.6766,0.574283,F
2566,1,HappyBirthday,597,10220.9,M,1,0.000192698,0.325179,68.252,0.0669326,F
2566,1,HappyBirthday,1131,1460,F,1,4.98621e-05,0.664014,1218.72,0.0191699,F
2567,1,HappyBirthday,57,9490.85,F,1,0.00116527,0.228891,2.87411,0.367436,F
2568,1,HappyBirthday,643,6935.21,M,0,0,0.00726376,0,0,F
2568,1,HappyBirthday,812,15695.8,M,1,0.0154943,1.26539,4.06571,4.92353,F
2568,1,HappyBirthday,1215,730,F,1,0.590199,28.0709,596.202,461.623,F
2569,1,HappyBirthday,91,5840.68,F,1,0.00532417,6.48312,4.93972,1.67327,F
2569,1,HappyBirthday,254,9125.76,M,1,0.000849142,4.5426,8905.58,1.41048,F
2569,1,HappyBirthday,476,6935.8,F,1,0.155983,0.736128,1913.9,58.8753,F
2569,1,HappyBirthday,1132,1460,F,1,0.00181228,4.71624,11.7766,0.593618,F
2569,1,HappyBirthday,1088,1825,M,1,0.0382855,1.72009,59.5114,15.5765,F
2570,1,HappyBirthday,136,5475.54,F,1,0.0103939,0.2505,4.90929,3.32548,F
2571,1,HappyBirthday,538,14965.7,M,1,0.00654698,1.65382,359.349,2.04853,F
2571,1,HappyBirthday,1216,730,F,1,0.000162994,0.069417,1.17931,0.050933,F
2572,1,HappyBirthday,339,21535.2,F,1,0.00403972,0.0348634,60.8176,1.37927,F
2572,1,HappyBirthday,402,5110.04,F,1,0.0135272,6.94226,1405.09,4.90184,F
2573,1,HappyBirthday,436,11315.3,F,1,0.0822527,0.916372,362.923,30.6747,F
2573,1,HappyBirthday,915,4745.13,F,1,0.00130906,1.12935,5.96776,0.410533,F
2574,1,HappyBirthday,288,3285.49,F,1,0.00216664,0.124037,4865.82,1.43706,F
2575,1,HappyBirthday,38,34310,F,1,0.224679,1.33259,35.3942,83.7797,F
2575,1,HappyBirthday,1133,1460,M,1,0.0234276,63.8462,114335,374.772,F
2575,1,HappyBirthday,1038,2190,M,1,0.00107938,0.519058,2965.75,0.521618,F
2576,1,HappyBirthday,79,20805.7,F,1,0.0943111,0.710741,0.714595,30.8283,F
2576,1,HappyBirthday,668,8760.06,M,1,0.000410041,0.262011,88.3924,0.143904,F
2576,1,HappyBirthday,702,6205.51,M,1,0.00493321,3.0196,46.5659,1.54086,F
2576,1,Births,1287,0,M,0,0,0.614987,0,0,F
2577,1,HappyBirthday,1039,2190,F,1,0.0019063,0.624785,3421.93,2.20275,F
2577,1,HappyBirthday,904,5475.02,F,1,0.00403873,2.60238,680.469,1.27393,F
2578,1,HappyBirthday,794,4015.33,M,0,0,0.118465,0,0,F
2578,1,HappyBirthday,817,9125.74,F,1,0.0247151,2.41939,0.143448,7.78309,F
2578,1,HappyBirthday,983,6570.53,F,1,0.00116304,0.28214,31.7657,0.396723,F
2578,1,Births,1288,0,F,0,0,1.56837,0,0,F
2579,1,HappyBirthday,1177,1095,F,1,0.00332181,0.339758,0.229485,1.03422,F
2579,1,HappyBirthday,246,12410.6,M,1,0.000112624,0.449652,32.884,0.036647,F
2579,1,HappyBirthday,947,2921,M,1,0.00771811,0.991154,0.392529,2.4097,F
2579,1,Births,1289,0,M,0,0,0.0501016,0,0,F
2580,1,HappyBirthday,1245,365,F,1,0.532466,0.157594,36.5776,251.408,F
2580,1,HappyBirthday,796,21900.2,M,1,0.00639348,1.36399,0.380864,1.99429,F
2580,1,HappyBirthday,932,14600.7,F,1,0.00639702,31.3586,1.43744,1.99869,F
2580,1,HappyBirthday,945,5475.8,M,1,0.109051,0.267305,1.00858,35.9225,F
2581,1,HappyBirthday,998,14965.3,F,1,0.00789307,0.764472,18.5524,2.5632,F
2582,1,HappyBirthday,1134,1460,F,1,0.00334884,0.0459195,56.4417,1.1197,F
2582,1,HappyBirthday,515,7300.96,M,1,0.00109456,1.14418,39.5169,0.359885,F
2582,1,HappyBirthday,1217,730,F,1,0.00391992,0.123476,0.00335165,1.22078,F
2582,1,HappyBirthday,1005,2555,F,1,0.001381,0.368531,0.0154841,0.429414,F
2583,1,HappyBirthday,59,4745.47,F,1,0.000129074,0.0630908,0.0663888,0.0401387,F
2583,1,HappyBirthday,272,30660.7,F,1,0.0277529,1.69459,11.6566,9.16685,F
2583,1,HappyBirthday,1040,2190,M,1,0.527951,0.725656,161.348,236.805,F
2584,1,HappyBirthday,125,11315.1,M,1,0.00968138,2.14531,5.3852,3.02669,F
2584,1,HappyBirthday,1006,2555,M,1,0.0946894,0.0317573,109.869,36.277,F
2584,1,Births,1290,0,F,0,0,0.0638072,0,0,F
2585,1,HappyBirthday,1089,1825,F,1,0.00589241,0.0251471,122.116,2.32611,F
2585,1,HappyBirthday,638,8030.95,M,1,0.312545,4.46427,5562.86,141.943,F
2586,1,HappyBirthday,163,22630.4,M,1,2.15998e-05,1.18129,8881.52,0.0696904,F
2586,1,HappyBirthday,699,24820.4,M,1,0.015869,0.0357616,7.49706,5.01783,F
2587,1,HappyBirthday,170,24820.8,M,1,0.0124454,1.23344,7.56827,4.03365,F
2587,1,HappyBirthday,279,14965.1,M,1,0.330623,0.556657,37.9212,134.503,F
2587,1,HappyBirthday,908,3285.49,M,0,0,0.0432669,0,0,F
2588,1,HappyBirthday,2,19345.5,M,1,0.104417,0.221124,11.4913,34.3092,F
2588,1,HappyBirthday,1041,2190,F,1,0.0972008,18.5272,357.792,32.09,F
2588,1,HappyBirthday,860,12045.5,M,1,0.403159,0.647306,230.894,199.885,F
2588,1,Births,1291,0,M,0,0,0.0255988,0,0,F
2589,1,HappyBirthday,338,3285.43,M,1,0.292704,0.557658,37.3881,121.043,F
2589,1,Births,1292,0,F,0,0,0.0120262,0,0,F
2590,1,HappyBirthday,318,9490.88,F,1,0.108107,6.61194,12457.1,75.6647,F
2591,1,HappyBirthday,320,12775.1,M,1,0.00133563,1.10344,40.1855,0.459918,F
2591,1,HappyBirthday,374,4745.08,F,1,2.62191e-05,0.0661583,8873.85,0.176032,F
2591,1,HappyBirthday,711,3285.38,M,1,0.0024481,0.956339,0.0122945,0.7619,F
2592,1,HappyBirthday,789,10220.2,F,0,0,0.207316,0,0,F
2592,1,HappyBirthday,1007,2555,M,1,0.351371,0.84279,5472.26,184.216,F
2593,1,HappyBirthday,119,15330.5,F,1,0.577544,1.10989,6923.87,1091.02,F
2593,1,HappyBirthday,306,15330.4,F,1,0.00637222,0.972136,10370.8,46.7018,F
2593,1,HappyBirthday,398,10220.9,F,1,2.00846e-05,6.48417,9457.46,0.133554,F
2594,1,HappyBirthday,67,12410.1,M,1,0.0158819,0.301421,218.179,5.57644,F
2594,1,HappyBirthday,73,3285.66,F,1,0.0641901,0.151102,10.9238,20.873,F
2594,1,HappyBirthday,616,9125.1,F,1,0.000628984,2.59505,79.3795,0.261387,F
2594,1,HappyBirthday,961,2920.35,M,1,0.00706966,11.4134,850.627,2.4249,F
2595,1,HappyBirthday,1042,2190,M,1,0.00386529,0.503825,51.8704,1.20648,F
2595,1,HappyBirthday,250,15330.4,M,1,3.3257e-05,1.74654,1884.29,0.0566424,F
2595,1,HappyBirthday,390,26280.9,M,1,0.000273756,0.251547,102587,1.16028,F
2595,1,HappyBirthday,660,3285.48,M,1,0.000748098,0.638402,269.534,0.236826,F
2595,1,HappyBirthday,731,4380.42,M,1,2.57581e-05,1.21249,14355.3,0.237869,F
2596,1,HappyBirthday,39,16790.6,F,1,0.0228714,0.732777,49.2306,7.85593,F
2596,1,HappyBirthday,1218,730,F,1,0.044271,0.326116,55.0754,15.3129,F
2596,1,HappyBirthday,148,19710.7,F,1,0.00407665,1.02562,91.8299,1.45341,F
2596,1,HappyBirthday,483,9125.89,F,1,0.000920404,0.22058,0.729095,0.286578,F
2597,1,HappyBirthday,76,12411,M,1,0.0750716,2.59927,425.92,28.1283,F
2597,1,HappyBirthday,1135,1460,F,1,0.0811278,3.43411,5544.87,365.454,F
2597,1,HappyBirthday,669,17520.3,F,1,0.71244,3.84135,141.099,397.902,F
2597,1,Births,1293,0,M,0,0,0.0457245,0,0,F
2598,1,HappyBirthday,769,17520.1,M,1,0.00026465,0.68114,0.0320482,0.082234,F
2599,1,HappyBirthday,1136,1460,M,1,0.022225,0.150301,18863.5,23.0764,F
2599,1,HappyBirthday,588,9855.75,M,1,0.0488936,5.07604,499.897,26.4352,F
2599,1,HappyBirthday,880,5475.71,F,1,0.197553,0.215174,63205.9,985.822,F
2599,1,HappyBirthday,1043,2190,F,1,0.0285692,0.152594,30.5276,10.0586,F
2600,1,HappyBirthday,75,16425.9,M,1,0.763267,1.02768,14.2881,465.26,F
2600,1,HappyBirthday,204,6570.55,F,1,0.110926,0.708935,128.518,48.3055,F
2600,1,HappyBirthday,457,11315,F,1,0.000663925,0.172218,22.8658,0.214457,F
2600,1,HappyBirthday,636,16425.6,F,1,0.00338361,0.739329,112.694,1.16201,F
2600,1,HappyBirthday,840,11315.2,M,1,0.113934,3.44752,13.1624,38.7631,F
2600,1,HappyBirthday,995,16790.9,M,1,0.170611,0.243228,25.9765,62.3616,F
2601,1,HappyBirthday,72,7300.34,F,1,0.092838,1.1009,2474.07,42.5845,F
2601,1,HappyBirthday,950,8760.2,M,1,0.00256259,74.0963,6613.94,7.29445,F
2602,1,HappyBirthday,285,6570.07,M,1,0.0120154,0.737374,62.8909,4.10257,F
2602,1,HappyBirthday,1044,2190,F,1,0.00399567,0.107785,0.00027739,1.24371,F
2603,1,HappyBirthday,26,8395.79,F,1,0.0526956,1.84338,8371.23,25.8167,F
2603,1,HappyBirthday,45,17155.1,M,1,0.174698,2.18456,94.153,69.195,F
2603,1,HappyBirthday,99,5840.56,M,1,0.000717042,3.67109,43.3854,0.236698,F
2603,1,HappyBirthday,523,5110.24,F,1,0.0365871,4.39646,39.7771,12.297,F
2603,1,HappyBirthday,719,5475.9,F,1,0.000349209,0.454595,33.8679,0.126566,F
2603,1,HappyBirthday,1045,2190,M,1,0.0205773,5.21677,158.572,6.52471,F
2604,1,HappyBirthday,635,20805.1,M,1,0.152685,1.83293,58405.2,999.673,F
2604,1,HappyBirthday,1219,730,F,1,0.312711,1.1711,19.4249,127.959,F
2605,1,HappyBirthday,23,8760.02,F,1,0.456413,13.8089,131.149,275.687,F
2607,1,HappyBirthday,355,19710.4,F,1,0.765004,1.79015,84.7334,511.457,F
2607,1,HappyBirthday,1008,2555,F,1,0.129323,0.0642898,988.798,46.8678,F
2607,1,HappyBirthday,1090,1825,M,1,0.0109873,0.0429904,1.88524,3.434,F
2608,1,HappyBirthday,97,5475.96,F,0,0,0.0466226,0,0,F
2608,1,HappyBirthday,201,2920.97,F,1,0.0234654,2.08237,67.1505,8.19661,F
2608,1,HappyBirthday,451,3650.92,M,1,0.0470468,4.74624,700.735,22.4966,F
2608,1,HappyBirthday,594,4380.45,M,1,0.00133754,14.1195,585.914,0.440986,F
2608,1,HappyBirthday,641,11315.7,F,1,0.00010035,0.121305,48330.6,0.917764,F
2609,1,HappyBirthday,253,6205.18,M,1,6.09637e-05,1.94615,1178.52,0.110715,F
2609,1,HappyBirthday,600,11315.9,F,1,0.0289308,0.230123,2.70438,9.16879,F
2609,1,HappyBirthday,1009,2555,M,1,0.0087839,0.345659,88.437,3.06718,F
2609,1,HappyBirthday,841,13870.7,F,1,0.00716862,1.13874,42.9261,2.68383,F
2610,1,HappyBirthday,479,4380.94,F,1,0.00915863,0.276076,17097.6,4.13254,F
2610,1,HappyBirthday,517,14965.1,M,1,0.0128802,0.126508,3195.64,18.5872,F
2611,1,HappyBirthday,52,7300.89,F,1,0.00150405,0.097301,17.3175,0.478639,F
2611,1,HappyBirthday,1046,2190,M,0,0,0.0249735,0,0,F
2611,1,HappyBirthday,478,5110.62,M,1,0.00238407,0.646657,11.5941,0.742112,F
2611,1,HappyBirthday,506,5110.39,M,1,0.00754344,0.180628,2675.4,3.04502,F
2611,1,HappyBirthday,524,13505.2,F,1,0.00155665,6.34867,19.3356,0.490019,F
2612,1,HappyBirthday,388,11315.4,M,1,3.45796e-05,0.0354499,13.3367,0.0113638,F
2612,1,HappyBirthday,623,9125.73,M,1,0.00513249,2.58548,67.3943,2.06456,F
2612,1,HappyBirthday,627,16790.4,F,1,0.262982,0.326927,370.302,98.6761,F
2612,1,HappyBirthday,728,4015.03,F,1,0.00873948,0.149691,24.9727,3.04445,F
2612,1,HappyBirthday,748,2920.8,M,1,0.108742,1.29087,31.2662,36.5926,F
2613,1,HappyBirthday,1092,1825,M,1,0.00632246,3.14206,62.2573,2.25975,F
2613,1,HappyBirthday,1180,1095,F,1,0.310137,0.177742,43.3828,123.756,F
2613,1,Births,1294,0,F,0,0,0.445785,0,0,F
2614,1,HappyBirthday,1047,2190,F,1,0.0536421,21.2161,70.0315,18.1814,F
2614,1,HappyBirthday,1181,1095,M,1,0.000970731,0.224873,4.16148,0.303924,F
2614,1,HappyBirthday,348,2920.5,F,1,0,0.086035,269.284,0,F
2614,1,HappyBirthday,790,4745.85,M,1,0.250848,0.869748,28.214,90.4832,F
2615,1,HappyBirthday,422,32120.3,M,1,0.05413,0.102022,47.1029,18.5741,F
2615,1,HappyBirthday,677,13505.2,F,1,0.00278937,1.55792,1695.68,0.923791,F
2615,1,HappyBirthday,906,8395.9,M,1,0.0537627,0.739228,2920.7,18.0206,F
2616,1,HappyBirthday,410,16060.1,F,1,0.904855,0.153347,96.7454,826.199,F
2616,1,HappyBirthday,889,4015.11,F,1,0.0224418,3.69956,8093.55,8.75165,F
2617,1,HappyBirthday,24,21535.2,M,1,0.511756,1.20554,338.687,234.453,F
2617,1,HappyBirthday,93,12045,F,1,0.0457348,0.244619,33.2024,16.0451,F
2617,1,HappyBirthday,1138,1460,F,1,0.000545019,0.146224,13581.7,5.06552,F
2617,1,HappyBirthday,921,4380.9,M,1,0.274525,1.86065,2.57083,100.459,F
2618,1,HappyBirthday,940,9490.43,M,1,0.000428175,0.264087,60.2064,0.155537,F
2619,1,HappyBirthday,224,4745.43,F,1,0.00263021,0.170718,25.1051,0.911961,F
2619,1,HappyBirthday,741,11315.6,F,1,0.0514305,2.20338,999.039,27.5852,F
2619,1,HappyBirthday,825,6935.07,M,1,0.117034,2.23387,43.1985,46.1674,F
2620,1,HappyBirthday,474,2920.96,M,1,0.079601,0.2241,82.3543,29.5571,F
2620,1,HappyBirthday,743,4015.84,M,1,0.00339063,0.498625,6.27893,1.05816,F
2620,1,HappyBirthday,1139,1460,F,1,0.0071092,0.0545864,3.2977,2.22959,F
2620,1,HappyBirthday,875,4015.93,F,1,0.000649147,0.0818195,53.4934,0.25036,F
2621,1,HappyBirthday,198,3650.94,M,1,0.000280315,1.98547,162.836,0.107605,F
2621,1,HappyBirthday,901,8395.22,F,1,0.00245844,0.805792,64.1441,0.834876,F
2621,1,HappyBirthday,914,10950.2,M,1,0.000890845,1.86217,10.9019,0.282276,F
2622,1,HappyBirthday,385,7300.3,F,1,0.0184553,0.385982,37.5725,6.09854,F
2623,1,HappyBirthday,268,7665.79,F,1,0.0691506,0.341916,808.105,22.9331,F
2623,1,HappyBirthday,1247,365,F,1,0.163857,0.154293,59493.9,1014,F
2623,1,HappyBirthday,1246,365,F,1,0.0479373,0.127465,2723.96,23.3378,F
2623,1,HappyBirthday,928,28470.5,F,1,0.0202935,1.64098,5171.29,45.4931,F
2623,1,Births,1295,0,M,0,0,0.0297795,0,0,F
2624,1,HappyBirthday,582,4745.01,F,1,0.000627663,1.1956,130.241,0.234288,F
2626,1,HappyBirthday,140,20805.5,M,1,0.0178075,5.79576,12.559,5.67374,F
2627,1,HappyBirthday,439,16790.5,M,1,0.0311717,6.76589,2420.81,41.0441,F
2627,1,HappyBirthday,1011,2555,F,1,0.032745,0.133927,10.2073,10.377,F
2627,1,HappyBirthday,1220,730,M,1,0.0148688,0.185446,27.8873,5.30958,F
2628,1,HappyBirthday,389,8395.39,F,1,0.00471882,1.80865,0.287034,1.47111,F
2628,1,HappyBirthday,675,7665.74,F,0,0,0.0528229,0,0,F
2628,1,HappyBirthday,771,22995.8,M,1,0.357248,5.44196,160.009,159.674,F
2629,1,HappyBirthday,282,24820.3,M,1,0.076985,0.256397,12.338,25.4209,F
2629,1,HappyBirthday,425,27010.4,M,1,0.000222104,0.531306,188.156,0.0778866,F
2629,1,HappyBirthday,498,8030.31,M,1,0.00736182,0.0922723,7074.15,3.10613,F
2629,1,HappyBirthday,508,11680.5,M,1,0.0305471,0.728251,12060,14.3205,F
2629,1,HappyBirthday,535,3285.74,F,1,0.149717,0.484228,236.706,53.1829,F
2629,1,HappyBirthday,849,2920.16,M,1,0.00422106,28.2224,3888.51,2.21391,F
2629,1,HappyBirthday,1048,2190,M,1,0.170422,3.33276,33.5172,60.8931,F
2630,1,HappyBirthday,1140,1460,M,1,0.0650231,0.092148,1099.04,27.1842,F
2631,1,HappyBirthday,1221,730,F,1,0.00168076,0.0134273,45.7944,0.555513,F
2631,1,HappyBirthday,501,22630.3,F,1,0.0193897,0.217976,94225.2,76.4283,F
2631,1,HappyBirthday,946,6570.25,M,1,0.0203749,8.92881,2264.08,50.5714,F
2632,1,HappyBirthday,233,8395.08,F,1,0.0357851,0.0835456,67.4682,12.3718,F
2632,1,HappyBirthday,347,9125.09,M,1,0.000600313,0.0955222,0.0652072,0.186702,F
2632,1,HappyBirthday,420,15330.7,M,1,0.232303,1.17227,4.4635,82.4854,F
2632,1,HappyBirthday,449,8030.46,F,1,0.0824231,4.75922,2580.05,205.417,F
2633,1,HappyBirthday,88,8030.34,F,1,0.00316345,0.546295,157.656,1.20272,F
2634,1,HappyBirthday,795,5475.67,F,1,0.000262594,0.142002,0,0.0817216,F
2634,1,HappyBirthday,917,7300.9,M,1,0.145121,30.0079,2624.94,52.2545,F
2634,1,HappyBirthday,960,3285.91,F,1,0.000119017,3.20046,85335.5,0.476943,F
2635,1,HappyBirthday,1049,2190,M,1,0.274854,0.922342,3205.52,398.759,F
2636,1,HappyBirthday,55,5475.7,F,1,0.00122471,0.818705,20415.7,2.58587,F
2636,1,HappyBirthday,1248,365,F,1,9.98847e-06,0.0400668,8649.5,0.0611389,F
2636,1,HappyBirthday,776,11315.3,M,1,8.98112e-05,0.0933464,0.733126,0.027993,F
2636,1,HappyBirthday,821,27010.6,F,1,1.18743e-05,0.252957,1625.79,0.0240336,F
2637,1,HappyBirthday,116,9855.97,F,1,0.0438173,0.983316,46.1427,14.907,F
2637,1,HappyBirthday,1182,1095,F,1,0.224825,3.85251,1704.91,460.444,F
2637,1,HappyBirthday,432,7665.86,M,1,0.00439689,0.393273,102.893,1.5943,F
2638,1,HappyBirthday,172,9125.68,F,1,0.0444569,9.56882,3198.54,71.6593,F
2638,1,HappyBirthday,1222,730,M,1,0.539656,1.10268,1609.45,278.867,F
2638,1,Births,1296,0,F,0,0,0.0130673,0,0,F
2641,1,HappyBirthday,137,12046,F,1,0.131102,0.78456,1.26595,43.6847,F
2641,1,HappyBirthday,245,31026,F,1,0.00663247,75.1193,44.7771,2.486,F
2641,1,HappyBirthday,549,11680.6,F,1,0.000894433,0.0612605,81.2797,0.285214,F
2641,1,HappyBirthday,1249,365,M,1,0.000164919,0.413951,47398,0.204643,F
2641,1,HappyBirthday,752,31390.3,M,1,0.00219831,5.35639,0.272036,0.684902,F
2642,1,HappyBirthday,453,33945.5,F,1,0.00292228,1.20281,5.84155,0.918757,F
2642,1,HappyBirthday,1050,2190,M,1,0.595232,17.8678,31.3536,295.945,F
2643,1,HappyBirthday,283,3650.8,M,1,0.000621072,0.0734513,133.629,0.231973,F
2645,1,HappyBirthday,440,5110.07,M,1,0.0152739,9.73508,126.563,4.7843,F
2645,1,HappyBirthday,580,6205.03,M,1,0.751116,0.170577,30788.8,1478.95,F
2646,1,HappyBirthday,532,19345.9,F,1,0.000971213,0.244723,55.8619,0.325172,F
2646,1,HappyBirthday,1094,1825,M,1,0.0193099,0.0356516,1486.04,12.9371,F
2647,1,HappyBirthday,791,13870.2,M,1,0.0708144,1.63553,13696.3,38.8915,F
2647,1,Births,1297,0,F,0,0,0.032159,0,0,F
2649,1,HappyBirthday,1141,1460,M,1,0.185826,0.828554,576.813,115.753,F
2649,1,HappyBirthday,1012,2555,M,1,7.3493e-05,0.0612706,13823.2,0.0383333,F
2649,1,HappyBirthday,568,22995.6,M,1,0.000680998,0.0351957,0.0009052,0.211869,F
2649,1,HappyBirthday,652,3285.71,M,1,0.00295195,2.81058,2417.03,5.05291,F
2649,1,HappyBirthday,1051,2190,M,1,0.00225882,0.258101,53.8208,0.756385,F
2651,1,HappyBirthday,12,3650.8,F,1,0.0120804,0.198116,26.8496,3.79211,F
2651,1,HappyBirthday,63,6935.31,F,1,7.98428e-05,0.587982,16.175,0.0268156,F
2652,1,HappyBirthday,1250,365,F,1,0.0126836,0.0093999,4.54063,3.99812,F
2652,1,HappyBirthday,705,7665.61,F,1,0,0.0903485,42.4744,0,F
2653,1,HappyBirthday,1183,1095,F,1,0.0250303,0.459656,7356.65,8.04597,F
2653,1,HappyBirthday,913,14965.8,F,1,0.000776789,1.65213,17038.9,0.4418,F
2653,1,HappyBirthday,958,9855.28,F,1,0.000858052,1.45185,0.0001006,0.266707,F
2654,1,HappyBirthday,1095,1825,M,1,0.21231,3.31937,1966.03,385.824,F
2655,1,HappyBirthday,227,9125.31,M,1,0.366727,5.92729,645.747,148.879,F
2655,1,HappyBirthday,248,10950.8,M,1,0.426468,2.23253,9868.32,495.011,F
2655,1,HappyBirthday,631,5475.64,M,1,0.0012293,0.0447587,101.933,0.386165,F
2656,1,HappyBirthday,1096,1825,F,1,0.000458676,0.0858013,29.5123,0.162204,F
2656,1,HappyBirthday,135,7665.13,F,1,0.226737,7.31008,9.37146,81.1211,F
2656,1,HappyBirthday,693,6205.41,F,1,0.00507196,0.377218,30753.1,16.1129,F
2657,1,HappyBirthday,286,5840.05,M,1,0.565882,0.476898,1551.69,318.811,F
2657,1,HappyBirthday,310,4380.52,M,1,0.00176962,0.583351,19.627,0.568968,F
2657,1,HappyBirthday,376,7665.36,M,1,0.0460906,18.0698,2594.5,47.4988,F
2657,1,HappyBirthday,585,10220.3,F,1,0.0942778,5.32746,1541.97,130.149,F
2657,1,HappyBirthday,975,26645,M,1,0.131154,0.10496,1.55261,43.8114,F
2658,1,HappyBirthday,624,10585.3,F,1,0.0934285,0.208911,96.0313,39.264,F
2659,1,HappyBirthday,244,21535.3,F,1,0.00947991,0.280705,25.1321,3.08797,F
2659,1,HappyBirthday,309,6935.15,M,1,0.0714184,0.319279,89.9344,25.3696,F
2659,1,HappyBirthday,1013,2555,M,1,0.0017906,0.483115,0.729624,0.559097,F
2661,1,HappyBirthday,331,17155.3,F,1,0.0115587,2.53454,3.28363,3.65844,F
2661,1,HappyBirthday,630,16060.8,F,1,0.729699,1.23455,88.0541,410.975,F
2661,1,HappyBirthday,811,9125.91,M,1,0.00468836,0.0829854,2915.73,6.80555,F
2661,1,HappyBirthday,1097,1825,M,1,0.0285078,0.0556585,964.938,33.9743,F
2661,1,HappyBirthday,1142,1460,F,1,0.170023,0.923577,133.579,68.2979,F
2662,1,HappyBirthday,1014,2555,M,1,0.0198642,0.960769,46196.1,77.7747,F
2662,1,HappyBirthday,953,5110.73,F,1,0.000229141,1.15169,1002.49,0.17015,F
2663,1,HappyBirthday,520,12775.7,F,1,0.204295,1.97955,1613.61,267.194,F
2664,1,HappyBirthday,273,18250.7,M,1,0.120938,3.77314,2363.18,40.9404,F
2664,1,HappyBirthday,395,20805.4,F,1,0.0522239,1.78104,27.2557,18.699,F
2664,1,HappyBirthday,1098,1825,M,1,0.00357197,5.69752,1857.4,3.43575,F
2664,1,HappyBirthday,1184,1095,F,1,0.00171388,0.227162,537.47,0.942919,F
2665,1,HappyBirthday,127,10950,F,1,0.109143,20.2966,8970.82,174.532,F
2665,1,HappyBirthday,505,4380.94,M,1,0.00160125,3.0158,185.434,0.719364,F
2665,1,HappyBirthday,521,4380.25,F,1,0.126593,5.27424,389.354,42.466,F
2665,1,HappyBirthday,613,20075.1,F,1,0,0.0292599,14.5333,0,F
2665,1,HappyBirthday,1143,1460,M,1,0.0863233,0.308936,333.458,28.7089,F
2665,1,HappyBirthday,746,4015.76,M,1,0.247291,0.843303,1500.07,105.902,F
2666,1,HappyBirthday,14,4015.71,M,1,0.00173249,2.20354,2544.32,1.99961,F
2666,1,HappyBirthday,1251,365,M,1,0.194,3.30787,32.3979,68.5314,F
2666,1,HappyBirthday,1099,1825,M,1,0,0.0832231,17446.4,0,F
2666,1,HappyBirthday,663,32120.2,F,1,0.00159808,23.5424,39.06,0.52411,F
2666,1,HappyBirthday,698,5110.83,M,1,0.0108089,1.85963,24.9034,3.52226,F
2666,1,HappyBirthday,900,15330.5,M,1,0.00247283,2.71848,32.016,0.874318,F
2666,1,HappyBirthday,1052,2190,M,1,0.182392,0.449864,1964.12,63.3732,F
2668,1,HappyBirthday,129,6570.54,F,1,0.00138078,2.87234,3.33732,0.430828,F
2668,1,HappyBirthday,1185,1095,F,1,0.058042,0.666924,6154.07,32.345,F
2668,1,HappyBirthday,683,27010.2,F,0,0,0.020728,0,0,F
2668,1,HappyBirthday,833,8760.47,M,1,0.00671516,0.648667,76.4288,2.1117,F
2669,1,HappyBirthday,74,16790.2,M,1,0.00301183,0.89628,0.763669,0.940212,F
2669,1,HappyBirthday,162,7300.08,M,1,0.17069,0.53027,75.9011,65.5451,F
2669,1,HappyBirthday,1252,365,M,0,0,0.0429203,0,0,F
2669,1,HappyBirthday,650,10585.7,F,1,0.185604,5.63484,14.2819,67.9974,F
2670,1,HappyBirthday,113,16425.9,M,1,0.0173807,0.216239,6428.43,45.2811,F
2670,1,HappyBirthday,231,27376,F,1,7.11103e-05,13.7165,6938.67,0.202695,F
2670,1,HappyBirthday,303,6205.11,M,1,0.50347,1.04426,44.0806,217.816,F
2670,1,HappyBirthday,323,18615.3,M,1,0.131268,0.130562,255.09,49.616,F
2670,1,HappyBirthday,691,14965.7,F,1,0.0590061,0.23536,1551.93,21.6958,F
2671,1,HappyBirthday,1053,2190,M,1,0.590141,0.476748,668.865,281.553,F
2671,1,HappyBirthday,295,20075.4,F,1,0.00189648,2.56976,0.0767366,0.589895,F
2672,1,HappyBirthday,806,33580,M,1,0.107933,0.151861,75807.1,1261.3,F
2673,1,HappyBirthday,967,18980.9,M,1,0.00393215,2.58951,45.2955,1.4067,F
2674,1,HappyBirthday,1253,365,F,1,0.247246,0.617573,3395.61,169.913,F
2675,1,HappyBirthday,337,7665.16,F,1,0.0456013,0.458962,1605.68,42.8311,F
2675,1,HappyBirthday,609,4745.03,M,1,0.00751514,0.764079,84.8914,2.35787,F
2675,1,HappyBirthday,622,10951,M,1,0.00033359,0.458473,132.495,0.13754,F
2675,1,HappyBirthday,785,21170.2,M,1,0.378024,1.36058,2739.33,305.961,F
2675,1,HappyBirthday,856,11315.9,F,1,0.0501721,0.973528,5.7126,16.0009,F
2676,1,HappyBirthday,160,17155.7,F,1,0.00723866,0.18175,900.197,2.48069,F
2676,1,HappyBirthday,475,14235.6,F,1,0.00447049,0.332553,1.39212,1.40145,F
2676,1,HappyBirthday,1144,1460,F,1,0.6525,0.10598,526.102,357.509,F
2676,1,HappyBirthday,822,8030.78,F,1,0.886717,0.60715,11.1781,687.538,F
2677,1,HappyBirthday,212,6205.34,M,1,0.00863593,3.23199,49.6904,2.87088,F
2677,1,HappyBirthday,1223,730,M,1,9.18981e-05,1.45671,104140,0.832148,F
2678,1,HappyBirthday,1254,365,M,1,0.32034,0.0246468,423.187,237.754,F
2678,1,HappyBirthday,174,13505.7,M,1,0.134676,0.195667,2268.12,44.9821,F
2680,1,HappyBirthday,1224,730,F,1,0.207516,0.0221657,0.667045,72.3653,F
2680,1,HappyBirthday,406,6570.82,F,1,0.226628,1.54834,20.8989,79.9255,F
2680,1,HappyBirthday,706,8760.79,F,1,0.0315737,3.67628,491.148,12.3696,F
2680,1,HappyBirthday,872,12775.2,F,1,0.454587,18.5261,57.2725,204.934,F
2680,1,HappyBirthday,923,9125.19,F,1,0.000416671,8.83482,1029.76,0.157415,F
2680,1,HappyBirthday,1056,2190,F,1,0.244557,0.464461,2896.8,101.803,F
2681,1,HappyBirthday,1186,1095,F,1,0.0070922,2.8522,91490.8,29.8879,F
2682,1,HappyBirthday,27,2920.37,M,1,0.00505088,13.1624,33.6072,1.79284,F
2682,1,HappyBirthday,112,17155.8,F,1,0.000254978,0.402869,1060.03,0.128278,F
2682,1,HappyBirthday,1057,2190,F,1,0.00648269,1.20523,0.201961,2.02074,F
2682,1,HappyBirthday,259,3285.97,M,1,0.059242,0.0565133,25.1743,19.8058,F
2682,1,HappyBirthday,308,5110.75,F,1,0.00380846,0.048312,156.142,1.76428,F
2682,1,HappyBirthday,1225,730,F,1,0.714206,0.102032,497.323,413.094,F
2682,1,HappyBirthday,781,21170.5,M,1,0.111585,0.104568,100.957,43.524,F
2682,1,Births,1298,0,M,0,0,0.131774,0,0,F
2683,1,HappyBirthday,207,8760.97,M,1,0.00435652,3.08413,19.0514,1.46734,F
2683,1,HappyBirthday,1226,730,M,1,0.62363,0.161676,1173.06,630.566,F
2684,1,HappyBirthday,169,14965,M,1,0.0720325,0.208304,19.8018,24.3932,F
2684,1,HappyBirthday,229,7665.56,M,1,0.00832368,0.905321,20509.3,50.653,F
2684,1,HappyBirthday,297,8760.68,F,1,7.01203e-05,1.05795,21.7185,0.0226182,F
2684,1,HappyBirthday,334,5110.93,M,1,0.00871239,0.720588,207.723,2.72401,F
2684,1,HappyBirthday,1145,1460,M,1,0.394559,1.27889,11272.2,1714.73,F
2684,1,HappyBirthday,1255,365,F,1,0.135832,0.359736,150.253,54.2822,F
2684,1,HappyBirthday,618,11316,F,1,0.00106819,1.51073,40.0159,0.385813,F
2685,1,HappyBirthday,834,14235.9,M,1,0.00146208,2.75826,920.724,0.517809,F
2685,1,HappyBirthday,1015,2555,F,1,0.000264198,7.98734,5241.97,0.500575,F
2686,1,HappyBirthday,311,4380.33,M,1,0.0074653,0.163699,36.6448,2.48587,F
2686,1,HappyBirthday,1058,2190,F,1,0.283092,0.0199004,12581.4,555.592,F
2686,1,HappyBirthday,499,25185.7,M,1,0.00738226,0.219176,570.646,2.41936,F
2686,1,HappyBirthday,797,2920.21,F,1,0.000316328,1.19099,0.0340794,0.0984401,F
2686,1,HappyBirthday,851,14965.4,F,1,8.20025e-06,0.141408,29203.3,0.0209878,F
2686,1,HappyBirthday,919,23360.3,M,1,0.531093,0.237476,2692.57,379.812,F
2687,1,HappyBirthday,740,7300.84,F,1,0.00218562,0.387984,24.0241,0.75592,F
2688,1,HappyBirthday,173,3285.3,M,1,0,0.01209,81634.2,0,F
2688,1,HappyBirthday,462,13140.4,F,1,0.126459,0.30831,1206.65,47.5356,F
2688,1,HappyBirthday,883,6935.98,M,1,0.11948,2.00412,1.66908,39.586,F
2688,1,HappyBirthday,973,4015.17,M,1,0.00096854,0.959678,18.9075,0.310541,F
2688,1,HappyBirthday,1059,2190,F,1,0.257013,0.0486624,28784.8,783.814,F
2689,1,HappyBirthday,1016,2555,F,1,0.305489,4.54062,61.1863,139.667,F
2689,1,HappyBirthday,455,10220.2,F,1,0.0227615,0.0232351,36.8495,7.85054,F
2689,1,HappyBirthday,599,5840.7,M,1,0.000348476,1.78186,38.7576,0.114385,F
2691,1,HappyBirthday,146,12775.8,F,1,0.400643,1.33327,1546.58,175.977,F
2691,1,HappyBirthday,486,4380.43,F,1,0.0127599,2.32637,36580.5,16.2455,F
2691,1,HappyBirthday,925,28470.4,M,1,0.17753,0.199465,19.7876,61.2618,F
2691,1,Births,1299,0,F,0,0,0.540971,0,0,F
2692,1,HappyBirthday,25,23725.7,M,1,0.127955,0.0589002,120.343,49.5461,F
2692,1,HappyBirthday,124,10220.8,F,1,0.000204315,0.172361,981.256,0.303921,F
2692,1,Births,1300,0,F,0,0,0.0107799,0,0,F
2693,1,HappyBirthday,1101,1825,M,1,0.184936,0.13364,115.034,65.5662,F
2693,1,HappyBirthday,1146,1460,F,1,0.3851,0.138558,342.973,155.588,F
2693,1,HappyBirthday,608,9490.9,M,1,0.143866,0.26199,13.8831,49.0174,F
2694,1,HappyBirthday,92,12045.4,M,1,0.00420339,1.19375,8.50922,1.34527,F
2694,1,HappyBirthday,1001,10220.1,M,1,0.0568982,1.49724,598.365,58.3017,F
2694,1,HappyBirthday,340,5110.51,F,1,0.777433,1.13446,17.171,477.384,F
2694,1,HappyBirthday,1102,1825,M,1,0.470148,0.090296,1195.58,907.669,F
2694,1,HappyBirthday,467,3285.71,F,1,0.000129588,3.2939,33.0956,0.0421697,F
2695,1,HappyBirthday,445,4380.68,M,1,0.0682108,0.471199,113.896,24.1106,F
2695,1,HappyBirthday,670,12410.8,F,1,0.103697,0.490695,2852.13,36.8965,F
2695,1,Births,1301,0,M,0,0,0.0108763,0,0,F
2695,1,Births,1302,0,M,0,0,0.0469682,0,0,F
2696,1,HappyBirthday,391,22995,M,1,0.00102411,1.0694,17.382,0.342967,F
2696,1,HappyBirthday,756,32120.9,M,1,0.799325,0.102531,549.173,501.606,F
2698,1,HappyBirthday,423,3285.73,M,1,0.114662,0.214473,9778.25,174.342,F
2698,1,HappyBirthday,434,15695.1,F,1,0.000169143,0.364383,0.210977,0.0526232,F
2699,1,HappyBirthday,1256,365,M,1,0.0018583,0.667487,12.3151,0.611688,F
2699,1,HappyBirthday,430,31025.4,M,1,0.00300697,0.918199,135.246,0.984517,F
2699,1,HappyBirthday,1061,2190,F,1,0.00653709,0.360305,2032.78,14.3309,F
2700,1,HappyBirthday,109,3285.19,M,1,0.198424,4.37319,41.4907,71.5264,F
2700,1,HappyBirthday,1187,1095,M,0,0,0.0272633,0,0,F
2700,1,HappyBirthday,801,5475.1,F,1,0.266309,9.11783,58.8969,102.433,F
2701,1,HappyBirthday,157,9855.79,F,1,0.0251845,0.987091,1394.86,8.33912,F
2702,1,HappyBirthday,133,4015.84,F,1,0.000361866,0.282724,19.2326,0.122269,F
2702,1,HappyBirthday,1228,730,M,1,4.80786e-05,0.377615,108906,0.35213,F
2702,1,HappyBirthday,242,7300.41,M,1,0.742679,1.4151,493.795,716.675,F
2702,1,HappyBirthday,424,3285.77,F,1,0.0802726,1.65968,0.405936,26.0222,F
2703,1,HappyBirthday,1188,1095,F,1,0.0623919,1.76091,0.626839,20.0373,F
2703,1,HappyBirthday,493,10950.8,F,1,0.00622856,2.11633,23.5304,2.12127,F
2703,1,HappyBirthday,866,6570.49,M,1,0.00146986,13.4061,1529.36,1.69869,F
2703,1,HappyBirthday,916,5840.06,F,1,0.128805,0.268094,3575.38,204.999,F
2703,1,HappyBirthday,1103,1825,M,1,0.00735568,0.155716,34.1039,2.42869,F
2704,1,HappyBirthday,32,4015.94,M,1,0.00431749,1.55107,6888.96,5.38751,F
2704,1,HappyBirthday,351,7665.04,F,1,0.00200323,345.163,1103.38,3.25598,F
2704,1,HappyBirthday,808,12411,M,1,1.32419e-05,0.643645,10802.3,0.092345,F
2705,1,HappyBirthday,66,26281,M,1,0,0.0870206,0.308138,0,F
2705,1,HappyBirthday,290,8395.11,F,1,0.0249153,3.4665,10630.7,21.6418,F
2705,1,HappyBirthday,1147,1460,F,1,0.000497124,0.0200356,7.146e-06,0.154519,F
2705,1,Births,1303,0,F,0,0,0.0639451,0,0,F
2706,1,HappyBirthday,1257,365,F,1,0.216534,0.112338,1643.77,244.97,F
2706,1,HappyBirthday,551,9855.64,M,1,0.0500726,4.20967,573.362,51.108,F
2707,1,HappyBirthday,888,2920.92,M,1,0.0742974,5.52185,223.105,24.3856,F
2708,1,HappyBirthday,1017,2555,F,1,0.109801,4.0211,39.4256,41.918,F
2708,1,HappyBirthday,1148,1460,M,1,0.0258893,1.00305,24505.1,135.063,F
2708,1,HappyBirthday,404,7300.27,M,1,0.0323035,4.41228,5155.38,82.1719,F
2708,1,HappyBirthday,579,5475.95,F,1,0.223313,0.764774,4390.62,187.759,F
2709,1,HappyBirthday,559,21170.8,M,1,0.540712,3.75323,5.32583,244.659,F
2709,1,Births,1304,0,F,0,0,0.0104724,0,0,F
2710,1,HappyBirthday,280,6570.34,F,1,0.553845,1.18671,6208.84,441.854,F
2710,1,HappyBirthday,766,5110.02,M,1,0.00070459,0.518316,0.313031,0.219082,F
2711,1,HappyBirthday,21,10221,F,1,0.00263772,0.537473,0.391458,0.822286,F
2711,1,HappyBirthday,1019,2555,F,1,0.00514774,0.153705,27.8541,1.77217,F
2711,1,HappyBirthday,1258,365,M,0,0,0.0067626,0,0,F
2712,1,HappyBirthday,469,8395.92,M,1,0.00039588,0.493055,27.153,0.138146,F
2713,1,HappyBirthday,228,14235.9,F,1,0.0273723,0.754203,0.112949,8.62924,F
2713,1,HappyBirthday,595,2920.04,F,1,0.0868274,0.205957,0.371557,28.2308,F
2713,1,HappyBirthday,718,6205.27,F,1,0.0447124,0.566674,576.426,15.399,F
2713,1,HappyBirthday,868,6935.72,F,1,0.124848,0.366256,819.749,42.2125,F
2713,1,HappyBirthday,902,4745.38,F,1,0.377651,0.101117,6248.71,513.183,F
2715,1,HappyBirthday,496,8760.67,F,1,0.000462122,0.582262,2477.82,0.660059,F
2715,1,HappyBirthday,1020,2555,M,1,0.0031344,0.695654,103.272,1.14129,F
2716,1,HappyBirthday,1229,730,M,1,0.0115704,0.56322,1526.42,3.63577,F
2717,1,HappyBirthday,187,8760.81,F,1,0.0527259,1.49846,452.61,49.0224,F
2717,1,HappyBirthday,518,22995.2,M,1,0.0311358,2.65685,979.165,11.5229,F
2718,1,HappyBirthday,435,14965.9,M,1,0.000637863,1.001,0.0091008,0.198254,F
2718,1,HappyBirthday,876,3285.56,F,1,0.155994,0.529436,1292.55,54.462,F
2719,1,HappyBirthday,53,4015.51,M,1,0.0523431,2.45701,19.8975,17.4227,F
2719,1,HappyBirthday,83,6935.32,M,1,0.000959692,0.0918286,7.89094,0.301898,F
2719,1,HappyBirthday,380,18980.4,M,1,0.00880314,16.0968,16.4475,2.94687,F
2719,1,HappyBirthday,813,16790.6,M,1,0.208561,0.379419,0.251343,72.7003,F
2720,1,HappyBirthday,111,2920.45,M,1,0.00169423,1.95446,5.48337,0.541838,F
2720,1,HappyBirthday,1259,365,F,1,0.00339626,0.537577,776.002,1.46327,F
2720,1,HappyBirthday,485,16790.3,F,1,0.666636,0.371289,0.130285,341.488,F
2721,1,HappyBirthday,1105,1825,F,1,0.0209301,0.106162,547.12,14.937,F
2721,1,HappyBirthday,763,6935.75,F,1,0.0385502,5.16682,5255.91,17.878,F
2721,1,HappyBirthday,939,9490.11,F,1,0.133781,2.44966,124.342,57.5987,F
2723,1,HappyBirthday,409,3650.2,F,1,0.450208,0.563455,1.1786,186.062,F
2724,1,HappyBirthday,8,3650.94,F,1,0.0070859,0.0913538,642.936,2.63006,F
2724,1,HappyBirthday,128,4380.54,M,1,0.514875,2.3654,165.732,362.358,F
2724,1,HappyBirthday,383,10585.4,M,1,0.000277149,7.91778,124.829,0.130304,F
2724,1,HappyBirthday,466,11680.4,F,1,0.0648708,0.633456,116.869,24.88,F
2725,1,HappyBirthday,371,32850.2,F,1,0.660824,34.4903,253.957,364.798,F
2725,1,HappyBirthday,611,13141,M,1,0.0506203,3.63095,38.0546,17.3093,F
2726,1,HappyBirthday,358,12775.9,F,1,0.172723,0.048432,125.116,58.9836,F
2726,1,HappyBirthday,1260,365,M,1,0.387385,0.330489,0.422115,152.608,F
2727,1,HappyBirthday,1022,2555,M,1,0.0219221,1.05955,433.959,11.5435,F
2727,1,HappyBirthday,621,7665.35,M,1,0.0213397,2.14139,4280.77,49.3722,F
2728,1,HappyBirthday,349,7300.05,F,1,0.000392564,0.16075,8.2429,0.12315,F
2728,1,HappyBirthday,555,16060.8,M,1,0.108884,0.131135,359.7,36.2304,F
2728,1,HappyBirthday,1106,1825,M,1,0.122958,0.0489915,88.7082,43.6897,F
2729,1,HappyBirthday,294,7300.32,F,0,0,0.0149163,0,0,F
2729,1,HappyBirthday,986,5110.94,M,1,0.0505612,0.0750533,28.7154,18.1185,F
2729,1,Births,1305,0,F,0,0,0.00322728,0,0,F
2730,1,HappyBirthday,1190,1095,M,1,0.00326458,0.303061,10.4029,1.03341,F
2730,1,HappyBirthday,738,7665.05,M,1,0.000556156,4.41588,0.100606,0.172918,F
2731,1,HappyBirthday,653,10220.4,F,1,0.0851986,4.6489,2246.52,116.732,F
2732,1,HappyBirthday,221,13140.6,M,1,0.012882,0.445565,1061.45,4.41192,F
2732,1,HappyBirthday,655,7665.98,M,1,0.320297,1.31349,43.9702,127.315,F
2732,1,HappyBirthday,871,20440.7,M,1,0.290606,8.63438,3816.49,107.036,F
2733,1,HappyBirthday,141,8395.91,M,1,0.000657366,3.44205,3337.21,0.214256,F
2733,1,HappyBirthday,164,8030.19,M,1,0.0152403,0.0977331,7046.81,42.9354,F
2733,1,HappyBirthday,167,3285.62,M,1,0.0469319,1.14296,21834,30.9454,F
2733,1,HappyBirthday,1062,2190,F,1,0.662491,0.0533965,2132.32,400.89,F
2733,1,HappyBirthday,687,3650.38,M,1,1.30358e-05,0.180314,357.024,0.0101712,F
2733,1,HappyBirthday,1149,1460,F,1,0.0156007,0.254291,0.707719,4.90458,F
2734,1,HappyBirthday,85,4015.74,M,1,0.0523314,0.240299,12.6823,17.4281,F
2734,1,HappyBirthday,168,12410.2,M,1,0.00727846,0.241297,11165.9,28.6392,F
2734,1,HappyBirthday,747,6935.34,M,1,0.367348,6.13134,337.277,182.266,F
2735,1,HappyBirthday,317,23360.8,F,1,0.351173,3.8488,8955.21,170.188,F
2735,1,HappyBirthday,1107,1825,F,1,0.554936,1.00532,574.18,451.604,F
2735,1,HappyBirthday,614,5840.42,M,1,7.98642e-05,1.14776,10.5335,0.026104,F
2735,1,HappyBirthday,865,11680.2,M,1,0.000203351,1.45347,20011.2,0.43959,F
2735,1,HappyBirthday,870,3285.03,M,1,0.0220228,1.04324,2567.18,8.10685,F
2736,1,HappyBirthday,4,35040,M,1,0.0188355,1.63777,1768.14,18.4472,F
2736,1,HappyBirthday,1063,2190,M,1,0.0187012,0.259589,32061.5,17.9068,F
2736,1,HappyBirthday,237,6570.73,M,1,0.000322076,4.43389,10.7949,0.103545,F
2736,1,HappyBirthday,1230,730,F,1,0.31492,0.131093,50726.2,1550.89,F
2736,1,HappyBirthday,314,6935.5,F,1,0.254482,0.291628,11764.4,490.332,F
2736,1,HappyBirthday,421,5840.78,M,1,0.432531,0.605905,35.8415,195.437,F
2737,1,HappyBirthday,147,6205.34,F,1,0.0220162,1.99945,181.969,7.14696,F
2737,1,HappyBirthday,1064,2190,M,1,0.0026582,0.222104,36.8572,0.878591,F
2737,1,HappyBirthday,542,14965.4,F,1,0.000171485,0.129065,1.44e-05,0.0532864,F
2737,1,HappyBirthday,826,7300.31,F,1,0.64405,0.0559237,198.957,555.418,F
2737,1,Births,1306,0,M,0,0,0.190642,0,0,F
2738,1,HappyBirthday,49,13140.9,M,1,0.12236,2.86377,2410.2,43.3473,F
2738,1,HappyBirthday,835,2920.34,F,1,0.706331,5.19595,23.6059,392.278,F
2739,1,HappyBirthday,206,12410.6,M,1,0.00410383,0.231378,0.631663,1.27971,F
2739,1,HappyBirthday,598,29200.8,F,1,0.00332895,0.941888,3773.68,12.7358,F
2739,1,HappyBirthday,979,8030.16,M,1,0.000659688,0.552287,1015.61,1.00369,F
2740,1,HappyBirthday,343,19345,F,1,0.00018778,0.128792,2054.21,0.0818346,F
2741,1,HappyBirthday,69,6935.08,F,1,0.106163,0.402539,1.55413,34.8827,F
2741,1,HappyBirthday,1108,1825,F,1,0.0601222,0.251307,256.322,22.5547,F
2741,1,HappyBirthday,537,14235,M,1,0.00747923,0.0630846,12.169,2.47139,F
2742,1,HappyBirthday,319,21170.9,M,1,0.0441953,1.52577,0.121286,14.0488,F
2742,1,HappyBirthday,394,13505.1,M,1,7.90224e-06,1.60676,15.3463,0.002553,F
2742,1,HappyBirthday,657,35405.1,F,1,0.00524745,0.101646,51048.2,12.943,F
2744,1,HappyBirthday,941,5840.43,F,1,0.00506586,0.674978,1562.11,8.6341,F
2745,1,HappyBirthday,152,33945.6,M,1,0.00105457,2.28089,133.39,0.337892,F
2745,1,HappyBirthday,234,7665.74,M,1,0.00395711,14.7113,1.56669,1.23439,F
2745,1,HappyBirthday,312,4015.29,F,1,0.00248088,7.85937,405.64,1.06774,F
2745,1,HappyBirthday,761,6570.38,M,1,0.000337994,2.161,123.804,0.124441,F
2746,1,HappyBirthday,1151,1460,M,1,0.00131801,0.156042,784.618,0.861476,F
2746,1,HappyBirthday,887,6935.42,M,1,0.0224106,0.959157,6616.61,10.9738,F
2746,1,HappyBirthday,982,7665.94,M,1,0.0785352,0.410681,7257.32,47.4545,F
2747,1,HappyBirthday,1191,1095,M,1,0.00264162,0.790241,138723,25.0331,F
2747,1,HappyBirthday,416,2920.42,M,1,0.00559451,0.301514,0.414467,1.74334,F
2748,1,HappyBirthday,412,5840.29,F,1,0.000287932,0.743231,1649.5,0.283383,F
2748,1,HappyBirthday,1261,365,F,1,0.00246985,0.434101,1059.03,1.90921,F
2748,1,Births,1307,0,F,0,0,0.358088,0,0,F
2749,1,HappyBirthday,103,6935.34,F,1,0.115757,13.0465,124.844,57.8243,F
2749,1,HappyBirthday,1231,730,M,1,0.0368067,0.409192,163.98,15.1135,F
2749,1,HappyBirthday,219,5475.89,F,1,0.56611,1.56118,551.317,451.377,F
2749,1,HappyBirthday,1152,1460,F,1,0.00439513,0.0561997,19.6013,1.47739,F
2749,1,HappyBirthday,581,2920.81,F,1,0.0214404,0.793913,56.3084,7.30531,F
2749,1,HappyBirthday,1066,2190,F,1,0.00333298,0.299644,484.273,1.73366,F
2749,1,Births,1308,0,M,0,0,0.0702179,0,0,F
2750,1,HappyBirthday,874,5840.53,F,1,0.0018733,0.0618658,3.78572,0.582918,F
2750,1,HappyBirthday,1262,365,F,1,0.532934,0.360817,8718.58,595.36,F
2751,1,HappyBirthday,365,2920.49,M,1,0.00868232,0.609509,112.376,2.70944,F
2751,1,HappyBirthday,606,2920.46,M,1,0.00561915,0.313742,84.2693,2.23878,F
2751,1,HappyBirthday,672,7300.78,F,1,0.127171,0.238439,519.361,75.7895,F
2751,1,HappyBirthday,853,12045.5,F,1,0.0624363,0.37271,87.7985,22.7987,F
2751,1,HappyBirthday,1232,730,F,1,0.634545,0.536424,129.983,423.092,F
2752,1,HappyBirthday,145,9490.8,F,1,0.195244,0.16332,63.1234,86.0568,F
2752,1,HappyBirthday,494,3285.54,F,1,0.0151424,0.0355851,497.925,5.73271,F
2752,1,HappyBirthday,1263,365,F,1,0.000122581,0.287362,4856.93,0.148003,F
2752,1,HappyBirthday,803,6935.71,F,1,0.0156961,0.829628,0.116356,4.91946,F
2752,1,HappyBirthday,882,10950.2,M,1,0.106879,2.27521,2.36121,35.2075,F
2753,1,HappyBirthday,266,29200.7,M,1,0.0247501,3.21721,24784.3,111.86,F
2753,1,HappyBirthday,1233,730,F,1,0.00977833,0.574095,13.4505,3.23987,F
2753,1,HappyBirthday,845,25550.2,F,1,0.0782869,15.1027,9436.66,35.2481,F
2754,1,HappyBirthday,530,10585,F,1,0.00564711,0.0984915,4007.33,4.40767,F
2755,1,HappyBirthday,35,4015.01,F,1,0.0107977,0.251901,13.1235,3.3821,F
2755,1,HappyBirthday,1192,1095,F,1,0.407961,0.0771687,4764.81,164.689,F
2755,1,HappyBirthday,1264,365,F,1,0.00330502,0.0649538,16902.2,34.4772,F
2755,1,HappyBirthday,770,3285.38,F,1,0.0248513,0.161064,50.1624,8.91101,F
2756,1,HappyBirthday,177,19345.6,F,1,0.183832,1.15772,3415.28,324.534,F
2757,1,HappyBirthday,181,6570.29,M,1,0.168872,3.0054,44327.3,1343.65,F
2757,1,HappyBirthday,1109,1825,M,1,0.000263591,17.0867,74.9913,0.0915375,F
2757,1,HappyBirthday,560,10220.6,M,1,0.0275292,0.119295,51.9965,10.6267,F
2757,1,HappyBirthday,688,13140.7,M,1,0.000177419,1.15822,5195.15,0.424583,F
2757,1,HappyBirthday,943,4015.66,F,1,0.00828978,0.26273,0.795281,2.59437,F
2758,1,HappyBirthday,1265,365,F,0,0,0.012286,0,0,F
2758,1,HappyBirthday,330,5840.56,F,1,0.661687,0.624974,75.4613,342.154,F
2758,1,HappyBirthday,361,4015.04,F,1,0.0200669,1.53336,30.8554,6.30262,F
2759,1,HappyBirthday,291,11315.2,F,1,0.210686,1.37923,999.918,331.533,F
2759,1,HappyBirthday,1110,1825,M,1,7.96784e-06,1.36138,81498.7,0.101012,F
2760,1,HappyBirthday,793,13505.9,M,1,0.0556805,0.445419,15.4779,17.9371,F
2760,1,HappyBirthday,1266,365,F,1,0.212848,0.054919,31073.4,1658.05,F
2761,1,HappyBirthday,322,25915,M,1,0.212219,2.51962,63.5404,76.6431,F
2761,1,HappyBirthday,1267,365,M,1,8.69231e-05,0.00791811,180594,0.845021,F
2761,1,HappyBirthday,500,5840.42,M,1,0.136863,3.63135,6738.27,214.152,F
2761,1,HappyBirthday,1111,1825,M,1,0.0320892,0.156339,21850.3,34.6364,F
2761,1,HappyBirthday,577,24820.5,F,1,0.00524896,0.36336,51.6791,1.94775,F
2762,1,HappyBirthday,1153,1460,F,1,0.025684,9.81053,5.61139,8.25105,F
2762,1,HappyBirthday,1234,730,M,1,0.334145,0.526426,307.233,268.218,F
2763,1,HappyBirthday,1268,365,F,1,0.123041,0.014627,2.20344,41.0045,F
2763,1,HappyBirthday,816,20805.7,M,1,0.770804,0.49793,4782.58,716.801,F
2764,1,HappyBirthday,166,17155.5,M,1,0.00141926,0.00958021,25.9675,0.491639,F
2764,1,HappyBirthday,178,10585.9,F,1,1.49627e-05,2.41538,174.91,0.0054074,F
2764,1,HappyBirthday,1235,730,F,1,0.00133506,0.547369,1.69007,0.416392,F
2766,1,HappyBirthday,211,8030.72,M,1,0.00123933,2.57332,5.41344,0.388904,F
2766,1,HappyBirthday,429,7300.88,M,1,0.189857,1.76095,35.1686,65.4849,F
2767,1,HappyBirthday,513,10220.1,F,1,0.194798,0.943821,28.5415,68.4039,F
2767,1,HappyBirthday,907,8760.38,F,1,0.0246026,5.87174,105.884,7.87667,F
2768,1,HappyBirthday,1112,1825,M,1,0.0322345,1.99181,4953.52,32.1,F
2768,1,HappyBirthday,373,18980.5,F,1,0.00125404,0.261794,11.0135,0.409067,F
2768,1,HappyBirthday,619,4745.23,M,1,0.158499,1.65235,155.95,53.7658,F
2768,1,HappyBirthday,700,18615.9,F,1,0.0892906,60.03,36.1436,29.2285,F
2768,1,HappyBirthday,984,11315.5,F,1,0.0757142,4.7354,208.237,24.8051,F
2769,1,HappyBirthday,536,31755.4,M,1,0.0133009,22.5687,16.9618,4.50949,F
2769,1,HappyBirthday,658,5110.51,M,1,0.0066562,0.133976,311.676,3.08286,F
2769,1,HappyBirthday,810,3650.82,M,1,0.678296,0.0581995,16.302,363.418,F
2770,1,HappyBirthday,955,8030,F,1,0.397901,4.90119,72.4181,159.984,F
2771,1,HappyBirthday,666,3285.8,F,1,0.249847,0.206846,107.84,89.7451,F
2771,1,HappyBirthday,716,25550.6,M,1,0.126187,0.122734,8.41392,42.5561,F
2771,1,HappyBirthday,744,8760.64,M,1,0.00256251,0.155134,275.793,1.0307,F
2771,1,HappyBirthday,910,6205.32,M,1,0.0480015,0.445991,1680.07,22.638,F
2771,1,HappyBirthday,1269,365,M,1,0.579549,0.209615,13409.4,1093.77,F
2773,1,HappyBirthday,34,29565.1,M,1,0.0211039,1.8128,318.784,11.0067,F
2773,1,HappyBirthday,1068,2190,F,1,0.00120388,0.164854,1.98119,0.375402,F
2773,1,HappyBirthday,464,4745.93,F,1,0.00109526,0.122934,169.559,0.356501,F
2774,1,HappyBirthday,105,23360,M,1,0.00478817,0.778729,12594.8,8.55105,F
2774,1,HappyBirthday,200,17155.9,F,1,0.0930085,0.34769,87.36,42.5194,F
2774,1,HappyBirthday,974,9490.05,M,1,9.82327e-06,44.8431,2866,0.0153076,F
2774,1,HappyBirthday,994,6205.65,M,1,0.201914,0.751981,258.821,94.2136,F
2775,1,HappyBirthday,574,6570.77,F,1,0.0717324,2.11047,322.703,36.8706,F
2776,1,HappyBirthday,256,4745.66,M,1,0.0122274,2.33483,2475.13,34.6902,F
2777,1,HappyBirthday,31,19345.3,F,1,0.00174745,14.9765,13.8374,0.580471,F
2777,1,HappyBirthday,307,6570.3,M,1,0.00483531,0.201963,11.2814,1.50665,F
2777,1,HappyBirthday,488,29565.7,F,1,0.020073,0.47475,290.393,6.94525,F
2778,1,HappyBirthday,690,8030.77,M,1,0.000636225,1.8159,0.0003194,0.19788,F
2778,1,HappyBirthday,924,3650.23,F,1,0.000490076,0.40932,22.0986,0.161153,F
2778,1,HappyBirthday,942,12775.7,F,1,0.0059411,0.0343249,516.209,5.38206,F
2778,1,Births,1309,0,M,0,0,0.00217784,0,0,F
2779,1,HappyBirthday,60,19345.6,F,1,0.000320547,1.03491,149.958,0.142356,F
2779,1,HappyBirthday,788,6570.26,F,1,0.714788,4.90579,26.1155,435.347,F
2779,1,HappyBirthday,1270,365,M,1,0.00284012,0.197951,52780.3,3.70878,F
2780,1,HappyBirthday,62,6570.03,M,1,0.315038,0.658133,0.57929,117.64,F
2780,1,HappyBirthday,1113,1825,M,1,0.00429295,0.892422,3.723,1.35818,F
2781,1,HappyBirthday,1271,365,M,1,0.221617,0.228981,27343.2,1257.38,F
2781,1,HappyBirthday,1193,1095,F,1,0.0361163,0.20108,42.9689,12.1244,F
2781,1,HappyBirthday,1194,1095,F,1,0.712323,1.95338,3572.11,1119.41,F
2783,1,HappyBirthday,325,12045.9,F,1,0.200529,0.145427,1.48183,70.0246,F
2783,1,HappyBirthday,1155,1460,M,1,0.00419183,1.52934,16.7032,1.32959,F
2784,1,HappyBirthday,1023,2555,F,1,0.0397989,0.0492028,1341.01,76.4789,F
2784,1,HappyBirthday,1069,2190,F,1,0.0464789,0.110711,439.921,26.7303,F
2784,1,HappyBirthday,393,3650.35,F,1,0.00456332,2.88272,0.0119141,1.42122,F
2784,1,HappyBirthday,735,17520,F,1,0.746554,1.42659,89.5198,435.26,F
2784,1,Births,1310,0,M,0,0,0.00230893,0,0,F
2785,1,HappyBirthday,1195,1095,F,1,0.101164,0.201664,1.82316,33.2895,F
2785,1,HappyBirthday,156,5475.9,F,1,0.00828285,1.0014,1290.32,12.3242,F
2785,1,HappyBirthday,257,6935.7,F,1,0.0133644,4.87557,2285.6,16.3748,F
2785,1,HappyBirthday,1156,1460,M,1,0.550086,0.286349,3345.99,875.755,F
2786,1,HappyBirthday,480,4015.93,M,1,0.000870628,2.8333,0.843781,0.270661,F
2786,1,HappyBirthday,497,9490.8,F,1,0.252903,6.18453,1873.23,212.14,F
2786,1,HappyBirthday,715,11315,M,1,0.000326596,0.892846,2.53954,0.101538,F
2786,1,HappyBirthday,1196,1095,F,0,0,0.0118283,0,0,F
2786,1,HappyBirthday,1272,365,M,1,3.07761e-06,0.0538231,1689.2,0.00651312,F
2787,1,HappyBirthday,1273,365,F,1,0.0712403,21.1074,34539.2,661.009,F
2787,1,HappyBirthday,664,17520.5,F,1,0.0317904,18.334,95.0318,14.1467,F
2787,1,HappyBirthday,710,25550.1,M,1,0.137316,11.1333,31.311,46.0648,F
2787,1,HappyBirthday,859,5840.95,F,0,0,0.0228096,0,0,F
2788,1,HappyBirthday,123,21535.1,F,1,0.0130635,0.738797,852.214,4.54978,F
2788,1,HappyBirthday,210,16425.4,F,1,0.00344186,1.05654,3.99021,1.0778,F
2788,1,HappyBirthday,362,9855.55,F,1,0.00183759,0.530819,3316.21,0.921302,F
2788,1,HappyBirthday,749,19710.7,M,1,0.000149661,21.3687,10365.6,1.05411,F
2788,1,HappyBirthday,965,5110.02,F,1,0.00164665,2.30867,3.50324,0.514787,F
2788,1,HappyBirthday,990,3650.72,M,1,0.206858,9.34344,0.528972,72.0266,F
2789,1,HappyBirthday,11,3285.89,F,1,0.00506964,0.261123,27.3593,1.67356,F
2789,1,HappyBirthday,1024,2555,F,1,0.0537781,0.594532,137.771,18.8528,F
2789,1,HappyBirthday,829,5840.13,M,1,0.000153979,2.6523,490.693,0.144904,F
2789,1,HappyBirthday,1157,1460,F,1,0.00243257,0.0303586,0.89306,0.757646,F
2789,1,Births,1311,0,M,0,0,0.347806,0,0,F
2790,1,HappyBirthday,1236,730,F,1,0.00111813,0.0305367,42.9656,0.351607,F
2790,1,HappyBirthday,877,3285.48,F,1,0.00178939,11.9538,18.6263,0.602822,F
2791,1,HappyBirthday,1070,2190,F,1,0.000935253,0.0368216,75.3269,0.321725,F
2791,1,HappyBirthday,490,23725.8,M,1,0.0161324,1.28565,11.5293,5.14219,F
2791,1,HappyBirthday,827,10950.9,F,1,0.611073,0.688712,18.0413,309.264,F
2792,1,HappyBirthday,82,13140,F,1,0.000207078,0.952627,6.03087,0.0661192,F
2792,1,HappyBirthday,213,6205.05,M,1,0.000260378,2.69059,4341.17,1.10468,F
2792,1,HappyBirthday,1025,2555,F,1,0.0117252,0.0301844,377.67,5.78179,F
2793,1,HappyBirthday,115,13140.6,F,1,0.0205195,0.507029,479.359,10.7046,F
2793,1,HappyBirthday,223,13140.7,M,1,0.000358044,1.51625,23.9241,0.115061,F
2793,1,HappyBirthday,820,14235.3,M,1,0.00942016,0.111399,36.7405,3.38055,F
2794,1,HappyBirthday,37,5475.15,F,1,0.0344453,5.02563,6972.16,11.712,F
2794,1,HappyBirthday,495,12410.6,M,1,0.00162335,1.39609,523.221,0.899472,F
2794,1,HappyBirthday,1115,1825,F,1,0.352378,0.333949,1521.84,404.544,F
2794,1,HappyBirthday,798,5475.93,M,1,0.00566655,5.93586,11264.6,2.64066,F
2795,1,HappyBirthday,51,11680.9,F,1,0.0474389,7.08327,4.45686,15.163,F
2795,1,HappyBirthday,1116,1825,M,1,0.0147068,0.258408,173.96,4.65339,F
2795,1,HappyBirthday,671,9855.44,M,1,0.206321,0.547344,1363.06,362.794,F
2795,1,HappyBirthday,855,23725.7,M,1,0.0970494,1.01629,4013.99,64.8126,F
2795,1,Births,1312,0,F,0,0,0.210935,0,0,F
2796,1,HappyBirthday,1117,1825,M,1,0.0251967,0.90334,1177.98,8.40148,F
2796,1,HappyBirthday,372,19346,M,1,0.0374862,0.192826,7467.05,46.3721,F
2796,1,HappyBirthday,957,15695.3,F,1,0.125673,11.6357,30.2903,43.8279,F
2797,1,HappyBirthday,586,20805.6,F,1,0.065707,0.246012,0.440573,21.1341,F
2798,1,HappyBirthday,40,6935.62,F,1,0.00901398,0.836474,5.46652,2.88082,F
2798,1,HappyBirthday,1158,1460,F,1,0.0107814,0.210429,150.058,4.13278,F
2799,1,HappyBirthday,180,32485.6,M,1,0.0122947,0.470036,13578.2,26.4133,F
2799,1,HappyBirthday,197,5840.14,F,1,0.0108745,0.0699917,6.76115,3.40251,F
2799,1,HappyBirthday,534,11680.6,F,1,0.000285973,2.27653,671.554,0.331396,F
2799,1,HappyBirthday,629,4380.18,M,1,0.0032792,1.96254,283.786,1.45463,F
2800,1,HappyBirthday,5,9125.76,M,1,0.00143384,0.0930273,34.376,0.47198,F
2800,1,HappyBirthday,71,8395.1,F,1,0.0163185,0.732273,1833.34,33.6771,F
2801,1,HappyBirthday,885,16060.8,M,1,0.0064223,0.241322,31577.4,7.35221,F
2802,1,HappyBirthday,714,6570.35,M,1,0.0442452,0.255535,0.76835,14.0846,F
2802,1,HappyBirthday,725,3285.23,F,1,0.0194351,0.470708,956.525,7.03636,F
2802,1,HappyBirthday,1118,1825,F,1,0.911599,1.64283,11.5398,756.454,F
2803,1,HappyBirthday,1274,365,F,1,0.0891662,0.337668,247.159,40.494,F
2803,1,HappyBirthday,507,9855.37,M,1,0.010645,3.23031,2271.7,13.2252,F
2803,1,HappyBirthday,516,10586,F,1,0.0498917,0.442562,123.958,19.6245,F
2803,1,HappyBirthday,1071,2190,M,1,0.00171966,0.386651,53.4355,0.599771,F
2803,1,HappyBirthday,758,2920.64,M,1,0.145651,0.706224,68.9548,52.5848,F
2803,1,HappyBirthday,981,8760.23,F,1,7.98602e-05,0.889118,44.9792,0.0283856,F
2803,1,Births,1313,0,F,0,0,0.0200396,0,0,F
2804,1,HappyBirthday,1275,365,F,1,0.00154062,0.0270075,0.000118722,0.479109,F
2804,1,HappyBirthday,892,11315.7,F,1,0.0461219,1.02355,2109.49,16.2511,F
2805,1,HappyBirthday,836,7300.21,F,1,0.647175,0.271393,14981.1,792.622,F
2806,1,HappyBirthday,336,16425.6,F,1,0.0165062,4.40985,68.574,5.66135,F
2806,1,HappyBirthday,370,4745.81,M,1,0.0199198,0.96776,0.0130148,6.25419,F
2806,1,HappyBirthday,589,18250,M,1,0.224109,0.2866,5381.24,80.5883,F
2806,1,HappyBirthday,1160,1460,M,1,0.106052,0.0834484,193.299,43.8009,F
2807,1,HappyBirthday,305,12410.4,F,1,0.13721,1.99733,913.42,68.9647,F
2807,1,HappyBirthday,681,5476,F,1,0.00048451,0.21019,1.12934,0.150594,F
2808,1,HappyBirthday,1198,1095,F,1,0.00584755,0.0553306,199.153,2.34811,F
2808,1,HappyBirthday,1161,1460,F,1,0.855449,1.62536,1788.48,1228.84,F
2808,1,HappyBirthday,774,12775.6,F,1,0.00222082,0.386681,3745.26,4.61054,F
2808,1,HappyBirthday,831,21900.5,F,1,0.00223022,27.672,3292.23,1.47297,F
2809,1,HappyBirthday,267,22995.9,M,1,0.00198083,0.474918,27575.7,1.42947,F
2809,1,HappyBirthday,541,4015.41,M,1,0.00959328,0.639249,303.79,4.27798,F
2810,1,HappyBirthday,1027,2555,M,1,0.694405,0.474686,132.037,432.597,F
2811,1,HappyBirthday,847,11315.4,F,1,0.391137,0.0353612,8465.67,1507.8,F
2811,1,HappyBirthday,879,13870.1,F,1,0.00296936,1.80347,283.532,1.0063,F
2812,1,HappyBirthday,184,9490.11,M,1,0.000526764,3.07944,0.0038488,0.163531,F
2812,1,HappyBirthday,450,11680,M,1,0.215952,2.11874,752.553,75.6878,F
2812,1,HappyBirthday,654,7665.23,M,1,0.0137891,24.2288,1333.01,4.91637,F
2812,1,Births,1314,0,F,0,0,0.988649,0,0,F
2812,1,Births,1315,0,M,0,0,0.083622,0,0,F
2813,1,HappyBirthday,929,7300.52,M,1,0.00850811,1.73229,10.7398,2.6957,F
2814,1,HappyBirthday,260,4015.47,M,1,0.0824328,12.6053,96.0507,36.4708,F
2814,1,HappyBirthday,593,23360,M,1,6.20024e-05,0.963366,3783.5,0.163898,F
2814,1,HappyBirthday,757,17520.4,M,1,0.372742,14.3415,2141.57,145.202,F
2815,1,HappyBirthday,482,3650.48,M,1,0.0145891,3.61976,0.140939,4.56784,F
2815,1,HappyBirthday,1162,1460,F,1,0.00398167,0.457843,175.17,1.58703,F
2815,1,HappyBirthday,987,5110.85,M,1,0.00546956,2.51528,0.0454683,1.70519,F
2815,1,Births,1316,0,F,0,0,0.0917436,0,0,F
2816,1,HappyBirthday,139,16060.1,M,1,0.0638109,0.102799,72.618,22.8974,F
2816,1,HappyBirthday,327,7665.05,F,1,0.480321,2.20704,26.3084,228.584,F
2817,1,HappyBirthday,10,27740.2,F,1,0.186693,0.0334588,78.0728,82.0972,F
2817,1,HappyBirthday,489,8030.41,M,1,0.0823245,1.27149,488.826,46.1828,F
2818,1,HappyBirthday,414,16060.8,F,1,0.00018443,0.0991061,5332.97,0.416612,F
2818,1,HappyBirthday,1119,1825,M,1,0.029034,0.202348,19.5945,9.46651,F
2819,1,HappyBirthday,447,30295.8,M,1,0.992924,0.176274,208.364,1730,F
2820,1,HappyBirthday,773,10220.3,F,1,0.00751561,0.946592,12.8143,2.34458,F
2820,1,HappyBirthday,857,10221,F,1,0.00137775,0.276488,24.0632,0.464265,F
2820,1,HappyBirthday,899,14600.1,M,0,0,0.102929,0,0,F
2821,1,HappyBirthday,243,14235.2,M,1,0.197604,0.0293779,4308.21,376.009,F
2821,1,HappyBirthday,510,8030.72,F,1,0.50988,3.46647,286.697,446.896,F
2821,1,HappyBirthday,1120,1825,F,1,0.818214,0.0207958,674.223,542.489,F
2821,1,HappyBirthday,730,4380.81,F,1,0.0038617,0.378045,40.3309,1.26375,F
2821,1,HappyBirthday,1163,1460,F,1,0.117756,0.308627,0.278767,38.9384,F
2821,1,HappyBirthday,935,17520.7,F,1,0.145863,3.53185,477.813,84.5337,F
2821,1,Births,1317,0,M,0,0,0.165954,0,0,F
2822,1,HappyBirthday,1121,1825,F,1,0.0482351,0.125453,49.7939,16.1446,F
2823,1,HappyBirthday,454,29565.9,M,1,0.00502127,0.202561,22.9637,1.61388,F
2823,1,HappyBirthday,564,5110.64,F,1,0.0129603,2.59967,156.42,4.32367,F
2823,1,HappyBirthday,578,2920.66,M,1,0.24799,2.14317,0.971242,88.8596,F
2823,1,HappyBirthday,846,6570.14,F,1,0.000190744,0.204558,355.351,0.15578,F
2824,1,HappyBirthday,70,12045.9,F,1,0.00488452,1.2387,42.7196,1.66191,F
2824,1,HappyBirthday,316,4380.74,M,1,0.195414,0.438941,0.235597,67.5911,F
2824,1,HappyBirthday,603,18250.2,F,1,0.00023225,0.517253,39.3489,0.0753826,F
2824,1,HappyBirthday,676,22995.5,F,1,0.0682758,3.50151,155.946,22.0214,F
2824,1,HappyBirthday,692,6205.51,F,1,0.0573585,15.44,390.416,30.2241,F
2824,1,HappyBirthday,1237,730,F,1,0.00362725,10.0907,77.1593,1.12956,F
2825,1,HappyBirthday,1164,1460,F,1,0.109979,0.342398,612.8,67.9342,F
2825,1,HappyBirthday,584,13140.7,F,1,0.00878413,3.03815,11.2792,2.7594,F
2825,1,HappyBirthday,1122,1825,M,1,0.00206861,0.24518,0.224931,0.643942,F
2825,1,Births,1318,0,F,0,0,0.565489,0,0,F
2826,1,HappyBirthday,401,6205.19,M,1,0.000829546,2.99284,0.0450064,0.257898,F
2827,1,HappyBirthday,659,4380.05,M,1,0.00630307,1.32841,16693.1,4.12002,F
2827,1,HappyBirthday,1199,1095,M,1,0.000325163,0.0260641,8.51511e-07,0.100996,F
2827,1,HappyBirthday,1200,1095,M,1,0.0348924,0.127253,18784.4,29.4303,F
2828,1,HappyBirthday,300,24820.7,M,0,0,0.00889434,0,0,F
2828,1,HappyBirthday,1029,2555,M,1,0.00220574,0.0606398,504.878,1.14912,F
2828,1,HappyBirthday,345,8395.54,M,1,0.00728677,2.73803,4752.83,4.46272,F
2828,1,HappyBirthday,922,11315.4,M,1,0.000265521,1.30951,0.193634,0.0825878,F
2829,1,HappyBirthday,628,3285.45,F,1,0.0023562,0.652699,0.212942,0.733372,F
2829,1,HappyBirthday,637,30660.7,M,1,0.000333089,3.08532,298.64,0.221542,F
2829,1,HappyBirthday,646,18615.6,F,1,0.682333,3.71275,177.796,380.453,F
2830,1,HappyBirthday,130,6935.22,M,1,3.04567e-05,27.376,109359,0.351797,F
2830,1,HappyBirthday,379,5475.24,F,1,0.000622663,11.7704,1.76794,0.193929,F
2830,1,HappyBirthday,1072,2190,M,1,0.0474632,1.39206,13031,418.646,F
2830,1,HappyBirthday,1073,2190,M,1,0.0333258,0.028277,5833.69,85.2308,F
2831,1,HappyBirthday,1074,2190,M,1,0.00265636,0.0464312,5.54688,0.828998,F
2831,1,HappyBirthday,377,25185.3,F,1,0.152824,0.108949,48.0238,52.6075,F
2831,1,HappyBirthday,712,10220.6,F,1,0.0114001,0.422568,1432.02,8.2859,F
2831,1,HappyBirthday,814,17520,F,1,0.0131974,0.998152,27.2231,4.2987,F
2833,1,HappyBirthday,645,4380.53,M,1,0.0191935,3.47667,59.9028,7.65437,F
2833,1,HappyBirthday,890,6935.08,M,1,0.00559952,0.564952,18.2889,1.76436,F
2833,1,Births,1319,0,M,0,0,0.0287159,0,0,F
2834,1,HappyBirthday,302,16425.4,F,1,0.55149,4.55178,32.9887,268.546,F
2834,1,HappyBirthday,468,8760.5,M,1,0.134331,7.20098,92.054,50.5942,F
2834,1,HappyBirthday,966,9855.89,F,1,5.29118e-05,4.28269,21863.8,0.0371362,F
2835,1,HappyBirthday,13,9490.72,M,1,0.0446565,0.0416534,86.1298,15.9949,F
2835,1,HappyBirthday,48,5110.78,F,1,0.0161124,0.104663,140.579,5.10244,F
2835,1,HappyBirthday,554,6570.83,M,1,0.00063619,5.72559,108009,4.94273,F
2836,1,HappyBirthday,299,23360.5,F,1,0.000305483,0.69471,37.389,0.10237,F
2836,1,HappyBirthday,415,2920.92,M,1,0.000370076,0.0225633,40.5881,0.12189,F
2836,1,HappyBirthday,525,9856,M,1,8.17693e-06,1.12788,4.91442,0.0026086,F
2836,1,HappyBirthday,633,8760.37,M,1,0.12426,4.9233,82.0917,55.1697,F
2836,1,HappyBirthday,1238,730,F,1,0.454351,0.28379,143.9,205.08,F
2837,1,HappyBirthday,695,23725.5,M,1,7.52871e-06,6.90143,25086.3,0.0465566,F
2837,1,HappyBirthday,1123,1825,F,1,0.205168,6.99036,81135.1,1350.21,F
2838,1,HappyBirthday,80,35040.4,M,1,0.0272469,9.56125,5736.82,26.0823,F
2838,1,HappyBirthday,165,31390.6,F,1,0.124042,0.712443,23.225,41.2041,F
2838,1,HappyBirthday,175,5110.57,M,1,0.0595958,0.9505,0.0955883,19.0993,F
2838,1,HappyBirthday,1076,2190,M,1,0,0.12827,0,0,F
2838,1,HappyBirthday,470,15331,M,1,1.09775e-05,6.93723,27169.3,0.0364716,F
2838,1,HappyBirthday,843,7300.46,F,1,0.237494,0.852728,35.3798,88.9131,F
2838,1,HappyBirthday,927,16425.7,M,1,0.00178491,0.670952,13095.1,0.830544,F
2838,1,HappyBirthday,997,5475.54,F,1,0.148708,40.0809,3014.63,51.8892,F
2838,1,Births,1320,0,F,0,0,0.00562544,0,0,F
2839,1,HappyBirthday,1201,1095,F,1,0.350501,1.28663,127.138,157.982,F
2839,1,HappyBirthday,1077,2190,M,1,0.192747,0.453788,63.3338,68.5162,F
2840,1,HappyBirthday,54,4380.21,M,1,0.0112575,0.238102,969.59,7.87548,F
2840,1,HappyBirthday,441,3650.98,F,1,0.0707875,0.154543,5463.15,50.1992,F
2840,1,Births,1321,0,F,0,0,0.0524881,0,0,F
2841,1,HappyBirthday,1030,2555,F,1,0.470198,0.610925,767.613,200.029,F
2842,1,HappyBirthday,149,13140.8,F,1,2.50227e-05,2.59246,2380.25,0.028695,F
2842,1,HappyBirthday,684,7665.27,M,1,0.120493,0.559918,8285.3,189.34,F
2842,1,HappyBirthday,1165,1460,M,1,0.447931,0.616035,1371.92,390.516,F
2842,1,HappyBirthday,963,35040.7,F,1,0.00012123,1.90752,5717.9,0.623919,F
2843,1,HappyBirthday,151,5110.45,F,1,3.76664e-05,0.85885,1446.86,0.0362837,F
2843,1,HappyBirthday,353,8030.54,F,1,0.00100225,0.73248,7718.6,2.44699,F
2843,1,HappyBirthday,1166,1460,F,1,0.833441,7.35101,47.5002,589.245,F
2843,1,HappyBirthday,1167,1460,F,1,0.14309,0.345121,120.223,67.4943,F
2843,1,HappyBirthday,869,2920.81,M,1,0.0809228,0.509027,8086.74,33.4588,F
2844,1,HappyBirthday,278,22995.1,M,1,0.149196,0.922723,130.808,74.1406,F
2844,1,HappyBirthday,411,9855.15,M,1,0.117317,0.0871317,11889.1,1005.48,F
2844,1,HappyBirthday,519,36135.2,M,1,0.0511103,0.372653,950.986,39.6737,F
2844,1,HappyBirthday,775,22630.6,M,1,6.47369e-05,2.34991,76.7407,0.0224412,F
2845,1,HappyBirthday,296,7665.29,F,1,0.00148244,19.4045,155.922,0.561103,F
2845,1,HappyBirthday,1168,1460,F,1,0,0.0519967,102947,0,F
2845,1,HappyBirthday,717,11680.3,F,1,0.48703,0.0774198,574.254,370.599,F
2845,1,HappyBirthday,964,9125.87,F,1,0.0370974,12.7536,3481.85,22.9279,F
2845,1,Births,1322,0,M,0,0,0.253039,0,0,F
2846,1,HappyBirthday,138,12045.5,M,1,1.12584e-05,9.26246,13988.2,0.0427364,F
2846,1,HappyBirthday,195,24090.2,M,1,0.00605185,0.451735,21571.5,11.2037,F
2846,1,HappyBirthday,804,9855.1,M,1,0.0490454,1.70984,7022.58,61.7494,F
2847,1,HappyBirthday,274,4745.1,M,1,0.00058679,0.155207,1737.2,0.641052,F
2847,1,HappyBirthday,1124,1825,M,1,0.389632,2.44038,20.8954,153.664,F
2847,1,HappyBirthday,1276,365,M,1,0.941235,0.758567,32.9502,928.508,F
2847,1,HappyBirthday,898,16060.5,F,1,0.00125637,0.962221,35.1824,0.411365,F
2848,1,HappyBirthday,615,10950.1,F,1,0.000236242,26.6659,2.16949,0.0742206,F
2848,1,HappyBirthday,783,5476,F,1,0.015265,6.01712,0.585191,4.78254,F
2848,1,HappyBirthday,989,8395.78,M,1,0.0179831,7.58934,29572.4,12.6741,F
2849,1,HappyBirthday,230,20075.9,M,1,0.00475348,1.04231,25.3559,1.54596,F
2849,1,HappyBirthday,456,20075.5,F,1,0.00209062,1.17085,14876.9,0.689329,F
2849,1,HappyBirthday,544,7665.02,M,1,0.0859756,1.09945,23.2305,29.6343,F
2851,1,HappyBirthday,894,19710.4,M,1,0.000945887,5.84084,0.16936,0.294195,F
2852,1,HappyBirthday,1240,730,F,1,0.419308,1.47244,527.182,491.265,F
2852,1,HappyBirthday,408,17520.7,F,1,0.0170659,2.16757,198.958,5.46876,F
2852,1,HappyBirthday,1277,365,F,1,0.00538109,0.681364,254.292,2.28655,F
2853,1,HappyBirthday,1125,1825,F,1,0.0860545,1.24979,7116.27,144.683,F
2854,1,HappyBirthday,117,14235.8,M,1,0.00502865,2.57054,53.4706,1.59197,F
2855,1,HappyBirthday,1000,9855.82,M,1,0,0.0124988,0.006,0,F
2855,1,HappyBirthday,604,22995.8,F,1,0.43965,0.495062,65.4569,220.779,F
2855,1,Births,1323,0,F,0,0,0.167737,0,0,F
2856,1,HappyBirthday,96,5840.51,F,1,0.639103,0.0584987,410.687,349.149,F
2856,1,HappyBirthday,118,9855.36,M,1,0.00231228,0.905455,1.31932,0.724379,F
2856,1,HappyBirthday,216,4745.23,F,1,0.0127499,0.460777,24175.7,34.144,F
2856,1,HappyBirthday,1278,365,F,1,0.414457,0.0811026,17344.9,845.745,F
2857,1,HappyBirthday,191,10220.9,F,1,0.286764,0.29216,31480.5,1144.92,F
2858,1,HappyBirthday,399,7300.61,F,1,0.236026,3.15837,0.331949,83.6876,F
2858,1,Births,1324,0,M,0,0,0.0419935,0,0,F
2859,1,HappyBirthday,100,18615.6,M,1,0.0593156,0.569219,5483.77,138.976,F
2859,1,HappyBirthday,1031,2555,M,1,0.0871876,0.0104852,111.676,42.2261,F
2859,1,HappyBirthday,1169,1460,M,1,0.0504051,0.664221,5792.35,39.6873,F
2859,1,HappyBirthday,1203,1095,M,1,0.0775013,3.47734,4572.35,325.753,F
2859,1,HappyBirthday,694,8030.45,F,1,0.0506991,64.2597,1425.44,26.382,F
2859,1,HappyBirthday,1202,1095,F,1,0.0817776,0.152536,37.5074,29.6337,F
2859,1,HappyBirthday,949,17155.1,M,1,2.08566e-06,0.30197,6626.76,0.005501,F
2860,1,HappyBirthday,90,6205.04,M,1,0.171189,5.11601,261.543,122.11,F
2860,1,HappyBirthday,182,6570.16,F,1,0.010475,11.7297,3356.91,3.75101,F
2861,1,HappyBirthday,567,24455.8,F,1,0.230769,1.2479,6438.77,199.144,F
2861,1,HappyBirthday,1032,2555,M,1,0,0.0810432,0.00668102,0,F
2861,1,HappyBirthday,1170,1460,M,1,0.161303,0.084658,29.8306,57.269,F
2861,1,HappyBirthday,799,4745.26,F,1,0.00738166,4.39028,1543.51,2.42562,F
2862,1,HappyBirthday,43,5475.71,F,1,0.00111086,1.09458,89.9061,0.353311,F
2862,1,HappyBirthday,86,16060.5,F,1,0.537049,0.787871,1644.5,270.124,F
2862,1,HappyBirthday,426,7300.15,F,1,0.00315661,1.55837,32868.9,6.7285,F
2862,1,HappyBirthday,514,2921,M,1,0.11796,0.063479,681.549,47.3013,F
2862,1,HappyBirthday,805,3650.09,M,1,0.00040783,0.0485819,14.2329,0.134681,F
2862,1,HappyBirthday,809,4745.44,M,1,0.00231187,0.105332,2098.82,1.6206,F
2862,1,HappyBirthday,838,35040.7,F,1,0.00301137,0.820834,17.4638,1.01809,F
2863,1,HappyBirthday,446,13140.6,M,1,0.012858,3.219,57.1747,4.41742,F
2863,1,HappyBirthday,481,3650.36,F,1,0.51998,0.613345,59.0411,240.145,F
2863,1,HappyBirthday,492,20440.7,F,1,0.000233686,31.399,18583.1,0.16516,F
2864,1,HappyBirthday,1241,730,M,1,0.00142245,0.29966,15.3598,0.472902,F
2864,1,HappyBirthday,762,3650.6,F,1,0.0441155,2.03126,6.33183,14.4696,F
2864,1,HappyBirthday,1171,1460,F,1,8.76627e-06,0.035595,181739,0.0851846,F
2864,1,Births,1325,0,F,0,0,0.102417,0,0,F
2865,1,HappyBirthday,844,14235.7,M,1,0.0451854,1.5564,1595.69,72.7725,F
2866,1,HappyBirthday,1078,2190,M,1,0.15591,0.211348,956.617,64.3343,F
2866,1,HappyBirthday,487,11680.6,M,1,0.00486903,0.935979,2681.74,1.73286,F
2866,1,HappyBirthday,644,13870.2,M,1,0.0250277,0.160684,9.46349,8.00509,F
2867,1,HappyBirthday,6,5475.05,F,1,0.00129632,1.46532,9635.47,0.422019,F
2867,1,HappyBirthday,28,17520.9,F,1,0.00225534,0.724581,0.0061204,0.70126,F
2867,1,HappyBirthday,106,7665.68,M,1,0.000473773,0.919057,0.161631,0.147347,F
2868,1,HappyBirthday,20,6205.2,M,1,0.00188113,1.81836,0.656655,0.586983,F
2868,1,HappyBirthday,460,5840.2,F,1,0.0360768,1.39596,2004.86,37.7017,F
2869,1,HappyBirthday,202,28470.1,F,1,0.00938849,0.0135164,0.0880088,2.93305,F
2869,1,HappyBirthday,403,12046,F,1,0.00439282,0.175602,14862.8,2.55366,F
2869,1,HappyBirthday,566,4380.97,F,1,0.299471,0.175768,11719.8,1322.14,F
2869,1,HappyBirthday,764,14235.3,F,1,0.00966624,0.0889476,10.611,3.07435,F
2869,1,HappyBirthday,1033,2555,F,1,0.00172524,6.15844,32.5581,0.542347,F
2870,1,HappyBirthday,101,4380.16,F,1,0.00019368,0.27345,2.0545,0.0601669,F
2871,1,HappyBirthday,30,6571,M,1,0.0205628,8.38903,204.925,6.55542,F
2871,1,HappyBirthday,276,4015.48,F,1,2.89855e-05,0.111377,6476.36,0.156904,F
2871,1,HappyBirthday,674,6935.58,M,1,0.00172293,1.65264,265.994,1.12442,F
2871,1,HappyBirthday,736,12775.4,M,1,0.0943264,0.79815,4820.84,294.23,F
2871,1,HappyBirthday,1172,1460,M,1,0.152378,0.36626,64.2826,64.3734,F
2871,1,HappyBirthday,873,23360.1,M,1,4.91656e-05,1.26408,10.5846,0.0160998,F
2872,1,HappyBirthday,1034,2555,M,1,0.157077,0.476945,1.23117,53.133,F
2874,1,HappyBirthday,1126,1825,M,1,0.0763891,0.0549631,368.397,35.6403,F
2875,1,HappyBirthday,315,13505.2,M,1,0.00301706,1.34835,234.856,1.23439,F
2875,1,HappyBirthday,346,26280.4,M,1,0.0150773,0.259303,113.747,5.51992,F
2875,1,HappyBirthday,1279,365,F,1,0.74387,0.185298,13.083,428.918,F
2875,1,HappyBirthday,1127,1825,M,1,0.7159,7.54004,231.437,392.104,F
2875,1,HappyBirthday,587,3650.11,M,1,0.0502421,3.05445,6.39732,16.0238,F
2875,1,HappyBirthday,678,3285.61,F,1,0.000243043,4.49581,8.59372,0.0767012,F
2875,1,HappyBirthday,926,33580.5,F,1,0.00182181,0.312483,109.049,0.602642,F
2876,1,HappyBirthday,284,14965.6,F,1,0.038674,0.324596,3443.08,26.2779,F
2877,1,HappyBirthday,44,19346,F,1,0.00036238,0.609141,9.03903,0.117134,F
2877,1,HappyBirthday,89,3650.09,M,1,0.223066,1.46396,8319.4,97.8463,F
2877,1,HappyBirthday,214,4380.02,M,1,0.184104,3.07877,5.73478,64.8753,F
2877,1,HappyBirthday,732,3650.9,F,1,0.0140874,9.37207,12.9357,4.50103,F
2877,1,HappyBirthday,823,3650.56,F,1,0.0112791,2.27738,764.468,3.5437,F
2878,1,HappyBirthday,503,5110.92,F,1,0.290208,2.43504,3036.09,432.948,F
2878,1,HappyBirthday,721,7665.81,M,1,0.0113688,1.13724,18.5515,3.71934,F
2878,1,HappyBirthday,1280,365,M,1,0.0700604,0.503976,45.8976,27.1677,F
2879,1,HappyBirthday,154,19345.4,M,1,0.00837913,31.1373,28.7773,2.70621,F
2880,1,HappyBirthday,1081,2190,F,1,0.0134786,0.285039,4918.87,4.73912,F
2880,1,HappyBirthday,238,2920.24,F,1,0.0793265,0.158279,47.8183,26.781,F
2880,1,HappyBirthday,1206,1095,F,1,0.00891953,0.62115,17984,45.5515,F
2880,1,HappyBirthday,742,14235.2,F,1,0.0238981,1.00696,7.50473,7.79229,F
2880,1,HappyBirthday,988,4745.91,M,1,0.0143186,0.0258324,5236.1,6.07436,F
2881,1,HappyBirthday,110,19711,M,1,0.00128292,1.07462,4339.11,0.718016,F
2882,1,HappyBirthday,620,5840.57,F,1,0.0777538,0.534459,0.344926,25.1548,F
2882,1,HappyBirthday,751,3650.67,F,1,0.0105327,0.186076,2136.14,11.4463,F
2883,1,HappyBirthday,502,5840.12,F,1,0.0313625,0.116698,615.812,9.90437,F
2883,1,HappyBirthday,556,2920.41,M,1,9.62858e-05,0.0745741,23.5319,0.0335009,F
2884,1,HappyBirthday,9,5110.07,F,1,0.0957083,0.945075,64.9452,34.0575,F
2884,1,HappyBirthday,47,4015.82,F,1,0.00529628,0.0323053,0.130299,1.65083,F
2885,1,HappyBirthday,612,33215.2,M,1,0.12784,0.667963,871.696,162.509,F
2885,1,HappyBirthday,648,15330.7,M,1,0.250855,0.879121,199.751,97.2783,F
2885,1,HappyBirthday,930,8760.3,F,1,0.0133577,0.231949,20.4635,4.4983,F
2886,1,HappyBirthday,3,4380.02,M,1,0.0286693,6.65766,5218.79,63.0528,F
2886,1,HappyBirthday,680,2920.79,F,1,0.0179043,0.58486,13.7571,5.8981,F
2886,1,HappyBirthday,800,13140.4,F,1,0.0123384,0.351059,63.8923,4.42512,F
2886,1,HappyBirthday,992,5110.5,M,1,0.157789,0.0589361,7.83398,53.6,F
2887,1,HappyBirthday,529,7300.31,F,1,0.0780325,7.38332,31.6233,25.7044,F
2887,1,HappyBirthday,1281,365,F,1,0.214144,0.0625031,103.838,86.0521,F
2887,1,HappyBirthday,607,14235,F,1,0.181784,2.31343,1181.22,69.4688,F
2887,1,HappyBirthday,895,6205.77,M,1,0.00146439,2.63083,2.38561,0.455258,F
2887,1,Births,1326,0,F,0,0,2.26098,0,0,F
2889,1,HappyBirthday,269,11315.5,F,1,0.0333431,0.600207,583.346,10.633,F
2889,1,HappyBirthday,665,8395.85,F,1,0.000833167,7.05158,20.81,0.266262,F
2890,1,HappyBirthday,236,6570.29,M,1,0.00139183,0.0877113,9.84634,0.448559,F
2890,1,HappyBirthday,463,6205.2,F,1,0.269195,1.53162,21.7361,103.464,F
2890,1,HappyBirthday,673,6935.47,F,1,0.304582,0.407154,364.796,293.284,F
2890,1,HappyBirthday,1174,1460,F,1,0.237287,0.152085,3545.53,92.9502,F
2890,1,HappyBirthday,978,9125.87,F,1,0.127454,0.972817,2.68475,42.5254,F
2891,1,HappyBirthday,189,14966,M,1,0.0201392,0.405637,55.4677,6.83371,F
2892,1,HappyBirthday,1207,1095,M,1,1.72171e-06,0.134843,374.025,0.00136667,F
2892,1,HappyBirthday,382,7300.44,M,1,0.00694104,1.48554,3305.12,6.63471,F
2892,1,HappyBirthday,720,19711,F,1,0.0938708,0.46127,167.235,50.5147,F
2892,1,HappyBirthday,952,4015.21,M,1,0.000519499,0.674591,7025.97,1.41778,F
2893,1,HappyBirthday,81,23360.2,M,1,0.00211209,4.95453,2732.14,0.826574,F
2893,1,HappyBirthday,830,16060,F,1,0.00768893,11.693,16.1465,2.59213,F
2894,1,HappyBirthday,161,3285.01,F,1,0.0371571,2.03595,281.589,11.9902,F
2894,1,HappyBirthday,275,25185.7,F,1,0.109809,0.306086,303.272,36.1867,F
2894,1,HappyBirthday,287,29200.6,F,1,0.0977226,0.640802,4802.54,270.333,F
2894,1,Births,1327,0,F,0,0,0.00854166,0,0,F
2895,1,HappyBirthday,208,4745.69,M,1,0.00528811,0.223574,6251.84,2.56318,F
2895,1,HappyBirthday,1209,1095,F,1,0.0027928,0.105816,9.06952,0.903595,F
2896,1,HappyBirthday,1210,1095,F,1,0.00374019,0.0302095,138.477,1.43961,F
2897,1,HappyBirthday,16,4380.67,M,1,0.0037202,0.50137,777.042,4.22181,F
2897,1,HappyBirthday,1128,1825,F,1,0.297086,0.115554,0.536791,109.776,F
2897,1,HappyBirthday,1082,2190,F,1,0.00634149,0.638742,3468.04,25.6188,F
2898,1,HappyBirthday,78,10220.7,F,1,0.106925,0.111878,33.3452,36.837,F
2898,1,HappyBirthday,120,2920.76,M,1,0.000624783,0.226319,97.7084,0.247112,F
2898,1,HappyBirthday,329,12410.6,F,1,0.000858808,0.316755,5.80568,0.269386,F
2898,1,HappyBirthday,1083,2190,F,1,0.00207116,0.216286,8.50869,0.644164,F
2898,1,HappyBirthday,777,8760.49,M,1,0.160347,17.4892,4.59922,54.5628,F
2899,1,HappyBirthday,802,2920.17,F,1,0.00552598,0.780601,692.948,4.76035,F
2899,1,HappyBirthday,886,3285.74,M,1,0.00357979,0.202575,39.9606,1.15345,F
2900,1,HappyBirthday,1035,2555,M,1,0.074452,0.044623,3100.82,224.213,F
2900,1,HappyBirthday,590,26280.7,M,1,0.24775,1.30081,93.4934,92.3719,F
2901,1,HappyBirthday,596,22265.3,F,1,0.151175,0.151435,55.8882,64.8816,F
2901,1,HappyBirthday,679,6205.37,F,1,0.253385,1.90869,1615.2,94.924,F
2901,1,Births,1328,0,M,0,0,0.00739919,0,0,F
2902,1,HappyBirthday,407,20440.9,F,1,0.0189937,0.799347,3.48333,6.06236,F
2902,1,Births,1329,0,F,0,0,0.0339188,0,0,F
2903,1,HappyBirthday,1282,365,F,1,0.00630524,0.14874,15909.3,6.20513,F
2903,1,HappyBirthday,1175,1460,F,1,0.00159061,8.21457,0.0438293,0.494741,F
2904,1,HappyBirthday,22,25550.7,F,1,0.569057,1.03401,1083.8,663.683,F
2904,1,HappyBirthday,354,9490.35,F,1,0.439795,0.372683,12.1229,183.598,F
2904,1,HappyBirthday,970,9490.55,M,1,0.000223556,0.322259,2287.87,0.572659,F
2904,1,Births,1330,0,M,0,0,0.132394,0,0,F
2905,1,HappyBirthday,335,3285.3,M,1,0.139124,0.112242,4762.08,79.0711,F
2906,1,HappyBirthday,413,6570.61,F,1,0.00582044,0.954628,10555.7,42.658,F
2906,1,HappyBirthday,1084,2190,F,1,0.00205656,0.121404,0.60314,0.640099,F
2906,1,HappyBirthday,969,11315.7,M,1,0.00562461,0.615674,0.164643,1.75357,F
2907,1,HappyBirthday,438,6935.04,M,1,0.00104776,5.35324,29525.4,1.46645,F
2907,1,HappyBirthday,709,13140.8,F,1,0.00187639,3.42331,6.9295,0.590639,F
2908,1,HappyBirthday,142,16060.3,M,1,0.1415,9.93177,6.62862,47.8168,F
2908,1,HappyBirthday,931,9125.08,M,1,0.000830385,0.133772,3108.71,0.530925,F
2909,1,HappyBirthday,772,5840.85,F,1,1.8755e-06,0.139036,0.233854,0.000583428,F
2909,1,HappyBirthday,897,22265.9,F,1,0.216973,9.92545,111.757,88.6352,F
2909,1,Births,1331,0,F,0,0,1.19369,0,0,F
2910,1,HappyBirthday,159,22265.1,F,1,0.000937085,7.52764,2762.01,1.40613,F
2910,1,HappyBirthday,427,5475.43,F,1,0.088464,1.92321,95.8889,30.338,F
2910,1,HappyBirthday,1085,2190,F,1,0.00917506,0.276293,0.72001,2.86419,F
2910,1,Births,1332,0,F,0,0,0.232195,0,0,F
2911,1,HappyBirthday,1129,1825,F,1,0.0580216,0.0546736,2507.4,81.8752,F
2912,1,HappyBirthday,41,5475.64,F,0,0,0.0165196,0,0,F
2912,1,HappyBirthday,1211,1095,M,1,0.12063,0.0526804,522.148,114.358,F
2912,1,HappyBirthday,431,9855.94,F,1,0.00355472,21.6337,16.3655,1.10803,F
2912,1,HappyBirthday,504,4380.46,F,1,0.00807116,0.085881,27.5439,2.61768,F
2915,1,HappyBirthday,765,14235.7,F,1,0.00303212,0.269956,10.2502,0.985744,F
2915,1,HappyBirthday,909,18980.7,M,1,0.057059,0.477611,22.3111,20.0944,F
2916,1,Births,1333,0,F,0,0,0.0220308,0,0,F
2917,1,HappyBirthday,226,17155.5,M,1,0.114165,0.989687,2.62824,37.8645,F
2917,1,HappyBirthday,400,4745.56,M,1,0.517073,0.0193504,1517.31,351.855,F
2917,1,HappyBirthday,1243,730,M,1,0.326825,0.233165,14584.8,405.156,F
2918,1,HappyBirthday,1244,730,F,1,0.0164586,0.746173,84.999,5.68307,F
2918,1,HappyBirthday,750,2920.65,F,1,0.0566579,0.144542,0.755298,18.1957,F
2919,1,HappyBirthday,583,3285.65,F,1,0.00135051,0.0418081,0.00029349,0.419876,F
2919,1,HappyBirthday,729,4015.85,M,1,0.326503,0.0405406,1456.59,358.781,F
2919,1,HappyBirthday,985,15330.2,M,1,0.0379162,7.43113,0.0086724,12.0128,F
2920,1,HappyBirthday,1087,2190,F,1,0.00806467,3.83962,6730.15,6.99,F
2920,1,HappyBirthday,1086,2190,M,1,0.0273975,1.85694,29.8172,9.75439,F
2920,1,HappyBirthday,933,28470.9,F,1,0.0126825,0.643458,0.76628,3.96887,F
2920,1,Births,1334,0,M,0,0,0.297105,0,0,F
2921,1,HappyBirthday,937,14235.9,M,1,0.274488,4.86106,32690.1,595.613,F
2923,1,HappyBirthday,1212,1095,F,1,0.282072,0.0630398,363.525,122.058,F
2923,1,HappyBirthday,114,3285.29,F,1,7.27077e-05,2.00969,55.2973,0.0262453,F
2923,1,HappyBirthday,240,4015.85,M,1,0.0670286,0.665382,408.292,25.8517,F
2923,1,HappyBirthday,289,4015.17,F,1,0,42.2963,3.99943,0,F
2923,1,HappyBirthday,976,6570.38,M,1,0.184945,0.307155,10.5493,64.4898,F
2924,1,HappyBirthday,1284,365,F,1,0.00781951,0.152523,116.803,3.12309,F
2924,1,HappyBirthday,1283,365,M,1,0.35523,0.517152,59.5653,170.996,F
2924,1,HappyBirthday,1002,2920,F,1,0.0049305,0.160737,39.3912,1.6399,F
2924,1,HappyBirthday,634,29200.3,M,1,0.000882032,0.116624,0.80838,0.27427,F
2924,1,HappyBirthday,786,5840.15,M,1,0.624716,0.512444,2762.34,390.628,F
2924,1,Births,1335,0,M,0,0,0.311392,0,0,F
2925,1,HappyBirthday,64,15330.6,M,1,0.775295,0.025381,48.8302,561.491,F
2925,1,HappyBirthday,610,29200.2,M,1,0.232252,0.0627085,8146.21,187.876,F
2925,1,HappyBirthday,893,12410.6,M,1,0.00333051,1.39302,10300.6,15.6079,F
2925,1,HappyBirthday,920,3650.32,F,1,0.0137301,1.09282,0.297225,4.29764,F
2925,1,Births,1336,0,M,0,0,0.0105057,0,0,F
2926,1,HappyBirthday,459,9855.6,F,1,0.8371,0.350161,21.6978,569.231,F
2926,1,HappyBirthday,1213,1095,M,1,0.0628453,0.0565259,99.456,21.1785,F
2926,1,HappyBirthday,689,4380.4,F,1,0.0174649,0.430817,4568.4,5.68198,F
2926,1,HappyBirthday,778,4745.45,M,1,0.0218616,1.60766,6258.9,23.2629,F
2926,1,HappyBirthday,977,5475.94,M,1,0.109714,0.4894,68.9985,36.1182,F
2926,1,Births,1337,0,M,0,0,0.142533,0,0,F
2927,1,HappyBirthday,1130,1825,M,1,0.00115495,0.456694,3.41321,0.363833,F
2927,1,HappyBirthday,1285,365,M,0,0,0.00605432,0,0,F
2928,1,HappyBirthday,190,11315.5,M,1,8.91782e-05,1.41229,5441.95,0.0810262,F
2928,1,HappyBirthday,1214,1095,M,1,0.0894097,0.490263,45.4449,31.0165,F
2929,1,HappyBirthday,68,5840.5,F,1,0.37909,0.4698,84.9134,178.105,F
2929,1,HappyBirthday,367,20805.4,F,1,0.223177,0.140065,46.6385,85.0957,F
2929,1,HappyBirthday,948,6205.26,M,1,0.820807,5.69691,645.039,1043.76,F
2930,1,HappyBirthday,1286,365,M,1,0.342097,0.235918,28029.6,648.328,F
2930,1,HappyBirthday,1003,2920,M,1,0.0708765,5.35095,2.15324,22.8623,F
2930,1,Births,1338,0,M,0,0,0.0543006,0,0,F
2931,1,HappyBirthday,247,3285.74,M,1,0.00902152,0.103817,0.776155,2.81628,F
2931,1,HappyBirthday,597,10585.9,M,1,0.00598679,0.325179,25.3422,2.02301,F
2931,1,HappyBirthday,1131,1825,F,1,0.0338238,0.754064,46.0223,11.3746,F
2932,1,HappyBirthday,57,9855.85,F,1,0.224166,0.228891,517.818,78.8895,F
2933,1,HappyBirthday,812,16060.8,M,1,0.0198146,1.26539,51.9445,7.71863,F
2933,1,HappyBirthday,1215,1095,F,1,0.00025503,33.3093,381.86,0.189493,F
2934,1,HappyBirthday,91,6205.68,F,1,0.0996361,6.81772,20.092,33.5145,F
2934,1,HappyBirthday,476,7300.8,F,1,0.000415913,0.769026,118.222,0.149825,F
2934,1,HappyBirthday,1132,1825,F,1,0.00484116,5.35583,125.39,1.80927,F
2934,1,HappyBirthday,1088,2190,M,1,0.155338,1.9255,142.534,62.4617,F
2934,1,Births,1339,0,M,0,0,0.50578,0,0,F
2934,1,Births,1340,0,F,0,0,0.126392,0,0,F
2935,1,HappyBirthday,136,5840.54,F,1,0.000394643,0.264132,4.83804,0.123692,F
2936,1,HappyBirthday,538,15330.7,M,1,0.0741012,1.65382,1.08682,23.9464,F
2936,1,HappyBirthday,1216,1095,F,1,0.000191827,0.082371,55349.1,0.332332,F
2937,1,HappyBirthday,402,5475.04,F,1,0.113035,7.34184,15.8202,38.2794,F
2938,1,HappyBirthday,436,11680.3,F,1,0.000968555,0.916372,116.21,0.355509,F
2938,1,HappyBirthday,915,5110.13,F,1,0.34893,1.19832,1676.17,424.687,F
2939,1,HappyBirthday,288,3650.49,F,1,0.0257423,0.13406,224.791,10.8176,F
2940,1,HappyBirthday,38,34675,F,1,0.00131289,1.33259,0.0097706,0.408182,F
2940,1,HappyBirthday,1133,1825,M,1,0.00570803,72.5046,28.1125,1.87409,F
2940,1,HappyBirthday,1038,2555,M,1,8.56705e-05,0.574431,6817.86,0.496131,F
2941,1,HappyBirthday,79,21170.7,F,1,0.0646221,0.710741,372.262,22.7739,F
2941,1,HappyBirthday,668,9125.06,M,1,6.05239e-05,0.262011,1746.21,0.150418,F
2941,1,HappyBirthday,702,6570.51,M,1,0.0647965,3.1678,8.90726,21.1072,F
2941,1,HappyBirthday,1287,365,M,1,0.169445,1.3159,14649.3,248.485,F
2942,1,HappyBirthday,1039,2555,F,1,0.0823849,0.691436,1.03848,26.7606,F
2942,1,HappyBirthday,904,5840.02,F,1,0.0212811,2.74401,1.15799,6.69054,F
2943,1,HappyBirthday,1288,365,F,1,0.00565063,3.35589,3362.59,9.65394,F
2943,1,HappyBirthday,794,4380.33,M,1,0.000186334,0.126706,21992.2,1.11952,F
2943,1,HappyBirthday,817,9490.74,F,1,0.00970115,2.41939,104.952,3.65169,F
2943,1,HappyBirthday,983,6935.53,F,1,0.367052,0.295339,18.7311,142.443,F
2944,1,HappyBirthday,1177,1460,F,1,0.000430517,0.393062,2917.46,1.49751,F
2944,1,HappyBirthday,246,12775.6,M,1,0.016235,0.449652,32.6237,5.14216,F
2944,1,HappyBirthday,1289,365,M,1,0.125161,0.107204,1541.5,119.161,F
2944,1,HappyBirthday,947,3286,M,1,0.131116,1.07828,271.377,47.3322,F
2944,1,Births,1341,0,M,0,0,6.40081,0,0,F
2944,1,Births,1342,0,M,0,0,0.0123469,0,0,F
2945,1,HappyBirthday,1245,730,F,1,0.000761916,0.241766,6.08317,0.242479,F
2945,1,HappyBirthday,796,22265.2,M,1,0.106219,1.36399,141.097,43.2781,F
2945,1,HappyBirthday,932,14965.7,F,1,0.520476,31.3586,1023.54,470.286,F
2945,1,HappyBirthday,945,5840.8,M,1,0.0107653,0.281852,93.3389,3.78498,F
2945,1,Births,1343,0,F,0,0,0.152782,0,0,F
2945,1,Births,1344,0,F,0,0,0.0281799,0,0,F
2946,1,HappyBirthday,998,15330.3,F,1,0.540477,0.764472,350.678,265.584,F
2947,1,HappyBirthday,1134,1825,F,1,0.0125316,0.0521468,120.718,4.38253,F
2947,1,HappyBirthday,515,7665.96,M,1,0.595901,1.14418,4.94671,288.464,F
2947,1,HappyBirthday,1005,2920,F,1,0.0784629,0.404056,348.1,46.3313,F
2948,1,HappyBirthday,59,5110.47,F,1,0.00758874,0.0669437,56.8465,2.58797,F
2948,1,HappyBirthday,272,31025.7,F,1,0.367202,1.69459,4379.96,397.737,F
2948,1,HappyBirthday,1040,2555,M,1,0.00616314,0.803069,450.196,1.98246,F
2949,1,HappyBirthday,125,11680.1,M,1,0.0821539,2.14531,29.5809,29.8837,F
2949,1,HappyBirthday,1006,2920,M,1,0.00097264,0.0348185,59.7139,0.327049,F
2949,1,Births,1345,0,M,0,0,0.0141866,0,0,F
2949,1,Births,1346,0,M,0,0,0.0161295,0,0,F
2950,1,HappyBirthday,1089,2190,F,1,0.809047,0.0281502,56.4857,619.619,F
2950,1,HappyBirthday,638,8395.95,M,1,0.0117786,4.46427,22791.6,7.33613,F
2951,1,HappyBirthday,163,22995.4,M,1,0.000152182,1.18129,25.3359,0.051121,F
2951,1,HappyBirthday,699,25185.4,M,1,0.00411147,0.0357616,64.6362,1.61866,F
2952,1,HappyBirthday,170,25185.8,M,1,0.758512,1.23344,2288.12,869.303,F
2952,1,HappyBirthday,279,15330.1,M,1,0.0264315,0.556657,7.29282,8.62994,F
2952,1,HappyBirthday,908,3650.49,M,1,3.44837e-05,0.0467631,31.1949,0.0112638,F
2953,1,HappyBirthday,2,19710.5,M,1,0.00177374,0.221124,0.0024454,0.551419,F
2953,1,HappyBirthday,1041,2555,F,1,0.000209781,20.5037,0.225757,0.0652946,F
2953,1,HappyBirthday,860,12410.5,M,1,0.282398,0.647306,60.3896,111.741,F
2954,1,HappyBirthday,338,3650.43,M,1,0.0675923,0.602721,33.1957,21.9609,F
2954,1,HappyBirthday,1292,365,F,1,0.00958565,0.0257329,19.7708,3.07302,F
2955,1,HappyBirthday,318,9855.88,F,1,0.126605,6.61194,17303.5,283.496,F
2955,1,Births,1347,0,F,0,0,0.00575526,0,0,F
2956,1,HappyBirthday,320,13140.1,M,1,0.0020455,1.10344,64.5914,0.714122,F
2956,1,HappyBirthday,374,5110.08,F,1,0.0622871,0.0701987,39.6443,22.2346,F
2956,1,HappyBirthday,711,3650.38,M,1,0.3168,1.03362,31.162,134.095,F
2957,1,HappyBirthday,789,10585.2,F,1,2.0568e-05,0.207316,0.005216,0.0063804,F
2957,1,HappyBirthday,1007,2920,M,1,0.183161,0.924032,4218.08,803.597,F
2958,1,HappyBirthday,119,15695.5,F,1,0.113452,1.10989,2.68516,37.6259,F
2958,1,HappyBirthday,306,15695.4,F,1,0.0277116,0.972136,66.4195,11.0223,F
2958,1,HappyBirthday,398,10585.9,F,1,0.0291769,6.48417,30.5484,9.68082,F
2959,1,HappyBirthday,67,12775.1,M,1,0.000793702,0.301421,176.571,0.264223,F
2959,1,HappyBirthday,73,3650.66,F,1,0.00543439,0.163312,0.00706891,1.69337,F
2959,1,HappyBirthday,616,9490.1,F,1,0.000450425,2.59505,1377.57,0.407625,F
2959,1,HappyBirthday,961,3285.35,M,1,0.00801575,12.4168,74.5571,2.78476,F
2960,1,HappyBirthday,1042,2555,M,1,0.0300644,0.557573,11.9527,9.68163,F
2960,1,HappyBirthday,250,15695.4,M,1,0.00559293,1.74654,44102.9,23.5304,F
2960,1,HappyBirthday,390,26645.9,M,1,0.00124563,0.251547,343.205,0.601218,F
2960,1,HappyBirthday,660,3650.48,M,1,5.71374e-05,0.689989,0.986149,0.0178668,F
2960,1,HappyBirthday,731,4745.42,M,1,0.0836296,1.29135,3.8909,27.276,F
2961,1,HappyBirthday,39,17155.6,F,1,0.0231502,0.732777,12.5946,7.66019,F
2961,1,HappyBirthday,1218,1095,F,1,0.0181066,0.386973,23.6031,6.31848,F
2961,1,HappyBirthday,148,20075.7,F,1,0.547782,1.02562,6452.09,768.725,F
2961,1,HappyBirthday,483,9490.89,F,1,0.141695,0.22058,5.09024,47.5184,F
2962,1,HappyBirthday,76,12776,M,1,0.155,2.59927,24.288,54.2444,F
2962,1,HappyBirthday,1135,1825,F,1,0.0216483,3.89983,87.0779,6.83481,F
2962,1,HappyBirthday,669,17885.3,F,1,0.58562,3.84135,4057.85,1137.21,F
2962,1,HappyBirthday,1293,365,M,1,0.00016547,0.0978379,61929.5,1.84406,F
2963,1,HappyBirthday,769,17885.1,M,1,0.0160969,0.68114,9.92547,5.11542,F
2964,1,HappyBirthday,1136,1825,M,1,0.00039703,0.170684,19.2258,0.132978,F
2964,1,HappyBirthday,588,10220.8,M,1,0.0309333,5.07604,71.1,10.1862,F
2964,1,HappyBirthday,880,5840.71,F,1,0.00044084,0.226884,223.61,0.139345,F
2964,1,HappyBirthday,1043,2555,F,1,0.108248,0.168873,74.1744,39.6572,F
2965,1,HappyBirthday,75,16790.9,M,1,0.51219,1.02768,84.7901,292.446,F
2965,1,HappyBirthday,204,6935.55,F,1,0.0213233,0.7421,186.837,9.79618,F
2965,1,HappyBirthday,457,11680,F,1,0.154644,0.172218,29.2409,54.7178,F
2965,1,HappyBirthday,636,16790.6,F,1,0.000298265,0.739329,30.5842,0.0997646,F
2965,1,HappyBirthday,840,11680.2,M,1,0.00149158,3.44752,0.0047284,0.463906,F
2965,1,HappyBirthday,995,17155.9,M,1,0.342168,0.243228,1042.58,578.259,F
2966,1,HappyBirthday,72,7665.34,F,1,0.151096,1.10098,31.0848,51.1257,F
2966,1,HappyBirthday,950,9125.2,M,1,0.171255,74.0963,5985.29,463.011,F
2967,1,HappyBirthday,285,6935.07,M,1,0.407813,0.771872,80.4061,188.594,F
2967,1,HappyBirthday,1044,2555,F,1,0.0308541,0.119283,487.071,30.0443,F
2968,1,HappyBirthday,26,8760.79,F,1,0.192929,1.84338,4472.54,758.71,F
2968,1,HappyBirthday,45,17520.1,M,1,0.00134032,2.18456,13.3125,0.44185,F
2968,1,HappyBirthday,99,6205.56,M,1,0.0460685,3.86057,13.5697,15.3889,F
2968,1,HappyBirthday,523,5475.24,F,1,0.342261,4.6495,90.122,130.348,F
2968,1,HappyBirthday,719,5840.9,F,1,0.696655,0.479333,12489.7,779.054,F
2968,1,HappyBirthday,1045,2555,M,1,0.0153703,5.7733,14859.3,8.31372,F
2969,1,HappyBirthday,635,21170.1,M,1,0.00191286,1.83293,18.4169,0.61478,F
2969,1,HappyBirthday,1219,1095,F,1,0.0666294,1.38965,16283.7,309.392,F
2970,1,HappyBirthday,23,9125.02,F,1,0.0402756,13.8089,4828.81,45.6258,F
2972,1,HappyBirthday,355,20075.4,F,1,0.00454966,1.79015,8.72913,1.43333,F
2972,1,HappyBirthday,1008,2920,F,1,0.000889832,0.0704871,3.61638,0.276966,F
2972,1,HappyBirthday,1090,2190,M,1,4.29577e-05,0.0481243,75433.5,0.193153,F
2973,1,HappyBirthday,97,5840.96,F,1,0.0676636,0.0491597,399.423,53.4784,F
2973,1,HappyBirthday,451,4015.92,M,1,0.0602018,5.10106,26.6149,20.0211,F
2973,1,HappyBirthday,594,4745.45,M,1,0.00239345,15.0378,7.45068,0.753011,F
2973,1,HappyBirthday,641,11680.7,F,1,0.00141448,0.121305,87.0269,0.439903,F
2974,1,HappyBirthday,253,6570.18,M,1,0.000715875,2.04167,7280.58,2.0298,F
2974,1,HappyBirthday,600,11680.9,F,1,0.000133167,0.230123,2234.02,0.342506,F
2974,1,HappyBirthday,1009,2920,M,1,0.00376937,0.378979,0.303552,1.17376,F
2974,1,HappyBirthday,841,14235.7,F,1,0.0448692,1.13874,0.261616,14.2675,F
2974,1,Births,1348,0,F,0,0,0.264368,0,0,F
2974,1,Births,1349,0,M,0,0,0.0519053,0,0,F
2975,1,HappyBirthday,479,4745.94,F,1,0.00412759,0.294031,1.35173,1.29389,F
2975,1,HappyBirthday,517,15330.1,M,1,0.00011154,0.126508,97.2821,0.0397664,F
2976,1,HappyBirthday,52,7665.89,F,1,0.00164113,0.0973023,0.0325974,0.510439,F
2976,1,HappyBirthday,1046,2555,M,1,0,0.0276377,0.527297,0,F
2976,1,HappyBirthday,478,5475.62,M,1,0.00274502,0.683873,16.9159,0.878682,F
2976,1,HappyBirthday,506,5475.39,M,1,0.190768,0.191023,29.1454,69.0125,F
2976,1,HappyBirthday,524,13870.2,F,1,0.000418231,6.34867,32.3664,0.136574,F
2977,1,HappyBirthday,388,11680.4,M,1,0.000458203,0.0354499,0.0006452,0.142455,F
2977,1,HappyBirthday,623,9490.73,M,1,0.0373744,2.58548,133.325,13.6362,F
2977,1,HappyBirthday,627,17155.4,F,1,0.0348829,0.326927,413.102,12.1796,F
2977,1,HappyBirthday,728,4380.03,F,1,0.00142188,0.160105,89.2708,0.445149,F
2977,1,HappyBirthday,748,3285.8,M,1,0.00675822,1.40434,1284.81,2.29159,F
2978,1,HappyBirthday,1092,2190,M,1,0.0140571,3.51728,1163.5,20.6138,F
2978,1,HappyBirthday,1294,365,F,1,0.00764578,0.953859,95.9068,2.81174,F
2978,1,HappyBirthday,1180,1460,F,1,0.00533048,0.205628,19.6905,1.80877,F
2979,1,HappyBirthday,1047,2555,F,1,0.0184072,23.4794,355.891,8.71891,F
2979,1,HappyBirthday,1181,1460,M,1,0.0774548,0.260153,1.95933,25.1482,F
2979,1,HappyBirthday,348,3285.5,F,1,0.00280395,0.0935984,16.6696,0.876943,F
2979,1,HappyBirthday,790,5110.85,M,1,0.000384921,0.922859,0.254938,0.119722,F
2980,1,HappyBirthday,422,32485.3,M,1,1.93496e-05,0.102022,381.188,0.014348,F
2980,1,HappyBirthday,677,13870.2,F,1,0.391415,1.55792,5057.8,240.26,F
2980,1,HappyBirthday,906,8760.9,M,1,0.00555384,0.739228,13.8677,1.76338,F
2981,1,HappyBirthday,410,16425.1,F,1,0.0782437,0.153347,233.495,25.3238,F
2981,1,HappyBirthday,889,4380.11,F,1,0.778889,3.95693,171.129,576.473,F
2982,1,HappyBirthday,24,21900.2,M,1,0.000148945,1.20554,21.2396,0.0506224,F
2982,1,HappyBirthday,93,12410,F,1,0.234941,0.244619,178.56,138.392,F
2982,1,HappyBirthday,1138,1825,F,1,0.000586876,0.166054,400.412,0.442007,F
2982,1,HappyBirthday,921,4745.9,M,1,0.000361948,1.98166,1079.56,0.592578,F
2983,1,HappyBirthday,940,9855.43,M,1,0.758846,0.264087,16360.1,1002.78,F
2984,1,HappyBirthday,224,5110.43,F,1,0.0012395,0.181143,206.233,0.471284,F
2984,1,HappyBirthday,741,11680.6,F,1,0.0014059,2.20338,0.221547,0.437259,F
2984,1,HappyBirthday,825,7300.07,M,1,0.000171882,2.33371,459.042,0.0919263,F
2985,1,HappyBirthday,474,3285.96,M,1,0.152091,0.243798,19.5106,51.2778,F
2985,1,HappyBirthday,743,4380.84,M,1,0.38641,0.533309,5336.53,282.523,F
2985,1,HappyBirthday,875,4380.93,F,1,0.00041972,0.0875107,9.87204,0.130465,F
2986,1,HappyBirthday,198,4015.94,M,1,0.269949,2.1339,1064.1,101.745,F
2986,1,HappyBirthday,901,8760.22,F,1,0.00557081,0.805792,43817.8,23.1601,F
2986,1,HappyBirthday,914,11315.2,M,1,0.145884,1.86217,3113.99,54.6907,F
2987,1,HappyBirthday,385,7665.3,F,1,0.0174911,0.386013,52.2146,5.74021,F
2988,1,HappyBirthday,1295,365,M,1,0.867112,0.0637199,3.01807,629.408,F
2988,1,HappyBirthday,268,8030.79,F,1,0.000709856,0.341916,1576.94,0.220757,F
2988,1,HappyBirthday,1247,730,F,1,0.212211,0.236703,52820,974.429,F
2988,1,HappyBirthday,1246,730,F,1,0.00183822,0.195545,30.6917,0.585369,F
2988,1,HappyBirthday,928,28835.5,F,1,0.00256536,1.64098,86.836,0.902303,F
2989,1,HappyBirthday,582,5110.01,F,1,0.189807,1.26862,8444.66,74.6095,F
2991,1,HappyBirthday,140,21170.5,M,1,0.65602,5.79576,2227.91,412.088,F
2992,1,HappyBirthday,439,17155.5,M,1,0.00332159,6.76589,2043.82,2.08379,F
2992,1,HappyBirthday,1011,2920,F,1,0,0.146837,8.60718,0,F
2992,1,HappyBirthday,1220,1095,M,1,0.0873426,0.220053,27.3399,31.6589,F
2993,1,HappyBirthday,389,8760.39,F,1,0.00591395,1.80865,9.40594,1.91637,F
2993,1,HappyBirthday,675,8030.74,F,1,0.00727721,0.0528229,0.307403,2.27236,F
2993,1,HappyBirthday,771,23360.8,M,1,0.114948,5.44196,13409.2,282.367,F
2994,1,HappyBirthday,282,25185.3,M,1,0.136144,0.256397,9234.13,306.253,F
2994,1,HappyBirthday,425,27375.4,M,1,0.0222902,0.531306,427.373,21.2041,F
2994,1,HappyBirthday,498,8395.31,M,1,0.0189465,0.0922723,40.0094,6.22057,F
2994,1,HappyBirthday,508,12045.5,M,1,0.000430724,0.728251,6.74888,0.138097,F
2994,1,HappyBirthday,535,3650.74,F,1,0.000701665,0.523354,13.5286,0.231538,F
2994,1,HappyBirthday,849,3285.16,M,1,0.00103255,30.7037,2517.95,0.400778,F
2994,1,HappyBirthday,1048,2555,M,1,1.96182e-05,3.6883,1992.77,0.0462017,F
2995,1,HappyBirthday,1140,1825,M,1,0.460208,0.104645,17325.9,959.086,F
2996,1,HappyBirthday,1221,1095,F,1,0.00216331,0.015933,43.8962,0.809097,F
2996,1,HappyBirthday,501,22995.3,F,1,0.071972,0.217976,4026.06,50.9457,F
2996,1,HappyBirthday,946,6935.25,M,1,0,9.34654,0.102717,0,F
2997,1,HappyBirthday,233,8760.08,F,1,0,0.0835456,0.038724,0,F
2997,1,HappyBirthday,347,9490.09,M,1,3.66184e-05,0.0955222,41.4388,0.012198,F
2997,1,HappyBirthday,420,15695.7,M,1,0.11282,1.17227,773.624,47.9393,F
2997,1,HappyBirthday,449,8395.46,F,1,0.0696605,4.75922,404.015,55.4343,F
2998,1,HappyBirthday,88,8395.34,F,1,0.0333729,0.546295,164.14,17.6826,F
2999,1,HappyBirthday,795,5840.67,F,1,0.517662,0.14973,40.1037,232.514,F
2999,1,HappyBirthday,917,7665.9,M,1,0.00169471,30.0083,17.2272,0.569049,F
2999,1,HappyBirthday,960,3650.91,F,1,0.0011632,3.45905,0.261487,0.361783,F
3000,1,HappyBirthday,1049,2555,M,1,0.0259919,1.02074,53.539,8.18628,F
3001,1,HappyBirthday,1248,730,F,1,0,0.0614671,0,0,F
3001,1,HappyBirthday,776,11680.3,M,1,0.0011463,0.0933464,1.07337,0.35784,F
3001,1,HappyBirthday,821,27375.6,F,1,0.00763964,0.252957,751.124,4.80306,F
3002,1,HappyBirthday,116,10221,F,1,0.00193962,0.983316,6.89468,0.624266,F
3002,1,HappyBirthday,1182,1460,F,1,0.133935,4.45693,4811.96,99.606,F
3002,1,HappyBirthday,432,8030.86,M,1,2.78372e-06,0.393273,18623.4,0.0144668,F
3003,1,HappyBirthday,172,9490.68,F,1,0.0979142,9.56882,20.9963,32.0462,F
3003,1,HappyBirthday,1296,365,F,1,0.330716,0.0279604,43212,974.612,F
3003,1,HappyBirthday,1222,1095,M,1,0.0225824,1.30845,11544,88.9464,F
3006,1,HappyBirthday,137,12411,F,1,0.00618584,0.78456,0.377846,1.92832,F
3006,1,HappyBirthday,245,31391,F,1,0.109138,75.1193,4.58269,35.9201,F
3006,1,HappyBirthday,549,12045.6,F,1,0.147577,0.0612605,901.788,53.4039,F
3006,1,HappyBirthday,1249,730,M,1,0.000134864,0.635047,171214,1.27445,F
3006,1,HappyBirthday,752,31755.3,M,1,0.000458929,5.35639,1198.59,0.3786,F
3007,1,HappyBirthday,453,34310.5,F,1,8.21469e-05,1.20281,35.8542,0.0271932,F
3007,1,HappyBirthday,1050,2555,M,1,0.0830564,19.7739,18684.1,41.2336,F
3008,1,HappyBirthday,283,4015.8,M,1,0.00550065,0.0789426,0.139451,1.7145,F
3010,1,HappyBirthday,580,6570.03,M,1,0.684366,0.17895,2768.35,446.715,F
3010,1,Births,1350,0,M,0,0,0.264473,0,0,F
3011,1,HappyBirthday,532,19710.9,F,1,0.000121331,0.244723,97723.5,0.499634,F
3011,1,HappyBirthday,1094,2190,M,0,0,0.0399091,0,0,F
3012,1,HappyBirthday,791,14235.2,M,1,0.000726446,1.63553,31.9498,0.261587,F
3012,1,HappyBirthday,1297,365,F,1,0.00352547,0.0688114,30.4128,1.10649,F
3014,1,HappyBirthday,1141,1825,M,1,0.00646502,0.940917,6819.63,17.3025,F
3014,1,HappyBirthday,1012,2920,M,1,0,0.0671768,0,0,F
3014,1,HappyBirthday,568,23360.6,M,1,0.000488565,0.0351957,0.0013414,0.151815,F
3014,1,HappyBirthday,652,3650.71,M,1,0.0198688,3.03769,2.50653,6.2559,F
3014,1,HappyBirthday,1051,2555,M,1,0.137319,0.285635,1709.18,123.018,F
3016,1,HappyBirthday,12,4015.8,F,1,0.018491,0.212927,34.921,6.66858,F
3016,1,HappyBirthday,63,7300.31,F,1,0.426978,0.61426,5413.14,267.707,F
3017,1,HappyBirthday,1250,730,F,1,0.000899472,0.0144205,7.98364,0.291219,F
3017,1,HappyBirthday,705,8030.61,F,1,0,0.0903485,381.762,0,F
3018,1,HappyBirthday,1183,1460,F,1,0.314129,0.531771,30511.9,1701.47,F
3018,1,HappyBirthday,913,15330.8,F,1,0.00440028,1.65213,11447.1,6.54816,F
3018,1,HappyBirthday,958,10220.3,F,1,0.127258,1.45185,648.483,43.7854,F
3019,1,HappyBirthday,1095,2190,M,1,0.00335393,3.71576,10.4879,1.0449,F
3020,1,HappyBirthday,227,9490.31,M,1,0.0745075,5.92729,2.71791,24.0629,F
3020,1,HappyBirthday,248,11315.8,M,1,0.21561,2.23253,206.131,98.8111,F
3020,1,HappyBirthday,631,5840.64,M,1,0.00179147,0.0471945,0.00288284,0.557238,F
3020,1,Births,1351,0,M,0,0,0.341699,0,0,F
3021,1,HappyBirthday,1096,2190,F,1,0.00667449,0.0960476,25911.9,13.1199,F
3021,1,HappyBirthday,693,6570.41,F,1,0.0247223,0.395732,70.5865,8.84757,F
3022,1,HappyBirthday,286,6205.05,M,1,0.000296905,0.501513,8.42429,0.0936754,F
3022,1,HappyBirthday,310,4745.52,M,1,0.529102,0.621291,54.073,271.611,F
3022,1,HappyBirthday,376,8030.36,M,1,0.149656,18.0698,383.271,132.104,F
3022,1,HappyBirthday,585,10585.3,F,1,0.00850122,5.32746,3697.52,2.92086,F
3022,1,HappyBirthday,975,27010,M,1,0.16139,0.10496,61.7845,62.3881,F
3023,1,HappyBirthday,624,10950.3,F,1,0.00300779,0.208911,3.12259,0.936868,F
3024,1,HappyBirthday,244,21900.3,F,1,0.0104428,0.280705,688.2,3.33181,F
3024,1,HappyBirthday,309,7300.15,M,1,0.0642914,0.333548,55.1278,24.9729,F
3024,1,HappyBirthday,1013,2920,M,1,0.00281088,0.529685,2056,1.05997,F
3025,1,Births,1352,0,M,0,0,0.0935463,0,0,F
3025,1,Births,1353,0,M,0,0,0.071596,0,0,F
3026,1,HappyBirthday,331,17520.3,F,1,0.0317212,2.53454,0.246805,10.0229,F
3026,1,HappyBirthday,630,16425.8,F,1,0.346097,1.23455,894.082,530.921,F
3026,1,HappyBirthday,811,9490.91,M,1,0.000615711,0.0829854,0.075059,0.19152,F
3026,1,HappyBirthday,1097,2190,M,1,0.165438,0.0623052,185.563,70.8649,F
3026,1,HappyBirthday,1142,1825,F,1,0.00610469,1.04883,2346,1.90597,F
3027,1,HappyBirthday,1014,2920,M,1,0.0905023,1.05338,224.22,38.2357,F
3027,1,HappyBirthday,953,5475.73,F,1,0,1.21797,1510.63,0,F
3028,1,HappyBirthday,520,13140.7,F,1,0.00446249,1.97955,397.605,1.83855,F
3029,1,HappyBirthday,273,18615.7,M,1,0.0077243,3.77314,415.054,3.824,F
3029,1,HappyBirthday,395,21170.4,F,1,0.00408945,1.78104,6871.75,10.9019,F
3029,1,HappyBirthday,1098,2190,M,1,0.00587464,6.37791,50.2817,1.94732,F
3029,1,HappyBirthday,1184,1460,F,1,0.555052,0.262801,23484.3,284.762,F
3030,1,HappyBirthday,127,11315,F,1,0.0396055,20.2966,10.8694,12.5728,F
3030,1,HappyBirthday,505,4745.94,M,1,0.000186305,3.21193,29.3275,0.0599732,F
3030,1,HappyBirthday,521,4745.25,F,1,0.372369,5.61729,78.7034,153.066,F
3030,1,HappyBirthday,613,20440.1,F,0,0,0.0292599,0,0,F
3030,1,HappyBirthday,1143,1825,M,1,0.453959,0.350832,0.30036,188.179,F
3030,1,HappyBirthday,746,4380.76,M,1,0.0424087,0.901964,2.33131,13.6217,F
3031,1,HappyBirthday,14,4380.71,M,1,0.000701782,2.35682,40.0155,0.229582,F
3031,1,HappyBirthday,1251,730,M,1,0.446222,5.07465,35228.5,593.813,F
3031,1,HappyBirthday,1099,2190,M,1,0.013679,0.0931615,6.72015,4.39967,F
3031,1,HappyBirthday,663,32485.2,F,1,0.174809,23.5424,1.37487,59.7362,F
3031,1,HappyBirthday,698,5475.83,M,1,0.0220393,1.96665,2054.94,18.478,F
3031,1,HappyBirthday,900,15695.5,M,1,0.017484,2.71848,9126.9,67.1002,F
3031,1,HappyBirthday,1052,2555,M,1,0.196226,0.497855,4090.6,910.654,F
3033,1,HappyBirthday,129,6935.54,F,1,0.0002571,3.00672,101.979,0.0916017,F
3033,1,HappyBirthday,1185,1460,F,1,0.000320534,0.771557,6841.68,0.8572,F
3033,1,HappyBirthday,683,27375.2,F,0,0,0.020728,0,0,F
3033,1,HappyBirthday,833,9125.47,M,1,0.000736875,0.648667,11.4643,0.240531,F
3034,1,HappyBirthday,74,17155.2,M,1,0.121179,0.89628,279.392,44.2478,F
3034,1,HappyBirthday,162,7665.08,M,1,0.126007,0.530327,7.23246,43.2246,F
3034,1,HappyBirthday,1252,730,M,1,0.00131417,0.0658447,46.9697,0.439776,F
3034,1,HappyBirthday,650,10950.7,F,1,0.000245692,5.63484,1345.65,0.389273,F
3035,1,HappyBirthday,113,16790.9,M,1,0.00656393,0.216239,12709.8,27.3826,F
3035,1,HappyBirthday,231,27741,F,1,0.447705,13.7165,1092.98,473.256,F
3035,1,HappyBirthday,303,6570.11,M,1,0.000246676,1.09551,1985.85,0.431095,F
3035,1,HappyBirthday,323,18980.3,M,1,0.168142,0.130562,44.2236,57.5204,F
3035,1,HappyBirthday,691,15330.7,F,1,0.574455,0.23536,326.573,268.192,F
3036,1,HappyBirthday,1053,2555,M,1,0.106761,0.527607,136.849,42.1634,F
3036,1,HappyBirthday,295,20440.4,F,1,0.105647,2.56976,41.3489,36.4764,F
3037,1,HappyBirthday,806,33945,M,1,0.412345,0.151861,5416.35,200.178,F
3038,1,HappyBirthday,967,19345.9,M,1,0.00955379,2.58951,65.4128,3.29175,F
3039,1,HappyBirthday,1253,730,F,1,0.424316,0.947428,1979.87,1286.02,F
3040,1,HappyBirthday,337,8030.16,F,1,0.0101936,0.458962,585.251,3.64272,F
3040,1,HappyBirthday,609,5110.03,M,1,0.000366357,0.810744,0.161785,0.113825,F
3040,1,HappyBirthday,622,11316,M,1,0.0217661,0.458473,42.3548,7.04532,F
3040,1,HappyBirthday,785,21535.2,M,1,0.222297,1.36058,4673.71,97.6284,F
3040,1,HappyBirthday,856,11680.9,F,1,0.149133,0.973528,108.19,56.9084,F
3041,1,HappyBirthday,160,17520.7,F,1,0.000247466,0.18175,26938.2,0.174251,F
3041,1,HappyBirthday,475,14600.6,F,1,4.63889e-06,0.332553,161.425,0.0022256,F
3041,1,HappyBirthday,1144,1825,F,1,0.000288353,0.120353,24761.1,0.206842,F
3041,1,HappyBirthday,822,8395.78,F,1,0.822516,0.60715,176.724,550.808,F
3042,1,HappyBirthday,212,6570.34,M,1,0.546359,3.39062,138.615,372.893,F
3042,1,HappyBirthday,1223,1095,M,1,0.0786384,1.72855,411.132,28.2713,F
3043,1,HappyBirthday,174,13870.7,M,1,0.720873,0.195667,95.4433,501.687,F
3045,1,HappyBirthday,1224,1095,F,1,0,0.026302,27295.6,0,F
3045,1,HappyBirthday,406,6935.82,F,1,0.00130624,1.62077,11.7249,0.427057,F
3045,1,HappyBirthday,706,9125.79,F,1,0.00311318,3.67628,105.237,1.00466,F
3045,1,HappyBirthday,872,13140.2,F,1,0.151819,18.5261,506.182,56.0062,F
3045,1,HappyBirthday,923,9490.19,F,1,0.0105346,8.83482,3691.33,16.7083,F
3045,1,HappyBirthday,1056,2555,F,1,0.000837984,0.514009,0.518626,0.260711,F
3046,1,HappyBirthday,1186,1460,F,1,0.0128437,3.29968,51.6993,4.47731,F
3047,1,HappyBirthday,27,3285.37,M,1,0.135434,14.3195,8.32325,45.2387,F
3047,1,HappyBirthday,112,17520.8,F,1,0.002569,0.402869,16.1116,0.852149,F
3047,1,HappyBirthday,1057,2555,F,1,0.140598,1.3338,521.854,84.159,F
3047,1,HappyBirthday,259,3650.97,M,1,0.156935,0.0610794,5040.63,69.0388,F
3047,1,HappyBirthday,308,5475.75,F,1,0.00191435,0.0510924,75.1603,0.663618,F
3047,1,HappyBirthday,1225,1095,F,1,0.0385132,0.121073,52.1706,14.5995,F
3047,1,HappyBirthday,781,21535.5,M,1,0.0182795,0.104568,101.91,6.80141,F
3047,1,HappyBirthday,1298,365,M,1,0.00702934,0.281961,1.38561,2.19351,F
3048,1,HappyBirthday,207,9125.97,M,1,0.00616684,3.08413,19.7728,2.02381,F
3048,1,HappyBirthday,1226,1095,M,1,0.0468113,0.191846,270.139,16.808,F
3049,1,HappyBirthday,169,15330,M,1,0.000815934,0.208304,202.569,0.444798,F
3049,1,HappyBirthday,229,8030.56,M,1,0.0686865,0.905321,83.3042,26.2627,F
3049,1,HappyBirthday,297,9125.68,F,1,0.106447,1.05795,56.531,39.5446,F
3049,1,HappyBirthday,334,5475.93,M,1,0.00198746,0.762057,1.12834,0.618437,F
3049,1,HappyBirthday,1145,1825,M,1,0.0248388,1.45233,160947,246.416,F
3049,1,HappyBirthday,618,11681,F,1,0.0130288,1.51073,0.0020344,4.07568,F
3050,1,HappyBirthday,834,14600.9,M,1,0.788225,2.75826,121.185,545.16,F
3050,1,HappyBirthday,1015,2920,F,1,0.00681315,8.75729,343.9,2.32357,F
3051,1,HappyBirthday,311,4745.33,M,1,0.0265932,0.174346,5530.19,14.6428,F
3051,1,HappyBirthday,1058,2555,F,0,0,0.0220234,0,0,F
3051,1,HappyBirthday,499,25550.7,M,1,0.02988,0.219176,36.6497,10.0207,F
3051,1,HappyBirthday,797,3285.21,F,1,0.131692,1.2957,44.6582,50.9418,F
3051,1,HappyBirthday,851,15330.4,F,1,0.127407,0.141408,84.2576,46.7778,F
3051,1,HappyBirthday,919,23725.3,M,1,0.0327712,0.237476,177.644,12.4091,F
3052,1,HappyBirthday,740,7665.84,F,1,0.0175042,0.387991,0.723062,5.49149,F
3053,1,HappyBirthday,173,3650.3,M,1,0.325598,0.013067,376.76,123.324,F
3053,1,HappyBirthday,462,13505.4,F,1,0.0976063,0.30831,317.427,32.3394,F
3053,1,HappyBirthday,883,7300.98,M,1,0.0403984,2.09368,214.678,13.6898,F
3053,1,HappyBirthday,973,4380.17,M,1,0.00129851,1.02644,0.378202,0.403781,F
3053,1,HappyBirthday,1059,2555,F,1,0.0108431,0.0538537,38521.1,12.1341,F
3054,1,HappyBirthday,1016,2920,F,1,0.00224705,4.97832,44.4866,0.723949,F
3054,1,HappyBirthday,455,10585.2,F,0,0,0.0232351,0,0,F
3054,1,HappyBirthday,599,6205.7,M,1,0.109762,1.87382,1792.57,40.0023,F
3056,1,HappyBirthday,146,13140.8,F,1,0.0058202,1.33327,1.06243,1.81522,F
3056,1,HappyBirthday,486,4745.43,F,1,0.119224,2.47767,237.541,46.6021,F
3056,1,HappyBirthday,1299,365,F,1,4.67876e-07,1.15753,48449.5,0.00442445,F
3056,1,HappyBirthday,925,28835.4,M,1,0.0108278,0.199465,13003.6,5.84308,F
3057,1,HappyBirthday,25,24090.7,M,1,0.101249,0.0589002,200.844,43.624,F
3057,1,HappyBirthday,124,10585.8,F,1,0.0053608,0.172361,15.1025,1.68064,F
3057,1,HappyBirthday,1300,365,F,1,0.000447947,0.0230661,177.291,0.174878,F
3058,1,HappyBirthday,1101,2190,M,1,0.0214849,0.149599,2.62389,6.7713,F
3058,1,HappyBirthday,1146,1825,F,1,0.118641,0.157348,233.294,46.1639,F
3058,1,HappyBirthday,608,9855.9,M,1,0.171895,0.26199,21.6579,65.0204,F
3059,1,HappyBirthday,92,12410.4,M,1,0.0074364,1.19375,80.1021,2.65519,F
3059,1,HappyBirthday,1001,10585.1,M,1,0.000591912,1.49724,32.1099,0.193461,F
3059,1,HappyBirthday,340,5475.51,F,1,0.0159437,1.19975,9848.6,6.23136,F
3059,1,HappyBirthday,1102,2190,M,1,0.00612175,0.101079,5307.77,3.98205,F
3059,1,HappyBirthday,467,3650.71,F,1,8.10565e-06,3.56006,1502.97,0.0175081,F
3060,1,HappyBirthday,1302,365,M,1,0.0744586,0.100499,120.829,28.447,F
3060,1,HappyBirthday,1301,365,M,0,0,0.0232723,0,0,F
3060,1,HappyBirthday,445,4745.68,M,1,0.00747727,0.501845,4063.31,11.2335,F
3060,1,HappyBirthday,670,12775.8,F,1,0.261991,0.490695,1.26909,94.464,F
3061,1,HappyBirthday,391,23360,M,1,0.00919867,1.0694,1.39155,2.88405,F
3061,1,HappyBirthday,756,32485.9,M,1,0.0233124,0.102531,52.9991,8.60596,F
3062,1,Births,1354,0,M,0,0,0.0638989,0,0,F
3063,1,HappyBirthday,423,3650.73,M,1,0.00190477,0.231803,8005.82,5.78429,F
3063,1,HappyBirthday,434,16060.1,F,1,0.0110788,0.364383,1.69534,3.47173,F
3064,1,HappyBirthday,1256,730,M,1,0.00308477,1.024,74.9221,1.07847,F
3064,1,HappyBirthday,430,31390.4,M,1,0.0536716,0.918199,78.7713,19.1379,F
3064,1,HappyBirthday,1061,2555,F,1,0.0184984,0.398743,1693.06,6.44434,F
3065,1,HappyBirthday,109,3650.19,M,1,0.00878461,4.72659,0.00596799,2.74232,F
3065,1,HappyBirthday,1187,1460,M,1,0.000622722,0.0315406,0.143718,0.193417,F
3065,1,HappyBirthday,801,5840.1,F,1,3.15749e-05,9.61407,20.3096,0.0102485,F
3066,1,HappyBirthday,157,10220.8,F,1,0.000726487,0.987091,451.134,0.244582,F
3067,1,HappyBirthday,133,4380.84,F,1,0.00544845,0.30239,15.6421,1.69879,F
3067,1,HappyBirthday,1228,1095,M,1,0.48498,0.448083,12115.6,456.36,F
3067,1,HappyBirthday,242,7665.41,M,1,0.0246864,1.4152,2.78198,7.76901,F
3067,1,HappyBirthday,424,3650.77,F,1,0.25805,1.79378,141.504,115.304,F
3068,1,HappyBirthday,1188,1460,F,1,0.396294,2.03718,177.163,163.964,F
3068,1,HappyBirthday,493,11315.8,F,1,0.473218,2.11633,9792.91,609.24,F
3068,1,HappyBirthday,866,6935.49,M,1,0.00378821,14.0333,16.0158,1.24816,F
3068,1,HappyBirthday,916,6205.06,F,1,0.00577023,0.281932,2.69946,1.81928,F
3068,1,HappyBirthday,1103,2190,M,1,0.546978,0.174311,10852.9,539.867,F
3069,1,HappyBirthday,32,4380.94,M,1,0.827252,1.65896,212.545,681.453,F
3069,1,HappyBirthday,351,8030.04,F,1,0.255739,345.163,22509.1,332.066,F
3069,1,HappyBirthday,808,12776,M,1,0.33702,0.643645,979.267,129.65,F
3070,1,HappyBirthday,66,26646,M,1,8.10809e-06,0.0870206,0.275631,0.00255,F
3070,1,HappyBirthday,290,8760.11,F,1,0.106314,3.4665,23.4091,38.2181,F
3070,1,HappyBirthday,1303,365,F,1,0.661459,0.136825,395.155,358.101,F
3071,1,HappyBirthday,1257,730,F,1,0.280249,0.172339,12203.3,546.115,F
3071,1,HappyBirthday,551,10220.6,M,1,0.0157282,4.20967,0.018315,4.92674,F
3072,1,HappyBirthday,888,3285.92,M,1,0.00516302,6.00723,6.48527,1.66099,F
3072,1,Births,1355,0,F,0,0,0.0451101,0,0,F
3073,1,HappyBirthday,1017,2920,F,1,2.56262e-05,4.40872,5731.94,0.061142,F
3073,1,HappyBirthday,404,7665.27,M,1,0.137198,4.41266,207.44,59.487,F
3073,1,HappyBirthday,579,5840.95,F,1,0.0951757,0.806391,53.0534,33.184,F
3074,1,HappyBirthday,1304,365,F,1,0,0.022408,0,0,F
3075,1,HappyBirthday,280,6935.34,F,1,0.761396,1.24223,3705.02,551.239,F
3076,1,HappyBirthday,21,10586,F,1,0.085022,0.537473,487.922,29.7531,F
3076,1,HappyBirthday,1019,2920,F,1,0.00117165,0.168521,3.18681,0.369291,F
3076,1,HappyBirthday,1258,730,M,0,0,0.0103746,0,0,F
3077,1,HappyBirthday,469,8760.92,M,1,0.00164626,0.493055,43.5897,0.604047,F
3078,1,HappyBirthday,228,14600.9,F,1,0.0392121,0.754203,537.231,40.9827,F
3078,1,HappyBirthday,595,3285.04,F,1,0.700438,0.224065,133.496,556.209,F
3078,1,HappyBirthday,718,6570.27,F,1,0.00746644,0.594486,562.742,4.38719,F
3078,1,HappyBirthday,868,7300.72,F,1,0.00546497,0.382624,474.597,2.7937,F
3078,1,HappyBirthday,902,5110.38,F,1,0.00187473,0.107292,2.30242,0.582946,F
3080,1,HappyBirthday,1020,2920,M,1,0.0354471,0.762712,892.515,11.2817,F
3081,1,HappyBirthday,1229,1095,M,1,0.0432321,0.668323,1197.44,19.7291,F
3082,1,HappyBirthday,187,9125.81,F,1,0.0136504,1.49846,20.678,4.47491,F
3082,1,HappyBirthday,518,23360.2,M,1,0.138947,2.65685,747.185,58.5288,F
3082,1,Births,1356,0,F,0,0,0.0168027,0,0,F
3083,1,HappyBirthday,435,15330.9,M,1,0.032072,1.001,298.778,15.1444,F
3084,1,HappyBirthday,53,4380.51,M,1,0.352905,2.62793,687.082,467.683,F
3084,1,HappyBirthday,83,7300.32,M,1,8.48241e-05,0.0959328,0.0585851,0.0263298,F
3084,1,HappyBirthday,380,19345.4,M,1,0.00202565,16.0968,59107.3,20.8616,F
3084,1,HappyBirthday,813,17155.6,M,1,0.0525079,0.379419,9.10804,17.2262,F
3085,1,HappyBirthday,111,3285.45,M,1,0.000409214,2.12628,1.7998,0.128425,F
3085,1,HappyBirthday,1259,730,F,1,0.00483574,0.824705,47.7885,1.66109,F
3085,1,HappyBirthday,485,17155.3,F,1,0.0506436,0.371289,3560.97,42.7208,F
3086,1,HappyBirthday,1105,2190,F,1,0.124173,0.11884,104.642,47.7774,F
3086,1,HappyBirthday,763,7300.75,F,1,0.0794815,5.39773,2822.91,99.2492,F
3086,1,HappyBirthday,939,9855.11,F,1,0,2.44966,59.3526,0,F
3086,1,Births,1357,0,F,0,0,0.956691,0,0,F
3088,1,HappyBirthday,409,4015.2,F,1,0.0145062,0.605585,21.8081,4.74325,F
3089,1,HappyBirthday,8,4015.94,F,1,0.018965,0.0981833,72.4942,5.95519,F
3089,1,HappyBirthday,128,4745.54,M,1,0.189858,2.51924,45.1327,71.0227,F
3089,1,HappyBirthday,383,10950.4,M,1,0.123367,7.91778,87.8282,45.4337,F
3089,1,HappyBirthday,466,12045.4,F,1,0.00136213,0.633456,6.62753,0.42854,F
3090,1,HappyBirthday,371,33215.2,F,1,0.563676,34.4903,61.8685,304.34,F
3090,1,HappyBirthday,611,13506,M,1,4.99833e-05,3.63095,21.8034,0.016165,F
3091,1,HappyBirthday,358,13140.9,F,1,0.00632395,0.048432,12.7944,2.02028,F
3091,1,HappyBirthday,1260,730,M,1,0.549673,0.507007,175.354,424.15,F
3092,1,HappyBirthday,1022,2920,M,1,4.82969e-05,1.16169,141.863,0.023602,F
3092,1,HappyBirthday,621,8030.35,M,1,0.0537477,2.14139,11977.2,27.3558,F
3093,1,HappyBirthday,349,7665.05,F,1,0.0566124,0.160768,396.797,43.334,F
3093,1,HappyBirthday,555,16425.8,M,1,0.000120221,0.131135,11.5631,0.0389094,F
3093,1,HappyBirthday,1106,2190,M,1,0.0675571,0.054842,166.934,28.9342,F
3094,1,HappyBirthday,294,7665.32,F,1,0.000904547,0.0149175,0.001001,0.281207,F
3094,1,HappyBirthday,1305,365,F,0,0,0.00690549,0,0,F
3094,1,HappyBirthday,986,5475.94,M,1,0.0761475,0.0793725,29.3573,26.0864,F
3095,1,HappyBirthday,738,8030.05,M,1,0.0458307,4.41588,691.334,31.5786,F
3096,1,HappyBirthday,653,10585.4,F,1,7.40561e-05,4.6489,8161.72,0.129632,F
3097,1,HappyBirthday,221,13505.6,M,1,0.0516028,0.445565,18.6839,17.9461,F
3097,1,HappyBirthday,655,8030.98,M,1,0.048969,1.31349,13.0272,16.4453,F
3097,1,HappyBirthday,871,20805.7,M,1,0.00431004,8.63438,9.82211,1.39493,F
3098,1,HappyBirthday,141,8760.91,M,1,0.0829927,3.44205,22.4288,27.9458,F
3098,1,HappyBirthday,164,8395.19,M,1,0.0213777,0.0977331,91.8125,6.73365,F
3098,1,HappyBirthday,1062,2555,F,1,0.00166866,0.0590928,2.45123,0.525676,F
3098,1,HappyBirthday,687,4015.38,M,1,0.0712053,0.193796,17.5683,24.7186,F
3098,1,HappyBirthday,1149,1825,F,1,0.000885673,0.288776,0.537117,0.275949,F
3099,1,HappyBirthday,85,4380.74,M,1,0.0113383,0.257015,162.919,4.51235,F
3099,1,HappyBirthday,168,12775.2,M,1,0.408492,0.241297,3241.83,248.187,F
3099,1,HappyBirthday,747,7300.34,M,1,0.0750282,6.40536,5698.3,64.1969,F
3100,1,HappyBirthday,317,23725.8,F,1,0.0188146,3.8488,12.5664,6.02886,F
3100,1,HappyBirthday,1107,2190,F,1,0.33747,1.12538,74.5022,162.323,F
3100,1,HappyBirthday,614,6205.42,M,1,0.000424637,1.207,24069.3,0.749901,F
3100,1,HappyBirthday,865,12045.2,M,1,0.000706613,1.45347,72.0263,0.285262,F
3100,1,HappyBirthday,870,3650.03,M,1,0.00171668,1.12755,28615.1,5.50103,F
3101,1,HappyBirthday,4,35405,M,1,0.000734005,1.63777,0.0762662,0.228111,F
3101,1,HappyBirthday,1063,2555,M,1,0.00819573,0.287281,30649.7,56.3375,F
3101,1,HappyBirthday,237,6935.73,M,1,0.00667916,4.64131,8.81928,2.14618,F
3101,1,HappyBirthday,1230,1095,F,1,6.34613e-05,0.155556,96398.5,0.904388,F
3101,1,HappyBirthday,314,7300.5,F,1,0.000128249,0.304662,265.294,0.0834211,F
3101,1,HappyBirthday,421,6205.78,M,1,0.00707179,0.637175,0.00180098,2.20565,F
3102,1,HappyBirthday,1306,365,M,1,0.43685,0.407921,10227.3,354.358,F
3102,1,HappyBirthday,147,6570.34,F,1,0.00138842,2.09759,19.7872,0.444782,F
3102,1,HappyBirthday,1064,2555,M,1,0.110894,0.245798,1.58186,36.7112,F
3102,1,HappyBirthday,542,15330.4,F,1,0.498433,0.129065,2373.95,769.044,F
3102,1,HappyBirthday,826,7665.31,F,0,0,0.0559282,0,0,F
3103,1,HappyBirthday,49,13505.9,M,1,0.000935791,2.86377,484.506,0.801393,F
3103,1,HappyBirthday,835,3285.34,F,1,0.00395175,5.65274,380.843,1.441,F
3103,1,Births,1358,0,M,0,0,0.084987,0,0,F
3104,1,HappyBirthday,206,12775.6,M,1,6.02351e-06,0.231378,700.413,0.0074774,F
3104,1,HappyBirthday,598,29565.8,F,1,0.00720324,0.941888,12466.2,2.47669,F
3104,1,HappyBirthday,979,8395.16,M,1,0.0970544,0.552287,34.5592,37.2322,F
3105,1,HappyBirthday,343,19710,F,1,0.632053,0.128792,9.19507,311.628,F
3105,1,Births,1359,0,M,0,0,0.0326993,0,0,F
3106,1,HappyBirthday,69,7300.08,F,1,0.0391531,0.42053,1173.51,33.5729,F
3106,1,HappyBirthday,1108,2190,F,1,0.00447487,0.281318,584.807,1.73961,F
3106,1,HappyBirthday,537,14600,M,1,0.601038,0.0630846,252.144,548.639,F
3107,1,HappyBirthday,319,21535.9,M,1,0.00572754,1.52577,156.598,2.82696,F
3107,1,HappyBirthday,394,13870.1,M,1,0.00297024,1.60676,2972.06,4.30258,F
3107,1,Births,1360,0,M,0,0,1.35719,0,0,F
3109,1,HappyBirthday,941,6205.43,F,1,0.00480332,0.709816,73.7685,1.88305,F
3110,1,HappyBirthday,152,34310.6,M,1,0.0133485,2.28089,527.607,12.2922,F
3110,1,HappyBirthday,234,8030.74,M,1,5.6685e-06,14.7113,2191.78,0.0072492,F
3110,1,HappyBirthday,312,4380.29,F,1,0.261334,8.40612,235.343,127.418,F
3110,1,HappyBirthday,761,6935.38,M,1,0.0109814,2.2621,41.7406,3.56666,F
3111,1,HappyBirthday,1151,1825,M,1,0.0106494,0.177204,14.0247,3.40738,F
3111,1,HappyBirthday,887,7300.42,M,1,0.127177,1.00202,166.352,66.9927,F
3111,1,HappyBirthday,982,8030.94,M,1,0.00468634,0.410681,3.01422,1.47301,F
3112,1,HappyBirthday,1191,1460,M,1,0.292967,0.914222,4891.28,169.11,F
3112,1,HappyBirthday,416,3285.42,M,1,0.00906174,0.32802,1.10487,2.82954,F
3113,1,HappyBirthday,1307,365,F,1,0.0334251,0.76621,119.768,12.3622,F
3113,1,HappyBirthday,412,6205.29,F,1,0.178356,0.781592,2533.77,133.01,F
3113,1,HappyBirthday,1261,730,F,1,0.300749,0.66596,30631.8,438.193,F
3114,1,HappyBirthday,103,7300.34,F,1,0.0951528,13.6295,308.352,34.298,F
3114,1,HappyBirthday,1231,1095,M,1,0.00199516,0.485553,99702.4,28.9505,F
3114,1,HappyBirthday,219,5840.89,F,1,0.0166807,1.64614,86.0413,7.39804,F
3114,1,HappyBirthday,1308,365,M,1,0.247716,0.150247,9217.11,1485.12,F
3114,1,HappyBirthday,1152,1825,F,1,0.156331,0.0638212,131.471,68.6032,F
3114,1,HappyBirthday,581,3285.81,F,1,0.0400753,0.863701,4377.35,14.2175,F
3114,1,HappyBirthday,1066,2555,F,1,0.0296573,0.33161,28.4431,10.5795,F
3115,1,HappyBirthday,874,6205.53,F,1,0.227219,0.0650588,13.103,81.2773,F
3115,1,HappyBirthday,1262,730,F,1,0.514704,0.553534,588.483,601.41,F
3116,1,HappyBirthday,365,3285.49,M,1,0.00139979,0.663091,150847,12.184,F
3116,1,HappyBirthday,606,3285.46,M,1,0.00277701,0.341324,16.9214,0.883626,F
3116,1,HappyBirthday,672,7665.78,F,1,0.00597885,0.238446,21.1116,1.92339,F
3116,1,HappyBirthday,853,12410.5,F,1,0.0173179,0.37271,1.27463,5.42989,F
3116,1,HappyBirthday,1232,1095,F,1,0.107643,0.636527,802.815,40.4574,F
3117,1,HappyBirthday,494,3650.54,F,1,0.020464,0.0384606,35.4829,7.40359,F
3117,1,HappyBirthday,1263,730,F,1,0.000410477,0.440845,615.843,0.410369,F
3117,1,HappyBirthday,882,11315.2,M,1,0.00298293,2.27521,246.762,0.985318,F
3118,1,HappyBirthday,266,29565.7,M,1,0.0444791,3.21721,99.9086,18.8079,F
3118,1,HappyBirthday,1233,1095,F,1,0.0720409,0.681227,23531,478.512,F
3118,1,HappyBirthday,845,25915.2,F,1,0.016467,15.1027,14.8785,5.48905,F
3119,1,HappyBirthday,530,10950,F,1,0.0505218,0.0984915,255.965,32.2653,F
3120,1,HappyBirthday,35,4380.01,F,1,0.711428,0.269426,34.3542,437.178,F
3120,1,HappyBirthday,1192,1460,F,1,0.002396,0.0892757,1.53057,0.74556,F
3120,1,HappyBirthday,1264,730,F,1,0.686604,0.0996466,105.917,436.499,F
3121,1,HappyBirthday,177,19710.6,F,1,0.0869933,1.15772,25.5495,28.3063,F
3122,1,HappyBirthday,181,6935.29,M,1,0.0582614,3.14601,3162.96,46.0186,F
3122,1,HappyBirthday,1109,2190,M,1,0.111031,19.1272,92.6883,41.7931,F
3122,1,HappyBirthday,560,10585.6,M,1,0.000553527,0.119295,6.52057,0.172476,F
3122,1,HappyBirthday,688,13505.7,M,1,0.000415875,1.15822,617.563,0.134761,F
3122,1,HappyBirthday,943,4380.66,F,1,0.096638,0.281006,14482.1,140.366,F
3122,1,Births,1361,0,F,0,0,0.727791,0,0,F
3123,1,HappyBirthday,1265,730,F,1,0.274793,0.0188482,20081.6,1771.23,F
3123,1,HappyBirthday,330,6205.56,F,1,0.00147458,0.65723,998.624,1.62878,F
3123,1,HappyBirthday,361,4380.04,F,1,0.00596327,1.64003,6.47598,1.919,F
3124,1,HappyBirthday,291,11680.2,F,1,0.00137917,1.37923,7.29754,0.429089,F
3124,1,HappyBirthday,1110,2190,M,1,0.00139388,1.52396,306.237,0.979708,F
3125,1,HappyBirthday,793,13870.9,M,1,0.0915836,0.445419,8541.67,49.2565,F
3125,1,HappyBirthday,1266,730,F,1,0.00209041,0.084252,40.1256,0.705194,F
3126,1,HappyBirthday,322,26280,M,1,0.000694512,2.51962,88.856,0.230269,F
3126,1,HappyBirthday,1267,730,M,1,0.0838714,0.0121473,1340.64,51.7578,F
3126,1,HappyBirthday,500,6205.42,M,1,0.289934,3.81877,497.976,112.908,F
3126,1,HappyBirthday,1111,2190,M,1,0.00215382,0.175009,582.993,1.254,F
3126,1,HappyBirthday,577,25185.5,F,1,0.254097,0.36336,22.1801,94.5784,F
3127,1,HappyBirthday,1153,1825,F,1,0.102386,11.141,2824.66,35.1788,F
3127,1,HappyBirthday,1234,1095,M,1,9.50172e-05,0.624663,3356.91,0.334104,F
3128,1,HappyBirthday,1268,730,F,1,0.336528,0.0224394,15425.6,190.466,F
3128,1,HappyBirthday,816,21170.7,M,1,0.0322803,0.49793,249.619,10.5101,F
3129,1,HappyBirthday,166,17520.5,M,1,0.0181399,0.00958021,220.722,7.45304,F
3129,1,HappyBirthday,178,10950.9,F,1,0.172408,2.41538,7.0344,59.0136,F
3129,1,HappyBirthday,1235,1095,F,1,0.255834,0.649515,2859.69,366.665,F
3129,1,Births,1362,0,F,0,0,0.0176363,0,0,F
3131,1,HappyBirthday,211,8395.72,M,1,0.00201772,2.57332,37.411,0.661356,F
3131,1,HappyBirthday,429,7665.88,M,1,0.0428506,1.76097,48.8965,14.9559,F
3132,1,HappyBirthday,513,10585.1,F,1,0.00219013,0.943821,74.2555,0.698161,F
3132,1,HappyBirthday,907,9125.38,F,1,0.00427867,5.87174,447.516,1.73795,F
3133,1,HappyBirthday,1112,2190,M,1,0.0335776,2.22967,144.289,12.6889,F
3133,1,HappyBirthday,373,19345.5,F,1,0.211786,0.261794,1526.91,223.287,F
3133,1,HappyBirthday,619,5110.23,M,1,7.66459e-05,1.75326,5775.8,0.178624,F
3133,1,HappyBirthday,700,18980.9,F,1,3.14373e-05,60.03,21304.5,0.149106,F
3133,1,HappyBirthday,984,11680.5,F,1,0.111615,4.7354,505.527,36.7811,F
3134,1,HappyBirthday,536,32120.4,M,1,0.00293733,22.5687,1.38705,0.915761,F
3134,1,HappyBirthday,658,5475.51,M,1,0.839503,0.141686,7.80016,570.598,F
3134,1,HappyBirthday,810,4015.82,M,1,0.00130615,0.0625505,23.0289,0.434227,F
3135,1,HappyBirthday,955,8395,F,1,0.105698,4.90119,0.0326354,34.7187,F
3136,1,HappyBirthday,666,3650.8,F,1,0.00238904,0.223559,0.615987,0.743193,F
3136,1,HappyBirthday,716,25915.6,M,1,0.00850786,0.122734,718.888,3.01599,F
3136,1,HappyBirthday,744,9125.64,M,1,0.00381585,0.155134,1887.36,9.30567,F
3136,1,HappyBirthday,910,6570.32,M,1,0.202181,0.46788,4163.3,182.153,F
3136,1,HappyBirthday,1269,730,M,1,0.16436,0.321573,6398.84,993.253,F
3138,1,HappyBirthday,34,29930.1,M,1,0.119127,1.8128,432.153,44.7512,F
3138,1,HappyBirthday,1068,2555,F,1,0.142818,0.182441,351.872,56.8992,F
3138,1,HappyBirthday,464,5110.93,F,1,0.359481,0.130441,1362.63,381.929,F
3139,1,HappyBirthday,105,23725,M,1,0.000288283,0.778729,445.078,0.0938074,F
3139,1,HappyBirthday,200,17520.9,F,1,0.000136126,0.34769,53.8666,0.0472858,F
3139,1,HappyBirthday,974,9855.05,M,1,0.0824035,44.8431,114.848,32.0289,F
3139,1,HappyBirthday,994,6570.65,M,1,0.0306346,0.788887,29.3241,10.2297,F
3140,1,HappyBirthday,574,6935.77,F,1,0.00529621,2.2092,46.6548,1.76701,F
3141,1,HappyBirthday,256,5110.66,M,1,0.021649,2.4774,10.6165,7.16544,F
3141,1,Births,1363,0,M,0,0,0.3206,0,0,F
3141,1,Births,1364,0,M,0,0,0.0117606,0,0,F
3142,1,HappyBirthday,31,19710.3,F,1,0.00227204,14.9765,8454.59,3.84743,F
3142,1,HappyBirthday,307,6935.3,M,1,0.521957,0.211411,161.796,370.687,F
3142,1,HappyBirthday,488,29930.7,F,1,0.119597,0.47475,1.04692,39.6044,F
3143,1,HappyBirthday,690,8395.77,M,1,0.000526318,1.8159,167.135,0.230376,F
3143,1,HappyBirthday,924,4015.23,F,1,0.000787505,0.439925,4.81611,0.249688,F
3143,1,HappyBirthday,942,13140.7,F,1,0.00101026,0.0343249,0.0055558,0.313922,F
3143,1,HappyBirthday,1309,365,M,0,0,0.00465999,0,0,F
3144,1,HappyBirthday,60,19710.6,F,1,0.00376068,1.03491,29.0627,1.18017,F
3144,1,HappyBirthday,788,6935.26,F,1,0.0668035,5.1353,42.6639,21.6029,F
3144,1,HappyBirthday,1270,730,M,1,0.281681,0.303679,9920.22,106.992,F
3145,1,HappyBirthday,62,6935.03,M,1,0.00200415,0.688924,151.026,0.884461,F
3145,1,HappyBirthday,1113,2190,M,1,0.284402,0.998994,7.22908,104.089,F
3146,1,HappyBirthday,1271,730,M,1,0,0.351283,26057.8,0,F
3146,1,HappyBirthday,1193,1460,F,1,0.0650651,0.232627,110.6,24.8457,F
3146,1,HappyBirthday,1194,1460,F,1,0.000161274,2.25984,81897.2,0.372328,F
3148,1,HappyBirthday,325,12410.9,F,1,0.270198,0.145427,57.9981,101.432,F
3148,1,HappyBirthday,1155,1825,M,1,0.248863,1.73674,2363.25,723.982,F
3149,1,HappyBirthday,1023,2920,F,1,0.112542,0.0539457,12097,158.926,F
3149,1,HappyBirthday,1069,2555,F,1,0.00513512,0.122521,1245.64,9.73699,F
3149,1,HappyBirthday,393,4015.35,F,1,0.000128808,3.09826,4052.11,0.22926,F
3149,1,HappyBirthday,735,17885,F,1,0.0101823,1.42659,139.305,4.61424,F
3149,1,HappyBirthday,1310,365,M,1,0.380516,0.00494047,807.308,576.739,F
3150,1,HappyBirthday,1195,1460,F,1,0.00094848,0.233304,114.493,0.339615,F
3150,1,HappyBirthday,156,5840.9,F,1,0.589342,1.05589,144.388,333.153,F
3150,1,HappyBirthday,257,7300.7,F,1,1.24434e-05,5.09346,18425.4,0.00826331,F
3150,1,HappyBirthday,1156,1825,M,1,0.189553,0.325182,15.1239,65.3456,F
3151,1,HappyBirthday,480,4380.93,M,1,0.0580979,3.03038,2.23155,18.6024,F
3151,1,HappyBirthday,497,9855.8,F,1,0.514534,6.18453,4.7381,224.994,F
3151,1,HappyBirthday,715,11680,M,1,0.00679829,0.892846,1224.34,5.95418,F
3151,1,HappyBirthday,1196,1460,F,0,0,0.013684,0,0,F
3151,1,HappyBirthday,1272,730,M,1,0.000362167,0.0825707,32004,0.810961,F
3151,1,Births,1365,0,M,0,0,0.036358,0,0,F
3151,1,Births,1366,0,M,0,0,0.00439194,0,0,F
3152,1,HappyBirthday,1273,730,F,1,0.00131848,32.3812,29.0454,0.4548,F
3152,1,HappyBirthday,664,17885.5,F,1,0.338702,18.334,2046.63,188.468,F
3152,1,HappyBirthday,710,25915.1,M,1,0.0170961,11.1333,99.8854,5.7498,F
3152,1,HappyBirthday,859,6205.95,F,1,0.000174343,0.0239867,162001,1.58533,F
3153,1,HappyBirthday,123,21900.1,F,1,0.114025,0.738797,365.282,87.5556,F
3153,1,HappyBirthday,210,16790.4,F,1,0.282163,1.05654,4384.53,106.669,F
3153,1,HappyBirthday,362,10220.6,F,1,0.010075,0.530819,14.6631,3.36276,F
3153,1,HappyBirthday,749,20075.7,M,1,0.323084,21.3687,3877.86,181.29,F
3153,1,HappyBirthday,965,5475.02,F,1,0.0362459,2.44155,3481.27,11.5627,F
3153,1,HappyBirthday,990,4015.72,M,1,0.000796607,10.042,72.8985,0.3013,F
3154,1,HappyBirthday,11,3650.89,F,1,0.0236383,0.282222,72.8563,9.8117,F
3154,1,HappyBirthday,1311,365,M,1,0.153314,0.744209,17325.3,357.231,F
3154,1,HappyBirthday,1024,2920,F,1,0.000843702,0.651843,3337.97,0.57775,F
3154,1,HappyBirthday,829,6205.13,M,1,0.237401,2.78919,310.001,119.772,F
3154,1,HappyBirthday,1157,1825,F,1,0.0630788,0.0344756,0.007915,20.2484,F
3155,1,HappyBirthday,1236,1095,F,1,0.157573,0.0362352,2.99604,53.8393,F
3155,1,HappyBirthday,877,3650.48,F,1,0.000478182,12.9197,0.00293271,0.148843,F
3156,1,HappyBirthday,1070,2555,F,1,0.30014,0.0407497,17261.1,1326.64,F
3156,1,HappyBirthday,490,24090.8,M,1,0.00224053,1.28565,1153.92,0.86606,F
3156,1,HappyBirthday,827,11315.9,F,1,7.47354e-05,0.688712,30979.1,0.100195,F
3157,1,HappyBirthday,82,13505,F,1,0.000435225,0.952627,16.5445,0.14594,F
3157,1,HappyBirthday,1025,2920,F,1,0.142804,0.033094,1.27953,47.895,F
3157,1,Births,1367,0,M,0,0,0.0614083,0,0,F
3158,1,HappyBirthday,115,13505.6,F,1,0.00259675,0.507029,32.214,0.902141,F
3158,1,HappyBirthday,223,13505.7,M,1,0.000181603,1.51625,1.19565,0.0565472,F
3158,1,HappyBirthday,820,14600.3,M,1,0.0881571,0.111399,28.7576,32.6226,F
3159,1,HappyBirthday,37,5840.15,F,1,0.0118464,5.29914,337.688,3.86979,F
3159,1,HappyBirthday,495,12775.6,M,1,0.00127776,1.39609,0.176641,0.397325,F
3159,1,HappyBirthday,1115,2190,F,1,0.18657,0.373828,2264.04,75.0035,F
3159,1,HappyBirthday,798,5840.93,M,1,0.671327,6.25887,39.1919,368.166,F
3160,1,HappyBirthday,51,12045.9,F,1,0.000961853,7.08327,3112.55,1.23443,F
3160,1,HappyBirthday,1116,2190,M,1,0.0689132,0.289267,87.5632,28.8649,F
3160,1,HappyBirthday,855,24090.7,M,1,0.00565809,1.01629,82.3654,1.97764,F
3160,1,HappyBirthday,1312,365,F,1,0.00566343,0.451344,259.353,3.44214,F
3161,1,HappyBirthday,1117,2190,M,1,0.0382154,1.01122,1.58059,12.1428,F
3161,1,HappyBirthday,372,19711,M,1,0.0590727,0.192826,57.5691,22.1666,F
3161,1,HappyBirthday,957,16060.3,F,1,0.012313,11.6357,0.765579,3.85084,F
3162,1,HappyBirthday,586,21170.6,F,1,0.386209,0.246012,244.688,254.201,F
3163,1,HappyBirthday,40,7300.62,F,1,0.00291418,0.873858,26781.5,3.1103,F
3163,1,HappyBirthday,1158,1825,F,1,0.14156,0.238966,25.1852,49.8882,F
3164,1,HappyBirthday,180,32850.6,M,1,0.000311617,0.470036,1.32161,0.0968762,F
3164,1,HappyBirthday,197,6205.14,F,1,1.5907e-07,0.0736043,18144.3,0.000771424,F
3164,1,HappyBirthday,534,12045.6,F,1,0.000509235,2.27653,34.3426,0.158606,F
3164,1,HappyBirthday,629,4745.18,M,1,0.00256432,2.09019,37.5938,0.848792,F
3165,1,HappyBirthday,5,9490.76,M,1,0.134808,0.0930273,61.6967,49.7293,F
3165,1,HappyBirthday,71,8760.1,F,1,0.191057,0.732273,1.10745,65.9174,F
3166,1,HappyBirthday,885,16425.8,M,1,0.134633,0.241322,942.179,45.2934,F
3167,1,HappyBirthday,725,3650.23,F,1,0.139317,0.508746,7.28756,46.7517,F
3167,1,HappyBirthday,1118,2190,F,1,0.00558549,1.83902,53.4515,1.88902,F
3168,1,HappyBirthday,1274,730,F,1,0.0721175,0.518021,8293.64,46.5962,F
3168,1,HappyBirthday,507,10220.4,M,1,9.33692e-05,3.23031,1281.41,0.0760022,F
3168,1,HappyBirthday,516,10951,F,1,0.216357,0.442562,2235.1,96.5573,F
3168,1,HappyBirthday,1071,2555,M,1,0.00677973,0.427899,12.4733,2.22375,F
3168,1,HappyBirthday,758,3285.64,M,1,0.0282483,0.768306,34.8398,8.91457,F
3168,1,HappyBirthday,981,9125.23,F,1,0.221437,0.889118,6.87595,78.2752,F
3168,1,HappyBirthday,1313,365,F,1,0.00435467,0.0428793,33.7698,1.5889,F
3169,1,HappyBirthday,1275,730,F,1,0.43731,0.0414326,24810.2,822.251,F
3169,1,HappyBirthday,892,11680.7,F,1,0.00552179,1.02355,10102,16.1389,F
3170,1,HappyBirthday,836,7665.21,F,1,0.000696111,0.271418,426.402,0.355161,F
3171,1,HappyBirthday,336,16790.6,F,1,0.00156175,4.40985,20.5711,0.5225,F
3171,1,HappyBirthday,370,5110.81,M,1,0.0220435,1.02686,17437.9,128.154,F
3171,1,HappyBirthday,589,18615,M,1,0.00149766,0.2866,0.0003504,0.465842,F
3171,1,HappyBirthday,1160,1825,M,1,0.0036551,0.0947651,7376.68,12.0112,F
3172,1,HappyBirthday,681,5841,F,1,0.0107774,0.221628,5840.95,4.35242,F
3173,1,HappyBirthday,1198,1460,F,1,0.00181553,0.0640115,0.559494,0.56518,F
3173,1,HappyBirthday,1161,1825,F,1,2.0515e-06,1.84578,10663.1,0.00762628,F
3173,1,HappyBirthday,774,13140.6,F,1,0.0271819,0.386681,0.28975,8.56924,F
3173,1,HappyBirthday,831,22265.5,F,1,0.337783,27.672,8.45722,129.811,F
3174,1,HappyBirthday,267,23360.9,M,1,0.669304,0.474918,404.605,390.94,F
3174,1,HappyBirthday,541,4380.41,M,1,0.00726104,0.683719,26.9172,2.3304,F
3175,1,HappyBirthday,1027,2920,M,1,0.0880169,0.520443,44.202,28.899,F
3176,1,HappyBirthday,847,11680.4,F,1,0.00137512,0.0353612,0.0063968,0.427666,F
3176,1,HappyBirthday,879,14235.1,F,1,0.358389,1.80347,30.1609,144.919,F
3177,1,HappyBirthday,184,9855.11,M,1,0.0832267,3.07944,92.1175,29.7232,F
3177,1,HappyBirthday,450,12045,M,1,0.0415629,2.11874,137.537,13.247,F
3177,1,HappyBirthday,654,8030.23,M,1,0.0129986,24.2288,216.466,5.42085,F
3177,1,HappyBirthday,1314,365,F,1,0.748354,2.11544,50.701,429.451,F
3177,1,HappyBirthday,1315,365,M,1,0.0818041,0.178928,107.976,29.5104,F
3178,1,HappyBirthday,929,7665.52,M,1,0.000269257,1.73239,888.972,0.0965912,F
3179,1,HappyBirthday,260,4380.47,M,1,0.0120096,13.4821,51.524,3.81676,F
3179,1,HappyBirthday,593,23725,M,1,0.000292062,0.963366,6353.56,0.436123,F
3179,1,HappyBirthday,757,17885.4,M,1,0.0113872,14.3415,11.9551,3.63192,F
3180,1,HappyBirthday,482,4015.48,M,1,0.312286,3.8904,249.366,123.601,F
3180,1,HappyBirthday,1162,1825,F,1,0.00013077,0.519933,4.12299,0.0413806,F
3180,1,HappyBirthday,987,5475.85,M,1,0.000321197,2.66004,36870.3,0.50401,F
3180,1,HappyBirthday,1316,365,F,1,0.254906,0.196306,53.6475,97.5884,F
3181,1,HappyBirthday,139,16425.1,M,1,0.145731,0.102799,838.067,49.8631,F
3181,1,HappyBirthday,327,8030.05,F,1,0.032531,2.20704,314.359,17.1842,F
3182,1,HappyBirthday,10,28105.2,F,1,0.000376867,0.0334588,4e-07,0.117099,F
3182,1,HappyBirthday,489,8395.41,M,1,0.0862441,1.27149,94.2752,33.8968,F
3183,1,HappyBirthday,414,16425.8,F,1,0.0742112,0.0991061,155.522,37.7113,F
3183,1,HappyBirthday,1119,2190,M,1,0.0229153,0.226513,5.44133,7.27147,F
3184,1,HappyBirthday,447,30660.8,M,1,0.667785,0.176274,97.4535,395.427,F
3185,1,HappyBirthday,773,10585.3,F,1,0.000147872,0.946592,5554.99,0.676883,F
3185,1,HappyBirthday,857,10586,F,1,0.00116768,0.276488,0.635171,0.363264,F
3185,1,HappyBirthday,899,14965.1,M,1,0.00523359,0.102929,13.9498,1.6708,F
3186,1,HappyBirthday,243,14600.2,M,1,0,0.0293779,0,0,F
3186,1,HappyBirthday,510,8395.72,F,1,0.00298608,3.46647,105.374,1.06097,F
3186,1,HappyBirthday,1120,2190,F,1,0.00112035,0.0232793,11.3728,0.366043,F
3186,1,HappyBirthday,1317,365,M,1,1.53351e-05,0.355097,111318,0.240516,F
3186,1,HappyBirthday,730,4745.81,F,1,0.000613568,0.402632,3584.4,0.556105,F
3186,1,HappyBirthday,1163,1825,F,1,0.00407725,0.350481,63.0521,1.40665,F
3186,1,HappyBirthday,935,17885.7,F,1,0.0180052,3.53185,220.773,11.0502,F
3187,1,HappyBirthday,1121,2190,F,1,0.00823957,0.140434,42.2877,3.10085,F
3188,1,HappyBirthday,454,29930.9,M,1,0.0145097,0.202561,2977.1,20.5833,F
3188,1,HappyBirthday,564,5475.64,F,1,0.224289,2.74928,30918.4,720.382,F
3188,1,HappyBirthday,578,3285.66,M,1,0.0214576,2.33157,1507.61,20.9808,F
3188,1,HappyBirthday,846,6935.14,F,1,0.070999,0.214129,535.111,29.4077,F
3189,1,HappyBirthday,70,12410.9,F,1,0.298313,1.2387,5032.18,254.375,F
3189,1,HappyBirthday,316,4745.74,M,1,0.0921057,0.467489,8.71166,30.5292,F
3189,1,HappyBirthday,603,18615.2,F,1,0.0880105,0.517253,1125.79,37.6512,F
3189,1,HappyBirthday,676,23360.5,F,1,0.102406,3.50151,6405.04,598.747,F
3189,1,HappyBirthday,692,6570.51,F,1,0.670036,16.1978,57.1708,352.246,F
3189,1,HappyBirthday,1237,1095,F,1,0.160375,11.9738,6040.4,57.9684,F
3189,1,Births,1368,0,F,0,0,0.0246062,0,0,F
3190,1,HappyBirthday,1164,1825,F,1,0.00517363,0.388832,10361.8,38.4516,F
3190,1,HappyBirthday,1318,365,F,1,0.389984,1.20999,9179.46,569.738,F
3190,1,HappyBirthday,584,13505.7,F,1,1.69033e-05,3.03815,3.8728,0.0052914,F
3191,1,HappyBirthday,401,6570.19,M,1,0.00334745,3.13973,0.171332,1.04211,F
3192,1,HappyBirthday,659,4745.05,M,1,0.000842474,1.41481,526.939,0.848304,F
3192,1,HappyBirthday,1199,1460,M,1,0.105324,0.0301533,2.38711,34.6761,F
3192,1,HappyBirthday,1200,1460,M,1,0.0850055,0.147218,1942.53,82.0398,F
3193,1,HappyBirthday,300,25185.7,M,1,0.0174331,0.00889434,38.9392,5.88636,F
3193,1,HappyBirthday,1029,2920,M,1,0.00108394,0.0664852,63.7606,0.368957,F
3193,1,HappyBirthday,345,8760.54,M,1,0.000104169,2.73803,10.6864,0.0338852,F
3193,1,HappyBirthday,922,11680.4,M,1,0.00106851,1.30951,0.778733,0.332726,F
3194,1,HappyBirthday,637,31025.7,M,1,0.0574443,3.08532,65.1798,19.235,F
3194,1,HappyBirthday,646,18980.6,F,1,7.69471e-06,3.71275,6.26744,0.0024598,F
3195,1,HappyBirthday,130,7300.22,M,1,0.000283984,28.5996,77.066,0.116271,F
3195,1,HappyBirthday,379,5840.24,F,1,0.000693475,12.411,4784.85,0.433579,F
3195,1,HappyBirthday,1072,2555,M,1,0.0157322,1.54056,29.1147,5.41269,F
3195,1,HappyBirthday,1073,2555,M,1,0.00104683,0.0312936,99.6385,0.329198,F
3196,1,HappyBirthday,1074,2555,M,1,0.0106858,0.0513845,6.21872e-05,3.33879,F
3196,1,HappyBirthday,377,25550.3,F,1,0.00307163,0.108949,414.119,1.55375,F
3196,1,HappyBirthday,712,10585.6,F,1,0.213239,0.422568,39.8935,75.2517,F
3196,1,HappyBirthday,814,17885,F,1,0.157601,0.998152,3794.84,249.268,F
3198,1,HappyBirthday,1319,365,M,1,0.390938,0.0614442,73.0389,194.746,F
3198,1,HappyBirthday,645,4745.53,M,1,0.0125337,3.70279,3131.95,16.0841,F
3198,1,HappyBirthday,890,7300.08,M,1,0.0501052,0.590203,1154.08,41.7407,F
3198,1,Births,1369,0,F,0,0,0.0133569,0,0,F
3199,1,HappyBirthday,302,16790.4,F,1,0.314018,4.55178,11138.6,413.298,F
3199,1,HappyBirthday,468,9125.5,M,1,0.000798545,7.20098,59582.8,4.16577,F
3199,1,HappyBirthday,966,10220.9,F,1,0.234628,4.28269,10.5943,87.2498,F
3199,1,Births,1370,0,M,0,0,0.0740898,0,0,F
3200,1,HappyBirthday,13,9855.72,M,1,0.000510548,0.0416534,0.337593,0.158958,F
3200,1,HappyBirthday,48,5475.78,F,1,0.0288064,0.110686,8.8697,9.19045,F
3200,1,HappyBirthday,554,6935.83,M,1,0.139245,5.99344,2205.64,60.6217,F
3201,1,HappyBirthday,299,23725.5,F,1,0.0044103,0.69471,113.248,1.41728,F
3201,1,HappyBirthday,415,3285.92,M,1,0.00077049,0.0245467,0.701224,0.239512,F
3201,1,HappyBirthday,525,10221,M,1,0.0550377,1.12788,139.96,24.6005,F
3201,1,HappyBirthday,633,9125.37,M,1,0.296747,4.9233,2.55709,109.458,F
3201,1,HappyBirthday,1238,1095,F,1,0.000326928,0.336749,198.822,0.186628,F
3202,1,HappyBirthday,695,24090.5,M,1,0.0038249,6.90143,89.2847,1.5595,F
3202,1,HappyBirthday,1123,2190,F,1,0.0905968,7.82514,6.30075,30.4026,F
3203,1,HappyBirthday,80,35405.4,M,1,0.0125451,9.56125,1115.82,4.05414,F
3203,1,HappyBirthday,165,31755.6,F,1,0.0863167,0.712443,150.917,41.4809,F
3203,1,HappyBirthday,175,5475.57,M,1,0.0131577,1.0052,901.601,18.1342,F
3203,1,HappyBirthday,1076,2555,M,1,0,0.141954,0,0,F
3203,1,HappyBirthday,470,15696,M,1,0.0152447,6.93723,1419.2,15.4968,F
3203,1,HappyBirthday,1320,365,F,1,0,0.0120369,0.975451,0,F
3203,1,HappyBirthday,843,7665.46,F,1,0.0402489,0.852782,28040.8,28.791,F
3203,1,HappyBirthday,927,16790.7,M,1,0.00964464,0.670952,0.250915,3.01171,F
3203,1,HappyBirthday,997,5840.54,F,1,0.0136342,42.2621,2112.73,16.2032,F
3203,1,Births,1371,0,F,0,0,0.089399,0,0,F
3204,1,HappyBirthday,1201,1460,F,1,0.380837,1.48849,60.74,165.614,F
3204,1,HappyBirthday,1077,2555,M,1,0.21952,0.502198,0.0746583,77.0277,F
3205,1,HappyBirthday,54,4745.21,M,1,0.557707,0.253589,20.9593,277.93,F
3205,1,HappyBirthday,1321,365,F,1,0.560431,0.11231,23.8845,285.927,F
3205,1,HappyBirthday,441,4015.98,F,1,0.000698331,0.166097,19462.4,0.590093,F
3206,1,HappyBirthday,1030,2920,F,1,0.0160324,0.669816,2652.01,19.5992,F
3207,1,HappyBirthday,149,13505.8,F,1,0.00177901,2.59246,113.368,0.648013,F
3207,1,HappyBirthday,684,8030.27,M,1,0.0487178,0.559918,35.4708,17.0968,F
3207,1,HappyBirthday,1165,1825,M,1,0.0159978,0.699578,14260.8,7.85406,F
3207,1,HappyBirthday,963,35405.7,F,1,0.000731576,1.90752,15.8136,0.243537,F
3208,1,HappyBirthday,151,5475.45,F,1,0.0062822,0.90828,5745.91,4.515,F
3208,1,HappyBirthday,353,8395.54,F,1,0.714127,0.73248,75.0108,495.417,F
3208,1,HappyBirthday,1166,1825,F,1,0.590926,8.34791,19.351,287.008,F
3208,1,HappyBirthday,1167,1825,F,1,0.0352845,0.391924,2.21044,11.1965,F
3208,1,HappyBirthday,869,3285.81,M,1,0.261304,0.553772,545.093,103.814,F
3209,1,HappyBirthday,278,23360.1,M,1,0.281516,0.922723,4620.59,121.676,F
3209,1,HappyBirthday,411,10220.1,M,1,0.000584701,0.0871317,5.49022,0.18608,F
3209,1,HappyBirthday,775,22995.6,M,1,0.00415885,2.34991,1.74045,1.2952,F
3210,1,HappyBirthday,1322,365,M,1,0.00439557,0.541434,78.1438,1.65035,F
3210,1,HappyBirthday,296,8030.29,F,1,0.357748,19.4045,6.44536,140.923,F
3210,1,HappyBirthday,1168,1825,F,1,0.105099,0.0590481,55.1218,44.0644,F
3210,1,HappyBirthday,717,12045.3,F,1,0.0882205,0.0774198,40603.4,613.689,F
3210,1,HappyBirthday,964,9490.87,F,1,0.850591,12.7536,31.0972,636.848,F
3211,1,HappyBirthday,138,12410.5,M,1,0.0287382,9.26246,6587.4,31.5878,F
3211,1,HappyBirthday,195,24455.2,M,1,0.121318,0.451735,1222.37,41.5714,F
3211,1,HappyBirthday,804,10220.1,M,1,0.0596378,1.70984,3.18572,19.1462,F
3212,1,HappyBirthday,1124,2190,M,1,0.281392,2.73181,24630.3,1542.05,F
3212,1,HappyBirthday,1276,730,M,1,0.0337086,1.16373,33.4414,11.9913,F
3212,1,HappyBirthday,898,16425.5,F,1,0.000654703,0.962221,0.55926,0.204136,F
3213,1,HappyBirthday,615,11315.1,F,1,0.000235291,26.6659,4690.18,0.473292,F
3213,1,HappyBirthday,783,5841,F,1,0.00452702,6.34455,854.589,1.49787,F
3213,1,HappyBirthday,989,8760.78,M,1,0.0183336,7.58934,321.123,9.07649,F
3214,1,HappyBirthday,230,20440.9,M,1,0.0721133,1.04231,3612.28,187.439,F
3214,1,HappyBirthday,456,20440.5,F,1,0.000778702,1.17085,7681.89,1.00182,F
3214,1,HappyBirthday,544,8030.02,M,1,0.348539,1.09945,86.1658,180.95,F
3216,1,HappyBirthday,894,20075.4,M,1,0.0216082,5.84084,43.6984,8.19553,F
3217,1,HappyBirthday,1240,1095,F,1,0.589738,1.74721,74.9272,287.911,F
3217,1,HappyBirthday,408,17885.7,F,1,0.125283,2.16757,2683.21,44.8973,F
3217,1,HappyBirthday,1277,730,F,1,0.000103832,1.04529,14103.5,0.97036,F
3218,1,HappyBirthday,1125,2190,F,1,0.00231226,1.39904,104.214,0.791769,F
3219,1,HappyBirthday,117,14600.8,M,1,0.0944939,2.57054,31.3027,30.8582,F
3220,1,HappyBirthday,1323,365,F,1,0.014653,0.358911,217.375,7.04558,F
3220,1,HappyBirthday,1000,10220.8,M,1,0.000536288,0.0124988,1016.86,0.196005,F
3220,1,HappyBirthday,604,23360.8,F,1,0.0346725,0.495062,673.87,22.1759,F
3221,1,HappyBirthday,96,6205.51,F,1,0.0920396,0.0615179,323.637,42.7093,F
3221,1,HappyBirthday,118,10220.4,M,1,0.00257475,0.905455,55099.8,11.2546,F
3221,1,HappyBirthday,216,5110.23,F,1,0.00215084,0.488917,7.97333,0.682972,F
3221,1,HappyBirthday,1278,730,F,1,0.832918,0.124421,37.649,608.991,F
3222,1,HappyBirthday,191,10585.9,F,1,3.48707e-05,0.29216,309.817,0.0267922,F
3223,1,HappyBirthday,399,7665.61,F,1,0.257358,3.15852,1.47973,92.5913,F
3223,1,HappyBirthday,1324,365,M,1,0.0370599,0.0898546,25249.1,248.343,F
3224,1,HappyBirthday,100,18980.6,M,1,0.331164,0.569219,947.215,159.213,F
3224,1,HappyBirthday,1031,2920,M,0,0,0.0114959,0,0,F
3224,1,HappyBirthday,1169,1825,M,1,0.000351178,0.754299,6086.21,0.835244,F
3224,1,HappyBirthday,1203,1460,M,1,0.0742042,4.0229,15.7784,25.2298,F
3224,1,HappyBirthday,694,8395.45,F,1,0.220099,64.2597,188.435,89.6907,F
3224,1,HappyBirthday,1202,1460,F,1,0.0227713,0.176467,9237.49,9.59988,F
3224,1,HappyBirthday,949,17520.1,M,1,0.000146566,0.30197,0.0292832,0.0455564,F
3225,1,HappyBirthday,90,6570.04,M,1,0.750916,5.36711,120.307,451.072,F
3225,1,HappyBirthday,182,6935.16,F,1,0.00545976,12.2785,20.1734,1.8628,F
3226,1,HappyBirthday,567,24820.8,F,1,0.00118889,1.2479,5.07911,0.369817,F
3226,1,HappyBirthday,1032,2920,M,1,0.153948,0.0888554,958.764,55.0518,F
3226,1,HappyBirthday,1170,1825,M,1,0.0133686,0.0961388,45130.5,42.9926,F
3226,1,HappyBirthday,799,5110.26,F,1,0.174544,4.65839,635.314,72.7682,F
3226,1,Births,1372,0,F,0,0,0.532941,0,0,F
3227,1,HappyBirthday,43,5840.71,F,1,0.000620109,1.15414,93.7366,0.275144,F
3227,1,HappyBirthday,86,16425.5,F,1,0.000321565,0.787871,651.817,0.375059,F
3227,1,HappyBirthday,426,7665.15,F,1,0.00724089,1.55852,194.334,2.27144,F
3227,1,HappyBirthday,514,3286,M,1,0.0399366,0.0690588,27921.3,269.309,F
3227,1,HappyBirthday,805,4015.09,M,1,0.164558,0.0522144,87.087,56.7674,F
3227,1,HappyBirthday,809,5110.44,M,1,0.325368,0.111765,13673.7,959.063,F
3227,1,HappyBirthday,838,35405.7,F,1,0.0107474,0.820834,4667.96,24.0469,F
3228,1,HappyBirthday,446,13505.6,M,1,1.21287e-05,3.219,12928.9,0.0475894,F
3228,1,HappyBirthday,481,4015.36,F,1,0.0223233,0.659203,504.594,11.7191,F
3228,1,HappyBirthday,492,20805.7,F,1,0.00557153,31.399,17.7076,1.88634,F
3229,1,HappyBirthday,1241,1095,M,1,0.0626314,0.35558,5726.8,44.5031,F
3229,1,HappyBirthday,1325,365,F,1,0.247414,0.219144,1172.35,133.864,F
3229,1,HappyBirthday,762,4015.6,F,1,0.000487847,2.18312,24.8512,0.165683,F
3229,1,HappyBirthday,1171,1825,F,1,0.0112958,0.0404221,146.178,4.25386,F
3230,1,HappyBirthday,844,14600.7,M,1,0.00680157,1.5564,274.391,4.41649,F
3231,1,HappyBirthday,1078,2555,M,1,0,0.233894,0.0111407,0,F
3231,1,HappyBirthday,487,12045.6,M,1,0.0179225,0.935979,20.766,6.03933,F
3231,1,HappyBirthday,644,14235.2,M,1,0.227295,0.160684,523.597,80.1811,F
3232,1,HappyBirthday,6,5840.05,F,1,0.00322509,1.54507,100.553,1.01468,F
3232,1,HappyBirthday,28,17885.9,F,1,0.137868,0.724581,712.365,46.1077,F
3232,1,HappyBirthday,106,8030.68,M,1,3.20858e-05,0.919057,4587.38,0.0239166,F
3233,1,HappyBirthday,20,6570.2,M,1,0.0666941,1.90761,25.2206,22.2112,F
3233,1,HappyBirthday,460,6205.2,F,1,0.00503954,1.46801,22.218,1.62988,F
3234,1,HappyBirthday,202,28835.1,F,1,0.0963583,0.0135164,16.3059,32.3722,F
3234,1,HappyBirthday,403,12411,F,1,0.186274,0.175602,193.758,85.1424,F
3234,1,HappyBirthday,566,4745.97,F,1,0.000195896,0.187199,5666.73,0.26182,F
3234,1,HappyBirthday,764,14600.3,F,1,0.00154941,0.0889476,30.1368,0.535819,F
3234,1,HappyBirthday,1033,2920,F,1,0.014103,6.75209,88.5251,5.00256,F
3235,1,HappyBirthday,101,4745.16,F,1,0.00248058,0.291236,2834.59,7.40282,F
3236,1,HappyBirthday,30,6936,M,1,0.00988132,8.78147,426.867,7.8737,F
3236,1,HappyBirthday,276,4380.48,F,1,0.143706,0.119125,184.402,55.4344,F
3236,1,HappyBirthday,674,7300.58,M,1,0.487928,1.72649,1098.21,231.474,F
3236,1,HappyBirthday,736,13140.4,M,1,0.172534,0.79815,0.873589,58.8631,F
3236,1,HappyBirthday,1172,1825,M,1,0.900965,0.41593,90.5788,813.71,F
3236,1,HappyBirthday,873,23725.1,M,1,0.0201541,1.26408,114.611,7.4249,F
3237,1,HappyBirthday,1034,2920,M,1,0.156935,0.52292,162.41,55.4374,F
3239,1,HappyBirthday,1126,2190,M,1,0.00368953,0.0615268,16.0694,1.17642,F
3240,1,HappyBirthday,315,13870.2,M,1,0.0387644,1.34835,4.15929,12.3557,F
3240,1,HappyBirthday,346,26645.4,M,1,0.000164951,0.259303,10.2273,0.0539676,F
3240,1,HappyBirthday,1279,730,F,1,0.151368,0.284269,372.95,63.9371,F
3240,1,HappyBirthday,1127,2190,M,1,0.438065,8.44046,5504.01,1347.66,F
3240,1,HappyBirthday,587,4015.11,M,1,0.0494118,3.28284,15.0586,15.9165,F
3240,1,HappyBirthday,678,3650.61,F,1,0.00635749,4.85909,798.872,2.68289,F
3240,1,HappyBirthday,926,33945.5,F,1,0.0011662,0.312483,8.06029,0.362575,F
3242,1,HappyBirthday,44,19711,F,1,0.0653952,0.609141,2126.5,23.5402,F
3242,1,HappyBirthday,89,4015.09,M,1,0.604303,1.57343,26.9912,300.783,F
3242,1,HappyBirthday,214,4745.02,M,1,0.0317036,3.27903,19311.7,91.6309,F
3242,1,HappyBirthday,732,4015.9,F,1,0.0183423,10.0727,65.4915,7.17457,F
3242,1,HappyBirthday,823,4015.56,F,1,0.0190757,2.44765,8.58534,6.07374,F
3243,1,HappyBirthday,503,5475.92,F,1,0.193942,2.57517,33.0157,77.9056,F
3243,1,HappyBirthday,721,8030.81,M,1,0.153582,1.13724,2970.47,67.141,F
3243,1,HappyBirthday,1280,730,M,1,0.001974,0.773157,96407.5,28.0474,F
3244,1,HappyBirthday,154,19710.4,M,1,0.0636087,31.1373,33.654,20.5097,F
3245,1,HappyBirthday,1081,2555,F,1,0.0223454,0.315447,3039.4,28.6641,F
3245,1,HappyBirthday,238,3285.24,F,1,0.173409,0.172195,8885.25,314.703,F
3245,1,HappyBirthday,1206,1460,F,1,0.489899,0.718602,6526.4,1770.55,F
3245,1,HappyBirthday,742,14600.2,F,1,0.216787,1.00696,43.5854,91.6957,F
3245,1,HappyBirthday,988,5110.91,M,1,0,0.0274098,0.0925288,0,F
3246,1,HappyBirthday,110,20076,M,1,0.0198844,1.07462,365.922,6.91774,F
3247,1,HappyBirthday,620,6205.57,F,1,0.176558,0.562043,23.8985,62.3046,F
3247,1,HappyBirthday,751,4015.67,F,1,0.000109275,0.199988,0.398505,0.0339677,F
3248,1,HappyBirthday,502,6205.12,F,1,0.0204509,0.122722,5.096,6.53264,F
3248,1,HappyBirthday,556,3285.41,M,1,0.00290746,0.08113,12529.1,3.88406,F
3249,1,HappyBirthday,9,5475.07,F,1,0.337459,0.999471,222.069,128.788,F
3249,1,HappyBirthday,47,4380.82,F,1,0.158432,0.0345524,1103.22,60.2035,F
3250,1,HappyBirthday,612,33580.2,M,1,0.00123941,0.667963,72.1214,0.425412,F
3250,1,HappyBirthday,648,15695.7,M,1,0.104287,0.879121,3.5279,34.4236,F
3250,1,HappyBirthday,930,9125.3,F,1,0.0092203,0.231949,1131.65,7.40319,F
3251,1,HappyBirthday,3,4745.02,M,1,0.00492729,7.09071,2.52688,1.54162,F
3251,1,HappyBirthday,680,3285.79,F,1,0.00142098,0.636272,311.741,1.00721,F
3251,1,HappyBirthday,800,13505.4,F,1,0.00127946,0.351059,0.292653,0.398044,F
3251,1,HappyBirthday,992,5475.5,M,1,0.0189447,0.0623281,24180.9,10.2171,F
3252,1,HappyBirthday,1326,365,F,1,0.0402949,4.83788,188.484,16.1196,F
3252,1,HappyBirthday,1281,730,F,1,0.370447,0.0958869,47460.8,1183.99,F
3252,1,HappyBirthday,607,14600,F,1,0.000181316,2.31343,925,0.269604,F
3252,1,HappyBirthday,895,6570.77,M,1,0.00227562,2.75994,75.604,0.804161,F
3254,1,HappyBirthday,269,11680.5,F,1,0.0490975,0.600207,8.72912,16.3371,F
3254,1,HappyBirthday,665,8760.85,F,1,0,7.05158,1689.67,0,F
3255,1,HappyBirthday,236,6935.29,M,1,0.00102147,0.0918148,0.285923,0.317643,F
3255,1,HappyBirthday,463,6570.2,F,1,0.00768031,1.60679,135.033,2.3959,F
3255,1,HappyBirthday,673,7300.47,F,1,0.000130062,0.425351,35.8973,0.0430564,F
3255,1,HappyBirthday,1174,1825,F,1,0.114121,0.172709,61.448,46.845,F
3255,1,HappyBirthday,978,9490.87,F,1,0.000367296,0.972817,1730.68,0.868145,F
3256,1,HappyBirthday,189,15331,M,1,0.0753805,0.405637,160.325,24.4404,F
3257,1,HappyBirthday,1207,1460,M,1,0.341692,0.155998,611.877,131.005,F
3257,1,HappyBirthday,382,7665.44,M,1,0.791896,1.48563,2.2801,488.816,F
3257,1,HappyBirthday,720,20076,F,1,8.47732e-05,0.46127,0.0514038,0.026326,F
3257,1,HappyBirthday,952,4380.21,M,1,0.00297908,0.721521,1.8549,0.92742,F
3258,1,HappyBirthday,81,23725.2,M,1,0.159517,4.95453,65.619,57.4544,F
3258,1,HappyBirthday,830,16425,F,1,0.00151465,11.693,1777.6,0.619034,F
3259,1,HappyBirthday,1327,365,F,1,0.743887,0.0182768,14912.2,1407.86,F
3259,1,HappyBirthday,161,3650.01,F,1,0.0109725,2.20049,1444.62,3.43271,F
3259,1,HappyBirthday,275,25550.7,F,1,0.00084342,0.306086,9.84728,0.266173,F
3259,1,HappyBirthday,287,29565.6,F,1,0.0270771,0.640802,5.0163,8.6288,F
3260,1,HappyBirthday,208,5110.69,M,1,0.000372115,0.237227,28669,0.402761,F
3260,1,HappyBirthday,1209,1460,F,1,0.00927909,0.122417,2.11718,2.90896,F
3261,1,HappyBirthday,1210,1460,F,1,0.773512,0.0349491,8.53534,472.365,F
3262,1,HappyBirthday,1128,2190,F,1,0.138634,0.129353,471.656,49.7953,F
3262,1,HappyBirthday,1082,2555,F,1,0.421938,0.706883,290.639,315.47,F
3263,1,HappyBirthday,78,10585.7,F,1,0.13888,0.111878,27.7673,51.0092,F
3263,1,HappyBirthday,120,3285.76,M,1,0.00540609,0.246214,37.8109,1.99585,F
3263,1,HappyBirthday,329,12775.6,F,1,0.030683,0.316755,54.5367,10.3048,F
3263,1,HappyBirthday,1083,2555,F,1,0.00362206,0.23936,1.65343,1.13747,F
3263,1,HappyBirthday,777,9125.49,M,1,0.167763,17.4892,680.769,116.343,F
3264,1,HappyBirthday,802,3285.17,F,1,0.0161302,0.849229,1107.79,22.3388,F
3264,1,HappyBirthday,886,3650.74,M,1,0.0381321,0.218944,4912.55,14.362,F
3265,1,HappyBirthday,1035,2920,M,1,0.769896,0.0489245,58.7525,499.003,F
3265,1,HappyBirthday,590,26645.7,M,1,0.165674,1.30081,55502.2,1580.18,F
3266,1,HappyBirthday,596,22630.3,F,1,0.0120416,0.151435,19.9832,4.12605,F
3266,1,HappyBirthday,679,6570.37,F,1,0.00327954,2.00237,38.0123,1.02302,F
3266,1,HappyBirthday,1328,365,M,1,0,0.0158322,1058.82,0,F
3267,1,HappyBirthday,407,20805.9,F,1,0.869193,0.799347,18720.4,1010.57,F
3267,1,HappyBirthday,1329,365,F,1,0.0497693,0.0725769,56.8855,17.8057,F
3268,1,HappyBirthday,1282,730,F,1,0.00293228,0.228183,36.3974,1.07999,F
3268,1,HappyBirthday,1175,1825,F,1,0.000755083,9.32858,34.4032,0.257917,F
3269,1,HappyBirthday,22,25915.7,F,1,0.095525,1.03401,127.71,44.0405,F
3269,1,HappyBirthday,354,9855.35,F,1,0.0240158,0.372683,111.724,10.2315,F
3269,1,HappyBirthday,970,9855.55,M,1,0.306972,0.322259,521.608,328.66,F
3269,1,HappyBirthday,1330,365,M,1,0.0294,0.283288,3396.46,96.0907,F
3270,1,HappyBirthday,335,3650.3,M,1,0.0089661,0.121313,0.111438,2.79883,F
3271,1,HappyBirthday,413,6935.61,F,1,0.00363354,0.999288,66.2325,1.23811,F
3271,1,HappyBirthday,1084,2555,F,1,0.00327416,0.134356,26.2068,1.0419,F
3271,1,HappyBirthday,969,11680.7,M,1,0.274998,0.615674,373.891,237.867,F
3271,1,Births,1373,0,M,0,0,0.00302703,0,0,F
3272,1,HappyBirthday,438,7300.04,M,1,0.00209919,5.5925,19.8083,0.676414,F
3272,1,HappyBirthday,709,13505.8,F,1,0.00155328,3.42331,60.1589,0.530954,F
3273,1,HappyBirthday,142,16425.3,M,1,0.0462472,9.93177,12.1416,14.9817,F
3273,1,HappyBirthday,931,9490.08,M,1,0.00975262,0.133772,40.6355,3.22346,F
3274,1,HappyBirthday,772,6205.85,F,1,0.00518956,0.146211,27.0352,1.62167,F
3274,1,HappyBirthday,897,22630.9,F,1,0.107303,9.92545,2.89818,35.3687,F
3274,1,HappyBirthday,1331,365,F,1,0.0365832,2.55417,189650,366.797,F
3275,1,HappyBirthday,159,22630.1,F,1,0.000162253,7.52764,13200.1,0.305972,F
3275,1,HappyBirthday,427,5840.43,F,1,0.0009949,2.02787,0.855078,0.309644,F
3275,1,HappyBirthday,1085,2555,F,1,0.000436277,0.305768,15.4635,0.146379,F
3275,1,HappyBirthday,1332,365,F,1,0.109195,0.496833,84.0781,42.2988,F
3276,1,HappyBirthday,1129,2190,F,1,0.301328,0.0612027,5522.34,163.484,F
3276,1,Births,1374,0,F,0,0,0.128479,0,0,F
3276,1,Births,1375,0,F,0,0,0.250284,0,0,F
3277,1,HappyBirthday,1211,1460,M,1,0.741061,0.0609455,299.262,646.224,F
3277,1,HappyBirthday,431,10220.9,F,1,0.000635882,21.6337,6.96732,0.19964,F
3277,1,HappyBirthday,504,4745.46,F,1,0.234431,0.0914667,12320.1,135.594,F
3280,1,HappyBirthday,765,14600.7,F,1,0.00433169,0.269956,7794.4,12.8705,F
3280,1,HappyBirthday,909,19345.7,M,1,0.433069,0.477611,421.639,178.649,F
3281,1,HappyBirthday,1333,365,F,1,0.114734,0.04714,153845,1304.1,F
3282,1,HappyBirthday,226,17520.5,M,1,0.00986855,0.989687,14.9187,3.16144,F
3282,1,HappyBirthday,400,5110.56,M,1,0.00669189,0.020532,145.04,2.50714,F
3282,1,HappyBirthday,1243,1095,M,1,0.0556879,0.276676,140.976,29.234,F
3283,1,HappyBirthday,1244,1095,F,1,0.000199723,0.885417,16.8108,0.066715,F
3283,1,HappyBirthday,750,3285.65,F,1,0.00617935,0.157248,65.6304,1.93377,F
3284,1,HappyBirthday,583,3650.65,F,1,0.000195083,0.0451864,4.05537,0.060976,F
3284,1,HappyBirthday,729,4380.85,M,1,0.00124131,0.0433606,8.22869,0.398355,F
3284,1,HappyBirthday,985,15695.2,M,1,0.139728,7.43113,5838.56,48.3165,F
3285,1,HappyBirthday,1087,2555,F,1,0.00311636,4.24923,75190.1,12.5561,F
3285,1,HappyBirthday,1086,2555,M,1,0.0184211,2.05504,586.717,5.77849,F
3285,1,HappyBirthday,933,28835.9,F,1,0.000728357,0.643458,0.14725,0.226515,F
3285,1,HappyBirthday,1334,365,M,1,0.151463,0.635723,250.056,71.6698,F
3285,1,Births,1376,0,F,0,0,0.544371,0,0,F
3286,1,HappyBirthday,937,14600.9,M,1,0.0231235,4.86106,1.13373,7.27179,F
3288,1,HappyBirthday,1212,1460,F,1,0.0104664,0.0729301,6.66323,3.33286,F
3288,1,HappyBirthday,114,3650.29,F,1,0.545458,2.17209,64.5932,253.075,F
3288,1,HappyBirthday,240,4380.85,M,1,0.00629427,0.711666,253.03,1.99922,F
3288,1,HappyBirthday,289,4380.17,F,1,0.033404,45.2388,12.8555,10.5794,F
3288,1,HappyBirthday,976,6935.38,M,1,0.14374,0.321525,17.1794,51.2643,F
3288,1,Births,1377,0,M,0,0,0.0427956,0,0,F
3289,1,HappyBirthday,1284,730,F,1,0.010621,0.233988,25.7088,3.64465,F
3289,1,HappyBirthday,1283,730,M,1,0.108156,0.79337,66227.9,255.222,F
3289,1,HappyBirthday,1335,365,M,1,0.0157127,0.666293,36417.8,59.1195,F
3289,1,HappyBirthday,1002,3285,F,1,0,0.174869,0,0,F
3289,1,HappyBirthday,634,29565.3,M,1,0.233534,0.116624,54974.5,1030.35,F
3289,1,HappyBirthday,786,6205.15,M,1,0.00749489,0.538894,350.762,3.66484,F
3290,1,HappyBirthday,64,15695.6,M,1,0.188498,0.025381,22.2469,70.9373,F
3290,1,HappyBirthday,1336,365,M,1,4.84847e-05,0.0224793,157741,0.462399,F
3290,1,HappyBirthday,610,29565.2,M,1,0.000590043,0.0627085,769.891,0.558004,F
3290,1,HappyBirthday,893,12775.6,M,1,0.000270613,1.39302,4e-07,0.0840238,F
3290,1,HappyBirthday,920,4015.32,F,1,0.000843819,1.17453,0.329123,0.262586,F
3291,1,HappyBirthday,459,10220.6,F,1,0.00819409,0.350161,13030.8,4.20586,F
3291,1,HappyBirthday,1213,1460,M,1,0.383183,0.0653942,52.7231,162.557,F
3291,1,HappyBirthday,689,4745.4,F,1,0.00111573,0.458837,298.271,0.375767,F
3291,1,HappyBirthday,778,5110.45,M,1,0.00827063,1.70584,837.615,2.75337,F
3291,1,HappyBirthday,1337,365,M,1,0.0932937,0.304981,69.574,38.0059,F
3291,1,HappyBirthday,977,5840.94,M,1,0.274483,0.516032,142.165,100.899,F
3292,1,HappyBirthday,1130,2190,M,1,0.690732,0.511231,3276.4,601.069,F
3292,1,HappyBirthday,1285,730,M,1,0.00275862,0.00928802,0.000148517,0.858754,F
3293,1,HappyBirthday,1214,1460,M,1,5.89158e-06,0.567181,44844.6,0.0836147,F
3294,1,HappyBirthday,68,6205.5,F,1,0.000814418,0.494047,8336.38,2.106,F
3294,1,HappyBirthday,367,21170.4,F,1,0.00103891,0.140065,0.0591318,0.323073,F
3294,1,HappyBirthday,948,6570.26,M,1,0.00174624,5.97652,29.1751,0.602355,F
3295,1,HappyBirthday,1338,365,M,1,0.128048,0.116188,4510.13,90.5278,F
3295,1,HappyBirthday,1286,730,M,1,0.597131,0.361925,139.426,301.029,F
3295,1,HappyBirthday,1003,3285,M,1,0.00907204,5.82141,231.307,2.83998,F
3296,1,HappyBirthday,247,3650.74,M,1,2.5975e-05,0.112205,776.682,0.00941291,F
3296,1,HappyBirthday,597,10950.9,M,1,0.0308167,0.325179,262.998,13.9189,F
3297,1,HappyBirthday,57,10220.8,F,0,0,0.228891,0,0,F
3298,1,HappyBirthday,812,16425.8,M,1,0.000196537,1.26539,33.8874,0.0683434,F
3298,1,HappyBirthday,1215,1460,F,1,0.0100317,38.5351,51.4202,3.87116,F
3299,1,HappyBirthday,91,6570.68,F,1,0.0310788,7.15232,113.333,11.491,F
3299,1,HappyBirthday,1340,365,F,1,0.000368303,0.270444,7822.68,2.17009,F
3299,1,HappyBirthday,476,7665.8,F,1,0.607185,0.769044,873.132,369.82,F
3299,1,HappyBirthday,1132,2190,F,1,0.0287922,5.99541,354.012,16.8573,F
3299,1,HappyBirthday,1088,2555,M,1,0.0892702,2.13091,6.45386,29.8607,F
3300,1,HappyBirthday,136,6205.54,F,1,3.7052e-05,0.277765,113068,0.291609,F
3301,1,HappyBirthday,538,15695.7,M,1,0.00160372,1.65382,20772.9,3.91486,F
3301,1,HappyBirthday,1216,1460,F,1,0.000889031,0.0952943,2.35239,0.279735,F
3302,1,HappyBirthday,402,5840.04,F,1,0.114173,7.74142,26.007,37.6816,F
3303,1,HappyBirthday,436,12045.3,F,1,0.44392,0.916372,0.343746,182.558,F
3303,1,HappyBirthday,915,5475.13,F,1,0.0102321,1.26729,0.00123759,3.19641,F
3304,1,HappyBirthday,288,4015.49,F,1,0.00307688,0.144083,42.4817,1.12575,F
3305,1,HappyBirthday,38,35040,F,1,0.0012087,1.33259,4815.24,1.15967,F
3305,1,HappyBirthday,1133,2190,M,1,0.817703,81.163,27.9842,542.445,F
3305,1,HappyBirthday,1038,2920,M,1,0.438135,0.629804,1246.99,183.534,F
3306,1,HappyBirthday,79,21535.7,F,1,0.0080888,0.710741,67.5419,2.87888,F
3306,1,HappyBirthday,668,9490.06,M,1,0.00290655,0.262011,0.0232904,0.904671,F
3306,1,HappyBirthday,702,6935.51,M,1,0.028924,3.316,484.285,9.12171,F
3306,1,HappyBirthday,1287,730,M,1,0.209254,2.01875,181.856,127.61,F
3307,1,HappyBirthday,1039,2920,F,1,0.012788,0.758088,1115.43,4.86699,F
3307,1,HappyBirthday,904,6205.02,F,1,0.0226855,2.88565,12101.4,7.96378,F
3308,1,HappyBirthday,1288,730,F,1,0.604367,5.14831,3237.66,1194.19,F
3308,1,HappyBirthday,794,4745.33,M,1,0.00188473,0.134947,100.455,0.611186,F
3308,1,HappyBirthday,817,9855.74,F,1,0.00191487,2.41939,1.38e-05,0.595499,F
3308,1,HappyBirthday,983,7300.53,F,1,0.0248814,0.308538,2355.77,9.04789,F
3309,1,HappyBirthday,1177,1825,F,1,0.00299357,0.446367,0.204329,0.932021,F
3309,1,HappyBirthday,1289,730,M,1,0.00250115,0.164463,2.53482,0.77876,F
3309,1,HappyBirthday,1342,365,M,1,0.117425,0.0264191,60.5538,42.8658,F
3309,1,HappyBirthday,1341,365,M,1,0.189343,13.696,9799.56,828.104,F
3309,1,HappyBirthday,947,3651,M,1,0.00399355,1.1654,2.96034,1.24347,F
3310,1,HappyBirthday,1343,365,F,1,0.756816,0.326912,1008.87,711.409,F
3310,1,HappyBirthday,1245,1095,F,1,0.00854702,0.286883,4757.06,2.66937,F
3310,1,HappyBirthday,1344,365,F,0,0,0.0602974,0,0,F
3310,1,HappyBirthday,796,22630.2,M,1,0.00670195,1.36399,0.931097,2.0964,F
3310,1,HappyBirthday,932,15330.7,F,1,0.0139388,31.3586,289.605,4.5644,F
3310,1,HappyBirthday,945,6205.8,M,1,0.00241783,0.296398,2.8966,0.75298,F
3311,1,HappyBirthday,998,15695.3,F,1,0.00245929,0.764472,5.27483,0.785413,F
3311,1,Births,1378,0,M,0,0,0.0471176,0,0,F
3312,1,HappyBirthday,1134,2190,F,1,0.000520639,0.0583741,2.13228,0.163258,F
3312,1,HappyBirthday,515,8030.96,M,1,0.00148886,1.14418,0.0020564,0.463095,F
3312,1,HappyBirthday,1005,3285,F,1,0.06141,0.439581,16.7127,20.1728,F
3313,1,HappyBirthday,59,5475.47,F,0,0,0.0707965,0,0,F
3313,1,HappyBirthday,272,31390.7,F,1,0.0041785,1.69459,31.9706,1.36133,F
3313,1,HappyBirthday,1040,2920,M,1,0.00191043,0.880481,1.59326,0.599005,F
3314,1,HappyBirthday,125,12045.1,M,1,0.0297705,2.14531,1.28507,9.41255,F
3314,1,HappyBirthday,1345,365,M,1,0.00279409,0.0303554,20.0958,0.957734,F
3314,1,HappyBirthday,1006,3285,M,1,0.000436405,0.0378798,710.99,0.283095,F
3314,1,HappyBirthday,1346,365,M,1,0.0487993,0.0345127,11355.1,195.517,F
3315,1,HappyBirthday,1089,2555,F,1,0,0.0311532,4.66268,0,F
3315,1,HappyBirthday,638,8760.95,M,1,0.0718895,4.46427,31.5056,25.4315,F
3316,1,HappyBirthday,163,23360.4,M,1,0.0528653,1.18129,222.444,22.6204,F
3316,1,HappyBirthday,699,25550.4,M,1,0.0447358,0.0357616,18.9374,15.1668,F
3317,1,HappyBirthday,170,25550.8,M,1,0.00771354,1.23344,185.648,3.91579,F
3317,1,HappyBirthday,279,15695.1,M,1,0.0972493,0.556657,316.011,38.428,F
3317,1,HappyBirthday,908,4015.49,M,1,3.09513e-05,0.0502594,81771.7,0.0718318,F
3318,1,HappyBirthday,1041,2920,F,1,0.000575223,22.4802,13.7466,0.191216,F
3318,1,HappyBirthday,860,12775.5,M,1,0.00654669,0.647306,3812.08,10.1729,F
3319,1,HappyBirthday,338,4015.43,M,1,0.000497866,0.647785,24.7072,0.160544,F
3319,1,HappyBirthday,1292,730,F,0,0,0.0394772,0,0,F
3320,1,HappyBirthday,318,10220.9,F,1,0.093554,6.61194,18.5163,33.0331,F
3320,1,HappyBirthday,1347,365,F,1,0.00373359,0.0123147,7.73957,1.20125,F
3321,1,HappyBirthday,320,13505.1,M,1,0.017551,1.10344,68.2752,6.03341,F
3321,1,HappyBirthday,374,5475.08,F,0,0,0.0742391,0,0,F
3321,1,HappyBirthday,711,4015.38,M,1,0.00536694,1.1109,2.34234,1.68069,F
3322,1,HappyBirthday,789,10950.2,F,1,0.00037603,0.207316,1220.18,0.139729,F
3322,1,HappyBirthday,1007,3285,M,1,2.91544e-06,1.00527,5658.49,0.00675016,F
3323,1,HappyBirthday,119,16060.5,F,1,0.0209764,1.10989,45.4481,7.27971,F
3323,1,HappyBirthday,306,16060.4,F,1,0.0657927,0.972136,435.015,21.1528,F
3323,1,HappyBirthday,398,10950.9,F,1,0.011713,6.48417,7.66359,3.7324,F
3324,1,HappyBirthday,67,13140.1,M,1,0.00331169,0.301421,482.036,1.15352,F
3324,1,HappyBirthday,73,4015.66,F,1,0.00103386,0.175522,564.144,0.343188,F
3324,1,HappyBirthday,616,9855.1,F,1,0.0714371,2.59505,732.336,82.9485,F
3324,1,HappyBirthday,961,3650.35,M,1,0.130017,13.4202,4.48039,43.2984,F
3325,1,HappyBirthday,1042,2920,M,1,0.0385661,0.611321,7632.6,15.2819,F
3325,1,HappyBirthday,250,16060.4,M,1,0.00288997,1.74654,43999,4.88306,F
3325,1,HappyBirthday,390,27010.9,M,1,1.29043e-05,0.251547,62.8659,0.0041952,F
3325,1,HappyBirthday,660,4015.48,M,1,0.0302448,0.741576,16693.8,17.5147,F
3325,1,HappyBirthday,731,5110.42,M,1,0.0318742,1.37021,2904.1,10.2326,F
3326,1,HappyBirthday,39,17520.6,F,1,5.66149e-06,0.732777,9219.86,0.0215806,F
3326,1,HappyBirthday,1218,1460,F,1,0.000144512,0.447685,21.3425,0.0461317,F
3326,1,HappyBirthday,148,20440.7,F,1,0.000818335,1.02562,0.0955944,0.254438,F
3326,1,HappyBirthday,483,9855.89,F,1,0,0.22058,2221.16,0,F
3327,1,HappyBirthday,1135,2190,F,1,0.00342947,4.36554,3.47786,1.08582,F
3327,1,HappyBirthday,669,18250.3,F,1,0.00198519,3.84135,2508.92,1.6364,F
3327,1,HappyBirthday,1293,730,M,1,0.832133,0.150094,447.159,605.357,F
3328,1,HappyBirthday,769,18250.1,M,1,0.00198069,0.68114,0.0187884,0.616165,F
3329,1,HappyBirthday,1136,2190,M,1,0.0129728,0.191067,0.000307129,4.0577,F
3329,1,HappyBirthday,588,10585.8,M,1,0.00703062,5.07604,5874.23,5.39122,F
3329,1,HappyBirthday,880,6205.71,F,1,0.0562628,0.238593,3514.32,84.408,F
3329,1,HappyBirthday,1043,2920,F,1,0,0.185152,127.358,0,F
3330,1,HappyBirthday,75,17155.9,M,1,0.0133905,1.02768,15.7581,4.19205,F
3330,1,HappyBirthday,204,7300.55,F,1,0.186151,0.775266,717.909,65.8666,F
3330,1,HappyBirthday,457,12045,F,1,0.316862,0.172218,0.113547,118.436,F
3330,1,HappyBirthday,636,17155.6,F,1,0.04401,0.739329,2.25934,13.9871,F
3330,1,HappyBirthday,840,12045.2,M,1,0.0972153,3.44752,14.433,31.8102,F
3330,1,HappyBirthday,995,17520.9,M,1,0.211741,0.243228,20030.2,1224.66,F
3331,1,HappyBirthday,72,8030.34,F,1,0.0781616,1.10098,92.0844,32.9507,F
3331,1,HappyBirthday,950,9490.2,M,1,0.537677,74.0963,4249.88,662.886,F
3332,1,HappyBirthday,285,7300.07,M,1,4.43402e-06,0.806371,4584.12,0.0175156,F
3332,1,HappyBirthday,1044,2920,F,1,0.00927977,0.130781,13092.8,11.4514,F
3333,1,HappyBirthday,45,17885.1,M,1,0.395333,2.18456,181.583,261.765,F
3333,1,HappyBirthday,99,6570.56,M,1,0.0752211,4.05004,14.6259,24.3073,F
3333,1,HappyBirthday,523,5840.24,F,1,0.000469422,4.90254,0.0187843,0.14594,F
3333,1,HappyBirthday,719,6205.9,F,1,0.000997102,0.504071,16.9436,0.336047,F
3333,1,HappyBirthday,1045,2920,M,1,0.030693,6.32982,246.354,12.0329,F
3334,1,HappyBirthday,635,21535.1,M,1,0.0348271,1.83293,25696,47.5267,F
3334,1,HappyBirthday,1219,1460,F,1,0.484729,1.60767,61.2317,220.039,F
3334,1,Births,1379,0,F,0,0,0.0900776,0,0,F
3335,1,HappyBirthday,23,9490.02,F,1,0.0409815,13.8089,2535.04,24.3464,F
3337,1,HappyBirthday,355,20440.4,F,1,0.0785207,1.79015,1248.06,69.4963,F
3337,1,HappyBirthday,1008,3285,F,1,0.000221,0.0766844,0,0.0687269,F
3337,1,HappyBirthday,1090,2555,M,1,0.00424385,0.0532582,1126.29,2.87272,F
3338,1,HappyBirthday,97,6205.96,F,1,0.00185149,0.0516967,0.00847727,0.576063,F
3338,1,HappyBirthday,451,4380.92,M,1,0.000280548,5.45589,4242.88,1.14472,F
3338,1,HappyBirthday,594,5110.45,M,1,0.0184422,15.9562,0.838303,5.80744,F
3338,1,HappyBirthday,641,12045.7,F,1,0.250761,0.121305,280.274,90.2616,F
3339,1,HappyBirthday,253,6935.18,M,1,0.00364477,2.13719,17302.2,2.44076,F
3339,1,HappyBirthday,1349,365,M,1,0.422867,0.111063,403.287,241.311,F
3339,1,HappyBirthday,600,12045.9,F,1,0.0551264,0.230123,207.72,17.8434,F
3339,1,HappyBirthday,1348,365,F,1,0.0314655,0.565675,2.09026,9.95509,F
3339,1,HappyBirthday,1009,3285,M,1,0,0.412299,0.0394441,0,F
3339,1,HappyBirthday,841,14600.7,F,1,0.0433809,1.13874,7.32337,14.2923,F
3340,1,HappyBirthday,479,5110.94,F,1,0.0011255,0.311985,0.000309044,0.349904,F
3340,1,HappyBirthday,517,15695.1,M,1,0.00181881,0.126508,4742.83,0.566728,F
3341,1,HappyBirthday,52,8030.89,F,1,0.00239435,0.0973023,0.020819,0.74504,F
3341,1,HappyBirthday,1046,2920,M,1,0.000138209,0.0303019,0,0.0429102,F
3341,1,HappyBirthday,478,5840.62,M,1,0.00417858,0.721089,5144.86,1.36973,F
3341,1,HappyBirthday,506,5840.39,M,1,0.000815414,0.201419,39.9449,0.261846,F
3341,1,HappyBirthday,524,14235.2,F,1,0.00234374,6.34867,70.1263,0.807172,F
3342,1,HappyBirthday,388,12045.4,M,1,0.000169124,0.0354499,3651.21,0.600669,F
3342,1,HappyBirthday,623,9855.73,M,1,0.00812093,2.58548,7.50024,2.53882,F
3342,1,HappyBirthday,627,17520.4,F,1,0.720199,0.326927,29.8037,396.687,F
3342,1,HappyBirthday,728,4745.03,F,0,0,0.17052,0,0,F
3342,1,HappyBirthday,748,3650.8,M,1,0.00177091,1.51782,0,0.550676,F
3343,1,HappyBirthday,1092,2555,M,1,0.000922953,3.8925,90.4411,0.327596,F
3343,1,HappyBirthday,1294,730,F,1,0.0421056,1.46333,1849.69,15.3273,F
3343,1,HappyBirthday,1180,1825,F,1,0.0377595,0.233514,980.553,15.3463,F
3344,1,HappyBirthday,1047,2920,F,1,0.00165601,25.7427,10816.8,12.2344,F
3344,1,HappyBirthday,1181,1825,M,1,0.00399531,0.295434,1.00728,1.25018,F
3344,1,HappyBirthday,348,3650.5,F,1,0.00122195,0.101162,12929.7,0.679104,F
3344,1,HappyBirthday,790,5475.85,M,1,0.0633057,0.975969,121.419,20.4093,F
3345,1,HappyBirthday,422,32850.3,M,1,0.0120959,0.102022,3.46145,3.80141,F
3345,1,HappyBirthday,677,14235.2,F,1,0.0222402,1.55792,42.4871,7.08286,F
3345,1,HappyBirthday,906,9125.9,M,1,0.215755,0.739228,300.114,113.907,F
3346,1,HappyBirthday,410,16790.1,F,1,0.277792,0.153347,3391.37,226.376,F
3346,1,HappyBirthday,889,4745.11,F,1,0.00510532,4.21431,4519.97,1.89304,F
3347,1,HappyBirthday,24,22265.2,M,1,5.2744e-05,1.20554,539.578,0.0483302,F
3347,1,HappyBirthday,93,12775,F,1,0.0147846,0.244619,56.9808,5.03468,F
3347,1,HappyBirthday,1138,2190,F,1,0.00123182,0.185884,0.255452,0.383208,F
3348,1,HappyBirthday,940,10220.4,M,1,0.0163634,0.264087,3233.87,23.1713,F
3349,1,HappyBirthday,224,5475.43,F,1,0.111632,0.191569,10.3741,38.0476,F
3349,1,HappyBirthday,741,12045.6,F,1,0.06612,2.20338,95.5606,24.896,F
3349,1,HappyBirthday,825,7665.07,M,1,0.00352114,2.33396,0.00381,1.09604,F
3350,1,HappyBirthday,474,3650.96,M,1,0.0981847,0.263497,9.72519,32.5708,F
3350,1,HappyBirthday,743,4745.84,M,1,0.00237377,0.567993,2.56336,0.741902,F
3350,1,HappyBirthday,875,4745.93,F,1,0.0742036,0.0932019,290.483,25.9877,F
3350,1,Births,1380,0,M,0,0,0.0558264,0,0,F
3351,1,HappyBirthday,198,4380.94,M,1,0.00396093,2.28233,118.472,1.84522,F
3351,1,HappyBirthday,901,9125.22,F,1,0.0107518,0.805792,0.281803,3.36412,F
3351,1,HappyBirthday,914,11680.2,M,1,0.000887984,1.86217,74.9714,0.277802,F
3352,1,HappyBirthday,385,8030.3,F,1,0.000438604,0.386013,3885.71,0.313521,F
3353,1,HappyBirthday,1295,730,M,1,0.234074,0.0977536,9106.73,866.49,F
3353,1,HappyBirthday,268,8395.79,F,1,0.0156516,0.341916,24.5343,5.09371,F
3353,1,HappyBirthday,1247,1095,F,1,0.000818648,0.280875,88694.6,5.47345,F
3353,1,HappyBirthday,1246,1095,F,1,0.00120872,0.232036,0.209244,0.375757,F
3353,1,HappyBirthday,928,29200.5,F,1,0.000160111,1.64098,3.44143,0.0501618,F
3354,1,HappyBirthday,582,5475.01,F,1,5.68369e-07,1.34164,4102.98,0.0021353,F
3356,1,HappyBirthday,140,21535.5,M,1,0.0148948,5.79576,633.506,15.2703,F
3357,1,HappyBirthday,439,17520.5,M,1,0.0355471,6.76589,1887.23,32.0884,F
3357,1,HappyBirthday,1011,3285,F,1,0.0433476,0.159747,260.117,15.7003,F
3357,1,HappyBirthday,1220,1460,M,1,0.147745,0.254577,3939.04,343.248,F
3358,1,HappyBirthday,675,8395.74,F,1,0.0273371,0.0528229,18.9489,8.86001,F
3358,1,HappyBirthday,771,23725.8,M,1,0.00169661,5.44196,114.588,0.73149,F
3359,1,HappyBirthday,282,25550.3,M,1,0.00407844,0.256397,10.4478,1.33684,F
3359,1,HappyBirthday,425,27740.4,M,1,0.0273135,0.531306,1163.87,8.67039,F
3359,1,HappyBirthday,498,8760.31,M,1,0.00484163,0.0922723,0.980268,1.50849,F
3359,1,HappyBirthday,508,12410.5,M,1,0.325221,0.728251,2931.25,1108.44,F
3359,1,HappyBirthday,535,4015.74,F,1,9.53293e-05,0.562481,7843.71,0.290018,F
3359,1,HappyBirthday,849,3650.16,M,1,0.0408175,33.1849,10.0357,13.1723,F
3359,1,HappyBirthday,1048,2920,M,1,0.00326824,4.04384,8978.46,1.37739,F
3360,1,HappyBirthday,1140,2190,M,0,0,0.117141,0,0,F
3360,1,Births,1381,0,M,0,0,0.325359,0,0,F
3361,1,HappyBirthday,1221,1460,F,1,0,0.0184327,0,0,F
3361,1,HappyBirthday,501,23360.3,F,1,0.0403607,0.217976,10269.4,30.7529,F
3361,1,HappyBirthday,946,7300.25,M,1,0.0585682,9.76427,30.8967,21.3558,F
3362,1,HappyBirthday,233,9125.08,F,1,0.040939,0.0835456,27.1749,13.0521,F
3362,1,HappyBirthday,347,9855.09,M,1,0.0271613,0.0955222,45.0698,8.558,F
3362,1,HappyBirthday,420,16060.7,M,1,0.0542851,1.17227,696.472,36.3214,F
3362,1,HappyBirthday,449,8760.46,F,1,0.231662,4.75922,39.0963,82.3332,F
3363,1,HappyBirthday,88,8760.34,F,1,0.00226442,0.546295,16.2977,0.75282,F
3364,1,HappyBirthday,795,6205.67,F,1,0.118045,0.157457,1.12612,39.2208,F
3364,1,HappyBirthday,917,8030.9,M,1,0.0957943,30.0083,46.0997,33.0905,F
3364,1,HappyBirthday,960,4015.91,F,1,0.000388276,3.71765,57.1803,0.147362,F
3364,1,Births,1382,0,F,0,0,1.03885,0,0,F
3365,1,HappyBirthday,1049,2920,M,1,0.0379528,1.11913,2646.12,53.3817,F
3366,1,HappyBirthday,1248,1095,F,1,6.55104e-06,0.0729376,3804.94,0.0252192,F
3366,1,HappyBirthday,776,12045.3,M,1,0.00272924,0.0933464,0.0151702,0.849431,F
3367,1,HappyBirthday,116,10586,F,1,0,0.983316,0.83718,0,F
3367,1,HappyBirthday,1182,1825,F,1,0.0402943,5.06136,1903.43,17.7615,F
3367,1,HappyBirthday,432,8395.86,M,1,0.158995,0.393273,16.8166,58.1691,F
3367,1,Births,1383,0,M,0,0,2.65987,0,0,F
3368,1,HappyBirthday,172,9855.68,F,1,0.000267936,9.56882,4208.71,0.277654,F
3368,1,HappyBirthday,1296,730,F,1,0.672524,0.0428945,0.0558088,346.983,F
3368,1,HappyBirthday,1222,1460,M,1,0.00131006,1.51373,62028.9,14.5956,F
3371,1,HappyBirthday,137,12776,F,1,0.00273502,0.78456,1.01397,0.855465,F
3371,1,HappyBirthday,245,31756,F,1,0.000832708,75.1193,9.01448,0.269326,F
3371,1,HappyBirthday,549,12410.6,F,1,0.558288,0.0612605,55.8946,259.958,F
3371,1,HappyBirthday,1249,1095,M,1,0.0735694,0.753554,2415.4,40.4562,F
3371,1,HappyBirthday,752,32120.3,M,1,0.534245,5.35639,37.4246,246.819,F
3372,1,HappyBirthday,453,34675.5,F,1,0.00409534,1.20281,744.425,1.44929,F
3372,1,HappyBirthday,1050,2920,M,1,0.000999382,21.68,206139,10.1275,F
3372,1,Births,1384,0,M,0,0,1.55275,0,0,F
3373,1,HappyBirthday,283,4380.8,M,1,0.178334,0.0844338,4337.48,62.5928,F
3375,1,HappyBirthday,1350,365,M,1,0.00394074,0.565899,9487.29,1.49909,F
3376,1,HappyBirthday,532,20075.9,F,1,0.0017245,0.244723,210.473,0.549046,F
3376,1,HappyBirthday,1094,2555,M,1,7.16489e-05,0.0441666,0.629447,0.0223305,F
3377,1,HappyBirthday,791,14600.2,M,1,0.0304494,1.63553,9.6018,10.0312,F
3377,1,HappyBirthday,1297,730,F,1,0.0665852,0.105565,1918.23,28.5139,F
3379,1,HappyBirthday,1141,2190,M,1,0.00370384,1.05328,34316.4,3.81574,F
3379,1,HappyBirthday,1012,3285,M,1,0.00151903,0.0730831,6.06483,0.472379,F
3379,1,HappyBirthday,568,23725.6,M,1,0,0.0351957,0.0416222,0,F
3379,1,HappyBirthday,652,4015.71,M,1,3.06372e-05,3.26479,38135,0.105054,F
3379,1,HappyBirthday,1051,2920,M,1,0.000987965,0.313169,2.03756,0.307361,F
3381,1,HappyBirthday,12,4380.8,F,1,0.0482675,0.227739,1477.04,65.3305,F
3381,1,HappyBirthday,63,7665.31,F,1,0.00371382,0.61431,7.56362,1.15692,F
3382,1,HappyBirthday,1250,1095,F,1,0.00107327,0.0171115,0.00379944,0.333577,F
3382,1,HappyBirthday,705,8395.61,F,1,0.760197,0.0903485,3011.2,482.437,F
3383,1,HappyBirthday,1183,1825,F,1,0.00100814,0.603887,20.4148,0.323381,F
3383,1,HappyBirthday,913,15695.8,F,1,0.000727963,1.65213,184.487,0.289667,F
3383,1,HappyBirthday,958,10585.3,F,1,0.00143015,1.45185,43.2752,0.447587,F
3383,1,Births,1385,0,F,0,0,0.0630674,0,0,F
3385,1,HappyBirthday,227,9855.31,M,1,0.00983953,5.92729,169.799,3.74467,F
3385,1,HappyBirthday,248,11680.8,M,1,0.0264738,2.23253,0.989212,8.35558,F
3385,1,HappyBirthday,1351,365,M,1,0.0247561,0.731143,59.1944,9.72061,F
3385,1,HappyBirthday,631,6205.64,M,1,0.000355527,0.0496302,0,0.110481,F
3386,1,HappyBirthday,1096,2555,F,1,0.117185,0.106294,354.286,88.3743,F
3386,1,HappyBirthday,693,6935.41,F,1,0.00108739,0.414246,0.316097,0.338381,F
3387,1,HappyBirthday,286,6570.05,M,1,0.367777,0.526129,87.5333,143.631,F
3387,1,HappyBirthday,310,5110.52,M,1,0.0753221,0.659232,10.2167,24.3451,F
3387,1,HappyBirthday,376,8395.36,M,1,0.0293811,18.0698,0.289348,9.27289,F
3387,1,HappyBirthday,585,10950.3,F,1,0.204222,5.32746,15513.1,1002.37,F
3387,1,HappyBirthday,975,27375,M,1,1.55789e-06,0.10496,2520,0.0037054,F
3388,1,HappyBirthday,624,11315.3,F,1,0.869456,0.208911,7.55906,633.019,F
3389,1,HappyBirthday,244,22265.3,F,1,0.066779,0.280705,61.9361,27.5968,F
3389,1,HappyBirthday,309,7665.15,M,1,0.177946,0.333582,37.2413,63.8409,F
3389,1,HappyBirthday,1013,3285,M,1,0.252823,0.576255,0.857154,90.7054,F
3390,1,HappyBirthday,1352,365,M,1,1.67203e-05,0.200163,236360,0.194347,F
3390,1,HappyBirthday,1353,365,M,1,0.0158019,0.153196,12629.9,127.649,F
3391,1,HappyBirthday,331,17885.3,F,1,0.000455926,2.53454,153.335,0.174536,F
3391,1,HappyBirthday,811,9855.91,M,1,9.58069e-05,0.0829854,50.2114,0.0298652,F
3391,1,HappyBirthday,1097,2555,M,1,0.000749168,0.0689519,1317.23,1.47377,F
3391,1,HappyBirthday,1142,2190,F,1,0.255705,1.17408,4355.18,129.856,F
3392,1,HappyBirthday,1014,3285,M,1,0.041912,1.146,1001.12,33.1766,F
3392,1,HappyBirthday,953,5840.73,F,1,0.00632041,1.28426,0.0051729,1.9702,F
3392,1,Births,1386,0,M,0,0,1.42133,0,0,F
3393,1,HappyBirthday,520,13505.7,F,1,0.000599989,1.97955,1489.63,1.29673,F
3394,1,HappyBirthday,273,18980.7,M,1,0.00183723,3.77314,913.173,1.22448,F
3394,1,HappyBirthday,395,21535.4,F,1,0.0203764,1.78104,6.77996,6.39893,F
3394,1,HappyBirthday,1098,2555,M,1,0.321303,7.05831,43.1265,120.685,F
3394,1,HappyBirthday,1184,1825,F,1,0.140973,0.298441,535.992,52.8623,F
3395,1,HappyBirthday,127,11680,F,1,0.00415261,20.2966,10395.2,6.12471,F
3395,1,HappyBirthday,505,5110.94,M,1,0.00444239,3.40806,2.94116,1.38367,F
3395,1,HappyBirthday,521,5110.25,F,1,0.225492,5.96034,947.472,108.151,F
3395,1,HappyBirthday,613,20805.1,F,1,0.0157833,0.0292599,5505.17,5.18157,F
3395,1,HappyBirthday,1143,2190,M,1,0.0368512,0.392728,16.5619,12.2505,F
3395,1,HappyBirthday,746,4745.76,M,1,0.00865696,0.960624,58.1056,2.72144,F
3396,1,HappyBirthday,14,4745.71,M,1,0.00764999,2.51011,618.818,4.79454,F
3396,1,HappyBirthday,1251,1095,M,1,0.165308,6.02163,76393.7,435.469,F
3396,1,HappyBirthday,1099,2555,M,1,0.113283,0.1031,203.521,51.2313,F
3396,1,HappyBirthday,663,32850.2,F,1,9.18741e-05,23.5424,125.963,0.0409014,F
3396,1,HappyBirthday,698,5840.83,M,1,0.0527204,2.07367,36.728,17.9831,F
3396,1,HappyBirthday,900,16060.5,M,1,0.0209553,2.71848,993.206,14.9131,F
3396,1,HappyBirthday,1052,2920,M,1,0.00104354,0.545846,26.6255,0.326017,F
3398,1,HappyBirthday,129,7300.54,F,1,0.462291,3.14109,6420.03,277.691,F
3398,1,HappyBirthday,1185,1825,F,1,0.00276909,0.876191,7.9817,0.873128,F
3398,1,HappyBirthday,683,27740.2,F,1,0.133548,0.020728,46.9833,52.6489,F
3398,1,HappyBirthday,833,9490.47,M,1,0.0170714,0.648667,6133.9,28.274,F
3399,1,HappyBirthday,74,17520.2,M,1,0.524269,0.89628,38.7632,247.843,F
3399,1,HappyBirthday,162,8030.08,M,1,0.0231384,0.530327,964.014,7.7385,F
3399,1,HappyBirthday,1252,1095,M,1,0.257049,0.078132,2321.21,363.936,F
3399,1,HappyBirthday,650,11315.7,F,1,0.00768202,5.63484,4.95916,2.39758,F
3400,1,HappyBirthday,113,17155.9,M,1,0.233513,0.216239,1642.27,103.424,F
3400,1,HappyBirthday,231,28106,F,1,0.0163269,13.7165,25.5239,5.60664,F
3400,1,HappyBirthday,303,6935.11,M,1,0.0768472,1.14676,113.782,28.7786,F
3400,1,HappyBirthday,323,19345.3,M,1,0.0940493,0.130562,8462.49,134.647,F
3400,1,HappyBirthday,691,15695.7,F,1,0.109437,0.23536,44.3867,36.8036,F
3401,1,HappyBirthday,1053,2920,M,1,0.00523992,0.578467,0.863519,1.63442,F
3402,1,HappyBirthday,806,34310,M,1,0.000131245,0.151861,4370.25,0.30053,F
3403,1,HappyBirthday,967,19710.9,M,1,0.0717878,2.58951,166.921,29.1019,F
3404,1,HappyBirthday,1253,1095,F,1,0.281068,1.12423,225.215,150.387,F
3405,1,HappyBirthday,337,8395.16,F,1,0.00679828,0.458962,28.4147,2.21812,F
3405,1,HappyBirthday,609,5475.03,M,1,0.00680068,0.857408,23602.8,23.1387,F
3405,1,HappyBirthday,622,11681,M,1,0.328344,0.458473,1390.89,126.676,F
3405,1,HappyBirthday,785,21900.2,M,1,0.000980266,1.36058,30.6882,0.336274,F
3405,1,HappyBirthday,856,12045.9,F,1,1.17147e-05,0.973528,27599.7,0.0135408,F
3406,1,HappyBirthday,160,17885.7,F,1,0.0293734,0.18175,130.58,14.5984,F
3406,1,HappyBirthday,475,14965.6,F,1,0.00756692,0.332553,11.0375,2.40113,F
3406,1,HappyBirthday,1144,2190,F,1,0.387231,0.134725,3723.53,302.051,F
3406,1,HappyBirthday,822,8760.78,F,1,0.517647,0.60715,6472.73,1141.31,F
3406,1,Births,1387,0,F,0,0,0.393192,0,0,F
3407,1,HappyBirthday,212,6935.34,M,1,0.447881,3.54924,479.537,194.033,F
3407,1,HappyBirthday,1223,1460,M,1,0.000724976,1.99975,16556.2,0.478724,F
3408,1,HappyBirthday,174,14235.7,M,1,0.619454,0.195667,2.18142,300.563,F
3410,1,HappyBirthday,1224,1460,F,1,0.12179,0.0304285,3748.13,48.706,F
3410,1,HappyBirthday,406,7300.82,F,1,0.0864291,1.6932,14.1594,30.0612,F
3410,1,HappyBirthday,706,9490.79,F,1,0.00813387,3.67628,19.0517,2.6211,F
3410,1,HappyBirthday,923,9855.19,F,1,0.62767,8.83482,1256.17,350.829,F
3410,1,HappyBirthday,1056,2920,F,1,0.182516,0.563558,3029.82,67.7257,F
3411,1,HappyBirthday,1186,1825,F,1,0.124937,3.74717,44303,1049.89,F
3412,1,HappyBirthday,27,3650.37,M,1,0.00189507,15.4767,3084.4,0.932186,F
3412,1,HappyBirthday,112,17885.8,F,1,0.0152318,0.402869,1161.55,6.47452,F
3412,1,HappyBirthday,1057,2920,F,1,0.00106432,1.46238,4.93928,0.336424,F
3412,1,HappyBirthday,259,4015.97,M,1,0.0873861,0.0656456,3559.26,33.6557,F
3412,1,HappyBirthday,308,5840.75,F,0,0,0.0538727,0,0,F
3412,1,HappyBirthday,1225,1460,F,1,0.0266644,0.140068,23687.9,139.308,F
3412,1,HappyBirthday,781,21900.5,M,1,0.0151121,0.104568,206.847,4.98902,F
3412,1,HappyBirthday,1298,730,M,1,0.0102398,0.43256,0.295825,3.19973,F
3413,1,HappyBirthday,207,9490.97,M,1,0.0139526,3.08413,3.19259,4.39049,F
3413,1,HappyBirthday,1226,1460,M,1,0.508912,0.221945,47.3813,239.463,F
3414,1,HappyBirthday,169,15695,M,1,0.047776,0.208304,13.9853,15.2463,F
3414,1,HappyBirthday,229,8395.56,M,1,0.0935443,0.905321,191.757,30.5217,F
3414,1,HappyBirthday,297,9490.68,F,1,0.00266317,1.05795,0.707724,0.829826,F
3414,1,HappyBirthday,334,5840.93,M,1,0.00262967,0.803526,0.0339225,0.818579,F
3414,1,HappyBirthday,618,12046,F,1,0.00801363,1.51073,2.33841,2.50099,F
3415,1,HappyBirthday,834,14965.9,M,1,0.0049863,2.75826,8308.64,2.19421,F
3415,1,HappyBirthday,1015,3285,F,1,0.000334152,9.52724,87.146,0.144902,F
3416,1,HappyBirthday,311,5110.33,M,1,0.0639583,0.184993,1873.63,141.893,F
3416,1,HappyBirthday,499,25915.7,M,1,0.00350284,0.219176,4.69627,1.09637,F
3416,1,HappyBirthday,797,3650.21,F,1,0.169829,1.40041,38.6742,59.4959,F
3416,1,HappyBirthday,851,15695.4,F,1,0.00810648,0.141408,10643.7,6.97935,F
3416,1,HappyBirthday,919,24090.3,M,1,0.00478026,0.237476,3.36036,1.49757,F
3416,1,Births,1388,0,M,0,0,0.0503323,0,0,F
3417,1,HappyBirthday,740,8030.84,F,1,0.00136819,0.387991,19.2149,0.438287,F
3418,1,HappyBirthday,173,4015.3,M,0,0,0.014044,0,0,F
3418,1,HappyBirthday,462,13870.4,F,1,0.120926,0.30831,21.5485,41.2541,F
3418,1,HappyBirthday,883,7665.98,M,1,0.0142095,2.09369,7.22736,4.4517,F
3418,1,HappyBirthday,973,4745.17,M,1,0.00771516,1.0932,13205.1,52.4789,F
3418,1,HappyBirthday,1059,2920,F,0,0,0.059045,0,0,F
3419,1,HappyBirthday,1016,3285,F,1,0.00170949,5.41602,323.395,0.596588,F
3419,1,HappyBirthday,455,10950.2,F,1,5.49215e-05,0.0232351,76.7843,0.019529,F
3419,1,HappyBirthday,599,6570.7,M,1,3.02826e-05,1.96578,101.001,0.0129763,F
3419,1,Births,1389,0,M,0,0,2.06107,0,0,F
3421,1,HappyBirthday,146,13505.8,F,1,0.00873244,1.33327,26.4972,2.94388,F
3421,1,HappyBirthday,486,5110.43,F,1,7.74794e-05,2.62898,56582.9,0.273869,F
3421,1,HappyBirthday,1299,730,F,1,0.120592,1.77578,3747.22,41.9212,F
3421,1,HappyBirthday,925,29200.4,M,1,0.0112921,0.199465,7207.39,14.3401,F
3422,1,HappyBirthday,25,24455.7,M,1,0.151847,0.0589002,6.71123,51.2021,F
3422,1,HappyBirthday,124,10950.8,F,1,3.87057e-07,0.172361,9605.29,0.0013616,F
3422,1,HappyBirthday,1300,730,F,1,0.183623,0.0353861,66889.5,418.869,F
3422,1,Births,1390,0,F,0,0,1.77015,0,0,F
3422,1,Births,1391,0,M,0,0,0.0912456,0,0,F
3423,1,HappyBirthday,1101,2555,M,1,0.00537648,0.165559,0.327322,1.67728,F
3423,1,HappyBirthday,1146,2190,F,1,0.105798,0.176138,119.606,41.6432,F
3423,1,HappyBirthday,608,10220.9,M,1,0.00515739,0.26199,14556.3,3.6389,F
3424,1,HappyBirthday,92,12775.4,M,1,0.0189801,1.19375,0.075832,5.95569,F
3424,1,HappyBirthday,1001,10950.1,M,1,0.505067,1.49724,0.276113,218.63,F
3424,1,HappyBirthday,340,5840.51,F,1,0.00213082,1.26504,50.7476,0.71346,F
3424,1,HappyBirthday,1102,2555,M,1,0.308379,0.111862,611.109,219.11,F
3424,1,HappyBirthday,467,4015.71,F,1,0.000522815,3.82622,93375.2,4.90153,F
3425,1,HappyBirthday,1302,730,M,1,0.133763,0.154177,10092.8,45.9518,F
3425,1,HappyBirthday,1301,730,M,1,0.401712,0.0357024,9226.47,554.536,F
3425,1,HappyBirthday,445,5110.68,M,1,0.00195368,0.53249,59647.5,3.50839,F
3425,1,HappyBirthday,670,13140.8,F,1,0.000144493,0.490695,2775.2,0.439148,F
3426,1,HappyBirthday,391,23725,M,1,0.0039768,1.0694,5.07584,1.23867,F
3426,1,HappyBirthday,756,32850.9,M,1,0.000559853,0.102531,1062.06,0.430453,F
3427,1,HappyBirthday,1354,365,M,1,0,0.136726,0,0,F
3428,1,HappyBirthday,423,4015.73,M,1,0.0011301,0.249133,74.4817,0.448776,F
3428,1,HappyBirthday,434,16425.1,F,1,0.0400917,0.364383,0.027752,12.7164,F
3429,1,HappyBirthday,1256,1095,M,1,0.222613,1.21509,586.618,131.663,F
3429,1,HappyBirthday,430,31755.4,M,1,0.616092,0.918199,32.2211,311.876,F
3429,1,HappyBirthday,1061,2920,F,1,0.00149036,0.43718,42.4889,0.491746,F
3430,1,HappyBirthday,109,4015.19,M,1,0.31851,5.08,1341.98,119.514,F
3430,1,HappyBirthday,801,6205.1,F,1,0.165298,10.1103,100.116,76.7501,F
3431,1,HappyBirthday,157,10585.8,F,1,0.0039738,0.987091,54531.2,15.9382,F
3432,1,HappyBirthday,133,4745.84,F,1,0.00293443,0.322056,13.7595,0.932872,F
3432,1,HappyBirthday,1228,1460,M,1,0.539344,0.518383,316.604,348.103,F
3432,1,HappyBirthday,242,8030.41,M,1,0.0586005,1.4152,5.10114,18.9106,F
3433,1,HappyBirthday,1188,1825,F,1,0.00609255,2.31345,9549.38,2.65348,F
3433,1,HappyBirthday,493,11680.8,F,1,0.028837,2.11633,605.164,13.5939,F
3433,1,HappyBirthday,866,7300.49,M,1,0.0374758,14.6605,1114.55,31.1058,F
3433,1,HappyBirthday,916,6570.06,F,1,0.0016866,0.29577,15.552,0.535461,F
3434,1,HappyBirthday,32,4745.94,M,1,0.0604431,1.76685,71.8691,19.7109,F
3434,1,HappyBirthday,351,8395.04,F,1,0.00106277,345.163,3.51222,0.332578,F
3434,1,HappyBirthday,808,13141,M,1,0.176277,0.643645,11.7651,62.7453,F
3435,1,HappyBirthday,66,27011,M,1,0.0204414,0.0870206,13.3364,6.42354,F
3435,1,HappyBirthday,290,9125.11,F,1,0.0035,3.4665,10.2305,1.13072,F
3435,1,HappyBirthday,1303,730,F,1,0.0100541,0.209905,93.2136,3.18392,F
3436,1,HappyBirthday,1257,1095,F,1,0.0752251,0.2045,247.21,33.4877,F
3436,1,HappyBirthday,551,10585.6,M,1,0.00162008,4.20967,25.1426,0.545575,F
3437,1,HappyBirthday,1355,365,F,1,0.429117,0.0965234,15522.3,686.261,F
3437,1,HappyBirthday,888,3650.92,M,1,0.000127115,6.4926,99229.8,0.534956,F
3438,1,HappyBirthday,1017,3285,F,1,0.000459259,4.79634,13808.9,1.22471,F
3438,1,HappyBirthday,404,8030.27,M,1,0.0328579,4.41266,23533.8,23.5277,F
3438,1,HappyBirthday,579,6205.95,F,1,0.00316426,0.848008,14739.7,1.68375,F
3439,1,HappyBirthday,1304,730,F,1,0.00023693,0.0343764,26025.9,3.01097,F
3440,1,HappyBirthday,280,7300.34,F,1,1.61494e-05,1.29775,2556.23,0.0150298,F
3441,1,HappyBirthday,21,10951,F,1,0.00866743,0.537473,2286.27,4.21717,F
3441,1,HappyBirthday,1019,3285,F,1,0.258184,0.183338,6.66488,95.152,F
3441,1,HappyBirthday,1258,1095,M,1,0.0888507,0.0123106,7059.47,544.613,F
3442,1,HappyBirthday,469,9125.92,M,1,0,0.493055,0,0,F
3443,1,HappyBirthday,228,14965.9,F,1,0.00111221,0.754203,11.4474,0.349192,F
3443,1,HappyBirthday,595,3650.04,F,1,0.0056793,0.242173,45547.9,11.6648,F
3443,1,HappyBirthday,718,6935.27,F,1,1.56537e-06,0.622299,4806.1,0.00625064,F
3443,1,HappyBirthday,868,7665.72,F,1,0.00336873,0.382637,0.540355,1.04971,F
3443,1,HappyBirthday,902,5475.38,F,1,0.0109146,0.113467,388.898,3.43127,F
3445,1,HappyBirthday,1020,3285,M,1,0.00915482,0.82977,1.02821,2.86,F
3446,1,HappyBirthday,1229,1460,M,1,0.584995,0.773177,70.051,280.936,F
3447,1,HappyBirthday,187,9490.81,F,1,0.0208659,1.49846,11320.4,9.39224,F
3447,1,HappyBirthday,1356,365,F,0,0,0.0359531,0,0,F
3447,1,HappyBirthday,518,23725.2,M,1,6.40626e-05,2.65685,14.8273,0.0211518,F
3448,1,HappyBirthday,435,15695.9,M,1,0.699133,1.001,315.126,535.576,F
3448,1,Births,1392,0,M,0,0,0.00530774,0,0,F
3449,1,HappyBirthday,53,4745.51,M,1,0.000531005,2.79885,14.7304,0.168689,F
3449,1,HappyBirthday,83,7665.32,M,1,0.0428567,0.0959404,14.6181,13.7866,F
3449,1,HappyBirthday,380,19710.4,M,1,0.00101873,16.0968,7.76221,0.317416,F
3449,1,HappyBirthday,813,17520.6,M,1,0.223452,0.379419,5413.35,560.86,F
3450,1,HappyBirthday,111,3650.45,M,1,0.024692,2.2981,71.24,9.98816,F
3450,1,HappyBirthday,1259,1095,F,1,0.00148595,0.978604,36.4674,0.490993,F
3450,1,HappyBirthday,485,17520.3,F,1,0.544967,0.371289,150.882,366.349,F
3450,1,Births,1393,0,F,0,0,0.0111844,0,0,F
3451,1,HappyBirthday,1105,2555,F,1,0.00550809,0.131517,13.5404,1.71727,F
3451,1,HappyBirthday,1357,365,F,1,7.46844e-05,2.04706,110137,0.751106,F
3451,1,HappyBirthday,763,7665.75,F,1,0.0032633,5.39789,6.76598,1.05085,F
3451,1,HappyBirthday,939,10220.1,F,1,0.488491,2.44966,1252.16,437.682,F
3453,1,HappyBirthday,409,4380.2,F,1,0.0773078,0.647714,31.4594,25.6246,F
3454,1,HappyBirthday,128,5110.54,M,1,0.00110533,2.67308,60.7454,0.375794,F
3454,1,HappyBirthday,383,11315.4,M,1,0.0986027,7.91778,86.5085,38.1672,F
3454,1,HappyBirthday,466,12410.4,F,1,5.8058e-07,0.633456,90061,0.0078626,F
3455,1,HappyBirthday,371,33580.2,F,1,0.000623614,34.4903,0.0066252,0.193902,F
3455,1,HappyBirthday,611,13871,M,1,0.053373,3.63095,57.7927,20.7085,F
3456,1,HappyBirthday,358,13505.9,F,1,0.436374,0.048432,1261.56,476.487,F
3456,1,HappyBirthday,1260,1095,M,1,0.0313807,0.601621,78.7425,13.8206,F
3457,1,HappyBirthday,1022,3285,M,1,0.000664425,1.26382,0.00458488,0.20636,F
3457,1,HappyBirthday,621,8395.36,M,1,0.0522078,2.14139,612.159,17.2955,F
3457,1,Births,1394,0,F,0,0,0.0656825,0,0,F
3458,1,HappyBirthday,349,8030.05,F,1,0.147697,0.160768,798.789,186.834,F
3458,1,HappyBirthday,555,16790.8,M,1,0.00701483,0.131135,0.102228,2.18896,F
3458,1,HappyBirthday,1106,2555,M,1,0.0168668,0.0606925,61.6744,6.77235,F
3459,1,HappyBirthday,294,8030.32,F,0,0,0.0149175,0,0,F
3459,1,HappyBirthday,1305,730,F,0,0,0.0105938,0,0,F
3459,1,HappyBirthday,986,5840.94,M,1,0.338737,0.0836918,8117.56,162.072,F
3460,1,HappyBirthday,738,8395.05,M,1,0.0224777,4.41588,14.9513,7.06478,F
3461,1,HappyBirthday,653,10950.4,F,1,0.0122847,4.6489,123.195,4.56459,F
3462,1,HappyBirthday,221,13870.6,M,1,0.0018435,0.445565,29.9951,0.650612,F
3462,1,HappyBirthday,655,8395.98,M,1,0.0265117,1.31349,9.95288,8.47543,F
3462,1,HappyBirthday,871,21170.7,M,1,0.476012,8.63438,273.131,277.135,F
3462,1,Births,1395,0,M,0,0,2.78811,0,0,F
3463,1,HappyBirthday,141,9125.91,M,1,0.00319703,3.44205,21.2221,1.02415,F
3463,1,HappyBirthday,164,8760.19,M,1,0.00132143,0.0977331,7.54578,0.426704,F
3463,1,HappyBirthday,1062,2920,F,1,0.00331232,0.064789,42.5485,1.08649,F
3463,1,HappyBirthday,687,4380.38,M,1,0.000991246,0.207278,7.186,0.317203,F
3463,1,HappyBirthday,1149,2190,F,1,0.000876443,0.323262,60.4578,0.321074,F
3464,1,HappyBirthday,85,4745.74,M,1,0.00333941,0.27373,847.641,3.70756,F
3464,1,HappyBirthday,168,13140.2,M,1,0.0129656,0.241297,14.8814,4.0667,F
3464,1,HappyBirthday,747,7665.34,M,1,4.90876e-05,6.40586,1799.91,0.0555214,F
3465,1,HappyBirthday,317,24090.8,F,1,0.00347019,3.8488,0.284864,1.08034,F
3465,1,HappyBirthday,1107,2555,F,1,0.0202134,1.24543,194.493,9.50455,F
3465,1,HappyBirthday,614,6570.42,M,1,3.79766e-05,1.26624,0.0214186,0.0117719,F
3465,1,HappyBirthday,865,12410.2,M,1,0.0174825,1.45347,54358.4,145.594,F
3465,1,HappyBirthday,870,4015.03,M,1,0.00500273,1.21186,12.8129,1.659,F
3466,1,HappyBirthday,4,35770,M,1,0.0322095,1.63777,42.1124,10.2478,F
3466,1,HappyBirthday,1063,2920,M,1,0.044128,0.314974,60.7746,15.2997,F
3466,1,HappyBirthday,237,7300.73,M,1,0.0421442,4.84873,4310.54,46.9057,F
3466,1,HappyBirthday,1230,1460,F,1,0.0995528,0.179962,57.3728,40.5116,F
3466,1,HappyBirthday,314,7665.5,F,1,0.0165519,0.304679,5447.63,21.7225,F
3466,1,HappyBirthday,421,6570.78,M,1,0.039068,0.668446,6.59302,12.5179,F
3466,1,Births,1396,0,F,0,0,0.0282335,0,0,F
3467,1,HappyBirthday,1306,730,M,1,0.0915267,0.625797,46.258,30.7314,F
3467,1,HappyBirthday,147,6935.34,F,1,0.0517978,2.19572,23.5437,16.6563,F
3467,1,HappyBirthday,1064,2920,M,1,0.101519,0.269492,41.3067,38.0445,F
3467,1,HappyBirthday,542,15695.4,F,1,0.0411921,0.129065,1.87799,13.1651,F
3467,1,HappyBirthday,826,8030.31,F,1,0.00771153,0.0559282,43758.2,13.8565,F
3467,1,Births,1397,0,F,0,0,0.021633,0,0,F
3468,1,HappyBirthday,49,13870.9,M,1,0.0251182,2.86377,123.56,8.1257,F
3468,1,HappyBirthday,1358,365,M,1,0.429088,0.181849,230.917,213.805,F
3468,1,HappyBirthday,835,3650.34,F,1,0.000149933,6.10954,3909.33,0.521996,F
3469,1,HappyBirthday,206,13140.6,M,1,0.251238,0.231378,917.671,92.3937,F
3469,1,HappyBirthday,598,29930.8,F,1,0.728544,0.941888,3.0252,406.863,F
3469,1,HappyBirthday,979,8760.16,M,1,2.4415e-06,0.552287,2.2667,0.000766,F
3470,1,HappyBirthday,1359,365,M,1,0.612608,0.0699675,3346.79,1276.62,F
3471,1,HappyBirthday,69,7665.08,F,1,0.000336436,0.420575,4082.72,1.18328,F
3471,1,HappyBirthday,1108,2555,F,1,0.0556723,0.311329,3499.7,133.206,F
3471,1,HappyBirthday,537,14965,M,1,0.0297458,0.0630846,8.66947,9.40205,F
3471,1,Births,1398,0,F,0,0,1.21866,0,0,F
3472,1,HappyBirthday,1360,365,M,1,0.43273,2.90402,184.943,222.665,F
3472,1,HappyBirthday,319,21900.9,M,1,0.00110833,1.52577,5.9921,0.347776,F
3472,1,HappyBirthday,394,14235.1,M,1,6.90609e-05,1.60676,8838.86,0.432535,F
3474,1,HappyBirthday,941,6570.43,F,1,0.00252689,0.744653,482.178,1.35004,F
3475,1,HappyBirthday,152,34675.6,M,1,0.0434764,2.28089,894.617,15.8836,F
3475,1,HappyBirthday,234,8395.74,M,1,0.554516,14.7113,353.669,252.761,F
3475,1,HappyBirthday,312,4745.29,F,1,0.0409088,8.95287,5018.9,64.2204,F
3475,1,HappyBirthday,761,7300.38,M,1,4.54086e-05,2.3632,416.917,0.0276221,F
3476,1,HappyBirthday,1151,2190,M,1,0.00247852,0.198365,6.10921,0.79495,F
3477,1,HappyBirthday,1191,1825,M,1,0.0383931,1.0382,37.4081,14.0861,F
3477,1,HappyBirthday,416,3650.42,M,1,0.00288218,0.354527,175.823,1.16623,F
3478,1,HappyBirthday,1307,730,F,1,0.000453006,1.17545,13318.8,1.93698,F
3478,1,HappyBirthday,412,6570.29,F,1,0.0198826,0.819953,1301.18,6.25397,F
3478,1,HappyBirthday,1261,1095,F,1,0.00206835,0.790236,1658.61,2.09487,F
3479,1,HappyBirthday,103,7665.34,F,1,0.0541584,13.6306,2405.45,18.6162,F
3479,1,HappyBirthday,1231,1460,M,1,0.113584,0.561731,79.3007,44.4607,F
3479,1,HappyBirthday,219,6205.89,F,1,0.00139796,1.73109,28.1008,0.438214,F
3479,1,HappyBirthday,1308,730,M,0,0,0.230496,0,0,F
3479,1,HappyBirthday,1152,2190,F,1,1.92871e-05,0.0714426,16.7637,0.00617665,F
3479,1,HappyBirthday,581,3650.81,F,1,0.188615,0.933489,5782.75,103.361,F
3479,1,HappyBirthday,1066,2920,F,1,9.81181e-05,0.363576,10159,0.152765,F
3480,1,HappyBirthday,874,6570.53,F,1,0.0234077,0.0682519,233.254,7.88741,F
3480,1,HappyBirthday,1262,1095,F,1,0.199205,0.656829,95.0188,71.6169,F
3481,1,HappyBirthday,365,3650.49,M,1,0.0160837,0.716673,1.85458,5.05362,F
3481,1,HappyBirthday,606,3650.46,M,1,0.0147428,0.368905,12862.8,7.68543,F
3481,1,HappyBirthday,672,8030.78,F,1,0.0144156,0.238446,0.247869,4.51617,F
3481,1,HappyBirthday,853,12775.5,F,1,0.571175,0.37271,417.853,267.107,F
3481,1,HappyBirthday,1232,1460,F,1,0.232062,0.736392,7140.5,846.591,F
3482,1,HappyBirthday,494,4015.54,F,1,0.0920915,0.0413361,119.277,30.6926,F
3482,1,HappyBirthday,1263,1095,F,1,0.0144018,0.523112,41646.7,59.4679,F
3482,1,HappyBirthday,882,11680.2,M,1,0.0322545,2.27521,0.378464,10.1884,F
3483,1,HappyBirthday,266,29930.7,M,1,0.408639,3.21721,5461.13,185.722,F
3483,1,HappyBirthday,1233,1460,F,1,0.0102474,0.788105,9871.26,69.0591,F
3483,1,HappyBirthday,845,26280.2,F,1,0.090317,15.1027,1097.47,35.0673,F
3484,1,HappyBirthday,530,11315,F,1,0.0255363,0.0984915,25.4082,8.65615,F
3485,1,HappyBirthday,35,4745.01,F,1,0.384492,0.286951,1037.42,360.143,F
3485,1,HappyBirthday,1192,1825,F,1,0.150147,0.101383,495.603,70.0514,F
3485,1,HappyBirthday,1264,1095,F,1,0.385782,0.118242,1426.1,526.945,F
3486,1,HappyBirthday,177,20075.6,F,1,0.0777108,1.15772,42.2944,25.8168,F
3487,1,HappyBirthday,181,7300.29,M,1,0.491272,3.28661,0.889046,210.059,F
3487,1,HappyBirthday,1109,2555,M,1,0.211493,21.1677,1373.9,339.78,F
3487,1,HappyBirthday,560,10950.6,M,1,0.0164171,0.119295,369.743,7.85783,F
3487,1,HappyBirthday,1361,365,F,1,0.525025,1.55727,5.21238,236.206,F
3487,1,HappyBirthday,688,13870.7,M,1,0.0991995,1.15822,27.8685,32.8003,F
3487,1,HappyBirthday,943,4745.66,F,1,0.00548091,0.299282,3811.07,5.50408,F
3488,1,HappyBirthday,1265,1095,F,0,0,0.0223655,0,0,F
3488,1,HappyBirthday,330,6570.56,F,1,0.00302836,0.689486,3934.45,1.03891,F
3488,1,HappyBirthday,361,4745.04,F,1,0.186102,1.74671,0.70258,64.1816,F
3488,1,Births,1399,0,M,0,0,0.0328398,0,0,F
3489,1,HappyBirthday,291,12045.2,F,1,0.234106,1.37923,0.81892,83.1149,F
3489,1,HappyBirthday,1110,2555,M,1,0.614815,1.68653,16339.6,691.184,F
3490,1,HappyBirthday,793,14235.9,M,1,0.000733287,0.445419,22.3456,0.235483,F
3490,1,HappyBirthday,1266,1095,F,1,0.101377,0.0999744,29.9139,34.3412,F
3490,1,Births,1400,0,F,0,0,0.0100462,0,0,F
3491,1,HappyBirthday,322,26645,M,1,0.098261,2.51962,1463.05,91.1563,F
3491,1,HappyBirthday,1267,1095,M,0,0,0.0144141,0,0,F
3491,1,HappyBirthday,500,6570.42,M,1,0.00438942,4.0062,7517.12,1.9527,F
3491,1,HappyBirthday,1111,2555,M,1,0.00292205,0.193679,476.624,0.942173,F
3491,1,HappyBirthday,577,25550.5,F,1,0.0556626,0.36336,3302.62,42.8654,F
3492,1,HappyBirthday,1153,2190,F,1,0.14528,12.4714,0.183334,48.7872,F
3492,1,HappyBirthday,1234,1460,M,1,0.00601281,0.722667,5.48981,1.87682,F
3493,1,HappyBirthday,1268,1095,F,0,0,0.0266269,0,0,F
3493,1,HappyBirthday,816,21535.7,M,1,0.08966,0.49793,195.816,30.5839,F
3494,1,HappyBirthday,166,17885.5,M,1,0.184618,0.00958021,202.842,76.9628,F
3494,1,HappyBirthday,178,11315.9,F,1,0.00269654,2.41538,4022.94,5.51405,F
3494,1,HappyBirthday,1362,365,F,1,0.472632,0.0377369,4049.13,484.773,F
3494,1,HappyBirthday,1235,1460,F,1,0.000349922,0.751417,1665.23,0.669173,F
3496,1,HappyBirthday,211,8760.72,M,1,0.00114846,2.57332,162.744,0.468371,F
3496,1,HappyBirthday,429,8030.88,M,1,0.00110147,1.76097,29746.5,0.900821,F
3497,1,HappyBirthday,513,10950.1,F,1,1.34681e-05,0.943821,34.3437,0.0048028,F
3497,1,HappyBirthday,907,9490.38,F,1,0.126652,5.87174,33.5613,44.7498,F
3498,1,HappyBirthday,1112,2555,M,1,0.00151944,2.46753,271.531,0.655628,F
3498,1,HappyBirthday,373,19710.5,F,1,0.00252467,0.261794,71.9638,0.788859,F
3498,1,HappyBirthday,619,5475.23,M,1,0.104633,1.85417,5.11485,34.6275,F
3498,1,HappyBirthday,700,19345.9,F,1,0.00270819,60.03,952.998,0.86751,F
3498,1,HappyBirthday,984,12045.5,F,1,0.45261,4.7354,33.3614,206.307,F
3499,1,HappyBirthday,536,32485.4,M,1,0.585218,22.5687,448.173,276.319,F
3499,1,HappyBirthday,658,5840.51,M,1,0.0201135,0.149397,105.155,7.45239,F
3499,1,HappyBirthday,810,4380.82,M,1,0.0777134,0.0669015,71.0432,31.7196,F
3500,1,HappyBirthday,955,8760,F,1,0.656169,4.90119,102.524,425.426,F
3501,1,HappyBirthday,666,4015.8,F,1,0.00213312,0.240273,29.1313,0.681687,F
3501,1,HappyBirthday,716,26280.6,M,0,0,0.122734,0,0,F
3501,1,HappyBirthday,744,9490.64,M,1,0,0.155134,20.227,0,F
3501,1,HappyBirthday,910,6935.32,M,1,0.00283339,0.48977,21.8204,0.884694,F
3501,1,HappyBirthday,1269,1095,M,1,0.0153339,0.381583,84.2155,5.34302,F
3503,1,HappyBirthday,1068,2920,F,1,0.0658613,0.200027,1273.64,57.118,F
3503,1,Births,1401,0,M,0,0,0.00871008,0,0,F
3504,1,HappyBirthday,105,24090,M,1,2.71799e-05,0.778729,32.588,0.0089106,F
3504,1,HappyBirthday,200,17885.9,F,1,0.121931,0.34769,94.732,47.7874,F
3504,1,HappyBirthday,974,10220.1,M,1,0.00205629,44.8431,53.2004,0.798807,F
3504,1,HappyBirthday,994,6935.65,M,1,0.000382409,0.825793,50.4222,0.142294,F
3505,1,HappyBirthday,574,7300.77,F,1,0,2.30793,0.0952035,0,F
3506,1,HappyBirthday,256,5475.66,M,1,0.00984796,2.61998,24.6172,3.07651,F
3506,1,HappyBirthday,1363,365,M,1,1.67409e-05,0.685996,415.319,0.0131312,F
3506,1,HappyBirthday,1364,365,M,1,0.00383971,0.0251645,4.718,1.21314,F
3507,1,HappyBirthday,31,20075.3,F,1,0.000412509,14.9765,3116.79,0.150937,F
3507,1,HappyBirthday,307,7300.3,M,1,0.000734841,0.22086,10659.1,0.327991,F
3508,1,HappyBirthday,924,4380.23,F,1,0.00404759,0.470529,0.0166797,1.26053,F
3508,1,HappyBirthday,942,13505.7,F,1,0.0585971,0.0343249,0.0205982,18.7673,F
3508,1,HappyBirthday,1309,730,M,1,0.00283619,0.00714895,10.0891,0.897443,F
3509,1,HappyBirthday,60,20075.6,F,1,0.0327787,1.03491,144.536,15.8952,F
3509,1,HappyBirthday,788,7300.26,F,1,0.0135626,5.36482,94.3755,4.50391,F
3509,1,HappyBirthday,1270,1095,M,1,0.162681,0.36035,72.2964,57.9761,F
3510,1,HappyBirthday,62,7300.03,M,1,1.31315e-05,0.719715,944.323,0.00955535,F
3510,1,HappyBirthday,1113,2555,M,1,0.00122529,1.10557,76.949,0.430215,F
3511,1,HappyBirthday,1271,1095,M,1,0.000581898,0.416837,1.81237,0.180977,F
3511,1,HappyBirthday,1193,1825,F,1,0.126898,0.264174,0.576773,42.2576,F
3511,1,HappyBirthday,1194,1825,F,1,0.285145,2.56631,141.621,105.046,F
3513,1,HappyBirthday,325,12775.9,F,1,0.0188975,0.145427,16523,87.1414,F
3513,1,HappyBirthday,1155,2190,M,1,0.0624043,1.94414,13.1694,21.1824,F
3514,1,HappyBirthday,1023,3285,F,1,0.000179537,0.0586887,0,0.0557487,F
3514,1,HappyBirthday,1069,2920,F,1,0.000145176,0.134332,3041.46,0.352108,F
3514,1,HappyBirthday,393,4380.35,F,1,0.00243451,3.31379,0.000420365,0.757349,F
3514,1,HappyBirthday,735,18250,F,1,0.000745124,1.42659,14.5236,0.231764,F
3514,1,HappyBirthday,1310,730,M,1,0.000505092,0.00757925,0,0.156735,F
3515,1,HappyBirthday,1195,1825,F,1,0.0283106,0.264943,781.137,19.3578,F
3515,1,HappyBirthday,156,6205.9,F,1,0.00562738,1.11038,19427.9,6.00773,F
3515,1,HappyBirthday,257,7665.7,F,1,0.00122124,5.09364,40.7737,0.406101,F
3515,1,HappyBirthday,1156,2190,M,1,1.33883e-06,0.364015,0.135618,0.00041257,F
3515,1,Births,1402,0,M,0,0,0.202518,0,0,F
3516,1,HappyBirthday,1366,365,M,0,0,0.00939754,0,0,F
3516,1,HappyBirthday,480,4745.93,M,1,0.00471863,3.22746,41.3376,1.5707,F
3516,1,HappyBirthday,497,10220.8,F,1,0.0539787,6.18453,4.14702,17.2554,F
3516,1,HappyBirthday,1365,365,M,1,1.79436e-05,0.0777962,22743.3,0.0112233,F
3516,1,HappyBirthday,1196,1825,F,0,0,0.0155397,0,0,F
3516,1,HappyBirthday,1272,1095,M,1,0.0147705,0.0979794,40.6087,5.31649,F
3517,1,HappyBirthday,1273,1095,F,1,0.301131,38.4239,121.61,133.708,F
3517,1,HappyBirthday,664,18250.5,F,1,0.0248866,18.334,12.1957,7.8367,F
3517,1,HappyBirthday,710,26280.1,M,1,0.085879,11.1333,132.051,34.2995,F
3517,1,HappyBirthday,859,6570.95,F,1,6.99851e-06,0.0251639,0.00374002,0.00217364,F
3518,1,HappyBirthday,123,22265.1,F,1,0.00562722,0.738797,0.442705,1.75698,F
3518,1,HappyBirthday,210,17155.4,F,1,0.176791,1.05654,5494.32,867.208,F
3518,1,HappyBirthday,362,10585.6,F,1,0.219718,0.530819,810.529,81.7332,F
3518,1,HappyBirthday,749,20440.7,M,1,0.0437105,21.3687,1.85036,13.9612,F
3518,1,HappyBirthday,965,5840.02,F,1,0.0112508,2.57443,31.0788,4.01967,F
3518,1,HappyBirthday,990,4380.72,M,1,0.183206,10.7405,65.5328,63.0116,F
3518,1,Births,1403,0,F,0,0,0.537744,0,0,F
3519,1,HappyBirthday,11,4015.89,F,1,0.000944781,0.30332,183.669,0.386525,F
3519,1,HappyBirthday,1311,730,M,1,0.515231,1.1417,5241.26,671.249,F
3519,1,HappyBirthday,1024,3285,F,1,0.139662,0.709153,2472.42,199.106,F
3519,1,HappyBirthday,829,6570.13,M,1,0.00413396,2.92609,13.7907,1.32994,F
3519,1,HappyBirthday,1157,2190,F,1,0.00133584,0.0385926,7.77714,0.421052,F
3520,1,HappyBirthday,1236,1460,F,1,0.27939,0.0419201,27149.1,646.729,F
3520,1,HappyBirthday,877,4015.48,F,1,0.00290957,13.8857,0.194815,0.905268,F
3521,1,HappyBirthday,1070,2920,F,1,0.00101145,0.0446778,152.614,0.513793,F
3521,1,HappyBirthday,490,24455.8,M,1,0.0390528,1.28565,0.539099,12.3893,F
3521,1,HappyBirthday,827,11680.9,F,1,0.00144195,0.688712,6.03952,0.459502,F
3522,1,HappyBirthday,82,13870,F,1,0.277386,0.952627,1010.06,273.134,F
3522,1,HappyBirthday,1367,365,M,1,0.00157928,0.131397,80.2054,0.672322,F
3522,1,HappyBirthday,1025,3285,F,1,0.603858,0.0360036,40.3967,292.58,F
3523,1,HappyBirthday,115,13870.6,F,1,0.000243374,0.507029,0.001874,0.0755614,F
3523,1,HappyBirthday,223,13870.7,M,1,0.004417,1.51625,1383.21,1.43342,F
3523,1,HappyBirthday,820,14965.3,M,1,0.486214,0.111399,61.0868,209.402,F
3524,1,HappyBirthday,37,6205.15,F,1,4.61002e-05,5.57265,1821.4,0.112295,F
3524,1,HappyBirthday,495,13140.6,M,1,0.00290212,1.39609,35467.7,12.2152,F
3524,1,HappyBirthday,1115,2555,F,1,0.0374597,0.413708,1.80785,11.9713,F
3524,1,HappyBirthday,798,6205.93,M,1,0.00400173,6.58189,24.1191,1.39831,F
3524,1,Births,1404,0,F,0,0,0.00450585,0,0,F
3525,1,HappyBirthday,51,12410.9,F,1,0.203161,7.08327,43.4969,75.3865,F
3525,1,HappyBirthday,1116,2555,M,1,0.06332,0.320126,3437.9,101.873,F
3525,1,HappyBirthday,855,24455.7,M,1,0.229826,1.01629,3421.73,114.919,F
3525,1,HappyBirthday,1312,730,F,1,7.05937e-05,0.692413,188028,0.688011,F
3526,1,HappyBirthday,1117,2555,M,1,0.0185895,1.11909,443.581,14.9424,F
3526,1,HappyBirthday,372,20076,M,1,0.00648314,0.192826,14965.9,7.67868,F
3526,1,HappyBirthday,957,16425.3,F,1,0.0142135,11.6357,172.366,4.69295,F
3527,1,HappyBirthday,586,21535.6,F,1,1.31545e-07,0.246012,9235,0.0005072,F
3528,1,HappyBirthday,40,7665.62,F,1,0.0729763,0.873896,0.732202,23.5508,F
3528,1,HappyBirthday,1158,2190,F,1,0.0225726,0.267503,8.38845,7.09587,F
3529,1,HappyBirthday,180,33215.6,M,1,0.00106082,0.470036,32.2143,0.332893,F
3529,1,HappyBirthday,197,6570.14,F,1,0.0106341,0.0772169,3.28127,3.32249,F
3529,1,HappyBirthday,534,12410.6,F,1,0.0506299,2.27653,139.459,17.5326,F
3529,1,HappyBirthday,629,5110.18,M,1,0.000179638,2.21784,93.0848,0.075052,F
3530,1,HappyBirthday,5,9855.76,M,1,0.0151573,0.0930273,0.01342,4.7461,F
3530,1,HappyBirthday,71,9125.1,F,1,0.0040103,0.732273,187.439,1.27846,F
3531,1,HappyBirthday,885,16790.8,M,1,0.00623973,0.241322,5.41273,1.94497,F
3532,1,HappyBirthday,725,4015.23,F,1,0.0269923,0.546785,49435.6,36.0492,F
3532,1,HappyBirthday,1118,2555,F,1,0.42601,2.0352,11.2339,173.584,F
3533,1,HappyBirthday,1274,1095,F,1,0.0303102,0.61469,138.208,13.9007,F
3533,1,HappyBirthday,507,10585.4,M,1,0.196875,3.23031,0.896333,68.1373,F
3533,1,HappyBirthday,516,11316,F,1,0.301834,0.442562,3339.03,209.075,F
3533,1,HappyBirthday,1071,2920,M,1,0.0320986,0.469147,10926,233.676,F
3533,1,HappyBirthday,758,3650.64,M,1,0.0236851,0.830388,3010.64,8.05311,F
3533,1,HappyBirthday,1313,730,F,1,0.000678666,0.0657817,6616.9,0.488439,F
3534,1,HappyBirthday,1275,1095,F,1,0.0158142,0.0491643,88.5956,5.45187,F
3534,1,HappyBirthday,892,12045.7,F,1,0.0480575,1.02355,7.22063,15.3146,F
3535,1,HappyBirthday,836,8030.21,F,1,4.46785e-06,0.271418,4.88e-05,0.0013886,F
3536,1,HappyBirthday,336,17155.6,F,1,0.0415754,4.40985,10.3031,13.2007,F
3536,1,HappyBirthday,370,5475.81,M,1,0.00857474,1.08595,452.193,7.92311,F
3536,1,HappyBirthday,589,18980,M,1,0.0152654,0.2866,17.1096,5.06324,F
3536,1,HappyBirthday,1160,2190,M,1,0,0.106082,0.03882,0,F
3536,1,Births,1405,0,M,0,0,0.380586,0,0,F
3537,1,HappyBirthday,681,6206,F,1,0.0614049,0.233066,77.4556,19.6984,F
3538,1,HappyBirthday,1198,1825,F,1,0.00129588,0.0726923,21.0735,0.414504,F
3538,1,HappyBirthday,1161,2190,F,1,0.634798,2.06621,196.772,435.206,F
3538,1,HappyBirthday,774,13505.6,F,1,0.00119802,0.386681,101.31,0.436968,F
3538,1,HappyBirthday,831,22630.5,F,1,0.00934543,27.672,9102.6,32.7374,F
3539,1,HappyBirthday,267,23725.9,M,1,0.198474,0.474918,30.0501,75.8776,F
3539,1,HappyBirthday,541,4745.41,M,1,0.00432817,0.728188,178.486,1.73102,F
3540,1,HappyBirthday,1027,3285,M,1,5.26144e-05,0.566201,16.025,0.0167629,F
3541,1,HappyBirthday,847,12045.4,F,1,0.796375,0.0353612,66.7534,512.07,F
3541,1,HappyBirthday,879,14600.1,F,1,0,1.80347,0.0105114,0,F
3542,1,HappyBirthday,184,10220.1,M,1,0.0245332,3.07944,0.625932,7.72575,F
3542,1,HappyBirthday,450,12410,M,1,0.000855938,2.11874,2.78704,0.268344,F
3542,1,HappyBirthday,654,8395.23,M,1,1.78176e-05,24.2288,23647.7,0.102873,F
3542,1,HappyBirthday,1314,730,F,1,0.00145411,3.24532,116.803,0.524276,F
3542,1,HappyBirthday,1315,730,M,1,0.636931,0.274496,100.719,359.735,F
3543,1,HappyBirthday,929,8030.52,M,1,0.0764894,1.73239,0.95288,24.7384,F
3544,1,HappyBirthday,260,4745.47,M,1,0.497159,14.359,15.7744,214.593,F
3544,1,HappyBirthday,593,24090,M,1,0.0258929,0.963366,31.7422,8.52688,F
3544,1,HappyBirthday,757,18250.4,M,1,0.00722663,14.3415,0.294149,2.25729,F
3545,1,HappyBirthday,482,4380.48,M,1,0.0216903,4.16103,24.2126,6.88711,F
3545,1,HappyBirthday,1162,2190,F,1,0.0253487,0.582023,311.414,8.35208,F
3545,1,HappyBirthday,1316,730,F,1,0.00116744,0.301156,94641,8.19645,F
3545,1,HappyBirthday,987,5840.85,M,1,0.0114329,2.80479,0.269951,3.57516,F
3546,1,HappyBirthday,139,16790.1,M,1,0.00876576,0.102799,37.1987,2.91039,F
3546,1,HappyBirthday,327,8395.05,F,1,0.0158519,2.20704,2.26157,4.98299,F
3547,1,HappyBirthday,10,28470.2,F,1,0.00299083,0.0334588,11.8132,0.973181,F
3547,1,HappyBirthday,489,8760.41,M,1,4.38684e-05,1.27149,20961.9,0.506066,F
3548,1,HappyBirthday,414,16790.8,F,1,0.000298254,0.0991061,288.396,0.0954214,F
3548,1,HappyBirthday,1119,2555,M,1,0.162418,0.250677,21.076,55.1251,F
3549,1,HappyBirthday,447,31025.8,M,1,0.00213048,0.176274,15.8619,0.664381,F
3550,1,HappyBirthday,773,10950.3,F,1,0.763675,0.946592,206.133,575.488,F
3550,1,HappyBirthday,857,10951,F,1,0.009453,0.276488,591.003,3.26481,F
3550,1,HappyBirthday,899,15330.1,M,1,0.00753351,0.102929,1438.54,2.36759,F
3551,1,HappyBirthday,510,8760.72,F,1,0.348908,3.46647,227.501,259.364,F
3551,1,HappyBirthday,1120,2555,F,1,0.104144,0.0257627,57.93,43.5365,F
3551,1,HappyBirthday,1317,730,M,1,0.815531,0.544759,13.3444,534.268,F
3551,1,HappyBirthday,730,5110.81,F,1,0.0697134,0.427218,499.203,30.9578,F
3551,1,HappyBirthday,1163,2190,F,1,0.313333,0.392335,480.577,120.12,F
3551,1,HappyBirthday,935,18250.7,F,1,0.02694,3.53185,844.742,9.89319,F
3552,1,HappyBirthday,1121,2555,F,1,0.153533,0.155416,25.7509,58.5207,F
3553,1,HappyBirthday,454,30295.9,M,1,0.000134992,0.202561,16.4518,0.0455276,F
3553,1,HappyBirthday,564,5840.64,F,1,0.0109509,2.8989,613.463,3.65775,F
3553,1,HappyBirthday,578,3650.66,M,1,0.131867,2.51997,1484.72,44.5853,F
3553,1,HappyBirthday,846,7300.14,F,1,0.000132884,0.223699,149.074,0.050873,F
3554,1,HappyBirthday,70,12775.9,F,1,0.0514813,1.2387,726.772,38.0908,F
3554,1,HappyBirthday,316,5110.74,M,1,0.00571818,0.496036,1.01522,1.78393,F
3554,1,HappyBirthday,1368,365,F,1,0,0.0526504,1.06028,0,F
3554,1,HappyBirthday,603,18980.2,F,1,0.255723,0.517253,26393.5,203.98,F
3554,1,HappyBirthday,676,23725.5,F,1,0.0570167,3.50151,0.64093,18.2569,F
3554,1,HappyBirthday,692,6935.51,F,1,0.00121427,16.9556,3.451,0.38388,F
3554,1,HappyBirthday,1237,1460,F,1,0.169612,13.8523,2081.74,422.816,F
3555,1,HappyBirthday,1164,2190,F,1,0.00183139,0.435266,6979.94,5.43018,F
3555,1,HappyBirthday,1318,730,F,1,0.00767553,1.85627,0.429202,2.39875,F
3555,1,HappyBirthday,584,13870.7,F,1,0.0645209,3.03815,38.0033,21.353,F
3556,1,HappyBirthday,401,6935.19,M,1,0.0106247,3.28662,113.235,3.35848,F
3557,1,HappyBirthday,659,5110.05,M,1,1.80613e-06,1.50122,16837.7,0.00747134,F
3557,1,HappyBirthday,1199,1825,M,1,0.0262817,0.0342425,46935.3,100.889,F
3557,1,HappyBirthday,1200,1825,M,1,0.444988,0.167183,469.537,441.159,F
3558,1,HappyBirthday,300,25550.7,M,1,0,0.00889434,0.039381,0,F
3558,1,HappyBirthday,1029,3285,M,1,0.000293738,0.0723306,5641.95,0.113163,F
3558,1,HappyBirthday,345,9125.54,M,1,0.0100819,2.73803,12.6497,3.21,F
3558,1,HappyBirthday,922,12045.4,M,1,0.126185,1.30951,14.4597,42.0533,F
3559,1,HappyBirthday,637,31390.7,M,1,0.150782,3.08532,1123.28,55.0944,F
3559,1,HappyBirthday,646,19345.6,F,1,0.00067729,3.71275,58871.3,2.12633,F
3560,1,HappyBirthday,379,6205.24,F,1,0.0320573,13.0516,548.149,34.3995,F
3560,1,HappyBirthday,1072,2920,M,1,0.181477,1.68906,356.531,72.3402,F
3560,1,HappyBirthday,1073,2920,M,0,0,0.0343102,0,0,F
3561,1,HappyBirthday,1074,2920,M,1,0.00169052,0.0563377,1238.65,1.4217,F
3561,1,HappyBirthday,377,25915.3,F,1,0.000140655,0.108949,1.16091,0.0437214,F
3561,1,HappyBirthday,712,10950.6,F,1,0.151931,0.422568,106.153,58.8534,F
3561,1,HappyBirthday,814,18250,F,1,4.81906e-05,0.998152,5273.5,0.109258,F
3563,1,HappyBirthday,1369,365,F,0,0,0.0285802,0,0,F
3563,1,HappyBirthday,1319,730,M,1,0.210822,0.0942625,15770.9,1114.98,F
3563,1,HappyBirthday,645,5110.53,M,1,0.152341,3.92892,0.363596,51.3635,F
3563,1,HappyBirthday,890,7665.08,M,1,0.00509302,0.590266,963.282,7.56295,F
3564,1,HappyBirthday,1370,365,M,1,8.1129e-06,0.158532,6258.87,0.0197216,F
3564,1,HappyBirthday,302,17155.4,F,1,0.112894,4.55178,21.9366,40.3005,F
3564,1,HappyBirthday,468,9490.5,M,1,0.00122129,7.20098,25.3999,0.386788,F
3564,1,HappyBirthday,966,10585.9,F,1,0.00214507,4.28269,21326.3,1.35791,F
3565,1,HappyBirthday,13,10220.7,M,1,0.231971,0.0416534,20.1483,82.1005,F
3565,1,HappyBirthday,48,5840.78,F,1,0.0395231,0.11671,2141.56,47.3474,F
3565,1,HappyBirthday,554,7300.83,M,1,0.184344,6.26129,725.73,63.7239,F
3566,1,HappyBirthday,299,24090.5,F,1,0.331576,0.69471,97.9168,141.497,F
3566,1,HappyBirthday,415,3650.92,M,1,0.0662499,0.02653,93.9922,26.5952,F
3566,1,HappyBirthday,525,10586,M,1,0.00297476,1.12788,13272.8,2.08753,F
3566,1,HappyBirthday,633,9490.37,M,1,0.041911,4.9233,179.307,13.3137,F
3566,1,HappyBirthday,1238,1460,F,1,0.276654,0.389581,19008.9,1352.88,F
3567,1,HappyBirthday,695,24455.5,M,1,9.58495e-05,6.90143,1529.54,0.0400924,F
3567,1,HappyBirthday,1123,2555,F,1,0.231989,8.65992,11732.8,1001.64,F
3568,1,HappyBirthday,80,35770.4,M,1,0.00888119,9.56125,1137.82,8.62018,F
3568,1,HappyBirthday,165,32120.6,F,1,0,0.712443,0.051009,0,F
3568,1,HappyBirthday,175,5840.57,M,1,0.00120193,1.05991,22.6103,0.385442,F
3568,1,HappyBirthday,1076,2920,M,1,0.151078,0.155637,1676.05,238.464,F
3568,1,HappyBirthday,470,16061,M,1,0.198504,6.93723,160.644,78.1147,F
3568,1,HappyBirthday,1320,730,F,0,0,0.018466,0,0,F
3568,1,HappyBirthday,843,8030.46,F,1,0.165504,0.852782,3481.22,282.428,F
3568,1,HappyBirthday,927,17155.7,M,1,7.19693e-06,0.670952,2345.85,0.0223196,F
3568,1,HappyBirthday,1371,365,F,1,0.0132478,0.191289,61.8342,5.12441,F
3568,1,HappyBirthday,997,6205.54,F,1,0.163659,44.4433,0.0629179,55.5385,F
3569,1,HappyBirthday,1201,1825,F,1,0.00894668,1.69035,66.8334,3.04263,F
3569,1,HappyBirthday,1077,2920,M,1,0.0320598,0.550608,2277.39,11.6667,F
3570,1,HappyBirthday,54,5110.21,M,1,0.000219338,0.269076,57.1682,0.0826511,F
3570,1,HappyBirthday,1321,730,F,1,0.0317803,0.172297,4902.35,22.1724,F
3570,1,HappyBirthday,441,4380.98,F,1,0.472989,0.17765,1863.88,689.451,F
3571,1,HappyBirthday,1030,3285,F,1,0.000246926,0.728706,3.80577,0.0780539,F
3571,1,Births,1406,0,F,0,0,0.268118,0,0,F
3572,1,HappyBirthday,149,13870.8,F,1,0.0283955,2.59246,1017.04,9.06077,F
3572,1,HappyBirthday,684,8395.27,M,1,0.0106146,0.559918,2097.9,3.52164,F
3572,1,HappyBirthday,1165,2190,M,1,0.00097626,0.783121,9.0888,0.305477,F
3572,1,HappyBirthday,963,35770.7,F,1,0.0137599,1.90752,18.8153,4.59308,F
3573,1,HappyBirthday,151,5840.45,F,1,0.000603197,0.95771,1235.63,0.227597,F
3573,1,HappyBirthday,353,8760.54,F,1,0.00154695,0.73248,778.791,0.861207,F
3573,1,HappyBirthday,1166,2190,F,1,0.00827326,9.3448,14.7472,2.63759,F
3573,1,HappyBirthday,1167,2190,F,1,0.0152671,0.438727,1059.71,5.14712,F
3573,1,HappyBirthday,869,3650.81,M,1,0,0.598518,35.5021,0,F
3574,1,HappyBirthday,278,23725.1,M,1,0.014728,0.922723,21690.7,36.3031,F
3574,1,HappyBirthday,411,10585.1,M,1,0.0766032,0.0871317,1220.1,25.6603,F
3574,1,HappyBirthday,775,23360.6,M,1,0.000878672,2.34991,2375.83,1.10229,F
3575,1,HappyBirthday,1322,730,M,1,0.00228409,0.830622,157.042,0.949301,F
3575,1,HappyBirthday,296,8395.29,F,1,0.0228101,19.4045,4.24309,7.21211,F
3575,1,HappyBirthday,1168,2190,F,1,0.194239,0.0660996,72169.3,1437.3,F
3575,1,HappyBirthday,717,12410.3,F,1,0.0291751,0.0774198,5.20192,9.27774,F
3575,1,HappyBirthday,964,9855.87,F,1,7.1248e-05,12.7536,22662.3,0.0726946,F
3576,1,HappyBirthday,138,12775.5,M,1,0.00158013,9.26246,603.687,0.538174,F
3576,1,HappyBirthday,195,24820.2,M,1,0.00288203,0.451735,27.5454,0.951445,F
3576,1,HappyBirthday,804,10585.1,M,1,0.0444487,1.70984,443.628,18.1886,F
3577,1,HappyBirthday,1124,2555,M,1,0.0124484,3.02324,246.433,3.89697,F
3577,1,HappyBirthday,1276,1095,M,1,0.00184184,1.38089,523.115,1.02895,F
3577,1,HappyBirthday,898,16790.5,F,1,0.058657,0.962221,2975.38,87.345,F
3577,1,Births,1407,0,F,0,0,0.0190934,0,0,F
3578,1,HappyBirthday,615,11680.1,F,1,0.00606614,26.6659,5.27594,1.90681,F
3578,1,HappyBirthday,783,6206,F,1,0.114625,6.67198,20.7257,39.3562,F
3578,1,HappyBirthday,989,9125.78,M,1,0.00968151,7.58934,150.315,4.0692,F
3579,1,HappyBirthday,230,20805.9,M,1,0.000102026,1.04231,8190.56,0.592395,F
3579,1,HappyBirthday,456,20805.5,F,1,0.0807335,1.17085,88.991,32.7906,F
3579,1,HappyBirthday,544,8395.02,M,1,0.0131413,1.09945,315.908,4.12044,F
3580,1,Births,1408,0,M,0,0,0.0734517,0,0,F
3581,1,HappyBirthday,894,20440.4,M,1,5.72226e-05,5.84084,1.34821,0.0179088,F
3582,1,HappyBirthday,1240,1460,F,1,0.94628,2.02133,33.2862,916.679,F
3582,1,HappyBirthday,408,18250.7,F,1,0.00499568,2.16757,182.428,1.57768,F
3582,1,HappyBirthday,1277,1095,F,1,0.145569,1.24035,3413.04,137.474,F
3583,1,HappyBirthday,1125,2555,F,1,0.0948877,1.54829,70.8941,31.6859,F
3584,1,HappyBirthday,117,14965.8,M,1,0.00151846,2.57054,0.0392438,0.472291,F
3585,1,HappyBirthday,1323,730,F,1,0.0360051,0.55061,65.979,12.5505,F
3585,1,HappyBirthday,1000,10585.8,M,1,0,0.0124988,3776.43,0,F
3585,1,HappyBirthday,604,23725.8,F,1,0.0303338,0.495062,1127.61,30.7216,F
3586,1,HappyBirthday,96,6570.51,F,1,0.189561,0.0645372,1645.34,257.835,F
3586,1,HappyBirthday,118,10585.4,M,1,0.00775977,0.905455,6.06792,2.42626,F
3586,1,HappyBirthday,216,5475.23,F,1,0.341642,0.517057,823.697,131.695,F
3586,1,HappyBirthday,1278,1095,F,1,0.555863,0.147639,2301.29,288.106,F
3587,1,HappyBirthday,191,10950.9,F,1,0.106604,0.29216,4300.31,182.376,F
3588,1,HappyBirthday,1324,730,M,1,0.024593,0.137847,39.2033,8.12978,F
3589,1,HappyBirthday,100,19345.6,M,1,0.213804,0.569219,147.135,75.1225,F
3589,1,HappyBirthday,1031,3285,M,1,0.0308088,0.0125067,312.922,9.73447,F
3589,1,HappyBirthday,1169,2190,M,1,0,0.844376,512.272,0,F
3589,1,HappyBirthday,1203,1825,M,1,0.0139853,4.56846,3664.63,9.30373,F
3589,1,HappyBirthday,694,8760.45,F,1,4.45715e-05,64.2597,194.908,0.0248512,F
3589,1,HappyBirthday,1202,1825,F,1,0.00659754,0.200398,57012.1,26.7486,F
3589,1,HappyBirthday,949,17885.1,M,1,0.0394762,0.30197,6683.61,26.147,F
3590,1,HappyBirthday,90,6935.04,M,1,0.00184326,5.61822,0.159909,0.573593,F
3590,1,HappyBirthday,182,7300.16,F,1,0.0309795,12.8273,6735.1,12.5068,F
3591,1,HappyBirthday,1372,365,F,1,0.00799084,1.14035,12506.2,69.9957,F
3591,1,HappyBirthday,567,25185.8,F,1,0.000648939,1.2479,3.32278,0.20274,F
3591,1,HappyBirthday,1170,2190,M,1,0.0135237,0.10762,15.8645,4.57107,F
3591,1,HappyBirthday,799,5475.26,F,1,0.00351055,4.92651,0.750259,1.09684,F
3592,1,HappyBirthday,43,6205.71,F,1,0.000294084,1.21371,10203.9,0.851399,F
3592,1,HappyBirthday,86,16790.5,F,1,0.00189715,0.787871,27.8455,0.615969,F
3592,1,HappyBirthday,514,3651,M,1,0.110988,0.0746385,89.5956,37.4716,F
3592,1,HappyBirthday,805,4380.09,M,1,0.055287,0.0558469,0.000909847,17.6743,F
3592,1,HappyBirthday,809,5475.44,M,1,0.00578032,0.118197,0.492638,1.80283,F
3592,1,HappyBirthday,838,35770.7,F,1,0.00206918,0.820834,69.3951,0.784553,F
3593,1,HappyBirthday,446,13870.6,M,1,0.167004,3.219,17.9396,61.036,F
3593,1,HappyBirthday,481,4380.36,F,1,0.0103471,0.70506,420.616,3.24059,F
3593,1,HappyBirthday,492,21170.7,F,1,0.028102,31.399,23.7771,9.21072,F
3594,1,HappyBirthday,1241,1460,M,1,0.0602792,0.411367,69.0774,23.7379,F
3594,1,HappyBirthday,1325,730,F,1,0.746823,0.336192,10.9429,427.238,F
3594,1,HappyBirthday,762,4380.6,F,1,0.00944071,2.33499,0.000909133,2.94767,F
3595,1,HappyBirthday,844,14965.7,M,1,0.00211676,1.5564,63,0.672011,F
3596,1,HappyBirthday,1078,2920,M,1,0.0086464,0.256441,0.101001,2.69866,F
3596,1,HappyBirthday,487,12410.6,M,1,0.0142217,0.935979,7906.11,20.2225,F
3596,1,HappyBirthday,644,14600.2,M,1,0.206987,0.160684,37.323,76.4502,F
3597,1,HappyBirthday,6,6205.05,F,1,0.337536,1.62482,79.2085,131.707,F
3597,1,HappyBirthday,28,18250.9,F,1,0.139938,0.724581,15.3507,46.8499,F
3597,1,HappyBirthday,106,8395.68,M,1,0.0917084,0.919057,58.5409,38.6958,F
3597,1,Births,1409,0,M,0,0,0.00962134,0,0,F
3598,1,HappyBirthday,20,6935.2,M,1,0.0185307,1.99685,19.4713,5.82107,F
3598,1,HappyBirthday,460,6570.2,F,1,0.00323811,1.54006,2.73053,1.01237,F
3599,1,HappyBirthday,202,29200.1,F,1,0.000197704,0.0135164,2.03865,0.0614356,F
3599,1,HappyBirthday,403,12776,F,1,0.0635483,0.175602,13.3469,20.5869,F
3599,1,HappyBirthday,566,5110.97,F,1,1.98607e-05,0.19863,0.900516,0.0061751,F
3599,1,HappyBirthday,764,14965.3,F,1,0.000984944,0.0889476,4.94553,0.311743,F
3599,1,HappyBirthday,1033,3285,F,1,0.00352249,7.34574,64.3038,1.21052,F
3600,1,HappyBirthday,101,5110.16,F,1,0.000680885,0.309022,775.549,0.227324,F
3601,1,HappyBirthday,30,7301,M,1,0.00849934,9.17391,326.851,6.35414,F
3601,1,HappyBirthday,276,4745.48,F,1,0.0760669,0.126873,0.848074,24.5947,F
3601,1,HappyBirthday,674,7665.58,M,1,0.0203394,1.72658,18.3697,6.68272,F
3601,1,HappyBirthday,736,13505.4,M,1,0.00162628,0.79815,222.836,0.967896,F
3601,1,HappyBirthday,1172,2190,M,1,0.6354,0.4656,2507.25,317,F
3601,1,HappyBirthday,873,24090.1,M,1,0.279058,1.26408,799.537,390.485,F
3602,1,HappyBirthday,1034,3285,M,1,0.0067051,0.568896,138.16,2.3391,F
3604,1,HappyBirthday,1126,2555,M,1,0.130647,0.0680904,3385.72,83.4857,F
3604,1,Births,1410,0,M,0,0,0.011747,0,0,F
3605,1,HappyBirthday,315,14235.2,M,1,0.159298,1.34835,27.0992,54.7318,F
3605,1,HappyBirthday,346,27010.4,M,1,2.45081e-06,0.259303,268.501,0.0010658,F
3605,1,HappyBirthday,1279,1095,F,1,0.00203754,0.337317,964.209,1.57293,F
3605,1,HappyBirthday,1127,2555,M,1,0.0578159,9.34089,47.4327,20.0637,F
3605,1,HappyBirthday,587,4380.12,M,1,0.00937967,3.51122,2703.12,4.2973,F
3605,1,HappyBirthday,678,4015.61,F,1,0.138493,5.22237,12560.5,122.34,F
3605,1,HappyBirthday,926,34310.5,F,1,0.0967051,0.312483,204.788,31.6255,F
3607,1,HappyBirthday,89,4380.09,M,1,0.00062973,1.68289,0.39833,0.196057,F
3607,1,HappyBirthday,214,5110.02,M,1,0.0917456,3.47928,1444.12,89.1152,F
3607,1,HappyBirthday,732,4380.9,F,1,0.0116311,10.7734,33.7943,3.84748,F
3608,1,HappyBirthday,503,5840.92,F,1,0.0129284,2.71531,51.6414,4.27748,F
3608,1,HappyBirthday,721,8395.81,M,1,0.00336028,1.13724,1731.03,1.11189,F
3608,1,HappyBirthday,1280,1095,M,1,0.380395,0.917437,1978.14,259.9,F
3609,1,HappyBirthday,154,20075.4,M,1,0.000345604,31.1373,1.49344,0.108158,F
3610,1,HappyBirthday,1081,2920,F,1,0.129627,0.345855,352.498,64.9089,F
3610,1,HappyBirthday,238,3650.24,F,1,0.00247516,0.18611,10591.1,16.8146,F
3610,1,HappyBirthday,1206,1825,F,1,0.0199721,0.816054,112.799,7.47136,F
3610,1,HappyBirthday,742,14965.2,F,1,0.317452,1.00696,1158.96,534.243,F
3610,1,HappyBirthday,988,5475.91,M,1,0.00263413,0.0289872,36.5548,0.863122,F
3610,1,Births,1411,0,M,0,0,0.715972,0,0,F
3611,1,HappyBirthday,110,20441,M,1,0.00024129,1.07462,951.279,0.354494,F
3612,1,HappyBirthday,620,6570.57,F,1,0.0179114,0.589628,375.058,6.36161,F
3612,1,HappyBirthday,751,4380.67,F,1,0.00758065,0.213899,11.1543,2.36677,F
3613,1,HappyBirthday,502,6570.12,F,1,0.00658298,0.128745,82.3839,2.31358,F
3613,1,HappyBirthday,556,3650.41,M,1,0.0185009,0.087686,7098.21,46.8306,F
3614,1,HappyBirthday,9,5840.07,F,1,0.221437,1.05387,32.2804,77.8874,F
3614,1,HappyBirthday,47,4745.82,F,1,0,0.0367996,0.00611319,0,F
3615,1,HappyBirthday,612,33945.2,M,1,0.072105,0.667963,31.93,24.379,F
3615,1,HappyBirthday,648,16060.7,M,1,0.00651548,0.879121,188.854,3.32996,F
3615,1,HappyBirthday,930,9490.3,F,1,0.172271,0.231949,3074.91,63.7553,F
3616,1,HappyBirthday,3,5110.02,M,1,0.00464911,7.52376,20.5567,1.50124,F
3616,1,HappyBirthday,680,3650.79,F,1,0.00969346,0.687683,7.75027,3.11699,F
3616,1,HappyBirthday,800,13870.4,F,1,0.0634797,0.351059,107.827,21.9386,F
3616,1,HappyBirthday,992,5840.5,M,1,0.0963225,0.06572,1469.36,32.1444,F
3617,1,HappyBirthday,1326,730,F,1,0.791498,7.42186,50.6556,510.929,F
3617,1,HappyBirthday,1281,1095,F,1,0.653479,0.11378,625.429,418.998,F
3617,1,HappyBirthday,607,14965,F,1,0.125095,2.31343,12.9679,43.3678,F
3617,1,HappyBirthday,895,6935.77,M,1,0.000404387,2.88905,168.137,0.131273,F
3618,1,Births,1412,0,F,0,0,0.0389882,0,0,F
3619,1,HappyBirthday,269,12045.5,F,1,0.0780903,0.600207,2.74215,25.4676,F
3619,1,HappyBirthday,665,9125.85,F,1,0.0118843,7.05158,0.649736,3.7181,F
3620,1,HappyBirthday,236,7300.29,M,1,0.000542157,0.0959184,256.795,0.25742,F
3620,1,HappyBirthday,463,6935.2,F,1,0.00248406,1.68196,155.349,0.788227,F
3620,1,HappyBirthday,673,7665.47,F,1,0.000912043,0.425378,46.3579,0.301072,F
3620,1,HappyBirthday,1174,2190,F,1,0.00825586,0.193334,1.94345,2.58069,F
3620,1,HappyBirthday,978,9855.87,F,1,0.328606,0.972817,2807.95,512.209,F
3621,1,HappyBirthday,189,15696,M,1,0.0312597,0.405637,351,14.6606,F
3622,1,HappyBirthday,1207,1825,M,1,0.00026597,0.177154,561.304,0.148532,F
3622,1,HappyBirthday,382,8030.44,M,1,0.00615499,1.48563,328.978,2.45535,F
3622,1,HappyBirthday,720,20441,F,1,0.148251,0.46127,148.95,50.6353,F
3622,1,HappyBirthday,952,4745.21,M,1,0.0915405,0.768451,39.9664,33.9402,F
3623,1,HappyBirthday,81,24090.2,M,1,0.0287623,4.95453,58.19,9.11615,F
3623,1,HappyBirthday,830,16790,F,1,0.0346782,11.693,52.8148,11.6209,F
3624,1,HappyBirthday,1327,730,F,1,0.0092162,0.0280387,4.48039,2.94196,F
3624,1,HappyBirthday,161,4015.01,F,1,6.07273e-05,2.36502,5.64202,0.0193438,F
3624,1,HappyBirthday,275,25915.7,F,1,0.865931,0.306086,167.394,734.472,F
3624,1,HappyBirthday,287,29930.6,F,1,8.88535e-05,0.640802,111.734,0.0410174,F
3624,1,Births,1413,0,F,0,0,0.0345375,0,0,F
3625,1,HappyBirthday,208,5475.69,M,1,0.00656993,0.250879,4.87406,2.05147,F
3625,1,HappyBirthday,1209,1825,F,1,0.750591,0.139019,34.0035,477.922,F
3626,1,HappyBirthday,1210,1825,F,1,0.446599,0.0396886,6354.05,1305.74,F
3627,1,HappyBirthday,1128,2555,F,1,0.00156042,0.143152,9482.65,1.99158,F
3627,1,HappyBirthday,1082,2920,F,1,0.984994,0.775023,179.457,1596.68,F
3628,1,HappyBirthday,78,10950.7,F,1,0.0363963,0.111878,770.385,11.5235,F
3628,1,HappyBirthday,120,3650.76,M,1,0.00051733,0.266108,199.169,0.200159,F
3628,1,HappyBirthday,329,13140.6,F,1,0.539748,0.316755,33.9347,250.685,F
3628,1,HappyBirthday,1083,2920,F,1,0.00431345,0.262433,45.7207,1.49384,F
3628,1,HappyBirthday,777,9490.49,M,1,0.000312659,17.4892,37.4715,0.11289,F
3629,1,HappyBirthday,802,3650.17,F,1,0.0640467,0.917857,217.286,26.3736,F
3629,1,HappyBirthday,886,4015.74,M,1,0.0209529,0.235312,31.2783,6.91591,F
3630,1,HappyBirthday,1035,3285,M,1,0.00738577,0.0532259,4548.43,3.33544,F
3630,1,HappyBirthday,590,27010.7,M,1,0.000443859,1.30081,0.006,0.137781,F
3631,1,HappyBirthday,1328,730,M,0,0,0.0242885,0,0,F
3631,1,HappyBirthday,596,22995.3,F,1,0.00548718,0.151435,4342.32,9.60188,F
3631,1,HappyBirthday,679,6935.37,F,1,0.0446301,2.09605,10.85,14.2285,F
3632,1,HappyBirthday,1329,730,F,1,0.415404,0.111341,2702.8,251.827,F
3632,1,HappyBirthday,407,21170.9,F,1,0.00908799,0.799347,4.02056,2.89556,F
3633,1,HappyBirthday,1175,2190,F,1,0.428283,10.4426,751.003,313.142,F
3634,1,HappyBirthday,22,26280.7,F,1,0.00519851,1.03401,651.264,2.77414,F
3634,1,HappyBirthday,1330,730,M,1,0.0141915,0.434595,34.3542,4.64757,F
3634,1,HappyBirthday,354,10220.3,F,1,0.00235035,0.372683,0.933548,0.731705,F
3635,1,HappyBirthday,335,4015.3,M,1,0.00165043,0.130383,20.0834,0.516577,F
3636,1,HappyBirthday,413,7300.61,F,1,0.000680928,1.04395,50.0255,0.245781,F
3636,1,HappyBirthday,1084,2920,F,1,0.216416,0.147307,854.901,89.1214,F
3636,1,HappyBirthday,969,12045.7,M,1,0.000928689,0.615674,0.067609,0.288854,F
3636,1,HappyBirthday,1373,365,M,0,0,0.00647702,0,0,F
3637,1,HappyBirthday,438,7665.04,M,1,0.00233453,5.59313,61.0092,0.777128,F
3637,1,HappyBirthday,709,13870.8,F,1,0.00527072,3.42331,3.61924,1.64288,F
3638,1,HappyBirthday,142,16790.3,M,1,0.324269,9.93177,401.274,218.09,F
3638,1,HappyBirthday,931,9855.08,M,1,0.250385,0.133772,40.683,94.4225,F
3639,1,HappyBirthday,1331,730,F,1,0.432229,3.91838,1237.96,480.79,F
3639,1,HappyBirthday,772,6570.85,F,1,1.15077e-05,0.153387,7296.97,0.0695181,F
3639,1,HappyBirthday,897,22995.9,F,1,0.601581,9.92545,63.6989,311.568,F
3640,1,HappyBirthday,159,22995.1,F,1,0.0295585,7.52764,6.98041,9.42252,F
3640,1,HappyBirthday,427,6205.43,F,1,0.0161166,2.13254,70849.5,33.5691,F
3640,1,HappyBirthday,1085,2920,F,1,0.013051,0.335243,4.54965,4.08415,F
3640,1,HappyBirthday,1332,730,F,1,1.42834e-05,0.762199,20077.3,0.163102,F
3641,1,HappyBirthday,1374,365,F,1,0.249126,0.27491,4242.57,433.799,F
3641,1,HappyBirthday,1129,2555,F,1,0.00473642,0.0677318,26.5697,1.63616,F
3641,1,HappyBirthday,1375,365,F,1,0.0374375,0.535539,81.5769,13.3485,F
3642,1,HappyBirthday,1211,1825,M,1,0.873844,0.0692105,7174.12,709.158,F
3642,1,HappyBirthday,431,10585.9,F,1,0.0257982,21.6337,621.063,14.5772,F
3642,1,HappyBirthday,504,5110.46,F,1,0.0702738,0.0970524,454.567,25.7758,F
3645,1,HappyBirthday,765,14965.7,F,1,4.71189e-05,0.269956,17168.4,0.231327,F
3645,1,HappyBirthday,909,19710.7,M,1,0.00410717,0.477611,1925.51,2.20773,F
3646,1,HappyBirthday,1333,730,F,1,0.00750896,0.0723181,69.8119,2.67248,F
3647,1,HappyBirthday,226,17885.5,M,1,0.0664252,0.989687,0.269506,21.3629,F
3647,1,HappyBirthday,400,5475.56,M,0,0,0.0217137,0,0,F
3647,1,HappyBirthday,1243,1460,M,1,0.0678675,0.320084,3599.41,30.6623,F
3648,1,HappyBirthday,750,3650.65,F,1,0.734002,0.169954,213.35,529.921,F
3649,1,HappyBirthday,583,4015.65,F,1,0.0010293,0.0485647,2.68927e-05,0.320186,F
3649,1,HappyBirthday,729,4745.85,M,1,0.106245,0.0461806,1352.08,175.652,F
3649,1,HappyBirthday,985,16060.2,M,1,0.00330635,7.43113,52.6779,1.21241,F
