Time,Node_ID,Event_Name,Individual_ID,Age,Gender,Infected,Infectiousness,RelativeBitingRate,TrueParasiteDensity,TrueGametocyteDensity,HasClinicalSymptoms
1,1,HappyBirthday,151,5840.09,F,0,0,1.33212,0,0,F
1,1,HappyBirthday,335,9490.3,M,0,0,0.593359,0,0,F
1,1,HappyBirthday,419,14235.3,M,0,0,0.528039,0,0,F
1,1,HappyBirthday,780,29200.4,M,0,0,4.52503,0,0,F
1,1,HappyBirthday,794,3650.75,F,0,0,0.00475773,0,0,F
1,1,HappyBirthday,872,1460.87,F,0,0,0.120842,0,0,F
1,1,HappyBirthday,980,1460.46,F,0,0,0.0412018,0,0,F
2,1,HappyBirthday,267,14235.8,F,0,0,0.915056,0,0,F
3,1,HappyBirthday,36,365.889,F,0,0,0.056753,0,0,F
3,1,HappyBirthday,163,1825.83,F,0,0,0.158179,0,0,F
3,1,HappyBirthday,368,26645.9,M,1,0,0.503388,0,0,F
3,1,HappyBirthday,796,35770.3,M,0,0,1.17495,0,0,F
4,1,HappyBirthday,486,17885.1,F,0,0,1.12885,0,0,F
5,1,HappyBirthday,325,6570.39,M,0,0,3.20048,0,0,F
5,1,HappyBirthday,388,22265.3,F,0,0,1.34046,0,0,F
5,1,HappyBirthday,851,2920.46,F,0,0,0.281521,0,0,F
6,1,HappyBirthday,133,24455.7,M,0,0,0.0786923,0,0,F
7,1,HappyBirthday,16,34675.8,F,0,0,8.41703,0,0,F
7,1,HappyBirthday,774,4745.07,F,0,0,4.66773,0,0,F
8,1,HappyBirthday,245,5110.83,F,0,0,0.129299,0,0,F
8,1,HappyBirthday,972,22265.4,F,0,0,0.40484,0,0,F
8,1,HappyBirthday,981,1825.27,M,0,0,0.269534,0,0,F
9,1,HappyBirthday,164,8760.8,M,0,0,2.37524,0,0,F
9,1,HappyBirthday,274,11680.5,M,0,0,0.869033,0,0,F
9,1,HappyBirthday,360,2555.99,F,0,0,0.0266898,0,0,F
9,1,HappyBirthday,871,24820.1,F,0,0,64.1188,0,0,F
9,1,HappyBirthday,987,8760.99,M,0,0,0.330292,0,0,F
10,1,HappyBirthday,232,6205.9,M,1,0,0.785502,0.110232,0,F
10,1,HappyBirthday,394,10585,F,0,0,73.4213,0,0,F
10,1,HappyBirthday,964,2555.74,F,0,0,0.895899,0,0,F
10,1,Births,1002,0,F,0,0,0.0814681,0,0,F
11,1,HappyBirthday,42,31755.2,F,0,0,2.29995,0,0,F
11,1,HappyBirthday,47,3285.53,M,0,0,0.331079,0,0,F
11,1,HappyBirthday,620,7665.81,F,0,0,0.610564,0,0,F
11,1,HappyBirthday,876,32120.7,M,0,0,3.16413,0,0,F
11,1,HappyBirthday,887,9490.45,F,0,0,0.954851,0,0,F
12,1,HappyBirthday,687,4015.89,M,1,0,0.263756,2.38994,0,F
13,1,HappyBirthday,365,4015.77,F,1,0,4.34484,35.6435,0,F
13,1,HappyBirthday,510,6935.74,F,0,0,0.30517,0,0,F
13,1,HappyBirthday,540,27740.5,M,0,0,0.195943,0,0,F
14,1,HappyBirthday,998,1095.74,M,0,0,2.17673,0,0,F
15,1,HappyBirthday,302,3650.72,F,0,0,2.88332,0,0,F
15,1,HappyBirthday,603,9855.43,F,0,0,3.00843,0,0,F
15,1,HappyBirthday,718,5110.36,F,0,0,0.736406,0,0,F
15,1,HappyBirthday,906,21170.9,F,0,0,0.130512,0,0,F
16,1,HappyBirthday,67,730.873,F,1,0,0.00283233,1663.53,0,F
16,1,HappyBirthday,806,2190.44,F,0,0,1.39516,0,0,F
17,1,HappyBirthday,879,4380.23,F,0,0,0.400563,0,0,F
17,1,HappyBirthday,907,730.239,M,1,0,0.00444551,24812,0,F
17,1,Births,1003,0,F,0,0,0.0178513,0,0,F
18,1,HappyBirthday,51,19710.7,M,0,0,1.16158,0,0,F
18,1,HappyBirthday,361,4015.37,M,0,0,0.0620234,0,0,F
18,1,HappyBirthday,546,1460.58,F,0,0,0.558583,0,0,F
18,1,HappyBirthday,604,1460.49,M,0,0,3.44725,0,0,F
19,1,HappyBirthday,112,1095.97,F,0,0,0.10213,0,0,F
19,1,HappyBirthday,195,18615.3,M,0,0,1.91064,0,0,F
20,1,HappyBirthday,576,18250.8,M,1,0,0.41621,20822.2,0,F
20,1,HappyBirthday,661,30295,M,0,0,0.924891,0,0,F
20,1,HappyBirthday,732,2190.6,M,0,0,0.16446,0,0,F
20,1,HappyBirthday,738,5840.94,M,0,0,1.51656,0,0,F
20,1,HappyBirthday,849,5475.5,M,0,0,1.14425,0,0,F
21,1,HappyBirthday,437,4015.88,M,0,0,0.580194,0,0,F
21,1,Births,1004,0,F,0,0,0.0533197,0,0,F
22,1,HappyBirthday,628,1825.88,M,0,0,0.370587,0,0,F
22,1,HappyBirthday,741,1460.69,M,0,0,0.278487,0,0,F
23,1,HappyBirthday,317,14235.3,M,0,0,17.6173,0,0,F
23,1,HappyBirthday,890,3285.88,F,0,0,0.414742,0,0,F
24,1,HappyBirthday,230,14235.2,M,0,0,1.01414,0,0,F
24,1,HappyBirthday,426,12775.8,M,1,5.75357e-05,5.46283,50901.5,0.0772568,F
24,1,HappyBirthday,862,13140.6,F,1,5.80693e-05,5.81534,49329.1,0.0773506,F
24,1,HappyBirthday,891,8030.7,M,0,0,0.126378,0,0,F
24,1,HappyBirthday,962,1825.58,M,1,0.000187871,0.0604962,38112.8,0.237749,F
24,1,HappyBirthday,993,9490.89,F,0,0,1.10273,0,0,F
25,1,HappyBirthday,13,20805.9,F,0,0,0.112121,0,0,F
25,1,HappyBirthday,20,6935.84,M,0,0,2.08944,0,0,F
26,1,HappyBirthday,29,4015.41,M,1,0.00172205,0.388268,23887.8,1.93947,F
26,1,HappyBirthday,193,2920.19,F,1,0.00225732,0.247304,22794.2,2.50909,F
26,1,HappyBirthday,678,9490.9,F,0,0,2.92378,0,0,F
26,1,HappyBirthday,961,2555.49,F,0,0,0.787684,0,0,F
27,1,HappyBirthday,121,20075.5,F,0,0,0.0286658,0,0,F
27,1,HappyBirthday,391,730.761,M,1,0.0315454,0.563422,36631.7,119.414,F
27,1,HappyBirthday,586,7665.25,F,0,0,0.0899821,0,0,F
27,1,HappyBirthday,947,8760.52,M,1,0.00395701,1.91759,69003.4,22.7157,F
28,1,HappyBirthday,58,25185.9,F,0,0,0.411654,0,0,F
28,1,HappyBirthday,457,17885.6,F,0,0,0.568207,0,0,F
28,1,HappyBirthday,750,4380.17,F,1,0.0330674,0.284369,8316.99,26.9007,F
29,1,HappyBirthday,944,365.726,M,0,0,0.074077,0,0,F
30,1,HappyBirthday,322,35405.7,M,0,0,6.14215,0,0,F
30,1,HappyBirthday,455,7300.92,M,0,0,1.88939,0,0,F
30,1,HappyBirthday,811,1095.12,F,0,0,0.0743444,0,0,F
30,1,HappyBirthday,822,3285.6,F,1,0.578097,2.42403,1779.7,446.873,F
32,1,HappyBirthday,334,16060.4,M,0,0,4.78516,0,0,F
32,1,HappyBirthday,543,16425.2,F,0,0,2.02799,0,0,F
32,1,HappyBirthday,779,17155.3,F,0,0,14.3571,0,0,F
34,1,HappyBirthday,40,9490.11,F,1,0.776352,0.202661,443.184,1284.23,F
34,1,HappyBirthday,417,7300.04,M,0,0,0.453747,0,0,F
35,1,HappyBirthday,23,14965.2,F,1,0.359665,6.59156,13856.4,1866.18,F
36,1,HappyBirthday,690,30295.4,F,0,0,3.43788,0,0,F
36,1,Births,1005,0,M,0,0,0.0136754,0,0,F
37,1,HappyBirthday,217,6570.4,F,1,0.1801,1.13208,103827,1408.85,F
37,1,HappyBirthday,513,9855.82,M,0,0,0.280912,0,0,F
37,1,HappyBirthday,802,27376,M,0,0,0.0926257,0,0,F
37,1,Births,1006,0,F,0,0,2.3868,0,0,F
38,1,HappyBirthday,50,5840.68,M,0,0,0.113092,0,0,F
39,1,HappyBirthday,7,24820.5,F,1,0,3.75841,0,0,F
39,1,HappyBirthday,248,4015.98,F,0,0,5.20623,0,0,F
40,1,HappyBirthday,399,7300.67,F,1,0,0.815267,0,0,F
41,1,HappyBirthday,183,3285.86,F,1,0,1.67759,0,0,F
41,1,HappyBirthday,345,1095,M,0,0,0.553534,0,0,F
41,1,HappyBirthday,506,1460.99,F,0,0,0.0592288,0,0,F
41,1,HappyBirthday,530,4380.62,M,0,0,0.330439,0,0,F
41,1,HappyBirthday,573,12410.7,F,0,0,0.257546,0,0,F
41,1,HappyBirthday,655,19710.7,F,1,0,4.02785,0,0,F
42,1,HappyBirthday,60,22995.3,F,1,0,6.4817,0,0,F
42,1,HappyBirthday,641,16790.1,F,1,0,6.69172,0,0,F
43,1,HappyBirthday,134,5110.39,M,1,0,3.30715,0,0,F
43,1,HappyBirthday,166,17885.2,F,1,0.596561,0.885368,2789.41,397.668,F
43,1,HappyBirthday,259,16790.8,M,1,0,0.357762,0,0,F
43,1,HappyBirthday,390,4745.59,F,0,0,0.077296,0,0,F
44,1,HappyBirthday,313,4745.75,F,1,0,0.337174,0,0,F
45,1,HappyBirthday,45,11681,M,1,0,6.7912,0,0,F
45,1,HappyBirthday,285,2555.94,F,1,0,0.573166,0,0,F
45,1,HappyBirthday,575,1825.6,F,0,0,0.0202928,0,0,F
45,1,HappyBirthday,880,18250.2,M,0,0,0.531781,0,0,F
46,1,HappyBirthday,362,19345.9,M,1,0,2.73463,0,0,F
46,1,HappyBirthday,474,365.712,F,1,0,0.122281,0,0,F
46,1,HappyBirthday,762,1825.09,F,1,0.553801,0.720408,34.6103,253.145,F
46,1,HappyBirthday,915,365.205,F,0,0,0.447946,0,0,F
47,1,HappyBirthday,154,1825.58,F,1,0,0.645837,0,0,F
47,1,HappyBirthday,902,9490.1,F,0,0,0.0645573,0,0,F
48,1,HappyBirthday,262,26280.6,F,1,0.886654,0.221762,5.0046,676.978,F
48,1,HappyBirthday,499,8030.62,F,1,0,0.224953,0,0,F
48,1,HappyBirthday,509,365.534,F,0,0,0.027405,0,0,F
49,1,HappyBirthday,132,9125.71,M,1,0,1.17808,0.006,0,F
49,1,HappyBirthday,331,8030.01,F,1,0,0.142072,0.009,0,F
50,1,HappyBirthday,495,9855.46,M,1,0,0.620957,0.012,0,F
50,1,HappyBirthday,716,9490.65,M,1,0.214795,0.11361,0.734139,75.1528,F
50,1,HappyBirthday,869,13870.5,M,1,0,10.4016,4.69561,0,F
50,1,HappyBirthday,938,4380.71,F,1,0,3.42314,3.77931,0,F
50,1,HappyBirthday,971,20440.1,M,0,0,0.325201,0,0,F
51,1,HappyBirthday,547,10220.8,F,1,0,6.90976,88.6433,0,F
52,1,HappyBirthday,146,4380.44,M,1,0.73414,1.20974,3.81268,414.74,F
53,1,HappyBirthday,3,1460.15,M,1,0,0.0164727,0,0,F
53,1,HappyBirthday,233,2555.64,M,1,0,0.126474,0,0,F
54,1,HappyBirthday,141,7665.99,F,1,0,0.325884,0.190706,0,F
54,1,HappyBirthday,298,28835.9,F,1,0,0.632917,0.095353,0,F
54,1,HappyBirthday,607,12775.9,F,1,0.577905,0.368942,1.69756,270.34,F
54,1,HappyBirthday,662,8760.93,M,1,0,7.28925,1919.37,0,F
54,1,HappyBirthday,781,8760.72,M,1,0,9.58674,300.514,0,F
55,1,HappyBirthday,125,3285.78,F,1,0,0.559037,1.52048,0,F
55,1,HappyBirthday,135,12775.7,M,1,0,1.54032,56.5838,0,F
56,1,HappyBirthday,284,8030.88,M,1,0,0.530179,26.2039,0,F
56,1,HappyBirthday,296,15330.7,F,1,0,0.963649,1160.29,0,F
56,1,HappyBirthday,355,18250.5,F,1,0,0.179669,2.27629,0,F
56,1,HappyBirthday,370,3650.35,M,1,0,0.128041,0.016366,0,F
57,1,HappyBirthday,15,31025.4,F,1,0,1.69786,1076.35,0,F
57,1,HappyBirthday,181,4015.38,F,1,0,1.33408,1286.19,0,F
57,1,HappyBirthday,299,9125.88,M,1,0,1.30034,17863.4,0,F
57,1,HappyBirthday,841,32120.4,F,1,0,2.44664,8743.96,0,F
57,1,HappyBirthday,984,12775.6,M,1,0,3.68497,3940.89,0,F
58,1,HappyBirthday,149,19346,M,1,0,1.18336,8184.67,0,F
58,1,HappyBirthday,263,8760.23,F,1,0,0.0705133,0,0,F
58,1,HappyBirthday,418,32485.7,M,1,0,5.23156,114072,0,F
58,1,HappyBirthday,680,4745.54,F,1,0,1.43499,328.136,0,F
58,1,HappyBirthday,685,11680.4,F,1,0,0.142487,0.009,0,F
58,1,HappyBirthday,953,6935.75,F,1,0,14.2232,44292.1,0,F
59,1,HappyBirthday,130,16425.1,F,1,0.147036,0.289172,81.3634,60.3931,F
59,1,HappyBirthday,580,365.439,F,1,0.0189281,0.93803,3616.81,33.0329,F
60,1,HappyBirthday,291,20075.1,F,1,3.7971e-07,4.679,128415,0.0065822,F
60,1,HappyBirthday,346,10220.2,F,1,0,0.993371,30757.7,0,F
60,1,HappyBirthday,673,16425.6,M,1,0.00308164,4.10072,101166,46.8939,F
60,1,HappyBirthday,778,1825.92,M,1,0.0040373,1.01102,105358,61.2616,F
61,1,HappyBirthday,585,12410.3,F,1,1.69887e-06,2.28016,71156.1,0.0149626,F
61,1,HappyBirthday,840,14600.8,F,1,1.20085e-05,0.188775,54963.4,0.014985,F
62,1,HappyBirthday,429,2920.08,F,1,0,0.0217657,0,0,F
62,1,HappyBirthday,491,20805.6,M,1,4.45383e-06,6.48874,53922.9,0.028133,F
62,1,HappyBirthday,552,6205.37,F,1,0,1.45024,27873.8,0,F
62,1,HappyBirthday,574,5475.83,M,1,1.50778e-05,3.0093,122570,0.128244,F
62,1,HappyBirthday,921,5110.44,M,1,0.00188746,0.692905,70348,30.472,F
63,1,HappyBirthday,290,12775,M,1,0.00301142,22.5713,79605.1,17.4997,F
63,1,HappyBirthday,381,7300.4,M,1,0,0.911606,68071.5,0,F
63,1,HappyBirthday,609,730.695,M,1,0.00222981,1.20853,96499.8,15.2509,F
64,1,HappyBirthday,343,6205.01,M,1,0.000392071,10.7599,84626.1,2.22954,F
64,1,HappyBirthday,751,5475.46,F,1,0.0014353,0.218608,21799.8,17.006,F
65,1,HappyBirthday,104,14600.2,M,1,8.50302e-05,4.30106,82546.6,0.455889,F
66,1,HappyBirthday,826,3285.21,M,1,2.5333e-06,0.223933,50605.1,0.0147918,F
67,1,HappyBirthday,124,6935.32,M,1,0.000815361,0.133194,131805,11.888,F
67,1,HappyBirthday,254,11680.3,F,1,0.000935835,1.78823,79477.4,5.24412,F
68,1,HappyBirthday,84,8395.74,F,1,0,0.281354,6.44745,0,F
68,1,HappyBirthday,129,2190.11,F,1,0.00205707,0.0506032,0.307261,0.640551,F
68,1,HappyBirthday,463,1460.48,M,1,0.0049454,1.81243,82550.9,36.9343,F
68,1,HappyBirthday,627,4015.27,M,1,0.015952,1.36867,34865.7,55.9982,F
68,1,HappyBirthday,836,6935.99,M,1,0.000450372,0.695802,121434,3.50986,F
68,1,HappyBirthday,995,9125.96,F,1,0.366338,32.7425,9645.49,629.852,F
68,1,Births,1007,0,F,0,0,0.794026,0,0,F
69,1,HappyBirthday,33,7300.57,M,1,0.00887208,1.06556,80149.9,54.7545,F
69,1,HappyBirthday,53,5110.24,M,1,0.0494956,0.10222,14320.3,482.431,F
69,1,HappyBirthday,137,29930.1,M,1,0.134796,2.96168,27947.2,434.484,F
69,1,Births,1008,0,M,0,0,0.00654732,0,0,F
70,1,HappyBirthday,11,17885.9,M,1,0.0912411,0.59861,9098.34,427.933,F
70,1,HappyBirthday,824,5110.32,F,1,0,0.11288,43.5793,0,F
70,1,HappyBirthday,908,365.599,M,1,0,0.0279777,2175.88,0,F
71,1,Births,1009,0,M,0,0,0.0106337,0,0,F
72,1,HappyBirthday,464,365.273,F,1,0,0.250364,32666.5,0,F
72,1,HappyBirthday,698,5840.92,F,1,0.474861,2.18045,5909.45,727.943,F
72,1,HappyBirthday,804,16060.7,F,1,0.533058,1.97178,2416.04,742.366,F
72,1,HappyBirthday,859,4015.28,M,1,0.399675,0.647612,8867.35,810.405,F
72,1,HappyBirthday,899,5475.59,F,1,0.430735,8.2092,7357.93,1424.83,F
73,1,HappyBirthday,556,14235.8,F,1,0.835942,2.3473,2061.58,1221.19,F
74,1,HappyBirthday,62,8760.63,F,1,0.482895,1.85054,7388.49,720.286,F
74,1,HappyBirthday,549,4745.63,F,1,0.170926,0.423487,43096.9,448.868,F
74,1,HappyBirthday,723,365.273,M,1,0.159949,0.58791,43808.9,1313.83,F
74,1,Births,1010,0,M,0,0,0.0335065,0,0,F
75,1,HappyBirthday,44,6205.03,F,1,0.313904,0.156834,5346.81,458.789,F
75,1,HappyBirthday,214,365.43,M,1,0.244051,0.281861,40327.9,544.692,F
75,1,HappyBirthday,805,12045.1,M,1,0.000248914,0.111559,136871,2.28433,F
76,1,HappyBirthday,63,14235.8,F,1,0.116815,2.61849,45115.3,1313.51,F
76,1,HappyBirthday,106,8395.68,F,1,0.34781,0.920847,14713.2,992.909,F
76,1,HappyBirthday,264,2555.41,M,1,0.466695,0.231848,43249.9,933.471,F
76,1,HappyBirthday,470,8030.51,F,1,0.150189,2.33646,39786.6,1165.25,F
78,1,HappyBirthday,91,1825.87,F,1,0.00119327,0.0559565,17670,10.6424,F
78,1,HappyBirthday,711,2920.47,F,1,0.140441,6.88775,48718.4,821.634,F
78,1,HappyBirthday,946,15330.4,M,1,0,0.0430316,2.13326,0,F
78,1,HappyBirthday,948,730.142,F,1,0.219526,0.412726,26783.5,1302.37,F
79,1,HappyBirthday,37,12775.9,M,1,0.105921,0.354519,96696.9,1316.54,F
79,1,HappyBirthday,246,25550.9,M,1,0.0325512,0.0398242,32146.1,166.507,F
79,1,HappyBirthday,261,1095.04,F,0,0,0.0355771,0,0,F
79,1,HappyBirthday,279,8030.61,F,1,0.229057,2.04082,46352.6,770.241,F
80,1,HappyBirthday,128,6935.57,F,1,0.72609,0.652152,4832.47,1326.99,F
80,1,HappyBirthday,175,7665.44,F,1,0.217149,0.135202,94285.1,1561.3,F
80,1,HappyBirthday,846,365.631,M,1,0.0010304,0.0268221,93037.6,10.4698,F
80,1,HappyBirthday,892,2920.17,M,1,0.00876262,0.188914,49242.5,130.895,F
81,1,HappyBirthday,652,21900.2,M,1,0.204789,0.0954895,47710.4,810.491,F
81,1,HappyBirthday,769,2555.91,M,1,0.111452,1.86069,30187.5,624.93,F
82,1,HappyBirthday,307,13870.7,M,1,0.103719,0.297201,91364.7,1272.8,F
82,1,HappyBirthday,676,2555.43,M,1,0.197615,1.27756,65276.6,1322.67,F
82,1,HappyBirthday,874,1460.21,M,1,0.205041,0.155916,29519.5,1295.72,F
82,1,HappyBirthday,919,31755.9,F,1,0.285544,0.973216,46528.7,994.562,F
83,1,HappyBirthday,120,11315.2,M,1,0.152875,0.758943,82871.4,1464.28,F
83,1,HappyBirthday,483,13505.5,F,1,0.287897,0.413715,23200.6,1335.96,F
83,1,HappyBirthday,674,15330.1,M,1,0.193077,1.76581,28250.2,824.434,F
83,1,Births,1011,0,M,0,0,0.00426794,0,0,F
84,1,HappyBirthday,111,365.254,F,1,0.117667,1.61891,71500.1,1295.2,F
84,1,HappyBirthday,384,15331,M,1,0.130668,0.201113,32306.3,473.413,F
84,1,HappyBirthday,610,730.572,M,1,5.14588e-06,0.0307464,203742,0.0519144,F
85,1,HappyBirthday,526,13505,M,1,0.192707,0.0365598,41392.4,930.381,F
85,1,HappyBirthday,619,730.916,M,1,0.466953,0.0422621,29541.2,476.239,F
85,1,HappyBirthday,624,730.441,F,1,0.229212,0.264377,39813,1691.52,F
85,1,HappyBirthday,925,9490.74,M,1,0.627443,0.0398265,31841.4,1074.84,F
86,1,Births,1012,0,F,0,0,1.0792,0,0,F
87,1,HappyBirthday,220,2920.83,F,1,0.672416,1.55548,919.439,427.639,F
87,1,HappyBirthday,467,6205.67,M,1,0.220855,0.929006,24061.6,468.945,F
87,1,HappyBirthday,766,5475.27,F,1,0.908392,1.13322,147.487,861.681,F
87,1,HappyBirthday,835,25915.5,F,1,0.304491,1.07152,12178.5,442.15,F
87,1,HappyBirthday,941,730.029,F,1,0.89953,0.553008,222.101,953.559,F
88,1,HappyBirthday,198,13870.1,F,1,0.645995,0.706637,13562.9,955.74,F
88,1,HappyBirthday,865,365.718,M,1,0.255337,0.0920992,2999.02,910.645,F
90,1,HappyBirthday,238,9125.78,M,1,0.476379,0.749899,4903.46,422.265,F
90,1,HappyBirthday,611,11680.5,M,1,0.29144,0.623181,24769.5,958.619,F
90,1,HappyBirthday,913,1095.1,M,1,0.252462,0.320685,29980.7,602.6,F
90,1,Births,1013,0,F,0,0,0.0478306,0,0,F
91,1,HappyBirthday,213,3650.46,M,1,0.880154,0.860652,2172.93,824.93,F
92,1,HappyBirthday,12,11315.9,M,1,0.56391,0.287921,1438.02,1370.38,F
92,1,HappyBirthday,414,14235,M,1,0.867972,2.00714,112.624,872.487,F
93,1,HappyBirthday,405,32850.2,F,1,0.667685,9.31283,120.43,413.804,F
94,1,HappyBirthday,406,1825.69,F,1,0.488897,0.065379,22808,1359.24,F
95,1,HappyBirthday,105,1825.5,F,1,0.224302,0.139464,5978.04,1191.46,F
95,1,HappyBirthday,224,27740.7,F,1,0.735112,2.09979,6210.71,649.617,F
96,1,HappyBirthday,982,730.026,M,1,0.169489,0.111043,29011.5,1228.85,F
97,1,HappyBirthday,144,4015.74,F,1,0.574468,2.10445,8.29867,273.861,F
97,1,HappyBirthday,159,6570.26,M,1,0.529599,1.42272,27.1548,266.414,F
97,1,HappyBirthday,952,3285.04,F,1,0.481564,1.38742,329.216,298.825,F
98,1,HappyBirthday,19,9125.2,F,1,0.578786,1.78598,6.3828,276.402,F
98,1,HappyBirthday,247,32120.1,F,1,0.718965,0.1806,2304.31,729.906,F
98,1,HappyBirthday,351,2920.75,M,1,0.555857,0.565637,4593.68,345.216,F
98,1,HappyBirthday,563,12775.7,F,1,0.9192,0.508603,468.444,798.817,F
99,1,HappyBirthday,43,7300.13,M,1,0.459734,0.244485,17578.4,359.195,F
99,1,HappyBirthday,203,5110.35,M,1,0.837322,1.05399,103.007,748.055,F
99,1,HappyBirthday,863,1095.11,M,1,0.678912,0.41762,3.13905,357.555,F
100,1,HappyBirthday,682,2190.91,M,1,0.541054,0.99277,2061.32,271.994,F
100,1,HappyBirthday,834,18250.9,F,1,0.323857,0.489563,57.7945,154.91,F
101,1,HappyBirthday,521,1095.98,F,1,0.381521,0.453707,6.65384,151.972,F
101,1,HappyBirthday,551,11680.2,M,1,0.781599,0.343491,2003.76,1094.94,F
101,1,HappyBirthday,770,4745.76,F,1,0.219898,0.855387,11923.9,357.35,F
101,1,HappyBirthday,878,10220.8,F,1,0.400164,0.758922,37.8608,172.025,F
102,1,HappyBirthday,184,7665.39,M,1,0.527014,0.00882808,1054.11,483.336,F
102,1,HappyBirthday,482,1460.3,F,1,0.321754,0.520897,5964.39,499.47,F
102,1,HappyBirthday,832,1825.09,F,1,0.55244,0.538571,33.6175,263.829,F
103,1,HappyBirthday,441,16790.1,M,1,0.818578,0.247591,83.4657,534.723,F
103,1,HappyBirthday,968,8760.85,F,1,0.237151,1.21897,3908.77,178.126,F
104,1,HappyBirthday,103,2555.22,F,1,0.374461,0.0805863,1042.3,639.487,F
104,1,HappyBirthday,114,20805.9,F,1,0.155974,2.3444,198.188,89.1943,F
104,1,Births,1014,0,F,0,0,0.0351479,0,0,F
105,1,HappyBirthday,613,14600.3,F,1,0.0302574,2.20619,6046.72,34.2523,F
105,1,HappyBirthday,888,8030.1,M,1,0.0625788,3.74628,38.2763,22.8226,F
106,1,HappyBirthday,268,12775.3,M,1,0.0137963,1.71162,18588.7,20.3454,F
106,1,HappyBirthday,402,27740.9,M,1,0.229212,1.17386,1795.34,92.9969,F
106,1,HappyBirthday,754,22630.1,M,1,0.958412,0.0995229,44.0378,999.852,F
106,1,HappyBirthday,979,5475.87,F,1,0.0315567,1.9789,51.3661,10.5659,F
107,1,HappyBirthday,185,8395.16,M,1,0.373061,0.686688,5619.48,171.783,F
107,1,HappyBirthday,205,3650.07,M,1,0.139322,0.199912,5.57837,47.0083,F
107,1,HappyBirthday,223,8395.66,F,1,0.0200741,2.75955,37.2961,6.78297,F
108,1,HappyBirthday,155,3650.48,F,1,0.276099,0.14444,26.5034,104.928,F
110,1,HappyBirthday,187,365.583,F,1,0.624454,0.0336636,2550.99,504.46,F
110,1,HappyBirthday,885,1095.08,M,1,0.480814,0.0816406,1173.18,261.642,F
111,1,HappyBirthday,400,730.763,M,1,0.153226,0.187716,3818.56,61.7201,F
111,1,HappyBirthday,472,4380,M,1,0.354545,0.401717,56.8625,150.055,F
111,1,HappyBirthday,807,4015.42,F,1,0.0670007,1.60065,126.735,28.7846,F
111,1,HappyBirthday,997,8030.86,M,1,0.0927239,0.09081,103.89,44.4205,F
112,1,HappyBirthday,289,16425.6,F,1,0.162921,0.146865,7789.26,214.415,F
112,1,HappyBirthday,395,6570.02,M,1,0.196085,1.20021,19.0019,71.0823,F
112,1,Births,1015,0,F,0,0,0.122565,0,0,F
114,1,HappyBirthday,69,2555.49,M,1,0.116227,1.05301,100.293,53.4469,F
115,1,HappyBirthday,719,2555.48,F,1,0.0193929,6.14849,92.5701,7.97829,F
115,1,Births,1016,0,F,0,0,0.00581478,0,0,F
115,1,Births,1017,0,F,0,0,0.0570805,0,0,F
116,1,HappyBirthday,481,1460.15,M,1,0.0366097,0.305306,85.3489,16.2328,F
116,1,HappyBirthday,564,1461,M,1,0.0228679,0.677909,184.575,9.63507,F
117,1,HappyBirthday,535,365.331,F,1,0.00568722,0.377626,74.7216,2.23464,F
117,1,HappyBirthday,727,21535.7,M,1,0.00632459,1.8954,210.65,2.75352,F
119,1,HappyBirthday,177,730.394,M,1,0.0117151,0.144674,143.459,4.76603,F
119,1,HappyBirthday,435,6570.31,M,1,0.0087529,5.71889,314.991,4.79244,F
120,1,HappyBirthday,903,1460.68,M,1,0.0663195,0.21828,48.5196,23.5567,F
121,1,HappyBirthday,386,730.282,F,1,0.106759,0.0519697,20377,241.914,F
122,1,HappyBirthday,295,6205.07,F,1,0.0525716,0.624009,129.702,23.5613,F
122,1,HappyBirthday,970,2190.23,F,1,0.115094,0.0959984,139.854,46.3762,F
123,1,HappyBirthday,172,8395.23,F,1,0.00327821,1.58225,49.696,1.23181,F
123,1,HappyBirthday,281,7300.49,M,1,0.0160804,0.456673,255.665,7.14011,F
123,1,HappyBirthday,421,17155.3,F,1,0.104593,1.86866,72.9473,39.8193,F
123,1,HappyBirthday,720,6205.76,F,1,0.526724,0.0806603,22.1007,247.805,F
123,1,HappyBirthday,819,12410.4,F,1,0.00121028,0.925132,338.093,0.572599,F
124,1,HappyBirthday,561,8395.61,F,1,0.00207226,1.38208,80.6013,0.766082,F
124,1,HappyBirthday,753,29200.6,F,1,0.00607459,17.3806,116.985,2.28707,F
124,1,HappyBirthday,845,8030.35,M,1,0.0813052,0.0158715,245.877,36.1831,F
125,1,HappyBirthday,456,7665.34,M,1,0.0129547,0.509102,265.076,7.06903,F
125,1,HappyBirthday,702,14235,M,1,0.165324,0.133111,181.547,71.2542,F
125,1,HappyBirthday,818,6935.5,F,1,0.0172622,0.201089,168.644,6.78216,F
125,1,HappyBirthday,882,1460.84,F,1,0.00203917,0.695351,130.341,0.968201,F
125,1,Births,1018,0,F,0,0,0.597653,0,0,F
125,1,Births,1019,0,F,0,0,2.52012,0,0,F
126,1,HappyBirthday,188,1825.91,M,1,0.0188326,0.198869,245.254,8.42691,F
126,1,HappyBirthday,582,365.708,F,1,0.0380294,0.147352,179.87,18.6157,F
126,1,Births,1020,0,M,0,0,0.0478236,0,0,F
127,1,HappyBirthday,218,10950.8,F,1,0.00670728,1.9559,65.604,2.2925,F
127,1,HappyBirthday,397,2555.73,M,1,0.00317786,1.32888,360.418,2.20426,F
127,1,HappyBirthday,816,25185.4,M,1,0.0255543,0.718109,173.484,10.0527,F
128,1,HappyBirthday,52,4380.83,F,1,0.0166412,0.142349,73.1053,7.12949,F
128,1,HappyBirthday,505,5475.34,F,1,0.0123093,0.954391,82.0457,5.0594,F
128,1,HappyBirthday,803,1095.67,F,1,0.00743494,0.251213,197.149,3.20925,F
129,1,HappyBirthday,326,3650.56,M,1,0.00270262,0.251942,211.461,1.34107,F
129,1,HappyBirthday,708,27010.5,F,1,0.0097547,110.019,130.8,3.75825,F
129,1,HappyBirthday,728,8395.47,M,1,0.00744606,0.128637,327.681,3.46424,F
129,1,HappyBirthday,809,15330.1,M,1,0.00741096,0.513257,35.3359,2.42165,F
130,1,HappyBirthday,158,1825.87,F,1,0.00929024,1.34499,0.479271,2.9046,F
131,1,HappyBirthday,243,6205.63,M,1,0.00834044,0.653589,36.566,2.79536,F
131,1,HappyBirthday,318,5475.92,F,1,0.00872377,11.6356,27.4568,2.82774,F
131,1,HappyBirthday,635,14600.2,F,1,0.00981378,1.10689,13.0154,3.13364,F
131,1,HappyBirthday,910,5840.75,M,1,0.0368052,0.479537,127.537,14.3858,F
131,1,HappyBirthday,988,730.696,M,1,0.0150272,0.507409,151.482,6.68266,F
131,1,Births,1021,0,M,0,0,0.125812,0,0,F
132,1,HappyBirthday,773,2555.75,F,1,0.0134848,0.27493,1958.22,4.69955,F
133,1,HappyBirthday,645,3650.81,M,1,0.00712267,0.769035,66.7988,2.38995,F
133,1,HappyBirthday,659,18615.2,M,1,0.00779166,1.49108,202.233,3.42802,F
134,1,HappyBirthday,319,6205.07,F,1,0.0117192,1.52985,1.99905,3.66358,F
134,1,HappyBirthday,759,34310.2,M,1,0.013221,1.17788,8.80385,4.20647,F
135,1,HappyBirthday,70,2190.01,M,1,0.0105372,0.18625,119.875,3.71395,F
135,1,HappyBirthday,710,4015.04,F,1,0.325711,0.0306126,30034.7,1523.34,F
135,1,HappyBirthday,996,8395.52,F,1,0.013028,0.680131,18.8654,4.09088,F
136,1,HappyBirthday,14,2920.56,M,1,0.697746,0.0561158,1418.32,391.183,F
136,1,HappyBirthday,357,7665.8,M,1,0.728426,0.0387682,33.6032,470.563,F
136,1,HappyBirthday,999,4015.08,F,1,0.00426387,0.833196,55.0808,1.40187,F
137,1,HappyBirthday,270,10585.1,M,1,0.00453227,0.61153,196.453,1.83058,F
137,1,HappyBirthday,353,1095.1,M,1,0.0112852,0.22242,25.7964,3.75209,F
137,1,HappyBirthday,387,4015.58,M,1,0.00124084,13.006,49.2948,0.441082,F
137,1,HappyBirthday,502,5475.58,M,1,0.00931434,0.158458,150.683,4.16461,F
137,1,HappyBirthday,715,3285.55,M,1,0.0116279,0.210407,54.6571,3.87354,F
138,1,HappyBirthday,165,4745.93,M,1,0.0140378,0.345657,108.712,5.02105,F
138,1,HappyBirthday,356,4745.58,M,1,0.00960579,0.221377,38.8577,3.19916,F
138,1,HappyBirthday,572,23725.5,M,1,0.00889388,0.0628722,207.207,3.63079,F
138,1,HappyBirthday,909,10220.3,M,1,0.0056344,1.29619,13.5801,1.84365,F
138,1,HappyBirthday,943,2555.56,M,1,0.00594982,3.24837,41.5206,2.03457,F
139,1,HappyBirthday,654,3650.43,M,1,0.011258,0.232947,4.67164,3.53721,F
141,1,HappyBirthday,522,8395.85,F,1,0.0128773,0.343747,14.4979,4.10094,F
141,1,HappyBirthday,706,3650.88,M,1,0.00931694,0.205422,118.88,3.5915,F
141,1,HappyBirthday,994,17155.7,F,1,0.00804459,0.490285,6.06271,2.58685,F
142,1,HappyBirthday,147,2190.23,F,1,0.113625,0.0236371,170.283,51.8395,F
142,1,HappyBirthday,265,365.316,M,1,0.172944,0.0122206,16534.7,1255.86,F
142,1,HappyBirthday,590,20076,F,1,0.00385793,0.87857,11.7707,1.25164,F
142,1,HappyBirthday,598,365.694,F,1,0.220207,0.029111,27986.6,1446.89,F
143,1,HappyBirthday,85,6205.89,M,1,0.00437058,0.793865,188.935,1.75327,F
143,1,HappyBirthday,777,5840.46,M,1,0.00431647,1.86892,0.798479,1.34469,F
144,1,HappyBirthday,30,2555.4,F,1,0.00712933,0.432103,0.00834752,2.22312,F
144,1,HappyBirthday,71,2920.39,F,1,0.513752,0.0741888,87.8292,314.727,F
144,1,HappyBirthday,118,1825.39,M,1,0.000903662,3.17352,9.0168,0.285236,F
144,1,HappyBirthday,176,24455.1,F,1,0.101459,0.0803835,272.964,46.5297,F
144,1,HappyBirthday,249,4380.67,F,1,0.000263868,6.55828,14878,1.23055,F
144,1,HappyBirthday,643,365.224,F,1,0.359275,0.0255919,88.9533,157.045,F
144,1,HappyBirthday,799,21900.6,M,1,0.00668575,1.30328,0.021928,2.08513,F
145,1,HappyBirthday,337,3650.29,F,1,0.00755264,2.99252,0.0269785,2.35546,F
145,1,HappyBirthday,782,12410,M,1,0.00125298,0.576749,83.8449,0.506654,F
146,1,HappyBirthday,97,10220.8,M,1,0.00105802,3.00047,0.155181,0.329189,F
146,1,HappyBirthday,439,2190.32,M,1,0.0053286,0.209176,67.0028,2.20594,F
146,1,HappyBirthday,689,20805.3,F,1,0.00405216,3.96165,86.8363,1.44736,F
146,1,HappyBirthday,767,5475.99,F,1,0.0731118,0.00530974,6421.75,55.5064,F
146,1,HappyBirthday,857,13506,F,1,0.00221336,8.61349,132.563,1.07031,F
147,1,HappyBirthday,344,7665.35,M,1,0.00333442,0.60287,26.2975,1.13448,F
147,1,HappyBirthday,705,32850.8,F,1,0.0026306,1.32449,83.5373,1.08685,F
147,1,HappyBirthday,977,730.243,F,1,0.00176519,0.379617,7.84934,0.567486,F
148,1,HappyBirthday,228,365.5,M,1,0.00151912,0.179485,172.714,0.608431,F
148,1,HappyBirthday,236,1460.08,F,1,0.00224905,3.60324,0.60821,0.699685,F
148,1,HappyBirthday,966,4745.45,F,1,0.00612806,0.12279,252.844,2.55977,F
149,1,HappyBirthday,266,13505.8,F,1,0.00458021,2.0967,10.4968,1.48515,F
149,1,HappyBirthday,695,5110.37,F,1,0.000922282,0.402722,5013.71,0.333992,F
149,1,HappyBirthday,788,2190.3,F,1,0.000457355,0.540467,0.773749,0.142391,F
149,1,HappyBirthday,789,25185.5,M,1,0.00376055,0.455481,0.547008,1.17202,F
149,1,Births,1022,0,F,0,0,0.0916527,0,0,F
150,1,HappyBirthday,409,25550.2,F,1,0.00342746,19.6813,44.5557,1.26145,F
150,1,HappyBirthday,621,4015.3,F,1,0.00246547,0.218767,0.380953,0.768286,F
151,1,HappyBirthday,413,13505.7,F,1,0.000364272,0.57957,4.71307,0.115404,F
151,1,HappyBirthday,942,7665.24,F,1,0.000403141,0.724599,1.28618,0.125835,F
152,1,HappyBirthday,772,4745.29,F,1,0.344862,0.0116268,37744.9,872.668,F
153,1,HappyBirthday,34,20075.1,M,1,0.00331219,0.324468,20.1178,1.03465,F
153,1,HappyBirthday,123,2555.27,M,1,0.00135652,1.38692,0.0445596,0.421936,F
153,1,HappyBirthday,215,17520.9,F,1,0.000377264,0.305141,40.9304,0.139902,F
153,1,HappyBirthday,235,16060.8,F,1,0.00054494,7.71508,0.368918,0.169654,F
153,1,HappyBirthday,833,4380.44,M,1,0.00181494,2.04315,3.20935,0.567539,F
153,1,HappyBirthday,856,5475.53,F,1,0.00792925,1.15378,39.5073,2.90745,F
154,1,HappyBirthday,145,12410.7,F,1,0.000704902,3.38762,21.7334,0.228576,F
154,1,HappyBirthday,240,2190.94,F,1,0.000689212,0.753179,10.9693,0.217609,F
155,1,HappyBirthday,555,730.964,F,1,0.0360996,0.0448325,95.1459,12.9155,F
155,1,HappyBirthday,646,12410.5,M,1,0.00706391,5.29259,35.471,2.54264,F
156,1,HappyBirthday,117,8030.62,M,1,0.00480448,0.0944241,150.642,1.86454,F
156,1,HappyBirthday,668,1825.7,M,1,0.577696,0.39327,6502.38,365.366,F
157,1,HappyBirthday,415,32485.8,M,1,0.00187223,0.834593,2.57394,0.584742,F
157,1,HappyBirthday,538,8760.92,F,1,0.0013108,0.827609,15.8128,0.418597,F
158,1,HappyBirthday,393,3650.92,F,1,0.00256885,1.91621,66.735,0.86253,F
159,1,HappyBirthday,101,6205.51,M,1,0.00293641,0.307735,183.742,1.14474,F
159,1,HappyBirthday,136,14965.5,M,1,0.00299735,0.707246,70.8036,1.07214,F
160,1,HappyBirthday,494,8030.09,F,1,0.00461994,1.89712,14.5902,1.53079,F
161,1,HappyBirthday,108,12775.1,F,1,0.00379789,0.109953,58.815,1.51106,F
161,1,HappyBirthday,311,2555.64,F,1,0.539796,2.47279,1618.45,343.26,F
161,1,HappyBirthday,714,4380.07,F,1,0.00374376,0.049747,170.261,1.47159,F
161,1,HappyBirthday,896,12410.6,F,1,0.00017087,4.32488,0.651568,0.053159,F
162,1,HappyBirthday,88,2555.1,M,1,5.8144e-07,0.638484,45326.3,0.00539662,F
162,1,HappyBirthday,475,7665.49,M,1,0.000272094,0.457657,574.955,0.260099,F
163,1,HappyBirthday,31,6205.14,F,1,0.000670187,0.296735,23.9342,0.232997,F
163,1,HappyBirthday,364,7665.2,F,1,0.000763136,1.6605,13.0331,0.251227,F
163,1,HappyBirthday,478,1460.05,F,1,0,0.504625,12462.6,0,F
163,1,HappyBirthday,675,10950.9,M,1,0.00546377,7.92757,48.7166,2.01274,F
163,1,HappyBirthday,722,15695.2,M,1,0.00523001,0.738232,15308.1,5.08507,F
164,1,HappyBirthday,725,14235.5,M,1,0.00146674,0.0686243,0.0541294,0.456138,F
165,1,HappyBirthday,86,6205.97,F,1,0.000613484,11.7698,0.114107,0.190657,F
165,1,HappyBirthday,167,6570.1,F,1,0.00281712,1.13631,26.4339,0.939541,F
166,1,HappyBirthday,537,5475.67,F,1,0.113202,0.459312,3402.96,164.429,F
166,1,HappyBirthday,923,10220.6,F,1,0.00596428,0.130614,47.5791,2.21216,F
166,1,Births,1023,0,M,0,0,0.00348755,0,0,F
167,1,HappyBirthday,257,11680.3,M,1,0.00402809,4.63438,20.9222,1.38453,F
167,1,HappyBirthday,978,29200.8,F,1,0.000949802,0.532768,0.0981312,0.295257,F
167,1,HappyBirthday,989,12776,M,1,0.00158492,1.07766,60.5649,0.544357,F
168,1,HappyBirthday,858,2555.7,M,1,0.000774164,0.0725203,3.1225,0.243643,F
169,1,HappyBirthday,350,27740.5,F,1,0.000894971,2.66066,29.0467,0.318096,F
169,1,Births,1024,0,M,0,0,0.0136125,0,0,F
170,1,HappyBirthday,49,13505.4,M,1,0.323972,0.774075,13764.1,1717.6,F
170,1,HappyBirthday,253,11680.6,M,1,0.000566235,0.704148,4.15536,0.179669,F
170,1,HappyBirthday,889,2190.28,F,1,0.0020871,0.595019,45.4114,0.692722,F
170,1,HappyBirthday,957,5110.1,F,1,0.414272,2.86541,20431.2,575.849,F
171,1,HappyBirthday,8,33215.3,F,1,0.000246326,0.330868,36.3594,0.0807032,F
171,1,HappyBirthday,74,4745.87,M,1,0.00197703,0.791749,29.8565,0.646857,F
171,1,HappyBirthday,269,10950.4,M,1,0.00059784,0.262737,3.02732,0.186638,F
171,1,HappyBirthday,625,2555.84,M,1,0.000931037,3.11494,20.8931,0.310058,F
171,1,HappyBirthday,901,730.236,F,1,0.00382015,0.196293,21.0048,1.22279,F
172,1,HappyBirthday,931,1825.57,F,1,0.000791488,0.282709,102642,5.76795,F
172,1,HappyBirthday,935,12410.1,M,1,0.000129331,2.98584,5745.8,0.312987,F
173,1,HappyBirthday,72,7300.29,M,1,6.83132e-05,0.462889,38.529,0.0226358,F
173,1,HappyBirthday,324,4380.23,M,1,0.000185819,10.3783,43963.4,0.247954,F
173,1,HappyBirthday,420,1095.43,M,0,0,0.0501,0,0,F
173,1,HappyBirthday,447,5110.75,M,1,0.000801843,1.0217,18.379,0.257273,F
173,1,HappyBirthday,693,5840.74,F,1,0.106547,4.58987,8.00606,36.0717,F
174,1,HappyBirthday,380,15695.9,F,1,0.00229649,2.19233,34.293,0.749135,F
174,1,HappyBirthday,434,5475.99,F,1,0.00111108,0.431698,1.88969,0.348643,F
174,1,HappyBirthday,651,1460.8,F,1,0.213908,1.97936,19979.8,1291.24,F
174,1,HappyBirthday,752,3285.04,M,1,1.48376e-06,7.16496,90457.8,0.0204214,F
175,1,HappyBirthday,162,8760.77,F,1,9.59395e-05,4.19365,52.5505,0.0339686,F
175,1,HappyBirthday,190,8030.6,M,1,0.00473903,1.5397,8.53293,1.49929,F
175,1,HappyBirthday,255,365.447,M,1,0.00130706,0.0927932,20.1379,0.447875,F
175,1,HappyBirthday,352,19346,F,1,0.003347,0.130015,18.3037,1.06697,F
175,1,HappyBirthday,898,5110.23,F,1,0.000577139,4.52342,25.2826,0.201152,F
176,1,HappyBirthday,276,1825.23,M,1,0.00192819,0.877712,294.61,0.878617,F
176,1,HappyBirthday,468,13505.1,M,1,0.00141992,0.704885,12.2746,0.465247,F
176,1,HappyBirthday,469,1095.78,F,1,0.717934,0.428872,2048.76,1570.3,F
176,1,HappyBirthday,520,2920.59,F,1,0.00123804,0.495349,9.19001,0.399748,F
176,1,HappyBirthday,734,1460.02,F,1,0.0592509,0.316293,13.623,19.478,F
177,1,HappyBirthday,79,11680.7,M,1,0.000602494,0.681678,20.7746,0.19256,F
177,1,HappyBirthday,760,10950,M,1,0.00405506,0.435345,52.8774,1.397,F
178,1,HappyBirthday,376,19710.7,F,1,0.00388495,0.0606507,68.6364,1.53692,F
178,1,HappyBirthday,737,4015.83,F,1,0.000368098,0.123828,20.7883,0.123684,F
179,1,HappyBirthday,333,3285.62,M,1,0.0586725,2.00253,30654.7,201.806,F
179,1,HappyBirthday,407,2555.06,M,1,0.0046925,0.0737551,227.754,1.94546,F
179,1,Births,1025,0,M,0,0,0.321945,0,0,F
180,1,HappyBirthday,377,10950.8,M,1,0.00124894,3.53814,49.2872,0.422285,F
181,1,HappyBirthday,332,23360.9,F,1,0.000798758,0.274932,25.9118,0.259181,F
181,1,HappyBirthday,683,10585.9,F,1,0.000349905,1.28204,50.0604,0.117691,F
182,1,HappyBirthday,96,2920.9,M,1,0.277818,1.37295,14588.5,1462.34,F
182,1,HappyBirthday,503,11315.9,M,1,0.166686,1.33723,97924,1140.64,F
182,1,HappyBirthday,936,12775.7,M,1,0.000145214,0.791275,7.18898,0.0461192,F
182,1,HappyBirthday,959,730.562,F,1,0.383579,0.0478552,190.287,222.557,F
183,1,HappyBirthday,46,24455.9,M,1,1.02077e-05,0.114623,0.303229,0.0031818,F
183,1,HappyBirthday,208,2920.03,M,1,0.000656137,0.604488,48023.7,0.900075,F
183,1,HappyBirthday,701,2190.39,F,1,2.87486e-05,0.177815,143.075,0.010766,F
183,1,HappyBirthday,791,31755.8,F,1,0.00649348,0.26225,18.4655,2.08533,F
184,1,HappyBirthday,174,21171,F,1,5.91353e-05,0.494295,44.0699,0.0206466,F
184,1,HappyBirthday,730,9125.28,F,1,0.000805826,0.504143,33335.3,1.01495,F
184,1,HappyBirthday,785,2920.48,M,1,0.100684,1.08189,97278.3,1228.22,F
184,1,HappyBirthday,829,23360,M,1,0.000666124,7.41718,30.4937,0.222106,F
185,1,HappyBirthday,39,2555.99,M,1,0.0386599,0.138045,171.748,12.3761,F
185,1,HappyBirthday,41,365.088,F,1,0.2537,0.384719,14411.4,934.386,F
185,1,HappyBirthday,449,9855.03,F,1,0.00307784,7.30174,6.71936,0.971374,F
185,1,HappyBirthday,490,9490.97,M,1,0.00246881,4.98162,20.1757,0.846296,F
185,1,HappyBirthday,594,12776,M,1,0.000657568,12.1877,0.0981822,0.204581,F
185,1,HappyBirthday,736,9125.05,F,1,0.000259797,0.407036,19.1609,0.088336,F
186,1,HappyBirthday,139,9125.23,M,1,0.00222651,0.465367,76.7119,0.950616,F
186,1,HappyBirthday,271,27010.4,M,1,0.00125496,0.077087,0.749902,0.390445,F
186,1,HappyBirthday,893,13870.1,M,1,0.0002646,0.0398315,4.10025,0.0839716,F
187,1,HappyBirthday,35,15330.7,F,1,0.00129078,1.3498,53.1283,0.43709,F
187,1,HappyBirthday,926,5840.14,F,1,0.00424782,0.447876,11.1031,1.35737,F
188,1,HappyBirthday,142,4015.26,F,1,0.812805,2.78082,688.38,532.499,F
188,1,HappyBirthday,182,12045.1,F,1,0.186112,0.837386,104475,1357.43,F
188,1,HappyBirthday,194,4745.29,F,1,0.000556741,9.70122,20.8571,0.18625,F
188,1,HappyBirthday,341,25185.5,M,1,0.00160069,0.381723,0.901995,0.498517,F
188,1,HappyBirthday,567,12045.7,M,1,4.54518e-05,0.615208,138275,0.426925,F
188,1,HappyBirthday,873,21535.2,M,1,0.00136109,4.48123,2.93333,0.425546,F
189,1,HappyBirthday,451,26280.3,F,1,4.29494e-05,12.0088,4597.88,0.189996,F
189,1,HappyBirthday,511,7300.4,M,1,0.00151077,0.155883,77.6074,0.519282,F
189,1,HappyBirthday,534,16425.4,F,1,0.000313653,0.453728,1.19951,0.0981036,F
189,1,HappyBirthday,677,1460.03,M,1,0.000887629,0.0358383,64.5742,0.321711,F
190,1,HappyBirthday,65,6935.1,F,1,0.615089,2.66056,2019.05,741.985,F
190,1,HappyBirthday,66,365.752,M,1,0.215888,0.0946437,56.8454,82.0023,F
191,1,HappyBirthday,517,12410.8,F,1,0.00202169,2.33107,9.20727,0.654754,F
191,1,HappyBirthday,524,1460.09,M,1,0.00167148,0.0685782,38.2843,0.540851,F
191,1,HappyBirthday,666,730.82,F,1,0.00138509,0.0946904,30.023,0.452751,F
191,1,HappyBirthday,703,4015.76,F,1,0.00180806,0.227597,22.5987,0.622141,F
191,1,HappyBirthday,783,31390.1,F,1,6.05704e-05,1.10256,42.6911,0.020028,F
191,1,HappyBirthday,905,13140.8,M,1,0.00179982,2.48079,22.1506,0.589362,F
192,1,HappyBirthday,17,1460.94,M,1,0.0191921,0.202486,43231.7,81.1643,F
193,1,HappyBirthday,821,18980.9,F,1,0.00131828,2.62627,1.0417,0.41066,F
194,1,HappyBirthday,532,8030.39,M,1,0.00228189,0.358824,2.19534,0.71188,F
194,1,HappyBirthday,790,18250.8,F,1,0.56858,0.376258,14166.9,720.338,F
194,1,Births,1026,0,F,0,0,1.30201,0,0,F
195,1,HappyBirthday,304,1460.03,F,1,0.466955,3.23734,5810.46,312.695,F
195,1,HappyBirthday,817,11315.6,M,1,0.00335755,0.561276,11.8712,1.05588,F
196,1,HappyBirthday,940,19345.5,M,1,0.621854,4.56903,853.018,316.623,F
197,1,HappyBirthday,200,365.678,M,1,0.480344,0.372614,3382.76,273.662,F
197,1,HappyBirthday,363,31755.1,M,1,0.601571,4.04582,1443.46,313.94,F
197,1,HappyBirthday,884,13871,M,1,0.00497947,2.42282,132.541,1.67462,F
198,1,HappyBirthday,504,9490.91,F,1,0.000165125,0.299399,2675.71,0.191608,F
199,1,HappyBirthday,581,8760.54,F,1,0.683475,1.9329,4.50396,358.313,F
200,1,Births,1027,0,F,0,0,0.189317,0,0,F
201,1,HappyBirthday,61,7665.68,M,1,0.00220188,0.611052,5.29824,0.703265,F
201,1,HappyBirthday,81,15695.5,M,1,0.868586,0.43479,1.4611,631.902,F
201,1,HappyBirthday,459,2555.95,F,1,0.496818,0.136094,35923.4,1867.24,F
201,1,HappyBirthday,614,9490.31,F,1,0.000475092,4.88314,0,0.147827,F
201,1,HappyBirthday,820,8030.33,M,1,0.676219,0.863655,1324.9,426.209,F
202,1,HappyBirthday,143,4380.76,F,1,0.0411795,7.1984,51225.7,198.738,F
202,1,HappyBirthday,937,6205.81,M,1,0.000715128,3.87874,34.2894,0.234324,F
203,1,HappyBirthday,398,10220.8,M,1,0.946538,1.70735,80.4732,920.021,F
203,1,HappyBirthday,669,3285.55,M,1,0.00345235,1.83008,52.5291,1.31546,F
204,1,HappyBirthday,32,730.72,F,1,0.521295,0.0986864,4977.89,790.733,F
204,1,HappyBirthday,301,1460.19,M,1,0.47645,2.94246,4025.9,1161.78,F
204,1,HappyBirthday,316,2555.11,F,1,0.951776,2.35859,15.509,949.743,F
204,1,HappyBirthday,531,8760.72,M,1,0.000739153,0.161324,17.2568,0.247241,F
204,1,HappyBirthday,542,15330.7,M,1,0.00119004,0.812329,42.0546,0.39381,F
204,1,HappyBirthday,588,2920.94,M,1,0.398063,0.148911,22759.6,908.31,F
204,1,HappyBirthday,812,34675.1,F,1,0.530487,4.90659,151.576,279.522,F
205,1,HappyBirthday,115,365.775,F,1,0.214645,0.14361,242.191,99.6936,F
205,1,HappyBirthday,308,1095.27,M,1,0.494712,0.264014,3935.78,363.724,F
206,1,HappyBirthday,87,5475.79,M,1,0.000649525,0.144801,0.0134229,0.201908,F
206,1,HappyBirthday,161,4380.12,F,1,0.292807,0.274556,73.6516,108.279,F
206,1,HappyBirthday,221,16425.1,M,1,2.52945e-05,0.433033,26157.1,0.321854,F
206,1,HappyBirthday,367,5475.8,F,1,0.0001545,3.41654,1969.45,0.360649,F
206,1,HappyBirthday,644,9490.2,F,1,0.000182713,0.277772,1.39257,0.0569996,F
207,1,HappyBirthday,895,7665.58,F,1,0.000682805,0.339559,174.864,0.277064,F
207,1,HappyBirthday,974,5110.61,F,1,0.00302809,0.198236,23.6398,0.989045,F
207,1,Births,1028,0,F,0,0,0.830725,0,0,F
207,1,Births,1029,0,F,0,0,0.184246,0,0,F
208,1,HappyBirthday,761,7665.74,M,1,6.14853e-05,1.94016,14426.4,0.596459,F
209,1,HappyBirthday,287,6935.89,F,1,0.00212886,2.27077,2.49686,0.66387,F
209,1,HappyBirthday,633,9125.36,M,1,0.0226558,11.0677,101736,329.128,F
209,1,Births,1030,0,F,0,0,0.0488338,0,0,F
210,1,HappyBirthday,612,6205.29,M,1,0.000971737,0.283454,0.0112966,0.302272,F
211,1,HappyBirthday,875,7665.55,F,1,0.297105,20.1623,31.9435,115.583,F
211,1,HappyBirthday,954,4745.39,M,1,4.60138e-05,1.77732,16.2081,0.0153938,F
212,1,HappyBirthday,314,20805.6,F,1,0.00184478,0.366133,14.8888,0.613962,F
213,1,HappyBirthday,306,730.966,M,1,0.477275,0.216743,5495.66,269.81,F
214,1,HappyBirthday,422,12410.1,M,1,0.000409079,0.274075,0.0320584,0.127217,F
214,1,HappyBirthday,793,6570.17,F,1,0.00227893,1.17949,44.6637,0.756166,F
215,1,HappyBirthday,22,8395.08,M,1,1.44533e-05,0.900144,4.38785,0.0045842,F
216,1,HappyBirthday,189,6205.98,M,1,0.133962,0.367098,5.14458,45.0837,F
216,1,HappyBirthday,197,8395.53,M,1,0.00188453,1.83074,25776.6,2.17264,F
216,1,HappyBirthday,222,9490.22,M,1,0.451275,0.651067,371.057,209.712,F
216,1,HappyBirthday,342,730.125,F,1,0.0758577,0.210177,26568.9,234.557,F
217,1,HappyBirthday,156,2190.59,F,1,1.53673e-05,0.0606366,16013.6,0.153875,F
217,1,HappyBirthday,894,1825.74,M,1,0.0894441,0.684623,24795.7,930.42,F
218,1,HappyBirthday,929,33215.8,M,1,0.000148507,0.249635,9430.62,0.508464,F
218,1,Births,1031,0,M,0,0,0.0342223,0,0,F
219,1,HappyBirthday,94,2190.6,M,1,0.00110131,0.667158,14294.9,10.6258,F
219,1,HappyBirthday,237,1460.12,M,0,0,0.00296099,0,0,F
219,1,HappyBirthday,305,11680.9,M,1,0.152848,4.86805,45.9721,56.9769,F
219,1,HappyBirthday,631,12045.4,F,1,0.00123413,8.6446,18.3919,0.403138,F
219,1,HappyBirthday,747,4015.18,M,1,0.00018211,0.643862,43459.4,0.243207,F
219,1,HappyBirthday,911,2190.38,F,1,0.00133867,0.0697139,0.686944,0.416729,F
220,1,HappyBirthday,584,6205.22,M,1,0.200732,17.3686,41018.7,1885.2,F
220,1,HappyBirthday,748,7665.55,F,1,0.48715,4.24522,2530.76,347.499,F
221,1,HappyBirthday,95,730.245,F,1,0.773451,0.25544,293.206,522.741,F
221,1,HappyBirthday,403,365.873,F,1,0.0201495,0.0312381,124705,299.943,F
221,1,HappyBirthday,776,1460.6,F,1,0.0789193,0.0839786,5874.42,27.231,F
221,1,HappyBirthday,843,10585.5,M,1,0.00177686,0.849972,0.0408484,0.552766,F
222,1,HappyBirthday,251,15695.5,M,1,0.000802371,0.218332,3.98326,0.250965,F
222,1,HappyBirthday,955,12410.7,M,1,0.00329678,0.198901,65069.2,18.1666,F
223,1,HappyBirthday,76,20440,M,1,0.00109157,0.320753,0.331922,0.339776,F
223,1,HappyBirthday,618,6205.68,M,1,0.000584779,0.0785815,548.986,0.325213,F
224,1,HappyBirthday,258,21900.9,M,1,0.0134046,2.19336,17.1319,4.55669,F
225,1,HappyBirthday,721,18980.5,M,1,0.0149672,4.51434,121938,121.41,F
225,1,HappyBirthday,920,1095.1,M,1,9.48642e-05,1.3877,221403,0.999638,F
226,1,HappyBirthday,338,2555.9,M,1,0.0144863,0.509871,29.6539,5.17855,F
226,1,HappyBirthday,814,25915.1,M,1,0.0114656,1.22348,271.791,5.08597,F
226,1,Births,1032,0,F,0,0,0.0477002,0,0,F
227,1,HappyBirthday,369,6935.12,F,1,0.000977244,11.0135,41673.4,1.27566,F
227,1,HappyBirthday,608,35770.2,M,1,0.000954645,0.707704,3.12478,0.300357,F
227,1,HappyBirthday,881,2920.01,M,1,0.000182698,44.5969,4.99287,0.05715,F
228,1,HappyBirthday,484,13870.4,F,1,0.0203774,0.661385,10018.1,17.5337,F
228,1,HappyBirthday,557,730.242,M,1,0.223244,0.230447,323.925,113.348,F
228,1,Births,1033,0,M,0,0,0.0752097,0,0,F
230,1,HappyBirthday,75,6935.32,F,1,2.63205e-05,0.348415,213991,0.271186,F
230,1,HappyBirthday,454,17520.1,F,1,0.00379235,1.34318,19901.8,4.11857,F
230,1,HappyBirthday,810,9855.24,M,1,0.480836,2.60753,1862.5,437.821,F
230,1,HappyBirthday,850,2920.21,F,1,7.0143e-05,1.08789,32588.4,0.564855,F
230,1,HappyBirthday,986,2555.5,M,1,0.115434,0.0569513,80744.9,778.187,F
231,1,HappyBirthday,408,4745.22,M,1,0.61234,6.02112,1196.85,300.573,F
232,1,HappyBirthday,57,12045.1,F,1,3.0935e-05,0.329428,223209,0.327604,F
232,1,HappyBirthday,462,12775.2,M,1,0.00122179,2.70785,44800.7,16.0496,F
232,1,HappyBirthday,918,20805.2,M,1,0.000225905,0.0261317,19.4807,0.0729212,F
233,1,HappyBirthday,10,6205.79,F,1,0.652367,1.43301,3100.13,1172.43,F
233,1,HappyBirthday,212,7300.82,M,1,0.00175118,0.378785,9.68765,0.571142,F
234,1,HappyBirthday,453,6570.8,M,1,0.00108191,2.82886,29613,1.30979,F
234,1,HappyBirthday,589,3650.53,F,1,0.559049,0.649904,345.083,297.033,F
235,1,HappyBirthday,126,4015.74,M,1,0.876288,0.101948,5.32635,649.636,F
235,1,HappyBirthday,378,12775.8,F,1,0.000159185,5.05049,4533.56,0.695693,F
235,1,HappyBirthday,496,4015.51,M,1,0.420842,3.28579,11343.4,1169.55,F
235,1,HappyBirthday,636,9855.34,M,1,0.526576,6.70522,4934.98,875.404,F
236,1,HappyBirthday,667,4380.82,M,1,0.292052,2.45702,18501.5,1804.1,F
236,1,HappyBirthday,696,6570.19,M,1,0.337554,9.94311,13421.5,570.809,F
236,1,HappyBirthday,897,3650.57,M,1,0.655647,0.246702,84.1974,376.006,F
237,1,HappyBirthday,665,3650.09,F,1,0.678128,0.236823,3185.88,465.575,F
237,1,HappyBirthday,688,3285.54,M,1,0.293635,0.582694,5.96158,109.562,F
237,1,HappyBirthday,798,4015.06,M,1,0.383681,0.928183,406.044,262.166,F
238,1,HappyBirthday,73,1460,F,1,0.671244,0.0726988,177.058,347.788,F
238,1,HappyBirthday,170,11680.7,M,1,0.000223117,3.55199,0.699735,0.0697108,F
238,1,HappyBirthday,389,365.103,F,1,0.00730686,0.896308,50.5879,2.29876,F
238,1,HappyBirthday,616,1095.11,F,1,0.00443883,0.186626,31.3902,1.459,F
239,1,HappyBirthday,110,365.13,F,1,2.38716e-06,0.0097957,1.39391,0.000745379,F
239,1,HappyBirthday,385,5110.35,M,1,0.690031,2.12555,1529.3,423.793,F
240,1,HappyBirthday,501,15695.4,F,1,0.0168275,1.40974,107516,146.773,F
241,1,HappyBirthday,519,4380.7,F,1,0.272832,0.230392,43039.9,378.455,F
241,1,HappyBirthday,700,15696,F,1,0.000779736,3.09585,39.9152,0.256203,F
241,1,HappyBirthday,927,16425.7,M,1,0.676603,1.14774,663.125,866.083,F
242,1,HappyBirthday,83,730.193,F,1,0.454859,0.0452726,272.863,225.072,F
242,1,HappyBirthday,310,5475.84,F,1,0.534069,0.230503,17373.9,1730.61,F
242,1,HappyBirthday,379,11680.8,F,1,0.481231,0.439159,42798,806.906,F
242,1,Births,1034,0,M,0,0,0.036851,0,0,F
243,1,HappyBirthday,25,365.063,M,1,0.517295,0.0706964,30.1034,247.601,F
243,1,HappyBirthday,991,14965.8,M,1,0.000352789,1.761,0.0420014,0.109743,F
244,1,HappyBirthday,883,6935.63,F,1,0.000232595,0.191668,45547.1,0.305603,F
245,1,HappyBirthday,396,3650.19,F,1,0.0277266,0.382204,36162.5,103.152,F
246,1,HappyBirthday,196,4015.87,M,1,0.483156,4.67874,16751,580.074,F
246,1,HappyBirthday,471,6570.43,M,1,0.0601218,0.575818,30.4818,22.148,F
248,1,HappyBirthday,226,14235.5,F,1,0.000560511,9.50012,47207.8,0.756949,F
248,1,HappyBirthday,292,5475.88,F,1,0.46284,0.153377,135.81,279.922,F
248,1,HappyBirthday,323,2190.32,M,1,0.443076,0.356465,20093.7,844.804,F
248,1,HappyBirthday,460,14965.5,M,1,0.7414,1.05312,2955.59,490.337,F
248,1,HappyBirthday,801,7665.44,F,1,0.487663,1.75938,8453.36,615.078,F
249,1,HappyBirthday,9,4745.23,M,1,2.33224e-06,1.12955,16318.9,0.0243876,F
249,1,HappyBirthday,160,5110.22,M,1,0.00254183,1.99366,0.000866141,0.790872,F
249,1,HappyBirthday,294,1460.07,M,1,0.224401,0.167276,17697,526.727,F
249,1,HappyBirthday,637,4380.71,M,1,0.437032,0.278214,23428.5,1306.57,F
249,1,HappyBirthday,657,16790.9,M,1,0.716966,1.46494,54.8695,416.159,F
250,1,HappyBirthday,544,365.893,F,1,0.222421,0.00475873,53050.9,1118.08,F
250,1,HappyBirthday,545,27010.3,F,1,0.466311,14.9602,17761.4,1163.53,F
251,1,HappyBirthday,26,1825.08,F,1,0.114211,2.72329,268.749,53.9121,F
251,1,HappyBirthday,512,6570.03,F,1,0.000308886,0.264234,137727,2.64142,F
251,1,HappyBirthday,536,17885.3,F,1,0.563368,0.0302773,415.926,267.786,F
251,1,HappyBirthday,568,1095.04,M,1,0.674065,0.0530717,2224.24,1348.63,F
251,1,HappyBirthday,969,7665.66,M,1,0.461695,2.34929,18709.7,881.257,F
252,1,HappyBirthday,5,24090.6,M,1,0.83699,0.1294,440.668,573.128,F
252,1,HappyBirthday,458,365.13,F,1,0.00088133,0.296625,6472.45,2.22963,F
252,1,HappyBirthday,489,15695.8,F,1,0.912266,0.38492,45.1397,780.692,F
252,1,HappyBirthday,565,6570.1,F,1,0.406498,2.4703,295.693,270.605,F
252,1,HappyBirthday,1001,365.391,M,1,0.415194,0.020764,1458.77,890.964,F
253,1,HappyBirthday,277,17155.8,F,1,0.144233,6.42562,16773.2,1309.69,F
253,1,HappyBirthday,577,6205.56,M,1,0.532189,5.18146,2016.95,268.671,F
254,1,HappyBirthday,428,365.445,M,1,0.115674,1.20696,3829,274.688,F
254,1,HappyBirthday,768,14965.1,F,1,0.000624242,2.93694,0.350131,0.1943,F
256,1,HappyBirthday,416,9855.39,F,1,0.672336,0.809658,41.6425,373.627,F
256,1,HappyBirthday,877,13870.1,M,1,0.000788362,0.19862,2.74504,0.245055,F
257,1,HappyBirthday,724,2190.92,M,1,0.00610387,0.590502,133.633,2.71263,F
258,1,HappyBirthday,56,14235.1,F,1,0.451693,0.38022,313.803,285.196,F
258,1,HappyBirthday,679,8030.92,F,1,0.216081,43.0128,4250.84,152.963,F
260,1,HappyBirthday,548,4380.57,F,1,4.88642e-05,0.0106511,0.252285,0.0151653,F
260,1,HappyBirthday,932,31025.9,F,1,0.00597795,1.66907,113.09,2.17841,F
261,1,HappyBirthday,99,1095.81,F,1,0.0102675,1.63732,5.34656,3.22101,F
261,1,HappyBirthday,562,1095.61,F,1,0.0515732,1.86766,20.6546,17.1966,F
261,1,HappyBirthday,694,11680.9,M,1,0.304802,1.13515,129.072,137.741,F
261,1,HappyBirthday,743,2920.29,F,1,0.589909,0.439017,835.143,1280,F
261,1,HappyBirthday,839,7665.57,M,1,0.000456622,7.61826,16.2265,0.144102,F
262,1,HappyBirthday,595,27740.3,F,1,0.00221657,9.00166,48.7429,0.740249,F
263,1,HappyBirthday,480,9125.15,M,1,0.453275,0.0629803,19475.6,567.263,F
263,1,HappyBirthday,498,2555.2,M,1,0.23537,0.112381,69.4379,111.259,F
263,1,HappyBirthday,775,21900.4,M,1,0.305811,0.374464,7625.5,1846.66,F
263,1,Births,1035,0,F,0,0,0.122008,0,0,F
263,1,Births,1036,0,F,0,0,0.0120541,0,0,F
264,1,HappyBirthday,4,17520.5,M,1,0.742787,0.108111,1476.07,713.053,F
264,1,HappyBirthday,375,2920.33,F,1,0.699775,0.153727,31.3283,428.192,F
264,1,HappyBirthday,485,9125.14,M,1,0.749764,15.051,6401.3,657.723,F
265,1,HappyBirthday,24,18615.1,M,1,0.304773,0.277589,4.00577,115.017,F
265,1,HappyBirthday,90,30295.4,F,1,0.33982,0.637908,729.413,148.753,F
265,1,HappyBirthday,744,9490.96,F,1,0.0371228,0.152906,7.79659,11.926,F
265,1,HappyBirthday,764,1460.09,M,1,0.00568343,0.420746,18.0894,1.91065,F
266,1,HappyBirthday,38,730.396,F,1,0.543936,0.0210853,4738.47,407.571,F
266,1,HappyBirthday,59,2555.86,F,1,0.0758307,0.106513,238.376,39.2187,F
266,1,HappyBirthday,242,25185.9,F,1,0.275405,26.1755,538.568,115.605,F
266,1,HappyBirthday,280,4745.52,F,1,0.00460194,0.162339,0.00371244,1.43353,F
267,1,HappyBirthday,89,5110.72,M,1,0.518071,0.45656,1925.83,440.476,F
267,1,HappyBirthday,336,2190.85,M,1,0.296591,1.31541,7329.33,501.094,F
267,1,HappyBirthday,425,365.168,M,1,0.000371387,0.0903772,103462,5.53577,F
267,1,HappyBirthday,477,9490.16,F,1,0.0332153,0.610724,7521.42,136.638,F
267,1,HappyBirthday,717,27010.3,M,1,0.00283506,0.334372,33.1996,1.00142,F
267,1,HappyBirthday,917,13140.7,F,1,0.000830321,1.24006,56.0182,0.329715,F
268,1,HappyBirthday,707,6935.45,M,1,0.111377,8.72818,3353.56,233.157,F
268,1,HappyBirthday,950,15330.3,M,1,0.147,2.04655,113.651,59.4674,F
269,1,HappyBirthday,216,13140.4,M,1,0.00121355,3.93602,59.9623,0.475696,F
269,1,HappyBirthday,533,2190.37,F,1,0.0105686,0.20348,51923.9,50.7473,F
269,1,HappyBirthday,800,1095.31,F,1,0.00555868,0.126179,177.371,2.18241,F
270,1,HappyBirthday,210,3285.01,M,1,0.179123,0.766877,3463.41,669.131,F
270,1,Births,1037,0,M,0,0,0.0144295,0,0,F
272,1,HappyBirthday,256,11315.9,F,1,0.049937,59.201,23.6324,16.9483,F
272,1,HappyBirthday,670,12775.3,M,1,0.224489,0.761304,97.0981,92.496,F
273,1,HappyBirthday,508,6935.31,F,1,0.926783,0.37032,12.1713,827.155,F
273,1,HappyBirthday,587,2190.1,F,1,0.00310437,13.8145,199.471,1.24833,F
273,1,HappyBirthday,985,3650.03,M,1,0.0045735,0.0757882,456.651,3.38259,F
274,1,HappyBirthday,169,8030.08,M,1,0.149176,0.813052,32875,661.487,F
274,1,HappyBirthday,179,5840.09,M,1,0.00259058,0.223441,310.011,1.30097,F
274,1,HappyBirthday,288,1825.8,M,1,0.00331243,0.5547,75.4249,1.37505,F
274,1,HappyBirthday,383,3650.21,M,1,0.00396006,0.33289,82.3358,1.35701,F
274,1,HappyBirthday,427,2920.15,F,1,0.869589,0.0113223,58.0826,670.178,F
274,1,HappyBirthday,571,9855.63,F,1,0.0570012,30.3973,196.589,20.2063,F
274,1,HappyBirthday,827,5110.95,F,1,0.00127382,0.679429,35057.5,1.6242,F
275,1,HappyBirthday,168,10586,F,1,0.000147228,1.3447,320.135,0.0994546,F
275,1,HappyBirthday,252,2190.19,F,1,0.0646678,0.087882,199.623,23.9555,F
275,1,HappyBirthday,300,730.324,M,1,0.0052814,0.196098,197.621,2.29012,F
275,1,HappyBirthday,404,18615.5,M,1,0.0122912,3.64032,26.5037,3.8505,F
275,1,HappyBirthday,615,3285.38,M,1,0.00122052,0.598835,85242.4,12.3519,F
275,1,HappyBirthday,630,21900.3,M,1,0.657409,9.19497,295.745,338.531,F
275,1,HappyBirthday,739,22265.9,F,1,0.142254,0.408574,185.186,72.2243,F
275,1,HappyBirthday,853,10585.3,F,1,0.15624,0.262327,12.1729,53.8822,F
276,1,HappyBirthday,207,34310.4,F,1,0.00260264,5.08322,26.2547,0.880808,F
276,1,HappyBirthday,382,4380.96,M,1,0.0173489,0.873682,42176.9,23.268,F
277,1,HappyBirthday,18,12045.7,M,1,0.0118814,3.10018,67.1299,4.60162,F
277,1,HappyBirthday,904,10220.6,F,1,0.00578853,11.8125,47.3148,1.90046,F
278,1,HappyBirthday,55,6205.8,M,1,0.0211053,0.0389325,164.631,8.26503,F
278,1,HappyBirthday,320,13870.7,M,1,0.00653125,14.9374,109.06,2.40005,F
278,1,HappyBirthday,392,18250.1,F,1,0.0404256,3.54756,73.6242,15.5299,F
278,1,HappyBirthday,528,2920.58,M,1,0.00809197,0.250596,116.462,3.11569,F
278,1,HappyBirthday,742,3650.81,F,1,0.0315641,0.30383,64.602,12.5872,F
279,1,HappyBirthday,131,9490.97,F,1,0.0902592,8.9945,98.9018,33.8233,F
279,1,Births,1038,0,M,0,0,0.119525,0,0,F
280,1,HappyBirthday,98,12410.3,M,1,0.53719,0.501239,4006.73,392.152,F
280,1,HappyBirthday,227,33580.4,M,1,0.747307,0.189231,292.073,622.836,F
281,1,HappyBirthday,658,5110.52,F,1,0.024914,0.1374,117.268,9.06834,F
281,1,HappyBirthday,787,7665.93,F,1,0.0481849,0.979733,36.7142,16.3166,F
283,1,HappyBirthday,452,12775.4,F,1,0.1686,2.10283,87744.1,1046.46,F
283,1,HappyBirthday,815,19345,F,1,0.176258,0.429522,1061.87,281.871,F
284,1,HappyBirthday,412,4015.56,M,1,0.527318,0.771537,21412.7,754.557,F
285,1,HappyBirthday,497,7300.83,F,1,0.175313,3.37762,70873.7,1007.32,F
286,1,HappyBirthday,672,8030.49,M,1,0.916379,0.296011,29.7032,803.275,F
286,1,HappyBirthday,861,5475.07,F,1,0.581145,3.05072,10471.8,373.121,F
286,1,HappyBirthday,900,730.541,F,1,0.0069772,0.132297,20.2944,2.24423,F
287,1,HappyBirthday,410,17155.9,M,1,7.06708e-05,14.1701,111241,1.10424,F
288,1,HappyBirthday,473,3285.33,M,1,0.767931,0.134689,367.695,482.01,F
288,1,HappyBirthday,622,2920.69,F,1,0.829826,0.662973,134.273,595.594,F
288,1,HappyBirthday,642,11315.7,M,1,0.261243,0.0174207,5163.74,1366.88,F
288,1,HappyBirthday,830,3650.28,M,1,0.0519414,0.375492,45.8755,20.1076,F
289,1,HappyBirthday,64,4380.04,M,1,0.00127106,0.197707,96995,8.95964,F
289,1,HappyBirthday,373,4015.93,M,1,0.00465117,0.217505,65.8789,1.86917,F
289,1,HappyBirthday,527,14600.1,F,1,1.78287e-05,0.31487,108537,0.270981,F
289,1,HappyBirthday,592,365.382,M,1,0.419856,4.2326,353.226,176.351,F
289,1,HappyBirthday,656,17885.5,M,1,0.184267,3.49205,378.322,100.462,F
289,1,HappyBirthday,713,2920.87,M,1,0.00203093,3.46085,37.1439,0.708363,F
289,1,HappyBirthday,886,6205.81,M,1,0.000833111,0.279819,0.0217076,0.259099,F
289,1,HappyBirthday,939,9855.93,M,1,8.31726e-05,0.539158,5183.81,0.39416,F
290,1,HappyBirthday,593,1825.65,M,1,0.732374,1.6027,31.5366,436.874,F
290,1,HappyBirthday,597,3285.48,F,1,0.000338273,0.0734838,17231,3.61367,F
291,1,HappyBirthday,1000,16425.5,M,1,0.319136,0.140238,2794.71,119.884,F
291,1,HappyBirthday,260,6570.71,F,1,0.00526851,0.780793,26.6124,1.83108,F
291,1,HappyBirthday,956,21900.4,F,1,0.000781024,3.27717,62.2738,0.286154,F
292,1,HappyBirthday,122,3650.99,M,1,0.429571,0.625223,980.506,584.706,F
292,1,HappyBirthday,349,9125.57,M,1,0.0227506,2.13992,129.973,8.67224,F
292,1,HappyBirthday,479,1095.73,F,1,0.0226314,0.0725933,242.71,9.87745,F
292,1,HappyBirthday,649,10585.9,M,1,0.341593,1.266,24973.1,1233.53,F
292,1,HappyBirthday,755,6570.2,M,1,0.000652257,2.35417,0.707292,0.203432,F
292,1,HappyBirthday,828,9855.46,F,1,0.00364671,0.48286,6.32969,1.15933,F
292,1,HappyBirthday,866,6935.69,F,1,0.0396988,6.62027,13.7278,13.1268,F
293,1,HappyBirthday,92,33945.6,M,1,0.22407,1.10457,52515.8,1109.84,F
293,1,HappyBirthday,93,10585.6,F,1,0.869373,1.40693,22.2688,641.66,F
293,1,HappyBirthday,234,7665.75,F,1,0.0209488,0.735911,798.091,25.2943,F
293,1,HappyBirthday,731,8395.78,M,1,0.192925,0.0534609,19418,1146.14,F
293,1,HappyBirthday,763,8760.45,M,1,0.439051,0.368513,1416.12,524.149,F
294,1,HappyBirthday,312,1095.1,M,1,0.799867,6.33357,6.81036,516.475,F
294,1,HappyBirthday,411,8030.1,M,1,0.546519,2.19823,5202.4,775.05,F
294,1,HappyBirthday,629,4380.06,M,1,0.00228323,0.0512749,45.8607,0.787042,F
294,1,HappyBirthday,960,12410.6,M,1,0.0745273,0.229309,38.9667,25.9223,F
294,1,HappyBirthday,973,2190.13,M,1,0.00271491,0.11297,83.8791,0.951634,F
295,1,HappyBirthday,466,13505.5,M,1,0.00570962,0.0549034,11.6413,1.80641,F
295,1,HappyBirthday,558,2920.19,M,1,2.32795e-05,0.0519414,25752.4,0.155734,F
295,1,HappyBirthday,729,2920.96,M,1,0.024818,0.300372,1517.74,22.7931,F
295,1,HappyBirthday,745,1460.36,F,1,0.378529,3.91858,15.9641,154.854,F
295,1,HappyBirthday,983,2555.37,F,1,0.121866,0.192144,69.4851,44.8147,F
296,1,HappyBirthday,68,6935.53,M,1,0.0148583,0.273156,11.144,4.9138,F
296,1,HappyBirthday,461,9125.84,M,1,0.00202399,2.84286,34.7597,0.736942,F
296,1,HappyBirthday,704,1460.54,M,1,0.0389807,0.0568318,114598,311.477,F
296,1,HappyBirthday,735,25550.5,M,1,0.677991,3.8258,163.109,431.748,F
296,1,Births,1039,0,M,0,0,0.133768,0,0,F
297,1,HappyBirthday,113,23725.6,M,1,0.0154761,1.39269,186678,153.455,F
298,1,HappyBirthday,109,13870.4,M,1,0.227808,0.455256,66596.2,1655.68,F
298,1,HappyBirthday,358,8760.48,F,1,0.381169,0.509192,20798.1,463.683,F
298,1,HappyBirthday,602,14600.2,M,1,0.293905,1.00621,28.6937,114.076,F
298,1,HappyBirthday,648,12775.6,F,1,6.19371e-05,1.36877,119270,0.686989,F
298,1,HappyBirthday,726,16425.7,M,1,0.6548,3.89289,12748.2,697.451,F
299,1,HappyBirthday,116,10585.5,M,1,0.822063,9.48396,4.57262,540.49,F
299,1,HappyBirthday,192,1460.13,F,1,0.0027047,1.89525,0.00870833,0.841656,F
299,1,HappyBirthday,949,4380.87,M,1,0.00775382,0.063654,62.1073,2.61667,F
300,1,HappyBirthday,286,5110.39,M,1,0.316044,2.69152,15402.7,1797.7,F
300,1,HappyBirthday,443,19710.9,F,1,0.162245,0.111718,1712.32,215.164,F
300,1,HappyBirthday,488,10585.2,F,1,0.779319,0.0243694,758.615,483.849,F
300,1,HappyBirthday,514,1825.69,M,1,0.000430967,1.54285,47.3228,0.143359,F
300,1,HappyBirthday,709,5475.15,F,1,0.00663567,5.14727,85.5724,2.3544,F
300,1,HappyBirthday,792,22265,F,1,0.569757,0.391959,884.716,642.171,F
300,1,HappyBirthday,831,9490.78,F,1,0.00450038,0.163141,18.4034,1.40462,F
301,1,HappyBirthday,202,5110.17,M,1,0.0870544,3.42168,6372.68,66.2827,F
301,1,HappyBirthday,515,1825.24,F,1,0.58676,1.00866,3405.91,438.818,F
301,1,HappyBirthday,951,10220.3,F,1,0.000441579,0.561338,2.50279,0.137484,F
301,1,HappyBirthday,958,4745.02,F,1,0.000671595,1.18945,333.323,0.462879,F
302,1,HappyBirthday,692,1095.47,M,1,0.173544,1.04005,44824.2,270.693,F
302,1,HappyBirthday,758,1095.9,F,1,0.00431697,0.0603645,0.000103835,1.34427,F
302,1,Births,1040,0,M,0,0,0.101431,0,0,F
303,1,HappyBirthday,244,9855.05,M,1,0.0755441,0.223228,98795.2,812.355,F
303,1,HappyBirthday,440,27740.7,M,1,0.0473317,1.51387,1183.36,68.418,F
303,1,HappyBirthday,638,8760.16,M,1,0.00448075,0.994261,1.06962,1.39838,F
303,1,HappyBirthday,650,34310.4,F,1,0.00683893,4.12596,0.262343,2.13393,F
303,1,HappyBirthday,795,3650.67,M,1,0.234579,1.36319,24497.4,1652.84,F
303,1,HappyBirthday,868,6205.95,F,1,0.363509,1.03006,523.354,150.866,F
304,1,HappyBirthday,229,10950.2,M,1,0.622185,3.40263,349.474,688.581,F
304,1,HappyBirthday,329,2920.66,M,1,0.000123951,1.28669,76063.4,1.55093,F
304,1,HappyBirthday,740,5840.9,M,1,0.145612,0.430671,36639.4,645.573,F
305,1,HappyBirthday,157,4015.51,F,1,0.00155752,1.86697,23138.9,1.74005,F
305,1,HappyBirthday,606,6935.5,F,1,0.0355648,2.65803,122.197,13.1429,F
306,1,HappyBirthday,278,9125.16,M,1,0.00358281,1.93302,49.2716,1.26659,F
306,1,HappyBirthday,837,14965.2,F,1,0.0636916,0.84104,32.5099,22.1499,F
306,1,HappyBirthday,933,15330.9,M,1,0.488272,0.11496,35035.9,1064.56,F
307,1,HappyBirthday,366,29200.5,M,1,0.0116374,2.86542,68.3805,4.56625,F
308,1,HappyBirthday,272,3285.69,F,1,0.152183,0.134636,14.704,54.8001,F
308,1,HappyBirthday,436,8760.2,F,1,0.00151163,0.190329,25778.6,1.75821,F
308,1,HappyBirthday,476,5110.44,M,1,0.00839477,3.12461,2.53827,2.64511,F
308,1,HappyBirthday,525,365.039,M,1,0.56351,0.00632045,1227.69,787.536,F
309,1,HappyBirthday,465,1095.49,M,1,0.117134,0.34306,23505,336.761,F
309,1,HappyBirthday,623,16425.6,F,1,0.16496,0.178417,87204.7,1063.73,F
309,1,HappyBirthday,847,1825.4,F,1,0.00119503,3.28238,41.7722,0.437126,F
310,1,HappyBirthday,54,20440.6,F,1,7.71032e-06,2.66067,7101.02,0.021629,F
310,1,HappyBirthday,578,3285.07,F,1,2.1772e-05,0.830069,216779,0.226963,F
310,1,HappyBirthday,756,12410.6,F,1,0.00667515,3.76273,5.76425,2.0852,F
310,1,HappyBirthday,922,7665,F,1,0.0345524,5.10253,158.627,13.7414,F
311,1,HappyBirthday,78,1095.57,M,1,0.369346,0.111528,13080.3,484.6,F
311,1,HappyBirthday,225,730.67,M,1,0.00348966,0.217825,56.8249,1.14959,F
311,1,HappyBirthday,354,8395.6,F,1,0.0335687,1.47516,55.447,11.861,F
311,1,HappyBirthday,671,10950.6,M,1,0.000256811,0.307343,25.3415,0.0859972,F
311,1,HappyBirthday,808,4015.88,M,1,0.0765388,0.715344,25342,227.487,F
311,1,Births,1041,0,M,0,0,0.087145,0,0,F
312,1,HappyBirthday,27,16790,M,1,0.160564,0.00563664,0.704563,54.5888,F
312,1,HappyBirthday,550,1460.44,M,1,0.125764,0.73308,96962.7,1433.95,F
312,1,HappyBirthday,596,34675.9,F,1,0.000781471,7.22449,2.86016,0.245839,F
312,1,HappyBirthday,617,4380.79,M,1,0.0189163,3.96114,98.4456,7.27861,F
312,1,Births,1042,0,F,0,0,0.0031226,0,0,F
313,1,HappyBirthday,140,6935.33,M,1,0.0114522,1.30733,48.8832,4.15688,F
313,1,HappyBirthday,180,2190.54,M,1,0.573134,0.0350758,1154.36,293.817,F
313,1,HappyBirthday,444,21900,M,1,0.00223155,3.15306,6.36201,0.711269,F
313,1,HappyBirthday,600,730.788,M,1,0.000113252,0.0489648,13725.6,1.06148,F
313,1,Births,1043,0,M,0,0,0.0659428,0,0,F
314,1,HappyBirthday,77,7300.16,F,1,0.00328055,1.03808,2.20319,1.02498,F
314,1,HappyBirthday,82,21170.1,M,1,0.555966,0.448348,2505.97,789.507,F
314,1,HappyBirthday,430,4745.63,F,1,0.00422519,0.396133,0.0093066,1.31592,F
314,1,HappyBirthday,854,33581,F,1,0.657793,2.37143,10050.8,667.584,F
315,1,HappyBirthday,48,8395.62,F,1,0.00165791,0.0783008,0.0707038,0.515939,F
315,1,HappyBirthday,173,22995.9,F,1,0.00498638,1.44127,67.3064,1.97922,F
315,1,HappyBirthday,273,15330.2,F,1,4.08574e-05,2.92269,24419.5,0.11658,F
315,1,HappyBirthday,293,730.213,F,1,0.00406534,0.567022,47851,16.9609,F
315,1,HappyBirthday,632,31025.4,M,1,0.579256,0.223317,26121.3,1062.24,F
315,1,HappyBirthday,928,16060.2,F,1,0.000198656,1.58485,1225.67,0.376121,F
316,1,HappyBirthday,401,32120.5,F,1,0.889348,0.192086,1239.24,839.11,F
316,1,HappyBirthday,518,12775.2,F,1,0.0104119,1.97741,319.809,4.88175,F
316,1,HappyBirthday,523,6205.89,F,1,0.185327,0.230334,25623.1,1265.16,F
317,1,HappyBirthday,127,14965.6,F,1,0.0176977,0.658749,45.0977,5.86377,F
317,1,HappyBirthday,297,2190.65,F,1,0.111064,0.307479,87.3222,44.679,F
317,1,HappyBirthday,371,1095.76,M,1,0.0415832,0.605242,51887.6,248.64,F
317,1,HappyBirthday,653,4015.38,M,1,0.311513,0.290655,9937.45,534.768,F
317,1,HappyBirthday,664,4745.47,M,1,8.93531e-05,1.20191,6.48212,0.0282421,F
317,1,HappyBirthday,691,7300.87,M,1,0.405975,1.7244,97.8288,185.012,F
317,1,HappyBirthday,712,13505.2,F,1,0.00101385,1.5605,13.5136,0.335895,F
317,1,HappyBirthday,838,2920.68,M,1,1.25926e-05,0.931923,5374,0.0622432,F
317,1,HappyBirthday,965,2920.67,F,1,0.074619,0.527162,61.5747,30.1419,F
317,1,HappyBirthday,992,1825.86,M,1,0.679157,5.81548,856.661,541.279,F
318,1,HappyBirthday,28,35405.8,M,1,0.0192594,1.56676,128.819,8.03149,F
318,1,HappyBirthday,250,12045.3,M,1,0.296587,0.259137,14148.6,659.601,F
318,1,HappyBirthday,559,2555.1,F,1,0.00391413,0.114186,2.74592,1.21943,F
319,1,HappyBirthday,303,2190.26,F,1,0.604767,0.227991,652.474,525.237,F
319,1,HappyBirthday,516,29930.2,F,1,0.0110736,0.156239,32.6618,3.50387,F
320,1,HappyBirthday,148,16060.7,M,1,0.00016545,2.10856,52.5169,0.0641248,F
320,1,HappyBirthday,347,6570.43,F,1,0.191779,0.501934,247.387,99.3618,F
320,1,HappyBirthday,570,7665.4,M,1,0.175832,0.0543033,90423.7,1406.04,F
321,1,HappyBirthday,450,365.771,F,1,0.438788,0.215694,9003.32,632.721,F
321,1,HappyBirthday,601,1460.33,M,1,0.0219352,5.3983,11.1679,7.28078,F
322,1,HappyBirthday,749,19345.1,M,1,0.259018,1.91635,16329.6,1480.58,F
322,1,HappyBirthday,771,14600.7,F,1,0.0678278,0.375575,5755.38,77.0237,F
322,1,HappyBirthday,842,16425.9,M,1,0.0739606,0.467844,32532.8,98.6112,F
323,1,HappyBirthday,275,25550.3,F,1,0.000153582,1.46656,18.7718,0.0492826,F
323,1,HappyBirthday,315,2920.63,M,1,0.388581,0.231124,1724.7,421.397,F
323,1,HappyBirthday,639,3285.35,F,1,0.0050371,0.118803,10.5468,1.59785,F
323,1,HappyBirthday,916,21170,F,1,0.0397451,0.223351,1113.27,15.5146,F
324,1,HappyBirthday,500,7665.98,M,1,0.00104955,0.0658818,42.3817,0.388321,F
326,1,HappyBirthday,438,24820.3,M,1,0.00106265,1.84745,41.9544,0.348834,F
327,1,HappyBirthday,204,4015.42,F,1,0.0716425,0.916772,62.8337,30.3312,F
327,1,HappyBirthday,282,2920.71,F,1,0.103958,0.0345143,156.305,42.4172,F
327,1,HappyBirthday,432,11680.9,F,1,0.0184761,0.589138,128.637,7.30343,F
327,1,HappyBirthday,492,365.672,F,1,0.567672,0.199144,1953.5,302.107,F
327,1,HappyBirthday,945,5110.97,F,1,0.000161577,1.49136,19654.8,0.409446,F
328,1,HappyBirthday,153,8030.14,M,1,0.673884,1.35822,2781.26,1303.75,F
328,1,HappyBirthday,211,14600.6,M,1,3.96917e-05,0.205409,47.5717,0.013733,F
328,1,HappyBirthday,339,10220.6,M,1,0.000379826,5.72058,149.366,0.145552,F
328,1,HappyBirthday,529,11680.6,F,1,0.752175,0.0427921,512.593,1321.8,F
328,1,HappyBirthday,990,4745.03,F,1,0.14207,0.16427,196.321,62.713,F
329,1,HappyBirthday,152,7665.39,F,1,0.156441,0.108481,492.064,89.351,F
329,1,HappyBirthday,191,365.319,F,1,0.00294088,0.0363116,13.6061,0.962315,F
329,1,HappyBirthday,206,5840.27,F,1,0.112143,0.00264882,122916,953.569,F
330,1,Births,1044,0,M,0,0,0.0435454,0,0,F
331,1,HappyBirthday,171,13505.1,F,1,0.0967799,1.77295,55.9723,34.6922,F
332,1,HappyBirthday,852,2920.57,M,1,5.80318e-05,4.05923,173956,0.561945,F
333,1,HappyBirthday,424,15330.9,M,1,0.00893969,0.14193,90.5487,3.79325,F
334,1,HappyBirthday,330,21900,F,1,0.125064,0.234527,49.686,49.7799,F
335,1,HappyBirthday,870,5110.45,M,1,0.551438,0.0987581,120.997,332.512,F
335,1,HappyBirthday,924,12410.3,F,1,0.14209,0.135432,3969.36,102.877,F
336,1,HappyBirthday,2,11680.4,M,1,0.264373,3.76256,26856.3,871.871,F
336,1,HappyBirthday,309,2190.8,F,1,0.0781423,0.619812,12.1598,26.5225,F
336,1,HappyBirthday,867,7665.89,M,1,0.439552,1.29885,21.6379,183.075,F
337,1,Births,1045,0,F,0,0,0.0441736,0,0,F
338,1,HappyBirthday,231,5110.46,F,1,0.00773898,0.259501,1.46378,2.43035,F
338,1,HappyBirthday,967,365.418,M,1,0.401053,0.342837,9096.67,388.923,F
339,1,HappyBirthday,21,19710.5,M,1,0.0252088,0.0769859,2139.04,43.9614,F
340,1,HappyBirthday,199,4745.64,F,1,0.0285897,0.700362,83.7759,9.9985,F
340,1,HappyBirthday,686,16060.5,F,1,0.669147,0.486646,1094.95,529.918,F
340,1,HappyBirthday,784,7300.13,F,1,0.11588,4.37285,5291.78,272.989,F
341,1,HappyBirthday,442,11315.5,M,1,0.491715,4.56524,1161.22,826.861,F
341,1,HappyBirthday,786,19710.3,F,1,0.00341219,2.14853,0.833434,1.06401,F
342,1,HappyBirthday,813,2555.14,M,1,0.683469,0.317501,680.777,890.43,F
342,1,HappyBirthday,844,5475.54,F,1,0.109346,4.93025,28706.8,356.087,F
343,1,HappyBirthday,150,21900.4,M,1,0.00197365,0.698489,30.042,0.65646,F
343,1,HappyBirthday,239,29565.7,M,1,0.746004,0.280089,2348.36,1390.95,F
343,1,HappyBirthday,433,24455.3,M,1,0.000251118,1.33258,0.59418,0.0782436,F
343,1,HappyBirthday,583,10585.7,M,1,0.760965,19.1297,62.7327,490.949,F
344,1,HappyBirthday,241,17520.4,F,1,0.000882365,0.458915,0.33293,0.274683,F
344,1,HappyBirthday,569,7300.13,M,1,0.409364,9.11837,1513.92,431.493,F
344,1,HappyBirthday,823,8395.95,M,1,0.00377125,2.56203,13.185,1.19306,F
346,1,HappyBirthday,219,5840.28,F,1,0.00508075,0.617715,2.92522,1.58839,F
347,1,HappyBirthday,327,3650.93,M,1,0.620108,0.233717,34215,1111.17,F
347,1,HappyBirthday,554,10220.1,F,1,0.0394736,3.77504,5.21314,12.6208,F
347,1,HappyBirthday,640,6205.87,M,1,0.0462407,3.90976,23.5489,16.2501,F
348,1,HappyBirthday,328,12775.4,F,1,0.00146108,0.27158,5.67294,0.462396,F
348,1,HappyBirthday,579,4745.32,M,1,0.0233632,0.177347,53.2355,9.12478,F
348,1,HappyBirthday,765,30295.1,M,1,0.00659161,0.194409,90.878,2.33085,F
349,1,HappyBirthday,660,365.503,F,1,0.0228376,4.52995,27.4895,8.17196,F
349,1,HappyBirthday,912,13870.3,M,1,0.0177537,0.199411,19.2754,5.93002,F
349,1,HappyBirthday,930,6935.78,M,1,0.00274856,0.496569,8.13623,0.882893,F
349,1,Births,1046,0,M,0,0,0.0112177,0,0,F
350,1,HappyBirthday,119,11680.9,M,1,0.76829,0.0466273,6.29134,458.102,F
350,1,HappyBirthday,448,2555.45,F,1,0.00124804,4.1622,3.04803,0.390037,F
350,1,HappyBirthday,634,2555.46,M,1,0.000338227,1.30886,492.488,0.290295,F
350,1,HappyBirthday,825,12410.5,F,1,0.0010243,0.0888106,0.801652,0.319005,F
350,1,HappyBirthday,975,5110.19,M,1,0.399792,5.81771,177.92,252.208,F
351,1,HappyBirthday,663,31390.6,F,1,0.149485,0.395899,2774.09,243.455,F
352,1,HappyBirthday,541,4380.81,M,1,0.218372,1.99639,74.3945,98.5767,F
353,1,HappyBirthday,107,6935.07,F,1,0.0672572,1.4301,526.515,25.5765,F
353,1,HappyBirthday,553,5110.41,F,1,0.00266558,7.9278,79.9044,0.934802,F
353,1,HappyBirthday,699,14600.2,F,1,0.192528,1.83989,6503.23,1176.75,F
354,1,HappyBirthday,102,1460.13,F,1,0.419497,7.03436,9825.03,377.569,F
354,1,HappyBirthday,445,2555.37,M,1,0.00223976,2.70563,125008,19.9024,F
355,1,HappyBirthday,423,7300.18,M,1,0.649518,2.1234,26.44,351.817,F
355,1,HappyBirthday,647,10585.9,M,1,0.00590572,0.881646,24.9447,1.95887,F
355,1,HappyBirthday,934,13140.2,M,1,0.0316841,0.201215,109.849,10.7668,F
356,1,HappyBirthday,6,5840.11,M,1,0.00456021,0.121151,35.7218,1.64874,F
356,1,HappyBirthday,605,1095.41,F,1,0.004953,0.198897,34180.5,6.28802,F
357,1,HappyBirthday,446,730.338,F,1,0.163341,1.39594,14767.3,553.098,F
357,1,HappyBirthday,684,365.256,M,1,0.232629,0.320022,49213.4,1170.58,F
358,1,HappyBirthday,209,1825.13,M,1,0.418116,2.61808,63.033,178.618,F
358,1,HappyBirthday,757,8395.07,M,1,0.00680972,0.19556,10.5518,2.20596,F
358,1,HappyBirthday,864,8030.35,F,1,0.586563,0.82048,1780.02,360.767,F
359,1,HappyBirthday,138,5840.39,M,1,0.0273237,2.62509,9533.56,8.83324,F
359,1,HappyBirthday,340,25550.9,M,1,0.0501263,0.927584,71.5748,18.9602,F
359,1,HappyBirthday,359,2920.91,M,1,0.0642366,0.015558,110.242,22.5814,F
359,1,HappyBirthday,697,6935.68,M,1,0.000710467,2.33044,29.2304,0.25344,F
359,1,HappyBirthday,963,5840.16,F,1,0.000893064,0.7784,2880.93,0.822051,F
360,1,HappyBirthday,507,4015.03,M,1,0.000178031,0.44488,51.3326,0.0639279,F
361,1,HappyBirthday,178,6935.4,M,1,0.729949,0.0742079,81.4522,555.259,F
361,1,HappyBirthday,560,11680.9,M,1,0.00332431,0.586459,42.6128,1.17121,F
361,1,HappyBirthday,591,13140.2,M,1,0.150974,1.44525,145.813,63.1496,F
362,1,HappyBirthday,80,1460.88,F,1,0.00384926,1.93859,0.0455723,1.19838,F
362,1,HappyBirthday,493,5840.6,F,1,0.337762,7.53485,15648,1839.21,F
362,1,HappyBirthday,539,3285.17,M,1,0.359963,0.878695,11948.6,401.991,F
363,1,HappyBirthday,186,1460.55,M,1,0.00205199,0.130889,1392.71,1.85096,F
363,1,HappyBirthday,626,6570.34,F,1,0.00312972,0.249573,160.325,1.48688,F
363,1,Births,1047,0,F,0,0,0.0592861,0,0,F
364,1,HappyBirthday,201,7300.36,F,1,0.00319331,0.922409,2.99379,0.999028,F
364,1,HappyBirthday,348,8395.04,F,1,0.636085,0.134928,3888.5,433.762,F
365,1,HappyBirthday,566,7300.02,F,1,0.0166115,1.67068,16.1612,5.38803,F
366,1,HappyBirthday,151,6205.09,F,1,0.00304605,1.40088,79343.1,19.4176,F
366,1,HappyBirthday,335,9855.3,M,1,0.00183728,0.593359,9.48736,0.595668,F
366,1,HappyBirthday,419,14600.3,M,1,0.00115138,0.528039,26.5799,0.402996,F
366,1,HappyBirthday,780,29565.4,M,1,0.266342,4.52503,22412.1,332.006,F
366,1,HappyBirthday,794,4015.75,F,1,0.766863,0.00511342,2040.35,508.567,F
366,1,HappyBirthday,872,1825.87,F,1,0.29299,0.137224,2070.09,408.016,F
366,1,HappyBirthday,980,1825.46,F,1,0.732515,0.0467884,11.9667,424.989,F
366,1,Births,1048,0,M,0,0,0.00380801,0,0,F
367,1,HappyBirthday,267,14600.8,F,1,0.751504,0.915056,61.7545,460.898,F
368,1,HappyBirthday,36,730.889,F,1,6.7567e-05,0.0870261,0.00012843,0.0211321,F
368,1,HappyBirthday,163,2190.83,F,1,0.821745,0.177063,3.89191,539.736,F
368,1,HappyBirthday,368,27010.9,M,1,0.00119239,0.503388,3.73024,0.372146,F
368,1,HappyBirthday,796,36135.3,M,1,0.00054255,1.17495,6.42144,0.173647,F
368,1,Births,1049,0,M,0,0,0.144105,0,0,F
369,1,HappyBirthday,486,18250.1,F,1,0.00273067,1.12885,11.5964,0.863542,F
370,1,HappyBirthday,325,6935.39,M,1,0.0340624,3.35021,19083.6,368.741,F
370,1,HappyBirthday,388,22630.3,F,1,0.00282088,1.34046,34.6855,0.9297,F
370,1,HappyBirthday,851,3285.46,F,1,0.0111134,0.30627,6.80769,3.53835,F
371,1,HappyBirthday,133,24820.7,M,1,4.54697e-06,0.0786923,2348.4,0.0121738,F
372,1,HappyBirthday,16,35040.8,F,1,0.712997,8.41703,3039.52,1138.66,F
372,1,HappyBirthday,774,5110.07,F,1,0.0522925,4.95279,291.188,25.7569,F
373,1,HappyBirthday,245,5475.83,F,1,0.000239988,0.13674,3440.66,0.384873,F
373,1,HappyBirthday,972,22630.4,F,1,0.00875187,0.40484,0.173087,2.73247,F
373,1,HappyBirthday,981,2190.27,M,1,0.481195,0.301719,316.184,227.939,F
374,1,HappyBirthday,164,9125.8,M,1,0.106397,2.37524,117.922,43.7958,F
374,1,HappyBirthday,274,12045.5,M,1,0.000630401,0.869033,21.3477,0.202358,F
374,1,HappyBirthday,360,2920.99,F,1,0.00118622,0.029262,95.5351,0.510871,F
374,1,HappyBirthday,871,25185.1,F,1,0.517052,64.1188,2046.98,821.824,F
374,1,HappyBirthday,987,9125.99,M,1,0.763721,0.330292,256.334,623.82,F
374,1,Births,1050,0,F,0,0,0.36991,0,0,F
375,1,HappyBirthday,232,6570.9,M,1,0.0111578,0.824052,46817.6,49.7663,F
375,1,HappyBirthday,1002,365,F,1,0.103848,0.174319,223.387,52.6342,F
375,1,HappyBirthday,394,10950,F,1,2.01125e-05,73.4213,4580.79,0.0885218,F
375,1,HappyBirthday,964,2920.74,F,1,0.169254,0.982244,57683.4,1821.5,F
376,1,HappyBirthday,42,32120.2,F,1,0.0044538,2.29995,104.229,1.60332,F
376,1,HappyBirthday,47,3650.53,M,1,0.564486,0.357832,3963.03,491.35,F
376,1,HappyBirthday,620,8030.81,F,1,0.528497,0.610564,10456.2,353.973,F
376,1,HappyBirthday,876,32485.7,M,1,0.0592445,3.16413,59070.8,528.397,F
376,1,HappyBirthday,887,9855.45,F,1,0.114277,0.954851,375.545,60.2455,F
377,1,HappyBirthday,687,4380.89,M,1,0.144046,0.282102,110821,1033.82,F
378,1,HappyBirthday,365,4380.77,F,1,0.154571,4.64707,74583.3,1910.64,F
378,1,HappyBirthday,510,7300.74,F,1,0.00897279,0.318809,814.402,3.39277,F
378,1,HappyBirthday,540,28105.5,M,1,0.000462212,0.195943,27.3337,0.162386,F
379,1,HappyBirthday,998,1460.74,M,1,9.85239e-05,2.51813,46504.6,0.129613,F
380,1,HappyBirthday,302,4015.72,F,1,0.536697,3.09888,7926.48,1401.29,F
380,1,HappyBirthday,603,10220.4,F,1,0.00102506,3.00843,6.36657,0.329039,F
380,1,HappyBirthday,718,5475.36,F,1,8.47053e-05,0.77879,28377.7,0.404644,F
380,1,HappyBirthday,906,21535.9,F,1,0.286418,0.130512,28553.6,1542.71,F
381,1,HappyBirthday,67,1095.87,F,1,0.00567805,0.00335934,94.3308,2.02892,F
381,1,HappyBirthday,806,2555.44,F,1,0.115387,1.54397,279.351,45.6016,F
382,1,HappyBirthday,1003,365,F,1,0.340098,0.0381968,18.0323,140.928,F
382,1,HappyBirthday,879,4745.23,F,1,0.143184,0.426617,78758.7,1049.72,F
382,1,HappyBirthday,907,1095.24,M,1,0.00156723,0.00527444,3.49879,0.495645,F
383,1,HappyBirthday,51,20075.7,M,1,0.00232843,1.16158,23.2133,0.749194,F
383,1,HappyBirthday,361,4380.37,M,1,0.00721035,0.0663381,13.2112,2.39639,F
383,1,HappyBirthday,546,1825.58,F,1,0.177846,0.634318,34.2869,63.4531,F
383,1,HappyBirthday,604,1825.49,M,1,0.416467,3.91465,1548.9,889.523,F
384,1,HappyBirthday,112,1460.97,F,1,0.0350866,0.118147,6747.98,26.6143,F
384,1,HappyBirthday,195,18980.3,M,1,0.49852,1.91064,5241.79,1379.25,F
384,1,Births,1051,0,F,0,0,0.037394,0,0,F
385,1,HappyBirthday,576,18615.8,M,1,0.368051,0.41621,17777.5,441.282,F
385,1,HappyBirthday,661,30660,M,1,0.061176,0.924891,814.051,39.9536,F
385,1,HappyBirthday,732,2555.6,M,1,0.172813,0.182001,95711.7,1177.86,F
385,1,HappyBirthday,738,6205.94,M,1,0.0136673,1.59483,97657.4,108.027,F
385,1,HappyBirthday,849,5840.5,M,1,0.0506283,1.20652,82.9585,16.6424,F
386,1,HappyBirthday,437,4380.88,M,1,0.000716678,0.620552,0.800724,0.223227,F
386,1,HappyBirthday,1004,365,F,1,0.000522171,0.114089,201835,5.33431,F
387,1,HappyBirthday,628,2190.88,M,1,0.0242197,0.41483,1976.41,8.47153,F
387,1,HappyBirthday,741,1825.69,M,1,0.0332438,0.316243,48.0191,10.6535,F
388,1,HappyBirthday,317,14600.3,M,1,0.0133729,17.6173,42.0009,4.56325,F
388,1,HappyBirthday,890,3650.88,F,1,0.23809,0.448253,15.2802,91.0316,F
388,1,Births,1052,0,F,0,0,0.00971295,0,0,F
389,1,HappyBirthday,230,14600.2,M,1,0.000378123,1.01414,37078.9,0.469253,F
389,1,HappyBirthday,426,13140.8,M,1,0.0645703,5.46283,3933.84,97.2006,F
389,1,HappyBirthday,862,13505.6,F,1,0.276276,5.81534,25450.1,1284.04,F
389,1,HappyBirthday,891,8395.7,M,1,0.022749,0.126378,14.1934,7.63287,F
389,1,HappyBirthday,962,2190.58,M,1,0.0569369,0.0677192,35586.2,75.021,F
389,1,HappyBirthday,993,9855.89,F,1,0.0966243,1.10273,5322.76,69.2857,F
390,1,HappyBirthday,13,21170.9,F,1,0.150472,0.112121,8305.63,299.726,F
390,1,HappyBirthday,20,7300.84,M,1,0.00294782,2.18281,251.74,1.47731,F
391,1,HappyBirthday,29,4380.41,M,1,0.183763,0.415278,2.89706,63.4204,F
391,1,HappyBirthday,193,3285.19,F,1,0.00303029,0.269046,1.25644,0.948709,F
391,1,HappyBirthday,678,9855.9,F,1,8.4365e-05,2.92378,117114,0.953702,F
391,1,HappyBirthday,961,2920.49,F,1,0.168575,0.863604,17008.3,1180.46,F
392,1,HappyBirthday,121,20440.5,F,1,0.00255283,0.0286658,1.78432,0.801695,F
392,1,HappyBirthday,391,1095.76,M,1,0.000732182,0.668297,529.908,0.400926,F
392,1,HappyBirthday,586,8030.25,F,1,0.017196,0.0899821,107.957,6.62848,F
392,1,HappyBirthday,947,9125.52,M,1,0.00737283,1.91759,192.513,2.97952,F
393,1,HappyBirthday,58,25550.9,F,1,0.0234221,0.411654,32.3532,7.54353,F
393,1,HappyBirthday,457,18250.6,F,1,0.00638303,0.568207,25.5325,2.22519,F
393,1,HappyBirthday,750,4745.17,F,1,0.0101857,0.302865,55019.7,50.8495,F
394,1,HappyBirthday,944,730.726,M,1,0.648323,0.113601,30.4173,365.842,F
395,1,HappyBirthday,322,35770.7,M,1,0.00439224,6.14215,1934.54,1.47581,F
395,1,HappyBirthday,455,7665.92,M,1,0.567452,1.88941,21152.4,872.333,F
395,1,HappyBirthday,811,1460.12,F,1,4.84714e-05,0.0860077,200298,0.545686,F
395,1,HappyBirthday,822,3650.6,F,1,0.25621,2.6199,534.245,130.843,F
397,1,HappyBirthday,543,16790.2,F,1,0.565758,2.02799,92.7963,294.555,F
397,1,HappyBirthday,779,17520.3,F,1,0.488279,14.3571,48763.6,895.571,F
399,1,HappyBirthday,40,9855.11,F,1,0.358666,0.202661,16158.2,518.22,F
399,1,HappyBirthday,417,7665.04,M,1,0.015332,0.453798,21.1685,5.1853,F
400,1,HappyBirthday,23,15330.2,F,1,0.566373,6.59156,434.946,412.151,F
401,1,HappyBirthday,690,30660.4,F,1,0.495374,3.43788,5453.21,1431.77,F
401,1,HappyBirthday,1005,365,M,1,0.763483,0.0292615,1611.85,494.228,F
402,1,HappyBirthday,217,6935.4,F,1,0.545621,1.18504,20.7723,247.338,F
402,1,HappyBirthday,513,10220.8,M,1,0.304955,0.280912,17615.4,1792.7,F
402,1,HappyBirthday,802,27741,M,1,0.00693533,0.0926257,12.8741,2.22773,F
403,1,HappyBirthday,50,6205.68,M,1,0.223489,0.118929,14367.3,520.341,F
404,1,HappyBirthday,7,25185.5,F,1,0.433171,3.75841,16.2946,178.674,F
404,1,HappyBirthday,248,4380.98,F,1,0.773449,5.56836,3763.39,1317.3,F
405,1,HappyBirthday,399,7665.67,F,1,0.000421651,0.815299,11346.8,0.618265,F
406,1,HappyBirthday,183,3650.86,F,1,0.00545266,1.81314,53.1377,1.85938,F
406,1,HappyBirthday,345,1460,M,1,0.467237,0.640378,2850.89,241.212,F
406,1,HappyBirthday,506,1825.99,F,1,0.136394,0.067258,43443.9,718.629,F
406,1,HappyBirthday,530,4745.62,M,1,0.18908,0.35193,3653.76,363.456,F
406,1,HappyBirthday,573,12775.7,F,1,0.340633,0.257546,11140,351.016,F
406,1,HappyBirthday,655,20075.7,F,1,0.00666975,4.02785,0.153725,2.07962,F
407,1,HappyBirthday,60,23360.3,F,1,0.436343,6.4817,7261.41,356.738,F
407,1,HappyBirthday,641,17155.1,F,1,0.000622362,6.69172,175.572,0.239272,F
408,1,HappyBirthday,134,5475.39,M,1,0.00143703,3.49749,57.6642,0.555963,F
408,1,HappyBirthday,166,18250.2,F,1,0.00463295,0.885368,19.6999,1.46174,F
408,1,HappyBirthday,259,17155.8,M,1,0.00707653,0.357762,14536.2,7.12133,F
408,1,HappyBirthday,390,5110.59,F,1,0.00103591,0.0820163,4.88147,0.324406,F
409,1,HappyBirthday,313,5110.75,F,1,7.06444e-06,0.357764,1.76909,0.00219598,F
410,1,HappyBirthday,45,12046,M,1,0.647769,6.7912,232.419,362.494,F
410,1,HappyBirthday,285,2920.94,F,1,0.00836923,0.628403,100.572,3.01326,F
410,1,HappyBirthday,575,2190.6,F,1,0.281684,0.0227157,476.119,272.802,F
410,1,HappyBirthday,880,18615.2,M,1,0.000684369,0.531781,6.79691,0.220032,F
411,1,HappyBirthday,362,19710.9,M,1,0.00250339,2.73463,12.0887,0.793807,F
411,1,HappyBirthday,474,730.712,F,1,0.000890955,0.187525,33263.5,1.12215,F
411,1,HappyBirthday,762,2190.09,F,1,0.654024,0.806436,17.0687,339.453,F
411,1,HappyBirthday,915,730.205,F,1,0.000122625,0.687129,39562,1.05197,F
412,1,HappyBirthday,154,2190.58,F,1,0.00241099,0.722947,37132.7,1.04253,F
412,1,HappyBirthday,902,9855.1,F,1,0.00249847,0.0645573,10.6707,0.819334,F
413,1,HappyBirthday,262,26645.6,F,1,0.0487161,0.221762,0.388983,15.5263,F
413,1,HappyBirthday,499,8395.62,F,1,0.00264335,0.224953,55.6822,0.899568,F
413,1,HappyBirthday,509,730.534,F,1,0.00472521,0.042031,277.384,2.17946,F
414,1,HappyBirthday,132,9490.71,M,1,0.205507,1.17808,71535.2,1160.97,F
414,1,HappyBirthday,331,8395.01,F,1,0.00251888,0.142072,35.2502,0.822929,F
415,1,HappyBirthday,495,10220.5,M,1,0.00243124,0.620957,25745.1,2.85397,F
415,1,HappyBirthday,716,9855.65,M,1,2.76639e-05,0.11361,4.54496,0.0088094,F
415,1,HappyBirthday,869,14235.5,M,1,0.00394625,10.4016,66476.5,22.1754,F
415,1,HappyBirthday,938,4745.71,F,1,0.0161588,3.64577,14006.1,5.41387,F
415,1,HappyBirthday,971,20805.1,M,1,0.00261613,0.325201,4.86729,0.834329,F
416,1,HappyBirthday,547,10585.8,F,1,0.00404783,6.90976,28.8228,1.36458,F
417,1,HappyBirthday,146,4745.44,M,1,0.0157595,1.28842,18624,16.231,F
418,1,HappyBirthday,3,1825.15,M,1,0.0447995,0.0187065,4.48863,14.5687,F
418,1,HappyBirthday,233,2920.64,M,1,0.00646724,0.138664,10.2385,2.01669,F
419,1,HappyBirthday,141,8030.99,F,1,0.000420491,0.325884,44.4397,0.152279,F
419,1,HappyBirthday,298,29200.9,F,1,0.139392,0.632917,154.502,57.7681,F
419,1,HappyBirthday,607,13140.9,F,1,0.0204056,0.368942,200.035,6.94564,F
419,1,HappyBirthday,662,9125.93,M,1,0.0557871,7.28925,2235.49,17.9639,F
419,1,HappyBirthday,781,9125.72,M,1,0.00225617,9.58674,132.115,0.851818,F
420,1,HappyBirthday,125,3650.78,F,1,0.693926,0.604208,4957.16,680.39,F
420,1,HappyBirthday,135,13140.7,M,1,7.04582e-05,1.54032,3110.44,0.233318,F
421,1,HappyBirthday,284,8395.88,M,1,0.00836667,0.530179,52849.3,40.3779,F
421,1,HappyBirthday,296,15695.7,F,1,0.000175604,0.963649,887.116,0.225839,F
421,1,HappyBirthday,355,18615.5,F,1,0.94925,0.179669,28.4213,929.854,F
421,1,HappyBirthday,370,4015.35,M,1,0.0709365,0.137614,4745.07,45.8012,F
422,1,HappyBirthday,15,31390.4,F,1,0.0258216,1.69786,34.5427,9.36404,F
422,1,HappyBirthday,181,4380.38,F,1,0.217805,1.42689,56059.1,1079.82,F
422,1,HappyBirthday,299,9490.88,M,1,0.0742981,1.30034,42871.3,87.5916,F
422,1,HappyBirthday,841,32485.4,F,1,8.55077e-07,2.44664,27471.9,0.0111262,F
422,1,HappyBirthday,984,13140.6,M,1,0.228588,3.68497,82.6438,101.288,F
423,1,HappyBirthday,149,19711,M,1,0.0818845,1.18336,160.173,30.294,F
423,1,HappyBirthday,263,9125.23,F,1,0.0926271,0.0705133,59111.4,889.093,F
423,1,HappyBirthday,418,32850.7,M,1,0.0505481,5.23156,9036.79,19.7159,F
423,1,HappyBirthday,680,5110.54,F,1,0.851079,1.52262,51.6728,652.923,F
423,1,HappyBirthday,685,12045.4,F,1,0.0185759,0.142487,7153.08,14.3494,F
424,1,HappyBirthday,130,16790.1,F,1,0.00215554,0.289172,471.499,1.12486,F
424,1,HappyBirthday,580,730.439,F,1,0.00124831,1.43872,31.9415,0.409482,F
425,1,HappyBirthday,291,20440.1,F,1,0.0180683,4.679,0.37398,5.66919,F
425,1,HappyBirthday,346,10585.2,F,1,0.00233612,0.993371,10.9423,0.737626,F
425,1,HappyBirthday,673,16790.6,M,1,0.0721444,4.10072,66.4856,28.3016,F
425,1,HappyBirthday,778,2190.92,M,1,0.0457782,1.13171,4125.35,25.1749,F
426,1,HappyBirthday,585,12775.3,F,1,0.0053723,2.28016,14.9254,1.78486,F
426,1,HappyBirthday,840,14965.8,F,1,0.0713357,0.188775,150.125,29.2979,F
427,1,HappyBirthday,429,3285.08,F,0,0,0.0236793,0,0,F
427,1,HappyBirthday,491,21170.6,M,1,0.00205777,6.48874,15.784,0.687342,F
427,1,HappyBirthday,552,6570.37,F,1,0.0605936,1.52141,47286,605.205,F
427,1,HappyBirthday,574,5840.83,M,1,0.349334,3.17306,19869.7,690.37,F
427,1,HappyBirthday,921,5475.44,M,1,0.00607329,0.732784,1.04259,1.89674,F
428,1,HappyBirthday,290,13140,M,1,0.641787,22.5713,4516.5,933.061,F
428,1,HappyBirthday,381,7665.4,M,1,0.00166299,0.91167,6.27251,0.522717,F
428,1,HappyBirthday,609,1095.69,M,1,0.12141,1.43353,144576,1506.15,F
429,1,HappyBirthday,343,6570.01,M,1,0.00443947,11.288,21039.7,4.80578,F
429,1,HappyBirthday,751,5840.46,F,1,0.00364103,0.230505,0.535974,1.13459,F
430,1,HappyBirthday,104,14965.2,M,1,0.123561,4.30106,6553.9,49.0288,F
431,1,HappyBirthday,826,3650.21,M,1,0.442216,0.242029,5478.34,738.736,F
432,1,HappyBirthday,124,7300.32,M,1,5.45178e-05,0.139147,1.42938,0.0169752,F
432,1,HappyBirthday,254,12045.3,F,1,0.00290022,1.78823,3.96996,0.904793,F
433,1,HappyBirthday,84,8760.74,F,1,0.180584,0.281354,45154,1772.43,F
433,1,HappyBirthday,129,2555.11,F,1,0.08647,0.0560014,12728.9,381.364,F
433,1,HappyBirthday,463,1825.48,M,1,0.00196727,2.05817,25.0328,0.637189,F
433,1,HappyBirthday,627,4380.27,M,1,0.111803,1.46389,11.2948,37.6061,F
433,1,HappyBirthday,836,7300.99,M,1,0.0258706,0.726897,52.8048,8.78529,F
433,1,HappyBirthday,995,9490.96,F,1,0.0605538,32.7425,18671.9,202.949,F
433,1,HappyBirthday,1007,365,F,1,0.0637518,1.699,7427.65,84.9881,F
434,1,HappyBirthday,33,7665.57,M,1,0.260926,1.06562,95.5782,108.131,F
434,1,HappyBirthday,53,5475.24,M,1,0.205385,0.108104,64.6925,71.4594,F
434,1,HappyBirthday,137,30295.1,M,1,0.000748053,2.96168,0.596662,0.232746,F
434,1,HappyBirthday,1008,365,M,1,0.00320282,0.0140095,161.153,1.78631,F
435,1,HappyBirthday,11,18250.9,M,1,0.00195621,0.59861,29.6811,0.635891,F
435,1,HappyBirthday,824,5475.32,F,1,0.517761,0.119376,5317.28,1631.9,F
435,1,HappyBirthday,908,730.599,M,1,0.00115068,0.0429078,34.2759,0.388508,F
436,1,HappyBirthday,1009,365,M,1,0.158737,0.0227532,94.0967,61.1155,F
437,1,HappyBirthday,464,730.273,F,1,0.196973,0.384034,54087.9,1723.27,F
437,1,HappyBirthday,698,6205.92,F,1,0.179228,2.29298,150.496,64.9845,F
437,1,HappyBirthday,804,16425.7,F,1,0.0115957,1.97178,97.8447,4.02233,F
437,1,HappyBirthday,859,4380.28,M,1,0.0722209,0.692664,115830,604.924,F
437,1,HappyBirthday,899,5840.59,F,1,0.00291811,8.65595,34.8862,1.02362,F
438,1,HappyBirthday,556,14600.8,F,1,0.545535,2.3473,51.0795,302.781,F
438,1,Births,1053,0,M,0,0,0.159536,0,0,F
439,1,HappyBirthday,62,9125.63,F,1,0.83191,1.85054,382.947,1445.96,F
439,1,HappyBirthday,549,5110.63,F,1,0.0310774,0.449348,1686.83,25.5148,F
439,1,HappyBirthday,723,730.273,M,1,0.8504,0.901795,1837.31,1772.36,F
439,1,HappyBirthday,1010,365,M,1,0.00310296,0.0716947,93232.9,43.2587,F
440,1,HappyBirthday,44,6570.03,F,1,0.151994,0.164531,10144.9,262.334,F
440,1,HappyBirthday,214,730.43,M,1,0.00770548,0.432312,23.1406,2.48076,F
440,1,HappyBirthday,805,12410.1,M,1,0.00180183,0.111559,68.0938,0.619875,F
441,1,HappyBirthday,63,14600.8,F,1,0.00217739,2.61849,23.9111,0.746684,F
441,1,HappyBirthday,106,8760.68,F,1,0.284075,0.920847,5580.9,111.334,F
441,1,HappyBirthday,264,2920.41,M,1,0.0872779,0.254195,278.649,40.7735,F
441,1,HappyBirthday,470,8395.51,F,1,0.0147672,2.33646,88.6448,5.22609,F
442,1,Births,1054,0,F,0,0,0.244191,0,0,F
443,1,HappyBirthday,91,2190.87,F,1,0.638355,0.0626368,3551.6,588.091,F
443,1,HappyBirthday,711,3285.47,F,1,0.0353916,7.49326,26691,446.784,F
443,1,HappyBirthday,946,15695.4,M,1,0.00508388,0.0430316,0.0151072,1.58387,F
443,1,HappyBirthday,948,1095.14,F,1,0.0290401,0.489709,2060.58,14.6856,F
443,1,Births,1055,0,F,0,0,0.0807648,0,0,F
444,1,HappyBirthday,37,13140.9,M,1,0.707382,0.354519,92.7003,507.847,F
444,1,HappyBirthday,246,25915.9,M,1,0.000180873,0.0398242,21054,1.05872,F
444,1,HappyBirthday,261,1460.04,F,1,0.623053,0.0411587,166.398,319.155,F
444,1,HappyBirthday,279,8395.61,F,1,0.00209299,2.04082,91533.7,14.3046,F
445,1,HappyBirthday,128,7300.57,F,1,0.00469311,0.681298,30.0645,1.62108,F
445,1,HappyBirthday,175,8030.44,F,1,0.165179,0.135202,65.27,61.7331,F
445,1,HappyBirthday,846,730.631,M,1,0.000606995,0.041135,201159,6.11765,F
445,1,HappyBirthday,892,3285.17,M,1,0.00793075,0.205522,108.359,3.07496,F
446,1,HappyBirthday,652,22265.2,M,1,0.296582,0.0954895,19890.8,535.325,F
446,1,HappyBirthday,769,2920.91,M,1,0.00138079,2.04001,0.01622,0.429435,F
447,1,HappyBirthday,307,14235.7,M,1,0.768348,0.297201,1794.19,815.295,F
447,1,HappyBirthday,676,2920.43,M,1,0.00235716,1.40069,150.06,0.873521,F
447,1,HappyBirthday,874,1825.21,M,1,0.526286,0.177059,4012.68,302.413,F
447,1,HappyBirthday,919,32120.9,F,1,0.616106,0.973216,1062.29,535.798,F
448,1,HappyBirthday,120,11680.2,M,1,0.179156,0.758943,58.0621,69.6539,F
448,1,HappyBirthday,1011,365,M,1,0.236692,0.00913222,41489,1378.46,F
448,1,HappyBirthday,483,13870.5,F,1,0.00183316,0.413715,36.7028,0.594519,F
448,1,HappyBirthday,674,15695.1,M,1,0.00325694,1.76581,184926,31.8122,F
448,1,Births,1056,0,F,0,0,0.0844245,0,0,F
449,1,HappyBirthday,111,730.254,F,1,0.0575204,2.48327,71.7225,21.4314,F
449,1,HappyBirthday,384,15696,M,1,0.598347,0.201113,10.2405,297.422,F
449,1,HappyBirthday,610,1095.57,M,1,0.127733,0.0364731,124.85,48.5236,F
450,1,HappyBirthday,526,13870,M,1,9.20781e-07,0.0365598,0.410103,0.0002856,F
450,1,HappyBirthday,624,1095.44,F,1,0.586638,0.313641,3670.53,1230.02,F
451,1,HappyBirthday,1012,365,F,1,0.113462,2.3092,14.7661,38.3788,F
452,1,HappyBirthday,220,3285.83,F,1,0.425648,1.69222,674.34,502.163,F
452,1,HappyBirthday,467,6570.67,M,1,0.521844,0.9746,26974.1,892.298,F
452,1,HappyBirthday,766,5840.27,F,1,0.00292995,1.19489,68.4671,1.16685,F
452,1,HappyBirthday,835,26280.5,F,1,0.0293558,1.07152,47.026,9.99367,F
452,1,HappyBirthday,941,1095.03,F,1,0.428722,0.656196,4859.65,176.533,F
453,1,HappyBirthday,198,14235.1,F,1,0.341316,0.706637,33162.1,919.42,F
453,1,HappyBirthday,865,730.718,M,1,0.000584874,0.141239,1.05282e-06,0.181851,F
455,1,HappyBirthday,238,9490.78,M,1,0.00304024,0.749899,69.2298,1.16784,F
455,1,HappyBirthday,611,12045.5,M,1,0.0564503,0.623181,38.4898,20.5404,F
455,1,HappyBirthday,913,1460.1,M,1,0.0250896,0.370995,10042.7,46.1224,F
455,1,HappyBirthday,1013,365,F,1,0.000432253,0.102344,6946.6,1.20071,F
456,1,HappyBirthday,213,4015.46,M,1,0.82915,0.924999,18.0072,573.345,F
457,1,HappyBirthday,12,11680.9,M,1,0.0177567,0.287921,12.723,5.88204,F
457,1,HappyBirthday,414,14600,M,1,0.00776993,2.00714,45.8758,2.98441,F
458,1,HappyBirthday,405,33215.2,F,1,0.000828902,9.31283,14.4918,0.276544,F
459,1,HappyBirthday,406,2190.69,F,1,0.461944,0.0731847,40435.9,873.168,F
460,1,HappyBirthday,105,2190.5,F,1,0.017218,0.156116,693.706,18.825,F
460,1,HappyBirthday,224,28105.7,F,1,0.000570203,2.09979,15.8051,0.182512,F
461,1,HappyBirthday,982,1095.03,M,1,0.0106927,0.131763,8416.08,3.54867,F
462,1,HappyBirthday,144,4380.74,F,1,0.000284224,2.25084,8591.38,0.912792,F
462,1,HappyBirthday,159,6935.26,M,1,0.000834255,1.48928,22.2264,0.287399,F
462,1,HappyBirthday,952,3650.04,F,1,0.163479,1.49955,1764.92,70.3569,F
463,1,HappyBirthday,19,9490.2,F,1,0.0217385,1.78598,175879,213.383,F
463,1,HappyBirthday,247,32485.1,F,1,0.000488608,0.1806,122752,3.9321,F
463,1,HappyBirthday,563,13140.7,F,1,0.252669,0.508603,189.651,114.664,F
464,1,HappyBirthday,43,7665.13,M,1,0.00903448,0.24451,3.29071,2.83268,F
464,1,HappyBirthday,203,5475.35,M,1,0.00974688,1.11465,64.4242,3.74483,F
464,1,HappyBirthday,863,1460.11,M,1,0.0491028,0.483138,142.992,19.4175,F
465,1,HappyBirthday,682,2555.91,M,1,0.0395017,1.09865,1587.93,39.1862,F
465,1,HappyBirthday,834,18615.9,F,1,0.0415927,0.489563,155.793,15.6605,F
466,1,HappyBirthday,521,1460.98,F,1,0.0254115,0.524859,910.18,32.2066,F
466,1,HappyBirthday,551,12045.2,M,1,0.613955,0.343491,7108.54,742.32,F
466,1,HappyBirthday,878,10585.8,F,1,0.000116207,0.758922,108036,1.76957,F
467,1,HappyBirthday,184,8030.39,M,1,0.000798106,0.00882808,41.2483,0.263575,F
467,1,HappyBirthday,482,1825.3,F,1,0.0676367,0.591529,117.941,24.2748,F
467,1,HappyBirthday,832,2190.09,F,1,0.419679,0.602885,9350.58,336.475,F
468,1,HappyBirthday,441,17155.1,M,1,0.336556,0.247591,2969.88,605.264,F
468,1,HappyBirthday,968,9125.85,F,1,0.750677,1.21897,458.462,705.944,F
468,1,Births,1057,0,M,0,0,0.117402,0,0,F
469,1,HappyBirthday,103,2920.22,F,1,0.408994,0.088354,1092.7,429.011,F
469,1,HappyBirthday,114,21170.9,F,1,0.559076,2.3444,992.176,485.953,F
469,1,HappyBirthday,1014,365,F,1,0.0303378,0.0752069,689.646,33.6312,F
470,1,HappyBirthday,613,14965.3,F,1,0.000582716,2.20619,15.0999,0.185716,F
470,1,HappyBirthday,888,8395.1,M,1,0.00840831,3.74628,49.4345,3.18195,F
471,1,HappyBirthday,268,13140.3,M,1,0.000101569,1.71162,0.322457,0.0316522,F
471,1,HappyBirthday,402,28105.9,M,1,0.00813979,1.17386,93.8861,3.51692,F
471,1,HappyBirthday,754,22995.1,M,1,0.540809,0.0995229,522.685,246.871,F
471,1,HappyBirthday,979,5840.87,F,1,0.198029,2.08659,1951.2,80.8709,F
471,1,Births,1058,0,M,0,0,0.0450363,0,0,F
472,1,HappyBirthday,185,8760.16,M,1,0.00695969,0.686688,7.26188,2.22298,F
472,1,HappyBirthday,205,4015.07,M,1,0.534207,0.21486,772.801,366.994,F
472,1,HappyBirthday,223,8760.66,F,1,0.23604,2.75955,35924.6,638.445,F
473,1,HappyBirthday,155,4015.48,F,1,0.479651,0.155239,1472.67,350.582,F
475,1,HappyBirthday,187,730.583,F,1,0.0185622,0.0516285,12955.3,7.83741,F
475,1,HappyBirthday,885,1460.08,M,1,0.0269849,0.0944488,25.3438,8.83335,F
476,1,HappyBirthday,400,1095.76,M,1,0.0279158,0.222657,31.8565,9.01211,F
476,1,HappyBirthday,472,4745,M,1,0.928984,0.427846,15.0914,838.444,F
476,1,HappyBirthday,807,4380.42,F,1,0.000591641,1.71199,89810.5,3.83748,F
476,1,HappyBirthday,997,8395.86,M,1,0.00074371,0.09081,50.5642,0.282055,F
477,1,HappyBirthday,289,16790.6,F,1,0.188872,0.146865,26075.9,1260.29,F
477,1,HappyBirthday,395,6935.02,M,1,0.140676,1.25636,65703.7,1324.65,F
477,1,HappyBirthday,1015,365,F,1,0.0591736,0.262256,32901.7,76.1738,F
477,1,Births,1059,0,F,0,0,0.235368,0,0,F
479,1,HappyBirthday,69,2920.49,M,1,0.00407004,1.1545,57.8538,1.63549,F
480,1,HappyBirthday,719,2920.48,F,1,0.420142,6.7411,15.0863,174.037,F
480,1,HappyBirthday,1016,365,F,1,0.00494958,0.012442,124928,38.8809,F
480,1,HappyBirthday,1017,365,F,1,0.132653,0.122137,109.371,50.8964,F
481,1,HappyBirthday,481,1825.15,M,1,0.000360752,0.346707,102.667,0.153205,F
481,1,HappyBirthday,564,1826,M,1,0.119998,0.769809,340.689,89.8103,F
482,1,HappyBirthday,535,730.331,F,1,0.820608,0.579224,87.228,598.726,F
482,1,HappyBirthday,727,21900.7,M,1,0.802228,1.8954,430.593,1509.07,F
484,1,HappyBirthday,177,1095.39,M,1,0.122707,0.171636,50027.5,175.943,F
484,1,HappyBirthday,435,6935.31,M,1,6.76261e-05,5.98644,107388,1.01984,F
485,1,HappyBirthday,903,1825.68,M,1,0.297608,0.247875,33245.2,444.644,F
485,1,Births,1060,0,M,0,0,0.0072786,0,0,F
486,1,HappyBirthday,386,1095.28,F,1,0.00589955,0.0616588,137.29,2.57333,F
487,1,HappyBirthday,295,6570.07,F,1,0.0769424,0.654636,134.076,35.9521,F
487,1,HappyBirthday,970,2555.23,F,1,0.00166308,0.106239,0.00272062,0.517305,F
488,1,HappyBirthday,172,8760.23,F,1,0.669576,1.58225,31162.1,380.438,F
488,1,HappyBirthday,281,7665.49,M,1,0.153577,0.4567,1.09956,52.0864,F
488,1,HappyBirthday,421,17520.3,F,1,0.0162394,1.86866,59.1924,5.61208,F
488,1,HappyBirthday,720,6570.76,F,1,0.210883,0.0846189,3478.17,141.384,F
488,1,HappyBirthday,819,12775.4,F,1,0.389705,0.925132,143.675,209.771,F
489,1,HappyBirthday,561,8760.61,F,1,0.19596,1.38208,58.605,83.3807,F
489,1,HappyBirthday,753,29565.6,F,1,0.0806887,17.3806,1257.56,37.4225,F
489,1,HappyBirthday,845,8395.35,M,1,0.178217,0.0158715,4200.4,185.398,F
490,1,HappyBirthday,456,8030.34,M,1,0.00101781,0.509102,52177,1.28083,F
490,1,HappyBirthday,702,14600,M,1,0.00381847,0.133111,5.33022,1.19968,F
490,1,HappyBirthday,818,7300.5,F,1,0.000886752,0.210076,1894.3,2.00265,F
490,1,HappyBirthday,882,1825.84,F,1,4.86537e-05,0.78962,85289.4,0.651626,F
490,1,HappyBirthday,1018,365,F,1,0.43733,1.27881,471.717,246.538,F
490,1,HappyBirthday,1019,365,F,1,0.00653001,5.39238,5381.78,2.96334,F
491,1,HappyBirthday,188,2190.92,M,1,0.00304169,0.222611,33.2668,0.978962,F
491,1,HappyBirthday,582,730.708,F,1,0.00401079,0.225973,12.5256,1.30535,F
491,1,HappyBirthday,1020,365,M,1,0.00719405,0.102329,29.1485,2.53218,F
492,1,HappyBirthday,218,11315.8,F,1,0.146983,1.9559,73670.3,1901.91,F
492,1,HappyBirthday,397,2920.73,M,1,0.00153057,1.45696,32575.6,1.92483,F
492,1,HappyBirthday,816,25550.4,M,1,0.0848716,0.718109,9.29008,28.8164,F
493,1,HappyBirthday,52,4745.83,F,1,0.661631,0.151607,27.7973,337.257,F
493,1,HappyBirthday,803,1460.67,F,1,0.000692277,0.290615,109.062,0.290694,F
493,1,Births,1061,0,M,0,0,0.0463955,0,0,F
494,1,HappyBirthday,326,4015.56,M,1,0.00247714,0.270778,2.76018,0.771065,F
494,1,HappyBirthday,708,27375.5,F,1,0.579548,110.019,22.4181,293.555,F
494,1,HappyBirthday,728,8760.47,M,1,0.00743105,0.128637,65.1264,2.67278,F
494,1,HappyBirthday,809,15695.1,M,1,0.00034864,0.513257,3.8148,0.109133,F
495,1,HappyBirthday,158,2190.87,F,1,0.00415741,1.50557,50531,5.30502,F
495,1,Births,1062,0,M,0,0,0.085806,0,0,F
496,1,HappyBirthday,243,6570.63,M,1,0.142439,0.685666,12516.5,1281.11,F
496,1,HappyBirthday,318,5840.92,F,1,0.374367,12.2688,5.12948,149.415,F
496,1,HappyBirthday,1021,365,M,1,0.226952,0.269204,5902.34,1236.78,F
496,1,HappyBirthday,635,14965.2,F,1,0.604774,1.10689,29.4757,290.57,F
496,1,HappyBirthday,910,6205.75,M,1,0.00311847,0.504286,76442.6,40.0628,F
496,1,HappyBirthday,988,1095.7,M,1,0.00667305,0.601878,20.7502,2.23008,F
497,1,HappyBirthday,773,2920.75,F,1,0.0946423,0.301427,173.011,45.9771,F
498,1,HappyBirthday,645,4015.81,M,1,0.00383904,0.826529,11.2771,1.25483,F
498,1,HappyBirthday,659,18980.2,M,1,0.712988,1.49108,149.807,415.278,F
499,1,HappyBirthday,319,6570.07,F,1,0.00533184,1.60494,8.14768,1.7296,F
499,1,HappyBirthday,759,34675.2,M,1,0.042192,1.17788,150.48,16.7342,F
500,1,HappyBirthday,70,2555.01,M,1,0.399586,0.206119,2135.35,191.931,F
500,1,HappyBirthday,710,4380.04,F,1,0.0789943,0.0327423,71.4252,34.1686,F
500,1,HappyBirthday,996,8760.52,F,1,0.00520372,0.680131,92.578,1.77046,F
501,1,HappyBirthday,14,3285.56,M,1,0.00578897,0.0610489,45.451,1.93049,F
501,1,HappyBirthday,357,8030.8,M,1,0.00602075,0.0387682,36.0063,1.99243,F
501,1,HappyBirthday,999,4380.08,F,1,5.46907e-05,0.891161,49.4894,0.0190328,F
502,1,HappyBirthday,353,1460.1,M,1,0.00144011,0.257314,67.5305,0.585008,F
502,1,HappyBirthday,387,4380.58,M,1,0.0996702,13.9108,83.5583,34.6007,F
502,1,HappyBirthday,502,5840.58,M,1,0.00502878,0.167081,122767,41.9852,F
502,1,HappyBirthday,715,3650.55,M,1,0.0019948,0.22741,0.101377,0.620901,F
503,1,HappyBirthday,165,5110.93,M,1,0.00179491,0.366765,174113,17.1608,F
503,1,HappyBirthday,356,5110.58,M,1,0.323435,0.234896,12783.4,1586.77,F
503,1,HappyBirthday,572,24090.5,M,1,0.00116638,0.0628722,16.7909,0.387362,F
503,1,HappyBirthday,909,10585.3,M,1,0.176797,1.29619,39282.8,1622.37,F
503,1,HappyBirthday,943,2920.56,M,1,0.0766692,3.56146,10507,33.7317,F
504,1,HappyBirthday,654,4015.43,M,1,0.0636868,0.250363,68.3581,23.6954,F
506,1,HappyBirthday,522,8760.85,F,1,4.53915e-05,0.343747,7056.8,0.268917,F
506,1,HappyBirthday,706,4015.88,M,1,0.00330611,0.220779,1.42471,1.03216,F
506,1,HappyBirthday,994,17520.7,F,1,0.00755148,0.490285,50.018,2.6095,F
507,1,HappyBirthday,147,2555.23,F,1,0.0156766,0.0261585,7888.34,5.3674,F
507,1,HappyBirthday,265,730.316,M,1,0.181205,0.0187448,52.1275,76.9104,F
507,1,HappyBirthday,590,20441,F,1,0.0044702,0.87857,1.97469,1.40468,F
507,1,HappyBirthday,598,730.694,F,1,0.0333021,0.0446438,87729.9,462.868,F
508,1,HappyBirthday,85,6570.89,M,1,0.0633958,0.832825,11.6369,21.2858,F
508,1,HappyBirthday,777,6205.46,M,1,0.000121017,1.96538,16.1507,0.0400701,F
509,1,HappyBirthday,71,3285.39,F,1,0.0835783,0.0807109,119687,1165.87,F
509,1,HappyBirthday,176,24820.1,F,1,0.424953,0.0803835,7223.46,708.767,F
509,1,HappyBirthday,249,4745.67,F,1,0.000122264,6.98482,30.1975,0.0428639,F
509,1,HappyBirthday,643,730.224,F,1,0.300149,0.0392564,13346.4,1581.17,F
509,1,HappyBirthday,799,22265.6,M,1,0.119133,1.30328,187.483,49.6252,F
510,1,HappyBirthday,337,4015.29,F,1,0.321941,3.21626,23926.7,986.766,F
510,1,HappyBirthday,782,12775,M,1,0.817283,0.576749,596.401,567.861,F
511,1,HappyBirthday,97,10585.8,M,1,0.010825,3.00047,54.5403,3.62998,F
511,1,HappyBirthday,439,2555.32,M,1,0.0200535,0.231489,91.7758,7.01729,F
511,1,HappyBirthday,689,21170.3,F,1,0.00236994,3.96165,52.5369,0.800381,F
511,1,HappyBirthday,767,5840.99,F,1,0.235095,0.00559868,29435.4,693.948,F
511,1,HappyBirthday,857,13871,F,1,0.000874557,8.61349,108584,6.56905,F
512,1,HappyBirthday,344,8030.35,M,1,0.00436357,0.60287,162.584,1.70015,F
512,1,HappyBirthday,705,33215.8,F,1,0.00975728,1.32449,39.8236,3.24336,F
512,1,HappyBirthday,977,1095.24,F,1,3.18948e-06,0.450401,23983.4,0.020277,F
513,1,HappyBirthday,228,730.5,M,1,0.00244409,0.27528,186.093,1.07431,F
513,1,HappyBirthday,236,1825.08,F,1,0.322834,4.09188,13318.6,749.645,F
513,1,HappyBirthday,966,5110.45,F,1,0.00513038,0.130289,662.129,5.42375,F
514,1,HappyBirthday,266,13870.8,F,1,0.069574,2.0967,93.1333,26.5407,F
514,1,HappyBirthday,1022,365,F,1,0.00211953,0.196112,79.94,0.733828,F
514,1,HappyBirthday,695,5475.37,F,1,0.000369697,0.4259,7229.25,1.05214,F
514,1,HappyBirthday,789,25550.5,M,1,0.140337,0.455481,27.2937,53.1796,F
514,1,Births,1063,0,M,0,0,0.0343533,0,0,F
515,1,HappyBirthday,409,25915.2,F,1,0.439967,19.6813,11316.8,1241.6,F
515,1,HappyBirthday,621,4380.3,F,1,0.176954,0.233986,22275.2,1192.31,F
516,1,HappyBirthday,413,13870.7,F,1,0.0900413,0.57957,11208.6,362.219,F
516,1,HappyBirthday,942,8030.24,F,1,0.371028,0.724599,21468.6,301.083,F
517,1,HappyBirthday,772,5110.29,F,1,0.0416107,0.0123368,48400.2,386.443,F
518,1,HappyBirthday,34,20440.1,M,1,0.00613519,0.324468,599.253,6.09247,F
518,1,HappyBirthday,123,2920.27,M,1,0.00162891,1.52061,1979.53,0.901103,F
518,1,HappyBirthday,215,17885.9,F,1,0.00999011,0.305141,23618.8,11.6698,F
518,1,HappyBirthday,235,16425.8,F,1,0.0152734,7.71508,15.7011,5.1599,F
518,1,HappyBirthday,833,4745.44,M,1,7.13675e-05,2.17603,48766.6,0.0947051,F
518,1,HappyBirthday,856,5840.53,F,1,0.00123808,1.21657,95721.3,8.66053,F
519,1,HappyBirthday,145,12775.7,F,1,0.0574156,3.38762,57.9383,19.8262,F
519,1,HappyBirthday,240,2555.94,F,1,0.106608,0.833505,47.9779,37.5565,F
520,1,HappyBirthday,555,1095.96,F,1,0.354305,0.0531719,959.409,185.403,F
520,1,HappyBirthday,646,12775.5,M,1,0.0532477,5.29259,283.727,20.8916,F
521,1,HappyBirthday,117,8395.62,M,1,0.0089548,0.0944241,13097.5,8.39575,F
521,1,HappyBirthday,668,2190.7,M,1,0.114528,0.440223,1867.17,126.871,F
522,1,HappyBirthday,415,32850.8,M,1,0.00360918,0.834593,32.6028,1.30246,F
522,1,HappyBirthday,538,9125.92,F,1,0.0238684,0.827609,57.9894,7.885,F
523,1,HappyBirthday,393,4015.92,F,1,0.000504269,2.05946,142686,5.30314,F
524,1,HappyBirthday,101,6570.51,M,1,0.000554969,0.322838,31778.8,0.678383,F
524,1,HappyBirthday,136,15330.5,M,1,0.0234293,0.707246,19.019,7.60881,F
524,1,Births,1064,0,F,0,0,0.0202143,0,0,F
525,1,HappyBirthday,494,8395.09,F,1,0.046915,1.89712,13.5544,15.3986,F
526,1,HappyBirthday,108,13140.1,F,1,0.00884304,0.109953,27.1735,2.85159,F
526,1,HappyBirthday,311,2920.64,F,1,0.000330723,2.71111,1.28063,0.103474,F
526,1,HappyBirthday,714,4745.07,F,1,0.300979,0.0529828,11457.6,586.239,F
526,1,HappyBirthday,896,12775.6,F,1,0.0002045,4.32488,30533.5,1.46495,F
526,1,Births,1065,0,M,0,0,2.07459,0,0,F
527,1,HappyBirthday,88,2920.1,M,1,0.00293896,0.700029,0.305292,0.915379,F
527,1,HappyBirthday,475,8030.49,M,1,0.135056,0.457657,7808.82,257.481,F
528,1,HappyBirthday,31,6570.14,F,1,0.00494309,0.311299,68.7436,1.64219,F
528,1,HappyBirthday,364,8030.2,F,1,0.000243747,1.6605,0.376889,0.0758294,F
528,1,HappyBirthday,478,1825.05,F,1,0.00762152,0.573057,426.805,4.05435,F
528,1,HappyBirthday,675,11315.9,M,1,0.379486,7.92757,16044.9,383.778,F
528,1,HappyBirthday,722,16060.2,M,1,0.117359,0.738232,87.707,43.645,F
529,1,HappyBirthday,725,14600.5,M,1,0.0168531,0.0686243,315.662,11.8103,F
530,1,HappyBirthday,86,6570.97,F,1,0.000225466,12.3474,27445,1.40918,F
530,1,HappyBirthday,167,6935.1,F,1,0.00200794,1.18948,27.5982,0.677906,F
531,1,HappyBirthday,537,5840.67,F,1,0.0281425,0.484307,30473.6,92.7265,F
531,1,HappyBirthday,923,10585.6,F,1,1.39849e-05,0.130614,55440.6,0.146394,F
531,1,HappyBirthday,1023,365,M,1,0.238158,0.00746239,6123.14,102.914,F
532,1,HappyBirthday,257,12045.3,M,1,0.316622,4.63438,13030.9,1270.39,F
532,1,HappyBirthday,978,29565.8,F,1,0.000259181,0.532768,32.1931,0.0841926,F
532,1,HappyBirthday,989,13141,M,1,0.000891096,1.07766,131.354,0.366248,F
533,1,HappyBirthday,858,2920.7,M,1,0.28114,0.0795097,7.46922,103.473,F
534,1,HappyBirthday,1024,365,M,1,0.175652,0.0291271,1038.47,147.666,F
534,1,HappyBirthday,350,28105.5,F,1,0.000250513,2.66066,27.7305,0.0829708,F
535,1,HappyBirthday,49,13870.4,M,1,0.00296589,0.774075,25.2999,0.934452,F
535,1,HappyBirthday,253,12045.6,M,1,0.00162955,0.704148,272.414,0.516065,F
535,1,HappyBirthday,889,2555.28,F,1,0.132272,0.65849,1274.04,228.06,F
535,1,HappyBirthday,957,5475.1,F,1,0.191931,3.03033,92.4861,76.5609,F
536,1,HappyBirthday,74,5110.87,M,1,0.00125511,0.840097,13.5803,0.417055,F
536,1,HappyBirthday,269,11315.4,M,1,0.00393667,0.262737,8.51595,1.27531,F
536,1,HappyBirthday,625,2920.84,M,1,0.270503,3.41514,90.2734,109.733,F
536,1,HappyBirthday,901,1095.24,F,1,0.00034494,0.232894,6323.89,0.955765,F
537,1,HappyBirthday,931,2190.57,F,1,0.0424683,0.316464,607.449,16.6415,F
538,1,HappyBirthday,72,7665.29,M,1,2.42636e-05,0.462927,212125,0.249369,F
538,1,HappyBirthday,324,4745.23,M,1,0.858694,11.0533,3.2863,614.49,F
538,1,HappyBirthday,420,1460.43,M,1,0.656791,0.0579587,26761.5,1173.36,F
538,1,HappyBirthday,447,5475.75,M,1,0.658343,1.08049,184.802,339.336,F
538,1,HappyBirthday,693,6205.74,F,1,0.014536,4.82675,61.4838,5.92327,F
539,1,HappyBirthday,380,16060.9,F,1,2.48878e-06,2.19233,15977.4,0.0254576,F
539,1,HappyBirthday,434,5840.99,F,1,0.00509971,0.45519,65.4899,1.741,F
539,1,HappyBirthday,651,1825.8,F,1,0.289026,2.24771,2148.96,149.661,F
539,1,HappyBirthday,752,3650.04,M,1,0.000158419,7.744,18977.9,1.72984,F
540,1,HappyBirthday,162,9125.77,F,1,0.545739,4.19365,9.56349,249.271,F
540,1,HappyBirthday,190,8395.6,M,1,0.00150904,1.5397,58.5637,0.591023,F
540,1,HappyBirthday,255,730.447,M,1,0.000986821,0.142323,54145.7,1.44637,F
540,1,HappyBirthday,352,19711,F,1,0.00253935,0.130015,175.997,1.09417,F
540,1,HappyBirthday,898,5475.23,F,1,0.00791888,4.78377,27.5232,2.79922,F
541,1,HappyBirthday,276,2190.23,M,1,0.117295,0.982519,38.4165,42.2328,F
541,1,HappyBirthday,468,13870.1,M,1,0.512421,0.704885,7923.43,903.81,F
541,1,HappyBirthday,469,1460.78,F,1,0.0231027,0.496135,409.285,12.3559,F
541,1,HappyBirthday,520,3285.59,F,1,0.565857,0.538895,4949.55,433.213,F
541,1,HappyBirthday,734,1825.02,F,1,0.518766,0.359186,16064.5,1144.99,F
542,1,HappyBirthday,79,12045.7,M,1,0.00334635,0.681678,3244.02,1.09804,F
543,1,HappyBirthday,376,20075.7,F,1,0.198682,0.0606507,3504.43,306.367,F
544,1,HappyBirthday,333,3650.62,M,1,0.0885499,2.16435,15.3954,30.6197,F
544,1,HappyBirthday,407,2920.06,M,1,0.135464,0.0808647,62995.5,1557.83,F
544,1,HappyBirthday,1025,365,M,1,0.0073864,0.688873,465.525,3.95097,F
545,1,HappyBirthday,377,11315.8,M,1,0.284814,3.53814,42210.4,876.109,F
546,1,HappyBirthday,332,23725.9,F,1,0.0012954,0.274932,27.7382,0.446589,F
546,1,HappyBirthday,683,10950.9,F,1,0.0014194,1.28204,7.3056,0.447735,F
547,1,HappyBirthday,96,3285.9,M,1,0.000629597,1.49364,134.054,0.26019,F
547,1,HappyBirthday,503,11680.9,M,1,0.00305105,1.33723,87.9545,1.23341,F
547,1,HappyBirthday,936,13140.7,M,1,0.00581135,0.791275,17637.7,5.98279,F
547,1,HappyBirthday,959,1095.56,F,1,0.334089,0.0567688,2880.18,247.512,F
548,1,HappyBirthday,46,24820.9,M,1,5.64304e-05,0.114623,28090.7,0.393739,F
548,1,HappyBirthday,208,3285.03,M,1,0.0144873,0.657634,228.232,8.46358,F
548,1,HappyBirthday,701,2555.39,F,1,0.00296437,0.196782,59.9367,1.16856,F
548,1,HappyBirthday,791,32120.8,F,1,0.215027,0.26225,1693.87,88.3447,F
549,1,HappyBirthday,174,21536,F,1,7.71043e-05,0.494295,22888.9,0.451881,F
549,1,HappyBirthday,730,9490.28,F,1,0.000101807,0.504143,105031,1.52748,F
549,1,HappyBirthday,785,3285.48,M,1,0.00383527,1.177,1704.65,1.9594,F
549,1,HappyBirthday,829,23725,M,1,0.00792813,7.41718,222.068,3.99512,F
550,1,HappyBirthday,39,2920.99,M,1,9.95648e-06,0.151349,112485,0.154134,F
550,1,HappyBirthday,41,730.088,F,1,0.28082,0.590176,370.808,145.206,F
550,1,HappyBirthday,449,10220,F,1,0.725047,7.30174,3567.81,1118.45,F
550,1,HappyBirthday,490,9855.97,M,1,0.769907,4.98162,3679.98,1129.35,F
550,1,HappyBirthday,594,13141,M,1,0.00053294,12.1877,202.708,0.225314,F
550,1,HappyBirthday,736,9490.05,F,1,0.0200095,0.407036,176464,204.125,F
551,1,HappyBirthday,139,9490.23,M,1,0.000819636,0.465367,4.97718,0.259644,F
551,1,HappyBirthday,271,27375.4,M,1,0.0164094,0.077087,68.966,5.68695,F
551,1,HappyBirthday,893,14235.1,M,1,0.00258213,0.0398315,0.0535526,0.803573,F
552,1,HappyBirthday,35,15695.7,F,1,0.42998,1.3498,7801.08,1667.23,F
552,1,HappyBirthday,926,6205.14,F,1,0.922381,0.470993,695.976,1567.54,F
553,1,HappyBirthday,142,4380.26,F,1,0.0527287,2.97427,123877,527.149,F
553,1,HappyBirthday,194,5110.29,F,1,0.00795051,10.2937,11.0738,2.52878,F
553,1,HappyBirthday,341,25550.5,M,1,0.000181988,0.381723,16400.7,1.88729,F
553,1,HappyBirthday,567,12410.7,M,1,0.186737,0.615208,90594.3,1240.39,F
553,1,HappyBirthday,873,21900.2,M,1,0.105886,4.48123,90.8711,42.9586,F
554,1,HappyBirthday,451,26645.3,F,1,0.030865,12.0088,43.4702,10.72,F
554,1,HappyBirthday,511,7665.4,M,1,0.0440866,0.155894,27051,135.172,F
554,1,HappyBirthday,534,16790.4,F,1,0.220509,0.453728,335.01,117.076,F
554,1,HappyBirthday,677,1825.03,M,1,0.313262,0.0406984,193.354,137.802,F
555,1,HappyBirthday,65,7300.1,F,1,0.00119857,2.77947,47.0503,0.397361,F
555,1,HappyBirthday,66,730.752,M,1,0.133251,0.145139,0.603896,44.4442,F
556,1,HappyBirthday,517,12775.8,F,1,0.000143963,2.33107,15.8719,0.0459452,F
556,1,HappyBirthday,666,1095.82,F,1,0.188072,0.112313,98134.3,1316.16,F
556,1,HappyBirthday,703,4380.76,F,1,0.0140629,0.243428,48.9578,5.05304,F
556,1,HappyBirthday,783,31755.1,F,1,0.00768885,1.10256,14.1786,2.40393,F
556,1,HappyBirthday,905,13505.8,M,1,0.800713,2.48079,21.1786,527.981,F
557,1,HappyBirthday,17,1825.94,M,1,0.000739104,0.229937,172.327,0.305667,F
558,1,HappyBirthday,821,19345.9,F,1,0.0377553,2.62627,76.523,15.9972,F
559,1,HappyBirthday,532,8395.39,M,1,0.00472261,0.358824,29.0227,1.53768,F
559,1,HappyBirthday,790,18615.8,F,1,0.00147078,0.376258,3.20119,0.464076,F
559,1,HappyBirthday,1026,365,F,1,0.0067795,2.78595,110.132,2.47692,F
560,1,HappyBirthday,304,1825.03,F,1,0.33842,3.67636,2439.49,598.037,F
560,1,HappyBirthday,817,11680.6,M,1,0.0034002,0.561276,59.3675,1.2247,F
561,1,HappyBirthday,940,19710.5,M,1,0.0136844,4.56903,52.0361,5.26481,F
562,1,HappyBirthday,200,730.678,M,1,0.128817,0.571435,20588.1,1408.66,F
562,1,HappyBirthday,363,32120.1,M,1,0.0252823,4.04582,12659.4,11.4664,F
562,1,HappyBirthday,884,14236,M,1,9.96043e-05,2.42282,173236,0.949493,F
563,1,HappyBirthday,504,9855.91,F,1,0.425367,0.299399,155.289,271.041,F
564,1,HappyBirthday,581,9125.54,F,1,0.00724679,1.9329,12.09,2.26406,F
565,1,HappyBirthday,1027,365,F,1,0.00322607,0.405086,39756.8,4.24402,F
565,1,Births,1066,0,M,0,0,0.0992534,0,0,F
566,1,HappyBirthday,61,8030.68,M,1,0.597805,0.611052,7741.25,382.318,F
566,1,HappyBirthday,81,16060.5,M,1,0.00849448,0.43479,22.764,2.75404,F
566,1,HappyBirthday,614,9855.31,F,1,0.0890001,4.88314,1086.85,45.534,F
566,1,HappyBirthday,820,8395.33,M,1,0.00340968,0.863655,140.995,1.32379,F
567,1,HappyBirthday,143,4745.76,F,1,0.000520738,7.66656,0.0240708,0.161982,F
567,1,HappyBirthday,937,6570.81,M,1,0.00138705,4.0691,79.7122,0.493126,F
568,1,HappyBirthday,398,10585.8,M,1,0.129283,1.70735,23218.9,377.15,F
568,1,HappyBirthday,669,3650.55,M,1,0.171364,1.97796,19251.1,1319.56,F
568,1,Births,1067,0,F,0,0,0.0941746,0,0,F
569,1,HappyBirthday,32,1095.72,F,1,0.0429794,0.117058,19.24,14.9348,F
569,1,HappyBirthday,301,1825.19,M,1,0.479216,3.34147,55.5085,210.74,F
569,1,HappyBirthday,316,2920.11,F,1,0.169659,2.58594,59604.5,1786.86,F
569,1,HappyBirthday,531,9125.72,M,1,7.18461e-05,0.161324,64.0002,0.0245788,F
569,1,HappyBirthday,542,15695.7,M,1,0.500016,0.812329,31.3942,245.468,F
569,1,HappyBirthday,588,3285.94,M,1,9.97373e-05,0.162,2.41098,0.0311502,F
569,1,HappyBirthday,812,35040.1,F,1,0.0433114,4.90659,39.1182,14.5868,F
569,1,Births,1068,0,M,0,0,0.00495409,0,0,F
570,1,HappyBirthday,115,730.775,F,1,0.0549509,0.220228,54223.9,276.92,F
570,1,HappyBirthday,308,1460.27,M,1,0.687981,0.30543,1284.46,1206.01,F
571,1,HappyBirthday,87,5840.79,M,1,0.13781,0.152681,4.30347,47.0781,F
571,1,HappyBirthday,161,4745.12,F,1,0.00335449,0.292415,0.00109185,1.04429,F
571,1,HappyBirthday,221,16790.1,M,1,0.613135,0.433033,415.362,323.383,F
571,1,HappyBirthday,367,5840.8,F,1,0.000580518,3.60247,43625.4,0.688712,F
571,1,HappyBirthday,644,9855.2,F,1,0.679014,0.277772,969.798,376.09,F
571,1,Births,1069,0,M,0,0,0.00543567,0,0,F
572,1,HappyBirthday,1028,365,F,1,0.0168136,1.77752,3.7513,5.30597,F
572,1,HappyBirthday,1029,365,F,1,0.637238,0.394237,3738.38,360.609,F
572,1,HappyBirthday,895,8030.58,F,1,0.0123629,0.339559,58.3273,4.20331,F
572,1,HappyBirthday,974,5475.61,F,1,0.120304,0.209644,117.999,49.7157,F
573,1,HappyBirthday,761,8030.74,M,1,0.00556653,1.94016,32.7523,1.92343,F
574,1,HappyBirthday,287,7300.89,F,1,0.000435112,2.37225,33804.1,0.543373,F
574,1,HappyBirthday,633,9490.36,M,1,0.0276125,11.0677,467.726,23.5025,F
574,1,HappyBirthday,1030,365,F,1,0.0388873,0.104491,198498,402.928,F
574,1,Births,1070,0,F,0,0,0.00152117,0,0,F
575,1,HappyBirthday,612,6570.29,M,1,0.00700875,0.297366,55.8288,2.77777,F
576,1,HappyBirthday,875,8030.55,F,1,0.00253604,20.1623,38.0786,0.832103,F
576,1,HappyBirthday,954,5110.39,M,1,0.000367797,1.88586,16233.5,1.79045,F
577,1,HappyBirthday,314,21170.6,F,1,0.0524244,0.366133,291.649,29.8512,F
578,1,HappyBirthday,306,1095.97,M,1,0.00185208,0.25706,160813,17.16,F
579,1,HappyBirthday,422,12775.1,M,1,0.00208959,0.274075,11.2749,0.68683,F
579,1,HappyBirthday,793,6935.17,F,1,0.0774153,1.23468,105.109,29.3516,F
580,1,HappyBirthday,22,8760.08,M,1,0.64869,0.900144,204.431,393.886,F
581,1,HappyBirthday,189,6570.98,M,1,0.370568,0.385114,4.76344,144.005,F
581,1,HappyBirthday,197,8760.53,M,1,0.0237061,1.83074,5068.39,8.98393,F
581,1,HappyBirthday,222,9855.22,M,1,0.581882,0.651067,20443.8,1234.82,F
581,1,HappyBirthday,342,1095.12,F,1,0.0363905,0.249382,28427.4,114.734,F
582,1,HappyBirthday,156,2555.59,F,1,0.0338485,0.0671042,4.81846,10.9603,F
582,1,HappyBirthday,894,2190.74,M,1,0.345239,0.76636,18.1999,131.833,F
583,1,HappyBirthday,929,33580.8,M,1,0.000903178,0.249635,12.3513,0.285637,F
583,1,HappyBirthday,1031,365,M,1,0.0511358,0.0732264,144.432,20.8264,F
584,1,HappyBirthday,94,2555.6,M,1,0.0491226,0.738317,17709.6,544.408,F
584,1,HappyBirthday,237,1825.12,M,1,0.568098,0.00336252,3438.38,406.225,F
584,1,HappyBirthday,305,12045.9,M,1,0.00288881,4.86805,47.8066,0.956819,F
584,1,HappyBirthday,631,12410.4,F,1,0.000484667,8.6446,0.109621,0.150723,F
584,1,HappyBirthday,747,4380.18,M,1,0.00163067,0.688655,7.34182,0.521079,F
585,1,HappyBirthday,584,6570.22,M,1,0.0913326,18.2211,44.1878,32.8157,F
585,1,HappyBirthday,748,8030.55,F,1,0.00043631,4.24522,48.9069,0.148246,F
585,1,Births,1071,0,M,0,0,0.580328,0,0,F
586,1,HappyBirthday,95,1095.25,F,1,0.000209867,0.303069,216467,2.19208,F
586,1,HappyBirthday,403,730.873,F,1,0.0516244,0.0479016,12745.7,49.9728,F
586,1,HappyBirthday,776,1825.6,F,1,0.00217168,0.0953647,247.903,1.14348,F
586,1,HappyBirthday,843,10950.5,M,1,0.00150782,0.849972,93.3084,0.543942,F
587,1,HappyBirthday,251,16060.5,M,1,0.00377662,0.218332,25.16,1.2235,F
588,1,HappyBirthday,76,20805,M,1,0.00646559,0.320753,2.17408,2.01596,F
588,1,HappyBirthday,618,6570.68,M,1,0.0049666,0.0824381,11770.2,4.40239,F
589,1,HappyBirthday,258,22265.9,M,1,0.320239,2.19336,33131.4,1639.21,F
589,1,Births,1072,0,M,0,0,0.405756,0,0,F
590,1,HappyBirthday,721,19345.5,M,1,0.360769,4.51434,14.8616,149.399,F
590,1,HappyBirthday,920,1460.1,M,1,0.0138745,1.60541,25179.9,139.333,F
591,1,HappyBirthday,1032,365,F,1,0.00737776,0.102065,40.5001,2.64062,F
591,1,HappyBirthday,814,26280.1,M,1,0.000802446,1.22348,14.3366,0.258175,F
592,1,HappyBirthday,369,7300.12,F,1,0.614825,11.5057,15080.8,456.124,F
592,1,HappyBirthday,881,3285.01,M,1,0.0205876,48.5179,66380.4,108.52,F
593,1,HappyBirthday,484,14235.4,F,1,0.000403614,0.661385,29.2477,0.131829,F
593,1,HappyBirthday,557,1095.24,M,1,0.0842534,0.273417,100.198,33.4933,F
593,1,HappyBirthday,1033,365,M,1,0.00242998,0.160928,170.608,0.938764,F
595,1,HappyBirthday,75,7300.32,F,1,0.627278,0.363987,1291.49,475.658,F
595,1,HappyBirthday,454,17885.1,F,1,0.00111991,1.34318,9.90716,0.354224,F
595,1,HappyBirthday,810,10220.2,M,1,0.000413194,2.60753,171616,3.956,F
595,1,HappyBirthday,850,3285.21,F,1,0.563268,1.18353,20.1607,260.483,F
595,1,HappyBirthday,986,2920.5,M,1,0.0626378,0.0624405,7900.54,23.7258,F
596,1,HappyBirthday,408,5110.22,M,1,0.738991,6.38883,76.3506,450.298,F
597,1,HappyBirthday,57,12410.1,F,1,0.00020254,0.329428,0.412168,0.0630134,F
597,1,HappyBirthday,462,13140.2,M,1,0.00367929,2.70785,50.7668,1.3688,F
597,1,HappyBirthday,918,21170.2,M,1,0.917921,0.0261317,200.898,1093.82,F
598,1,HappyBirthday,10,6570.79,F,1,0.000782447,1.50334,0.996161,0.243773,F
598,1,HappyBirthday,212,7665.82,M,1,0.17453,0.378793,93.2866,73.6179,F
598,1,Births,1073,0,M,0,0,0.0207217,0,0,F
599,1,HappyBirthday,453,6935.8,M,1,0.523828,2.9612,5249.14,691.099,F
599,1,HappyBirthday,589,4015.53,F,1,0.394984,0.698493,9165.72,1629.29,F
600,1,HappyBirthday,126,4380.74,M,1,0.00720127,0.10904,1.84855,2.26129,F
600,1,HappyBirthday,378,13140.8,F,1,0.152974,5.05049,66431.1,1774.45,F
600,1,HappyBirthday,496,4380.51,M,1,1.93793e-07,3.51437,55258.4,0.000730069,F
600,1,HappyBirthday,636,10220.3,M,1,0.00127179,6.70522,97.8787,0.544484,F
601,1,HappyBirthday,667,4745.82,M,1,1.74774e-05,2.61682,9.91424,0.00567085,F
601,1,HappyBirthday,696,6935.19,M,1,0.166428,10.4083,190.706,70.2157,F
601,1,HappyBirthday,897,4015.57,M,1,0.0436125,0.265146,7612.01,34.5606,F
602,1,HappyBirthday,665,4015.09,F,1,0.504975,0.254531,976.291,240.376,F
602,1,HappyBirthday,688,3650.54,M,1,0.207418,0.629779,7061.64,166.643,F
602,1,HappyBirthday,798,4380.06,M,1,0.00365792,0.992756,6.49533,1.15128,F
603,1,HappyBirthday,73,1825,F,1,0.0892885,0.0825578,1251.1,51.2001,F
603,1,HappyBirthday,170,12045.7,M,1,0.94027,3.55199,24.3115,906.323,F
603,1,HappyBirthday,389,730.103,F,1,0.117468,1.37497,197.113,51.6682,F
603,1,HappyBirthday,616,1460.11,F,1,0.000424518,0.215904,62979.2,0.80702,F
604,1,HappyBirthday,110,730.13,F,1,0.116702,0.0150267,77329.6,1577.05,F
605,1,HappyBirthday,501,16060.4,F,1,0.165128,1.40974,45800.5,229.695,F
606,1,HappyBirthday,519,4745.7,F,1,0.000569022,0.245377,224.466,0.265883,F
606,1,HappyBirthday,700,16061,F,1,0.715881,3.09585,406.684,407.11,F
606,1,HappyBirthday,927,16790.7,M,1,0.39885,1.14774,22219.1,1134.38,F
607,1,HappyBirthday,83,1095.19,F,1,0.110702,0.0537155,9.25655,37.3339,F
607,1,HappyBirthday,310,5840.84,F,1,0.000395565,0.243047,1.26552,0.123252,F
607,1,HappyBirthday,379,12045.8,F,1,0.226055,0.439159,71863.6,1350.56,F
607,1,HappyBirthday,1034,365,M,1,0.00690079,0.0788511,8.71945,2.15786,F
608,1,HappyBirthday,25,730.063,M,1,0.108659,0.108453,478.649,41.7824,F
608,1,HappyBirthday,991,15330.8,M,1,1.06987e-06,1.761,106239,0.0161728,F
609,1,HappyBirthday,883,7300.63,F,1,0.0350577,0.200234,8897.79,119.001,F
610,1,HappyBirthday,396,4015.19,F,1,0.00156488,0.410781,141.715,0.732197,F
611,1,HappyBirthday,196,4380.87,M,1,0.157303,5.00419,12020.7,1405.71,F
611,1,HappyBirthday,471,6935.43,M,1,0.0012898,0.602757,74.2345,0.441864,F
613,1,HappyBirthday,226,14600.5,F,1,0.605456,9.50012,1407.99,364.264,F
613,1,HappyBirthday,292,5840.88,F,1,0.352657,0.161723,4584.65,403.332,F
613,1,HappyBirthday,323,2555.32,M,1,0.220347,0.394489,45762,296.104,F
613,1,HappyBirthday,460,15330.5,M,1,0.000575555,1.05312,14.7419,0.190378,F
613,1,HappyBirthday,801,8030.44,F,1,0.178565,1.75938,33400.9,574.865,F
614,1,HappyBirthday,9,5110.23,M,1,0.000131443,1.19854,0.0692693,0.0408363,F
614,1,HappyBirthday,160,5475.22,M,1,0.0487754,2.10841,3658.74,67.8334,F
614,1,HappyBirthday,294,1825.07,M,1,0.23291,0.18996,42.7617,83.2175,F
614,1,HappyBirthday,637,4745.71,M,1,0.0266585,0.296308,2450.14,24.5392,F
614,1,HappyBirthday,657,17155.9,M,1,0.0152162,1.46494,4799.78,5.63805,F
615,1,HappyBirthday,544,730.893,F,1,0.550187,0.00729712,11337.6,466.979,F
615,1,HappyBirthday,545,27375.3,F,1,0.50347,14.9602,2231.3,228.606,F
616,1,HappyBirthday,26,2190.08,F,1,0.0014662,3.04849,49.9322,0.489028,F
616,1,HappyBirthday,512,6935.03,F,1,0.0135924,0.276596,26573.2,16.2646,F
616,1,HappyBirthday,536,18250.3,F,1,3.4915e-06,0.0302773,4.10872,0.0010902,F
616,1,HappyBirthday,568,1460.04,M,1,0.129084,0.061398,77.875,54.0509,F
616,1,HappyBirthday,969,8030.66,M,1,0.000825349,2.34929,37305,6.84419,F
617,1,HappyBirthday,5,24455.6,M,1,0.649437,0.1294,2891.99,582.743,F
617,1,HappyBirthday,458,730.13,F,1,0.074458,0.455025,22139.1,87.0207,F
617,1,HappyBirthday,489,16060.8,F,1,0.183685,0.38492,84048.2,1087.86,F
617,1,HappyBirthday,565,6935.1,F,1,0.0739309,2.58588,124.706,28.9151,F
617,1,HappyBirthday,1001,730.391,M,1,0.0139175,0.031848,15.1855,4.69009,F
618,1,HappyBirthday,277,17520.8,F,1,0.00279792,6.42562,43.0886,0.932353,F
618,1,HappyBirthday,577,6570.56,M,1,0.00306143,5.43575,40933,3.99368,F
619,1,HappyBirthday,428,730.445,M,1,0.000831589,1.8512,1428.96,1.50535,F
619,1,HappyBirthday,768,15330.1,F,1,0.830836,2.93694,28.8051,584.962,F
621,1,HappyBirthday,416,10220.4,F,1,0.540632,0.809658,4096.59,306.075,F
621,1,HappyBirthday,877,14235.1,M,1,0.0113048,0.19862,7.67944,3.56141,F
622,1,HappyBirthday,724,2555.92,M,1,6.75955e-05,0.653479,39.2079,0.022295,F
623,1,HappyBirthday,56,14600.1,F,1,0.0129444,0.38022,357.87,5.31087,F
623,1,HappyBirthday,679,8395.92,F,1,0.529493,43.0128,20.4518,241.239,F
625,1,HappyBirthday,548,4745.57,F,1,0.0170451,0.0113438,60.532,5.77156,F
625,1,HappyBirthday,932,31390.9,F,1,0.13792,1.66907,51510.3,183.069,F
626,1,HappyBirthday,99,1460.81,F,1,0.0196794,1.8941,5978.6,105.599,F
626,1,HappyBirthday,562,1460.61,F,1,0.0012525,2.1606,50551.9,1.5465,F
626,1,HappyBirthday,694,12045.9,M,1,0.00265085,1.13515,20363.8,2.80897,F
626,1,HappyBirthday,743,3285.29,F,1,0.00958915,0.477613,30.9762,3.10273,F
626,1,HappyBirthday,839,8030.57,M,1,0.499693,7.61826,1016.56,513.359,F
627,1,HappyBirthday,595,28105.3,F,1,0.126332,9.00166,12905.3,1183.83,F
628,1,HappyBirthday,480,9490.15,M,1,0.000640641,0.0629803,126.846,0.292676,F
628,1,HappyBirthday,498,2920.2,M,1,0.0311917,0.123214,46.7298,12.1495,F
628,1,HappyBirthday,1036,365,F,1,0.0947861,0.0257924,4.89813,31.5769,F
628,1,HappyBirthday,775,22265.4,M,1,0.461787,0.374464,5333.8,201.009,F
628,1,HappyBirthday,1035,365,F,1,0.000237235,0.261063,3136.72,0.33411,F
629,1,HappyBirthday,4,17885.5,M,1,0.216049,0.108111,25447.9,1350.26,F
629,1,HappyBirthday,375,3285.33,F,1,0.000503869,0.167242,0.89529,0.156841,F
629,1,HappyBirthday,485,9490.14,M,1,0.0051191,15.051,119.517,2.00752,F
630,1,HappyBirthday,24,18980.1,M,1,0.000631368,0.277589,1398.34,0.571354,F
630,1,HappyBirthday,90,30660.4,F,1,0.0121058,0.637908,28345.7,58.5293,F
630,1,HappyBirthday,744,9855.96,F,1,1.69646e-07,0.152906,7556.34,0.0004962,F
630,1,HappyBirthday,764,1825.09,M,1,0.00651096,0.477803,11.7611,2.13481,F
631,1,HappyBirthday,38,1095.4,F,1,0.219995,0.0250149,59871.9,772.789,F
631,1,HappyBirthday,59,2920.86,F,1,0.402689,0.116778,7.4951,165.703,F
631,1,HappyBirthday,242,25550.9,F,1,0.562428,26.1755,12481.8,339.302,F
631,1,HappyBirthday,280,5110.52,F,1,0.000387873,0.172253,21.6798,0.124143,F
632,1,HappyBirthday,89,5475.72,M,1,0.176569,0.482835,342.69,76.7755,F
632,1,HappyBirthday,336,2555.85,M,1,0.000296419,1.45571,9.1706,0.0958824,F
632,1,HappyBirthday,425,730.167,M,1,0.000517537,0.138637,33.1375,0.17395,F
632,1,HappyBirthday,477,9855.16,F,1,0.00280832,0.610724,90.1288,1.16705,F
632,1,HappyBirthday,717,27375.3,M,1,0.000931495,0.334372,142.877,0.353015,F
632,1,HappyBirthday,917,13505.7,F,1,0.000165056,1.24006,61.1248,0.0567026,F
633,1,HappyBirthday,950,15695.3,M,1,0.00186819,2.04655,23.8234,0.600492,F
634,1,HappyBirthday,216,13505.4,M,1,3.75231e-05,3.93602,18539.6,0.322503,F
634,1,HappyBirthday,533,2555.37,F,1,0.010428,0.225185,87.1816,3.74427,F
634,1,HappyBirthday,800,1460.31,F,1,0.0549322,0.145973,32844.3,196.278,F
635,1,HappyBirthday,1037,365,M,1,0.151978,0.0308751,20.0828,52.6969,F
637,1,HappyBirthday,256,11680.9,F,1,0.299808,59.201,34.7379,111.067,F
637,1,HappyBirthday,670,13140.3,M,1,0.0320697,0.761304,39983.9,129.961,F
638,1,HappyBirthday,508,7300.31,F,1,0.000115796,0.386871,34.6809,0.038314,F
638,1,HappyBirthday,587,2555.1,F,1,0.00023838,15.2881,9.5705,0.0766808,F
638,1,HappyBirthday,985,4015.03,M,1,0.752165,0.0814551,2395.51,1722.29,F
639,1,HappyBirthday,169,8395.08,M,1,0.0356459,0.813052,1343.67,19.0716,F
639,1,HappyBirthday,179,6205.09,M,1,0.293715,0.234973,50754.6,1488.33,F
639,1,HappyBirthday,288,2190.8,M,1,0.104299,0.620925,639.063,35.5076,F
639,1,HappyBirthday,427,3285.15,F,1,0.190101,0.0123178,106.707,76.1572,F
639,1,HappyBirthday,571,10220.6,F,1,0.00100632,30.3973,2.3935,0.313143,F
639,1,HappyBirthday,827,5475.95,F,1,0.414564,0.71853,1097.1,301.481,F
640,1,HappyBirthday,168,10951,F,1,0.831891,1.3447,290.089,572.414,F
640,1,HappyBirthday,252,2555.19,F,1,0.0424501,0.0972566,4.51203,13.568,F
640,1,HappyBirthday,300,1095.32,M,1,0.728102,0.232652,788.069,477.72,F
640,1,HappyBirthday,404,18980.5,M,1,0.588842,3.64032,102.014,288.147,F
640,1,HappyBirthday,615,3650.38,M,1,0.203824,0.647226,3761.83,836.912,F
640,1,HappyBirthday,630,22265.3,M,1,0.00696292,9.19497,108.12,2.4014,F
640,1,HappyBirthday,739,22630.9,F,1,0.000897087,0.408574,102.05,0.318174,F
640,1,HappyBirthday,853,10950.3,F,1,0.592311,0.262327,18798.5,772.081,F
641,1,HappyBirthday,207,34675.4,F,1,0.0403022,5.08322,1885.12,12.8053,F
642,1,HappyBirthday,18,12410.7,M,1,0.0420008,3.10018,8.97387,13.5084,F
642,1,HappyBirthday,904,10585.6,F,1,0.0742051,11.8125,73.3917,27.187,F
643,1,HappyBirthday,55,6570.8,M,1,0.088105,0.0408432,53.3475,34.409,F
643,1,HappyBirthday,320,14235.7,M,1,0.104233,14.9374,33.9191,39.6488,F
643,1,HappyBirthday,392,18615.1,F,1,0.00144842,3.54756,4.74989,0.461316,F
643,1,HappyBirthday,528,3285.58,M,1,0.0264971,0.272626,120.321,10.9995,F
643,1,HappyBirthday,742,4015.81,F,1,0.0455565,0.326545,5649.93,42.4487,F
644,1,HappyBirthday,131,9855.97,F,1,0.000961903,8.9945,50.2834,0.367863,F
644,1,HappyBirthday,1038,365,M,1,0.239826,0.255752,67967.3,1485.09,F
645,1,HappyBirthday,98,12775.3,M,1,0.000516134,0.501239,34477.9,0.649262,F
645,1,HappyBirthday,227,33945.4,M,1,0.840318,0.189231,1.4721,570.22,F
646,1,HappyBirthday,658,5475.52,F,1,0.069854,0.145308,136.498,31.4513,F
646,1,HappyBirthday,787,8030.93,F,1,0.421438,0.979733,419.749,202.564,F
648,1,HappyBirthday,452,13140.4,F,1,0.416059,2.10283,770.506,381.242,F
649,1,HappyBirthday,412,4380.56,M,1,0.0918757,0.825208,21155.2,269.685,F
650,1,HappyBirthday,497,7665.83,F,1,0.0235874,3.37768,1236.36,15.0773,F
651,1,HappyBirthday,672,8395.49,M,1,0.0060481,0.296011,11.0199,1.97591,F
651,1,HappyBirthday,861,5840.07,F,1,0.00134379,3.21675,149.448,0.542226,F
651,1,HappyBirthday,900,1095.54,F,1,0.00238108,0.156941,23470.1,2.69194,F
652,1,HappyBirthday,410,17520.9,M,1,0.00570641,14.1701,68.3501,2.36358,F
653,1,HappyBirthday,473,3650.33,M,1,0.101832,0.145573,49.5287,35.9632,F
653,1,HappyBirthday,622,3285.69,F,1,0.00584381,0.721252,75.5174,2.0146,F
653,1,HappyBirthday,642,11680.7,M,1,0.619324,0.0174207,2951.05,760.392,F
653,1,HappyBirthday,830,4015.28,M,1,0.465167,0.403567,21780.9,898.779,F
654,1,HappyBirthday,64,4745.04,M,1,0.135684,0.210567,3265.72,99.1125,F
654,1,HappyBirthday,373,4380.93,M,1,0.00792513,0.232634,9.09071,2.54957,F
654,1,HappyBirthday,527,14965.1,F,1,0.115411,0.31487,103.985,44.0146,F
654,1,HappyBirthday,592,730.382,M,1,0.000666095,6.49203,87189.5,9.02242,F
654,1,HappyBirthday,656,18250.5,M,1,0.0114994,3.49205,57.6177,4.2749,F
654,1,HappyBirthday,713,3285.87,M,1,0.170885,3.76507,4259.87,118.09,F
654,1,HappyBirthday,886,6570.81,M,1,0.115719,0.293552,1980.88,136.003,F
654,1,HappyBirthday,939,10220.9,M,1,0.000383887,0.539158,16101.9,3.91417,F
655,1,HappyBirthday,593,2190.65,M,1,0.0207259,1.79405,635.27,6.54775,F
655,1,HappyBirthday,597,3650.48,F,1,0.00827502,0.0794218,808.656,3.33067,F
656,1,HappyBirthday,1000,16790.5,M,1,0.208405,0.140238,15366.9,1272.22,F
656,1,HappyBirthday,260,6935.71,F,1,0.00372828,0.81732,35.9561,1.20728,F
656,1,HappyBirthday,956,22265.4,F,1,0.495436,3.27717,22248.4,609.352,F
657,1,HappyBirthday,122,4015.99,M,1,0.0141841,0.671964,631.815,5.36321,F
657,1,HappyBirthday,349,9490.57,M,1,0.223137,2.13992,39650.2,586.061,F
657,1,HappyBirthday,479,1460.73,F,1,0.0236059,0.0839789,32.3548,7.96516,F
657,1,HappyBirthday,649,10950.9,M,1,0.00254608,1.266,0.022027,0.792481,F
657,1,HappyBirthday,755,6935.2,M,1,0.781141,2.46431,1139.14,540.588,F
657,1,HappyBirthday,828,10220.5,F,1,0.234459,0.48286,5881.11,1270.37,F
657,1,HappyBirthday,866,7300.69,F,1,0.0032612,6.91613,183.37,1.32078,F
658,1,HappyBirthday,92,34310.6,M,1,0.000100863,1.10457,34.7876,0.0333064,F
658,1,HappyBirthday,93,10950.6,F,1,0.00124176,1.40693,4.18091,0.393336,F
658,1,HappyBirthday,234,8030.75,F,1,0.00923583,0.735911,142.072,3.57779,F
658,1,HappyBirthday,731,8760.78,M,1,0.0010972,0.0534609,570.37,0.607685,F
658,1,HappyBirthday,763,9125.45,M,1,0.00276114,0.368513,3.21116,0.859573,F
659,1,HappyBirthday,312,1460.1,M,1,0.01096,7.3272,13.1604,3.63458,F
659,1,HappyBirthday,411,8395.1,M,1,0.0976219,2.19823,1.32286,32.1025,F
659,1,HappyBirthday,960,12775.6,M,1,0.212265,0.229309,2314.54,85.5518,F
659,1,HappyBirthday,973,2555.13,M,1,0.203523,0.125021,620.536,141.881,F
660,1,HappyBirthday,466,13870.5,M,1,0.753635,0.0549034,38.7565,457.058,F
660,1,HappyBirthday,558,3285.19,M,1,0.801906,0.0565079,17.9886,535.537,F
660,1,HappyBirthday,729,3285.96,M,1,3.48174e-05,0.326775,513.936,0.0192239,F
660,1,HappyBirthday,745,1825.36,F,1,3.54095e-05,4.44992,200903,0.354827,F
660,1,HappyBirthday,983,2920.37,F,1,0.149318,0.210664,273.83,72.3965,F
661,1,HappyBirthday,68,7300.53,M,1,4.9742e-05,0.285364,14.5936,0.0164829,F
661,1,HappyBirthday,1039,365,M,1,0.223194,0.286226,2023.26,465.246,F
661,1,HappyBirthday,461,9490.84,M,1,0.0023946,2.84286,22.8509,0.774528,F
661,1,HappyBirthday,704,1825.54,M,1,0.00486633,0.0645375,111.371,1.77913,F
661,1,Births,1074,0,F,0,0,0.0183163,0,0,F
662,1,HappyBirthday,113,24090.6,M,1,0.0333144,1.39269,65.8443,13.0334,F
663,1,HappyBirthday,109,14235.4,M,1,0.540452,0.455256,915.302,853.934,F
663,1,HappyBirthday,358,9125.48,F,1,0.000735242,0.509192,47.7817,0.240984,F
663,1,HappyBirthday,602,14965.2,M,1,0.0486815,1.00621,3403.52,80.0628,F
663,1,HappyBirthday,648,13140.6,F,1,0.0566203,1.36877,24.7652,19.3399,F
663,1,HappyBirthday,726,16790.7,M,1,0.311879,3.89289,388.252,178.158,F
664,1,HappyBirthday,116,10950.5,M,1,0.137483,9.48396,387.573,116,F
664,1,HappyBirthday,192,1825.13,F,1,0.0731591,2.15226,46.2473,29.0496,F
664,1,HappyBirthday,949,4745.87,M,1,0.000308296,0.0677938,0,0.0958513,F
665,1,HappyBirthday,286,5475.39,M,1,0.534223,2.84642,2026.19,878.508,F
665,1,HappyBirthday,443,20075.9,F,1,0.00305192,0.111718,27.9657,0.995483,F
665,1,HappyBirthday,488,10950.2,F,1,0.00215896,0.0243694,126.832,0.795818,F
665,1,HappyBirthday,514,2190.69,M,1,0.00394819,1.72706,2492.99,1.66803,F
665,1,HappyBirthday,709,5840.15,F,1,0.00237764,5.42741,42174.4,3.13109,F
665,1,HappyBirthday,792,22630,F,1,0.221135,0.391959,2396.6,85.2301,F
665,1,HappyBirthday,831,9855.78,F,1,0.00259203,0.163141,21.7776,0.884005,F
666,1,HappyBirthday,951,10585.3,F,1,0.900232,0.561338,21.5492,735.959,F
666,1,HappyBirthday,958,5110.02,F,1,0.00131356,1.2621,39.7664,0.43019,F
667,1,HappyBirthday,692,1460.47,M,1,0.000942264,1.20319,2428.65,1.32662,F
667,1,HappyBirthday,1040,365,M,1,0.0653545,0.217034,72.907,26.532,F
667,1,HappyBirthday,758,1460.9,F,1,0.0395009,0.0698315,2135.52,22.3647,F
668,1,HappyBirthday,244,10220.1,M,1,0.0529729,0.223228,67.7036,22.1674,F
668,1,HappyBirthday,440,28105.7,M,1,0.0102785,1.51387,3.5306,3.22601,F
668,1,HappyBirthday,638,9125.16,M,1,0.00119213,0.994261,2.74189,0.370925,F
668,1,HappyBirthday,650,34675.4,F,1,0.00108563,4.12596,41.8813,0.356179,F
668,1,HappyBirthday,795,4015.67,M,1,0.005026,1.46511,43.0462,1.68858,F
668,1,HappyBirthday,868,6570.95,F,1,0.00707177,1.08061,9.70396,2.20968,F
669,1,HappyBirthday,229,11315.2,M,1,9.35284e-05,3.40263,83828.1,1.2399,F
669,1,HappyBirthday,329,3285.66,M,1,0.199698,1.3998,2403.22,84.3744,F
669,1,HappyBirthday,740,6205.9,M,1,0.00514071,0.452897,31.5536,1.74308,F
669,1,Births,1075,0,F,0,0,0.010876,0,0,F
670,1,HappyBirthday,157,4380.51,F,1,0.0640785,1.99685,2.22163,20.8082,F
670,1,HappyBirthday,606,7300.5,F,1,0.00198323,2.77682,43.0191,0.742507,F
671,1,HappyBirthday,278,9490.16,M,1,0.179838,1.93302,144.589,75.2875,F
671,1,HappyBirthday,837,15330.2,F,1,0.00428246,0.84104,10.092,1.34286,F
671,1,HappyBirthday,933,15695.9,M,1,0.774063,0.11496,26.3536,507.222,F
672,1,HappyBirthday,366,29565.5,M,1,0.0012725,2.86542,4.27583,0.39597,F
673,1,HappyBirthday,272,3650.69,F,1,0.0134606,0.145515,9.29815,4.28884,F
673,1,HappyBirthday,436,9125.2,F,1,0.0139418,0.190329,29.0324,4.70115,F
673,1,HappyBirthday,476,5475.44,M,1,0.0138754,3.30444,766.313,9.55591,F
673,1,HappyBirthday,525,730.039,M,1,0.0119119,0.00969609,3420.32,5.00287,F
674,1,HappyBirthday,465,1460.49,M,1,0.585494,0.396872,887.494,1207.63,F
674,1,HappyBirthday,623,16790.6,F,1,0.0557595,0.178417,218.455,24.0143,F
674,1,HappyBirthday,847,2190.4,F,1,0.0699047,3.67431,47.6168,24.364,F
675,1,HappyBirthday,54,20805.6,F,1,0.146844,2.66067,13792.3,1177.61,F
675,1,HappyBirthday,578,3650.07,F,1,0.00020889,0.89715,22291.5,0.635212,F
675,1,HappyBirthday,756,12775.6,F,1,0.4314,3.76273,2952.14,249.658,F
675,1,HappyBirthday,922,8030,F,1,0.285939,5.10253,30.9898,118.999,F
676,1,HappyBirthday,78,1460.57,M,1,0.00690361,0.129022,2031.04,2.64627,F
676,1,HappyBirthday,225,1095.67,M,1,0.000827767,0.258383,11409,1.26822,F
676,1,HappyBirthday,354,8760.6,F,1,0.336842,1.47516,4952.79,298.832,F
676,1,HappyBirthday,1041,365,M,1,0.578038,0.186466,18.571,289.856,F
676,1,HappyBirthday,671,11315.6,M,1,0.0511944,0.307343,67.1234,18.5989,F
676,1,HappyBirthday,808,4380.88,M,1,0.075276,0.765103,1330.02,25.5614,F
677,1,HappyBirthday,1042,365,F,1,5.60471e-05,0.00668151,8659.83,0.12685,F
677,1,HappyBirthday,27,17155,M,1,0.000220306,0.00563664,7.4432,0.0691494,F
677,1,HappyBirthday,550,1825.44,M,1,0.0306266,0.83248,4.76316,9.73038,F
677,1,HappyBirthday,596,35040.9,F,1,0.0470237,7.22449,37.7886,16.0187,F
677,1,HappyBirthday,617,4745.79,M,1,0.00998794,4.21875,31.988,3.30171,F
677,1,Births,1076,0,M,0,0,0.00836839,0,0,F
678,1,HappyBirthday,140,7300.33,M,1,0.337751,1.36576,2632.55,497.455,F
678,1,HappyBirthday,180,2555.54,M,1,0.00310442,0.0388171,88.9008,1.32458,F
678,1,HappyBirthday,444,22265,M,1,0.535339,3.15306,130.588,291.435,F
678,1,HappyBirthday,600,1095.79,M,1,0.00561912,0.0580782,41.4489,1.76208,F
678,1,HappyBirthday,1043,365,M,1,0.613214,0.1411,171.008,299.701,F
679,1,HappyBirthday,77,7665.16,F,1,0.0157109,1.03818,34.6238,5.75849,F
679,1,HappyBirthday,82,21535.1,M,1,0.00910369,0.448348,185029,88.251,F
679,1,HappyBirthday,430,5110.63,F,1,0.00138385,0.420324,111.925,0.50198,F
679,1,HappyBirthday,854,33946,F,1,0.269714,2.37143,16342.2,1561.24,F
680,1,HappyBirthday,48,8760.62,F,1,0.00119601,0.0783008,17.1087,0.387226,F
680,1,HappyBirthday,173,23360.9,F,1,0.192692,1.44127,6670.66,71.8422,F
680,1,HappyBirthday,273,15695.2,F,1,0.0026919,2.92269,4504.77,11.6727,F
680,1,HappyBirthday,293,1095.21,F,1,0.179939,0.67276,92.0409,71.0205,F
680,1,HappyBirthday,632,31390.4,M,1,0.000621406,0.223317,222.206,0.262096,F
680,1,HappyBirthday,928,16425.2,F,1,0.00747698,1.58485,10.2591,2.33556,F
681,1,HappyBirthday,401,32485.5,F,1,0.148696,0.192086,8417.78,239.524,F
681,1,HappyBirthday,518,13140.2,F,1,0.00221799,1.97741,214.68,0.917178,F
681,1,HappyBirthday,523,6570.89,F,1,0.0593462,0.241638,856.68,20.9927,F
682,1,HappyBirthday,127,15330.6,F,1,0.14446,0.658749,4373.57,324.885,F
682,1,HappyBirthday,297,2555.65,F,1,0.0605311,0.340274,3.34679,19.5157,F
682,1,HappyBirthday,371,1460.76,M,1,0.00088392,0.700167,86.4253,0.305095,F
682,1,HappyBirthday,653,4380.38,M,1,0.00155679,0.310874,49.5638,0.582994,F
682,1,HappyBirthday,664,5110.47,M,1,0.00319609,1.27531,0.240396,0.995071,F
682,1,HappyBirthday,691,7665.87,M,1,0.00775019,1.72442,159.628,3.10591,F
682,1,HappyBirthday,712,13870.2,F,1,0.734195,1.5605,232.876,419.703,F
682,1,HappyBirthday,838,3285.68,M,1,0.0526365,1.01385,489.464,19.5432,F
682,1,HappyBirthday,965,3285.67,F,1,0.00283796,0.573503,305.156,1.28142,F
682,1,HappyBirthday,992,2190.86,M,1,0.175829,6.50976,169.599,76.477,F
683,1,HappyBirthday,28,35770.8,M,1,0.0198296,1.56676,33640.8,25.389,F
683,1,HappyBirthday,250,12410.3,M,1,0.438802,0.259137,15390.5,515.66,F
683,1,HappyBirthday,559,2920.1,F,1,0.00342756,0.125193,86.3244,1.1624,F
684,1,HappyBirthday,303,2555.26,F,1,0.080142,0.252311,1663.32,26.5069,F
684,1,HappyBirthday,516,30295.2,F,1,0.000848538,0.156239,1.17876,0.265281,F
684,1,Births,1077,0,F,0,0,0.047755,0,0,F
685,1,HappyBirthday,148,16425.7,M,1,0.0091248,2.10856,36.3771,3.361,F
685,1,HappyBirthday,347,6935.43,F,1,0.0227635,0.525416,195.724,9.31077,F
685,1,HappyBirthday,570,8030.4,M,1,0.56536,0.0543033,24.0431,274.171,F
686,1,HappyBirthday,450,730.771,F,1,0.00944434,0.33077,13.5489,3.00393,F
686,1,HappyBirthday,601,1825.33,M,1,0.0303424,6.1303,36560.1,76.315,F
687,1,HappyBirthday,749,19710.1,M,1,0.0124021,1.91635,1274.37,5.60765,F
687,1,HappyBirthday,771,14965.7,F,1,0.008521,0.375575,2406.59,23.4356,F
687,1,HappyBirthday,842,16790.9,M,1,0.0573857,0.467844,7.566,18.5627,F
688,1,HappyBirthday,275,25915.3,F,1,0.0349386,1.46656,5187.08,93.7381,F
688,1,HappyBirthday,315,3285.63,M,1,0.00277562,0.251442,0.080382,0.863897,F
688,1,HappyBirthday,639,3650.35,F,1,0.121287,0.128403,75579.7,702.506,F
688,1,HappyBirthday,916,21535,F,1,0.121015,0.223351,22.7521,44.6194,F
689,1,HappyBirthday,500,8030.98,M,1,0.102815,0.0658818,4808.86,303.621,F
690,1,Births,1078,0,F,0,0,0.29622,0,0,F
691,1,HappyBirthday,438,25185.3,M,1,9.35026e-05,1.84745,44898.3,0.121957,F
692,1,HappyBirthday,204,4380.42,F,1,0.0511622,0.980547,54.2978,18.3622,F
692,1,HappyBirthday,432,12045.9,F,1,7.4478e-05,0.589138,38.8303,0.027599,F
692,1,HappyBirthday,492,730.672,F,1,0.220675,0.305405,41.6741,87.3085,F
692,1,HappyBirthday,945,5475.97,F,1,0.16343,1.57719,608.686,64.1011,F
692,1,Births,1079,0,M,0,0,0.358992,0,0,F
693,1,HappyBirthday,153,8395.14,M,1,0.00239176,1.35822,142.907,0.924084,F
693,1,HappyBirthday,211,14965.6,M,1,0.167448,0.205409,25.8993,60.4906,F
693,1,HappyBirthday,339,10585.6,M,1,0.323696,5.72058,195.071,222.514,F
693,1,HappyBirthday,529,12045.6,F,1,0.179955,0.0427921,113.739,72.8745,F
693,1,HappyBirthday,990,5110.03,F,1,0.00543156,0.174302,128.074,1.98314,F
694,1,HappyBirthday,152,8030.39,F,1,0.0176581,0.108481,99.5041,6.11327,F
694,1,HappyBirthday,191,730.319,F,1,0.00210281,0.055697,29842.5,2.60063,F
694,1,HappyBirthday,206,6205.27,F,1,0.627025,0.00278554,74.244,369.933,F
695,1,HappyBirthday,1044,365,M,1,0.0101948,0.0931752,0.633528,3.18397,F
696,1,HappyBirthday,171,13870.1,F,1,0.000280333,1.77295,150494,2.49588,F
697,1,HappyBirthday,852,3285.57,M,1,0.0020528,4.41608,3.51734,0.641141,F
698,1,HappyBirthday,424,15695.9,M,1,0.000881465,0.14193,1.07603,0.274161,F
698,1,Births,1080,0,M,0,0,0.0779395,0,0,F
699,1,HappyBirthday,330,22265,F,1,0.00138068,0.234527,25.3624,0.468924,F
700,1,HappyBirthday,870,5475.45,M,1,0.532016,0.104442,9739.26,813.493,F
700,1,HappyBirthday,924,12775.3,F,1,0.0200924,0.135432,11.7649,6.31546,F
701,1,HappyBirthday,2,12045.4,M,1,0.365005,3.76256,123.654,147.004,F
701,1,HappyBirthday,309,2555.8,F,1,0.065846,0.685917,36254,493.63,F
701,1,HappyBirthday,867,8030.89,M,1,0.0350967,1.29885,24.6144,11.6811,F
701,1,Births,1081,0,M,0,0,0.304009,0,0,F
702,1,HappyBirthday,1045,365,F,1,0.0102331,0.0945194,103671,153.57,F
703,1,HappyBirthday,231,5475.46,F,1,0.635119,0.274436,1833.04,722.734,F
703,1,HappyBirthday,967,730.418,M,1,0.180964,0.525839,2497.7,236.718,F
704,1,HappyBirthday,21,20075.5,M,1,0.0113473,0.0769859,52.7056,3.81553,F
705,1,HappyBirthday,199,5110.64,F,1,0.0051783,0.743131,49.0043,1.84744,F
705,1,HappyBirthday,686,16425.5,F,1,0.0688722,0.486646,150066,1020.82,F
705,1,HappyBirthday,784,7665.13,F,1,0.00965802,4.37329,145.003,3.60364,F
706,1,HappyBirthday,442,11680.5,M,1,0.00117133,4.56524,6.8546,0.376617,F
706,1,HappyBirthday,786,20075.3,F,1,0.0034249,2.14853,83.6669,1.209,F
707,1,HappyBirthday,813,2920.14,M,1,0.0168726,0.348106,53999.5,153.093,F
707,1,HappyBirthday,844,5840.54,F,1,0.00109231,5.19856,651.572,1.06574,F
708,1,HappyBirthday,150,22265.4,M,1,0.533021,0.698489,20.0711,260.19,F
708,1,HappyBirthday,239,29930.7,M,1,0.00110603,0.280089,46404.5,1.50555,F
708,1,HappyBirthday,433,24820.3,M,1,0.0669696,1.33258,3309.28,23.6313,F
708,1,HappyBirthday,583,10950.7,M,1,0.625244,19.1297,18366,1158.47,F
709,1,HappyBirthday,241,17885.4,F,1,0.49896,0.458915,43.6141,225.277,F
709,1,HappyBirthday,569,7665.13,M,1,0.0091068,9.1193,69.1271,3.29857,F
709,1,HappyBirthday,823,8760.95,M,1,0.0464493,2.56203,37.8541,17.5097,F
711,1,HappyBirthday,219,6205.28,F,1,0.0460557,0.649597,344.832,16.1654,F
712,1,HappyBirthday,327,4015.93,M,1,0.00285248,0.25119,22.2188,0.973516,F
712,1,HappyBirthday,554,10585.1,F,1,0.00128971,3.77504,38.1414,0.452681,F
712,1,HappyBirthday,640,6570.87,M,1,0.00801255,4.10164,161.679,3.08858,F
713,1,HappyBirthday,328,13140.4,F,1,0.000263427,0.27158,24346.2,1.68768,F
713,1,HappyBirthday,579,5110.32,M,1,0.132685,0.188178,68.3059,51.5488,F
713,1,HappyBirthday,765,30660.1,M,1,0.00492151,0.194409,1224.21,7.73278,F
714,1,HappyBirthday,660,730.503,F,1,0.00115797,6.94768,0.00163842,0.35998,F
714,1,HappyBirthday,1046,365,M,1,0.0520375,0.0240028,2768.26,17.0035,F
714,1,HappyBirthday,912,14235.3,M,1,0.00145562,0.199411,3820.61,0.871357,F
714,1,HappyBirthday,930,7300.78,M,1,0.023986,0.518761,5152.52,46.0648,F
715,1,HappyBirthday,119,12045.9,M,1,0.000855276,0.0466273,18.2639,0.290387,F
715,1,HappyBirthday,448,2920.45,F,1,0.0430347,4.56338,580.533,42.4747,F
715,1,HappyBirthday,634,2920.46,M,1,0.15256,1.43502,43.4987,52.3872,F
715,1,HappyBirthday,825,12775.5,F,1,0.0541028,0.0888106,22.6111,18.2566,F
715,1,HappyBirthday,975,5475.19,M,1,0.000345746,6.15256,12990.3,1.47364,F
715,1,Births,1082,0,F,0,0,0.0631106,0,0,F
716,1,HappyBirthday,663,31755.6,F,1,0.00185124,0.395899,2.12811,0.580765,F
717,1,HappyBirthday,541,4745.81,M,1,0.0143748,2.12623,164.122,5.76325,F
717,1,Births,1083,0,M,0,0,0.104925,0,0,F
718,1,HappyBirthday,107,7300.07,F,1,0.00106045,1.49401,0.792719,0.329575,F
718,1,HappyBirthday,553,5475.41,F,1,0.321054,8.38407,2264.57,961.907,F
718,1,HappyBirthday,699,14965.2,F,1,0.00287225,1.83989,41.9864,0.948125,F
719,1,HappyBirthday,102,1825.13,F,1,0.0092044,7.98827,15211.4,7.71534,F
719,1,HappyBirthday,445,2920.37,M,1,0.00601814,2.96642,20.7822,2.01482,F
720,1,HappyBirthday,423,7665.18,M,1,0.161614,2.1236,103.118,57.7505,F
720,1,HappyBirthday,647,10950.9,M,1,0.570155,0.881646,17054.4,791.969,F
720,1,HappyBirthday,934,13505.2,M,1,0.912523,0.201215,37.1183,819.73,F
721,1,HappyBirthday,6,6205.11,M,1,0.130681,0.127404,511.994,50.4045,F
721,1,HappyBirthday,605,1460.41,F,1,0.00633113,0.230097,58.107,2.17027,F
722,1,HappyBirthday,446,1095.34,F,1,0.00432325,1.65614,53.5598,1.66098,F
722,1,HappyBirthday,684,730.256,M,1,0.673269,0.490886,12513.6,1848.19,F
723,1,HappyBirthday,209,2190.13,M,1,0.0136346,2.93072,35.7014,4.79993,F
723,1,HappyBirthday,757,8760.07,M,1,0.000460194,0.19556,6171.06,1.08591,F
723,1,HappyBirthday,864,8395.35,F,1,0.234538,0.82048,8965.35,1320.69,F
724,1,HappyBirthday,138,6205.39,M,1,0.12705,2.76058,19918.7,587.351,F
724,1,HappyBirthday,340,25915.9,M,1,0.000119157,0.927584,19.0331,0.0390022,F
724,1,HappyBirthday,359,3285.91,M,1,0.234569,0.0169256,29602.8,474.245,F
724,1,HappyBirthday,697,7300.68,M,1,0.167779,2.43459,4.05907,57.53,F
725,1,HappyBirthday,507,4380.03,M,1,0.508045,0.47583,5886.13,1627.59,F
726,1,HappyBirthday,178,7300.4,M,1,0.00510839,0.0775244,2.00288,1.60736,F
726,1,HappyBirthday,560,12045.9,M,1,0.0598024,0.586459,171529,585.934,F
726,1,HappyBirthday,591,13505.2,M,1,0.579032,1.44525,25430.7,1184.22,F
727,1,HappyBirthday,80,1825.88,F,1,0.129354,2.2014,3833.04,151.816,F
727,1,HappyBirthday,493,6205.6,F,1,0.72928,7.92374,2386.12,1790.13,F
727,1,HappyBirthday,539,3650.17,M,1,0.162373,0.949704,6.69863,56.2238,F
728,1,HappyBirthday,186,1825.55,M,1,0.70847,0.148636,2596.07,558.726,F
728,1,HappyBirthday,1047,365,F,1,0.372405,0.126856,52.8219,165.962,F
728,1,HappyBirthday,626,6935.34,F,1,0.939004,0.261249,44.4748,919.685,F
729,1,HappyBirthday,201,7665.36,F,1,0.610856,0.922478,15.9806,301.19,F
729,1,HappyBirthday,348,8760.04,F,1,0.461054,0.134928,39766.4,911.794,F
730,1,HappyBirthday,566,7665.02,F,1,0.227764,1.67088,10685.3,186.63,F
731,1,HappyBirthday,151,6570.09,F,1,0.363797,1.46963,7192.81,566.089,F
731,1,HappyBirthday,1048,365,M,1,0.0563973,0.00814809,116.384,23.2691,F
731,1,HappyBirthday,335,10220.3,M,1,0.945204,0.593359,53.5458,975.469,F
731,1,HappyBirthday,419,14965.3,M,1,0.00199898,0.528039,0.0370698,0.621855,F
731,1,HappyBirthday,780,29930.4,M,1,0.00446519,4.52503,101.258,1.58889,F
731,1,HappyBirthday,794,4380.75,F,1,0.0422687,0.00546911,156.016,17.5685,F
731,1,HappyBirthday,980,2190.46,F,1,0.00122524,0.052375,38966.3,10.3494,F
731,1,Births,1084,0,M,0,0,0.00790008,0,0,F
732,1,HappyBirthday,267,14965.8,F,1,0.00495351,0.915056,10.9534,1.5698,F
733,1,HappyBirthday,36,1095.89,F,1,0.00760193,0.103218,71.9717,2.95096,F
733,1,HappyBirthday,163,2555.83,F,1,0.689652,0.195948,3162.68,1458.24,F
733,1,HappyBirthday,1049,365,M,1,0.143401,0.308345,3234.03,205.278,F
733,1,HappyBirthday,368,27375.9,M,1,0.462174,0.503388,3874.16,197.124,F
734,1,HappyBirthday,486,18615.1,F,1,0.0119045,1.12885,633.435,7.48372,F
735,1,HappyBirthday,325,7300.39,M,1,0.00264484,3.49994,59504.1,11.3896,F
735,1,HappyBirthday,388,22995.3,F,1,0,1.34046,12.2722,0,F
735,1,HappyBirthday,851,3650.46,F,1,0.124508,0.331018,74.0654,49.0983,F
736,1,HappyBirthday,133,25185.7,M,1,0.407865,0.0786923,1537.02,303.104,F
737,1,HappyBirthday,16,35405.8,F,1,0.00361326,8.41703,58.4676,1.39236,F
737,1,HappyBirthday,774,5475.07,F,1,0.134177,5.23786,42.6233,54.3892,F
737,1,Births,1085,0,M,0,0,0.00788756,0,0,F
738,1,HappyBirthday,245,5840.83,F,1,0.0663062,0.144181,21.851,22.6269,F
738,1,HappyBirthday,972,22995.4,F,1,0.568566,0.40484,28.1253,298.293,F
739,1,HappyBirthday,164,9490.8,M,1,0.0899449,2.37524,164.156,37.1201,F
739,1,HappyBirthday,274,12410.5,M,1,0.000669678,0.869033,11.1849,0.21177,F
739,1,HappyBirthday,360,3285.99,F,1,0.0079903,0.0318341,2.50864,2.4982,F
739,1,HappyBirthday,1050,365,F,1,0.0200141,0.791505,3184.44,6.2838,F
739,1,HappyBirthday,871,25550.1,F,1,0.00113762,64.1188,16.6368,0.382335,F
739,1,HappyBirthday,987,9490.99,M,1,0.114568,0.330292,1.1551,37.876,F
740,1,HappyBirthday,232,6935.9,M,1,0.0108789,0.862602,71.0503,3.51487,F
740,1,HappyBirthday,1002,730,F,1,0.192113,0.267426,8480.14,68.6408,F
740,1,HappyBirthday,394,11315,F,1,9.20352e-05,73.4213,53887.2,0.124645,F
740,1,HappyBirthday,964,3285.74,F,1,0.0186927,1.06859,31641.6,71.8658,F
740,1,Births,1086,0,F,0,0,0.477229,0,0,F
741,1,HappyBirthday,42,32485.2,F,1,0.000878626,2.29995,100.675,0.329965,F
741,1,HappyBirthday,47,4015.53,M,1,0.504939,0.384585,64.6299,272.264,F
741,1,HappyBirthday,620,8395.81,F,1,0.00233957,0.610564,12949.9,20.4835,F
741,1,HappyBirthday,876,32850.7,M,1,0.00381923,3.16413,7.68342,1.19737,F
741,1,HappyBirthday,887,10220.4,F,1,0.623541,0.954851,1952.61,341.118,F
742,1,HappyBirthday,687,4745.89,M,1,3.01966e-05,0.300449,12338.1,0.260065,F
743,1,HappyBirthday,365,4745.77,F,1,3.54937e-05,4.94929,112848,0.36286,F
743,1,HappyBirthday,510,7665.74,F,1,0.154403,0.318818,11.4451,52.5856,F
743,1,HappyBirthday,540,28470.5,M,1,0.0736297,0.195943,2850.5,23.818,F
744,1,HappyBirthday,998,1825.74,M,1,0.00102306,2.85953,15.2685,0.326651,F
745,1,HappyBirthday,302,4380.72,F,1,0.774149,3.31444,70.3158,478.787,F
745,1,HappyBirthday,603,10585.4,F,1,0.00176981,3.00843,1.16128,0.5534,F
745,1,HappyBirthday,718,5840.36,F,1,0.000962185,0.821173,31.6319,0.345499,F
745,1,HappyBirthday,906,21900.9,F,1,0.0803968,0.130512,31.5684,26.3514,F
746,1,HappyBirthday,67,1460.87,F,1,0.00434927,0.00388619,64.252,1.50399,F
746,1,HappyBirthday,806,2920.44,F,1,0.218105,1.69279,34613.1,546.479,F
747,1,HappyBirthday,1003,730,F,1,0.082597,0.0585983,214.058,29.6784,F
747,1,HappyBirthday,879,5110.23,F,1,0.0156009,0.452671,83.3606,5.39667,F
747,1,HappyBirthday,907,1460.24,M,1,0.304043,0.00610186,865.605,423.072,F
748,1,HappyBirthday,51,20440.7,M,1,0.0051633,1.16158,1.87606,1.6091,F
748,1,HappyBirthday,361,4745.37,M,1,0.655299,0.0706528,2964.9,1090.86,F
748,1,HappyBirthday,546,2190.58,F,1,0.410628,0.710054,135.032,165.15,F
748,1,HappyBirthday,604,2190.49,M,1,0.267114,4.38206,17033.7,1496.07,F
749,1,HappyBirthday,112,1825.97,F,1,0.0068365,0.134164,205766,69.4155,F
749,1,HappyBirthday,195,19345.3,M,1,0.0319582,1.91064,29512,102.645,F
749,1,HappyBirthday,1051,365,F,1,0.253772,0.0800129,5470.03,1322.15,F
750,1,HappyBirthday,576,18980.8,M,1,0.00857057,0.41621,5.21489,2.69672,F
750,1,HappyBirthday,661,31025,M,1,0.000179197,0.924891,54.4012,0.0606156,F
750,1,HappyBirthday,732,2920.6,M,1,0.221315,0.199543,26634.8,214.192,F
750,1,HappyBirthday,738,6570.94,M,1,0.0551729,1.67309,95.275,19.9757,F
750,1,HappyBirthday,849,6205.5,M,1,0.019435,1.26879,2474.43,6.43018,F
751,1,HappyBirthday,437,4745.88,M,1,0.268478,0.660909,118.055,114.009,F
751,1,HappyBirthday,1004,730,F,1,0.00520686,0.175026,274.631,1.62415,F
752,1,HappyBirthday,628,2555.88,M,1,0.132542,0.459072,20399.5,348.501,F
752,1,HappyBirthday,741,2190.69,M,1,0.000377408,0.354,874.894,0.533627,F
752,1,Births,1087,0,M,0,0,0.165483,0,0,F
753,1,HappyBirthday,317,14965.3,M,1,0.205415,17.6173,91544.9,1394.95,F
753,1,HappyBirthday,1052,365,F,1,0.00128281,0.0207831,0.282818,0.398796,F
753,1,HappyBirthday,890,4015.88,F,1,0.199435,0.481764,213.348,80.3243,F
754,1,HappyBirthday,230,14965.2,M,1,0.0103336,1.01414,0.337245,3.22968,F
754,1,HappyBirthday,426,13505.8,M,1,0.0283818,5.46283,120.471,9.2908,F
754,1,HappyBirthday,862,13870.6,F,1,0.306551,5.81534,47791.1,1492.32,F
754,1,HappyBirthday,891,8760.7,M,1,0.00095682,0.126378,58.044,0.381488,F
754,1,HappyBirthday,962,2555.58,M,1,0.906307,0.0749422,101.772,814.169,F
754,1,HappyBirthday,993,10220.9,F,1,0.543375,1.10273,8372.61,446.721,F
755,1,HappyBirthday,13,21535.9,F,1,0.000343848,0.112121,32.9951,0.112702,F
755,1,HappyBirthday,20,7665.84,M,1,0.0144441,2.18286,151.062,5.8524,F
756,1,HappyBirthday,29,4745.41,M,1,0.172303,0.442287,8341.5,1184.42,F
756,1,HappyBirthday,678,10220.9,F,1,0.180288,2.92378,14063.5,1342.83,F
756,1,HappyBirthday,961,3285.49,F,1,6.88031e-06,0.939523,8966.23,0.0249564,F
756,1,Births,1088,0,M,0,0,0.0301599,0,0,F
757,1,HappyBirthday,121,20805.5,F,1,0.0452825,0.0286658,655.384,48.3259,F
757,1,HappyBirthday,391,1460.76,M,1,0.193636,0.773112,1482.84,70.2497,F
757,1,HappyBirthday,586,8395.25,F,1,0.255974,0.0899821,23060.7,472.663,F
757,1,HappyBirthday,947,9490.52,M,1,0.00139036,1.91759,40.2512,0.502849,F
758,1,HappyBirthday,58,25915.9,F,1,0.83702,0.411654,16.1467,582.69,F
758,1,HappyBirthday,457,18615.6,F,1,0.0016456,0.568207,19.0502,0.554706,F
758,1,HappyBirthday,750,5110.17,F,1,0.00223098,0.321362,86577,14.9025,F
759,1,HappyBirthday,944,1095.73,M,1,0.198006,0.134749,22325.6,1314.43,F
760,1,HappyBirthday,322,36135.7,M,1,0.0308316,6.14215,82.4134,11.5543,F
760,1,HappyBirthday,455,8030.92,M,1,0.00144249,1.88941,36.659,0.522583,F
760,1,HappyBirthday,811,1825.12,F,1,0.000341006,0.0976709,13898,0.318959,F
760,1,HappyBirthday,822,4015.6,F,1,5.57633e-05,2.81578,14560.5,0.543656,F
760,1,Births,1089,0,F,0,0,0.0703241,0,0,F
762,1,HappyBirthday,543,17155.2,F,1,0.0213771,2.02799,113.247,8.12423,F
762,1,HappyBirthday,779,17885.3,F,1,0.031467,14.3571,603.304,30.2121,F
764,1,HappyBirthday,40,10220.1,F,1,2.30117e-05,0.202661,20187.7,0.262096,F
764,1,HappyBirthday,417,8030.04,M,1,0.000170991,0.453798,200.598,0.0706602,F
765,1,HappyBirthday,23,15695.2,F,1,0.00344812,6.59156,21.2043,1.09078,F
766,1,HappyBirthday,690,31025.4,F,1,0.00218298,3.43788,13.9788,0.684827,F
766,1,HappyBirthday,1005,730,M,1,0.0308358,0.0448905,3060.26,11.7422,F
767,1,HappyBirthday,217,7300.4,F,1,0.492802,1.238,1346.76,1002.68,F
767,1,HappyBirthday,513,10585.8,M,1,0.200003,0.280912,60867.9,1028.65,F
767,1,HappyBirthday,802,28106,M,1,0.00286043,0.0926257,0.686482,0.891086,F
768,1,HappyBirthday,50,6570.68,M,1,5.85979e-05,0.124766,993.101,0.0436558,F
769,1,HappyBirthday,7,25550.5,F,1,0.186001,3.75841,80.3383,72.8578,F
769,1,HappyBirthday,248,4745.98,F,1,0.189454,5.93049,55.0179,68.5324,F
769,1,Births,1090,0,F,0,0,0.0159245,0,0,F
770,1,HappyBirthday,399,8030.67,F,1,0.00103247,0.815299,51.9099,0.395834,F
770,1,Births,1091,0,M,0,0,0.239675,0,0,F
771,1,HappyBirthday,183,4015.86,F,1,0.35093,1.94868,12.8109,142.846,F
771,1,HappyBirthday,345,1825,M,1,0.000532106,0.727222,41387.2,0.978539,F
771,1,HappyBirthday,530,5110.62,M,1,0.201734,0.373422,20128.2,1273.52,F
771,1,HappyBirthday,573,13140.7,F,1,0.189614,0.257546,5701.17,136.222,F
771,1,HappyBirthday,655,20440.7,F,1,0.657121,4.02785,197.384,389.372,F
772,1,HappyBirthday,60,23725.3,F,1,0.485983,6.4817,3761.97,265.863,F
772,1,HappyBirthday,641,17520.1,F,1,0.00115024,6.69172,203.226,0.639348,F
773,1,HappyBirthday,134,5840.39,M,1,0.0109843,3.68783,108.832,4.9832,F
773,1,HappyBirthday,166,18615.2,F,1,0.000983892,0.885368,21.727,0.317583,F
773,1,HappyBirthday,259,17520.8,M,1,0.706543,0.357762,17.3004,392.386,F
773,1,HappyBirthday,390,5475.59,F,1,0.00247871,0.0867365,38.0526,0.806515,F
774,1,HappyBirthday,313,5475.75,F,1,0.000349817,0.378353,2911.89,1.22591,F
775,1,HappyBirthday,285,3285.94,F,1,0.000173697,0.68364,0.252048,0.0539901,F
775,1,HappyBirthday,575,2555.6,F,1,0.000152348,0.0251386,3.14842,0.0479334,F
775,1,HappyBirthday,880,18980.2,M,1,0.00346153,0.531781,285.317,1.52245,F
776,1,HappyBirthday,362,20075.9,M,1,0.0300678,2.73463,14.8902,9.9128,F
776,1,HappyBirthday,474,1095.71,F,1,0.786235,0.222436,40.4913,574.791,F
776,1,HappyBirthday,762,2555.09,F,1,0.0773835,0.892463,10.4325,26.3501,F
776,1,HappyBirthday,915,1095.2,F,1,0.0154983,0.815268,36746.6,36.2272,F
777,1,HappyBirthday,154,2555.58,F,1,0.00478914,0.800057,204.571,1.89204,F
778,1,HappyBirthday,262,27010.6,F,1,1.07021e-05,0.221762,259.089,0.0063448,F
778,1,HappyBirthday,499,8760.62,F,1,0.00151137,0.224953,7.42848,0.47087,F
778,1,HappyBirthday,509,1095.53,F,1,0.0848511,0.0498606,2483.06,132.725,F
779,1,HappyBirthday,132,9855.71,M,1,0.000883724,1.17808,26.5257,0.285243,F
779,1,HappyBirthday,331,8760.01,F,1,0.036931,0.142072,2.66817,11.7834,F
780,1,HappyBirthday,495,10585.5,M,1,0.00074189,0.620957,45.8379,0.247786,F
780,1,HappyBirthday,716,10220.6,M,1,0.369405,0.11361,4917.43,1358.35,F
780,1,HappyBirthday,869,14600.5,M,1,0.187805,10.4016,14.28,68.3946,F
780,1,HappyBirthday,938,5110.71,F,1,0.224153,3.8684,67722.4,1419.82,F
780,1,HappyBirthday,971,21170.1,M,1,0.0454896,0.325201,31.8593,15.136,F
781,1,HappyBirthday,547,10950.8,F,1,0.0028245,6.90976,41065.8,2.56358,F
782,1,HappyBirthday,146,5110.44,M,1,0.35901,1.36711,913.339,316.224,F
782,1,Births,1092,0,F,0,0,0.059682,0,0,F
783,1,HappyBirthday,3,2190.15,M,1,0.000517046,0.0209403,139.325,0.194919,F
783,1,HappyBirthday,233,3285.64,M,1,0.122238,0.150853,370.177,49.5609,F
784,1,HappyBirthday,141,8395.99,F,1,0.186145,0.325884,23757.9,1201.96,F
784,1,HappyBirthday,298,29565.9,F,1,0.466794,0.632917,706.414,220.098,F
784,1,HappyBirthday,607,13505.9,F,1,3.89372e-05,0.368942,49.825,0.0131298,F
784,1,HappyBirthday,662,9490.93,M,1,0.6331,7.28925,86.6205,313.554,F
784,1,HappyBirthday,781,9490.72,M,1,0.00195785,9.58674,2831.81,2.90167,F
785,1,HappyBirthday,125,4015.78,F,1,0.599548,0.649379,2279.26,363.233,F
785,1,HappyBirthday,135,13505.7,M,1,0.00105096,1.54032,3.58468,0.329501,F
786,1,HappyBirthday,284,8760.88,M,1,0.0240826,0.530179,695.579,24.1122,F
786,1,HappyBirthday,296,16060.7,F,1,3.28765e-06,0.963649,104377,0.0283002,F
786,1,HappyBirthday,370,4380.35,M,1,0.695957,0.147188,364.165,412.752,F
787,1,HappyBirthday,15,31755.4,F,1,0.00352201,1.69786,304.295,1.54669,F
787,1,HappyBirthday,181,4745.38,F,1,0.00232515,1.51969,119969,18.5621,F
787,1,HappyBirthday,299,9855.88,M,1,1.34844e-05,1.30034,103226,0.19966,F
787,1,HappyBirthday,841,32850.4,F,1,0.615224,2.44664,1885.54,357.801,F
787,1,HappyBirthday,984,13505.6,M,1,0.304506,3.68497,80.4035,113.132,F
788,1,HappyBirthday,149,20076,M,1,0.0538129,1.18336,1857.97,36.4832,F
788,1,HappyBirthday,263,9490.23,F,1,0.509466,0.0705133,370.08,497.037,F
788,1,HappyBirthday,418,33215.7,M,1,0.00232253,5.23156,25.3302,0.780106,F
788,1,HappyBirthday,680,5475.54,F,1,0.867143,1.61025,31.2849,685.556,F
788,1,HappyBirthday,685,12410.4,F,1,6.91866e-05,0.142487,102663,0.473545,F
788,1,Births,1093,0,M,0,0,0.255872,0,0,F
789,1,HappyBirthday,130,17155.1,F,1,0.698667,0.289172,71.9615,389.647,F
789,1,HappyBirthday,580,1095.44,F,1,0.000887415,1.70681,108836,6.72846,F
790,1,HappyBirthday,291,20805.1,F,1,0.715011,4.679,1671.84,511.991,F
790,1,HappyBirthday,346,10950.2,F,1,0.117951,0.993371,4006.79,45.2327,F
790,1,HappyBirthday,673,17155.6,M,1,0.00609232,4.10072,45.1649,2.08391,F
790,1,HappyBirthday,778,2555.92,M,1,0.576425,1.25241,6821.35,665.511,F
791,1,HappyBirthday,585,13140.3,F,1,0.126459,2.28016,496.611,43.4522,F
791,1,HappyBirthday,840,15330.8,F,1,0.0324689,0.188775,41.0758,11.3288,F
792,1,HappyBirthday,429,3650.08,F,1,0.00151945,0.0255929,52579,1.95263,F
792,1,HappyBirthday,491,21535.6,M,1,0.00242051,6.48874,0.36179,0.753522,F
792,1,HappyBirthday,552,6935.37,F,1,0.00407401,1.59259,49.1852,1.34876,F
792,1,HappyBirthday,574,6205.83,M,1,0.278633,3.33682,3243.18,884.075,F
792,1,HappyBirthday,921,5840.44,M,1,0.0266511,0.772663,192686,271.051,F
793,1,HappyBirthday,290,13505,M,1,0.0774632,22.5713,111.874,33.0077,F
793,1,HappyBirthday,381,8030.4,M,1,0.0036418,0.91167,10.202,1.1537,F
793,1,HappyBirthday,609,1460.69,M,1,0.65604,1.65837,3819.63,1590.3,F
794,1,HappyBirthday,343,6935.01,M,1,0.0130182,11.8162,2291.34,4.14159,F
794,1,HappyBirthday,751,6205.46,F,1,0.0597305,0.242402,27.4456,21.2289,F
795,1,HappyBirthday,104,15330.2,M,1,0.0141287,4.30106,80.3067,6.03163,F
796,1,HappyBirthday,826,4015.21,M,1,0.121521,0.260126,426.424,40.782,F
797,1,HappyBirthday,124,7665.32,M,1,0.00299887,0.139158,4.66982,0.934416,F
797,1,HappyBirthday,254,12410.3,F,1,0.00623254,1.78823,22.1787,2.02346,F
798,1,HappyBirthday,84,9125.74,F,1,0.00102167,0.281354,7043.12,6.05379,F
798,1,HappyBirthday,463,2190.48,M,1,0.119627,2.30392,86.588,52.2488,F
798,1,HappyBirthday,627,4745.27,M,1,0.0585336,1.5591,676.722,61.4558,F
798,1,HappyBirthday,995,9855.96,F,1,0.0873411,32.7425,131.138,34.1355,F
798,1,HappyBirthday,1007,730,F,1,0.0047035,2.60646,1.26322,1.47508,F
799,1,HappyBirthday,33,8030.57,M,1,0.000141264,1.06562,13207.2,0.608198,F
799,1,HappyBirthday,53,5840.24,M,1,9.17271e-06,0.113987,19568.1,0.0503589,F
799,1,HappyBirthday,137,30660.1,M,1,0.0064453,2.96168,49.732,2.14051,F
799,1,HappyBirthday,1008,730,M,1,0.0697597,0.0214921,41904.3,93.4631,F
800,1,HappyBirthday,11,18615.9,M,1,0.000842864,0.59861,80.7504,0.292474,F
800,1,HappyBirthday,824,5840.32,F,1,0.000140264,0.125873,2.59853,0.0440591,F
800,1,HappyBirthday,908,1095.6,M,1,0.00586043,0.0508989,15114.3,2.62303,F
801,1,HappyBirthday,1009,730,M,1,0.44884,0.034906,5339.98,1101.17,F
802,1,HappyBirthday,464,1095.27,F,1,0.0330939,0.455634,5474.83,89.0932,F
802,1,HappyBirthday,698,6570.92,F,1,0.00590193,2.40551,39.3916,2.07722,F
802,1,HappyBirthday,804,16790.7,F,1,0.000265335,1.97178,1135.4,0.402008,F
802,1,HappyBirthday,859,4745.28,M,1,0.951426,0.737716,75.4996,968.412,F
802,1,HappyBirthday,899,6205.59,F,1,0.0429379,9.1027,2252.56,38.9669,F
803,1,HappyBirthday,1053,365,M,1,0.0374004,0.341363,44187,49.3675,F
803,1,HappyBirthday,556,14965.8,F,1,0.220923,2.3473,4947.34,115.546,F
803,1,Births,1094,0,M,0,0,0.0742394,0,0,F
803,1,Births,1095,0,M,0,0,0.258013,0,0,F
804,1,HappyBirthday,549,5475.63,F,1,0.0190493,0.475209,139.358,7.2272,F
804,1,HappyBirthday,723,1095.27,M,1,0.592,1.06993,8908.98,1461.95,F
804,1,HappyBirthday,1010,730,M,1,0.057726,0.109988,93371.4,834.377,F
805,1,HappyBirthday,44,6935.03,F,1,0.022274,0.172229,99.351,7.4959,F
805,1,HappyBirthday,214,1095.43,M,1,0.106265,0.512871,332.086,51.7077,F
806,1,HappyBirthday,63,14965.8,F,1,0.0821078,2.61849,772.916,41.5412,F
806,1,HappyBirthday,106,9125.68,F,1,0.0309032,0.920847,528.208,10.0302,F
806,1,HappyBirthday,264,3285.41,M,1,0.0109637,0.276541,213.519,4.45182,F
806,1,HappyBirthday,470,8760.51,F,1,0.00318894,2.33646,171.97,1.27211,F
807,1,HappyBirthday,1054,365,F,1,0.0250012,0.522501,1458.59,42.9192,F
808,1,HappyBirthday,91,2555.87,F,1,0.00116733,0.0693172,38725.2,1.51523,F
808,1,HappyBirthday,1055,365,F,1,0.729727,0.172814,583.594,984.071,F
808,1,HappyBirthday,711,3650.47,F,1,0.548676,8.09877,154.983,295.178,F
808,1,HappyBirthday,946,16060.4,M,1,0.000735524,0.0430316,1436.55,0.96302,F
808,1,HappyBirthday,948,1460.14,F,1,0.0154816,0.566534,30.7412,5.03612,F
809,1,HappyBirthday,37,13505.9,M,1,0.0341276,0.354519,1739.59,73.5658,F
809,1,HappyBirthday,246,26280.9,M,1,0.000538938,0.0398242,23.8254,0.180531,F
809,1,HappyBirthday,261,1825.04,F,1,0.0253827,0.0467403,62.271,10.269,F
809,1,HappyBirthday,279,8760.61,F,1,0.00324914,2.04082,55.5216,1.24941,F
809,1,Births,1096,0,F,0,0,0.015973,0,0,F
810,1,HappyBirthday,128,7665.57,F,1,0.0263203,0.681332,1.59159,8.3499,F
810,1,HappyBirthday,175,8395.44,F,1,0.821444,0.135202,462.256,703.699,F
810,1,HappyBirthday,846,1095.63,M,1,0.812133,0.0487951,445.388,540.062,F
810,1,HappyBirthday,892,3650.17,M,1,0.0105804,0.222131,781.368,12.3192,F
811,1,HappyBirthday,652,22630.2,M,1,0.000544191,0.0954895,157.123,0.227218,F
811,1,HappyBirthday,769,3285.91,M,1,0.000580645,2.21933,48.7562,0.22083,F
812,1,HappyBirthday,307,14600.7,M,1,0.0033081,0.297201,34.2758,1.09435,F
812,1,HappyBirthday,874,2190.21,M,1,0.514304,0.198202,206.518,256.092,F
812,1,HappyBirthday,919,32485.9,F,1,0.00249243,0.973216,38.2266,0.889537,F
813,1,HappyBirthday,120,12045.2,M,1,0.0997213,0.758943,57.5467,35.0552,F
813,1,HappyBirthday,1011,730,M,1,0.326678,0.0140099,2102.17,928.845,F
813,1,HappyBirthday,483,14235.5,F,1,0.0273553,0.413715,63.0227,11.2108,F
813,1,HappyBirthday,674,16060.1,M,1,0.0159428,1.76581,46.3716,5.98418,F
814,1,HappyBirthday,111,1095.25,F,1,0.000709295,2.94629,6.31467,0.220754,F
814,1,HappyBirthday,384,16061,M,1,0.675881,0.201113,2086.63,625.25,F
814,1,HappyBirthday,610,1460.57,M,1,0.609695,0.042194,572.393,541.8,F
814,1,Births,1097,0,F,0,0,0.155216,0,0,F
815,1,HappyBirthday,624,1460.44,F,1,0.336741,0.362839,28.3881,135.644,F
815,1,Births,1098,0,F,0,0,0.0285768,0,0,F
815,1,Births,1099,0,M,0,0,0.0704362,0,0,F
816,1,HappyBirthday,1012,730,F,1,0.160348,3.54257,3888.59,60.1041,F
816,1,Births,1100,0,M,0,0,0.0419132,0,0,F
817,1,HappyBirthday,220,3650.83,F,1,0.275669,1.82895,45.5592,114.898,F
817,1,HappyBirthday,467,6935.67,M,1,0.00289839,1.02019,109.464,1.08937,F
817,1,HappyBirthday,766,6205.27,F,1,0.183427,1.25657,292.16,81.7456,F
817,1,HappyBirthday,835,26645.5,F,1,0.00057866,1.07152,2092.97,1.42666,F
817,1,HappyBirthday,941,1460.03,F,1,0.467872,0.759145,20024.6,627.819,F
818,1,HappyBirthday,198,14600.1,F,1,0.000201511,0.706637,35089,0.223742,F
818,1,HappyBirthday,865,1095.72,M,1,0.767589,0.167533,346.315,671.932,F
820,1,HappyBirthday,238,9855.78,M,1,0.0331292,0.749899,192.787,12.3036,F
820,1,HappyBirthday,611,12410.5,M,1,0.000239247,0.623181,192080,2.36144,F
820,1,HappyBirthday,913,1825.1,M,1,0.162442,0.421305,18.4296,56.5801,F
820,1,HappyBirthday,1013,730,F,1,0.578579,0.157008,11690.4,1184.57,F
821,1,HappyBirthday,213,4380.46,M,1,0.00761311,0.989346,8.70918,2.37795,F
822,1,HappyBirthday,12,12045.9,M,1,0.272681,0.287921,149.507,116.559,F
822,1,HappyBirthday,414,14965,M,1,0.0192034,2.00714,3373.29,7.36426,F
823,1,HappyBirthday,405,33580.2,F,1,0.00652304,9.31283,156.667,2.59855,F
824,1,HappyBirthday,406,2555.69,F,1,0.222878,0.0809905,109.8,90.7477,F
825,1,HappyBirthday,105,2555.5,F,1,0.679755,0.172768,3488.96,1101.85,F
825,1,HappyBirthday,224,28470.7,F,1,0.0301372,2.09979,11601,121.618,F
826,1,HappyBirthday,982,1460.03,M,1,0.166934,0.152435,1256.14,65.9317,F
827,1,HappyBirthday,144,4745.74,F,1,0.0409907,2.39722,19.7636,13.4493,F
827,1,HappyBirthday,159,7300.26,M,1,0.00379353,1.55584,86748.6,25.142,F
827,1,HappyBirthday,952,4015.04,F,1,0.000268312,1.61167,9.85019,0.0874941,F
828,1,HappyBirthday,19,9855.2,F,1,0.000971957,1.78598,60.9086,0.384879,F
828,1,HappyBirthday,247,32850.1,F,1,0.00411817,0.1806,5.16205,1.29522,F
829,1,HappyBirthday,43,8030.13,M,1,6.37434e-05,0.24451,0,0.0198082,F
829,1,HappyBirthday,203,5840.35,M,1,0.148367,1.17531,2565.88,148.64,F
829,1,HappyBirthday,863,1825.11,M,1,0.0129867,0.548655,1189,12.9181,F
830,1,HappyBirthday,682,2920.91,M,1,0.00119898,1.20453,339.966,0.592642,F
830,1,HappyBirthday,834,18980.9,F,1,0.59068,0.489563,482.628,279.868,F
831,1,HappyBirthday,521,1825.98,F,1,0.323234,0.596012,27257.3,453.907,F
831,1,HappyBirthday,551,12410.2,M,1,0.00695043,0.343491,80.3193,2.42335,F
831,1,HappyBirthday,878,10950.8,F,1,0.000781232,0.758922,0.014506,0.243025,F
832,1,HappyBirthday,184,8395.39,M,1,0.138042,0.00882808,28947.3,452.693,F
832,1,HappyBirthday,482,2190.3,F,1,0.361431,0.662162,673.211,160.171,F
832,1,HappyBirthday,832,2555.09,F,1,0.156256,0.667198,264.176,61.7665,F
832,1,Births,1101,0,F,0,0,0.11335,0,0,F
833,1,HappyBirthday,441,17520.1,M,1,1.24508e-05,0.247591,1437.04,0.0115608,F
833,1,HappyBirthday,1057,365,M,1,0.213609,0.251208,104.523,83.693,F
833,1,HappyBirthday,968,9490.85,F,1,0.0471018,1.21897,862.674,16.0186,F
834,1,HappyBirthday,103,3285.22,F,1,0.468196,0.0961217,113.898,252.354,F
834,1,HappyBirthday,114,21535.9,F,1,0.0169386,2.3444,17.1533,5.67188,F
834,1,HappyBirthday,1014,730,F,1,0.417957,0.115376,5985.47,881.212,F
835,1,HappyBirthday,613,15330.3,F,1,0.000693038,2.20619,1707.97,0.736163,F
835,1,HappyBirthday,888,8760.1,M,1,0.156361,3.74628,9950.58,143.801,F
836,1,HappyBirthday,268,13505.3,M,1,1.1859e-05,1.71162,7229.02,0.0301156,F
836,1,HappyBirthday,402,28470.9,M,1,0.00761863,1.17386,110.405,3.08289,F
836,1,HappyBirthday,754,23360.1,M,1,0.00356596,0.0995229,26.0847,1.18492,F
836,1,HappyBirthday,1058,365,M,1,1.56302e-05,0.0963653,156.176,0.00605342,F
836,1,HappyBirthday,979,6205.87,F,1,0.00370324,2.19427,54.2415,1.25972,F
837,1,HappyBirthday,185,9125.16,M,1,0.0879806,0.686688,1322.45,158.918,F
837,1,HappyBirthday,205,4380.07,M,1,0.00480155,0.229807,33.6301,1.73561,F
837,1,HappyBirthday,223,9125.66,F,1,0.589309,2.75955,726.157,318.755,F
837,1,Births,1102,0,M,0,0,0.0303424,0,0,F
838,1,HappyBirthday,155,4380.48,F,1,0.59722,0.166039,520.177,310.524,F
838,1,Births,1103,0,M,0,0,3.47599,0,0,F
840,1,HappyBirthday,187,1095.58,F,1,2.7272e-05,0.0612443,14162.8,0.121291,F
840,1,HappyBirthday,885,1825.08,M,1,0.673469,0.107257,111.873,484.078,F
841,1,HappyBirthday,400,1460.76,M,1,0.030694,0.257579,159.545,12.6571,F
841,1,HappyBirthday,472,5110,M,1,0.00652589,0.453976,35.0519,2.12568,F
841,1,HappyBirthday,807,4745.42,F,1,0.00430026,1.82334,67921.5,24.4474,F
841,1,HappyBirthday,997,8760.86,M,1,0.495677,0.09081,9331.6,408.267,F
842,1,HappyBirthday,289,17155.6,F,1,0.00146244,0.146865,3.4463,0.461923,F
842,1,HappyBirthday,395,7300.02,M,1,0.199266,1.31252,347.616,81.0157,F
842,1,HappyBirthday,1015,730,F,1,0.00304126,0.40233,9.20927,0.950438,F
844,1,HappyBirthday,69,3285.49,M,1,0.484265,1.256,25618.3,1118.9,F
845,1,HappyBirthday,1016,730,F,1,0.173767,0.0190875,1347.31,71.8882,F
845,1,HappyBirthday,719,3285.48,F,1,0.550116,7.33372,6723.36,910.067,F
845,1,HappyBirthday,1017,730,F,1,0.37164,0.187372,6967.46,546.703,F
846,1,HappyBirthday,481,2190.15,M,1,0.0363821,0.388109,120960,303.616,F
846,1,HappyBirthday,564,2191,M,1,0.0900404,0.861708,9772.55,278.078,F
847,1,HappyBirthday,535,1095.33,F,1,0.150576,0.687195,95119.5,676.496,F
847,1,HappyBirthday,727,22265.7,M,1,0.0254412,1.8954,2332.94,34.7802,F
848,1,Births,1104,0,F,0,0,0.0104181,0,0,F
849,1,HappyBirthday,177,1460.39,M,1,0.0101928,0.198559,73.5395,3.76677,F
849,1,HappyBirthday,435,7300.31,M,1,0.00826205,6.254,38.0366,2.76853,F
850,1,HappyBirthday,1060,365,M,1,0.402494,0.0155742,22238.8,772.003,F
850,1,HappyBirthday,903,2190.68,M,1,0.12927,0.277469,21.2252,44.5076,F
851,1,HappyBirthday,386,1460.28,F,1,0.0163332,0.0713313,4190.63,5.81801,F
852,1,HappyBirthday,295,6935.07,F,1,0.871251,0.685264,30.491,709.694,F
852,1,HappyBirthday,970,2920.23,F,1,0.0517222,0.116479,95.2906,19.7146,F
853,1,HappyBirthday,172,9125.23,F,1,0.00328101,1.58225,38.6398,1.06608,F
853,1,HappyBirthday,281,8030.49,M,1,0.0228958,0.4567,3644.49,58.8564,F
853,1,HappyBirthday,421,17885.3,F,1,0.000207265,1.86866,186729,2.01754,F
853,1,HappyBirthday,720,6935.76,F,1,0.287416,0.0885775,10351.9,502.742,F
853,1,HappyBirthday,819,13140.4,F,1,0.000775009,0.925132,0.0012134,0.240909,F
854,1,HappyBirthday,561,9125.61,F,1,0.000400785,1.38208,5757.14,0.922172,F
854,1,HappyBirthday,753,29930.6,F,1,0.00458493,17.3806,30.6451,1.59922,F
854,1,HappyBirthday,845,8760.35,M,1,0.000427055,0.0158715,46630.9,0.584397,F
855,1,HappyBirthday,1019,730,F,1,0.0440783,8.27252,73568.4,299.434,F
855,1,HappyBirthday,456,8395.34,M,1,0.00395684,0.509102,68945.5,22.7047,F
855,1,HappyBirthday,1018,730,F,1,0.100642,1.96184,20686.8,637.829,F
855,1,HappyBirthday,702,14965,M,1,0.0198855,0.133111,15217.5,9.78947,F
855,1,HappyBirthday,818,7665.5,F,1,8.50762e-05,0.210088,12.9693,0.028113,F
855,1,HappyBirthday,882,2190.84,F,1,0.000262883,0.88389,105452,3.96564,F
856,1,HappyBirthday,188,2555.92,M,1,0.179053,0.246353,64349.3,1494.66,F
856,1,HappyBirthday,1020,730,M,1,0.16134,0.156985,25069.1,784.69,F
856,1,Births,1105,0,F,0,0,0.0725769,0,0,F
857,1,HappyBirthday,218,11680.8,F,1,0.44096,1.9559,23921.8,1502.22,F
857,1,HappyBirthday,397,3285.73,M,1,0.0802378,1.58503,159.101,32.9412,F
857,1,HappyBirthday,816,25915.4,M,1,0.00171172,0.718109,8.34416,0.551638,F
858,1,HappyBirthday,52,5110.83,F,1,0.0283298,0.160864,201.91,9.2927,F
858,1,HappyBirthday,803,1825.67,F,1,0.0054828,0.330017,50.6786,1.83325,F
858,1,HappyBirthday,1061,365,M,1,0.000107337,0.0992737,20648.3,1.24154,F
859,1,HappyBirthday,326,4380.56,M,1,0.886729,0.289614,24.1984,733.713,F
859,1,HappyBirthday,708,27740.5,F,1,0.072563,110.019,2837.91,25.9749,F
859,1,HappyBirthday,728,9125.47,M,1,0.0140228,0.128637,49.1583,4.75689,F
860,1,HappyBirthday,158,2555.87,F,1,0.0186885,1.66614,1424.23,5.88531,F
861,1,HappyBirthday,243,6935.63,M,1,0.00750676,0.717743,1.84611,2.35056,F
861,1,HappyBirthday,318,6205.92,F,1,0.233535,12.9019,79.5944,98.6649,F
861,1,HappyBirthday,1021,730,M,1,0.00848453,0.41299,1106.61,2.64945,F
861,1,HappyBirthday,635,15330.2,F,1,0.00113467,1.10689,95454.2,7.91819,F
861,1,HappyBirthday,910,6570.75,M,1,0.0119716,0.529035,294.313,5.39447,F
861,1,HappyBirthday,988,1460.7,M,1,0.126813,0.696278,13102.4,1224.29,F
862,1,HappyBirthday,773,3285.75,F,1,0.102562,0.327924,1.24792,33.8313,F
863,1,HappyBirthday,645,4380.81,M,1,0.00241453,0.884022,95588.4,23.0127,F
863,1,HappyBirthday,659,19345.2,M,1,0.00129697,1.49108,99660.4,9.30733,F
863,1,Births,1106,0,F,0,0,0.061774,0,0,F
864,1,HappyBirthday,319,6935.07,F,1,0.000547741,1.68003,2723.61,0.27345,F
864,1,HappyBirthday,759,35040.2,M,1,0.439868,1.17788,1580.38,987.217,F
864,1,Births,1107,0,M,0,0,0.0576861,0,0,F
865,1,HappyBirthday,70,2920.01,M,1,0.123172,0.225988,300.242,44.1369,F
865,1,HappyBirthday,710,4745.04,F,1,0.00144375,0.034872,2.2894,0.452793,F
865,1,HappyBirthday,996,9125.52,F,1,0.305386,0.680131,70.9284,124.323,F
866,1,HappyBirthday,14,3650.56,M,1,0.00629707,0.065982,30.5763,2.13322,F
866,1,HappyBirthday,357,8395.8,M,1,0.168789,0.0387682,31.4085,60.0121,F
866,1,HappyBirthday,999,4745.08,F,1,0.585757,0.949126,832.39,300.117,F
867,1,HappyBirthday,353,1825.1,M,1,0.0225651,0.292208,7.56884,7.13389,F
867,1,HappyBirthday,387,4745.58,M,1,0.670528,14.8155,3204.8,1413.51,F
867,1,HappyBirthday,502,6205.58,M,1,0.00292756,0.175705,25.1306,0.96196,F
867,1,HappyBirthday,715,4015.55,M,1,0.0970821,0.244412,713.818,32.5708,F
868,1,HappyBirthday,165,5475.93,M,1,0.0621765,0.387872,1.06432,19.9766,F
868,1,HappyBirthday,356,5475.58,M,1,0.319401,0.248415,86.9392,120.047,F
868,1,HappyBirthday,572,24455.5,M,1,0.118141,0.0628722,14.9304,40.0037,F
868,1,HappyBirthday,909,10950.3,M,1,0.048833,1.29619,7860.31,113.473,F
868,1,HappyBirthday,943,3285.56,M,1,0.00776517,3.87454,2.23854,2.43179,F
869,1,HappyBirthday,654,4380.43,M,1,0.00447602,0.26778,66.3586,1.52856,F
871,1,HappyBirthday,522,9125.85,F,1,0.00624989,0.343747,73.3267,2.13078,F
871,1,HappyBirthday,706,4380.88,M,1,0.0505543,0.236136,7705.63,40.4084,F
871,1,HappyBirthday,994,17885.7,F,1,0.0310902,0.490285,694.562,11.1254,F
872,1,HappyBirthday,147,2920.23,F,1,0.0681533,0.0286799,467.703,38.8695,F
872,1,HappyBirthday,265,1095.32,M,1,0.00599797,0.0222391,2021.33,13.1092,F
872,1,HappyBirthday,590,20806,F,1,0.00244329,0.87857,0.350009,0.760628,F
873,1,HappyBirthday,85,6935.89,M,1,0.0424118,0.871785,74.3181,15.1525,F
873,1,HappyBirthday,777,6570.46,M,1,0.00369619,2.06184,40.3298,1.32927,F
874,1,HappyBirthday,71,3650.39,F,1,0.0189774,0.087233,232.954,8.17113,F
874,1,HappyBirthday,176,25185.1,F,1,4.14384e-05,0.0803835,53534.3,0.135279,F
874,1,HappyBirthday,249,5110.67,F,1,0,7.41135,26001.1,0,F
874,1,HappyBirthday,643,1095.22,F,1,0.0461034,0.0465767,7715.01,155.779,F
874,1,HappyBirthday,799,22630.6,M,1,0.382964,1.30328,2548.59,1346.67,F
875,1,HappyBirthday,337,4380.29,F,1,0.00119806,3.44001,105.214,0.439718,F
875,1,HappyBirthday,782,13140,M,1,0.0973567,0.576749,127.214,32.0828,F
876,1,HappyBirthday,97,10950.8,M,1,4.75998e-05,3.00047,155004,0.428216,F
876,1,HappyBirthday,439,2920.32,M,1,5.97453e-06,0.253802,109219,0.0638077,F
876,1,HappyBirthday,767,6205.99,F,1,0.244973,0.00588762,97.1257,99.3041,F
876,1,HappyBirthday,857,14236,F,1,0.529207,8.61349,2978.44,337.729,F
877,1,HappyBirthday,344,8395.35,M,1,0.439036,0.60287,30901.1,1289.73,F
877,1,HappyBirthday,705,33580.8,F,1,0.177869,1.32449,440.77,152.694,F
877,1,HappyBirthday,977,1460.24,F,1,0.000591252,0.521057,34167.1,0.762919,F
878,1,HappyBirthday,228,1095.5,M,1,0.216607,0.326564,865.895,78.2052,F
878,1,HappyBirthday,236,2190.08,F,1,9.55512e-05,4.58051,170563,0.910585,F
878,1,HappyBirthday,966,5475.45,F,1,0.244285,0.137788,19168.6,1527.88,F
879,1,HappyBirthday,266,14235.8,F,1,0.0147953,2.0967,424.356,8.46054,F
879,1,HappyBirthday,1022,730,F,1,0.0110176,0.300858,166.262,6.16003,F
879,1,HappyBirthday,695,5840.37,F,1,0.00520234,0.449078,20.9802,1.79294,F
879,1,HappyBirthday,1063,365,M,1,0.00112211,0.0735065,4.10634,0.351424,F
879,1,HappyBirthday,789,25915.5,M,1,0.000460151,0.455481,421.681,0.349902,F
880,1,HappyBirthday,409,26280.2,F,1,0.000153746,19.6813,86.5581,0.0535534,F
880,1,HappyBirthday,621,4745.3,F,1,0.00658921,0.249205,9.67911,2.10426,F
881,1,HappyBirthday,413,14235.7,F,1,0.362539,0.57957,593.536,420.906,F
881,1,HappyBirthday,942,8395.24,F,1,0.161892,0.724599,7793.8,225.737,F
882,1,HappyBirthday,772,5475.29,F,1,0.726854,0.0130469,494.835,441.031,F
883,1,HappyBirthday,34,20805.1,M,1,0.0147062,0.324468,205.839,5.38119,F
883,1,HappyBirthday,123,3285.27,M,1,0.580359,1.65429,13310.4,678.094,F
883,1,HappyBirthday,215,18250.9,F,1,0.0606471,0.305141,757.983,29.3434,F
883,1,HappyBirthday,235,16790.8,F,1,0.00206253,7.71508,52.8088,0.71404,F
883,1,HappyBirthday,833,5110.44,M,1,0.783951,2.30892,8.39157,477.223,F
883,1,HappyBirthday,856,6205.53,F,1,0.000297341,1.27936,168.138,0.123269,F
884,1,HappyBirthday,145,13140.7,F,1,0.586568,3.38762,11765.2,588.753,F
884,1,HappyBirthday,240,2920.94,F,1,0.112049,0.913832,11262.8,261.219,F
885,1,HappyBirthday,555,1460.96,F,1,0.00117653,0.0615106,12.2949,0.388621,F
885,1,HappyBirthday,646,13140.5,M,1,0.00263528,5.29259,98.0096,0.951649,F
886,1,HappyBirthday,117,8760.62,M,1,0.273169,0.0944241,4005.38,1149.34,F
886,1,HappyBirthday,668,2555.7,M,1,0.115853,0.487176,5217.73,165.579,F
887,1,HappyBirthday,415,33215.8,M,1,0.00447717,0.834593,87.4099,1.57208,F
887,1,HappyBirthday,538,9490.92,F,1,0.0873356,0.827609,178.525,34.9636,F
888,1,HappyBirthday,393,4380.92,F,1,0.00013037,2.20271,165516,1.2198,F
889,1,HappyBirthday,101,6935.51,M,1,0.00163295,0.337942,0.465095,0.508272,F
889,1,HappyBirthday,136,15695.5,M,1,0.162818,0.707246,42.5836,56.6335,F
889,1,HappyBirthday,1064,365,F,1,0.010331,0.0432531,53.684,3.69991,F
890,1,HappyBirthday,494,8760.09,F,1,0.000286001,1.89712,27444.8,0.894819,F
891,1,HappyBirthday,108,13505.1,F,1,0.000963792,0.109953,53.1778,0.344177,F
891,1,HappyBirthday,311,3285.64,F,1,0.0503902,2.94944,31.9954,17.8761,F
891,1,HappyBirthday,714,5110.07,F,1,0.0475376,0.0562186,0.41972,15.147,F
891,1,HappyBirthday,896,13140.6,F,1,0.633719,4.32488,2439.06,398.66,F
891,1,HappyBirthday,1065,365,M,1,0.104627,4.43906,16406.4,518.971,F
892,1,HappyBirthday,88,3285.1,M,1,0.00985452,0.761575,41.341,3.57626,F
893,1,HappyBirthday,31,6935.14,F,1,0.03505,0.325864,19889.9,397.374,F
893,1,HappyBirthday,364,8395.2,F,1,0.568355,1.6605,14057.1,1220.19,F
893,1,HappyBirthday,478,2190.04,F,1,0.597501,0.64149,2806.67,929.264,F
893,1,HappyBirthday,675,11680.9,M,1,7.81265e-05,7.92757,13200.1,0.312812,F
893,1,HappyBirthday,722,16425.2,M,1,0.723232,0.738232,514.982,619.629,F
894,1,HappyBirthday,725,14965.5,M,1,0.0482219,0.0686243,177.757,20.171,F
895,1,HappyBirthday,86,6935.97,F,1,0.0995751,12.925,5395.05,238.718,F
895,1,HappyBirthday,167,7300.1,F,1,0.559744,1.24264,4179.21,721.674,F
896,1,HappyBirthday,1023,730,M,1,0.00367746,0.0114482,10.2613,1.16526,F
896,1,HappyBirthday,923,10950.6,F,1,0.00889315,0.130614,1.85605,2.77621,F
897,1,HappyBirthday,257,12410.3,M,1,0.0810333,4.63438,792.454,54.4408,F
897,1,HappyBirthday,978,29930.8,F,1,0.00551715,0.532768,56.4811,1.72139,F
897,1,HappyBirthday,989,13506,M,1,0.0184919,1.07766,30153.6,58.2683,F
898,1,HappyBirthday,858,3285.7,M,1,0.0181545,0.0864991,2730.92,22.2714,F
899,1,HappyBirthday,1024,730,M,1,0.847007,0.0446843,1830.99,1266.4,F
899,1,HappyBirthday,350,28470.5,F,1,0.0941381,2.66066,63.6378,39.2265,F
900,1,HappyBirthday,49,14235.4,M,1,0.505403,0.774075,316.248,229.398,F
900,1,HappyBirthday,253,12410.6,M,1,0.0103482,0.704148,41.6138,3.85447,F
900,1,HappyBirthday,889,2920.28,F,1,0.0027373,0.721961,19.0378,0.873549,F
900,1,HappyBirthday,957,5840.1,F,1,0.248458,3.19525,39769.4,1610.42,F
901,1,HappyBirthday,74,5475.87,M,1,0.271134,0.888444,55667.1,995.894,F
901,1,HappyBirthday,269,11680.4,M,1,0.00111356,0.262737,0.0127148,0.346187,F
901,1,HappyBirthday,625,3285.84,M,1,0.1133,3.71534,1032.87,44.2549,F
901,1,HappyBirthday,901,1460.24,F,1,0.014903,0.269429,31.1247,4.84818,F
902,1,HappyBirthday,931,2555.57,F,1,0.363176,0.350218,8212.48,581.447,F
902,1,Births,1108,0,M,0,0,0.00508654,0,0,F
903,1,HappyBirthday,72,8030.29,M,1,0.0765753,0.462927,22.9859,25.978,F
903,1,HappyBirthday,324,5110.23,M,1,0.664934,11.7284,17770.1,806.162,F
903,1,HappyBirthday,420,1825.43,M,1,0.0020434,0.0658175,17345.5,2.13251,F
903,1,HappyBirthday,447,5840.75,M,1,0.000367279,1.13929,16.4868,0.121859,F
903,1,HappyBirthday,693,6570.74,F,1,0.0143814,5.06364,56.6512,5.21042,F
904,1,HappyBirthday,380,16425.9,F,1,0.000401919,2.19233,56.1947,0.159065,F
904,1,HappyBirthday,434,6205.99,F,1,0.00156136,0.478681,24.7923,0.541639,F
904,1,HappyBirthday,651,2190.8,F,1,0.1502,2.51606,464.476,98.5918,F
904,1,HappyBirthday,752,4015.04,M,1,0.00839239,8.32303,1489.83,3.00644,F
905,1,HappyBirthday,162,9490.77,F,1,2.00594e-05,4.19365,211491,0.207125,F
905,1,HappyBirthday,190,8760.6,M,1,0.00300801,1.5397,1.12814,0.937898,F
905,1,HappyBirthday,255,1095.45,M,1,0.745627,0.168842,121.303,498.152,F
905,1,HappyBirthday,352,20076,F,1,0.166115,0.130015,7760.92,1102.62,F
905,1,HappyBirthday,898,5840.23,F,1,0.453684,5.04412,20974.7,1099.73,F
906,1,HappyBirthday,276,2555.23,M,1,0.290206,1.08733,639.248,115.808,F
906,1,HappyBirthday,468,14235.1,M,1,0.0567804,0.704885,1522.5,20.586,F
906,1,HappyBirthday,469,1825.78,F,1,0.00047383,0.563399,521.571,0.281822,F
906,1,HappyBirthday,520,3650.59,F,1,0.00154058,0.58244,29152.6,1.86363,F
906,1,HappyBirthday,734,2190.02,F,1,0.258455,0.40208,11.4013,96.3802,F
907,1,HappyBirthday,79,12410.7,M,1,0.0145765,0.681678,91.0387,6.11636,F
908,1,HappyBirthday,376,20440.7,F,1,0.0013143,0.0606507,23501,1.46033,F
909,1,HappyBirthday,333,4015.62,M,1,0.244448,2.32616,2730.97,397.171,F
909,1,HappyBirthday,407,3285.06,M,1,0.0185767,0.0879742,80.6189,6.86925,F
909,1,HappyBirthday,1025,730,M,1,0.171587,1.05681,1354.93,145.797,F
910,1,HappyBirthday,377,11680.8,M,1,0.00214191,3.53814,18.6004,0.727521,F
910,1,Births,1109,0,M,0,0,0.0184196,0,0,F
911,1,HappyBirthday,332,24090.9,F,1,0.212889,0.274932,3469.73,385.847,F
911,1,HappyBirthday,683,11315.9,F,1,6.11116e-05,1.28204,21878.5,0.359832,F
912,1,HappyBirthday,96,3650.9,M,1,0.0114725,1.61432,102.653,3.87042,F
912,1,HappyBirthday,503,12045.9,M,1,0.176762,1.33723,3001.56,362.578,F
912,1,HappyBirthday,936,13505.7,M,1,0.0153695,0.791275,21.6492,5.28599,F
912,1,HappyBirthday,959,1460.56,F,1,0.617398,0.0656731,35.9224,352.592,F
913,1,HappyBirthday,46,25185.9,M,1,0.00282415,0.114623,1.45071,0.881973,F
913,1,HappyBirthday,208,3650.03,M,1,0.436747,0.710781,235.776,237.169,F
913,1,HappyBirthday,701,2920.39,F,1,0.0839583,0.215749,1740.6,92.6699,F
913,1,HappyBirthday,791,32485.8,F,1,0.545594,0.26225,6.71159,249.212,F
914,1,HappyBirthday,174,21901,F,1,0.0175271,0.494295,700.574,5.81228,F
914,1,HappyBirthday,730,9855.28,F,1,0.000137468,0.504143,150502,1.22482,F
914,1,HappyBirthday,785,3650.48,M,1,0.543042,1.2721,2304.52,760.501,F
914,1,HappyBirthday,829,24090,M,1,0.0414087,7.41718,1960.92,49.7252,F
915,1,HappyBirthday,39,3285.99,M,1,0.247233,0.164652,14777.2,484.309,F
915,1,HappyBirthday,41,1095.09,F,1,5.26373e-05,0.700278,255.007,0.0223622,F
915,1,HappyBirthday,449,10585,F,1,0.145002,7.30174,22.8957,53.6538,F
915,1,HappyBirthday,490,10221,M,1,0.515514,4.98162,8118.28,1026.33,F
915,1,HappyBirthday,594,13506,M,1,0.00270177,12.1877,127.84,1.00009,F
915,1,HappyBirthday,736,9855.05,F,1,0.333817,0.407036,45294.6,513.714,F
916,1,HappyBirthday,139,9855.23,M,1,0.00169945,0.465367,0.857103,0.529112,F
916,1,HappyBirthday,271,27740.4,M,1,0.000571791,0.077087,2657.56,0.676971,F
916,1,HappyBirthday,893,14600.1,M,1,0.165043,0.0398315,48900.4,1427.57,F
916,1,Births,1110,0,F,0,0,0.206738,0,0,F
917,1,HappyBirthday,35,16060.7,F,1,0.260915,1.3498,0.920463,94.1755,F
917,1,HappyBirthday,926,6570.14,F,1,0.00209001,0.49411,60.7814,0.718062,F
917,1,Births,1111,0,M,0,0,0.0492471,0,0,F
918,1,HappyBirthday,142,4745.26,F,1,0.0216815,3.16773,88.4391,7.84527,F
918,1,HappyBirthday,194,5475.29,F,1,0.0248291,10.8861,356.241,16.4482,F
918,1,HappyBirthday,341,25915.5,M,1,0.52862,0.381723,1563.11,438.165,F
918,1,HappyBirthday,873,22265.2,M,1,0.0261155,4.48123,7517.69,20.7012,F
919,1,HappyBirthday,451,27010.3,F,1,5.21473e-05,12.0088,100218,0.753121,F
919,1,HappyBirthday,511,8030.4,M,1,0.00490569,0.155894,8.10852,1.53942,F
919,1,HappyBirthday,534,17155.4,F,1,0.00275355,0.453728,0.493569,0.857581,F
919,1,HappyBirthday,677,2190.03,M,1,0.0056311,0.0455585,1481.64,2.79366,F
920,1,HappyBirthday,65,7665.1,F,1,0.00157958,2.77977,699.333,0.592227,F
920,1,HappyBirthday,66,1095.75,M,1,0.161675,0.172155,1767.95,63.1979,F
921,1,HappyBirthday,517,13140.8,F,1,0.378948,2.33107,46452.5,556.787,F
921,1,HappyBirthday,666,1460.82,F,1,0.000349477,0.129927,0.0678661,0.108466,F
921,1,HappyBirthday,703,4745.76,F,1,0.00122063,0.25926,26.5934,0.397002,F
921,1,HappyBirthday,783,32120.1,F,1,0.0311982,1.10256,362.365,11.4826,F
921,1,HappyBirthday,905,13870.8,M,1,0.0864441,2.48079,97.5543,28.3489,F
922,1,HappyBirthday,17,2190.94,M,1,1.42843e-05,0.257387,1.36183,0.00444603,F
923,1,HappyBirthday,821,19710.9,F,1,0.000596271,2.62627,38.797,0.220408,F
924,1,HappyBirthday,532,8760.39,M,1,0.00903365,0.358824,122.135,3.28593,F
924,1,HappyBirthday,790,18980.8,F,1,0.00312034,0.376258,73804.4,9.42425,F
924,1,HappyBirthday,1026,730,F,1,0.278315,4.27397,182.438,124.262,F
925,1,HappyBirthday,304,2190.03,F,1,0.0191364,4.11538,1595.64,18.5972,F
925,1,HappyBirthday,817,12045.6,M,1,0.169148,0.561276,40.3126,61.5741,F
925,1,Births,1112,0,F,0,0,0.312187,0,0,F
926,1,HappyBirthday,940,20075.5,M,1,0.00305088,4.56903,59.3654,1.02146,F
927,1,HappyBirthday,200,1095.68,M,1,0.785108,0.677831,4.76968,479.656,F
927,1,HappyBirthday,363,32485.1,M,1,0.347013,4.04582,2876.47,1293.45,F
927,1,HappyBirthday,884,14601,M,1,0.00130869,2.42282,13.3802,0.428061,F
928,1,HappyBirthday,504,10220.9,F,1,0.22851,0.299399,257.444,91.8021,F
929,1,HappyBirthday,581,9490.54,F,1,0.210057,1.9329,80.0407,78.2233,F
930,1,HappyBirthday,1066,365,M,1,0.0909021,0.212375,45.3796,35.4898,F
930,1,HappyBirthday,1027,730,F,1,0.00529338,0.621448,13495.9,5.14059,F
931,1,HappyBirthday,61,8395.68,M,1,0.00508703,0.611052,39.345,1.86094,F
931,1,HappyBirthday,81,16425.5,M,1,0.00462575,0.43479,221.684,1.76593,F
931,1,HappyBirthday,614,10220.3,F,1,0.555234,4.88314,8523.59,598.653,F
931,1,HappyBirthday,820,8760.33,M,1,0.0406453,0.863655,3019.62,14.9517,F
932,1,HappyBirthday,143,5110.76,F,1,0.206532,8.13472,49.055,74.0005,F
932,1,HappyBirthday,937,6935.81,M,1,0.57271,4.25946,51.2424,289.598,F
933,1,HappyBirthday,398,10950.8,M,1,0.655783,1.70735,411.469,352.729,F
933,1,HappyBirthday,669,4015.55,M,1,0.00175917,2.12584,6.2846,0.563083,F
933,1,HappyBirthday,1067,365,F,1,0.172841,0.201508,6844.66,1085.72,F
933,1,Births,1113,0,F,0,0,0.0507821,0,0,F
934,1,HappyBirthday,32,1460.72,F,1,0.00409519,0.135418,17.0133,1.30214,F
934,1,HappyBirthday,1068,365,M,1,0.0226289,0.0106004,32.1563,7.39736,F
934,1,HappyBirthday,301,2190.19,M,1,0.0653013,3.74048,49433.3,590.088,F
934,1,HappyBirthday,316,3285.11,F,1,0.506579,2.8133,1148.79,236.632,F
934,1,HappyBirthday,531,9490.72,M,1,0.297915,0.161324,1802.83,112.571,F
934,1,HappyBirthday,542,16060.7,M,1,0.00468316,0.812329,37.3258,1.66671,F
934,1,HappyBirthday,588,3650.94,M,1,0.0235775,0.17509,51.2283,7.91418,F
934,1,HappyBirthday,812,35405.1,F,1,0.442049,4.90659,5224.03,655.847,F
935,1,HappyBirthday,115,1095.77,F,1,0.381763,0.261219,7719.77,578.583,F
935,1,HappyBirthday,308,1825.27,M,1,0.199362,0.346846,35018.3,1747.99,F
935,1,Births,1114,0,F,0,0,0.00365844,0,0,F
936,1,HappyBirthday,87,6205.79,M,1,0.516434,0.160561,6995.94,738.383,F
936,1,HappyBirthday,161,5110.12,F,1,0.000944673,0.310273,38.5981,0.313353,F
936,1,HappyBirthday,221,17155.1,M,1,0.00164491,0.433033,24.1543,0.551624,F
936,1,HappyBirthday,367,6205.8,F,1,0.808423,3.78839,141.522,658.418,F
936,1,HappyBirthday,644,10220.2,F,1,0.00050328,0.277772,35.6499,0.162528,F
936,1,HappyBirthday,1069,365,M,1,0.194592,0.0116308,84652.6,1212.54,F
937,1,HappyBirthday,1028,730,F,1,0.000150971,2.72692,9877.8,0.052354,F
937,1,HappyBirthday,1029,730,F,1,0.159454,0.604804,171.979,70.3103,F
937,1,HappyBirthday,895,8395.58,F,1,0.00734585,0.339559,69.6479,3.02452,F
937,1,Births,1115,0,F,0,0,1.48421,0,0,F
938,1,HappyBirthday,761,8395.74,M,1,0.000513011,1.94016,3212.26,0.209208,F
939,1,HappyBirthday,287,7665.89,F,1,0.0007467,2.37228,9.33426,0.24084,F
939,1,HappyBirthday,1070,365,F,0,0,0.00325489,0,0,F
939,1,HappyBirthday,633,9855.36,M,1,0.0021299,11.0677,0.997684,0.662743,F
939,1,HappyBirthday,1030,730,F,1,0.206089,0.160301,9539.62,1288.85,F
940,1,HappyBirthday,612,6935.29,M,1,0.0209584,0.311278,7591.61,16.5426,F
941,1,HappyBirthday,875,8395.55,F,1,0.000297785,20.1623,19.6872,0.09652,F
941,1,HappyBirthday,954,5475.39,M,1,0.576615,1.9944,15540.4,790.535,F
942,1,HappyBirthday,314,21535.6,F,1,0.271241,0.366133,10623,226.844,F
943,1,HappyBirthday,306,1460.97,M,1,0.00494912,0.297373,57.933,1.96523,F
944,1,HappyBirthday,422,13140.1,M,1,0.784486,0.274075,28.8213,499.692,F
944,1,HappyBirthday,793,7300.17,F,1,0.000332471,1.28986,46.4433,0.122974,F
945,1,HappyBirthday,22,9125.08,M,1,0.00469972,0.900144,11.46,1.50582,F
946,1,HappyBirthday,189,6935.98,M,1,0.533253,0.40313,90.3017,285.685,F
946,1,HappyBirthday,197,9125.53,M,1,0.0258449,1.83074,224.485,10.6053,F
946,1,HappyBirthday,222,10220.2,M,1,0.00124895,0.651067,30.5015,0.404228,F
946,1,HappyBirthday,342,1460.12,F,1,0.875068,0.288506,1073.14,750.882,F
947,1,HappyBirthday,156,2920.59,F,1,0.0908426,0.0735717,107.682,41.8827,F
947,1,HappyBirthday,894,2555.74,M,1,0.00990553,0.848097,14420.1,9.55423,F
947,1,Births,1116,0,M,0,0,0.301533,0,0,F
947,1,Births,1117,0,M,0,0,0.0597304,0,0,F
948,1,HappyBirthday,929,33945.8,M,1,0.212129,0.249635,102544,1555.51,F
948,1,HappyBirthday,1031,730,M,1,0.0853306,0.112338,3880.45,144.433,F
948,1,Births,1118,0,M,0,0,0.0243714,0,0,F
949,1,HappyBirthday,94,2920.6,M,1,0.0247332,0.809477,3929.08,36.6717,F
949,1,HappyBirthday,237,2190.12,M,1,0.0217309,0.00376406,2734.65,7.75576,F
949,1,HappyBirthday,305,12410.9,M,1,0.00124064,4.86805,8382.2,0.45881,F
949,1,HappyBirthday,631,12775.4,F,1,4.07843e-05,8.6446,23065.4,0.491693,F
949,1,HappyBirthday,747,4745.18,M,1,0.18906,0.733447,598.726,197.782,F
950,1,HappyBirthday,584,6935.22,M,1,0.00936361,19.0736,22.1689,3.24982,F
950,1,HappyBirthday,748,8395.55,F,1,0.735387,4.24522,427.875,428.1,F
950,1,HappyBirthday,1071,365,M,1,0.289709,1.24174,40524.6,887.108,F
951,1,HappyBirthday,95,1460.25,F,1,0.3666,0.350613,6706.17,522.542,F
951,1,HappyBirthday,403,1095.87,F,1,4.07014e-06,0.0568146,55081.3,0.0407278,F
951,1,HappyBirthday,776,2190.6,F,1,0.032442,0.106751,0.172613,10.2516,F
951,1,HappyBirthday,843,11315.5,M,1,0.00021561,0.849972,1069.06,0.371377,F
952,1,HappyBirthday,251,16425.5,M,1,0.131511,0.218332,113578,1286.8,F
953,1,HappyBirthday,76,21170,M,1,0.00265594,0.320753,28.8778,0.889807,F
953,1,HappyBirthday,618,6935.68,M,1,0.604853,0.0862947,9.65352,301.191,F
954,1,HappyBirthday,258,22630.9,M,1,0.000346767,2.19336,51838.9,0.471825,F
954,1,HappyBirthday,1072,365,M,1,0.226846,0.868207,3332.68,109.893,F
955,1,HappyBirthday,721,19710.5,M,1,0.704283,4.51434,96.3703,381.772,F
955,1,HappyBirthday,920,1825.1,M,1,0.00416889,1.82312,12.7421,1.32044,F
956,1,HappyBirthday,1032,730,F,1,0.01776,0.15658,93.4034,6.45981,F
956,1,HappyBirthday,814,26645.1,M,1,0.641984,1.22348,1948.14,383.027,F
957,1,HappyBirthday,369,7665.12,F,1,0.641686,11.5069,1655.08,362.601,F
957,1,HappyBirthday,881,3650.01,M,1,0.331339,52.4389,1592.85,457.444,F
958,1,HappyBirthday,484,14600.4,F,1,0.224517,0.661385,27904.9,1651.13,F
958,1,HappyBirthday,557,1460.24,M,1,0.66494,0.316309,464.19,427.512,F
958,1,HappyBirthday,1033,730,M,1,0.000996206,0.246882,0.260287,0.309719,F
960,1,HappyBirthday,75,7665.32,F,1,0.00511933,0.364016,4198.52,9.19828,F
960,1,HappyBirthday,454,18250.1,F,1,0.00236962,1.34318,0.0024552,0.737231,F
960,1,HappyBirthday,810,10585.2,M,1,0.723475,2.60753,6974.69,471.821,F
960,1,HappyBirthday,850,3650.21,F,1,0.00041658,1.27917,6.51867,0.132954,F
960,1,HappyBirthday,986,3285.5,M,1,0.193614,0.0679297,36.7848,77.6632,F
961,1,HappyBirthday,408,5475.22,M,1,2.02676e-06,6.75654,9760.1,0.00772096,F
961,1,Births,1119,0,F,0,0,0.00769946,0,0,F
962,1,HappyBirthday,57,12775.1,F,1,0.499636,0.329428,40.286,223.446,F
962,1,HappyBirthday,462,13505.2,M,1,0.248842,2.70785,49140.3,1544.69,F
962,1,HappyBirthday,918,21535.2,M,1,0.00537492,0.0261317,30.878,1.73272,F
963,1,HappyBirthday,10,6935.79,F,1,8.97604e-07,1.57367,11926.6,0.00751873,F
963,1,HappyBirthday,212,8030.82,M,1,0.651223,0.378793,963.058,370.765,F
963,1,HappyBirthday,1073,365,M,1,0.919825,0.0443388,193.674,1320.15,F
964,1,HappyBirthday,453,7300.8,M,1,0.00161611,3.09354,130.23,0.614359,F
964,1,HappyBirthday,589,4380.53,F,1,0.0531143,0.747083,9555.79,46.8867,F
965,1,HappyBirthday,126,4745.74,M,1,0.547091,0.116132,16102.2,617.687,F
965,1,HappyBirthday,378,13505.8,F,1,0.558757,5.05049,3410.61,1143.72,F
965,1,HappyBirthday,496,4745.51,M,1,0.240655,3.74294,50.0906,98.0287,F
965,1,HappyBirthday,636,10585.3,M,1,0.10204,6.70522,1563.94,102.75,F
966,1,HappyBirthday,667,5110.82,M,1,0.385451,2.77661,1265.24,610.051,F
966,1,HappyBirthday,696,7300.19,M,1,0.000498579,10.8735,55.6394,0.18647,F
966,1,HappyBirthday,897,4380.57,M,1,0.000569924,0.28359,0.74093,0.177884,F
966,1,Births,1120,0,F,0,0,0.0242477,0,0,F
967,1,HappyBirthday,665,4380.09,F,1,0.0313183,0.272238,124.715,11.9022,F
967,1,HappyBirthday,688,4015.54,M,1,0.0663829,0.676864,449.456,56.0787,F
967,1,HappyBirthday,798,4745.06,M,1,0.344333,1.05733,98.2641,181.843,F
968,1,HappyBirthday,73,2190,F,1,0.00356611,0.0924167,86.5696,1.33067,F
968,1,HappyBirthday,170,12410.7,M,1,0.0231017,3.55199,8535.58,31.5272,F
968,1,HappyBirthday,389,1095.1,F,1,0.759837,1.63146,414.286,466.975,F
968,1,HappyBirthday,616,1825.11,F,1,0.00362784,0.245183,255.42,1.16636,F
969,1,HappyBirthday,110,1095.13,F,1,0.00806165,0.0178297,31.3358,2.61508,F
970,1,HappyBirthday,501,16425.4,F,1,0.0318363,1.40974,34.0477,11.6305,F
971,1,HappyBirthday,519,5110.7,F,1,0.799108,0.260361,77.9086,500.439,F
971,1,HappyBirthday,700,16426,F,1,0.00337826,3.09585,0.931822,1.05369,F
971,1,HappyBirthday,927,17155.7,M,1,5.27463e-07,1.14774,25082,0.004115,F
972,1,HappyBirthday,83,1460.19,F,1,0.0662045,0.0621422,23.6137,23.7387,F
972,1,HappyBirthday,310,6205.84,F,1,0.218449,0.25559,27521.7,421.497,F
972,1,HappyBirthday,379,12410.8,F,1,0.00227427,0.439159,0.448861,0.707701,F
972,1,HappyBirthday,1034,730,M,1,0.00175351,0.120967,68.7098,0.685034,F
973,1,HappyBirthday,25,1095.06,M,1,0.287686,0.128687,413.462,136.745,F
973,1,HappyBirthday,991,15695.8,M,1,0.00064306,1.761,358.293,0.448518,F
974,1,HappyBirthday,883,7665.63,F,1,0.000379574,0.200242,22409.7,1.11747,F
975,1,HappyBirthday,396,4380.19,F,1,0.7321,0.439359,1939.64,1598.97,F
975,1,Births,1121,0,F,0,0,0.293919,0,0,F
976,1,HappyBirthday,196,4745.87,M,1,0.000661673,5.32964,12861.5,3.1815,F
976,1,HappyBirthday,471,7300.43,M,1,0.290951,0.629696,19386.3,480.531,F
976,1,Births,1122,0,M,0,0,0.142964,0,0,F
978,1,HappyBirthday,226,14965.5,F,1,0.00517001,9.50012,0.090669,1.61184,F
978,1,HappyBirthday,292,6205.88,F,1,0.00166499,0.17007,55.201,0.564454,F
978,1,HappyBirthday,323,2920.32,M,1,0.807014,0.432513,107.963,567.575,F
978,1,HappyBirthday,801,8395.44,F,1,0.000999708,1.75938,34979,1.24903,F
979,1,HappyBirthday,9,5475.23,M,1,0.13571,1.26752,34.5682,47.9795,F
979,1,HappyBirthday,160,5840.22,M,1,0.000127313,2.22315,1.02697,0.0397622,F
979,1,HappyBirthday,294,2190.07,M,1,0.00094446,0.212644,23.6706,0.325936,F
979,1,HappyBirthday,637,5110.71,M,1,0.00606022,0.314402,1.54201,1.88881,F
979,1,HappyBirthday,657,17520.9,M,1,0.00912217,1.46494,16338.5,53.2248,F
980,1,HappyBirthday,544,1095.89,F,1,0.27133,0.0086548,5595.62,110.397,F
980,1,HappyBirthday,545,27740.3,F,1,0.000513346,14.9602,54.5254,0.180728,F
981,1,HappyBirthday,26,2555.08,F,1,0.300196,3.37369,27197.5,1003.68,F
981,1,HappyBirthday,512,7300.03,F,1,0.380509,0.288958,7011.65,1369.78,F
981,1,HappyBirthday,536,18615.3,F,1,5.60681e-06,0.0302773,131538,0.0584948,F
981,1,HappyBirthday,568,1825.04,M,1,0.0405881,0.0697243,92.1158,15.3139,F
981,1,HappyBirthday,969,8395.66,M,1,0.00276023,2.34929,86.2886,1.22187,F
982,1,HappyBirthday,5,24820.6,M,1,0.384836,0.1294,1732.86,968.869,F
982,1,HappyBirthday,458,1095.13,F,1,0.024988,0.539902,7962.79,162.029,F
982,1,HappyBirthday,489,16425.8,F,1,0.0190249,0.38492,13.1611,6.14262,F
982,1,HappyBirthday,565,7300.1,F,1,0.00105495,2.70145,7.4685,0.334788,F
982,1,HappyBirthday,1001,1095.39,M,1,0.322901,0.0377834,5001.39,138.022,F
982,1,Births,1123,0,F,0,0,0.132135,0,0,F
983,1,HappyBirthday,277,17885.8,F,1,0.125462,6.42562,78.7897,56.4009,F
983,1,HappyBirthday,577,6935.56,M,1,0.00103996,5.69005,2.26888,0.324529,F
984,1,HappyBirthday,428,1095.45,M,1,0.000479167,2.19614,114733,3.73044,F
984,1,HappyBirthday,768,15695.1,F,1,0.00719255,2.93694,106.369,2.58725,F
984,1,Births,1124,0,F,0,0,0.332708,0,0,F
986,1,HappyBirthday,416,10585.4,F,1,0.00304398,0.809658,243.053,1.29797,F
986,1,HappyBirthday,877,14600.1,M,1,0.572736,0.19862,20.2219,283.951,F
987,1,HappyBirthday,724,2920.92,M,1,0.00140406,0.716457,278.123,0.502157,F
987,1,Births,1125,0,F,0,0,0.206734,0,0,F
987,1,Births,1126,0,F,0,0,0.227541,0,0,F
988,1,HappyBirthday,679,8760.92,F,1,0.475354,43.0128,1001.74,327.741,F
990,1,HappyBirthday,548,5110.57,F,1,0.328483,0.0120366,1629.2,184.171,F
990,1,HappyBirthday,932,31755.9,F,1,0.126805,1.66907,7134.77,63.9583,F
991,1,HappyBirthday,99,1825.81,F,1,0.00722854,2.15089,29.0404,2.58397,F
991,1,HappyBirthday,694,12410.9,M,1,1.84567e-05,1.13515,25349.8,0.128664,F
991,1,HappyBirthday,743,3650.29,F,1,0.000215551,0.516209,193077,2.15251,F
991,1,HappyBirthday,839,8395.57,M,1,0.556175,7.61826,295.515,259.876,F
992,1,HappyBirthday,595,28470.3,F,1,0.000662196,9.00166,992.545,0.61759,F
993,1,HappyBirthday,480,9855.15,M,1,0.521652,0.0629803,4988.9,309.956,F
993,1,HappyBirthday,498,3285.2,M,1,0.000265467,0.134047,6.17188,0.083416,F
993,1,HappyBirthday,1036,730,F,1,0.00115553,0.0395685,90460.2,7.92431,F
993,1,HappyBirthday,1035,730,F,1,0.668048,0.4005,19125,830.762,F
994,1,HappyBirthday,4,18250.5,M,1,0.602602,0.108111,3338.03,878.679,F
994,1,HappyBirthday,375,3650.33,F,1,0.015742,0.180757,1260.02,5.5826,F
995,1,HappyBirthday,24,19345.1,M,1,0.172815,0.277589,72089.8,1588.53,F
995,1,HappyBirthday,90,31025.4,F,1,0.00114582,0.637908,45170.1,1.50862,F
995,1,HappyBirthday,744,10221,F,1,0.00522473,0.152906,19.9325,1.68435,F
995,1,HappyBirthday,764,2190.09,M,1,0.0194637,0.53486,101408,291.532,F
996,1,HappyBirthday,38,1460.4,F,1,0.00443718,0.0289388,93.8393,1.72806,F
996,1,HappyBirthday,59,3285.86,F,1,0.0272417,0.127043,18661.5,29.0037,F
996,1,HappyBirthday,242,25915.9,F,1,0.00452676,26.1755,7.79739,1.41298,F
996,1,HappyBirthday,280,5475.52,F,1,0.000821269,0.182166,1.08916,0.255298,F
996,1,Births,1127,0,F,0,0,0.00320356,0,0,F
997,1,HappyBirthday,89,5840.72,M,1,0.000383836,0.50911,124.756,0.170951,F
997,1,HappyBirthday,336,2920.85,M,1,0.00535959,1.596,3.01957,1.69352,F
997,1,HappyBirthday,425,1095.17,M,1,0.15053,0.164494,42747.9,1237.38,F
997,1,HappyBirthday,477,10220.2,F,1,0.00210998,0.610724,47.421,0.699904,F
997,1,HappyBirthday,717,27740.3,M,1,0.026059,0.334372,63.6341,8.22992,F
997,1,HappyBirthday,917,13870.7,F,1,0.000601674,1.24006,54733.5,5.65388,F
998,1,HappyBirthday,950,16060.3,M,1,0.114178,2.04655,9567.48,317.964,F
999,1,HappyBirthday,216,13870.4,M,1,0.006634,3.93602,36.0419,2.38037,F
999,1,HappyBirthday,533,2920.37,F,1,0.0108236,0.246889,31.5927,3.77342,F
999,1,HappyBirthday,800,1825.31,F,1,0.274709,0.165767,858.959,145.606,F
1000,1,HappyBirthday,1037,730,M,1,0.577542,0.0473659,210.545,300.108,F
1000,1,Births,1128,0,M,0,0,0.211761,0,0,F
1002,1,HappyBirthday,256,12045.9,F,1,0.134684,59.201,93.5612,50.5796,F
1002,1,HappyBirthday,670,13505.3,M,1,0.0753102,0.761304,11.3331,25.2577,F
1003,1,HappyBirthday,508,7665.31,F,1,0.330557,0.386902,292.306,186.268,F
1003,1,HappyBirthday,587,2920.1,F,1,0.00213773,16.7618,0.725037,0.667299,F
1003,1,HappyBirthday,985,4380.03,M,1,0.106379,0.0871219,1.1526,35.107,F
1003,1,Births,1129,0,F,0,0,0.0276097,0,0,F
1004,1,HappyBirthday,169,8760.08,M,1,0.0048022,0.813052,10645.1,20.11,F
1004,1,HappyBirthday,179,6570.09,M,1,0.00396667,0.246506,432.928,1.81994,F
1004,1,HappyBirthday,288,2555.8,M,1,0.00273087,0.687149,0.0353327,0.849801,F
1004,1,HappyBirthday,427,3650.15,F,1,0.126915,0.0133132,1834.2,143.289,F
1004,1,HappyBirthday,571,10585.6,F,1,0.00353548,30.3973,444.249,3.47214,F
1004,1,HappyBirthday,827,5840.95,F,1,0.00703624,0.757631,571.596,2.72369,F
1005,1,HappyBirthday,168,11316,F,1,0.00145828,1.3447,12.6902,0.480953,F
1005,1,HappyBirthday,252,2920.19,F,1,0.188813,0.106631,40077,448.305,F
1005,1,HappyBirthday,300,1460.32,M,1,0.00907049,0.269148,38.7436,3.34229,F
1005,1,HappyBirthday,404,19345.5,M,1,0.00114399,3.64032,25455.4,7.78991,F
1005,1,HappyBirthday,615,4015.38,M,1,0.000691409,0.695617,4.05114,0.219418,F
1005,1,HappyBirthday,630,22630.3,M,1,0.0484146,9.19497,1715.68,18.0757,F
1005,1,HappyBirthday,739,22995.9,F,1,0.00344238,0.408574,358.465,1.64972,F
1005,1,HappyBirthday,853,11315.3,F,1,0.123217,0.262327,34.325,47.8895,F
1006,1,HappyBirthday,207,35040.4,F,1,0.000243265,5.08322,13.86,0.0772992,F
1007,1,HappyBirthday,18,12775.7,M,1,0.387048,3.10018,6590.05,533.894,F
1007,1,HappyBirthday,904,10950.6,F,1,4.1964e-05,11.8125,9944.49,0.148995,F
1008,1,HappyBirthday,55,6935.8,M,1,0.000743714,0.0427539,1544.85,0.842564,F
1008,1,HappyBirthday,320,14600.7,M,1,0.00719905,14.9374,46.7876,2.38899,F
1008,1,HappyBirthday,392,18980.1,F,1,0.000223149,3.54756,24.2211,0.072712,F
1008,1,HappyBirthday,528,3650.58,M,1,0.133851,0.294655,200.181,49.2241,F
1008,1,HappyBirthday,742,4380.81,F,1,0.0153121,0.349259,331.815,9.2171,F
1009,1,HappyBirthday,131,10221,F,1,0.000320364,8.9945,72324.8,0.666543,F
1009,1,HappyBirthday,1038,730,M,1,0.58341,0.392352,104.555,321.291,F
1010,1,HappyBirthday,98,13140.3,M,1,0.178154,0.501239,119.427,71.6536,F
1010,1,HappyBirthday,227,34310.4,M,1,0.0190169,0.189231,475.645,10.1234,F
1011,1,HappyBirthday,658,5840.52,F,1,0.109549,0.153215,3655.98,42.5362,F
1011,1,HappyBirthday,787,8395.93,F,1,0.198034,0.979733,37.9241,78.9055,F
1013,1,HappyBirthday,452,13505.4,F,1,0.00653092,2.10283,154.401,2.48657,F
1014,1,HappyBirthday,412,4745.56,M,1,0.00538036,0.878878,31.2617,1.7415,F
1014,1,Births,1130,0,M,0,0,0.0530989,0,0,F
1015,1,HappyBirthday,497,8030.83,F,1,0.000905307,3.37768,73.6058,0.312115,F
1016,1,HappyBirthday,672,8760.49,M,1,0.00903128,0.296011,16.6524,2.90002,F
1016,1,HappyBirthday,861,6205.07,F,1,0.00245393,3.38279,26.3242,0.864405,F
1016,1,HappyBirthday,900,1460.54,F,1,0.226638,0.181558,4813.82,356.406,F
1017,1,HappyBirthday,410,17885.9,M,1,0.308947,14.1701,65.3073,131.89,F
1018,1,HappyBirthday,473,4015.33,M,1,0.000525833,0.156457,43.8179,0.199582,F
1018,1,HappyBirthday,622,3650.69,F,1,0.119644,0.779532,129.782,54.1688,F
1018,1,HappyBirthday,830,4380.28,M,1,0.480575,0.431642,6101.58,1265.3,F
1019,1,HappyBirthday,64,5110.04,M,1,1.24398e-05,0.223427,10919.5,0.0897759,F
1019,1,HappyBirthday,373,4745.93,M,1,0.0226892,0.247763,901.134,7.44611,F
1019,1,HappyBirthday,527,15330.1,F,1,0.00764135,0.31487,117631,60.2945,F
1019,1,HappyBirthday,656,18615.5,M,1,0.0114378,3.49205,3426.54,8.35109,F
1019,1,HappyBirthday,713,3650.87,M,1,0.0870893,4.06929,10.8189,28.8914,F
1019,1,HappyBirthday,886,6935.81,M,1,0.00013864,0.307285,15760.2,0.671208,F
1019,1,HappyBirthday,939,10585.9,M,1,0.153412,0.539158,76.417,66.8693,F
1020,1,HappyBirthday,593,2555.65,M,1,0,1.9854,8927.79,0,F
1020,1,HappyBirthday,597,4015.48,F,1,0.102806,0.0853598,4411.47,358.156,F
1021,1,HappyBirthday,1000,17155.5,M,1,0.00297082,0.140238,1471.02,1.77767,F
1021,1,HappyBirthday,260,7300.71,F,1,0.0205582,0.853847,415.841,16.2424,F
1022,1,HappyBirthday,122,4380.99,M,1,0.00457128,0.718704,29.8681,1.48168,F
1022,1,HappyBirthday,349,9855.57,M,1,0.0271643,2.13992,31.0962,8.94814,F
1022,1,HappyBirthday,479,1825.73,F,1,0.000238393,0.0953645,10.3478,0.0751376,F
1022,1,HappyBirthday,649,11315.9,M,1,0.614152,1.266,37.7848,321.427,F
1022,1,HappyBirthday,755,7300.2,M,1,0.00114958,2.57445,0.0272957,0.357485,F
1022,1,HappyBirthday,828,10585.5,F,1,0.870804,0.48286,1341.02,1453.4,F
1022,1,HappyBirthday,866,7665.69,F,1,5.43121e-05,6.91638,17435.6,0.568546,F
1023,1,HappyBirthday,92,34675.6,M,1,0.0428824,1.10457,58343.2,79.4828,F
1023,1,HappyBirthday,234,8395.75,F,1,0.154689,0.735911,265.978,52.6485,F
1023,1,HappyBirthday,731,9125.78,M,1,0.119475,0.0534609,4759.2,228.575,F
1023,1,HappyBirthday,763,9490.45,M,1,0.0756364,0.368513,1.60032,24.4803,F
1024,1,HappyBirthday,312,1825.1,M,1,0.0206163,8.32083,24528.8,136.184,F
1024,1,HappyBirthday,411,8760.1,M,1,0.0530692,2.19823,35.8735,17.9882,F
1024,1,HappyBirthday,960,13140.6,M,1,0.00495068,0.229309,34.2356,1.71605,F
1024,1,HappyBirthday,973,2920.13,M,1,0.00548416,0.137072,54763.4,7.44787,F
1025,1,HappyBirthday,466,14235.5,M,1,0.138112,0.0549034,132.113,53.9863,F
1025,1,HappyBirthday,558,3650.19,M,1,0.0136094,0.0610744,15.174,4.37013,F
1025,1,HappyBirthday,729,3650.96,M,1,0.0220914,0.353178,105718,332.863,F
1025,1,HappyBirthday,745,2190.36,F,1,0.0397107,4.98127,25.5215,13.8434,F
1025,1,HappyBirthday,983,3285.37,F,1,0.448524,0.229184,1445.11,284.708,F
1026,1,HappyBirthday,68,7665.53,M,1,0.00243598,0.28538,1.17444,0.758178,F
1026,1,HappyBirthday,1039,730,M,1,0.00514221,0.439104,86.4204,1.76418,F
1026,1,HappyBirthday,461,9855.84,M,1,0.000229141,2.84286,43243.9,0.296161,F
1026,1,HappyBirthday,1074,365,F,1,1.14038e-05,0.0391918,75105.8,0.0447898,F
1026,1,HappyBirthday,704,2190.54,M,1,0.00242272,0.0722431,0.0114715,0.753943,F
1027,1,HappyBirthday,113,24455.6,M,1,0.00496643,1.39269,44.8671,1.70615,F
1028,1,HappyBirthday,109,14600.4,M,1,0.146825,0.455256,10955.1,1199.85,F
1028,1,HappyBirthday,358,9490.48,F,1,0.040892,0.509192,7854.54,36.3557,F
1028,1,HappyBirthday,602,15330.2,M,1,0.00693655,1.00621,13.6031,2.17655,F
1028,1,HappyBirthday,648,13505.6,F,1,0.912148,1.36877,99.2444,837.048,F
1028,1,HappyBirthday,726,17155.7,M,1,0.00662267,3.89289,6337.05,40.9617,F
1029,1,HappyBirthday,116,11315.5,M,1,0.606226,9.48396,49.6339,314.425,F
1029,1,HappyBirthday,192,2190.13,F,1,0.000474949,2.40927,95619.9,3.27309,F
1029,1,HappyBirthday,949,5110.87,M,1,0.00195453,0.0719336,868.788,1.36638,F
1030,1,HappyBirthday,286,5840.39,M,1,0.00297313,3.00133,37514.4,2.53624,F
1030,1,HappyBirthday,443,20440.9,F,1,0.00326514,0.111718,14.4061,1.07122,F
1030,1,HappyBirthday,488,11315.2,F,1,0.350339,0.0243694,2993.41,735.463,F
1030,1,HappyBirthday,514,2555.69,M,1,0.0193122,1.91126,1332.31,14.1837,F
1030,1,HappyBirthday,709,6205.15,F,1,0.0561639,5.70754,7810.05,95.4831,F
1030,1,HappyBirthday,792,22995,F,1,0.736861,0.391959,292.462,503.446,F
1030,1,HappyBirthday,831,10220.8,F,1,7.24838e-05,0.163141,66162,0.142943,F
1031,1,HappyBirthday,951,10950.3,F,1,0.139572,0.561338,238.385,56.6586,F
1031,1,HappyBirthday,958,5475.02,F,1,0.383529,1.33474,0.402356,150.473,F
1032,1,HappyBirthday,692,1825.47,M,1,0.650527,1.36633,181.859,342.428,F
1032,1,HappyBirthday,1040,730,M,1,1.84389e-05,0.332954,19787.7,0.103315,F
1032,1,HappyBirthday,758,1825.9,F,1,0.017354,0.0792984,35694.6,131.181,F
1033,1,HappyBirthday,244,10585.1,M,1,0.00356673,0.223228,82.46,1.25686,F
1033,1,HappyBirthday,440,28470.7,M,1,0.821503,1.51387,84.9675,627.365,F
1033,1,HappyBirthday,638,9490.16,M,1,0.178201,0.994261,1097.32,77.6616,F
1033,1,HappyBirthday,650,35040.4,F,1,0.190532,4.12596,90846,1318.46,F
1033,1,HappyBirthday,795,4380.67,M,1,0.00872013,1.56703,45773.9,13.0737,F
1033,1,HappyBirthday,868,6935.95,F,1,0.00241958,1.13116,33.8107,0.812334,F
1034,1,HappyBirthday,1075,365,F,1,0.123216,0.0232716,24.4387,43.8001,F
1034,1,HappyBirthday,229,11680.2,M,1,0.00191934,3.40263,196.629,0.796889,F
1034,1,HappyBirthday,329,3650.66,M,1,0.587437,1.51291,617.33,297.17,F
1034,1,HappyBirthday,740,6570.9,M,1,0.207908,0.475124,2887.92,290.327,F
1035,1,HappyBirthday,157,4745.51,F,1,0.00203046,2.12672,29.2458,0.671419,F
1035,1,HappyBirthday,606,7665.5,F,1,0.271605,2.77698,1696.68,161.185,F
1036,1,HappyBirthday,278,9855.16,M,1,0.121074,1.93302,31003.5,195.278,F
1036,1,HappyBirthday,837,15695.2,F,1,0.475229,0.84104,33.1344,228.787,F
1036,1,HappyBirthday,933,16060.9,M,1,0.00232494,0.11496,350.403,1.28178,F
1036,1,Births,1131,0,M,0,0,0.0129977,0,0,F
1037,1,HappyBirthday,366,29930.5,M,1,0.00303253,2.86542,25879.2,3.49127,F
1037,1,Births,1132,0,F,0,0,0.398596,0,0,F
1038,1,HappyBirthday,272,4015.69,F,1,0.0032053,0.156394,57.0703,1.07278,F
1038,1,HappyBirthday,436,9490.2,F,1,0.00878845,0.190329,21.9129,2.91004,F
1038,1,HappyBirthday,476,5840.44,M,1,0.00308416,3.48427,49867.4,30.4593,F
1038,1,HappyBirthday,525,1095.04,M,1,0.737969,0.0115053,55.8653,449.975,F
1039,1,HappyBirthday,465,1825.49,M,1,0.00335915,0.450683,56006.2,5.86848,F
1039,1,HappyBirthday,623,17155.6,F,1,0.273155,0.178417,2519.15,414.938,F
1039,1,HappyBirthday,847,2555.4,F,1,0.000267767,4.06624,39501.8,0.351698,F
1040,1,HappyBirthday,54,21170.6,F,1,0.106656,2.66067,116.773,39.5188,F
1040,1,HappyBirthday,578,4015.07,F,1,0.000781765,0.964231,0.548272,0.243524,F
1040,1,HappyBirthday,756,13140.6,F,1,0.0445874,3.76273,0.143637,14.1826,F
1040,1,HappyBirthday,922,8395,F,1,0.000103325,5.10253,15.1949,0.0344354,F
1041,1,HappyBirthday,78,1825.57,M,1,0.137434,0.146515,29.9409,52.2576,F
1041,1,HappyBirthday,225,1460.67,M,1,0.0136078,0.29891,6.71729,4.33243,F
1041,1,HappyBirthday,354,9125.6,F,1,0.00127458,1.47516,25952.2,1.50348,F
1041,1,HappyBirthday,1041,730,M,1,0.000805955,0.286061,77.2272,0.27876,F
1041,1,HappyBirthday,671,11680.6,M,1,0.215273,0.307343,134.298,90.6027,F
1041,1,HappyBirthday,808,4745.88,M,1,0.00252397,0.814861,10.8791,0.818321,F
1041,1,Births,1133,0,M,0,0,0.308118,0,0,F
1042,1,HappyBirthday,1042,730,F,1,0.0128398,0.0102502,51.3302,4.13383,F
1042,1,HappyBirthday,27,17520,M,1,0.000588648,0.00563664,0.0613362,0.183207,F
1042,1,HappyBirthday,550,2190.44,M,1,0.0044638,0.931879,33.6772,1.59377,F
1042,1,HappyBirthday,596,35405.9,F,1,0.0019224,7.22449,6.24937,0.616578,F
1042,1,HappyBirthday,1076,365,M,1,0.81025,0.0179061,1431.11,719.214,F
1042,1,Births,1134,0,M,0,0,0.127325,0,0,F
1043,1,HappyBirthday,140,7665.33,M,1,0.163141,1.36586,94956.9,1088.95,F
1043,1,HappyBirthday,180,2920.54,M,1,0.0302223,0.0425584,34456.2,36.6808,F
1043,1,HappyBirthday,444,22630,M,1,0.00195605,3.15306,106699,18.0351,F
1043,1,HappyBirthday,600,1460.79,M,1,0.39472,0.067187,2761.69,501.484,F
1043,1,HappyBirthday,1043,730,M,1,0.853738,0.216463,213.428,603.687,F
1044,1,HappyBirthday,77,8030.16,F,1,0.312984,1.03818,2363.47,959.037,F
1044,1,HappyBirthday,82,21900.1,M,1,0.000148297,0.448348,0.191596,0.0460878,F
1044,1,HappyBirthday,430,5475.63,F,1,0.290433,0.444514,65.397,108.957,F
1044,1,HappyBirthday,854,34311,F,1,0.00074351,2.37143,1367.76,0.724022,F
1044,1,Births,1135,0,F,0,0,0.0125889,0,0,F
1045,1,HappyBirthday,48,9125.62,F,1,0.552838,0.0783008,4638.57,258.845,F
1045,1,HappyBirthday,173,23725.9,F,1,0.0014325,1.44127,71.9582,0.532452,F
1045,1,HappyBirthday,273,16060.2,F,1,0.174792,2.92269,24902.2,521.586,F
1045,1,HappyBirthday,293,1460.21,F,1,0.786593,0.7783,3773.13,1576.81,F
1045,1,HappyBirthday,632,31755.4,M,1,0.518114,0.223317,5522.47,364.966,F
1045,1,HappyBirthday,928,16790.2,F,1,0.00175941,1.58485,3374,0.553318,F
1046,1,HappyBirthday,401,32850.5,F,1,0.0113383,0.192086,71.1594,3.90014,F
1046,1,HappyBirthday,518,13505.2,F,1,0.0320458,1.97741,1171.35,10.1465,F
1046,1,HappyBirthday,523,6935.89,F,1,0.144001,0.252942,322.592,50.6401,F
1046,1,Births,1136,0,F,0,0,0.0417367,0,0,F
1047,1,HappyBirthday,127,15695.6,F,1,0.00244085,0.658749,6478.67,0.799176,F
1047,1,HappyBirthday,297,2920.65,F,1,0.21619,0.37307,18225.2,537.548,F
1047,1,HappyBirthday,371,1825.76,M,1,0.915944,0.795093,261.976,862.514,F
1047,1,HappyBirthday,653,4745.38,M,1,0.0247252,0.331094,1008.95,20.3265,F
1047,1,HappyBirthday,664,5475.47,M,1,0.32316,1.34871,70.9999,143.181,F
1047,1,HappyBirthday,691,8030.87,M,1,0.0406406,1.72442,5.1575,13.1669,F
1047,1,HappyBirthday,712,14235.2,F,1,0.0122902,1.5605,105.302,4.75414,F
1047,1,HappyBirthday,838,3650.68,M,1,0.0104901,1.09577,660.438,6.47533,F
1047,1,HappyBirthday,965,3650.67,F,1,0.135771,0.619844,24154.2,417.335,F
1047,1,HappyBirthday,992,2555.86,M,1,0.0451594,7.20404,1.07443,14.3854,F
1047,1,Births,1137,0,M,0,0,0.0314648,0,0,F
1048,1,HappyBirthday,28,36135.8,M,1,0.416707,1.56676,5597.12,633.95,F
1048,1,HappyBirthday,250,12775.3,M,1,0.0288898,0.259137,37.0164,10.7011,F
1048,1,HappyBirthday,559,3285.1,F,1,0.00278354,0.136199,32.5344,0.892446,F
1049,1,HappyBirthday,303,2920.26,F,1,0.162006,0.276631,1809.68,156.559,F
1049,1,HappyBirthday,516,30660.2,F,1,0.0108203,0.156239,130.079,4.09961,F
1049,1,HappyBirthday,1077,365,F,1,0.231643,0.102183,28.3304,92.8307,F
1050,1,HappyBirthday,148,16790.7,M,1,0.031329,2.10856,33406.3,144.363,F
1050,1,HappyBirthday,347,7300.43,F,1,0.252475,0.548899,55382.8,1772.58,F
1050,1,HappyBirthday,570,8395.4,M,1,0.341914,0.0543033,937.157,508.998,F
1051,1,HappyBirthday,450,1095.77,F,1,0.0263188,0.392337,19522.6,27.8249,F
1051,1,HappyBirthday,601,2190.33,M,1,0.00649987,6.86229,33.1498,2.07174,F
1052,1,HappyBirthday,749,20075.1,M,1,0.13498,1.91635,381.634,48.4155,F
1052,1,HappyBirthday,771,15330.7,F,1,0.924219,0.375575,141.415,815.053,F
1052,1,HappyBirthday,842,17155.9,M,1,0.00140095,0.467844,14.642,0.444534,F
1053,1,HappyBirthday,275,26280.3,F,1,0.138332,1.46656,57.5537,59.5998,F
1053,1,HappyBirthday,315,3650.63,M,1,0.0403014,0.271759,80.6726,17.5223,F
1053,1,HappyBirthday,639,4015.35,F,1,0.00338882,0.138004,32469.9,3.51084,F
1053,1,HappyBirthday,916,21900,F,1,0.000148968,0.223351,53072.8,0.192624,F
1053,1,Births,1138,0,F,0,0,0.241809,0,0,F
1053,1,Births,1139,0,M,0,0,0.554154,0,0,F
1054,1,HappyBirthday,500,8395.98,M,1,0.0127971,0.0658818,100450,119.557,F
1055,1,HappyBirthday,1078,365,F,1,0.133903,0.633829,71.2227,50.081,F
1056,1,HappyBirthday,438,25550.3,M,1,0.00170934,1.84745,37.6046,0.615253,F
1057,1,HappyBirthday,204,4745.42,F,1,0.439883,1.04432,18720.9,666.922,F
1057,1,HappyBirthday,432,12410.9,F,1,0.690738,0.589138,1808.51,370.198,F
1057,1,HappyBirthday,492,1095.67,F,1,0.127065,0.36227,46292.3,997.879,F
1057,1,HappyBirthday,1079,365,M,1,0.413447,0.768144,64.4602,203.812,F
1057,1,HappyBirthday,945,5840.97,F,1,0.581924,1.66301,2594.61,301.962,F
1057,1,Births,1140,0,F,0,0,0.0210903,0,0,F
1058,1,HappyBirthday,153,8760.14,M,1,0.00661046,1.35822,17.8861,2.21863,F
1058,1,HappyBirthday,211,15330.6,M,1,0.303861,0.205409,5296.97,795.474,F
1058,1,HappyBirthday,339,10950.6,M,1,0.00453101,5.72058,0.742467,1.41636,F
1058,1,HappyBirthday,529,12410.6,F,1,0.00772792,0.0427921,52.6653,3.04848,F
1058,1,HappyBirthday,990,5475.03,F,1,0.0298462,0.184335,1.2558,9.41838,F
1059,1,HappyBirthday,191,1095.32,F,1,0.00611087,0.0660797,95.6804,2.15953,F
1059,1,HappyBirthday,206,6570.27,F,1,0.670313,0.00292226,1879.9,666.078,F
1060,1,HappyBirthday,1044,730,M,1,0.163354,0.142941,39.0204,64.4907,F
1061,1,HappyBirthday,171,14235.1,F,1,0.000334917,1.77295,915.492,0.444439,F
1062,1,HappyBirthday,852,3650.57,M,1,0.030456,4.77292,18.2429,9.64824,F
1062,1,Births,1141,0,M,0,0,0.0799747,0,0,F
1063,1,HappyBirthday,424,16060.9,M,1,2.12385e-06,0.14193,24960.3,0.02104,F
1063,1,HappyBirthday,1080,365,M,1,0.245936,0.166769,37136.7,500.327,F
1064,1,HappyBirthday,330,22630,F,1,0.459638,0.234527,11447.9,488.323,F
1065,1,HappyBirthday,924,13140.3,F,1,0.208654,0.135432,9356.84,279.281,F
1066,1,HappyBirthday,2,12410.4,M,1,0.00060428,3.76256,38.321,0.216629,F
1066,1,HappyBirthday,309,2920.8,F,1,0.00351314,0.752023,124.642,1.43574,F
1066,1,HappyBirthday,867,8395.89,M,1,0.809064,1.29885,179.678,848.572,F
1066,1,HappyBirthday,1081,365,M,1,0.619809,0.650496,4003.73,306.889,F
1067,1,HappyBirthday,1045,730,F,1,0.154984,0.145004,13501,477.214,F
1067,1,Births,1142,0,F,0,0,0.0191709,0,0,F
1068,1,HappyBirthday,231,5840.46,F,1,0.149653,0.289371,4533.1,142.199,F
1068,1,HappyBirthday,967,1095.42,M,1,0.0131729,0.623829,4436.39,25.4188,F
1069,1,HappyBirthday,21,20440.5,M,1,0.00362376,0.0769859,670.718,1.39634,F
1070,1,HappyBirthday,199,5475.64,F,1,0.00212449,0.7859,13.1037,0.701891,F
1070,1,HappyBirthday,686,16790.5,F,1,0.520199,0.486646,1433.62,332.572,F
1070,1,HappyBirthday,784,8030.13,F,1,0.07002,4.37329,248.187,34.7148,F
1071,1,HappyBirthday,442,12045.5,M,1,0.699966,4.56524,259.993,397.735,F
1071,1,HappyBirthday,786,20440.3,F,1,0.0835672,2.14853,2319.83,211.683,F
1071,1,Births,1143,0,M,0,0,0.0483549,0,0,F
1072,1,HappyBirthday,813,3285.14,M,1,0.158521,0.37871,919.147,58.4311,F
1072,1,HappyBirthday,844,6205.54,F,1,0.00205586,5.46687,2.53878,0.639755,F
1073,1,HappyBirthday,150,22630.4,M,1,0.00442241,0.698489,5.22453,1.40563,F
1073,1,HappyBirthday,239,30295.7,M,1,0.536355,0.280089,48.2239,276.638,F
1073,1,HappyBirthday,433,25185.3,M,1,0.106403,1.33258,98.2715,41.5175,F
1073,1,HappyBirthday,583,11315.7,M,1,0.539166,19.1297,15741.1,782.411,F
1074,1,HappyBirthday,241,18250.4,F,1,0.0555412,0.458915,57.83,18.7798,F
1074,1,HappyBirthday,569,8030.13,M,1,0.000280888,9.1193,7776.16,0.839815,F
1074,1,HappyBirthday,823,9125.95,M,1,0.0239896,2.56203,3913.28,38.7288,F
1076,1,HappyBirthday,219,6570.28,F,1,0.101941,0.68148,5389.18,47.4464,F
1077,1,HappyBirthday,327,4380.92,M,1,1.75307e-05,0.268662,11340.2,0.140824,F
1077,1,HappyBirthday,554,10950.1,F,1,0.00121951,3.77504,0.157736,0.379482,F
1077,1,HappyBirthday,640,6935.87,M,1,0.0692131,4.29352,34.5319,25.0953,F
1078,1,HappyBirthday,328,13505.4,F,1,0.0443619,0.27158,2280.1,110.381,F
1078,1,HappyBirthday,579,5475.32,M,1,0.237271,0.199009,4033.4,1060.84,F
1078,1,HappyBirthday,765,31025.1,M,1,0.00056663,0.194409,128.711,0.209114,F
1079,1,HappyBirthday,660,1095.5,F,1,0.0638111,8.24202,71.228,26.2505,F
1079,1,HappyBirthday,1046,730,M,1,0.00188789,0.0368231,0.219021,0.587069,F
1079,1,HappyBirthday,912,14600.3,M,1,0.184491,0.199411,2718.39,64.7213,F
1079,1,HappyBirthday,930,7665.78,M,1,0.0108868,0.518774,73.8722,4.06507,F
1080,1,HappyBirthday,119,12410.9,M,1,0.0340176,0.0466273,335.728,11.7553,F
1080,1,HappyBirthday,448,3285.45,F,1,0.320655,4.96455,27660.1,1100.68,F
1080,1,HappyBirthday,634,3285.46,M,1,0.00520952,1.56117,166.541,2.08311,F
1080,1,HappyBirthday,825,13140.5,F,1,0.000621598,0.0888106,11139.3,2.39948,F
1080,1,HappyBirthday,975,5840.19,M,1,0.00195409,6.4874,25.5993,0.614354,F
1080,1,HappyBirthday,1082,365,F,1,0.000159496,0.135039,190652,1.59105,F
1081,1,HappyBirthday,663,32120.6,F,1,0.000255073,0.395899,0.919315,0.0793566,F
1081,1,Births,1144,0,F,0,0,0.0148756,0,0,F
1082,1,HappyBirthday,541,5110.81,M,1,0.0327434,2.25607,8310.51,27.9296,F
1082,1,HappyBirthday,1083,365,M,1,0.451484,0.224511,1717.78,272.598,F
1083,1,HappyBirthday,107,7665.07,F,1,0.859966,1.49418,3717,1149.2,F
1083,1,HappyBirthday,553,5840.41,F,1,0.000585178,8.84035,36546,0.7395,F
1083,1,HappyBirthday,699,15330.2,F,1,0.170829,1.83989,23.6245,58.3518,F
1084,1,HappyBirthday,102,2190.13,F,1,0.00625602,8.94218,61.0055,2.28632,F
1084,1,HappyBirthday,445,3285.37,M,1,0.512044,3.2272,12.8196,224.869,F
1085,1,HappyBirthday,423,8030.18,M,1,0.160879,2.1236,3165.69,414.686,F
1085,1,HappyBirthday,647,11315.9,M,1,0.18662,0.881646,52806.7,304.547,F
1085,1,HappyBirthday,934,13870.2,M,1,0.0100781,0.201215,24514.5,11.3276,F
1086,1,HappyBirthday,6,6570.11,M,1,0.0753635,0.133657,3768.95,29.7135,F
1086,1,HappyBirthday,605,1825.41,F,1,0.764047,0.261296,15.1299,466.182,F
1087,1,HappyBirthday,446,1460.34,F,1,0.00790205,1.91594,15.4709,2.51849,F
1087,1,HappyBirthday,684,1095.26,M,1,0.502193,0.582413,6661.87,515.647,F
1088,1,HappyBirthday,209,2555.13,M,1,0.00379696,3.24335,24192.6,37.2502,F
1088,1,HappyBirthday,757,9125.07,M,1,0.698444,0.19556,9.50618,378.639,F
1088,1,HappyBirthday,864,8760.35,F,1,0.325155,0.82048,31289.8,422.263,F
1089,1,HappyBirthday,138,6570.39,M,1,0.00226256,2.89607,35.1614,0.739097,F
1089,1,HappyBirthday,340,26280.9,M,1,0.00127884,0.927584,10.7978,0.405175,F
1089,1,HappyBirthday,359,3650.91,M,1,0.834881,0.0182932,211.583,574.421,F
1089,1,HappyBirthday,697,7665.68,M,1,0.24526,2.43468,2102.01,322.883,F
1090,1,HappyBirthday,507,4745.03,M,1,0.00230538,0.50678,56.1365,0.828887,F
1091,1,HappyBirthday,178,7665.4,M,1,0.000523813,0.0775299,543.546,0.48266,F
1091,1,HappyBirthday,560,12410.9,M,1,0.258774,0.586459,3852.78,98.1174,F
1091,1,HappyBirthday,591,13870.2,M,1,0.00682509,1.44525,21521.8,31.4327,F
1092,1,HappyBirthday,80,2190.88,F,1,0.388555,2.46422,52.2349,190.434,F
1092,1,HappyBirthday,493,6570.6,F,1,0.00103435,8.31262,38.787,0.369716,F
1092,1,HappyBirthday,539,4015.17,M,1,0.295093,1.02071,456.777,289.156,F
1093,1,HappyBirthday,186,2190.55,M,1,6.30616e-06,0.166383,14239.2,0.0576984,F
1093,1,HappyBirthday,1047,730,F,1,0.000176199,0.194611,11.1174,0.0577512,F
1093,1,HappyBirthday,626,7300.34,F,1,0.0033223,0.272925,15.4052,1.03796,F
1094,1,HappyBirthday,201,8030.36,F,1,0.0740541,0.922478,217.164,34.4788,F
1094,1,HappyBirthday,348,9125.04,F,1,0.217702,0.134928,84.7648,99.0335,F
1095,1,HappyBirthday,566,8030.02,F,1,0.00410239,1.67088,0.321588,1.27736,F
1096,1,HappyBirthday,151,6935.09,F,1,0.0696199,1.53839,3896.35,279.627,F
1096,1,HappyBirthday,1048,730,M,1,0.0301388,0.0125001,10374.5,29.5428,F
1096,1,HappyBirthday,335,10585.3,M,1,0.00928659,0.593359,51.3024,3.60692,F
1096,1,HappyBirthday,419,15330.3,M,1,0.00027957,0.528039,1.14316,0.0870062,F
1096,1,HappyBirthday,780,30295.4,M,1,0.00407733,4.52503,15.9674,1.29726,F
1096,1,HappyBirthday,794,4745.75,F,1,0.529723,0.00582481,101.673,322.857,F
1096,1,HappyBirthday,1084,365,M,1,0.168023,0.016904,11921.1,147.578,F
1096,1,HappyBirthday,980,2555.46,F,1,0.0392869,0.0579616,22067.3,141.874,F
1097,1,HappyBirthday,267,15330.8,F,1,0.0160188,0.915056,5959.18,79.6193,F
1098,1,HappyBirthday,36,1460.89,F,1,0.0474196,0.119406,2142.79,22.0082,F
1098,1,HappyBirthday,163,2920.83,F,1,0.00291651,0.214832,1215.45,2.37427,F
1098,1,HappyBirthday,1049,730,M,1,0.066402,0.473036,19.3804,21.3715,F
1098,1,HappyBirthday,368,27740.9,M,1,0.00381769,0.503388,51.8726,1.32795,F
1099,1,HappyBirthday,486,18980.1,F,1,0.0227842,1.12885,368.3,7.1779,F
1099,1,Births,1145,0,M,0,0,0.0167657,0,0,F
1100,1,HappyBirthday,325,7665.39,M,1,0.0125979,3.50019,27.8666,4.49242,F
1100,1,HappyBirthday,388,23360.3,F,1,0.00836429,1.34046,13029.7,7.73907,F
1100,1,HappyBirthday,851,4015.46,F,1,0.00260428,0.355767,170.635,0.870166,F
1101,1,HappyBirthday,133,25550.7,M,1,0.00867962,0.0786923,52.9325,3.11995,F
1101,1,Births,1146,0,F,0,0,0.153889,0,0,F
1102,1,HappyBirthday,16,35770.8,F,1,0.0203831,8.41703,124.284,8.3363,F
1102,1,HappyBirthday,774,5840.07,F,1,0.041554,5.52293,20.0509,13.3251,F
1102,1,HappyBirthday,1085,365,M,1,4.528e-06,0.0168772,3.21893,0.00143018,F
1103,1,HappyBirthday,245,6205.83,F,1,0.572208,0.151622,62.5644,333.756,F
1103,1,HappyBirthday,972,23360.4,F,1,0.0536035,0.40484,7.12394,17.3263,F
1104,1,HappyBirthday,164,9855.8,M,1,0.045634,2.37524,566.099,40.3169,F
1104,1,HappyBirthday,274,12775.5,M,1,0.00206053,0.869033,18.7006,0.701165,F
1104,1,HappyBirthday,360,3650.99,F,1,0.00896481,0.0344062,3.09869,2.83172,F
1104,1,HappyBirthday,1050,730,F,1,0.955945,1.21426,866.76,1837.64,F
1104,1,HappyBirthday,871,25915.1,F,1,0.00425083,64.1188,0.0115266,1.32411,F
1104,1,HappyBirthday,987,9855.99,M,1,0.155228,0.330292,1127.81,126.621,F
1105,1,HappyBirthday,232,7300.9,M,1,0.0601369,0.901151,211.426,24.5859,F
1105,1,HappyBirthday,1002,1095,F,1,0.0985772,0.31733,388.213,40.339,F
1105,1,HappyBirthday,394,11680,F,1,0.00388419,73.4213,55.9002,1.30344,F
1105,1,HappyBirthday,1086,365,F,1,0.000806726,1.02114,3.77709,0.25464,F
1105,1,HappyBirthday,964,3650.74,F,1,0.153716,1.15493,11.349,52.6664,F
1106,1,HappyBirthday,42,32850.2,F,1,0.449959,2.29995,75.5389,228.486,F
1106,1,HappyBirthday,47,4380.53,M,1,0.419644,0.411339,2268.47,655.54,F
1106,1,HappyBirthday,620,8760.81,F,1,0.0467798,0.610564,469.952,22.7478,F
1106,1,HappyBirthday,876,33215.7,M,1,0.872186,3.16413,108.76,723.508,F
1106,1,HappyBirthday,887,10585.4,F,1,0.00343007,0.954851,240.305,1.37388,F
1107,1,HappyBirthday,687,5110.89,M,1,0.066769,0.318795,1.40063,21.6252,F
1108,1,HappyBirthday,365,5110.77,F,1,0.0888171,5.25152,0.975047,29.0304,F
1108,1,HappyBirthday,510,8030.74,F,1,0.00278383,0.318818,9.84358,0.904243,F
1108,1,HappyBirthday,540,28835.5,M,1,0.00325503,0.195943,25.8621,1.12184,F
1109,1,HappyBirthday,998,2190.74,M,1,0.00856143,3.20093,18925.2,38.1682,F
1110,1,HappyBirthday,302,4745.72,F,1,0.000522015,3.53,7.51116,0.166816,F
1110,1,HappyBirthday,603,10950.4,F,1,0.294403,3.00843,392.989,168.218,F
1110,1,HappyBirthday,718,6205.36,F,1,0.58478,0.863557,6086.86,619.411,F
1110,1,HappyBirthday,906,22265.9,F,1,0.0234701,0.130512,5203.25,8.55427,F
1111,1,HappyBirthday,67,1825.87,F,1,0.125405,0.00441304,3.30918,42.3401,F
1111,1,HappyBirthday,806,3285.44,F,1,0.0189503,1.8416,103.948,7.21634,F
1112,1,HappyBirthday,1003,1095,F,1,0.000768497,0.0695334,8.38809,0.246136,F
1112,1,HappyBirthday,879,5475.23,F,1,0.00203915,0.478724,0.639126,0.635201,F
1112,1,HappyBirthday,907,1825.24,M,1,0.000184857,0.00692928,0.49994,0.0576006,F
1113,1,HappyBirthday,51,20805.7,M,1,0.000323797,1.16158,55.5644,0.110296,F
1113,1,HappyBirthday,361,5110.37,M,1,4.59597e-05,0.0749675,0.137011,0.0142686,F
1113,1,HappyBirthday,546,2555.58,F,1,0.00490159,0.785789,336.975,2.36878,F
1113,1,HappyBirthday,604,2555.49,M,1,0.00209941,4.84947,22.0159,0.6604,F
1114,1,HappyBirthday,112,2190.97,F,1,0.185499,0.15018,74259.6,1051.15,F
1114,1,HappyBirthday,195,19710.3,M,1,0.0008456,1.91064,2976.99,0.414117,F
1114,1,HappyBirthday,1051,730,F,1,0.0798939,0.122749,193754,851.429,F
1115,1,HappyBirthday,576,19345.8,M,1,0.0484117,0.41621,38.8308,16.2841,F
1115,1,HappyBirthday,661,31390,M,1,0.124533,0.924891,3.33621,41.5066,F
1115,1,HappyBirthday,732,3285.6,M,1,0.0340996,0.217084,10.9323,11.3767,F
1115,1,HappyBirthday,738,6935.94,M,1,0.00127267,1.75136,33.4737,0.457982,F
1115,1,HappyBirthday,849,6570.5,M,1,0.200483,1.33107,1255.18,88.7939,F
1115,1,Births,1147,0,F,0,0,0.441938,0,0,F
1116,1,HappyBirthday,437,5110.88,M,1,0.0033307,0.701267,23.9914,1.07949,F
1116,1,HappyBirthday,1004,1095,F,1,0.583354,0.207688,620.229,840.044,F
1117,1,HappyBirthday,628,2920.88,M,1,0.0124774,0.503315,354.882,4.1301,F
1117,1,HappyBirthday,741,2555.69,M,1,0.0575923,0.391757,81.3374,21.4168,F
1117,1,HappyBirthday,1087,365,M,1,0.348454,0.354088,5424.42,613.339,F
1118,1,HappyBirthday,317,15330.3,M,1,0.00386226,17.6173,6.40769,1.23799,F
1118,1,HappyBirthday,1052,730,F,1,0.00307314,0.0318836,6.86213,0.956368,F
1118,1,HappyBirthday,890,4380.88,F,1,0.0186267,0.515275,28.7294,6.48884,F
1119,1,HappyBirthday,230,15330.2,M,1,0.0445571,1.01414,133.689,16.0608,F
1119,1,HappyBirthday,426,13870.8,M,1,0.263895,5.46283,3730.73,478.911,F
1119,1,HappyBirthday,862,14235.6,F,1,0.0167346,5.81534,1.90552,5.28899,F
1119,1,HappyBirthday,891,9125.7,M,1,0.00188369,0.126378,13.1748,0.600704,F
1119,1,HappyBirthday,962,2920.58,M,1,0.00292082,0.0821652,52.6379,0.978505,F
1119,1,HappyBirthday,993,10585.9,F,1,0.0141625,1.10273,2.92844,4.49018,F
1120,1,HappyBirthday,13,21900.9,F,1,0.733939,0.112121,2514.5,1273.69,F
1120,1,HappyBirthday,20,8030.84,M,1,0.0203025,2.18286,108500,147.672,F
1121,1,HappyBirthday,29,5110.41,M,1,0.00422816,0.469297,109424,65.3718,F
1121,1,HappyBirthday,678,10585.9,F,1,0.017448,2.92378,101.652,6.15472,F
1121,1,HappyBirthday,961,3650.49,F,1,0.00566805,1.01544,16.2116,1.89183,F
1121,1,HappyBirthday,1088,365,M,1,0.000125266,0.0645339,10621.9,0.957326,F
1122,1,HappyBirthday,121,21170.5,F,1,5.14421e-05,0.0286658,0.0325594,0.0159978,F
1122,1,HappyBirthday,391,1825.76,M,1,0.360693,0.877927,303.878,197.35,F
1122,1,HappyBirthday,586,8760.25,F,1,0.2331,0.0899821,21325.8,1549.71,F
1122,1,HappyBirthday,947,9855.52,M,1,0.151809,1.91759,3741.07,59.2139,F
1123,1,HappyBirthday,58,26280.9,F,1,0.0165617,0.411654,1919.81,6.476,F
1123,1,HappyBirthday,457,18980.6,F,1,0.000421562,0.568207,1129.72,0.274794,F
1123,1,HappyBirthday,750,5475.17,F,1,0.00692171,0.339858,2.56965,2.16916,F
1124,1,HappyBirthday,944,1460.73,M,1,0.315353,0.155883,2253.63,918.792,F
1125,1,HappyBirthday,455,8395.92,M,1,0.426489,1.88941,195.42,205.349,F
1125,1,HappyBirthday,811,2190.12,F,1,0.0993598,0.109334,40.6452,36.581,F
1125,1,HappyBirthday,822,4380.6,F,1,0.180582,3.01165,72.8907,69.6014,F
1125,1,HappyBirthday,1089,365,F,1,0.0144552,0.150474,69.567,6.04449,F
1127,1,HappyBirthday,543,17520.2,F,1,0.0911625,2.02799,16.0262,31.3122,F
1127,1,HappyBirthday,779,18250.3,F,1,0.00545931,14.3571,9.60346,1.7059,F
1129,1,HappyBirthday,40,10585.1,F,1,0.00934787,0.202661,41.8724,3.10576,F
1129,1,HappyBirthday,417,8395.04,M,1,0.0169638,0.453798,1207.24,10.6644,F
1130,1,HappyBirthday,23,16060.2,F,1,0.000398323,6.59156,52225.8,5.78613,F
1131,1,HappyBirthday,690,31390.4,F,1,0.000967713,3.43788,18084.4,5.54571,F
1131,1,HappyBirthday,1005,1095,M,1,0.00120646,0.0532676,28401.1,8.08649,F
1132,1,HappyBirthday,217,7665.4,F,1,0.00408576,1.23809,705.705,1.38461,F
1132,1,HappyBirthday,513,10950.8,M,1,2.25446e-05,0.280912,3769.02,0.086257,F
1132,1,HappyBirthday,802,28471,M,1,0.39768,0.0926257,95.072,178.282,F
1133,1,HappyBirthday,50,6935.68,M,1,0.00092711,0.130602,48.3393,0.314973,F
1134,1,HappyBirthday,7,25915.5,F,1,0.00459547,3.75841,177.501,1.82296,F
1134,1,HappyBirthday,248,5110.98,F,1,0.12322,6.29263,20922.5,344.527,F
1134,1,HappyBirthday,1090,365,F,1,0.0579211,0.0340741,4054.13,81.1885,F
1135,1,HappyBirthday,1091,365,M,1,0.0514737,0.512838,1254.75,61.0673,F
1135,1,HappyBirthday,399,8395.67,F,1,0.000111931,0.815299,97.2021,0.0398646,F
1136,1,HappyBirthday,183,4380.86,F,1,0.0321192,2.08423,55.4229,12.1344,F
1136,1,HappyBirthday,345,2190,M,1,8.40678e-05,0.814066,0.580265,0.0261655,F
1136,1,HappyBirthday,530,5475.62,M,1,0.789136,0.394913,26.1331,546.696,F
1136,1,HappyBirthday,573,13505.7,F,1,0.0389432,0.257546,456.268,22.2994,F
1136,1,HappyBirthday,655,20805.7,F,1,0.000729801,4.02785,5.37822,0.228958,F
1137,1,HappyBirthday,60,24090.3,F,1,0.00897444,6.4817,274.759,5.45091,F
1137,1,HappyBirthday,641,17885.1,F,1,2.68167e-05,6.69172,0.93565,0.0083676,F
1138,1,HappyBirthday,134,6205.39,M,1,0.00309258,3.87817,0.369151,0.963022,F
1138,1,HappyBirthday,166,18980.2,F,1,0.234391,0.885368,85.4078,94.5911,F
1138,1,HappyBirthday,259,17885.8,M,1,0.141391,0.357762,3434.46,66.2342,F
1138,1,HappyBirthday,390,5840.59,F,1,0.0203678,0.0914567,34.9271,7.45569,F
1139,1,HappyBirthday,313,5840.75,F,1,0.000100813,0.398943,49486.4,0.989392,F
1140,1,HappyBirthday,285,3650.94,F,1,0.0244493,0.738877,56857.8,140.268,F
1140,1,HappyBirthday,575,2920.6,F,1,0.110167,0.0275614,41.3092,36.818,F
1140,1,HappyBirthday,880,19345.2,M,1,0.0712552,0.531781,15882.3,136.79,F
1141,1,HappyBirthday,362,20440.9,M,1,0.258552,2.73463,70.32,104.525,F
1141,1,HappyBirthday,474,1460.71,F,1,0.0608456,0.257324,4.15352,19.5119,F
1141,1,HappyBirthday,762,2920.09,F,1,0.000172293,0.978491,3174.35,0.575955,F
1141,1,HappyBirthday,915,1460.2,F,1,0.000918836,0.943164,4.12506,0.290093,F
1142,1,HappyBirthday,154,2920.58,F,1,0.000840606,0.877168,20.8918,0.270746,F
1143,1,HappyBirthday,262,27375.6,F,1,0.000976497,0.221762,1.15817,0.30439,F
1143,1,HappyBirthday,499,9125.62,F,1,0.000312819,0.224953,41124.7,0.397656,F
1143,1,HappyBirthday,509,1460.53,F,1,0.0365375,0.0576814,34.7822,13.5952,F
1143,1,Births,1148,0,M,0,0,0.0381204,0,0,F
1144,1,HappyBirthday,132,10220.7,M,1,0.443393,1.17808,1290,321.393,F
1144,1,HappyBirthday,331,9125.01,F,1,0.135638,0.142072,1487.78,143.785,F
1144,1,Births,1149,0,M,0,0,0.327772,0,0,F
1145,1,HappyBirthday,495,10950.5,M,1,0.115926,0.620957,7343.89,296.281,F
1145,1,HappyBirthday,716,10585.6,M,1,0.239763,0.11361,49342.6,411.742,F
1145,1,HappyBirthday,869,14965.5,M,1,0.0103521,10.4016,2.51691,3.23704,F
1145,1,HappyBirthday,938,5475.71,F,1,0.660586,4.09104,27456.9,1185.77,F
1145,1,HappyBirthday,971,21535.1,M,1,0.00336332,0.325201,2849.47,1.35898,F
1147,1,HappyBirthday,146,5475.44,M,1,0.00412553,1.44579,7.98361,1.31743,F
1147,1,HappyBirthday,1092,365,F,1,0.00562526,0.127703,4.9608,1.79652,F
1148,1,HappyBirthday,3,2555.15,M,1,0.0795396,0.0231741,12916.1,38.2769,F
1148,1,HappyBirthday,233,3650.64,M,1,0.155082,0.163043,3058.33,225.021,F
1149,1,HappyBirthday,141,8760.99,F,1,0.685384,0.325884,3808.19,571.543,F
1149,1,HappyBirthday,298,29930.9,F,1,0.123587,0.632917,410.587,58.1144,F
1149,1,HappyBirthday,607,13870.9,F,1,0.178034,0.368942,1540.15,326.189,F
1149,1,HappyBirthday,662,9855.93,M,1,0.306869,7.28925,9569.79,1517.72,F
1149,1,HappyBirthday,781,9855.72,M,1,0.157664,9.58674,6808.7,132.955,F
1150,1,HappyBirthday,125,4380.78,F,1,0.0848479,0.69455,130143,729.891,F
1150,1,HappyBirthday,135,13870.7,M,1,0.0150624,1.54032,6.22175,4.75775,F
1151,1,HappyBirthday,284,9125.88,M,1,0.0712227,0.530179,10.7773,23.3626,F
1151,1,HappyBirthday,296,16425.7,F,1,0.000780104,0.963649,4.24457,0.247156,F
1151,1,HappyBirthday,370,4745.35,M,1,0.0654245,0.156761,55.6096,21.2923,F
1152,1,HappyBirthday,15,32120.4,F,1,0.00213343,1.69786,74.9147,0.883593,F
1152,1,HappyBirthday,181,5110.38,F,1,3.51314e-07,1.6125,3066.95,0.00132562,F
1152,1,HappyBirthday,299,10220.9,M,1,0.00214897,1.30034,4.58288,0.676287,F
1152,1,HappyBirthday,841,33215.4,F,1,0.356499,2.44664,189.612,157.981,F
1152,1,HappyBirthday,984,13870.6,M,1,0.00439218,3.68497,11.9216,1.37668,F
1153,1,HappyBirthday,149,20441,M,1,0.00102998,1.18336,7.2228,0.323971,F
1153,1,HappyBirthday,263,9855.23,F,1,0.00427728,0.0705133,33.4307,1.40224,F
1153,1,HappyBirthday,418,33580.7,M,1,0.0109742,5.23156,12333.3,10.7482,F
1153,1,HappyBirthday,1093,365,M,1,0.00157924,0.547497,36.8154,0.578265,F
1153,1,HappyBirthday,680,5840.54,F,1,0.000287235,1.69788,49.7747,0.110156,F
1153,1,HappyBirthday,685,12775.4,F,1,0.0897662,0.142487,389.821,45.1818,F
1154,1,HappyBirthday,130,17520.1,F,1,3.50436e-06,0.289172,1010.77,0.0044548,F
1154,1,HappyBirthday,580,1460.44,F,1,0.194512,1.97455,453.111,67.6338,F
1155,1,HappyBirthday,291,21170.1,F,1,0.266236,4.679,11385.4,259.83,F
1155,1,HappyBirthday,346,11315.2,F,1,0.784357,0.993371,169.825,544.476,F
1155,1,HappyBirthday,673,17520.6,M,1,0.0319685,4.10072,1257.7,27.5293,F
1155,1,HappyBirthday,778,2920.92,M,1,0.731589,1.37311,278.077,844.081,F
1156,1,HappyBirthday,585,13505.3,F,1,0.00359771,2.28016,12.7183,1.13922,F
1156,1,HappyBirthday,840,15695.8,F,1,0.00228987,0.188775,2.6219,0.712411,F
1157,1,HappyBirthday,429,4015.08,F,1,0.010967,0.0275065,13.3484,3.50559,F
1157,1,HappyBirthday,491,21900.6,M,1,0.00455834,6.48874,72.7761,1.68245,F
1157,1,HappyBirthday,552,7300.37,F,1,0.216498,1.66377,512.372,90.3324,F
1157,1,HappyBirthday,574,6570.83,M,1,0.0815211,3.50058,550.621,39.8944,F
1157,1,HappyBirthday,921,6205.44,M,1,0.00205921,0.812542,4.53702,0.645716,F
1158,1,HappyBirthday,290,13870,M,1,0.075194,22.5713,248.371,28.8739,F
1158,1,HappyBirthday,381,8395.4,M,1,0.0237217,0.91167,6338.44,17.3615,F
1158,1,HappyBirthday,609,1825.69,M,1,0.176066,1.88321,412.595,153.106,F
1159,1,HappyBirthday,343,7300.01,M,1,0.0415958,12.3443,93163.6,629.783,F
1159,1,HappyBirthday,751,6570.46,F,1,0.000614632,0.254299,4.32608,0.195237,F
1160,1,HappyBirthday,104,15695.2,M,1,0.0750166,4.30106,4039.62,242.954,F
1161,1,HappyBirthday,826,4380.21,M,1,0.0537408,0.278222,670.962,33.1899,F
1162,1,HappyBirthday,124,8030.32,M,1,0.0537426,0.139158,4969.12,20.1027,F
1162,1,HappyBirthday,254,12775.3,F,1,0.00163254,1.78823,3475.26,2.24908,F
1163,1,HappyBirthday,84,9490.74,F,1,0.00224068,0.281354,18.5385,0.715187,F
1163,1,HappyBirthday,463,2555.48,M,1,0.36469,2.54966,57.4654,145.724,F
1163,1,HappyBirthday,627,5110.27,M,1,0.00041992,1.65432,108543,3.13854,F
1163,1,HappyBirthday,995,10221,F,1,0.00707507,32.7425,32.7351,2.48777,F
1163,1,HappyBirthday,1007,1095,F,1,0.145278,3.09285,18.9116,49.2619,F
1164,1,HappyBirthday,33,8395.57,M,1,0.00231821,1.06562,1.89149,0.721492,F
1164,1,HappyBirthday,53,6205.24,M,1,0.0668322,0.11987,611.499,68.1997,F
1164,1,HappyBirthday,137,31025.1,M,1,0.00250116,2.96168,65.9203,0.853793,F
1164,1,HappyBirthday,1008,1095,M,1,0.00280037,0.0255028,36.6234,0.914949,F
1165,1,HappyBirthday,11,18980.9,M,1,0.0132218,0.59861,96.2848,4.15211,F
1165,1,HappyBirthday,824,6205.32,F,1,0.0040349,0.13237,0.0631234,1.25673,F
1165,1,HappyBirthday,908,1460.6,M,1,0.00349012,0.0588824,196.503,1.48071,F
1166,1,HappyBirthday,1009,1095,M,1,0.109015,0.0414199,45.4036,35.9187,F
1167,1,HappyBirthday,464,1460.27,F,1,0.0161325,0.52711,14.2866,5.18325,F
1167,1,HappyBirthday,698,6935.92,F,1,0.212763,2.51805,2074.7,88.8689,F
1167,1,HappyBirthday,804,17155.7,F,1,0.00831105,1.97178,57.2847,2.77796,F
1167,1,HappyBirthday,859,5110.28,M,1,0.411909,0.782769,17.1138,166.42,F
1167,1,HappyBirthday,899,6570.59,F,1,0.270704,9.54944,720.253,349.847,F
1168,1,HappyBirthday,1095,365,M,1,0.166937,0.552076,32894.4,642.4,F
1168,1,HappyBirthday,1053,730,M,1,0.733065,0.523689,13720.7,1277.73,F
1168,1,HappyBirthday,556,15330.8,F,1,0.00041876,2.3473,45.6621,0.15727,F
1168,1,HappyBirthday,1094,365,M,1,0.00324309,0.158852,23.4835,1.12918,F
1168,1,Births,1150,0,M,0,0,0.0830622,0,0,F
1169,1,HappyBirthday,549,5840.63,F,1,0.00379823,0.50107,98.7466,1.51713,F
1169,1,HappyBirthday,723,1460.27,M,1,0.0051847,1.23777,40.5493,1.70706,F
1169,1,HappyBirthday,1010,1095,M,1,0.192367,0.130513,2018.13,318.216,F
1170,1,HappyBirthday,44,7300.03,F,1,5.64239e-07,0.179927,5659.91,0.00288294,F
1170,1,HappyBirthday,214,1460.43,M,1,0.0271533,0.59332,134.092,10.0264,F
1171,1,HappyBirthday,63,15330.8,F,1,0.00399282,2.61849,24.8672,1.3537,F
1171,1,HappyBirthday,264,3650.41,M,1,0.00137477,0.298888,247.681,0.45391,F
1171,1,HappyBirthday,470,9125.51,F,1,0.151344,2.33646,3255.89,54.2908,F
1173,1,HappyBirthday,1055,730,F,1,0.703237,0.265117,724.651,446.378,F
1173,1,HappyBirthday,711,4015.47,F,1,0.165877,8.70428,3427.77,71.7268,F
1173,1,HappyBirthday,946,16425.4,M,1,0.474561,0.0430316,42395.7,788.42,F
1173,1,HappyBirthday,948,1825.14,F,1,0.279884,0.64336,40868,1132.07,F
1174,1,HappyBirthday,37,13870.9,M,1,0.000374807,0.354519,33448.3,0.46541,F
1174,1,HappyBirthday,246,26645.9,M,1,0.00449447,0.0398242,2.56332,1.41799,F
1174,1,HappyBirthday,261,2190.04,F,1,0.00308514,0.0523219,57.0089,1.10642,F
1174,1,HappyBirthday,279,9125.61,F,1,0.00293173,2.04082,32.3403,0.989826,F
1174,1,HappyBirthday,1096,365,F,1,0.0454086,0.0341778,36.6755,15.6165,F
1175,1,HappyBirthday,128,8030.57,F,1,0.572093,0.681332,2489.21,910.366,F
1175,1,HappyBirthday,175,8760.44,F,1,0.000337966,0.135202,24.2522,0.108732,F
1175,1,HappyBirthday,846,1460.63,M,1,0.000193354,0.0564485,2904.09,0.178338,F
1175,1,HappyBirthday,892,4015.17,M,1,0.0506162,0.23874,41.3902,18.3379,F
1176,1,HappyBirthday,769,3650.91,M,1,0.0256455,2.39865,10100.9,10.2075,F
1177,1,HappyBirthday,307,14965.7,M,1,0.119648,0.297201,403.338,60.0651,F
1177,1,HappyBirthday,874,2555.21,M,1,0.536117,0.219345,0.244998,238.795,F
1177,1,HappyBirthday,919,32850.9,F,1,0.343944,0.973216,157.722,163.218,F
1178,1,HappyBirthday,120,12410.2,M,1,0.253895,0.758943,4921.68,113.956,F
1178,1,HappyBirthday,1011,1095,M,1,5.93853e-05,0.0166243,127.49,0.0219136,F
1178,1,HappyBirthday,483,14600.5,F,1,0.0988729,0.413715,608.771,44.287,F
1178,1,HappyBirthday,674,16425.1,M,1,0.00382371,1.76581,17.2551,1.21801,F
1179,1,HappyBirthday,111,1460.25,F,1,0.00454512,3.40848,60.6484,1.55407,F
1179,1,HappyBirthday,384,16426,M,1,0.0400314,0.201113,1911.02,93.6999,F
1179,1,HappyBirthday,610,1825.57,M,1,0.00637705,0.0479148,745.882,4.13542,F
1179,1,HappyBirthday,1097,365,F,1,0.00346459,0.33212,1.14951,1.07922,F
1179,1,Births,1151,0,F,0,0,0.0102985,0,0,F
1180,1,HappyBirthday,624,1825.44,F,1,0.0265963,0.412037,15.6215,8.94474,F
1180,1,HappyBirthday,1098,365,F,1,0.155201,0.0611464,17578.3,1085.24,F
1180,1,HappyBirthday,1099,365,M,1,0.361642,0.150714,20.5458,143.757,F
1181,1,HappyBirthday,1100,365,M,1,0.0389982,0.0896828,19.8443,12.995,F
1181,1,HappyBirthday,1012,1095,F,1,0.00011913,4.20366,69520.4,0.928758,F
1182,1,HappyBirthday,220,4015.83,F,1,0.182354,1.96568,88834.9,1440.23,F
1182,1,HappyBirthday,467,7300.67,M,1,0.00170538,1.06579,11.3762,0.55711,F
1182,1,HappyBirthday,766,6570.27,F,1,0.002189,1.31824,5.38804,0.68656,F
1182,1,HappyBirthday,835,27010.5,F,1,0.000226877,1.07152,70.1446,0.0778082,F
1182,1,HappyBirthday,941,1825.03,F,1,0.357451,0.862094,698.332,412.824,F
1183,1,HappyBirthday,198,14965.1,F,1,0.002605,0.706637,55.2247,1.02997,F
1183,1,HappyBirthday,865,1460.72,M,1,0.111221,0.193809,539.263,59.5582,F
1185,1,HappyBirthday,238,10220.8,M,1,0.0114675,0.749899,59.0213,3.60691,F
1185,1,HappyBirthday,611,12775.5,M,1,0.394574,0.623181,3791.09,213.855,F
1185,1,HappyBirthday,913,2190.1,M,1,0.156414,0.471615,88180.3,421.186,F
1185,1,HappyBirthday,1013,1095,F,1,0.00261638,0.186308,49.5872,0.911012,F
1186,1,HappyBirthday,213,4745.46,M,1,0.951722,1.05369,532.707,1328,F
1187,1,HappyBirthday,12,12410.9,M,1,0.114619,0.287921,253.154,48.7683,F
1187,1,HappyBirthday,414,15330,M,1,0.38895,2.00714,934.995,277.875,F
1188,1,HappyBirthday,405,33945.2,F,1,0.0873443,9.31283,27.2941,31.0872,F
1189,1,HappyBirthday,406,2920.69,F,1,0.0663128,0.0887962,853.857,49.1692,F
1190,1,HappyBirthday,105,2920.5,F,1,0.0281445,0.18942,51.5931,9.49881,F
1190,1,HappyBirthday,224,28835.7,F,1,0.000535192,2.09979,157.825,0.273425,F
1191,1,HappyBirthday,982,1825.03,M,1,0.231905,0.173107,19.3721,84.5564,F
1192,1,HappyBirthday,144,5110.74,F,1,0.00180529,2.54361,136.418,0.775032,F
1192,1,HappyBirthday,159,7665.26,M,1,0.352361,1.55598,23792.6,1168.18,F
1192,1,HappyBirthday,952,4380.04,F,1,0.000276052,1.72379,21.4898,0.0942271,F
1193,1,HappyBirthday,19,10220.2,F,1,0.352268,1.78598,34716.6,1567.96,F
1193,1,HappyBirthday,247,33215.1,F,1,0.745272,0.1806,222.072,541.538,F
1193,1,Births,1152,0,F,0,0,0.00588057,0,0,F
1194,1,HappyBirthday,43,8395.12,M,1,0.00207997,0.24451,21.4221,0.659628,F
1194,1,HappyBirthday,203,6205.35,M,1,0.154175,1.23597,8889.71,1099.53,F
1194,1,HappyBirthday,863,2190.11,M,1,0.00512886,0.614173,5620.71,9.73799,F
1195,1,HappyBirthday,682,3285.91,M,1,0.739335,1.31041,68.5328,425.167,F
1195,1,HappyBirthday,834,19345.9,F,1,0.232797,0.489563,44.2245,99.075,F
1196,1,HappyBirthday,521,2190.98,F,1,0.0203936,0.667164,1972.4,7.53071,F
1196,1,HappyBirthday,551,12775.2,M,1,0.646678,0.343491,15807,1230.33,F
1196,1,HappyBirthday,878,11315.8,F,1,0.361358,0.758922,0.205694,139.476,F
1197,1,HappyBirthday,184,8760.39,M,1,0.493525,0.00882808,824.955,219.981,F
1197,1,HappyBirthday,482,2555.3,F,1,0.00402899,0.732795,63.7041,1.3941,F
1197,1,HappyBirthday,832,2920.09,F,1,0.00731122,0.731512,6.91443,2.35451,F
1197,1,HappyBirthday,1101,365,F,1,0.00542561,0.242537,115.086,1.96877,F
1197,1,Births,1153,0,M,0,0,0.000818504,0,0,F
1198,1,HappyBirthday,441,17885.1,M,1,0.111417,0.247591,2600.57,243.598,F
1198,1,HappyBirthday,1057,730,M,1,0.000174999,0.385382,72455.4,2.14862,F
1198,1,HappyBirthday,968,9855.85,F,1,0.0892304,1.21897,272.025,44.5736,F
1199,1,HappyBirthday,103,3650.22,F,1,0.322329,0.103889,14224.9,410.454,F
1199,1,HappyBirthday,114,21900.9,F,1,0.00317978,2.3444,4832.86,1.24748,F
1199,1,HappyBirthday,1014,1095,F,1,0.27599,0.136907,191.416,170.918,F
1199,1,Births,1154,0,F,0,0,0.119114,0,0,F
1200,1,HappyBirthday,613,15695.3,F,1,0.00460215,2.20619,16.9338,1.46101,F
1200,1,HappyBirthday,888,9125.1,M,1,0.125092,3.74628,76869.2,1410.67,F
1201,1,HappyBirthday,268,13870.3,M,1,0.0366621,1.71162,35387.9,135.216,F
1201,1,HappyBirthday,402,28835.9,M,1,0.0621902,1.17386,584.022,37.3357,F
1201,1,HappyBirthday,754,23725.1,M,1,0.0173092,0.0995229,34.5584,5.53666,F
1201,1,HappyBirthday,1058,730,M,1,0.656132,0.147835,56.3334,398.619,F
1201,1,HappyBirthday,979,6570.87,F,1,0.00434275,2.30196,69.0787,1.6467,F
1202,1,HappyBirthday,185,9490.16,M,1,0.172016,0.686688,44598.7,1696.72,F
1202,1,HappyBirthday,205,4745.07,M,1,0.00660742,0.244755,106232,49.3006,F
1202,1,HappyBirthday,223,9490.66,F,1,0.103675,2.75955,65392.8,459.191,F
1202,1,HappyBirthday,1102,365,M,1,0.958812,0.0649244,1019.08,1550.46,F
1203,1,HappyBirthday,155,4745.48,F,1,0.507739,0.176838,17531.3,650.77,F
1203,1,HappyBirthday,1103,365,M,1,0.00487429,7.43766,0.206599,1.51881,F
1204,1,Births,1155,0,F,0,0,2.41961,0,0,F
1205,1,HappyBirthday,885,2190.08,M,1,0.392764,0.120065,1566.97,475.314,F
1206,1,HappyBirthday,400,1825.76,M,1,0.00985844,0.2925,2072.7,12.4731,F
1206,1,HappyBirthday,472,5475,M,1,0.269105,0.480106,73.6699,105.891,F
1206,1,HappyBirthday,807,5110.42,F,1,1.95684e-05,1.93469,38.8795,0.00648256,F
1206,1,HappyBirthday,997,9125.86,M,1,0.123263,0.09081,7.02068,41.3513,F
1206,1,Births,1156,0,F,0,0,0.101483,0,0,F
1207,1,HappyBirthday,289,17520.6,F,1,0.203667,0.146865,22.3168,75.4551,F
1207,1,HappyBirthday,395,7665.02,M,1,0.14644,1.31267,70.3408,52.9862,F
1207,1,HappyBirthday,1015,1095,F,1,0.332876,0.477409,3558.26,228.326,F
1209,1,HappyBirthday,69,3650.49,M,1,0.372082,1.35749,2012.54,1139.24,F
1210,1,HappyBirthday,1016,1095,F,1,0.170348,0.0226495,38.3058,64.8283,F
1210,1,HappyBirthday,719,3650.48,F,1,0.647881,7.92633,437.953,332.869,F
1210,1,HappyBirthday,1017,1095,F,1,0.181663,0.222337,57.4709,78.0677,F
1211,1,HappyBirthday,481,2555.15,M,1,0.00050316,0.42951,150.189,0.22197,F
1212,1,HappyBirthday,535,1460.33,F,1,0.0219386,0.794994,1.58694,6.93143,F
1212,1,HappyBirthday,727,22630.7,M,1,0.000939493,1.8954,25598.7,0.614621,F
1213,1,HappyBirthday,1104,365,F,1,0.0283105,0.0222918,462.378,17.2424,F
1214,1,HappyBirthday,177,1825.39,M,1,0.261582,0.225483,5799.73,1412.51,F
1214,1,HappyBirthday,435,7665.31,M,1,0.00445786,6.2545,28.5929,1.5322,F
1215,1,HappyBirthday,1060,730,M,1,0.0118764,0.0238926,31.559,4.30485,F
1215,1,HappyBirthday,903,2555.68,M,1,0.161358,0.307064,404.984,61.6088,F
1216,1,HappyBirthday,386,1825.28,F,1,0.0339292,0.0810038,33.084,11.4822,F
1217,1,HappyBirthday,295,7300.07,F,1,0.00933809,0.715891,57.0383,3.17772,F
1217,1,HappyBirthday,970,3285.23,F,1,0.000308339,0.126719,71818,1.76613,F
1218,1,HappyBirthday,172,9490.23,F,1,0.000184402,1.58225,323.177,0.133566,F
1218,1,HappyBirthday,281,8395.49,M,1,0.00534565,0.4567,18.2579,1.72406,F
1218,1,HappyBirthday,421,18250.3,F,1,0.725014,1.86866,176.077,498.404,F
1218,1,HappyBirthday,720,7300.76,F,1,0.000287848,0.0925361,7156.62,1.63907,F
1218,1,HappyBirthday,819,13505.4,F,1,0.00287379,0.925132,29.8593,1.02081,F
1219,1,HappyBirthday,561,9490.61,F,1,0.00693984,1.38208,2114.48,2.40286,F
1219,1,HappyBirthday,753,30295.6,F,1,0.0382923,17.3806,142.832,20.596,F
1219,1,HappyBirthday,845,9125.35,M,1,0.132771,0.0158715,416.836,76.5703,F
1220,1,HappyBirthday,1019,1095,F,1,0.734483,9.81627,5.87177,412.732,F
1220,1,HappyBirthday,456,8760.34,M,1,0.00708161,0.509102,1313,10.682,F
1220,1,HappyBirthday,1018,1095,F,1,0.0786774,2.32795,6.27772,26.1215,F
1220,1,HappyBirthday,702,15330,M,1,0.00254006,0.133111,0.0083138,0.790284,F
1220,1,HappyBirthday,818,8030.5,F,1,0.732598,0.210088,189.863,455.382,F
1220,1,HappyBirthday,882,2555.84,F,1,0.00469531,0.978159,23.2001,1.51992,F
1221,1,HappyBirthday,188,2920.92,M,1,0.0137894,0.270094,8628.11,84.0835,F
1221,1,HappyBirthday,1105,365,F,1,0.0026701,0.155295,17.0723,0.888424,F
1221,1,HappyBirthday,1020,1095,M,1,0.00107546,0.18628,120538,8.65041,F
1222,1,HappyBirthday,218,12045.8,F,1,0.262048,1.9559,6.01233,94.9977,F
1222,1,HappyBirthday,397,3650.73,M,1,0.00663418,1.71311,5294.02,9.29071,F
1222,1,HappyBirthday,816,26280.4,M,1,0.286505,0.718109,32825.5,706.64,F
1223,1,HappyBirthday,52,5475.83,F,1,0.866309,0.170122,2024.59,1122.07,F
1223,1,HappyBirthday,1061,730,M,1,0.000758674,0.152297,8425.1,0.557456,F
1224,1,HappyBirthday,326,4745.56,M,1,0.164412,0.308451,76.2145,73.6107,F
1224,1,HappyBirthday,708,28105.5,F,1,0.00657699,110.019,31.5565,2.36544,F
1224,1,HappyBirthday,728,9490.47,M,1,0.00277115,0.128637,4.66408,0.864697,F
1226,1,HappyBirthday,243,7300.63,M,1,0.101241,0.74982,27.7792,36.669,F
1226,1,HappyBirthday,318,6570.92,F,1,0.36873,13.5351,219.87,189.219,F
1226,1,HappyBirthday,1021,1095,M,1,0.131227,0.490059,7.24437,43.8963,F
1226,1,HappyBirthday,635,15695.2,F,1,0.00222236,1.10689,156.732,0.860675,F
1226,1,HappyBirthday,910,6935.75,M,1,0.0766424,0.553784,763.415,26.4793,F
1226,1,HappyBirthday,988,1825.7,M,1,0.662214,0.790679,92.1437,462.276,F
1227,1,HappyBirthday,773,3650.75,F,1,0.0177531,0.354421,29.0234,5.81081,F
1228,1,HappyBirthday,645,4745.81,M,1,0.0429802,0.941515,179.847,22.9349,F
1228,1,HappyBirthday,1106,365,F,1,0.431898,0.132179,391.919,181.479,F
1229,1,HappyBirthday,319,7300.07,F,1,0.00945369,1.75512,19.1963,3.17071,F
1229,1,HappyBirthday,759,35405.2,M,1,0.00851461,1.17788,0.58708,2.6602,F
1230,1,HappyBirthday,70,3285.01,M,1,0.223407,0.245857,93.4324,90.0857,F
1230,1,HappyBirthday,710,5110.04,F,1,0.00652123,0.0370017,1335.1,3.60222,F
1230,1,HappyBirthday,996,9490.52,F,1,0.00921844,0.680131,22.1946,3.20004,F
1231,1,HappyBirthday,14,4015.56,M,1,0.0021597,0.070915,14.5816,0.688644,F
1231,1,HappyBirthday,357,8760.8,M,1,0.0024496,0.0387682,34.7991,0.785508,F
1231,1,HappyBirthday,999,5110.08,F,1,0.109903,1.00709,118.11,36.7695,F
1232,1,HappyBirthday,502,6570.58,M,1,0.00421926,0.184328,148.193,1.65696,F
1232,1,HappyBirthday,715,4380.55,M,1,0.487744,0.261414,28912.7,865.555,F
1233,1,HappyBirthday,165,5840.93,M,1,0.311768,0.408979,2464.26,990.27,F
1233,1,HappyBirthday,356,5840.58,M,1,0.314064,0.261934,0.23831,117.185,F
1233,1,HappyBirthday,572,24820.5,M,1,0.00142947,0.0628722,56.0696,0.513053,F
1233,1,HappyBirthday,909,11315.3,M,1,0.230095,1.29619,1368.46,119.802,F
1233,1,HappyBirthday,943,3650.56,M,1,0.0586952,4.18763,775.055,39.4337,F
1234,1,HappyBirthday,654,4745.43,M,1,0.000403565,0.285196,32909.2,0.478984,F
1236,1,HappyBirthday,522,9490.85,F,1,0.885406,0.343747,415.098,856.859,F
1236,1,HappyBirthday,706,4745.88,M,1,0.0168909,0.251494,1.89887,5.34394,F
1236,1,HappyBirthday,994,18250.7,F,1,0.0335723,0.490285,256.68,17.9559,F
1237,1,HappyBirthday,147,3285.23,F,1,0.319001,0.0312014,1176.54,438.466,F
1237,1,HappyBirthday,265,1460.32,M,1,0.0105996,0.0257278,86.1765,3.38887,F
1237,1,HappyBirthday,590,21171,F,1,0.00524333,0.87857,47.9646,1.82869,F
1237,1,Births,1157,0,F,0,0,0.0077023,0,0,F
1238,1,HappyBirthday,85,7300.89,M,1,0.0498268,0.910746,735.172,32.0297,F
1238,1,HappyBirthday,777,6935.46,M,1,0.189316,2.1583,65.363,65.3763,F
1239,1,HappyBirthday,71,4015.39,F,1,0.00234174,0.0937551,33.3372,0.74622,F
1239,1,HappyBirthday,176,25550.1,F,1,0.325397,0.0803835,29.955,128.62,F
1239,1,HappyBirthday,249,5475.67,F,1,0.0528336,7.83789,12.761,17.4397,F
1239,1,HappyBirthday,643,1460.22,F,1,3.86702e-06,0.0538834,81407.5,0.0488074,F
1240,1,HappyBirthday,337,4745.29,F,1,0.0231697,3.66375,8.51476,7.3915,F
1240,1,HappyBirthday,782,13505,M,1,0.00206935,0.576749,30.6139,0.702547,F
1241,1,HappyBirthday,97,11315.8,M,1,0.00552874,3.00047,37.0038,1.88283,F
1241,1,HappyBirthday,439,3285.32,M,1,0.190886,0.276114,103.347,78.231,F
1241,1,HappyBirthday,767,6570.99,F,1,1.23146e-05,0.00617656,12.1832,0.00393957,F
1242,1,HappyBirthday,344,8760.35,M,1,0.000152547,0.60287,41434.2,0.187812,F
1242,1,HappyBirthday,705,33945.8,F,1,0.00531177,1.32449,66.5628,1.85253,F
1243,1,HappyBirthday,228,1460.5,M,1,0.00857737,0.377788,29.2236,3.03874,F
1243,1,HappyBirthday,236,2555.08,F,1,0.153915,5.06915,100300,1572.13,F
1243,1,HappyBirthday,966,5840.45,F,1,0.00567243,0.145286,14463,53.2344,F
1243,1,Births,1158,0,M,0,0,0.222278,0,0,F
1244,1,HappyBirthday,1022,1095,F,1,0.174704,0.357001,58.1189,63.7431,F
1244,1,HappyBirthday,695,6205.37,F,1,0.0011266,0.472257,8521.85,0.956301,F
1244,1,HappyBirthday,1063,730,M,1,0.00183512,0.112767,34.7424,0.598637,F
1244,1,HappyBirthday,789,26280.5,M,1,0.000255529,0.455481,882.565,0.17831,F
1245,1,HappyBirthday,409,26645.2,F,1,0.0223134,19.6813,326.576,10.1431,F
1245,1,HappyBirthday,621,5110.3,F,1,0.0275221,0.264424,173.205,10.5012,F
1246,1,HappyBirthday,413,14600.7,F,1,0.240531,0.57957,9637.06,1181.89,F
1246,1,HappyBirthday,942,8760.24,F,1,0.0014781,0.724599,2716.11,1.73543,F
1247,1,HappyBirthday,772,5840.29,F,1,0.476682,0.0137569,16829,611.528,F
1248,1,HappyBirthday,34,21170.1,M,1,0.140963,0.324468,4.05302,47.5461,F
1248,1,HappyBirthday,123,3650.27,M,1,0.0926596,1.78798,895.251,120.2,F
1248,1,HappyBirthday,215,18615.9,F,1,0.361962,0.305141,6890.33,547.674,F
1248,1,HappyBirthday,235,17155.8,F,1,0.000896505,7.71508,0.544127,0.279075,F
1248,1,HappyBirthday,833,5475.44,M,1,0.00146113,2.44181,792.664,0.929785,F
1248,1,HappyBirthday,856,6570.53,F,1,0.0436868,1.34215,3425.49,62.0889,F
1249,1,HappyBirthday,145,13505.7,F,1,0.00135936,3.38762,45362.2,1.82695,F
1249,1,HappyBirthday,240,3285.94,F,1,0.00987725,0.994159,22.0419,3.42652,F
1250,1,HappyBirthday,555,1825.96,F,1,0.0373704,0.0698493,6897.82,34.7902,F
1250,1,HappyBirthday,646,13505.5,M,1,0.214224,5.29259,11.0253,78.005,F
1251,1,HappyBirthday,117,9125.62,M,1,0.00335622,0.0944241,3.95669,1.04945,F
1251,1,HappyBirthday,668,2920.7,M,1,0.000665413,0.534129,46.7801,0.221498,F
1252,1,HappyBirthday,415,33580.8,M,1,6.77665e-05,0.834593,16991.1,0.34437,F
1252,1,HappyBirthday,538,9855.92,F,1,0.659144,0.827609,177.043,412.739,F
1253,1,HappyBirthday,393,4745.92,F,1,0.278616,2.34596,105.624,117.269,F
1254,1,HappyBirthday,101,7300.51,M,1,0.0555542,0.353045,98.2051,20.6036,F
1254,1,HappyBirthday,136,16060.5,M,1,6.59369e-06,0.707246,0.76762,0.0020362,F
1254,1,HappyBirthday,1064,730,F,1,0.0115649,0.0663552,510.872,3.7969,F
1255,1,HappyBirthday,494,9125.09,F,1,0.32353,1.89712,1298.45,126.017,F
1256,1,HappyBirthday,108,13870.1,F,1,0.00020167,0.109953,13.2584,0.065837,F
1256,1,HappyBirthday,311,3650.64,F,1,0.0210999,3.18776,574.063,11.7129,F
1256,1,HappyBirthday,714,5475.07,F,1,0.00244942,0.0594543,11.6639,0.767012,F
1256,1,HappyBirthday,896,13505.6,F,1,0.154759,4.32488,31.5629,54.1552,F
1256,1,HappyBirthday,1065,730,M,1,0.00843349,6.81002,44.3059,3.0263,F
1256,1,Births,1159,0,M,0,0,0.87007,0,0,F
1257,1,HappyBirthday,88,3650.1,M,1,0.184222,0.82312,123.223,70.137,F
1258,1,HappyBirthday,31,7300.14,F,1,0.00282376,0.340428,42.578,0.932615,F
1258,1,HappyBirthday,364,8760.2,F,1,0.00261112,1.6605,52.5558,0.875224,F
1258,1,HappyBirthday,478,2555.04,F,1,0.0752285,0.709923,8445.02,61.8843,F
1258,1,HappyBirthday,675,12045.9,M,1,0.125072,7.92757,9.85477,41.5443,F
1258,1,HappyBirthday,722,16790.2,M,1,0.0239683,0.738232,99.4922,8.628,F
1259,1,HappyBirthday,725,15330.5,M,1,0.036404,0.0686243,11.2706,11.5817,F
1260,1,HappyBirthday,86,7300.97,F,1,0.104919,13.5026,26539.9,699.796,F
1260,1,HappyBirthday,167,7665.1,F,1,0.09355,1.24277,42.7602,36.6049,F
1261,1,HappyBirthday,1023,1095,M,1,0.60912,0.0135845,35.0178,323.896,F
1261,1,HappyBirthday,923,11315.6,F,1,0.659884,0.130614,210.49,359.614,F
1262,1,HappyBirthday,257,12775.3,M,1,0.000380465,4.63438,7.37399,0.120187,F
1262,1,HappyBirthday,978,30295.8,F,1,0.684765,0.532768,263.148,383.315,F
1262,1,HappyBirthday,989,13871,M,1,0.320765,1.07766,3431.28,535.607,F
1263,1,HappyBirthday,858,3650.7,M,1,0.392015,0.0934884,18360,423.767,F
1264,1,HappyBirthday,350,28835.5,F,1,0.000187615,2.66066,36.5624,0.064848,F
1265,1,HappyBirthday,49,14600.4,M,1,0.56201,0.774075,431.234,258.911,F
1265,1,HappyBirthday,253,12775.6,M,1,0.000298778,0.704148,687.175,0.180379,F
1265,1,HappyBirthday,889,3285.28,F,1,0.00105795,0.785432,99314.4,7.571,F
1265,1,HappyBirthday,957,6205.1,F,1,0.0366947,3.36018,6995.47,102.747,F
1266,1,HappyBirthday,74,5840.87,M,1,0.458672,0.936791,341.181,427.839,F
1266,1,HappyBirthday,269,12045.4,M,1,0.00395159,0.262737,346.539,2.37292,F
1266,1,HappyBirthday,625,3650.84,M,1,0.00148014,4.01554,41.1884,0.527526,F
1266,1,HappyBirthday,901,1825.24,F,1,0.127492,0.305965,47.7364,45.8243,F
1267,1,HappyBirthday,1108,365,M,1,0.000766001,0.0108838,5.51241,0.243215,F
1267,1,HappyBirthday,931,2920.57,F,1,0.623324,0.383973,6.25761,304.672,F
1268,1,HappyBirthday,72,8395.29,M,1,0.00107065,0.462927,470.741,0.91913,F
1268,1,HappyBirthday,324,5475.23,M,1,0.000210574,12.4034,14591.2,1.03334,F
1268,1,HappyBirthday,420,2190.43,M,1,0.00209981,0.0736762,64.2472,0.857804,F
1268,1,HappyBirthday,447,6205.75,M,1,0.00147249,1.19809,121.038,0.543493,F
1268,1,HappyBirthday,693,6935.74,F,1,0.00236382,5.30052,592.783,1.32835,F
1269,1,HappyBirthday,380,16790.9,F,1,0.0250478,2.19233,30545.9,82.2794,F
1269,1,HappyBirthday,434,6570.99,F,1,0.001366,0.502173,209.733,0.553968,F
1269,1,HappyBirthday,752,4380.04,M,1,0.0779331,8.90207,49.8376,31.4575,F
1269,1,Births,1160,0,F,0,0,0.565785,0,0,F
1270,1,HappyBirthday,162,9855.77,F,1,0.00267172,4.19365,1671.02,2.72077,F
1270,1,HappyBirthday,190,9125.6,M,1,0.00412908,1.5397,2.94078,1.29082,F
1270,1,HappyBirthday,255,1460.45,M,1,0.0558631,0.195327,3582.02,72.3003,F
1270,1,HappyBirthday,352,20441,F,1,0.586117,0.130015,12767.3,712.832,F
1270,1,HappyBirthday,898,6205.23,F,1,9.81896e-05,5.30447,5827.46,0.511644,F
1271,1,HappyBirthday,276,2920.23,M,1,0.563466,1.19213,269.913,511.986,F
1271,1,HappyBirthday,468,14600.1,M,1,0.000173319,0.704885,21028.5,0.285026,F
1271,1,HappyBirthday,469,2190.78,F,1,0.484649,0.630662,8278.72,421.238,F
1271,1,HappyBirthday,520,4015.59,F,1,0.551652,0.625985,172.472,277.11,F
1271,1,HappyBirthday,734,2555.02,F,1,0.194517,0.444973,193.424,86.3901,F
1272,1,HappyBirthday,79,12775.7,M,1,0.129511,0.681678,2.2528,43.4185,F
1273,1,HappyBirthday,376,20805.7,F,1,0.130659,0.0606507,39652.9,1718.38,F
1274,1,HappyBirthday,333,4380.62,M,1,0.000140129,2.48797,180298,1.33573,F
1274,1,HappyBirthday,407,3650.06,M,1,0.0121038,0.0950838,67.396,4.21833,F
1275,1,HappyBirthday,377,12045.8,M,1,0.00280955,3.53814,4.08039,0.880126,F
1275,1,HappyBirthday,1109,365,M,1,0.235801,0.0394128,11.4926,84.0242,F
1275,1,Births,1161,0,F,0,0,0.0115025,0,0,F
1275,1,Births,1162,0,M,0,0,0.507096,0,0,F
1276,1,HappyBirthday,332,24455.9,F,1,0.0427369,0.274932,2581.11,119.997,F
1276,1,HappyBirthday,683,11680.9,F,1,3.09417e-05,1.28204,33974.7,0.0909568,F
1277,1,HappyBirthday,96,4015.9,M,1,0.00159696,1.73501,25542.7,1.10637,F
1277,1,HappyBirthday,503,12410.9,M,1,0.00467554,1.33723,91.1788,1.65698,F
1277,1,HappyBirthday,936,13870.7,M,1,0.675544,0.791275,917.641,503.67,F
1277,1,HappyBirthday,959,1825.56,F,1,0.00484365,0.0745774,90.4138,1.84874,F
1278,1,HappyBirthday,46,25550.9,M,1,0.000219854,0.114623,5657.03,1.19964,F
1278,1,HappyBirthday,208,4015.03,M,1,0.214531,0.763927,29797.8,1159.51,F
1278,1,HappyBirthday,701,3285.39,F,1,0.114711,0.234716,3.36192,38.0312,F
1278,1,HappyBirthday,791,32850.8,F,1,0.00177361,0.26225,11.039,0.582399,F
1279,1,HappyBirthday,174,22266,F,1,0.109997,0.494295,89.4379,41.6693,F
1279,1,HappyBirthday,730,10220.3,F,1,0.000708231,0.504143,12173.2,5.80529,F
1279,1,HappyBirthday,785,4015.48,M,1,0.0333534,1.36721,211.944,12.5177,F
1279,1,HappyBirthday,829,24455,M,1,0.000526578,7.41718,29.6624,0.186085,F
1280,1,HappyBirthday,39,3650.99,M,1,0.0757025,0.177956,55.047,31.2187,F
1280,1,HappyBirthday,41,1460.09,F,1,0.0638636,0.81014,1214.01,32.0126,F
1280,1,HappyBirthday,449,10950,F,1,0.837418,7.30174,72.4206,614.806,F
1280,1,HappyBirthday,490,10586,M,1,0.451325,4.98162,11.9109,190.077,F
1280,1,HappyBirthday,736,10220,F,1,0.121559,0.407036,83.4468,45.9956,F
1281,1,HappyBirthday,139,10220.2,M,1,0.017821,0.465367,46.6668,6.03709,F
1281,1,HappyBirthday,1110,365,F,1,0.121067,0.442363,40.8375,47.3928,F
1281,1,HappyBirthday,271,28105.4,M,1,0.00293342,0.077087,3412.83,3.93531,F
1281,1,HappyBirthday,893,14965.1,M,1,0.00013887,0.0398315,33429.6,0.164693,F
1281,1,Births,1163,0,F,0,0,0.0432463,0,0,F
1282,1,HappyBirthday,35,16425.7,F,1,0.296238,1.3498,212.5,130.85,F
1282,1,HappyBirthday,1111,365,M,1,2.26022e-05,0.105375,20.1784,0.00729448,F
1282,1,HappyBirthday,926,6935.14,F,1,0.000521802,0.517227,1620.08,1.05102,F
1283,1,HappyBirthday,142,5110.26,F,1,0.0798653,3.36118,112158,667.756,F
1283,1,HappyBirthday,194,5840.29,F,1,0.0071586,11.4786,72.3404,2.50903,F
1283,1,HappyBirthday,341,26280.5,M,1,0.21292,0.381723,10.5795,74.4958,F
1283,1,HappyBirthday,873,22630.2,M,1,0.0231301,4.48123,843.795,11.7579,F
1284,1,HappyBirthday,451,27375.3,F,1,0.0023246,12.0088,17.4362,0.781248,F
1284,1,HappyBirthday,511,8395.4,M,1,0.028844,0.155894,3908.29,9.12584,F
1284,1,HappyBirthday,534,17520.4,F,1,0.136033,0.453728,4430.09,62.4681,F
1284,1,HappyBirthday,677,2555.03,M,1,0.212741,0.0504186,20.428,80.2353,F
1284,1,Births,1164,0,F,0,0,0.00965904,0,0,F
1285,1,HappyBirthday,65,8030.1,F,1,0.30241,2.77977,830.15,299.793,F
1285,1,HappyBirthday,66,1460.75,M,1,0.0624967,0.199156,111.639,23.4332,F
1286,1,HappyBirthday,517,13505.8,F,1,0.00165142,2.33107,6.51584,0.520021,F
1286,1,HappyBirthday,666,1825.82,F,1,0.00428059,0.147542,36.0772,1.46184,F
1286,1,HappyBirthday,703,5110.76,F,1,0.0061143,0.275092,17.4923,2.06959,F
1286,1,HappyBirthday,783,32485.1,F,1,0.034275,1.10256,894.148,22.4586,F
1287,1,HappyBirthday,17,2555.94,M,1,0.0363001,0.284837,143.271,13.247,F
1288,1,HappyBirthday,821,20075.9,F,1,0.0015417,2.62627,49.6373,0.513455,F
1289,1,HappyBirthday,532,9125.39,M,1,0.565758,0.358824,3302.82,955.67,F
1289,1,HappyBirthday,790,19345.8,F,1,0.0250445,0.376258,1929.47,8.49672,F
1289,1,HappyBirthday,1026,1095,F,1,0.0968522,5.07154,3787.18,48.0448,F
1289,1,Births,1165,0,M,0,0,0.0148815,0,0,F
1290,1,HappyBirthday,304,2555.03,F,1,0.0847006,4.55441,347.549,55.7272,F
1290,1,HappyBirthday,1112,365,F,1,0.0304774,0.667994,24.7443,10.0322,F
1290,1,HappyBirthday,817,12410.6,M,1,0.0565427,0.561276,24.0455,18.9734,F
1291,1,HappyBirthday,940,20440.5,M,1,4.73159e-05,4.56903,49223.6,0.514844,F
1292,1,HappyBirthday,200,1460.68,M,1,0.00128392,0.784145,91644.8,8.82306,F
1292,1,HappyBirthday,363,32850.1,M,1,0.027303,4.04582,2092.13,19.5694,F
1292,1,HappyBirthday,884,14966,M,1,0.000458237,2.42282,23653.4,1.97915,F
1293,1,HappyBirthday,504,10585.9,F,1,0.229867,0.299399,206.567,106.46,F
1294,1,HappyBirthday,581,9855.54,F,1,0.00141745,1.9329,184.208,0.55962,F
1295,1,HappyBirthday,1066,730,M,1,0.153027,0.325807,34.8911,58.7643,F
1295,1,HappyBirthday,1027,1095,F,1,0.0983915,0.737417,6099.32,123.388,F
1296,1,HappyBirthday,61,8760.68,M,1,0.0103318,0.611052,45.2382,3.27179,F
1296,1,HappyBirthday,81,16790.5,M,1,0.00283985,0.43479,100.63,1.06103,F
1296,1,HappyBirthday,614,10585.3,F,1,0.0220492,4.88314,68.5497,7.89801,F
1296,1,HappyBirthday,820,9125.33,M,1,0.702134,0.863655,2866.22,1253.8,F
1297,1,HappyBirthday,143,5475.76,F,1,0.00515136,8.60288,15.4643,1.73062,F
1297,1,HappyBirthday,937,7300.81,M,1,0.425223,4.44982,12.5282,182.284,F
1298,1,HappyBirthday,398,11315.8,M,1,0.0384379,1.70735,14.15,12.9758,F
1298,1,HappyBirthday,669,4380.55,M,1,0.330336,2.27372,2757.42,475.12,F
1298,1,HappyBirthday,1067,730,F,1,0.0840355,0.309136,70241.8,193.836,F
1298,1,HappyBirthday,1113,365,F,1,2.97716e-05,0.10866,22614.9,0.30513,F
1299,1,HappyBirthday,32,1825.72,F,1,0.000114213,0.153778,11530.4,0.174604,F
1299,1,HappyBirthday,1068,730,M,1,0.00427054,0.0162622,29.1014,1.38968,F
1299,1,HappyBirthday,301,2555.19,M,1,0.0346991,4.13949,866.254,24.3216,F
1299,1,HappyBirthday,316,3650.11,F,1,0.108731,3.04065,21.7051,37.8095,F
1299,1,HappyBirthday,531,9855.72,M,1,0.462599,0.161324,231.205,251.94,F
1299,1,HappyBirthday,542,16425.7,M,1,0.000196751,0.812329,0.624654,0.0611934,F
1299,1,HappyBirthday,588,4015.94,M,1,0.909385,0.188179,3.78939,748.266,F
1299,1,HappyBirthday,812,35770.1,F,1,0.0512768,4.90659,103.275,23.1674,F
1300,1,HappyBirthday,1114,365,F,1,0.786204,0.00782806,247.268,507.245,F
1300,1,HappyBirthday,115,1460.77,F,1,0.214452,0.302188,13255.8,352.604,F
1300,1,HappyBirthday,308,2190.27,M,1,0.00116234,0.388263,16.3751,0.382738,F
1301,1,HappyBirthday,87,6570.79,M,1,0.0091617,0.16844,126960,75.1056,F
1301,1,HappyBirthday,161,5475.12,F,1,0.00164126,0.328131,457.519,0.521914,F
1301,1,HappyBirthday,221,17520.1,M,1,0.128161,0.433033,661.898,53.5537,F
1301,1,HappyBirthday,367,6570.8,F,1,0.535867,3.97432,216.908,443.767,F
1301,1,HappyBirthday,644,10585.2,F,1,0.000284713,0.277772,55396.5,2.97474,F
1301,1,HappyBirthday,1069,730,M,1,9.98841e-06,0.017843,177744,0.103159,F
1302,1,HappyBirthday,1028,1095,F,1,0.00025243,3.2358,25480.8,0.676804,F
1302,1,HappyBirthday,1029,1095,F,1,0.0044886,0.717668,0.131866,1.39856,F
1302,1,HappyBirthday,1115,365,F,1,0.00654877,3.1758,7292.31,37.9016,F
1302,1,HappyBirthday,895,8760.58,F,1,0.298554,0.339559,3312.17,151.228,F
1303,1,HappyBirthday,761,8760.74,M,1,0.00162988,1.94016,59.5167,0.644093,F
1304,1,HappyBirthday,287,8030.89,F,1,0.366869,2.37228,270.925,213.343,F
1304,1,HappyBirthday,1070,730,F,1,0.00728589,0.00499337,108.722,2.69681,F
1304,1,HappyBirthday,633,10220.4,M,1,0.350475,11.0677,8650.64,238.335,F
1305,1,HappyBirthday,612,7300.29,M,1,0.00563998,0.32519,5.79902,1.75916,F
1306,1,HappyBirthday,875,8760.55,F,1,0.000449147,20.1623,1330.74,0.141177,F
1307,1,HappyBirthday,314,21900.6,F,1,0.0044484,0.366133,35.7124,1.46241,F
1308,1,HappyBirthday,306,1825.97,M,1,0,0.337687,0.0367106,0,F
1309,1,HappyBirthday,793,7665.17,F,1,0.648464,1.28998,157.409,328.057,F
1310,1,HappyBirthday,22,9490.08,M,1,0.167609,0.900144,147.463,77.2733,F
1311,1,HappyBirthday,189,7300.98,M,1,0.00947813,0.421145,26.6236,3.02776,F
1311,1,HappyBirthday,197,9490.53,M,1,0.287267,1.83074,142.085,148.592,F
1311,1,HappyBirthday,222,10585.2,M,1,0.00096081,0.651067,1.32126,0.299584,F
1311,1,HappyBirthday,342,1825.12,F,1,0.0291218,0.327629,382.851,14.7127,F
1312,1,HappyBirthday,156,3285.59,F,1,0.655036,0.0800393,2283.53,641.036,F
1312,1,HappyBirthday,1116,365,M,1,0.669658,0.645197,2.78718,346.116,F
1312,1,HappyBirthday,894,2920.74,M,1,0.11757,0.929834,203.104,39.7814,F
1312,1,HappyBirthday,1117,365,M,1,0.273051,0.127807,6368.78,1525.79,F
1313,1,HappyBirthday,1118,365,M,1,0.0550683,0.0521481,111.899,21.6855,F
1313,1,HappyBirthday,929,34310.8,M,1,0.00264223,0.249635,2.66807,0.822503,F
1313,1,HappyBirthday,1031,1095,M,1,0.152977,0.133301,571.961,58.11,F
1314,1,HappyBirthday,94,3285.6,M,1,0.000196562,0.880636,4490.59,0.788523,F
1314,1,HappyBirthday,237,2555.12,M,1,0.000302748,0.00416559,6.17104,0.0952162,F
1314,1,HappyBirthday,305,12775.9,M,1,0.00653278,4.86805,54.1205,2.49164,F
1314,1,HappyBirthday,631,13140.4,F,1,0.173471,8.6446,41.2446,63.4128,F
1314,1,HappyBirthday,747,5110.18,M,1,0.557564,0.778239,83.5234,254.091,F
1315,1,HappyBirthday,584,7300.22,M,1,0.000518049,19.926,656.144,0.51868,F
1315,1,HappyBirthday,748,8760.55,F,1,1.56967e-05,4.24522,10.4435,0.0049762,F
1315,1,HappyBirthday,1071,730,M,1,0.000400967,1.90498,57670.3,1.63076,F
1316,1,HappyBirthday,95,1825.25,F,1,0.00570079,0.398157,3904.72,2.71712,F
1316,1,HappyBirthday,403,1460.87,F,1,0.00131555,0.0657249,38.0136,0.467239,F
1316,1,HappyBirthday,776,2555.6,F,1,0.000932887,0.118137,46.817,0.309786,F
1316,1,HappyBirthday,843,11680.5,M,1,0.309426,0.849972,32.2674,131.655,F
1317,1,HappyBirthday,251,16790.5,M,1,0.00207204,0.218332,20.6744,0.663671,F
1318,1,HappyBirthday,76,21535,M,1,5.84297e-05,0.320753,2.19982,0.0182036,F
1318,1,HappyBirthday,618,7300.68,M,1,0.000551136,0.0901513,179795,5.24848,F
1318,1,Births,1166,0,F,0,0,0.0410548,0,0,F
1318,1,Births,1167,0,F,0,0,0.0572276,0,0,F
1319,1,HappyBirthday,258,22995.9,M,1,0.889332,2.19336,80.7364,805.432,F
1319,1,HappyBirthday,1072,730,M,1,0.195896,1.33193,86816.3,1606.03,F
1320,1,HappyBirthday,721,20075.5,M,1,0.00884759,4.51434,2.19013,2.76293,F
1320,1,HappyBirthday,920,2190.1,M,1,0.0720121,2.04083,236.963,24.0774,F
1321,1,HappyBirthday,1032,1095,F,1,0.00673186,0.185799,16.5458,2.194,F
1321,1,HappyBirthday,814,27010.1,M,1,0.0381627,1.22348,79427.7,486.586,F
1322,1,HappyBirthday,369,8030.12,F,1,0.00218101,11.5069,118.177,0.788538,F
1322,1,HappyBirthday,881,4015.01,M,1,0.000877362,56.3599,57.1763,0.295068,F
1323,1,HappyBirthday,484,14965.4,F,1,0.000253296,0.661385,16.0338,0.0848318,F
1323,1,HappyBirthday,557,1825.24,M,1,0.0121283,0.359201,1267.06,11.8443,F
1323,1,HappyBirthday,1033,1095,M,1,1.72922e-05,0.292953,22733,0.0751918,F
1324,1,Births,1168,0,M,0,0,0.0260852,0,0,F
1325,1,HappyBirthday,75,8030.32,F,1,0.00297648,0.364016,20360.4,2.0954,F
1325,1,HappyBirthday,454,18615.1,F,1,0.105157,1.34318,630.631,38.5058,F
1325,1,HappyBirthday,810,10950.2,M,1,0.274636,2.60753,48602.2,377.882,F
1325,1,HappyBirthday,850,4015.21,F,1,0.0106198,1.37482,28.1188,3.33039,F
1325,1,HappyBirthday,986,3650.5,M,1,0.682443,0.0734188,1.20311,357.731,F
1326,1,HappyBirthday,1119,365,F,1,0.291918,0.0164747,24.2533,113.517,F
1326,1,HappyBirthday,408,5840.22,M,1,0.00326806,7.12426,42.4388,1.05704,F
1327,1,HappyBirthday,57,13140.1,F,1,8.60148e-07,0.329428,0.969615,0.0002668,F
1327,1,HappyBirthday,462,13870.2,M,1,0.00149976,2.70785,50.4025,0.534965,F
1327,1,HappyBirthday,918,21900.2,M,1,0.0146175,0.0261317,45381.4,136.038,F
1327,1,Births,1169,0,M,0,0,0.33133,0,0,F
1328,1,HappyBirthday,10,7300.79,F,1,0.027752,1.644,605.414,17.6503,F
1328,1,HappyBirthday,212,8395.82,M,1,0.000488227,0.378793,3267.76,1.85986,F
1328,1,HappyBirthday,1073,730,M,1,0.000958034,0.0680207,24660.4,0.971719,F
1329,1,HappyBirthday,453,7665.8,M,1,0.00163139,3.09361,65.0688,0.588679,F
1329,1,HappyBirthday,589,4745.53,F,1,0.00439559,0.795673,51.6913,1.4678,F
1330,1,HappyBirthday,126,5110.74,M,1,0.00541723,0.123223,162.56,2.06739,F
1330,1,HappyBirthday,378,13870.8,F,1,0.0528118,5.05049,60.7305,18.3927,F
1330,1,HappyBirthday,496,5110.51,M,1,0.122106,3.97151,102.214,44.4114,F
1330,1,HappyBirthday,636,10950.3,M,1,0.00117026,6.70522,24.4044,0.376072,F
1331,1,HappyBirthday,1120,365,F,1,0.226937,0.0518835,29916.2,686.271,F
1331,1,HappyBirthday,667,5475.82,M,1,0.743728,2.93641,16.2583,423.541,F
1331,1,HappyBirthday,696,7665.19,M,1,0.00622055,10.8745,11.6358,2.05281,F
1331,1,HappyBirthday,897,4745.57,M,1,0.00118277,0.302035,491.326,0.60361,F
1332,1,HappyBirthday,665,4745.09,F,1,0.570783,0.289946,988.743,611.889,F
1332,1,HappyBirthday,688,4380.54,M,1,0.00528991,0.723949,1.90996,1.65242,F
1332,1,HappyBirthday,798,5110.06,M,1,0.310573,1.1219,38542.7,471.64,F
1333,1,HappyBirthday,73,2555,F,1,0.0016007,0.102276,17734.6,0.513125,F
1333,1,HappyBirthday,170,12775.7,M,1,0.0750877,3.55199,39.1231,25.0668,F
1333,1,HappyBirthday,389,1460.1,F,1,0.014622,1.88741,56213.6,153.369,F
1333,1,HappyBirthday,616,2190.11,F,1,0.206232,0.274461,500.355,75.8598,F
1334,1,HappyBirthday,110,1460.13,F,0,0,0.0206268,0,0,F
1335,1,HappyBirthday,501,16790.4,F,1,0.000609791,1.40974,31819.1,0.742012,F
1336,1,HappyBirthday,519,5475.7,F,1,0.276419,0.275345,923.058,162.126,F
1336,1,HappyBirthday,700,16791,F,1,0.00171698,3.09585,515.956,0.601087,F
1336,1,HappyBirthday,927,17520.7,M,1,0.00194735,1.14774,12.7746,0.64173,F
1337,1,HappyBirthday,83,1825.19,F,1,7.62325e-05,0.070569,8656.69,0.513421,F
1337,1,HappyBirthday,310,6570.84,F,1,0.00105454,0.268134,10474.9,1.46287,F
1337,1,HappyBirthday,379,12775.8,F,1,0.278721,0.439159,39.9516,115.94,F
1337,1,HappyBirthday,1034,1095,M,1,0.00218332,0.14354,3.65735,0.680538,F
1338,1,HappyBirthday,25,1460.06,M,1,0.141849,0.148876,16.5965,48.4668,F
1338,1,HappyBirthday,991,16060.8,M,1,0.147608,1.761,191.471,68.1645,F
1339,1,HappyBirthday,883,8030.63,F,1,0.312594,0.200242,41940,468.47,F
1340,1,HappyBirthday,396,4745.19,F,1,0.0281377,0.467936,79.3656,9.99639,F
1340,1,HappyBirthday,1121,365,F,1,0.106088,0.628906,69.0481,39.5491,F
1341,1,HappyBirthday,196,5110.87,M,1,0.367795,5.65508,61.8352,157.1,F
1341,1,HappyBirthday,1122,365,M,1,0.00190362,0.305904,294.325,0.862776,F
1341,1,HappyBirthday,471,7665.43,M,1,0.00498008,0.629738,11.5729,1.57167,F
1343,1,HappyBirthday,226,15330.5,F,1,0.00337589,9.50012,29142.9,2.5301,F
1343,1,HappyBirthday,292,6570.88,F,1,0.0436466,0.178416,48571.9,412.258,F
1343,1,HappyBirthday,323,3285.32,M,1,0.62138,0.470536,1672.75,922.493,F
1343,1,HappyBirthday,801,8760.44,F,1,0.00105492,1.75938,81.9183,0.401017,F
1344,1,HappyBirthday,9,5840.23,M,1,0.0758756,1.3365,14.7373,25.275,F
1344,1,HappyBirthday,160,6205.22,M,1,0.00557618,2.3379,120.388,2.07913,F
1344,1,HappyBirthday,294,2555.07,M,1,0.171,0.235329,16642.3,368.561,F
1344,1,HappyBirthday,637,5475.71,M,1,0.000973801,0.332497,14.9071,0.323212,F
1345,1,HappyBirthday,544,1460.89,F,1,0.00377055,0.0100121,1517.83,8.35364,F
1345,1,HappyBirthday,545,28105.3,F,1,0.621218,14.9602,2665.16,463.425,F
1346,1,HappyBirthday,26,2920.08,F,1,7.28997e-05,3.69889,5290.04,0.347208,F
1346,1,HappyBirthday,512,7665.03,F,1,0.129749,0.288991,59212.2,1463.95,F
1346,1,HappyBirthday,536,18980.3,F,1,0.333802,0.0302773,4507.79,569.477,F
1346,1,HappyBirthday,568,2190.04,M,1,0.120806,0.0780506,176.726,45.6794,F
1346,1,HappyBirthday,969,8760.66,M,1,0.00239861,2.34929,215.665,1.05254,F
1347,1,HappyBirthday,5,25185.6,M,1,0.248908,0.1294,7.10343,89.235,F
1347,1,HappyBirthday,1123,365,F,1,0.00591918,0.282733,229964,63.4515,F
1347,1,HappyBirthday,458,1460.13,F,1,0.0132643,0.624602,5055.41,29.888,F
1347,1,HappyBirthday,489,16790.8,F,1,0.300813,0.38492,2237.46,214.782,F
1347,1,HappyBirthday,565,7665.1,F,1,0.00604138,2.70174,73.8835,2.02571,F
1347,1,HappyBirthday,1001,1460.39,M,1,0.00553474,0.0437103,59.1332,1.87575,F
1348,1,HappyBirthday,277,18250.8,F,1,0.246986,6.42562,24101.2,1695.99,F
1348,1,HappyBirthday,577,7300.56,M,1,0.00626666,5.94435,837.008,3.70079,F
1349,1,HappyBirthday,428,1460.45,M,1,0.00480762,2.54062,186.457,2.68134,F
1349,1,HappyBirthday,768,16060.1,F,1,0.0118161,2.93694,25.3575,3.93822,F
1349,1,HappyBirthday,1124,365,F,1,0.642687,0.711904,557.837,386.288,F
1351,1,HappyBirthday,416,10950.4,F,1,0.00655947,0.809658,17483.2,4.05835,F
1351,1,HappyBirthday,877,14965.1,M,1,0.00241125,0.19862,15.0097,0.796724,F
1352,1,HappyBirthday,1126,365,F,1,0.154088,0.486876,53.1736,61.939,F
1352,1,HappyBirthday,724,3285.92,M,1,0.00067352,0.779434,262.366,0.411563,F
1352,1,HappyBirthday,1125,365,F,1,0.0112025,0.442355,3750.6,3.79862,F
1353,1,HappyBirthday,679,9125.92,F,1,0.0214254,43.0128,19.0441,6.91542,F
1355,1,HappyBirthday,548,5475.57,F,1,0.647293,0.0127293,3709.9,473.106,F
1355,1,HappyBirthday,932,32120.9,F,1,0.0031407,1.66907,125.375,1.18738,F
1356,1,HappyBirthday,99,2190.81,F,1,0.19442,2.40768,90.3676,91.6504,F
1356,1,HappyBirthday,694,12775.9,M,1,0.0100174,1.13515,28258.3,9.05819,F
1356,1,HappyBirthday,743,4015.29,F,1,0.0480399,0.554805,1064.04,22.829,F
1356,1,HappyBirthday,839,8760.57,M,1,0.00275685,7.61826,38.6396,0.960942,F
1357,1,HappyBirthday,595,28835.3,F,1,0.0373932,9.00166,19376.9,220.957,F
1358,1,HappyBirthday,480,10220.2,M,1,0.00444642,0.0629803,2974.09,6.78825,F
1358,1,HappyBirthday,498,3650.2,M,1,0.477712,0.144879,9529.68,524.488,F
1358,1,HappyBirthday,1036,1095,F,1,0.0502277,0.0469524,20.61,16.2577,F
1358,1,HappyBirthday,1035,1095,F,1,0.00456188,0.475238,32.8131,1.58428,F
1359,1,HappyBirthday,4,18615.5,M,1,0.000422552,0.108111,13906.1,3.81255,F
1359,1,HappyBirthday,375,4015.33,F,1,0.0511383,0.194272,10.2674,16.9113,F
1360,1,HappyBirthday,24,19710.1,M,1,0.0236595,0.277589,4047.53,38.0704,F
1360,1,HappyBirthday,90,31390.4,F,1,0.0010718,0.637908,15.2839,0.357133,F
1360,1,HappyBirthday,744,10586,F,1,0.001586,0.152906,30.665,0.517227,F
1361,1,HappyBirthday,38,1825.4,F,1,0.00271146,0.0328627,32.4388,0.980744,F
1361,1,HappyBirthday,59,3650.86,F,1,0.00215822,0.137308,44.8737,0.795334,F
1361,1,HappyBirthday,242,26280.9,F,1,0.204027,26.1755,2.39454,71.7626,F
1361,1,HappyBirthday,280,5840.52,F,1,0.26226,0.19208,16.4073,100.311,F
1361,1,HappyBirthday,1127,365,F,0,0,0.00685474,0,0,F
1362,1,HappyBirthday,89,6205.72,M,1,0.0284862,0.535386,9344.8,203.641,F
1362,1,HappyBirthday,336,3285.85,M,1,0.644256,1.73629,1422.52,347.059,F
1362,1,HappyBirthday,425,1460.17,M,1,0.000755009,0.1903,18675.5,1.54772,F
1362,1,HappyBirthday,477,10585.2,F,1,0.0320387,0.610724,3.6254,10.129,F
1362,1,HappyBirthday,717,28105.3,M,1,0.763699,0.334372,135.604,634.725,F
1362,1,HappyBirthday,917,14235.7,F,1,3.81868e-05,1.24006,29.6818,0.01246,F
1363,1,HappyBirthday,950,16425.3,M,1,0.703485,2.04655,48.2559,420.219,F
1364,1,HappyBirthday,216,14235.4,M,1,0.00981039,3.93602,26828.5,12.705,F
1364,1,HappyBirthday,800,2190.31,F,1,0.00927244,0.18556,17297.9,47.9871,F
1364,1,Births,1170,0,M,0,0,0.106958,0,0,F
1365,1,HappyBirthday,1128,365,M,1,0.00150702,0.45311,365.052,0.776786,F
1365,1,HappyBirthday,1037,1095,M,1,0.124302,0.0562049,4191.94,47.3393,F
1366,1,Births,1171,0,F,0,0,0.225357,0,0,F
1367,1,HappyBirthday,256,12410.9,F,1,0.452195,59.201,40.8639,209.268,F
1367,1,HappyBirthday,670,13870.3,M,1,0.28522,0.761304,17977.3,1711.02,F
1368,1,HappyBirthday,508,8030.31,F,1,0.0259451,0.386902,2037.72,27.3392,F
1368,1,HappyBirthday,587,3285.1,F,1,0.0800093,18.2355,1808.73,95.2819,F
1368,1,HappyBirthday,1129,365,F,1,0.0017597,0.0590773,112.253,0.781179,F
1368,1,HappyBirthday,985,4745.03,M,1,0.449378,0.0927887,926.366,437.101,F
1369,1,HappyBirthday,169,9125.08,M,1,0.0407156,0.813052,11.1527,13.0726,F
1369,1,HappyBirthday,179,6935.09,M,1,0.535356,0.258039,480.463,256.225,F
1369,1,HappyBirthday,288,2920.8,M,1,0.124767,0.753373,28.3726,42.7354,F
1369,1,HappyBirthday,427,4015.15,F,1,0.173503,0.0143086,131.063,70.1887,F
1369,1,HappyBirthday,571,10950.6,F,1,0.00140927,30.3973,11108.3,10.8392,F
1369,1,HappyBirthday,827,6205.95,F,1,0.000468926,0.796731,2845.39,0.56288,F
1370,1,HappyBirthday,168,11681,F,1,0.895229,1.3447,29.71,713.917,F
1370,1,HappyBirthday,252,3285.19,F,1,0.473124,0.116006,282.736,258.724,F
1370,1,HappyBirthday,404,19710.5,M,1,0.00190746,3.64032,4.25432,0.605036,F
1370,1,HappyBirthday,615,4380.38,M,1,0.000704438,0.744008,32098.5,0.862391,F
1370,1,HappyBirthday,630,22995.3,M,1,0.00211674,9.19497,804.699,1.40562,F
1370,1,HappyBirthday,739,23360.9,F,1,0.0525909,0.408574,12.6688,17.8211,F
1370,1,HappyBirthday,853,11680.3,F,1,0.191134,0.262327,38669.9,259.27,F
1371,1,HappyBirthday,207,35405.4,F,1,0.664277,5.08322,6.24966,345.66,F
1372,1,HappyBirthday,18,13140.7,M,1,0.534494,3.10018,1033.4,1066,F
1372,1,HappyBirthday,904,11315.6,F,1,0.0152407,11.8125,52.84,6.02776,F
1373,1,HappyBirthday,320,14965.7,M,1,0.050449,14.9374,29.2055,17.0502,F
1373,1,HappyBirthday,392,19345.1,F,1,0.464523,3.54756,20901.4,791.872,F
1373,1,HappyBirthday,528,4015.58,M,1,0.00237872,0.316685,88.2712,0.84355,F
1373,1,HappyBirthday,742,4745.81,F,1,0.000205253,0.371974,32401.5,0.224284,F
1374,1,HappyBirthday,131,10586,F,1,0.531318,8.9945,10644.7,508.343,F
1374,1,HappyBirthday,1038,1095,M,1,0.0612532,0.46557,65.265,21.9882,F
1375,1,HappyBirthday,98,13505.3,M,1,0.00588683,0.501239,1.61497,1.84062,F
1375,1,HappyBirthday,227,34675.4,M,1,0.0129202,0.189231,32.7949,4.63228,F
1376,1,HappyBirthday,658,6205.52,F,1,0.404623,0.161123,647.116,199.899,F
1376,1,HappyBirthday,787,8760.93,F,1,0.0221031,0.979733,27.7158,7.22659,F
1376,1,Births,1172,0,M,0,0,0.475313,0,0,F
1378,1,HappyBirthday,452,13870.4,F,1,0.00234082,2.10283,6.68731,0.75296,F
1379,1,HappyBirthday,1130,365,M,1,0.000149441,0.113617,184118,1.44789,F
1379,1,HappyBirthday,412,5110.56,M,1,0.00349503,0.932549,13.0123,1.10683,F
1380,1,HappyBirthday,497,8395.83,F,1,0.0040262,3.37768,136.809,1.61823,F
1381,1,HappyBirthday,672,9125.49,M,1,0.0246771,0.296011,38.0053,8.22113,F
1381,1,HappyBirthday,861,6570.07,F,1,0.00430416,3.54882,29.9752,1.34075,F
1381,1,HappyBirthday,900,1825.54,F,1,0.135917,0.206175,788.141,58.6166,F
1382,1,HappyBirthday,410,18250.9,M,1,0.801177,14.1701,145.874,547.834,F
1383,1,HappyBirthday,473,4380.33,M,1,0.0176825,0.167341,8.11295,5.69473,F
1383,1,HappyBirthday,622,4015.69,F,1,0.00100937,0.837811,18108.1,2.09749,F
1384,1,HappyBirthday,64,5475.04,M,1,0.00191453,0.236287,11.5056,0.62121,F
1384,1,HappyBirthday,373,5110.93,M,1,1.15297e-05,0.262892,17421.9,0.0595276,F
1384,1,HappyBirthday,656,18980.5,M,1,0.00967878,3.49205,24412.2,59.6326,F
1384,1,HappyBirthday,713,4015.87,M,1,0.501538,4.37351,9376.99,671.64,F
1384,1,HappyBirthday,886,7300.81,M,1,0.268475,0.321017,13685.9,175.063,F
1384,1,Births,1173,0,M,0,0,0.0408613,0,0,F
1385,1,HappyBirthday,593,2920.65,M,1,0.0213188,2.17675,12545.6,28.503,F
1385,1,HappyBirthday,597,4380.48,F,1,0.0169632,0.0912978,8360.54,46.7306,F
1386,1,HappyBirthday,1000,17520.5,M,1,0.176737,0.140238,80.1346,72.2758,F
1386,1,HappyBirthday,260,7665.71,F,1,0.087414,0.853876,181.93,29.8164,F
1387,1,HappyBirthday,122,4745.99,M,1,0.0776385,0.765444,135.665,30.17,F
1387,1,HappyBirthday,349,10220.6,M,1,0.885191,2.13992,25.2831,686.935,F
1387,1,HappyBirthday,479,2190.73,F,1,0.0172759,0.10675,517.724,9.63029,F
1387,1,HappyBirthday,649,11680.9,M,1,0.22021,1.266,9770.04,92.9348,F
1387,1,HappyBirthday,755,7665.2,M,1,0.512848,2.57469,117.82,229.231,F
1387,1,HappyBirthday,866,8030.69,F,1,0.260808,6.91638,213.901,134.454,F
1388,1,HappyBirthday,92,35040.6,M,1,0.00446943,1.10457,0.273947,1.39232,F
1388,1,HappyBirthday,234,8760.75,F,1,0.0127023,0.735911,59.2104,4.22346,F
1388,1,HappyBirthday,731,9490.78,M,1,0.0494134,0.0534609,83.0124,15.9,F
1388,1,HappyBirthday,763,9855.45,M,1,0.0317169,0.368513,9.68316,10.0355,F
1389,1,HappyBirthday,312,2190.1,M,1,0.000638921,9.31446,1847.3,0.291821,F
1389,1,HappyBirthday,411,9125.1,M,1,0.00779282,2.19823,0.819199,2.44122,F
1389,1,HappyBirthday,960,13505.6,M,1,0.345737,0.229309,12069.5,1745.55,F
1389,1,HappyBirthday,973,3285.13,M,1,0.00290081,0.149124,4.70457,0.911153,F
1390,1,HappyBirthday,466,14600.5,M,1,0.00437484,0.0549034,85.5588,1.53181,F
1390,1,HappyBirthday,558,4015.19,M,1,0.0104507,0.0656409,51.2411,3.97818,F
1390,1,HappyBirthday,729,4015.96,M,1,0.380438,0.379581,28478.7,1458.17,F
1390,1,HappyBirthday,745,2555.36,F,1,0.0500782,5.51261,541.418,16.1473,F
1390,1,HappyBirthday,983,3650.37,F,1,0.00587854,0.247704,1040.58,4.37275,F
1391,1,HappyBirthday,68,8030.53,M,1,0.00725162,0.28538,2261.52,2.76965,F
1391,1,HappyBirthday,1039,1095,M,1,0.109641,0.521046,43.153,38.7723,F
1391,1,HappyBirthday,461,10220.8,M,1,0.00646784,2.84286,1722.13,6.69892,F
1391,1,HappyBirthday,1074,730,F,1,0.000386631,0.0601246,950.578,0.528107,F
1391,1,HappyBirthday,704,2555.54,M,1,0.00643352,0.0799487,1374.73,2.30709,F
1392,1,HappyBirthday,113,24820.6,M,1,0.0337522,1.39269,0.018578,10.6705,F
1393,1,HappyBirthday,109,14965.4,M,1,0.00530156,0.455256,9222.15,2.44467,F
1393,1,HappyBirthday,358,9855.48,F,1,0.000107546,0.509192,102496,1.46526,F
1393,1,HappyBirthday,602,15695.2,M,1,0.0700523,1.00621,1474.81,67.1221,F
1393,1,HappyBirthday,648,13870.6,F,1,0.208237,1.36877,101.975,84.3358,F
1393,1,HappyBirthday,726,17520.7,M,1,0.342042,3.89289,6291.86,348.741,F
1394,1,HappyBirthday,116,11680.5,M,1,0.00203741,9.48396,60.7126,0.776453,F
1394,1,HappyBirthday,192,2555.13,F,1,0.00460921,2.66628,36.0263,1.67854,F
1394,1,HappyBirthday,949,5475.87,M,1,0.0042103,0.0760733,33.9,1.50986,F
1395,1,HappyBirthday,286,6205.39,M,1,0.575268,3.15624,11481.7,561.71,F
1395,1,HappyBirthday,443,20805.9,F,1,0.223114,0.111718,26.6311,83.8606,F
1395,1,HappyBirthday,488,11680.2,F,1,0.000805723,0.0243694,32681.2,1.72511,F
1395,1,HappyBirthday,514,2920.69,M,1,0.0533364,2.09547,122.583,18.8176,F
1395,1,HappyBirthday,709,6570.15,F,1,0.920007,5.98768,231.854,875.83,F
1395,1,HappyBirthday,792,23360,F,1,0.0138399,0.391959,2384.07,4.36252,F
1395,1,HappyBirthday,831,10585.8,F,1,0.85262,0.163141,1362.15,1739.92,F
1396,1,HappyBirthday,951,11315.3,F,1,0.687194,0.561338,34.1562,378.96,F
1396,1,HappyBirthday,958,5840.02,F,1,3.60478e-05,1.40738,11.044,0.0114268,F
1397,1,HappyBirthday,692,2190.47,M,1,0.00306076,1.52947,398.105,1.49228,F
1397,1,HappyBirthday,1040,1095,M,1,0.457813,0.395088,8493.69,542.998,F
1397,1,HappyBirthday,758,2190.9,F,1,0.0325535,0.0887653,1055.17,10.8083,F
1398,1,HappyBirthday,244,10950.1,M,1,0.00044518,0.223228,14.0158,0.145263,F
1398,1,HappyBirthday,440,28835.7,M,1,0.0815603,1.51387,7.82366,27.3434,F
1398,1,HappyBirthday,638,9855.16,M,1,0.918326,0.994261,41.6122,800.835,F
1398,1,HappyBirthday,650,35405.4,F,1,0.000146841,4.12596,16029.8,0.0842298,F
1398,1,HappyBirthday,795,4745.67,M,1,0.441663,1.66894,7588.77,1105.87,F
1398,1,HappyBirthday,868,7300.95,F,1,0.0580867,1.18171,1190.57,51.0724,F
1399,1,HappyBirthday,1075,730,F,1,0.00638328,0.0357012,15.9269,2.08445,F
1399,1,HappyBirthday,229,12045.2,M,1,0.00534265,3.40263,49.9908,1.80763,F
1399,1,HappyBirthday,329,4015.66,M,1,0.163845,1.62602,7741.93,1085.4,F
1399,1,HappyBirthday,740,6935.9,M,1,0.00250762,0.497351,1580.02,1.07672,F
1400,1,HappyBirthday,157,5110.51,F,1,0.000896006,2.2566,35413,0.976459,F
1400,1,HappyBirthday,606,8030.5,F,1,0.647129,2.77698,39.0324,349.619,F
1401,1,HappyBirthday,278,10220.2,M,1,0.0766206,1.93302,23.7924,25.6963,F
1401,1,HappyBirthday,1131,365,M,1,0.0729469,0.0278114,135.995,29.0449,F
1401,1,HappyBirthday,837,16060.2,F,1,0.0436044,0.84104,61.7895,16.2839,F
1401,1,Births,1174,0,M,0,0,0.013994,0,0,F
1402,1,HappyBirthday,1132,365,F,1,0.0453263,0.852886,2026.91,14.558,F
1402,1,HappyBirthday,366,30295.5,M,1,0.0018086,2.86542,3.83227,0.563716,F
1403,1,HappyBirthday,272,4380.69,F,1,0.112874,0.167273,69.4177,49.3285,F
1403,1,HappyBirthday,436,9855.2,F,1,0.00219894,0.190329,83.3545,0.770721,F
1403,1,HappyBirthday,476,6205.44,M,1,0.139223,3.6641,56.1072,58.9298,F
1403,1,HappyBirthday,525,1460.04,M,1,0.00710429,0.0133103,29.872,2.45103,F
1404,1,HappyBirthday,465,2190.49,M,1,0.000123914,0.504495,150822,1.11004,F
1404,1,HappyBirthday,623,17520.6,F,1,0.573941,0.178417,7804.39,539.65,F
1404,1,HappyBirthday,847,2920.4,F,1,0.138209,4.45816,35.7436,52.162,F
1405,1,HappyBirthday,54,21535.6,F,1,0.252799,2.66067,878.93,123.923,F
1405,1,HappyBirthday,578,4380.07,F,1,0.027884,1.03131,552.067,15.4432,F
1405,1,HappyBirthday,756,13505.6,F,1,0.00219582,3.76273,6.98275,0.703989,F
1405,1,HappyBirthday,922,8760,F,1,0.295881,5.10253,17005.1,1649.84,F
1406,1,HappyBirthday,78,2190.57,M,1,0.0424363,0.164009,280.232,13.7634,F
1406,1,HappyBirthday,225,1825.67,M,1,0.153189,0.339436,39.3984,53.2495,F
1406,1,HappyBirthday,1133,365,M,1,0.00729171,0.659288,12.3587,2.40978,F
1406,1,HappyBirthday,354,9490.6,F,1,0.00145975,1.47516,369.033,1.02295,F
1406,1,HappyBirthday,1041,1095,M,1,0.0109075,0.339443,19.9001,3.65668,F
1406,1,HappyBirthday,671,12045.6,M,1,0.119691,0.307343,567.201,130.157,F
1406,1,HappyBirthday,808,5110.88,M,1,0.000753505,0.86462,49.3388,0.285071,F
1407,1,HappyBirthday,27,17885,M,1,0.652742,0.00563664,344.144,353.321,F
1407,1,HappyBirthday,1134,365,M,1,0.00500462,0.27244,43.117,1.8585,F
1407,1,HappyBirthday,550,2555.44,M,1,0.0384331,1.03128,45.5785,13.6531,F
1407,1,HappyBirthday,596,35770.9,F,1,0.0799344,7.22449,832.789,52.6426,F
1407,1,HappyBirthday,1076,730,M,1,0.0245944,0.02747,67.7861,8.71162,F
1408,1,HappyBirthday,140,8030.33,M,1,0.000384499,1.36586,42.5706,0.129566,F
1408,1,HappyBirthday,180,3285.54,M,1,8.0489e-05,0.0462997,54.4074,0.027352,F
1408,1,HappyBirthday,444,22995,M,1,0.00105584,3.15306,8.47728,0.33233,F
1408,1,HappyBirthday,600,1825.79,M,1,1.06668e-05,0.0762959,92.7328,0.00456221,F
1408,1,HappyBirthday,1043,1095,M,1,0.000239671,0.256857,6753.86,1.14908,F
1408,1,Births,1175,0,M,0,0,0.0163602,0,0,F
1409,1,HappyBirthday,77,8395.16,F,1,0.0017169,1.03818,16.1352,0.573273,F
1409,1,HappyBirthday,82,22265.1,M,1,0.00490653,0.448348,947.606,3.7675,F
1409,1,HappyBirthday,430,5840.63,F,1,0.000748818,0.468704,17.87,0.253763,F
1409,1,HappyBirthday,854,34676,F,1,0.00249599,2.37143,8.46536,0.788238,F
1409,1,HappyBirthday,1135,365,F,1,0.0211037,0.0269367,84.1552,9.10555,F
1410,1,HappyBirthday,48,9490.62,F,1,0.00331191,0.0783008,31.9664,1.18437,F
1410,1,HappyBirthday,173,24090.9,F,1,0.0522772,1.44127,47.9689,18.0687,F
1410,1,HappyBirthday,273,16425.2,F,1,0.184845,2.92269,1433.18,87.406,F
1410,1,HappyBirthday,293,1825.21,F,1,0.0528102,0.88384,713.109,16.9755,F
1410,1,HappyBirthday,632,32120.4,M,1,0.00172071,0.223317,1.46576,0.535201,F
1410,1,HappyBirthday,928,17155.2,F,1,0.141836,1.58485,68.1195,50.4558,F
1411,1,HappyBirthday,1136,365,F,1,0.203893,0.0893052,20885.8,608.523,F
1411,1,HappyBirthday,401,33215.5,F,1,6.45065e-06,0.192086,49426.4,0.05977,F
1411,1,HappyBirthday,518,13870.2,F,1,1.75203e-05,1.97741,44201.6,0.0253188,F
1411,1,HappyBirthday,523,7300.89,F,1,0.167093,0.264246,47138.1,503.627,F
1412,1,HappyBirthday,127,16060.6,F,1,0.14316,0.658749,604.082,61.658,F
1412,1,HappyBirthday,297,3285.65,F,1,0.343333,0.405865,69542.1,1515.47,F
1412,1,HappyBirthday,371,2190.76,M,1,0.02649,0.890018,114.394,9.97707,F
1412,1,HappyBirthday,653,5110.38,M,1,0.72359,0.351313,425.567,484.168,F
1412,1,HappyBirthday,664,5840.47,M,1,0.252529,1.42211,221.137,145.674,F
1412,1,HappyBirthday,691,8395.87,M,1,0.00659526,1.72442,46.5383,2.3237,F
1412,1,HappyBirthday,712,14600.2,F,1,0.0130381,1.5605,72.9071,4.83528,F
1412,1,HappyBirthday,1137,365,M,1,0.000105108,0.0673261,227727,1.11218,F
1412,1,HappyBirthday,838,4015.68,M,1,0.210901,1.17769,1776.27,245.54,F
1412,1,HappyBirthday,965,4015.67,F,1,0.184365,0.666185,170.077,81.1663,F
1412,1,HappyBirthday,992,2920.86,M,1,0.090596,7.89833,59.2265,32.5178,F
1413,1,HappyBirthday,250,13140.3,M,1,0.266963,0.259137,3958.18,104.128,F
1413,1,HappyBirthday,559,3650.1,F,1,0.00791401,0.147206,562.822,7.47699,F
1414,1,HappyBirthday,303,3285.26,F,1,0.00419651,0.300951,1193.77,1.33969,F
1414,1,HappyBirthday,516,31025.2,F,1,0.177012,0.156239,3711,142.976,F
1414,1,HappyBirthday,1077,730,F,1,0.00136272,0.15676,15.731,0.445999,F
1415,1,HappyBirthday,148,17155.7,M,1,0.118969,2.10856,1.82739,39.5538,F
1415,1,HappyBirthday,347,7665.43,F,1,0.0303326,0.548935,110.339,11.1092,F
1415,1,HappyBirthday,570,8760.4,M,1,0.0297287,0.0543033,22.6162,10.1,F
1415,1,Births,1176,0,M,0,0,0.0562301,0,0,F
1416,1,HappyBirthday,450,1460.77,F,1,0.0274002,0.45387,2614.38,38.5155,F
1416,1,HappyBirthday,601,2555.33,M,1,0.380117,7.59428,93.326,203.036,F
1417,1,HappyBirthday,749,20440.1,M,1,0.00170202,1.91635,32.6865,0.604943,F
1417,1,HappyBirthday,771,15695.7,F,1,0.00812637,0.375575,515.44,2.90292,F
1417,1,HappyBirthday,842,17520.9,M,1,0.00178758,0.467844,8.64025,0.565542,F
1418,1,HappyBirthday,1139,365,M,1,0.00238906,1.18574,39.1795,0.843035,F
1418,1,HappyBirthday,275,26645.3,F,1,0.155077,1.46656,7611.3,53.5238,F
1418,1,HappyBirthday,315,4015.63,M,1,0.0684701,0.292077,788.792,22.3861,F
1418,1,HappyBirthday,1138,365,F,1,0.185262,0.517405,15752.4,865.539,F
1418,1,HappyBirthday,916,22265,F,1,0.000238788,0.223351,3.85894,0.0746632,F
1419,1,HappyBirthday,500,8760.98,M,1,0,0.0658818,12.977,0,F
1420,1,HappyBirthday,1078,730,F,1,0.402895,0.972366,7467.6,408.294,F
1421,1,HappyBirthday,438,25915.3,M,1,2.76544e-05,1.84745,10.9982,0.0087606,F
1422,1,HappyBirthday,432,12775.9,F,1,0.0550145,0.589138,111.008,19.3187,F
1422,1,HappyBirthday,492,1460.67,F,1,0.00269661,0.41909,3.63551,0.843157,F
1422,1,HappyBirthday,1140,365,F,1,0.165842,0.0451274,32411.8,1322.16,F
1422,1,HappyBirthday,945,6205.97,F,1,0.006616,1.74884,14.9277,2.11568,F
1423,1,HappyBirthday,153,9125.14,M,1,0.000329933,1.35822,1527.96,0.56808,F
1423,1,HappyBirthday,211,15695.6,M,1,0.00184462,0.205409,21.528,0.598476,F
1423,1,HappyBirthday,339,11315.6,M,1,0.000915253,5.72058,14.9274,0.302669,F
1423,1,HappyBirthday,529,12775.6,F,1,0.372635,0.0427921,16390.2,873.993,F
1424,1,HappyBirthday,191,1460.32,F,1,0.377363,0.0764455,312.374,150.717,F
1424,1,HappyBirthday,206,6935.27,F,1,0.106212,0.00305897,937.239,40.3986,F
1424,1,Births,1177,0,F,0,0,0.0476575,0,0,F
1425,1,HappyBirthday,1044,1095,M,1,0.18182,0.169616,202.149,79.9902,F
1426,1,HappyBirthday,171,14600.1,F,1,0.500132,1.77295,5692.76,558.052,F
1427,1,HappyBirthday,1141,365,M,1,0.369507,0.171124,13187.4,1971.67,F
1427,1,HappyBirthday,852,4015.57,M,1,0.00244047,5.12976,31.057,0.865216,F
1428,1,HappyBirthday,424,16425.9,M,1,0.098535,0.14193,117.139,33.1464,F
1428,1,HappyBirthday,1080,730,M,1,0.209693,0.255843,153.374,84.2718,F
1429,1,HappyBirthday,330,22995,F,1,0.000123911,0.234527,5.90769,0.0396526,F
1430,1,HappyBirthday,924,13505.3,F,1,0.000265009,0.135432,23612.8,0.227087,F
1431,1,HappyBirthday,2,12775.4,M,1,0.00346114,3.76256,22.2664,1.18812,F
1431,1,HappyBirthday,309,3285.8,F,1,0.000554212,0.818128,2.09202,0.174011,F
1431,1,HappyBirthday,867,8760.89,M,1,0.0514723,1.29885,209.241,24.2516,F
1431,1,HappyBirthday,1081,730,M,1,0.360204,0.997935,18113.4,488.829,F
1432,1,HappyBirthday,1045,1095,F,1,0.1514,0.172063,3829,670.286,F
1432,1,HappyBirthday,1142,365,F,1,0.00487603,0.0410205,6.51497,1.55736,F
1432,1,Births,1178,0,M,0,0,0.0466419,0,0,F
1433,1,HappyBirthday,231,6205.46,F,1,0.000389753,0.304306,4.8901,0.122026,F
1433,1,HappyBirthday,967,1460.42,M,1,0.0562992,0.721685,30.6667,18.6411,F
1433,1,Births,1179,0,F,0,0,0.0102646,0,0,F
1434,1,HappyBirthday,21,20805.5,M,1,0.000705503,0.0769859,27.5572,0.249789,F
1435,1,HappyBirthday,199,5840.64,F,1,0.010527,0.828668,912.645,3.54324,F
1435,1,HappyBirthday,686,17155.5,F,1,0.000192967,0.486646,40215.4,0.205747,F
1435,1,HappyBirthday,784,8395.13,F,1,0.00226214,4.37329,5.85505,0.722214,F
1436,1,HappyBirthday,442,12410.5,M,1,0.000458015,4.56524,83.7148,0.184433,F
1436,1,HappyBirthday,1143,365,M,1,0.000873842,0.103466,28912.5,1.04927,F
1436,1,HappyBirthday,786,20805.3,F,1,0.00151298,2.14853,105.256,0.549568,F
1437,1,HappyBirthday,813,3650.14,M,1,0.147144,0.409315,886.738,75.4024,F
1437,1,HappyBirthday,844,6570.54,F,1,0.0444184,5.73518,1.53164,14.1529,F
1438,1,HappyBirthday,150,22995.4,M,1,0.0399943,0.698489,14.4832,13.5098,F
1438,1,HappyBirthday,239,30660.7,M,1,0.00514004,0.280089,14.9955,1.60375,F
1438,1,HappyBirthday,433,25550.3,M,1,3.59216e-05,1.33258,18503.6,0.0793904,F
1438,1,HappyBirthday,583,11680.7,M,1,0.000258543,19.1297,49.031,0.08818,F
1438,1,Births,1180,0,F,0,0,0.405684,0,0,F
1439,1,HappyBirthday,241,18615.4,F,1,0.0312663,0.458915,137537,270.146,F
1439,1,HappyBirthday,569,8395.13,M,1,0.000852902,9.1193,41.2936,0.291605,F
1439,1,HappyBirthday,823,9490.95,M,1,0.00163724,2.56203,1.89628,0.513943,F
1441,1,HappyBirthday,219,6935.28,F,1,0.00265168,0.713362,682.171,1.61342,F
1442,1,HappyBirthday,327,4745.92,M,1,0.00349392,0.286134,53.3148,1.16608,F
1442,1,HappyBirthday,554,11315.1,F,1,0.181564,3.77504,1654.27,337.754,F
1442,1,HappyBirthday,640,7300.87,M,1,0.00176376,4.4854,17807.7,0.872595,F
1443,1,HappyBirthday,328,13870.4,F,1,0.414895,0.27158,13.8597,174.946,F
1443,1,HappyBirthday,579,5840.32,M,1,0.630127,0.209839,25.5154,310.07,F
1443,1,HappyBirthday,765,31390.1,M,1,0.000276714,0.194409,2.33416,0.0860686,F
1444,1,HappyBirthday,660,1460.5,F,1,0.174872,9.53483,501.806,65.088,F
1444,1,HappyBirthday,1046,1095,M,1,0.00625278,0.0436947,91.9183,2.2148,F
1444,1,HappyBirthday,912,14965.3,M,1,0.0552086,0.199411,22195.3,40.242,F
1444,1,HappyBirthday,930,8030.78,M,1,0.00585408,0.518774,305.304,2.62028,F
1445,1,HappyBirthday,119,12775.9,M,1,0.000650238,0.0466273,34546,1.48732,F
1445,1,HappyBirthday,448,3650.45,F,1,0.157649,5.36572,781.724,105.221,F
1445,1,HappyBirthday,634,3650.46,M,1,0.105589,1.68733,639.909,38.9766,F
1445,1,HappyBirthday,825,13505.5,F,1,0.0112193,0.0888106,585.616,3.70024,F
1445,1,HappyBirthday,975,6205.19,M,1,0.536623,6.82225,217.591,258.642,F
1445,1,HappyBirthday,1082,730,F,1,0.49526,0.207166,1099.73,421.159,F
1446,1,HappyBirthday,663,32485.6,F,1,0.00362405,0.395899,42.5013,1.19848,F
1446,1,HappyBirthday,1144,365,F,1,0.426566,0.0318297,1472.87,198.235,F
1447,1,HappyBirthday,541,5475.81,M,1,0.00139577,2.38591,66.7059,0.475624,F
1448,1,HappyBirthday,553,6205.41,F,1,0.00214804,9.29663,699.602,2.26141,F
1448,1,HappyBirthday,699,15695.2,F,1,0.0011291,1.83989,4.39137,0.351889,F
1449,1,HappyBirthday,102,2555.13,F,1,0.24476,9.89609,2141.19,152.812,F
1449,1,HappyBirthday,445,3650.37,M,1,0.00310116,3.48799,60.8188,1.09559,F
1449,1,Births,1181,0,M,0,0,0.407723,0,0,F
1450,1,HappyBirthday,423,8395.18,M,1,0.00077787,2.1236,5.60031,0.24598,F
1450,1,HappyBirthday,647,11680.9,M,1,0.0615891,0.881646,10.8256,19.8822,F
1450,1,HappyBirthday,934,14235.2,M,1,0.0641454,0.201215,21.3075,21.3582,F
1450,1,Births,1182,0,F,0,0,0.00827496,0,0,F
1451,1,HappyBirthday,6,6935.11,M,1,0.000198981,0.13991,119769,1.56453,F
1451,1,HappyBirthday,605,2190.41,F,1,0.1471,0.292496,195.175,78.1847,F
1452,1,HappyBirthday,446,1825.34,F,1,0.248772,2.17573,6266.62,89.247,F
1452,1,HappyBirthday,684,1460.26,M,1,0.00376083,0.673778,17565.6,11.3686,F
1453,1,HappyBirthday,209,2920.13,M,1,0.000127259,3.55599,3002.28,0.221625,F
1453,1,HappyBirthday,757,9490.07,M,1,0.678247,0.19556,743.842,378.63,F
1453,1,HappyBirthday,864,9125.35,F,1,0.109781,0.82048,164.656,42.6215,F
1453,1,Births,1183,0,M,0,0,0.443005,0,0,F
1454,1,HappyBirthday,138,6935.39,M,1,0.274203,3.03156,3435.1,1113.34,F
1454,1,HappyBirthday,340,26645.9,M,1,0.0168399,0.927584,116.547,6.24655,F
1454,1,HappyBirthday,359,4015.91,M,1,0.179852,0.0196607,18.7744,63.7465,F
1454,1,HappyBirthday,697,8030.68,M,1,0.00463586,2.43468,24.2906,1.62052,F
1455,1,HappyBirthday,507,5110.03,M,1,0.277696,0.537731,1074.16,140.788,F
1456,1,HappyBirthday,178,8030.4,M,1,0.0128001,0.0775299,9789.06,10.7226,F
1456,1,HappyBirthday,591,14235.2,M,1,0.0370976,1.44525,315.027,20.2426,F
1457,1,HappyBirthday,80,2555.88,F,1,0.422793,2.72703,119.53,189.17,F
1457,1,HappyBirthday,493,6935.6,F,1,0.00333209,8.70151,60.0965,1.18683,F
1457,1,HappyBirthday,539,4380.17,M,1,0.136959,1.09172,52.4928,46.6634,F
1458,1,HappyBirthday,186,2555.55,M,1,0.0590525,0.18413,96.8277,23.647,F
1458,1,HappyBirthday,1047,1095,F,1,2.14263e-05,0.230928,102.284,0.00765849,F
1458,1,HappyBirthday,626,7665.34,F,1,0.0555417,0.272946,100.668,20.425,F
1459,1,HappyBirthday,201,8395.36,F,1,0.0598127,0.922478,407.042,31.0842,F
1459,1,HappyBirthday,348,9490.04,F,1,0.0922363,0.134928,27247,117.157,F
1460,1,HappyBirthday,566,8395.02,F,1,0.0400816,1.67088,3661.83,57.3319,F
1461,1,HappyBirthday,1048,1095,M,1,0.0285874,0.0148328,5.36352,9.25345,F
1461,1,HappyBirthday,335,10950.3,M,1,0.209423,0.593359,5.26423,73.6093,F
1461,1,HappyBirthday,419,15695.3,M,1,0.0212655,0.528039,110.738,9.35769,F
1461,1,HappyBirthday,780,30660.4,M,1,0.268892,4.52503,163.553,126.967,F
1461,1,HappyBirthday,794,5110.75,F,1,0.000576586,0.0061805,26.7855,0.202237,F
1461,1,HappyBirthday,1084,730,M,1,0.00226194,0.0259327,3.65757,0.717385,F
1461,1,HappyBirthday,980,2920.46,F,1,0.00203669,0.0635481,6.17928,0.650184,F
1462,1,HappyBirthday,267,15695.8,F,1,0.00096299,0.915056,10567.9,3.82826,F
1463,1,HappyBirthday,36,1825.89,F,1,0.0324559,0.135594,28.4284,11.0436,F
1463,1,HappyBirthday,163,3285.83,F,1,0.481606,0.233717,57.8217,207.315,F
1463,1,HappyBirthday,1049,1095,M,1,0.56109,0.56131,136.814,316.888,F
1463,1,HappyBirthday,368,28105.9,M,1,0.0561049,0.503388,392.971,26.6843,F
1464,1,HappyBirthday,486,19345.1,F,1,0.116644,1.12885,733.976,39.8836,F
1464,1,HappyBirthday,1145,365,M,1,0.679421,0.0358739,801.311,471.739,F
1464,1,Births,1184,0,M,0,0,0.0518172,0,0,F
1465,1,HappyBirthday,325,8030.39,M,1,0.267536,3.50019,21.0647,100.264,F
1465,1,HappyBirthday,388,23725.3,F,1,0.322557,1.34046,92.7636,136.232,F
1465,1,HappyBirthday,851,4380.46,F,1,0.0845113,0.380516,68.5541,30.0496,F
1466,1,HappyBirthday,133,25915.7,M,1,0.181294,0.0786923,264.412,84.3172,F
1466,1,HappyBirthday,1146,365,F,1,0.00163042,0.329281,1874.9,0.71857,F
1466,1,Births,1185,0,M,0,0,0.48784,0,0,F
1467,1,HappyBirthday,16,36135.8,F,1,0.211973,8.41703,75.1164,83.0391,F
1467,1,HappyBirthday,774,6205.07,F,1,0.0248569,5.808,1464.68,42.9929,F
1467,1,HappyBirthday,1085,730,M,1,0.00157252,0.0258916,16.1427,0.528657,F
1468,1,HappyBirthday,245,6570.83,F,1,0.00366967,0.159063,0.48634,1.14517,F
1468,1,HappyBirthday,972,23725.4,F,1,0.0510762,0.40484,4685.17,18.3639,F
1469,1,HappyBirthday,164,10220.8,M,1,0.0021033,2.37524,243.027,0.871564,F
1469,1,HappyBirthday,274,13140.5,M,1,0.0669355,0.869033,6394.16,109.245,F
1469,1,HappyBirthday,360,4015.99,F,1,0.0126014,0.0369783,190.492,7.00929,F
1469,1,HappyBirthday,1050,1095,F,1,0.000410502,1.44085,0.930422,0.127893,F
1469,1,HappyBirthday,871,26280.1,F,1,0.00140802,64.1188,265.146,0.598434,F
1469,1,HappyBirthday,987,10221,M,1,0.324467,0.330292,59.4061,130.844,F
1470,1,HappyBirthday,232,7665.9,M,1,0.145358,0.901162,231.401,68.4159,F
1470,1,HappyBirthday,1002,1460,F,1,0.0516636,0.367116,37.6818,18.4093,F
1470,1,HappyBirthday,394,12045,F,1,0.54619,73.4213,581.004,360.05,F
1470,1,HappyBirthday,1086,730,F,1,0.17519,1.56655,5936.53,192.65,F
1470,1,HappyBirthday,964,4015.74,F,1,0.0457055,1.24128,0.855548,14.5751,F
1471,1,HappyBirthday,42,33215.2,F,1,0.0381031,2.29995,12.607,12.3088,F
1471,1,HappyBirthday,47,4745.53,M,1,0.00518332,0.438092,38.6195,1.7745,F
1471,1,HappyBirthday,620,9125.81,F,1,0.00387688,0.610564,31.2166,1.32341,F
1471,1,HappyBirthday,887,10950.4,F,1,0.00348061,0.954851,1234.76,1.21908,F
1472,1,HappyBirthday,687,5475.89,M,1,0.00582768,0.337142,69534.9,11.6871,F
1473,1,HappyBirthday,365,5475.77,F,1,0.00389487,5.55375,73.6847,1.34047,F
1473,1,HappyBirthday,510,8395.74,F,1,0.0157292,0.318818,0.177786,4.93123,F
1473,1,HappyBirthday,540,29200.5,M,1,0.00045701,0.195943,0.0660676,0.142117,F
1474,1,HappyBirthday,998,2555.74,M,1,0.0102963,3.54233,447.079,8.39916,F
1475,1,HappyBirthday,302,5110.72,F,1,0.103977,3.74556,32.8324,36.1444,F
1475,1,HappyBirthday,603,11315.4,F,1,0.160771,3.00843,64.5673,70.3573,F
1475,1,HappyBirthday,718,6570.36,F,1,0.147182,0.90594,278.556,54.6924,F
1475,1,HappyBirthday,906,22630.9,F,1,0.00270735,0.130512,135.94,1.01299,F
1476,1,HappyBirthday,67,2190.87,F,1,0.00204435,0.00493989,4.73468,0.640579,F
1476,1,HappyBirthday,806,3650.44,F,1,0.0150351,1.99042,3.14455,4.74177,F
1477,1,HappyBirthday,1003,1460,F,1,0.0501227,0.0804425,384.027,19.5476,F
1477,1,HappyBirthday,879,5840.23,F,1,0.00232351,0.504778,0.000389557,0.723072,F
1477,1,HappyBirthday,907,2190.24,M,1,0.0366829,0.0077567,32.2342,12.7964,F
1478,1,HappyBirthday,51,21170.7,M,1,0.143603,1.16158,36.5254,52.7198,F
1478,1,HappyBirthday,361,5475.37,M,1,0.00757565,0.0792822,26.7237,2.53627,F
1478,1,HappyBirthday,546,2920.58,F,1,0.0102363,0.861524,405.008,8.13938,F
1478,1,HappyBirthday,604,2920.49,M,1,0.00428875,5.31688,61.0934,1.54123,F
1479,1,HappyBirthday,112,2555.97,F,1,0.00110934,0.166197,166.137,0.427896,F
1479,1,HappyBirthday,195,20075.3,M,1,0.233791,1.91064,3476.59,154.098,F
1479,1,HappyBirthday,1051,1095,F,1,0.0047393,0.145655,234.025,1.9876,F
1480,1,HappyBirthday,1147,365,F,1,0.763462,0.945627,411.441,541.762,F
1480,1,HappyBirthday,576,19710.8,M,1,0.0012265,0.41621,8.56814,0.39786,F
1480,1,HappyBirthday,661,31755,M,1,0.231714,0.924891,8034.39,879.67,F
1480,1,HappyBirthday,732,3650.6,M,1,0.000949489,0.234626,773.461,0.641679,F
1480,1,HappyBirthday,738,7300.94,M,1,0.0726064,1.82963,19.3013,24.835,F
1481,1,HappyBirthday,1004,1460,F,1,0.0491345,0.240272,992.527,45.3409,F
1482,1,HappyBirthday,628,3285.88,M,1,0.307713,0.547557,807.058,137.149,F
1482,1,HappyBirthday,741,2920.69,M,1,0.701385,0.429514,208.973,627.633,F
1482,1,HappyBirthday,1087,730,M,1,0.0182723,0.543211,18.2138,6.19101,F
1483,1,HappyBirthday,317,15695.3,M,1,0.278528,17.6173,243.324,134.822,F
1483,1,HappyBirthday,1052,1095,F,1,0.307369,0.0378334,284.781,152.29,F
1483,1,HappyBirthday,890,4745.88,F,1,0.0244079,0.548787,679.276,7.79035,F
1484,1,HappyBirthday,230,15695.2,M,1,5.22442e-07,1.01414,82985,0.0037208,F
1484,1,HappyBirthday,426,14235.8,M,1,0.0342547,5.46283,111.558,12.0182,F
1484,1,HappyBirthday,862,14600.6,F,1,0.0712234,5.81534,203.889,22.9723,F
1484,1,HappyBirthday,891,9490.7,M,1,0.792383,0.126378,5.04201,491.759,F
1484,1,HappyBirthday,962,3285.58,M,1,0.00301302,0.0893882,11.5611,0.943011,F
1484,1,HappyBirthday,993,10950.9,F,1,0.162066,1.10273,277.717,110.74,F
1485,1,HappyBirthday,13,22265.9,F,1,0.865122,0.112121,42.5816,650.212,F
1485,1,HappyBirthday,20,8395.84,M,1,0.855186,2.18286,61.5211,658.642,F
1486,1,HappyBirthday,29,5475.41,M,1,0.356365,0.496307,147.497,203.57,F
1486,1,HappyBirthday,678,10950.9,F,1,0.00257871,2.92378,12172.6,0.821991,F
1486,1,HappyBirthday,1088,730,M,1,0.318331,0.0990024,20926,363.343,F
1486,1,Births,1186,0,F,0,0,0.0582983,0,0,F
1487,1,HappyBirthday,121,21535.5,F,1,0.223627,0.0286658,5023.52,81.3739,F
1487,1,HappyBirthday,391,2190.76,M,1,0.0409275,0.982742,803.095,14.0164,F
1488,1,HappyBirthday,58,26645.9,F,1,0.0846646,0.411654,2409.62,52.1786,F
1488,1,HappyBirthday,457,19345.6,F,1,0.00127814,0.568207,10661.6,0.650588,F
1488,1,HappyBirthday,750,5840.17,F,1,0.0125464,0.358354,469.438,4.27936,F
1489,1,HappyBirthday,944,1825.73,M,1,0.0370376,0.177017,126.228,14.3556,F
1490,1,HappyBirthday,455,8760.92,M,1,0.0030618,1.88941,105690,46.0752,F
1490,1,HappyBirthday,811,2555.12,F,1,0.00421784,0.120998,33.0855,1.37501,F
1490,1,HappyBirthday,822,4745.6,F,1,0.0568712,3.20752,5895.6,129.129,F
1490,1,HappyBirthday,1089,730,F,1,0.116501,0.230845,24.4451,40.3683,F
1492,1,HappyBirthday,543,17885.2,F,1,0.00100566,2.02799,4.60992,0.317113,F
1492,1,HappyBirthday,779,18615.3,F,1,6.81829e-06,14.3571,4.95785,0.0021524,F
1492,1,Births,1187,0,F,0,0,0.0216074,0,0,F
1494,1,HappyBirthday,40,10950.1,F,1,0.00129414,0.202661,0.699193,0.403139,F
1494,1,HappyBirthday,417,8760.04,M,1,0.000630076,0.453798,29.7737,0.205964,F
1494,1,Births,1188,0,M,0,0,0.014731,0,0,F
1494,1,Births,1189,0,M,0,0,0.0269063,0,0,F
1495,1,HappyBirthday,23,16425.2,F,1,0.360974,6.59156,19288.5,1033.04,F
1496,1,HappyBirthday,690,31755.4,F,1,0.00702568,3.43788,0.302292,2.19297,F
1496,1,HappyBirthday,1005,1460,M,1,1.30194e-05,0.0616248,27518,0.0610797,F
1497,1,HappyBirthday,217,8030.4,F,1,0.00134348,1.23809,44.1409,0.489162,F
1497,1,HappyBirthday,513,11315.8,M,1,0.344389,0.280912,27689.6,863.552,F
1497,1,HappyBirthday,802,28836,M,1,0.0134583,0.0926257,15494.2,21.4488,F
1497,1,Births,1190,0,M,0,0,1.67488,0,0,F
1498,1,HappyBirthday,50,7300.68,M,1,0.190791,0.136439,187.418,86.6927,F
1498,1,Births,1191,0,M,0,0,0.0870728,0,0,F
1499,1,HappyBirthday,7,26280.5,F,1,0.00075093,3.75841,339.82,0.556738,F
1499,1,HappyBirthday,248,5475.98,F,1,0.00282181,6.65476,5.98991,0.897406,F
1499,1,HappyBirthday,1090,730,F,1,0.00231744,0.0522736,35.7448,0.744493,F
1500,1,HappyBirthday,1091,730,M,1,0,0.786752,116962,0,F
1500,1,HappyBirthday,399,8760.67,F,1,0.0035954,0.815299,41.5131,1.1883,F
1501,1,HappyBirthday,183,4745.86,F,1,0.00371864,2.21978,23.69,1.2944,F
1501,1,HappyBirthday,345,2555,M,1,0.00213531,0.90091,0.00562818,0.664439,F
1501,1,HappyBirthday,530,5840.62,M,1,5.74577e-05,0.416404,15271.3,0.556521,F
1501,1,HappyBirthday,573,13870.7,F,1,0.349616,0.257546,206.066,137.193,F
1501,1,HappyBirthday,655,21170.7,F,1,0.000362388,4.02785,11.0053,0.114826,F
1502,1,HappyBirthday,60,24455.3,F,1,0.14113,6.4817,1458.5,138.737,F
1502,1,HappyBirthday,641,18250.1,F,1,0.0445139,6.69172,174255,431.942,F
1502,1,Births,1192,0,F,0,0,0.00244699,0,0,F
1503,1,HappyBirthday,134,6570.39,M,1,0.00247785,4.06851,46.3654,0.8147,F
1503,1,HappyBirthday,259,18250.8,M,1,0.0598811,0.357762,134.056,27.4981,F
1503,1,HappyBirthday,390,6205.59,F,1,0.00224388,0.0961769,5.25888,0.702439,F
1504,1,HappyBirthday,313,6205.75,F,1,0.0142527,0.419532,821.157,9.64074,F
1504,1,Births,1193,0,M,0,0,0.0267695,0,0,F
1505,1,HappyBirthday,285,4015.94,F,1,0.00285553,0.794115,30.935,1.00203,F
1505,1,HappyBirthday,575,3285.6,F,1,0.133385,0.0299843,3.32771,44.8795,F
1505,1,HappyBirthday,880,19710.2,M,1,0.00561325,0.531781,44.0037,1.83181,F
1506,1,HappyBirthday,474,1825.71,F,1,0.0704706,0.292211,2005.78,59.3536,F
1506,1,HappyBirthday,762,3285.09,F,1,0.0387428,1.06452,53.5236,13.9571,F
1506,1,HappyBirthday,915,1825.2,F,1,0.00444103,1.07106,28.095,1.50867,F
1507,1,HappyBirthday,154,3285.58,F,1,0.00290463,0.954278,1127.34,2.28631,F
1508,1,HappyBirthday,262,27740.6,F,1,0.00133186,0.221762,19.3852,0.448992,F
1508,1,HappyBirthday,499,9490.62,F,1,0.107911,0.224953,33.8523,41.346,F
1508,1,HappyBirthday,509,1825.53,F,1,0.000467131,0.0655022,1.0221,0.145752,F
1508,1,HappyBirthday,1148,365,M,1,0.230006,0.0815671,945.297,81.4135,F
1509,1,HappyBirthday,1149,365,M,1,0.0032833,0.701342,3.65288,1.04026,F
1509,1,HappyBirthday,132,10585.7,M,1,0.00019712,1.17808,2692.61,0.584528,F
1509,1,HappyBirthday,331,9490.01,F,1,0.000183401,0.142072,16175.9,0.348042,F
1509,1,Births,1194,0,M,0,0,0.0060948,0,0,F
1510,1,HappyBirthday,495,11315.5,M,1,0.206755,0.620957,110.206,97.2103,F
1510,1,HappyBirthday,716,10950.6,M,1,0.00443853,0.11361,5.32772,1.38288,F
1510,1,HappyBirthday,869,15330.5,M,1,0.123315,10.4016,17612.6,189.75,F
1512,1,HappyBirthday,146,5840.44,M,1,0.0599443,1.52447,3402.18,35.4125,F
1512,1,HappyBirthday,1092,730,F,1,0.00281309,0.195911,1379.94,4.92326,F
1513,1,HappyBirthday,3,2920.15,M,1,0.863194,0.0254079,114.003,653.144,F
1513,1,HappyBirthday,233,4015.64,M,1,0.000585773,0.175232,2549.03,0.271273,F
1514,1,HappyBirthday,141,9125.99,F,1,0.00125133,0.325884,30.8503,0.443768,F
1514,1,HappyBirthday,298,30295.9,F,1,0.283716,0.632917,13393.6,1430.67,F
1514,1,HappyBirthday,607,14235.9,F,1,0.00163829,0.368942,23.4956,0.526077,F
1514,1,HappyBirthday,662,10220.9,M,1,0.0471859,7.28925,16.4879,15.9843,F
1514,1,HappyBirthday,781,10220.7,M,1,0.320039,9.58674,277.135,142.531,F
1515,1,HappyBirthday,125,4745.78,F,1,0.0596108,0.739721,814.826,42.4068,F
1515,1,HappyBirthday,135,14235.7,M,1,0.0351708,1.54032,23.299,12.1631,F
1516,1,HappyBirthday,284,9490.88,M,1,0.121088,0.530179,11943.9,1073.73,F
1516,1,HappyBirthday,296,16790.7,F,1,0.53763,0.963649,2591.27,252.025,F
1516,1,HappyBirthday,370,5110.35,M,1,0.0018651,0.166334,189.898,0.786743,F
1516,1,Births,1195,0,M,0,0,0.455964,0,0,F
1517,1,HappyBirthday,15,32485.4,F,1,0.0187591,1.69786,12.49,5.89982,F
1517,1,HappyBirthday,181,5475.38,F,1,0.000210301,1.70531,50474.6,0.255435,F
1517,1,HappyBirthday,299,10585.9,M,1,0.248692,1.30034,762.244,311.707,F
1517,1,HappyBirthday,841,33580.4,F,1,0.26904,2.44664,27.1254,110.118,F
1517,1,HappyBirthday,984,14235.6,M,1,0.113383,3.68497,353.885,37.7993,F
1518,1,HappyBirthday,149,20806,M,1,0.00200532,1.18336,35.497,0.713863,F
1518,1,HappyBirthday,263,10220.2,F,1,0.466938,0.0705133,20697.2,974.156,F
1518,1,HappyBirthday,418,33945.7,M,1,0.000201792,5.23156,3372.33,0.707582,F
1518,1,HappyBirthday,1093,730,M,1,2.61009e-05,0.839923,168587,0.2435,F
1518,1,HappyBirthday,680,6205.54,F,1,0.00319829,1.78551,16.8672,1.0637,F
1518,1,HappyBirthday,685,13140.4,F,1,0.00115801,0.142487,4.1304,0.361621,F
1519,1,HappyBirthday,130,17885.1,F,1,0.000137302,0.289172,63378.1,0.947821,F
1519,1,HappyBirthday,580,1825.44,F,1,0.0512229,2.24228,101475,498.727,F
1520,1,HappyBirthday,291,21535.1,F,1,0.000785054,4.679,7.74587,0.244418,F
1520,1,HappyBirthday,346,11680.2,F,1,0.00154154,0.993371,22.0307,0.525968,F
1520,1,HappyBirthday,673,17885.6,M,1,0.0761843,4.10072,332.233,25.0423,F
1520,1,HappyBirthday,778,3285.92,M,1,0.120486,1.49381,816.212,70.3042,F
1520,1,Births,1196,0,M,0,0,0.126845,0,0,F
1521,1,HappyBirthday,585,13870.3,F,1,0.00305928,2.28016,2443.71,1.47338,F
1521,1,HappyBirthday,840,16060.8,F,1,0.00317872,0.188775,89.1063,1.07658,F
1522,1,HappyBirthday,429,4380.08,F,1,0.00246455,0.0294201,5581.55,1.62906,F
1522,1,HappyBirthday,491,22265.6,M,1,0.0955412,6.48874,28547.1,296.865,F
1522,1,HappyBirthday,552,7665.37,F,1,0.0767094,1.66389,3025.15,118.01,F
1522,1,HappyBirthday,574,6935.83,M,1,0.263063,3.66434,227.415,120.823,F
1522,1,HappyBirthday,921,6570.44,M,1,0.0883477,0.852422,1035.76,153.691,F
1523,1,HappyBirthday,290,14235,M,1,0.00224589,22.5713,37.8713,0.745004,F
1523,1,HappyBirthday,381,8760.4,M,1,0.0139983,0.91167,342.129,4.39696,F
1523,1,HappyBirthday,609,2190.69,M,1,0.152417,2.10805,2009.81,55.413,F
1524,1,HappyBirthday,343,7665.01,M,1,0.00479856,12.3457,36.3407,1.54999,F
1524,1,HappyBirthday,751,6935.46,F,1,0.000332658,0.266196,71.3388,0.105422,F
1525,1,HappyBirthday,104,16060.2,M,1,2.26686e-05,4.30106,1153.64,0.0182804,F
1526,1,HappyBirthday,826,4745.21,M,1,0.00646825,0.296318,49.8053,2.4724,F
1527,1,HappyBirthday,254,13140.3,F,1,0.00392706,1.78823,1.40604,1.22627,F
1527,1,Births,1197,0,M,0,0,0.0146338,0,0,F
1528,1,HappyBirthday,84,9855.74,F,1,0.00541617,0.281354,62.3462,1.96521,F
1528,1,HappyBirthday,463,2920.48,M,1,0.00460903,2.79541,23.2196,1.48349,F
1528,1,HappyBirthday,995,10586,F,1,0.021156,32.7425,53.0877,7.2466,F
1528,1,HappyBirthday,1007,1460,F,1,0.0351109,3.57809,4066.51,22.8441,F
1529,1,HappyBirthday,53,6570.24,M,1,6.27645e-05,0.125754,795.455,0.0746714,F
1529,1,HappyBirthday,137,31390.1,M,1,0.000613054,2.96168,12.9545,0.201065,F
1529,1,HappyBirthday,1008,1460,M,1,0.301206,0.0295039,144.743,112.163,F
1530,1,HappyBirthday,11,19345.9,M,1,0.0213772,0.59861,2109.27,32.7216,F
1530,1,HappyBirthday,824,6570.32,F,1,0.136869,0.138867,21887.3,349.506,F
1530,1,HappyBirthday,908,1825.6,M,1,0.0467067,0.0668659,37.66,16.1317,F
1531,1,HappyBirthday,1009,1460,M,1,0.00536598,0.0479183,165.788,2.6027,F
1532,1,HappyBirthday,464,1825.27,F,1,0.229858,0.598586,9055.43,982.464,F
1532,1,HappyBirthday,698,7300.92,F,1,0.00747013,2.63058,111706,115.548,F
1532,1,HappyBirthday,804,17520.7,F,1,0.00398639,1.97178,22.4763,1.38195,F
1532,1,HappyBirthday,859,5475.28,M,1,0.00394644,0.827821,3.11825,1.24706,F
1532,1,HappyBirthday,899,6935.59,F,1,0.0473604,9.99619,53231.8,233.366,F
1533,1,HappyBirthday,1095,730,M,1,0.00515056,0.846948,34.5327,1.77494,F
1533,1,HappyBirthday,1053,1095,M,1,0.00650063,0.621416,0.00582944,2.02689,F
1533,1,HappyBirthday,1150,365,M,1,0.00250552,0.17773,1.28567,0.782236,F
1533,1,HappyBirthday,556,15695.8,F,1,0.000112483,2.3473,12193.9,0.963673,F
1533,1,HappyBirthday,1094,730,M,1,0.456796,0.243697,147.453,233.271,F
1534,1,HappyBirthday,549,6205.63,F,1,0.15155,0.526931,871.086,56.1478,F
1534,1,HappyBirthday,723,1825.27,M,1,0.483362,1.40561,523.543,265.902,F
1534,1,HappyBirthday,1010,1460,M,1,0.587393,0.150989,698.115,554.908,F
1535,1,HappyBirthday,44,7665.03,F,1,0.0292248,0.179947,108.273,9.51591,F
1535,1,HappyBirthday,214,1825.43,M,1,0.174718,0.67377,283.289,86.6592,F
1536,1,HappyBirthday,63,15695.8,F,1,0.356253,2.61849,7107.89,550.077,F
1536,1,HappyBirthday,470,9490.51,F,1,0.866378,2.33646,94.7973,667.676,F
1536,1,Births,1198,0,M,0,0,0.0536316,0,0,F
1538,1,HappyBirthday,1055,1095,F,1,0.00146646,0.314591,98.1513,0.456451,F
1538,1,HappyBirthday,711,4380.47,F,1,0.00208802,9.30978,7667.19,0.810868,F
1538,1,HappyBirthday,946,16790.4,M,1,0.15989,0.0430316,1166.36,57.0017,F
1538,1,HappyBirthday,948,2190.14,F,1,0.340041,0.720186,456.264,307.296,F
1539,1,HappyBirthday,37,14235.9,M,1,0.000218634,0.354519,1.06476,0.0682636,F
1539,1,HappyBirthday,246,27010.9,M,1,0.246893,0.0398242,72123.3,1566.75,F
1539,1,HappyBirthday,261,2555.04,F,1,0.514081,0.0579035,3425.43,861.831,F
1539,1,HappyBirthday,279,9490.61,F,1,1.8622e-05,2.04082,186941,0.18165,F
1539,1,HappyBirthday,1096,730,F,1,0.0906067,0.0524326,55.4789,34.6741,F
1540,1,HappyBirthday,128,8395.57,F,1,0.0376855,0.681332,727.465,14.6051,F
1540,1,HappyBirthday,175,9125.44,F,1,0.0447552,0.135202,14.3886,14.2682,F
1540,1,HappyBirthday,846,1825.63,M,1,0.154975,0.0641019,64872.4,677.411,F
1540,1,HappyBirthday,892,4380.17,M,1,0.302735,0.255349,9273.74,535.665,F
1541,1,HappyBirthday,769,4015.91,M,1,0.226075,2.57797,271.864,106.55,F
1542,1,HappyBirthday,307,15330.7,M,1,0.00144631,0.297201,7.99254,0.462661,F
1542,1,HappyBirthday,874,2920.21,M,1,0.0207317,0.240487,6.28052,6.70547,F
1542,1,HappyBirthday,919,33215.9,F,1,0.00229796,0.973216,33.8936,0.790661,F
1543,1,HappyBirthday,120,12775.2,M,1,0.0488218,0.758943,1104.42,20.9849,F
1543,1,HappyBirthday,1011,1460,M,1,0.0693202,0.0192325,12.7679,22.7582,F
1543,1,HappyBirthday,483,14965.5,F,1,0.694465,0.413715,3393.62,1190.69,F
1543,1,HappyBirthday,674,16790.1,M,1,0.0705367,1.76581,47.6067,26.4885,F
1543,1,Births,1199,0,F,0,0,0.100457,0,0,F
1543,1,Births,1200,0,F,0,0,0.0611356,0,0,F
1544,1,HappyBirthday,111,1825.25,F,1,0.0175729,3.87067,22.1574,6.00642,F
1544,1,HappyBirthday,384,16791,M,1,0.887663,0.201113,31.8727,691.489,F
1544,1,HappyBirthday,610,2190.57,M,1,0.00169191,0.0536357,2115.75,0.548241,F
1544,1,HappyBirthday,1151,365,F,1,0.0017454,0.022036,17533.4,11.6671,F
1544,1,HappyBirthday,1097,730,F,1,0.61798,0.509511,14613.8,1159.85,F
1545,1,HappyBirthday,624,2190.44,F,1,0.0233552,0.461234,749.669,8.53493,F
1545,1,HappyBirthday,1099,730,M,1,0.350418,0.231213,128.08,197.811,F
1546,1,HappyBirthday,1100,730,M,1,0.238469,0.137584,5359.48,375.909,F
1546,1,HappyBirthday,1012,1460,F,1,0.353412,4.86317,1860.38,462.856,F
1547,1,HappyBirthday,220,4380.83,F,1,0.0992252,2.10241,19.6506,33.7232,F
1547,1,HappyBirthday,467,7665.67,M,1,0.00236939,1.06583,70.0505,0.993908,F
1547,1,HappyBirthday,766,6935.27,F,1,0.0993491,1.37991,38.2489,37.5996,F
1547,1,HappyBirthday,835,27375.5,F,1,0.0110229,1.07152,1.19934,3.46442,F
1547,1,HappyBirthday,941,2190.03,F,1,0.000110601,0.965044,7066.87,0.127029,F
1548,1,HappyBirthday,198,15330.1,F,1,0.0392195,0.706637,3200.03,61.234,F
1548,1,HappyBirthday,865,1825.72,M,1,0.115978,0.220085,10230.8,69.5232,F
1548,1,Births,1201,0,M,0,0,0.126743,0,0,F
1550,1,HappyBirthday,238,10585.8,M,1,0.0164147,0.749899,0.280769,5.14714,F
1550,1,HappyBirthday,611,13140.5,M,1,0.109359,0.623181,4.03082,36.5166,F
1550,1,HappyBirthday,913,2555.1,M,1,0.00325687,0.521925,3.83344,1.01742,F
1550,1,HappyBirthday,1013,1460,F,1,0.0340698,0.215537,271.184,18.0396,F
1551,1,HappyBirthday,213,5110.46,M,1,0.0487546,1.11804,156.405,18.072,F
1552,1,HappyBirthday,12,12775.9,M,1,0.0684587,0.287921,3.83152,22.0529,F
1552,1,HappyBirthday,414,15695,M,1,0.393203,2.00714,77.9663,183.661,F
1553,1,HappyBirthday,405,34310.2,F,1,0.00132853,9.31283,39.6553,0.440902,F
1554,1,HappyBirthday,406,3285.69,F,1,0.00860907,0.0966019,80.8229,3.19548,F
1555,1,HappyBirthday,105,3285.5,F,1,0.000367366,0.206072,43701.5,0.464723,F
1555,1,HappyBirthday,224,29200.7,F,1,0.219758,2.09979,258.365,110.017,F
1556,1,HappyBirthday,982,2190.03,M,1,0.0238036,0.193779,33.8681,8.51198,F
1557,1,HappyBirthday,144,5475.74,F,1,0.0360958,2.69,140.648,16.3297,F
1557,1,HappyBirthday,159,8030.26,M,1,8.00885e-05,1.55598,3386.45,0.320277,F
1557,1,HappyBirthday,952,4745.04,F,1,0.0011529,1.83592,9.16001,0.358996,F
1558,1,HappyBirthday,19,10585.2,F,1,0.560136,1.78598,194.033,310.822,F
1558,1,HappyBirthday,247,33580.1,F,1,0.00186694,0.1806,24.675,0.60284,F
1558,1,HappyBirthday,1152,365,F,1,0.00782864,0.0125828,1281.16,2.44393,F
1559,1,HappyBirthday,43,8760.12,M,1,0.000745862,0.24451,43.5963,0.249325,F
1559,1,HappyBirthday,203,6570.35,M,1,0.489652,1.29664,6265.79,711.835,F
1559,1,HappyBirthday,863,2555.11,M,1,0.000628555,0.67969,15818.2,4.91437,F
1560,1,HappyBirthday,682,3650.91,M,1,0.129315,1.41629,409.364,71.4736,F
1560,1,HappyBirthday,834,19710.9,F,1,0.380186,0.489563,67.3699,163.676,F
1561,1,HappyBirthday,521,2555.98,F,1,0.000787633,0.738317,87125.3,5.11609,F
1561,1,HappyBirthday,551,13140.2,M,1,2.33494e-06,0.343491,108046,0.0357212,F
1561,1,HappyBirthday,878,11680.8,F,1,0.826773,0.758922,79.3103,608.17,F
1562,1,HappyBirthday,184,9125.39,M,1,0.00165286,0.00882808,0.944233,0.514024,F
1562,1,HappyBirthday,482,2920.3,F,1,0.0202162,0.803428,2.12355,6.35402,F
1562,1,HappyBirthday,832,3285.09,F,1,0.00340884,0.795826,17.6497,1.09322,F
1562,1,HappyBirthday,1153,365,M,1,0.0226547,0.00175138,10618.5,19.9368,F
1562,1,HappyBirthday,1101,730,F,1,0.00393546,0.37208,82.1832,1.38411,F
1563,1,HappyBirthday,441,18250.1,M,1,0.632252,0.247591,4444.6,808.96,F
1563,1,HappyBirthday,968,10220.8,F,1,0.102469,1.21897,2649.53,146.538,F
1564,1,HappyBirthday,103,4015.22,F,1,0.243014,0.111657,25759.3,1743.05,F
1564,1,HappyBirthday,114,22265.9,F,1,0.0668195,2.3444,1066.89,26.7261,F
1564,1,HappyBirthday,1154,365,F,1,0.530462,0.254871,4592.47,797.115,F
1565,1,HappyBirthday,613,16060.3,F,1,0.402266,2.20619,11424.3,1911.87,F
1565,1,HappyBirthday,888,9490.1,M,1,0.0154424,3.74628,9.89709,5.05114,F
1566,1,HappyBirthday,268,14235.3,M,1,0.00828261,1.71162,27190.1,24.0815,F
1566,1,HappyBirthday,402,29200.9,M,1,0.004764,1.17386,164.794,2.03673,F
1566,1,HappyBirthday,754,24090.1,M,1,0.00067819,0.0995229,784.028,0.935056,F
1566,1,HappyBirthday,1058,1095,M,1,0.0102566,0.175423,53853.8,17.4374,F
1566,1,HappyBirthday,979,6935.87,F,1,0.36989,2.40965,164.063,177.494,F
1567,1,HappyBirthday,185,9855.16,M,1,0.00442597,0.686688,50.158,1.56312,F
1567,1,HappyBirthday,205,5110.07,M,1,0.00195709,0.259703,3.17201,0.610487,F
1567,1,HappyBirthday,223,9855.66,F,1,0.0014297,2.75955,25.2056,0.48482,F
1567,1,HappyBirthday,1102,730,M,1,0.019673,0.0996015,10550.8,27.4821,F
1567,1,Births,1202,0,M,0,0,0.0178464,0,0,F
1568,1,HappyBirthday,155,5110.48,F,1,0.000990325,0.187637,121.223,0.446343,F
1568,1,HappyBirthday,1103,730,M,1,0.386252,11.4102,709.428,303.833,F
1569,1,HappyBirthday,1155,365,F,1,0.00450208,5.1773,0.218818,1.40328,F
1570,1,HappyBirthday,885,2555.08,M,1,0.157569,0.132873,11957.8,275.379,F
1571,1,HappyBirthday,400,2190.76,M,1,0.0111521,0.327421,72.8157,3.52918,F
1571,1,HappyBirthday,472,5840,M,1,0.348769,0.506236,2117.47,170.52,F
1571,1,HappyBirthday,807,5475.42,F,1,0.422062,2.04604,152.403,189.125,F
1571,1,HappyBirthday,1156,365,F,1,0.0330484,0.217145,128.823,12.5657,F
1571,1,HappyBirthday,997,9490.86,M,1,0.374261,0.09081,732.743,302.526,F
1572,1,HappyBirthday,289,17885.6,F,1,0.0187227,0.146865,50118,24.3976,F
1572,1,HappyBirthday,395,8030.02,M,1,0.192987,1.31267,13.4236,67.5414,F
1572,1,HappyBirthday,1015,1460,F,1,0.227932,0.55231,77.904,92.5086,F
1573,1,Births,1203,0,F,0,0,0.216458,0,0,F
1574,1,HappyBirthday,69,4015.49,M,1,0.0346442,1.45898,22.0579,11.1492,F
1575,1,HappyBirthday,1016,1460,F,1,0.000506604,0.0262029,25.5962,0.164335,F
1575,1,HappyBirthday,719,4015.48,F,1,0.0968654,8.51895,10.1671,32.1538,F
1575,1,HappyBirthday,1017,1460,F,1,0.122158,0.25722,6378.21,185.146,F
1575,1,Births,1204,0,M,0,0,0.0243784,0,0,F
1576,1,HappyBirthday,481,2920.15,M,1,0.306341,0.470912,20444.8,1737.65,F
1577,1,HappyBirthday,535,1825.33,F,1,0.711091,0.902793,28011.5,1148.21,F
1577,1,HappyBirthday,727,22995.7,M,1,0.00263965,1.8954,81935.6,16.9447,F
1578,1,HappyBirthday,1104,730,F,1,0.000423108,0.0341982,1992.78,0.484075,F
1579,1,HappyBirthday,177,2190.39,M,1,0.0930202,0.252406,3.20776,30.5077,F
1579,1,HappyBirthday,435,8030.31,M,1,0.00206309,6.2545,17624.7,9.04922,F
1580,1,HappyBirthday,1060,1095,M,1,0.125244,0.0283512,18.6985,42.6817,F
1580,1,HappyBirthday,903,2920.68,M,1,0.473542,0.336658,2328.43,269.914,F
1581,1,HappyBirthday,386,2190.28,F,1,0.159162,0.0906763,7322.31,996.604,F
1582,1,HappyBirthday,970,3650.23,F,1,0.140986,0.13696,353.48,84.473,F
1583,1,HappyBirthday,172,9855.23,F,1,0.187479,1.58225,2665.63,72.5759,F
1583,1,HappyBirthday,281,8760.49,M,1,0.003812,0.4567,2.3652,1.18699,F
1583,1,HappyBirthday,421,18615.3,F,1,0.0188319,1.86866,511.371,8.15413,F
1583,1,HappyBirthday,720,7665.76,F,1,0.00507763,0.0925387,22.0517,1.61023,F
1583,1,HappyBirthday,819,13870.4,F,1,0.0095484,0.925132,1878.45,4.99179,F
1583,1,Births,1205,0,M,0,0,0.104698,0,0,F
1583,1,Births,1206,0,F,0,0,0.00827897,0,0,F
1583,1,Births,1207,0,F,0,0,0.565414,0,0,F
1584,1,HappyBirthday,561,9855.61,F,1,0.0112378,1.38208,68.1734,3.76928,F
1584,1,HappyBirthday,753,30660.6,F,1,0.0287582,17.3806,12.5925,9.51131,F
1584,1,HappyBirthday,845,9490.35,M,1,0.0344987,0.0158715,96.4249,10.992,F
1585,1,HappyBirthday,1019,1460,F,1,0.0369848,11.3563,35.3411,12.4163,F
1585,1,HappyBirthday,456,9125.34,M,1,0.010028,0.509102,5762.71,12.1797,F
1585,1,HappyBirthday,1018,1460,F,1,0.000926068,2.69318,1473.07,1.95885,F
1585,1,HappyBirthday,702,15695,M,1,0.0101563,0.133111,34.9247,3.36258,F
1585,1,HappyBirthday,818,8395.5,F,1,0.00201183,0.210088,6.86329,0.631564,F
1585,1,HappyBirthday,882,2920.84,F,1,3.88072e-05,1.07243,12982.7,0.343039,F
1586,1,HappyBirthday,188,3285.92,M,1,0.359831,0.293836,8962.67,612.242,F
1586,1,HappyBirthday,1105,730,F,1,0.0140142,0.23824,8948.86,4.51767,F
1587,1,HappyBirthday,218,12410.8,F,1,0.17715,1.9559,1450.43,345.237,F
1587,1,HappyBirthday,397,4015.73,M,1,0.000576135,1.84118,0.762257,0.179255,F
1587,1,HappyBirthday,816,26645.4,M,1,0.32336,0.718109,987.423,542.805,F
1588,1,HappyBirthday,52,5840.83,F,1,3.1614e-05,0.17938,194482,0.315973,F
1588,1,HappyBirthday,1061,1095,M,1,0.0421601,0.180717,22748.4,157.42,F
1589,1,HappyBirthday,326,5110.56,M,1,0.166943,0.327287,0.864097,56.9499,F
1589,1,HappyBirthday,708,28470.5,F,1,0.0593674,110.019,0.235182,19.0414,F
1589,1,HappyBirthday,728,9855.47,M,1,0.241578,0.128637,4562.04,94.9587,F
1591,1,HappyBirthday,243,7665.63,M,1,0.00289285,0.749853,3.25226,0.905183,F
1591,1,HappyBirthday,318,6935.92,F,1,3.99955e-08,14.1683,125084,0.000394349,F
1591,1,HappyBirthday,1021,1460,M,1,0.000685559,0.566944,2457.68,1.87054,F
1591,1,HappyBirthday,635,16060.2,F,1,0.000383409,1.10689,25465.8,2.51836,F
1591,1,HappyBirthday,910,7300.75,M,1,0.59155,0.578533,56.018,318.882,F
1591,1,HappyBirthday,988,2190.7,M,1,0.00318245,0.885079,91.3842,1.17289,F
1592,1,HappyBirthday,773,4015.75,F,1,0.00209413,0.380918,54.4555,0.73558,F
1593,1,HappyBirthday,1106,730,F,1,4.04114e-05,0.202778,6123.95,0.104854,F
1593,1,HappyBirthday,645,5110.81,M,1,0.0238503,0.999008,518.462,12.7531,F
1594,1,HappyBirthday,319,7665.07,F,1,0.843468,1.75531,132.731,578.095,F
1594,1,HappyBirthday,759,35770.2,M,1,0.00202723,1.17788,29.6023,0.710049,F
1595,1,HappyBirthday,70,3650.01,M,1,0.0123864,0.265725,362.249,4.50143,F
1595,1,HappyBirthday,710,5475.04,F,1,0.0204194,0.0391314,4734.26,33.8589,F
1595,1,HappyBirthday,996,9855.52,F,1,0.0104014,0.680131,85.0886,4.29415,F
1596,1,HappyBirthday,14,4380.56,M,1,2.01163e-05,0.0758481,52303.4,0.0335957,F
1596,1,HappyBirthday,357,9125.8,M,1,0.0892556,0.0387682,241.158,38.5383,F
1596,1,HappyBirthday,999,5475.08,F,1,0.000121434,1.06506,3.9535,0.0379023,F
1597,1,HappyBirthday,502,6935.58,M,1,0.0104813,0.192952,21.4837,3.51976,F
1597,1,HappyBirthday,715,4745.55,M,1,0.735623,0.278416,756.893,419.348,F
1598,1,HappyBirthday,165,6205.93,M,1,0.395008,0.430086,695.798,544.374,F
1598,1,HappyBirthday,356,6205.58,M,1,0.00254659,0.275453,0.508926,0.792678,F
1598,1,HappyBirthday,572,25185.5,M,1,0.36604,0.0628722,140.712,192.639,F
1598,1,HappyBirthday,909,11680.3,M,1,0.128697,1.29619,4783.69,48.3096,F
1598,1,HappyBirthday,943,4015.56,M,1,0.0603811,4.50071,12.9094,19.6142,F
1599,1,HappyBirthday,654,5110.43,M,1,0.088685,0.302613,20.3516,29.9728,F
1601,1,HappyBirthday,522,9855.85,F,1,0.113225,0.343747,4172.76,44.1282,F
1601,1,HappyBirthday,706,5110.88,M,1,0.746387,0.266851,74.0538,428.021,F
1601,1,HappyBirthday,994,18615.7,F,1,0.00224707,0.490285,409.346,1.15734,F
1602,1,HappyBirthday,1157,365,F,1,0.365814,0.0164808,41.4976,151.034,F
1602,1,HappyBirthday,147,3650.23,F,1,0.00139183,0.0337228,0.678092,0.434378,F
1602,1,HappyBirthday,265,1825.32,M,1,0.31765,0.0292164,71.98,120.665,F
1602,1,HappyBirthday,590,21536,F,1,0.0137586,0.87857,4.17791,4.33609,F
1603,1,HappyBirthday,85,7665.89,M,1,0.00180631,0.910757,27.0076,0.618277,F
1603,1,HappyBirthday,777,7300.46,M,1,0.400897,2.25476,1066.45,443.051,F
1604,1,HappyBirthday,71,4380.39,F,1,0.00428794,0.100277,247.775,1.51675,F
1604,1,HappyBirthday,176,25915.1,F,1,0.353525,0.0803835,9041.79,1372.78,F
1604,1,HappyBirthday,249,5840.67,F,1,0.100894,8.26442,656.898,33.914,F
1604,1,HappyBirthday,643,1825.22,F,1,0.0127952,0.0611901,9.62502,4.19161,F
1605,1,HappyBirthday,337,5110.29,F,1,0.006422,3.8875,4611.18,5.31201,F
1605,1,HappyBirthday,782,13870,M,1,0.0194121,0.576749,61.4578,7.54371,F
1606,1,HappyBirthday,97,11680.8,M,1,0.932686,3.00047,635.596,1092.05,F
1606,1,HappyBirthday,439,3650.32,M,1,0.0146454,0.298427,39.3119,4.58521,F
1606,1,HappyBirthday,767,6935.99,F,1,0.0874626,0.0064655,52.0671,28.6573,F
1607,1,HappyBirthday,344,9125.35,M,1,0.00115175,0.60287,5.62816,0.359905,F
1607,1,HappyBirthday,705,34310.8,F,1,0.000373137,1.32449,12716.2,1.56535,F
1608,1,HappyBirthday,228,1825.5,M,1,0.371577,0.429012,0.32685,144.374,F
1608,1,HappyBirthday,236,2920.08,F,1,0.131696,5.55778,337.202,65.2526,F
1608,1,HappyBirthday,1158,365,M,1,0.404729,0.475614,6992.33,622.83,F
1608,1,HappyBirthday,966,6205.45,F,1,0.00389554,0.152785,30.0744,1.32478,F
1609,1,HappyBirthday,1022,1460,F,1,0.0374346,0.413011,5231.67,17.1133,F
1609,1,HappyBirthday,695,6570.37,F,1,0.000319478,0.495435,37.6462,0.115965,F
1609,1,HappyBirthday,1063,1095,M,1,0.0295247,0.133811,143.876,11.0534,F
1609,1,HappyBirthday,789,26645.5,M,1,0.00211405,0.455481,601.86,0.988947,F
1609,1,Births,1208,0,M,0,0,0.0457558,0,0,F
1610,1,HappyBirthday,409,27010.2,F,1,0.00269718,19.6813,17.2773,0.863555,F
1610,1,HappyBirthday,621,5475.3,F,1,0.250171,0.279643,4.7151,90.094,F
1611,1,HappyBirthday,413,14965.7,F,1,0.00391055,0.57957,26.4287,1.29607,F
1611,1,HappyBirthday,942,9125.24,F,1,0.0350262,0.724599,7.99914,11.3502,F
1611,1,Births,1209,0,M,0,0,0.00176156,0,0,F
1612,1,HappyBirthday,772,6205.29,F,1,0.612354,0.014467,1034.27,469.43,F
1613,1,HappyBirthday,34,21535.1,M,1,0.000584734,0.324468,0.012533,0.181845,F
1613,1,HappyBirthday,123,4015.27,M,1,0.000712545,1.92166,6801.91,0.510698,F
1613,1,HappyBirthday,215,18980.9,F,1,0.0843714,0.305141,3.58575,27.8889,F
1613,1,HappyBirthday,235,17520.8,F,1,0.0168655,7.71508,460.051,6.97886,F
1613,1,HappyBirthday,833,5840.44,M,1,0.00117684,2.57469,101.698,0.420896,F
1613,1,HappyBirthday,856,6935.53,F,1,0,1.40494,0.149571,0,F
1614,1,HappyBirthday,145,13870.7,F,1,0.155699,3.38762,144.326,59.6645,F
1614,1,HappyBirthday,240,3650.94,F,1,0.00363875,1.07449,0.377755,1.1334,F
1615,1,HappyBirthday,555,2190.96,F,1,1.25426e-05,0.0781879,103469,0.110602,F
1615,1,HappyBirthday,646,13870.5,M,1,0.0677056,5.29259,161.326,25.5702,F
1616,1,HappyBirthday,117,9490.62,M,1,0.158214,0.0944241,1702.35,58.9039,F
1616,1,HappyBirthday,668,3285.7,M,1,0.00518122,0.581082,10.631,1.61631,F
1617,1,HappyBirthday,415,33945.8,M,1,0.0172665,0.834593,6.73245,5.41374,F
1617,1,HappyBirthday,538,10220.9,F,1,0.000399972,0.827609,9.94502,0.12638,F
1618,1,HappyBirthday,393,5110.92,F,1,0.0959765,2.48922,5096.65,71.2318,F
1619,1,HappyBirthday,101,7665.51,M,1,0.904378,0.353065,48.1579,741.62,F
1619,1,HappyBirthday,136,16425.5,M,1,0.004258,0.707246,0.0446552,1.32626,F
1619,1,HappyBirthday,1064,1095,F,1,0.00233137,0.0787378,13.0303,0.773057,F
1620,1,HappyBirthday,494,9490.09,F,1,0.192766,1.89712,1241.18,315.057,F
1621,1,HappyBirthday,1159,365,M,1,0.629804,1.86171,6608.4,636.56,F
1621,1,HappyBirthday,108,14235.1,F,1,0.00206108,0.109953,2.94242,0.64233,F
1621,1,HappyBirthday,896,13870.6,F,1,0.892898,4.32488,25.9002,709.348,F
1621,1,HappyBirthday,1065,1095,M,1,0.00178858,8.08084,4701.26,5.71691,F
1621,1,Births,1210,0,F,0,0,0.0486546,0,0,F
1622,1,HappyBirthday,88,4015.1,M,1,0.00324387,0.884666,29670.2,15.5625,F
1623,1,HappyBirthday,31,7665.14,F,1,0.00296931,0.340462,1232.01,0.961689,F
1623,1,HappyBirthday,364,9125.2,F,1,0.114125,1.6605,4467.71,82.7891,F
1623,1,HappyBirthday,478,2920.04,F,1,1.07926e-06,0.778356,0.00344175,0.000330954,F
1623,1,HappyBirthday,675,12410.9,M,1,0.00117316,7.92757,95.1623,0.493667,F
1623,1,HappyBirthday,722,17155.2,M,1,0.000278999,0.738232,165836,2.58592,F
1624,1,HappyBirthday,725,15695.5,M,1,0.125693,0.0686243,33762.5,983.725,F
1625,1,HappyBirthday,86,7665.97,F,1,0.00178839,13.5027,784.555,0.585701,F
1625,1,HappyBirthday,167,8030.1,F,1,0.00137579,1.24277,4563.54,0.789137,F
1626,1,HappyBirthday,1023,1460,M,1,0.440469,0.0157158,116.831,202.642,F
1626,1,HappyBirthday,923,11680.6,F,1,0.0795557,0.130614,27.6248,26.7856,F
1627,1,HappyBirthday,257,13140.3,M,1,0.00121387,4.63438,3.36029,0.380757,F
1627,1,HappyBirthday,978,30660.8,F,1,0.000311237,0.532768,0.858003,0.0968746,F
1627,1,HappyBirthday,989,14236,M,1,0.000287435,1.07766,7.76781,0.092859,F
1628,1,HappyBirthday,858,4015.7,M,1,0.000387304,0.100478,9.37386,0.12619,F
1629,1,HappyBirthday,350,29200.5,F,1,0.366706,2.66066,4523.65,1188.41,F
1630,1,HappyBirthday,49,14965.4,M,1,0.0153969,0.774075,45.5744,4.84769,F
1630,1,HappyBirthday,253,13140.6,M,1,0.000731492,0.704148,42.1471,0.240938,F
1630,1,HappyBirthday,889,3650.28,F,1,0.00271777,0.848903,32.8376,0.965747,F
1630,1,HappyBirthday,957,6570.1,F,1,0.0710428,3.5251,116.259,26.4242,F
1631,1,HappyBirthday,74,6205.87,M,1,0.551757,0.985139,1515.73,279.821,F
1631,1,HappyBirthday,269,12410.4,M,1,0.000458904,0.262737,24.2097,0.149234,F
1631,1,HappyBirthday,901,2190.24,F,1,0.0924584,0.3425,2793.81,32.9795,F
1632,1,HappyBirthday,1108,730,M,1,0.00357299,0.016697,11.5034,1.11419,F
1632,1,HappyBirthday,931,3285.57,F,1,0.0038121,0.417727,23.979,1.33058,F
1633,1,HappyBirthday,72,8760.29,M,1,6.11647e-06,0.462927,14436,0.0571774,F
1633,1,HappyBirthday,324,5840.23,M,1,0.0209657,13.0784,7868.29,62.5291,F
1633,1,HappyBirthday,420,2555.43,M,1,0.00118375,0.081535,5145.68,2.21969,F
1633,1,HappyBirthday,447,6570.75,M,1,0.235847,1.25689,47591.4,1222.11,F
1633,1,HappyBirthday,693,7300.74,F,1,0.00306705,5.53741,414.965,2.7893,F
1634,1,HappyBirthday,380,17155.9,F,1,0.606099,2.19233,291.684,599.233,F
1634,1,HappyBirthday,434,6935.99,F,1,0.00283391,0.525665,34.8285,0.933784,F
1634,1,HappyBirthday,1160,365,F,1,0.215821,1.21062,63473.4,887.297,F
1634,1,HappyBirthday,752,4745.04,M,1,0.00189307,9.4811,1.34551,0.59018,F
1635,1,HappyBirthday,162,10220.8,F,1,0.928076,4.19365,218.412,1367.56,F
1635,1,HappyBirthday,190,9490.6,M,1,0.0800901,1.5397,412.779,37.5176,F
1635,1,HappyBirthday,255,1825.45,M,1,0.422371,0.221812,3152.59,227.28,F
1635,1,HappyBirthday,352,20806,F,1,0.212454,0.130015,19.2544,79.6842,F
1635,1,HappyBirthday,898,6570.23,F,1,0.0429211,5.56482,4642.64,24.5372,F
1636,1,HappyBirthday,276,3285.23,M,1,0.630141,1.29694,39.052,329.101,F
1636,1,HappyBirthday,468,14965.1,M,1,0.00174927,0.704885,22223.9,1.83999,F
1636,1,HappyBirthday,469,2555.78,F,1,0.766096,0.697925,2780.05,508.57,F
1636,1,HappyBirthday,520,4380.59,F,1,0.00211949,0.66953,774.773,1.16749,F
1636,1,HappyBirthday,734,2920.02,F,1,0.0482042,0.487866,1936.53,81.2447,F
1637,1,HappyBirthday,79,13140.7,M,1,0.00310043,0.681678,26913.4,3.42788,F
1637,1,Births,1211,0,F,0,0,0.252547,0,0,F
1639,1,HappyBirthday,333,4745.62,M,1,0.0363341,2.64979,4.44681,11.5096,F
1639,1,HappyBirthday,407,4015.06,M,1,0.00436121,0.102193,27.3497,1.48497,F
1640,1,HappyBirthday,1161,365,F,1,0.567529,0.0246122,13934.1,506.526,F
1640,1,HappyBirthday,1109,730,M,1,0,0.0604638,62.1449,0,F
1640,1,HappyBirthday,377,12410.8,M,1,0.00404267,3.53814,704.202,4.05257,F
1640,1,HappyBirthday,1162,365,M,1,0.234128,1.08505,420.914,127.434,F
1641,1,HappyBirthday,332,24820.9,F,1,0.000321584,0.274932,40864.7,0.365925,F
1641,1,HappyBirthday,683,12045.9,F,1,0.0486147,1.28204,101.922,17.9867,F
1642,1,HappyBirthday,96,4380.9,M,1,0.182011,1.85569,3660.24,147.799,F
1642,1,HappyBirthday,503,12775.9,M,1,0.00137916,1.33723,38905.8,10.6525,F
1642,1,HappyBirthday,936,14235.7,M,1,0.000682887,0.791275,558.749,0.634338,F
1642,1,HappyBirthday,959,2190.56,F,1,0.0230124,0.0834818,17.7509,7.24004,F
1643,1,HappyBirthday,46,25915.9,M,1,0.00145399,0.114623,865.076,1.76181,F
1643,1,HappyBirthday,208,4380.03,M,1,0.633427,0.817074,9448.88,533.657,F
1643,1,HappyBirthday,701,3650.39,F,1,0.552607,0.253684,92.3418,302.614,F
1644,1,HappyBirthday,174,22631,F,1,0.111049,0.494295,8.55981,36.6387,F
1644,1,HappyBirthday,730,10585.3,F,1,0.0058852,0.504143,21.8238,1.88113,F
1644,1,HappyBirthday,785,4380.48,M,1,0.154564,1.46232,39.5723,58.1809,F
1644,1,HappyBirthday,829,24820,M,1,0.00949311,7.41718,40.4939,3.18822,F
1645,1,HappyBirthday,39,4015.99,M,1,0.075345,0.19126,248.926,44.5401,F
1645,1,HappyBirthday,41,1825.09,F,1,0.00083029,0.920003,111.781,0.331325,F
1645,1,HappyBirthday,449,11315,F,1,0.0048749,7.30174,109450,43.4893,F
1645,1,HappyBirthday,490,10951,M,1,0.29698,4.98162,65.0503,126.83,F
1645,1,HappyBirthday,736,10585,F,1,0.0500939,0.407036,1.82629,16.0806,F
1645,1,Births,1212,0,M,0,0,0.664607,0,0,F
1646,1,HappyBirthday,1110,730,F,1,0.00380312,0.678635,1.4644,1.18763,F
1646,1,HappyBirthday,271,28470.4,M,1,0.0579999,0.077087,3732.1,18.6696,F
1646,1,HappyBirthday,1163,365,F,1,0.00151456,0.0925353,92800.9,10.5113,F
1646,1,HappyBirthday,893,15330.1,M,1,0.734173,0.0398315,206.467,545.035,F
1647,1,HappyBirthday,35,16790.7,F,1,0.000138424,1.3498,0.379912,0.043051,F
1647,1,HappyBirthday,1111,730,M,1,0.284858,0.161658,35.6918,116.112,F
1647,1,HappyBirthday,926,7300.14,F,1,0.00182197,0.540344,99.8741,0.657813,F
1648,1,HappyBirthday,142,5475.26,F,1,0.865016,3.55463,112.158,720.5,F
1648,1,HappyBirthday,194,6205.29,F,1,0.00434862,12.071,52.6219,1.68596,F
1648,1,HappyBirthday,341,26645.5,M,1,0.0150515,0.381723,48215,69.2355,F
1648,1,HappyBirthday,873,22995.2,M,1,0.355689,4.48123,1831.71,317.342,F
1649,1,HappyBirthday,451,27740.3,F,1,0.00168514,12.0088,25956.2,1.38,F
1649,1,HappyBirthday,511,8760.4,M,1,0.00545624,0.155894,42.5652,1.80432,F
1649,1,HappyBirthday,677,2920.03,M,1,0.112156,0.0552787,49.3218,37.9502,F
1649,1,HappyBirthday,1164,365,F,1,0.00493337,0.0206677,49.7411,1.63292,F
1650,1,HappyBirthday,65,8395.1,F,1,0.0104366,2.77977,57.1165,3.37896,F
1650,1,HappyBirthday,66,1825.75,M,1,0.00242759,0.226157,2.84693,0.758844,F
1651,1,HappyBirthday,517,13870.8,F,1,0.00436834,2.33107,59.3078,1.52438,F
1651,1,HappyBirthday,666,2190.82,F,1,0.0573399,0.165156,593.347,33.7663,F
1651,1,HappyBirthday,703,5475.76,F,1,0.251786,0.290924,6.28098,90.6202,F
1651,1,HappyBirthday,783,32850.1,F,1,0.373351,1.10256,2575.32,442.596,F
1652,1,HappyBirthday,17,2920.94,M,1,0.00984031,0.312287,11810.4,39.3497,F
1653,1,HappyBirthday,821,20440.9,F,1,0.00422931,2.62627,120.129,1.55512,F
1654,1,HappyBirthday,1165,365,M,1,0.553263,0.0318423,640.038,481.707,F
1654,1,HappyBirthday,532,9490.39,M,1,0.230838,0.358824,141.041,82.6948,F
1654,1,HappyBirthday,790,19710.8,F,1,0.251924,0.376258,30.211,98.7987,F
1654,1,HappyBirthday,1026,1460,F,1,0.0300143,5.86721,13.7931,9.86342,F
1655,1,HappyBirthday,304,2920.03,F,1,0.332245,4.99343,16.244,132.937,F
1655,1,HappyBirthday,1112,730,F,1,0.480989,1.02478,11544.5,663.879,F
1655,1,HappyBirthday,817,12775.6,M,1,0.000198257,0.561276,1.79554,0.061778,F
1656,1,HappyBirthday,940,20805.5,M,1,0.605437,4.56903,2743.33,1423.81,F
1657,1,HappyBirthday,200,1825.68,M,1,0.000949949,0.890459,1.88883,0.296553,F
1657,1,HappyBirthday,363,33215.1,M,1,0.00236967,4.04582,0.86568,0.737183,F
1657,1,HappyBirthday,884,15331,M,1,0.000106135,2.42282,1.27364,0.0330734,F
1658,1,HappyBirthday,504,10950.9,F,1,0.481079,0.299399,59.1483,234.791,F
1659,1,HappyBirthday,581,10220.5,F,1,0.0011053,1.9329,2.25662,0.346401,F
1660,1,HappyBirthday,1066,1095,M,1,0.00020405,0.386607,14.8123,0.0680246,F
1660,1,HappyBirthday,1027,1460,F,1,0.00530068,0.85311,62344.6,53.2555,F
1661,1,HappyBirthday,61,9125.68,M,1,0.00203391,0.611052,40.5975,0.762025,F
1661,1,HappyBirthday,81,17155.5,M,1,0.00201016,0.43479,20.7117,0.643774,F
1661,1,HappyBirthday,614,10950.3,F,1,0.0573336,4.88314,722.55,32.8005,F
1661,1,HappyBirthday,820,9490.33,M,1,0.734187,0.863655,3.03851,413.659,F
1662,1,HappyBirthday,143,5840.76,F,1,0.00896108,9.07104,829.396,5.93743,F
1662,1,HappyBirthday,937,7665.81,M,1,0.0106216,4.44991,49.4163,3.58894,F
1663,1,HappyBirthday,398,11680.8,M,1,0.0365349,1.70735,7535.51,13.9257,F
1663,1,HappyBirthday,669,4745.55,M,1,0.000617192,2.4216,28957.9,0.5602,F
1663,1,HappyBirthday,1067,1095,F,1,0.0820241,0.366824,5452.52,183.167,F
1663,1,HappyBirthday,1113,730,F,1,0.533658,0.166696,46.3236,244.763,F
1664,1,HappyBirthday,32,2190.72,F,1,0.000874893,0.172137,176667,8.76387,F
1664,1,HappyBirthday,1068,1095,M,1,0.00610101,0.0192969,966.849,1.95942,F
1664,1,HappyBirthday,301,2920.19,M,1,0.000880212,4.5385,5.26973,0.280465,F
1664,1,HappyBirthday,316,4015.11,F,1,0.0696454,3.268,2752.56,23.6095,F
1664,1,HappyBirthday,531,10220.7,M,1,0.00232652,0.161324,2.2936,0.724343,F
1664,1,HappyBirthday,542,16790.7,M,1,0.00396602,0.812329,24.8905,1.37189,F
1664,1,HappyBirthday,588,4380.94,M,1,0.00484747,0.201269,18.9395,1.6211,F
1664,1,HappyBirthday,812,36135.1,F,1,0.035776,4.90659,731.816,14.0772,F
1665,1,HappyBirthday,1114,730,F,1,0.130697,0.0120091,4557.63,56.3586,F
1665,1,HappyBirthday,115,1825.77,F,1,0.00559447,0.343157,0.0604556,1.7441,F
1665,1,HappyBirthday,308,2555.27,M,1,0.0772771,0.429679,89.718,29.2115,F
1666,1,HappyBirthday,87,6935.79,M,1,0.000558863,0.17632,7.03114,0.173806,F
1666,1,HappyBirthday,161,5840.12,F,1,0.0511463,0.345989,5442.7,107.668,F
1666,1,HappyBirthday,221,17885.1,M,1,0.0441764,0.433033,6.79231,14.2888,F
1666,1,HappyBirthday,644,10950.2,F,1,0.861431,0.277772,372.462,826.215,F
1666,1,HappyBirthday,1069,1095,M,1,0.000121667,0.0211727,28240.4,0.0845422,F
1667,1,HappyBirthday,1028,1460,F,1,0.672201,3.74346,185.637,442.596,F
1667,1,HappyBirthday,1029,1460,F,1,0.0188221,0.830263,17.4487,6.42532,F
1667,1,HappyBirthday,1115,730,F,1,0.0775138,4.87204,82.246,33.8237,F
1667,1,HappyBirthday,895,9125.58,F,1,0.00177027,0.339559,1.11842,0.553718,F
1668,1,HappyBirthday,761,9125.74,M,1,0.279796,1.94016,2986.16,1000.17,F
1669,1,HappyBirthday,287,8395.89,F,1,0.0688427,2.37228,14.7729,22.6451,F
1669,1,HappyBirthday,1070,1095,F,1,0.0447928,0.00592518,4.23392,14.5387,F
1669,1,HappyBirthday,633,10585.4,M,1,0.0135665,11.0677,6463.61,12.1916,F
1670,1,HappyBirthday,612,7665.29,M,1,0.000160368,0.325217,83403,0.378045,F
1671,1,HappyBirthday,875,9125.55,F,1,0.000915319,20.1623,1504.96,1.57779,F
1672,1,HappyBirthday,314,22265.6,F,1,0.00120997,0.366133,13408.1,1.13752,F
1673,1,HappyBirthday,306,2190.97,M,1,0.102503,0.378,3134.08,57.6128,F
1674,1,HappyBirthday,793,8030.17,F,1,0.308142,1.28998,2317.53,152.508,F
1675,1,HappyBirthday,22,9855.08,M,1,0.00264489,0.900144,11.4238,0.870574,F
1676,1,HappyBirthday,189,7665.98,M,1,0.000240922,0.421146,0.0750356,0.0749264,F
1676,1,HappyBirthday,197,9855.53,M,1,0.0165961,1.83074,0.0013914,5.2003,F
1676,1,HappyBirthday,222,10950.2,M,1,0.0036456,0.651067,7.11328,1.13545,F
1676,1,HappyBirthday,342,2190.12,F,1,0.0131281,0.366753,246.02,8.45526,F
1677,1,HappyBirthday,156,3650.59,F,1,6.17364e-05,0.0865068,6897.08,0.35958,F
1677,1,HappyBirthday,1116,730,M,1,0.0301079,0.989806,3.91087,9.56651,F
1677,1,HappyBirthday,894,3285.74,M,1,0.00889008,1.01157,53.402,3.49724,F
1677,1,HappyBirthday,1117,730,M,1,0.00412286,0.19607,2.8876,1.29825,F
1678,1,HappyBirthday,1118,730,M,1,0.10375,0.0800011,35.5678,39.5828,F
1678,1,HappyBirthday,1031,1460,M,1,0.578292,0.154215,3027.77,847.884,F
1679,1,HappyBirthday,94,3650.6,M,1,0.00129459,0.951796,3.74061,0.407405,F
1679,1,HappyBirthday,237,2920.12,M,1,0.0149802,0.00456712,3272.91,4.72031,F
1679,1,HappyBirthday,305,13140.9,M,1,0.777,4.86805,64.4168,543.506,F
1679,1,HappyBirthday,631,13505.4,F,1,0.00315838,8.6446,40.2448,1.16813,F
1679,1,HappyBirthday,747,5475.18,M,1,0.000113666,0.823032,2.58974,0.0355089,F
1680,1,HappyBirthday,584,7665.22,M,1,0.000258769,19.9279,77924.8,3.24465,F
1680,1,HappyBirthday,748,9125.55,F,1,0.000127849,4.24522,21765.2,0.805193,F
1680,1,HappyBirthday,1071,1095,M,1,0.019725,2.26047,857.321,27.4983,F
1680,1,Births,1213,0,F,0,0,0.225416,0,0,F
1681,1,HappyBirthday,95,2190.25,F,1,6.37027e-05,0.4457,2.07301,0.0199191,F
1681,1,HappyBirthday,403,1825.87,F,1,9.05408e-05,0.0746352,3.99316,0.0284408,F
1681,1,HappyBirthday,776,2920.6,F,1,0.0625484,0.129523,756.64,83.1196,F
1681,1,HappyBirthday,843,12045.5,M,1,0.00191378,0.849972,8.63854,0.595767,F
1682,1,HappyBirthday,251,17155.5,M,1,0.0323561,0.218332,53905.1,44.0335,F
1683,1,HappyBirthday,76,21900,M,1,0.322258,0.320753,9556.38,563.286,F
1683,1,HappyBirthday,1166,365,F,1,0.000572201,0.0878461,14.1614,0.189465,F
1683,1,HappyBirthday,618,7665.68,M,1,0.119779,0.0901547,292.448,56.0116,F
1683,1,HappyBirthday,1167,365,F,1,0.00501922,0.122451,14.7027,1.56779,F
1683,1,Births,1214,0,F,0,0,0.0808449,0,0,F
1684,1,HappyBirthday,258,23360.9,M,1,0.0803868,2.19336,4.92153,26.5983,F
1684,1,HappyBirthday,1072,1095,M,1,0.638385,1.58048,366.811,491.001,F
1685,1,HappyBirthday,721,20440.5,M,1,0.000241878,4.51434,0.119682,0.0751922,F
1685,1,HappyBirthday,920,2555.1,M,1,0.681821,2.25853,2330.81,404.437,F
1685,1,Births,1215,0,F,0,0,0.00973173,0,0,F
1686,1,HappyBirthday,1032,1460,F,1,0.000829556,0.21495,269.388,0.547014,F
1686,1,HappyBirthday,814,27375.1,M,1,0.0780357,1.22348,16.7838,26.2875,F
1687,1,HappyBirthday,369,8395.12,F,1,0.00987169,11.5069,1399.46,4.7738,F
1687,1,HappyBirthday,881,4380.01,M,1,0.0299819,60.2809,1234.96,10.0273,F
1688,1,HappyBirthday,484,15330.4,F,1,0.00110436,0.661385,33.4825,0.371562,F
1688,1,HappyBirthday,1033,1460,M,1,0.000818811,0.338914,15.8966,0.274493,F
1689,1,HappyBirthday,1168,365,M,1,0.160449,0.0558151,76247.7,1517.24,F
1690,1,HappyBirthday,75,8395.32,F,1,0.00282461,0.364016,16.9874,0.901267,F
1690,1,HappyBirthday,454,18980.1,F,1,0.000752235,1.34318,38.7451,0.256441,F
1690,1,HappyBirthday,810,11315.2,M,1,0.125379,2.60753,181.374,44.5139,F
1690,1,HappyBirthday,850,4380.21,F,1,0.145363,1.47046,4071.42,165.684,F
1690,1,HappyBirthday,986,4015.5,M,1,0.176115,0.078908,1426.05,328.737,F
1691,1,HappyBirthday,1119,730,F,1,0.00224214,0.0252741,0.0024163,0.697401,F
1691,1,HappyBirthday,408,6205.22,M,1,0.594184,7.49197,5610.97,942.565,F
1692,1,HappyBirthday,57,13505.1,F,1,0.601217,0.329428,27630.4,774.459,F
1692,1,HappyBirthday,462,14235.2,M,1,0.00164021,2.70785,0.0475934,0.510193,F
1692,1,HappyBirthday,918,22265.2,M,1,0.000224305,0.0261317,3750.35,0.855191,F
1693,1,HappyBirthday,10,7665.79,F,1,0.0783649,1.64404,2604.17,41.6194,F
1693,1,HappyBirthday,212,8760.82,M,1,0.00179828,0.378793,0.296008,0.559599,F
1693,1,HappyBirthday,1073,1095,M,1,0.00382955,0.0807142,46.7767,1.45187,F
1694,1,HappyBirthday,453,8030.8,M,1,0.594086,3.09361,14174.3,757.687,F
1694,1,HappyBirthday,589,5110.53,F,1,0.179556,0.844262,108.013,76.9401,F
1695,1,HappyBirthday,126,5475.74,M,1,0.000473375,0.130315,5.82492,0.150292,F
1695,1,HappyBirthday,378,14235.8,F,1,0.00118882,5.05049,78.1382,0.411055,F
1695,1,HappyBirthday,496,5475.51,M,1,0.0486747,4.20008,1.79955,15.6444,F
1695,1,HappyBirthday,636,11315.3,M,1,0.0307262,6.70522,373.366,14.0064,F
1696,1,HappyBirthday,1120,730,F,1,0.362758,0.0795952,695.349,140.453,F
1696,1,HappyBirthday,667,5840.82,M,1,0.000182091,3.0962,59052,2.10901,F
1696,1,HappyBirthday,696,8030.19,M,1,0.00401209,10.8745,1.17288,1.25676,F
1697,1,HappyBirthday,665,5110.09,F,1,0.0169459,0.307654,73.4104,6.74079,F
1697,1,HappyBirthday,688,4745.54,M,1,0.00078499,0.771034,4.72653,0.249612,F
1697,1,HappyBirthday,798,5475.06,M,1,0.547256,1.18648,1325.2,305.605,F
1698,1,HappyBirthday,170,13140.7,M,1,0.0331898,3.55199,1191.25,38.4134,F
1698,1,HappyBirthday,389,1825.1,F,1,0.0470849,2.14336,10.4456,15.1273,F
1698,1,HappyBirthday,616,2555.11,F,1,0.000652234,0.30374,0.735331,0.203164,F
1699,1,HappyBirthday,110,1825.13,F,1,0.418688,0.0234239,9113.58,1768.59,F
1700,1,HappyBirthday,501,17155.4,F,1,0.0222648,1.40974,2.06628,7.03473,F
1701,1,HappyBirthday,519,5840.7,F,1,0.0999412,0.290329,90.3434,33.2195,F
1701,1,HappyBirthday,700,17156,F,1,0.091821,3.09585,53.6634,30.5741,F
1701,1,HappyBirthday,927,17885.7,M,1,2.46349e-05,1.14774,29.0949,0.00803,F
1702,1,HappyBirthday,83,2190.19,F,1,0.0235223,0.0789957,789.633,27.6797,F
1702,1,HappyBirthday,310,6935.84,F,1,0.00281644,0.280677,1.18116,0.87833,F
1702,1,HappyBirthday,379,13140.8,F,1,0.00818598,0.439159,22506,12.9216,F
1702,1,HappyBirthday,1034,1460,M,1,0.0161102,0.16606,115.802,6.67177,F
1702,1,Births,1216,0,M,0,0,0.0347186,0,0,F
1703,1,HappyBirthday,25,1825.06,M,1,0.0699867,0.169066,24.6062,22.5537,F
1703,1,HappyBirthday,991,16425.8,M,1,0.0394884,1.761,2214.29,24.643,F
1704,1,HappyBirthday,883,8395.63,F,1,7.00788e-05,0.200242,97289.6,0.288633,F
1705,1,HappyBirthday,396,5110.19,F,1,0.677203,0.496513,12922.9,1118.33,F
1705,1,HappyBirthday,1121,730,F,1,0.44638,0.964813,3761.78,354.181,F
1706,1,HappyBirthday,196,5475.87,M,1,0.000306976,5.98053,27424.8,0.90671,F
1706,1,HappyBirthday,1122,730,M,1,0.0102945,0.469291,0.307297,3.21709,F
1706,1,HappyBirthday,471,8030.43,M,1,0.00231023,0.629738,34.327,0.74408,F
1708,1,HappyBirthday,226,15695.5,F,1,0.0158005,9.50012,49.1947,5.05841,F
1708,1,HappyBirthday,292,6935.88,F,1,0.144423,0.186762,85650.6,884.15,F
1708,1,HappyBirthday,323,3650.32,M,1,0.283955,0.50856,6126.43,113.783,F
1708,1,HappyBirthday,801,9125.44,F,1,0.297175,1.75938,27.5224,114.423,F
1709,1,HappyBirthday,160,6570.22,M,1,0.00195828,2.45264,14913.5,0.666149,F
1709,1,HappyBirthday,294,2920.07,M,1,0.00108273,0.258013,43.1678,0.391274,F
1709,1,HappyBirthday,637,5840.71,M,1,0.124482,0.350591,101.935,60.2372,F
1710,1,HappyBirthday,544,1825.89,F,1,0.000161787,0.0113695,16021.5,1.27552,F
1710,1,HappyBirthday,545,28470.3,F,1,0.0801045,14.9602,357.083,26.5967,F
1710,1,Births,1217,0,F,0,0,0.0336789,0,0,F
1711,1,HappyBirthday,26,3285.08,F,1,0.115319,4.0241,200.521,48.9279,F
1711,1,HappyBirthday,512,8030.03,F,1,0.265128,0.288991,515.054,136.228,F
1711,1,HappyBirthday,536,19345.3,F,1,0.134953,0.0302773,3158.27,308.162,F
1711,1,HappyBirthday,568,2555.04,M,1,0.00543546,0.0863769,38.6166,1.80573,F
1711,1,HappyBirthday,969,9125.66,M,1,0.0952708,2.34929,106.629,34.8116,F
1711,1,Births,1218,0,F,0,0,0.00489603,0,0,F
1712,1,HappyBirthday,5,25550.6,M,1,0.000601424,0.1294,38.2871,0.198876,F
1712,1,HappyBirthday,1123,730,F,1,0.00415822,0.433745,13.3142,1.37705,F
1712,1,HappyBirthday,458,1825.13,F,1,4.11457e-05,0.709303,60843.5,0.411309,F
1712,1,HappyBirthday,489,17155.8,F,1,0.0267149,0.38492,289.677,9.22895,F
1712,1,HappyBirthday,565,8030.1,F,1,0.500756,2.70174,823.154,456.103,F
1712,1,HappyBirthday,1001,1825.39,M,1,0.329803,0.0496371,230.38,129.401,F
1713,1,HappyBirthday,277,18615.8,F,1,0.132053,6.42562,5039.65,66.2618,F
1713,1,HappyBirthday,577,7665.56,M,1,0.00122898,5.94466,15.8605,0.409514,F
1714,1,HappyBirthday,428,1825.45,M,1,0.0852891,2.88511,8616.62,70.5422,F
1714,1,HappyBirthday,768,16425.1,F,1,0.000135326,2.93694,165.831,0.0520204,F
1714,1,HappyBirthday,1124,730,F,1,0.1793,1.09214,50712.3,748.597,F
1716,1,HappyBirthday,416,11315.4,F,1,0.0179398,0.809658,18.9019,6.16164,F
1716,1,HappyBirthday,877,15330.1,M,1,0.0134104,0.19862,11471.6,109.704,F
1717,1,HappyBirthday,1126,730,F,1,0.128125,0.746923,21852.4,350.856,F
1717,1,HappyBirthday,724,3650.92,M,1,0.0342111,0.842412,2.3109,10.8653,F
1717,1,HappyBirthday,1125,730,F,1,0.194113,0.678623,272.008,92.8481,F
1718,1,HappyBirthday,679,9490.92,F,1,0.917497,43.0128,369.645,786.675,F
1720,1,HappyBirthday,548,5840.57,F,1,0.00323671,0.013422,4.57399,1.00805,F
1720,1,HappyBirthday,932,32485.9,F,1,0.0583988,1.66907,35362.8,51.8161,F
1721,1,HappyBirthday,99,2555.81,F,1,0.00251431,2.66447,0.413767,0.784126,F
1721,1,HappyBirthday,694,13140.9,M,1,0.0169488,1.13515,314.724,11.943,F
1721,1,HappyBirthday,743,4380.29,F,1,1.84389e-05,0.5934,548.693,0.0180131,F
1721,1,HappyBirthday,839,9125.57,M,1,0.554769,7.61826,31462.4,921.78,F
1722,1,HappyBirthday,595,29200.3,F,1,0.55125,9.00166,12310.8,807.822,F
1723,1,HappyBirthday,480,10585.2,M,1,3.82475e-05,0.0629803,143.565,0.015071,F
1723,1,HappyBirthday,498,4015.2,M,1,0.459207,0.155712,766.923,397.751,F
1723,1,HappyBirthday,1036,1460,F,1,0.210796,0.0543188,89.9762,89.2253,F
1723,1,HappyBirthday,1035,1460,F,1,0.308265,0.549798,5627.02,142.632,F
1724,1,HappyBirthday,4,18980.5,M,1,4.95329e-05,0.108111,6.24461,0.0155624,F
1724,1,HappyBirthday,375,4380.33,F,1,0.0300135,0.207786,19.1052,10.381,F
1725,1,HappyBirthday,24,20075.1,M,1,0.0149192,0.277589,6970.55,60.5454,F
1725,1,HappyBirthday,90,31755.4,F,1,0.035029,0.637908,66.4373,12.0082,F
1725,1,HappyBirthday,744,10951,F,1,0.000776627,0.152906,66.7963,0.322498,F
1726,1,HappyBirthday,38,2190.4,F,1,0.00332809,0.0367866,1.64996,1.04325,F
1726,1,HappyBirthday,59,4015.86,F,1,0.105863,0.147573,45.1074,37.0439,F
1726,1,HappyBirthday,242,26645.9,F,1,0.0668918,26.1755,357.527,52.9441,F
1726,1,HappyBirthday,280,6205.52,F,1,0.00679518,0.201994,45.6309,2.54619,F
1726,1,HappyBirthday,1127,730,F,1,0.887638,0.010516,304.587,893.479,F
1727,1,HappyBirthday,89,6570.72,M,1,0.0842078,0.561661,19.9461,28.5704,F
1727,1,HappyBirthday,336,3650.85,M,1,0.00207124,1.87658,1868.29,1.96958,F
1727,1,HappyBirthday,425,1825.17,M,1,0.206908,0.216105,1104.04,344.581,F
1727,1,HappyBirthday,477,10950.2,F,1,0.0819134,0.610724,301.733,39.4035,F
1727,1,HappyBirthday,717,28470.3,M,1,0.0433341,0.334372,4164.19,14.5245,F
1727,1,HappyBirthday,917,14600.7,F,1,0.0291052,1.24006,0.232674,9.18921,F
1728,1,HappyBirthday,950,16790.3,M,1,0.0568119,2.04655,8239.36,151.895,F
1729,1,HappyBirthday,216,14600.4,M,1,0.260278,3.93602,1540.24,94.5549,F
1729,1,HappyBirthday,800,2555.31,F,1,0.024532,0.205354,290.725,10.4769,F
1729,1,HappyBirthday,1170,365,M,1,0.848049,0.228861,97.0733,670.794,F
1730,1,HappyBirthday,1128,730,M,1,0.00122118,0.695122,568.747,0.665644,F
1730,1,HappyBirthday,1037,1460,M,1,0.00205734,0.0650229,5.81752,0.645387,F
1731,1,HappyBirthday,1171,365,F,1,0.000353213,0.482202,3287.99,0.570833,F
1731,1,Births,1219,0,F,0,0,0.121561,0,0,F
1732,1,HappyBirthday,256,12775.9,F,1,8.48418e-05,59.201,13.4579,0.0278616,F
1732,1,HappyBirthday,670,14235.3,M,1,0.00275991,0.761304,4096.62,2.42479,F
1733,1,HappyBirthday,508,8395.31,F,1,0.0488748,0.386902,239.626,21.3091,F
1733,1,HappyBirthday,587,3650.1,F,1,0.001507,19.7092,30.9436,0.533005,F
1733,1,HappyBirthday,1129,730,F,1,0.0588896,0.0906312,97.314,26.2596,F
1733,1,HappyBirthday,985,5110.03,M,1,0.0104051,0.0984556,5044.79,3.29469,F
1734,1,HappyBirthday,169,9490.08,M,1,0.172344,0.813052,251.09,64.9834,F
1734,1,HappyBirthday,179,7300.09,M,1,0.000315538,0.269572,6709.05,0.773619,F
1734,1,HappyBirthday,427,4380.15,F,1,0.00180064,0.0153041,42.1346,0.589615,F
1734,1,HappyBirthday,571,11315.6,F,1,0.00556707,30.3973,90.9482,1.99093,F
1734,1,HappyBirthday,827,6570.95,F,1,0.00169786,0.835831,68.1089,0.647607,F
1735,1,HappyBirthday,168,12046,F,1,0.0274146,1.3447,6116.42,31.4441,F
1735,1,HappyBirthday,252,3650.19,F,1,0.00948632,0.125381,18.5555,3.2018,F
1735,1,HappyBirthday,404,20075.5,M,1,0.00247312,3.64032,70.5674,0.862797,F
1735,1,HappyBirthday,615,4745.38,M,1,0.00154342,0.792399,57.6644,0.574774,F
1735,1,HappyBirthday,630,23360.3,M,1,0.00113849,9.19497,59.1852,0.410194,F
1735,1,HappyBirthday,739,23725.9,F,1,0.0894892,0.408574,80248.8,1145.49,F
1735,1,HappyBirthday,853,12045.3,F,1,6.66579e-05,0.262327,27.7623,0.02336,F
1736,1,HappyBirthday,207,35770.4,F,1,0.0775931,5.08322,756.906,92.1631,F
1737,1,HappyBirthday,18,13505.7,M,1,0.00743831,3.10018,2379.19,8.29998,F
1737,1,Births,1220,0,M,0,0,0.0546621,0,0,F
1738,1,HappyBirthday,320,15330.7,M,1,0.100483,14.9374,4.34744,33.1522,F
1738,1,HappyBirthday,392,19710.1,F,1,0.0819286,3.54756,84.9697,30.142,F
1738,1,HappyBirthday,528,4380.58,M,1,0.395647,0.338714,2477.48,189.428,F
1738,1,HappyBirthday,742,5110.81,F,1,0.0257736,0.394688,2021.88,27.5575,F
1738,1,Births,1221,0,M,0,0,0.450105,0,0,F
1739,1,HappyBirthday,131,10951,F,1,1.79898e-05,8.9945,94365.1,0.252111,F
1739,1,HappyBirthday,1038,1460,M,1,0.116484,0.538613,3955.51,67.0961,F
1740,1,HappyBirthday,98,13870.3,M,1,0.00623662,0.501239,0.781065,1.94682,F
1740,1,HappyBirthday,227,35040.4,M,1,0.0400542,0.189231,13446.7,17.2916,F
1741,1,HappyBirthday,658,6570.52,F,1,0.00989359,0.169031,841.466,3.23297,F
1741,1,HappyBirthday,787,9125.93,F,1,0.0027638,0.979733,19321.1,11.4715,F
1741,1,HappyBirthday,1172,365,M,1,0.00283918,1.01704,36.792,1.03042,F
1743,1,HappyBirthday,452,14235.4,F,1,0.00750565,2.10283,41.783,2.45325,F
1744,1,HappyBirthday,1130,730,M,1,0.115743,0.174301,9725.59,457.69,F
1744,1,HappyBirthday,412,5475.56,M,1,0.0986059,0.986219,244.019,61.1344,F
1745,1,HappyBirthday,497,8760.83,F,1,0.37491,3.37768,42.9101,163.743,F
1746,1,HappyBirthday,672,9490.49,M,1,0.0207579,0.296011,15.0362,6.68657,F
1746,1,HappyBirthday,861,6935.07,F,1,0.163732,3.71485,6234.75,389.824,F
1747,1,HappyBirthday,410,18615.9,M,1,0.0140101,14.1701,209.106,5.94336,F
1748,1,HappyBirthday,473,4745.33,M,1,0.00147849,0.178225,0.544983,0.460112,F
1748,1,HappyBirthday,622,4380.69,F,1,0.00495016,0.896091,964.584,6.6144,F
1749,1,HappyBirthday,64,5840.04,M,1,0.527914,0.249147,668.389,236.014,F
1749,1,HappyBirthday,373,5475.93,M,1,0.134406,0.278022,4192.61,155.344,F
1749,1,HappyBirthday,656,19345.5,M,1,0.176217,3.49205,39201.9,1706.75,F
1749,1,HappyBirthday,713,4380.87,M,1,0.0169921,4.67772,493.318,11.9923,F
1749,1,HappyBirthday,886,7665.81,M,1,0.198307,0.321025,64.904,76.8133,F
1750,1,HappyBirthday,597,4745.48,F,1,0.00438426,0.0972358,22.0832,1.45899,F
1751,1,HappyBirthday,1000,17885.5,M,1,0.00173831,0.140238,19549.1,1.79485,F
1751,1,HappyBirthday,260,8030.71,F,1,0.015674,0.853876,13407.5,8.32773,F
1752,1,HappyBirthday,122,5110.99,M,1,4.51852e-06,0.812184,2815.16,0.00627727,F
1752,1,HappyBirthday,349,10585.6,M,1,0.000277724,2.13992,4095.98,0.0986094,F
1752,1,HappyBirthday,479,2555.73,F,1,0.0609275,0.118136,1.33684,19.5638,F
1752,1,HappyBirthday,649,12045.9,M,1,9.22442e-05,1.266,0.947868,0.0288544,F
1752,1,HappyBirthday,755,8030.2,M,1,0.00018793,2.57469,86829.1,0.737669,F
1752,1,HappyBirthday,866,8395.69,F,1,0.134174,6.91638,244.783,49.2582,F
1752,1,Births,1222,0,M,0,0,0.0277119,0,0,F
1753,1,HappyBirthday,92,35405.6,M,1,0.00968006,1.10457,69.7084,3.50739,F
1753,1,HappyBirthday,234,9125.75,F,1,0.0341316,0.735911,30.9929,11.3654,F
1753,1,HappyBirthday,731,9855.78,M,1,0.00159815,0.0534609,151.548,0.629328,F
1753,1,HappyBirthday,763,10220.4,M,1,0.14831,0.368513,4828.89,756.327,F
1754,1,HappyBirthday,312,2555.1,M,1,0.392212,10.3081,7380.43,661.993,F
1754,1,HappyBirthday,411,9490.1,M,1,0.0210311,2.19823,47.5975,6.98662,F
1754,1,HappyBirthday,960,13870.6,M,1,0.000298405,0.229309,0.0565356,0.0928158,F
1754,1,HappyBirthday,973,3650.13,M,1,0.025173,0.161175,6232.16,70.0601,F
1755,1,HappyBirthday,466,14965.5,M,1,0.191543,0.0549034,21.0122,68.0032,F
1755,1,HappyBirthday,558,4380.19,M,1,0.0322114,0.0702074,3472.02,11.1707,F
1755,1,HappyBirthday,729,4380.96,M,1,0.00270669,0.405984,29.8771,0.852736,F
1755,1,HappyBirthday,745,2920.36,F,1,0.119064,6.04395,11.2646,41.1835,F
1755,1,HappyBirthday,983,4015.37,F,1,0.00396235,0.266224,3396.76,1.4446,F
1756,1,HappyBirthday,68,8395.53,M,1,0.00250684,0.28538,104.221,1.04392,F
1756,1,HappyBirthday,1039,1460,M,1,0.191762,0.602793,1614.98,201.704,F
1756,1,HappyBirthday,461,10585.8,M,1,0.11355,2.84286,5769.57,56.7668,F
1756,1,HappyBirthday,1074,1095,F,1,0.831732,0.0713446,1009.81,761.19,F
1756,1,HappyBirthday,704,2920.54,M,1,0.00250743,0.0876544,45.4046,0.832691,F
1757,1,HappyBirthday,113,25185.6,M,1,0.00895493,1.39269,891.008,6.38602,F
1758,1,HappyBirthday,109,15330.4,M,1,0.000968726,0.455256,334.021,0.314292,F
1758,1,HappyBirthday,358,10220.5,F,1,0.00557117,0.509192,4.64991,1.74342,F
1758,1,HappyBirthday,602,16060.2,M,1,0.158477,1.00621,1657.58,161.356,F
1758,1,HappyBirthday,726,17885.7,M,1,0.0184033,3.89289,2031.93,6.1509,F
1759,1,HappyBirthday,116,12045.5,M,1,0.188959,9.48396,14020.6,865.54,F
1759,1,HappyBirthday,192,2920.13,F,1,0.000390779,2.92329,4382.43,0.771624,F
1759,1,HappyBirthday,949,5840.87,M,1,0.438197,0.0802131,1085.36,747.893,F
1759,1,Births,1223,0,F,0,0,0.00762819,0,0,F
1760,1,HappyBirthday,286,6570.39,M,1,0.0684693,3.31115,24.3207,23.9419,F
1760,1,HappyBirthday,443,21170.9,F,1,0.73778,0.111718,501.584,876.392,F
1760,1,HappyBirthday,488,12045.2,F,1,0.000201728,0.0243694,207.469,0.108626,F
1760,1,HappyBirthday,514,3285.69,M,1,0.00215396,2.27967,9934.53,3.56948,F
1760,1,HappyBirthday,709,6935.15,F,1,0.565044,6.26781,12358.4,595.317,F
1760,1,HappyBirthday,792,23725,F,1,0.381715,0.391959,111.882,177.441,F
1760,1,HappyBirthday,831,10950.8,F,1,0.00145342,0.163141,16.6408,0.48986,F
1761,1,HappyBirthday,951,11680.3,F,1,0.260652,0.561338,162.612,95.8941,F
1761,1,HappyBirthday,958,6205.02,F,1,0.00444558,1.48003,330.96,1.56121,F
1761,1,Births,1224,0,F,0,0,0.519142,0,0,F
1762,1,HappyBirthday,692,2555.47,M,1,0.1364,1.69261,1661.36,135.628,F
1762,1,HappyBirthday,1040,1460,M,1,0.0618126,0.457073,1767.66,25.5072,F
1762,1,HappyBirthday,758,2555.9,F,1,5.08605e-05,0.0982323,163899,0.482471,F
1763,1,HappyBirthday,244,11315.1,M,1,0.151623,0.223228,170.456,77.3116,F
1763,1,HappyBirthday,440,29200.7,M,1,0.15644,1.51387,3.47626,53.5649,F
1763,1,HappyBirthday,638,10220.2,M,1,0.197536,0.994261,240.406,82.7645,F
1763,1,HappyBirthday,650,35770.4,F,1,0.10989,4.12596,81.019,36.1846,F
1763,1,HappyBirthday,795,5110.67,M,1,0.0290289,1.77086,18.8218,9.98359,F
1763,1,HappyBirthday,868,7665.95,F,1,0.0402317,1.18172,55.529,13.8844,F
1763,1,Births,1225,0,F,0,0,0.521036,0,0,F
1764,1,HappyBirthday,1075,1095,F,1,0.483528,0.0423635,1035.87,491.188,F
1764,1,HappyBirthday,229,12410.2,M,1,0.206487,3.40263,299.941,81.9742,F
1764,1,HappyBirthday,329,4380.66,M,1,8.78344e-05,1.73913,2.46103,0.0276931,F
1764,1,HappyBirthday,740,7300.9,M,1,0.0336285,0.519577,6.3961,10.7072,F
1765,1,HappyBirthday,157,5475.51,F,1,0.0529902,2.38647,112.239,16.9531,F
1765,1,HappyBirthday,606,8395.5,F,1,0.000725232,2.77698,9861.57,0.31771,F
1766,1,HappyBirthday,278,10585.2,M,1,0.00422881,1.93302,7.94414,1.36829,F
1766,1,HappyBirthday,1131,730,M,1,0.112971,0.0426659,40080.4,156.668,F
1766,1,HappyBirthday,837,16425.2,F,1,0.498424,0.84104,873.739,441.228,F
1766,1,HappyBirthday,1174,365,M,1,0.00314199,0.0299434,7.83892,1.00075,F
1767,1,HappyBirthday,1132,730,F,1,0.00466155,1.30842,37.5016,1.71189,F
1767,1,HappyBirthday,366,30660.5,M,1,0.313463,2.86542,42.5249,123.832,F
1767,1,Births,1226,0,M,0,0,0.605608,0,0,F
1768,1,HappyBirthday,272,4745.69,F,1,0.529809,0.178153,91.3385,246.257,F
1768,1,HappyBirthday,436,10220.2,F,1,0.158242,0.190329,56.5004,61.765,F
1768,1,HappyBirthday,476,6570.44,M,1,0.000452065,3.84394,46.7546,0.150043,F
1768,1,HappyBirthday,525,1825.04,M,1,0.000365434,0.0151153,1.68272,0.114109,F
1769,1,HappyBirthday,465,2555.49,M,1,0.0042348,0.558306,11144.9,22.5572,F
1769,1,HappyBirthday,623,17885.6,F,1,0.00134371,0.178417,87.634,0.471987,F
1769,1,HappyBirthday,847,3285.4,F,1,0.0461586,4.85009,619.344,14.9535,F
1770,1,HappyBirthday,578,4745.07,F,1,0.00876646,1.09839,1855.83,3.02756,F
1770,1,HappyBirthday,756,13870.6,F,1,1.23979e-05,3.76273,2699.15,0.0368894,F
1770,1,HappyBirthday,922,9125,F,1,0.747735,5.10253,195.561,561.941,F
1771,1,HappyBirthday,78,2555.57,M,1,0.00109004,0.181502,26567.4,0.77515,F
1771,1,HappyBirthday,225,2190.67,M,1,0.153646,0.379962,11.5464,52.8172,F
1771,1,HappyBirthday,1133,730,M,1,0.530149,1.01142,13330.5,456.024,F
1771,1,HappyBirthday,354,9855.6,F,1,0.197472,1.47516,1513.88,402.095,F
1771,1,HappyBirthday,1041,1460,M,1,0.393834,0.392698,10.4092,158.433,F
1771,1,HappyBirthday,671,12410.6,M,1,0.0105397,0.307343,2238.61,23.9043,F
1771,1,Births,1227,0,M,0,0,0.00617065,0,0,F
1772,1,HappyBirthday,27,18250,M,1,0.011258,0.00563664,527.502,3.62145,F
1772,1,HappyBirthday,1134,730,M,1,0.00271971,0.417955,7431.68,1.01209,F
1772,1,HappyBirthday,550,2920.44,M,1,0.00162294,1.13068,6.89825,0.511601,F
1772,1,HappyBirthday,596,36135.9,F,1,0.018754,7.22449,66.6776,6.48883,F
1772,1,HappyBirthday,1076,1095,M,1,0.933053,0.0325962,799.541,1804.51,F
1773,1,HappyBirthday,140,8395.33,M,1,0.0476975,1.36586,99.6069,19.7073,F
1773,1,HappyBirthday,1175,365,M,1,0.437551,0.0350063,1495.67,417.942,F
1773,1,HappyBirthday,180,3650.54,M,1,0.0794891,0.0500409,79.7821,34.4327,F
1773,1,HappyBirthday,444,23360,M,1,0.0154134,3.15306,204.372,6.64121,F
1773,1,HappyBirthday,600,2190.79,M,1,0.0212991,0.0854047,1122.19,12.457,F
1773,1,HappyBirthday,1043,1460,M,1,0.13632,0.297156,22.3632,48.9385,F
1774,1,HappyBirthday,77,8760.16,F,1,0.05354,1.03818,56.9851,20.0851,F
1774,1,HappyBirthday,82,22630.1,M,1,0.216135,0.448348,3949.54,391.54,F
1774,1,HappyBirthday,430,6205.63,F,1,0.00271178,0.492895,1104.94,4.08381,F
1774,1,HappyBirthday,854,35041,F,1,0.19076,2.37143,12.3258,67.5601,F
1774,1,HappyBirthday,1135,730,F,1,0.235121,0.041324,20.7943,86.3231,F
1775,1,HappyBirthday,48,9855.62,F,1,0.26115,0.0783008,49.5807,104.916,F
1775,1,HappyBirthday,173,24455.9,F,1,0.202829,1.44127,73.2019,76.6445,F
1775,1,HappyBirthday,273,16790.2,F,1,0.252868,2.92269,2299.53,637.995,F
1775,1,HappyBirthday,293,2190.21,F,1,0.00545967,0.98938,0.89955,1.70194,F
1775,1,HappyBirthday,632,32485.4,M,1,0.000915028,0.223317,2.39925,0.287842,F
1775,1,HappyBirthday,928,17520.2,F,1,0.325773,1.58485,1355.9,459.931,F
1776,1,HappyBirthday,1136,730,F,1,0.0676781,0.137004,701.056,40.085,F
1776,1,HappyBirthday,401,33580.5,F,1,0.00428419,0.192086,25.6317,1.38186,F
1776,1,HappyBirthday,518,14235.2,F,1,0.0726383,1.97741,1.45824,23.4696,F
1776,1,HappyBirthday,523,7665.89,F,1,0.172283,0.26425,987,152.868,F
1777,1,HappyBirthday,127,16425.6,F,1,0.0152244,0.658749,22.2918,5.26897,F
1777,1,HappyBirthday,297,3650.65,F,1,0.00243289,0.43866,31.79,0.835189,F
1777,1,HappyBirthday,371,2555.76,M,1,0.0129296,0.984944,37999.5,49.5221,F
1777,1,HappyBirthday,653,5475.38,M,1,0.133786,0.371533,30.3065,45.3315,F
1777,1,HappyBirthday,664,6205.47,M,1,0.109862,1.49551,9.23359,37.6774,F
1777,1,HappyBirthday,691,8760.87,M,1,0.120694,1.72442,537.374,41.9161,F
1777,1,HappyBirthday,712,14965.2,F,1,0.00708309,1.5605,798.478,4.65162,F
1777,1,HappyBirthday,1137,730,M,1,0.789816,0.103286,725.969,945.114,F
1777,1,HappyBirthday,838,4380.68,M,1,0.0659175,1.25961,444.374,40.9452,F
1777,1,HappyBirthday,965,4380.67,F,1,0.0335566,0.712526,32.5075,11.0982,F
1777,1,HappyBirthday,992,3285.86,M,1,0.0797379,8.59261,6.3824,26.2274,F
1778,1,HappyBirthday,250,13505.3,M,1,0.05896,0.259137,118.29,23.0903,F
1778,1,HappyBirthday,559,4015.1,F,1,0.00453655,0.158213,0.0452017,1.41382,F
1779,1,HappyBirthday,303,3650.26,F,1,0.477319,0.325272,623.054,433.769,F
1779,1,HappyBirthday,516,31390.2,F,1,0.00406822,0.156239,58285.8,20.8544,F
1779,1,HappyBirthday,1077,1095,F,1,0.00686181,0.186013,1060.29,2.14201,F
1779,1,Births,1228,0,F,0,0,0.0308892,0,0,F
1780,1,HappyBirthday,148,17520.7,M,1,0.39658,2.10856,1766.8,168.595,F
1780,1,HappyBirthday,347,8030.43,F,1,0.0402598,0.548935,26.6552,13.3225,F
1780,1,HappyBirthday,1176,365,M,1,5.73822e-05,0.120317,6372.32,0.318323,F
1780,1,HappyBirthday,570,9125.4,M,1,8.56665e-05,0.0543033,99987.1,0.345355,F
1781,1,HappyBirthday,450,1825.77,F,1,0.000100217,0.515404,26.0967,0.0322656,F
1781,1,HappyBirthday,601,2920.33,M,1,0.575588,8.32628,206.136,501.612,F
1781,1,Births,1229,0,F,0,0,0.0123365,0,0,F
1782,1,HappyBirthday,749,20805.1,M,1,0.00196309,1.91635,8.337,0.620794,F
1782,1,HappyBirthday,771,16060.7,F,1,0.82134,0.375575,188.968,621.944,F
1782,1,HappyBirthday,842,17885.9,M,1,0.0873882,0.467844,95.9746,29.279,F
1783,1,HappyBirthday,1139,730,M,1,0.050131,1.81906,69.4186,17.6538,F
1783,1,HappyBirthday,275,27010.3,F,1,0.841725,1.46656,273.232,640.735,F
1783,1,HappyBirthday,315,4380.62,M,1,0.552115,0.312395,36.7788,256.209,F
1783,1,HappyBirthday,1138,730,F,1,0.457993,0.793758,481.789,239.367,F
1783,1,HappyBirthday,916,22630,F,1,0.00217573,0.223351,7.56303,0.681993,F
1784,1,HappyBirthday,500,9125.98,M,1,0.000103089,0.0658818,11660.5,0.82529,F
1785,1,HappyBirthday,1078,1095,F,1,0.0149645,1.15382,0.731451,4.6935,F
1787,1,HappyBirthday,432,13140.9,F,1,0.0110698,0.589138,3152.82,16.5754,F
1787,1,HappyBirthday,492,1825.67,F,1,0.0293188,0.47591,7336.3,122.637,F
1787,1,HappyBirthday,1140,730,F,1,0.00121049,0.0692305,81247.8,15.345,F
1787,1,HappyBirthday,945,6570.97,F,1,0.00230833,1.83466,53945.4,4.71431,F
1788,1,HappyBirthday,153,9490.14,M,1,0.000273383,1.35822,0.0753076,0.0850108,F
1788,1,HappyBirthday,211,16060.6,M,1,0.0595859,0.205409,698.366,19.5859,F
1788,1,HappyBirthday,339,11680.6,M,1,0.0892173,5.72058,122210,1082.06,F
1788,1,HappyBirthday,529,13140.6,F,1,0.0324525,0.0427921,38.0822,11.303,F
1789,1,HappyBirthday,191,1825.32,F,1,0.0779563,0.0868114,70.7532,25.2413,F
1789,1,HappyBirthday,206,7300.27,F,1,0.705813,0.00319569,9.379,395.362,F
1789,1,HappyBirthday,1177,365,F,1,0.00480616,0.101974,589.543,2.86706,F
1790,1,HappyBirthday,1044,1460,M,1,0.006171,0.196227,102.179,1.94394,F
1791,1,HappyBirthday,171,14965.1,F,1,0.000129969,1.77295,25452.1,0.434767,F
1792,1,HappyBirthday,1141,730,M,1,0.273389,0.262524,11161.2,162.456,F
1792,1,HappyBirthday,852,4380.57,M,1,0.093361,5.4866,441.836,41.459,F
1792,1,Births,1230,0,F,0,0,0.144434,0,0,F
1793,1,HappyBirthday,424,16790.9,M,1,0.182321,0.14193,3.98732,62.6786,F
1793,1,HappyBirthday,1080,1095,M,1,0.252946,0.303586,53626.6,1448.93,F
1794,1,Births,1231,0,F,0,0,0.0511757,0,0,F
1795,1,HappyBirthday,924,13870.3,F,1,0.00761791,0.135432,49.9945,2.52789,F
1796,1,HappyBirthday,2,13140.4,M,1,0.00956122,3.76256,97.151,2.99107,F
1796,1,HappyBirthday,309,3650.8,F,1,0.604926,0.884234,543.248,331.654,F
1796,1,HappyBirthday,867,9125.89,M,1,0.221662,1.29885,33.6874,91.0352,F
1796,1,HappyBirthday,1081,1095,M,1,0.370822,1.18416,11706.1,461.265,F
1797,1,HappyBirthday,1045,1460,F,1,0.13807,0.199058,53.8395,49.5326,F
1797,1,HappyBirthday,1142,730,F,1,0.00608962,0.0629302,135.353,2.23217,F
1797,1,HappyBirthday,1178,365,M,1,0.000426917,0.0998008,83640.2,1.05054,F
1798,1,HappyBirthday,231,6570.46,F,1,0.0253718,0.319242,0.147437,7.99236,F
1798,1,HappyBirthday,967,1825.42,M,1,0.504003,0.81954,165.64,219.07,F
1798,1,HappyBirthday,1179,365,F,1,0.0163098,0.0219635,108.615,6.06327,F
1799,1,HappyBirthday,21,21170.5,M,1,0.556907,0.0769859,154.121,313.918,F
1799,1,Births,1232,0,F,0,0,0.259328,0,0,F
1800,1,HappyBirthday,199,6205.64,F,1,0.00410663,0.871437,35.6262,1.38844,F
1800,1,HappyBirthday,686,17520.5,F,1,0.0105956,0.486646,7.56463,3.31055,F
1800,1,HappyBirthday,784,8760.13,F,1,0.0848946,4.37329,465.289,36.8909,F
1801,1,HappyBirthday,442,12775.5,M,1,0.066379,4.56524,2266.94,41.9211,F
1801,1,HappyBirthday,1143,730,M,1,0.0415082,0.158729,51664.5,53.0643,F
1801,1,HappyBirthday,786,21170.3,F,1,0.0460371,2.14853,327.474,27.9843,F
1802,1,HappyBirthday,813,4015.14,M,1,0.00561108,0.43992,3173.18,1.90141,F
1802,1,HappyBirthday,844,6935.54,F,1,0.703226,6.00349,46.7275,418.671,F
1803,1,HappyBirthday,150,23360.4,M,1,0.000868427,0.698489,92.8678,0.3102,F
1803,1,HappyBirthday,239,31025.7,M,1,0.00020127,0.280089,3759.96,0.713059,F
1803,1,HappyBirthday,1180,365,F,1,0.524397,0.868053,7326.56,503.852,F
1803,1,HappyBirthday,433,25915.3,M,1,0.0068908,1.33258,11.9974,2.1539,F
1803,1,HappyBirthday,583,12045.7,M,1,7.89305e-06,19.1297,34214.1,0.0172116,F
1804,1,HappyBirthday,241,18980.4,F,1,0.014801,0.458915,416.532,5.47777,F
1804,1,HappyBirthday,569,8760.13,M,1,0.703864,9.1193,27.1995,405.651,F
1804,1,HappyBirthday,823,9855.95,M,1,0.0835312,2.56203,13.3825,27.4358,F
1804,1,Births,1233,0,F,0,0,0.0106138,0,0,F
1806,1,HappyBirthday,219,7300.28,F,1,0.00185434,0.745245,16487.2,1.14234,F
1807,1,HappyBirthday,327,5110.92,M,1,0.0440184,0.303607,124.038,18.6709,F
1807,1,HappyBirthday,554,11680.1,F,1,0.028815,3.77504,1644.58,9.38982,F
1807,1,HappyBirthday,640,7665.87,M,1,0.039041,4.48547,10193.3,71.9048,F
1808,1,HappyBirthday,328,14235.4,F,1,0.064669,0.27158,10672.2,58.1914,F
1808,1,HappyBirthday,579,6205.32,M,1,0.0814941,0.22067,142.398,37.1816,F
1808,1,HappyBirthday,765,31755.1,M,1,0.00487133,0.194409,0.525488,1.51889,F
1809,1,HappyBirthday,660,1825.5,F,1,0.124494,10.8276,1432.95,48.1702,F
1809,1,HappyBirthday,1046,1460,M,1,0.0790556,0.05055,2.51799,25.6504,F
1809,1,HappyBirthday,912,15330.3,M,1,0.0230931,0.199411,2957.5,28.6678,F
1809,1,HappyBirthday,930,8395.78,M,1,0.123697,0.518774,96.8063,54.4989,F
1810,1,HappyBirthday,119,13140.9,M,1,0.000210553,0.0466273,0.694067,0.0656052,F
1810,1,HappyBirthday,448,4015.45,F,1,0.144134,5.76689,153.502,57.8332,F
1810,1,HappyBirthday,634,4015.46,M,1,0.0270168,1.81348,1491.5,23.9141,F
1810,1,HappyBirthday,825,13870.5,F,1,0.0176511,0.0888106,15.0745,5.80792,F
1810,1,HappyBirthday,975,6570.19,M,1,0.126396,7.15709,666.934,48.8007,F
1810,1,HappyBirthday,1082,1095,F,1,0.00697426,0.245825,9340.33,5.35031,F
1811,1,HappyBirthday,663,32850.6,F,1,0.0530903,0.395899,54757.9,260.224,F
1811,1,HappyBirthday,1144,730,F,1,0.00366753,0.0488303,70.1683,1.27951,F
1812,1,HappyBirthday,541,5840.81,M,1,0.0248746,2.51574,4.91157,7.93533,F
1813,1,HappyBirthday,553,6570.41,F,1,0.185461,9.7529,23.5858,70.0929,F
1813,1,HappyBirthday,699,16060.2,F,1,0.00440211,1.83989,0.181252,1.37198,F
1814,1,HappyBirthday,102,2920.13,F,1,0.211517,10.85,387.655,78.8875,F
1814,1,HappyBirthday,445,4015.37,M,1,0.595116,3.74878,5592.92,464.99,F
1815,1,HappyBirthday,423,8760.18,M,1,0.000944214,2.1236,13.801,0.314146,F
1815,1,HappyBirthday,934,14600.2,M,1,0.0432904,0.201215,574.584,14.3117,F
1815,1,HappyBirthday,1182,365,F,1,0.00286879,0.0177062,14.5961,0.908408,F
1816,1,HappyBirthday,6,7300.11,M,1,0.670243,0.146164,236.773,375.642,F
1817,1,HappyBirthday,446,2190.34,F,1,0.165199,2.43553,43323.3,1337.63,F
1817,1,HappyBirthday,684,1825.26,M,1,0.444189,0.765143,26.3961,190.813,F
1818,1,HappyBirthday,209,3285.13,M,1,0.00168468,3.86862,0.797428,0.523953,F
1818,1,HappyBirthday,757,9855.07,M,1,0.00091398,0.19556,4.35955,0.29017,F
1818,1,HappyBirthday,864,9490.35,F,1,0.016448,0.82048,68983.9,185.923,F
1818,1,HappyBirthday,1183,365,M,1,0.310725,0.947909,8452.39,537.177,F
1819,1,HappyBirthday,138,7300.39,M,1,0.00123848,3.16705,366.721,0.434393,F
1819,1,HappyBirthday,340,27010.9,M,1,0.0351173,0.927584,2.51602,11.2508,F
1819,1,HappyBirthday,359,4380.91,M,1,0.0203247,0.0210283,96.7548,7.63837,F
1819,1,HappyBirthday,697,8395.68,M,1,0.569805,2.43468,12.9766,272.588,F
1820,1,HappyBirthday,507,5475.03,M,1,0.426148,0.568681,111.79,187.372,F
1821,1,HappyBirthday,178,8395.4,M,1,0.0045525,0.0775299,39.9412,1.64868,F
1821,1,HappyBirthday,591,14600.2,M,1,0.000970738,1.44525,11229.9,0.510555,F
1822,1,HappyBirthday,80,2920.88,F,1,0.024706,2.98985,113.376,11.4248,F
1822,1,HappyBirthday,493,7300.6,F,1,0.0845148,9.09039,4885.18,52.0014,F
1822,1,HappyBirthday,539,4745.17,M,1,0.00133786,1.16273,41.9455,0.439157,F
1823,1,HappyBirthday,186,2920.55,M,1,0.0490449,0.201876,6.75639,15.6351,F
1823,1,HappyBirthday,1047,1460,F,1,0.218588,0.267159,578.678,76.7417,F
1823,1,HappyBirthday,626,8030.34,F,1,0.0089703,0.272946,205.456,2.96961,F
1824,1,HappyBirthday,201,8760.36,F,1,0.290093,0.922478,4862.77,668.367,F
1824,1,HappyBirthday,348,9855.04,F,1,0.49616,0.134928,2202.15,271.741,F
1825,1,HappyBirthday,566,8760.02,F,1,0.0558695,1.67088,669.425,17.9436,F
1826,1,HappyBirthday,1048,1460,M,1,0.0745547,0.0171599,66.3488,31.702,F
1826,1,HappyBirthday,335,11315.3,M,1,0.0027242,0.593359,2.57526,0.851373,F
1826,1,HappyBirthday,419,16060.3,M,1,0.132673,0.528039,4.80058,44.3058,F
1826,1,HappyBirthday,780,31025.4,M,1,0.081198,4.52503,95.8452,38.2513,F
1826,1,HappyBirthday,794,5475.75,F,1,0.000192873,0.00653619,14086.5,0.0897849,F
1826,1,HappyBirthday,1084,1095,M,1,0.192854,0.030772,305.482,91.6715,F
1826,1,HappyBirthday,980,3285.46,F,1,9.03112e-05,0.0691347,3299.83,0.305695,F
1827,1,HappyBirthday,267,16060.8,F,1,0.422604,0.915056,827.397,174.483,F
1828,1,HappyBirthday,36,2190.89,F,1,0.00398352,0.151781,52.0252,1.49809,F
1828,1,HappyBirthday,163,3650.83,F,1,0.235459,0.252601,7.50513,83.4509,F
1828,1,HappyBirthday,1049,1460,M,1,0.00135496,0.649375,148.926,0.532821,F
1828,1,HappyBirthday,368,28470.9,M,1,0.0451164,0.503388,118.868,16.7937,F
1829,1,HappyBirthday,1184,365,M,1,0.604585,0.110875,272.532,640.167,F
1829,1,HappyBirthday,486,19710.1,F,1,0.366555,1.12885,159.488,168.757,F
1829,1,HappyBirthday,1145,730,M,1,0.402499,0.0550347,4215.38,214.937,F
1830,1,HappyBirthday,325,8395.39,M,1,0.0113607,3.50019,101.954,4.14596,F
1830,1,HappyBirthday,388,24090.3,F,1,0.008924,1.34046,14.0946,2.93129,F
1830,1,HappyBirthday,851,4745.46,F,1,0.079166,0.405265,58.2938,27.4526,F
1831,1,HappyBirthday,1185,365,M,1,0.13636,1.04384,146.287,53.9602,F
1831,1,HappyBirthday,133,26280.7,M,1,0.192022,0.0786923,114.522,96.1498,F
1831,1,HappyBirthday,1146,730,F,1,0.1081,0.505155,6441.13,267.039,F
1832,1,HappyBirthday,774,6570.07,F,1,0.00288716,6.09307,547.443,0.982145,F
1832,1,HappyBirthday,1085,1095,M,1,0.599829,0.0307233,1702.27,327.198,F
1833,1,HappyBirthday,245,6935.83,F,1,0.000153512,0.166505,39610.9,0.20107,F
1833,1,HappyBirthday,972,24090.4,F,1,0.195576,0.40484,7618.97,109.524,F
1833,1,Births,1234,0,M,0,0,0.0325536,0,0,F
1834,1,HappyBirthday,164,10585.8,M,1,0.472428,2.37524,2301.29,204.365,F
1834,1,HappyBirthday,274,13505.5,M,1,0.0491948,0.869033,16.223,15.7045,F
1834,1,HappyBirthday,360,4380.99,F,1,0.00146712,0.0395505,74.683,0.530572,F
1834,1,HappyBirthday,1050,1460,F,1,1.69658e-05,1.66691,41411.9,0.14835,F
1834,1,HappyBirthday,871,26645.1,F,1,2.52272e-05,64.1188,93902.6,0.350178,F
1834,1,HappyBirthday,987,10586,M,1,0.128076,0.330292,26829.1,1226.33,F
1835,1,HappyBirthday,232,8030.9,M,1,0.0136647,0.901162,148.001,5.527,F
1835,1,HappyBirthday,1002,1825,F,1,0.121246,0.416903,13797.4,324.684,F
1835,1,HappyBirthday,394,12410,F,1,0.0898833,73.4213,9381.8,217.951,F
1835,1,HappyBirthday,1086,1095,F,1,0.206703,1.85888,267.719,82.4177,F
1835,1,HappyBirthday,964,4380.74,F,1,0.526785,1.32762,16988.5,573.039,F
1836,1,HappyBirthday,42,33580.2,F,1,0.851405,2.29995,77.4437,606.446,F
1836,1,HappyBirthday,47,5110.53,M,1,0.231306,0.464845,9814.78,246.498,F
1836,1,HappyBirthday,620,9490.81,F,1,0.000717856,0.610564,4.12476,0.227883,F
1836,1,HappyBirthday,887,11315.4,F,1,0.297832,0.954851,34.7848,115.833,F
1837,1,HappyBirthday,687,5840.89,M,1,0.567425,0.355488,62.4517,262.003,F
1838,1,HappyBirthday,365,5840.77,F,1,0.189849,5.85598,23414.3,1778.34,F
1838,1,HappyBirthday,540,29565.5,M,1,0.000760679,0.195943,259.739,0.464165,F
1839,1,HappyBirthday,998,2920.74,M,1,0.0141047,3.88373,5932.03,34.7687,F
1840,1,HappyBirthday,302,5475.72,F,1,0.151449,3.96113,163.752,55.115,F
1840,1,HappyBirthday,603,11680.4,F,1,0.00103487,3.00843,23.0452,0.332297,F
1840,1,HappyBirthday,718,6935.36,F,1,0.00318314,0.948323,1.13279,0.992632,F
1840,1,HappyBirthday,906,22995.9,F,1,0.000357886,0.130512,0,0.111193,F
1841,1,HappyBirthday,67,2555.87,F,1,0.000189656,0.00546674,26.7258,0.0669134,F
1841,1,HappyBirthday,806,4015.44,F,1,0.00851316,2.13923,214.553,3.52528,F
1842,1,HappyBirthday,1003,1825,F,1,0.00171365,0.0913516,2.20383,0.534073,F
1842,1,HappyBirthday,879,6205.23,F,1,0.0290479,0.530832,476.942,9.16188,F
1843,1,HappyBirthday,51,21535.7,M,1,0.0868955,1.16158,0.0583162,28.2526,F
1843,1,HappyBirthday,361,5840.37,M,1,0.08861,0.0835969,7849.62,224.09,F
1843,1,HappyBirthday,546,3285.58,F,1,0.360742,0.937259,25463.8,491.34,F
1843,1,HappyBirthday,604,3285.49,M,1,0.000423264,5.78429,11322,1.33175,F
1844,1,HappyBirthday,112,2920.97,F,1,0.0155799,0.182213,4.08991,4.98209,F
1844,1,HappyBirthday,195,20440.3,M,1,0.680632,1.91064,109.112,361.329,F
1844,1,HappyBirthday,1051,1460,F,1,0.000263648,0.168507,39.1482,0.0951283,F
1845,1,HappyBirthday,1147,730,F,1,0.377584,1.4507,1123.54,380.505,F
1845,1,HappyBirthday,576,20075.8,M,1,0.429716,0.41621,6159.45,595.169,F
1845,1,HappyBirthday,661,32120,M,1,0.173096,0.924891,6727.82,1052.24,F
1845,1,HappyBirthday,732,4015.6,M,1,0.0232181,0.252167,2292.16,25.6018,F
1845,1,HappyBirthday,738,7665.94,M,1,0.00128262,1.82964,0.879346,0.399643,F
1846,1,HappyBirthday,1004,1825,F,1,0.0178203,0.272857,1.19558,5.59545,F
1847,1,HappyBirthday,628,3650.88,M,1,0.020934,0.591799,6224.12,14.4706,F
1847,1,HappyBirthday,741,3285.69,M,1,0.790535,0.467271,142.967,580.999,F
1847,1,HappyBirthday,1087,1095,M,1,0.458865,0.644581,210.637,231.949,F
1848,1,HappyBirthday,317,16060.3,M,1,0.0739072,17.6173,592.651,26.372,F
1848,1,HappyBirthday,1052,1460,F,1,0.0788911,0.0437691,62.8033,31.4728,F
1848,1,HappyBirthday,890,5110.88,F,1,0.00177714,0.582298,1571.38,1.68886,F
1848,1,Births,1235,0,F,0,0,0.0373657,0,0,F
1849,1,HappyBirthday,230,16060.2,M,1,0.119828,1.01414,369.438,53.1603,F
1849,1,HappyBirthday,426,14600.8,M,1,0.000871155,5.46283,148.004,0.408353,F
1849,1,HappyBirthday,862,14965.6,F,1,0.0144813,5.81534,1091.85,4.58976,F
1849,1,HappyBirthday,891,9855.7,M,1,0.00570655,0.126378,55.7594,1.86131,F
1849,1,HappyBirthday,962,3650.58,M,1,0.290083,0.0966113,22.9493,110.211,F
1850,1,HappyBirthday,13,22630.9,F,1,0.237773,0.112121,78.0586,93.5411,F
1850,1,HappyBirthday,20,8760.84,M,1,0.00134618,2.18286,90.8265,0.56317,F
1851,1,HappyBirthday,29,5840.41,M,1,0.143958,0.523317,85543,997.205,F
1851,1,HappyBirthday,678,11315.9,F,1,0.405343,2.92378,1343.61,284.133,F
1851,1,HappyBirthday,1088,1095,M,1,0.591596,0.117477,0.645578,279.154,F
1851,1,HappyBirthday,1186,365,F,1,0.0671912,0.124742,117.492,25.6824,F
1852,1,HappyBirthday,121,21900.5,F,1,0.00358533,0.0286658,27.1146,1.25936,F
1852,1,HappyBirthday,391,2555.76,M,1,0.19241,1.08756,5.6731,66.5786,F
1853,1,HappyBirthday,58,27010.9,F,1,0.0152551,0.411654,9.00305,4.79425,F
1853,1,HappyBirthday,457,19710.6,F,1,0.321098,0.568207,7442.41,246.757,F
1853,1,HappyBirthday,750,6205.17,F,1,0.00102075,0.376851,12.2048,0.337004,F
1854,1,HappyBirthday,944,2190.73,M,1,0.139818,0.198151,1.51933,46.8574,F
1855,1,HappyBirthday,455,9125.92,M,1,0.0385193,1.88941,134.627,13.384,F
1855,1,HappyBirthday,811,2920.12,F,1,0.320456,0.132661,17876.9,465.664,F
1855,1,HappyBirthday,822,5110.6,F,1,0.793335,3.40339,266.043,705.615,F
1855,1,HappyBirthday,1089,1095,F,1,0.0254873,0.273923,782.085,9.66402,F
1857,1,HappyBirthday,543,18250.2,F,1,0.231737,2.02799,28736.2,1452.22,F
1857,1,HappyBirthday,779,18980.3,F,1,0.0110508,14.3571,215.597,4.83855,F
1857,1,HappyBirthday,1187,365,F,1,0.184847,0.0462338,10570.1,1268.33,F
1858,1,Births,1236,0,M,0,0,0.0866939,0,0,F
1859,1,HappyBirthday,40,11315.1,F,1,0.0230979,0.202661,4981.31,11.3259,F
1859,1,HappyBirthday,417,9125.04,M,1,0.00553457,0.453798,7700.25,10.1167,F
1859,1,HappyBirthday,1188,365,M,1,0.0123865,0.0315202,0.66009,3.88446,F
1859,1,HappyBirthday,1189,365,M,1,0.305733,0.0575722,35155.8,881.662,F
1860,1,HappyBirthday,23,16790.2,F,1,0.0130151,6.59156,524.211,4.08224,F
1861,1,HappyBirthday,690,32120.4,F,1,0.103453,3.43788,16490.1,1112.51,F
1861,1,HappyBirthday,1005,1825,M,1,0.00272369,0.069982,1701.3,2.19191,F
1862,1,HappyBirthday,217,8395.4,F,1,0.00456682,1.23809,0.007354,1.42259,F
1862,1,HappyBirthday,513,11680.8,M,1,0.315307,0.280912,10514.8,1388.23,F
1862,1,HappyBirthday,802,29201,M,1,0.00301428,0.0926257,32.0286,1.01503,F
1862,1,HappyBirthday,1190,365,M,1,0.00143956,3.58379,87.7028,0.527628,F
1862,1,Births,1237,0,F,0,0,0.0926957,0,0,F
1863,1,HappyBirthday,50,7665.68,M,1,9.39587e-05,0.136444,26822.1,1.20911,F
1863,1,HappyBirthday,1191,365,M,1,0,0.186312,4375.15,0,F
1864,1,HappyBirthday,7,26645.5,F,1,4.72663e-05,3.75841,4748.74,0.0324132,F
1864,1,HappyBirthday,248,5840.98,F,1,0.0353042,7.01689,388.096,21.9276,F
1864,1,HappyBirthday,1090,1095,F,1,0.114462,0.0620285,103.829,44.4995,F
1865,1,HappyBirthday,1091,1095,M,1,0.314958,0.933569,271.611,143.388,F
1865,1,HappyBirthday,399,9125.67,F,1,0.485369,0.815299,17.2745,212.58,F
1866,1,HappyBirthday,183,5110.86,F,1,0.427743,2.35533,584.482,217.146,F
1866,1,HappyBirthday,345,2920,M,1,6.35664e-05,0.987754,207.715,0.0262309,F
1866,1,HappyBirthday,530,6205.62,M,1,0.31312,0.437895,1152.37,520.009,F
1866,1,HappyBirthday,573,14235.7,F,1,0.00142751,0.257546,0.0072842,0.443822,F
1866,1,HappyBirthday,655,21535.7,F,1,0.287539,4.02785,15372.3,1583.92,F
1867,1,HappyBirthday,60,24820.3,F,1,0.0875021,6.4817,1671.79,33.7603,F
1867,1,HappyBirthday,1192,365,F,1,0.00177291,0.00523589,0.00117203,0.55126,F
1867,1,HappyBirthday,641,18615.1,F,1,0.000535204,6.69172,54268,0.911736,F
1868,1,HappyBirthday,134,6935.39,M,1,0.0410934,4.25885,1.07398,13.0661,F
1868,1,HappyBirthday,259,18615.8,M,1,0.00345172,0.357762,204.144,1.85282,F
1868,1,HappyBirthday,390,6570.59,F,1,0.0199893,0.100897,91.3848,8.23318,F
1868,1,Births,1238,0,M,0,0,0.0605781,0,0,F
1869,1,HappyBirthday,313,6570.75,F,1,0.130151,0.440122,6778.66,330.248,F
1869,1,HappyBirthday,1193,365,M,1,0.0976411,0.0572794,268.38,31.9536,F
1870,1,HappyBirthday,285,4380.94,F,1,0.000288072,0.849352,17608.9,0.77883,F
1870,1,HappyBirthday,575,3650.6,F,0,0,0.0324072,0,0,F
1870,1,HappyBirthday,880,20075.2,M,1,0.306308,0.531781,2.65044,114.962,F
1871,1,HappyBirthday,474,2190.71,F,1,0.0859251,0.327099,112.587,32.4618,F
1871,1,HappyBirthday,762,3650.09,F,1,0.749921,1.15055,372.104,438.763,F
1871,1,HappyBirthday,915,2190.2,F,1,0.0945552,1.19896,4325.98,39.2915,F
1872,1,HappyBirthday,154,3650.58,F,1,0.0449446,1.03139,605.198,16.6074,F
1872,1,Births,1239,0,M,0,0,0.0919983,0,0,F
1873,1,HappyBirthday,262,28105.6,F,1,0.0011506,0.221762,105.594,0.413917,F
1873,1,HappyBirthday,499,9855.62,F,1,0.266033,0.224953,70017.8,1488.28,F
1873,1,HappyBirthday,509,2190.53,F,1,0.185106,0.0733231,126.472,74.3448,F
1873,1,HappyBirthday,1148,730,M,1,0.0123312,0.125133,429.885,6.00896,F
1874,1,HappyBirthday,1149,730,M,1,0.0161563,1.07594,25.0817,5.24265,F
1874,1,HappyBirthday,132,10950.7,M,1,0.524767,1.17808,1332.76,394.21,F
1874,1,HappyBirthday,331,9855.01,F,1,0.00108045,0.142072,29.2986,0.381532,F
1875,1,HappyBirthday,495,11680.5,M,1,0.8349,0.620957,322.075,828.716,F
1875,1,HappyBirthday,869,15695.5,M,1,0.00380385,10.4016,1156.7,6.23111,F
1877,1,HappyBirthday,146,6205.44,M,1,7.59814e-05,1.60315,41.9182,0.0252679,F
1877,1,HappyBirthday,1092,1095,F,1,0.181197,0.23247,156.824,82.4102,F
1878,1,HappyBirthday,3,3285.15,M,1,0.0273593,0.0276417,13439.5,249.777,F
1878,1,HappyBirthday,233,4380.64,M,1,0.000878254,0.187422,35985.7,1.06451,F
1879,1,HappyBirthday,141,9490.99,F,1,0.0362096,0.325884,7696.4,15.3442,F
1879,1,HappyBirthday,607,14600.9,F,1,0.000930556,0.368942,1.38161,0.290808,F
1879,1,HappyBirthday,662,10585.9,M,1,9.59969e-05,7.28925,34232.8,0.355974,F
1879,1,HappyBirthday,781,10585.7,M,1,0.0446124,9.58674,2694.02,15.8995,F
1880,1,HappyBirthday,135,14600.7,M,1,0.173262,1.54032,3527.93,67.0145,F
1881,1,HappyBirthday,284,9855.88,M,1,0.00104213,0.530179,33.7183,0.342872,F
1881,1,HappyBirthday,296,17155.7,F,1,0.552135,0.963649,37276.3,1127.3,F
1881,1,HappyBirthday,370,5475.35,M,1,0.855761,0.175907,3.98608,604.115,F
1881,1,HappyBirthday,1195,365,M,1,0.00084448,0.975638,30646.3,1.04741,F
1882,1,HappyBirthday,15,32850.4,F,1,0.0018442,1.69786,12.2915,0.585262,F
1882,1,HappyBirthday,181,5840.38,F,1,0.00233517,1.79811,25603.6,11.2946,F
1882,1,HappyBirthday,299,10950.9,M,1,0.00698655,1.30034,15.7763,2.33224,F
1882,1,HappyBirthday,841,33945.4,F,1,0.0814783,2.44664,25.6986,27.2927,F
1882,1,HappyBirthday,984,14600.6,M,1,0.175862,3.68497,27.3432,66.8993,F
1882,1,Births,1240,0,M,0,0,0.09177,0,0,F
1883,1,HappyBirthday,149,21171,M,1,0.000233709,1.18336,43195.6,0.324331,F
1883,1,HappyBirthday,263,10585.2,F,1,0.000381802,0.0705133,0.192802,0.118874,F
1883,1,HappyBirthday,418,34310.7,M,1,0.00361794,5.23156,10.5935,1.14534,F
1883,1,HappyBirthday,1093,1095,M,1,0.00196927,0.996662,38.9422,0.658567,F
1883,1,HappyBirthday,680,6570.54,F,1,0.207052,1.87314,3126.24,297.605,F
1883,1,HappyBirthday,685,13505.4,F,1,0.107912,0.142487,15098.2,988.476,F
1884,1,HappyBirthday,130,18250.1,F,1,0.628578,0.289172,152.773,342.179,F
1884,1,HappyBirthday,580,2190.44,F,1,0.000516303,2.51001,28549.6,0.517413,F
1885,1,HappyBirthday,1196,365,M,1,0.0158899,0.271413,602.886,11.9272,F
1885,1,HappyBirthday,291,21900.1,F,1,0.359822,4.679,14.2533,147.092,F
1885,1,HappyBirthday,346,12045.2,F,1,0.00259556,0.993371,27481.9,1.86707,F
1885,1,HappyBirthday,673,18250.6,M,1,0.00303669,4.10072,54703.8,9.68519,F
1885,1,HappyBirthday,778,3650.92,M,1,0.000183486,1.61451,41797.8,0.264621,F
1886,1,HappyBirthday,585,14235.3,F,1,0.181337,2.28016,41444.4,1720.87,F
1887,1,HappyBirthday,429,4745.08,F,1,0.137298,0.0313337,3400.21,89.3264,F
1887,1,HappyBirthday,491,22630.6,M,1,0.676482,6.48874,61.2069,425.064,F
1887,1,HappyBirthday,552,8030.37,F,1,0.0363734,1.66389,27.2221,13.0313,F
1887,1,HappyBirthday,574,7300.83,M,1,0.0752775,3.8281,2.41054,24.6106,F
1887,1,HappyBirthday,921,6935.44,M,1,0.0814874,0.892301,85.2586,33.1169,F
1888,1,HappyBirthday,290,14600,M,1,0.00482555,22.5713,93.8657,1.87067,F
1888,1,HappyBirthday,381,9125.4,M,1,0.0275156,0.91167,105.773,11.2437,F
1888,1,HappyBirthday,609,2555.69,M,1,0.000658256,2.33289,9.04358,0.209466,F
1889,1,HappyBirthday,343,8030.01,M,1,0.00402731,12.3457,43996.1,16.793,F
1889,1,HappyBirthday,751,7300.46,F,1,0.00200734,0.278093,0.0338608,0.624445,F
1890,1,HappyBirthday,104,16425.2,M,1,0.366542,4.30106,28567.1,798.883,F
1890,1,Births,1241,0,M,0,0,0.0230139,0,0,F
1891,1,HappyBirthday,826,5110.21,M,1,0.0854136,0.314415,26.239,28.9064,F
1892,1,HappyBirthday,254,13505.3,F,1,0.00517101,1.78823,124.733,1.86403,F
1892,1,HappyBirthday,1197,365,M,1,0.000106073,0.0313122,133208,0.861787,F
1893,1,HappyBirthday,84,10220.7,F,1,0.158426,0.281354,27.7696,53.7658,F
1893,1,HappyBirthday,463,3285.48,M,1,0.269418,3.04116,5.66683,98.8318,F
1893,1,HappyBirthday,995,10951,F,1,0.000761291,32.7425,110877,5.80987,F
1893,1,HappyBirthday,1007,1825,F,1,0.0485559,4.06333,45.9926,16.9346,F
1894,1,HappyBirthday,53,6935.24,M,1,0.000532027,0.131637,26.6859,0.185654,F
1894,1,HappyBirthday,137,31755.1,M,1,0.00197861,2.96168,2469.49,0.616739,F
1894,1,HappyBirthday,1008,1825,M,1,0.00190555,0.0335051,436.79,0.672747,F
1895,1,HappyBirthday,11,19710.9,M,1,0.455392,0.59861,389.919,457.172,F
1895,1,HappyBirthday,824,6935.32,F,1,1.01746e-05,0.145363,76546.9,0.0948077,F
1895,1,HappyBirthday,908,2190.6,M,1,0.249389,0.0748494,12.3818,90.5354,F
1896,1,HappyBirthday,1009,1825,M,1,0.0855884,0.0544167,143.487,32.6938,F
1896,1,Births,1242,0,F,0,0,0.113495,0,0,F
1897,1,HappyBirthday,464,2190.27,F,1,0.0642688,0.670062,314.296,29.1454,F
1897,1,HappyBirthday,698,7665.92,F,1,0.161478,2.6306,95.9023,56.8739,F
1897,1,HappyBirthday,804,17885.7,F,1,0.0374269,1.97178,14876.7,101.674,F
1897,1,HappyBirthday,859,5840.28,M,1,0.133665,0.872873,87312.3,1030.15,F
1897,1,HappyBirthday,899,7300.59,F,1,5.49688e-05,10.4429,1.17272,0.0171867,F
1898,1,HappyBirthday,1095,1095,M,1,0.00238526,1.005,8.05177,0.764152,F
1898,1,HappyBirthday,1053,1460,M,1,0.00986018,0.71891,34.1651,3.23053,F
1898,1,HappyBirthday,1150,730,M,1,0.00941633,0.272659,19.5318,3.22764,F
1898,1,HappyBirthday,556,16060.8,F,1,0.0156449,2.3473,391.077,4.90297,F
1898,1,HappyBirthday,1094,1095,M,1,0.195782,0.289174,587.354,73.4417,F
1899,1,HappyBirthday,549,6570.63,F,1,0.000672982,0.552792,25.2866,0.216537,F
1899,1,HappyBirthday,723,2190.27,M,1,0.32278,1.57345,6484.08,539.713,F
1899,1,HappyBirthday,1010,1825,M,1,0.00075009,0.171465,4116.54,3.36118,F
1899,1,Births,1243,0,F,0,0,0.005481,0,0,F
1900,1,HappyBirthday,44,8030.03,F,1,0.018263,0.179947,116.707,6.88021,F
1900,1,HappyBirthday,214,2190.43,M,1,0.00889607,0.75422,38.9448,2.96237,F
1901,1,HappyBirthday,63,16060.8,F,1,0.0662342,2.61849,127.638,25.0603,F
1901,1,HappyBirthday,470,9855.51,F,1,0.00779677,2.33646,2423.57,10.2648,F
1901,1,HappyBirthday,1198,365,M,1,0.00125797,0.114757,41646.6,2.32878,F
1903,1,HappyBirthday,1055,1460,F,1,0.0052246,0.363947,73.3626,1.89542,F
1903,1,HappyBirthday,711,4745.47,F,1,0.0106239,9.91529,55269.6,13.6398,F
1903,1,HappyBirthday,946,17155.4,M,1,0.474545,0.0430316,163.327,308.587,F
1903,1,HappyBirthday,948,2555.14,F,1,0.027851,0.797012,36.9148,8.8831,F
1904,1,HappyBirthday,37,14600.9,M,1,0.115885,0.354519,256.467,80.864,F
1904,1,HappyBirthday,246,27375.9,M,1,0.475684,0.0398242,42.9058,206.115,F
1904,1,HappyBirthday,261,2920.04,F,1,0.404561,0.0634851,4056.07,633.255,F
1904,1,HappyBirthday,279,9855.61,F,1,1.38432e-06,2.04082,39075.8,0.0111944,F
1904,1,HappyBirthday,1096,1095,F,1,0.437101,0.0622172,955.588,752.707,F
1905,1,HappyBirthday,128,8760.57,F,1,0.0896645,0.681332,74.541,32.9249,F
1905,1,HappyBirthday,175,9490.44,F,1,0.00320326,0.135202,129.513,1.20266,F
1905,1,HappyBirthday,846,2190.63,M,1,0.091069,0.0717553,27.8076,30.5379,F
1905,1,HappyBirthday,892,4745.17,M,1,0.0140222,0.271957,52.9581,4.72574,F
1906,1,HappyBirthday,769,4380.91,M,1,0.078247,2.75729,2901.17,107.164,F
1907,1,HappyBirthday,307,15695.7,M,1,0.00494052,0.297201,2417.42,5.56219,F
1907,1,HappyBirthday,874,3285.21,M,1,0.192255,0.26163,75.3889,75.2784,F
1907,1,HappyBirthday,919,33580.9,F,1,0.190901,0.973216,732.136,226.145,F
1908,1,HappyBirthday,1200,365,F,1,0.00235616,0.130814,84498.5,15.5939,F
1908,1,HappyBirthday,120,13140.2,M,1,0.0357184,0.758943,31707.3,34.3087,F
1908,1,HappyBirthday,1011,1825,M,1,0.033607,0.0218406,1.10248,10.6666,F
1908,1,HappyBirthday,483,15330.5,F,1,0.0103247,0.413715,3483.21,30.3919,F
1908,1,HappyBirthday,674,17155.1,M,1,0.0474253,1.76581,11153.3,100.806,F
1908,1,HappyBirthday,1199,365,F,1,0.0425326,0.214951,59.0402,17.3136,F
1909,1,HappyBirthday,111,2190.25,F,1,0.174041,4.33286,197.104,61.6066,F
1909,1,HappyBirthday,384,17156,M,1,0.113645,0.201113,43.472,43.5901,F
1909,1,HappyBirthday,1151,730,F,1,0.478897,0.0338057,7568.38,533.221,F
1909,1,HappyBirthday,1097,1095,F,1,0.180012,0.604591,16.8565,63.6598,F
1910,1,HappyBirthday,624,2555.44,F,1,0.00533414,0.510432,123.836,1.85622,F
1910,1,HappyBirthday,1099,1095,M,1,0.388614,0.27436,607.752,161.064,F
1911,1,HappyBirthday,1100,1095,M,1,0.0131389,0.163258,6786.14,53.8235,F
1911,1,HappyBirthday,1012,1825,F,1,0.00218682,5.52268,80.7037,0.772321,F
1912,1,HappyBirthday,220,4745.83,F,1,0.00556998,2.23914,120.078,2.19373,F
1912,1,HappyBirthday,467,8030.67,M,1,0.0728325,1.06583,65.66,25.9651,F
1912,1,HappyBirthday,766,7300.27,F,1,0.0560765,1.44159,1433.42,39.6606,F
1912,1,HappyBirthday,835,27740.5,F,1,0.00238871,1.07152,0.915525,0.74553,F
1912,1,HappyBirthday,941,2555.03,F,1,0.0154142,1.06799,9310.7,57.3595,F
1913,1,HappyBirthday,1201,365,M,1,0.00194135,0.271196,3.76993,0.608694,F
1913,1,HappyBirthday,198,15695.1,F,1,0.0846053,0.706637,3759.11,55.0386,F
1913,1,HappyBirthday,865,2190.72,M,1,0.0737973,0.246362,170.128,34.6039,F
1915,1,HappyBirthday,238,10950.8,M,1,0.480319,0.749899,4950.29,316.367,F
1915,1,HappyBirthday,611,13505.5,M,1,0.000682375,0.623181,787.734,0.885441,F
1915,1,HappyBirthday,913,2920.1,M,1,0.537639,0.572235,2.05499,240.506,F
1915,1,HappyBirthday,1013,1825,F,1,0.0203435,0.244767,181.057,7.08562,F
1916,1,HappyBirthday,213,5475.46,M,1,0.00450248,1.18239,1.05614,1.40261,F
1917,1,HappyBirthday,12,13140.9,M,1,0.893923,0.287921,98.9687,718.998,F
1917,1,HappyBirthday,414,16060,M,1,0.694352,2.00714,16323.4,1185.8,F
1918,1,HappyBirthday,405,34675.2,F,1,0.0418621,9.31283,1.08602,13.304,F
1919,1,HappyBirthday,406,3650.69,F,1,0.59329,0.104408,280.652,380.119,F
1920,1,HappyBirthday,105,3650.5,F,1,0.00587459,0.222724,59.9081,1.95551,F
1920,1,HappyBirthday,224,29565.7,F,1,0.252109,2.09979,502.667,255.172,F
1921,1,HappyBirthday,982,2555.03,M,1,0.1934,0.214451,2949.93,475.16,F
1922,1,HappyBirthday,144,5840.74,F,1,0.747857,2.83639,71.2599,441.667,F
1922,1,HappyBirthday,159,8395.26,M,1,0.00161942,1.55598,73.3393,0.669438,F
1922,1,HappyBirthday,952,5110.04,F,1,0.00383849,1.94804,25.7743,1.20523,F
1923,1,HappyBirthday,19,10950.2,F,1,0.0065677,1.78598,38.5524,2.3203,F
1923,1,HappyBirthday,247,33945.1,F,1,0.269843,0.1806,1335.88,100.11,F
1923,1,HappyBirthday,1152,730,F,1,0.00193683,0.0193035,0.0254302,0.602778,F
1924,1,HappyBirthday,43,9125.12,M,1,0.00247353,0.24451,0.827007,0.769525,F
1924,1,HappyBirthday,203,6935.35,M,1,0.00146165,1.3573,9352.16,1.92386,F
1924,1,HappyBirthday,863,2920.11,M,1,0.104493,0.745208,2698.51,34.7424,F
1925,1,HappyBirthday,682,4015.91,M,1,0.010328,1.52217,60.5366,3.56187,F
1926,1,HappyBirthday,521,2920.98,F,1,0.00326764,0.809469,17048.6,3.0946,F
1926,1,HappyBirthday,551,13505.2,M,1,0.00424812,0.343491,67.8705,1.45319,F
1926,1,HappyBirthday,878,12045.8,F,1,0.0377722,0.758922,3648.05,30.8679,F
1927,1,HappyBirthday,184,9490.39,M,1,0,0.00882808,0,0,F
1927,1,HappyBirthday,482,3285.3,F,1,0.00150841,0.874061,12.2101,0.491495,F
1927,1,HappyBirthday,832,3650.09,F,1,0.255866,0.860139,31.1865,95.066,F
1927,1,HappyBirthday,1153,730,M,1,0,0.00268681,0.0315995,0,F
1927,1,HappyBirthday,1101,1095,F,1,0.0165392,0.441515,288.228,6.66989,F
1928,1,HappyBirthday,968,10585.8,F,1,0.00147505,1.21897,28205.4,1.08043,F
1929,1,HappyBirthday,103,4380.22,F,1,0.00165096,0.119425,69.2607,0.646046,F
1929,1,HappyBirthday,1154,730,F,1,0.000587451,0.391002,21052.3,2.0336,F
1929,1,Births,1244,0,F,0,0,0.5719,0,0,F
1930,1,HappyBirthday,613,16425.3,F,1,0.00265862,2.20619,19.7705,0.884925,F
1930,1,HappyBirthday,888,9855.1,M,1,0.00242131,3.74628,2452.83,0.770412,F
1931,1,HappyBirthday,268,14600.3,M,1,0.234707,1.71162,132.815,85.0514,F
1931,1,HappyBirthday,402,29565.9,M,1,0.00288734,1.17386,43.4114,1.05369,F
1931,1,HappyBirthday,754,24455.1,M,1,0.031884,0.0995229,3184.64,28.9872,F
1931,1,HappyBirthday,1058,1460,M,1,0.000969162,0.202945,95.8148,0.343176,F
1931,1,HappyBirthday,979,7300.87,F,1,0.814935,2.51734,69.6602,605.264,F
1932,1,HappyBirthday,185,10220.2,M,1,0.014446,0.686688,7.79314,4.53166,F
1932,1,HappyBirthday,205,5475.07,M,1,0.00899575,0.27465,55.023,3.13449,F
1932,1,HappyBirthday,223,10220.7,F,1,0.00674797,2.75955,33705,8.37192,F
1932,1,HappyBirthday,1202,365,M,1,0.0578046,0.0381865,16460.6,59.1084,F
1932,1,HappyBirthday,1102,1095,M,1,0.210615,0.118188,483.467,117.099,F
1933,1,HappyBirthday,155,5475.48,F,1,0.00913182,0.198436,2.80887,2.88852,F
1934,1,HappyBirthday,1155,730,F,1,0.175246,7.94257,73.2765,65.2053,F
1935,1,HappyBirthday,885,2920.08,M,1,0.00212404,0.145682,714.454,2.2885,F
1936,1,HappyBirthday,400,2555.76,M,1,8.89246e-05,0.362343,36.1486,0.0292348,F
1936,1,HappyBirthday,472,6205,M,1,0.0961568,0.532366,118.662,33.4876,F
1936,1,HappyBirthday,807,5840.42,F,1,0.0600485,2.15739,187.728,33.0292,F
1936,1,HappyBirthday,1156,730,F,1,0.0193269,0.333126,670.078,6.35044,F
1936,1,HappyBirthday,997,9855.86,M,1,0.119319,0.09081,1829.37,60.5374,F
1937,1,HappyBirthday,289,18250.6,F,1,0.00208727,0.146865,1.35706,0.650702,F
1937,1,HappyBirthday,395,8395.02,M,1,0.02162,1.31267,6.38154,6.86533,F
1937,1,HappyBirthday,1015,1825,F,1,0.00394966,0.627211,37.9894,1.39025,F
1938,1,HappyBirthday,1203,365,F,1,0.00695396,0.463162,48324.3,7.01552,F
1939,1,HappyBirthday,69,4380.49,M,1,0.0720162,1.56048,32.9162,25.1579,F
1939,1,Births,1245,0,M,0,0,0.387072,0,0,F
1940,1,HappyBirthday,1016,1825,F,1,0.584659,0.0297564,1932.65,520.051,F
1940,1,HappyBirthday,719,4380.48,F,1,0.00484982,9.11156,10.0515,1.51269,F
1940,1,HappyBirthday,1204,365,M,1,9.44506e-05,0.052163,213169,0.976578,F
1940,1,HappyBirthday,1017,1825,F,1,0.0259955,0.292102,152.374,11.4006,F
1941,1,HappyBirthday,481,3285.15,M,1,0.234325,0.512313,38.0236,83.5717,F
1942,1,HappyBirthday,535,2190.33,F,1,9.51015e-05,1.01059,4863.19,0.198994,F
1942,1,HappyBirthday,727,23360.7,M,1,0.259787,1.8954,3233.08,185.56,F
1943,1,HappyBirthday,1104,1095,F,1,0.789182,0.04058,199.057,509.82,F
1944,1,HappyBirthday,177,2555.39,M,1,0.457131,0.27933,398.204,193.069,F
1944,1,HappyBirthday,435,8395.31,M,1,0.0263267,6.2545,393.028,13.1366,F
1945,1,HappyBirthday,1060,1460,M,1,0.61803,0.0327993,1175.1,395.491,F
1945,1,HappyBirthday,903,3285.68,M,1,0.000792699,0.366252,22544.8,2.43944,F
1946,1,HappyBirthday,386,2555.28,F,1,0.00076729,0.100349,0.508601,0.238837,F
1946,1,Births,1246,0,M,0,0,0.00763005,0,0,F
1947,1,HappyBirthday,970,4015.23,F,1,0.118756,0.1472,230.118,67.2929,F
1948,1,HappyBirthday,1207,365,F,1,0.101738,1.20983,1006.65,148.915,F
1948,1,HappyBirthday,172,10220.2,F,1,0.0342227,1.58225,184.769,10.851,F
1948,1,HappyBirthday,281,9125.49,M,1,0.151411,0.4567,210.964,68.4696,F
1948,1,HappyBirthday,421,18980.3,F,1,0.209217,1.86866,32.6341,84.8705,F
1948,1,HappyBirthday,720,8030.76,F,1,0.407102,0.0925387,5889.86,348.736,F
1948,1,HappyBirthday,819,14235.4,F,1,0.0439839,0.925132,97727.9,443.718,F
1948,1,HappyBirthday,1206,365,F,1,0.102608,0.0177147,21988.6,1251.82,F
1948,1,HappyBirthday,1205,365,M,1,0.00807561,0.224026,1564.7,2.71333,F
1949,1,HappyBirthday,561,10220.6,F,1,0.00372515,1.38208,683.948,1.20631,F
1949,1,HappyBirthday,753,31025.6,F,1,0.000891668,17.3806,19.3632,0.281058,F
1949,1,HappyBirthday,845,9855.35,M,1,0.0414924,0.0158715,0.973616,13.2166,F
1950,1,HappyBirthday,1019,1825,F,1,0.606391,12.8964,35.7646,294.604,F
1950,1,HappyBirthday,456,9490.34,M,1,0.217004,0.509102,51250.4,940.515,F
1950,1,HappyBirthday,1018,1825,F,1,0.00692234,3.05841,132.584,2.21495,F
1950,1,HappyBirthday,702,16060,M,1,0.0179351,0.133111,1685.41,37.666,F
1950,1,HappyBirthday,882,3285.84,F,1,0.354207,1.1667,9037.84,1488.72,F
1950,1,Births,1247,0,M,0,0,0.137353,0,0,F
1951,1,HappyBirthday,188,3650.92,M,1,0.00962349,0.317577,439.441,4.73766,F
1951,1,HappyBirthday,1105,1095,F,1,0.00167366,0.282698,100.896,0.737064,F
1952,1,HappyBirthday,218,12775.8,F,1,0.158729,1.9559,2655.64,70.0121,F
1952,1,HappyBirthday,397,4380.73,M,1,0.121504,1.96925,530.76,41.23,F
1952,1,HappyBirthday,816,27010.4,M,1,0.000848304,0.718109,10.8934,0.272898,F
1953,1,HappyBirthday,52,6205.83,F,1,0.00666444,0.188638,13.9741,2.20873,F
1953,1,HappyBirthday,1061,1460,M,1,0.213612,0.20907,28.7891,85.0743,F
1954,1,HappyBirthday,326,5475.56,M,1,0.00171053,0.346123,0.30557,0.532715,F
1954,1,HappyBirthday,708,28835.5,F,1,0.617442,110.019,1649.37,571.163,F
1954,1,HappyBirthday,728,10220.5,M,1,0.00307042,0.128637,10.2701,0.972449,F
1954,1,Births,1248,0,M,0,0,0.0073994,0,0,F
1956,1,HappyBirthday,243,8030.63,M,1,0.541075,0.749853,4231.85,1203.78,F
1956,1,HappyBirthday,318,7300.92,F,1,0.180334,14.8015,42.5426,65.5985,F
1956,1,HappyBirthday,1021,1825,M,1,0.00529206,0.643829,40376.9,46.7695,F
1956,1,HappyBirthday,635,16425.2,F,1,4.32864e-06,1.10689,60297.6,0.039538,F
1956,1,HappyBirthday,910,7665.75,M,1,0.684047,0.57855,167.582,382.314,F
1956,1,HappyBirthday,988,2555.7,M,1,0.130979,0.97948,4013.73,226.681,F
1957,1,HappyBirthday,773,4380.75,F,1,0.00301135,0.407415,28.2224,0.975605,F
1958,1,HappyBirthday,1106,1095,F,1,0.116215,0.240619,416.537,44.0654,F
1958,1,HappyBirthday,645,5475.81,M,1,0.0179974,1.0565,31.6806,6.37517,F
1959,1,HappyBirthday,319,8030.07,F,1,0.028211,1.75531,71.6517,10.0376,F
1959,1,HappyBirthday,759,36135.2,M,1,0.00224253,1.17788,15.3948,0.704984,F
1960,1,HappyBirthday,70,4015.01,M,1,0.112301,0.285594,4.7511,37.0296,F
1960,1,HappyBirthday,710,5840.04,F,1,0.00140751,0.0412612,6940.56,3.9007,F
1960,1,HappyBirthday,996,10220.5,F,1,0.164659,0.680131,77.0001,60.6034,F
1961,1,HappyBirthday,14,4745.56,M,1,0.187018,0.0807812,117.281,93.4484,F
1961,1,HappyBirthday,357,9490.8,M,1,0.79134,0.0387682,204.927,508.714,F
1961,1,HappyBirthday,999,5840.08,F,1,0.00143205,1.12302,0.216456,0.445583,F
1962,1,HappyBirthday,502,7300.58,M,1,0.00191403,0.201575,7.7131,0.61864,F
1962,1,HappyBirthday,715,5110.55,M,1,0.00969875,0.295418,13386,5.05486,F
1963,1,HappyBirthday,165,6570.93,M,1,0.00138718,0.451193,56.6186,0.485944,F
1963,1,HappyBirthday,356,6570.58,M,1,0.00282653,0.288972,21.4602,0.910112,F
1963,1,HappyBirthday,572,25550.5,M,1,0.600285,0.0628722,126.123,291.313,F
1963,1,HappyBirthday,909,12045.3,M,1,0.000196734,1.29619,6.02574,0.062725,F
1963,1,HappyBirthday,943,4380.56,M,1,0.000180076,4.81379,4277.2,0.384947,F
1964,1,HappyBirthday,654,5475.43,M,1,0.00401558,0.320029,13.8129,1.31723,F
1966,1,HappyBirthday,706,5475.88,M,1,0.196076,0.282208,1558.37,95.1809,F
1966,1,HappyBirthday,994,18980.7,F,1,0.00734854,0.490285,49.7244,2.73313,F
1967,1,HappyBirthday,1157,730,F,1,0.00599587,0.0252835,159373,55.33,F
1967,1,HappyBirthday,147,4015.23,F,1,4.14045e-05,0.0362442,182180,0.397521,F
1967,1,HappyBirthday,265,2190.32,M,1,0.0696763,0.032705,11.1417,23.3975,F
1967,1,HappyBirthday,590,21901,F,1,0.0876893,0.87857,193.966,38.9379,F
1968,1,HappyBirthday,85,8030.89,M,1,0.345158,0.910757,2153.93,227.741,F
1968,1,HappyBirthday,777,7665.46,M,1,0.0300075,2.2549,25790.7,72.7349,F
1969,1,HappyBirthday,71,4745.39,F,1,0.000484999,0.106799,12.872,0.154427,F
1969,1,HappyBirthday,176,26280.1,F,1,0.000486528,0.0803835,1.09196,0.151437,F
1969,1,HappyBirthday,249,6205.67,F,1,0.208379,8.69096,1858.34,85.6744,F
1969,1,HappyBirthday,643,2190.22,F,1,0.663306,0.0684968,14.1654,339.296,F
1970,1,HappyBirthday,337,5475.29,F,1,0.00403047,4.11124,31728.6,2.98155,F
1970,1,HappyBirthday,782,14235,M,1,0.0533328,0.576749,2758.5,17.6522,F
1971,1,HappyBirthday,97,12045.8,M,1,0.00412104,3.00047,0.0145108,1.28359,F
1971,1,HappyBirthday,439,4015.32,M,1,0.150973,0.32074,57.6661,56.5113,F
1971,1,HappyBirthday,767,7300.99,F,1,0.0024787,0.00675444,68022,13.9946,F
1972,1,HappyBirthday,344,9490.35,M,1,0.00878143,0.60287,0.811699,2.74074,F
1972,1,HappyBirthday,705,34675.8,F,1,0.734144,1.32449,9283.46,863.959,F
1973,1,HappyBirthday,228,2190.5,M,1,0.000421494,0.480236,1783.47,0.558589,F
1973,1,HappyBirthday,236,3285.08,F,1,0.506812,6.04642,375.12,400.415,F
1973,1,HappyBirthday,1158,730,M,1,0.197829,0.729646,5235.14,70.5976,F
1974,1,HappyBirthday,1022,1825,F,1,7.25347e-05,0.469021,16003.4,0.571481,F
1974,1,HappyBirthday,695,6935.37,F,1,0.397416,0.518613,17.9537,163.772,F
1974,1,HappyBirthday,1063,1460,M,1,0.188343,0.154805,2372.55,220.896,F
1974,1,HappyBirthday,789,27010.5,M,1,0.653478,0.455481,46.419,330.821,F
1974,1,HappyBirthday,1208,365,M,1,0.00103228,0.0979049,12.7111,0.341347,F
1975,1,HappyBirthday,409,27375.2,F,1,0.00139448,19.6813,36531,1.78444,F
1975,1,HappyBirthday,621,5840.3,F,1,0.615894,0.294862,5612.77,521.878,F
1976,1,HappyBirthday,413,15330.7,F,1,0.512407,0.57957,3605.1,470.946,F
1976,1,HappyBirthday,1209,365,M,0,0,0.00376925,0,0,F
1976,1,HappyBirthday,942,9490.24,F,1,0.00162205,0.724599,14.3385,0.533708,F
1977,1,HappyBirthday,772,6570.29,F,1,0.235582,0.015177,8.75931,84.4631,F
1978,1,HappyBirthday,34,21900.1,M,1,0.0867214,0.324468,4685.35,189.126,F
1978,1,HappyBirthday,123,4380.27,M,1,0.114969,2.05534,2043.07,76.9415,F
1978,1,HappyBirthday,215,19345.9,F,1,0.00799714,0.305141,25.8138,2.6935,F
1978,1,HappyBirthday,235,17885.8,F,1,0.0147687,7.71508,28.8972,5.24625,F
1978,1,HappyBirthday,833,6205.44,M,1,0.0655963,2.70758,3.62283,21.1013,F
1978,1,HappyBirthday,856,7300.53,F,1,0.419261,1.46773,246.191,182.297,F
1979,1,HappyBirthday,145,14235.7,F,1,0.0157424,3.38762,110.404,7.25311,F
1979,1,HappyBirthday,240,4015.94,F,1,0.122138,1.15481,464.855,41.737,F
1979,1,Births,1249,0,M,0,0,0.000899166,0,0,F
1980,1,HappyBirthday,555,2555.96,F,1,0.00235514,0.0865267,47.3657,0.875223,F
1980,1,HappyBirthday,646,14235.5,M,1,6.92261e-05,5.29259,35.7066,0.0226354,F
1981,1,HappyBirthday,117,9855.62,M,1,0.0138914,0.0944241,8.72477,4.36367,F
1981,1,HappyBirthday,668,3650.7,M,1,0.0103125,0.628035,697.782,3.4706,F
1982,1,HappyBirthday,415,34310.8,M,1,0.0202493,0.834593,77.6742,7.64177,F
1982,1,HappyBirthday,538,10585.9,F,1,0.0107111,0.827609,9087.94,35.821,F
1983,1,HappyBirthday,393,5475.92,F,1,0.00562485,2.63247,1.16706,1.7567,F
1984,1,HappyBirthday,101,8030.51,M,1,0.425879,0.353065,2159.13,289.545,F
1984,1,HappyBirthday,136,16790.5,M,1,0.000204518,0.707246,73231.7,0.438615,F
1984,1,HappyBirthday,1064,1460,F,1,0.0264549,0.091091,574.057,27.828,F
1985,1,HappyBirthday,494,9855.09,F,1,0.115382,1.89712,76.8373,41.5693,F
1986,1,HappyBirthday,1159,730,M,1,0.00533451,2.85608,197126,53.6251,F
1986,1,HappyBirthday,108,14600.1,F,1,0.000954363,0.109953,18.0377,0.314509,F
1986,1,HappyBirthday,896,14235.6,F,1,0.223366,4.32488,41350.4,1339.43,F
1986,1,HappyBirthday,1210,365,F,1,0.000325026,0.104108,153158,2.94357,F
1986,1,HappyBirthday,1065,1460,M,1,0.0399878,9.34865,22.2917,13.1643,F
1986,1,Births,1250,0,F,0,0,0.0181656,0,0,F
1987,1,HappyBirthday,88,4380.1,M,1,0.460763,0.946211,469.717,240.848,F
1988,1,HappyBirthday,31,8030.14,F,1,0.00198578,0.340462,50.8478,0.620988,F
1988,1,HappyBirthday,364,9490.2,F,1,0.00191181,1.6605,96.261,0.755485,F
1988,1,HappyBirthday,478,3285.04,F,1,0.000751211,0.846789,809.492,0.514047,F
1988,1,HappyBirthday,675,12775.9,M,1,0.00450123,7.92757,7.14539,1.40515,F
1988,1,HappyBirthday,722,17520.2,M,1,0.000344959,0.738232,165.144,0.177077,F
1989,1,HappyBirthday,725,16060.5,M,1,0.000286556,0.0686243,4.35564,0.0905228,F
1990,1,HappyBirthday,86,8030.97,F,1,0.0202439,13.5027,8.05778,6.36524,F
1990,1,HappyBirthday,167,8395.1,F,1,0.00148048,1.24277,10.7262,0.467252,F
1991,1,HappyBirthday,1023,1825,M,1,0.00404123,0.0178471,17.1702,1.35268,F
1991,1,HappyBirthday,923,12045.6,F,1,0.000884397,0.130614,3080.58,0.350791,F
1992,1,HappyBirthday,257,13505.3,M,1,0.802983,4.63438,5341.24,879.86,F
1992,1,HappyBirthday,978,31025.8,F,1,0.675588,0.532768,3458.42,807.703,F
1992,1,HappyBirthday,989,14601,M,1,0.138159,1.07766,8.84485,46.7825,F
1993,1,HappyBirthday,858,4380.7,M,1,0.000954485,0.107467,2.06355,0.29939,F
1994,1,HappyBirthday,350,29565.5,F,1,0.0402038,2.66066,91.9122,18.3293,F
1994,1,Births,1251,0,F,0,0,0.160354,0,0,F
1995,1,HappyBirthday,49,15330.4,M,1,0.0737993,0.774075,47612.6,469.266,F
1995,1,HappyBirthday,253,13505.6,M,1,1.94416e-05,0.704148,60871.6,0.0848714,F
1995,1,HappyBirthday,889,4015.28,F,1,0.00340788,0.912374,5408.91,6.35574,F
1995,1,HappyBirthday,957,6935.1,F,1,0.00368124,3.69002,0.00276807,1.14606,F
1996,1,HappyBirthday,74,6570.87,M,1,0.00626159,1.03349,19.2546,2.09598,F
1996,1,HappyBirthday,269,12775.4,M,1,0.00155763,0.262737,75.1492,0.539,F
1996,1,HappyBirthday,901,2555.24,F,1,0.00777961,0.379035,4252.43,15.7137,F
1997,1,HappyBirthday,1108,1095,M,1,0.000283111,0.0198128,63550.4,0.725058,F
1997,1,HappyBirthday,931,3650.57,F,1,0.00722832,0.451482,23.0833,2.26918,F
1998,1,HappyBirthday,72,9125.29,M,1,0.731879,0.462927,216.094,508.742,F
1998,1,HappyBirthday,324,6205.23,M,1,0.462554,13.7535,7894.74,1852.87,F
1998,1,HappyBirthday,447,6935.75,M,1,0.0023358,1.31569,2178.58,0.964461,F
1998,1,HappyBirthday,693,7665.74,F,1,0.239234,5.53758,553.014,86.2158,F
1999,1,HappyBirthday,380,17520.9,F,1,0.115978,2.19233,30.7748,42.8896,F
1999,1,HappyBirthday,1160,730,F,1,0.0531857,1.85724,43.8519,19.7386,F
1999,1,HappyBirthday,752,5110.04,M,1,0.371071,10.0601,50.336,145.55,F
2000,1,HappyBirthday,162,10585.8,F,1,0.251922,4.19365,92.2505,92.2101,F
2000,1,HappyBirthday,190,9855.6,M,1,0.359693,1.5397,3674.81,187.081,F
2000,1,HappyBirthday,255,2190.45,M,1,0.0175783,0.248296,46.968,5.66906,F
2000,1,HappyBirthday,352,21171,F,1,0.000911294,0.130015,26.6145,0.307707,F
2000,1,HappyBirthday,898,6935.23,F,1,0.672204,5.82516,4798.32,566.761,F
2001,1,HappyBirthday,276,3650.23,M,1,0.614179,1.40175,249.826,299.541,F
2001,1,HappyBirthday,468,15330.1,M,1,0.0371028,0.704885,37.7212,12.2787,F
2001,1,HappyBirthday,469,2920.78,F,1,0.0466803,0.765189,171.575,18.7741,F
2001,1,HappyBirthday,520,4745.59,F,1,0.000725966,0.713076,10.0768,0.232511,F
2001,1,HappyBirthday,734,3285.02,F,1,0.0927106,0.53076,372.585,33.4721,F
2002,1,HappyBirthday,79,13505.7,M,1,0.285179,0.681678,19.9364,110.652,F
2002,1,HappyBirthday,1211,365,F,1,0.00315802,0.540381,22700.5,3.58522,F
2004,1,HappyBirthday,333,5110.62,M,1,0.249216,2.8116,14569.1,135.382,F
2004,1,HappyBirthday,407,4380.06,M,1,0.00844248,0.109303,38145.8,32.3778,F
2005,1,HappyBirthday,1161,730,F,1,0.00127677,0.0377579,54.8552,0.456229,F
2005,1,HappyBirthday,1109,1095,M,1,0.0022377,0.071747,115.554,0.822727,F
2005,1,HappyBirthday,377,12775.8,M,1,0.0155007,3.53814,71.5004,5.65501,F
2005,1,HappyBirthday,1162,730,M,1,0.0580339,1.66459,91191.7,708.578,F
2006,1,HappyBirthday,332,25185.9,F,1,0.0405171,0.274932,0.828786,12.8696,F
2006,1,HappyBirthday,683,12410.9,F,1,7.48099e-07,1.28204,103117,0.011076,F
2007,1,HappyBirthday,96,4745.9,M,1,0.0567256,1.97638,1.06744,18.1911,F
2007,1,HappyBirthday,503,13140.9,M,1,0.0187968,1.33723,7840.26,21.1828,F
2007,1,HappyBirthday,936,14600.7,M,1,0.000391966,0.791275,3.01176,0.123294,F
2007,1,HappyBirthday,959,2555.56,F,1,0.00324505,0.0923861,49.5836,1.17298,F
2008,1,HappyBirthday,46,26280.9,M,1,0,0.114623,255.927,0,F
2008,1,HappyBirthday,208,4745.03,M,1,0.253287,0.870221,5.82912,93.1531,F
2008,1,HappyBirthday,701,4015.39,F,1,0.0767203,0.272651,229.735,47.3347,F
2009,1,HappyBirthday,174,22996,F,1,9.26832e-05,0.494295,3649.77,0.1632,F
2009,1,HappyBirthday,730,10950.3,F,1,0.0190846,0.504143,99.2186,6.83425,F
2009,1,HappyBirthday,785,4745.48,M,1,0.000349399,1.55743,59.0909,0.125487,F
2009,1,HappyBirthday,829,25185,M,1,0.00669096,7.41718,74.9556,2.53833,F
2009,1,Births,1252,0,M,0,0,0.251766,0,0,F
2010,1,HappyBirthday,39,4380.99,M,1,0.0557702,0.204563,9.88362,18.1499,F
2010,1,HappyBirthday,449,11680,F,1,0.221098,7.30174,368.947,90.5693,F
2010,1,HappyBirthday,490,11316,M,1,0.267514,4.98162,472.64,165.522,F
2010,1,HappyBirthday,736,10950,F,1,0.00511356,0.407036,303.596,1.73117,F
2010,1,HappyBirthday,1212,365,M,1,0.530397,1.42208,1091.87,299.681,F
2011,1,HappyBirthday,1110,1095,F,1,0.844062,0.805276,36.4853,664.123,F
2011,1,HappyBirthday,271,28835.4,M,1,0.00389176,0.077087,77.707,1.28716,F
2011,1,HappyBirthday,1163,730,F,1,0.0683763,0.14196,25823.9,47.589,F
2011,1,HappyBirthday,893,15695.1,M,1,0.000525543,0.0398315,46.2619,0.174718,F
2012,1,HappyBirthday,35,17155.7,F,1,0.000341787,1.3498,881.724,0.484917,F
2012,1,HappyBirthday,1111,1095,M,1,0.22313,0.191825,24.8629,85.5252,F
2012,1,HappyBirthday,926,7665.14,F,1,0.00121627,0.540399,0.126495,0.378171,F
2013,1,HappyBirthday,142,5840.26,F,1,0.311346,3.74809,19825.7,1945.52,F
2013,1,HappyBirthday,194,6570.29,F,1,0.024854,12.6635,448.822,7.93632,F
2013,1,HappyBirthday,341,27010.5,M,1,0.567619,0.381723,16.0278,281.159,F
2013,1,HappyBirthday,873,23360.2,M,1,0.0083729,4.48123,867.218,10.6187,F
2014,1,HappyBirthday,451,28105.3,F,1,0.323191,12.0088,325.588,278.326,F
2014,1,HappyBirthday,511,9125.4,M,1,0.0575893,0.155894,736.82,64.6378,F
2014,1,HappyBirthday,677,3285.03,M,1,0.00523911,0.0601388,8737.84,16.6229,F
2014,1,HappyBirthday,1164,730,F,1,0.20252,0.0317066,48.0995,85.699,F
2015,1,HappyBirthday,65,8760.1,F,1,0.221198,2.77977,11.7488,81.6923,F
2015,1,HappyBirthday,66,2190.75,M,1,0.00204497,0.253158,4.87561,0.636463,F
2016,1,HappyBirthday,517,14235.8,F,1,0.00140213,2.33107,115.85,0.508237,F
2016,1,HappyBirthday,666,2555.82,F,1,0.352601,0.182771,13.6693,143.7,F
2016,1,HappyBirthday,703,5840.76,F,1,0.479471,0.306755,813.719,353.487,F
2016,1,HappyBirthday,783,33215.1,F,1,0.0834343,1.10256,23.9226,29.9813,F
2017,1,HappyBirthday,17,3285.94,M,1,0.166813,0.339738,12.4541,56.73,F
2018,1,HappyBirthday,821,20805.9,F,1,0.0038463,2.62627,9508.92,1.85354,F
2019,1,HappyBirthday,1165,730,M,1,0.22724,0.0488498,46719.7,1474.18,F
2019,1,HappyBirthday,532,9855.39,M,1,0.543885,0.358824,6.33002,251.695,F
2019,1,HappyBirthday,790,20075.8,F,1,0.285858,0.376258,165.203,131.717,F
2019,1,HappyBirthday,1026,1825,F,1,0.000251377,6.66289,2692.13,0.384593,F
2020,1,HappyBirthday,304,3285.03,F,1,0.00406736,5.43245,0.938386,1.26715,F
2020,1,HappyBirthday,1112,1095,F,1,0.403602,1.21601,6252.47,205.234,F
2020,1,HappyBirthday,817,13140.6,M,1,0.372753,0.561276,89.6764,162.995,F
2021,1,HappyBirthday,940,21170.5,M,1,0.0102024,4.56903,25.6665,3.53353,F
2022,1,HappyBirthday,200,2190.68,M,1,0.0301748,0.996773,79.5042,10.7007,F
2022,1,HappyBirthday,363,33580.1,M,1,0.000313981,4.04582,7.62469,0.10039,F
2022,1,HappyBirthday,884,15696,M,1,0.24631,2.42282,84.0606,98.8676,F
2023,1,HappyBirthday,504,11315.9,F,1,0.00130146,0.299399,3.25804,0.406401,F
2024,1,HappyBirthday,581,10585.5,F,1,0.00326546,1.9329,16.2042,1.08915,F
2025,1,HappyBirthday,1066,1460,M,1,0.00168097,0.447262,7971.54,1.25146,F
2025,1,HappyBirthday,1027,1825,F,1,0.00411169,0.968804,395.369,2.10748,F
2026,1,HappyBirthday,61,9490.68,M,1,0.00813418,0.611052,2.63709,2.54912,F
2026,1,HappyBirthday,81,17520.5,M,1,0.00258604,0.43479,57.5173,0.862383,F
2026,1,HappyBirthday,614,11315.3,F,1,0.310626,4.88314,11595.9,1452.81,F
2026,1,HappyBirthday,820,9855.33,M,1,0.727048,0.863655,52.524,428.516,F
2027,1,HappyBirthday,143,6205.76,F,1,0.161715,9.5392,2755.43,70.9277,F
2027,1,HappyBirthday,937,8030.81,M,1,0.0404893,4.44991,4.97444,12.9931,F
2028,1,HappyBirthday,398,12045.8,M,1,0.00117585,1.70735,0.24034,0.365424,F
2028,1,HappyBirthday,669,5110.55,M,1,0.00383359,2.56948,13.884,1.19687,F
2028,1,HappyBirthday,1113,1095,F,1,0.00862636,0.197804,1598.65,3.13227,F
2029,1,HappyBirthday,32,2555.72,F,1,0.435331,0.190497,26.2012,185.399,F
2029,1,HappyBirthday,1068,1460,M,1,0.000674357,0.0223244,69.5399,0.243328,F
2029,1,HappyBirthday,301,3285.19,M,1,0.170395,4.93751,3689.81,153.51,F
2029,1,HappyBirthday,316,4380.11,F,1,0.0928056,3.49535,4339.64,78.093,F
2029,1,HappyBirthday,531,10585.7,M,1,0.638525,0.161324,3545.39,411.812,F
2029,1,HappyBirthday,542,17155.7,M,1,0.392426,0.812329,348.434,226.692,F
2029,1,HappyBirthday,588,4745.94,M,1,0.110331,0.214358,9.20692,36.894,F
2030,1,HappyBirthday,1114,1095,F,1,0.525563,0.0142502,1157.09,296.001,F
2030,1,HappyBirthday,115,2190.77,F,1,0.0610289,0.384126,69.9254,25.2722,F
2030,1,HappyBirthday,308,2920.27,M,1,0.170581,0.471095,3067.34,89.8369,F
2030,1,Births,1253,0,M,0,0,0.288281,0,0,F
2031,1,HappyBirthday,87,7300.79,M,1,0.00122871,0.1842,38.5014,0.407881,F
2031,1,HappyBirthday,221,18250.1,M,1,0.0479821,0.433033,20.0993,15.3657,F
2031,1,HappyBirthday,644,11315.2,F,1,0.178159,0.277772,9974.11,1348.87,F
2031,1,HappyBirthday,1069,1460,M,1,0.00891531,0.0244945,4160.09,3.13742,F
2032,1,HappyBirthday,1028,1825,F,1,0.0190303,4.25113,34.6534,6.59119,F
2032,1,HappyBirthday,1029,1825,F,1,0.0153807,0.942858,16.5267,5.15916,F
2032,1,HappyBirthday,1115,1095,F,1,0.0952765,5.78122,9.06224,31.6971,F
2032,1,HappyBirthday,895,9490.58,F,1,0.0015126,0.339559,6852.44,0.489768,F
2033,1,HappyBirthday,761,9490.74,M,1,0.00200654,1.94016,2.45985,0.624698,F
2034,1,HappyBirthday,287,8760.89,F,1,0.54809,2.37228,511.727,251.421,F
2034,1,HappyBirthday,1070,1460,F,1,0.00260764,0.00685479,51.3444,0.873213,F
2034,1,HappyBirthday,633,10950.4,M,1,0.00179056,11.0677,2831.22,1.12325,F
2035,1,HappyBirthday,612,8030.29,M,1,0.232507,0.325217,576.315,97.3378,F
2035,1,Births,1254,0,M,0,0,0.0428655,0,0,F
2036,1,HappyBirthday,875,9490.55,F,1,0.366814,20.1623,42.2411,154.139,F
2037,1,HappyBirthday,314,22630.6,F,1,1.43084e-06,0.366133,1057.98,0.0023974,F
2038,1,HappyBirthday,306,2555.97,M,1,0.0882182,0.418314,117.487,33.6391,F
2038,1,Births,1255,0,M,0,0,0.0300156,0,0,F
2039,1,HappyBirthday,793,8395.17,F,1,0.0105044,1.28998,0.782264,3.28615,F
2039,1,Births,1256,0,F,0,0,0.137067,0,0,F
2040,1,HappyBirthday,22,10220.1,M,1,0.370392,0.900144,6904.6,539.539,F
2041,1,HappyBirthday,189,8030.98,M,1,0.00389115,0.421146,273.694,1.25809,F
2041,1,HappyBirthday,197,10220.5,M,1,0.00713602,1.83074,56.63,2.6808,F
2041,1,HappyBirthday,222,11315.2,M,1,0.0243662,0.651067,811.849,16.9296,F
2041,1,HappyBirthday,342,2555.12,F,1,0.00793801,0.405876,4425.56,6.04012,F
2042,1,HappyBirthday,156,4015.59,F,1,0.00114052,0.0929744,0.00466728,0.354402,F
2042,1,HappyBirthday,1116,1095,M,1,0.000311692,1.17452,84712.5,0.746589,F
2042,1,HappyBirthday,894,3650.74,M,1,0.005819,1.09331,129.8,2.78654,F
2042,1,HappyBirthday,1117,1095,M,1,0.189439,0.232659,2944.05,75.8707,F
2043,1,HappyBirthday,1118,1095,M,1,0.00232892,0.0949302,1.71375,0.724655,F
2043,1,HappyBirthday,1031,1825,M,1,0.140982,0.175128,80.9029,61.3048,F
2044,1,HappyBirthday,94,4015.6,M,1,0.511105,1.02296,25.0447,229.644,F
2044,1,HappyBirthday,237,3285.12,M,1,0.453538,0.00496866,14039.8,487.61,F
2044,1,HappyBirthday,305,13505.9,M,1,0.000593921,4.86805,1454.11,0.649631,F
2044,1,HappyBirthday,631,13870.4,F,1,0.475438,8.6446,158.42,207.746,F
2044,1,HappyBirthday,747,5840.18,M,1,0.00314982,0.867824,0.540857,0.981104,F
2045,1,HappyBirthday,584,8030.22,M,1,0.188985,19.9279,8.34552,66.0618,F
2045,1,HappyBirthday,748,9490.55,F,1,0.0444043,4.24522,340.658,37.4144,F
2045,1,HappyBirthday,1071,1460,M,1,0.000172919,2.61511,23928,0.120959,F
2046,1,HappyBirthday,95,2555.25,F,1,0.0771775,0.493244,1133.29,28.2547,F
2046,1,HappyBirthday,403,2190.87,F,1,0.00240194,0.0835455,0.0502016,0.747512,F
2046,1,HappyBirthday,776,3285.6,F,1,0.000350776,0.140909,10444.4,0.113724,F
2046,1,HappyBirthday,843,12410.5,M,1,0.536024,0.849972,99.0159,242.101,F
2047,1,HappyBirthday,251,17520.5,M,1,0.00308975,0.218332,51.4867,1.03854,F
2048,1,HappyBirthday,76,22265,M,1,0.00330363,0.320753,5.90824,1.02926,F
2048,1,HappyBirthday,1166,730,F,1,0.00122405,0.134766,7.11202,0.390821,F
2048,1,HappyBirthday,618,8030.68,M,1,0.142821,0.0901547,551.361,55.087,F
2048,1,HappyBirthday,1214,365,F,1,0.00348046,0.172986,40.6653,1.26548,F
2048,1,HappyBirthday,1167,730,F,1,0.491979,0.187854,107.577,211.496,F
2049,1,HappyBirthday,258,23725.9,M,1,0.00024566,2.19336,31.9874,0.0798962,F
2049,1,HappyBirthday,1072,1460,M,1,0.0315958,1.82844,14.5332,10.5102,F
2050,1,HappyBirthday,1215,365,F,1,0.344186,0.0208232,14439.5,391.209,F
2050,1,HappyBirthday,721,20805.5,M,1,0.000461062,4.51434,3221.16,0.709484,F
2050,1,HappyBirthday,920,2920.1,M,1,0.311425,2.47624,5290.57,747.32,F
2051,1,HappyBirthday,1032,1825,F,1,0.140747,0.2441,8172.73,223.196,F
2051,1,HappyBirthday,814,27740.1,M,1,0.0502147,1.22348,21.7329,17.7444,F
2052,1,HappyBirthday,369,8760.12,F,1,0.329367,11.5069,639.89,409.512,F
2052,1,HappyBirthday,881,4745.01,M,1,0.00876822,64.2019,1809.03,2.86148,F
2052,1,Births,1257,0,F,0,0,0.223611,0,0,F
2053,1,HappyBirthday,484,15695.4,F,1,0.00103686,0.661385,6809.82,0.367134,F
2053,1,HappyBirthday,1033,1825,M,1,0.140815,0.384876,5176.08,275.605,F
2054,1,HappyBirthday,1168,730,M,1,0.193858,0.0856268,9256.4,1391.04,F
2054,1,Births,1258,0,F,0,0,0.0167984,0,0,F
2054,1,Births,1259,0,F,0,0,2.08752,0,0,F
2055,1,HappyBirthday,75,8760.32,F,1,0.660679,0.364016,148.145,383.738,F
2055,1,HappyBirthday,454,19345.1,F,1,0.00510069,1.34318,7.81501,1.65192,F
2055,1,HappyBirthday,810,11680.2,M,1,0.00965659,2.60753,146738,81.7971,F
2055,1,HappyBirthday,850,4745.21,F,1,0.00312618,1.5661,7.02684,0.97527,F
2055,1,HappyBirthday,986,4380.5,M,1,0.213038,0.0843971,4.39937,74.5932,F
2056,1,HappyBirthday,1119,1095,F,1,0.000146591,0.0299906,1965.07,0.251324,F
2056,1,HappyBirthday,408,6570.22,M,1,0.0189839,7.85969,1006.82,5.9571,F
2057,1,HappyBirthday,57,13870.1,F,1,0.00114074,0.329428,39.6498,0.38735,F
2057,1,HappyBirthday,462,14600.2,M,1,0.152495,2.70785,58.9419,57.2756,F
2057,1,HappyBirthday,918,22630.2,M,1,0.0779617,0.0261317,0.503949,25.2379,F
2058,1,HappyBirthday,10,8030.79,F,1,0.148773,1.64404,55.0346,59.9426,F
2058,1,HappyBirthday,212,9125.82,M,1,0.0240138,0.378793,44.7289,8.88886,F
2058,1,HappyBirthday,1073,1460,M,1,0.14706,0.0933775,100.262,57.0305,F
2059,1,HappyBirthday,453,8395.8,M,1,0.0252134,3.09361,203.853,10.5817,F
2060,1,HappyBirthday,126,5840.74,M,1,0.479218,0.137406,3304.13,283.983,F
2060,1,HappyBirthday,378,14600.8,F,1,0.145303,5.05049,340.677,49.814,F
2060,1,HappyBirthday,496,5840.51,M,1,0.121247,4.42866,141.8,49.9688,F
2060,1,HappyBirthday,636,11680.3,M,1,0.000497017,6.70522,788.576,0.185122,F
2060,1,Births,1260,0,F,0,0,0.0102222,0,0,F
2061,1,HappyBirthday,1120,1095,F,1,0.0277069,0.0944485,22421.6,15.9261,F
2061,1,HappyBirthday,667,6205.82,M,1,0.0111795,3.25599,1714.33,4.94257,F
2061,1,HappyBirthday,696,8395.19,M,1,0.0634827,10.8745,4.10975,20.5295,F
2062,1,HappyBirthday,665,5475.09,F,1,0.00577737,0.325361,10.6758,1.83388,F
2062,1,HappyBirthday,688,5110.54,M,1,0.0161973,0.81812,8.4961,5.13925,F
2063,1,HappyBirthday,170,13505.7,M,1,0.104704,3.55199,0.0852248,34.3745,F
2063,1,HappyBirthday,389,2190.1,F,1,0.00213357,2.39931,10124.1,0.948646,F
2063,1,HappyBirthday,616,2920.11,F,1,5.79105e-05,0.333018,3968.8,0.228447,F
2064,1,HappyBirthday,110,2190.13,F,1,0.0721818,0.0262211,1.23188,23.3259,F
2065,1,HappyBirthday,501,17520.4,F,1,0.00124539,1.40974,2447.99,0.387582,F
2066,1,HappyBirthday,519,6205.7,F,1,0.00885562,0.305313,29.1998,3.11935,F
2066,1,HappyBirthday,700,17521,F,1,0.151551,3.09585,32.5483,58.931,F
2066,1,HappyBirthday,927,18250.7,M,1,0.784074,1.14774,55.1521,479.055,F
2067,1,HappyBirthday,83,2555.19,F,1,0.393184,0.0874224,305.745,267.534,F
2067,1,HappyBirthday,310,7300.84,F,1,0.000123614,0.293221,2465.29,0.338972,F
2067,1,HappyBirthday,379,13505.8,F,1,0.00207687,0.439159,14.0045,0.690803,F
2067,1,HappyBirthday,1216,365,M,1,0.870577,0.0742882,1887.73,1135.58,F
2067,1,HappyBirthday,1034,1825,M,1,6.35696e-05,0.18858,18.7379,0.0216316,F
2068,1,HappyBirthday,25,2190.06,M,1,0.0338436,0.189255,11181.8,131.491,F
2068,1,HappyBirthday,991,16790.8,M,1,0.00553998,1.761,22.508,1.92174,F
2069,1,HappyBirthday,883,8760.63,F,1,0.0143982,0.200242,11.6075,4.65163,F
2070,1,HappyBirthday,396,5475.19,F,1,3.19519e-05,0.52509,551.525,0.0176929,F
2070,1,HappyBirthday,1121,1095,F,1,0.267009,1.14486,42312.2,450.029,F
2070,1,Births,1261,0,M,0,0,0.0264341,0,0,F
2071,1,HappyBirthday,196,5840.87,M,1,0.000841112,6.30598,1875.67,0.351576,F
2071,1,HappyBirthday,1122,1095,M,1,0.00110264,0.556866,3296.83,1.54964,F
2071,1,HappyBirthday,471,8395.43,M,1,0.0663569,0.629738,3573.92,110.157,F
2071,1,Births,1262,0,F,0,0,0.147329,0,0,F
2073,1,HappyBirthday,226,16060.5,F,1,0.00256029,9.50012,45751.3,10.9552,F
2073,1,HappyBirthday,292,7300.88,F,1,0.311109,0.195109,36.1471,117.143,F
2073,1,HappyBirthday,323,4015.32,M,1,0.00260717,0.546584,16.6598,0.854048,F
2073,1,HappyBirthday,801,9490.44,F,1,0.181657,1.75938,1.20546,62.4197,F
2074,1,HappyBirthday,160,6935.22,M,1,0.0343882,2.56739,86.1379,10.9007,F
2074,1,HappyBirthday,294,3285.07,M,1,0.17364,0.280697,190.063,92.5948,F
2074,1,HappyBirthday,637,6205.71,M,1,0.00961228,0.368685,732.879,3.00302,F
2075,1,HappyBirthday,544,2190.89,F,1,0.0593552,0.0127268,185.656,24.0158,F
2075,1,HappyBirthday,545,28835.3,F,1,6.65549e-05,14.9602,4595.41,0.145752,F
2076,1,HappyBirthday,26,3650.08,F,1,0.000196069,4.3493,2.56773,0.0610667,F
2076,1,HappyBirthday,512,8395.03,F,1,0.0164931,0.288991,50.3764,5.61561,F
2076,1,HappyBirthday,568,2920.04,M,1,0.355398,0.0947032,1530.15,139.531,F
2076,1,HappyBirthday,1218,365,F,1,0.451774,0.0104762,9619.32,501.214,F
2076,1,HappyBirthday,969,9490.66,M,1,0.613928,2.34929,126.631,450.936,F
2077,1,HappyBirthday,5,25915.6,M,1,0.00729007,0.1294,11448.5,3.33082,F
2077,1,HappyBirthday,458,2190.13,F,1,0.000338063,0.794003,27.0343,0.111016,F
2077,1,HappyBirthday,489,17520.8,F,1,0.00490991,0.38492,28.2757,1.64535,F
2077,1,HappyBirthday,565,8395.1,F,1,0.768508,2.70174,2308.18,1383.61,F
2077,1,HappyBirthday,1001,2190.39,M,1,0.0731858,0.055564,251.494,30.9208,F
2078,1,HappyBirthday,277,18980.8,F,1,0.184904,6.42562,80.041,72.7148,F
2078,1,HappyBirthday,577,8030.56,M,1,0.000113747,5.94466,1.04882,0.035398,F
2078,1,Births,1263,0,M,0,0,0.086324,0,0,F
2079,1,HappyBirthday,428,2190.45,M,1,0.00285618,3.2296,3.76955,0.889483,F
2079,1,HappyBirthday,768,16790.1,F,1,0.0680028,2.93694,65.8342,23.3136,F
2079,1,HappyBirthday,1124,1095,F,1,0.116515,1.29595,11312.9,403.642,F
2080,1,Births,1264,0,F,0,0,0.0231514,0,0,F
2081,1,HappyBirthday,877,15695.1,M,1,0.00128657,0.19862,9.4094,0.419007,F
2082,1,HappyBirthday,1126,1095,F,1,0.072486,0.886308,101.267,26.8774,F
2082,1,HappyBirthday,724,4015.92,M,1,0.158845,0.905389,5375.98,60.2057,F
2082,1,HappyBirthday,1125,1095,F,1,0.00526005,0.805262,11.6876,1.73677,F
2083,1,HappyBirthday,679,9855.92,F,1,0.000668901,43.0128,59.9082,0.230339,F
2085,1,HappyBirthday,548,6205.57,F,1,0.000416485,0.0141148,7289.78,2.50102,F
2085,1,HappyBirthday,932,32850.9,F,1,0.021373,1.66907,2.69282,6.74673,F
2086,1,HappyBirthday,99,2920.81,F,1,0.183305,2.92126,981.5,64.6439,F
2086,1,HappyBirthday,694,13505.9,M,1,0.00785153,1.13515,76.9831,2.70735,F
2086,1,HappyBirthday,743,4745.29,F,1,0.00236894,0.631996,22.3907,0.788745,F
2086,1,HappyBirthday,839,9490.57,M,1,0.120964,7.61826,32.6667,46.1701,F
2087,1,HappyBirthday,595,29565.3,F,1,0.00633385,9.00166,3704.96,9.5479,F
2088,1,HappyBirthday,498,4380.2,M,1,0.00512418,0.166544,0.458698,1.59673,F
2088,1,HappyBirthday,1036,1825,F,1,0.0213831,0.0616851,9.36674,6.82618,F
2088,1,HappyBirthday,1035,1825,F,1,0.000551534,0.624358,3.91026,0.171496,F
2089,1,HappyBirthday,4,19345.5,M,1,0.00519958,0.108111,19.1518,1.66698,F
2089,1,HappyBirthday,375,4745.33,F,1,0.148067,0.221301,46.4299,60.8506,F
2090,1,HappyBirthday,24,20440.1,M,1,0.367034,0.277589,1090.94,152.046,F
2090,1,HappyBirthday,90,32120.4,F,1,0.122035,0.637908,97.6454,46.5242,F
2090,1,HappyBirthday,744,11316,F,1,0.2383,0.152906,2805.17,817.975,F
2091,1,HappyBirthday,38,2555.4,F,1,0.00108116,0.0407105,61.611,0.343022,F
2091,1,HappyBirthday,59,4380.86,F,1,0.00647176,0.157839,81.728,2.26685,F
2091,1,HappyBirthday,242,27010.9,F,1,0.127119,26.1755,6612.1,52.5022,F
2091,1,HappyBirthday,280,6570.52,F,1,0.171149,0.211907,6776.88,733.393,F
2091,1,HappyBirthday,1127,1095,F,1,0.0705957,0.0124784,26.1499,24.697,F
2092,1,HappyBirthday,89,6935.72,M,1,0.0463632,0.587937,546.601,15.1139,F
2092,1,HappyBirthday,336,4015.85,M,1,0.000636627,2.01688,353.072,0.304242,F
2092,1,HappyBirthday,425,2190.17,M,1,0.0647521,0.241911,0.161264,20.8066,F
2092,1,HappyBirthday,477,11315.2,F,1,0.00194903,0.610724,9.01963,0.615675,F
2092,1,HappyBirthday,717,28835.3,M,1,0.0135884,0.334372,49.5602,4.61364,F
2092,1,HappyBirthday,917,14965.7,F,1,0.0166529,1.24006,15.2109,5.58459,F
2093,1,HappyBirthday,950,17155.3,M,1,0.0333053,2.04655,0.85193,10.5292,F
2094,1,HappyBirthday,216,14965.4,M,1,0.125801,3.93602,134.808,48.5052,F
2094,1,HappyBirthday,800,2920.31,F,1,0.00168211,0.225148,0.0827321,0.523093,F
2094,1,HappyBirthday,1170,730,M,1,0.0767969,0.351099,67.543,27.1887,F
2095,1,HappyBirthday,1128,1095,M,1,0.177883,0.82484,13949.9,123.913,F
2095,1,HappyBirthday,1037,1825,M,1,0.0376936,0.0738409,45.4389,11.9457,F
2096,1,HappyBirthday,1219,365,F,1,0.11334,0.260106,1391.6,214.062,F
2096,1,HappyBirthday,1171,730,F,1,0.225212,0.739752,24836.6,270.799,F
2096,1,Births,1265,0,F,0,0,0.00237017,0,0,F
2097,1,HappyBirthday,670,14600.3,M,1,0.00980924,0.761304,9383.17,13.551,F
2098,1,HappyBirthday,508,8760.31,F,1,0.396174,0.386902,3.66883,156.861,F
2098,1,HappyBirthday,587,4015.1,F,1,0.841541,21.1828,651.927,639.094,F
2098,1,HappyBirthday,1129,1095,F,1,0.00237689,0.107544,1.73095,0.741722,F
2098,1,HappyBirthday,985,5475.03,M,1,0.00760447,0.104122,9.71428,2.39465,F
2099,1,HappyBirthday,169,9855.08,M,1,0.033299,0.813052,16.4046,11.396,F
2099,1,HappyBirthday,179,7665.09,M,1,0.0285493,0.269601,355.009,14.297,F
2099,1,HappyBirthday,427,4745.15,F,1,0.092414,0.0162995,620.174,62.2597,F
2099,1,HappyBirthday,571,11680.6,F,1,0.00236916,30.3973,1069.19,1.84765,F
2099,1,HappyBirthday,827,6935.95,F,1,0.374359,0.874932,4874.91,158.41,F
2099,1,Births,1266,0,M,0,0,3.10932,0,0,F
2100,1,HappyBirthday,168,12411,F,1,6.13841e-06,1.3447,8.48692,0.0019554,F
2100,1,HappyBirthday,252,4015.19,F,1,0.725711,0.134755,621.927,752.422,F
2100,1,HappyBirthday,404,20440.5,M,1,0.128519,3.64032,4676.3,44.8746,F
2100,1,HappyBirthday,615,5110.38,M,1,0.388387,0.84079,784.862,537.883,F
2100,1,HappyBirthday,739,24090.9,F,1,0.0330003,0.408574,28019.2,101.691,F
2100,1,HappyBirthday,853,12410.3,F,1,0.24444,0.262327,5409.64,194.395,F
2101,1,HappyBirthday,207,36135.4,F,1,0.00591891,5.08322,0.0013948,1.84491,F
2102,1,HappyBirthday,18,13870.7,M,1,0.00296823,3.10018,65.1084,1.15081,F
2102,1,HappyBirthday,1220,365,M,1,0.0057878,0.116962,59.2316,2.2907,F
2103,1,HappyBirthday,320,15695.7,M,1,0.117438,14.9374,21.2852,39.0386,F
2103,1,HappyBirthday,392,20075.1,F,1,0.264409,3.54756,803.964,111.989,F
2103,1,HappyBirthday,528,4745.58,M,1,0.270033,0.360744,17.5894,106.44,F
2103,1,HappyBirthday,742,5475.81,F,1,0.263808,0.417403,123.878,143.147,F
2103,1,HappyBirthday,1221,365,M,1,0.112015,0.9631,7.4907,38.213,F
2104,1,HappyBirthday,131,11316,F,1,0.129951,8.9945,1230.59,46.5753,F
2104,1,HappyBirthday,1038,1825,M,1,0.303152,0.611656,90.6844,144.598,F
2105,1,HappyBirthday,98,14235.3,M,1,0.00496861,0.501239,33910.5,35.9549,F
2106,1,HappyBirthday,658,6935.52,F,1,0.00441569,0.176939,0.0133424,1.37532,F
2106,1,HappyBirthday,787,9490.93,F,1,0.120941,0.979733,55.3259,40.7028,F
2106,1,HappyBirthday,1172,730,M,1,0.321593,1.56025,85.6997,135.469,F
2108,1,HappyBirthday,452,14600.4,F,1,0.000213354,2.10283,1.94143,0.0664364,F
2109,1,HappyBirthday,1130,1095,M,1,0.000298456,0.206828,52184.8,0.382171,F
2109,1,HappyBirthday,412,5840.56,M,1,0.168415,1.03989,1368.8,150.164,F
2110,1,HappyBirthday,497,9125.83,F,1,0.481413,3.37768,16400.2,513.762,F
2111,1,HappyBirthday,672,9855.49,M,1,0.0659977,0.296011,19.7178,21.9228,F
2112,1,HappyBirthday,410,18980.9,M,1,0.0142097,14.1701,90.9759,6.35513,F
2112,1,Births,1267,0,F,0,0,0.0826025,0,0,F
2113,1,HappyBirthday,473,5110.33,M,1,0.0143766,0.189109,38.9065,4.81908,F
2113,1,HappyBirthday,622,4745.69,F,1,0.283978,0.95437,19.23,113.865,F
2114,1,HappyBirthday,64,6205.04,M,1,0.00634139,0.262006,0.000342012,1.97688,F
2114,1,HappyBirthday,373,5840.93,M,1,0.35621,0.293151,2471.33,1219.4,F
2114,1,HappyBirthday,656,19710.5,M,1,6.89333e-05,3.49205,19.1378,0.0221324,F
2114,1,HappyBirthday,713,4745.87,M,1,0.673397,4.98194,120.096,406.133,F
2114,1,HappyBirthday,886,8030.81,M,1,0.0598639,0.321025,54638.8,391.626,F
2116,1,HappyBirthday,1000,18250.5,M,1,0.00206119,0.140238,26.8614,0.670776,F
2116,1,HappyBirthday,260,8395.71,F,1,0.0963696,0.853876,4939.41,412.994,F
2117,1,HappyBirthday,122,5475.99,M,1,0.211974,0.858924,346.423,74.1121,F
2117,1,HappyBirthday,349,10950.6,M,1,0.0594991,2.13992,336.28,48.0603,F
2117,1,HappyBirthday,479,2920.73,F,1,0.0946758,0.129521,392.792,54.9624,F
2117,1,HappyBirthday,1222,365,M,1,0.071478,0.0592959,9.6425,23.0881,F
2117,1,HappyBirthday,649,12410.9,M,1,0.00715836,1.266,15.2919,2.29448,F
2117,1,HappyBirthday,755,8395.2,M,1,0.0010994,2.57469,15.9729,0.358661,F
2117,1,HappyBirthday,866,8760.69,F,1,0.236698,6.91638,109.12,96.5418,F
2117,1,Births,1268,0,M,0,0,0.0365925,0,0,F
2118,1,HappyBirthday,92,35770.6,M,1,0.0012324,1.10457,0.015631,0.383272,F
2118,1,HappyBirthday,234,9490.75,F,1,0.00347091,0.735911,0.0346896,1.08062,F
2118,1,HappyBirthday,731,10220.8,M,1,0.000581768,0.0534609,2e-06,0.180922,F
2118,1,HappyBirthday,763,10585.4,M,1,0.916874,0.368513,600.714,962.715,F
2119,1,HappyBirthday,312,2920.1,M,1,0.186137,11.3017,16663.5,113.779,F
2119,1,HappyBirthday,411,9855.1,M,1,1.61697e-05,2.19823,118915,0.149129,F
2119,1,HappyBirthday,960,14235.6,M,1,0.41187,0.229309,13.0367,175.766,F
2119,1,HappyBirthday,973,4015.13,M,1,0.000981404,0.173226,66.1912,0.403855,F
2120,1,HappyBirthday,466,15330.5,M,1,0.572982,0.0549034,413.777,287.024,F
2120,1,HappyBirthday,558,4745.19,M,1,0.00940335,0.0747739,2544.96,3.15585,F
2120,1,HappyBirthday,729,4745.96,M,1,0.000893069,0.432386,20.4554,0.298814,F
2120,1,HappyBirthday,745,3285.36,F,1,0.00552212,6.5753,88.3726,2.33508,F
2120,1,HappyBirthday,983,4380.37,F,1,0.0279692,0.284744,64.1462,9.3411,F
2121,1,HappyBirthday,68,8760.53,M,1,0.000831487,0.28538,8690.26,2.66528,F
2121,1,HappyBirthday,1039,1825,M,1,1.9307e-05,0.684539,77708,0.0626262,F
2121,1,HappyBirthday,461,10950.8,M,1,0.0512479,2.84286,1592.64,16.5943,F
2121,1,HappyBirthday,1074,1460,F,1,0.00250633,0.0825378,3.00203,0.789776,F
2122,1,HappyBirthday,113,25550.6,M,1,0.0367417,1.39269,146.282,14.2108,F
2123,1,HappyBirthday,109,15695.4,M,1,0.199579,0.455256,65846.2,1013.26,F
2123,1,HappyBirthday,358,10585.5,F,1,0.00255782,0.509192,101.567,0.815387,F
2123,1,HappyBirthday,602,16425.2,M,1,0.00253424,1.00621,0.666066,0.788909,F
2123,1,HappyBirthday,726,18250.7,M,1,0.27119,3.89289,1880.36,236.52,F
2124,1,HappyBirthday,116,12410.5,M,1,0.0424324,9.48396,70.7255,17.4558,F
2124,1,HappyBirthday,192,3285.13,F,1,0.980426,3.1803,93.307,1328.76,F
2124,1,HappyBirthday,1223,365,F,1,0.00956647,0.0163222,27.2126,3.38129,F
2124,1,HappyBirthday,949,6205.87,M,1,0.000755218,0.0843528,4888.1,1.64852,F
2124,1,Births,1269,0,M,0,0,0.129963,0,0,F
2125,1,HappyBirthday,286,6935.39,M,1,0.0968781,3.46605,22.2785,32.7262,F
2125,1,HappyBirthday,443,21535.9,F,1,0.00388763,0.111718,1.62038,1.21092,F
2125,1,HappyBirthday,488,12410.2,F,1,4.81209e-05,0.0243694,68820.4,0.307803,F
2125,1,HappyBirthday,709,7300.15,F,1,1.61365e-05,6.54795,10.2237,0.00511654,F
2125,1,HappyBirthday,792,24090,F,1,0.167097,0.391959,1.74021,56.8823,F
2125,1,HappyBirthday,831,11315.8,F,1,0,0.163141,588.444,0,F
2126,1,HappyBirthday,1224,365,F,1,0.0339846,1.11082,1035.86,11.1341,F
2126,1,HappyBirthday,951,12045.3,F,1,0.00041795,0.561338,7.72232,0.134357,F
2126,1,HappyBirthday,958,6570.02,F,1,0.00136916,1.55267,5430.19,3.04925,F
2127,1,HappyBirthday,692,2920.47,M,1,1.64155e-05,1.85575,2028.46,0.0187253,F
2127,1,HappyBirthday,1040,1825,M,1,0.00230239,0.519058,29.6106,0.818333,F
2127,1,HappyBirthday,758,2920.9,F,1,0.00410234,0.107699,33139.7,4.92678,F
2128,1,HappyBirthday,244,11680.1,M,1,0.119321,0.223228,3904.02,385.373,F
2128,1,HappyBirthday,440,29565.7,M,1,0.124783,1.51387,145.062,49.8506,F
2128,1,HappyBirthday,638,10585.2,M,1,0.000564305,0.994261,13249.3,5.15468,F
2128,1,HappyBirthday,650,36135.4,F,1,0.14861,4.12596,6326.75,319.33,F
2128,1,HappyBirthday,795,5475.67,M,1,0.00193236,1.87277,8728.46,0.666917,F
2128,1,HappyBirthday,868,8030.95,F,1,0.908713,1.18172,6239.57,1386.49,F
2129,1,HappyBirthday,1075,1460,F,1,0.142982,0.0490099,1.42543,48.1503,F
2129,1,HappyBirthday,229,12775.2,M,1,0.000501806,3.40263,59907.3,1.39567,F
2129,1,HappyBirthday,329,4745.66,M,1,5.67603e-06,1.85224,983.672,0.00869046,F
2129,1,HappyBirthday,740,7665.9,M,1,0.43234,0.519584,6023.31,626.477,F
2130,1,HappyBirthday,157,5840.51,F,1,0.0675621,2.51634,5875.1,27.4493,F
2130,1,HappyBirthday,606,8760.5,F,1,0.000872191,2.77698,132.306,0.322435,F
2131,1,HappyBirthday,278,10950.2,M,1,0.0937387,1.93302,27.5316,34.4793,F
2131,1,HappyBirthday,1131,1095,M,1,0.028508,0.0506278,66.5231,10.8912,F
2131,1,HappyBirthday,837,16790.2,F,1,0.00260541,0.84104,16.755,0.870817,F
2131,1,Births,1270,0,F,0,0,0.0181451,0,0,F
2132,1,HappyBirthday,1226,365,M,1,0.00031626,1.29584,23796,1.62141,F
2132,1,HappyBirthday,1132,1095,F,1,0.000666294,1.55259,47.0169,0.23056,F
2132,1,HappyBirthday,366,31025.5,M,1,0.137435,2.86542,45741.5,481.934,F
2133,1,HappyBirthday,272,5110.69,F,1,0.136883,0.189032,20.3229,47.5544,F
2133,1,HappyBirthday,436,10585.2,F,1,0.471883,0.190329,13096.8,763.562,F
2133,1,HappyBirthday,476,6935.44,M,1,0.0170409,4.02377,196.37,7.37787,F
2133,1,HappyBirthday,525,2190.04,M,1,0.00971102,0.0169204,30.1271,3.05484,F
2134,1,HappyBirthday,465,2920.49,M,1,0.0611115,0.612118,5117.37,68.4696,F
2134,1,HappyBirthday,623,18250.6,F,1,0.001617,0.178417,13920.8,0.806341,F
2134,1,HappyBirthday,847,3650.4,F,1,0.00155114,5.24202,11.3119,0.509956,F
2135,1,HappyBirthday,578,5110.07,F,1,0.130258,1.16548,58.3987,54.4997,F
2135,1,HappyBirthday,756,14235.6,F,1,0.220669,3.76273,466.487,129.204,F
2135,1,HappyBirthday,922,9490,F,1,0.16385,5.10253,10729.4,1256.38,F
2136,1,HappyBirthday,78,2920.57,M,1,7.96829e-06,0.198995,19080.6,0.0407669,F
2136,1,HappyBirthday,225,2555.67,M,1,0.274892,0.420488,402.612,101.647,F
2136,1,HappyBirthday,1133,1095,M,1,0.0565026,1.20017,420.88,26.2424,F
2136,1,HappyBirthday,354,10220.6,F,1,0.0036088,1.47516,7428.57,1.45498,F
2136,1,HappyBirthday,1227,365,M,1,0.0047668,0.0132035,200.648,1.93721,F
2136,1,HappyBirthday,1041,1825,M,1,0.679353,0.445953,196.409,608.149,F
2136,1,HappyBirthday,671,12775.6,M,1,0.117354,0.307343,2251.1,319.037,F
2136,1,Births,1271,0,F,0,0,0.0256445,0,0,F
2137,1,HappyBirthday,27,18615,M,1,0.0014566,0.00563664,29.989,0.472598,F
2137,1,HappyBirthday,1134,1095,M,1,0.0133306,0.49595,78.262,5.45434,F
2137,1,HappyBirthday,550,3285.44,M,1,4.86328e-05,1.23008,13360.4,0.430912,F
2137,1,HappyBirthday,1076,1460,M,1,0.404116,0.0377102,52.9982,162.987,F
2138,1,HappyBirthday,140,8760.33,M,1,0.698289,1.36586,77.2857,377.346,F
2138,1,HappyBirthday,1175,730,M,1,0.115539,0.0537036,39751.6,221.079,F
2138,1,HappyBirthday,180,4015.54,M,1,0.0811085,0.0537822,2706.68,28.354,F
2138,1,HappyBirthday,444,23725,M,1,0.18641,3.15306,462.19,109.563,F
2138,1,HappyBirthday,600,2555.79,M,1,0.020633,0.0945135,1.30939,6.48914,F
2138,1,HappyBirthday,1043,1825,M,1,0.0975193,0.337454,2.21662,32.1833,F
2139,1,HappyBirthday,77,9125.16,F,1,0.00274542,1.03818,993.31,0.867352,F
2139,1,HappyBirthday,82,22995.1,M,1,0.113323,0.448348,0.239248,37.378,F
2139,1,HappyBirthday,430,6570.63,F,1,0.0429968,0.517085,107.562,15.9896,F
2139,1,HappyBirthday,854,35406,F,1,0.00139208,2.37143,9.90651,0.447328,F
2139,1,HappyBirthday,1135,1095,F,1,0.00314051,0.0490355,85238.2,34.4723,F
2139,1,Births,1272,0,M,0,0,0.0239272,0,0,F
2140,1,HappyBirthday,48,10220.6,F,1,0.579658,0.0783008,365.721,648.191,F
2140,1,HappyBirthday,173,24820.9,F,1,0.0261305,1.44127,66.3527,9.12321,F
2140,1,HappyBirthday,273,17155.2,F,1,0.00511442,2.92269,0.168873,1.59374,F
2140,1,HappyBirthday,293,2555.21,F,1,0.0088248,1.09492,114.998,3.27235,F
2140,1,HappyBirthday,632,32850.4,M,1,0.000425489,0.223317,16175.7,1.45499,F
2140,1,HappyBirthday,928,17885.2,F,1,0.0167947,1.58485,46.0038,6.08129,F
2140,1,Births,1273,0,F,0,0,0.226213,0,0,F
2141,1,HappyBirthday,1136,1095,F,1,0.0119246,0.162571,48.3537,4.08092,F
2141,1,HappyBirthday,401,33945.5,F,1,0.0028845,0.192086,464.591,2.23496,F
2141,1,HappyBirthday,518,14600.2,F,1,0.136014,1.97741,445.909,58.4849,F
2141,1,HappyBirthday,523,8030.89,F,1,0.156026,0.26425,4.89229,52.7816,F
2142,1,HappyBirthday,127,16790.6,F,1,0.0011588,0.658749,1736.02,0.517957,F
2142,1,HappyBirthday,297,4015.65,F,1,0.0242659,0.471456,159124,233.919,F
2142,1,HappyBirthday,371,2920.76,M,1,0.0381743,1.07987,2450.95,12.5711,F
2142,1,HappyBirthday,653,5840.38,M,1,0.000852715,0.391752,6664.94,4.62749,F
2142,1,HappyBirthday,664,6570.47,M,1,0.00134008,1.5689,3.43019,0.419527,F
2142,1,HappyBirthday,691,9125.87,M,1,0.783934,1.72442,198.703,604.81,F
2142,1,HappyBirthday,712,15330.2,F,1,0.000713596,1.5605,39.489,0.265908,F
2142,1,HappyBirthday,1137,1095,M,1,0.0200831,0.12256,139584,181.534,F
2142,1,HappyBirthday,838,4745.68,M,1,0.27985,1.34153,5570.96,425.842,F
2142,1,HappyBirthday,965,4745.67,F,1,0.227629,0.758866,487.124,86.5982,F
2142,1,HappyBirthday,992,3650.86,M,1,0.272233,9.28689,15.8003,102.794,F
2143,1,HappyBirthday,250,13870.3,M,1,0.115773,0.259137,12.8425,39.0803,F
2143,1,HappyBirthday,559,4380.1,F,1,0.2309,0.16922,5039.6,366.145,F
2144,1,HappyBirthday,1228,365,F,1,0.0105559,0.0660945,0.0158245,3.2985,F
2144,1,HappyBirthday,303,4015.26,F,1,0.0240337,0.349592,416.654,8.16165,F
2144,1,HappyBirthday,516,31755.2,F,1,0.540067,0.156239,2663.8,274.687,F
2144,1,HappyBirthday,1077,1460,F,1,0.703887,0.215196,595.641,400.27,F
2145,1,HappyBirthday,148,17885.7,M,1,0.313841,2.10856,48158.1,1511.54,F
2145,1,HappyBirthday,347,8395.43,F,1,8.85499e-07,0.548935,1932.86,0.0017786,F
2145,1,HappyBirthday,1176,730,M,1,0.004084,0.18458,70898.2,24.1844,F
2145,1,HappyBirthday,570,9490.4,M,1,0.000520976,0.0543033,43916.3,0.761722,F
2145,1,Births,1274,0,M,0,0,0.154413,0,0,F
2146,1,HappyBirthday,450,2190.77,F,1,0.0415153,0.576937,1781.72,13.9076,F
2146,1,HappyBirthday,601,3285.33,M,1,0.00495567,9.05827,46.3833,1.84113,F
2146,1,HappyBirthday,1229,365,F,1,0.437687,0.0263967,2886.78,716.146,F
2147,1,HappyBirthday,749,21170.1,M,1,0.0647754,1.91635,1.34864,20.9438,F
2147,1,HappyBirthday,771,16425.7,F,1,0.00248576,0.375575,91.195,0.961196,F
2147,1,HappyBirthday,842,18250.9,M,1,0.359532,0.467844,457.057,210.603,F
2148,1,HappyBirthday,1139,1095,M,1,0.150206,2.15851,16.1903,51.6694,F
2148,1,HappyBirthday,275,27375.3,F,1,0.853279,1.46656,34.8881,617.869,F
2148,1,HappyBirthday,315,4745.62,M,1,0.0160946,0.332712,109.772,6.24337,F
2148,1,HappyBirthday,1138,1095,F,1,0.00235962,0.941883,7847.7,0.875473,F
2148,1,HappyBirthday,916,22995,F,1,0.0827686,0.223351,1.76499,26.9516,F
2149,1,HappyBirthday,500,9490.98,M,1,0.00286303,0.0658818,1.18288,0.892432,F
2150,1,HappyBirthday,1078,1460,F,1,0.0618056,1.33484,3486.09,109.357,F
2151,1,Births,1275,0,M,0,0,0.0352172,0,0,F
2152,1,HappyBirthday,432,13505.9,F,1,0.00178849,0.589138,15.6841,0.6001,F
2152,1,HappyBirthday,492,2190.67,F,1,0.000659643,0.53273,3886.74,0.673197,F
2152,1,HappyBirthday,1140,1095,F,1,0.647613,0.0821497,980.353,466.609,F
2152,1,HappyBirthday,945,6935.97,F,1,0.123757,1.92049,3559.87,67.8269,F
2153,1,HappyBirthday,153,9855.14,M,1,0.049017,1.35822,0.874588,15.6659,F
2153,1,HappyBirthday,211,16425.6,M,1,0.0262257,0.205409,21301.7,32.3304,F
2153,1,HappyBirthday,339,12045.6,M,1,0.126326,5.72058,112.677,49.4046,F
2153,1,HappyBirthday,529,13505.6,F,1,0.000824512,0.0427921,33.1891,0.268113,F
2154,1,HappyBirthday,191,2190.32,F,1,0.000354249,0.0971772,12128.2,1.4728,F
2154,1,HappyBirthday,206,7665.27,F,1,3.31861e-05,0.00319596,34965.1,0.0742998,F
2154,1,HappyBirthday,1177,730,F,1,0.491357,0.15644,19151.4,1738.57,F
2155,1,HappyBirthday,1044,1825,M,1,0.163839,0.222838,346.108,81.4345,F
2156,1,HappyBirthday,171,15330.1,F,1,0.180926,1.77295,5030.08,313.664,F
2157,1,HappyBirthday,1141,1095,M,1,0.00207055,0.311514,0.538177,0.644852,F
2157,1,HappyBirthday,852,4745.57,M,1,0.00299818,5.84344,8533.43,3.33865,F
2157,1,HappyBirthday,1230,365,F,1,0.490056,0.309049,6.65129,211.641,F
2158,1,HappyBirthday,424,17155.9,M,1,0.00153537,0.14193,22.6306,0.491899,F
2158,1,HappyBirthday,1080,1460,M,1,0.0201113,0.351216,1647,19.2204,F
2159,1,HappyBirthday,1231,365,F,1,0.00276278,0.109502,27.3727,0.933863,F
2159,1,Births,1276,0,F,0,0,0.0168507,0,0,F
2160,1,HappyBirthday,924,14235.3,F,1,0.139892,0.135432,117.756,49.4165,F
2161,1,HappyBirthday,2,13505.4,M,1,0.0614354,3.76256,30.7692,21.5248,F
2161,1,HappyBirthday,309,4015.8,F,1,0.106639,0.950339,95.8818,35.5929,F
2161,1,HappyBirthday,1081,1460,M,1,0.11007,1.36994,67.6705,36.2429,F
2162,1,HappyBirthday,1045,1825,F,1,0.0943204,0.226053,4183.94,63.6534,F
2162,1,HappyBirthday,1142,1095,F,1,0.00242313,0.0746737,0.0588641,0.753477,F
2162,1,HappyBirthday,1178,730,M,1,0.0379304,0.153106,149.086,16.5713,F
2163,1,HappyBirthday,231,6935.46,F,1,0.0464894,0.334177,1535.5,17.3059,F
2163,1,HappyBirthday,967,2190.42,M,1,0.124533,0.917395,1127.28,41.6255,F
2163,1,HappyBirthday,1179,730,F,1,4.06615e-05,0.0336945,213950,0.421247,F
2164,1,HappyBirthday,21,21535.5,M,1,0.0198601,0.0769859,560.108,18.5177,F
2165,1,HappyBirthday,199,6570.64,F,1,0.00580834,0.914205,18.3831,1.96808,F
2165,1,HappyBirthday,686,17885.5,F,1,0.00296041,0.486646,159.741,1.15832,F
2165,1,Births,1277,0,M,0,0,1.23402,0,0,F
2166,1,HappyBirthday,442,13140.5,M,1,0.0171623,4.56524,1329.97,11.7684,F
2166,1,HappyBirthday,1143,1095,M,1,0.116742,0.18835,20.574,39.6006,F
2166,1,HappyBirthday,786,21535.3,F,1,0.042309,2.14853,53.714,14.9526,F
2167,1,HappyBirthday,813,4380.14,M,1,0.000607284,0.470524,50802.8,0.804681,F
2167,1,HappyBirthday,844,7300.54,F,1,0.000734621,6.27179,26.6402,0.23669,F
2168,1,HappyBirthday,150,23725.4,M,1,0.10984,0.698489,43.3136,38.1453,F
2168,1,HappyBirthday,239,31390.7,M,1,0.0147106,0.280089,5739.16,4.62468,F
2168,1,HappyBirthday,1180,730,F,1,0.01234,1.33169,707.93,4.23054,F
2168,1,HappyBirthday,433,26280.3,M,1,0.34155,1.33258,10.9643,130.368,F
2168,1,HappyBirthday,583,12410.7,M,1,0.05102,19.1297,3569.29,32.8144,F
2169,1,HappyBirthday,241,19345.4,F,1,0.0627362,0.458915,6159.57,346.804,F
2169,1,HappyBirthday,569,9125.13,M,1,0.06093,9.1193,6.82293,19.8783,F
2169,1,HappyBirthday,1233,365,F,1,0.0193931,0.0227106,34.2793,6.38375,F
2169,1,HappyBirthday,823,10220.9,M,1,0.889455,2.56203,50.7908,692.24,F
2171,1,HappyBirthday,219,7665.28,F,1,0.149358,0.745308,580,89.7614,F
2172,1,HappyBirthday,327,5475.92,M,1,0.135074,0.321079,95.6405,54.9615,F
2172,1,HappyBirthday,554,12045.1,F,1,0.448929,3.77504,9533.23,575.647,F
2172,1,HappyBirthday,640,8030.87,M,1,0.12517,4.48547,14.2334,44.535,F
2173,1,HappyBirthday,328,14600.4,F,1,0.0098521,0.27158,21304.7,6.07374,F
2173,1,HappyBirthday,579,6570.32,M,1,0.123948,0.2315,17.8944,43.8598,F
2173,1,HappyBirthday,765,32120.1,M,1,0.000123535,0.194409,2835.99,0.381879,F
2174,1,HappyBirthday,660,2190.5,F,1,0.00818817,12.1205,19.0114,2.61812,F
2174,1,HappyBirthday,912,15695.3,M,1,0.000901392,0.199411,10.8759,0.285614,F
2174,1,HappyBirthday,930,8760.78,M,1,0.297325,0.518774,36.0213,115.526,F
2175,1,HappyBirthday,119,13505.9,M,1,0.0387766,0.0466273,39.7085,12.9927,F
2175,1,HappyBirthday,448,4380.45,F,1,0.0365508,6.16806,2719.22,45.5456,F
2175,1,HappyBirthday,634,4380.46,M,1,0.000222248,1.93963,23.6745,0.0716165,F
2175,1,HappyBirthday,825,14235.5,F,1,0.00353139,0.0888106,4.82094,1.09993,F
2175,1,HappyBirthday,975,6935.19,M,1,0.00503237,7.49193,37.7031,1.62012,F
2175,1,HappyBirthday,1082,1460,F,1,0.000853802,0.284393,0.504922,0.265835,F
2175,1,Births,1278,0,F,0,0,0.0101518,0,0,F
2176,1,HappyBirthday,663,33215.6,F,1,0.00217537,0.395899,91650.3,14.5551,F
2176,1,HappyBirthday,1144,1095,F,1,0.542301,0.0579426,577.225,250.193,F
2177,1,HappyBirthday,541,6205.81,M,1,0.0207317,2.64558,36.9756,6.51258,F
2178,1,HappyBirthday,553,6935.41,F,1,0.0700125,10.2092,60.1345,23.3971,F
2178,1,HappyBirthday,699,16425.2,F,1,4.9218e-05,1.83989,4.08494,0.015368,F
2179,1,HappyBirthday,102,3285.13,F,1,0.00361923,11.8039,1.02904,1.1326,F
2180,1,HappyBirthday,423,9125.18,M,1,0.186729,2.1236,426.572,127.497,F
2180,1,HappyBirthday,934,14965.2,M,1,0.556253,0.201215,126.792,366.557,F
2180,1,HappyBirthday,1182,730,F,1,0.000524597,0.0271633,2.47012,0.163847,F
2181,1,HappyBirthday,6,7665.11,M,1,0.00231648,0.146179,39.6141,0.751292,F
2182,1,HappyBirthday,446,2555.34,F,1,0.00038765,2.69532,25670.3,2.47029,F
2182,1,HappyBirthday,684,2190.26,M,1,0.0431177,0.856508,64046,263.349,F
2183,1,HappyBirthday,209,3650.13,M,1,0.00490161,4.18126,9132.4,8.63238,F
2183,1,HappyBirthday,757,10220.1,M,1,0.106661,0.19556,1454.47,48.1609,F
2183,1,HappyBirthday,864,9855.35,F,1,0.0136003,0.82048,289.371,4.50744,F
2183,1,HappyBirthday,1183,730,M,1,8.00293e-05,1.4542,202388,0.800534,F
2184,1,HappyBirthday,138,7665.39,M,1,0.0104577,3.16727,179802,99.611,F
2184,1,HappyBirthday,340,27375.9,M,1,0.000680601,0.927584,1.19544,0.212489,F
2184,1,HappyBirthday,359,4745.91,M,1,0.03051,0.0223959,235.534,12.953,F
2184,1,HappyBirthday,697,8760.68,M,1,0.00364176,2.43468,54.6672,1.21575,F
2185,1,HappyBirthday,507,5840.03,M,1,0.0129861,0.599632,5930.34,4.95403,F
2186,1,HappyBirthday,178,8760.4,M,1,0.167686,0.0775299,1906.29,95.4153,F
2186,1,HappyBirthday,591,14965.2,M,1,0.00150553,1.44525,158.052,0.7438,F
2187,1,HappyBirthday,80,3285.88,F,1,0.000368915,3.25266,1413.97,0.537754,F
2187,1,HappyBirthday,493,7665.6,F,1,0.00186131,9.09082,5.34981,0.584299,F
2187,1,HappyBirthday,539,5110.17,M,1,0.751657,1.23374,959.114,905.06,F
2188,1,HappyBirthday,186,3285.55,M,1,0.0193924,0.219623,19.6052,6.68677,F
2188,1,HappyBirthday,1047,1825,F,1,0.510378,0.303389,1809.11,226.849,F
2188,1,HappyBirthday,626,8395.34,F,1,0.00626086,0.272946,1102.44,9.44403,F
2189,1,HappyBirthday,201,9125.36,F,1,0.0735002,0.922478,3571.52,111.553,F
2189,1,HappyBirthday,348,10220,F,1,0.00399502,0.134928,16864.3,3.81917,F
2190,1,HappyBirthday,566,9125.02,F,1,0.00185844,1.67088,24.3372,0.637915,F
2191,1,HappyBirthday,1048,1825,M,1,0.0542899,0.019487,218.405,21.7731,F
2191,1,HappyBirthday,335,11680.3,M,1,0.00505238,0.593359,18.6626,1.61553,F
2191,1,HappyBirthday,419,16425.3,M,1,0.00239532,0.528039,25.3724,0.767085,F
2191,1,HappyBirthday,780,31390.4,M,1,0.184468,4.52503,8.485,64.0148,F
2191,1,HappyBirthday,794,5840.75,F,1,0.0401351,0.00689188,260.052,12.7312,F
2191,1,HappyBirthday,1084,1460,M,1,0.503988,0.0355998,974.559,506.463,F
2191,1,HappyBirthday,980,3650.46,F,1,0.0115351,0.0747213,1782.38,6.8823,F
2192,1,HappyBirthday,267,16425.8,F,1,0.0577729,0.915056,46.9708,19.9143,F
2193,1,HappyBirthday,36,2555.89,F,1,0.00851835,0.167969,23.3738,2.75428,F
2193,1,HappyBirthday,163,4015.83,F,1,0.00542621,0.271486,57.0515,1.81603,F
2193,1,HappyBirthday,1049,1825,M,1,0.0394595,0.737439,159.784,14.6767,F
2193,1,HappyBirthday,368,28835.9,M,1,0.0680995,0.503388,181.314,27.4529,F
2194,1,HappyBirthday,1184,730,M,1,0.655288,0.170094,235.17,421.235,F
2194,1,HappyBirthday,486,20075.1,F,1,0.336409,1.12885,4400.17,141.886,F
2194,1,HappyBirthday,1145,1095,M,1,0.224377,0.0653048,8650.35,1235.54,F
2195,1,HappyBirthday,325,8760.39,M,1,0.574707,3.50019,5271.82,469.023,F
2195,1,HappyBirthday,388,24455.3,F,1,0.315142,1.34046,251.32,159.865,F
2195,1,HappyBirthday,851,5110.46,F,1,0.241757,0.430014,191.539,130.84,F
2196,1,HappyBirthday,1185,730,M,1,0.0168563,1.60137,6311.25,5.86562,F
2196,1,HappyBirthday,1146,1095,F,1,0.82092,0.599422,156.628,654.212,F
2197,1,HappyBirthday,774,6935.07,F,1,0.00262394,6.37814,31.1163,0.853427,F
2197,1,HappyBirthday,1085,1460,M,1,0.000443362,0.0355434,20737.1,0.227179,F
2198,1,HappyBirthday,1234,365,M,1,0.0107587,0.0696558,36.2499,3.89372,F
2198,1,HappyBirthday,245,7300.83,F,1,0.000639391,0.173946,38.9148,0.208895,F
2198,1,HappyBirthday,972,24455.4,F,1,0.014958,0.40484,79.8189,5.26236,F
2199,1,HappyBirthday,164,10950.8,M,1,0.755147,2.37524,398.023,493.9,F
2199,1,HappyBirthday,274,13870.5,M,1,0.0110228,0.869033,16.2223,3.72692,F
2199,1,HappyBirthday,360,4745.99,F,1,2.89412e-05,0.0421226,1.37822,0.00906834,F
2199,1,HappyBirthday,1050,1825,F,1,0.12806,1.89297,410.208,66.9063,F
2199,1,HappyBirthday,871,27010.1,F,1,0.00850548,64.1188,3613.41,16.7183,F
2199,1,HappyBirthday,987,10951,M,1,0.00140102,0.330292,54.2648,0.465621,F
2200,1,HappyBirthday,232,8395.9,M,1,0.000284032,0.901162,2508.88,0.377932,F
2200,1,HappyBirthday,1002,2190,F,1,0.00246566,0.466689,2.19927,0.768626,F
2200,1,HappyBirthday,394,12775,F,1,0.0413888,73.4213,17.0078,14.198,F
2200,1,HappyBirthday,1086,1460,F,1,0.934693,2.15052,602.817,901.971,F
2200,1,HappyBirthday,964,4745.74,F,1,0.0647493,1.41396,555.17,70.804,F
2201,1,HappyBirthday,42,33945.2,F,1,0.00110518,2.29995,1218.34,1.60102,F
2201,1,HappyBirthday,47,5475.53,M,1,0.0117571,0.491598,20.6385,3.80244,F
2201,1,HappyBirthday,887,11680.4,F,1,0.00377454,0.954851,117.156,1.219,F
2202,1,HappyBirthday,687,6205.89,M,1,0.0027065,0.373835,0.139376,0.842081,F
2203,1,HappyBirthday,365,6205.77,F,1,0.201477,6.15821,3.51571,70.7729,F
2203,1,HappyBirthday,540,29930.5,M,1,0.0250102,0.195943,80.7733,10.1426,F
2204,1,HappyBirthday,998,3285.74,M,1,0.00481768,4.22513,62.1191,1.66054,F
2205,1,HappyBirthday,302,5840.72,F,1,0.0231307,4.17669,14.6368,7.45578,F
2205,1,HappyBirthday,603,12045.4,F,1,0.137117,3.00843,41.4868,51.9901,F
2205,1,HappyBirthday,718,7300.36,F,1,0.0148847,0.990707,7.55785,4.8061,F
2205,1,HappyBirthday,906,23360.9,F,1,0.247073,0.130512,18.2333,88.9649,F
2206,1,HappyBirthday,67,2920.87,F,1,0.00204791,0.00599359,98.2002,0.746464,F
2206,1,HappyBirthday,806,4380.44,F,1,0.0290403,2.28805,58.9502,9.98485,F
2207,1,HappyBirthday,1003,2190,F,1,0.0036694,0.102261,80.3114,1.31544,F
2207,1,HappyBirthday,879,6570.23,F,1,0.013828,0.556886,16.2887,4.67472,F
2208,1,HappyBirthday,361,6205.37,M,1,0.000251067,0.0879116,5905,0.60726,F
2208,1,HappyBirthday,546,3650.58,F,1,0.163971,1.01299,4611.74,55.8232,F
2208,1,HappyBirthday,604,3650.49,M,1,0.0981414,6.25169,2493.74,272.125,F
2209,1,HappyBirthday,112,3285.97,F,1,0.132674,0.19823,1488.48,47.464,F
2209,1,HappyBirthday,195,20805.3,M,1,0.177008,1.91064,28.8783,64.3341,F
2209,1,HappyBirthday,1051,1825,F,1,0.000821474,0.191359,6595.12,2.17089,F
2210,1,HappyBirthday,1147,1095,F,1,0.0394067,1.72142,986.374,13.918,F
2210,1,HappyBirthday,576,20440.8,M,1,0.0463364,0.41621,97.0437,19.2958,F
2210,1,HappyBirthday,661,32485,M,1,0.0395724,0.924891,64.6605,13.9575,F
2210,1,HappyBirthday,732,4380.6,M,1,0.000245329,0.269708,4013.18,1.03097,F
2210,1,HappyBirthday,738,8030.94,M,1,0.0179351,1.82964,270.655,8.17819,F
2210,1,Births,1279,0,F,0,0,1.06269,0,0,F
2211,1,HappyBirthday,1004,2190,F,1,0.00278624,0.305441,16517.2,1.56486,F
2212,1,HappyBirthday,628,4015.88,M,1,0.483338,0.636042,3627.56,1368.88,F
2212,1,HappyBirthday,741,3650.69,M,1,0.0244095,0.505028,42.0027,8.23253,F
2212,1,HappyBirthday,1087,1460,M,1,0.0561156,0.745709,127.586,18.0892,F
2213,1,HappyBirthday,1235,365,F,1,0.00546169,0.0799523,205.043,2.24201,F
2213,1,HappyBirthday,317,16425.3,M,1,0.178454,17.6173,302.117,87.2722,F
2213,1,HappyBirthday,1052,1825,F,1,0.00641267,0.0497048,24.4413,2.21636,F
2213,1,HappyBirthday,890,5475.88,F,1,0.000701404,0.615809,81533.5,5.31643,F
2214,1,HappyBirthday,230,16425.2,M,1,0.187946,1.01414,60.3449,70.3081,F
2214,1,HappyBirthday,426,14965.8,M,1,0.0148205,5.46283,7.02617,4.76636,F
2214,1,HappyBirthday,862,15330.6,F,1,0.00814028,5.81534,36.0427,2.63778,F
2214,1,HappyBirthday,891,10220.7,M,1,7.00274e-05,0.126378,25334.5,0.449197,F
2214,1,HappyBirthday,962,4015.58,M,1,0.0642046,0.103834,4728.01,21.0901,F
2215,1,HappyBirthday,13,22995.9,F,1,0.0066904,0.112121,1862.88,5.68761,F
2215,1,HappyBirthday,20,9125.84,M,1,0.565369,2.18286,355.598,280.998,F
2216,1,HappyBirthday,29,6205.41,M,1,0.009685,0.550327,4.0554,3.04505,F
2216,1,HappyBirthday,678,11680.9,F,1,0.0153404,2.92378,112.789,5.78695,F
2216,1,HappyBirthday,1088,1460,M,1,0.000180339,0.135908,3343.24,0.630487,F
2216,1,HappyBirthday,1186,730,F,1,0.532423,0.191369,3118.83,276.028,F
2217,1,HappyBirthday,121,22265.5,F,1,0.00628719,0.0286658,1671.93,2.11154,F
2217,1,HappyBirthday,391,2920.76,M,1,0.00143461,1.19237,3677.26,2.79587,F
2217,1,Births,1280,0,F,0,0,0.263231,0,0,F
2218,1,HappyBirthday,58,27375.9,F,1,0.00343235,0.411654,31.973,1.21894,F
2218,1,HappyBirthday,457,20075.6,F,1,1.81538e-05,0.568207,125.337,0.0079262,F
2219,1,HappyBirthday,944,2555.73,M,1,0.109077,0.219285,1.85053,36.1715,F
2220,1,HappyBirthday,455,9490.92,M,1,0.00181298,1.88941,26.3147,0.566399,F
2220,1,HappyBirthday,811,3285.12,F,1,0.00281138,0.144324,21.8488,0.942263,F
2220,1,HappyBirthday,822,5475.6,F,1,0.0173958,3.59927,29.4555,5.93935,F
2220,1,HappyBirthday,1089,1460,F,1,0.153572,0.316899,2372,82.8381,F
2222,1,HappyBirthday,543,18615.2,F,1,0.0654208,2.02799,579.379,28.0734,F
2222,1,HappyBirthday,1187,730,F,1,0.238338,0.070928,25450.8,1732.91,F
2222,1,Births,1281,0,M,0,0,0.134974,0,0,F
2223,1,HappyBirthday,1236,365,M,1,0.287935,0.185501,4561.78,1364.98,F
2224,1,HappyBirthday,40,11680.1,F,1,0.0557698,0.202661,129.498,20.3382,F
2224,1,HappyBirthday,1189,730,M,1,0.000577929,0.0883223,2.4609,0.179718,F
2224,1,HappyBirthday,417,9490.04,M,1,0.000468455,0.453798,14137.9,4.30931,F
2224,1,HappyBirthday,1188,730,M,1,0.0172421,0.0483556,5183.34,59.4358,F
2225,1,HappyBirthday,23,17155.2,F,1,0.011239,6.59156,331.088,4.03842,F
2225,1,Births,1282,0,F,0,0,0.740602,0,0,F
2226,1,HappyBirthday,690,32485.4,F,1,0.000403166,3.43788,17115.8,0.795621,F
2226,1,HappyBirthday,1005,2190,M,1,0.000698571,0.0783391,29.6927,0.246554,F
2227,1,HappyBirthday,1237,365,F,1,0.154341,0.198343,316.07,87.3208,F
2227,1,HappyBirthday,802,29566,M,1,0.284783,0.0926257,0.441836,104.334,F
2227,1,HappyBirthday,1190,730,M,1,0.165039,5.49794,37399.1,170.372,F
2228,1,HappyBirthday,50,8030.68,M,1,0.196485,0.136444,754.831,137.635,F
2228,1,HappyBirthday,1191,730,M,1,0.0718558,0.285824,124.971,26.8056,F
2229,1,HappyBirthday,7,27010.5,F,1,0.108787,3.75841,14084.5,61.4385,F
2229,1,HappyBirthday,248,6205.98,F,1,0.0876393,7.37903,23.1499,29.5972,F
2229,1,HappyBirthday,1090,1460,F,1,0.156618,0.0717601,875.096,230.76,F
2230,1,HappyBirthday,1091,1460,M,1,0.0115832,1.08004,9.59255,3.68344,F
2230,1,HappyBirthday,399,9490.67,F,1,0.6015,0.815299,3017.14,647.265,F
2231,1,HappyBirthday,183,5475.86,F,1,0.150244,2.49088,55.0166,53.5309,F
2231,1,HappyBirthday,345,3285,M,1,0.140355,1.0746,5648,57.6892,F
2231,1,HappyBirthday,530,6570.62,M,1,0.000917312,0.459386,250.775,0.490566,F
2231,1,HappyBirthday,573,14600.7,F,1,0.00824601,0.257546,0.0775852,2.57316,F
2231,1,HappyBirthday,655,21900.7,F,1,0.0308063,4.02785,0.140692,9.72661,F
2232,1,HappyBirthday,60,25185.3,F,1,0.299061,6.4817,263.877,151.048,F
2232,1,HappyBirthday,1192,730,F,1,0.37367,0.00803246,623.356,269.341,F
2232,1,HappyBirthday,641,18980.1,F,1,0.121525,6.69172,242.329,49.1025,F
2233,1,HappyBirthday,134,7300.39,M,1,0.00144133,4.44919,224.326,0.600921,F
2233,1,HappyBirthday,259,18980.8,M,1,0.275144,0.357762,19317.4,1704.91,F
2233,1,HappyBirthday,390,6935.59,F,1,0.00236474,0.105617,8.06614,0.761464,F
2233,1,HappyBirthday,1238,365,M,1,0.0904206,0.129621,24.0957,32.5473,F
2234,1,HappyBirthday,313,6935.75,F,1,2.98611e-06,0.460712,8699.08,0.00974544,F
2234,1,HappyBirthday,1193,730,M,1,0.07689,0.0878731,5122.65,53.7384,F
2235,1,HappyBirthday,285,4745.94,F,1,0.113681,0.904589,599.901,49.7436,F
2235,1,HappyBirthday,575,4015.6,F,1,2.31302e-05,0.03483,16.6075,0.00777812,F
2235,1,HappyBirthday,880,20440.2,M,1,0.00355041,0.531781,24.3415,1.20601,F
2236,1,HappyBirthday,474,2555.71,F,1,0.0454215,0.361986,28.8689,16.4003,F
2236,1,HappyBirthday,762,4015.09,F,1,0.211658,1.23657,12249.5,183.866,F
2236,1,HappyBirthday,915,2555.2,F,1,0,1.32685,37.7244,0,F
2237,1,HappyBirthday,154,4015.58,F,1,0.096376,1.1085,128.797,36.8523,F
2237,1,HappyBirthday,1239,365,M,1,0.0668556,0.196851,27.3312,21.8421,F
2238,1,HappyBirthday,262,28470.6,F,1,0.128652,0.221762,4.80286,42.8798,F
2238,1,HappyBirthday,499,10220.6,F,1,0.111204,0.224953,71.6147,39.1464,F
2238,1,HappyBirthday,509,2555.53,F,1,0.00279817,0.0811439,80852.7,10.0527,F
2238,1,HappyBirthday,1148,1095,M,1,0,0.148485,0.0254551,0,F
2239,1,HappyBirthday,1149,1095,M,1,0.0935407,1.27672,32129.9,198.234,F
2239,1,HappyBirthday,132,11315.7,M,1,0.00618457,1.17808,84716,40.9931,F
2239,1,HappyBirthday,331,10220,F,1,0.00018769,0.142072,981.656,0.279499,F
2240,1,HappyBirthday,495,12045.5,M,1,0.000794788,0.620957,94.0888,0.28263,F
2240,1,HappyBirthday,869,16060.5,M,1,0.0879042,10.4016,231.219,29.6005,F
2240,1,Births,1283,0,F,0,0,0.0169851,0,0,F
2242,1,HappyBirthday,146,6570.44,M,1,0.0188194,1.68183,1249.23,10.5723,F
2242,1,HappyBirthday,1092,1460,F,1,0.130565,0.268943,4701.93,44.3274,F
2243,1,HappyBirthday,3,3650.15,M,1,0.00154699,0.0298755,16.0264,0.511416,F
2243,1,HappyBirthday,233,4745.64,M,1,0.00765507,0.199611,572.232,2.44216,F
2244,1,HappyBirthday,141,9855.99,F,1,1.19364e-05,0.325884,213848,0.123571,F
2244,1,HappyBirthday,607,14965.9,F,1,0.161319,0.368942,36.7215,58.835,F
2244,1,HappyBirthday,662,10950.9,M,1,0.00209419,7.28925,179278,19.8817,F
2244,1,HappyBirthday,781,10950.7,M,1,0.256597,9.58674,36683.6,851.078,F
2245,1,HappyBirthday,135,14965.7,M,1,0.0530844,1.54032,728.62,33.7561,F
2246,1,HappyBirthday,284,10220.9,M,1,0.42409,0.530179,1874.92,260.264,F
2246,1,HappyBirthday,296,17520.7,F,1,0.00118781,0.963649,55.8116,0.453692,F
2246,1,HappyBirthday,370,5840.35,M,1,0.307474,0.185481,1147.47,428.454,F
2246,1,HappyBirthday,1195,730,M,1,0.198218,1.49674,71282.5,1149.96,F
2247,1,HappyBirthday,15,33215.4,F,1,0.147956,1.69786,96.0853,60.0589,F
2247,1,HappyBirthday,1240,365,M,1,0.0471924,0.196363,19466.4,227.273,F
2247,1,HappyBirthday,181,6205.38,F,1,0.0270873,1.89092,1871.71,11.681,F
2247,1,HappyBirthday,841,34310.4,F,1,0.00234966,2.44664,902.305,1.39849,F
2247,1,HappyBirthday,984,14965.6,M,1,0.000491871,3.68497,3545.31,0.740935,F
2248,1,HappyBirthday,149,21536,M,1,0.0768827,1.18336,1107.71,112.146,F
2248,1,HappyBirthday,263,10950.2,F,1,0.249872,0.0705133,91.241,100.794,F
2248,1,HappyBirthday,418,34675.7,M,1,0.00383959,5.23156,115.112,1.40483,F
2248,1,HappyBirthday,1093,1460,M,1,0.106772,1.15303,215.734,48.9347,F
2248,1,HappyBirthday,680,6935.54,F,1,0.0275901,1.96077,75.5363,9.29464,F
2248,1,HappyBirthday,685,13870.4,F,1,0.666711,0.142487,711.31,371.381,F
2249,1,HappyBirthday,130,18615.1,F,1,0.387815,0.289172,139.049,232.028,F
2249,1,HappyBirthday,580,2555.44,F,1,0.00145719,2.77774,13.4893,0.480082,F
2250,1,HappyBirthday,1196,730,M,1,0.314009,0.416379,75.7692,155.202,F
2250,1,HappyBirthday,291,22265.1,F,1,0.00242925,4.679,27.2626,0.793386,F
2250,1,HappyBirthday,346,12410.2,F,1,7.29351e-05,0.993371,167463,0.681466,F
2250,1,HappyBirthday,673,18615.6,M,1,0.450743,4.10072,12.7687,186.257,F
2250,1,HappyBirthday,778,4015.92,M,1,0.435176,1.7352,81.708,184.391,F
2251,1,HappyBirthday,585,14600.3,F,1,0.00688476,2.28016,69.5472,2.86169,F
2252,1,HappyBirthday,429,5110.08,F,1,0.107846,0.0332474,2.71117,35.7342,F
2252,1,HappyBirthday,491,22995.6,M,1,0.170179,6.48874,1.62002,58.1365,F
2252,1,HappyBirthday,552,8395.37,F,1,0.00754285,1.66389,2948.46,2.45479,F
2252,1,HappyBirthday,574,7665.83,M,1,0.0184079,3.82818,192.747,5.77543,F
2252,1,HappyBirthday,921,7300.44,M,1,0.00322715,0.93218,215.32,1.90485,F
2253,1,HappyBirthday,290,14965,M,1,0.0893037,22.5713,43408.8,831.501,F
2253,1,HappyBirthday,381,9490.4,M,1,0.000163108,0.91167,185.908,0.0738482,F
2253,1,HappyBirthday,609,2920.69,M,1,0.000500235,2.55773,33214,2.0169,F
2254,1,HappyBirthday,343,8395.01,M,1,0.732226,12.3457,3.6132,411.032,F
2254,1,Births,1284,0,M,0,0,0.110093,0,0,F
2255,1,HappyBirthday,1241,365,M,1,0.0654199,0.0492434,4281.79,175.101,F
2256,1,HappyBirthday,826,5475.21,M,1,0.0882088,0.332511,1224.71,80.9696,F
2257,1,HappyBirthday,254,13870.3,F,1,0.0116584,1.78823,3172.89,3.96403,F
2257,1,HappyBirthday,1197,730,M,1,5.81171e-06,0.0480365,1213.28,0.0048147,F
2258,1,HappyBirthday,84,10585.7,F,1,0.138382,0.281354,15.9823,46.7206,F
2258,1,HappyBirthday,463,3650.48,M,1,0.161132,3.2869,882.77,62.4917,F
2258,1,HappyBirthday,995,11316,F,1,0.00179375,32.7425,143.242,0.560551,F
2258,1,HappyBirthday,1007,2190,F,1,0.0714142,4.54857,29689.8,56.5225,F
2259,1,HappyBirthday,137,32120.1,M,1,0.00150863,2.96168,79.0771,0.527206,F
2259,1,HappyBirthday,1008,2190,M,1,0.501332,0.0375062,54.2681,220.153,F
2260,1,HappyBirthday,11,20075.9,M,1,0.00359491,0.59861,491.199,2.15594,F
2260,1,HappyBirthday,824,7300.32,F,1,0.137738,0.15186,119.03,49.008,F
2260,1,HappyBirthday,908,2555.6,M,1,0.0644862,0.0828329,3651.35,56.0557,F
2261,1,HappyBirthday,1242,365,F,1,0.00605309,0.242848,90.7958,2.13362,F
2261,1,HappyBirthday,1009,2190,M,1,0.0991616,0.060915,5116.47,229.473,F
2262,1,HappyBirthday,464,2555.27,F,1,0.000214977,0.741539,872.4,0.273379,F
2262,1,HappyBirthday,698,8030.92,F,1,0,2.6306,3.10673,0,F
2262,1,HappyBirthday,804,18250.7,F,1,0.00279643,1.97178,16.2311,0.917708,F
2262,1,HappyBirthday,859,6205.28,M,1,0.00168638,0.917926,1919.92,0.558403,F
2262,1,HappyBirthday,899,7665.59,F,1,0.00791536,10.4434,172.675,2.91687,F
2263,1,HappyBirthday,1095,1460,M,1,0.0146002,1.16267,1651.52,29.7071,F
2263,1,HappyBirthday,1053,1825,M,1,0.00146352,0.816404,47.6069,0.550051,F
2263,1,HappyBirthday,556,16425.8,F,1,0.00654251,2.3473,238.81,3.65746,F
2263,1,HappyBirthday,1094,1460,M,1,0.0600213,0.334542,75.9478,21.2954,F
2264,1,HappyBirthday,1243,365,F,1,0.00153737,0.0117278,865.211,1.94361,F
2264,1,HappyBirthday,549,6935.63,F,1,0.526916,0.578653,114.445,236.856,F
2264,1,HappyBirthday,723,2555.27,M,1,0.140926,1.74129,171.378,80.0923,F
2264,1,HappyBirthday,1010,2190,M,1,0.0428078,0.191941,663.235,13.6015,F
2265,1,HappyBirthday,44,8395.03,F,1,0.0545497,0.179947,6.90551,17.5605,F
2265,1,HappyBirthday,214,2555.43,M,1,0.0150811,0.834669,6468.48,71.7138,F
2266,1,HappyBirthday,63,16425.8,F,1,0.00117469,2.61849,7.13446,0.369167,F
2266,1,HappyBirthday,470,10220.5,F,1,0.00492258,2.33646,30.2652,1.76775,F
2266,1,HappyBirthday,1198,730,M,1,0.00381976,0.17605,49.9818,1.27121,F
2267,1,Births,1285,0,M,0,0,0.032741,0,0,F
2268,1,HappyBirthday,1055,1825,F,1,0.0904474,0.413303,7.66155,29.4776,F
2268,1,HappyBirthday,711,5110.47,F,1,0.221405,10.5208,2.2613,77.792,F
2268,1,HappyBirthday,946,17520.4,M,1,0.342,0.0430316,166.805,209.071,F
2268,1,HappyBirthday,948,2920.14,F,1,0.00384889,0.873838,1.80859,1.20169,F
2269,1,HappyBirthday,37,14965.9,M,1,0.0238536,0.354519,12689.8,9.40773,F
2269,1,HappyBirthday,246,27740.9,M,1,0.168038,0.0398242,14881.2,1292.51,F
2269,1,HappyBirthday,261,3285.04,F,1,0.183223,0.0690667,2606.03,241.177,F
2269,1,HappyBirthday,1096,1460,F,1,0.00341555,0.0719784,19.7377,1.09673,F
2270,1,HappyBirthday,128,9125.57,F,1,0.0239033,0.681332,44.6387,8.55987,F
2270,1,HappyBirthday,175,9855.44,F,1,0.00134885,0.135202,19212,3.54155,F
2270,1,HappyBirthday,846,2555.63,M,1,0.221567,0.0794087,2486.63,82.3414,F
2270,1,HappyBirthday,892,5110.17,M,1,0.0529381,0.288566,1153.67,28.9625,F
2271,1,HappyBirthday,769,4745.91,M,1,0.000339487,2.93661,50630.4,0.779046,F
2272,1,HappyBirthday,307,16060.7,M,1,0.00167089,0.297201,0.004327,0.519646,F
2272,1,HappyBirthday,874,3650.21,M,1,0.0155559,0.282773,21.2103,4.91618,F
2272,1,HappyBirthday,919,33945.9,F,1,0.00185662,0.973216,15.927,0.6135,F
2273,1,HappyBirthday,1200,730,F,1,0.129218,0.200683,4928.85,91.1956,F
2273,1,HappyBirthday,120,13505.2,M,1,0.040271,0.758943,5667.3,81.648,F
2273,1,HappyBirthday,1011,2190,M,1,0.00869838,0.0244488,83.9833,3.10727,F
2273,1,HappyBirthday,483,15695.5,F,1,0.0933641,0.413715,335.191,32.8687,F
2273,1,HappyBirthday,674,17520.1,M,1,0.0020237,1.76581,7630.58,0.837415,F
2273,1,HappyBirthday,1199,730,F,1,0.017663,0.32976,11819.7,18.1335,F
2274,1,HappyBirthday,111,2555.25,F,1,0.00100604,4.79506,2.37248,0.313849,F
2274,1,HappyBirthday,384,17521,M,1,0.00376857,0.201113,39.9949,1.24245,F
2274,1,HappyBirthday,1151,1095,F,1,0.00795153,0.0401142,24.8633,2.76214,F
2274,1,HappyBirthday,1097,1460,F,1,0.154897,0.699446,4134.53,73.1222,F
2274,1,Births,1286,0,M,0,0,0.119907,0,0,F
2275,1,HappyBirthday,624,2920.44,F,1,5.11539e-05,0.55963,16921.8,0.255848,F
2275,1,HappyBirthday,1099,1460,M,1,0.0869945,0.317404,65.5226,28.3071,F
2276,1,HappyBirthday,1100,1460,M,1,0.352071,0.188872,361.466,136.487,F
2276,1,HappyBirthday,1012,2190,F,1,0.00500471,6.18219,58.9381,1.56843,F
2277,1,HappyBirthday,220,5110.83,F,1,0.152799,2.37588,3.35188,51.5663,F
2277,1,HappyBirthday,467,8395.67,M,1,0.0435258,1.06583,1.98508,13.8306,F
2277,1,HappyBirthday,766,7665.27,F,1,0.0450743,1.44171,2106.86,15.6586,F
2277,1,HappyBirthday,835,28105.5,F,1,0.0473435,1.07152,62.2974,17.3368,F
2277,1,HappyBirthday,941,2920.03,F,1,0.249236,1.17094,171.593,118.676,F
2278,1,HappyBirthday,1201,730,M,1,0.00316837,0.416045,751.55,2.14138,F
2278,1,HappyBirthday,198,16060.1,F,1,0.617738,0.706637,14920.7,830.65,F
2278,1,HappyBirthday,865,2555.72,M,1,0.0037899,0.272638,78.223,1.31963,F
2280,1,HappyBirthday,238,11315.8,M,1,0.0118255,0.749899,1.66958,3.70757,F
2280,1,HappyBirthday,611,13870.5,M,1,0.196363,0.623181,89.2764,90.427,F
2280,1,HappyBirthday,913,3285.1,M,1,0.00224695,0.622545,61.8814,0.838445,F
2280,1,HappyBirthday,1013,2190,F,1,0.00294968,0.273997,12351,1.48229,F
2281,1,HappyBirthday,213,5840.46,M,1,0.00967462,1.24674,678.213,10.5322,F
2282,1,HappyBirthday,12,13505.9,M,1,0.0364956,0.287921,123.784,13.9553,F
2282,1,HappyBirthday,414,16425,M,1,0.00943542,2.00714,7293.47,29.5668,F
2283,1,HappyBirthday,405,35040.2,F,1,0.0013453,9.31283,68.4,0.467773,F
2284,1,HappyBirthday,406,4015.69,F,1,0.135923,0.112213,235.101,61.8989,F
2285,1,HappyBirthday,105,4015.5,F,1,0.00145751,0.239376,31.7019,0.512228,F
2285,1,HappyBirthday,224,29930.7,F,1,0.0334134,2.09979,502.707,28.1171,F
2286,1,HappyBirthday,982,2920.03,M,1,0.00407628,0.235123,1245.23,3.21141,F
2287,1,HappyBirthday,144,6205.74,F,1,0.836886,2.98277,33.7449,564.049,F
2287,1,HappyBirthday,159,8760.26,M,1,0.327015,1.55598,37.664,133.355,F
2287,1,HappyBirthday,952,5475.04,F,1,0.0629108,2.06017,6150.68,59.4167,F
2287,1,Births,1287,0,M,0,0,0.120737,0,0,F
2288,1,HappyBirthday,19,11315.2,F,1,0.00253307,1.78598,0.0508008,0.788047,F
2288,1,HappyBirthday,1152,1095,F,1,0.836382,0.0229057,645.935,1034.78,F
2289,1,HappyBirthday,43,9490.12,M,1,0.000432135,0.24451,2611.91,0.424224,F
2289,1,HappyBirthday,203,7300.35,M,1,0.0214045,1.41796,5.12549,6.89813,F
2289,1,HappyBirthday,863,3285.11,M,1,0.201983,0.810725,731.658,81.3078,F
2290,1,HappyBirthday,682,4380.91,M,1,0.0365277,1.62805,7118.08,73.8025,F
2291,1,HappyBirthday,521,3285.98,F,1,0.144258,0.880621,24.6898,53.8805,F
2291,1,HappyBirthday,551,13870.2,M,1,0.000393958,0.343491,4239.9,0.766169,F
2291,1,HappyBirthday,878,12410.8,F,1,0.186752,0.758922,6693.6,225.41,F
2292,1,HappyBirthday,184,9855.39,M,0,0,0.00882808,0,0,F
2292,1,HappyBirthday,482,3650.3,F,1,0.00354557,0.944694,169.901,1.25902,F
2292,1,HappyBirthday,832,4015.09,F,1,0.177051,0.924453,1144.21,70.022,F
2292,1,HappyBirthday,1153,1095,M,0,0,0.0031882,0,0,F
2292,1,HappyBirthday,1101,1460,F,1,0.000193345,0.510784,4300.04,0.148121,F
2293,1,HappyBirthday,968,10950.8,F,1,0.319912,1.21897,73.8601,160.566,F
2294,1,HappyBirthday,103,4745.22,F,1,0.00456482,0.127193,332.778,1.50437,F
2294,1,HappyBirthday,1244,365,F,1,0.461687,1.22371,7075.34,387.026,F
2294,1,HappyBirthday,1154,1095,F,1,0.0196254,0.463967,33578.7,24.3035,F
2294,1,Births,1288,0,F,0,0,0.0663194,0,0,F
2294,1,Births,1289,0,F,0,0,0.693615,0,0,F
2295,1,HappyBirthday,613,16790.3,F,1,0.00717012,2.20619,13.6709,2.25637,F
2295,1,HappyBirthday,888,10220.1,M,1,0.00198776,3.74628,2638.89,2.29,F
2296,1,HappyBirthday,268,14965.3,M,1,0.00722842,1.71162,104.257,2.77498,F
2296,1,HappyBirthday,402,29930.9,M,1,0.0405869,1.17386,0.015305,12.8779,F
2296,1,HappyBirthday,754,24820.1,M,1,0.00255346,0.0995229,20.2971,0.867638,F
2296,1,HappyBirthday,1058,1825,M,1,0.175587,0.230468,9948.16,1315.32,F
2296,1,HappyBirthday,979,7665.87,F,1,0.450689,2.51737,47.341,204.862,F
2297,1,HappyBirthday,185,10585.2,M,1,0.00293246,0.686688,4.12e-05,0.912659,F
2297,1,HappyBirthday,205,5840.07,M,1,0.0277671,0.289598,18.8525,8.76227,F
2297,1,HappyBirthday,223,10585.7,F,1,0.00314725,2.75955,26770.8,2.13482,F
2297,1,HappyBirthday,1202,730,M,1,0.0713215,0.0585824,36.0783,26.6875,F
2297,1,HappyBirthday,1102,1460,M,1,0.0215029,0.136731,106.372,9.41276,F
2298,1,HappyBirthday,155,5840.48,F,1,8.50555e-05,0.209235,992.409,0.0800526,F
2299,1,HappyBirthday,1155,1095,F,1,0.116252,9.42474,2737.5,61.3992,F
2300,1,HappyBirthday,885,3285.08,M,1,0.00403788,0.15849,21542,2.58523,F
2301,1,HappyBirthday,400,2920.76,M,1,0.220856,0.397264,305.833,147.197,F
2301,1,HappyBirthday,472,6570,M,1,0.0118041,0.558495,96.9639,4.29987,F
2301,1,HappyBirthday,807,6205.42,F,1,0.00115459,2.26874,560.227,0.435587,F
2301,1,HappyBirthday,1156,1095,F,1,0.00218521,0.395291,18803.7,6.22864,F
2301,1,HappyBirthday,997,10220.9,M,1,0.0814866,0.09081,122.388,30.2697,F
2302,1,HappyBirthday,289,18615.6,F,1,9.30371e-05,0.146865,957.564,0.126494,F
2302,1,HappyBirthday,395,8760.02,M,1,0.00357769,1.31267,8.52848,1.16183,F
2302,1,HappyBirthday,1015,2190,F,1,0.000432632,0.702112,20.7755,0.146029,F
2303,1,HappyBirthday,1203,730,F,1,0.301766,0.710543,33425.3,1520.79,F
2304,1,HappyBirthday,69,4745.49,M,1,0.0279189,1.66197,74.5887,10.4345,F
2304,1,HappyBirthday,1245,365,M,1,0.00448827,0.828229,12722,39.8642,F
2305,1,HappyBirthday,1016,2190,F,1,0.0188931,0.0333099,3707.9,15.3492,F
2305,1,HappyBirthday,719,4745.48,F,1,0.562753,9.70418,72.4714,263.901,F
2305,1,HappyBirthday,1204,730,M,1,0.0499478,0.080024,171.837,26.596,F
2305,1,HappyBirthday,1017,2190,F,1,0.000440334,0.326985,2739.05,1.20789,F
2305,1,Births,1290,0,M,0,0,0.0309064,0,0,F
2306,1,HappyBirthday,481,3650.15,M,1,0.0899661,0.553714,8017.15,43.3252,F
2307,1,HappyBirthday,535,2555.33,F,1,0.0106036,1.11839,122.212,3.96973,F
2307,1,HappyBirthday,727,23725.7,M,1,0.177103,1.8954,514.482,62.9844,F
2307,1,Births,1291,0,F,0,0,0.0164076,0,0,F
2308,1,HappyBirthday,1104,1460,F,1,0.0017375,0.0469466,5.00883,0.546771,F
2309,1,HappyBirthday,177,2920.39,M,1,0.0160652,0.306253,772.798,5.03328,F
2309,1,HappyBirthday,435,8760.31,M,1,0.112021,6.2545,0.194454,36.9492,F
2310,1,HappyBirthday,1060,1825,M,1,0.000204848,0.0372473,17865.3,0.417981,F
2311,1,HappyBirthday,386,2920.28,F,1,0.00360643,0.110021,93.1905,1.29352,F
2311,1,HappyBirthday,1246,365,M,1,0.0691846,0.0163262,140.313,33.901,F
2312,1,HappyBirthday,970,4380.23,F,1,0.0269982,0.15744,15765.6,9.09028,F
2313,1,HappyBirthday,1207,730,F,1,0.0812744,1.85602,12522.1,225.315,F
2313,1,HappyBirthday,281,9490.49,M,1,0.00371299,0.4567,0.380535,1.15736,F
2313,1,HappyBirthday,421,19345.3,F,1,0.00169296,1.86866,62735.2,5.5934,F
2313,1,HappyBirthday,720,8395.76,F,1,0.0237301,0.0925387,90.9123,9.98708,F
2313,1,HappyBirthday,819,14600.4,F,1,0.0635065,0.925132,2.94235,20.3929,F
2313,1,HappyBirthday,1206,730,F,1,0.0281241,0.0271764,28.2105,9.22262,F
2313,1,HappyBirthday,1205,730,M,1,0.616135,0.343681,246.656,363.336,F
2314,1,HappyBirthday,561,10585.6,F,1,0.000840862,1.38208,12.5745,0.276243,F
2314,1,HappyBirthday,753,31390.6,F,1,0.00203418,17.3806,33.5721,0.734577,F
2314,1,HappyBirthday,845,10220.3,M,1,0.32076,0.0158715,39.0029,127.364,F
2315,1,HappyBirthday,456,9855.34,M,1,0.00228264,0.509102,12606.3,9.01229,F
2315,1,HappyBirthday,1247,365,M,1,0.0143901,0.293897,12693.4,13.7501,F
2315,1,HappyBirthday,1018,2190,F,1,0.127826,3.42364,0.0351306,42.5045,F
2315,1,HappyBirthday,702,16425,M,1,0.0341442,0.133111,692.519,10.8833,F
2315,1,HappyBirthday,882,3650.84,F,1,0.129295,1.26097,59.2947,52.9542,F
2316,1,HappyBirthday,188,4015.92,M,1,0.000109948,0.341319,10233.4,0.374046,F
2316,1,HappyBirthday,1105,1460,F,1,0.0731423,0.32705,31.2725,25.2428,F
2317,1,HappyBirthday,218,13140.8,F,1,0.167333,1.9559,1362.75,56.9375,F
2317,1,HappyBirthday,397,4745.73,M,1,0,2.09733,199.06,0,F
2317,1,HappyBirthday,816,27375.4,M,1,0.236479,0.718109,11225.9,381.046,F
2318,1,HappyBirthday,52,6570.83,F,1,0.0017703,0.197895,78.3719,0.615655,F
2318,1,HappyBirthday,1061,1825,M,1,0.000415597,0.237423,974.825,0.630005,F
2319,1,HappyBirthday,326,5840.56,M,1,0.942409,0.364959,27.0964,988.939,F
2319,1,HappyBirthday,1248,365,M,1,0.489591,0.0158327,6059.54,683.425,F
2319,1,HappyBirthday,708,29200.5,F,1,0.0735312,110.019,33.5454,27.7139,F
2319,1,HappyBirthday,728,10585.5,M,1,0.210299,0.128637,4067.28,82.8259,F
2321,1,HappyBirthday,243,8395.63,M,1,6.01476e-05,0.749853,1143.75,0.104628,F
2321,1,HappyBirthday,318,7665.92,F,1,0.00202891,14.8016,154.212,0.635805,F
2321,1,HappyBirthday,1021,2190,M,1,0.0197721,0.720715,543.758,11.5071,F
2321,1,HappyBirthday,635,16790.2,F,1,0.131163,1.10689,1228.28,55.2135,F
2321,1,HappyBirthday,910,8030.75,M,1,0.000243784,0.57855,9.96408,0.079107,F
2321,1,HappyBirthday,988,2920.7,M,1,0.0277711,1.07388,54.5654,9.5739,F
2321,1,Births,1292,0,M,0,0,0.0100088,0,0,F
2322,1,HappyBirthday,773,4745.75,F,1,0.634291,0.433912,864.534,580.846,F
2323,1,HappyBirthday,1106,1460,F,1,0.00375611,0.27837,11.7786,1.19309,F
2323,1,HappyBirthday,645,5840.81,M,1,0.00163099,1.11399,56623.7,3.03813,F
2324,1,HappyBirthday,319,8395.07,F,1,0.000334568,1.75531,49.5266,0.111378,F
2325,1,HappyBirthday,70,4380.01,M,1,0.0820307,0.305463,53.4347,28.9141,F
2326,1,HappyBirthday,14,5110.56,M,1,0.000888652,0.0857143,4560.9,1.94296,F
2326,1,HappyBirthday,357,9855.8,M,1,0.190142,0.0387682,2341.47,67.455,F
2327,1,HappyBirthday,502,7665.58,M,1,0.000334573,0.201585,1.80647,0.104286,F
2328,1,HappyBirthday,165,6935.93,M,1,0.291427,0.4723,2164.12,113.372,F
2328,1,HappyBirthday,356,6935.58,M,1,0.118438,0.302491,226.746,64.8063,F
2328,1,HappyBirthday,572,25915.5,M,1,0.00508636,0.0628722,121.558,1.78056,F
2328,1,HappyBirthday,909,12410.3,M,1,0.706282,1.29619,10731.6,935.124,F
2328,1,HappyBirthday,943,4745.56,M,1,0.0119927,5.12688,7.81036,3.79911,F
2329,1,HappyBirthday,654,5840.43,M,1,0.00109395,0.337446,36.9749,0.40219,F
2331,1,HappyBirthday,706,5840.88,M,1,0.018283,0.297565,157.631,7.04452,F
2331,1,HappyBirthday,994,19345.7,F,1,0.00761183,0.490285,4423.21,32.6795,F
2332,1,HappyBirthday,1157,1095,F,1,0.251893,0.0300016,5230.36,574.803,F
2332,1,HappyBirthday,147,4380.23,F,1,0.0757326,0.0387656,81.2816,31.4384,F
2332,1,HappyBirthday,265,2555.32,M,1,0.00319111,0.0361937,22568.8,2.1752,F
2332,1,HappyBirthday,590,22266,F,1,0.00168433,0.87857,9.73465,0.544587,F
2333,1,HappyBirthday,85,8395.89,M,1,0.00399724,0.910757,0.043371,1.24491,F
2333,1,HappyBirthday,777,8030.46,M,1,0.00268635,2.2549,13.9768,0.888661,F
2334,1,HappyBirthday,71,5110.39,F,1,0.0471741,0.113321,41227.2,60.7685,F
2334,1,HappyBirthday,176,26645.1,F,1,0.200164,0.0803835,284.02,102.361,F
2334,1,HappyBirthday,249,6570.67,F,1,0.0759654,9.11749,80.1067,27.5907,F
2334,1,HappyBirthday,643,2555.22,F,1,0.0921485,0.0758036,181.705,30.1361,F
2335,1,HappyBirthday,782,14600,M,1,0.0158133,0.576749,1664.06,32.9741,F
2336,1,HappyBirthday,97,12410.8,M,1,3.18344e-05,3.00047,60800.9,0.31917,F
2336,1,HappyBirthday,439,4380.32,M,1,0.0457998,0.343052,1064.93,15.8555,F
2336,1,HappyBirthday,767,7665.99,F,1,0.618544,0.00675444,311.208,304.159,F
2337,1,HappyBirthday,344,9855.35,M,1,0.00188974,0.60287,0.379497,0.588915,F
2337,1,HappyBirthday,705,35040.8,F,1,0.143571,1.32449,189.51,62.6503,F
2338,1,HappyBirthday,228,2555.5,M,1,0.0101525,0.53146,63.3608,3.46384,F
2338,1,HappyBirthday,236,3650.08,F,1,0.144893,6.53505,1907.09,247.177,F
2338,1,HappyBirthday,1158,1095,M,1,0.00232557,0.865806,4621.67,0.726935,F
2339,1,HappyBirthday,1022,2190,F,1,0.696096,0.525031,88.2935,435.603,F
2339,1,HappyBirthday,695,7300.37,F,1,0.0154142,0.541792,35.7578,5.02701,F
2339,1,HappyBirthday,1063,1825,M,1,0.00368043,0.175798,765.23,2.34155,F
2339,1,HappyBirthday,789,27375.5,M,1,0.0870299,0.455481,2438.68,28.3451,F
2339,1,HappyBirthday,1208,730,M,1,0.474903,0.150197,144.735,306.551,F
2340,1,HappyBirthday,409,27740.2,F,1,0.00154218,19.6813,644.274,0.889785,F
2340,1,HappyBirthday,621,6205.3,F,1,0.00153438,0.310081,284.265,0.525408,F
2341,1,HappyBirthday,413,15695.7,F,1,0.384432,0.57957,98.569,171.558,F
2341,1,HappyBirthday,1209,730,M,1,0,0.00578246,0,0,F
2341,1,HappyBirthday,942,9855.24,F,1,0.00399709,0.724599,22537,32.5016,F
2342,1,HappyBirthday,772,6935.29,F,1,0.00928441,0.0158871,264.009,4.12283,F
2343,1,HappyBirthday,34,22265.1,M,1,0.019432,0.324468,6750.39,9.60256,F
2343,1,HappyBirthday,215,19710.9,F,1,0.824944,0.305141,49.8965,564.018,F
2343,1,HappyBirthday,235,18250.8,F,1,0.0200107,7.71508,342.642,8.44264,F
2343,1,HappyBirthday,833,6570.44,M,1,0.00188864,2.84047,6184.9,1.12866,F
2343,1,HappyBirthday,856,7665.53,F,1,0.00291013,1.46781,141.891,1.20762,F
2344,1,HappyBirthday,145,14600.7,F,1,0.794208,3.38762,326.917,737.078,F
2344,1,HappyBirthday,240,4380.94,F,1,0.780557,1.23514,247.094,499.616,F
2344,1,HappyBirthday,1249,365,M,1,0.00598832,0.00192397,25.3043,2.08662,F
2345,1,HappyBirthday,555,2920.96,F,1,0.000177408,0.0948653,29.4191,0.0634115,F
2345,1,HappyBirthday,646,14600.5,M,1,0.0789266,5.29259,24147.3,224.756,F
2346,1,HappyBirthday,668,4015.7,M,1,0.00638058,0.674988,60.6806,2.5204,F
2347,1,HappyBirthday,415,34675.8,M,1,0.115139,0.834593,144.541,45.2851,F
2347,1,HappyBirthday,538,10950.9,F,1,0.198349,0.827609,29725.1,202.567,F
2348,1,HappyBirthday,393,5840.92,F,1,0.328246,2.77572,16.9956,129.491,F
2349,1,HappyBirthday,101,8395.51,M,1,0.000597836,0.353065,285.133,0.384601,F
2349,1,HappyBirthday,136,17155.5,M,1,0.0246014,0.707246,39.4011,9.13951,F
2349,1,HappyBirthday,1064,1825,F,1,9.44468e-05,0.103444,85259.5,0.615376,F
2350,1,HappyBirthday,494,10220.1,F,1,0.15765,1.89712,191.124,56.5731,F
2351,1,HappyBirthday,1159,1095,M,1,0.822318,3.38906,2099.82,1854.44,F
2351,1,HappyBirthday,108,14965.1,F,1,0.329631,0.109953,51.2179,147.603,F
2351,1,HappyBirthday,1250,365,F,1,0.00621568,0.0388694,134.194,2.18032,F
2351,1,HappyBirthday,1210,730,F,1,0.596165,0.159713,28.438,308.433,F
2351,1,HappyBirthday,1065,1825,M,1,0.0216926,10.6165,17.6235,6.9127,F
2352,1,HappyBirthday,88,4745.1,M,1,0.00019405,1.00776,185831,1.88703,F
2353,1,HappyBirthday,31,8395.14,F,1,0.00121207,0.340462,26.524,0.403744,F
2353,1,HappyBirthday,364,9855.2,F,1,0.048726,1.6605,5.47679,15.5405,F
2353,1,HappyBirthday,478,3650.04,F,1,0.0599053,0.915222,2.21806,19.3142,F
2353,1,HappyBirthday,675,13140.9,M,1,0.000606797,7.92757,68.101,0.225292,F
2353,1,HappyBirthday,722,17885.2,M,1,0.0268431,0.738232,5606.11,11.5101,F
2353,1,Births,1293,0,M,0,0,0.118797,0,0,F
2354,1,HappyBirthday,725,16425.5,M,1,0.00216021,0.0686243,22.4784,0.698583,F
2355,1,HappyBirthday,86,8395.97,F,1,0.00168285,13.5027,3.79724,0.530041,F
2355,1,HappyBirthday,167,8760.1,F,1,0.00112666,1.24277,2096.67,0.508533,F
2356,1,HappyBirthday,1023,2190,M,1,0.00482164,0.0199783,13631.6,2.64944,F
2356,1,HappyBirthday,923,12410.6,F,1,0.0230963,0.130614,1380.72,39.1882,F
2357,1,HappyBirthday,257,13870.3,M,1,1.17232e-05,4.63438,75.5101,0.004057,F
2357,1,HappyBirthday,978,31390.8,F,1,0.00185481,0.532768,6.97143,0.596715,F
2358,1,HappyBirthday,858,4745.7,M,1,0.000502096,0.114457,11.523,0.165256,F
2359,1,HappyBirthday,350,29930.5,F,1,0.00536565,2.66066,97.3227,1.90517,F
2359,1,HappyBirthday,1251,365,F,1,0.0223533,0.343113,9891.05,19.3368,F
2360,1,HappyBirthday,49,15695.4,M,1,0.00253539,0.774075,175.459,1.34885,F
2360,1,HappyBirthday,253,13870.6,M,1,0.00606623,0.704148,152770,54.9484,F
2360,1,HappyBirthday,889,4380.28,F,1,0.0011301,0.975845,25.3562,0.366805,F
2360,1,HappyBirthday,957,7300.1,F,1,0.000548085,3.85495,4.45296,0.171672,F
2361,1,HappyBirthday,74,6935.87,M,1,0.000530632,1.08183,5.54738,0.167117,F
2361,1,HappyBirthday,269,13140.4,M,1,0.223398,0.262737,123.498,87.6541,F
2361,1,HappyBirthday,901,2920.24,F,1,0.000780473,0.41557,5.48355,0.242669,F
2362,1,HappyBirthday,1108,1460,M,1,0.00506506,0.0229213,30.651,1.81597,F
2362,1,HappyBirthday,931,4015.57,F,1,0.0183732,0.485236,1018.55,12.9587,F
2363,1,HappyBirthday,72,9490.29,M,1,0.391459,0.462927,1328.63,426.077,F
2363,1,HappyBirthday,324,6570.23,M,1,0.440304,14.4285,7.13215,181.1,F
2363,1,HappyBirthday,447,7300.75,M,1,0.00529518,1.37449,2.64437,1.65046,F
2363,1,HappyBirthday,693,8030.74,F,1,0.237274,5.53758,1105.67,91.632,F
2364,1,HappyBirthday,380,17885.9,F,1,0.112142,2.19233,10.7658,37.6512,F
2364,1,HappyBirthday,1160,1095,F,1,0.812096,2.20382,1950.68,1804.9,F
2364,1,HappyBirthday,752,5475.04,M,1,0.0338834,10.6392,38.1435,11.2899,F
2365,1,HappyBirthday,162,10950.8,F,1,0.00524849,4.19365,8819.96,2.35016,F
2365,1,HappyBirthday,190,10220.6,M,1,0.0559138,1.5397,2619.53,34.4358,F
2365,1,HappyBirthday,255,2555.45,M,1,0.00569622,0.274781,0.226692,1.77622,F
2365,1,HappyBirthday,352,21536,F,1,0.21647,0.130015,33.4383,87.8998,F
2365,1,HappyBirthday,898,7300.23,F,1,0.779891,6.08551,480.664,542.835,F
2366,1,HappyBirthday,276,4015.23,M,1,0.000677241,1.50656,76.2861,0.230653,F
2366,1,HappyBirthday,468,15695.1,M,1,0.000102186,0.704885,86.7678,0.0431268,F
2366,1,HappyBirthday,469,3285.78,F,1,0.00187067,0.832452,9708.55,5.84306,F
2366,1,HappyBirthday,520,5110.59,F,1,0.0075049,0.756621,69.3094,2.55879,F
2366,1,HappyBirthday,734,3650.02,F,1,0.0135711,0.573653,2166.23,4.83793,F
2367,1,HappyBirthday,79,13870.7,M,1,0.14569,0.681678,14425.8,292.693,F
2367,1,HappyBirthday,1211,730,F,1,0.00683086,0.829005,143.486,3.41115,F
2369,1,HappyBirthday,333,5475.62,M,1,0.000173473,2.97341,1.26768,0.0542193,F
2369,1,HappyBirthday,407,4745.06,M,1,0.00268574,0.116413,85.3163,0.890318,F
2370,1,HappyBirthday,1161,1095,F,1,0.00555433,0.044804,98.2743,2.14567,F
2370,1,HappyBirthday,1109,1460,M,1,0.422898,0.0830034,68.728,190.758,F
2370,1,HappyBirthday,377,13140.8,M,1,0.364516,3.53814,241.28,152.383,F
2370,1,HappyBirthday,1162,1095,M,1,0.194391,1.97522,178.98,70.0549,F
2371,1,HappyBirthday,332,25550.9,F,1,0.152664,0.274932,49.5715,57.4332,F
2371,1,HappyBirthday,683,12775.9,F,1,0.00243714,1.28204,31.9819,0.792784,F
2372,1,HappyBirthday,96,5110.9,M,1,0.0994108,2.09706,5.68395,33.0781,F
2372,1,HappyBirthday,503,13505.9,M,1,0.113893,1.33723,3.46716,37.5826,F
2372,1,HappyBirthday,936,14965.7,M,1,0.000949899,0.791275,0.409932,0.295893,F
2372,1,HappyBirthday,959,2920.56,F,1,0.225018,0.10129,48.1039,82.8479,F
2373,1,HappyBirthday,46,26645.9,M,1,0.00552428,0.114623,31.8681,1.90753,F
2373,1,HappyBirthday,208,5110.03,M,1,1.38695e-05,0.923367,177.136,0.00456486,F
2373,1,HappyBirthday,701,4380.39,F,1,0.0401121,0.291618,2742.55,18.3518,F
2374,1,HappyBirthday,174,23361,F,1,0.00258115,0.494295,21.2917,0.868872,F
2374,1,HappyBirthday,1252,365,M,1,0.00247071,0.538709,111.259,0.894057,F
2374,1,HappyBirthday,730,11315.3,F,1,0.159892,0.504143,272.697,104.14,F
2374,1,HappyBirthday,785,5110.48,M,1,0.0980368,1.65254,207.112,35.0913,F
2374,1,HappyBirthday,829,25550,M,1,0.00439746,7.41718,19.3024,1.41944,F
2374,1,Births,1294,0,M,0,0,0.182082,0,0,F
2375,1,HappyBirthday,39,4745.99,M,1,0.759032,0.217867,951.167,1045.67,F
2375,1,HappyBirthday,449,12045,F,1,0.705795,7.30174,820.528,480.732,F
2375,1,HappyBirthday,490,11681,M,1,0.000678234,4.98162,176.98,0.276143,F
2375,1,HappyBirthday,736,11315,F,1,0.000617968,0.407036,12368.8,0.98167,F
2375,1,HappyBirthday,1212,730,M,1,0.0559299,2.18163,176.159,26.4547,F
2376,1,HappyBirthday,1110,1460,F,1,0.00044779,0.931616,63527.7,2.95683,F
2376,1,HappyBirthday,271,29200.4,M,1,0.0197746,0.077087,5264.3,15.6104,F
2376,1,HappyBirthday,1163,1095,F,1,0.000752802,0.168451,3571.02,0.591767,F
2376,1,HappyBirthday,893,16060.1,M,1,0.420922,0.0398315,24604.8,350.026,F
2377,1,HappyBirthday,35,17520.7,F,1,0.0338132,1.3498,682.719,19.1872,F
2377,1,HappyBirthday,1111,1460,M,1,0.0748846,0.22192,152.848,29.3213,F
2377,1,HappyBirthday,926,8030.14,F,1,0.0576986,0.540399,549.788,18.7021,F
2378,1,HappyBirthday,142,6205.26,F,1,0.00358625,3.94154,70.9867,1.2001,F
2378,1,HappyBirthday,194,6935.29,F,1,0.0234208,13.2559,6179.23,7.61938,F
2378,1,HappyBirthday,341,27375.5,M,1,5.11648e-05,0.381723,183847,0.500406,F
2378,1,HappyBirthday,873,23725.2,M,1,0.087771,4.48123,0.948648,28.5911,F
2379,1,HappyBirthday,511,9490.4,M,1,0.164878,0.155894,15.1115,58.2713,F
2379,1,HappyBirthday,677,3650.03,M,1,0.556935,0.0649989,1072.39,579.701,F
2379,1,HappyBirthday,1164,1095,F,1,0.000990325,0.0376234,54.8174,0.367431,F
2380,1,HappyBirthday,65,9125.1,F,1,0.013311,2.77977,35.0132,4.31199,F
2380,1,HappyBirthday,66,2555.75,M,1,0.00318176,0.280158,63.6136,1.08704,F
2381,1,HappyBirthday,517,14600.8,F,1,0.502105,2.33107,3860.53,235.547,F
2381,1,HappyBirthday,703,6205.76,F,1,0.0422165,0.322587,1.57709,13.4419,F
2382,1,HappyBirthday,17,3650.94,M,1,0.000980048,0.367188,0.000789828,0.304786,F
2383,1,HappyBirthday,821,21170.9,F,1,0.010277,2.62627,41.7754,3.22719,F
2384,1,HappyBirthday,1165,1095,M,1,0.287473,0.0579657,40840,470.363,F
2384,1,HappyBirthday,532,10220.4,M,1,0.136073,0.358824,329.985,49.8543,F
2384,1,HappyBirthday,790,20440.8,F,1,0.0132826,0.376258,925.287,17.7908,F
2384,1,HappyBirthday,1026,2190,F,1,0.122338,7.45856,214.457,42.8562,F
2385,1,HappyBirthday,304,3650.03,F,1,0.0475752,5.87147,488.112,42.0268,F
2385,1,HappyBirthday,1112,1460,F,1,0.0388266,1.4068,7.90509,12.3553,F
2385,1,HappyBirthday,817,13505.6,M,1,0.248055,0.561276,1834.68,102.495,F
2386,1,HappyBirthday,940,21535.5,M,1,0.0768562,4.56903,49.7279,30.3112,F
2386,1,Births,1295,0,F,0,0,0.19557,0,0,F
2387,1,HappyBirthday,200,2555.68,M,1,0.218162,1.10309,4580.87,91.2313,F
2387,1,HappyBirthday,363,33945.1,M,1,0.000370506,4.04582,24974.8,0.240224,F
2387,1,HappyBirthday,884,16061,M,1,0.00655811,2.42282,3.78724,2.0633,F
2388,1,HappyBirthday,504,11680.9,F,1,0.000801999,0.299399,982.966,0.306981,F
2389,1,HappyBirthday,581,10950.5,F,1,0.00298104,1.9329,33.2165,1.07376,F
2390,1,HappyBirthday,1066,1825,M,1,0.00243368,0.507917,2403.27,6.30396,F
2390,1,HappyBirthday,1027,2190,F,1,0.026114,1.0845,27.9277,8.53471,F
2391,1,HappyBirthday,61,9855.68,M,1,0.000464252,0.611052,0.41759,0.144586,F
2391,1,HappyBirthday,81,17885.5,M,1,0.00392267,0.43479,2206.67,1.29983,F
2391,1,HappyBirthday,614,11680.3,F,1,0.976461,4.88314,164.432,1402.17,F
2391,1,HappyBirthday,820,10220.3,M,1,0.0220196,0.863655,20439,14.2393,F
2391,1,Births,1296,0,F,0,0,0.0975849,0,0,F
2392,1,HappyBirthday,143,6570.76,F,1,0.000333831,10.0074,0.0959928,0.103786,F
2392,1,HappyBirthday,937,8395.81,M,1,0.020776,4.44991,15266.1,20.5756,F
2393,1,HappyBirthday,398,12410.8,M,1,0.0206403,1.70735,2787.58,9.37214,F
2393,1,HappyBirthday,669,5475.55,M,1,0.000961705,2.71737,0.262372,0.299082,F
2393,1,HappyBirthday,1113,1460,F,1,0.143268,0.228837,3274.6,227.954,F
2394,1,HappyBirthday,32,2920.72,F,1,0.000336187,0.208856,34.3622,0.118747,F
2394,1,HappyBirthday,1068,1825,M,1,0.00218134,0.0253519,56.4774,0.73212,F
2394,1,HappyBirthday,301,3650.19,M,1,0.00882743,5.33652,15540.9,5.12421,F
2394,1,HappyBirthday,316,4745.11,F,1,0.000299042,3.72271,1160.26,0.256128,F
2394,1,HappyBirthday,531,10950.7,M,1,0.0103287,0.161324,4105.55,35.6273,F
2394,1,HappyBirthday,542,17520.7,M,1,0.108749,0.812329,5232.73,107.037,F
2394,1,HappyBirthday,588,5110.94,M,1,0.00229253,0.227447,230.012,0.961561,F
2395,1,HappyBirthday,1114,1460,F,1,0.0862519,0.0164859,78416,616.795,F
2395,1,HappyBirthday,115,2555.77,F,1,0.00887359,0.425095,81.3369,3.18178,F
2395,1,HappyBirthday,1253,365,M,1,0.0123856,0.616843,72.4564,4.35821,F
2395,1,HappyBirthday,308,3285.27,M,1,0.000549842,0.512512,83.8965,0.191658,F
2396,1,HappyBirthday,87,7665.79,M,1,0.00374708,0.184205,39.0367,1.37222,F
2396,1,HappyBirthday,221,18615.1,M,1,0.0600829,0.433033,45.4841,22.009,F
2396,1,HappyBirthday,644,11680.2,F,1,0.0253143,0.277772,187.84,7.96999,F
2396,1,HappyBirthday,1069,1825,M,1,0.00105945,0.0278163,8.12104,0.340548,F
2397,1,HappyBirthday,1028,2190,F,1,0.287817,4.75879,785.361,222.329,F
2397,1,HappyBirthday,1029,2190,F,1,0.0011337,1.05545,84.5019,0.354581,F
2397,1,HappyBirthday,1115,1460,F,1,4.96604e-05,6.68823,146169,0.433019,F
2397,1,HappyBirthday,895,9855.58,F,1,0.000656538,0.339559,0.528488,0.204612,F
2398,1,HappyBirthday,761,9855.74,M,1,0.104362,1.94016,420.79,54.699,F
2399,1,HappyBirthday,287,9125.89,F,1,0.00169582,2.37228,93402,11.7539,F
2399,1,HappyBirthday,1070,1825,F,0,0,0.00778439,0,0,F
2399,1,HappyBirthday,633,11315.4,M,1,0.00145709,11.0677,14.1931,0.482497,F
2399,1,Births,1297,0,M,0,0,0.0864002,0,0,F
2400,1,HappyBirthday,1254,365,M,1,0.132297,0.0917203,17959.4,1246.86,F
2401,1,HappyBirthday,875,9855.55,F,1,0.0287744,20.1623,9.18616,9.23,F
2402,1,HappyBirthday,314,22995.6,F,1,0.00205419,0.366133,20055.4,23.3398,F
2403,1,HappyBirthday,306,2920.97,M,1,0.122866,0.458627,629.361,40.7946,F
2404,1,HappyBirthday,793,8760.17,F,1,0.00021366,1.28998,884.935,0.159031,F
2404,1,HappyBirthday,1256,365,F,1,0.220766,0.293286,68213.8,839.035,F
2405,1,HappyBirthday,22,10585.1,M,1,0.0724494,0.900144,2.30364,23.471,F
2406,1,HappyBirthday,189,8395.98,M,1,0.000474038,0.421146,38.996,0.172663,F
2406,1,HappyBirthday,197,10585.5,M,1,0.00136619,1.83074,18.8183,0.44228,F
2406,1,HappyBirthday,222,11680.2,M,1,0.00134894,0.651067,1291.65,1.94784,F
2406,1,HappyBirthday,342,2920.12,F,1,8.9375e-05,0.445,39420.3,0.237212,F
2407,1,HappyBirthday,156,4380.59,F,1,0.00374772,0.0994419,39.9204,1.23278,F
2407,1,HappyBirthday,1116,1460,M,1,0.00206243,1.35879,129.917,0.648701,F
2407,1,HappyBirthday,894,4015.74,M,1,0.00906011,1.17505,0.90804,2.83052,F
2407,1,HappyBirthday,1117,1460,M,1,0.0399122,0.269161,426.065,20.4713,F
2408,1,HappyBirthday,1118,1460,M,1,0.121979,0.109824,7.241,40.7757,F
2408,1,HappyBirthday,1031,2190,M,1,0,0.196042,1.24283,0,F
2409,1,HappyBirthday,94,4380.6,M,1,0.000463216,1.09411,1725.82,0.748171,F
2409,1,HappyBirthday,237,3650.12,M,1,0.00135275,0.00537019,207284,13.7345,F
2409,1,HappyBirthday,305,13870.9,M,1,0.000680775,4.86805,54.8208,0.262158,F
2409,1,HappyBirthday,631,14235.4,F,1,0.00447604,8.6446,4311.72,1.57869,F
2409,1,HappyBirthday,747,6205.18,M,1,0.0639685,0.912617,391.654,22.2155,F
2410,1,HappyBirthday,584,8395.22,M,1,0.0935347,19.9279,17813.5,135.004,F
2410,1,HappyBirthday,748,9855.55,F,1,0.00822836,4.24522,7697.17,3.74126,F
2410,1,HappyBirthday,1071,1825,M,1,0.0446451,2.96976,131.777,14.9227,F
2411,1,HappyBirthday,95,2920.25,F,1,0.100805,0.540788,14000.2,159.49,F
2411,1,HappyBirthday,403,2555.87,F,1,0.0168336,0.0924558,87.9621,6.03601,F
2411,1,HappyBirthday,776,3650.6,F,1,0.0726122,0.152295,2087.87,36.4937,F
2411,1,HappyBirthday,843,12775.5,M,1,0.000346296,0.849972,0.816052,0.108203,F
2412,1,HappyBirthday,251,17885.5,M,1,0.000942923,0.218332,30.6499,0.329901,F
2413,1,HappyBirthday,76,22630,M,1,0.00143537,0.320753,47.6945,0.538084,F
2413,1,HappyBirthday,1166,1095,F,1,0.0449898,0.159915,28706.4,144.913,F
2413,1,HappyBirthday,618,8395.68,M,1,0.632778,0.0901547,1708.64,334.276,F
2413,1,HappyBirthday,1214,730,F,1,0.597344,0.26538,679,377.057,F
2413,1,HappyBirthday,1167,1095,F,1,0.0656098,0.22291,1.81635,21.1551,F
2414,1,HappyBirthday,258,24090.9,M,1,0.849038,2.19336,87.6402,620.625,F
2414,1,HappyBirthday,1072,1825,M,1,0.0309873,2.07641,4.16532,9.86064,F
2415,1,HappyBirthday,1215,730,F,1,0.0512402,0.0319452,1047.3,17.9778,F
2415,1,HappyBirthday,721,21170.5,M,1,0.155012,4.51434,4970.68,162.042,F
2415,1,HappyBirthday,920,3285.1,M,1,0.0121759,2.69395,2089.52,4.35363,F
2416,1,HappyBirthday,1032,2190,F,1,0.00389035,0.27325,36.6015,1.21351,F
2416,1,HappyBirthday,814,28105.1,M,1,0.0292068,1.22348,137.947,10.9331,F
2417,1,HappyBirthday,881,5110.01,M,1,0.00138036,68.1229,1813.09,0.519458,F
2417,1,HappyBirthday,1257,365,F,1,0.479254,0.478466,61.8485,220.298,F
2418,1,HappyBirthday,484,16060.4,F,1,0.00560998,0.661385,9.71479,1.76488,F
2418,1,HappyBirthday,1033,2190,M,1,0.39027,0.430837,6.9483,154.848,F
2419,1,HappyBirthday,1258,365,F,1,0.234539,0.035944,88.6063,100.369,F
2419,1,HappyBirthday,1168,1095,M,1,0.020827,0.101606,91.2279,7.60868,F
2419,1,HappyBirthday,1259,365,F,1,0.20743,4.46673,228.275,107.58,F
2419,1,Births,1298,0,M,0,0,0.0653836,0,0,F
2420,1,HappyBirthday,75,9125.32,F,1,0.00145118,0.364016,0.0687006,0.451454,F
2420,1,HappyBirthday,454,19710.1,F,1,0.000954507,1.34318,474.05,0.806096,F
2420,1,HappyBirthday,810,12045.2,M,1,0.00100266,2.60753,420.205,0.325862,F
2420,1,HappyBirthday,850,5110.21,F,1,0.000190263,1.66175,2.39745,0.0592681,F
2420,1,HappyBirthday,986,4745.5,M,1,0.747406,0.0898863,86.9408,543.919,F
2421,1,HappyBirthday,1119,1460,F,1,0.0540196,0.0346958,40658.1,225.785,F
2421,1,HappyBirthday,408,6935.22,M,1,0.00213272,8.2274,0.18634,0.663991,F
2421,1,Births,1299,0,M,0,0,1.2037,0,0,F
2422,1,HappyBirthday,57,14235.1,F,1,0.314611,0.329428,147.008,148.017,F
2422,1,HappyBirthday,462,14965.2,M,1,0.0338165,2.70785,41.5026,11.3144,F
2422,1,HappyBirthday,918,22995.2,M,1,0.104599,0.0261317,4110.33,185.839,F
2423,1,HappyBirthday,10,8395.79,F,1,0.15181,1.64404,62933.2,756.166,F
2423,1,HappyBirthday,212,9490.82,M,1,0.586593,0.378793,15358.1,675.048,F
2423,1,HappyBirthday,1073,1825,M,1,0.000354235,0.106041,1631.03,0.130493,F
2423,1,Births,1300,0,M,0,0,0.0438381,0,0,F
2424,1,HappyBirthday,453,8760.8,M,1,0.264082,3.09361,914.138,391.777,F
2425,1,HappyBirthday,126,6205.74,M,1,0.531994,0.144498,0.877458,236.037,F
2425,1,HappyBirthday,1260,365,F,1,0.375902,0.0218728,26597.3,1124.86,F
2425,1,HappyBirthday,378,14965.8,F,1,0.000835728,5.05049,2615.82,0.95427,F
2425,1,HappyBirthday,496,6205.51,M,1,0.00995895,4.65723,22.177,3.23063,F
2425,1,HappyBirthday,636,12045.3,M,1,0.744243,6.70522,1061.27,485.362,F
2426,1,HappyBirthday,667,6570.82,M,1,6.14769e-05,3.41579,38.7092,0.0203935,F
2426,1,HappyBirthday,696,8760.19,M,1,0.00201545,10.8745,68615.6,11.4617,F
2427,1,HappyBirthday,665,5840.09,F,1,0.00659279,0.343069,302.846,2.0988,F
2427,1,HappyBirthday,688,5475.54,M,1,0.000452342,0.865205,11.2081,0.147784,F
2428,1,HappyBirthday,170,13870.7,M,1,0.000780436,3.55199,32264.8,0.915048,F
2428,1,HappyBirthday,389,2555.1,F,1,7.81181e-05,2.65526,31562.4,0.0655423,F
2428,1,HappyBirthday,616,3285.11,F,1,0.00979043,0.362296,61.1775,3.81132,F
2429,1,HappyBirthday,110,2555.13,F,1,0.00419566,0.0290182,32.0795,1.51709,F
2430,1,HappyBirthday,501,17885.4,F,1,0.00498171,1.40974,123.764,1.86425,F
2431,1,HappyBirthday,519,6570.7,F,1,0.154835,0.320297,1299.68,137.012,F
2431,1,HappyBirthday,700,17886,F,1,0.027287,3.09585,86.3345,9.63101,F
2431,1,HappyBirthday,927,18615.7,M,1,0.0743022,1.14774,4318.27,87.7546,F
2432,1,HappyBirthday,83,2920.19,F,1,0.48466,0.0958492,1118.94,364.103,F
2432,1,HappyBirthday,310,7665.84,F,1,0.010347,0.293227,68.3651,3.59893,F
2432,1,HappyBirthday,379,13870.8,F,1,0.086441,0.439159,2753.14,248.709,F
2432,1,HappyBirthday,1216,730,M,1,0.602077,0.113967,1374.4,310.337,F
2432,1,HappyBirthday,1034,2190,M,1,0.0608982,0.211101,383.347,27.7549,F
2432,1,Births,1301,0,F,0,0,0.0260176,0,0,F
2433,1,HappyBirthday,25,2555.06,M,1,0.74562,0.209444,53.7233,465.199,F
2433,1,HappyBirthday,991,17155.8,M,1,0.173987,1.761,1462.55,61.6964,F
2434,1,HappyBirthday,883,9125.63,F,1,0.0055828,0.200242,2776.94,1.74213,F
2435,1,HappyBirthday,1261,365,M,1,0.188688,0.0565617,8135.6,355.335,F
2435,1,HappyBirthday,396,5840.19,F,1,0.0854812,0.553668,203.683,30.715,F
2435,1,HappyBirthday,1121,1460,F,1,0.0335253,1.32448,1030.1,27.2025,F
2436,1,HappyBirthday,196,6205.87,M,1,0.537156,6.63143,33.871,245.909,F
2436,1,HappyBirthday,1122,1460,M,1,0.000997297,0.644233,1.64296,0.311141,F
2436,1,HappyBirthday,1262,365,F,1,0.0269577,0.315244,68.1291,9.46781,F
2436,1,HappyBirthday,471,8760.43,M,1,0.000204145,0.629738,0,0.0633938,F
2438,1,HappyBirthday,226,16425.5,F,1,0.185193,9.50012,11632.3,340.401,F
2438,1,HappyBirthday,323,4380.32,M,1,0.00727305,0.584608,7090.1,12.4777,F
2438,1,HappyBirthday,801,9855.44,F,1,0.248642,1.75938,103.571,124.672,F
2439,1,HappyBirthday,160,7300.22,M,1,0.000493246,2.68214,9.53404,0.160625,F
2439,1,HappyBirthday,294,3650.07,M,1,0.104258,0.303381,49.6442,38.2104,F
2439,1,HappyBirthday,637,6570.71,M,1,0.00170212,0.386779,4.29283,0.537826,F
2440,1,HappyBirthday,544,2555.89,F,1,0.000199216,0.0140841,36.099,0.0650618,F
2440,1,HappyBirthday,545,29200.3,F,1,0.000486069,14.9602,187.724,0.194215,F
2441,1,HappyBirthday,26,4015.08,F,1,0.0434421,4.6745,55.2702,14.0471,F
2441,1,HappyBirthday,512,8760.03,F,1,0.611034,0.288991,194.366,307.436,F
2441,1,HappyBirthday,568,3285.04,M,1,0.169001,0.103029,51.9222,58.6097,F
2441,1,HappyBirthday,1218,730,F,1,0.15893,0.0160716,74.2142,66.0331,F
2441,1,HappyBirthday,969,9855.66,M,1,0.406762,2.34929,14.0218,165.484,F
2442,1,HappyBirthday,5,26280.6,M,1,0.0302449,0.1294,137.931,9.74669,F
2442,1,HappyBirthday,458,2555.13,F,1,3.02448e-05,0.878704,3477.03,0.109211,F
2442,1,HappyBirthday,489,17885.8,F,1,0.0134972,0.38492,2990.61,18.4407,F
2442,1,HappyBirthday,1001,2555.39,M,1,0.0231694,0.0614908,124.162,8.51929,F
2443,1,HappyBirthday,277,19345.8,F,1,2.30063e-05,6.42562,8968.75,0.075339,F
2443,1,HappyBirthday,577,8395.56,M,1,0.284403,5.94466,445.243,104.492,F
2443,1,HappyBirthday,1263,365,M,1,0.0238794,0.18471,1906.56,7.83266,F
2444,1,HappyBirthday,428,2555.45,M,1,0.00177026,3.57408,1060.11,2.49154,F
2444,1,HappyBirthday,768,17155.1,F,1,8.1975e-05,2.93694,561.937,0.0770482,F
2444,1,HappyBirthday,1124,1460,F,1,0.0184564,1.49927,1853.32,6.42769,F
2445,1,HappyBirthday,1264,365,F,1,0.75905,0.0495376,143.766,461.33,F
2446,1,HappyBirthday,877,16060.1,M,1,2.50866e-05,0.19862,16.8812,0.0084434,F
2447,1,HappyBirthday,1126,1460,F,1,0.132749,1.02536,4708.09,385.728,F
2447,1,HappyBirthday,724,4380.92,M,1,0.263283,0.968366,1625.79,101.413,F
2447,1,HappyBirthday,1125,1460,F,1,0.00435639,0.931599,12749.8,17.6387,F
2448,1,HappyBirthday,679,10220.9,F,1,0.00288155,43.0128,11025.1,19.1242,F
2450,1,HappyBirthday,548,6570.57,F,1,0.0170655,0.0148075,502.877,6.83162,F
2450,1,HappyBirthday,932,33215.9,F,1,2.72375e-05,1.66907,1455.72,0.024083,F
2451,1,HappyBirthday,99,3285.81,F,1,7.1019e-05,3.17805,96962.3,0.610684,F
2451,1,HappyBirthday,694,13870.9,M,1,0.128566,1.13515,10.5864,44.4826,F
2451,1,HappyBirthday,743,5110.29,F,1,0.201044,0.670592,72701,1046.42,F
2451,1,HappyBirthday,839,9855.57,M,1,0.0741117,7.61826,55.9177,23.9371,F
2452,1,HappyBirthday,595,29930.3,F,1,0.744938,9.00166,68.7057,536.198,F
2453,1,HappyBirthday,498,4745.2,M,1,0.00200017,0.177377,282.024,0.889339,F
2453,1,HappyBirthday,1036,2190,F,1,0.0155655,0.0690515,41.6473,5.22282,F
2453,1,HappyBirthday,1035,2190,F,1,0.144437,0.698918,19.1122,51.3313,F
2454,1,HappyBirthday,4,19710.5,M,1,0.0225005,0.108111,20.436,7.75127,F
2454,1,HappyBirthday,375,5110.33,F,1,0.0404208,0.234816,0.00060226,12.8221,F
2455,1,HappyBirthday,24,20805.1,M,1,0.0631423,0.277589,2.78725,20.2719,F
2455,1,HappyBirthday,90,32485.4,F,1,0.0203552,0.637908,9.58506,6.49626,F
2455,1,HappyBirthday,744,11681,F,1,0.143036,0.152906,39533.7,1300.56,F
2455,1,Births,1302,0,F,0,0,0.0236769,0,0,F
2456,1,HappyBirthday,38,2920.4,F,1,0.909938,0.0446345,51.9837,774.326,F
2456,1,HappyBirthday,59,4745.86,F,1,0.0018669,0.168104,85.9168,0.71986,F
2456,1,HappyBirthday,242,27375.9,F,1,0.00674106,26.1755,8291.15,6.78382,F
2456,1,HappyBirthday,280,6935.52,F,1,0.147918,0.221821,57193.8,1022.23,F
2456,1,HappyBirthday,1127,1460,F,1,0.00103452,0.0144361,2008.98,1.18668,F
2457,1,HappyBirthday,89,7300.72,M,1,0.000223436,0.614212,77.8474,0.0733657,F
2457,1,HappyBirthday,336,4380.85,M,1,0.0397825,2.15717,351.166,12.635,F
2457,1,HappyBirthday,425,2555.17,M,1,0.031573,0.267717,0.519274,9.97095,F
2457,1,HappyBirthday,477,11680.2,F,1,0.00251518,0.610724,11.688,0.828871,F
2457,1,HappyBirthday,717,29200.3,M,1,0.0424816,0.334372,991.154,22.3094,F
2457,1,HappyBirthday,917,15330.7,F,1,0.283643,1.24006,5793.96,430.207,F
2458,1,HappyBirthday,950,17520.3,M,1,0.107917,2.04655,0.428593,35.4932,F
2459,1,HappyBirthday,216,15330.4,M,1,0.002316,3.93602,18.7366,0.783788,F
2459,1,HappyBirthday,800,3285.31,F,1,0.121117,0.244941,38.7898,42.3251,F
2459,1,HappyBirthday,1170,1095,M,1,0.35291,0.416618,36.3675,142.331,F
2459,1,Births,1303,0,M,0,0,0.732538,0,0,F
2460,1,HappyBirthday,1128,1460,M,1,0.00254429,0.954249,1984.51,3.0244,F
2460,1,HappyBirthday,1037,2190,M,1,0.375376,0.0826589,68.3543,193.761,F
2461,1,HappyBirthday,1219,730,F,1,0.563186,0.399033,4699.77,547.887,F
2461,1,HappyBirthday,1265,365,F,1,0.782459,0.00507152,21.311,475.429,F
2461,1,HappyBirthday,1171,1095,F,1,0.00138824,0.877798,20.0695,0.458758,F
2461,1,Births,1304,0,F,0,0,0.126258,0,0,F
2462,1,HappyBirthday,670,14965.3,M,1,0.19269,0.761304,145.438,74.6534,F
2463,1,HappyBirthday,508,9125.31,F,1,0.00234754,0.386902,45.9447,0.777703,F
2463,1,HappyBirthday,587,4380.1,F,1,0.00133423,22.6565,8.40771,0.420662,F
2463,1,HappyBirthday,1129,1460,F,1,0.585337,0.124417,1578.89,839.628,F
2463,1,HappyBirthday,985,5840.03,M,1,0.274542,0.109789,622.326,100.596,F
2464,1,HappyBirthday,1266,365,M,1,0.370182,6.6531,245.592,194.629,F
2464,1,HappyBirthday,169,10220.1,M,1,0.0242505,0.813052,65.7987,8.88152,F
2464,1,HappyBirthday,179,8030.09,M,1,0.544881,0.269601,453.178,514.763,F
2464,1,HappyBirthday,427,5110.15,F,1,0.1087,0.0172949,9.05261,36.3174,F
2464,1,HappyBirthday,571,12045.6,F,1,0.145989,30.3973,2.96728,49.4423,F
2464,1,HappyBirthday,827,7300.95,F,1,0.000530717,0.914032,15.5358,0.165981,F
2465,1,HappyBirthday,168,12776,F,1,0.585571,1.3447,60.6786,296.897,F
2465,1,HappyBirthday,252,4380.19,F,1,0.00735661,0.14413,66.2793,2.52659,F
2465,1,HappyBirthday,404,20805.5,M,1,0.000562404,3.64032,0.758167,0.175535,F
2465,1,HappyBirthday,615,5475.38,M,1,0.159283,0.889181,193.368,60.7055,F
2465,1,HappyBirthday,739,24455.9,F,1,0.364797,0.408574,8075.22,1106.09,F
2465,1,HappyBirthday,853,12775.3,F,1,0.156452,0.262327,10809.9,88.9664,F
2467,1,HappyBirthday,18,14235.7,M,1,0.140511,3.10018,61127,790.203,F
2467,1,HappyBirthday,1220,730,M,1,0.00236595,0.179433,9.06073,0.749861,F
2468,1,HappyBirthday,320,16060.7,M,1,0.103138,14.9374,5076.14,502.843,F
2468,1,HappyBirthday,392,20440.1,F,1,0.113792,3.54756,319.279,70.7697,F
2468,1,HappyBirthday,528,5110.58,M,1,0.0123129,0.382773,1840.53,8.43303,F
2468,1,HappyBirthday,742,5840.81,F,1,0.0155265,0.440117,1244.59,5.87716,F
2468,1,HappyBirthday,1221,730,M,1,0.00465011,1.47751,13795.6,42.4836,F
2469,1,HappyBirthday,131,11681,F,1,0.000586614,8.9945,11.7076,0.184674,F
2469,1,HappyBirthday,1038,2190,M,1,0.13582,0.6847,74.3241,50.3234,F
2470,1,HappyBirthday,98,14600.3,M,1,0.532529,0.501239,75.3268,261.923,F
2471,1,HappyBirthday,658,7300.52,F,1,0.0113197,0.184846,30588.6,86.2775,F
2471,1,HappyBirthday,787,9855.93,F,1,0.00233522,0.979733,2054.35,0.856771,F
2471,1,HappyBirthday,1172,1095,M,1,0.240314,1.85142,4578.42,355.988,F
2473,1,HappyBirthday,452,14965.4,F,1,0.030199,2.10283,313.353,12.192,F
2474,1,HappyBirthday,1130,1460,M,1,0.00452339,0.239277,1829.43,4.69584,F
2474,1,HappyBirthday,412,6205.56,M,1,0.190975,1.09356,88.4332,72.9566,F
2475,1,HappyBirthday,497,9490.83,F,1,0.0675599,3.37768,1221.43,122.261,F
2476,1,HappyBirthday,672,10220.5,M,1,0.00164528,0.296011,141.908,0.621335,F
2477,1,HappyBirthday,410,19345.9,M,1,0.234266,14.1701,1377.29,101.584,F
2477,1,HappyBirthday,1267,365,F,1,0.0766833,0.176747,97.0118,27.4416,F
2478,1,HappyBirthday,622,5110.69,F,1,0.0202349,1.01265,509.889,10.0338,F
2479,1,HappyBirthday,64,6570.04,M,1,0.208047,0.274866,283.35,73.0548,F
2479,1,HappyBirthday,373,6205.93,M,1,0.00107286,0.30828,1.03507,0.333788,F
2479,1,HappyBirthday,656,20075.5,M,1,0.00198423,3.49205,84.6062,0.7066,F
2479,1,HappyBirthday,713,5110.87,M,1,0.139196,5.28616,0.214006,46.5854,F
2479,1,HappyBirthday,886,8395.81,M,1,0.000522326,0.321025,25.0211,0.18084,F
2481,1,HappyBirthday,1000,18615.5,M,1,0.000532773,0.140238,21.449,0.174144,F
2481,1,HappyBirthday,260,8760.71,F,1,0.0552918,0.853876,28.7664,19.9536,F
2481,1,Births,1305,0,M,0,0,0.155001,0,0,F
2482,1,HappyBirthday,122,5840.99,M,1,0.00330065,0.905664,33.5997,1.17064,F
2482,1,HappyBirthday,349,11315.6,M,1,0.875143,2.13992,50.2042,658.093,F
2482,1,HappyBirthday,479,3285.73,F,1,0.0077376,0.140907,1.44088,2.41957,F
2482,1,HappyBirthday,1222,730,M,1,1.16812e-05,0.0909666,58647.9,0.120945,F
2482,1,HappyBirthday,649,12775.9,M,1,0.613773,1.266,54.953,296.265,F
2482,1,HappyBirthday,755,8760.2,M,1,0.0150392,2.57469,791.077,9.81098,F
2482,1,HappyBirthday,866,9125.69,F,1,0.299785,6.91638,7947.75,892.412,F
2482,1,HappyBirthday,1268,365,M,1,0.00132292,0.0782979,46.0658,0.464171,F
2483,1,HappyBirthday,92,36135.6,M,1,0.821662,1.10457,1782.47,585.776,F
2483,1,HappyBirthday,234,9855.75,F,1,0.00173615,0.735911,30.0176,0.602819,F
2483,1,HappyBirthday,731,10585.8,M,1,0.0428892,0.0534609,3823.42,24.8566,F
2483,1,HappyBirthday,763,10950.4,M,1,0.00902166,0.368513,44753.1,13.3742,F
2484,1,HappyBirthday,312,3285.1,M,1,0.0234242,12.2954,179.169,9.50457,F
2484,1,HappyBirthday,411,10220.1,M,1,0.000134862,2.19823,11400.5,0.519819,F
2484,1,HappyBirthday,960,14600.6,M,1,0.000957812,0.229309,795.009,0.536614,F
2484,1,HappyBirthday,973,4380.13,M,1,0.00434163,0.185277,110.061,1.48939,F
2484,1,Births,1306,0,M,0,0,0.0359733,0,0,F
2485,1,HappyBirthday,466,15695.5,M,1,0.000901807,0.0549034,100540,3.67374,F
2485,1,HappyBirthday,558,5110.19,M,1,0.166766,0.0793405,24.8412,62.3433,F
2485,1,HappyBirthday,729,5110.96,M,1,0,0.458789,0.0966488,0,F
2485,1,HappyBirthday,745,3650.36,F,1,0.00173591,7.10664,14.1981,0.574564,F
2485,1,HappyBirthday,983,4745.37,F,1,0.000864315,0.303264,80.653,0.286045,F
2486,1,HappyBirthday,68,9125.53,M,1,0.663598,0.28538,289.504,349.543,F
2486,1,HappyBirthday,1039,2190,M,1,0.00209847,0.766286,6.44612,0.660198,F
2486,1,HappyBirthday,461,11315.8,M,1,0.00210607,2.84286,16.5242,0.661919,F
2486,1,HappyBirthday,1074,1825,F,1,0.00456426,0.0937311,1.8278,1.42198,F
2487,1,HappyBirthday,113,25915.6,M,1,0.000252222,1.39269,74.8965,0.0836976,F
2488,1,HappyBirthday,109,16060.4,M,1,0.238157,0.455256,28.2967,90.4076,F
2488,1,HappyBirthday,358,10950.5,F,1,0.00164262,0.509192,14.4724,0.542011,F
2488,1,HappyBirthday,602,16790.2,M,1,0.0032628,1.00621,6239.28,3.09425,F
2489,1,HappyBirthday,116,12775.5,M,1,0.299432,9.48396,7.55316,111.019,F
2489,1,HappyBirthday,192,3650.13,F,1,0.447055,3.43731,359.07,290.573,F
2489,1,HappyBirthday,1223,730,F,1,0.892917,0.0250402,33.4711,733.767,F
2489,1,HappyBirthday,1269,365,M,1,2.41069e-06,0.278086,2546.97,0.00620252,F
2489,1,HappyBirthday,949,6570.87,M,1,0.00575904,0.0884926,9.95307,1.88528,F
2490,1,HappyBirthday,286,7300.39,M,1,0.00607708,3.62096,46.0363,2.24205,F
2490,1,HappyBirthday,443,21900.9,F,1,0.0562323,0.111718,11.9048,18.446,F
2490,1,HappyBirthday,488,12775.2,F,1,0.594524,0.0243694,39.3255,308.924,F
2490,1,HappyBirthday,709,7665.15,F,1,0.265025,6.5486,5.28456,95.8643,F
2490,1,HappyBirthday,792,24455,F,1,0.0345546,0.391959,6964.59,50.9933,F
2490,1,HappyBirthday,831,11680.8,F,1,0.0620708,0.163141,13.8914,21.0084,F
2491,1,HappyBirthday,1224,730,F,1,0.0255833,1.70413,6.86708,8.33566,F
2491,1,HappyBirthday,951,12410.3,F,1,0.115343,0.561338,7440.08,297.372,F
2491,1,HappyBirthday,958,6935.02,F,1,0.660032,1.62531,130.798,495.484,F
2492,1,HappyBirthday,692,3285.47,M,1,0.232513,2.01889,2.94431,82.2797,F
2492,1,HappyBirthday,1040,2190,M,1,0.172151,0.581044,24243,246.517,F
2493,1,HappyBirthday,244,12045.1,M,1,0.00915187,0.223228,35.3968,3.03005,F
2493,1,HappyBirthday,440,29930.7,M,1,0.00351241,1.51387,14.9847,1.15007,F
2493,1,HappyBirthday,638,10950.2,M,1,0.00174047,0.994261,96.4482,0.581394,F
2493,1,HappyBirthday,795,5840.67,M,1,0.012315,1.97469,38.8288,4.07635,F
2493,1,HappyBirthday,868,8395.95,F,1,0.0120731,1.18172,8.76017,3.92135,F
2494,1,HappyBirthday,1075,1825,F,1,0.0273191,0.0556563,8.17542,8.66036,F
2494,1,HappyBirthday,229,13140.2,M,1,0.0867609,3.40263,48.5548,29.795,F
2494,1,HappyBirthday,329,5110.66,M,1,0.000321918,1.96535,69.4849,0.124554,F
2494,1,HappyBirthday,740,8030.9,M,1,0.000211627,0.519584,135.132,0.106134,F
2495,1,HappyBirthday,157,6205.51,F,1,0.00487971,2.64622,1233.64,7.05754,F
2495,1,HappyBirthday,606,9125.5,F,1,0.0711719,2.77698,86.6193,24.8078,F
2496,1,HappyBirthday,278,11315.2,M,1,0.165169,1.93302,4.13582,56.331,F
2496,1,HappyBirthday,1131,1460,M,1,0.108917,0.0585708,140.556,43.3805,F
2496,1,HappyBirthday,837,17155.2,F,1,0.0579955,0.84104,349.649,42.3868,F
2496,1,HappyBirthday,1270,365,F,1,0.387589,0.0388256,5850.57,354.427,F
2497,1,HappyBirthday,1226,730,M,1,0.00463023,1.98796,68.2924,1.6311,F
2497,1,HappyBirthday,1132,1460,F,1,0.00983774,1.79618,88.5111,3.53827,F
2497,1,HappyBirthday,366,31390.5,M,1,0.989939,2.86542,91.295,1544.98,F
2498,1,HappyBirthday,272,5475.69,F,1,0.00916571,0.199911,8197.27,7.08255,F
2498,1,HappyBirthday,436,10950.2,F,1,0.000902374,0.190329,0.0022346,0.28052,F
2498,1,HappyBirthday,476,7300.44,M,1,0.688415,4.2036,7.87731,367.287,F
2498,1,HappyBirthday,525,2555.04,M,1,0.0270331,0.0187254,31.0059,9.1227,F
2499,1,HappyBirthday,465,3285.49,M,1,0.00389012,0.665929,0.00149959,1.21112,F
2499,1,HappyBirthday,623,18615.6,F,1,0.000232643,0.178417,37.9786,0.077066,F
2499,1,HappyBirthday,847,4015.4,F,1,0.0224113,5.63394,13378.9,26.9622,F
2500,1,HappyBirthday,578,5475.07,F,1,0.0202538,1.23256,5053.79,7.61415,F
2500,1,HappyBirthday,756,14600.6,F,1,0.00131436,3.76273,28.4063,0.464423,F
2500,1,HappyBirthday,922,9855,F,1,0.0841019,5.10253,3.988,27.5948,F
2501,1,HappyBirthday,78,3285.57,M,1,0.00549621,0.216489,90.8115,1.75975,F
2501,1,HappyBirthday,225,2920.67,M,1,4.89477e-05,0.461014,0.0702358,0.01514,F
2501,1,HappyBirthday,1133,1460,M,1,0.00193903,1.38846,1.4153,0.604957,F
2501,1,HappyBirthday,354,10585.6,F,1,0.0079859,1.47516,0.16858,2.49269,F
2501,1,HappyBirthday,1227,730,M,1,0.0776989,0.0202557,35.9156,26.5523,F
2501,1,HappyBirthday,1041,2190,M,1,0.00313762,0.499209,58.1041,1.01317,F
2501,1,HappyBirthday,1271,365,F,1,0.00536374,0.0548723,53.5998,1.87162,F
2502,1,HappyBirthday,27,18980,M,1,0.493089,0.00563664,76.7216,238.081,F
2502,1,HappyBirthday,1134,1460,M,1,0.00139883,0.573759,111.673,0.488522,F
2502,1,HappyBirthday,550,3650.44,M,1,0.0522441,1.32948,254.646,17.8656,F
2502,1,HappyBirthday,1076,1825,M,1,0.160955,0.0428242,1006.07,236.327,F
2503,1,HappyBirthday,140,9125.33,M,1,0.0954558,1.36586,251.079,42.0909,F
2503,1,HappyBirthday,1175,1095,M,1,2.58753e-05,0.0637254,110560,0.402323,F
2503,1,HappyBirthday,180,4380.54,M,1,0.0665771,0.0575235,12.1828,22.5691,F
2503,1,HappyBirthday,444,24090,M,1,0.00170887,3.15306,33381.7,1.37916,F
2503,1,HappyBirthday,600,2920.79,M,1,0.000903623,0.103622,42.5886,0.300689,F
2503,1,HappyBirthday,1043,2190,M,1,0.11863,0.377753,4.30377,39.654,F
2504,1,HappyBirthday,77,9490.16,F,1,0.00262571,1.03818,5.89588,0.82526,F
2504,1,HappyBirthday,82,23360.1,M,1,0.282492,0.448348,900.708,109.498,F
2504,1,HappyBirthday,1272,365,M,1,0.0104199,0.0511977,13760.8,20.6594,F
2504,1,HappyBirthday,430,6935.63,F,1,0.0050828,0.541276,20.1653,1.59195,F
2504,1,HappyBirthday,854,35771,F,1,0.0537402,2.37143,94.3633,17.4755,F
2504,1,HappyBirthday,1135,1460,F,1,0.293275,0.0567287,1818.24,530.335,F
2505,1,HappyBirthday,48,10585.6,F,1,0.00160865,0.0783008,136.61,0.75381,F
2505,1,HappyBirthday,173,25185.9,F,1,2.76633e-05,1.44127,16.4401,0.0092622,F
2505,1,HappyBirthday,273,17520.2,F,1,0.0348989,2.92269,6.7703,11.1404,F
2505,1,HappyBirthday,293,2920.21,F,1,0.0309407,1.20046,42.0867,10.4927,F
2505,1,HappyBirthday,1273,365,F,1,0.0204671,0.484033,44518.9,23.9365,F
2505,1,HappyBirthday,632,33215.4,M,1,1.99773e-05,0.223317,1531.51,0.0187456,F
2505,1,HappyBirthday,928,18250.2,F,1,0.000491284,1.58485,0.0550258,0.152718,F
2506,1,HappyBirthday,1136,1460,F,1,0.0326577,0.188077,9046.51,16.1089,F
2506,1,HappyBirthday,401,34310.5,F,1,0.00324135,0.192086,3.36342,1.00942,F
2506,1,HappyBirthday,518,14965.2,F,1,0.000246792,1.97741,4.79254,0.077353,F
2506,1,HappyBirthday,523,8395.89,F,1,0.0139256,0.26425,33.8979,4.55087,F
2507,1,HappyBirthday,127,17155.6,F,1,0.0235743,0.658749,0.613431,7.43154,F
2507,1,HappyBirthday,297,4380.65,F,1,0.128735,0.504251,2833.34,44.2197,F
2507,1,HappyBirthday,371,3285.76,M,1,0.105734,1.17479,122.264,50.7739,F
2507,1,HappyBirthday,653,6205.38,M,1,0.197177,0.411972,2304.18,69.7904,F
2507,1,HappyBirthday,664,6935.47,M,1,0.205932,1.6423,13.2932,75.9409,F
2507,1,HappyBirthday,691,9490.87,M,1,0.00114335,1.72442,35.7561,0.419722,F
2507,1,HappyBirthday,712,15695.2,F,1,0.973085,1.5605,278.128,1261.06,F
2507,1,HappyBirthday,1137,1460,M,1,0.0169433,0.141789,29.8579,6.01528,F
2507,1,HappyBirthday,838,5110.68,M,1,0.00371077,1.42345,0.436261,1.15598,F
2507,1,HappyBirthday,965,5110.67,F,1,0.00664301,0.805207,26.4919,2.22574,F
2507,1,HappyBirthday,992,4015.86,M,1,0.0138229,9.98117,120.272,6.54123,F
2508,1,HappyBirthday,250,14235.3,M,1,0.0190533,0.259137,65.5856,6.5635,F
2508,1,HappyBirthday,559,4745.1,F,1,0.252197,0.180226,2126.23,359.979,F
2509,1,HappyBirthday,1228,730,F,1,0.827761,0.101396,955.195,882.083,F
2509,1,HappyBirthday,303,4380.26,F,1,0.00146942,0.373912,40.8491,0.46929,F
2509,1,HappyBirthday,516,32120.2,F,1,0.576678,0.156239,1143.77,547.942,F
2509,1,HappyBirthday,1077,1825,F,1,0.00315411,0.24438,14.9696,1.05667,F
2510,1,HappyBirthday,148,18250.7,M,1,0.00133784,2.10856,288.651,0.79992,F
2510,1,HappyBirthday,1274,365,M,1,0.0374552,0.330401,100.151,12.464,F
2510,1,HappyBirthday,347,8760.43,F,1,0.00343984,0.548935,588.074,2.02878,F
2510,1,HappyBirthday,1176,1095,M,1,0.00686311,0.219025,779.223,2.85839,F
2510,1,HappyBirthday,570,9855.4,M,1,0.146955,0.0543033,2776.08,101.757,F
2511,1,HappyBirthday,450,2555.77,F,1,0.00399583,0.638471,13.1724,1.27218,F
2511,1,HappyBirthday,601,3650.33,M,1,0.00189089,9.79026,26.2015,0.623872,F
2511,1,HappyBirthday,1229,730,F,1,0.00242007,0.0404955,89.854,0.835285,F
2512,1,HappyBirthday,749,21535.1,M,1,0.000257157,1.91635,12.6962,0.085004,F
2512,1,HappyBirthday,771,16790.7,F,1,0.0230601,0.375575,3.79579,7.29402,F
2512,1,HappyBirthday,842,18615.9,M,1,0.0088204,0.467844,251.748,3.44279,F
2513,1,HappyBirthday,1139,1460,M,1,0.247076,2.49716,7195.14,96.3562,F
2513,1,HappyBirthday,275,27740.3,F,1,0.00415054,1.46656,65948.7,44.6081,F
2513,1,HappyBirthday,315,5110.62,M,1,0.00646667,0.35303,0.541568,2.01647,F
2513,1,HappyBirthday,1138,1460,F,1,0.126548,1.08966,10119.1,53.1878,F
2513,1,HappyBirthday,916,23360,F,1,0.138752,0.223351,5669.01,91.2285,F
2514,1,HappyBirthday,500,9855.98,M,1,0.141053,0.0658818,7302.49,108.708,F
2515,1,HappyBirthday,1078,1825,F,1,0.50487,1.51587,16778.4,950.656,F
2516,1,HappyBirthday,1275,365,M,1,0.00839454,0.0753552,132.693,3.1665,F
2517,1,HappyBirthday,432,13870.9,F,1,0.0824058,0.589138,143.902,31.3908,F
2517,1,HappyBirthday,492,2555.67,F,1,0.000333495,0.58955,572.985,0.194677,F
2517,1,HappyBirthday,1140,1460,F,1,0.0126889,0.0950382,12099.5,6.34474,F
2518,1,HappyBirthday,153,10220.1,M,1,0.00999035,1.35822,3.27505,3.1382,F
2518,1,HappyBirthday,211,16790.6,M,1,0.109549,0.205409,10.3697,36.1406,F
2518,1,HappyBirthday,339,12410.6,M,1,0.000330512,5.72058,1257.66,0.129988,F
2518,1,HappyBirthday,529,13870.6,F,1,0.00280696,0.0427921,23.8428,0.906459,F
2519,1,HappyBirthday,191,2555.32,F,1,0.0039753,0.107543,22.6009,1.24259,F
2519,1,HappyBirthday,206,8030.27,F,1,0.000929934,0.00319596,105.694,0.293173,F
2519,1,HappyBirthday,1177,1095,F,1,0.0603554,0.185633,1772.76,71.6563,F
2520,1,HappyBirthday,1044,2190,M,1,0.00132237,0.249449,67573.4,2.66124,F
2521,1,HappyBirthday,171,15695.1,F,1,0.00779364,1.77295,124.262,3.22766,F
2522,1,HappyBirthday,1141,1460,M,1,0.111121,0.360387,0.850744,36.7376,F
2522,1,HappyBirthday,852,5110.57,M,1,0.205698,6.20029,5911.37,95.1441,F
2522,1,HappyBirthday,1230,730,F,1,0.359494,0.474116,28.7794,138.597,F
2523,1,HappyBirthday,424,17520.9,M,1,0.000200873,0.14193,948.49,0.151504,F
2523,1,HappyBirthday,1080,1825,M,1,0.00610417,0.398845,2348.95,17.7577,F
2524,1,HappyBirthday,1276,365,F,1,0.202152,0.0360558,439.789,113.07,F
2524,1,HappyBirthday,1231,730,F,1,0.131462,0.167989,746.203,62.1797,F
2525,1,HappyBirthday,924,14600.3,F,1,0.254492,0.135432,3633.31,104.423,F
2526,1,HappyBirthday,2,13870.4,M,1,0.00842948,3.76256,443.126,4.34048,F
2526,1,HappyBirthday,309,4380.8,F,1,0.0115426,1.01644,82.3867,4.61239,F
2526,1,HappyBirthday,1081,1825,M,1,0.00655542,1.55573,192.117,3.88106,F
2527,1,HappyBirthday,1045,2190,F,1,0.0723652,0.253048,32.6726,24.4256,F
2527,1,HappyBirthday,1178,1095,M,1,0.0187322,0.181677,61.8832,6.44404,F
2527,1,HappyBirthday,1142,1460,F,1,0.00858776,0.0863892,11420.9,75.6891,F
2528,1,HappyBirthday,231,7300.46,F,1,0.000254452,0.349112,31524.2,0.229631,F
2528,1,HappyBirthday,1179,1095,F,1,0.25055,0.0399823,4243.8,102.917,F
2529,1,HappyBirthday,21,21900.5,M,1,0.000272331,0.0769859,25348.9,0.286094,F
2530,1,HappyBirthday,199,6935.64,F,1,0.00151987,0.956974,4413.89,3.23698,F
2530,1,HappyBirthday,1277,365,M,1,0.596492,2.64047,9501.99,735.56,F
2530,1,HappyBirthday,686,18250.5,F,1,0.467987,0.486646,865.488,302.948,F
2530,1,Births,1307,0,F,0,0,0.0263074,0,0,F
2531,1,HappyBirthday,442,13505.5,M,1,0.00180194,4.56524,38740.6,2.57009,F
2531,1,HappyBirthday,786,21900.3,F,1,0.794769,2.14853,16279.6,1055.47,F
2531,1,Births,1308,0,F,0,0,0.0431672,0,0,F
2532,1,HappyBirthday,813,4745.14,M,1,0.0519593,0.501129,5541.55,18.5054,F
2532,1,HappyBirthday,844,7665.54,F,1,0.0604076,6.27213,324.931,21.2717,F
2533,1,HappyBirthday,150,24090.4,M,1,0.00248178,0.698489,37870.5,19.23,F
2533,1,HappyBirthday,239,31755.7,M,1,0.00254247,0.280089,47.3387,0.883882,F
2533,1,HappyBirthday,1180,1095,F,1,0.135072,1.5802,120.239,54.9507,F
2533,1,HappyBirthday,433,26645.3,M,1,0.000158868,1.33258,74079,0.544461,F
2533,1,HappyBirthday,583,12775.7,M,1,0.0110355,19.1297,173.797,5.67479,F
2534,1,HappyBirthday,241,19710.4,F,1,0.0538043,0.458915,6530.24,41.0744,F
2534,1,HappyBirthday,569,9490.13,M,1,0.0437766,9.1193,0.116684,13.9121,F
2534,1,HappyBirthday,1233,730,F,1,0.000548835,0.0348407,55.0164,0.1985,F
2534,1,HappyBirthday,823,10585.9,M,1,0.00326137,2.56203,6.48923,1.02679,F
2536,1,HappyBirthday,219,8030.28,F,1,0.00133369,0.745308,18.5507,0.453651,F
2537,1,HappyBirthday,554,12410.1,F,1,0.00418681,3.77504,3.67823,1.30425,F
2537,1,HappyBirthday,640,8395.87,M,1,0.440779,4.48547,16.5888,188.426,F
2538,1,HappyBirthday,328,14965.4,F,1,0.00332333,0.27158,24.5379,1.14992,F
2538,1,HappyBirthday,579,6935.32,M,1,0.000340625,0.242331,11.4496,0.106096,F
2538,1,HappyBirthday,765,32485.1,M,1,0.0139345,0.194409,42435.1,123.776,F
2539,1,HappyBirthday,660,2555.5,F,1,0.000519523,13.4133,9508.54,3.66821,F
2539,1,HappyBirthday,912,16060.3,M,1,0.0281564,0.199411,324.279,9.92995,F
2539,1,HappyBirthday,930,9125.78,M,1,0.303038,0.518774,78.4191,112.444,F
2540,1,HappyBirthday,119,13870.9,M,1,0.000305472,0.0466273,1403.3,0.271944,F
2540,1,HappyBirthday,448,4745.45,F,1,0.217033,6.56923,12783.3,95.9067,F
2540,1,HappyBirthday,634,4745.46,M,1,0.0031105,2.06579,7143.23,3.30933,F
2540,1,HappyBirthday,825,14600.5,F,1,0.0528695,0.0888106,130.152,20.3699,F
2540,1,HappyBirthday,1278,365,F,1,0.428312,0.021722,36.5835,205.687,F
2540,1,HappyBirthday,975,7300.19,M,1,0.0349089,7.82678,9059.79,105.45,F
2540,1,HappyBirthday,1082,1825,F,1,0.178942,0.322961,406.519,66.2531,F
2541,1,HappyBirthday,663,33580.6,F,1,0.0477724,0.395899,1456.98,79.6698,F
2541,1,HappyBirthday,1144,1460,F,1,0.812773,0.0670333,37.4259,525.235,F
2542,1,HappyBirthday,541,6570.81,M,1,0.00400427,2.77542,210778,40.4745,F
2543,1,HappyBirthday,553,7300.41,F,1,0.00397395,10.6655,677.04,1.24805,F
2543,1,HappyBirthday,699,16790.2,F,1,0.00717632,1.83989,3675.95,5.46519,F
2544,1,HappyBirthday,102,3650.13,F,1,0.0898217,12.7578,62.3014,35.3537,F
2545,1,HappyBirthday,423,9490.18,M,1,0.000267078,2.1236,0.148972,0.0830158,F
2545,1,HappyBirthday,934,15330.2,M,1,0.697955,0.201215,10549.9,915.978,F
2545,1,HappyBirthday,1182,1095,F,1,0.0408866,0.0322322,0.107428,12.9747,F
2546,1,HappyBirthday,6,8030.11,M,1,0.0666129,0.146179,582.702,38.3486,F
2547,1,HappyBirthday,446,2920.34,F,1,0.0164377,2.95511,294.44,5.62452,F
2547,1,HappyBirthday,684,2555.26,M,1,0.0433904,0.947873,92398.3,211.079,F
2548,1,HappyBirthday,1183,1095,M,1,0.000212908,1.72557,132343,1.78364,F
2548,1,HappyBirthday,209,4015.13,M,1,0.0270857,4.49389,2547.39,39.6213,F
2548,1,HappyBirthday,757,10585.1,M,1,0.0274072,0.19556,5.81897,8.76825,F
2548,1,HappyBirthday,864,10220.4,F,1,0.436028,0.82048,61.086,197.532,F
2549,1,HappyBirthday,138,8030.39,M,1,0.117165,3.16727,62.5559,40.5094,F
2549,1,HappyBirthday,359,5110.91,M,1,0.0379227,0.0237634,16.1254,12.079,F
2549,1,HappyBirthday,697,9125.68,M,1,0.429045,2.43468,269.817,341.089,F
2550,1,HappyBirthday,507,6205.03,M,1,0.0175204,0.630582,1201.59,17.0318,F
2551,1,HappyBirthday,178,9125.4,M,1,0.00286979,0.0775299,0.0420656,0.893322,F
2551,1,HappyBirthday,591,15330.2,M,1,0.101563,1.44525,3676.13,328.833,F
2552,1,HappyBirthday,80,3650.88,F,1,0.278818,3.51547,6.26108,102.582,F
2552,1,HappyBirthday,493,8030.6,F,1,8.02003e-05,9.09082,48.4287,0.0265028,F
2552,1,HappyBirthday,539,5475.17,M,1,0.0439463,1.30475,11665,69.7401,F
2552,1,Births,1309,0,F,0,0,0.455694,0,0,F
2553,1,HappyBirthday,186,3650.55,M,1,0.00115194,0.23737,31.8786,0.370843,F
2553,1,HappyBirthday,1047,2190,F,1,0.351902,0.339619,28.5251,135.641,F
2553,1,HappyBirthday,626,8760.34,F,1,0.00112329,0.272946,781.409,0.888205,F
2553,1,Births,1310,0,F,0,0,0.026509,0,0,F
2554,1,HappyBirthday,201,9490.36,F,1,0.0253183,0.922478,4447.77,64.9195,F
2554,1,HappyBirthday,348,10585,F,1,0.00273536,0.134928,1632,1.02503,F
2555,1,HappyBirthday,566,9490.02,F,1,0.0148176,1.67088,10121.8,6.96198,F
2556,1,HappyBirthday,1048,2190,M,1,0.571518,0.0218141,18258,890.221,F
2556,1,HappyBirthday,335,12045.3,M,1,0.00788168,0.593359,116.508,2.99229,F
2556,1,HappyBirthday,419,16790.3,M,1,0.374229,0.528039,1392.33,150.764,F
2556,1,HappyBirthday,780,31755.4,M,1,0.114984,4.52503,9.43931,37.9717,F
2556,1,HappyBirthday,794,6205.75,F,1,0.00801018,0.00724758,0.862474,2.50102,F
2556,1,HappyBirthday,1084,1825,M,1,0.023447,0.0404277,25.7395,7.66736,F
2556,1,HappyBirthday,980,4015.46,F,1,0.000672555,0.0803078,258.072,0.22213,F
2557,1,HappyBirthday,267,16790.8,F,1,0.00121309,0.915056,44.0606,0.401155,F
2558,1,HappyBirthday,36,2920.89,F,1,0.0044853,0.184157,12349.9,38.183,F
2558,1,HappyBirthday,163,4380.83,F,1,0.0111504,0.29037,3403.15,6.35833,F
2558,1,HappyBirthday,1049,2190,M,1,0.111205,0.825503,27939.6,182.641,F
2558,1,HappyBirthday,368,29200.9,M,1,0.035929,0.503388,9.7261,11.3806,F
2558,1,Births,1311,0,F,0,0,0.105682,0,0,F
2559,1,HappyBirthday,1184,1095,M,1,0.0877514,0.201836,52.3508,31.2438,F
2559,1,HappyBirthday,486,20440.1,F,1,0.0429655,1.12885,4783.55,19.8117,F
2559,1,HappyBirthday,1145,1460,M,1,0.00567471,0.0755505,70.3866,1.95927,F
2560,1,HappyBirthday,325,9125.39,M,1,0.0095609,3.50019,5.22938,2.98681,F
2560,1,HappyBirthday,388,24820.3,F,1,0.0799606,1.34046,20.0261,28.1931,F
2560,1,HappyBirthday,851,5475.46,F,1,0.482215,0.454762,2804.48,971.314,F
2561,1,HappyBirthday,1185,1095,M,1,0.0629263,1.90021,0.138152,20.1957,F
2561,1,HappyBirthday,1146,1460,F,1,0.0242339,0.693466,24.7587,8.37652,F
2562,1,HappyBirthday,774,7300.07,F,1,0.00797271,6.6632,1240.44,2.58517,F
2562,1,HappyBirthday,1085,1825,M,1,0.00126955,0.0403636,35.561,0.462665,F
2563,1,HappyBirthday,1234,730,M,1,1.72058e-05,0.10686,33.7205,0.00562681,F
2563,1,HappyBirthday,245,7665.83,F,1,0.000415097,0.173949,481.022,0.135768,F
2563,1,HappyBirthday,972,24820.4,F,1,0.0281645,0.40484,15.8879,9.50783,F
2564,1,HappyBirthday,164,11315.8,M,1,0.00516375,2.37524,90.5803,2.21234,F
2564,1,HappyBirthday,274,14235.5,M,1,0.000783311,0.869033,0.266717,0.243754,F
2564,1,HappyBirthday,1050,2190,F,1,0.0764835,2.11902,4167.87,130.575,F
2564,1,HappyBirthday,871,27375.1,F,1,2.32595e-05,64.1188,25218.2,0.140411,F
2564,1,HappyBirthday,987,11316,M,1,0.0193831,0.330292,21.4168,6.37165,F
2565,1,HappyBirthday,232,8760.9,M,1,0.00140292,0.901162,118.315,0.570236,F
2565,1,HappyBirthday,1002,2555,F,1,0.00360803,0.516475,15869.5,2.00681,F
2565,1,HappyBirthday,394,13140,F,1,0.000796049,73.4213,51.313,0.265239,F
2565,1,HappyBirthday,1086,1825,F,1,0.0382653,2.44216,166.976,15.6427,F
2565,1,Births,1312,0,F,0,0,0.0972127,0,0,F
2566,1,HappyBirthday,42,34310.2,F,1,0.0937986,2.29995,6095.69,202.298,F
2566,1,HappyBirthday,47,5840.53,M,1,0.124956,0.518351,43.1007,45.4981,F
2566,1,HappyBirthday,887,12045.4,F,1,1.02727e-05,0.954851,396.882,0.0035888,F
2567,1,HappyBirthday,687,6570.89,M,1,0.0147438,0.392181,610.236,14.7123,F
2568,1,HappyBirthday,365,6570.77,F,1,0.000959621,6.46044,46.2205,0.322098,F
2568,1,HappyBirthday,540,30295.5,M,1,1.26495e-05,0.195943,17451.4,0.064773,F
2569,1,HappyBirthday,998,3650.74,M,1,0.575741,4.56653,81.7772,275.095,F
2569,1,Births,1313,0,M,0,0,0.0444245,0,0,F
2569,1,Births,1314,0,M,0,0,0.0457538,0,0,F
2570,1,HappyBirthday,302,6205.72,F,1,0.0641134,4.39225,329.491,31.2742,F
2570,1,HappyBirthday,603,12410.4,F,1,0.101671,3.00843,16.3321,34.9839,F
2570,1,HappyBirthday,718,7665.36,F,1,0.0896726,0.990782,19.442,30.1976,F
2570,1,HappyBirthday,906,23725.9,F,1,0.00499178,0.130512,48.9855,1.62772,F
2571,1,HappyBirthday,67,3285.87,F,1,0.00152917,0.00652044,2.35408,0.477559,F
2571,1,HappyBirthday,806,4745.44,F,1,0.253626,2.43687,9262.27,446.612,F
2572,1,HappyBirthday,1003,2555,F,1,0.0539599,0.11317,1.27559,17.2925,F
2572,1,HappyBirthday,879,6935.23,F,1,0.000427421,0.582939,1.68832,0.133924,F
2573,1,HappyBirthday,361,6570.37,M,1,0.867715,0.0922263,19.8397,635.58,F
2573,1,HappyBirthday,546,4015.58,F,1,0.0102317,1.08873,28.8216,3.60615,F
2573,1,HappyBirthday,604,4015.49,M,1,0.0192649,6.7191,69.4849,6.70859,F
2574,1,HappyBirthday,112,3650.97,F,1,0.00121494,0.214246,0.917304,0.379488,F
2574,1,HappyBirthday,195,21170.3,M,1,0.0662098,1.91064,15.935,21.963,F
2574,1,HappyBirthday,1051,2190,F,1,0.710431,0.214211,4667.11,433.117,F
2575,1,HappyBirthday,1147,1460,F,1,0.00210277,1.99149,52.3857,0.704978,F
2575,1,HappyBirthday,576,20805.8,M,1,0.109559,0.41621,4.50553,36.101,F
2575,1,HappyBirthday,661,32850,M,1,0.000567996,0.924891,2813.54,0.795412,F
2575,1,HappyBirthday,732,4745.6,M,1,0.0562386,0.28725,58.6393,19.5737,F
2575,1,HappyBirthday,738,8395.94,M,1,0.188719,1.82964,10913.7,66.1382,F
2575,1,HappyBirthday,1279,365,F,1,0.000648389,2.27387,118.782,0.243415,F
2576,1,HappyBirthday,1004,2555,F,1,0.47942,0.338025,413.094,313.396,F
2577,1,HappyBirthday,628,4380.88,M,1,0.298172,0.680284,947.951,512.253,F
2577,1,HappyBirthday,741,4015.69,M,1,0.0068881,0.542785,671.268,2.29832,F
2577,1,HappyBirthday,1087,1825,M,1,0.00223313,0.846838,2178.65,2.71989,F
2578,1,HappyBirthday,1235,730,F,1,0.872221,0.122656,251.83,1369.27,F
2578,1,HappyBirthday,317,16790.3,M,1,0.354121,17.6173,1693.63,199.635,F
2578,1,HappyBirthday,1052,2190,F,1,0.000688098,0.0556405,0.848896,0.214814,F
2578,1,HappyBirthday,890,5840.88,F,1,0.0219579,0.64932,30.4236,7.00319,F
2579,1,HappyBirthday,230,16790.2,M,1,0.00104091,1.01414,279.582,0.64576,F
2579,1,HappyBirthday,426,15330.8,M,1,0.00742557,5.46283,14.9096,2.32006,F
2579,1,HappyBirthday,862,15695.6,F,1,0.0278192,5.81534,0.701031,8.78963,F
2579,1,HappyBirthday,891,10585.7,M,1,0.00132126,0.126378,201.985,0.725183,F
2580,1,HappyBirthday,13,23360.9,F,1,0.336789,0.112121,371.449,162.495,F
2580,1,HappyBirthday,20,9490.84,M,1,0.0652538,2.18286,0.19266,20.9776,F
2581,1,HappyBirthday,29,6570.41,M,1,0.124549,0.577337,139.784,60.9704,F
2581,1,HappyBirthday,678,12045.9,F,1,0.0120407,2.92378,36.8456,4.44605,F
2581,1,HappyBirthday,1186,1095,F,1,0.220234,0.227081,56038.8,765.086,F
2581,1,HappyBirthday,1088,1825,M,1,0.0570986,0.15434,4322.72,32.0238,F
2582,1,HappyBirthday,121,22630.5,F,1,0.0159564,0.0286658,478.355,11.4429,F
2582,1,HappyBirthday,391,3285.76,M,1,0.0580681,1.29719,51375.4,76.5191,F
2582,1,HappyBirthday,1280,365,F,1,0.0289062,0.563242,7831.87,71.7444,F
2583,1,HappyBirthday,58,27740.9,F,1,0.0013714,0.411654,1.76112,0.430284,F
2583,1,HappyBirthday,457,20440.6,F,1,0.0336217,0.568207,5.08327,10.6595,F
2584,1,HappyBirthday,944,2920.73,M,1,0,0.240419,3966.7,0,F
2585,1,HappyBirthday,455,9855.92,M,1,0.0749964,1.88941,10.8169,25.5261,F
2585,1,HappyBirthday,811,3650.12,F,1,0.00159285,0.155987,5.55827,0.506069,F
2585,1,HappyBirthday,822,5840.6,F,1,0.171168,3.79514,2810.01,378.038,F
2585,1,HappyBirthday,1089,1825,F,1,0.344619,0.359875,28.7642,138.493,F
2587,1,HappyBirthday,1187,1095,F,1,0.00853733,0.084164,2.59752,2.69898,F
2587,1,HappyBirthday,1281,365,M,1,0.0718736,0.288807,49.8252,28.3825,F
2587,1,HappyBirthday,543,18980.2,F,1,0.0562507,2.02799,6.45448,18.5456,F
2588,1,HappyBirthday,1236,730,M,1,0.737137,0.28458,295.126,474.159,F
2589,1,HappyBirthday,40,12045.1,F,1,0.0314536,0.202661,640.323,10.2252,F
2589,1,HappyBirthday,1189,1095,M,1,0.141486,0.104804,139.965,72.0711,F
2589,1,HappyBirthday,417,9855.04,M,1,0.00248272,0.453798,11.4203,0.808027,F
2589,1,HappyBirthday,1188,1095,M,1,0.00342479,0.0573794,9.9261,1.06774,F
2590,1,HappyBirthday,23,17520.2,F,1,0.0019841,6.59156,12083.1,1.01396,F
2591,1,HappyBirthday,690,32850.4,F,1,0.127442,3.43788,2727.32,43.3542,F
2591,1,HappyBirthday,1005,2555,M,1,0.00239067,0.0866963,4906.15,1.38918,F
2592,1,HappyBirthday,1237,730,F,1,0.156031,0.304281,723.491,69.8661,F
2592,1,HappyBirthday,802,29931,M,1,0.00275369,0.0926257,233.522,0.915774,F
2592,1,HappyBirthday,1190,1095,M,1,0.431488,6.52391,1129.49,438.96,F
2593,1,HappyBirthday,50,8395.68,M,1,0.0908389,0.136444,4120.83,190.223,F
2593,1,HappyBirthday,1191,1095,M,1,0.737915,0.339162,32.3212,463.569,F
2593,1,Births,1315,0,F,0,0,0.371155,0,0,F
2594,1,HappyBirthday,7,27375.5,F,1,0.0151088,3.75841,729.714,9.4265,F
2594,1,HappyBirthday,248,6570.98,F,1,0.0775348,7.74116,21.265,25.999,F
2594,1,HappyBirthday,1090,1825,F,1,0.000283293,0.0814918,4.04104,0.0886312,F
2595,1,HappyBirthday,1091,1825,M,1,0.00584211,1.22651,29.9166,1.92947,F
2595,1,HappyBirthday,399,9855.67,F,1,0.0551757,0.815299,354.834,23.0421,F
2596,1,HappyBirthday,183,5840.86,F,1,0.000353555,2.62643,1.21954e-06,0.10991,F
2596,1,HappyBirthday,345,3650,M,1,0.577352,1.16144,6343.93,327.235,F
2596,1,HappyBirthday,530,6935.62,M,1,0.731292,0.480877,186.407,569.531,F
2596,1,HappyBirthday,573,14965.7,F,1,0.0228888,0.257546,535.797,12.602,F
2596,1,HappyBirthday,655,22265.7,F,1,0.404994,4.02785,102.708,163.407,F
2597,1,HappyBirthday,60,25550.3,F,1,0.00555858,6.4817,19912.6,31.6751,F
2597,1,HappyBirthday,1192,1095,F,1,0.00145718,0.00953141,45.5206,0.501781,F
2597,1,HappyBirthday,641,19345.1,F,1,0.213752,6.69172,281.246,96.0418,F
2598,1,HappyBirthday,134,7665.39,M,1,0.0411623,4.44951,1111.03,56.6003,F
2598,1,HappyBirthday,259,19345.8,M,1,0.511994,0.357762,16826.5,1009.65,F
2598,1,HappyBirthday,390,7300.59,F,1,0.12574,0.110338,127.065,41.816,F
2598,1,HappyBirthday,1238,730,M,1,0.129244,0.198853,6434.79,53.9476,F
2599,1,HappyBirthday,313,7300.75,F,1,0.456104,0.481301,56.1116,205.062,F
2599,1,HappyBirthday,1193,1095,M,1,0.715356,0.104271,2669.53,1241.54,F
2600,1,HappyBirthday,285,5110.94,F,1,0.00104882,0.959826,602.775,1.11475,F
2600,1,HappyBirthday,575,4380.6,F,1,0.725398,0.0372529,3.00701,406.254,F
2600,1,HappyBirthday,880,20805.2,M,1,0.0212738,0.531781,13746.5,11.3644,F
2601,1,HappyBirthday,474,2920.71,F,1,0.350706,0.396874,10.6125,140.307,F
2601,1,HappyBirthday,762,4380.09,F,1,0.392532,1.3226,9803.75,1679.23,F
2601,1,HappyBirthday,915,2920.2,F,1,0.00189283,1.45475,1344.73,0.828232,F
2602,1,HappyBirthday,154,4380.58,F,1,0.00112313,1.18561,2000.77,0.367007,F
2602,1,HappyBirthday,1239,730,M,1,0.863325,0.301992,11.1939,636.582,F
2602,1,Births,1316,0,M,0,0,0.00562868,0,0,F
2602,1,Births,1317,0,F,0,0,0.26542,0,0,F
2603,1,HappyBirthday,262,28835.6,F,1,0.126371,0.221762,151.002,49.7841,F
2603,1,HappyBirthday,499,10585.6,F,1,0.0692122,0.224953,12.8183,22.7663,F
2603,1,HappyBirthday,509,2920.53,F,1,0.0538512,0.0889647,433.544,39.9304,F
2603,1,HappyBirthday,1148,1460,M,1,0.0160345,0.17178,40.1878,5.89002,F
2604,1,HappyBirthday,1149,1460,M,1,0.323086,1.47703,7.45304,124.348,F
2604,1,HappyBirthday,331,10585,F,1,0.163523,0.142072,11.1797,57.4483,F
2605,1,HappyBirthday,1283,365,F,1,0.00225315,0.0363434,38.6776,0.740829,F
2605,1,HappyBirthday,495,12410.5,M,1,0.175402,0.620957,657.472,61.5422,F
2607,1,HappyBirthday,1092,1825,F,1,0.0015552,0.305415,92.3052,0.573304,F
2608,1,HappyBirthday,3,4015.15,M,1,0.00111094,0.0321093,16151,0.541493,F
2608,1,HappyBirthday,233,5110.64,M,1,0.00180193,0.211801,97.0365,0.66628,F
2609,1,HappyBirthday,141,10221,F,1,0.318412,0.325884,394.806,119.791,F
2609,1,HappyBirthday,607,15330.9,F,1,0.516374,0.368942,895.275,510.808,F
2609,1,HappyBirthday,662,11315.9,M,1,0.00537687,7.28925,55.5803,1.68625,F
2609,1,HappyBirthday,781,11315.7,M,1,0.187826,9.58674,5180.87,146.436,F
2610,1,HappyBirthday,135,15330.7,M,1,0.00548944,1.54032,232.165,1.92223,F
2611,1,HappyBirthday,284,10585.9,M,1,0.340811,0.530179,874.126,131.916,F
2611,1,HappyBirthday,296,17885.7,F,1,0.0740561,0.963649,25.2918,23.9953,F
2611,1,HappyBirthday,370,6205.35,M,1,1.30965e-05,0.195054,2.79312,0.00410443,F
2611,1,HappyBirthday,1195,1095,M,1,0.1194,1.77605,5919.7,86.5173,F
2612,1,HappyBirthday,15,33580.4,F,1,0.0144898,1.69786,472.962,12.3149,F
2612,1,HappyBirthday,1240,730,M,1,0.0118992,0.301243,19990.1,12.7468,F
2612,1,HappyBirthday,181,6570.38,F,1,0.00182102,1.98373,3.11479,0.56635,F
2612,1,HappyBirthday,984,15330.6,M,1,0.010117,3.68497,3039.1,4.03239,F
2613,1,HappyBirthday,149,21901,M,1,0.00410345,1.18336,5.46627,1.28571,F
2613,1,HappyBirthday,263,11315.2,F,1,0.0381986,0.0705133,10519.8,40.2721,F
2613,1,HappyBirthday,418,35040.7,M,1,0.18754,5.23156,1124.56,70.9282,F
2613,1,HappyBirthday,1093,1825,M,1,4.24065e-05,1.30939,16435.1,0.433228,F
2613,1,HappyBirthday,680,7300.54,F,1,0.0195641,2.0484,792.09,22.455,F
2613,1,HappyBirthday,685,14235.4,F,1,0.000181656,0.142487,52.2084,0.0648864,F
2614,1,HappyBirthday,130,18980.1,F,1,0.00810796,0.289172,350.216,2.71716,F
2614,1,HappyBirthday,580,2920.44,F,1,0.0405524,3.04547,19.009,13.209,F
2615,1,HappyBirthday,1196,1095,M,1,0.0270476,0.49408,30147.2,31.6976,F
2615,1,HappyBirthday,291,22630.1,F,1,0.064723,4.679,15.9444,22.1855,F
2615,1,HappyBirthday,346,12775.2,F,1,0.109143,0.993371,10482.6,842.835,F
2615,1,HappyBirthday,673,18980.6,M,1,0.000936972,4.10072,13475.4,0.504468,F
2615,1,HappyBirthday,778,4380.92,M,1,0.102492,1.8559,5.9873,33.9225,F
2616,1,HappyBirthday,585,14965.3,F,1,0.00230286,2.28016,47253.5,10.695,F
2617,1,HappyBirthday,429,5475.08,F,1,0.0202237,0.035161,105.534,9.33666,F
2617,1,HappyBirthday,491,23360.6,M,1,0.28865,6.48874,474.491,110.973,F
2617,1,HappyBirthday,552,8760.37,F,1,0.23294,1.66389,137.139,84.1958,F
2617,1,HappyBirthday,574,8030.83,M,1,0.169838,3.82818,6666.96,59.9436,F
2617,1,HappyBirthday,921,7665.44,M,1,0.112294,0.932241,3992.9,68.3356,F
2618,1,HappyBirthday,290,15330,M,1,0.294108,22.5713,11.2302,108.964,F
2618,1,HappyBirthday,381,9855.4,M,1,0.0298017,0.91167,326.17,9.47593,F
2618,1,HappyBirthday,609,3285.69,M,1,0.0129072,2.78257,1652.26,11.8275,F
2619,1,HappyBirthday,1284,365,M,1,0.883042,0.235569,7.54613,670.409,F
2619,1,HappyBirthday,343,8760.01,M,1,0.00174684,12.3457,14352.1,15.6334,F
2621,1,HappyBirthday,826,5840.21,M,1,0.00568827,0.350607,479.158,1.81198,F
2622,1,HappyBirthday,254,14235.3,F,1,0.00935783,1.78823,44.4219,3.11288,F
2622,1,HappyBirthday,1197,1095,M,1,0.0400412,0.0570007,18.4007,12.847,F
2622,1,Births,1318,0,M,0,0,0.0732362,0,0,F
2622,1,Births,1319,0,M,0,0,0.246216,0,0,F
2623,1,HappyBirthday,84,10950.7,F,1,4.83455e-05,0.281354,27726.8,0.307541,F
2623,1,HappyBirthday,995,11681,F,1,0.017229,32.7425,18.5259,5.79126,F
2623,1,HappyBirthday,1007,2555,F,1,0.000730172,5.0338,11.7313,0.235361,F
2624,1,HappyBirthday,137,32485.1,M,1,0.0362416,2.96168,310.316,12.4303,F
2624,1,HappyBirthday,1008,2555,M,1,0.000233839,0.0415073,105572,1.80031,F
2625,1,HappyBirthday,11,20440.9,M,1,0.0358169,0.59861,13.6646,11.9442,F
2625,1,HappyBirthday,824,7665.32,F,1,0.000839542,0.151872,19.7124,0.28705,F
2625,1,HappyBirthday,908,2920.6,M,1,0.00167948,0.0908164,1.75887,0.52253,F
2625,1,Births,1320,0,F,0,0,0.036756,0,0,F
2626,1,HappyBirthday,1242,730,F,1,0.0141053,0.372556,46.2531,5.12494,F
2626,1,HappyBirthday,1009,2555,M,1,0.516692,0.0674134,1383.25,743.643,F
2627,1,HappyBirthday,464,2920.27,F,1,0.683343,0.813015,1594.47,393.283,F
2627,1,HappyBirthday,698,8395.92,F,1,0.00623079,2.6306,52.1651,2.08384,F
2627,1,HappyBirthday,804,18615.7,F,1,0.000602471,1.97178,74147.6,1.30031,F
2627,1,HappyBirthday,859,6570.28,M,1,0.114608,0.962978,1.46568,37.8371,F
2627,1,HappyBirthday,899,8030.59,F,1,0.0619354,10.4434,105.336,23.765,F
2628,1,HappyBirthday,1095,1825,M,1,0.0581293,1.32035,58981.7,626.986,F
2628,1,HappyBirthday,1053,2190,M,1,0.169789,0.913898,162.786,100.077,F
2628,1,HappyBirthday,556,16790.8,F,1,0.00381858,2.3473,4.70922,1.1936,F
2628,1,HappyBirthday,1094,1825,M,1,0.226633,0.379911,15.3539,85.9343,F
2629,1,HappyBirthday,1243,730,F,1,0.0828036,0.0179918,14.5016,27.4095,F
2629,1,HappyBirthday,549,7300.63,F,1,0.00885522,0.604514,1891.17,3.69423,F
2629,1,HappyBirthday,1010,2555,M,1,0.321447,0.212418,1692.69,391.109,F
2630,1,HappyBirthday,44,8760.03,F,1,0.0608641,0.179947,3.78705,19.8396,F
2630,1,HappyBirthday,214,2920.43,M,1,0.812621,0.915119,110.873,536.102,F
2631,1,HappyBirthday,63,16790.8,F,1,4.90198e-05,2.61849,9099.91,0.133373,F
2631,1,HappyBirthday,470,10585.5,F,1,0.0669823,2.33646,14.9409,23.0534,F
2631,1,HappyBirthday,1198,1095,M,1,0.636393,0.208903,323.639,351.787,F
2632,1,HappyBirthday,1285,365,M,1,0.471456,0.0700568,3096.48,279.001,F
2633,1,HappyBirthday,1055,2190,F,1,0.0236767,0.46266,2390.84,26.5741,F
2633,1,HappyBirthday,711,5475.47,F,1,0.00317786,11.1263,100.296,1.12725,F
2633,1,HappyBirthday,946,17885.4,M,1,2.92879e-05,0.0430316,606.547,0.0300262,F
2633,1,HappyBirthday,948,3285.14,F,1,0.000266615,0.950663,14250.2,1.46834,F
2634,1,HappyBirthday,37,15330.9,M,1,0.00334221,0.354519,27.075,1.07197,F
2634,1,HappyBirthday,246,28105.9,M,1,0.583783,0.0398242,160.253,433.336,F
2634,1,HappyBirthday,261,3650.04,F,1,0.000193271,0.0746483,2.57203,0.0607775,F
2634,1,HappyBirthday,1096,1825,F,1,0.00505779,0.0817397,1335.33,4.67214,F
2635,1,HappyBirthday,128,9490.57,F,1,0.00293016,0.681332,4.38956,0.918989,F
2635,1,HappyBirthday,175,10220.4,F,1,0.0232989,0.135202,8787.67,18.209,F
2635,1,HappyBirthday,846,2920.63,M,1,0.00251249,0.0870621,96.0413,0.970845,F
2635,1,HappyBirthday,892,5475.17,M,1,0.0725865,0.305175,237.493,41.9572,F
2636,1,HappyBirthday,769,5110.91,M,1,0.0651035,3.11594,11.8244,21.9337,F
2636,1,Births,1321,0,F,0,0,0.0128548,0,0,F
2637,1,HappyBirthday,307,16425.7,M,1,0.221264,0.297201,0.239999,77.7425,F
2637,1,HappyBirthday,874,4015.21,M,1,0.00108908,0.303916,2.63607,0.338625,F
2637,1,HappyBirthday,919,34310.9,F,1,0.056818,0.973216,11.4911,19.0393,F
2638,1,HappyBirthday,1200,1095,F,1,0.135147,0.238133,49.1071,48.1836,F
2638,1,HappyBirthday,120,13870.2,M,1,0.00108218,0.758943,8272.64,0.66051,F
2638,1,HappyBirthday,1011,2555,M,1,0.050748,0.027057,18.1389,17.1224,F
2638,1,HappyBirthday,483,16060.5,F,1,0.0199402,0.413715,356.751,6.49134,F
2638,1,HappyBirthday,674,17885.1,M,1,0.814751,1.76581,9.85886,538.258,F
2638,1,HappyBirthday,1199,1095,F,1,0.000346349,0.391297,0,0.107585,F
2639,1,HappyBirthday,111,2920.25,F,1,0.0643251,5.25725,17.4495,22.4557,F
2639,1,HappyBirthday,384,17886,M,1,0.0480143,0.201113,149.973,17.7753,F
2639,1,HappyBirthday,1286,365,M,1,4.81509e-05,0.256568,93718.9,0.671398,F
2639,1,HappyBirthday,1151,1460,F,1,0.00111566,0.0464078,17.4206,0.373057,F
2639,1,HappyBirthday,1097,1825,F,1,0.161779,0.7943,7723.47,73.7463,F
2640,1,HappyBirthday,624,3285.44,F,1,0.0136611,0.608828,1.53809,4.30767,F
2641,1,HappyBirthday,1100,1825,M,1,0.00399691,0.214485,129.464,1.5105,F
2641,1,HappyBirthday,1012,2555,F,1,9.12146e-05,6.84171,13753.8,0.152207,F
2642,1,HappyBirthday,220,5475.83,F,1,0.339383,2.51261,400.848,318.238,F
2642,1,HappyBirthday,467,8760.67,M,1,0.109718,1.06583,1594.96,114.458,F
2642,1,HappyBirthday,766,8030.27,F,1,0.692915,1.44171,160.937,569.629,F
2642,1,HappyBirthday,835,28470.5,F,1,0.00121719,1.07152,697.468,0.738997,F
2642,1,HappyBirthday,941,3285.03,F,1,0.646171,1.27389,44.1751,340.766,F
2643,1,HappyBirthday,1201,1095,M,1,0.000505796,0.493684,37034.3,1.16248,F
2643,1,HappyBirthday,198,16425.1,F,1,0.0687186,0.706637,33.8714,25.7727,F
2643,1,HappyBirthday,865,2920.72,M,1,0.0219339,0.298914,6609.35,15.8216,F
2645,1,HappyBirthday,611,14235.5,M,1,0.0168513,0.623181,889.454,21.4188,F
2645,1,HappyBirthday,913,3650.1,M,1,0.620194,0.672855,63.1306,301.124,F
2645,1,HappyBirthday,1013,2555,F,1,0.000117139,0.303227,289.489,0.0856756,F
2645,1,Births,1322,0,F,0,0,0.0469358,0,0,F
2646,1,HappyBirthday,213,6205.46,M,1,0.120954,1.31108,149.057,41.2398,F
2646,1,Births,1323,0,M,0,0,0.020564,0,0,F
2647,1,HappyBirthday,12,13870.9,M,1,0.00744633,0.287921,510.233,3.11544,F
2647,1,HappyBirthday,414,16790,M,1,0.00211519,2.00714,35.8759,0.769217,F
2648,1,HappyBirthday,405,35405.2,F,1,0.000229278,9.31283,16085.2,0.112615,F
2649,1,HappyBirthday,406,4380.69,F,1,0.179048,0.120019,628.822,77.3324,F
2650,1,HappyBirthday,105,4380.5,F,1,0.13832,0.256028,1545.8,48.2057,F
2650,1,HappyBirthday,224,30295.7,F,1,0.296268,2.09979,132.515,127.159,F
2651,1,HappyBirthday,982,3285.03,M,1,0.100837,0.255795,109.401,37.873,F
2652,1,HappyBirthday,144,6570.74,F,1,0.242135,3.12916,57.943,92.0715,F
2652,1,HappyBirthday,159,9125.26,M,1,0.000392826,1.55598,608.139,0.439512,F
2652,1,HappyBirthday,952,5840.04,F,1,0.00422801,2.17229,19090.8,4.80285,F
2652,1,HappyBirthday,1287,365,M,1,0.238146,0.258344,44995.4,1691.58,F
2652,1,Births,1324,0,M,0,0,0.0282236,0,0,F
2653,1,HappyBirthday,19,11680.2,F,1,0.0368668,1.78598,11.7834,12.2645,F
2653,1,HappyBirthday,1152,1460,F,1,0.0309986,0.0264994,325.795,9.81916,F
2654,1,HappyBirthday,203,7665.35,M,1,0.000693885,1.41807,5.40435,0.219465,F
2654,1,HappyBirthday,863,3650.11,M,1,0.000786471,0.876243,758.38,0.963202,F
2655,1,HappyBirthday,682,4745.91,M,1,0.191291,1.73393,752.465,84.4371,F
2656,1,HappyBirthday,521,3650.98,F,1,0.0170281,0.951774,11.0347,5.33899,F
2656,1,HappyBirthday,551,14235.2,M,1,0.0197558,0.343491,66.4722,6.67767,F
2656,1,HappyBirthday,878,12775.8,F,1,0.00147937,0.758922,23852.8,0.991437,F
2657,1,HappyBirthday,184,10220.4,M,1,0.00128127,0.00882808,2.1731,0.399333,F
2657,1,HappyBirthday,482,4015.3,F,1,0.184176,1.01533,2839.96,268.389,F
2657,1,HappyBirthday,832,4380.09,F,1,0.0103851,0.988767,6.72391,3.27661,F
2657,1,HappyBirthday,1153,1460,M,0,0,0.0036884,0,0,F
2657,1,HappyBirthday,1101,1825,F,1,1.3329e-05,0.580053,38199.5,0.105712,F
2658,1,HappyBirthday,968,11315.8,F,1,0.0290147,1.21897,194.397,9.1915,F
2659,1,HappyBirthday,103,5110.22,F,1,0.0121761,0.13496,166.288,3.96739,F
2659,1,HappyBirthday,1289,365,F,1,0.0872506,1.48415,42414.8,386.065,F
2659,1,HappyBirthday,1288,365,F,1,0.000552621,0.141905,55216.2,0.748704,F
2659,1,HappyBirthday,1244,730,F,1,0.713636,1.87731,107.605,487.968,F
2660,1,HappyBirthday,613,17155.3,F,1,0.00239104,2.20619,23.0246,0.822218,F
2660,1,HappyBirthday,888,10585.1,M,1,0.66048,3.74628,866.381,392.161,F
2661,1,HappyBirthday,268,15330.3,M,1,0.252804,1.71162,1683.72,99.6907,F
2661,1,HappyBirthday,402,30295.9,M,1,0.122751,1.17386,2568.61,335.951,F
2661,1,HappyBirthday,754,25185.1,M,1,0.273276,0.0995229,7.68282,99.4514,F
2661,1,HappyBirthday,1058,2190,M,1,0.000200312,0.25799,2.91585,0.0629221,F
2661,1,HappyBirthday,979,8030.87,F,1,0.0733985,2.51737,0.0296962,23.6912,F
2662,1,HappyBirthday,185,10950.2,M,1,0.0636552,0.686688,20.9676,22.0315,F
2662,1,HappyBirthday,205,6205.07,M,1,0.000242841,0.304546,137621,2.84172,F
2662,1,HappyBirthday,223,10950.7,F,1,0.00119644,2.75955,11292.3,9.42122,F
2662,1,HappyBirthday,1102,1825,M,1,0.00062018,0.155273,0.0374517,0.192611,F
2662,1,HappyBirthday,1202,1095,M,1,0.026766,0.0695146,18834.4,154.665,F
2663,1,HappyBirthday,155,6205.48,F,1,0.706999,0.220034,25.8482,417.267,F
2664,1,HappyBirthday,1155,1460,F,1,0.0312299,10.9034,396.297,11.2466,F
2665,1,HappyBirthday,885,3650.08,M,1,0.317106,0.171298,409.086,123.773,F
2666,1,HappyBirthday,400,3285.76,M,1,0.0157584,0.432185,1947.43,5.28996,F
2666,1,HappyBirthday,472,6935,M,1,0.0182687,0.584625,20.0881,6.18175,F
2666,1,HappyBirthday,807,6570.42,F,1,0.00246117,2.38009,52.1033,0.930888,F
2666,1,HappyBirthday,1156,1460,F,1,0.047894,0.457308,8792.31,40.5058,F
2666,1,HappyBirthday,997,10585.9,M,1,0.0755308,0.09081,3.02242,24.5207,F
2666,1,Births,1325,0,F,0,0,0.245554,0,0,F
2667,1,HappyBirthday,289,18980.6,F,1,0.0345487,0.146865,345.228,10.9283,F
2667,1,HappyBirthday,395,9125.02,M,1,0.0528292,1.31267,72.059,17.4496,F
2667,1,HappyBirthday,1015,2555,F,1,0.00298812,0.777013,7730.96,1.40649,F
2668,1,HappyBirthday,1203,1095,F,1,0.208028,0.843138,5019.46,80.5668,F
2669,1,HappyBirthday,69,5110.49,M,1,0.15693,1.76346,45295.4,406.471,F
2669,1,HappyBirthday,1245,730,M,1,0.0401894,1.2706,1533.29,41.3955,F
2670,1,HappyBirthday,1016,2555,F,1,0.200677,0.0368634,9.72902,71.391,F
2670,1,HappyBirthday,719,5110.48,F,1,0.116207,10.2968,157.942,61.2377,F
2670,1,HappyBirthday,1204,1095,M,1,0.0148648,0.0949574,6.50858,4.7397,F
2670,1,HappyBirthday,1290,365,M,1,0.220267,0.0661312,39213.8,1630.84,F
2670,1,HappyBirthday,1017,2555,F,1,0.00172791,0.361867,0.291102,0.537761,F
2671,1,HappyBirthday,481,4015.15,M,1,0.0489266,0.595116,21.7015,16.0077,F
2672,1,HappyBirthday,1291,365,F,1,0.0100015,0.0351077,131.955,3.70487,F
2672,1,HappyBirthday,535,2920.33,F,1,0.1648,1.22619,100.037,61.7437,F
2672,1,HappyBirthday,727,24090.7,M,1,0.0148502,1.8954,67.1726,5.31432,F
2673,1,HappyBirthday,1104,1825,F,1,0.00425983,0.0533132,3784.46,17.4505,F
2674,1,HappyBirthday,177,3285.39,M,1,0.00294065,0.333177,0.127386,0.91518,F
2674,1,HappyBirthday,435,9125.31,M,1,0.00272807,6.2545,0.72976,0.849037,F
2675,1,HappyBirthday,1060,2190,M,1,0.00299527,0.0416953,3436.6,1.16312,F
2676,1,HappyBirthday,386,3285.28,F,1,0.601824,0.119694,199.503,288.928,F
2676,1,HappyBirthday,1246,730,M,1,0.53522,0.0250463,1429.68,478.071,F
2677,1,HappyBirthday,970,4745.23,F,1,0.00137063,0.167681,11043.8,0.614281,F
2678,1,HappyBirthday,1207,1095,F,1,0.0365874,2.20237,5649.76,90.0735,F
2678,1,HappyBirthday,281,9855.49,M,1,0.041416,0.4567,2045.56,67.2392,F
2678,1,HappyBirthday,421,19710.3,F,1,0.00743134,1.86866,34.3737,2.60314,F
2678,1,HappyBirthday,720,8760.76,F,1,0.00452834,0.0925387,172.72,2.48877,F
2678,1,HappyBirthday,819,14965.4,F,1,0.0132937,0.925132,4.09928,4.23738,F
2678,1,HappyBirthday,1206,1095,F,1,0.218023,0.0322478,2253.59,82.2714,F
2678,1,HappyBirthday,1205,1095,M,1,0.359401,0.407815,16220.1,354.965,F
2679,1,HappyBirthday,561,10950.6,F,1,0.0019584,1.38208,42.3375,0.649446,F
2679,1,HappyBirthday,753,31755.6,F,1,0.0285982,17.3806,45.8763,9.63824,F
2679,1,HappyBirthday,845,10585.3,M,1,0.0722552,0.0158715,26.0675,23.3178,F
2680,1,HappyBirthday,456,10220.3,M,1,0.270271,0.509102,712.724,347.845,F
2680,1,HappyBirthday,1247,730,M,1,0.0208418,0.450871,9.33457,6.6581,F
2680,1,HappyBirthday,1018,2555,F,1,0.000170805,3.78888,30605.9,1.22711,F
2680,1,HappyBirthday,702,16790,M,1,0.0499263,0.133111,41.3955,16.7235,F
2680,1,HappyBirthday,882,4015.84,F,1,0.0319076,1.35524,38484.7,41.2403,F
2681,1,HappyBirthday,188,4380.92,M,1,0.00957477,0.365061,9.2809,3.1064,F
2681,1,HappyBirthday,1105,1825,F,1,0.00813633,0.371403,0.204599,2.54069,F
2682,1,HappyBirthday,218,13505.8,F,1,0.000272325,1.9559,172010,2.58072,F
2682,1,HappyBirthday,397,5110.73,M,1,0.00560133,2.2254,259.916,3.45692,F
2682,1,HappyBirthday,816,27740.4,M,1,0.120017,0.718109,3142.94,43.1193,F
2682,1,Births,1326,0,M,0,0,0.862828,0,0,F
2682,1,Births,1327,0,M,0,0,0.152432,0,0,F
2683,1,HappyBirthday,52,6935.83,F,1,0.000569477,0.207153,0.372928,0.177218,F
2683,1,HappyBirthday,1061,2190,M,1,0.0400326,0.265776,3375.18,128.163,F
2684,1,HappyBirthday,1248,730,M,1,0.0944309,0.0242892,41.7662,33.1954,F
2684,1,HappyBirthday,708,29565.5,F,1,0.00234382,110.019,29.763,0.826904,F
2684,1,HappyBirthday,728,10950.5,M,1,0.478835,0.128637,20413.2,408.584,F
2686,1,HappyBirthday,243,8760.63,M,1,0.0197279,0.749853,1635.02,6.19178,F
2686,1,HappyBirthday,318,8030.92,F,1,0.00128007,14.8016,32599.8,9.33261,F
2686,1,HappyBirthday,1292,365,M,1,0.155064,0.0214162,7630.08,974.443,F
2686,1,HappyBirthday,635,17155.2,F,1,0.65048,1.10689,15615.4,567.703,F
2686,1,HappyBirthday,910,8395.75,M,1,0.0112386,0.57855,6.87087,3.51355,F
2686,1,HappyBirthday,988,3285.7,M,1,0.00120623,1.16828,0.03494,0.375129,F
2687,1,HappyBirthday,773,5110.75,F,1,0.0397048,0.460409,75.0406,13.5814,F
2688,1,HappyBirthday,1106,1825,F,1,0.172302,0.316121,1632.18,91.4128,F
2688,1,HappyBirthday,645,6205.81,M,1,0.0582265,1.17149,1920.66,18.7691,F
2689,1,HappyBirthday,319,8760.07,F,1,0.356358,1.75531,385.748,138.018,F
2690,1,HappyBirthday,70,4745.01,M,1,3.78976e-05,0.325332,166665,0.353881,F
2691,1,HappyBirthday,14,5475.56,M,1,0.00472202,0.0906474,9.09592,1.48631,F
2691,1,HappyBirthday,357,10220.8,M,1,0.128123,0.0387682,27.1043,44.1928,F
2692,1,HappyBirthday,502,8030.58,M,1,0.000887153,0.201585,316.242,0.334763,F
2693,1,HappyBirthday,165,7300.93,M,1,0.00540615,0.493407,373.767,2.60835,F
2693,1,HappyBirthday,356,7300.58,M,1,0.00358943,0.316009,71.2205,1.23565,F
2693,1,HappyBirthday,572,26280.5,M,1,0.00145931,0.0628722,1446.07,2.69677,F
2693,1,HappyBirthday,909,12775.3,M,1,0.0139272,1.29619,11002.2,7.15199,F
2693,1,HappyBirthday,943,5110.56,M,1,0.0727359,5.43996,2.12408,23.4934,F
2694,1,HappyBirthday,654,6205.43,M,1,0.0028718,0.354862,1557.4,1.13885,F
2696,1,HappyBirthday,706,6205.88,M,1,0.025473,0.312922,11.6365,8.16731,F
2696,1,HappyBirthday,994,19710.7,F,1,0.00523617,0.490285,10.601,1.70914,F
2696,1,Births,1328,0,M,0,0,0.0179724,0,0,F
2697,1,HappyBirthday,1157,1460,F,1,0.186508,0.0347086,265.731,64.1929,F
2697,1,HappyBirthday,147,4745.23,F,1,0.00930182,0.041287,61.6542,3.23189,F
2697,1,HappyBirthday,265,2920.32,M,1,0.0079769,0.0396823,19.4358,2.49298,F
2697,1,HappyBirthday,590,22631,F,1,0.0710184,0.87857,85.3869,31.9084,F
2698,1,HappyBirthday,85,8760.89,M,1,1.25318e-05,0.910757,11796.5,0.0333546,F
2698,1,HappyBirthday,777,8395.46,M,1,0.00250682,2.2549,43.1961,0.837833,F
2699,1,HappyBirthday,71,5475.39,F,1,0.0030042,0.119844,4004.12,1.14609,F
2699,1,HappyBirthday,176,27010.1,F,1,0.793301,0.0803835,7.06299,494.634,F
2699,1,HappyBirthday,249,6935.67,F,1,0.283796,9.54403,2841.32,446.654,F
2699,1,HappyBirthday,643,2920.22,F,1,0.00453553,0.0831103,961.628,5.80067,F
2700,1,HappyBirthday,782,14965,M,1,0.00012927,0.576749,16694.2,0.185797,F
2701,1,HappyBirthday,97,12775.8,M,1,0.0196497,3.00047,17.215,6.7028,F
2701,1,HappyBirthday,439,4745.32,M,1,0.0053231,0.365365,760.083,6.00566,F
2701,1,HappyBirthday,767,8030.99,F,1,0.00506382,0.00675444,359.185,1.57786,F
2702,1,HappyBirthday,344,10220.3,M,1,0.132984,0.60287,14.4514,44.5146,F
2702,1,HappyBirthday,705,35405.8,F,1,0.132752,1.32449,1520.78,48.4431,F
2703,1,HappyBirthday,228,2920.5,M,1,0.000965989,0.582683,10.0782,0.304953,F
2703,1,HappyBirthday,236,4015.08,F,1,0.0019457,7.02369,0.0101784,0.605077,F
2703,1,HappyBirthday,1158,1460,M,1,0.00480701,1.00164,40907.8,41.7312,F
2704,1,HappyBirthday,1022,2555,F,1,4.59483e-05,0.581041,4337.97,0.194947,F
2704,1,HappyBirthday,695,7665.37,F,1,0.173857,0.541831,2.94812,59.6592,F
2704,1,HappyBirthday,1063,2190,M,1,0.00237576,0.196792,1.20153,0.742467,F
2704,1,HappyBirthday,789,27740.5,M,1,0.00184363,0.455481,25.3497,0.645816,F
2704,1,HappyBirthday,1208,1095,M,1,0.327824,0.178226,2855.7,129.845,F
2705,1,HappyBirthday,409,28105.2,F,1,0.000331694,19.6813,17610.4,1.58757,F
2705,1,HappyBirthday,621,6570.3,F,1,0.0206113,0.3253,39.2527,6.79709,F
2706,1,HappyBirthday,1209,1095,M,1,0,0.00686153,486.831,0,F
2706,1,HappyBirthday,942,10220.2,F,1,0.494195,0.724599,98.0279,288.584,F
2707,1,HappyBirthday,772,7300.29,F,1,0.601803,0.0165971,0.27823,286.399,F
2708,1,HappyBirthday,215,20075.9,F,1,0.0803275,0.305141,545.255,44.9114,F
2708,1,HappyBirthday,235,18615.8,F,1,0.260547,7.71508,1254.42,126.849,F
2708,1,HappyBirthday,833,6935.44,M,1,0.0385726,2.97335,7.15296,12.6672,F
2708,1,HappyBirthday,856,8030.53,F,1,0.0612213,1.46781,678.388,34.1762,F
2709,1,HappyBirthday,145,14965.7,F,1,0.000182058,3.38762,52.689,0.0617446,F
2709,1,HappyBirthday,240,4745.94,F,1,0.685251,1.31547,58.7227,435.433,F
2709,1,HappyBirthday,1249,730,M,0,0,0.00295159,0,0,F
2710,1,HappyBirthday,555,3285.96,F,1,0.559742,0.103204,0.401047,255.048,F
2710,1,HappyBirthday,646,14965.5,M,1,0.272589,5.29259,1353.12,481.954,F
2711,1,HappyBirthday,668,4380.7,M,1,0.000238586,0.721941,13721.6,0.978235,F
2711,1,Births,1329,0,M,0,0,0.111571,0,0,F
2712,1,HappyBirthday,415,35040.8,M,1,0.0221102,0.834593,18.3547,7.06009,F
2712,1,HappyBirthday,538,11315.9,F,1,0.0016772,0.827609,168666,15.5499,F
2713,1,HappyBirthday,393,6205.92,F,1,5.04623e-05,2.91898,4351.3,0.187174,F
2714,1,HappyBirthday,101,8760.51,M,1,0.0243125,0.353065,10340,50.9146,F
2714,1,HappyBirthday,136,17520.5,M,1,0.385143,0.707246,1298.21,154.897,F
2714,1,HappyBirthday,1064,2190,F,1,0.00507608,0.115797,18777.4,5.13717,F
2715,1,HappyBirthday,494,10585.1,F,1,0.163355,1.89712,776.346,55.7892,F
2716,1,HappyBirthday,1159,1460,M,1,0.0478029,3.92076,2.2618,15.2259,F
2716,1,HappyBirthday,108,15330.1,F,1,0.000133519,0.109953,73.3757,0.0466964,F
2716,1,HappyBirthday,1250,730,F,1,0.313804,0.0596301,4.29881,117.352,F
2716,1,HappyBirthday,1210,1095,F,1,0.182278,0.189517,65973.5,988.178,F
2716,1,HappyBirthday,1065,2190,M,1,0.00293295,11.8843,4.21457,0.915033,F
2717,1,HappyBirthday,88,5110.1,M,1,0.000555855,1.0693,21.2451,0.179164,F
2718,1,HappyBirthday,31,8760.14,F,1,0.216976,0.340462,19.136,78.4029,F
2718,1,HappyBirthday,364,10220.2,F,1,0.0333867,1.6605,121.279,10.5538,F
2718,1,HappyBirthday,478,4015.04,F,1,0.000226954,0.983655,27.6177,0.07327,F
2718,1,HappyBirthday,675,13505.9,M,1,0.140738,7.92757,195.203,60.0025,F
2718,1,HappyBirthday,722,18250.2,M,1,0.127428,0.738232,57.0222,50.7842,F
2718,1,HappyBirthday,1293,365,M,1,0.00548389,0.254192,30.1288,1.91218,F
2719,1,HappyBirthday,725,16790.5,M,1,0.0223089,0.0686243,23.3347,7.13694,F
2719,1,Births,1330,0,F,0,0,0.0538779,0,0,F
2719,1,Births,1331,0,F,0,0,0.0722284,0,0,F
2720,1,HappyBirthday,86,8760.97,F,1,0.00406716,13.5027,5.04842,1.2918,F
2720,1,HappyBirthday,167,9125.1,F,1,0.562413,1.24277,676.005,455.649,F
2721,1,HappyBirthday,1023,2555,M,1,0.525673,0.0221096,5.51963,237.267,F
2721,1,HappyBirthday,923,12775.6,F,1,0.198046,0.130614,1541.15,475.245,F
2722,1,HappyBirthday,257,14235.3,M,1,0.113284,4.63438,5233.59,101.67,F
2722,1,HappyBirthday,978,31755.8,F,1,0.000367564,0.532768,138.29,0.133487,F
2722,1,Births,1332,0,M,0,0,0.0749294,0,0,F
2723,1,Births,1333,0,M,0,0,0.0538044,0,0,F
2724,1,HappyBirthday,350,30295.5,F,1,0.0455152,2.66066,9746.66,129.476,F
2725,1,HappyBirthday,49,16060.4,M,1,0.268773,0.774075,1092.69,391.752,F
2725,1,HappyBirthday,253,14235.6,M,1,0.0267117,0.704148,3.33153,8.5547,F
2725,1,HappyBirthday,889,4745.28,F,1,0.0134448,1.03932,10.4615,4.21681,F
2725,1,HappyBirthday,957,7665.1,F,1,0.0525528,3.85536,8169.11,76.1313,F
2726,1,HappyBirthday,74,7300.87,M,1,0.0063657,1.13018,469.384,2.01569,F
2726,1,HappyBirthday,269,13505.4,M,1,0.381299,0.262737,2621.89,553.345,F
2726,1,HappyBirthday,901,3285.24,F,1,0.123775,0.452105,11415.2,69.7555,F
2727,1,HappyBirthday,1108,1825,M,1,0.0274273,0.0260297,12.5597,9.08368,F
2727,1,HappyBirthday,931,4380.57,F,1,0.028363,0.518991,483.302,10.6634,F
2728,1,HappyBirthday,72,9855.29,M,1,0.0272406,0.462927,1529.06,26.0766,F
2728,1,HappyBirthday,447,7665.75,M,1,0.000296976,1.37453,110.007,0.115786,F
2728,1,HappyBirthday,693,8395.74,F,1,0.00310519,5.53758,26.1389,0.983326,F
2729,1,HappyBirthday,380,18250.9,F,1,0.00838419,2.19233,1001.81,8.07473,F
2729,1,HappyBirthday,1160,1460,F,1,7.223e-05,2.54958,25307.8,0.669688,F
2729,1,HappyBirthday,752,5840.04,M,1,0.00312934,11.2182,33.5434,1.03029,F
2730,1,HappyBirthday,162,11315.8,F,1,0.0481858,4.19365,10.466,15.5962,F
2730,1,HappyBirthday,190,10585.6,M,1,0.555027,1.5397,263.352,332.722,F
2730,1,HappyBirthday,255,2920.45,M,1,0.0468651,0.301266,641.864,16.7515,F
2730,1,HappyBirthday,352,21901,F,1,0.000389492,0.130015,996.665,0.305616,F
2730,1,HappyBirthday,898,7665.23,F,1,0.000970799,6.08606,9.90757,0.304474,F
2731,1,HappyBirthday,276,4380.23,M,1,0.521092,1.61136,1224.6,256.662,F
2731,1,HappyBirthday,468,16060.1,M,1,0.00379893,0.704885,70.5002,1.31604,F
2731,1,HappyBirthday,469,3650.78,F,1,0.000748866,0.899715,5.91376,0.233844,F
2731,1,HappyBirthday,520,5475.59,F,1,0.000865198,0.800166,32.7844,0.287965,F
2731,1,HappyBirthday,734,4015.02,F,1,0.0780436,0.616546,1151.45,25.3089,F
2732,1,HappyBirthday,79,14235.7,M,1,0.00871289,0.681678,10548.1,15.3811,F
2732,1,HappyBirthday,1211,1095,F,1,0.0735812,0.983707,461.286,50.0107,F
2733,1,Births,1334,0,M,0,0,0.133806,0,0,F
2734,1,HappyBirthday,333,5840.62,M,1,0.0194422,3.13523,1097.29,28.7354,F
2734,1,HappyBirthday,407,5110.06,M,1,0.0307104,0.123522,41.249,11.6413,F
2734,1,Births,1335,0,F,0,0,0.0354352,0,0,F
2735,1,HappyBirthday,1161,1460,F,1,0.560627,0.0518333,22647.2,759.074,F
2735,1,HappyBirthday,1109,1825,M,1,0.000166917,0.0942598,3127.33,0.616474,F
2735,1,HappyBirthday,377,13505.8,M,1,0.00649724,3.53814,10.4728,2.03126,F
2735,1,HappyBirthday,1162,1460,M,1,0.69026,2.28511,3257.78,672.831,F
2736,1,HappyBirthday,332,25915.9,F,1,0.101417,0.274932,1.2786,33.2496,F
2736,1,HappyBirthday,683,13140.9,F,1,0.0414386,1.28204,621.214,15.0453,F
2737,1,HappyBirthday,96,5475.9,M,1,0.00222164,2.21775,56.2722,0.817574,F
2737,1,HappyBirthday,503,13870.9,M,1,0.0143003,1.33723,538.969,9.27229,F
2737,1,HappyBirthday,936,15330.7,M,1,0.142931,0.791275,192.15,86.7875,F
2737,1,HappyBirthday,959,3285.56,F,1,0.000373982,0.110195,1644.34,0.196247,F
2737,1,Births,1336,0,M,0,0,5.53657,0,0,F
2738,1,HappyBirthday,46,27010.9,M,1,0.0188007,0.114623,11.666,6.01237,F
2738,1,HappyBirthday,208,5475.03,M,1,0.170891,0.976514,1762.82,63.7606,F
2738,1,HappyBirthday,701,4745.39,F,1,0.0668403,0.310585,3.95979,21.6252,F
2739,1,HappyBirthday,174,23726,F,1,0.17419,0.494295,259.784,124.919,F
2739,1,HappyBirthday,1252,730,M,1,0.0829535,0.826441,784.722,37.0475,F
2739,1,HappyBirthday,1294,365,M,1,0.0026754,0.389605,8.29561,0.859826,F
2739,1,HappyBirthday,730,11680.3,F,1,0.00042969,0.504143,3.20378,0.135161,F
2739,1,HappyBirthday,785,5475.48,M,1,0.000317813,1.74765,6.86702,0.0997303,F
2739,1,HappyBirthday,829,25915,M,1,0.00294398,7.41718,2.23471,0.927004,F
2740,1,HappyBirthday,39,5110.99,M,1,0.0664474,0.23117,1140.28,53.9772,F
2740,1,HappyBirthday,449,12410,F,1,2.39408e-05,7.30174,204906,0.242535,F
2740,1,HappyBirthday,490,12046,M,1,0.0171067,4.98162,24.1989,5.89236,F
2740,1,HappyBirthday,736,11680,F,1,0.091749,0.407036,39.0889,34.3029,F
2740,1,HappyBirthday,1212,1095,M,1,0.0906593,2.58875,4363.66,215.66,F
2741,1,HappyBirthday,1110,1825,F,1,3.28395e-05,1.05796,191521,0.321151,F
2741,1,HappyBirthday,271,29565.4,M,1,0.290238,0.077087,265.289,204.329,F
2741,1,HappyBirthday,1163,1460,F,1,0.00195025,0.194879,110.189,0.69187,F
2741,1,HappyBirthday,893,16425.1,M,1,7.27465e-05,0.0398315,9652.66,0.208502,F
2742,1,HappyBirthday,35,17885.7,F,1,0.0186225,1.3498,898.186,19.2411,F
2742,1,HappyBirthday,1111,1825,M,1,0.21031,0.252016,3568.95,74.4037,F
2742,1,HappyBirthday,926,8395.13,F,1,0.0348919,0.540399,7106.17,12.9479,F
2742,1,Births,1337,0,F,0,0,0.0383514,0,0,F
2743,1,HappyBirthday,142,6570.26,F,1,0.000882783,4.13499,2.11284,0.275412,F
2743,1,HappyBirthday,341,27740.5,M,1,0.181248,0.381723,146.645,65.1372,F
2743,1,HappyBirthday,873,24090.2,M,1,0.0110601,4.48123,96.5664,4.02799,F
2744,1,HappyBirthday,511,9855.4,M,1,0.115988,0.155894,1604.51,54.2661,F
2744,1,HappyBirthday,677,4015.03,M,1,0.0334356,0.069859,61.6926,12.391,F
2744,1,HappyBirthday,1164,1460,F,1,0.0198168,0.0435262,21.3406,6.24689,F
2745,1,HappyBirthday,65,9490.1,F,1,0.544468,2.77977,853.759,500.168,F
2745,1,HappyBirthday,66,2920.75,M,1,0.00313435,0.307159,0.171122,0.975942,F
2746,1,HappyBirthday,517,14965.8,F,1,0.00330595,2.33107,38.5779,1.19894,F
2746,1,HappyBirthday,703,6570.76,F,1,0.00568342,0.338419,857.523,3.86856,F
2747,1,HappyBirthday,17,4015.94,M,1,0.000645249,0.394638,831.819,0.464132,F
2748,1,HappyBirthday,821,21535.9,F,1,0.00594311,2.62627,2.42557,1.86035,F
2749,1,HappyBirthday,1165,1460,M,1,0.00598144,0.06706,107091,44.6159,F
2749,1,HappyBirthday,532,10585.4,M,1,0.683443,0.358824,12475,487.076,F
2749,1,HappyBirthday,790,20805.8,F,1,0.0223555,0.376258,3.57564,7.0347,F
2749,1,HappyBirthday,1026,2555,F,1,0.00432878,8.25424,32.0457,1.40006,F
2750,1,HappyBirthday,304,4015.03,F,1,0.00146132,6.3105,188.974,0.693058,F
2750,1,HappyBirthday,1112,1825,F,1,0.129515,1.59758,44.0217,45.552,F
2750,1,HappyBirthday,817,13870.6,M,1,0.013382,0.561276,6.38029,4.26712,F
2751,1,HappyBirthday,1295,365,F,1,0.143651,0.418467,63075.9,847.701,F
2751,1,HappyBirthday,940,21900.5,M,1,0.0017035,4.56903,0.176478,0.529958,F
2752,1,HappyBirthday,200,2920.68,M,1,0.0447452,1.2094,18.987,14.2332,F
2752,1,HappyBirthday,363,34310.1,M,1,0.0171511,4.04582,194.201,5.61545,F
2752,1,HappyBirthday,884,16426,M,1,0.00151136,2.42282,37.0716,0.534983,F
2752,1,Births,1338,0,M,0,0,0.188003,0,0,F
2753,1,HappyBirthday,504,12045.9,F,1,0.101458,0.299399,0.200172,33.2537,F
2754,1,HappyBirthday,581,11315.5,F,1,0.000932417,1.9329,53732.8,1.64303,F
2755,1,HappyBirthday,1066,2190,M,1,0.00300268,0.568571,12.1986,0.978944,F
2755,1,HappyBirthday,1027,2555,F,1,0.181723,1.20019,415.838,65.3958,F
2756,1,HappyBirthday,61,10220.7,M,1,0.0181725,0.611052,5.46819,5.72238,F
2756,1,HappyBirthday,81,18250.5,M,1,0.00181679,0.43479,9747.16,0.798736,F
2756,1,HappyBirthday,614,12045.3,F,1,0.172105,4.88314,7889.37,285.393,F
2756,1,HappyBirthday,820,10585.3,M,1,0.0988793,0.863655,8.65347,33.5085,F
2756,1,HappyBirthday,1296,365,F,1,0.00172348,0.208805,1.263,0.538639,F
2757,1,HappyBirthday,143,6935.76,F,1,0.000632637,10.4755,8175.74,0.751397,F
2757,1,HappyBirthday,937,8760.81,M,1,0.096182,4.44991,1729,46.4688,F
2758,1,HappyBirthday,398,12775.8,M,1,0.00545787,1.70735,275.661,3.43085,F
2758,1,HappyBirthday,669,5840.55,M,1,0.00158369,2.86525,9909.59,8.09589,F
2759,1,HappyBirthday,32,3285.72,F,1,0.000191306,0.227216,52.72,0.06388,F
2759,1,HappyBirthday,1068,2190,M,1,0.529851,0.0283794,139.52,263.867,F
2759,1,HappyBirthday,301,4015.19,M,1,0.0153249,5.73553,705.132,13.9458,F
2759,1,HappyBirthday,531,11315.7,M,1,0.045232,0.161324,16.0112,15.5485,F
2759,1,HappyBirthday,542,17885.7,M,1,0.0165673,0.812329,16.0399,5.55814,F
2759,1,HappyBirthday,588,5475.94,M,1,0.723961,0.240537,9565.43,1152.36,F
2760,1,HappyBirthday,1114,1825,F,1,0.000881224,0.0187216,10.6144,0.278969,F
2760,1,HappyBirthday,115,2920.77,F,1,0.0676537,0.466064,323.683,47.117,F
2760,1,HappyBirthday,1253,730,M,1,4.79341e-05,0.946308,62117.8,0.232893,F
2760,1,HappyBirthday,308,3650.27,M,1,0.0155229,0.553928,0.0165332,4.86223,F
2761,1,HappyBirthday,87,8030.79,M,1,0.0131039,0.184205,2205.4,4.38038,F
2761,1,HappyBirthday,221,18980.1,M,1,0,0.433033,0,0,F
2761,1,HappyBirthday,644,12045.2,F,1,0.599994,0.277772,1437.75,366.96,F
2761,1,HappyBirthday,1069,2190,M,1,0.0839362,0.0311381,8650.67,290.565,F
2762,1,HappyBirthday,1028,2555,F,1,0.0793463,5.26646,5869.18,431.719,F
2762,1,HappyBirthday,1029,2555,F,1,0.0260367,1.16805,99.0554,9.26134,F
2762,1,HappyBirthday,1115,1825,F,1,0.000719476,7.59525,1316.5,0.612487,F
2762,1,HappyBirthday,895,10220.6,F,1,0.0682143,0.339559,20.2296,22.7178,F
2763,1,HappyBirthday,761,10220.7,M,1,5.80007e-05,1.94016,10399.3,0.211841,F
2764,1,HappyBirthday,287,9490.89,F,1,0.172494,2.37228,11935.3,372.906,F
2764,1,HappyBirthday,1070,2190,F,1,0.000156644,0.00871399,32.6986,0.0509045,F
2764,1,HappyBirthday,1297,365,M,1,0.451957,0.184873,5841.63,680.763,F
2764,1,HappyBirthday,633,11680.4,M,1,0.00263803,11.0677,2.39389,0.821649,F
2765,1,HappyBirthday,1254,730,M,1,0.948817,0.140709,157.698,940.666,F
2766,1,HappyBirthday,875,10220.6,F,1,0.000702362,20.1623,2469.06,0.661884,F
2767,1,HappyBirthday,314,23360.6,F,1,0.0282719,0.366133,0.904589,8.93283,F
2768,1,HappyBirthday,306,3285.97,M,1,0.00173474,0.498941,21.128,0.588854,F
2769,1,HappyBirthday,793,9125.17,F,1,0.0407961,1.28998,60.7975,13.0053,F
2769,1,HappyBirthday,1256,730,F,1,0.0019423,0.449934,985.479,1.43156,F
2770,1,HappyBirthday,22,10950.1,M,1,0.00253522,0.900144,0.601153,0.791181,F
2771,1,HappyBirthday,189,8760.98,M,1,6.14001e-05,0.421146,20112,0.361645,F
2771,1,HappyBirthday,197,10950.5,M,1,0.00260098,1.83074,50.7422,0.824989,F
2771,1,HappyBirthday,222,12045.2,M,1,0.0348392,0.651067,15723.2,23.2075,F
2771,1,HappyBirthday,342,3285.12,F,1,0.219195,0.484123,138.257,98.9547,F
2772,1,HappyBirthday,156,4745.59,F,1,5.52302e-06,0.105909,4.26149,0.00175312,F
2772,1,HappyBirthday,1116,1825,M,1,0.00187615,1.54306,86159.9,14.6596,F
2772,1,HappyBirthday,1117,1825,M,1,0.0116306,0.305663,4462.89,48.8866,F
2773,1,HappyBirthday,1118,1825,M,1,0.34216,0.124717,15868.6,550.094,F
2773,1,HappyBirthday,1031,2555,M,1,0.00155765,0.216956,26.7309,0.510121,F
2774,1,HappyBirthday,94,4745.6,M,1,0.0460986,1.16527,8.69585,15.0801,F
2774,1,HappyBirthday,237,4015.12,M,1,0.000179838,0.00577172,0.0491582,0.0558989,F
2774,1,HappyBirthday,305,14235.9,M,1,0.146999,4.86805,374.125,50.5221,F
2774,1,HappyBirthday,631,14600.4,F,1,0.00110454,8.6446,1.32683,0.344454,F
2774,1,HappyBirthday,747,6570.18,M,1,0.00200946,0.957409,47.6084,0.656897,F
2775,1,HappyBirthday,748,10220.6,F,1,0.0166942,4.24522,43.9091,5.51793,F
2775,1,HappyBirthday,1071,2190,M,1,0.235293,3.3244,1964.08,98.1454,F
2775,1,Births,1339,0,F,0,0,0.0423492,0,0,F
2776,1,HappyBirthday,95,3285.25,F,1,0.0708966,0.588331,21.0153,24.9698,F
2776,1,HappyBirthday,403,2920.87,F,1,0.03474,0.101366,2.56937,10.9899,F
2776,1,HappyBirthday,776,4015.6,F,1,0.00288679,0.163681,8.73327,0.912529,F
2776,1,HappyBirthday,843,13140.5,M,1,0.268539,0.849972,66.4873,113.297,F
2776,1,Births,1340,0,F,0,0,0.265015,0,0,F
2778,1,HappyBirthday,76,22995,M,1,0.0290154,0.320753,67.0787,9.25654,F
2778,1,HappyBirthday,1166,1460,F,1,0.00190564,0.185004,4482.4,5.92808,F
2778,1,HappyBirthday,618,8760.68,M,1,8.24287e-05,0.0901547,6.78689,0.0263266,F
2778,1,HappyBirthday,1214,1095,F,1,0.00210026,0.314903,1.39173,0.654972,F
2778,1,HappyBirthday,1167,1460,F,1,0.000691093,0.257882,1.51764,0.216067,F
2779,1,HappyBirthday,258,24455.9,M,1,0.0151295,2.19336,3972.67,23.8571,F
2779,1,HappyBirthday,1072,2190,M,1,0.141769,2.32437,20.475,47.9385,F
2780,1,HappyBirthday,1215,1095,F,1,5.02475e-05,0.0379066,27094,0.226171,F
2780,1,HappyBirthday,721,21535.5,M,1,0.00248052,4.51434,193.328,1.50934,F
2780,1,HappyBirthday,920,3650.1,M,1,0.000674053,2.91166,1163.3,0.458911,F
2781,1,HappyBirthday,1032,2555,F,1,0.0122603,0.3024,1287.37,4.78071,F
2781,1,HappyBirthday,814,28470.1,M,1,0.00564053,1.22348,17.1934,1.86704,F
2782,1,HappyBirthday,881,5475.01,M,1,0.000135697,72.0438,75770,0.296428,F
2782,1,HappyBirthday,1257,730,F,1,0.0398295,0.734021,2525.92,13.731,F
2783,1,HappyBirthday,484,16425.4,F,1,0.0540661,0.661385,84.7124,18.7417,F
2783,1,HappyBirthday,1033,2555,M,1,0.092915,0.476799,0.513763,30.309,F
2784,1,HappyBirthday,1258,730,F,1,0.0676547,0.0551421,40.4573,26.177,F
2784,1,HappyBirthday,1298,365,M,1,0.00788776,0.139903,164594,79.3822,F
2784,1,HappyBirthday,1259,730,F,1,0.264454,6.85247,5388.02,179.315,F
2785,1,HappyBirthday,75,9490.32,F,1,0.000211935,0.364016,51098.1,0.526149,F
2785,1,HappyBirthday,454,20075.1,F,1,0.0290647,1.34318,105.552,10.5821,F
2785,1,HappyBirthday,810,12410.2,M,1,0.00421749,2.60753,15.2018,1.33694,F
2785,1,HappyBirthday,850,5475.21,F,1,0.00947509,1.75739,21.7928,3.27438,F
2785,1,HappyBirthday,986,5110.5,M,1,0.0690997,0.0953754,17787.7,109.125,F
2786,1,HappyBirthday,1299,365,M,1,0.396834,2.57558,2595.16,686.359,F
2786,1,HappyBirthday,1119,1825,F,1,0.235755,0.039401,5276.83,119.24,F
2786,1,HappyBirthday,408,7300.22,M,1,0.0462295,8.59511,21.2292,15.0581,F
2787,1,HappyBirthday,57,14600.1,F,1,0.00975512,0.329428,44.6089,3.51152,F
2787,1,HappyBirthday,462,15330.2,M,1,0.0128698,2.70785,485.232,7.24758,F
2787,1,HappyBirthday,918,23360.2,M,1,0.00146087,0.0261317,46.3438,0.545199,F
2788,1,HappyBirthday,10,8760.79,F,1,0.208583,1.64404,12.508,76.0907,F
2788,1,HappyBirthday,212,9855.82,M,1,0.565974,0.378793,366.705,392.894,F
2788,1,HappyBirthday,1300,365,M,1,0.0100597,0.0938016,163446,95.103,F
2788,1,HappyBirthday,1073,2190,M,1,0.000120086,0.118704,64798.3,0.379428,F
2789,1,HappyBirthday,453,9125.8,M,1,0.00383732,3.09361,7298.39,22.3485,F
2790,1,HappyBirthday,126,6570.74,M,1,0.0115158,0.15159,15576.1,9.94339,F
2790,1,HappyBirthday,1260,730,F,1,0.03185,0.0335553,5.53082,10.1546,F
2790,1,HappyBirthday,378,15330.8,F,1,0.0221171,5.05049,0.0280954,6.95084,F
2790,1,HappyBirthday,496,6570.51,M,1,0.0935014,4.8858,6412.28,30.753,F
2790,1,HappyBirthday,636,12410.3,M,1,0.0838471,6.70522,66.8678,29.6521,F
2790,1,Births,1341,0,M,0,0,0.146751,0,0,F
2791,1,HappyBirthday,667,6935.82,M,1,0.0129062,3.57558,209.164,5.43511,F
2791,1,HappyBirthday,696,9125.19,M,1,0.127202,10.8745,0.06057,42.2869,F
2791,1,Births,1342,0,F,0,0,0.0583951,0,0,F
2792,1,HappyBirthday,665,6205.09,F,1,0.0623483,0.360776,345.873,20.0491,F
2792,1,HappyBirthday,688,5840.54,M,1,0.000588055,0.91229,22.4171,0.191724,F
2793,1,HappyBirthday,170,14235.7,M,1,0.1131,3.55199,1610.5,60.7642,F
2793,1,HappyBirthday,616,3650.11,F,1,0.033116,0.391575,1826.91,70.0051,F
2794,1,HappyBirthday,110,2920.13,F,1,0.00118255,0.0318154,1380.47,0.546792,F
2795,1,HappyBirthday,501,18250.4,F,1,0.0229538,1.40974,627.896,7.36509,F
2796,1,HappyBirthday,519,6935.7,F,1,0.00171014,0.335281,2269.2,4.45486,F
2796,1,HappyBirthday,700,18251,F,1,0.0190525,3.09585,0.510732,5.98711,F
2796,1,HappyBirthday,927,18980.7,M,1,0.0877605,1.14774,1043.41,42.0494,F
2797,1,HappyBirthday,83,3285.19,F,1,0.0755797,0.104276,14.6349,26.2198,F
2797,1,HappyBirthday,310,8030.84,F,1,0.0305463,0.293227,2643.41,50.4868,F
2797,1,HappyBirthday,1301,365,F,1,0.270848,0.0556706,19589.8,1703.03,F
2797,1,HappyBirthday,379,14235.8,F,1,0.00398965,0.439159,0.443578,1.24481,F
2797,1,HappyBirthday,1216,1095,M,1,0.00218768,0.135234,25255.9,25.007,F
2797,1,HappyBirthday,1034,2555,M,1,0.151732,0.233621,453.171,57.0049,F
2798,1,HappyBirthday,25,2920.06,M,1,0.181083,0.229633,56861.1,623.135,F
2798,1,HappyBirthday,991,17520.8,M,1,0.0230339,1.761,26.8976,8.1315,F
2799,1,HappyBirthday,883,9490.63,F,1,5.35401e-05,0.200242,328.878,0.0392276,F
2800,1,HappyBirthday,1261,730,M,1,0.000219524,0.0867721,10963.7,0.0959475,F
2800,1,HappyBirthday,396,6205.19,F,1,0.0106487,0.582245,15.9243,3.33915,F
2800,1,HappyBirthday,1121,1825,F,1,0.0156434,1.50409,52421.9,26.2664,F
2801,1,HappyBirthday,196,6570.87,M,1,0,6.95688,203.195,0,F
2801,1,HappyBirthday,1122,1825,M,1,0.0407435,0.7316,29593.2,34.8106,F
2801,1,HappyBirthday,1262,730,F,1,0.0119175,0.48362,82.8404,4.07796,F
2801,1,HappyBirthday,471,9125.43,M,1,0.00806139,0.629738,338.262,2.54975,F
2803,1,HappyBirthday,226,16790.5,F,1,0.00137624,9.50012,21687.7,1.47632,F
2803,1,HappyBirthday,323,4745.32,M,1,0.378911,0.622632,15491.5,1032.28,F
2804,1,HappyBirthday,160,7665.22,M,1,0.205623,2.68238,16.0327,74.7462,F
2804,1,HappyBirthday,294,4015.07,M,1,0.215525,0.326066,2366.04,80.7854,F
2804,1,HappyBirthday,637,6935.71,M,1,0.0058574,0.404873,1902.3,2.8329,F
2805,1,HappyBirthday,544,2920.89,F,1,0.00774808,0.0154415,1621.94,3.13882,F
2805,1,HappyBirthday,545,29565.3,F,1,0.0537174,14.9602,49.429,20.6129,F
2806,1,HappyBirthday,26,4380.08,F,1,0.216722,4.9997,65.8592,80.5222,F
2806,1,HappyBirthday,512,9125.03,F,1,0.164836,0.288991,109.717,60.6588,F
2806,1,HappyBirthday,568,3650.04,M,1,0.00396878,0.111356,21.6795,1.23721,F
2806,1,HappyBirthday,1218,1095,F,1,0.000377782,0.0190708,0.00010133,0.117324,F
2806,1,HappyBirthday,969,10220.7,M,1,0.00101674,2.34929,19.9309,0.324627,F
2807,1,HappyBirthday,5,26645.6,M,1,0.0385752,0.1294,1886.34,43.3802,F
2807,1,HappyBirthday,458,2920.13,F,1,0.0137139,0.963404,15.2477,4.35976,F
2807,1,HappyBirthday,489,18250.8,F,1,0.333101,0.38492,5522.82,173.164,F
2807,1,HappyBirthday,1001,2920.39,M,1,0.157834,0.0674177,1850.55,372.998,F
2808,1,HappyBirthday,277,19710.8,F,1,0.0216685,6.42562,57.9203,6.92306,F
2808,1,HappyBirthday,577,8760.56,M,1,0.0238502,5.94466,0.0119878,7.50161,F
2808,1,HappyBirthday,1263,730,M,1,0.637842,0.283366,386.078,347.034,F
2809,1,HappyBirthday,428,2920.45,M,1,0.0834345,3.91857,194.686,27.2347,F
2809,1,HappyBirthday,768,17520.1,F,1,0.0202914,2.93694,206.553,8.52341,F
2809,1,HappyBirthday,1124,1825,F,1,0.00395858,1.70259,6342.56,1.60785,F
2810,1,HappyBirthday,1264,730,F,1,0.000651846,0.0759964,42910.5,5.60608,F
2811,1,HappyBirthday,877,16425.1,M,1,0.179106,0.19862,2872.56,367.496,F
2812,1,HappyBirthday,1126,1825,F,1,0.0222869,1.16441,28.5042,7.76779,F
2812,1,HappyBirthday,724,4745.92,M,1,0.052059,1.03134,15.833,17.8766,F
2812,1,HappyBirthday,1125,1825,F,1,0.0370838,1.05794,47.4566,12.5783,F
2813,1,HappyBirthday,679,10585.9,F,1,0.00196281,43.0128,3507.1,0.63349,F
2815,1,HappyBirthday,548,6935.57,F,1,0.575552,0.0155002,495.369,287.129,F
2815,1,HappyBirthday,932,33580.9,F,1,1.46461e-05,1.66907,0.0349294,0.0045524,F
2816,1,HappyBirthday,99,3650.81,F,1,0.000312514,3.43484,135.137,0.125028,F
2816,1,HappyBirthday,694,14235.9,M,1,0.00432447,1.13515,684.214,2.6075,F
2816,1,HappyBirthday,743,5475.29,F,1,0.0020087,0.709188,24.4279,0.695182,F
2816,1,HappyBirthday,839,10220.6,M,1,0.00145666,7.61826,66195.8,15.9961,F
2817,1,HappyBirthday,595,30295.3,F,1,0.00475865,9.00166,1232.03,1.54993,F
2817,1,Births,1343,0,M,0,0,0.0182886,0,0,F
2818,1,HappyBirthday,498,5110.2,M,1,0.00257908,0.188209,0.0381334,0.802793,F
2818,1,HappyBirthday,1036,2555,F,1,0.0499422,0.0764179,3.02824,16.0703,F
2818,1,HappyBirthday,1035,2555,F,1,0.134048,0.773478,33.9025,46.2057,F
2818,1,Births,1344,0,M,0,0,0.0943496,0,0,F
2819,1,HappyBirthday,4,20075.5,M,1,0.0011831,0.108111,5.49374,0.376033,F
2819,1,HappyBirthday,375,5475.33,F,1,0.49617,0.248331,29.3582,214.491,F
2820,1,HappyBirthday,24,21170.1,M,1,0.040864,0.277589,5.04848,12.9973,F
2820,1,HappyBirthday,90,32850.4,F,1,0.127846,0.637908,13.6811,44.7077,F
2820,1,HappyBirthday,1302,365,F,1,1.6635e-05,0.0506621,70343.1,0.0757913,F
2820,1,HappyBirthday,744,12046,F,1,0.0023208,0.152906,30.8911,0.749292,F
2821,1,HappyBirthday,38,3285.4,F,1,0.000572301,0.0485584,11774.9,4.71573,F
2821,1,HappyBirthday,59,5110.86,F,1,5.71276e-05,0.178369,8.32347,0.0180377,F
2821,1,HappyBirthday,242,27740.9,F,1,0.182058,26.1755,7.28562,64.7416,F
2821,1,HappyBirthday,280,7300.52,F,1,0.0198483,0.231735,273.601,6.85403,F
2821,1,HappyBirthday,1127,1825,F,1,0.00389298,0.0163938,817.744,1.47128,F
2822,1,HappyBirthday,336,4745.85,M,1,0.00370045,2.29746,2025.46,1.52777,F
2822,1,HappyBirthday,425,2920.17,M,1,0.0904283,0.293522,10.7111,29.9294,F
2822,1,HappyBirthday,477,12045.2,F,1,0.0428808,0.610724,79.9198,15.4591,F
2822,1,HappyBirthday,717,29565.3,M,1,0.291673,0.334372,159.456,177.599,F
2822,1,HappyBirthday,917,15695.7,F,1,0.00825341,1.24006,66.0347,2.82272,F
2823,1,HappyBirthday,950,17885.3,M,1,0.00236085,2.04655,237.856,0.762049,F
2824,1,HappyBirthday,216,15695.4,M,1,0.00373738,3.93602,41.062,1.22313,F
2824,1,HappyBirthday,1303,365,M,1,1.53243e-05,1.56743,8566.01,0.102548,F
2824,1,HappyBirthday,800,3650.31,F,1,0.000225176,0.264735,35.4081,0.0736822,F
2824,1,HappyBirthday,1170,1460,M,1,0.0893133,0.481982,16361.4,72.2576,F
2825,1,HappyBirthday,1037,2555,M,1,0.000814048,0.0914769,22.3146,0.262564,F
2826,1,HappyBirthday,1304,365,F,1,0.0558078,0.270158,48.9241,21.7824,F
2826,1,HappyBirthday,1219,1095,F,1,0.0289108,0.473497,43.2699,10.2772,F
2826,1,HappyBirthday,1265,730,F,1,0.586846,0.00778029,249.657,351.965,F
2826,1,HappyBirthday,1171,1460,F,1,0.634095,1.01552,248.638,330.58,F
2827,1,HappyBirthday,670,15330.3,M,1,0.000992339,0.761304,16.2772,0.316608,F
2828,1,HappyBirthday,508,9490.31,F,1,0.000219228,0.386902,0.143318,0.068282,F
2828,1,HappyBirthday,587,4745.1,F,1,4.5646e-05,24.1302,26.4561,0.0142525,F
2828,1,HappyBirthday,1129,1825,F,1,0.000366238,0.141289,2516.74,0.523789,F
2828,1,HappyBirthday,985,6205.03,M,1,0.0867179,0.115456,4.07305,28.7409,F
2829,1,HappyBirthday,1266,730,M,1,0.985471,10.2066,324.931,1818.77,F
2829,1,HappyBirthday,169,10585.1,M,1,0.0507735,0.813052,23.173,17.7813,F
2829,1,HappyBirthday,179,8395.09,M,1,0.0156736,0.269601,15178.2,70.5016,F
2829,1,HappyBirthday,427,5475.15,F,1,0.130793,0.0182904,292.859,61.2504,F
2829,1,HappyBirthday,571,12410.6,F,1,0.00436688,30.3973,492.146,3.04772,F
2829,1,HappyBirthday,827,7665.95,F,1,0.00466069,0.914037,3680.63,1.45986,F
2830,1,HappyBirthday,168,13141,F,1,0.270306,1.3447,5.85634,100.832,F
2830,1,HappyBirthday,252,4745.19,F,1,0.000758933,0.153505,41.4896,0.24984,F
2830,1,HappyBirthday,404,21170.5,M,1,0.00187554,3.64032,36.2885,0.614468,F
2830,1,HappyBirthday,615,5840.38,M,1,0.0174598,0.937572,60.8346,6.93628,F
2830,1,HappyBirthday,739,24820.9,F,1,0.154292,0.408574,52.7252,56.7115,F
2830,1,HappyBirthday,853,13140.3,F,1,0.000778433,0.262327,67.8204,0.265761,F
2832,1,HappyBirthday,18,14600.7,M,1,0.192272,3.10018,2278.57,70.5945,F
2833,1,HappyBirthday,1221,1095,M,1,0.840062,1.75323,328.983,581.658,F
2833,1,HappyBirthday,320,16425.7,M,1,0.00843013,14.9374,0.247131,2.63132,F
2833,1,HappyBirthday,392,20805.1,F,1,0.00155944,3.54756,20.9155,0.524147,F
2833,1,HappyBirthday,528,5475.58,M,1,0.00285959,0.404803,4855.38,1.00124,F
2833,1,HappyBirthday,742,6205.81,F,1,0.00119826,0.462831,0.865889,0.373057,F
2834,1,HappyBirthday,131,12046,F,1,0.0686724,8.9945,223.645,24.6053,F
2834,1,HappyBirthday,1038,2555,M,1,0.0111248,0.757743,70.1589,3.61182,F
2835,1,HappyBirthday,98,14965.3,M,1,0.512185,0.501239,266.06,324.915,F
2836,1,HappyBirthday,658,7665.52,F,1,0.0305988,0.184857,5.03633,9.72901,F
2836,1,HappyBirthday,787,10220.9,F,1,0.107331,0.979733,69.533,40.0051,F
2836,1,HappyBirthday,1172,1460,M,1,0.0972527,2.14189,1460.89,96.2204,F
2838,1,HappyBirthday,452,15330.4,F,1,0.0166411,2.10283,109.985,6.14658,F
2839,1,HappyBirthday,1130,1825,M,1,0.159333,0.271727,3269.17,63.4856,F
2839,1,HappyBirthday,412,6570.56,M,1,0.00455838,1.14723,2074.91,2.22585,F
2839,1,Births,1345,0,M,0,0,0.15702,0,0,F
2840,1,HappyBirthday,497,9855.83,F,1,0.00309388,3.37768,4.60946,0.984274,F
2841,1,HappyBirthday,672,10585.5,M,1,0.00549137,0.296011,51496.4,13.6075,F
2842,1,HappyBirthday,410,19710.9,M,1,0.28011,14.1701,228.267,190.729,F
2842,1,HappyBirthday,1267,730,F,1,0.0510555,0.27115,1489.77,18.4219,F
2843,1,HappyBirthday,622,5475.69,F,1,0.0148507,1.07093,1961.09,4.65073,F
2844,1,HappyBirthday,64,6935.04,M,1,0.000111927,0.287726,147.075,0.042392,F
2844,1,HappyBirthday,373,6570.93,M,1,0.0525204,0.323409,58.5197,16.8429,F
2844,1,HappyBirthday,656,20440.5,M,1,0.146355,3.49205,14.6943,52.1306,F
2844,1,HappyBirthday,713,5475.87,M,1,0.0357378,5.59037,646.112,22.4109,F
2844,1,HappyBirthday,886,8760.81,M,1,0.258298,0.321025,1.56668,92.8638,F
2846,1,HappyBirthday,1000,18980.5,M,1,0.000324368,0.140238,2749.38,0.446178,F
2846,1,HappyBirthday,1305,365,M,1,0.00143901,0.331659,2.84259,0.447639,F
2846,1,HappyBirthday,260,9125.71,F,1,0.00447323,0.853876,3.57569,1.40071,F
2847,1,HappyBirthday,122,6205.99,M,1,0.0412075,0.952404,247.598,21.789,F
2847,1,HappyBirthday,349,11680.6,M,1,0.000117261,2.13992,6.07411,0.0369194,F
2847,1,HappyBirthday,479,3650.73,F,1,0.00831913,0.152293,16.646,2.62782,F
2847,1,HappyBirthday,1222,1095,M,1,0.94177,0.107942,399.592,1080,F
2847,1,HappyBirthday,649,13140.9,M,1,0.00329075,1.266,18806.5,3.39003,F
2847,1,HappyBirthday,755,9125.2,M,1,0.361152,2.57469,102.329,150.837,F
2847,1,HappyBirthday,866,9490.69,F,1,0.0287875,6.91638,197.221,17.1015,F
2847,1,HappyBirthday,1268,730,M,1,9.23398e-06,0.120118,27489.2,0.0432344,F
2848,1,HappyBirthday,234,10220.8,F,1,0.824217,0.735911,56.7433,548.134,F
2848,1,HappyBirthday,731,10950.8,M,1,0.76262,0.0534609,389.167,499.675,F
2848,1,HappyBirthday,763,11315.4,M,1,0.0145556,0.368513,58.8607,4.5602,F
2849,1,HappyBirthday,1306,365,M,1,0.0280779,0.076973,180.008,11.9838,F
2849,1,HappyBirthday,312,3650.1,M,1,0.0013389,13.289,0.809792,0.416709,F
2849,1,HappyBirthday,411,10585.1,M,1,9.21869e-05,2.19823,0.00023,0.028687,F
2849,1,HappyBirthday,960,14965.6,M,1,0.123116,0.229309,12.2685,41.0773,F
2849,1,HappyBirthday,973,4745.13,M,1,0.210377,0.197328,59903.4,707.389,F
2850,1,HappyBirthday,466,16060.5,M,1,0.0626439,0.0549034,0.071073,20.106,F
2850,1,HappyBirthday,558,5475.19,M,1,0.131528,0.083907,7.29169,43.8239,F
2850,1,HappyBirthday,729,5475.96,M,1,0.11841,0.485192,3495.9,116.817,F
2850,1,HappyBirthday,745,4015.36,F,1,0.20049,7.63798,121.94,107.286,F
2850,1,HappyBirthday,983,5110.37,F,1,0.00182242,0.321784,748.684,0.598651,F
2851,1,HappyBirthday,68,9490.53,M,1,0.0300941,0.28538,2061.18,74.644,F
2851,1,HappyBirthday,461,11680.8,M,1,0.583698,2.84286,146.223,423.356,F
2851,1,HappyBirthday,1074,2190,F,1,0.00101031,0.104924,777.77,0.676322,F
2851,1,Births,1346,0,M,0,0,0.191078,0,0,F
2852,1,HappyBirthday,113,26280.6,M,1,0.0405833,1.39269,1786.96,29.4611,F
2853,1,HappyBirthday,109,16425.4,M,1,0.0932335,0.455256,2578.91,85.5405,F
2853,1,HappyBirthday,358,11315.5,F,1,0.00255593,0.509192,109.265,0.80814,F
2853,1,HappyBirthday,602,17155.2,M,1,0.2104,1.00621,2944.59,104.196,F
2854,1,HappyBirthday,116,13140.5,M,1,0.0593704,9.48396,0.197145,19.028,F
2854,1,HappyBirthday,1223,1095,F,1,0.00266965,0.029713,22872.7,13.2273,F
2854,1,HappyBirthday,1269,730,M,1,0.0484877,0.426616,28314.2,155.088,F
2854,1,HappyBirthday,949,6935.87,M,1,0.002896,0.0926324,59.8659,0.985286,F
2855,1,HappyBirthday,286,7665.39,M,1,0.0166344,3.62122,1.29571,5.23538,F
2855,1,HappyBirthday,443,22265.9,F,1,0.00899445,0.111718,324.79,2.82598,F
2855,1,HappyBirthday,488,13140.2,F,1,0.135248,0.0243694,530.284,47.6261,F
2855,1,HappyBirthday,709,8030.15,F,1,0.690038,6.5486,4287.99,405.149,F
2855,1,HappyBirthday,792,24820,F,1,0.616396,0.391959,238.722,560.905,F
2855,1,HappyBirthday,831,12045.8,F,1,0.00784691,0.163141,103.393,2.83538,F
2856,1,HappyBirthday,1224,1095,F,1,0.000180875,2.02214,6118.79,0.452416,F
2856,1,HappyBirthday,951,12775.3,F,1,0.00887735,0.561338,122.086,3.81801,F
2856,1,HappyBirthday,958,7300.02,F,1,0.0028545,1.69795,21.4967,0.936906,F
2857,1,HappyBirthday,692,3650.47,M,1,0.00162529,2.18203,25.2217,0.529515,F
2857,1,HappyBirthday,1040,2555,M,1,0.000467443,0.643029,27446.1,0.491233,F
2857,1,Births,1347,0,F,0,0,0.0274747,0,0,F
2858,1,HappyBirthday,244,12410.1,M,1,0.00613978,0.223228,7.59945,1.97533,F
2858,1,HappyBirthday,440,30295.7,M,1,0.0558285,1.51387,444.821,20.5851,F
2858,1,HappyBirthday,638,11315.2,M,1,0.00878657,0.994261,1691.3,13.6439,F
2858,1,HappyBirthday,795,6205.67,M,1,0.00524524,2.0766,0.791281,1.64068,F
2858,1,HappyBirthday,868,8760.95,F,1,0.00301778,1.18172,1.07269,0.944103,F
2859,1,HappyBirthday,1075,2190,F,1,0.382233,0.0623028,99.0176,150.932,F
2859,1,HappyBirthday,229,13505.2,M,1,0.0271668,3.40263,78.7952,8.61502,F
2859,1,HappyBirthday,329,5475.66,M,1,0.0124286,2.07846,35.685,4.07861,F
2859,1,HappyBirthday,740,8395.9,M,1,0.0120078,0.519584,845.588,4.76652,F
2860,1,HappyBirthday,157,6570.51,F,1,0.00153314,2.77609,20.0634,0.498689,F
2860,1,HappyBirthday,606,9490.5,F,1,0.000303153,2.77698,4.2145,0.095534,F
2861,1,HappyBirthday,278,11680.2,M,1,0.00173662,1.93302,16149.3,0.7961,F
2861,1,HappyBirthday,1131,1825,M,1,2.0584e-05,0.0665138,19.7967,0.00660681,F
2861,1,HappyBirthday,837,17520.2,F,1,0.0381455,0.84104,3238.74,61.7884,F
2861,1,HappyBirthday,1270,730,F,1,0.218842,0.0595629,3107.11,801.785,F
2862,1,HappyBirthday,1226,1095,M,1,0.279851,2.35894,26354.5,246.373,F
2862,1,HappyBirthday,1132,1825,F,1,0.0575612,2.03976,17.5641,19.6975,F
2862,1,HappyBirthday,366,31755.5,M,1,0.0124689,2.86542,12.98,3.99107,F
2863,1,HappyBirthday,272,5840.69,F,1,0.0880246,0.21079,20.0482,30.6692,F
2863,1,HappyBirthday,436,11315.2,F,1,0.156386,0.190329,872.767,215.346,F
2863,1,HappyBirthday,476,7665.44,M,1,0.00675461,4.20388,37.3074,2.10687,F
2863,1,HappyBirthday,525,2920.04,M,1,0.170231,0.0205304,694.977,66.2961,F
2864,1,HappyBirthday,465,3650.49,M,1,0.156781,0.719741,347.152,53.9282,F
2864,1,HappyBirthday,623,18980.6,F,1,0.00327498,0.178417,8.89855,1.02348,F
2864,1,HappyBirthday,847,4380.4,F,1,0.000638477,6.02587,0.313375,0.198626,F
2865,1,HappyBirthday,578,5840.07,F,1,0.0240486,1.29964,3577.28,12.9717,F
2865,1,HappyBirthday,756,14965.6,F,1,5.26862e-05,3.76273,9.79409,0.0170828,F
2865,1,HappyBirthday,922,10220,F,1,0.0733455,5.10253,55.8874,27.458,F
2866,1,HappyBirthday,78,3650.57,M,1,0.197159,0.233982,191.976,88.8418,F
2866,1,HappyBirthday,225,3285.67,M,1,0.00520595,0.50154,27.9808,1.80189,F
2866,1,HappyBirthday,1133,1825,M,1,0.250129,1.57675,36.0771,91.1099,F
2866,1,HappyBirthday,354,10950.6,F,1,0.0223884,1.47516,0.0009658,7.03707,F
2866,1,HappyBirthday,1227,1095,M,1,0.0627264,0.0240356,17177,673.851,F
2866,1,HappyBirthday,1041,2555,M,1,0.00357819,0.552464,0.156585,1.11384,F
2867,1,HappyBirthday,27,19345,M,1,0.000179101,0.00563664,25850.5,0.243399,F
2867,1,HappyBirthday,1134,1825,M,1,0.139379,0.651569,24.2864,48.3176,F
2867,1,HappyBirthday,550,4015.44,M,1,0.0014203,1.42888,200.352,0.496716,F
2867,1,HappyBirthday,1076,2190,M,1,0.0381007,0.0479382,137.185,15.6923,F
2867,1,Births,1348,0,F,0,0,0.212543,0,0,F
2868,1,HappyBirthday,140,9490.33,M,1,0.000359913,1.36586,1650.36,0.734502,F
2868,1,HappyBirthday,1175,1460,M,1,0.150488,0.0737232,379.758,120.94,F
2868,1,HappyBirthday,180,4745.54,M,1,0.015742,0.0612648,0.177388,4.93255,F
2868,1,HappyBirthday,444,24455,M,1,0.0168111,3.15306,4220.93,26.005,F
2868,1,HappyBirthday,600,3285.79,M,1,0.00505449,0.112731,352.676,1.81893,F
2868,1,HappyBirthday,1043,2555,M,1,9.64982e-05,0.418051,77940.1,1.2212,F
2868,1,Births,1349,0,M,0,0,0.0117362,0,0,F
2869,1,HappyBirthday,77,9855.16,F,1,0.170325,1.03818,225.801,62.6326,F
2869,1,HappyBirthday,82,23725.1,M,1,0.730998,0.448348,303.383,919.348,F
2869,1,HappyBirthday,1272,730,M,1,0.365874,0.0785432,11434.5,1727.48,F
2869,1,HappyBirthday,430,7300.63,F,1,0.000577667,0.565466,5403.26,0.379127,F
2869,1,HappyBirthday,854,36136,F,1,0.000980684,2.37143,31.1228,0.349395,F
2869,1,HappyBirthday,1135,1825,F,1,0.00319195,0.0644219,8.88971,0.998764,F
2870,1,HappyBirthday,48,10950.6,F,1,0.0762758,0.0783008,39.5123,25.7446,F
2870,1,HappyBirthday,173,25550.9,F,1,0.104936,1.44127,4346.32,69.9385,F
2870,1,HappyBirthday,273,17885.2,F,1,0.00398796,2.92269,1554.61,3.96713,F
2870,1,HappyBirthday,293,3285.21,F,1,0.124726,1.306,40.0276,44.2654,F
2870,1,HappyBirthday,1273,730,F,1,0.00382485,0.742562,13712.6,35.9517,F
2870,1,HappyBirthday,632,33580.4,M,1,0.0659814,0.223317,102.685,27.503,F
2870,1,HappyBirthday,928,18615.2,F,1,0.0155375,1.58485,15.1094,5.19802,F
2871,1,HappyBirthday,1136,1825,F,1,0.00230467,0.213582,0.00632425,0.716878,F
2871,1,HappyBirthday,401,34675.5,F,1,0.0207169,0.192086,1127.03,6.91737,F
2871,1,HappyBirthday,518,15330.2,F,1,0.00137431,1.97741,1124.35,1.1299,F
2871,1,HappyBirthday,523,8760.89,F,1,0.00207211,0.26425,2.36763,0.646044,F
2872,1,HappyBirthday,127,17520.6,F,1,0,0.658749,960.874,0,F
2872,1,HappyBirthday,297,4745.65,F,1,6.26421e-05,0.537047,44969.2,0.241614,F
2872,1,HappyBirthday,371,3650.76,M,1,0.0900567,1.26972,188.734,34.6078,F
2872,1,HappyBirthday,653,6570.38,M,1,0.0291609,0.432192,2780.09,42.4375,F
2872,1,HappyBirthday,664,7300.47,M,1,0.0259087,1.7157,5.80069,8.23036,F
2872,1,HappyBirthday,691,9855.87,M,1,0.0153367,1.72442,76.8223,5.19786,F
2872,1,HappyBirthday,712,16060.2,F,1,0.226553,1.5605,762.693,289.934,F
2872,1,HappyBirthday,1137,1825,M,1,0.0223764,0.161017,4.61584,7.19545,F
2872,1,HappyBirthday,838,5475.68,M,1,0.0533509,1.50538,73161.9,609.141,F
2872,1,HappyBirthday,965,5475.67,F,1,0.285762,0.851548,1471.33,122.064,F
2872,1,HappyBirthday,992,4380.86,M,1,0,10.6755,127.312,0,F
2873,1,HappyBirthday,250,14600.3,M,1,0.85579,0.259137,3176.11,761.53,F
2873,1,HappyBirthday,559,5110.1,F,1,9.09368e-07,0.191233,4561.64,0.0034671,F
2874,1,HappyBirthday,1228,1095,F,1,6.51436e-05,0.120318,63138.5,0.704048,F
2874,1,HappyBirthday,303,4745.26,F,1,0.00346104,0.398232,13665.7,3.26298,F
2874,1,HappyBirthday,516,32485.2,F,1,0.293772,0.156239,14826.8,1730.41,F
2875,1,HappyBirthday,1274,730,M,1,0.73555,0.506873,37.0318,414.475,F
2875,1,HappyBirthday,347,9125.43,F,1,0.00532693,0.548935,23.1055,1.71626,F
2875,1,HappyBirthday,1176,1460,M,1,0.101434,0.253387,82.0728,35.5718,F
2875,1,HappyBirthday,570,10220.4,M,1,0.00176163,0.0543033,0.0002444,0.548008,F
2876,1,HappyBirthday,450,2920.77,F,1,0.171229,0.700004,11.4891,61.0144,F
2876,1,HappyBirthday,601,4015.33,M,1,0.0678687,10.5223,3281.3,29.8761,F
2876,1,HappyBirthday,1229,1095,F,1,0.00545415,0.0480524,76.7431,1.90222,F
2877,1,HappyBirthday,749,21900.1,M,1,0.00399013,1.91635,9.93316,1.24583,F
2877,1,HappyBirthday,771,17155.7,F,1,0.00413197,0.375575,2633.41,1.63428,F
2877,1,HappyBirthday,842,18980.9,M,1,0.00125023,0.467844,8226.21,0.765387,F
2878,1,HappyBirthday,1139,1825,M,1,0.00260948,2.83581,0.696227,0.815312,F
2878,1,HappyBirthday,275,28105.3,F,1,0.16667,1.46656,39.9493,65.9118,F
2878,1,HappyBirthday,315,5475.62,M,1,0.181926,0.373347,1065.63,272.72,F
2878,1,HappyBirthday,1138,1825,F,1,0.00288305,1.23743,15.1376,0.919612,F
2878,1,HappyBirthday,916,23725,F,1,0.0268814,0.223351,0.180815,8.46905,F
2879,1,HappyBirthday,500,10221,M,1,0.0568403,0.0658818,3144.07,18.4881,F
2880,1,HappyBirthday,1078,2190,F,1,0.0240675,1.69689,313.343,8.28746,F
2881,1,HappyBirthday,1275,730,M,1,0.000353206,0.115603,0.00194653,0.109582,F
2882,1,HappyBirthday,432,14235.9,F,1,0.478581,0.589138,746.839,293.11,F
2882,1,HappyBirthday,492,2920.67,F,1,0.0704706,0.64637,41.1848,25.3382,F
2882,1,HappyBirthday,1140,1825,F,1,0.00292538,0.107927,8023.88,1.55275,F
2882,1,Births,1350,0,F,0,0,0.389967,0,0,F
2883,1,HappyBirthday,211,17155.6,M,1,0.0339705,0.205409,178.217,13.4942,F
2883,1,HappyBirthday,339,12775.6,M,1,0.0393985,5.72058,559.018,22.9201,F
2883,1,HappyBirthday,529,14235.6,F,1,0.0113058,0.0427921,56.681,3.91763,F
2884,1,HappyBirthday,191,2920.32,F,1,6.12785e-05,0.117909,1910.95,0.163159,F
2884,1,HappyBirthday,206,8395.27,F,1,0.632499,0.00319596,553.279,348.935,F
2884,1,HappyBirthday,1177,1460,F,1,0.229134,0.214757,20591.2,1426.98,F
2885,1,HappyBirthday,1044,2555,M,1,0.000184147,0.27606,32.4159,0.0604382,F
2887,1,HappyBirthday,1141,1825,M,1,0.4543,0.409261,28.1116,188.947,F
2887,1,HappyBirthday,852,5475.57,M,1,0.000384353,6.55713,11.6068,0.123678,F
2887,1,HappyBirthday,1230,1095,F,1,0.00394507,0.562591,4.95683,1.23404,F
2888,1,HappyBirthday,424,17885.9,M,1,0.00342033,0.14193,7.67786,1.06665,F
2888,1,HappyBirthday,1080,2190,M,1,0.00011162,0.446475,16407.2,1.12554,F
2889,1,HappyBirthday,1276,730,F,1,0.00665855,0.0553137,5381.17,2.37696,F
2889,1,HappyBirthday,1231,1095,F,1,0.0133775,0.199337,631.043,16.6738,F
2890,1,HappyBirthday,924,14965.3,F,1,0.0315587,0.135432,1359.62,29.9226,F
2891,1,HappyBirthday,2,14235.4,M,1,0.153141,3.76256,328.727,76.6932,F
2891,1,HappyBirthday,309,4745.8,F,1,0.00472852,1.08255,1358.36,8.56117,F
2891,1,HappyBirthday,1081,2190,M,1,0.174853,1.74151,7.63319,60.5567,F
2892,1,HappyBirthday,1045,2555,F,1,0.101436,0.280043,505.668,56.2279,F
2892,1,HappyBirthday,1178,1460,M,1,0.00307082,0.21018,57.7082,1.02533,F
2892,1,HappyBirthday,1142,1825,F,1,0.0379653,0.0981048,21.3054,12.4894,F
2893,1,HappyBirthday,231,7665.46,F,1,0.13468,0.349134,15.3094,47.5004,F
2893,1,HappyBirthday,1179,1460,F,1,0.0782395,0.0462551,301.587,28.8318,F
2894,1,HappyBirthday,21,22265.5,M,1,0,0.0769859,0.0166978,0,F
2895,1,HappyBirthday,199,7300.64,F,1,0.0809451,0.999742,402.215,29.1854,F
2895,1,HappyBirthday,1277,730,M,1,0.028841,4.05077,1.1994,9.15067,F
2895,1,HappyBirthday,686,18615.5,F,1,0.000419409,0.486646,13619.9,1.82402,F
2895,1,HappyBirthday,1307,365,F,1,0.165791,0.0562906,76530.9,1483.37,F
2896,1,HappyBirthday,442,13870.5,M,1,0.0743414,4.56524,0.531697,24.0704,F
2896,1,HappyBirthday,786,22265.3,F,1,0.010548,2.14853,5.72726,3.32751,F
2896,1,HappyBirthday,1308,365,F,1,0.0809859,0.0923661,193560,861.788,F
2897,1,HappyBirthday,813,5110.14,M,1,0.00462818,0.531734,192.622,1.88601,F
2897,1,HappyBirthday,844,8030.54,F,1,0.00102418,6.27213,10.5364,0.335415,F
2898,1,HappyBirthday,150,24455.4,M,1,0.0656848,0.698489,320.467,48.0327,F
2898,1,HappyBirthday,239,32120.7,M,1,0.0184989,0.280089,105.346,6.08757,F
2898,1,HappyBirthday,1180,1460,F,1,0.772936,1.82812,24.5484,499.976,F
2898,1,HappyBirthday,433,27010.3,M,1,0.224135,1.33258,3374.57,83.0449,F
2898,1,HappyBirthday,583,13140.7,M,1,0.0688315,19.1297,47.3099,26.92,F
2899,1,HappyBirthday,241,20075.4,F,1,0.00424142,0.458915,30.1231,1.38477,F
2899,1,HappyBirthday,569,9855.13,M,1,0.000203792,9.1193,2e-07,0.0634042,F
2899,1,HappyBirthday,1233,1095,F,1,0.0338978,0.0413424,8912.27,15.3159,F
2899,1,HappyBirthday,823,10950.9,M,1,0.0096273,2.56203,31.4402,3.11473,F
2901,1,HappyBirthday,219,8395.28,F,1,5.79651e-05,0.745308,7474.29,0.356129,F
2902,1,HappyBirthday,554,12775.1,F,1,0.00407225,3.77504,13284.8,17.4057,F
2902,1,HappyBirthday,640,8760.87,M,1,0.00176395,4.48547,183.431,0.729071,F
2902,1,Births,1351,0,M,0,0,0.0595174,0,0,F
2903,1,HappyBirthday,328,15330.4,F,1,0.00488003,0.27158,0.074304,1.52063,F
2903,1,HappyBirthday,579,7300.32,M,1,4.45075e-05,0.253161,64780.8,0.0824725,F
2903,1,HappyBirthday,765,32850.1,M,1,0.000867998,0.194409,8.68918,0.273837,F
2904,1,HappyBirthday,660,2920.5,F,1,0.0182978,14.7061,4.12579,5.73999,F
2904,1,HappyBirthday,912,16425.3,M,1,0.00198719,0.199411,742.381,1.26642,F
2904,1,HappyBirthday,930,9490.78,M,1,0.00434364,0.518774,0.0260782,1.35302,F
2905,1,HappyBirthday,119,14235.9,M,1,0.140844,0.0466273,831.82,58.2755,F
2905,1,HappyBirthday,448,5110.45,F,1,0.00370126,6.97041,0.316792,1.15232,F
2905,1,HappyBirthday,634,5110.46,M,1,0.113757,2.19194,783.827,74.0263,F
2905,1,HappyBirthday,825,14965.5,F,1,0.0021085,0.0888106,0.00438,0.655937,F
2905,1,HappyBirthday,1278,730,F,1,0.63756,0.033324,3324.85,1187.13,F
2905,1,HappyBirthday,975,7665.19,M,1,0.00206289,7.82752,104.523,0.774919,F
2905,1,HappyBirthday,1082,2190,F,1,0.540969,0.361528,1.47236,242.915,F
2906,1,HappyBirthday,663,33945.6,F,1,0.00128718,0.395899,14.7683,0.410079,F
2906,1,HappyBirthday,1144,1825,F,1,0.0506236,0.0761239,5.78274,16.2488,F
2907,1,HappyBirthday,541,6935.81,M,1,0.00744839,2.90526,87.1995,2.60816,F
2908,1,HappyBirthday,553,7665.41,F,1,0.22045,10.6662,1184.15,164.733,F
2908,1,HappyBirthday,699,17155.2,F,1,0.0716247,1.83989,110.41,25.8374,F
2909,1,HappyBirthday,102,4015.13,F,1,0.0138135,13.7117,711.69,5.7939,F
2910,1,HappyBirthday,423,9855.18,M,1,0.000802849,2.1236,16.2827,0.268201,F
2910,1,HappyBirthday,934,15695.2,M,1,3.36332e-06,0.201215,99009.8,0.0222904,F
2910,1,HappyBirthday,1182,1460,F,1,0.332521,0.0372892,717.911,288.172,F
2911,1,HappyBirthday,6,8395.11,M,1,0.0017068,0.146179,118400,12.9137,F
2912,1,HappyBirthday,446,3285.34,F,1,0.0017251,3.21491,1.41202,0.538598,F
2912,1,HappyBirthday,684,2920.26,M,1,0.39555,1.03924,64.3704,156.771,F
2913,1,HappyBirthday,1183,1460,M,1,0.00406638,1.9963,3.97561,1.27095,F
2913,1,HappyBirthday,209,4380.13,M,1,0.000660101,4.80653,27081,0.537046,F
2913,1,HappyBirthday,757,10950.1,M,1,0.00366456,0.19556,2.09233,1.14745,F
2913,1,HappyBirthday,864,10585.4,F,1,0.00136247,0.82048,8310.65,3.88544,F
2914,1,HappyBirthday,138,8395.39,M,1,0.644173,3.16727,215.819,361.458,F
2914,1,HappyBirthday,359,5475.91,M,1,0.19047,0.025131,1920.46,316.246,F
2914,1,HappyBirthday,697,9490.68,M,1,0.00184813,2.43468,769.702,1.22251,F
2915,1,HappyBirthday,507,6570.03,M,1,0.0328111,0.661532,12359.4,15.0232,F
2916,1,HappyBirthday,178,9490.4,M,1,0.0269198,0.0775299,0.900943,8.49309,F
2916,1,HappyBirthday,591,15695.2,M,1,0.00574637,1.44525,1385.82,2.01558,F
2917,1,HappyBirthday,80,4015.88,F,1,0.000792586,3.77829,2.67772,0.247308,F
2917,1,HappyBirthday,493,8395.6,F,1,0.000240939,9.09082,139585,2.01245,F
2917,1,HappyBirthday,539,5840.17,M,1,0.174705,1.37576,221.312,85.3556,F
2917,1,HappyBirthday,1309,365,F,1,0.00371519,0.975061,250.719,1.60735,F
2917,1,Births,1352,0,F,0,0,0.997897,0,0,F
2918,1,HappyBirthday,186,4015.55,M,1,1.09275e-06,0.255117,0.446665,0.000342889,F
2918,1,HappyBirthday,1047,2555,F,1,0.00108706,0.37585,21503.6,5.91873,F
2918,1,HappyBirthday,1310,365,F,1,0.190639,0.0567219,266.837,114.513,F
2918,1,HappyBirthday,626,9125.34,F,1,0.000849525,0.272946,345.316,0.308961,F
2919,1,HappyBirthday,201,9855.36,F,1,0.0126086,0.922478,10.3878,3.99418,F
2919,1,HappyBirthday,348,10950,F,1,0.167517,0.134928,59.5055,65.8915,F
2920,1,HappyBirthday,566,9855.02,F,1,0.101956,1.67088,4878.3,40.2826,F
2921,1,HappyBirthday,1048,2555,M,1,0,0.0241412,1.54071,0,F
2921,1,HappyBirthday,335,12410.3,M,1,0.069383,0.593359,1.8293,22.3575,F
2921,1,HappyBirthday,419,17155.3,M,1,0.00499888,0.528039,26.6057,1.65802,F
2921,1,HappyBirthday,780,32120.4,M,1,0.0140973,4.52503,110.451,5.52414,F
2921,1,HappyBirthday,794,6570.75,F,1,0.115911,0.00760327,25.2337,41.0917,F
2921,1,HappyBirthday,1084,2190,M,1,0.0259563,0.0452555,1600.63,50.8131,F
2921,1,HappyBirthday,980,4380.46,F,1,7.85128e-05,0.0858944,3330.58,0.103573,F
2922,1,HappyBirthday,267,17155.8,F,1,0.00189488,0.915056,2.13373,0.595702,F
2923,1,HappyBirthday,36,3285.89,F,1,0.0880426,0.200345,393.971,30.01,F
2923,1,HappyBirthday,163,4745.83,F,1,0.00328968,0.309254,28.0831,1.15808,F
2923,1,HappyBirthday,1049,2555,M,1,0.0126101,0.913567,6359.44,13.1641,F
2923,1,HappyBirthday,368,29565.9,M,1,0.0259291,0.503388,0.0933676,8.16622,F
2924,1,HappyBirthday,486,20805.1,F,1,0.0007915,1.12885,2696.38,1.75839,F
2924,1,HappyBirthday,1145,1825,M,1,0.00373831,0.0857962,2.04274,1.16848,F
2925,1,HappyBirthday,325,9490.39,M,1,0.0259171,3.50019,1050.68,20.9472,F
2925,1,HappyBirthday,388,25185.3,F,1,0.0218597,1.34046,10396.6,81.4162,F
2925,1,HappyBirthday,851,5840.46,F,1,0.00749376,0.479511,55.1499,2.81738,F
2926,1,HappyBirthday,1185,1460,M,1,0.129968,2.19833,268.728,61.1213,F
2926,1,HappyBirthday,1146,1825,F,1,0.164242,0.787509,1595.65,62.5114,F
2927,1,HappyBirthday,774,7665.07,F,1,0.000842883,6.66393,17.3242,0.268534,F
2927,1,HappyBirthday,1085,2190,M,1,0.00374974,0.0451838,0.0464885,1.16824,F
2928,1,HappyBirthday,1234,1095,M,1,0.000157572,0.126801,181341,1.5369,F
2928,1,HappyBirthday,245,8030.83,F,1,0.000456524,0.173949,7.55604,0.143486,F
2928,1,HappyBirthday,972,25185.4,F,1,0.0866447,0.40484,38.2831,31.6601,F
2929,1,HappyBirthday,164,11680.8,M,1,0.000868379,2.37524,82838.6,5.55272,F
2929,1,HappyBirthday,274,14600.5,M,1,0.160537,0.869033,56.4258,65.2428,F
2929,1,HappyBirthday,1050,2555,F,1,0.0383906,2.34508,285.09,27.2178,F
2929,1,HappyBirthday,871,27740.1,F,1,0.000805108,64.1188,511.986,0.435027,F
2929,1,HappyBirthday,987,11681,M,1,0.0143812,0.330292,68.9297,4.92792,F
2930,1,HappyBirthday,232,9125.9,M,1,0.104737,0.901162,66.3943,44.5243,F
2930,1,HappyBirthday,1002,2920,F,1,0.0226349,0.566261,645.669,7.12399,F
2930,1,HappyBirthday,1312,365,F,1,0.00614248,0.208008,46.5212,2.33971,F
2930,1,HappyBirthday,394,13505,F,1,0.146628,73.4213,237.83,67.2168,F
2930,1,HappyBirthday,1086,2190,F,1,0.0294944,2.7338,35.6153,9.92871,F
2931,1,HappyBirthday,42,34675.2,F,1,0.183486,2.29995,35.8396,63.6443,F
2931,1,HappyBirthday,47,6205.53,M,1,0.000706817,0.545105,2.31229e-07,0.219758,F
2931,1,HappyBirthday,887,12410.4,F,1,0.000734788,0.954851,7.38569,0.231046,F
2931,1,Births,1353,0,M,0,0,0.325447,0,0,F
2932,1,HappyBirthday,687,6935.89,M,1,4.1106e-05,0.410528,48.2461,0.0128473,F
2933,1,HappyBirthday,365,6935.77,F,1,0.065361,6.76267,75.3276,24.9646,F
2933,1,HappyBirthday,540,30660.5,M,1,0,0.195943,0.929725,0,F
2934,1,HappyBirthday,1314,365,M,1,0.279829,0.0979005,173.727,146.021,F
2934,1,HappyBirthday,1313,365,M,1,0.0883265,0.0950562,396.849,32.1535,F
2934,1,HappyBirthday,998,4015.74,M,1,0.00154163,4.90793,254.896,0.82504,F
2935,1,HappyBirthday,302,6570.72,F,1,0.546547,4.60781,162.449,249.955,F
2935,1,HappyBirthday,603,12775.4,F,1,0.00196629,3.00843,30.5863,0.612524,F
2935,1,HappyBirthday,718,8030.36,F,1,0.00627028,0.990782,0.0762374,1.95556,F
2935,1,HappyBirthday,906,24090.9,F,1,0.0490733,0.130512,43158,72.79,F
2936,1,HappyBirthday,67,3650.87,F,1,0.157437,0.0070473,376.761,78.4613,F
2936,1,HappyBirthday,806,5110.44,F,1,4.26411e-05,2.58568,23060,0.0582231,F
2937,1,HappyBirthday,1003,2920,F,1,0.239642,0.124079,23.3812,92.4668,F
2937,1,HappyBirthday,879,7300.23,F,1,0,0.608993,9427.14,0,F
2938,1,HappyBirthday,361,6935.37,M,1,0.000598955,0.096541,33607.2,0.744006,F
2938,1,HappyBirthday,546,4380.58,F,1,0.140771,1.16446,54.5661,47.7031,F
2938,1,HappyBirthday,604,4380.49,M,1,0.122438,7.18651,0.191843,40.5905,F
2939,1,HappyBirthday,112,4015.97,F,1,0.0440286,0.230263,35.7263,15.317,F
2939,1,HappyBirthday,195,21535.3,M,1,0.00198371,1.91064,912.155,0.769089,F
2939,1,HappyBirthday,1051,2555,F,1,0.00230295,0.237063,1.90898,0.721656,F
2939,1,Births,1354,0,F,0,0,0.404005,0,0,F
2940,1,HappyBirthday,1147,1825,F,1,0.0043405,2.26156,2572.36,2.07333,F
2940,1,HappyBirthday,576,21170.8,M,1,0.0545384,0.41621,150.138,18.0427,F
2940,1,HappyBirthday,661,33215,M,1,0.000905541,0.924891,842.363,0.329628,F
2940,1,HappyBirthday,732,5110.6,M,1,0.687505,0.304791,4.95871,363.329,F
2940,1,HappyBirthday,738,8760.94,M,1,1.70054e-06,1.82964,31340.9,0.0120512,F
2940,1,HappyBirthday,1279,730,F,1,0.00383165,3.48838,4.09187,1.21226,F
2941,1,HappyBirthday,1004,2920,F,1,0.00666456,0.370609,47733.7,34.4109,F
2942,1,HappyBirthday,628,4745.88,M,1,0.125786,0.724527,186.077,41.7779,F
2942,1,HappyBirthday,741,4380.69,M,1,0.0120604,0.580542,2279.46,7.73651,F
2942,1,HappyBirthday,1087,2190,M,1,0.00988435,0.947966,0.000158972,3.08732,F
2943,1,HappyBirthday,1235,1095,F,1,0.151726,0.145545,39027.9,1347.89,F
2943,1,HappyBirthday,317,17155.3,M,1,0.180317,17.6173,1172.47,62.1737,F
2943,1,HappyBirthday,1052,2555,F,1,0.013614,0.0615762,0.795067,4.27567,F
2943,1,HappyBirthday,890,6205.88,F,1,0.00274259,0.682831,49.07,0.910021,F
2944,1,HappyBirthday,230,17155.2,M,1,1.0589e-05,1.01414,0.957746,0.003311,F
2944,1,HappyBirthday,426,15695.8,M,1,0.000304413,5.46283,62.2692,0.104013,F
2944,1,HappyBirthday,862,16060.6,F,1,0.0501277,5.81534,64.7083,17.1452,F
2944,1,HappyBirthday,891,10950.7,M,1,0.0205954,0.126378,94.0051,6.61453,F
2944,1,Births,1355,0,F,0,0,0.0296041,0,0,F
2945,1,HappyBirthday,13,23725.9,F,1,0.16935,0.112121,153.298,60.1106,F
2945,1,HappyBirthday,20,9855.84,M,1,0.000340258,2.18286,19684.6,0.168572,F
2946,1,HappyBirthday,29,6935.41,M,1,0.0766809,0.604347,33.9534,24.8676,F
2946,1,HappyBirthday,678,12410.9,F,1,1.69323e-06,2.92378,46.3006,0.0005636,F
2946,1,HappyBirthday,1186,1460,F,1,0.00374982,0.262708,2612.93,5.00161,F
2946,1,HappyBirthday,1088,2190,M,1,0.0319584,0.172771,78.9075,10.9084,F
2947,1,HappyBirthday,121,22995.5,F,1,0.00165925,0.0286658,0.130708,0.515967,F
2947,1,HappyBirthday,391,3650.76,M,1,0.0491256,1.402,0.0868825,15.6558,F
2947,1,HappyBirthday,1280,730,F,1,0.00800118,0.864077,24235.2,4.17072,F
2948,1,HappyBirthday,58,28105.9,F,1,0.0148421,0.411654,39.6892,4.68864,F
2948,1,HappyBirthday,457,20805.6,F,1,0.0033944,0.568207,505.446,1.8311,F
2949,1,HappyBirthday,944,3285.73,M,1,0.0025739,0.261554,33.1666,0.925755,F
2950,1,HappyBirthday,455,10220.9,M,1,0.79556,1.88941,15654,1198.51,F
2950,1,HappyBirthday,811,4015.12,F,1,0.0011251,0.167651,61087.6,7.41813,F
2950,1,HappyBirthday,822,6205.6,F,1,0.000336097,3.99101,9009.89,2.15852,F
2950,1,HappyBirthday,1089,2190,F,1,0.00178743,0.40285,4.50975,0.566669,F
2951,1,Births,1356,0,M,0,0,0.321246,0,0,F
2952,1,HappyBirthday,1187,1460,F,1,0.00313338,0.0973685,28.5534,0.976928,F
2952,1,HappyBirthday,1281,730,M,1,0.788342,0.443063,15.3782,499.237,F
2952,1,HappyBirthday,543,19345.2,F,1,1.02431e-06,2.02799,55680.2,0.0053436,F
2953,1,HappyBirthday,1236,1095,M,1,0.754466,0.337686,1864.9,462.808,F
2954,1,HappyBirthday,40,12410.1,F,1,0.0502494,0.202661,215.459,16.5543,F
2954,1,HappyBirthday,1189,1460,M,1,0.00779916,0.121247,145.633,3.2809,F
2954,1,HappyBirthday,417,10220,M,1,0.027176,0.453798,8.38656,8.8376,F
2955,1,HappyBirthday,23,17885.2,F,1,0.0887364,6.59156,24.1219,32.3889,F
2956,1,HappyBirthday,690,33215.4,F,1,0.0324879,3.43788,42593.1,47.4264,F
2956,1,HappyBirthday,1005,2920,M,1,0.00284328,0.0950535,72.246,1.05679,F
2957,1,HappyBirthday,1237,1095,F,1,0.246545,0.361064,149.575,107.274,F
2957,1,HappyBirthday,802,30296,M,1,0.00710589,0.0926257,8.3226,2.30814,F
2957,1,HappyBirthday,1190,1460,M,1,0.376554,7.54745,16.0848,150.118,F
2958,1,HappyBirthday,50,8760.68,M,1,7.1113e-05,0.136444,111597,0.5538,F
2958,1,HappyBirthday,1315,365,F,1,0.0166312,0.794171,20.5722,5.71758,F
2958,1,HappyBirthday,1191,1460,M,1,0.122422,0.392373,3642.32,56.9117,F
2959,1,HappyBirthday,7,27740.5,F,1,0.00780166,3.75841,760.571,8.95736,F
2959,1,HappyBirthday,248,6935.98,F,1,0.0468882,8.10329,3318.63,18.5763,F
2959,1,HappyBirthday,1090,2190,F,1,0,0.0912234,173.85,0,F
2960,1,HappyBirthday,1091,2190,M,1,0.0896935,1.37297,9.24614,30.2506,F
2960,1,HappyBirthday,399,10220.7,F,1,0.076231,0.815299,1951.26,177.421,F
2961,1,HappyBirthday,183,6205.86,F,1,0.00496062,2.76198,229.42,1.65583,F
2961,1,HappyBirthday,345,4015,M,1,5.97131e-06,1.24829,28094.5,0.0212202,F
2961,1,HappyBirthday,530,7300.62,M,1,0.246694,0.502369,12.0128,90.3076,F
2961,1,HappyBirthday,573,15330.7,F,1,0.000110857,0.257546,24082.9,0.0760052,F
2961,1,HappyBirthday,655,22630.7,F,1,0.000215923,4.02785,6003.65,0.57853,F
2961,1,Births,1357,0,F,0,0,0.221699,0,0,F
2962,1,HappyBirthday,60,25915.3,F,1,0.00969533,6.4817,552.957,3.5308,F
2962,1,HappyBirthday,1192,1460,F,1,0.480373,0.0110268,29832.7,902.954,F
2962,1,HappyBirthday,641,19710.1,F,1,0.0172602,6.69172,55.0444,6.49949,F
2963,1,HappyBirthday,134,8030.39,M,1,0.0955736,4.44951,27.188,34.265,F
2963,1,HappyBirthday,259,19710.8,M,1,0.00616964,0.357762,30553.2,6.99193,F
2963,1,HappyBirthday,390,7665.59,F,1,0.00183237,0.110343,13.8264,0.607597,F
2963,1,HappyBirthday,1238,1095,M,1,0.0666909,0.235961,725.49,46.7384,F
2964,1,HappyBirthday,313,7665.75,F,1,0.144351,0.481315,84.2172,64.3978,F
2964,1,HappyBirthday,1193,1460,M,1,0.124104,0.12063,2.52838,41.6961,F
2965,1,HappyBirthday,285,5475.94,F,1,0.00737861,1.01506,9.4743,2.35953,F
2965,1,HappyBirthday,575,4745.6,F,1,0.786649,0.0396758,9.52974,497.04,F
2965,1,HappyBirthday,880,21170.2,M,1,0.222101,0.531781,1150,357.797,F
2966,1,HappyBirthday,474,3285.71,F,1,0.435768,0.431761,7621.08,221.9,F
2966,1,HappyBirthday,762,4745.09,F,1,0.0880723,1.40863,31.0416,28.734,F
2966,1,HappyBirthday,915,3285.2,F,1,0.0726141,1.58265,17.9258,23.4335,F
2967,1,HappyBirthday,1317,365,F,1,0.430115,0.567925,5121.92,814.144,F
2967,1,HappyBirthday,154,4745.58,F,1,0.0101216,1.26272,0.684533,3.16462,F
2967,1,HappyBirthday,1316,365,M,1,0.00971165,0.0120438,33.1956,3.27224,F
2967,1,HappyBirthday,1239,1095,M,1,3.75474e-06,0.358347,17988.8,0.0195507,F
2968,1,HappyBirthday,262,29200.6,F,1,0.0318747,0.221762,31.7759,10.2407,F
2968,1,HappyBirthday,499,10950.6,F,1,0.094584,0.224953,0.332405,30.9196,F
2968,1,HappyBirthday,509,3285.53,F,1,0.000336028,0.0967856,156.038,0.129341,F
2969,1,HappyBirthday,1149,1825,M,1,0.00343703,1.67733,6.00538,1.08186,F
2969,1,HappyBirthday,331,10950,F,1,3.31314e-06,0.142072,2.08376,0.0010426,F
2970,1,HappyBirthday,1283,730,F,1,0.252792,0.055755,175.723,118.939,F
2970,1,HappyBirthday,495,12775.5,M,1,0.0481536,0.620957,0.129373,15.3409,F
2972,1,HappyBirthday,1092,2190,F,1,0.0904973,0.341887,40.4959,31.2022,F
2973,1,HappyBirthday,3,4380.15,M,1,0.607124,0.0343431,3.18563,291.863,F
2973,1,HappyBirthday,233,5475.64,M,1,0.000100576,0.22399,3.49339,0.0317755,F
2974,1,HappyBirthday,141,10586,F,1,0.00178443,0.325884,5.03887,0.560694,F
2974,1,HappyBirthday,607,15695.9,F,1,0.0486282,0.368942,5192.2,20.652,F
2974,1,HappyBirthday,662,11680.9,M,1,0.0370453,7.28925,21.8194,11.9031,F
2974,1,HappyBirthday,781,11680.7,M,1,0.00752981,9.58674,1186.22,6.72935,F
2975,1,HappyBirthday,135,15695.7,M,1,0.0200191,1.54032,2303.55,22.1855,F
2976,1,HappyBirthday,296,18250.7,F,1,0.173975,0.963649,62.4971,63.7742,F
2976,1,HappyBirthday,370,6570.35,M,1,0.294378,0.204627,55599.5,1382.35,F
2976,1,HappyBirthday,1195,1460,M,1,0.126625,2.05469,5557.96,263.295,F
2976,1,Births,1358,0,F,0,0,0.205198,0,0,F
2977,1,HappyBirthday,15,33945.4,F,1,0.00496166,1.69786,35603.4,27.44,F
2977,1,HappyBirthday,1240,1095,M,1,0.643505,0.357458,96.4065,435.247,F
2977,1,HappyBirthday,181,6935.38,F,1,0.23056,2.07653,5368.88,91.5209,F
2977,1,HappyBirthday,984,15695.6,M,1,0.0783772,3.68497,57.0586,28.2423,F
2978,1,HappyBirthday,149,22266,M,1,0.00112255,1.18336,44.2669,0.387612,F
2978,1,HappyBirthday,263,11680.2,F,1,0.698717,0.0705133,90.4614,495.759,F
2978,1,HappyBirthday,418,35405.7,M,1,0.0446831,5.23156,106.73,14.9447,F
2978,1,HappyBirthday,1093,2190,M,1,0.00518038,1.46576,79.5482,1.77868,F
2978,1,HappyBirthday,680,7665.54,F,1,0.00230863,2.04851,17.8609,0.721344,F
2978,1,HappyBirthday,685,14600.4,F,1,0.0503725,0.142487,8.40383,16.4642,F
2979,1,HappyBirthday,130,19345.1,F,1,0.000215648,0.289172,45.5298,0.0672836,F
2980,1,HappyBirthday,1196,1460,M,1,0.132835,0.571596,8.96213,44.342,F
2980,1,HappyBirthday,291,22995.1,F,1,0.00284453,4.679,18.7061,0.966879,F
2980,1,HappyBirthday,346,13140.2,F,1,0.00361021,0.993371,145.424,1.53912,F
2980,1,HappyBirthday,673,19345.6,M,1,0.00611755,4.10072,58.0426,1.9372,F
2980,1,HappyBirthday,778,4745.92,M,1,0.0757518,1.9766,381.89,37.0866,F
2981,1,HappyBirthday,585,15330.3,F,1,1.74376e-05,2.28016,5275.41,0.060056,F
2982,1,HappyBirthday,429,5840.08,F,1,0.0199807,0.0370746,5496.41,6.29358,F
2982,1,HappyBirthday,491,23725.6,M,1,0.658324,6.48874,168.501,364.387,F
2982,1,HappyBirthday,552,9125.37,F,1,0.000954805,1.66389,5567.11,4.36184,F
2982,1,HappyBirthday,574,8395.83,M,1,0.171278,3.82818,3.05186,59.1314,F
2982,1,HappyBirthday,921,8030.44,M,1,0.000234806,0.932241,35738.7,0.276654,F
2983,1,HappyBirthday,290,15695,M,1,0,22.5713,0.597818,0,F
2983,1,HappyBirthday,381,10220.4,M,1,0.0112393,0.91167,1010.46,4.17698,F
2983,1,HappyBirthday,609,3650.69,M,1,0.0168189,3.00741,56.0513,5.63638,F
2984,1,HappyBirthday,1284,730,M,1,0.00659778,0.36139,115.558,2.43264,F
2984,1,HappyBirthday,343,9125.01,M,1,0.077748,12.3457,569.325,38.1706,F
2986,1,HappyBirthday,826,6205.21,M,1,2.55463e-05,0.368704,997.249,0.01175,F
2987,1,HappyBirthday,254,14600.3,F,1,0.0934046,1.78823,26.9061,33.7809,F
2987,1,HappyBirthday,1319,365,M,1,0.00172932,0.526836,36.8238,0.606028,F
2987,1,HappyBirthday,1197,1460,M,1,0.000271609,0.0659435,45.5011,0.0947517,F
2987,1,HappyBirthday,1318,365,M,1,0.036712,0.156705,2843.78,11.7068,F
2988,1,HappyBirthday,84,11315.7,F,1,0.016647,0.281354,110.841,6.15871,F
2988,1,HappyBirthday,995,12046,F,1,0.0861557,32.7425,11.7037,28.3415,F
2988,1,HappyBirthday,1007,2920,F,1,0.238441,5.51904,6.0854,84.6768,F
2989,1,HappyBirthday,137,32850.1,M,1,0.00243621,2.96168,214.702,1.02136,F
2989,1,HappyBirthday,1008,2920,M,1,0,0.0455085,1586.42,0,F
2990,1,HappyBirthday,11,20805.9,M,1,0.12358,0.59861,1950.72,72.3341,F
2990,1,HappyBirthday,1320,365,F,1,0.00664278,0.0786477,18.754,2.11521,F
2990,1,HappyBirthday,824,8030.32,F,1,0.00216154,0.151872,4e-07,0.672392,F
2990,1,HappyBirthday,908,3285.6,M,1,0.00588556,0.0987999,1.62105,1.83959,F
2991,1,HappyBirthday,1242,1095,F,1,0.740385,0.44208,88.7834,474.84,F
2991,1,HappyBirthday,1009,2920,M,1,0.214755,0.0739118,3557.58,79.869,F
2992,1,HappyBirthday,464,3285.27,F,1,0.109835,0.884491,5441.08,44.7076,F
2992,1,HappyBirthday,698,8760.92,F,1,0.187588,2.6306,6769.3,226.381,F
2992,1,HappyBirthday,804,18980.7,F,1,0.466518,1.97178,458.97,210.716,F
2992,1,HappyBirthday,859,6935.28,M,1,0.0722896,1.00803,61.9976,28.7818,F
2992,1,HappyBirthday,899,8395.59,F,1,0.140037,10.4434,0.476979,46.9114,F
2993,1,HappyBirthday,1095,2190,M,1,0.0956473,1.47802,6166.27,87.2061,F
2993,1,HappyBirthday,1053,2555,M,1,0.0654624,1.01139,64.7503,24.9777,F
2993,1,HappyBirthday,556,17155.8,F,1,0.00117629,2.3473,524.549,0.671653,F
2993,1,HappyBirthday,1094,2190,M,1,0.0119508,0.425279,2.21836,3.75834,F
2994,1,HappyBirthday,1243,1095,F,1,0.00381505,0.0213493,27.1669,1.26708,F
2994,1,HappyBirthday,549,7665.63,F,1,0.0181149,0.60454,113.659,6.7396,F
2994,1,HappyBirthday,1010,2920,M,1,0.366682,0.232894,394.265,338.273,F
2995,1,HappyBirthday,44,9125.03,F,1,0.00356669,0.179947,7.44054,1.1417,F
2995,1,HappyBirthday,214,3285.43,M,1,0.0125125,0.995568,7415.13,4.35765,F
2996,1,HappyBirthday,63,17155.8,F,1,0.0353258,2.61849,6410.55,101.464,F
2996,1,HappyBirthday,470,10950.5,F,1,0.0227173,2.33646,105.112,7.31716,F
2996,1,HappyBirthday,1198,1460,M,1,0.0142883,0.241678,528.583,6.19427,F
2997,1,HappyBirthday,1285,730,M,1,0.00350452,0.107475,29.6963,1.2024,F
2998,1,HappyBirthday,1055,2555,F,1,0.0172446,0.512016,3.33495,5.4819,F
2998,1,HappyBirthday,711,5840.47,F,1,0.0176863,11.7318,11.3201,5.68488,F
2998,1,HappyBirthday,946,18250.4,M,1,0.000134232,0.0430316,1838.96,0.32141,F
2998,1,HappyBirthday,948,3650.14,F,1,0.179271,1.02749,1968.52,61.5312,F
2999,1,HappyBirthday,37,15695.9,M,1,0.00342933,0.354519,1448.28,1.22411,F
2999,1,HappyBirthday,246,28470.9,M,1,0.0392709,0.0398242,47.0816,13.4149,F
2999,1,HappyBirthday,261,4015.04,F,1,0.000494233,0.0802299,199.561,0.266793,F
2999,1,HappyBirthday,1096,2190,F,1,0.00281131,0.091501,23049,8.85529,F
3000,1,HappyBirthday,128,9855.57,F,1,0.00864194,0.681332,59.3412,2.82407,F
3000,1,HappyBirthday,175,10585.4,F,1,0.0832979,0.135202,3935.8,49.7363,F
3000,1,HappyBirthday,846,3285.63,M,1,0.10564,0.0947155,0.884658,34.7543,F
3000,1,HappyBirthday,892,5840.17,M,1,0.00044361,0.321784,80.2788,0.156922,F
3000,1,Births,1359,0,F,0,0,0.0377034,0,0,F
3001,1,HappyBirthday,769,5475.91,M,1,0.0176176,3.29526,776.673,23.6725,F
3001,1,HappyBirthday,1321,365,F,1,0.00802347,0.0275057,35772.6,3.55514,F
3002,1,HappyBirthday,307,16790.7,M,1,0.482197,0.297201,5393.27,864.291,F
3002,1,HappyBirthday,874,4380.21,M,1,0.0152567,0.325059,101.472,5.59088,F
3002,1,HappyBirthday,919,34675.9,F,1,0.001263,0.973216,7.17032,0.396615,F
3003,1,HappyBirthday,1200,1460,F,1,0.107044,0.275493,98968.2,1005.9,F
3003,1,HappyBirthday,120,14235.2,M,1,0.0553625,0.758943,760.603,71.0128,F
3003,1,HappyBirthday,1011,2920,M,1,6.96562e-06,0.0296652,197.507,0.00431159,F
3003,1,HappyBirthday,483,16425.5,F,1,4.95103e-05,0.413715,98.7605,0.0194118,F
3003,1,HappyBirthday,674,18250.1,M,1,0.341139,1.76581,93.0229,170.182,F
3003,1,HappyBirthday,1199,1460,F,1,0.716916,0.452688,122.558,562.789,F
3003,1,Births,1360,0,F,0,0,0.0519551,0,0,F
3004,1,HappyBirthday,111,3285.25,F,1,0.00696764,5.71944,0.0404826,2.17277,F
3004,1,HappyBirthday,384,18251,M,1,0.0611338,0.201113,4.0654,19.6129,F
3004,1,HappyBirthday,1286,730,M,1,0.00166059,0.393604,13.7106,0.550791,F
3004,1,HappyBirthday,1151,1825,F,1,0.120856,0.0527013,22.3733,40.2991,F
3004,1,HappyBirthday,1097,2190,F,1,0.000224321,0.889154,70792,0.469094,F
3005,1,HappyBirthday,624,3650.44,F,1,0.073267,0.658026,17.8869,23.6611,F
3006,1,HappyBirthday,1100,2190,M,1,0.0601875,0.240099,98.2833,22.1805,F
3006,1,HappyBirthday,1012,2920,F,1,0.141993,7.50122,1.93366,47.7457,F
3007,1,HappyBirthday,220,5840.83,F,1,0.0591867,2.64934,1326.09,28.3912,F
3007,1,HappyBirthday,766,8395.27,F,1,0.249766,1.44171,5688.09,91.7587,F
3007,1,HappyBirthday,835,28835.5,F,1,0.00379756,1.07152,664.619,1.18347,F
3007,1,HappyBirthday,941,3650.03,F,1,0.001584,1.37684,1.1109,0.495678,F
3008,1,HappyBirthday,1201,1460,M,1,0.000162851,0.571139,7987.51,0.650664,F
3008,1,HappyBirthday,198,16790.1,F,1,0.271146,0.706637,2747.43,98.5198,F
3008,1,HappyBirthday,865,3285.72,M,1,0.00183327,0.32519,46.9249,0.570707,F
3008,1,Births,1361,0,F,0,0,0.0217704,0,0,F
3009,1,Births,1362,0,M,0,0,0.06477,0,0,F
3010,1,HappyBirthday,1322,365,F,1,0.552104,0.10043,30893.9,959.044,F
3010,1,HappyBirthday,611,14600.5,M,1,0.0041304,0.623181,508.3,1.28781,F
3010,1,HappyBirthday,913,4015.1,M,1,0.380475,0.723165,13150.5,795.246,F
3010,1,HappyBirthday,1013,2920,F,1,0.016597,0.332457,1186.26,13.6886,F
3011,1,HappyBirthday,213,6570.46,M,1,0.00617606,1.37543,684.615,2.35241,F
3011,1,HappyBirthday,1323,365,M,1,0.0066865,0.0440013,107677,51.0547,F
3012,1,HappyBirthday,12,14235.9,M,1,0.000784097,0.287921,0.341893,0.243688,F
3012,1,HappyBirthday,414,17155,M,1,0.0759964,2.00714,91.4676,34.5112,F
3013,1,HappyBirthday,405,35770.2,F,1,0.00534296,9.31283,47.262,2.02441,F
3014,1,HappyBirthday,406,4745.69,F,1,0.00556774,0.127825,199.643,2.61123,F
3015,1,HappyBirthday,105,4745.5,F,1,0.267529,0.27268,10237.2,116.044,F
3015,1,HappyBirthday,224,30660.7,F,1,0.0046149,2.09979,21.7554,1.49643,F
3016,1,HappyBirthday,982,3650.03,M,1,0.000647657,0.276467,0.188495,0.201427,F
3017,1,HappyBirthday,144,6935.74,F,1,0.006553,3.27555,28.8122,2.07851,F
3017,1,HappyBirthday,159,9490.26,M,1,0.136646,1.55598,38.0883,48.3945,F
3017,1,HappyBirthday,1324,365,M,1,0.513935,0.0603907,1871.07,270.796,F
3017,1,HappyBirthday,952,6205.04,F,1,0.000580212,2.28441,6.36755,0.183132,F
3017,1,HappyBirthday,1287,730,M,1,0.183128,0.39633,336.18,63.1625,F
3018,1,HappyBirthday,19,12045.2,F,1,0.00204734,1.78598,0.0661688,0.637032,F
3018,1,HappyBirthday,1152,1825,F,1,0.663647,0.0300931,0.894298,338.645,F
3019,1,HappyBirthday,203,8030.35,M,1,0.0538088,1.41807,180.574,18.0257,F
3019,1,HappyBirthday,863,4015.11,M,1,0.113945,0.94176,792.694,37.9433,F
3020,1,HappyBirthday,682,5110.91,M,1,0.0136555,1.83981,0.0306183,4.27307,F
3021,1,HappyBirthday,521,4015.98,F,1,0.102921,1.02293,993.494,33.7722,F
3021,1,HappyBirthday,551,14600.2,M,1,0.903362,0.343491,193.628,901.115,F
3021,1,HappyBirthday,878,13140.8,F,1,0.0276313,0.758922,4184.36,44.8759,F
3022,1,HappyBirthday,184,10585.4,M,1,0,0.00882808,0.0817626,0,F
3022,1,HappyBirthday,482,4380.3,F,1,0.00515945,1.08596,25.7899,1.76103,F
3022,1,HappyBirthday,832,4745.09,F,1,0.125541,1.05308,136.668,42.3587,F
3022,1,HappyBirthday,1153,1825,M,1,0,0.00418859,0,0,F
3022,1,HappyBirthday,1101,2190,F,1,0.00581531,0.649323,2201.16,13.6087,F
3022,1,Births,1363,0,F,0,0,0.0577133,0,0,F
3022,1,Births,1364,0,M,0,0,0.422425,0,0,F
3023,1,HappyBirthday,968,11680.8,F,1,0.102258,1.21897,570.121,38.1499,F
3024,1,HappyBirthday,103,5475.22,F,1,0.000462247,0.142728,32.7607,0.143845,F
3024,1,HappyBirthday,1289,730,F,1,0.0010867,2.27685,66.7518,0.437585,F
3024,1,HappyBirthday,1288,730,F,1,0.278434,0.217699,1600.04,132.304,F
3024,1,HappyBirthday,1244,1095,F,1,0.0275932,2.22764,6109.4,70.2294,F
3025,1,HappyBirthday,613,17520.3,F,1,0.0623623,2.20619,1246.51,25.3245,F
3025,1,HappyBirthday,888,10950.1,M,1,0.0445434,3.74628,6556.68,39.7591,F
3026,1,HappyBirthday,268,15695.3,M,1,0.0354387,1.71162,134.982,18.2906,F
3026,1,HappyBirthday,402,30660.9,M,1,0.000605216,1.17386,57047.4,2.29725,F
3026,1,HappyBirthday,754,25550.1,M,1,0.000600799,0.0995229,71.7223,0.20666,F
3026,1,HappyBirthday,1058,2555,M,1,0.24859,0.285512,2831.07,268.631,F
3026,1,HappyBirthday,979,8395.87,F,1,0.00646066,2.51737,1949.99,8.23632,F
3027,1,HappyBirthday,185,11315.2,M,1,0.000665882,0.686688,7.79488,0.209885,F
3027,1,HappyBirthday,205,6570.07,M,1,0.162082,0.319494,10391,295.216,F
3027,1,HappyBirthday,223,11315.7,F,1,0.197734,2.75955,35.7334,79.6524,F
3027,1,HappyBirthday,1102,2190,M,1,0.00767565,0.173816,274.36,3.46764,F
3027,1,HappyBirthday,1202,1460,M,1,0.0901099,0.0804208,55.1404,34.6665,F
3027,1,Births,1365,0,F,0,0,0.00162847,0,0,F
3028,1,HappyBirthday,155,6570.48,F,1,0.0298097,0.230833,230.953,12.7124,F
3029,1,HappyBirthday,1155,1825,F,1,0.636626,12.382,819.584,348.351,F
3030,1,HappyBirthday,885,4015.08,M,1,0.0101869,0.184106,50.6219,3.4541,F
3031,1,HappyBirthday,400,3650.76,M,1,0.0175311,0.467107,2738.65,10.5197,F
3031,1,HappyBirthday,472,7300,M,1,0.00836122,0.610755,190.607,3.60822,F
3031,1,HappyBirthday,807,6935.42,F,1,0.00158225,2.49144,410.608,1.21856,F
3031,1,HappyBirthday,1156,1825,F,1,0.525991,0.519325,5657.1,525.142,F
3031,1,HappyBirthday,997,10950.9,M,1,0.623975,0.09081,194.223,314.561,F
3032,1,HappyBirthday,289,19345.6,F,1,0.02051,0.146865,108.461,7.60177,F
3032,1,HappyBirthday,395,9490.02,M,1,0.00578188,1.31267,28.3193,1.88206,F
3032,1,HappyBirthday,1015,2920,F,1,0.00251329,0.851914,1719.31,1.01914,F
3032,1,Births,1366,0,M,0,0,0.00575704,0,0,F
3033,1,HappyBirthday,1203,1460,F,1,0.0261723,0.975419,41.3635,9.70229,F
3034,1,HappyBirthday,69,5475.49,M,1,0.261595,1.86495,3.08093,94.4337,F
3034,1,HappyBirthday,1245,1095,M,1,0.0779648,1.50771,27.4788,26.4012,F
3035,1,HappyBirthday,1016,2920,F,1,0.000164267,0.0404169,1357.16,0.136385,F
3035,1,HappyBirthday,719,5475.48,F,1,0.00292831,10.8894,56.1107,0.98322,F
3035,1,HappyBirthday,1204,1460,M,1,0.10069,0.109855,87.4377,38.1149,F
3035,1,HappyBirthday,1290,730,M,1,0.135832,0.101453,5486.63,78.861,F
3035,1,HappyBirthday,1017,2920,F,1,0.031793,0.39675,5.96599,10.3313,F
3036,1,HappyBirthday,481,4380.15,M,1,0.000263033,0.636517,0.211984,0.0819128,F
3037,1,HappyBirthday,1291,730,F,1,0.763529,0.0538592,28.6466,468.912,F
3037,1,HappyBirthday,535,3285.33,F,1,0.00238148,1.33399,8.03433,0.751364,F
3037,1,HappyBirthday,727,24455.7,M,1,9.0723e-05,1.8954,0,0.0282396,F
3038,1,HappyBirthday,1104,2190,F,1,0.0113656,0.0596798,6.23115,3.59075,F
3039,1,HappyBirthday,177,3650.39,M,1,0.00326915,0.3601,598.385,3.27227,F
3039,1,HappyBirthday,435,9490.31,M,1,0.0879186,6.2545,31.3579,29.7009,F
3040,1,HappyBirthday,1060,2555,M,1,0.00363923,0.0461434,77.4473,1.15585,F
3041,1,HappyBirthday,386,3650.28,F,1,0.0247856,0.129366,1884.39,22.9735,F
3041,1,HappyBirthday,1246,1095,M,1,0.0702218,0.0297202,89.7967,30.2598,F
3042,1,HappyBirthday,970,5110.23,F,1,0.0840313,0.177921,485.262,47.8557,F
3043,1,HappyBirthday,1207,1460,F,1,0.141381,2.5479,28368.2,126.148,F
3043,1,HappyBirthday,281,10220.5,M,1,0.00232271,0.4567,4.4717,0.725463,F
3043,1,HappyBirthday,421,20075.3,F,1,0.515379,1.86866,199.482,233.142,F
3043,1,HappyBirthday,720,9125.76,F,1,0.00660101,0.0925387,53.3079,2.48078,F
3043,1,HappyBirthday,819,15330.4,F,1,0.131975,0.925132,20.6307,46.4745,F
3043,1,HappyBirthday,1206,1460,F,1,0.0559784,0.0373072,168011,540.176,F
3043,1,HappyBirthday,1205,1460,M,1,0.00457915,0.471798,18.3796,1.52159,F
3044,1,HappyBirthday,561,11315.6,F,1,0.00105214,1.38208,13.8283,0.349835,F
3044,1,HappyBirthday,753,32120.6,F,1,0.0222558,17.3806,8.88778,7.09902,F
3044,1,HappyBirthday,845,10950.3,M,1,0.00435624,0.0158715,568.5,2.05863,F
3045,1,HappyBirthday,456,10585.3,M,1,0.00101438,0.509102,278.242,0.698361,F
3045,1,HappyBirthday,1247,1095,M,1,0.566284,0.535009,138.837,354.855,F
3045,1,HappyBirthday,1018,2920,F,1,0.0027524,4.15411,5939.79,1.56703,F
3045,1,HappyBirthday,702,17155,M,1,0.00253528,0.133111,10.1597,0.821148,F
3045,1,HappyBirthday,882,4380.84,F,1,0.112244,1.44951,6920.13,168.467,F
3046,1,HappyBirthday,188,4745.92,M,1,0.0121515,0.388802,965.186,8.78981,F
3046,1,Births,1367,0,F,0,0,0.164207,0,0,F
3047,1,HappyBirthday,218,13870.8,F,1,0.00667309,1.9559,39.6668,2.25603,F
3047,1,HappyBirthday,397,5475.73,M,1,2.32827e-05,2.35348,2833.43,0.0527401,F
3047,1,HappyBirthday,816,28105.4,M,1,0.0702629,0.718109,9.01592,22.8314,F
3047,1,HappyBirthday,1326,365,M,1,0.00429925,1.84622,76.6242,1.48556,F
3047,1,HappyBirthday,1327,365,M,1,0.44588,0.326162,2316.33,339.901,F
3048,1,HappyBirthday,52,7300.83,F,1,0.000160332,0.216411,60288.9,1.05408,F
3049,1,HappyBirthday,1248,1095,M,1,0.967091,0.0288218,396.266,1573.22,F
3049,1,HappyBirthday,708,29930.5,F,1,0.00227401,110.019,0.0226438,0.707759,F
3049,1,HappyBirthday,728,11315.5,M,1,0.00930269,0.128637,35.0742,3.04349,F
3049,1,Births,1368,0,M,0,0,0.190856,0,0,F
3051,1,HappyBirthday,243,9125.63,M,1,0.0640187,0.749853,282.918,29.3802,F
3051,1,HappyBirthday,318,8395.92,F,1,0.191111,14.8016,0.500299,65.9582,F
3051,1,HappyBirthday,1292,730,M,1,0.0904666,0.0328548,32.1852,30.2634,F
3051,1,HappyBirthday,635,17520.2,F,1,0.0987335,1.10689,13.8635,34.1674,F
3051,1,HappyBirthday,910,8760.75,M,1,0.002348,0.57855,72.753,0.794461,F
3051,1,HappyBirthday,988,3650.7,M,1,0.00020779,1.26268,16240.9,0.50454,F
3052,1,HappyBirthday,773,5475.75,F,1,0.0076028,0.486905,3497.06,10.5868,F
3053,1,HappyBirthday,1106,2190,F,1,0.0420662,0.353871,0.342403,13.3561,F
3053,1,HappyBirthday,645,6570.81,M,1,0.0047137,1.22898,1920.96,5.45793,F
3054,1,HappyBirthday,319,9125.07,F,1,0.00208741,1.75531,4102.2,1.0169,F
3054,1,Births,1369,0,M,0,0,0.0517112,0,0,F
3055,1,HappyBirthday,70,5110.01,M,1,0.0305593,0.345201,413.647,15.0047,F
3056,1,HappyBirthday,357,10585.8,M,1,0.000215056,0.0387682,44939,0.629115,F
3057,1,HappyBirthday,502,8395.58,M,1,0.187643,0.201585,7.07249,64.6779,F
3058,1,HappyBirthday,165,7665.93,M,1,0.230555,0.493411,124.168,81.4927,F
3058,1,HappyBirthday,356,7665.58,M,1,0.0118701,0.316025,13.7245,3.96505,F
3058,1,HappyBirthday,572,26645.5,M,1,0.246084,0.0628722,3809.73,89.5958,F
3058,1,HappyBirthday,909,13140.3,M,1,0.000337204,1.29619,9.5404,0.105011,F
3058,1,HappyBirthday,943,5475.56,M,1,0.00986803,5.75305,2.32036,3.08228,F
3059,1,HappyBirthday,654,6570.43,M,1,0.0653854,0.372278,122.708,21.2595,F
3061,1,HappyBirthday,1328,365,M,1,0.837539,0.0384559,66.0549,625.551,F
3061,1,HappyBirthday,706,6570.88,M,1,0.00888025,0.32828,8.27912,2.81211,F
3061,1,HappyBirthday,994,20075.7,F,1,0.189507,0.490285,304.749,70.2062,F
3062,1,HappyBirthday,1157,1825,F,1,0.67695,0.0394156,382.843,392.998,F
3062,1,HappyBirthday,147,5110.23,F,1,0.172182,0.0438085,3910.94,142.593,F
3062,1,HappyBirthday,265,3285.32,M,1,0.250992,0.0431709,13232,1251.49,F
3062,1,HappyBirthday,590,22996,F,1,0.000132619,0.87857,25.4485,0.0461244,F
3063,1,HappyBirthday,85,9125.89,M,1,0.12351,0.910757,30.3468,41.3024,F
3063,1,HappyBirthday,777,8760.46,M,1,0.0883166,2.2549,2.59584,29.0586,F
3064,1,HappyBirthday,71,5840.39,F,1,0.010974,0.126366,42204,26.1213,F
3064,1,HappyBirthday,176,27375.1,F,1,0.0336303,0.0803835,1257.67,19.2148,F
3064,1,HappyBirthday,249,7300.67,F,1,0.029999,9.97056,643.246,33.7014,F
3064,1,HappyBirthday,643,3285.22,F,1,0.00324226,0.090417,5.66177,1.03705,F
3065,1,HappyBirthday,782,15330,M,1,0.00384192,0.576749,39.353,1.26443,F
3066,1,HappyBirthday,97,13140.8,M,1,0.000960868,3.00047,831.41,0.342783,F
3066,1,HappyBirthday,439,5110.32,M,1,0.000194936,0.387678,40.402,0.0690802,F
3066,1,HappyBirthday,767,8395.99,F,1,0,0.00675444,0,0,F
3067,1,HappyBirthday,344,10585.3,M,1,0.0490923,0.60287,101.311,21.6262,F
3067,1,HappyBirthday,705,35770.8,F,1,0.00120491,1.32449,37374.2,4.0835,F
3067,1,Births,1370,0,M,0,0,0.0452579,0,0,F
3068,1,HappyBirthday,228,3285.5,M,1,0.00487539,0.633907,461.031,2.54363,F
3068,1,HappyBirthday,236,4380.08,F,1,0.225534,7.51232,5837.21,90.5131,F
3068,1,HappyBirthday,1158,1825,M,1,0.0755654,1.13748,319.226,25.7686,F
3069,1,HappyBirthday,1022,2920,F,1,0.0113038,0.637051,14.4556,3.6223,F
3069,1,HappyBirthday,695,8030.37,F,1,0.00335601,0.541831,0.331286,1.04545,F
3069,1,HappyBirthday,1063,2555,M,1,0.296135,0.217786,20.9314,115.08,F
3069,1,HappyBirthday,789,28105.5,M,1,0.444787,0.455481,11.651,185.903,F
3069,1,HappyBirthday,1208,1460,M,1,0.180532,0.206188,63.6465,75.7986,F
3070,1,HappyBirthday,409,28470.2,F,1,0.121567,19.6813,149.347,68.4358,F
3070,1,HappyBirthday,621,6935.3,F,1,6.57816e-05,0.340519,753.501,0.0754165,F
3071,1,HappyBirthday,1209,1460,M,1,0.000132877,0.00793804,205896,1.34698,F
3071,1,HappyBirthday,942,10585.2,F,1,0.178608,0.724599,714.097,70.5119,F
3072,1,HappyBirthday,772,7665.29,F,1,1.38558e-05,0.0165985,50816.4,0.0340254,F
3073,1,HappyBirthday,215,20440.9,F,1,0.00448457,0.305141,2.8377,1.41338,F
3073,1,HappyBirthday,235,18980.8,F,1,0.147618,7.71508,4040.01,60.9,F
3073,1,HappyBirthday,833,7300.44,M,1,0.0184087,3.10624,60675.7,34.4038,F
3073,1,HappyBirthday,856,8395.53,F,1,8.30062e-05,1.46781,24181.9,0.0587416,F
3073,1,Births,1371,0,M,0,0,0.0800071,0,0,F
3074,1,HappyBirthday,145,15330.7,F,1,0.0330153,3.38762,28405.9,102.921,F
3074,1,HappyBirthday,240,5110.94,F,1,0.00623464,1.39579,4.02137,1.95802,F
3074,1,HappyBirthday,1249,1095,M,0,0,0.00350239,0,0,F
3075,1,HappyBirthday,555,3650.96,F,1,0.107819,0.111543,215.364,43.0893,F
3075,1,HappyBirthday,646,15330.5,M,1,0.0349467,5.29259,1466.88,40.0452,F
3076,1,HappyBirthday,668,4745.7,M,1,0.0934817,0.768894,3145.48,33.1393,F
3076,1,HappyBirthday,1329,365,M,1,0.155831,0.238732,11188.7,255.514,F
3077,1,HappyBirthday,415,35405.8,M,1,0.03449,0.834593,24.7632,10.9194,F
3077,1,HappyBirthday,538,11680.9,F,1,0.0536338,0.827609,5.51382,17.1345,F
3078,1,HappyBirthday,393,6570.92,F,1,0.00272465,3.06223,0.540681,0.848139,F
3079,1,HappyBirthday,101,9125.51,M,1,0.223544,0.353065,282.652,80.9741,F
3079,1,HappyBirthday,1064,2555,F,1,0.192549,0.128151,127.219,76.7,F
3080,1,HappyBirthday,494,10950.1,F,1,0.00228974,1.89712,0.045113,0.712363,F
3081,1,HappyBirthday,1159,1825,M,1,0.091933,4.45247,210.27,53.0163,F
3081,1,HappyBirthday,108,15695.1,F,1,0.000310874,0.109953,39327.2,0.359743,F
3081,1,HappyBirthday,1250,1095,F,1,0.0831698,0.0707578,840.316,111.078,F
3081,1,HappyBirthday,1210,1460,F,1,0.0013596,0.21925,92762.3,9.36792,F
3082,1,HappyBirthday,88,5475.1,M,1,0.310995,1.13085,7.85226,117.139,F
3082,1,Births,1372,0,F,0,0,0.239268,0,0,F
3083,1,HappyBirthday,31,9125.14,F,1,0.0413786,0.340462,154.089,21.4929,F
3083,1,HappyBirthday,364,10585.2,F,1,0.020297,1.6605,0.386438,6.38146,F
3083,1,HappyBirthday,478,4380.04,F,1,0.00809448,1.05209,477.999,4.23087,F
3083,1,HappyBirthday,675,13870.9,M,1,0.0176737,7.92757,9.59648,5.81037,F
3083,1,HappyBirthday,722,18615.2,M,1,9.33133e-05,0.738232,38008.8,0.122733,F
3083,1,HappyBirthday,1293,730,M,1,0.843786,0.38996,92.2127,661.523,F
3084,1,HappyBirthday,725,17155.5,M,1,0.0903592,0.0686243,7968.26,539.597,F
3084,1,HappyBirthday,1331,365,F,1,0.152431,0.154549,94458.5,1109.56,F
3084,1,HappyBirthday,1330,365,F,1,0.0389287,0.115284,273.63,24.8179,F
3085,1,HappyBirthday,86,9125.97,F,1,0.00334322,13.5027,1.19662,1.04692,F
3085,1,HappyBirthday,167,9490.1,F,1,0.00707154,1.24277,31.8506,2.54349,F
3085,1,Births,1373,0,F,0,0,0.0371787,0,0,F
3086,1,HappyBirthday,1023,2920,M,1,0.000384293,0.0242409,3893.7,0.467435,F
3086,1,HappyBirthday,923,13140.6,F,1,0.0903759,0.130614,0.326186,29.4439,F
3087,1,HappyBirthday,257,14600.3,M,1,0.264289,4.63438,2149.79,471.916,F
3087,1,HappyBirthday,978,32120.8,F,1,0.0903796,0.532768,3158.52,29.7784,F
3087,1,HappyBirthday,1332,365,M,1,0.515149,0.160328,63.126,282.983,F
3088,1,HappyBirthday,1333,365,M,1,0.00140235,0.115127,23.0454,0.481801,F
3090,1,HappyBirthday,49,16425.4,M,1,0.0235267,0.774075,0.0154654,7.3988,F
3090,1,HappyBirthday,253,14600.6,M,1,0.000102316,0.704148,9175.28,0.273368,F
3090,1,HappyBirthday,889,5110.28,F,1,0.0482119,1.10279,265.5,15.7923,F
3090,1,HappyBirthday,957,8030.1,F,1,0.00354677,3.85536,88.2902,1.12063,F
3091,1,HappyBirthday,74,7665.87,M,1,0.504971,1.1302,767.519,449.534,F
3091,1,HappyBirthday,269,13870.4,M,1,0.0136175,0.262737,24.0522,4.26208,F
3091,1,HappyBirthday,901,3650.24,F,1,0.0498888,0.48864,0.0642245,15.9053,F
3092,1,HappyBirthday,1108,2190,M,1,0.000315643,0.0291381,93.2734,0.11196,F
3092,1,HappyBirthday,931,4745.57,F,1,0.000173319,0.552746,119.291,0.054001,F
3093,1,HappyBirthday,72,10220.3,M,1,0.0139478,0.462927,0.345793,4.36792,F
3093,1,HappyBirthday,447,8030.75,M,1,0.00832514,1.37453,1.57876,2.6061,F
3093,1,HappyBirthday,693,8760.74,F,1,0.00558622,5.53758,743.829,1.87685,F
3094,1,HappyBirthday,380,18615.9,F,1,0.104466,2.19233,262.952,39.1422,F
3094,1,HappyBirthday,1160,1825,F,1,0.0119842,2.89533,16377.3,9.47209,F
3094,1,HappyBirthday,752,6205.04,M,1,0.3143,11.7972,5428.68,296.068,F
3095,1,HappyBirthday,162,11680.8,F,1,0.130008,4.19365,40.8387,49.8744,F
3095,1,HappyBirthday,190,10950.6,M,1,0.0954225,1.5397,2.26303,31.3543,F
3095,1,HappyBirthday,255,3285.45,M,1,0.000517588,0.32775,1583.7,1.16288,F
3095,1,HappyBirthday,352,22266,F,1,0.00519126,0.130015,109.83,1.8883,F
3095,1,HappyBirthday,898,8030.23,F,1,0.00205799,6.08606,102.319,0.656684,F
3095,1,Births,1374,0,M,0,0,0.140716,0,0,F
3096,1,HappyBirthday,276,4745.23,M,1,0.0219375,1.71617,307.183,6.90935,F
3096,1,HappyBirthday,468,16425.1,M,1,0.0372986,0.704885,212.057,21.0538,F
3096,1,HappyBirthday,469,4015.78,F,1,0.000617444,0.966979,229.025,0.270554,F
3096,1,HappyBirthday,520,5840.59,F,1,0.000775424,0.843712,1.61147,0.241605,F
3096,1,HappyBirthday,734,4380.02,F,1,0.00594853,0.65944,1247.49,1.91548,F
3097,1,HappyBirthday,79,14600.7,M,1,0.000821916,0.681678,20.3647,0.263289,F
3097,1,HappyBirthday,1211,1460,F,1,0.0930886,1.13804,1291.19,67.0984,F
3097,1,Births,1375,0,F,0,0,0.0650104,0,0,F
3098,1,Births,1376,0,M,0,0,3.01227,0,0,F
3099,1,HappyBirthday,333,6205.62,M,1,0.000563087,3.29704,2155.77,1.25326,F
3099,1,HappyBirthday,407,5475.06,M,1,0.404173,0.130632,2549.27,564.839,F
3100,1,HappyBirthday,1161,1825,F,1,0.0414861,0.0588626,2.12402,13.2333,F
3100,1,HappyBirthday,1109,2190,M,1,0.00183504,0.105516,75.4134,0.634,F
3100,1,HappyBirthday,377,13870.8,M,1,6.51137e-05,3.53814,9331.28,0.433752,F
3100,1,HappyBirthday,1162,1825,M,1,0.391519,2.595,3276.75,750.34,F
3101,1,HappyBirthday,332,26280.9,F,1,0.0538997,0.274932,9.82808,17.9177,F
3101,1,HappyBirthday,683,13505.9,F,1,0.02563,1.28204,182.94,10.178,F
3102,1,HappyBirthday,96,5840.9,M,1,0.0875392,2.33843,15.9196,28.4702,F
3102,1,HappyBirthday,503,14235.9,M,1,0.869443,1.33723,1796.64,1072.82,F
3102,1,HappyBirthday,1336,365,M,1,0.421784,11.8467,37121.3,708.201,F
3102,1,HappyBirthday,959,3650.56,F,1,0.0188409,0.119099,1.52673,5.95364,F
3103,1,HappyBirthday,46,27375.9,M,1,0.880454,0.114623,90.4057,722.727,F
3103,1,HappyBirthday,208,5840.03,M,1,0.0264063,1.02966,18.109,8.54391,F
3103,1,HappyBirthday,701,5110.39,F,1,0.00331331,0.329552,0.452888,1.03197,F
3104,1,HappyBirthday,174,24091,F,1,0.0174956,0.494295,1388.63,7.44349,F
3104,1,HappyBirthday,1252,1095,M,1,0.0359406,0.980665,113.56,13.0963,F
3104,1,HappyBirthday,1294,730,M,1,0.643458,0.597698,123.207,440.929,F
3104,1,HappyBirthday,730,12045.3,F,1,9.62242e-07,0.504143,5629.84,0.0034146,F
3104,1,HappyBirthday,785,5840.48,M,1,0.041798,1.84276,0.50029,13.2857,F
3104,1,HappyBirthday,829,26280,M,1,0.000898247,7.41718,1.20606,0.279861,F
3105,1,HappyBirthday,39,5475.99,M,1,1.67929e-05,0.244474,50257.8,0.165966,F
3105,1,HappyBirthday,449,12775,F,1,0.000582377,7.30174,283.389,0.208298,F
3105,1,HappyBirthday,490,12411,M,1,0.380919,4.98162,478.422,220.023,F
3105,1,HappyBirthday,736,12045,F,1,0.203816,0.407036,735.341,75.3446,F
3105,1,HappyBirthday,1212,1460,M,1,0.0129351,2.9949,0.521704,4.04616,F
3106,1,HappyBirthday,1110,2190,F,1,0.157791,1.1843,51.1897,56.4492,F
3106,1,HappyBirthday,271,29930.4,M,1,0.0288543,0.077087,3546.05,47.4183,F
3106,1,HappyBirthday,1163,1825,F,1,0.00403961,0.221308,0.0134697,1.25756,F
3106,1,HappyBirthday,893,16790.1,M,1,0.00514449,0.0398315,2976.69,7.71934,F
3107,1,HappyBirthday,35,18250.7,F,1,0.00153321,1.3498,3595.35,0.478184,F
3107,1,HappyBirthday,1111,2190,M,1,0.612939,0.282111,21.2126,307.38,F
3107,1,HappyBirthday,926,8760.13,F,1,0.00785566,0.540399,0.280895,2.45215,F
3107,1,HappyBirthday,1337,365,F,1,0.0257932,0.0820615,1179.45,38.6398,F
3108,1,HappyBirthday,142,6935.26,F,1,0.855088,4.32845,23.5847,619.667,F
3108,1,HappyBirthday,341,28105.5,M,1,0.0796428,0.381723,128.204,29.4405,F
3108,1,HappyBirthday,873,24455.2,M,1,0.00360327,4.48123,9911.9,1.6215,F
3108,1,Births,1377,0,M,0,0,0.0236081,0,0,F
3109,1,HappyBirthday,511,10220.4,M,1,0.100464,0.155894,4.13226,32.952,F
3109,1,HappyBirthday,677,4380.03,M,1,0.000102317,0.0747191,16.6584,0.0325954,F
3109,1,HappyBirthday,1164,1825,F,1,0.0035979,0.0494289,813.972,1.1715,F
3110,1,HappyBirthday,65,9855.1,F,1,0.16958,2.77977,48.3368,60.0844,F
3110,1,HappyBirthday,66,3285.75,M,1,0.000807055,0.33416,1.42583e-05,0.250778,F
3111,1,HappyBirthday,517,15330.8,F,1,0.0012393,2.33107,3.61037,0.392427,F
3111,1,HappyBirthday,703,6935.76,F,1,0.0264996,0.354251,121.009,9.98058,F
3112,1,HappyBirthday,17,4380.94,M,1,0.0131438,0.422088,66.0506,4.5554,F
3113,1,HappyBirthday,821,21900.9,F,1,5.63508e-05,2.62627,6.0729,0.0176834,F
3113,1,Births,1378,0,M,0,0,0.00714991,0,0,F
3114,1,HappyBirthday,1165,1825,M,1,0.334006,0.0761542,7309.92,173.309,F
3114,1,HappyBirthday,532,10950.4,M,1,0.000211131,0.358824,66668,2.42871,F
3114,1,HappyBirthday,790,21170.8,F,1,0.306583,0.376258,0.966938,114.2,F
3114,1,HappyBirthday,1026,2920,F,1,0.0394621,9.04991,1497.76,37.122,F
3115,1,HappyBirthday,304,4380.03,F,1,0.373172,6.74952,200.661,162.572,F
3115,1,HappyBirthday,1112,2190,F,1,0.148335,1.78836,77.1291,67.1973,F
3115,1,HappyBirthday,817,14235.6,M,1,0.0120175,0.561276,124.837,5.84361,F
3116,1,HappyBirthday,1295,730,F,1,0.0485672,0.641975,586.227,29.2708,F
3116,1,HappyBirthday,940,22265.5,M,1,0.000287873,4.56903,47263.4,0.756609,F
3116,1,Births,1379,0,F,0,0,0.143786,0,0,F
3117,1,HappyBirthday,1338,365,M,1,0.488447,0.402274,91.5392,284.852,F
3117,1,HappyBirthday,200,3285.68,M,1,0.0618726,1.31571,3467.65,106.567,F
3117,1,HappyBirthday,363,34675.1,M,1,0.0471633,4.04582,58.9213,16.6628,F
3117,1,HappyBirthday,884,16791,M,1,0.0917484,2.42282,280.914,36.3961,F
3118,1,HappyBirthday,504,12410.9,F,1,0.000326868,0.299399,40394.3,1.55805,F
3118,1,Births,1380,0,M,0,0,0.30698,0,0,F
3119,1,HappyBirthday,581,11680.5,F,1,0.474625,1.9329,15961.3,1489.93,F
3120,1,HappyBirthday,1066,2555,M,1,0.01136,0.629226,7.59275,3.62674,F
3120,1,HappyBirthday,1027,2920,F,1,0.0172115,1.31588,11.5031,5.50062,F
3121,1,HappyBirthday,61,10585.7,M,1,0.648839,0.611052,1.89473,326.933,F
3121,1,HappyBirthday,81,18615.5,M,1,0.00719986,0.43479,41.1295,2.42456,F
3121,1,HappyBirthday,614,12410.3,F,1,0.0562393,4.88314,21.2276,18.6218,F
3121,1,HappyBirthday,820,10950.3,M,1,0.00429725,0.863655,1654.76,1.34669,F
3121,1,HappyBirthday,1296,730,F,1,0.0499569,0.32033,1829.45,73.3313,F
3121,1,Births,1381,0,M,0,0,0.0131554,0,0,F
3122,1,HappyBirthday,143,7300.76,F,1,0.0186242,10.9437,992.462,24.0719,F
3122,1,HappyBirthday,937,9125.81,M,1,0.217601,4.44991,133.055,87.7537,F
3123,1,HappyBirthday,398,13140.8,M,1,0.000133542,1.70735,68248.6,0.46897,F
3123,1,HappyBirthday,669,6205.55,M,1,0.0311577,3.01313,3654.88,18.0173,F
3123,1,Births,1382,0,M,0,0,0.117957,0,0,F
3124,1,HappyBirthday,32,3650.72,F,1,1.00724e-05,0.245576,3269.84,0.0347156,F
3124,1,HappyBirthday,1068,2555,M,1,0.271004,0.0314069,1085.83,425.152,F
3124,1,HappyBirthday,301,4380.19,M,1,0.0356451,6.13454,3.23542,11.2919,F
3124,1,HappyBirthday,531,11680.7,M,1,0.00163469,0.161324,556.426,0.912639,F
3124,1,HappyBirthday,542,18250.7,M,1,0.0576328,0.812329,27.5841,18.4695,F
3124,1,HappyBirthday,588,5840.94,M,1,0.00277924,0.253626,41.1319,0.933578,F
3125,1,HappyBirthday,1114,2190,F,1,0.0237638,0.0209573,13.5796,7.69885,F
3125,1,HappyBirthday,115,3285.77,F,1,5.94055e-05,0.507033,4199.87,0.071533,F
3125,1,HappyBirthday,1253,1095,M,1,0.0125935,1.1229,10626.6,18.6538,F
3125,1,HappyBirthday,308,4015.27,M,1,0.00162853,0.595344,0.0235948,0.506379,F
3126,1,HappyBirthday,87,8395.79,M,1,0.683714,0.184205,126.348,432.999,F
3126,1,HappyBirthday,221,19345.1,M,1,0.0632948,0.433033,342.967,31.1032,F
3126,1,HappyBirthday,644,12410.2,F,1,0.0727374,0.277772,4400.04,45.626,F
3126,1,HappyBirthday,1069,2555,M,1,0.163689,0.0344599,30.7917,56.0077,F
3127,1,HappyBirthday,1028,2920,F,1,0.0321357,5.77412,23.8916,10.378,F
3127,1,HappyBirthday,1029,2920,F,1,0.0139339,1.28064,35493,50.4176,F
3127,1,HappyBirthday,1115,2190,F,1,0.00592061,8.50227,318.85,2.25963,F
3127,1,HappyBirthday,895,10585.6,F,1,0.100808,0.339559,11.1973,33.139,F
3128,1,HappyBirthday,761,10585.7,M,1,0.0136272,1.94016,2253.57,36.7118,F
3128,1,Births,1383,0,F,0,0,0.68134,0,0,F
3129,1,HappyBirthday,287,9855.89,F,1,0.00411134,2.37228,22095.7,12.2961,F
3129,1,HappyBirthday,1070,2555,F,1,0.118637,0.0096436,755.941,125.613,F
3129,1,HappyBirthday,1297,730,M,1,0.159116,0.283616,147.386,64.3719,F
3129,1,HappyBirthday,633,12045.4,M,1,0.00068969,11.0677,24.0152,0.221783,F
3130,1,HappyBirthday,1254,1095,M,1,0.000763806,0.166967,104607,5.63616,F
3131,1,HappyBirthday,875,10585.6,F,1,0.272959,20.1623,335.949,233.038,F
3131,1,Births,1384,0,F,0,0,0.114632,0,0,F
3132,1,HappyBirthday,314,23725.6,F,1,0.298624,0.366133,631.152,176.943,F
3133,1,HappyBirthday,306,3650.97,M,1,0.027659,0.539254,2.08725,8.79358,F
3134,1,HappyBirthday,793,9490.17,F,1,0.123457,1.28998,1.03003,41.0713,F
3134,1,HappyBirthday,1256,1095,F,1,0.613106,0.533896,9.03373,304.581,F
3135,1,HappyBirthday,22,11315.1,M,1,0.00524601,0.900144,791.812,2.09927,F
3136,1,HappyBirthday,189,9125.98,M,1,0.0015272,0.421146,81.6683,0.608921,F
3136,1,HappyBirthday,197,11315.5,M,1,0.152572,1.83074,28.0142,51.7059,F
3136,1,HappyBirthday,222,12410.2,M,1,0.000133933,0.651067,1984.65,0.338083,F
3136,1,HappyBirthday,342,3650.12,F,1,0.212338,0.523247,625.878,85.6414,F
3137,1,HappyBirthday,156,5110.59,F,1,0.00387531,0.112377,5.13517,1.20679,F
3137,1,HappyBirthday,1116,2190,M,1,0.0177622,1.72732,5526.26,19.1047,F
3137,1,HappyBirthday,1117,2190,M,1,0.000193791,0.342165,5274.68,0.438808,F
3137,1,Births,1385,0,F,0,0,0.0277507,0,0,F
3138,1,HappyBirthday,1118,2190,M,1,0.0765166,0.139611,18321.9,343.083,F
3138,1,HappyBirthday,1031,2920,M,1,0.00393814,0.237869,1228.49,2.20309,F
3139,1,HappyBirthday,94,5110.6,M,1,0.0202002,1.23643,173.303,6.35226,F
3139,1,HappyBirthday,237,4380.12,M,1,0.0157281,0.00617325,3609.51,5.47272,F
3139,1,HappyBirthday,305,14600.9,M,1,0.00503702,4.86805,43.3947,1.58716,F
3139,1,HappyBirthday,631,14965.4,F,1,0.00149572,8.6446,58214.3,7.5567,F
3139,1,HappyBirthday,747,6935.18,M,1,0.0296251,1.0022,22.0009,9.64085,F
3140,1,HappyBirthday,748,10585.6,F,1,0.0607852,4.24522,3582.43,40.9463,F
3140,1,HappyBirthday,1071,2555,M,1,0.00469461,3.67904,3032.05,1.56104,F
3140,1,HappyBirthday,1339,365,F,1,0.0344673,0.0906157,49.4964,11.8407,F
3141,1,HappyBirthday,95,3650.25,F,1,0.00167364,0.635875,0.137375,0.520504,F
3141,1,HappyBirthday,776,4380.6,F,1,0.0489321,0.175068,0.274426,15.598,F
3141,1,HappyBirthday,843,13505.5,M,1,0.000644823,0.849972,2.8e-06,0.200378,F
3143,1,HappyBirthday,76,23360,M,1,0.108737,0.320753,7337.14,55.0454,F
3143,1,HappyBirthday,1214,1460,F,1,0.0130743,0.364308,4.21605,4.17869,F
3143,1,HappyBirthday,1167,1825,F,1,0.0467424,0.292855,33.6477,16.8594,F
3144,1,HappyBirthday,258,24820.9,M,1,0.577819,2.19336,28.4643,291.077,F
3144,1,HappyBirthday,1072,2555,M,1,0.121126,2.57233,2.44329,40.3426,F
3145,1,HappyBirthday,1215,1460,F,1,0.00675621,0.0438537,19.3299,2.25164,F
3145,1,HappyBirthday,721,21900.5,M,1,0.0151274,4.51434,2234.64,4.87242,F
3145,1,HappyBirthday,920,4015.1,M,1,0.251915,3.12937,28.652,96.4121,F
3146,1,HappyBirthday,1032,2920,F,1,0.0300552,0.33155,72.415,10.9424,F
3146,1,HappyBirthday,814,28835.1,M,1,0,1.22348,44.2247,0,F
3147,1,HappyBirthday,881,5840.01,M,1,6.87965e-05,75.9648,59701.7,0.391646,F
3147,1,HappyBirthday,1257,1095,F,1,0.000465428,0.870998,13.8866,0.150072,F
3148,1,HappyBirthday,484,16790.4,F,1,0.0013696,0.661385,23.6213,0.475126,F
3148,1,HappyBirthday,1033,2920,M,1,0.000603853,0.52276,6.26255e-05,0.18771,F
3149,1,HappyBirthday,1258,1095,F,1,0.0227299,0.0654323,41879.9,29.7943,F
3149,1,HappyBirthday,1298,730,M,1,0.00142181,0.214627,165.861,0.558354,F
3150,1,HappyBirthday,75,9855.32,F,1,0.00877367,0.364016,17.0178,2.7592,F
3150,1,HappyBirthday,454,20440.1,F,1,0.00324306,1.34318,7.72363,1.00964,F
3150,1,HappyBirthday,810,12775.2,M,1,0.000816768,2.60753,35.0529,0.287413,F
3150,1,HappyBirthday,850,5840.21,F,1,0.753044,1.85303,78.156,503.914,F
3150,1,HappyBirthday,986,5475.5,M,1,0.00286646,0.100865,0.164958,0.892175,F
3151,1,HappyBirthday,1299,730,M,1,0.000389907,3.95123,680.32,0.416077,F
3151,1,HappyBirthday,1119,2190,F,1,0.413842,0.0441063,114.333,183.839,F
3151,1,HappyBirthday,408,7665.22,M,1,0.140964,8.5959,28.3042,52.5454,F
3152,1,HappyBirthday,57,14965.1,F,1,0.197384,0.329428,3055.99,336.769,F
3152,1,HappyBirthday,462,15695.2,M,1,0.00107238,2.70785,11155,3.53442,F
3152,1,HappyBirthday,918,23725.2,M,1,0.00400306,0.0261317,26.7149,1.34456,F
3153,1,HappyBirthday,10,9125.79,F,1,0.228128,1.64404,692.805,85.4171,F
3153,1,HappyBirthday,212,10220.8,M,1,0.00147618,0.378793,50430.9,3.6006,F
3153,1,HappyBirthday,1300,730,M,1,0.00166012,0.143902,103.17,0.583823,F
3153,1,HappyBirthday,1073,2555,M,1,0.0111995,0.131367,0.057498,3.50052,F
3154,1,HappyBirthday,453,9490.8,M,1,0.0401286,3.09361,9.05242,13.0262,F
3155,1,HappyBirthday,126,6935.74,M,1,2.70095e-05,0.158681,8.6466,0.00869621,F
3155,1,HappyBirthday,1260,1095,F,1,0.00156042,0.0398171,78.2707,0.643438,F
3155,1,HappyBirthday,1341,365,M,1,0.635321,0.314007,714.765,616.079,F
3155,1,HappyBirthday,378,15695.8,F,1,0.000893293,5.05049,0.147253,0.277839,F
3155,1,HappyBirthday,496,6935.51,M,1,0.00224318,5.11437,15.0182,0.71253,F
3155,1,HappyBirthday,636,12775.3,M,1,0.0418281,6.70522,2.97713,13.2921,F
3156,1,HappyBirthday,1342,365,F,1,0.049828,0.12495,546.83,30.7262,F
3156,1,HappyBirthday,667,7300.82,M,1,0.109925,3.73538,2.12419,36.5187,F
3156,1,HappyBirthday,696,9490.19,M,1,0.0378492,10.8745,55.7514,13.022,F
3157,1,HappyBirthday,665,6570.09,F,1,0.144614,0.378484,9777.2,300.972,F
3157,1,HappyBirthday,688,6205.54,M,1,0.0499473,0.959375,104.726,18.1797,F
3158,1,HappyBirthday,170,14600.7,M,1,0.0978177,3.55199,488.556,53.5321,F
3158,1,HappyBirthday,616,4015.11,F,1,0.312762,0.420853,277.219,118.992,F
3159,1,HappyBirthday,110,3285.13,F,1,0.00339476,0.0346125,16264.4,3.32464,F
3160,1,HappyBirthday,501,18615.4,F,1,0.0374769,1.40974,39.1715,12.877,F
3161,1,HappyBirthday,519,7300.7,F,1,0,0.350265,58.105,0,F
3161,1,HappyBirthday,700,18616,F,1,0.0348018,3.09585,48.9527,11.9561,F
3161,1,HappyBirthday,927,19345.7,M,1,0.000722025,1.14774,10.6775,0.23486,F
3162,1,HappyBirthday,83,3650.19,F,1,0.254744,0.112703,6160.72,115.917,F
3162,1,HappyBirthday,310,8395.84,F,1,0.0165747,0.293227,21.8576,5.20493,F
3162,1,HappyBirthday,1301,730,F,1,0.00538059,0.085405,182.485,2.24466,F
3162,1,HappyBirthday,379,14600.8,F,1,0.0601045,0.439159,363.397,27.1074,F
3162,1,HappyBirthday,1034,2920,M,1,0.00774404,0.256141,0.176859,2.4158,F
3163,1,HappyBirthday,25,3285.06,M,1,0.206083,0.249822,1.99194,71.8669,F
3163,1,HappyBirthday,991,17885.8,M,1,0.00188614,1.761,494.337,0.914949,F
3164,1,HappyBirthday,883,9855.63,F,1,0.000307067,0.200242,24732.8,0.21066,F
3165,1,HappyBirthday,1261,1095,M,1,0.000783832,0.102965,42.0784,0.288106,F
3165,1,HappyBirthday,396,6570.19,F,1,0.0299192,0.610822,90.3476,10.7229,F
3165,1,HappyBirthday,1121,2190,F,1,0.014388,1.68371,122.593,5.05941,F
3166,1,HappyBirthday,196,6935.87,M,1,0.000580098,7.28233,106.322,0.209752,F
3166,1,HappyBirthday,1122,2190,M,1,0.0355171,0.818967,1033.52,11.4504,F
3166,1,HappyBirthday,1262,1095,F,1,0.161873,0.573869,5.97261,55.3709,F
3166,1,HappyBirthday,471,9490.43,M,1,0.409311,0.629738,8065.8,202.669,F
3168,1,HappyBirthday,226,17155.5,F,1,0.00158395,9.50012,23.8155,0.507965,F
3168,1,HappyBirthday,323,5110.32,M,1,0.385473,0.660656,241.396,286.081,F
3169,1,HappyBirthday,160,8030.22,M,1,0.00666602,2.68238,14004.4,3.76747,F
3169,1,HappyBirthday,294,4380.07,M,1,0.00257392,0.34875,0.470442,0.802042,F
3169,1,HappyBirthday,637,7300.71,M,1,0.429001,0.422968,115.594,210.464,F
3170,1,HappyBirthday,544,3285.89,F,1,0.0543852,0.0167988,34.045,19.8746,F
3170,1,HappyBirthday,545,29930.3,F,1,0.280403,14.9602,2.8405,102.437,F
3171,1,HappyBirthday,26,4745.08,F,1,0.0717013,5.32491,1.14469,23.1438,F
3171,1,HappyBirthday,512,9490.03,F,1,1.75553e-07,0.288991,15953,0.0010668,F
3171,1,HappyBirthday,568,4015.04,M,1,0.00106197,0.119682,29.6495,0.363366,F
3171,1,HappyBirthday,1218,1460,F,1,0.0303111,0.0220628,24343.7,21.4091,F
3171,1,HappyBirthday,969,10585.7,M,1,0.958387,2.34929,254.482,1458.86,F
3172,1,HappyBirthday,5,27010.6,M,1,0.00106659,0.1294,11.5262,0.336811,F
3172,1,HappyBirthday,458,3285.13,F,1,0.0732826,1.0481,9.19655,24.4629,F
3172,1,HappyBirthday,489,18615.8,F,1,0.280109,0.38492,1.61742,102.284,F
3172,1,HappyBirthday,1001,3285.39,M,1,0.370305,0.0733445,2261.65,372.023,F
3173,1,HappyBirthday,277,20075.8,F,1,0.000824709,6.42562,1.99096,0.25829,F
3173,1,HappyBirthday,577,9125.56,M,1,0.000527671,5.94466,234.723,0.308086,F
3173,1,HappyBirthday,1263,1095,M,1,0.0106622,0.336245,5491.45,4.19136,F
3174,1,HappyBirthday,768,17885.1,F,1,0.010569,2.93694,3311.3,7.46142,F
3174,1,HappyBirthday,1124,2190,F,1,0.0189477,1.90591,39.2881,6.25282,F
3175,1,HappyBirthday,1264,1095,F,1,0.609343,0.0901782,689.508,370.919,F
3175,1,Births,1386,0,F,0,0,0.0830528,0,0,F
3176,1,HappyBirthday,877,16790.1,M,1,0.00712615,0.19862,35.713,2.22841,F
3177,1,HappyBirthday,1126,2190,F,1,0.110293,1.30347,12.2266,36.3541,F
3177,1,HappyBirthday,724,5110.92,M,1,0.0510706,1.09432,6005.34,19.817,F
3177,1,HappyBirthday,1125,2190,F,1,0.124888,1.18427,0.160324,41.4828,F
3178,1,HappyBirthday,679,10950.9,F,1,0.0139119,43.0128,1400,28.6655,F
3180,1,HappyBirthday,548,7300.57,F,1,0.0823601,0.016193,703.592,72.4754,F
3180,1,HappyBirthday,932,33945.9,F,1,0.18664,1.66907,767.301,128.966,F
3181,1,HappyBirthday,99,4015.81,F,1,0.427429,3.69163,75.2944,196.534,F
3181,1,HappyBirthday,694,14600.9,M,1,0.00178806,1.13515,20.8183,0.604095,F
3181,1,HappyBirthday,743,5840.29,F,1,0.000902963,0.747784,12.4464,0.292111,F
3181,1,HappyBirthday,839,10585.6,M,1,0.0540628,7.61826,225.945,17.2728,F
3182,1,HappyBirthday,1343,365,M,1,0.000644687,0.0391327,3439.15,2.27443,F
3182,1,HappyBirthday,595,30660.3,F,1,0.00259689,9.00166,12.4046,0.811029,F
3183,1,HappyBirthday,498,5475.2,M,1,0.00178816,0.199042,1184.32,2.48732,F
3183,1,HappyBirthday,1036,2920,F,1,0.18035,0.0837843,11.2088,65.2126,F
3183,1,HappyBirthday,1344,365,M,1,0.000601402,0.201882,133.462,0.229653,F
3183,1,HappyBirthday,1035,2920,F,1,0.00786602,0.848039,833.682,4.29497,F
3184,1,HappyBirthday,4,20440.5,M,1,0.0220699,0.108111,349.315,10.2387,F
3184,1,HappyBirthday,375,5840.33,F,1,0.000526226,0.261845,194.905,0.177491,F
3185,1,HappyBirthday,24,21535.1,M,1,0.14522,0.277589,2721.73,147.322,F
3185,1,HappyBirthday,90,33215.4,F,1,0.00383778,0.637908,14.7676,1.28467,F
3185,1,HappyBirthday,1302,730,F,1,0.00560518,0.0777214,91.5289,1.9688,F
3185,1,HappyBirthday,744,12411,F,1,0.00201273,0.152906,43.5864,0.728159,F
3186,1,HappyBirthday,38,3650.4,F,1,0.571203,0.0524823,28.1419,288.898,F
3186,1,HappyBirthday,59,5475.86,F,1,0.165657,0.188634,3817.61,66.4326,F
3186,1,HappyBirthday,242,28105.9,F,1,0.00586779,26.1755,41.6654,1.93369,F
3186,1,HappyBirthday,280,7665.52,F,1,0.0133011,0.231748,46.8232,4.28469,F
3186,1,HappyBirthday,1127,2190,F,1,0.0273762,0.0183515,2849.14,19.5495,F
3187,1,HappyBirthday,336,5110.85,M,1,0.0137584,2.43775,185.428,5.6252,F
3187,1,HappyBirthday,425,3285.17,M,1,0.0328453,0.319328,110.747,11.1815,F
3187,1,HappyBirthday,477,12410.2,F,1,0.117013,0.610724,631.447,38.8672,F
3187,1,HappyBirthday,717,29930.3,M,1,0.00107014,0.334372,15.9468,0.359605,F
3187,1,HappyBirthday,917,16060.7,F,1,5.10221e-05,1.24006,5677.65,0.0498878,F
3188,1,HappyBirthday,950,18250.3,M,1,0.0279229,2.04655,13.2041,9.38393,F
3189,1,HappyBirthday,216,16060.4,M,1,0.0387488,3.93602,126.897,18.7827,F
3189,1,HappyBirthday,1303,730,M,1,0.0301626,2.40462,8576.81,62.4683,F
3189,1,HappyBirthday,800,4015.31,F,1,9.7163e-05,0.284529,4398.69,0.0602657,F
3189,1,HappyBirthday,1170,1825,M,1,0.000475825,0.547345,377.424,0.164706,F
3189,1,Births,1387,0,F,0,0,0.473223,0,0,F
3190,1,HappyBirthday,1037,2920,M,1,0.0121847,0.100295,0.964694,3.81072,F
3191,1,HappyBirthday,1304,730,F,1,0.0336132,0.414454,41128.4,284.068,F
3191,1,HappyBirthday,1219,1460,F,1,0.0930523,0.547784,69.4311,31.7602,F
3191,1,HappyBirthday,1265,1095,F,1,0.0136924,0.00923219,32847.2,104.679,F
3191,1,HappyBirthday,1171,1825,F,1,0.000345139,1.15323,38336.7,2.81554,F
3192,1,HappyBirthday,670,15695.3,M,1,0.122531,0.761304,2.59765,40.8042,F
3193,1,HappyBirthday,508,9855.31,F,1,0.00112142,0.386902,425.9,0.508274,F
3193,1,HappyBirthday,587,5110.1,F,1,0.0547182,25.6039,69.4546,17.6554,F
3193,1,HappyBirthday,1129,2190,F,1,0.970442,0.158162,1224.93,1502.76,F
3193,1,HappyBirthday,985,6570.03,M,1,0.104161,0.121123,1.28032,34.3575,F
3194,1,HappyBirthday,1266,1095,M,1,0.0280914,12.1113,2796.99,11.9567,F
3194,1,HappyBirthday,179,8760.09,M,1,0.103951,0.269601,129.127,50.6042,F
3194,1,HappyBirthday,427,5840.15,F,1,0.000230297,0.0192858,0.833484,0.0717267,F
3194,1,HappyBirthday,571,12775.6,F,1,0.0310241,30.3973,396.551,9.87521,F
3194,1,HappyBirthday,827,8030.95,F,1,0.0389613,0.914037,268.745,17.1884,F
3195,1,HappyBirthday,168,13506,F,1,1.12154e-05,1.3447,6093.78,0.0538614,F
3195,1,HappyBirthday,252,5110.19,F,1,0.58161,0.162879,819.2,545.256,F
3195,1,HappyBirthday,615,6205.38,M,1,7.07828e-05,0.985963,7334.1,0.0571466,F
3195,1,HappyBirthday,739,25185.9,F,1,0.000485223,0.408574,41.3947,0.151879,F
3195,1,HappyBirthday,853,13505.3,F,1,0.189264,0.262327,4176.55,165.916,F
3196,1,Births,1388,0,F,0,0,0.0215224,0,0,F
3197,1,HappyBirthday,18,14965.7,M,1,6.58474e-06,3.10018,4.14811,0.002069,F
3198,1,HappyBirthday,1221,1460,M,1,0.152103,2.02829,3725.97,118.243,F
3198,1,HappyBirthday,320,16790.7,M,1,0.176008,14.9374,397.231,61.827,F
3198,1,HappyBirthday,392,21170.1,F,1,0.0805131,3.54756,2.15174,26.1215,F
3198,1,HappyBirthday,528,5840.58,M,1,0.283153,0.426832,1789.22,165.747,F
3198,1,HappyBirthday,742,6570.81,F,1,0.00578546,0.485546,21.1503,1.97316,F
3198,1,Births,1389,0,M,0,0,0.0788942,0,0,F
3199,1,HappyBirthday,131,12411,F,1,0.561635,8.9945,55.2499,291.369,F
3200,1,HappyBirthday,98,15330.3,M,1,0.00215617,0.501239,104282,8.99377,F
3201,1,HappyBirthday,658,8030.52,F,1,4.41523e-06,0.184857,12310.7,0.0184248,F
3201,1,HappyBirthday,787,10585.9,F,1,0.183891,0.979733,4.09888,63.5203,F
3201,1,HappyBirthday,1172,1825,M,1,0.105177,2.43235,233.181,37.9959,F
3203,1,HappyBirthday,452,15695.4,F,1,0.0159151,2.10283,0.378947,4.98754,F
3204,1,HappyBirthday,1345,365,M,1,0.00257759,0.33598,60.9699,0.929434,F
3204,1,HappyBirthday,1130,2190,M,1,0.0124775,0.304176,53346.4,21.4662,F
3204,1,HappyBirthday,412,6935.56,M,1,0.128813,1.2009,146.181,44.5587,F
3205,1,HappyBirthday,497,10220.8,F,1,0.0114892,3.37768,1950.61,3.81309,F
3206,1,HappyBirthday,672,10950.5,M,1,0.111546,0.296011,70.3974,38.2033,F
3207,1,HappyBirthday,410,20075.9,M,1,0.00030824,14.1701,368.993,0.141637,F
3207,1,HappyBirthday,1267,1095,F,1,0.00330593,0.321749,0.717911,1.03101,F
3208,1,HappyBirthday,622,5840.69,F,1,0.00467689,1.12921,18027.8,2.36057,F
3209,1,HappyBirthday,64,7300.04,M,1,0.103272,0.300586,25.4178,35.5276,F
3209,1,HappyBirthday,373,6935.93,M,1,0.0357161,0.338539,0.0870632,11.303,F
3209,1,HappyBirthday,656,20805.5,M,1,0.0152549,3.49205,1900.19,5.45285,F
3209,1,HappyBirthday,886,9125.81,M,1,0.00366709,0.321025,919.748,1.51622,F
3209,1,Births,1390,0,M,0,0,0.732633,0,0,F
3211,1,HappyBirthday,1000,19345.5,M,1,0.00262367,0.140238,1.46016,0.81768,F
3211,1,HappyBirthday,1305,730,M,1,0.251727,0.508802,132.236,116.953,F
3211,1,HappyBirthday,260,9490.71,F,1,0.336715,0.853876,18186.6,1041.06,F
3212,1,HappyBirthday,122,6570.99,M,1,0.090162,0.999144,678.427,33.8323,F
3212,1,HappyBirthday,349,12045.6,M,1,0.109353,2.13992,6.92388,36.0588,F
3212,1,HappyBirthday,479,4015.73,F,1,0.825266,0.163678,1.84661,543.902,F
3212,1,HappyBirthday,1222,1460,M,1,0.0496054,0.124877,54.0514,16.3681,F
3212,1,HappyBirthday,649,13505.9,M,1,0.00281114,1.266,853.248,1.97793,F
3212,1,HappyBirthday,755,9490.2,M,1,0.00223505,2.57469,11.3839,0.695819,F
3212,1,HappyBirthday,866,9855.69,F,1,0.572034,6.91638,155.003,301.041,F
3212,1,HappyBirthday,1268,1095,M,1,0.0446166,0.142533,23897.6,229.697,F
3213,1,HappyBirthday,234,10585.8,F,1,0.134156,0.735911,292.336,47.5441,F
3213,1,HappyBirthday,731,11315.8,M,1,0.00762102,0.0534609,27.6384,2.4869,F
3213,1,HappyBirthday,763,11680.4,M,1,0.171397,0.368513,3035.25,63.397,F
3214,1,HappyBirthday,1306,730,M,1,0.837148,0.118085,146.047,566.612,F
3214,1,HappyBirthday,312,4015.1,M,1,0.154532,14.2826,795.496,106.848,F
3214,1,HappyBirthday,411,10950.1,M,1,0.0722076,2.19823,69.9704,25.7895,F
3214,1,HappyBirthday,960,15330.6,M,1,0.0208417,0.229309,6475.82,64.7237,F
3214,1,HappyBirthday,973,5110.13,M,1,0.0232708,0.209379,3.02999,7.31753,F
3215,1,HappyBirthday,466,16425.5,M,1,0.548056,0.0549034,109.419,260.148,F
3215,1,HappyBirthday,558,5840.19,M,1,0.0562195,0.0884735,189.747,31.5704,F
3215,1,HappyBirthday,729,5840.96,M,1,0.00637113,0.511595,1908.24,13.9977,F
3215,1,HappyBirthday,745,4380.36,F,1,3.81323e-05,8.16932,463.72,0.0345443,F
3215,1,HappyBirthday,983,5475.37,F,1,0.00186991,0.340304,0.364586,0.581834,F
3216,1,HappyBirthday,68,9855.53,M,1,0.156443,0.28538,1702.34,120.733,F
3216,1,HappyBirthday,461,12045.8,M,1,0.0811012,2.84286,574.123,30.9705,F
3216,1,HappyBirthday,1346,365,M,1,0.0227775,0.408854,2070.35,52.1845,F
3216,1,HappyBirthday,1074,2555,F,1,0.0261033,0.116118,1720.73,16.4467,F
3217,1,HappyBirthday,113,26645.6,M,1,0.0128548,1.39269,2323.43,4.07878,F
3217,1,Births,1391,0,M,0,0,0.360336,0,0,F
3218,1,HappyBirthday,109,16790.4,M,1,0.543842,0.455256,769.029,260.344,F
3218,1,HappyBirthday,358,11680.5,F,1,0.0884566,0.509192,817.924,112.309,F
3218,1,HappyBirthday,602,17520.2,M,1,0.021693,1.00621,53.7202,6.98283,F
3219,1,HappyBirthday,116,13505.5,M,1,0.5779,9.48396,454.748,422.955,F
3219,1,HappyBirthday,1223,1460,F,1,0.0022287,0.0343746,31.9142,0.727451,F
3219,1,HappyBirthday,1269,1095,M,1,0.00558821,0.506227,62144.3,57.2057,F
3219,1,HappyBirthday,949,7300.87,M,1,0.00604398,0.0967721,10.9554,1.90889,F
3220,1,HappyBirthday,286,8030.39,M,1,0.20029,3.62122,352.909,79.0697,F
3220,1,HappyBirthday,443,22630.9,F,1,0.248987,0.111718,10.6454,89.5993,F
3220,1,HappyBirthday,488,13505.2,F,1,0.276607,0.0243694,3206.05,1033.14,F
3220,1,HappyBirthday,709,8395.15,F,1,0.00113968,6.5486,53.5821,0.383988,F
3220,1,HappyBirthday,792,25185,F,1,0.000588215,0.391959,32.2901,0.19305,F
3220,1,HappyBirthday,831,12410.8,F,1,0.0761728,0.163141,1411.64,69.2131,F
3221,1,HappyBirthday,1224,1460,F,1,0.540832,2.33939,5706.19,269.684,F
3221,1,HappyBirthday,951,13140.3,F,1,0.229487,0.561338,1.52916,81.5742,F
3222,1,HappyBirthday,1347,365,F,1,0.10589,0.0587882,87.604,42.3869,F
3222,1,HappyBirthday,692,4015.47,M,1,0.0120224,2.34517,4357.42,12.8592,F
3222,1,HappyBirthday,1040,2920,M,1,0.00391752,0.705014,193.871,2.28856,F
3223,1,HappyBirthday,244,12775.1,M,1,0.000570438,0.223228,186.705,0.227263,F
3223,1,HappyBirthday,440,30660.7,M,1,0.118377,1.51387,2038.95,129.076,F
3223,1,HappyBirthday,638,11680.2,M,1,0.0231782,0.994261,1.61424,7.29251,F
3223,1,HappyBirthday,795,6570.67,M,1,0.000315171,2.17852,40.1538,0.114284,F
3223,1,HappyBirthday,868,9125.95,F,1,0.0642384,1.18172,94.508,23.7718,F
3224,1,HappyBirthday,1075,2555,F,1,0.581743,0.0689492,1218.64,493.515,F
3224,1,HappyBirthday,229,13870.2,M,1,0.0018347,3.40263,369.85,0.636644,F
3224,1,HappyBirthday,329,5840.66,M,1,0.00137703,2.19157,6.09658,0.434734,F
3224,1,HappyBirthday,740,8760.9,M,1,0.13047,0.519584,455.622,43.5754,F
3225,1,HappyBirthday,157,6935.51,F,1,0.107743,2.90596,484.058,65.0847,F
3225,1,HappyBirthday,606,9855.5,F,1,0.0996845,2.77698,598.748,49.7574,F
3225,1,Births,1392,0,M,0,0,0.0124255,0,0,F
3226,1,HappyBirthday,278,12045.2,M,1,0.00369302,1.93302,1825.52,2.61494,F
3226,1,HappyBirthday,1131,2190,M,1,0.00830012,0.0744568,2041.48,3.15842,F
3226,1,HappyBirthday,837,17885.2,F,1,0.0557069,0.84104,565.989,54.1965,F
3226,1,HappyBirthday,1270,1095,F,1,0.00367473,0.070678,35559.1,4.64718,F
3227,1,HappyBirthday,1226,1460,M,1,0.000310879,2.72903,126.688,0.11744,F
3227,1,HappyBirthday,1132,2190,F,1,0.0827312,2.28335,968.385,34.8125,F
3227,1,HappyBirthday,366,32120.5,M,1,0.0170339,2.86542,27547.6,28.4632,F
3228,1,HappyBirthday,272,6205.69,F,1,0.141534,0.221669,4.76895,48.5402,F
3228,1,HappyBirthday,436,11680.2,F,1,0.0021517,0.190329,0.0630858,0.669395,F
3228,1,HappyBirthday,525,3285.04,M,1,0.239186,0.0223355,127.07,88.2298,F
3229,1,HappyBirthday,465,4015.49,M,1,0.0720013,0.773552,7444.9,211.392,F
3229,1,HappyBirthday,623,19345.6,F,1,0.0380096,0.178417,0.384449,12.043,F
3229,1,HappyBirthday,847,4745.4,F,1,0.238186,6.4178,51.597,84.6522,F
3230,1,HappyBirthday,578,6205.07,F,1,0.363223,1.36672,5798.56,172.403,F
3230,1,HappyBirthday,756,15330.6,F,1,0.700383,3.76273,779.276,791.609,F
3230,1,HappyBirthday,922,10585,F,1,0.00283702,5.10253,5750.74,13.4048,F
3231,1,HappyBirthday,78,4015.57,M,1,0.0017065,0.251476,26678.7,1.2533,F
3231,1,HappyBirthday,225,3650.67,M,1,0.00268874,0.542066,293.061,1.65387,F
3231,1,HappyBirthday,1133,2190,M,1,0.00088019,1.76505,5.12355,0.273877,F
3231,1,HappyBirthday,354,11315.6,F,1,0.00530721,1.47516,2885.4,16.6652,F
3231,1,HappyBirthday,1227,1460,M,1,0.00506388,0.0278066,43.0433,1.61652,F
3231,1,HappyBirthday,1041,2920,M,1,0.0971484,0.605719,12.8043,33.5623,F
3232,1,HappyBirthday,27,19710,M,1,0.00144049,0.00563664,3881.52,0.590819,F
3232,1,HappyBirthday,1134,2190,M,1,0.548386,0.729379,770.535,247.997,F
3232,1,HappyBirthday,1348,365,F,1,0.00225194,0.454783,107.959,0.802986,F
3232,1,HappyBirthday,1076,2555,M,1,0.00122459,0.0530522,208.437,0.386902,F
3233,1,HappyBirthday,140,9855.33,M,1,0.0685684,1.36586,186.567,32.9426,F
3233,1,HappyBirthday,1175,1825,M,1,0.00782464,0.0837211,3.99769,2.49052,F
3233,1,HappyBirthday,180,5110.54,M,1,0.00151619,0.065006,74.6347,0.52075,F
3233,1,HappyBirthday,444,24820,M,1,0.13839,3.15306,1.65247,46.4078,F
3233,1,HappyBirthday,1349,365,M,1,0.656282,0.0251123,3437.33,1681.64,F
3233,1,HappyBirthday,600,3650.79,M,1,0,0.12184,0.0109096,0,F
3233,1,HappyBirthday,1043,2920,M,1,0.122765,0.458349,136.009,40.7062,F
3234,1,HappyBirthday,77,10220.2,F,1,0.0414327,1.03818,2692.84,14.1419,F
3234,1,HappyBirthday,82,24090.1,M,1,1.49746e-05,0.448348,110.676,0.0054092,F
3234,1,HappyBirthday,1272,1095,M,1,0.0202134,0.0932002,38.4136,6.67156,F
3234,1,HappyBirthday,430,7665.63,F,1,0.00133784,0.565491,0.0120086,0.416242,F
3234,1,HappyBirthday,1135,2190,F,1,0.134134,0.0721151,29.8222,47.5391,F
3235,1,HappyBirthday,48,11315.6,F,1,0.052788,0.0783008,0.155103,16.8584,F
3235,1,HappyBirthday,173,25915.9,F,1,0.0669661,1.44127,3639.47,26.5992,F
3235,1,HappyBirthday,273,18250.2,F,1,0.0781156,2.92269,1.25821,25.2771,F
3235,1,HappyBirthday,293,3650.21,F,1,0.0734476,1.41154,389.303,41.1053,F
3235,1,HappyBirthday,1273,1095,F,1,0.172279,0.881132,47.1812,69.9955,F
3235,1,HappyBirthday,632,33945.4,M,1,0.000235359,0.223317,295.637,0.161897,F
3235,1,HappyBirthday,928,18980.2,F,1,0.00335254,1.58485,1371.69,1.26771,F
3236,1,HappyBirthday,1136,2190,F,1,1.96266e-06,0.239088,5885.5,0.00472968,F
3236,1,HappyBirthday,401,35040.5,F,1,0.0511196,0.192086,17.557,16.7925,F
3236,1,HappyBirthday,518,15695.2,F,1,0.0799657,1.97741,33.7745,26.7565,F
3236,1,HappyBirthday,523,9125.89,F,1,0.00180561,0.26425,2.76037,0.568796,F
3237,1,HappyBirthday,127,17885.6,F,1,0.036005,0.658749,8.75741,11.4243,F
3237,1,HappyBirthday,297,5110.65,F,1,0.000630483,0.569842,157.672,0.324538,F
3237,1,HappyBirthday,371,4015.76,M,1,0.00182492,1.36465,13.653,0.571048,F
3237,1,HappyBirthday,653,6935.38,M,1,0.00108427,0.452411,18.2947,0.337215,F
3237,1,HappyBirthday,664,7665.47,M,1,0.0363561,1.71581,8.48323,11.8678,F
3237,1,HappyBirthday,712,16425.2,F,1,0.135153,1.5605,126.898,46.9133,F
3237,1,HappyBirthday,1137,2190,M,1,0.217878,0.180246,7.86283,77.0008,F
3237,1,HappyBirthday,838,5840.68,M,1,0.0280493,1.5873,709.637,35.5941,F
3237,1,HappyBirthday,965,5840.67,F,1,0.0995695,0.897889,0.858532,32.6959,F
3237,1,HappyBirthday,992,4745.86,M,1,0.00382268,11.3697,5217.48,8.55501,F
3237,1,Births,1393,0,M,0,0,0.0597272,0,0,F
3238,1,HappyBirthday,250,14965.3,M,1,0.0014101,0.259137,52.3975,0.47104,F
3238,1,HappyBirthday,559,5475.1,F,1,0.00940054,0.20224,1706.44,21.0393,F
3239,1,HappyBirthday,1228,1460,F,1,0.00744859,0.139195,17.9051,2.53302,F
3239,1,HappyBirthday,303,5110.26,F,1,4.90285e-05,0.422552,74.4586,0.0171139,F
3239,1,HappyBirthday,516,32850.2,F,1,0.0215731,0.156239,9.26e-05,6.77757,F
3240,1,HappyBirthday,1274,1095,M,1,0.0175414,0.601461,51.6335,5.5177,F
3240,1,HappyBirthday,347,9490.43,F,1,0.000937858,0.548935,2.4e-06,0.291654,F
3240,1,HappyBirthday,1176,1825,M,1,0.0099801,0.28775,16756.2,102.971,F
3240,1,HappyBirthday,570,10585.4,M,1,0.112941,0.0543033,0.100061,37.2438,F
3241,1,HappyBirthday,450,3285.77,F,1,0.5189,0.761537,21.7111,233.327,F
3241,1,HappyBirthday,601,4380.33,M,1,0.00041754,11.2542,6162.32,0.214721,F
3241,1,HappyBirthday,1229,1460,F,1,0.714244,0.0555914,7944.91,615.951,F
3241,1,Births,1394,0,F,0,0,0.429373,0,0,F
3242,1,HappyBirthday,749,22265.1,M,1,0.10161,1.91635,80.4456,37.2871,F
3242,1,HappyBirthday,771,17520.7,F,1,0.00379181,0.375575,0.049152,1.1806,F
3242,1,HappyBirthday,842,19345.9,M,1,0.222727,0.467844,123.438,78.7835,F
3243,1,HappyBirthday,1139,2190,M,1,0.00148658,3.17446,0.0286095,0.462135,F
3243,1,HappyBirthday,275,28470.3,F,1,0.0676051,1.46656,10.9614,22.9208,F
3243,1,HappyBirthday,315,5840.62,M,1,0.794403,0.393665,80.0995,550.667,F
3243,1,HappyBirthday,1138,2190,F,1,0.00572905,1.3852,7.37424,1.84766,F
3243,1,HappyBirthday,916,24090,F,1,0.335563,0.223351,5878.58,142.221,F
3244,1,HappyBirthday,500,10586,M,1,0.0175276,0.0658818,594.955,17.4311,F
3245,1,HappyBirthday,1078,2555,F,1,0.0109699,1.87791,623.899,3.50975,F
3246,1,HappyBirthday,1275,1095,M,1,0.280709,0.137176,206.792,115.601,F
3246,1,Births,1395,0,F,0,0,4.31869,0,0,F
3247,1,HappyBirthday,432,14600.9,F,1,0.00153893,0.589138,229.152,0.881302,F
3247,1,HappyBirthday,492,3285.67,F,1,0.00839787,0.703191,64.9034,3.25368,F
3247,1,HappyBirthday,1140,2190,F,1,0.138602,0.120815,4.79443,46.3696,F
3247,1,HappyBirthday,1350,365,F,1,0.000438243,0.834423,142371,3.85284,F
3248,1,HappyBirthday,211,17520.6,M,1,0.704309,0.205409,100.967,408.014,F
3248,1,HappyBirthday,339,13140.6,M,1,0.12792,5.72058,6.89197,43.4193,F
3248,1,HappyBirthday,529,14600.6,F,1,0.00916522,0.0427921,23.2673,3.07036,F
3249,1,HappyBirthday,191,3285.32,F,1,0.241622,0.128275,3.8785,86.4222,F
3249,1,HappyBirthday,1177,1825,F,1,0.219468,0.243881,2673.17,764.622,F
3250,1,HappyBirthday,1044,2920,M,1,0,0.302671,14028.9,0,F
3251,1,Births,1396,0,F,0,0,0.603851,0,0,F
3252,1,HappyBirthday,1141,2190,M,1,0.10415,0.458134,98.5217,44.7492,F
3252,1,HappyBirthday,852,5840.57,M,1,0.00798102,6.91397,33.7826,2.641,F
3252,1,HappyBirthday,1230,1460,F,1,0.304787,0.650856,663.432,291.318,F
3253,1,HappyBirthday,424,18250.9,M,1,0.00153108,0.14193,38.5579,0.552134,F
3253,1,HappyBirthday,1080,2555,M,1,0.0497294,0.494105,781.279,32.472,F
3254,1,HappyBirthday,1276,1095,F,1,0.00292212,0.0656359,5858.91,1.27091,F
3254,1,HappyBirthday,1231,1460,F,1,0.155817,0.230611,270.403,117.232,F
3255,1,HappyBirthday,924,15330.3,F,1,0.222842,0.135432,1152.33,81.0283,F
3255,1,Births,1397,0,M,0,0,0.0246419,0,0,F
3256,1,HappyBirthday,2,14600.4,M,1,0.0456343,3.76256,320.321,25.8359,F
3256,1,HappyBirthday,309,5110.8,F,1,0.17575,1.14866,2467.09,64.3489,F
3256,1,HappyBirthday,1081,2555,M,1,0.00469237,1.92729,63.8325,1.65709,F
3256,1,Births,1398,0,M,0,0,0.261814,0,0,F
3257,1,HappyBirthday,1045,2920,F,1,0.000612959,0.307038,63.5453,0.222381,F
3257,1,HappyBirthday,1178,1825,M,1,0.0807756,0.238684,29.4707,29.8661,F
3257,1,HappyBirthday,1142,2190,F,1,0.451126,0.10982,10.2819,192.91,F
3258,1,HappyBirthday,231,8030.46,F,1,0.002477,0.349134,120.307,0.876865,F
3258,1,HappyBirthday,1179,1825,F,1,0.0185268,0.0525279,635.896,7.40449,F
3259,1,HappyBirthday,21,22630.5,M,1,0.253163,0.0769859,28.3688,94.9046,F
3260,1,HappyBirthday,199,7665.64,F,1,0.0837217,0.999785,9.65633,28.1617,F
3260,1,HappyBirthday,1277,1095,M,1,0.193811,4.8067,44341.9,1704.06,F
3260,1,HappyBirthday,686,18980.5,F,1,0.00983243,0.486646,21.8446,3.31459,F
3260,1,HappyBirthday,1307,730,F,1,0.000201005,0.0863562,11644.6,1.65117,F
3261,1,HappyBirthday,442,14235.5,M,1,0.732642,4.56524,421.789,436.792,F
3261,1,HappyBirthday,786,22630.3,F,1,0.711748,2.14853,140.969,575.594,F
3261,1,HappyBirthday,1308,730,F,1,0.450618,0.1417,5450.73,571.978,F
3262,1,HappyBirthday,813,5475.14,M,1,0.00393105,0.562339,0.337383,1.22439,F
3262,1,HappyBirthday,844,8395.54,F,1,0.000707682,6.27213,3723.75,2.86425,F
3263,1,HappyBirthday,150,24820.4,M,1,0.0554688,0.698489,0.798196,17.8066,F
3263,1,HappyBirthday,239,32485.7,M,1,0.0138897,0.280089,4.91239,4.43005,F
3263,1,HappyBirthday,1180,1825,F,1,0.244854,2.07604,63.025,94.2427,F
3263,1,HappyBirthday,433,27375.3,M,1,0.0789741,1.33258,61.8055,28.2793,F
3263,1,HappyBirthday,583,13505.7,M,1,0.00607993,19.1297,0,1.89522,F
3264,1,HappyBirthday,241,20440.4,F,1,0.00477255,0.458915,4631.68,1.49745,F
3264,1,HappyBirthday,569,10220.1,M,1,0.000219148,9.1193,860.467,0.310127,F
3264,1,HappyBirthday,1233,1460,F,1,0.25545,0.0478286,237.156,122.06,F
3264,1,HappyBirthday,823,11315.9,M,1,0.00472575,2.56203,10.5854,1.55053,F
3266,1,HappyBirthday,219,8760.28,F,1,0.0292539,0.745308,485.443,10.2214,F
3267,1,HappyBirthday,1351,365,M,1,0.0361305,0.127351,52.1814,13.1417,F
3267,1,HappyBirthday,554,13140.1,F,1,4.97399e-05,3.77504,113.729,0.0220038,F
3267,1,HappyBirthday,640,9125.87,M,1,0.0293208,4.48547,2.43346,9.27889,F
3268,1,HappyBirthday,328,15695.4,F,1,0.000957655,0.27158,15.3102,0.314093,F
3268,1,HappyBirthday,579,7665.32,M,1,0.738523,0.253181,259.878,562.922,F
3268,1,HappyBirthday,765,33215.1,M,1,0.000440264,0.194409,722.978,0.276206,F
3268,1,Births,1399,0,F,0,0,1.58105,0,0,F
3269,1,HappyBirthday,660,3285.5,F,1,0.0100113,15.9989,6770.32,3.79376,F
3269,1,HappyBirthday,912,16790.3,M,1,0.640676,0.199411,296.354,444.601,F
3269,1,HappyBirthday,930,9855.78,M,1,0.10561,0.518774,3622.79,171.592,F
3270,1,HappyBirthday,119,14600.9,M,1,0.0621085,0.0466273,0.0226504,19.9278,F
3270,1,HappyBirthday,448,5475.45,F,1,0.0217066,7.37158,2.47041,6.82785,F
3270,1,HappyBirthday,634,5475.46,M,1,0.324822,2.31809,1278.09,398.938,F
3270,1,HappyBirthday,825,15330.5,F,1,0.474219,0.0888106,1110.89,497.225,F
3270,1,HappyBirthday,1278,1095,F,1,0.0723434,0.0395427,24.5183,25.2053,F
3270,1,HappyBirthday,975,8030.19,M,1,0.12176,7.82752,2.35153,40.4826,F
3270,1,HappyBirthday,1082,2555,F,1,0.0104798,0.400096,7645.06,4.25926,F
3271,1,HappyBirthday,663,34310.6,F,1,0.000465236,0.395899,2.60448,0.146607,F
3271,1,HappyBirthday,1144,2190,F,1,0.171705,0.0852145,10.0641,59.1058,F
3272,1,HappyBirthday,541,7300.81,M,1,0.0883836,3.03509,60.1896,28.7644,F
3273,1,HappyBirthday,553,8030.41,F,1,0.00600414,10.6662,5441.14,13.4496,F
3273,1,HappyBirthday,699,17520.2,F,1,0.00186308,1.83989,4.24138,0.580102,F
3275,1,HappyBirthday,423,10220.2,M,1,0.00552966,2.1236,0.233034,1.72435,F
3275,1,HappyBirthday,934,16060.2,M,1,0.1078,0.201215,31.5913,37.1806,F
3275,1,HappyBirthday,1182,1825,F,1,0.0357829,0.0423461,123.528,13.3136,F
3276,1,HappyBirthday,6,8760.11,M,1,0.0115002,0.146179,57.8183,3.88622,F
3277,1,HappyBirthday,446,3650.34,F,1,7.04791e-05,3.4747,17414.6,0.358763,F
3277,1,HappyBirthday,684,3285.26,M,1,0.000136937,1.1306,55.693,0.0524547,F
3277,1,Births,1400,0,M,0,0,0.345294,0,0,F
3278,1,HappyBirthday,1183,1825,M,1,0.217023,2.26702,997.483,96.2762,F
3278,1,HappyBirthday,209,4745.13,M,1,0.0604543,5.11916,19.3661,20.0914,F
3278,1,HappyBirthday,757,11315.1,M,1,0.003434,0.19556,48.8814,1.17547,F
3278,1,HappyBirthday,864,10950.4,F,1,0.158626,0.82048,299.989,53.6808,F
3279,1,HappyBirthday,138,8760.39,M,1,0.0430607,3.16727,1.0734,13.7048,F
3279,1,HappyBirthday,359,5840.91,M,1,0.0100665,0.0264986,73.0354,3.47556,F
3279,1,HappyBirthday,697,9855.68,M,1,0.191243,2.43468,0.513844,66.0319,F
3280,1,HappyBirthday,507,6935.03,M,1,0.0419025,0.692483,19.9161,13.8379,F
3280,1,Births,1401,0,F,0,0,0.29861,0,0,F
3281,1,HappyBirthday,178,9855.4,M,1,0.0393291,0.0775299,449.651,21.3584,F
3281,1,HappyBirthday,591,16060.2,M,1,0.372987,1.44525,1763.23,477.065,F
3282,1,HappyBirthday,80,4380.88,F,1,0.00263143,4.0411,243.611,1.62764,F
3282,1,HappyBirthday,493,8760.6,F,1,0.0156728,9.09082,8102.35,10.7575,F
3282,1,HappyBirthday,539,6205.17,M,1,0.00225999,1.44677,119.658,1.07789,F
3282,1,HappyBirthday,1309,730,F,1,0.798613,1.49585,2308.86,1224.19,F
3283,1,HappyBirthday,186,4380.55,M,1,0.00788224,0.272863,3433.3,13.0361,F
3283,1,HappyBirthday,1047,2920,F,1,0.0124376,0.41208,105.942,4.47136,F
3283,1,HappyBirthday,1310,730,F,1,0.00204095,0.0870179,75.7948,0.728338,F
3283,1,HappyBirthday,626,9490.34,F,1,0.0473013,0.272946,147.89,15.3956,F
3284,1,HappyBirthday,201,10220.4,F,1,0.00167178,0.922478,4312.93,3.26015,F
3284,1,HappyBirthday,348,11315,F,1,0.00113689,0.134928,28931.8,1.18056,F
3285,1,HappyBirthday,566,10220,F,1,0.00578337,1.67088,0.0380292,1.80253,F
3286,1,HappyBirthday,1048,2920,M,1,0.0195628,0.0264683,35.5352,6.46509,F
3286,1,HappyBirthday,335,12775.3,M,1,9.3978e-07,0.593359,15753.3,0.0037988,F
3286,1,HappyBirthday,419,17520.3,M,1,0.00390689,0.528039,55569.2,6.96102,F
3286,1,HappyBirthday,780,32485.4,M,1,0.000463719,4.52503,0.0012464,0.144115,F
3286,1,HappyBirthday,794,6935.75,F,1,0.331745,0.00795896,23501.4,1137.22,F
3286,1,HappyBirthday,980,4745.46,F,1,0.000109893,0.091481,0,0.0340999,F
3286,1,Births,1402,0,M,0,0,0.119838,0,0,F
3287,1,HappyBirthday,267,17520.8,F,1,0.0517452,0.915056,117.353,23.5881,F
3288,1,HappyBirthday,36,3650.89,F,1,0.347802,0.216532,7507.9,539.864,F
3288,1,HappyBirthday,163,5110.83,F,1,0.0367928,0.328139,512.47,12.9088,F
3288,1,HappyBirthday,1049,2920,M,1,0.00181478,1.00163,32.5379,0.592487,F
3289,1,HappyBirthday,486,21170.1,F,1,0.0390315,1.12885,67.3204,14.3314,F
3289,1,HappyBirthday,1145,2190,M,1,0.00342003,0.0960418,62.9563,1.21953,F
3290,1,HappyBirthday,325,9855.39,M,1,0.00411353,3.50019,207.737,1.65463,F
3290,1,HappyBirthday,388,25550.3,F,1,0.000261733,1.34046,0.15982,0.0813458,F
3290,1,HappyBirthday,851,6205.46,F,1,0.00929793,0.50426,1753.83,4.09356,F
3291,1,HappyBirthday,1185,1825,M,1,0.00171492,2.49646,116.872,0.656647,F
3291,1,HappyBirthday,1146,2190,F,1,0.0152942,0.881553,7.04055,4.79285,F
3291,1,Births,1403,0,F,0,0,0.0767214,0,0,F
3292,1,HappyBirthday,774,8030.07,F,1,0.0304801,6.66393,53.9426,11.5381,F
3292,1,HappyBirthday,1085,2555,M,1,0.237545,0.050004,97.7446,95.1475,F
3293,1,HappyBirthday,1234,1460,M,1,0.00496799,0.146695,11.0657,1.6342,F
3293,1,HappyBirthday,245,8395.83,F,1,0.00167155,0.173949,6506.96,2.74126,F
3293,1,HappyBirthday,972,25550.4,F,1,0.00191843,0.40484,0.837359,0.598757,F
3293,1,Births,1404,0,F,0,0,0.285813,0,0,F
3294,1,HappyBirthday,164,12045.8,M,1,0.000432729,2.37524,65.2117,0.147123,F
3294,1,HappyBirthday,274,14965.5,M,1,0.0164659,0.869033,45.9124,5.8417,F
3294,1,HappyBirthday,1050,2920,F,1,0.602348,2.57113,2407.6,306.725,F
3294,1,HappyBirthday,871,28105.1,F,1,0.0410689,64.1188,1148.6,16.1217,F
3294,1,HappyBirthday,987,12046,M,1,0.0453361,0.330292,1469.01,76.3878,F
3295,1,HappyBirthday,232,9490.9,M,1,0.0148128,0.901162,1454.04,27.3452,F
3295,1,HappyBirthday,1002,3285,F,1,6.59479e-05,0.616047,1599.49,0.145505,F
3295,1,HappyBirthday,1312,730,F,1,0.145719,0.319109,11726.7,1292.14,F
3295,1,HappyBirthday,394,13870,F,1,0.0218769,73.4213,29.0424,6.91635,F
3295,1,HappyBirthday,1086,2555,F,1,0.00840616,3.02544,13.3556,2.68259,F
3296,1,HappyBirthday,42,35040.2,F,1,0.0567307,2.29995,11004.2,20.4734,F
3296,1,HappyBirthday,47,6570.53,M,1,0.0725355,0.571858,178.125,23.4047,F
3296,1,HappyBirthday,1353,365,M,1,0.245334,0.696367,597.154,159.952,F
3296,1,HappyBirthday,887,12775.4,F,1,0.00122759,0.954851,30160.4,1.37695,F
3297,1,HappyBirthday,687,7300.89,M,1,0.119332,0.428874,115.05,39.8031,F
3298,1,HappyBirthday,365,7300.77,F,1,0.00726662,7.06489,1821.09,7.65469,F
3298,1,HappyBirthday,540,31025.5,M,1,8.12062e-05,0.195943,0.0030154,0.0251788,F
3298,1,Births,1405,0,F,0,0,0.111438,0,0,F
3299,1,HappyBirthday,1314,730,M,1,0.00351917,0.150191,28756.6,2.60468,F
3299,1,HappyBirthday,1313,730,M,1,0.000175358,0.145827,15.637,0.0582757,F
3299,1,HappyBirthday,998,4380.74,M,1,4.04195e-06,5.24932,3938.92,0.0153733,F
3300,1,HappyBirthday,302,6935.72,F,1,0.191218,4.82337,1381.02,210.477,F
3300,1,HappyBirthday,603,13140.4,F,1,0.00129391,3.00843,5.2274,0.406659,F
3300,1,HappyBirthday,718,8395.36,F,1,0.0017877,0.990782,0.076962,0.556027,F
3300,1,HappyBirthday,906,24455.9,F,1,0.418448,0.130512,1094.9,415.32,F
3300,1,Births,1406,0,M,0,0,0.0181203,0,0,F
3301,1,HappyBirthday,67,4015.87,F,1,0.0100603,0.00757414,2600.69,11.7093,F
3301,1,HappyBirthday,806,5475.44,F,1,0.000496957,2.7345,5.28665,0.155619,F
3301,1,Births,1407,0,M,0,0,0.00384017,0,0,F
3302,1,HappyBirthday,1003,3285,F,1,6.71626e-05,0.134988,39113.7,0.508346,F
3302,1,HappyBirthday,879,7665.23,F,1,0.00415571,0.609048,38.2761,1.34014,F
3303,1,HappyBirthday,361,7300.37,M,1,0.0345239,0.100856,4.67489,11.0058,F
3303,1,HappyBirthday,546,4745.58,F,1,0.0377876,1.2402,1.5123,12.0444,F
3303,1,HappyBirthday,604,4745.49,M,1,0.00018787,7.65392,11689.4,0.498904,F
3303,1,Births,1408,0,F,0,0,0.383429,0,0,F
3304,1,HappyBirthday,112,4380.97,F,1,0.0103388,0.246279,889.007,3.39576,F
3304,1,HappyBirthday,195,21900.3,M,1,0.104329,1.91064,11.6147,34.2434,F
3304,1,HappyBirthday,1354,365,F,1,0.00158929,0.864461,9.03117,0.513909,F
3304,1,HappyBirthday,1051,2920,F,1,0.00331135,0.259915,4.44379,1.03143,F
3305,1,HappyBirthday,1147,2190,F,1,0,2.53164,0.479205,0,F
3305,1,HappyBirthday,576,21535.8,M,1,0.000748989,0.41621,78.8208,0.270216,F
3305,1,HappyBirthday,661,33580,M,1,0.00923584,0.924891,162.953,3.59786,F
3305,1,HappyBirthday,732,5475.6,M,1,0.00957718,0.322333,23.6006,3.04071,F
3305,1,HappyBirthday,738,9125.94,M,1,0.20291,1.82964,35.3342,80.5073,F
3305,1,HappyBirthday,1279,1095,F,1,0.00436277,4.13935,4.03569,1.36728,F
3306,1,HappyBirthday,1004,3285,F,1,0.000876925,0.403194,0.0168116,0.272829,F
3307,1,HappyBirthday,628,5110.88,M,1,0.138692,0.768769,3172.69,48.032,F
3307,1,HappyBirthday,741,4745.69,M,1,0.0636124,0.618299,2451.09,177.244,F
3307,1,HappyBirthday,1087,2555,M,1,0.00614098,1.04909,36.6099,2.23941,F
3308,1,HappyBirthday,1235,1460,F,1,0.131263,0.168379,24.847,47.6776,F
3308,1,HappyBirthday,317,17520.3,M,1,0.108396,17.6173,0.0837132,35.667,F
3308,1,HappyBirthday,1052,2920,F,1,0.00140184,0.0675119,1.50536,0.438388,F
3308,1,HappyBirthday,890,6570.88,F,1,0.000796105,0.716341,2.12417,0.249943,F
3309,1,HappyBirthday,230,17520.2,M,1,0.00645612,1.01414,98.3801,2.0131,F
3309,1,HappyBirthday,426,16060.8,M,1,0.401688,5.46283,999.853,419.813,F
3309,1,HappyBirthday,1355,365,F,1,0.219143,0.0633446,47.1417,91.5871,F
3309,1,HappyBirthday,862,16425.6,F,1,0.189733,5.81534,3647.64,130.232,F
3309,1,HappyBirthday,891,11315.7,M,1,2.46793e-06,0.126378,1.29615,0.000774,F
3310,1,HappyBirthday,13,24090.9,F,1,9.17712e-05,0.112121,24.3322,0.0294856,F
3310,1,HappyBirthday,20,10220.8,M,1,0.0418939,2.18286,70.5204,14.4646,F
3311,1,HappyBirthday,29,7300.41,M,1,0.204317,0.631357,1965.68,250.716,F
3311,1,HappyBirthday,678,12775.9,F,1,0.0596175,2.92378,28.0069,19.159,F
3311,1,HappyBirthday,1186,1825,F,1,0.026848,0.298334,4781.36,61.6376,F
3311,1,HappyBirthday,1088,2555,M,1,0.385464,0.191202,1007.36,750.406,F
3312,1,HappyBirthday,121,23360.5,F,1,0.228187,0.0286658,2854.58,740.957,F
3312,1,HappyBirthday,391,4015.76,M,1,0.0137674,1.50682,12.5745,4.40736,F
3312,1,HappyBirthday,1280,1095,F,1,0.201913,1.02532,24932.5,87.645,F
3313,1,HappyBirthday,58,28470.9,F,1,0.0209805,0.411654,331.391,9.58237,F
3313,1,HappyBirthday,457,21170.6,F,1,0.127765,0.568207,10.9814,44.6511,F
3314,1,HappyBirthday,944,3650.73,M,1,0.000611824,0.282688,59.3877,0.206636,F
3315,1,HappyBirthday,455,10585.9,M,1,0.00206486,1.88941,153.221,0.800044,F
3315,1,HappyBirthday,811,4380.12,F,1,0.00215648,0.179314,52477.6,5.50259,F
3315,1,HappyBirthday,822,6570.6,F,1,0.00535756,4.18689,11532.1,4.48336,F
3315,1,HappyBirthday,1089,2555,F,1,9.90423e-05,0.445826,0.0372467,0.030747,F
3316,1,HappyBirthday,1356,365,M,1,0.185533,0.687379,14298,392.041,F
3317,1,HappyBirthday,1187,1825,F,1,0.0132514,0.110573,41644.7,50.9584,F
3317,1,HappyBirthday,1281,1095,M,1,0.00241868,0.525744,0.165504,0.752975,F
3317,1,HappyBirthday,543,19710.2,F,1,0.0066339,2.02799,0.090335,2.06947,F
3318,1,HappyBirthday,1236,1460,M,1,0.00738227,0.390665,3255.26,2.56802,F
3319,1,HappyBirthday,40,12775.1,F,1,0.000272053,0.202661,0.685938,0.0845946,F
3319,1,HappyBirthday,1189,1825,M,1,0.000343761,0.13769,9703.94,1.03588,F
3319,1,HappyBirthday,417,10585,M,1,0.0185109,0.453798,40601.6,17.0622,F
3320,1,HappyBirthday,23,18250.2,F,1,0.190311,6.59156,4211.65,140.863,F
3321,1,HappyBirthday,690,33580.4,F,1,0.703604,3.43788,154.837,454.805,F
3321,1,HappyBirthday,1005,3285,M,1,0.0415713,0.103411,610.209,13.2086,F
3322,1,HappyBirthday,1237,1460,F,1,0.00623949,0.417711,0.416709,1.94486,F
3322,1,HappyBirthday,802,30661,M,1,0.215182,0.0926257,5432.6,84.5062,F
3322,1,HappyBirthday,1190,1825,M,1,0.0326596,8.57099,4.397,10.4146,F
3323,1,HappyBirthday,50,9125.68,M,1,0.000145801,0.136444,577.398,0.139019,F
3323,1,HappyBirthday,1315,730,F,1,0.000355821,1.21835,6.94498,0.111238,F
3323,1,HappyBirthday,1191,1825,M,1,1.77445e-05,0.445584,8598.27,0.00900157,F
3323,1,Births,1409,0,F,0,0,0.0533867,0,0,F
3324,1,HappyBirthday,7,28105.5,F,1,0.123001,3.75841,143.254,41.669,F
3324,1,HappyBirthday,248,7300.98,F,1,0.00263545,8.46543,6.55547,0.847585,F
3324,1,HappyBirthday,1090,2555,F,1,0.180822,0.100955,0.106363,61.9986,F
3325,1,HappyBirthday,1091,2555,M,1,0.0460347,1.51944,1631.08,45.7464,F
3325,1,HappyBirthday,399,10585.7,F,1,0.00112527,0.815299,0.050787,0.350037,F
3326,1,HappyBirthday,183,6570.86,F,1,0.0158612,2.89753,33.2734,5.25158,F
3326,1,HappyBirthday,345,4380,M,1,0.531473,1.33513,311.915,280.653,F
3326,1,HappyBirthday,1357,365,F,1,0.000439411,0.474375,0.0413966,0.136756,F
3326,1,HappyBirthday,530,7665.62,M,1,0.00250412,0.502391,0.197781,0.780054,F
3326,1,HappyBirthday,573,15695.7,F,1,0.0588063,0.257546,103.798,24.128,F
3326,1,HappyBirthday,655,22995.7,F,1,0.946606,4.02785,166.34,967.811,F
3327,1,HappyBirthday,60,26280.3,F,1,0.0199657,6.4817,8.02035,6.26756,F
3327,1,HappyBirthday,1192,1825,F,0,0,0.0125222,0,0,F
3327,1,HappyBirthday,641,20075.1,F,1,0.00137779,6.69172,68.3094,0.501002,F
3328,1,HappyBirthday,134,8395.38,M,1,0.0119344,4.44951,12.3841,3.94388,F
3328,1,HappyBirthday,259,20075.8,M,1,0.0190722,0.357762,0.220582,5.98695,F
3328,1,HappyBirthday,390,8030.59,F,1,0.00676022,0.110343,1.28974,2.11215,F
3328,1,HappyBirthday,1238,1460,M,1,0.00131308,0.272981,6.07861,0.412059,F
3329,1,HappyBirthday,313,8030.75,F,1,0.00669481,0.481315,26.5491,2.14924,F
3329,1,HappyBirthday,1193,1825,M,1,0.00785844,0.13699,0.042136,2.45243,F
3330,1,HappyBirthday,285,5840.94,F,1,0.000892208,1.0703,0.197652,0.277418,F
3330,1,HappyBirthday,575,5110.6,F,1,7.21819e-06,0.0420986,56.161,0.00229248,F
3330,1,HappyBirthday,880,21535.2,M,1,0.00164274,0.531781,0.600781,0.511566,F
3330,1,Births,1410,0,M,0,0,0.00247726,0,0,F
3331,1,HappyBirthday,474,3650.71,F,1,0.588927,0.466649,1.36099,276.318,F
3331,1,HappyBirthday,762,5110.09,F,1,0.00748432,1.49466,63.2188,2.40613,F
3331,1,HappyBirthday,915,3650.2,F,1,0.00320297,1.71054,11203.9,8.02454,F
3332,1,HappyBirthday,1317,730,F,1,2.12751e-05,0.871262,65037.9,0.224768,F
3332,1,HappyBirthday,154,5110.58,F,1,0.0196349,1.33983,428.644,9.34371,F
3332,1,HappyBirthday,1316,730,M,1,0.00318354,0.0184766,4.73292,0.991666,F
3332,1,HappyBirthday,1239,1460,M,1,0.0318183,0.414568,121.456,10.7241,F
3333,1,HappyBirthday,262,29565.6,F,1,0.195108,0.221762,11915.4,120.202,F
3333,1,HappyBirthday,499,11315.6,F,1,0.286396,0.224953,639.802,111.729,F
3333,1,HappyBirthday,509,3650.53,F,1,0.0640016,0.104606,0.0395579,20.5545,F
3334,1,HappyBirthday,1149,2190,M,1,0.125471,1.87764,513.137,41.6697,F
3334,1,HappyBirthday,331,11315,F,1,0.000691436,0.142072,2.57132,0.215789,F
3334,1,Births,1411,0,M,0,0,0.143573,0,0,F
3335,1,HappyBirthday,1283,1095,F,1,0.7627,0.0661595,139.376,458.419,F
3335,1,HappyBirthday,495,13140.5,M,1,0.00372158,0.620957,26.1047,1.19839,F
3335,1,Births,1412,0,F,0,0,0.152471,0,0,F
3337,1,HappyBirthday,1092,2555,F,1,0.00660422,0.378359,12.4961,2.17263,F
3338,1,HappyBirthday,3,4745.15,M,1,0.0352343,0.0365769,3548.79,58.7934,F
3338,1,HappyBirthday,233,5840.64,M,1,0.010748,0.23618,2503.79,34.8662,F
3339,1,HappyBirthday,141,10951,F,1,0.000116092,0.325884,47432,0.277044,F
3339,1,HappyBirthday,607,16060.9,F,1,0.00501877,0.368942,0.850012,1.57013,F
3339,1,HappyBirthday,662,12045.9,M,1,0.0158348,7.28925,9628.93,5.04026,F
3339,1,HappyBirthday,781,12045.7,M,1,0.00164949,9.58674,5495.01,2.29836,F
3339,1,Births,1413,0,M,0,0,0.0757461,0,0,F
3340,1,HappyBirthday,135,16060.7,M,1,0.147084,1.54032,91.9129,50.0415,F
3341,1,HappyBirthday,296,18615.7,F,1,0.0415748,0.963649,8295.19,18.6382,F
3341,1,HappyBirthday,370,6935.35,M,1,0.00173016,0.214201,0.00666318,0.53821,F
3341,1,HappyBirthday,1195,1825,M,1,0.048107,2.33334,2197.16,64.0025,F
3341,1,HappyBirthday,1358,365,F,1,0.0153246,0.439068,1588.17,5.35935,F
3342,1,HappyBirthday,15,34310.4,F,1,0.00136548,1.69786,79.0151,0.472041,F
3342,1,HappyBirthday,1240,1460,M,1,0.00404077,0.41354,128.314,1.51357,F
3342,1,HappyBirthday,181,7300.38,F,1,0.0138913,2.16934,66.1033,4.75426,F
3342,1,HappyBirthday,984,16060.6,M,1,0.00398433,3.68497,726.121,4.23551,F
3342,1,Births,1414,0,M,0,0,0.190171,0,0,F
3342,1,Births,1415,0,M,0,0,0.007671,0,0,F
3343,1,HappyBirthday,149,22631,M,1,0.00424765,1.18336,37.1573,1.36933,F
3343,1,HappyBirthday,263,12045.2,F,1,0.00416932,0.0705133,0.0216426,1.2983,F
3343,1,HappyBirthday,1093,2555,M,1,0.01357,1.62213,91.5178,5.87752,F
3343,1,HappyBirthday,680,8030.54,F,1,0.000387568,2.04851,9.66847,0.123968,F
3344,1,HappyBirthday,130,19710.1,F,1,0.0323343,0.289172,1091.76,24.912,F
3345,1,HappyBirthday,1196,1825,M,1,0.00386597,0.649112,546.489,3.21183,F
3345,1,HappyBirthday,291,23360.1,F,1,0.0221789,4.679,0.086497,6.97153,F
3345,1,HappyBirthday,346,13505.2,F,1,0.00794904,0.993371,40432.2,7.74353,F
3345,1,HappyBirthday,673,19710.6,M,1,0.015554,4.10072,0.553104,4.87429,F
3345,1,HappyBirthday,778,5110.92,M,1,0,2.0973,0.119172,0,F
3345,1,Births,1416,0,M,0,0,0.0135986,0,0,F
3346,1,HappyBirthday,585,15695.3,F,1,0.0598169,2.28016,132.551,20.1217,F
3347,1,HappyBirthday,429,6205.08,F,1,0.00140298,0.0389882,222.473,0.460655,F
3347,1,HappyBirthday,491,24090.6,M,1,0.00230241,6.48874,0.209033,0.716673,F
3347,1,HappyBirthday,552,9490.37,F,1,0.175637,1.66389,126.963,70.7447,F
3347,1,HappyBirthday,574,8760.83,M,1,0.278453,3.82818,1947.15,358.758,F
3347,1,HappyBirthday,921,8395.44,M,1,0.0520643,0.932241,7.98011,17.0461,F
3348,1,HappyBirthday,290,16060,M,1,0.000853024,22.5713,258.858,0.308737,F
3348,1,HappyBirthday,381,10585.4,M,1,6.1262e-05,0.91167,14.9588,0.0200306,F
3348,1,HappyBirthday,609,4015.69,M,1,0.00114588,3.23224,29.1627,0.359307,F
3349,1,HappyBirthday,1284,1095,M,1,0.0946662,0.42883,65.4789,34.2945,F
3349,1,HappyBirthday,343,9490.01,M,1,0.0245783,12.3457,52.5847,9.75401,F
3351,1,HappyBirthday,826,6570.21,M,1,0.00773367,0.3868,24708.8,5.96263,F
3352,1,HappyBirthday,254,14965.3,F,1,0.0852046,1.78823,4749.71,34.6528,F
3352,1,HappyBirthday,1319,730,M,1,0.0643433,0.808226,590.823,25.962,F
3352,1,HappyBirthday,1197,1825,M,1,0.00978534,0.0748864,38.0067,3.21917,F
3352,1,HappyBirthday,1318,730,M,1,0.0907829,0.240404,65.919,32.2358,F
3353,1,HappyBirthday,84,11680.7,F,1,0.00207158,0.281354,42.6856,0.778639,F
3353,1,HappyBirthday,995,12411,F,1,0.00135411,32.7425,11.6505,0.426559,F
3353,1,HappyBirthday,1007,3285,F,1,0.000383324,6.00428,0.129148,0.119238,F
3354,1,HappyBirthday,137,33215.1,M,1,0.262345,2.96168,302.651,95.3325,F
3354,1,HappyBirthday,1008,3285,M,1,0.000472351,0.0495096,95238.8,3.26969,F
3355,1,HappyBirthday,11,21170.9,M,1,0.102464,0.59861,118.816,46.909,F
3355,1,HappyBirthday,1320,730,F,1,0.00134001,0.120655,31976.9,1.66017,F
3355,1,HappyBirthday,824,8395.32,F,1,0.00278585,0.151872,12.6039,0.86808,F
3355,1,HappyBirthday,908,3650.6,M,1,0.00226291,0.106783,971.574,3.52704,F
3356,1,HappyBirthday,1242,1460,F,1,0.000724238,0.511438,21820.2,5.00636,F
3356,1,HappyBirthday,1009,3285,M,1,0.0396667,0.0804102,172.667,13.3744,F
3357,1,HappyBirthday,464,3650.27,F,1,0.492202,0.955967,983.271,236.767,F
3357,1,HappyBirthday,698,9125.92,F,1,0.0133139,2.6306,69.903,4.65729,F
3357,1,HappyBirthday,804,19345.7,F,1,0.0116501,1.97178,202.849,3.68469,F
3357,1,HappyBirthday,899,8760.59,F,1,0.00514039,10.4434,208.329,1.984,F
3358,1,HappyBirthday,1095,2555,M,1,0.017506,1.6357,178.898,9.79204,F
3358,1,HappyBirthday,1053,2920,M,1,0.00210376,1.10889,1030.77,1.24017,F
3358,1,HappyBirthday,556,17520.8,F,1,0.00221216,2.3473,781.419,2.66533,F
3358,1,HappyBirthday,1094,2555,M,1,0.520772,0.470648,19.7641,234.168,F
3359,1,HappyBirthday,1243,1460,F,0,0,0.0246988,0,0,F
3359,1,HappyBirthday,549,8030.63,F,1,0.588277,0.60454,34.8508,283.995,F
3359,1,HappyBirthday,1010,3285,M,1,0.000713121,0.25337,21807.9,0.698163,F
3360,1,HappyBirthday,44,9490.03,F,1,0.00555847,0.179947,391.399,2.51965,F
3360,1,HappyBirthday,214,3650.43,M,1,0.198353,1.07602,2.41322,68.7215,F
3361,1,HappyBirthday,63,17520.8,F,1,0.0239777,2.61849,4.88871,7.72442,F
3361,1,HappyBirthday,470,11315.5,F,1,0.186903,2.33646,7.0339,65.0604,F
3361,1,HappyBirthday,1198,1825,M,1,0.145513,0.274453,6631.83,160.788,F
3361,1,Births,1417,0,F,0,0,0.250197,0,0,F
3362,1,HappyBirthday,1285,1095,M,1,0.0490584,0.127531,20.0589,17.1664,F
3363,1,HappyBirthday,1055,2920,F,1,0.00153309,0.561372,0.104352,0.476596,F
3363,1,HappyBirthday,711,6205.47,F,1,0.00616746,12.3373,22.8813,2.01929,F
3363,1,HappyBirthday,946,18615.4,M,1,1.66528e-05,0.0430316,10696.3,0.125479,F
3364,1,HappyBirthday,37,16060.9,M,1,0.136354,0.354519,30.1039,47.8935,F
3364,1,HappyBirthday,246,28835.9,M,1,0.000693986,0.0398242,0.271539,0.215676,F
3364,1,HappyBirthday,261,4380.04,F,1,0.042053,0.0858115,11163.5,22.0201,F
3364,1,HappyBirthday,1096,2555,F,1,0.237855,0.101262,48.0825,86.936,F
3365,1,HappyBirthday,128,10220.6,F,1,0.000498906,0.681332,9.0034,0.155799,F
3365,1,HappyBirthday,175,10950.4,F,1,0,0.135202,0.0194046,0,F
3365,1,HappyBirthday,846,3650.63,M,1,0.00456157,0.102369,22.2862,1.47542,F
3365,1,HappyBirthday,892,6205.17,M,1,0.00221026,0.338392,5.58744,0.694258,F
3365,1,HappyBirthday,1359,365,F,1,0.00277677,0.0806749,323.74,1.26114,F
3366,1,HappyBirthday,769,5840.91,M,1,0.0396393,3.47458,1.27135,12.5829,F
3366,1,HappyBirthday,1321,730,F,1,0.0251929,0.042197,66.0584,8.83058,F
3367,1,HappyBirthday,307,17155.7,M,1,0.000137283,0.297201,4739.85,0.310406,F
3367,1,HappyBirthday,874,4745.21,M,1,0.0161767,0.346201,1.44794,5.06935,F
3367,1,HappyBirthday,919,35040.9,F,1,0.251684,0.973216,2406.86,99.996,F
3368,1,HappyBirthday,120,14600.2,M,1,0.00629269,0.758943,8.75634,1.96329,F
3368,1,HappyBirthday,483,16790.5,F,1,0.00867627,0.413715,46838.5,29.9841,F
3368,1,HappyBirthday,674,18615.1,M,1,0.00584754,1.76581,1105.46,3.2338,F
3368,1,HappyBirthday,1360,365,F,1,0.687364,0.11117,58.0434,372.779,F
3369,1,HappyBirthday,111,3650.25,F,1,0.661677,6.18164,236.789,620.339,F
3369,1,HappyBirthday,384,18616,M,1,0.0036225,0.201113,27.6253,1.2421,F
3369,1,HappyBirthday,1286,1095,M,1,0.0149238,0.467055,116.524,6.92019,F
3369,1,HappyBirthday,1151,2190,F,1,0.121166,0.0589948,245.712,48.1555,F
3369,1,HappyBirthday,1097,2555,F,1,0.56517,0.984009,171.203,261.616,F
3370,1,HappyBirthday,624,4015.44,F,1,0.267728,0.707224,4327.26,246.051,F
3371,1,HappyBirthday,1100,2555,M,1,0.0012579,0.265713,7.71314e-06,0.391105,F
3371,1,HappyBirthday,1012,3285,F,1,0.0249632,8.16073,6424.41,10.3772,F
3372,1,HappyBirthday,220,6205.83,F,1,0.00047125,2.78607,1.1561e-06,0.146466,F
3372,1,HappyBirthday,835,29200.5,F,1,0.897048,1.07152,46.91,709.756,F
3372,1,HappyBirthday,941,4015.03,F,1,0.0387085,1.47979,29.8061,12.7533,F
3373,1,HappyBirthday,1201,1825,M,1,0.109064,0.648593,6615.67,343.198,F
3373,1,HappyBirthday,198,17155.1,F,1,0.00147394,0.706637,45.7173,0.504215,F
3373,1,HappyBirthday,865,3650.72,M,1,0.0704092,0.351466,2.44768,22.8098,F
3373,1,HappyBirthday,1361,365,F,1,0.00188058,0.0465826,112.242,0.691559,F
3374,1,HappyBirthday,1362,365,M,1,0.617898,0.13859,347.689,316.836,F
3375,1,HappyBirthday,1322,730,F,1,0.00322236,0.154071,115.673,1.18554,F
3375,1,HappyBirthday,611,14965.5,M,1,0.143078,0.623181,480.599,50.5336,F
3375,1,HappyBirthday,913,4380.1,M,1,0.161657,0.773475,0.556024,54.8097,F
3375,1,HappyBirthday,1013,3285,F,1,0.316868,0.361686,9.02263,119.064,F
3376,1,HappyBirthday,213,6935.46,M,1,0.0790808,1.43978,170.199,39.3871,F
3376,1,HappyBirthday,1323,730,M,1,0.0155607,0.067503,18.2536,5.02704,F
3377,1,HappyBirthday,12,14600.9,M,1,0.00721951,0.287921,1726.37,16.9923,F
3377,1,HappyBirthday,414,17520,M,1,0.0372881,2.00714,61.8689,12.236,F
3378,1,HappyBirthday,405,36135.2,F,1,0.00675145,9.31283,0.856829,2.10781,F
3379,1,HappyBirthday,406,5110.69,F,1,0.0100895,0.135631,4160.77,3.75398,F
3380,1,HappyBirthday,105,5110.5,F,1,0.0697941,0.289332,1542.79,73.1882,F
3380,1,HappyBirthday,224,31025.7,F,1,0.00194523,2.09979,79.2338,0.696438,F
3381,1,HappyBirthday,982,4015.03,M,1,0.00331638,0.297139,272.746,2.18816,F
3381,1,Births,1418,0,F,0,0,0.0982215,0,0,F
3381,1,Births,1419,0,M,0,0,0.0459758,0,0,F
3382,1,HappyBirthday,144,7300.74,F,1,0.0332288,3.42194,134.529,10.8572,F
3382,1,HappyBirthday,159,9855.26,M,1,0.340228,1.55598,950.438,557.674,F
3382,1,HappyBirthday,1324,730,M,1,0.137969,0.0926462,297.845,69.6276,F
3382,1,HappyBirthday,952,6570.04,F,1,0.116444,2.39654,2137.08,60.3491,F
3382,1,HappyBirthday,1287,1095,M,1,0.000358178,0.470289,12521.5,0.207671,F
3383,1,HappyBirthday,19,12410.2,F,1,0.018917,1.78598,15.5003,5.97936,F
3383,1,HappyBirthday,1152,2190,F,1,0.0134581,0.0336868,2046.12,4.52603,F
3384,1,HappyBirthday,203,8395.35,M,1,0.00650764,1.41807,18.3284,2.21459,F
3384,1,HappyBirthday,863,4380.11,M,1,8.64578e-05,1.00728,31.9816,0.0281017,F
3385,1,HappyBirthday,682,5475.91,M,1,0.0152591,1.94569,17.1606,5.18952,F
3386,1,HappyBirthday,521,4380.98,F,1,0.1206,1.09408,222.795,53.6715,F
3386,1,HappyBirthday,551,14965.2,M,1,0.0483466,0.343491,5.46152,15.4005,F
3386,1,HappyBirthday,878,13505.8,F,1,0.0154214,0.758922,353.309,4.84591,F
3387,1,HappyBirthday,184,10950.4,M,1,0.00163185,0.00882808,12.9003,0.540616,F
3387,1,HappyBirthday,1364,365,M,1,0,0.903873,63489.8,0,F
3387,1,HappyBirthday,482,4745.3,F,1,0.000125534,1.15659,186.79,0.0412233,F
3387,1,HappyBirthday,832,5110.09,F,1,0.0937523,1.11739,23.3959,31.1819,F
3387,1,HappyBirthday,1153,2190,M,1,0.665739,0.00468879,2556.42,714.409,F
3387,1,HappyBirthday,1101,2555,F,1,0.068443,0.718592,2.04359,22.1148,F
3387,1,HappyBirthday,1363,365,F,1,0.00243687,0.123491,179.853,0.943751,F
3388,1,HappyBirthday,968,12045.8,F,1,0.00203726,1.21897,0.228165,0.633981,F
3389,1,HappyBirthday,103,5840.22,F,1,0.00169757,0.150496,3097.22,2.57942,F
3389,1,HappyBirthday,1289,1095,F,1,0.0628818,2.70174,19.439,22.1593,F
3389,1,HappyBirthday,1288,1095,F,1,0.000511411,0.258324,12.9245,0.162782,F
3389,1,HappyBirthday,1244,1460,F,1,0.133199,2.57713,488.678,123.123,F
3390,1,HappyBirthday,613,17885.3,F,1,0.177598,2.20619,15.1673,62.4268,F
3390,1,HappyBirthday,888,11315.1,M,1,0.000593153,3.74628,41.2089,0.185234,F
3391,1,HappyBirthday,268,16060.3,M,1,0.0159419,1.71162,432.913,5.5591,F
3391,1,HappyBirthday,402,31025.9,M,1,0.0614497,1.17386,13.0253,20.866,F
3391,1,HappyBirthday,754,25915.1,M,1,0.0113141,0.0995229,74.7172,3.99799,F
3391,1,HappyBirthday,1058,2920,M,1,0.372252,0.313034,36.2017,157.629,F
3391,1,HappyBirthday,979,8760.87,F,1,4.94566e-06,2.51737,1890.6,0.0050634,F
3392,1,HappyBirthday,1365,365,F,1,0,0.00348449,284.013,0,F
3392,1,HappyBirthday,185,11680.2,M,1,0.297792,0.686688,134.166,131.561,F
3392,1,HappyBirthday,205,6935.07,M,1,0.000767797,0.334441,41.3203,0.252109,F
3392,1,HappyBirthday,223,11680.7,F,1,0.00421712,2.75955,66.0381,1.51994,F
3392,1,HappyBirthday,1102,2555,M,1,0.000748486,0.192359,0.0460903,0.23269,F
3392,1,HappyBirthday,1202,1825,M,1,0.0392402,0.0913269,74.3932,13.5928,F
3393,1,HappyBirthday,155,6935.48,F,1,0.00366135,0.241632,0.26321,1.14109,F
3394,1,HappyBirthday,1155,2190,F,1,0.0163886,13.8607,0.169588,5.1355,F
3395,1,HappyBirthday,885,4380.08,M,1,0.0828787,0.196914,0.0896897,26.8889,F
3396,1,HappyBirthday,400,4015.76,M,1,0.595579,0.502028,509.479,461.645,F
3396,1,HappyBirthday,472,7665,M,1,0.268909,0.610826,142.467,97.7589,F
3396,1,HappyBirthday,807,7300.42,F,1,0.0214304,2.60279,0.0128805,6.73209,F
3396,1,HappyBirthday,1156,2190,F,1,0.00183222,0.581343,175.298,0.624683,F
3396,1,HappyBirthday,997,11315.9,M,1,0.0233382,0.09081,6.8481,7.39691,F
3397,1,HappyBirthday,289,19710.6,F,1,0.000607851,0.146865,1646.78,0.444954,F
3397,1,HappyBirthday,395,9855.02,M,1,0.180526,1.31267,69393,1014.22,F
3397,1,HappyBirthday,1366,365,M,1,0.0018951,0.0123185,16.8206,0.606281,F
3397,1,HappyBirthday,1015,3285,F,1,3.79983e-05,0.926815,0.111049,0.0117906,F
3398,1,HappyBirthday,1203,1825,F,1,0.0427865,1.1077,29.0791,13.6553,F
3399,1,HappyBirthday,69,5840.49,M,1,0.000944001,1.96645,9.01015,0.298011,F
3399,1,HappyBirthday,1245,1460,M,1,0.00607115,1.74425,0.0164229,1.89308,F
3400,1,HappyBirthday,1016,3285,F,1,0.0138365,0.0439703,57.7559,5.38669,F
3400,1,HappyBirthday,719,5840.48,F,1,0.175628,11.482,57.4181,71.4388,F
3400,1,HappyBirthday,1204,1825,M,1,0.00600866,0.124753,30.6217,1.95343,F
3400,1,HappyBirthday,1290,1095,M,1,0.128991,0.120385,3488.16,211.203,F
3400,1,HappyBirthday,1017,3285,F,1,0.126056,0.431632,131.884,51.3555,F
3401,1,HappyBirthday,481,4745.15,M,1,0.28571,0.677919,4.50439,105.525,F
3402,1,HappyBirthday,1291,1095,F,1,0.0228515,0.0639099,20749,91.2165,F
3402,1,HappyBirthday,727,24820.7,M,1,0.017501,1.8954,14.8486,5.89779,F
3403,1,HappyBirthday,1104,2555,F,1,0.084413,0.0660464,6896.28,242.334,F
3404,1,HappyBirthday,177,4015.39,M,1,0.000321017,0.387024,69291.2,1.79296,F
3404,1,HappyBirthday,435,9855.31,M,1,0.000212884,6.2545,3.73429,0.0666048,F
3405,1,HappyBirthday,1060,2920,M,1,0.0304972,0.0505914,26.6197,10.9204,F
3406,1,HappyBirthday,386,4015.28,F,1,0.714541,0.139039,134.54,402.856,F
3406,1,HappyBirthday,1246,1460,M,1,0.000242269,0.034383,1.07507,0.0757576,F
3407,1,HappyBirthday,970,5475.23,F,1,0.00115981,0.188161,0.95885,0.362286,F
3408,1,HappyBirthday,1207,1825,F,1,0.03362,2.89344,5219.15,22.2908,F
3408,1,HappyBirthday,281,10585.5,M,1,0.0779588,0.4567,4.04988,25.6219,F
3408,1,HappyBirthday,421,20440.3,F,1,0.457254,1.86866,1469.99,338.847,F
3408,1,HappyBirthday,720,9490.76,F,1,0.00212985,0.0925387,4417.09,0.662906,F
3408,1,HappyBirthday,819,15695.4,F,1,0.020259,0.925132,3454.74,32.5325,F
3408,1,HappyBirthday,1206,1825,F,1,0.00137585,0.0423666,10483.3,0.515645,F
3408,1,HappyBirthday,1205,1825,M,1,0.878613,0.53578,4482.82,1379.76,F
3409,1,HappyBirthday,561,11680.6,F,1,6.49039e-05,1.38208,189582,0.638883,F
3409,1,HappyBirthday,753,32485.6,F,1,0.000926505,17.3806,123442,7.27487,F
3409,1,HappyBirthday,845,11315.3,M,1,0.000260233,0.0158715,55.6748,0.087473,F
3410,1,HappyBirthday,456,10950.3,M,1,0.159834,0.509102,1.37272,54.1696,F
3410,1,HappyBirthday,1247,1460,M,1,0.0673425,0.618947,23072.5,51.0982,F
3410,1,HappyBirthday,1018,3285,F,1,0.0710828,4.51934,1399.4,117.438,F
3410,1,HappyBirthday,702,17520,M,1,0.00170901,0.133111,24.261,0.553711,F
3410,1,HappyBirthday,882,4745.84,F,1,0.0171756,1.54378,134.864,5.94438,F
3411,1,HappyBirthday,188,5110.92,M,1,6.43881e-05,0.412544,881.204,0.043742,F
3411,1,HappyBirthday,1367,365,F,1,0.00517337,0.351358,17.125,1.65556,F
3412,1,HappyBirthday,218,14235.8,F,1,0.00457624,1.9559,0.368564,1.4278,F
3412,1,HappyBirthday,397,5840.73,M,1,0.17783,2.48155,1339.05,181.417,F
3412,1,HappyBirthday,816,28470.4,M,1,0.000547054,0.718109,38278.8,2.17083,F
3412,1,HappyBirthday,1326,730,M,1,0.0376943,2.83231,137.732,14.4111,F
3412,1,HappyBirthday,1327,730,M,1,0.125119,0.50037,2868.52,123.694,F
3413,1,HappyBirthday,52,7665.83,F,1,0,0.216415,632.67,0,F
3414,1,HappyBirthday,1248,1460,M,1,0.0118208,0.0333437,61.8056,3.94257,F
3414,1,HappyBirthday,708,30295.5,F,1,0.00224206,110.019,1012.76,1.59769,F
3414,1,HappyBirthday,728,11680.5,M,1,0.000440749,0.128637,46.1013,0.152112,F
3414,1,HappyBirthday,1368,365,M,1,0.0928371,0.40838,5233.09,45.7395,F
3416,1,HappyBirthday,243,9490.63,M,1,0.00590149,0.749853,0,1.83949,F
3416,1,HappyBirthday,318,8760.92,F,1,0.0995804,14.8016,3523.78,149.854,F
3416,1,HappyBirthday,1292,1095,M,1,0.00548903,0.0389859,2.87223,1.71894,F
3416,1,HappyBirthday,635,17885.2,F,1,0.164218,1.10689,3053.85,61.0019,F
3416,1,HappyBirthday,910,9125.75,M,1,0,0.57855,90.6227,0,F
3416,1,HappyBirthday,988,4015.7,M,1,0.476171,1.35708,30.6816,217.313,F
3417,1,HappyBirthday,773,5840.75,F,1,0.00107721,0.513402,76.2839,0.3962,F
3418,1,HappyBirthday,1106,2555,F,1,0.0378061,0.391622,235.798,22.1658,F
3418,1,HappyBirthday,645,6935.81,M,1,0.000612905,1.28647,2178.58,0.220778,F
3419,1,HappyBirthday,1369,365,M,1,0.276303,0.110648,133.869,119.4,F
3419,1,HappyBirthday,319,9490.07,F,1,0.140557,1.75531,0.978531,47.0742,F
3420,1,HappyBirthday,70,5475.01,M,1,0.00181967,0.36507,26.4584,0.569898,F
3421,1,HappyBirthday,357,10950.8,M,1,0.000485637,0.0387682,1024.84,0.197345,F
3422,1,HappyBirthday,502,8760.58,M,1,0.183193,0.201585,32.1206,68.8952,F
3423,1,HappyBirthday,165,8030.93,M,1,0.211434,0.493411,27.9849,75.0542,F
3423,1,HappyBirthday,356,8030.58,M,1,0.110729,0.316025,10.5959,38.4198,F
3423,1,HappyBirthday,572,27010.5,M,1,0.469347,0.0628722,1623.71,199.666,F
3423,1,HappyBirthday,909,13505.3,M,1,0.0807978,1.29619,46.1457,28.6035,F
3423,1,HappyBirthday,943,5840.56,M,1,0.000675332,6.06613,756.678,0.453898,F
3423,1,Births,1420,0,M,0,0,0.155884,0,0,F
3424,1,HappyBirthday,654,6935.43,M,1,0.180813,0.389695,2563.91,360.208,F
3426,1,HappyBirthday,1328,730,M,1,0.00149294,0.0589957,0,0.464391,F
3426,1,HappyBirthday,706,6935.88,M,1,0.000224115,0.343637,15.6658,0.0746927,F
3426,1,HappyBirthday,994,20440.7,F,1,0.00290504,0.490285,1.31623,0.906011,F
3427,1,HappyBirthday,1157,2190,F,1,0.00333496,0.0441225,209.551,1.14466,F
3427,1,HappyBirthday,147,5475.23,F,1,0.0242327,0.0463299,2.96604,7.62303,F
3427,1,HappyBirthday,265,3650.32,M,1,0.0165305,0.0466595,410.075,5.1807,F
3427,1,HappyBirthday,590,23361,F,1,0.769768,0.87857,0.305621,456.566,F
3428,1,HappyBirthday,777,9125.46,M,1,0.000227386,2.2549,49161.7,0.826835,F
3429,1,HappyBirthday,71,6205.39,F,1,0.00123583,0.132888,232.534,0.42505,F
3429,1,HappyBirthday,176,27740.1,F,1,0.0305549,0.0803835,30.7254,10.133,F
3429,1,HappyBirthday,249,7665.67,F,1,0.0465286,9.97095,3310.48,89.0778,F
3429,1,HappyBirthday,643,3650.22,F,1,0.00155937,0.0977237,35.0259,0.498639,F
3430,1,HappyBirthday,782,15695,M,1,0.0266062,0.576749,0.090348,8.38147,F
3431,1,HappyBirthday,97,13505.8,M,1,0.00118179,3.00047,0.0111894,0.367533,F
3431,1,HappyBirthday,439,5475.32,M,1,0.00422796,0.409991,19.1522,1.31724,F
3431,1,HappyBirthday,767,8760.99,F,0,0,0.00675444,0,0,F
3432,1,HappyBirthday,1370,365,M,1,0.294393,0.0968395,15554.3,1602.98,F
3432,1,HappyBirthday,344,10950.3,M,1,0.415778,0.60287,8.33628,168.604,F
3432,1,HappyBirthday,705,36135.8,F,1,1.87532e-06,1.32449,6426.11,0.004812,F
3433,1,HappyBirthday,228,3650.5,M,1,0.000248196,0.685131,2.85062,0.0774352,F
3433,1,HappyBirthday,236,4745.08,F,1,0.0093691,8.00096,0.440847,2.93218,F
3433,1,HappyBirthday,1158,2190,M,1,0.00764809,1.27332,155.987,3.00682,F
3434,1,HappyBirthday,1022,3285,F,1,0.010208,0.693061,768.767,6.29335,F
3434,1,HappyBirthday,695,8395.38,F,1,0.0469869,0.541831,0.996451,14.9929,F
3434,1,HappyBirthday,1063,2920,M,1,0.00663658,0.238779,0.144686,2.06932,F
3434,1,HappyBirthday,789,28470.5,M,1,0.00452893,0.455481,28.3986,1.61296,F
3434,1,HappyBirthday,1208,1825,M,1,0.00756725,0.23415,2877.89,3.6381,F
3435,1,HappyBirthday,409,28835.2,F,1,0.0207232,19.6813,127.722,7.44835,F
3435,1,HappyBirthday,621,7300.3,F,1,0.113242,0.355738,6442.67,270.587,F
3436,1,HappyBirthday,1209,1825,M,1,0.176613,0.00901454,12537.2,172.228,F
3436,1,HappyBirthday,942,10950.2,F,1,8.07588e-05,0.724599,15490.3,0.057829,F
3437,1,HappyBirthday,772,8030.29,F,1,0.0263637,0.0165985,74.1291,9.39823,F
3438,1,HappyBirthday,215,20805.9,F,1,0.16434,0.305141,1844.56,57.9056,F
3438,1,HappyBirthday,235,19345.8,F,1,0.28015,7.71508,521.634,296.337,F
3438,1,HappyBirthday,833,7665.44,M,1,0.00162633,3.10644,32.7715,0.534214,F
3438,1,HappyBirthday,856,8760.53,F,1,0.113448,1.46781,6.04468,37.6416,F
3438,1,HappyBirthday,1371,365,M,1,0.00301653,0.171193,1584.97,1.45397,F
3439,1,HappyBirthday,145,15695.7,F,1,0.00351251,3.38762,55194.6,4.69207,F
3439,1,HappyBirthday,240,5475.94,F,1,0.0014451,1.47612,40.8113,0.47033,F
3439,1,HappyBirthday,1249,1460,M,0,0,0.00405188,0,0,F
3440,1,HappyBirthday,555,4015.96,F,1,0.00548819,0.119881,0.586465,1.71024,F
3440,1,HappyBirthday,646,15695.5,M,1,0.00540255,5.29259,0.020902,1.68304,F
3441,1,HappyBirthday,668,5110.7,M,1,0.0490066,0.815847,103.289,18.7969,F
3441,1,HappyBirthday,1329,730,M,1,0.166256,0.366243,152.209,56.803,F
3442,1,HappyBirthday,415,35770.8,M,1,0.00817119,0.834593,1.03182,2.55953,F
3442,1,HappyBirthday,538,12045.9,F,1,0.0331373,0.827609,3086.26,75.8438,F
3443,1,HappyBirthday,393,6935.92,F,1,0.00502178,3.20548,117.083,2.47999,F
3444,1,HappyBirthday,101,9490.51,M,1,0.000264953,0.353065,218.168,0.109558,F
3444,1,HappyBirthday,1064,2920,F,1,0.00191006,0.140504,0.000166566,0.593994,F
3445,1,HappyBirthday,494,11315.1,F,1,0.000870832,1.89712,65.4558,0.283467,F
3445,1,Births,1421,0,F,0,0,2.08,0,0,F
3446,1,HappyBirthday,1159,2190,M,1,0.445169,4.98418,1385.74,518.236,F
3446,1,HappyBirthday,108,16060.1,F,1,0.269362,0.109953,1.0007,97.6189,F
3446,1,HappyBirthday,1250,1460,F,1,0.0410958,0.081859,13.0394,13.8678,F
3446,1,HappyBirthday,1210,1825,F,1,0.0281782,0.248984,344.295,19.1642,F
3447,1,HappyBirthday,88,5840.1,M,1,0.00190768,1.19239,2.12935,0.594833,F
3447,1,HappyBirthday,1372,365,F,1,0.126716,0.511968,5300.74,57.0801,F
3447,1,Births,1422,0,M,0,0,0.0257779,0,0,F
3448,1,HappyBirthday,31,9490.14,F,1,0.000473019,0.340462,1680.74,0.206698,F
3448,1,HappyBirthday,364,10950.2,F,1,0.808642,1.6605,61.54,514.704,F
3448,1,HappyBirthday,478,4745.04,F,1,0.000358315,1.12052,163.738,0.137354,F
3448,1,HappyBirthday,675,14235.9,M,1,0.029165,7.92757,11.7071,9.63895,F
3448,1,HappyBirthday,722,18980.2,M,1,0.00774196,0.738232,26.3802,2.64419,F
3448,1,HappyBirthday,1293,1095,M,1,0.000544655,0.462731,61014.3,1.02172,F
3449,1,HappyBirthday,725,17520.5,M,1,4.48102e-08,0.0686243,772.993,5.84e-05,F
3449,1,HappyBirthday,1331,730,F,1,0.212882,0.237096,47.3861,79.7899,F
3449,1,HappyBirthday,1330,730,F,1,0.000481353,0.176859,1972.5,1.12632,F
3450,1,HappyBirthday,86,9490.97,F,1,0.0199676,13.5027,59.4756,6.90451,F
3450,1,HappyBirthday,1373,365,F,1,0.00330516,0.0795522,529.872,2.76686,F
3451,1,HappyBirthday,1023,3285,M,1,0.00151712,0.0263722,0.0251487,0.471841,F
3451,1,HappyBirthday,923,13505.6,F,1,0.106463,0.130614,549.118,62.5111,F
3452,1,HappyBirthday,257,14965.3,M,1,0.0648247,4.63438,0.0071596,20.8271,F
3452,1,HappyBirthday,978,32485.8,F,1,0.00164567,0.532768,13890.2,2.88031,F
3452,1,HappyBirthday,1332,730,M,1,0.00284454,0.245962,417.685,1.12072,F
3453,1,HappyBirthday,1333,730,M,1,0.627129,0.176617,2309.65,355.302,F
3455,1,HappyBirthday,49,16790.4,M,1,0.00220622,0.774075,18.6703,0.744973,F
3455,1,HappyBirthday,253,14965.6,M,1,0.00488817,0.704148,164.125,2.64732,F
3455,1,HappyBirthday,889,5475.28,F,1,0.00112028,1.16626,1361.32,0.968524,F
3455,1,HappyBirthday,957,8395.1,F,1,0.00089197,3.85536,4.5679,0.279832,F
3455,1,Births,1423,0,F,0,0,0.0933991,0,0,F
3456,1,HappyBirthday,74,8030.87,M,1,0.00252807,1.1302,4144.97,1.77524,F
3456,1,HappyBirthday,269,14235.4,M,1,0.00592039,0.262737,2223.05,10.6767,F
3456,1,HappyBirthday,901,4015.24,F,1,0.0085127,0.525175,1799.97,8.75124,F
3457,1,HappyBirthday,1108,2555,M,1,0.00297167,0.0322466,48.1761,0.976679,F
3458,1,HappyBirthday,72,10585.3,M,1,0.155873,0.462927,33.8538,53.142,F
3458,1,HappyBirthday,447,8395.75,M,1,0.00914507,1.37453,3.85111,2.89414,F
3458,1,HappyBirthday,693,9125.74,F,1,0.00112594,5.53758,0.0901214,0.350236,F
3458,1,Births,1424,0,F,0,0,0.0509289,0,0,F
3459,1,HappyBirthday,380,18980.9,F,1,0.0829123,2.19233,23.5074,29.8056,F
3459,1,HappyBirthday,1160,2190,F,1,0.0692285,3.24109,190.271,37.7704,F
3459,1,HappyBirthday,752,6570.04,M,1,0.0108226,12.3763,7.34672,3.47995,F
3460,1,HappyBirthday,162,12045.8,F,1,0.00193066,4.19365,9.26334,0.609226,F
3460,1,HappyBirthday,190,11315.6,M,1,0.00198063,1.5397,9588.81,1.05093,F
3460,1,HappyBirthday,255,3650.45,M,1,0.120874,0.354235,29.1768,44.2762,F
3460,1,HappyBirthday,352,22631,F,1,0,0.130015,459.194,0,F
3460,1,HappyBirthday,898,8395.23,F,1,1.73657e-05,6.08606,945.289,0.025303,F
3460,1,HappyBirthday,1374,365,M,1,0.000871118,0.301095,205.492,0.371771,F
3461,1,HappyBirthday,276,5110.23,M,1,0.143123,1.82098,111.839,49.4981,F
3461,1,HappyBirthday,468,16790.1,M,1,0.301723,0.704885,754.719,271.877,F
3461,1,HappyBirthday,469,4380.78,F,1,0.00450492,1.03424,17.4545,1.44469,F
3461,1,HappyBirthday,520,6205.59,F,1,0.0367422,0.887257,16.7708,11.6576,F
3461,1,HappyBirthday,734,4745.02,F,1,3.65498e-05,0.702333,722.009,0.0463369,F
3462,1,HappyBirthday,79,14965.7,M,1,0.000355601,0.681678,5258.51,0.693399,F
3462,1,HappyBirthday,1375,365,F,1,0.32905,0.139104,12558.7,1597.22,F
3462,1,HappyBirthday,1211,1825,F,1,0.000723619,1.29238,130.571,0.27431,F
3463,1,HappyBirthday,1376,365,M,1,0.00288138,6.44542,75.9383,1.18631,F
3464,1,HappyBirthday,333,6570.62,M,1,0.164491,3.45885,6976.38,268.041,F
3464,1,HappyBirthday,407,5840.06,M,1,0.00201155,0.137741,51.2827,0.633583,F
3465,1,HappyBirthday,1161,2190,F,1,0.0244062,0.0658919,290.104,7.85209,F
3465,1,HappyBirthday,1109,2555,M,1,0.12179,0.116773,173.329,42.485,F
3465,1,HappyBirthday,377,14235.8,M,1,6.09068e-06,3.53814,106865,0.0923424,F
3465,1,HappyBirthday,1162,2190,M,1,0.031971,2.90489,0.0274329,10.0989,F
3466,1,HappyBirthday,332,26645.9,F,1,0.00101642,0.274932,4.66211,0.323516,F
3467,1,HappyBirthday,96,6205.9,M,1,0.000139863,2.45912,4453.78,0.604183,F
3467,1,HappyBirthday,503,14600.9,M,1,0.00700186,1.33723,3352.47,2.58637,F
3467,1,HappyBirthday,1336,730,M,1,0.0514829,18.1743,129537,434.7,F
3467,1,HappyBirthday,959,4015.56,F,1,0.00461086,0.128003,1383.12,7.94784,F
3468,1,HappyBirthday,46,27740.9,M,1,0.000120287,0.114623,17.1413,0.0382436,F
3468,1,HappyBirthday,208,6205.03,M,1,0.0253883,1.08281,3.50005,7.99173,F
3468,1,HappyBirthday,701,5475.39,F,1,0.0106813,0.348519,237.902,6.25879,F
3469,1,HappyBirthday,174,24456,F,1,0.0579223,0.494295,7.64807,18.5646,F
3469,1,HappyBirthday,1252,1460,M,1,0.107439,1.13452,430.184,50.5676,F
3469,1,HappyBirthday,1294,1095,M,1,0.283948,0.709235,41655.7,968.483,F
3469,1,HappyBirthday,730,12410.3,F,1,3.1363e-05,0.504143,53515.8,0.0517676,F
3469,1,HappyBirthday,785,6205.48,M,1,0.0119332,1.93787,338.543,5.69088,F
3469,1,HappyBirthday,829,26645,M,1,0.00018807,7.41718,79641.8,0.663179,F
3470,1,HappyBirthday,39,5840.99,M,1,0.0873233,0.257777,10592.9,340.958,F
3470,1,HappyBirthday,449,13140,F,1,0.12829,7.30174,0.259225,42.674,F
3470,1,HappyBirthday,490,12776,M,1,0.0413874,4.98162,29.6181,13.1505,F
3470,1,HappyBirthday,736,12410,F,1,0.0639576,0.407036,10.4866,20.918,F
3470,1,HappyBirthday,1212,1825,M,1,0.0121389,3.40104,28.7298,3.98307,F
3470,1,Births,1425,0,F,0,0,0.0628819,0,0,F
3471,1,HappyBirthday,1110,2555,F,1,0.457663,1.31064,9840.59,384.536,F
3471,1,HappyBirthday,271,30295.4,M,1,0.208123,0.077087,52.2084,90.773,F
3471,1,HappyBirthday,1163,2190,F,1,5.33602e-05,0.247736,1.76952,0.0167905,F
3471,1,HappyBirthday,893,17155.1,M,1,0.173986,0.0398315,22.4726,61.5693,F
3472,1,HappyBirthday,35,18615.7,F,1,0.00600178,1.3498,3.24507,1.90185,F
3472,1,HappyBirthday,1111,2555,M,1,0.00262397,0.312206,37.9822,0.869839,F
3472,1,HappyBirthday,926,9125.13,F,1,0.00179933,0.540399,1178.68,0.627878,F
3472,1,HappyBirthday,1337,730,F,1,0.0469912,0.125892,552.615,16.0277,F
3473,1,HappyBirthday,142,7300.26,F,1,0.00300527,4.5219,35.296,1.09783,F
3473,1,HappyBirthday,341,28470.5,M,1,0.194842,0.381723,42.8907,71.5802,F
3473,1,HappyBirthday,873,24820.2,M,1,0.0201579,4.48123,721.594,22.606,F
3473,1,HappyBirthday,1377,365,M,1,0.530846,0.050515,1270.19,314.807,F
3474,1,HappyBirthday,677,4745.03,M,1,0.22299,0.0795792,0.632942,78.5954,F
3474,1,HappyBirthday,1164,2190,F,1,0.360847,0.0553316,2008.08,345.37,F
3475,1,HappyBirthday,65,10220.1,F,1,0.000792627,2.77977,0.0639324,0.246445,F
3475,1,HappyBirthday,66,3650.75,M,1,0.2574,0.361161,3.61027,92.9773,F
3475,1,Births,1426,0,F,0,0,0.0363027,0,0,F
3476,1,HappyBirthday,517,15695.8,F,1,0.0171616,2.33107,1590.47,5.39582,F
3476,1,HappyBirthday,703,7300.76,F,1,0.73436,0.370082,269.16,566.844,F
3477,1,HappyBirthday,17,4745.94,M,1,0.530018,0.449539,29.6359,234.959,F
3478,1,HappyBirthday,1378,365,M,1,0.00878039,0.0152988,99383.6,94.7411,F
3478,1,HappyBirthday,821,22265.9,F,1,0.0444677,2.62627,5503.44,40.6912,F
3479,1,HappyBirthday,1165,2190,M,1,0.00037698,0.0852485,105229,2.73381,F
3479,1,HappyBirthday,790,21535.8,F,1,0.000122953,0.376258,136.609,0.0472736,F
3480,1,HappyBirthday,304,4745.03,F,1,0.000315171,7.18854,28700.7,0.500933,F
3480,1,HappyBirthday,1112,2555,F,1,0.0339396,1.97914,7.07253,10.7431,F
3481,1,HappyBirthday,1295,1095,F,1,0.140589,0.761775,10480.2,74.926,F
3481,1,HappyBirthday,1379,365,F,1,0.00250645,0.307663,7.1003,0.806945,F
3481,1,HappyBirthday,940,22630.5,M,1,0.0180118,4.56903,6260.29,19.6027,F
3482,1,HappyBirthday,200,3650.68,M,1,0.000304917,1.42203,0.00136919,0.0949276,F
3482,1,HappyBirthday,363,35040.1,M,1,0.000776335,4.04582,1.64213,0.242795,F
3482,1,HappyBirthday,884,17156,M,1,0.00178504,2.42282,1831.36,0.795548,F
3483,1,HappyBirthday,504,12775.9,F,1,0.00499902,0.299399,52.4582,1.86176,F
3483,1,HappyBirthday,1380,365,M,1,0.427242,0.656854,247.562,234.054,F
3483,1,Births,1427,0,F,0,0,0.631709,0,0,F
3484,1,HappyBirthday,581,12045.5,F,1,0.101844,1.9329,1254.42,126.449,F
3485,1,HappyBirthday,1066,2920,M,1,0.0552455,0.689881,1.00002,17.665,F
3485,1,HappyBirthday,1027,3285,F,1,0.00426873,1.43158,23504.3,2.96686,F
3486,1,HappyBirthday,61,10950.7,M,1,0.139083,0.611052,1.32747,46.5508,F
3486,1,HappyBirthday,81,18980.5,M,1,0.00662261,0.43479,320.379,2.13582,F
3486,1,HappyBirthday,614,12775.3,F,1,0.318597,4.88314,118.892,138.066,F
3486,1,HappyBirthday,820,11315.3,M,1,0.0788071,0.863655,440.964,31.2665,F
3486,1,HappyBirthday,1296,1095,F,1,0.00335245,0.380108,88666,14.2668,F
3487,1,HappyBirthday,143,7665.76,F,1,0.000500391,10.944,24.1426,0.17268,F
3487,1,HappyBirthday,937,9490.81,M,1,0.524983,4.44991,6675.94,361.32,F
3488,1,HappyBirthday,398,13505.8,M,1,0.00261396,1.70735,227.841,0.815992,F
3488,1,HappyBirthday,1382,365,M,1,0.0013842,0.252395,14.3039,0.44763,F
3488,1,HappyBirthday,669,6570.55,M,1,9.89474e-06,3.16101,562.836,0.00860558,F
3489,1,HappyBirthday,32,4015.72,F,1,0.126762,0.263935,481.766,54.9354,F
3489,1,HappyBirthday,1068,2920,M,1,0.140666,0.0344344,70.3409,47.373,F
3489,1,HappyBirthday,301,4745.19,M,1,0.00277937,6.53355,165.424,0.953817,F
3489,1,HappyBirthday,531,12045.7,M,1,0.000117789,0.161324,8780.97,0.379969,F
3489,1,HappyBirthday,542,18615.7,M,1,0.00916932,0.812329,1.59054,2.87332,F
3489,1,HappyBirthday,588,6205.94,M,1,0.0832208,0.266716,148.587,27.9691,F
3490,1,HappyBirthday,1114,2555,F,1,0.67277,0.023193,72.7301,352.769,F
3490,1,HappyBirthday,115,3650.77,F,1,0,0.548002,23.3665,0,F
3490,1,HappyBirthday,1253,1460,M,1,0.00162101,1.29907,86.7643,0.578828,F
3490,1,HappyBirthday,308,4380.27,M,1,0.00498017,0.636761,187.064,1.60266,F
3491,1,HappyBirthday,87,8760.79,M,1,0.014573,0.184205,26.038,5.10729,F
3491,1,HappyBirthday,221,19710.1,M,1,0.00101488,0.433033,5.52148,0.324364,F
3491,1,HappyBirthday,644,12775.2,F,1,0.000269115,0.277772,10.0753,0.0867752,F
3491,1,HappyBirthday,1069,2920,M,1,0.0170286,0.0377817,1222.6,6.15233,F
3492,1,HappyBirthday,1028,3285,F,1,0.00167764,6.28179,143.145,0.524515,F
3492,1,HappyBirthday,1029,3285,F,1,0.175433,1.39324,2914.98,60.8413,F
3492,1,HappyBirthday,1115,2555,F,1,0.194643,9.40928,224.901,67.3541,F
3492,1,HappyBirthday,895,10950.6,F,1,0.00163108,0.339559,0.222742,0.507607,F
3493,1,HappyBirthday,1383,365,F,1,0.00558014,1.45788,3.09969,1.74125,F
3493,1,HappyBirthday,761,10950.7,M,1,0.00976027,1.94016,521.584,3.11098,F
3494,1,HappyBirthday,287,10220.9,F,1,0.000162712,2.37228,0.280658,0.0506358,F
3494,1,HappyBirthday,1070,2920,F,1,0.026247,0.0105732,967.415,20.8361,F
3494,1,HappyBirthday,1297,1095,M,1,0.168975,0.336542,317.056,62.7431,F
3494,1,HappyBirthday,633,12410.4,M,1,0.0396752,11.0677,10.4436,13.2322,F
3495,1,HappyBirthday,1254,1460,M,1,0.00243256,0.193163,3.54691,0.761327,F
3496,1,HappyBirthday,1384,365,F,1,0.78328,0.245282,23.7992,489.178,F
3496,1,HappyBirthday,875,10950.6,F,1,0.000316744,20.1623,30.7407,0.098811,F
3497,1,HappyBirthday,314,24090.6,F,1,0.000118526,0.366133,31.7566,0.0424984,F
3498,1,HappyBirthday,306,4015.97,M,1,0.00555655,0.579567,79.1666,1.73954,F
3499,1,HappyBirthday,793,9855.17,F,1,0.000160033,1.28998,162898,1.47217,F
3499,1,HappyBirthday,1256,1460,F,1,0.140611,0.617659,111111,1642.03,F
3499,1,Births,1428,0,M,0,0,0.014228,0,0,F
3500,1,HappyBirthday,22,11680.1,M,1,0.000381461,0.900144,115.532,0.14089,F
3501,1,HappyBirthday,189,9490.98,M,1,0.0213436,0.421146,82.6009,7.65389,F
3501,1,HappyBirthday,197,11680.5,M,1,0.00531023,1.83074,37.9873,1.7452,F
3501,1,HappyBirthday,222,12775.2,M,1,0.000113528,0.651067,4861,0.0666964,F
3501,1,HappyBirthday,342,4015.12,F,1,0.185518,0.56237,1444.79,80.7808,F
3502,1,HappyBirthday,156,5475.59,F,1,0.000812536,0.118845,451.67,0.276227,F
3502,1,HappyBirthday,1116,2555,M,1,0.0456498,1.91159,457.88,38.6526,F
3502,1,HappyBirthday,1385,365,F,1,4.4075e-05,0.0593789,177112,0.430421,F
3502,1,HappyBirthday,1117,2555,M,1,0.428045,0.378667,23.9041,174.012,F
3503,1,HappyBirthday,1118,2555,M,1,0.227044,0.154505,19.0861,82.748,F
3503,1,HappyBirthday,1031,3285,M,1,0.00109984,0.258783,51.8648,0.361512,F
3504,1,HappyBirthday,94,5475.6,M,1,0.0385219,1.30759,3025.99,125.814,F
3504,1,HappyBirthday,237,4745.12,M,1,0.0512604,0.00657479,560.09,16.5094,F
3504,1,HappyBirthday,305,14965.9,M,1,0.224987,4.86805,3.22323,79.2136,F
3504,1,HappyBirthday,631,15330.4,F,1,0.00232238,8.6446,138.529,1.1357,F
3504,1,HappyBirthday,747,7300.18,M,1,4.33049e-05,1.04699,5791.76,0.104192,F
3505,1,HappyBirthday,748,10950.6,F,1,0.0142258,4.24522,67.5899,4.60347,F
3505,1,HappyBirthday,1071,2920,M,1,0.0124627,4.03369,4.39,3.92681,F
3505,1,HappyBirthday,1339,730,F,1,0.00162224,0.139015,0.9299,0.506425,F
3506,1,HappyBirthday,95,4015.25,F,1,0.00572887,0.683418,5968.83,12.9489,F
3506,1,HappyBirthday,776,4745.6,F,1,0.094023,0.186454,26.555,32.1747,F
3506,1,HappyBirthday,843,13870.5,M,1,0.0074561,0.849972,308.793,2.46295,F
3508,1,HappyBirthday,76,23725,M,1,0.0678394,0.320753,30.4726,21.8352,F
3508,1,HappyBirthday,1214,1825,F,1,0.550495,0.413713,3049.86,318.777,F
3508,1,HappyBirthday,1167,2190,F,1,0.327134,0.327827,296.96,136.608,F
3509,1,HappyBirthday,258,25185.9,M,1,0.144147,2.19336,1708.06,48.5451,F
3509,1,HappyBirthday,1072,2920,M,1,0.00414361,2.82029,0.0220463,1.29047,F
3510,1,HappyBirthday,1215,1825,F,1,2.19228e-05,0.0498009,16.5201,0.00734987,F
3510,1,HappyBirthday,721,22265.5,M,1,0.000506758,4.51434,51225.7,1.25945,F
3510,1,HappyBirthday,920,4380.1,M,1,0.171082,3.34707,824.79,120.33,F
3511,1,HappyBirthday,1032,3285,F,1,0.118988,0.3607,0.158324,39.3912,F
3511,1,HappyBirthday,814,29200.1,M,1,0.00454328,1.22348,70.2034,1.43639,F
3512,1,HappyBirthday,881,6205.01,M,1,0.0838732,79.8858,1166.32,31.0379,F
3512,1,HappyBirthday,1257,1460,F,1,0.0127857,1.00765,5.48868,4.04085,F
3512,1,Births,1429,0,M,0,0,0.0502745,0,0,F
3513,1,HappyBirthday,484,17155.4,F,1,0.0126466,0.661385,609.039,4.13611,F
3513,1,HappyBirthday,1033,3285,M,1,0.145461,0.568722,45.6149,49.3124,F
3514,1,HappyBirthday,1258,1460,F,1,0.512078,0.075698,17547.3,993.988,F
3514,1,HappyBirthday,1298,1095,M,1,0.00456554,0.254679,61.6057,1.80556,F
3515,1,HappyBirthday,75,10220.3,F,1,0.00342088,0.364016,6790.36,8.48533,F
3515,1,HappyBirthday,454,20805.1,F,1,0.0501387,1.34318,5.94096,16.0728,F
3515,1,HappyBirthday,810,13140.2,M,1,0.00930517,2.60753,0.000225,2.90552,F
3515,1,HappyBirthday,850,6205.21,F,1,0.00215476,1.94868,38.3488,0.707008,F
3515,1,HappyBirthday,986,5840.5,M,1,0.00709501,0.106354,10.3797,2.31291,F
3516,1,HappyBirthday,1299,1095,M,1,0.00419054,4.68858,10.6847,1.34809,F
3516,1,HappyBirthday,1119,2555,F,1,0.250713,0.0488115,141.977,102.11,F
3516,1,HappyBirthday,408,8030.22,M,1,0.000958542,8.5959,22.8982,0.328073,F
3517,1,HappyBirthday,57,15330.1,F,1,0.000391275,0.329428,7.61933,0.125519,F
3517,1,HappyBirthday,462,16060.2,M,1,0.136979,2.70785,9.30883,47.3146,F
3517,1,HappyBirthday,918,24090.2,M,1,0.893141,0.0261317,51.135,738.211,F
3518,1,HappyBirthday,10,9490.79,F,1,0.405439,1.64404,365.005,168.193,F
3518,1,HappyBirthday,212,10585.8,M,1,0.000668395,0.378793,89690,2.62139,F
3518,1,HappyBirthday,1300,1095,M,1,0.000254178,0.170756,26574,3.25983,F
3518,1,HappyBirthday,1073,2920,M,1,0.007003,0.144031,11.1418,2.18808,F
3519,1,HappyBirthday,453,9855.8,M,1,0.0635819,3.09361,2.42697,20.5975,F
3520,1,HappyBirthday,126,7300.74,M,1,0,0.165773,0.00191946,0,F
3520,1,HappyBirthday,1260,1460,F,1,0.362248,0.046064,13.9641,147.286,F
3520,1,HappyBirthday,378,16060.8,F,1,0.00620725,5.05049,5.54431,1.93491,F
3520,1,HappyBirthday,496,7300.51,M,1,0.641486,5.34294,33.4826,318.933,F
3520,1,HappyBirthday,636,13140.3,M,1,0.0169478,6.70522,2.58433,5.33552,F
3521,1,HappyBirthday,1342,730,F,1,0.881169,0.191687,4003.42,681.21,F
3521,1,HappyBirthday,667,7665.82,M,1,0.000505139,3.73546,4286.98,0.355825,F
3521,1,HappyBirthday,696,9855.19,M,1,0.067673,10.8745,39.5561,23.0756,F
3522,1,HappyBirthday,665,6935.09,F,1,0.000554824,0.396191,31338.1,0.637216,F
3522,1,HappyBirthday,688,6570.54,M,1,5.85571e-06,1.00646,15056.1,0.027165,F
3523,1,HappyBirthday,170,14965.7,M,1,0.191351,3.55199,0.559972,66.0607,F
3523,1,HappyBirthday,616,4380.11,F,1,0.000967622,0.450132,355.234,0.335894,F
3524,1,HappyBirthday,110,3650.13,F,1,4.23964e-06,0.0374096,15.0686,0.00134026,F
3525,1,HappyBirthday,501,18980.4,F,1,0.000686305,1.40974,2362.22,0.942107,F
3526,1,HappyBirthday,519,7665.7,F,1,0.000831812,0.350278,756.951,0.259399,F
3526,1,HappyBirthday,700,18981,F,1,0.00109975,3.09585,32.0116,0.343585,F
3526,1,HappyBirthday,927,19710.7,M,1,0.00343309,1.14774,32458.4,14.9056,F
3527,1,HappyBirthday,83,4015.19,F,1,2.60988e-06,0.121129,2416.58,0.0032708,F
3527,1,HappyBirthday,310,8760.84,F,1,0.00664513,0.293227,596.3,2.3193,F
3527,1,HappyBirthday,1301,1095,F,1,0.0743638,0.101343,2189.69,82.2646,F
3527,1,HappyBirthday,379,14965.8,F,1,0.00107666,0.439159,24.6606,0.365379,F
3527,1,HappyBirthday,1034,3285,M,1,0.012979,0.278661,20.9392,4.07628,F
3528,1,HappyBirthday,25,3650.06,M,1,0.000143889,0.270012,2964.34,0.185379,F
3528,1,HappyBirthday,991,18250.8,M,1,0.000658282,1.761,6582.01,0.652449,F
3529,1,HappyBirthday,883,10220.6,F,1,0.000897036,0.200242,149.965,0.339016,F
3529,1,Births,1430,0,M,0,0,0.0916015,0,0,F
3530,1,HappyBirthday,1261,1460,M,1,0,0.119119,0.191891,0,F
3530,1,HappyBirthday,396,6935.19,F,1,0.00869587,0.639399,525.008,3.40947,F
3530,1,HappyBirthday,1121,2555,F,1,0.0025161,1.86333,56.4145,0.83307,F
3531,1,HappyBirthday,196,7300.87,M,1,0.001846,7.60778,16.9993,0.58814,F
3531,1,HappyBirthday,1122,2555,M,1,0.0094999,0.906333,623.292,2.96659,F
3531,1,HappyBirthday,1262,1460,F,1,0.0886121,0.663903,11318.3,54.6108,F
3531,1,HappyBirthday,471,9855.43,M,1,0.00430611,0.629738,90.9767,1.66896,F
3533,1,HappyBirthday,323,5475.32,M,1,0.0955823,0.69868,139.964,38.8888,F
3534,1,HappyBirthday,160,8395.22,M,1,0.0760693,2.68238,3093.55,133.928,F
3534,1,HappyBirthday,294,4745.07,M,1,0.00101622,0.371434,1.48537,0.317904,F
3535,1,HappyBirthday,544,3650.89,F,1,0.00762299,0.0181561,2231.65,2.53262,F
3535,1,HappyBirthday,545,30295.3,F,1,0.311694,14.9602,7125.35,619.622,F
3536,1,HappyBirthday,26,5110.08,F,1,0.00297529,5.65011,49.8881,1.00537,F
3536,1,HappyBirthday,512,9855.03,F,1,0.167056,0.288991,16.9861,59.0152,F
3536,1,HappyBirthday,1218,1825,F,1,9.58933e-05,0.0250548,272.239,0.0597556,F
3536,1,HappyBirthday,969,10950.7,M,1,0.00184997,2.34929,1.39439,0.57568,F
3537,1,HappyBirthday,5,27375.6,M,1,0.0261203,0.1294,40.4787,8.44107,F
3537,1,HappyBirthday,458,3650.13,F,1,0.000328726,1.13281,8942.48,0.187378,F
3537,1,HappyBirthday,489,18980.8,F,1,0.00201615,0.38492,154.469,0.91043,F
3537,1,HappyBirthday,1001,3650.39,M,1,0.0594859,0.0792714,38.1606,20.1571,F
3538,1,HappyBirthday,277,20440.8,F,1,0.000891343,6.42562,1452.24,0.379627,F
3538,1,HappyBirthday,577,9490.56,M,1,0.000124828,5.94466,2511.42,0.168178,F
3538,1,HappyBirthday,1263,1460,M,1,0.00131673,0.388998,24.9497,0.418741,F
3538,1,Births,1431,0,F,0,0,0.0454261,0,0,F
3539,1,HappyBirthday,768,18250.1,F,1,0.00148298,2.93694,496.036,1.37502,F
3539,1,HappyBirthday,1124,2555,F,1,0.00123603,2.10923,20190.7,1.0682,F
3540,1,HappyBirthday,1264,1460,F,1,0,0.104326,10135.9,0,F
3540,1,HappyBirthday,1386,365,F,1,0.407208,0.17771,16695.2,661.603,F
3541,1,HappyBirthday,877,17155.1,M,1,0.32076,0.19862,440.33,311.413,F
3542,1,HappyBirthday,1126,2555,F,1,0.304684,1.44252,700.886,253.507,F
3542,1,HappyBirthday,724,5475.92,M,1,0.0944782,1.1573,46.3613,33.2953,F
3542,1,HappyBirthday,1125,2555,F,1,0.0294171,1.31061,0.0625395,9.28026,F
3543,1,HappyBirthday,679,11315.9,F,1,4.01182e-05,43.0128,17516.7,0.0227854,F
3545,1,HappyBirthday,548,7665.57,F,1,0.00488875,0.0161938,3.24137,1.52955,F
3545,1,HappyBirthday,932,34310.9,F,1,0.0108406,1.66907,20224.8,6.73179,F
3546,1,HappyBirthday,99,4380.81,F,1,0.0866627,3.94842,9.35634,28.371,F
3546,1,HappyBirthday,694,14965.9,M,1,0.00520286,1.13515,305.938,1.715,F
3546,1,HappyBirthday,743,6205.29,F,1,0.00446314,0.78638,6.78646,1.39846,F
3546,1,HappyBirthday,839,10950.6,M,1,0.085206,7.61826,35.0898,29.9842,F
3547,1,HappyBirthday,1343,730,M,1,0.320091,0.060034,12810,1599.36,F
3547,1,HappyBirthday,595,31025.3,F,1,0.010323,9.00166,0.179575,3.22492,F
3548,1,HappyBirthday,498,5840.2,M,1,0.0163832,0.209874,1609.83,15.6452,F
3548,1,HappyBirthday,1036,3285,F,1,0.0788444,0.0911506,6.93361,25.6764,F
3548,1,HappyBirthday,1344,730,M,1,0.758194,0.309711,121.86,443.424,F
3548,1,HappyBirthday,1035,3285,F,1,0.0123321,0.922599,1.69842,3.86347,F
3549,1,HappyBirthday,4,20805.5,M,1,0.000132601,0.108111,26963.4,0.0915124,F
3550,1,HappyBirthday,24,21900.1,M,1,0.000394,0.277589,23190.3,0.248597,F
3550,1,HappyBirthday,90,33580.4,F,1,0.000299191,0.637908,10.112,0.0946322,F
3550,1,HappyBirthday,1302,1095,F,1,4.82203e-05,0.0922251,18991,0.531191,F
3550,1,HappyBirthday,744,12776,F,1,0.000464038,0.152906,1653.17,0.28027,F
3551,1,HappyBirthday,38,4015.4,F,1,0.000668271,0.0564062,7.63186,0.215754,F
3551,1,HappyBirthday,59,5840.86,F,1,0.00462486,0.198899,703.578,2.82358,F
3551,1,HappyBirthday,242,28470.9,F,1,0.0010525,26.1755,67.6299,0.366041,F
3551,1,HappyBirthday,1127,2555,F,1,0.809387,0.0203093,5160.68,587.753,F
3552,1,HappyBirthday,336,5475.85,M,1,0.0732684,2.57805,231.319,43.7919,F
3552,1,HappyBirthday,425,3650.17,M,1,0.00202209,0.345133,524.203,0.734083,F
3552,1,HappyBirthday,477,12775.2,F,1,3.21429e-05,0.610724,35081.1,0.0745196,F
3552,1,HappyBirthday,717,30295.3,M,1,0.000170436,0.334372,144.746,0.0846198,F
3552,1,HappyBirthday,917,16425.7,F,1,0.045163,1.24006,34.5348,16.6062,F
3553,1,HappyBirthday,950,18615.3,M,1,0.016657,2.04655,122.548,5.67436,F
3554,1,HappyBirthday,216,16425.4,M,1,0.00396142,3.93602,1.99832,1.2464,F
3554,1,HappyBirthday,1303,1095,M,1,0.0178151,2.85334,9974.91,20.8588,F
3554,1,HappyBirthday,800,4380.31,F,1,0.000449884,0.304322,51.7728,0.152329,F
3554,1,HappyBirthday,1387,365,F,1,0.163495,1.01257,1781.04,185.402,F
3554,1,HappyBirthday,1170,2190,M,1,0.0291581,0.612708,304.823,22.4353,F
3555,1,HappyBirthday,1037,3285,M,1,0.00580268,0.109113,432.954,2.84183,F
3556,1,HappyBirthday,1304,1095,F,1,6.05774e-05,0.491795,108095,0.928392,F
3556,1,HappyBirthday,1219,1825,F,1,0.132702,0.622071,2201.16,142.725,F
3556,1,HappyBirthday,1265,1460,F,1,0.0691679,0.0106806,6929.41,49.6272,F
3556,1,HappyBirthday,1171,2190,F,1,0.175139,1.29095,440.813,99.6016,F
3557,1,HappyBirthday,670,16060.3,M,1,0.00234739,0.761304,261.83,0.758152,F
3558,1,HappyBirthday,508,10220.3,F,1,0.000200102,0.386902,0.0818222,0.0622196,F
3558,1,HappyBirthday,587,5475.1,F,1,0.00313511,27.0775,140.226,1.08687,F
3558,1,HappyBirthday,1129,2555,F,1,0.031281,0.175035,2338.5,35.6517,F
3558,1,HappyBirthday,985,6935.03,M,1,0.0303371,0.12679,1.24103,9.61923,F
3559,1,HappyBirthday,1266,1460,M,1,0.00328203,14.0114,5.44287,1.04954,F
3559,1,HappyBirthday,179,9125.09,M,1,0.00204656,0.269601,62.2906,0.696358,F
3559,1,HappyBirthday,427,6205.15,F,1,0.0213712,0.0202812,99.8308,7.8761,F
3559,1,HappyBirthday,571,13140.6,F,1,0.00705945,30.3973,1255.96,2.36098,F
3559,1,HappyBirthday,827,8395.95,F,1,0.688446,0.914037,2.72546,366.007,F
3560,1,HappyBirthday,168,13871,F,1,0.000929291,1.3447,6.52713,0.295317,F
3560,1,HappyBirthday,252,5475.19,F,1,0.00151817,0.172254,28063,1.10787,F
3560,1,HappyBirthday,615,6570.38,M,1,6.5504e-05,1.03435,1994.18,0.162114,F
3560,1,HappyBirthday,739,25550.9,F,1,5.45902e-06,0.408574,0.149336,0.001708,F
3560,1,HappyBirthday,853,13870.3,F,1,0.0176017,0.262327,1458.95,25.686,F
3561,1,HappyBirthday,1388,365,F,1,0.351928,0.046052,609.384,432.103,F
3562,1,HappyBirthday,18,15330.7,M,1,0.0184566,3.10018,11364.8,7.51775,F
3563,1,HappyBirthday,1221,1825,M,1,0.00568831,2.30335,14.4266,1.88542,F
3563,1,HappyBirthday,320,17155.7,M,1,0.00115954,14.9374,587.527,0.53796,F
3563,1,HappyBirthday,392,21535.1,F,1,0.106595,3.54756,14.2293,35.5038,F
3563,1,HappyBirthday,528,6205.58,M,1,0.0017754,0.448862,0.535847,0.552089,F
3563,1,HappyBirthday,1389,365,M,1,0.695006,0.168812,183.398,436.406,F
3563,1,HappyBirthday,742,6935.81,F,1,0.195401,0.50826,1275.94,182.121,F
3564,1,HappyBirthday,131,12776,F,1,0.00230647,8.9945,1.96572,0.722559,F
3565,1,HappyBirthday,98,15695.3,M,1,0.00793586,0.501239,74.8562,2.49088,F
3566,1,HappyBirthday,658,8395.52,F,1,0.0187064,0.184857,5645.77,30.4603,F
3566,1,HappyBirthday,787,10950.9,F,1,0.222851,0.979733,158.242,95.2687,F
3566,1,HappyBirthday,1172,2190,M,1,0.00250903,2.72282,2.87017,0.782334,F
3568,1,HappyBirthday,452,16060.4,F,1,0.000885487,2.10283,94.6191,0.359912,F
3569,1,HappyBirthday,1345,730,M,1,0.065142,0.515431,22740.2,178.295,F
3569,1,HappyBirthday,1130,2555,M,1,0.0297037,0.336625,103.153,10.1012,F
3569,1,HappyBirthday,412,7300.56,M,1,0.0161479,1.25457,30.7241,5.10371,F
3569,1,Births,1432,0,M,0,0,0.000860679,0,0,F
3570,1,HappyBirthday,497,10585.8,F,1,0.00195719,3.37768,646.701,0.677289,F
3571,1,HappyBirthday,672,11315.5,M,1,0.0455289,0.296011,19.6266,15.8739,F
3572,1,HappyBirthday,410,20440.9,M,1,0.00138609,14.1701,170.072,0.43623,F
3572,1,HappyBirthday,1267,1460,F,1,0.520553,0.372229,66.172,278.964,F
3573,1,HappyBirthday,622,6205.69,F,1,0.336771,1.18749,344.595,308.532,F
3574,1,HappyBirthday,64,7665.04,M,1,0.0654522,0.30062,113.961,21.6472,F
3574,1,HappyBirthday,1390,365,M,1,0.000478335,1.56763,44088.8,0.622177,F
3574,1,HappyBirthday,373,7300.93,M,1,0.00500193,0.353668,9.68667,1.63478,F
3574,1,HappyBirthday,656,21170.5,M,1,0.0307356,3.49205,68.8489,9.70323,F
3574,1,HappyBirthday,886,9490.81,M,1,0.76692,0.321025,144.594,512.524,F
3574,1,Births,1433,0,F,0,0,0.0133373,0,0,F
3576,1,HappyBirthday,1000,19710.5,M,1,0.105212,0.140238,0.38795,34.5476,F
3576,1,HappyBirthday,1305,1095,M,1,0.0017085,0.603751,24.3887,0.553771,F
3576,1,HappyBirthday,260,9855.71,F,1,0.0636753,0.853876,76.0281,21.7494,F
3577,1,HappyBirthday,349,12410.6,M,1,0.0280685,2.13992,8.81233,9.12955,F
3577,1,HappyBirthday,479,4380.73,F,1,0.00789659,0.175064,1725.75,18.0175,F
3577,1,HappyBirthday,1222,1825,M,1,0.0778573,0.141812,7304.32,170.325,F
3577,1,HappyBirthday,649,13870.9,M,1,0.00122981,1.266,2.2556,0.385546,F
3577,1,HappyBirthday,755,9855.2,M,1,0.00386272,2.57469,2745.77,2.86611,F
3577,1,HappyBirthday,866,10220.7,F,1,0.0264637,6.91638,114.2,11.9111,F
3577,1,HappyBirthday,1268,1460,M,1,0.157424,0.164895,2170.65,58.3637,F
3578,1,HappyBirthday,234,10950.8,F,1,0.067217,0.735911,299.831,26.7757,F
3578,1,HappyBirthday,731,11680.8,M,1,0.00156333,0.0534609,39.8205,0.494526,F
3578,1,HappyBirthday,763,12045.4,M,1,0.129883,0.368513,64.7938,43.4478,F
3579,1,HappyBirthday,1306,1095,M,1,0.182729,0.140121,68588.7,1047.51,F
3579,1,HappyBirthday,312,4380.1,M,1,0.000123628,15.2762,272.06,0.0400935,F
3579,1,HappyBirthday,411,11315.1,M,1,0.368292,2.19823,857.029,242.779,F
3579,1,HappyBirthday,960,15695.6,M,1,0.0189702,0.229309,5.45754,6.0053,F
3579,1,HappyBirthday,973,5475.13,M,1,0.520277,0.22143,57.7301,258.992,F
3580,1,HappyBirthday,466,16790.5,M,1,0.0794146,0.0549034,12.5774,26.9188,F
3580,1,HappyBirthday,558,6205.19,M,1,0.0385806,0.09304,961.09,51.2077,F
3580,1,HappyBirthday,729,6205.96,M,1,0.080869,0.537998,0.0491274,26.208,F
3580,1,HappyBirthday,745,4745.36,F,1,0.315077,8.70067,6.61827,120.734,F
3580,1,HappyBirthday,983,5840.37,F,1,0.077503,0.358824,1.98869,25.1316,F
3581,1,HappyBirthday,68,10220.5,M,1,0.120701,0.28538,0.6478,40.0793,F
3581,1,HappyBirthday,461,12410.8,M,1,0.000746916,2.84286,10.2725,0.242858,F
3581,1,HappyBirthday,1346,730,M,1,0.107324,0.627229,2445.82,159.91,F
3581,1,HappyBirthday,1074,2920,F,1,0.0012825,0.127311,119.029,0.437913,F
3582,1,HappyBirthday,113,27010.6,M,1,0.0176391,1.39269,17526.4,12.1201,F
3582,1,HappyBirthday,1391,365,M,1,0.0118539,0.771019,60.0518,4.01007,F
3583,1,HappyBirthday,109,17155.4,M,1,0.00257901,0.455256,855.29,3.68821,F
3583,1,HappyBirthday,358,12045.5,F,1,0.00163716,0.509192,17.146,0.546283,F
3584,1,HappyBirthday,116,13870.5,M,1,0.000362142,9.48396,5025.42,1.847,F
3584,1,HappyBirthday,1223,1825,F,1,0.0156219,0.0390363,16307.6,9.34821,F
3584,1,HappyBirthday,1269,1460,M,1,0.0295307,0.585649,329.418,10.0029,F
3584,1,HappyBirthday,949,7665.87,M,1,0.000164012,0.0967736,0.0007434,0.050902,F
3585,1,HappyBirthday,286,8395.39,M,1,0.0332162,3.62122,43747.5,146.319,F
3585,1,HappyBirthday,488,13870.2,F,1,0.0516978,0.0243694,2.28713,16.6092,F
3585,1,HappyBirthday,709,8760.15,F,1,0.0835712,6.5486,6379.96,181.706,F
3585,1,HappyBirthday,792,25550,F,1,0.279815,0.391959,520.158,107.263,F
3585,1,HappyBirthday,831,12775.8,F,1,0.0304466,0.163141,11.0512,9.78865,F
3586,1,HappyBirthday,1224,1825,F,1,0.00242663,2.65664,100.155,0.837887,F
3586,1,HappyBirthday,951,13505.3,F,1,0.309504,0.561338,33.8594,115.479,F
3587,1,HappyBirthday,1347,730,F,1,0.0147398,0.0901878,42.1596,4.90447,F
3587,1,HappyBirthday,692,4380.47,M,1,0.0011195,2.50831,5062.98,2.44641,F
3587,1,HappyBirthday,1040,3285,M,1,0.044036,0.767,5.54625,14.128,F
3588,1,HappyBirthday,244,13140.1,M,1,0.360377,0.223228,805.402,143.862,F
3588,1,HappyBirthday,440,31025.7,M,1,0.000746796,1.51387,1.35579,0.23219,F
3588,1,HappyBirthday,638,12045.2,M,1,0.0641379,0.994261,31.1753,20.6203,F
3588,1,HappyBirthday,795,6935.67,M,1,0.104539,2.28043,505.584,34.3925,F
3588,1,HappyBirthday,868,9490.95,F,1,0.00172958,1.18172,3.41013,0.538367,F
3589,1,HappyBirthday,329,6205.66,M,1,0.0861263,2.30467,6603.34,303.556,F
3589,1,HappyBirthday,740,9125.9,M,1,0.277659,0.519584,1794.64,102.21,F
3590,1,HappyBirthday,157,7300.51,F,1,0.000893582,3.03584,7.27358,0.280579,F
3590,1,HappyBirthday,606,10220.5,F,1,7.28038e-06,2.77698,212.597,0.0030228,F
3590,1,HappyBirthday,1392,365,M,1,0.773647,0.0265872,1608.13,528.216,F
3591,1,HappyBirthday,278,12410.2,M,1,0.00731028,1.93302,1976.45,3.99467,F
3591,1,HappyBirthday,1131,2555,M,1,0.0901591,0.0823999,0.362703,29.3641,F
3591,1,HappyBirthday,837,18250.2,F,1,0.141363,0.84104,2252.21,198.457,F
3591,1,HappyBirthday,1270,1460,F,1,0.130613,0.0817667,6.32448,44.8863,F
3592,1,HappyBirthday,1226,1825,M,1,0.00354519,3.09912,0.0104212,1.10428,F
3592,1,HappyBirthday,1132,2555,F,1,0.0194223,2.52694,58.1103,6.62418,F
3592,1,HappyBirthday,366,32485.5,M,1,0.000388685,2.86542,0.0027128,0.120838,F
3593,1,HappyBirthday,272,6570.69,F,1,0.0186542,0.232548,13.1027,5.89564,F
3593,1,HappyBirthday,436,12045.2,F,1,0.0214213,0.190329,59.6501,7.1145,F
3593,1,HappyBirthday,525,3650.04,M,1,2.17121e-05,0.0241405,764.059,0.00778931,F
3594,1,HappyBirthday,465,4380.49,M,1,0.0115807,0.827364,3129.84,14.6518,F
3594,1,HappyBirthday,623,19710.6,F,1,0.0716903,0.178417,221.174,24.902,F
3594,1,HappyBirthday,847,5110.4,F,1,4.14551e-05,6.80972,13.5823,0.01378,F
3595,1,HappyBirthday,578,6570.07,F,1,0.00103848,1.4338,117.949,0.351456,F
3595,1,HappyBirthday,756,15695.6,F,1,6.59663e-05,3.76273,61771.1,0.44308,F
3595,1,HappyBirthday,922,10950,F,1,0.00916223,5.10253,779.128,11.1389,F
3596,1,HappyBirthday,78,4380.57,M,1,0.188709,0.268969,952.768,307.468,F
3596,1,HappyBirthday,1133,2555,M,1,0.00167357,1.95334,0.00180439,0.520837,F
3596,1,HappyBirthday,354,11680.6,F,1,1.35304e-05,1.47516,47.9064,0.004451,F
3596,1,HappyBirthday,1227,1825,M,1,0.0952984,0.0315775,41.6184,31.8462,F
3596,1,HappyBirthday,1041,3285,M,1,0.0471912,0.658974,2042.45,15.6479,F
3597,1,HappyBirthday,27,20075,M,0,0,0.00563664,0,0,F
3597,1,HappyBirthday,1134,2555,M,1,0.557434,0.807188,284.357,264.801,F
3597,1,HappyBirthday,1348,730,F,1,0.0429833,0.697689,62.4768,14.7174,F
3597,1,HappyBirthday,1076,2920,M,1,0.121486,0.0581663,6.79946,40.98,F
3598,1,HappyBirthday,140,10220.3,M,1,0.000298833,1.36586,210.008,0.0985918,F
3598,1,HappyBirthday,1175,2190,M,1,0.282504,0.093719,1892.68,109.955,F
3598,1,HappyBirthday,180,5475.54,M,1,0.00399883,0.0687473,0.344683,1.2459,F
3598,1,HappyBirthday,1349,730,M,1,0.319049,0.0385251,651.208,400.585,F
3598,1,HappyBirthday,600,4015.79,M,1,0.720698,0.130949,120.543,398.202,F
3598,1,HappyBirthday,1043,3285,M,1,0.00137455,0.498648,1.14087,0.427334,F
3599,1,HappyBirthday,77,10585.2,F,1,0.00996202,1.03818,74.4489,3.1831,F
3599,1,HappyBirthday,82,24455.1,M,1,0.0237305,0.448348,1988.52,20.9477,F
3599,1,HappyBirthday,1272,1460,M,1,5.62459e-05,0.107822,82613.2,0.726602,F
3599,1,HappyBirthday,430,8030.63,F,1,0.000176128,0.565491,59.7749,0.0656366,F
3599,1,HappyBirthday,1135,2555,F,1,0.104739,0.0798083,54.6606,42.4647,F
3600,1,HappyBirthday,48,11680.6,F,1,0.024193,0.0783008,0.029124,7.61093,F
3600,1,HappyBirthday,173,26280.9,F,1,0.00868193,1.44127,3.02055,2.7229,F
3600,1,HappyBirthday,273,18615.2,F,1,0.3355,2.92269,245.481,172.276,F
3600,1,HappyBirthday,293,4015.21,F,1,0.161351,1.51708,146.308,63.6134,F
3600,1,HappyBirthday,1273,1460,F,1,0.00287663,1.01937,360.803,2.09173,F
3600,1,HappyBirthday,632,34310.4,M,1,0.544472,0.223317,17.7163,251.113,F
3600,1,HappyBirthday,928,19345.2,F,1,0.00690317,1.58485,2149.42,2.29224,F
3601,1,HappyBirthday,1136,2555,F,1,0.000759942,0.264594,14758.8,0.393351,F
3601,1,HappyBirthday,401,35405.5,F,1,0.304099,0.192086,1080.09,555.126,F
3601,1,HappyBirthday,518,16060.2,F,1,0.165272,1.97741,484.663,152.061,F
3601,1,HappyBirthday,523,9490.89,F,1,0.0267415,0.26425,149.943,8.43258,F
3602,1,HappyBirthday,127,18250.6,F,1,0.0112231,0.658749,1127.37,7.45253,F
3602,1,HappyBirthday,297,5475.65,F,1,0.00140324,0.602638,0.0860242,0.436621,F
3602,1,HappyBirthday,371,4380.76,M,1,0.0149257,1.45957,47.6641,4.67455,F
3602,1,HappyBirthday,653,7300.38,M,1,0.00559798,0.472631,10110.8,18.9326,F
3602,1,HappyBirthday,664,8030.47,M,1,0.00149797,1.71581,1.34433,0.468918,F
3602,1,HappyBirthday,712,16790.2,F,1,0.352412,1.5605,5368.17,147.739,F
3602,1,HappyBirthday,1393,365,M,1,0.87642,0.1278,1268.64,1879.85,F
3602,1,HappyBirthday,1137,2555,M,1,0.0018624,0.199474,0.212889,0.579418,F
3602,1,HappyBirthday,838,6205.68,M,1,0.0161062,1.66922,1005.04,22.1362,F
3602,1,HappyBirthday,965,6205.67,F,1,0.0193479,0.94423,3403.09,13.9464,F
3602,1,HappyBirthday,992,5110.86,M,1,0.0304669,12.064,0.0388439,9.61476,F
3603,1,HappyBirthday,250,15330.3,M,1,0.400145,0.259137,38.5515,169.012,F
3603,1,HappyBirthday,559,5840.1,F,1,0.00127778,0.213247,371.974,0.397488,F
3604,1,HappyBirthday,1228,1825,F,1,0.599761,0.158072,244.565,513.847,F
3604,1,HappyBirthday,303,5475.26,F,1,0.00239716,0.446872,0.049339,0.745799,F
3604,1,HappyBirthday,516,33215.2,F,1,0.00198105,0.156239,34042.6,14.7861,F
3605,1,HappyBirthday,1274,1460,M,1,0.000395846,0.695824,27931.4,0.862799,F
3605,1,HappyBirthday,347,9855.43,F,1,0.00225968,0.548935,24.0484,0.7472,F
3605,1,HappyBirthday,570,10950.4,M,1,0.0128457,0.0543033,4.44502,4.10786,F
3606,1,HappyBirthday,1394,365,F,1,0.00668484,0.918741,17.6822,2.13264,F
3606,1,HappyBirthday,450,3650.77,F,1,0.00835188,0.823071,866.559,3.74272,F
3606,1,HappyBirthday,601,4745.33,M,1,0.000999738,11.9862,2819.08,1.43465,F
3606,1,HappyBirthday,1229,1825,F,1,0.585172,0.0631303,215.176,275.902,F
3607,1,HappyBirthday,749,22630.1,M,1,6.37374e-05,1.91635,2729.76,0.0949164,F
3607,1,HappyBirthday,771,17885.7,F,1,0.00012326,0.375575,8.64794,0.0396196,F
3607,1,HappyBirthday,842,19710.9,M,1,4.68146e-05,0.467844,2775.85,0.0310678,F
3608,1,HappyBirthday,1139,2555,M,1,0.163063,3.51311,1.03745,55.3647,F
3608,1,HappyBirthday,275,28835.3,F,1,0.0818832,1.46656,0.0581008,26.5516,F
3608,1,HappyBirthday,315,6205.62,M,1,2.88243e-06,0.413982,4601.18,0.0126994,F
3608,1,HappyBirthday,1138,2555,F,1,0.000826835,1.53297,6.63175,0.258234,F
3608,1,HappyBirthday,916,24455,F,1,0.00511004,0.223351,522.507,1.59227,F
3609,1,HappyBirthday,500,10951,M,1,0.00683132,0.0658818,8186.12,13.9986,F
3610,1,HappyBirthday,1078,2920,F,1,0.00511172,2.05894,62.2979,1.74683,F
3611,1,HappyBirthday,1395,365,F,1,0.306375,9.24082,21924.7,584.47,F
3611,1,HappyBirthday,1275,1460,M,1,0.00110578,0.158698,77046.5,13.5142,F
3611,1,Births,1434,0,M,0,0,4.66369,0,0,F
3612,1,HappyBirthday,432,14965.9,F,1,0.106512,0.589138,99.5505,38.0329,F
3612,1,HappyBirthday,492,3650.67,F,1,0.00128741,0.760011,603.785,0.715192,F
3612,1,HappyBirthday,1140,2555,F,1,0.000766553,0.133704,0.771681,0.239045,F
3612,1,HappyBirthday,1350,730,F,1,0.00011346,1.2801,9964.53,0.624776,F
3612,1,Births,1435,0,M,0,0,0.335944,0,0,F
3613,1,HappyBirthday,211,17885.6,M,1,0.00701124,0.205409,24.4891,2.37283,F
3613,1,HappyBirthday,339,13505.6,M,1,0.135312,5.72058,1201.56,46.6732,F
3613,1,HappyBirthday,529,14965.6,F,1,0.0038477,0.0427921,181.986,1.52867,F
3614,1,HappyBirthday,191,3650.32,F,1,0.00852448,0.138641,47.0338,3.19899,F
3614,1,HappyBirthday,1177,2190,F,1,0.0215496,0.273005,25.2958,7.06539,F
3616,1,HappyBirthday,1396,365,F,1,0.178571,1.29208,23.7357,64.1907,F
3617,1,HappyBirthday,1141,2555,M,1,0.00212406,0.507007,437.292,0.959493,F
3617,1,HappyBirthday,852,6205.57,M,1,0.00240177,7.27081,7033.22,1.74397,F
3617,1,HappyBirthday,1230,1825,F,1,0.0758267,0.739121,75769.4,801.207,F
3618,1,HappyBirthday,424,18615.9,M,1,0.814654,0.14193,536.446,653.04,F
3618,1,HappyBirthday,1080,2920,M,1,0.00116075,0.541734,441.964,0.941172,F
3619,1,HappyBirthday,1276,1460,F,1,0.361822,0.0759335,143.703,209.945,F
3619,1,HappyBirthday,1231,1825,F,1,0.914922,0.261885,41.0215,767.909,F
3620,1,HappyBirthday,1397,365,M,1,0.692745,0.052727,25.8046,370.499,F
3620,1,HappyBirthday,924,15695.3,F,1,0.000147357,0.135432,16810,0.149459,F
3621,1,HappyBirthday,2,14965.4,M,1,0,3.76256,10.0766,0,F
3621,1,HappyBirthday,1398,365,M,1,0.000990508,0.56021,24368.6,0.7199,F
3621,1,HappyBirthday,309,5475.8,F,1,0.000161937,1.21476,2468.58,0.0785968,F
3621,1,HappyBirthday,1081,2920,M,1,0.0551339,2.11308,6982.78,21.6202,F
3622,1,HappyBirthday,1045,3285,F,1,0.146247,0.334033,0.112384,49.1525,F
3622,1,HappyBirthday,1178,2190,M,1,0.169619,0.267187,1632.78,371.199,F
3622,1,HappyBirthday,1142,2555,F,1,2.28088e-05,0.121536,13748.9,0.0416071,F
3623,1,HappyBirthday,231,8395.46,F,1,0.00600879,0.349134,20.0889,1.87685,F
3623,1,HappyBirthday,1179,2190,F,1,0.728676,0.0588008,1530.52,415.431,F
3624,1,HappyBirthday,21,22995.5,M,1,0.019175,0.0769859,1004.72,14.415,F
3625,1,HappyBirthday,199,8030.64,F,1,0.00818064,0.999785,2108.85,2.70403,F
3625,1,HappyBirthday,1277,1460,M,1,0.0249441,5.56082,399.237,8.2061,F
3625,1,HappyBirthday,686,19345.5,F,1,0.369309,0.486646,29.315,149.505,F
3625,1,HappyBirthday,1307,1095,F,1,0.101063,0.102471,2674.92,150.523,F
3626,1,HappyBirthday,442,14600.5,M,1,0.169784,4.56524,1789.23,92.7083,F
3626,1,HappyBirthday,786,22995.3,F,1,0.525505,2.14853,458.35,377.267,F
3626,1,HappyBirthday,1308,1095,F,1,0.00127867,0.168143,0.393033,0.397404,F
3627,1,HappyBirthday,813,5840.14,M,1,0.000307983,0.592943,30.0748,0.100032,F
3628,1,HappyBirthday,150,25185.4,M,1,0.00293896,0.698489,10.1909,0.916481,F
3628,1,HappyBirthday,239,32850.7,M,1,0.0330183,0.280089,20.2133,10.9237,F
3628,1,HappyBirthday,1180,2190,F,1,0.000498318,2.32395,228.762,0.159511,F
3628,1,HappyBirthday,433,27740.3,M,1,0.0141685,1.33258,130.454,4.78398,F
3628,1,HappyBirthday,583,13870.7,M,1,0.0370503,19.1297,16953.9,20.9911,F
3629,1,HappyBirthday,241,20805.4,F,1,0.00360402,0.458915,5.53852,1.12918,F
3629,1,HappyBirthday,569,10585.1,M,1,0,9.1193,13.029,0,F
3629,1,HappyBirthday,1233,1825,F,1,0.00706347,0.0543148,30.257,2.32598,F
3629,1,HappyBirthday,823,11680.9,M,1,0.100997,2.56203,15.5883,33.7079,F
3631,1,HappyBirthday,219,9125.28,F,1,0.0598996,0.745308,1.20394,19.2361,F
3632,1,HappyBirthday,1351,730,M,1,0.516345,0.195371,1349.36,513.059,F
3632,1,HappyBirthday,554,13505.1,F,1,0.0098507,3.77504,21.2438,3.08089,F
3632,1,HappyBirthday,640,9490.87,M,1,0.168655,4.48547,5.77603,58.7557,F
3633,1,HappyBirthday,328,16060.4,F,1,0.00311167,0.27158,32.1087,0.968696,F
3633,1,HappyBirthday,1399,365,F,1,0.0109231,3.38302,54.6057,3.78089,F
3633,1,HappyBirthday,579,8030.32,M,1,0.0174038,0.253181,116.764,5.45905,F
3633,1,HappyBirthday,765,33580.1,M,1,3.62835e-05,0.194409,15.39,0.0115754,F
3634,1,HappyBirthday,660,3650.5,F,1,0.000549507,17.2917,0.00494128,0.170794,F
3634,1,HappyBirthday,912,17155.3,M,1,0.000328098,0.199411,117359,2.53228,F
3634,1,HappyBirthday,930,10220.8,M,1,0.0111289,0.518774,309.878,7.89621,F
3635,1,HappyBirthday,119,14965.9,M,1,4.70948e-06,0.0466273,16.6518,0.0014898,F
3635,1,HappyBirthday,448,5840.45,F,1,0.336526,7.77275,11.4608,129.21,F
3635,1,HappyBirthday,634,5840.46,M,1,0.057738,2.44425,30.5528,18.5498,F
3635,1,HappyBirthday,825,15695.5,F,1,0.00114955,0.0888106,63.6756,0.358506,F
3635,1,HappyBirthday,1278,1460,F,1,0.0493233,0.0457465,10890.1,362.117,F
3635,1,HappyBirthday,975,8395.19,M,1,0.000978974,7.82752,875.458,1.23005,F
3635,1,HappyBirthday,1082,2920,F,1,0.0134213,0.438663,8533.94,18.2828,F
3635,1,Births,1436,0,F,0,0,0.060245,0,0,F
3636,1,HappyBirthday,663,34675.6,F,1,0.000297033,0.395899,4.58e-05,0.09228,F
3637,1,HappyBirthday,541,7665.81,M,1,0.000698273,3.03516,90.3862,0.298029,F
3638,1,HappyBirthday,553,8395.41,F,1,0.233378,10.6662,1.14643,82.634,F
3638,1,HappyBirthday,699,17885.2,F,1,0.0639771,1.83989,2342.54,22.0173,F
3639,1,Births,1437,0,F,0,0,0.394656,0,0,F
3640,1,HappyBirthday,423,10585.2,M,1,0.00503064,2.1236,0.0554184,1.5673,F
3640,1,HappyBirthday,934,16425.2,M,1,0.189175,0.201215,3389.03,87.4993,F
3640,1,HappyBirthday,1182,2190,F,1,0.012867,0.047403,1579.37,12.0985,F
3642,1,HappyBirthday,446,4015.34,F,1,0.105141,3.7345,75.3444,38.2131,F
3642,1,HappyBirthday,1400,365,M,1,0.289736,0.738835,44918.7,1548.89,F
3643,1,HappyBirthday,1183,2190,M,1,0.0559768,2.53775,19216.8,579.59,F
3643,1,HappyBirthday,209,5110.13,M,1,0.00460566,5.4318,0.449854,1.43518,F
3643,1,HappyBirthday,757,11680.1,M,1,0.0780448,0.19556,12.0103,26.6101,F
3643,1,HappyBirthday,864,11315.4,F,1,0.0794486,0.82048,1960.87,35.6447,F
3644,1,HappyBirthday,138,9125.39,M,1,0.000291486,3.16727,41.5032,0.0960926,F
3644,1,HappyBirthday,359,6205.91,M,1,0.00227872,0.0278661,0.526581,0.709094,F
3644,1,HappyBirthday,697,10220.7,M,1,0.0212173,2.43468,39.9579,6.79588,F
3645,1,HappyBirthday,1401,365,F,1,0.00318862,0.638944,18.6804,1.04314,F
3645,1,HappyBirthday,507,7300.03,M,1,0.017293,0.723433,257.392,5.79829,F
3646,1,HappyBirthday,178,10220.4,M,1,0.0333793,0.0775299,3897.58,12.2851,F
3646,1,HappyBirthday,591,16425.2,M,1,0.1538,1.44525,35.3715,58.9002,F
3647,1,HappyBirthday,80,4745.88,F,1,0.00316178,4.30391,32369.8,23.1505,F
3647,1,HappyBirthday,493,9125.6,F,1,0.114214,9.09082,6.19989,37.6925,F
3647,1,HappyBirthday,539,6570.17,M,1,0.204089,1.51778,62.1369,89.2034,F
3647,1,HappyBirthday,1309,1095,F,1,0.00105089,1.775,5267.41,2.38384,F
3648,1,HappyBirthday,186,4745.55,M,1,0.0181497,0.29061,26.7837,5.95456,F
3648,1,HappyBirthday,1047,3285,F,1,0.00091717,0.44831,12269.3,3.50207,F
3648,1,HappyBirthday,1310,1095,F,1,0.00239213,0.103256,28.8976,0.838304,F
3648,1,HappyBirthday,626,9855.34,F,1,0.0557672,0.272946,121.575,17.8335,F
3649,1,HappyBirthday,201,10585.4,F,1,0.00104408,0.922478,0.629096,0.325237,F
3649,1,HappyBirthday,348,11680,F,1,0.00013956,0.134928,0.0085752,0.0433748,F
