Time,Node_ID,Event_Name,Individual_ID,Age,Gender,Infected,Infectiousness,RelativeBitingRate,TrueParasiteDensity,TrueGametocyteDensity,HasClinicalSymptoms
1,1,HappyBirthday,954,17520.9,F,1,0.0108118,6.05157,100.851,3.42305,F
2,1,Births,1407,0,F,0,0,0.416637,0,0,F
3,1,HappyBirthday,240,4745.85,M,1,0.678953,0.757947,39.1689,366.688,F
3,1,HappyBirthday,289,4745.17,F,1,0.0224694,48.1813,27.1627,7.35827,F
3,1,HappyBirthday,976,7300.38,M,1,0.000679802,0.335895,211.895,0.216539,F
4,1,HappyBirthday,1245,1460,F,1,0.0649638,0.0398522,70.7363,23.4105,F
4,1,HappyBirthday,634,29930.3,M,1,0.0267305,0.116624,4.93707,8.46913,F
4,1,HappyBirthday,786,6570.15,M,1,9.75316e-05,0.565344,18.0148,0.0310792,F
5,1,HappyBirthday,1203,1825,F,1,0.00905515,0.118257,512.299,8.06301,F
5,1,HappyBirthday,1116,2555,F,1,0.00483664,6.06032,213.269,2.04585,F
5,1,HappyBirthday,610,29930.2,M,0,0,0.0627085,0,0,F
5,1,HappyBirthday,893,13140.6,M,1,0.18463,1.39302,2.42245,63.4344,F
6,1,HappyBirthday,459,10585.6,F,1,0.00220656,0.350161,2210.59,0.705995,F
6,1,HappyBirthday,689,5110.4,F,1,0.0123011,0.486858,61.6137,3.93692,F
6,1,HappyBirthday,778,5475.45,M,1,0.000115998,1.80402,7367.24,0.164834,F
6,1,HappyBirthday,977,6205.94,M,1,0.0174333,0.542665,1.83056,5.51427,F
7,1,HappyBirthday,458,16425.6,M,1,0.00844304,1.84641,15.3561,2.65904,F
7,1,HappyBirthday,754,12775.6,M,1,0.000157226,6.39247,12.8139,0.049867,F
7,1,HappyBirthday,1204,1825,M,1,0.0731823,0.21615,4510.89,158.13,F
8,1,HappyBirthday,190,12045.5,M,1,0.046147,1.41229,18.5691,15.6777,F
8,1,HappyBirthday,1158,2190,F,1,0.0896449,0.1062,2862.9,139.76,F
9,1,HappyBirthday,1002,3650,M,1,0.0100519,1.29799,114.557,3.25207,F
9,1,HappyBirthday,367,21535.4,F,1,0.28445,0.140065,22.5377,104.095,F
9,1,HappyBirthday,948,6935.26,M,1,0.0127168,6.25612,2770.78,15.1618,F
10,1,HappyBirthday,1039,3285,M,1,0.06507,0.0672965,1614.66,129.724,F
10,1,HappyBirthday,968,9125.11,M,1,0.0243355,0.30689,33.9654,8.54199,F
11,1,HappyBirthday,104,4380.84,M,1,0.000624228,1.48723,80.8718,0.221208,F
11,1,HappyBirthday,247,4015.74,M,1,0.866958,0.120594,20.1345,631.11,F
11,1,HappyBirthday,1159,2190,M,1,0.00123388,0.670173,26636.9,1.13284,F
11,1,HappyBirthday,597,11315.9,M,1,0.000793062,0.325179,96323.7,3.17606,F
11,1,HappyBirthday,1330,730,M,1,0.197935,4.97475,814.551,80.1084,F
12,1,HappyBirthday,57,10585.8,F,1,0.001827,0.228891,407.057,0.928463,F
12,1,HappyBirthday,1205,1825,M,1,0.0837675,0.469514,4.56713,27.5691,F
13,1,HappyBirthday,643,8030.21,M,1,0.000674617,0.00758911,0.0003634,0.209666,F
13,1,HappyBirthday,812,16790.8,M,1,0.0387224,1.26539,0.48032,12.3011,F
14,1,HappyBirthday,476,8030.8,F,1,0.0738449,0.769044,199.083,32.4128,F
15,1,HappyBirthday,1083,2920,M,1,0.00596156,0.0803833,649.151,6.76012,F
15,1,HappyBirthday,136,6570.54,F,1,0.0411441,0.291397,91.4863,16.6786,F
15,1,HappyBirthday,1005,3650,M,1,0.00224075,0.748565,0.447336,0.696989,F
15,1,HappyBirthday,1004,3650,M,1,0.00254884,0.507336,0.115603,0.794143,F
15,1,HappyBirthday,1332,730,M,1,0.206047,0.164682,26.9822,74.7129,F
16,1,HappyBirthday,538,16060.7,M,1,0.00137146,1.65382,0.0045984,0.426518,F
17,1,HappyBirthday,1246,1460,M,1,5.85428e-05,1.02192,906.832,0.0428324,F
17,1,HappyBirthday,324,23725.5,M,1,0.0335206,0.350282,26.5519,10.5975,F
17,1,HappyBirthday,339,22630.2,F,1,0.0065235,0.0348634,16152.2,37.8564,F
17,1,HappyBirthday,1333,730,M,0,0,0.02436,0,0,F
18,1,HappyBirthday,436,12410.3,F,1,0.00213378,0.916372,7.84201,0.69034,F
18,1,HappyBirthday,915,5840.13,F,1,0.0605015,1.33626,425.003,21.3541,F
19,1,HappyBirthday,1161,2190,F,1,0.176442,0.166651,1555.93,144.999,F
19,1,Births,1408,0,M,0,0,0.161904,0,0,F
19,1,Births,1409,0,F,0,0,0.0804868,0,0,F
20,1,HappyBirthday,1284,1095,M,1,0.431121,0.034021,9280.11,431.781,F
21,1,HappyBirthday,79,21900.7,F,1,0.0196178,0.710741,65.1477,6.81381,F
21,1,HappyBirthday,668,9855.06,M,1,4.88041e-05,0.262011,24524.2,0.0525388,F
21,1,HappyBirthday,702,7300.51,M,1,0.00131504,3.4642,116.084,0.490516,F
22,1,HappyBirthday,217,4015.57,F,1,3.30321e-05,2.64571,31939.4,0.141181,F
23,1,HappyBirthday,983,7665.53,F,1,0.00016822,0.308555,24.1051,0.057365,F
23,1,HappyBirthday,794,5110.33,M,1,0.000176967,0.143188,27.6722,0.0550402,F
24,1,HappyBirthday,1118,2555,F,1,0.08741,2.94102,652.075,28.801,F
24,1,HappyBirthday,1334,730,F,1,0.342305,0.430566,9996.13,393.748,F
24,1,HappyBirthday,543,20440.7,F,1,0.00428746,0.153034,35.6273,1.35004,F
25,1,HappyBirthday,1041,3285,F,1,0.212338,0.361413,14649.6,472.638,F
25,1,HappyBirthday,1373,365,M,1,0.216322,0.456497,5209.85,87.916,F
25,1,HappyBirthday,796,22995.2,M,1,0.00510255,1.36399,8202.25,14.6983,F
25,1,HappyBirthday,932,15695.7,F,1,0.0282013,31.3586,766.256,18.7101,F
26,1,HappyBirthday,153,14235.6,F,1,0.0179494,1.39783,8.20369,5.84789,F
26,1,HappyBirthday,1084,2920,F,1,0.0260944,0.319884,0.0386051,8.21792,F
26,1,HappyBirthday,998,16060.3,F,1,8.28693e-05,0.764472,2790.64,0.11897,F
27,1,HappyBirthday,1085,2920,F,1,0.00356595,0.408047,16.4955,1.11076,F
27,1,HappyBirthday,733,10585.5,M,1,0.00951203,0.725123,7.68179,3.0855,F
28,1,HappyBirthday,59,5840.47,F,1,0.00606196,0.0746494,21.3466,1.95217,F
28,1,HappyBirthday,272,31755.7,F,1,0.00385116,1.69459,671.63,2.25034,F
28,1,HappyBirthday,1247,1460,F,1,0.00858968,0.015989,30.6356,3.02956,F
30,1,HappyBirthday,1119,2555,M,1,0.0270893,2.66291,83.089,9.46258,F
30,1,HappyBirthday,1335,730,F,1,0.349525,0.334795,12087.6,541.821,F
30,1,HappyBirthday,1285,1095,M,1,0.522582,5.48449,15065.1,1799.33,F
30,1,HappyBirthday,512,15330.5,F,1,0.152222,0.731853,19.2125,54.2966,F
30,1,HappyBirthday,818,9490.58,F,1,0.0309548,2.23549,239.839,9.79989,F
31,1,HappyBirthday,163,23725.4,M,1,0.0773495,1.18129,0.333311,25.0369,F
31,1,HappyBirthday,1162,2190,M,1,0.0589338,0.0509563,4470.96,35.6886,F
31,1,HappyBirthday,1206,1825,M,1,0.118633,1.03106,5065.26,244.344,F
31,1,HappyBirthday,699,25915.4,M,1,0.00219149,0.0357616,7.91182,0.693893,F
32,1,HappyBirthday,170,25915.8,M,1,0.00125983,1.23344,1.04756,0.393732,F
32,1,HappyBirthday,1006,3650,M,1,0.368997,0.24466,628.87,459.03,F
32,1,HappyBirthday,908,4380.49,M,1,0.0601941,0.0537556,19.8283,21.1986,F
32,1,Births,1410,0,F,0,0,0.332565,0,0,F
33,1,HappyBirthday,477,31025.3,M,1,0.00058362,1.26125,5.8e-06,0.181468,F
33,1,HappyBirthday,780,8030.9,M,1,0.0120632,0.110767,35.9932,3.96781,F
33,1,HappyBirthday,1374,365,M,1,0.544708,0.206888,894.246,513.329,F
33,1,HappyBirthday,860,13140.5,M,1,0.0191506,0.647306,145.005,7.33146,F
34,1,HappyBirthday,338,4380.43,M,1,2.55022e-05,0.692846,16.6665,0.00862751,F
34,1,HappyBirthday,1042,3285,F,1,0.502724,0.374031,71.9976,259.05,F
36,1,HappyBirthday,1163,2190,M,1,0.000242553,1.38878,6228.61,0.183525,F
37,1,HappyBirthday,848,8395.67,M,1,0,0.192453,0.0574378,0,F
38,1,HappyBirthday,119,16425.5,F,1,0.00338048,1.10989,0.269711,1.05192,F
38,1,HappyBirthday,1376,365,M,1,0.367465,0.5544,28349.4,1091.94,F
38,1,HappyBirthday,398,11315.9,F,1,0.00100806,6.48417,15.7977,0.337447,F
38,1,HappyBirthday,1375,365,M,1,0.468071,0.294596,7105.68,220.939,F
39,1,HappyBirthday,67,13505.1,M,1,0.00354695,0.301421,6.16892,1.11309,F
39,1,HappyBirthday,73,4380.66,F,1,0.0371294,0.187732,60.9052,12.7867,F
39,1,HappyBirthday,616,10220.1,F,1,0.0137442,2.59505,425.595,4.79133,F
39,1,HappyBirthday,1286,1095,M,1,0.0856113,0.0519326,2681.11,31.9255,F
39,1,HappyBirthday,961,4015.35,M,1,0.00800437,14.4235,20.1188,2.74278,F
39,1,Births,1411,0,F,0,0,0.249677,0,0,F
40,1,HappyBirthday,122,8760.27,M,1,0.00890112,1.09636,2783.5,10.6909,F
40,1,HappyBirthday,250,16425.4,M,1,0.000879238,1.74654,9.96829,0.273375,F
40,1,HappyBirthday,390,27375.9,M,1,0.00389914,0.251547,1004.19,4.08785,F
40,1,HappyBirthday,660,4380.48,M,1,0.0100744,0.79316,101.112,3.59728,F
41,1,HappyBirthday,39,17885.6,F,1,0.205955,0.732777,24.6729,78.8293,F
41,1,HappyBirthday,76,13505,M,1,0.00045602,2.59927,100.795,0.145298,F
41,1,HappyBirthday,483,10220.9,F,1,0.00303178,0.22058,14.7984,0.975688,F
41,1,HappyBirthday,734,13505.2,F,0,0,0.0415183,0,0,F
42,1,HappyBirthday,558,12775.6,F,1,0.00121647,3.32566,3.09522,0.378773,F
43,1,HappyBirthday,1377,365,M,1,0.289917,0.0303932,25.688,114.082,F
43,1,HappyBirthday,565,4015.26,M,1,0.00184616,0.468611,27.2238,0.582446,F
43,1,HappyBirthday,649,5110.9,F,1,0.366161,0.979311,1091.22,275.394,F
44,1,HappyBirthday,1336,730,F,1,0.000466349,0.066622,10.9885,0.152028,F
44,1,HappyBirthday,550,10950.4,M,1,0.00341205,0.154558,1.28556,1.06229,F
44,1,HappyBirthday,588,10950.8,M,1,0.0119571,5.07604,459.868,11.0894,F
44,1,HappyBirthday,880,6570.71,F,1,0.0115646,0.250303,0.604913,3.62072,F
45,1,HappyBirthday,75,17520.9,M,1,0.00247255,1.02768,7.42104,0.769961,F
45,1,HappyBirthday,204,7665.55,F,1,0.178083,0.775307,7.2316,60.972,F
45,1,HappyBirthday,1043,3285,M,1,1.57158e-05,0.0551109,18.542,0.00503331,F
46,1,HappyBirthday,249,16425.4,F,1,0.00205154,0.080708,6634.36,0.719814,F
46,1,HappyBirthday,1165,2190,M,1,0.00315642,0.451375,4139.64,1.08967,F
47,1,HappyBirthday,134,6935.7,M,1,0.000424789,2.62849,0.194013,0.132057,F
47,1,HappyBirthday,328,12045.4,M,1,2.96416e-05,1.14882,4.5481,0.0092336,F
47,1,HappyBirthday,934,4015.16,F,1,0.00639329,2.5389,0.813353,1.99603,F
48,1,HappyBirthday,26,9490.79,F,1,0.00215208,1.84338,43.5202,0.710623,F
48,1,HappyBirthday,523,6205.24,F,1,0.0632912,5.15558,23.4264,21.1679,F
48,1,HappyBirthday,572,14600.5,F,1,0.184993,0.183621,0.652641,63.6097,F
48,1,HappyBirthday,686,14235.3,M,1,0.000734242,0.39995,12.2465,0.233117,F
48,1,HappyBirthday,719,6570.9,F,1,0.00340793,0.528809,0.939217,1.06175,F
49,1,HappyBirthday,61,18250.5,F,1,0.000232134,22.7503,556.689,0.216546,F
49,1,HappyBirthday,1007,3650,M,1,0.000844522,2.403,42.0461,0.278731,F
50,1,HappyBirthday,23,9855.02,F,1,0.000145759,13.8089,49603.6,1.388,F
52,1,HappyBirthday,355,20805.4,F,1,0.000136744,1.79015,79.0713,0.052071,F
53,1,HappyBirthday,97,6570.96,F,0,0,0.0542338,0,0,F
53,1,HappyBirthday,201,4015.97,F,1,0.000680813,2.63149,25.1689,0.231634,F
53,1,HappyBirthday,1045,3285,F,1,0.0134614,8.40143,8040.5,33.9611,F
53,1,HappyBirthday,451,4745.92,M,1,0.000141855,5.81072,221.013,0.0456847,F
53,1,HappyBirthday,594,5475.45,M,1,0.0447996,16.8745,3.16859,14.2975,F
53,1,HappyBirthday,641,12410.7,F,1,0.00350939,0.121305,8.24e-05,1.09265,F
54,1,HappyBirthday,253,7300.18,M,1,0.224521,2.23272,3512.06,108.288,F
55,1,HappyBirthday,479,5475.94,F,1,0.212797,0.32994,515.348,232.565,F
55,1,HappyBirthday,517,16060.1,M,1,3.14622e-05,0.126508,14.9793,0.0103902,F
56,1,HappyBirthday,52,8395.89,F,1,5.76188e-06,0.0973023,3492.65,0.0159142,F
56,1,HappyBirthday,478,6205.62,M,1,0.00982185,0.758306,8.54246,3.18397,F
56,1,HappyBirthday,506,6205.39,M,1,0.0243772,0.211815,21.6265,7.96302,F
57,1,HappyBirthday,1086,2920,F,1,0.00306963,1.14339,51994.5,9.60672,F
57,1,HappyBirthday,388,12410.4,M,1,0.000320041,0.0354499,6.2919,0.0998468,F
57,1,HappyBirthday,571,9855.82,M,1,0.0163276,4.14016,2632.44,5.12093,F
57,1,HappyBirthday,627,17885.4,F,1,0.441105,0.326927,16.1445,185.875,F
57,1,HappyBirthday,728,5110.03,F,1,0.0870605,0.180933,27.6678,29.2671,F
57,1,HappyBirthday,1087,2920,F,1,0.24518,0.184878,8.48149,88.1328,F
58,1,HappyBirthday,293,17885.8,F,1,0,0.22217,51.3698,0,F
58,1,HappyBirthday,1338,730,F,1,0.132475,0.0820412,115968,1683.67,F
58,1,HappyBirthday,1378,365,M,0,0,0.0126524,0,0,F
60,1,HappyBirthday,422,33215.3,M,1,0.00521295,0.102022,154.577,2.03115,F
60,1,HappyBirthday,1122,2555,M,1,0.0534066,2.00304,1143.96,84.9023,F
60,1,HappyBirthday,906,9490.9,M,1,0.0940878,0.739228,19.8484,30.799,F
61,1,HappyBirthday,1339,730,F,1,0.000259999,0.754812,18818.8,0.481655,F
61,1,HappyBirthday,1379,365,F,1,0.00017784,0.758814,37090.5,1.47018,F
61,1,HappyBirthday,1046,3285,F,1,0.0578696,0.213405,33.4914,19.549,F
61,1,HappyBirthday,889,5110.11,F,1,0.00432003,4.47168,31.2652,1.54381,F
62,1,HappyBirthday,24,22630.2,M,1,0.00830109,1.20554,0.241591,2.59113,F
62,1,HappyBirthday,921,5475.9,M,1,0.000142464,2.22367,13149.1,0.0781179,F
63,1,HappyBirthday,940,10585.4,M,1,0.0126813,0.264087,54.9223,5.02563,F
64,1,HappyBirthday,224,5840.43,F,1,0.230387,0.201994,6182.84,84.1798,F
64,1,HappyBirthday,262,6570.42,F,1,0.0862034,4.09984,0.516,28.0136,F
64,1,HappyBirthday,1048,3285,F,1,0.00357729,4.09425,50.7839,1.11598,F
64,1,HappyBirthday,837,13140.3,F,1,0.129403,0.168867,18.0463,44.585,F
65,1,HappyBirthday,1167,2190,M,1,0.150453,0.217584,13.6171,51.3668,F
65,1,HappyBirthday,743,5110.84,M,1,0.134237,0.602678,1940.62,48.4971,F
65,1,HappyBirthday,792,4015.84,F,1,0.000178766,0.289739,1135.07,0.284526,F
65,1,HappyBirthday,875,5110.93,F,1,6.65124e-07,0.0988927,0.856477,0.000208496,F
66,1,HappyBirthday,1340,730,M,1,0.097667,2.53671,1175.7,40.6485,F
66,1,HappyBirthday,198,4745.94,M,1,0.576485,2.43076,3.90325,271.699,F
66,1,HappyBirthday,901,9490.22,F,1,0.0644387,0.805792,3171.4,21.1578,F
66,1,HappyBirthday,914,12045.2,M,1,0.00757707,1.86217,19.2383,2.43416,F
67,1,HappyBirthday,1249,1460,F,1,0.0933828,0.32887,260.563,44.685,F
68,1,HappyBirthday,121,10220.5,F,1,5.10672e-05,4.26258,873.798,0.0730256,F
68,1,HappyBirthday,268,8760.79,F,1,0.0771361,0.341916,0.509712,24.9633,F
68,1,Births,1412,0,M,0,0,0.037484,0,0,F
69,1,HappyBirthday,1341,730,M,1,0.0380025,2.12323,3.6773,12.2672,F
69,1,HappyBirthday,582,5840.01,F,1,0.0593885,1.41465,3341.35,181.498,F
71,1,HappyBirthday,140,21900.5,M,1,0.0253334,5.79576,99.1808,10.6571,F
71,1,HappyBirthday,561,4015.39,M,1,0.521486,0.113796,70.3326,293.775,F
72,1,HappyBirthday,439,17885.5,M,1,3.9968e-05,6.76589,70.5793,0.0127786,F
73,1,HappyBirthday,389,9490.39,F,1,0.000711448,1.80865,1803.14,0.830987,F
73,1,HappyBirthday,640,8030.91,F,1,0.00380179,18.4499,11.1154,1.18448,F
73,1,HappyBirthday,675,8760.74,F,1,6.05671e-05,0.0528229,4.10219,0.0189824,F
74,1,HappyBirthday,282,25915.3,M,1,0.00813178,0.256397,7602.95,20.5301,F
74,1,HappyBirthday,425,28105.4,M,1,0.0080905,0.531306,9.24014,2.56153,F
74,1,HappyBirthday,498,9125.31,M,1,0.141378,0.0922723,227.418,48.1516,F
74,1,HappyBirthday,508,12775.5,M,1,0.0570632,0.728251,2.04481,18.2633,F
74,1,HappyBirthday,535,4380.74,F,1,0.0887587,0.601607,2.90573,29.0097,F
74,1,HappyBirthday,723,21535.6,F,1,0.0414152,0.461276,0.0698894,13.1475,F
74,1,HappyBirthday,1088,2920,M,1,0.00104055,0.38856,26.2838,0.336819,F
76,1,HappyBirthday,501,23725.3,F,1,0.0019632,0.217976,47.6469,0.635245,F
76,1,HappyBirthday,1208,1825,F,1,0.000852186,0.0263454,0.000123739,0.264726,F
76,1,HappyBirthday,1380,365,M,1,0.00406846,1.05528,1.16813,1.26705,F
76,1,HappyBirthday,946,7665.25,M,1,0.000959384,9.76513,12.5201,0.30472,F
76,1,Births,1413,0,M,0,0,0.0138315,0,0,F
77,1,HappyBirthday,233,9490.08,F,1,0.339133,0.0835456,32.2389,134.25,F
77,1,HappyBirthday,420,16425.7,M,1,0.000232026,1.17227,15.935,0.0769816,F
77,1,HappyBirthday,449,9125.46,F,1,0.000193764,4.75922,8235.75,0.323208,F
78,1,HappyBirthday,88,9125.34,F,1,0.0363836,0.546295,63.6184,13.3253,F
78,1,HappyBirthday,1209,1825,F,1,0.00168008,0.135132,15.4691,0.533794,F
78,1,HappyBirthday,1342,730,F,1,0.837596,2.61102,4.86427,565.355,F
79,1,HappyBirthday,378,4015.45,F,1,0.0432795,10.2494,0.0911956,13.7494,F
79,1,HappyBirthday,433,14235.3,F,1,2.85181e-05,0.727919,19.3207,0.0097368,F
79,1,HappyBirthday,795,6570.67,F,1,0.0023085,0.165185,0.00662359,0.718396,F
79,1,HappyBirthday,917,8395.9,M,1,0.408272,30.0083,1969.97,313.523,F
79,1,HappyBirthday,960,4380.91,F,1,0.033275,3.97624,349.622,10.7464,F
80,1,HappyBirthday,1049,3285,M,1,0.0202254,0.794038,1290.6,39.4681,F
80,1,Births,1414,0,F,0,0,0.0940635,0,0,F
81,1,HappyBirthday,55,6570.7,F,1,0.000679986,0.952366,520.399,0.369839,F
81,1,HappyBirthday,116,10950,F,1,0.00780648,0.983316,210.672,4.30217,F
81,1,HappyBirthday,1010,3650,F,1,0.0755064,0.135183,13.3868,25.6009,F
81,1,HappyBirthday,776,12410.3,M,1,0.00058741,0.0933464,88.621,0.242882,F
81,1,HappyBirthday,821,28105.6,F,1,0.68135,0.252957,52.4146,371.499,F
81,1,HappyBirthday,1011,3650,F,1,3.94134e-06,0.843637,3.28036,0.00123628,F
81,1,HappyBirthday,1343,730,M,1,0.00182913,0.0643952,24567.4,11.8369,F
82,1,HappyBirthday,708,9490.65,M,1,0.00118165,0.935583,195.101,0.65833,F
83,1,Births,1415,0,F,0,0,0.0380256,0,0,F
84,1,HappyBirthday,1287,1095,M,1,0.00301823,0.143637,51.5346,1.0129,F
84,1,HappyBirthday,1288,1095,F,1,0.0576006,1.59555,9.86086,18.7509,F
85,1,HappyBirthday,1050,3285,M,1,0.030055,2.39205,75.7009,10.6757,F
85,1,HappyBirthday,137,13140,F,1,0.0372031,0.78456,24.4421,12.2035,F
85,1,HappyBirthday,245,32120,F,1,0.00661173,75.1193,3.29642,2.07025,F
86,1,HappyBirthday,1381,365,F,1,0.0692795,0.117247,207.284,29.9329,F
86,1,HappyBirthday,428,29200.4,M,1,0.00359589,1.56928,16.5229,1.15066,F
86,1,HappyBirthday,549,12775.6,F,1,0.173525,0.0612605,169.578,62.2232,F
86,1,HappyBirthday,752,32485.3,M,1,0.0277897,5.35639,136.618,11.3528,F
87,1,HappyBirthday,1169,2190,F,1,3.14731e-05,0.583847,558.112,0.0338059,F
87,1,HappyBirthday,453,35040.5,F,1,0.000191453,1.20281,5709.39,0.458335,F
87,1,HappyBirthday,1168,2190,F,1,0.197687,2.2921,1492.57,257.103,F
87,1,HappyBirthday,1124,2555,M,1,0.000844569,1.83053,1.09181,0.263125,F
87,1,HappyBirthday,1210,1825,F,1,0.013252,1.54124,246.681,4.89163,F
88,1,HappyBirthday,283,4745.8,M,1,0.00804996,0.0899252,235.966,4.1493,F
88,1,HappyBirthday,1382,365,M,1,0.0519843,0.340414,14574,27.6237,F
89,1,HappyBirthday,1012,3650,M,1,0.0181536,0.373766,180.961,10.3326,F
90,1,HappyBirthday,251,8030.33,M,1,0.00943913,0.864764,0.563618,2.95013,F
90,1,HappyBirthday,440,6205.07,M,1,0.00248477,11.416,1989.93,1.07861,F
90,1,HappyBirthday,1211,1825,M,1,0.65186,0.409824,641.594,367.809,F
90,1,HappyBirthday,580,7300.03,M,1,0.0681586,0.195694,0.695481,21.9984,F
90,1,HappyBirthday,1212,1825,M,1,0.282029,0.157028,59751.8,613.235,F
91,1,HappyBirthday,1251,1460,M,1,0.556055,0.427564,47.9158,294.917,F
91,1,HappyBirthday,532,20440.9,F,1,0.0468195,0.244723,9.62164,15.5406,F
91,1,HappyBirthday,1383,365,F,1,0.0349211,0.0443547,0.143015,11.0469,F
92,1,HappyBirthday,791,14965.2,M,1,0.470105,1.63553,9844.67,681.59,F
92,1,HappyBirthday,1384,365,M,1,0.0737954,0.112775,163.226,31.3316,F
93,1,HappyBirthday,1344,730,F,1,0.315419,0.0238487,40655.8,614.013,F
93,1,HappyBirthday,1089,2920,F,1,0.00602292,0.238852,19.9546,2.06227,F
94,1,HappyBirthday,1051,3285,F,1,0.080604,0.232099,8.263,27.0453,F
94,1,HappyBirthday,568,24090.6,M,1,0.000163882,0.0351957,0.0018598,0.0509162,F
95,1,HappyBirthday,704,18250.1,F,1,0.000183768,2.86566,24.5828,0.0593772,F
96,1,HappyBirthday,12,4745.8,F,1,0.00188612,0.24255,17.3812,0.633717,F
96,1,HappyBirthday,1345,730,M,1,0.000203334,0.20696,0,0.06322,F
96,1,HappyBirthday,1385,365,M,1,1.4543e-05,1.51512,25024.3,0.145311,F
97,1,HappyBirthday,321,4380.89,F,1,0.00111995,0.400574,23.5662,0.362265,F
97,1,HappyBirthday,1252,1460,F,1,0.000647581,0.49703,167482,6.02879,F
97,1,HappyBirthday,1170,2190,M,1,0.0127119,0.5356,80.6847,4.03044,F
97,1,HappyBirthday,705,8760.61,F,1,0.00310207,0.0903485,33030.1,22.6203,F
98,1,HappyBirthday,1253,1460,F,1,0.0501079,0.289248,1.86715,16.1224,F
98,1,HappyBirthday,913,16060.8,F,1,0.000446563,1.65213,25.8265,0.154235,F
98,1,HappyBirthday,958,10950.3,F,1,0.00541648,1.45185,35384.7,11.8552,F
100,1,HappyBirthday,227,10220.3,M,1,0.168619,5.92729,46.4097,60.3125,F
100,1,HappyBirthday,248,12045.8,M,1,7.87258e-07,2.23253,88.7443,0.000266,F
100,1,HappyBirthday,631,6570.64,M,1,0.0243264,0.052066,641.154,7.65349,F
101,1,HappyBirthday,1213,1825,M,1,0.106496,0.227636,6871.58,60.8031,F
101,1,HappyBirthday,693,7300.41,F,1,0.00422638,0.43276,2595.16,1.40836,F
102,1,HappyBirthday,286,6935.05,M,1,0.303712,0.550745,1943.58,186.555,F
102,1,HappyBirthday,310,5475.52,M,1,0.0299877,0.697173,2837.98,10.4877,F
102,1,HappyBirthday,376,8760.36,M,1,0.00285989,18.0698,1537.01,2.68886,F
102,1,HappyBirthday,419,5110.18,M,1,0.0158025,0.418787,2.84967,4.94985,F
103,1,HappyBirthday,1125,2555,M,1,0.00193494,1.50406,436.832,0.669972,F
104,1,HappyBirthday,1214,1825,M,1,0.00880633,0.386895,928.48,11.7441,F
104,1,HappyBirthday,309,8030.15,M,1,0.00224018,0.333582,278.216,0.980549,F
104,1,HappyBirthday,1013,3650,F,1,0.0013122,0.636907,2258.89,0.499618,F
104,1,HappyBirthday,662,4380.81,F,1,0.00377561,0.472487,11266.7,1.81764,F
105,1,HappyBirthday,1254,1460,M,1,0.00167337,0.108538,4578.86,3.04791,F
105,1,Births,1416,0,M,0,0,0.263623,0,0,F
106,1,HappyBirthday,1052,3285,M,1,0.00229052,0.124789,41.6053,0.840922,F
106,1,HappyBirthday,630,17155.8,F,1,0.00495998,1.23455,24195.9,3.74107,F
107,1,HappyBirthday,1255,1460,M,1,0.00429503,0.036664,611.982,1.52894,F
107,1,HappyBirthday,953,6205.73,F,1,0.0223695,1.35054,2.0235,7.04808,F
108,1,HappyBirthday,102,17155.4,F,1,0.00449829,0.117465,462.045,3.9786,F
108,1,HappyBirthday,192,14600.4,M,1,0.00715079,0.704725,50220.3,17.7205,F
108,1,HappyBirthday,520,13870.7,F,1,0.000883484,1.97955,122.419,0.279566,F
108,1,HappyBirthday,667,6570.23,M,1,2.07978e-05,0.246597,803.541,0.00787906,F
109,1,HappyBirthday,861,23725.4,M,1,0.00675842,1.06273,8.13986,2.12762,F
110,1,HappyBirthday,1171,2190,F,1,0.127387,0.114842,402.606,51.0215,F
110,1,HappyBirthday,127,12045,F,1,3.38353e-05,20.2966,3147.16,0.034466,F
110,1,HappyBirthday,505,5475.94,M,1,0.061836,3.60419,0.204894,19.8363,F
110,1,HappyBirthday,521,5475.25,F,1,0.00172638,6.3034,417.431,0.890416,F
110,1,HappyBirthday,746,5110.76,M,1,0.00199434,1.01929,187.753,0.900918,F
110,1,HappyBirthday,1053,3285,F,1,0.0172352,0.4111,2.18302,5.42023,F
111,1,HappyBirthday,14,5110.71,M,1,2.67932e-05,2.66339,1421.95,0.025955,F
112,1,HappyBirthday,552,17520.1,M,1,0.00669944,0.919479,1775.77,4.78518,F
113,1,HappyBirthday,129,7665.54,F,1,0.00794032,3.14126,3595.79,18.2705,F
113,1,HappyBirthday,1346,730,M,1,0.00446606,0.239498,49893.7,5.99106,F
113,1,HappyBirthday,683,28105.2,F,1,7.42787e-05,0.020728,62323.7,0.53545,F
113,1,HappyBirthday,1090,2920,F,1,0.00210063,3.08459,357.923,0.836188,F
113,1,HappyBirthday,833,9855.47,M,1,0.0991214,0.648667,15.9143,33.8218,F
113,1,HappyBirthday,1289,1095,M,1,0.0389997,0.282722,653.215,45.4898,F
114,1,HappyBirthday,1127,2555,F,1,0.24428,0.162745,3.39003,88.3547,F
114,1,HappyBirthday,162,8395.08,M,1,0.00172563,0.530327,150.417,0.661735,F
114,1,HappyBirthday,231,28470,F,1,0.00745338,13.7165,6.81367,2.35089,F
114,1,HappyBirthday,239,4745.16,M,1,0.00054437,0.713941,0.0820104,0.169387,F
115,1,HappyBirthday,303,7300.11,M,1,0.156105,1.19801,3632.35,57.9126,F
115,1,HappyBirthday,323,19710.3,M,1,6.39751e-06,0.130562,0.080158,0.0019844,F
116,1,HappyBirthday,1172,2190,F,1,0.499004,0.904213,375.843,218.314,F
116,1,HappyBirthday,1129,2555,F,1,0.0195451,0.184071,882.136,24.723,F
117,1,HappyBirthday,1173,2190,M,1,0.638211,0.117785,869.092,360.3,F
117,1,HappyBirthday,806,34675,M,1,0.383031,0.151861,1.3103,150.265,F
118,1,HappyBirthday,1347,730,F,1,0.120386,0.0304901,786.513,89.2733,F
118,1,HappyBirthday,967,20075.9,M,1,0.00718696,2.58951,113.318,2.70119,F
119,1,HappyBirthday,1130,2555,M,1,0.00778131,1.91977,7.34896,2.50108,F
119,1,HappyBirthday,622,12045,M,1,0.00692152,0.458473,54.1931,2.57354,F
120,1,HappyBirthday,1092,2920,F,1,0.00133467,0.169045,12269.5,5.09209,F
120,1,HappyBirthday,337,8760.16,F,1,0.105466,0.458962,135.314,36.7799,F
120,1,HappyBirthday,609,5840.03,M,1,0.043422,0.904069,12.4524,14.6628,F
120,1,HappyBirthday,785,22265.2,M,1,0.00236006,1.36058,11048.7,1.13557,F
120,1,HappyBirthday,856,12410.9,F,1,0.00239715,0.973528,27007.8,1.80913,F
121,1,HappyBirthday,822,9125.78,F,1,0.00148112,0.60715,19.892,0.476488,F
121,1,HappyBirthday,850,6205.25,F,1,0.141894,1.79235,97.2167,49.3367,F
121,1,Births,1417,0,M,0,0,0.0317909,0,0,F
122,1,HappyBirthday,212,7300.34,M,1,0.0355833,3.70787,697.104,38.1234,F
122,1,HappyBirthday,1256,1460,M,1,0.0960736,0.0889877,163.393,49.7,F
123,1,HappyBirthday,108,25915.7,M,1,0.0120835,0.593477,42.5147,3.77806,F
123,1,HappyBirthday,174,14600.7,M,1,0.00695218,0.195667,218.561,2.83148,F
123,1,HappyBirthday,1174,2190,M,1,0.10766,0.224452,1439.53,192.594,F
125,1,HappyBirthday,1215,1825,M,1,0.000331222,0.342595,73864.4,2.81304,F
125,1,HappyBirthday,737,4745.56,F,1,0.622567,0.0925716,2.41408,304.531,F
125,1,HappyBirthday,1132,2555,F,1,0.131435,10.3931,8.60457,45.3066,F
125,1,HappyBirthday,923,10220.2,F,1,0.000209374,8.83482,8e-07,0.0651032,F
125,1,Births,1418,0,M,0,0,0.00806815,0,0,F
126,1,HappyBirthday,1014,3650,M,1,0.012183,4.09055,4.78546,3.81754,F
127,1,HappyBirthday,27,4015.37,M,1,0.00107503,16.6338,48286.7,3.16489,F
127,1,HappyBirthday,112,18250.8,F,1,0.0614309,0.402869,28.8587,21.8256,F
127,1,HappyBirthday,1055,3285,M,1,0.000787108,0.605032,592.684,0.260567,F
127,1,HappyBirthday,259,4380.97,M,1,0.00245591,0.0702115,11.4494,0.804277,F
127,1,HappyBirthday,308,6205.75,F,1,0.00921792,0.0566531,342.621,4.00541,F
127,1,HappyBirthday,452,14965.3,F,1,0.00165127,0.816785,9195.16,1.43942,F
127,1,HappyBirthday,617,14600,M,1,0.000581679,0.0752407,1.82e-05,0.180792,F
127,1,HappyBirthday,1257,1460,F,1,0.00340142,0.137957,79.0843,1.21777,F
127,1,HappyBirthday,781,22265.5,M,1,0.000226447,0.104568,283.516,0.0762802,F
128,1,HappyBirthday,98,5840.48,F,1,0.0016297,0.0917662,6.24439e-05,0.50683,F
128,1,HappyBirthday,207,9855.97,M,1,0.0618268,3.08413,0.659314,19.8344,F
129,1,HappyBirthday,1216,1825,F,1,0.324778,0.141934,8845.58,532.515,F
129,1,HappyBirthday,229,8760.56,M,1,0.00110847,0.905321,11.8513,0.359519,F
129,1,HappyBirthday,297,9855.68,F,1,0.0013776,1.05795,33.7611,0.428818,F
129,1,HappyBirthday,334,6205.93,M,1,0.0148048,0.844995,1383.88,6.31134,F
129,1,HappyBirthday,443,5475.75,M,1,0.0279258,1.62488,25.8213,9.10454,F
130,1,HappyBirthday,1094,2920,F,1,0.00412238,0.00637672,1.06996,1.28326,F
131,1,HappyBirthday,364,31025.8,M,1,0.00637592,2.5235,4302.87,2.94445,F
131,1,HappyBirthday,499,26280.7,M,1,0.145625,0.219176,3214.33,263.272,F
131,1,HappyBirthday,797,4015.21,F,1,0.00617175,1.50512,201.03,1.95187,F
131,1,HappyBirthday,919,24455.3,M,1,0.00264885,0.237476,2.35172,0.827457,F
132,1,HappyBirthday,1095,2920,F,1,0.00973047,0.0969489,943.414,6.97513,F
132,1,HappyBirthday,1290,1095,M,1,0.00410667,0.70492,3.6615e-05,1.27891,F
133,1,HappyBirthday,173,4380.3,M,1,0.0240911,0.015021,20.5784,7.59609,F
133,1,HappyBirthday,462,14235.4,F,1,0.0939839,0.30831,545.987,35.5249,F
133,1,HappyBirthday,1386,365,F,1,0.000692384,0.263745,0,0.215473,F
133,1,HappyBirthday,883,8030.98,M,1,0.0524746,2.09369,3484.45,18.7656,F
133,1,HappyBirthday,973,5110.17,M,1,0.0081132,1.15997,3936.08,14.8646,F
134,1,HappyBirthday,1015,3650,F,1,0.0825179,0.212305,61.7528,29.8494,F
134,1,HappyBirthday,455,11315.2,F,1,0.00196713,0.0232351,46.1087,0.638492,F
134,1,HappyBirthday,599,6935.7,M,1,0.000456145,2.05774,24.7002,0.146448,F
135,1,HappyBirthday,1133,2555,F,1,0.0430916,0.0376008,1881.03,14.1713,F
135,1,HappyBirthday,1291,1095,M,1,0.070759,0.148516,17.8113,23.4315,F
136,1,HappyBirthday,185,9125.8,F,1,0.000144554,0.07904,0.0056796,0.0448664,F
136,1,HappyBirthday,486,5475.43,F,1,0.0001651,2.78029,157.36,0.0900662,F
136,1,HappyBirthday,925,29565.4,M,1,0.130388,0.199465,2803.36,53.4395,F
138,1,HappyBirthday,1134,2555,M,1,0.0127067,9.17702,3.93719,3.97451,F
139,1,HappyBirthday,1001,11315.1,M,1,0.00250597,1.49724,35.4508,0.825197,F
139,1,HappyBirthday,301,13870.1,F,1,6.16907e-05,0.381898,2351.81,0.0825356,F
139,1,HappyBirthday,340,6205.51,F,1,0.000434669,1.33033,2475.03,1.20054,F
139,1,HappyBirthday,467,4380.71,F,1,0.0630275,4.09238,4.77439,20.3039,F
139,1,HappyBirthday,1293,1095,F,1,0.00122671,1.30647,7.83585,0.386053,F
140,1,HappyBirthday,1348,730,F,1,0.17969,0.0141792,3508.83,67.4523,F
140,1,HappyBirthday,445,5475.68,M,1,0.000337954,0.563136,556.789,0.123252,F
141,1,HappyBirthday,1387,365,F,1,0.00164554,0.0296314,49.5682,0.633009,F
141,1,HappyBirthday,1217,1825,F,1,0.00122787,7.02655,11163.1,0.647252,F
142,1,HappyBirthday,1057,3285,M,1,4.69128e-05,0.0114336,622.148,0.0513931,F
142,1,HappyBirthday,852,22265.7,F,1,0.000151473,2.82435,12393.7,0.625055,F
143,1,HappyBirthday,423,4380.73,M,1,0.135892,0.266463,0.0363034,45.3955,F
143,1,HappyBirthday,434,16790.1,F,1,0.00104162,0.364383,0.0334628,0.324032,F
143,1,HappyBirthday,1388,365,M,1,0.35472,0.952956,21440.8,505.592,F
144,1,HappyBirthday,183,6205.84,M,1,0.000187033,25.4745,24.3589,0.0591123,F
144,1,HappyBirthday,430,32120.4,M,1,0.793988,0.918199,51.6945,538.15,F
144,1,HappyBirthday,1349,730,F,1,0.00282217,1.69895,36.5963,1.03111,F
145,1,HappyBirthday,109,4380.19,M,1,0.00159473,5.43341,97.0867,0.617652,F
145,1,HappyBirthday,801,6570.1,F,1,0.0936389,10.6065,344.994,33.4684,F
146,1,HappyBirthday,157,10950.8,F,1,0.324115,0.987091,286.381,137.202,F
147,1,HappyBirthday,242,8395.41,M,1,0.011191,1.4152,27731.6,35.3732,F
147,1,HappyBirthday,1017,3650,M,1,0.0017429,0.33805,22.5406,0.543473,F
147,1,HappyBirthday,424,4380.77,F,1,0.040867,2.062,54.8414,13.8036,F
148,1,HappyBirthday,1389,365,M,1,0.298019,1.53486,15896.2,1288.63,F
148,1,HappyBirthday,808,13505,M,1,0.679582,0.643645,1.77382,353.744,F
148,1,HappyBirthday,1258,1460,F,1,0.370203,0.19444,3.64513,144.791,F
148,1,HappyBirthday,916,6935.06,F,1,0.0364033,0.309608,0.117136,11.5265,F
149,1,HappyBirthday,1390,365,F,1,0.0247225,0.136924,99363.9,180.32,F
149,1,HappyBirthday,32,5110.94,M,1,0.103027,1.87474,534.789,34.0269,F
149,1,HappyBirthday,1175,2190,M,1,0.00197733,0.108755,15.3921,0.662659,F
150,1,HappyBirthday,290,9490.11,F,1,0.327077,3.4665,372.792,270.567,F
150,1,HappyBirthday,1176,2190,F,1,0.0212485,2.12594,172.856,11.5614,F
151,1,HappyBirthday,551,10950.6,M,1,0.0732908,4.20967,87.3166,26.7,F
152,1,HappyBirthday,271,6570.61,F,1,0.000756425,1.29378,0.405746,0.23522,F
152,1,HappyBirthday,1096,2920,M,1,0.0132128,0.303238,12.1875,4.21965,F
152,1,HappyBirthday,1059,3285,M,1,0.0135111,0.108263,166.001,6.64365,F
152,1,HappyBirthday,1135,2555,M,1,0.556157,6.52043,404.3,612.108,F
153,1,HappyBirthday,1018,3650,M,1,0.0824526,1.46743,1.04971,26.866,F
153,1,HappyBirthday,404,8395.27,M,1,0.000198685,4.41266,1798.67,0.392123,F
153,1,Births,1419,0,F,0,0,1.21694,0,0,F
154,1,HappyBirthday,265,27740.8,M,1,0.204473,0.968218,23.3629,79.4726,F
155,1,HappyBirthday,21,11315,F,1,0.0146358,0.537473,757.162,5.02351,F
155,1,HappyBirthday,1259,1460,M,1,0.00962904,0.578946,0.299893,3.00759,F
155,1,HappyBirthday,1260,1460,M,1,0.355569,0.303388,2509.47,162.58,F
156,1,HappyBirthday,1219,1825,M,1,0.0381363,0.126876,9044.43,90.6792,F
156,1,Births,1420,0,M,0,0,0.011047,0,0,F
157,1,HappyBirthday,1220,1825,F,1,0.462134,1.95207,48.9553,195.816,F
157,1,HappyBirthday,1295,1095,F,1,0.00156358,0.327179,93.2808,0.544374,F
157,1,Births,1421,0,M,0,0,0.194079,0,0,F
158,1,HappyBirthday,205,15695.7,M,1,0.04628,0.339382,0.254743,14.7258,F
158,1,HappyBirthday,228,15330.9,F,1,0.0364176,0.754203,44.9181,11.594,F
158,1,HappyBirthday,1221,1825,M,1,0.00313777,0.174644,50458.3,3.83181,F
158,1,HappyBirthday,595,4015.04,F,1,0.248859,0.260281,451.037,151.291,F
158,1,HappyBirthday,718,7300.27,F,1,0.00526235,0.650112,1.27887,1.64956,F
158,1,HappyBirthday,868,8030.72,F,1,0.0116364,0.382637,360.498,4.08299,F
159,1,HappyBirthday,956,16060.5,M,1,0.135885,0.0896405,2885.91,63.9615,F
159,1,Births,1422,0,M,0,0,0.271194,0,0,F
160,1,HappyBirthday,496,9855.67,F,1,0.00235825,0.582262,0.113564,0.7337,F
161,1,HappyBirthday,1296,1095,F,1,0.00231603,0.312166,88.803,0.817328,F
162,1,HappyBirthday,187,9855.81,F,1,0.0283868,1.49846,1450.04,25.7328,F
162,1,Births,1423,0,M,0,0,0.564236,0,0,F
163,1,HappyBirthday,435,16060.9,M,1,0.00426381,1.001,13.3826,1.35702,F
164,1,HappyBirthday,53,5110.51,M,1,0.00105463,2.96977,9.20624e-05,0.327962,F
164,1,HappyBirthday,83,8030.32,M,1,0.109858,0.0959404,76.8455,40.0817,F
164,1,HappyBirthday,194,6935.87,F,1,0.000272542,0.747439,3028.17,0.133003,F
164,1,HappyBirthday,380,20075.4,M,1,0.0684912,16.0968,71.6447,28.3057,F
164,1,HappyBirthday,1297,1095,F,1,0.0344222,0.0721457,175561,353.594,F
164,1,HappyBirthday,1391,365,M,1,0.0420644,0.00759775,230.812,14.0855,F
164,1,HappyBirthday,1019,3650,F,1,0.053426,0.0321088,3.13546,17.074,F
164,1,Births,1424,0,M,0,0,0.185373,0,0,F
165,1,HappyBirthday,111,4015.45,M,1,0.00869218,2.46993,171.018,3.39449,F
165,1,HappyBirthday,341,30295,F,1,0.299689,1.73279,4107.76,181.447,F
165,1,HappyBirthday,1222,1825,F,1,0.0067062,0.55559,1822.37,15.3574,F
165,1,HappyBirthday,878,27010.4,F,1,0.0109271,1.02394,7453.85,10.0761,F
165,1,Births,1425,0,M,0,0,0.0343155,0,0,F
166,1,HappyBirthday,763,8030.75,F,1,0.0466806,5.39789,49.6465,14.9099,F
166,1,HappyBirthday,1350,730,F,1,0.102561,0.0434601,4233.02,38.1203,F
167,1,HappyBirthday,1097,2920,F,1,0.1236,0.0407143,12381.8,436.748,F
168,1,HappyBirthday,1060,3285,M,1,0.000769411,0.253018,2028.54,1.8777,F
168,1,HappyBirthday,409,4745.2,F,1,0.00139161,0.689843,0.0244736,0.43273,F
168,1,HappyBirthday,1179,2190,M,1,0.111195,0.306753,6.94201,37.0758,F
168,1,HappyBirthday,911,30295.1,F,1,0.441537,2.48102,330.502,267.097,F
169,1,HappyBirthday,1261,1460,M,1,0.0483469,0.0620209,7336.67,300.928,F
169,1,HappyBirthday,383,11680.4,M,1,0.860119,7.91778,4.46445,613.374,F
169,1,HappyBirthday,1223,1825,M,1,0.829588,3.82543,114.79,712.44,F
169,1,HappyBirthday,466,12775.4,F,1,0.0752198,0.633456,11.327,25.526,F
169,1,HappyBirthday,611,14235,M,1,0.0392268,3.63095,26.5578,13.5938,F
169,1,HappyBirthday,842,17520.2,M,1,0.00177789,0.196607,550.601,0.983563,F
170,1,HappyBirthday,15,25550.7,M,1,0.00163459,2.78366,38.5656,0.535742,F
170,1,HappyBirthday,1351,730,M,1,0.0242037,0.29707,42.4347,8.10979,F
171,1,HappyBirthday,7,6570.94,F,1,0.00218253,5.25886,22.1883,0.742564,F
171,1,HappyBirthday,1262,1460,F,1,0.000650008,0.406004,1194.83,0.928785,F
171,1,HappyBirthday,358,13870.9,F,1,0.00246862,0.048432,13123.8,10.4655,F
171,1,HappyBirthday,1352,730,M,1,0.930069,0.275725,5.20276,831.121,F
171,1,HappyBirthday,707,4745.42,M,1,0.00238288,9.08434,666.915,1.47841,F
172,1,HappyBirthday,1392,365,F,1,0.00873171,0.614332,177.353,3.47518,F
172,1,HappyBirthday,592,10950.3,M,1,0.0584785,10.9387,1222.77,21.7246,F
172,1,HappyBirthday,621,8760.36,M,1,0.0791121,2.14139,3.141,25.9093,F
173,1,HappyBirthday,349,8395.05,F,1,0.00406859,0.160768,45.4243,1.26881,F
173,1,HappyBirthday,1299,1095,M,1,0.00282782,0.402221,19.9083,0.90213,F
174,1,HappyBirthday,986,6205.94,M,1,0.00113317,0.0880115,0.00733486,0.352714,F
175,1,HappyBirthday,738,8760.05,M,1,0.00571661,4.41588,98.0555,2.61219,F
175,1,HappyBirthday,1062,3285,M,1,0.0156793,2.17829,64.4407,4.99137,F
176,1,HappyBirthday,18,16425.7,F,1,0.000132709,0.252183,16696.4,0.613734,F
176,1,HappyBirthday,1180,2190,M,1,0.106249,0.790808,3365.69,42.4499,F
176,1,HappyBirthday,1393,365,F,1,0.000844731,0.185495,24.8202,0.274621,F
176,1,HappyBirthday,653,11315.4,F,1,0,4.6489,38.7176,0,F
177,1,HappyBirthday,1300,1095,M,1,0.0572323,0.597244,29047.9,375.287,F
177,1,HappyBirthday,1353,730,M,1,0.170258,0.511432,64532.7,1342.21,F
177,1,HappyBirthday,221,14235.6,M,1,0.0148356,0.445565,0.0046818,4.64517,F
177,1,HappyBirthday,655,8760.98,M,1,0.00908587,1.31349,298.146,3.04632,F
177,1,HappyBirthday,871,21535.7,M,1,0.000708376,8.63438,1302.71,0.269741,F
178,1,HappyBirthday,1136,2555,M,1,0.419477,0.163825,9075.52,1549.94,F
178,1,HappyBirthday,141,9490.91,M,1,0.00470885,3.44205,0.0212422,1.46658,F
178,1,HappyBirthday,167,4380.62,M,1,0.000262965,1.42003,13227.7,0.136755,F
178,1,HappyBirthday,1354,730,F,1,0.200205,1.81473,89.6898,77.6466,F
179,1,HappyBirthday,85,5110.74,M,1,0.0129257,0.290446,646.913,7.40997,F
179,1,HappyBirthday,232,5840.98,M,1,0.00192677,3.78843,41.785,0.638454,F
179,1,HappyBirthday,1355,730,F,1,0.000492002,0.60036,0.340853,0.15318,F
179,1,HappyBirthday,747,8030.34,M,1,0,6.40586,0.165187,0,F
180,1,HappyBirthday,317,24455.8,F,1,0.0844144,3.8488,123.513,38.9784,F
180,1,HappyBirthday,614,6935.42,M,1,0.100415,1.32548,0.335242,32.8896,F
180,1,HappyBirthday,870,4380.03,M,1,0.00509363,1.29617,3.12992,1.60001,F
181,1,HappyBirthday,237,7665.73,M,1,0.00801033,4.84889,26.8438,2.53582,F
181,1,HappyBirthday,314,8030.5,F,1,0.000515818,0.304679,0.75278,0.160456,F
181,1,HappyBirthday,1263,1460,M,1,0.0617131,1.03957,103.049,22.6355,F
181,1,HappyBirthday,1182,2190,F,1,0.407105,0.129549,1029.77,164.881,F
181,1,HappyBirthday,867,4380.29,F,1,0.0021029,1.12514,0.0198299,0.654376,F
182,1,HappyBirthday,147,7300.34,F,1,0.00165007,2.29385,32.3011,0.518325,F
182,1,HappyBirthday,542,16060.4,F,1,0.120444,0.129065,806.809,176.171,F
182,1,HappyBirthday,1184,2190,F,1,0.000789,2.75933,0.158392,0.245323,F
182,1,HappyBirthday,826,8395.31,F,1,0,0.0559282,0,0,F
182,1,HappyBirthday,1356,730,M,1,0,0.0099203,1166.45,0,F
182,1,HappyBirthday,1394,365,M,1,0.034075,0.366347,54590.6,47.4983,F
183,1,HappyBirthday,49,14235.9,M,1,0,2.86377,45.5814,0,F
183,1,HappyBirthday,1023,3650,M,1,0.00177033,0.382775,4.22807,0.556457,F
183,1,HappyBirthday,1225,1825,F,1,0.0877232,0.061711,25.7985,29.9385,F
183,1,HappyBirthday,835,4015.34,F,1,0.0458116,6.56633,229.307,14.5863,F
183,1,Births,1426,0,M,0,0,1.71218,0,0,F
184,1,HappyBirthday,979,9125.16,M,1,0.0162429,0.552287,72.158,5.17898,F
185,1,HappyBirthday,1226,1825,M,1,0,0.00871339,5479.03,0,F
186,1,HappyBirthday,69,8030.08,F,1,0.0060735,0.420575,9817.14,26.4639,F
186,1,HappyBirthday,537,15330,M,1,0.0658464,0.0630846,7.7359,21.8971,F
186,1,HappyBirthday,824,5475.79,M,1,0.000137805,0.622146,23543.3,0.393647,F
187,1,HappyBirthday,319,22265.9,M,1,0.00276102,1.52577,5.07394,0.863857,F
187,1,HappyBirthday,394,14600.1,M,1,0.337835,1.60676,17463.9,759.647,F
188,1,HappyBirthday,1098,2920,F,1,0.113915,0.0245227,10.9823,39.5309,F
189,1,HappyBirthday,1357,730,F,1,0.387709,0.0328368,145.679,171.923,F
189,1,HappyBirthday,941,6935.43,F,1,0.0411282,0.779491,0.0189369,13.0519,F
190,1,HappyBirthday,234,8760.74,M,1,0.000804313,14.7113,268.093,0.262996,F
190,1,HappyBirthday,312,5110.29,F,1,0.0251376,9.49963,550.499,8.15975,F
191,1,HappyBirthday,1301,1095,M,1,0.128507,0.343871,6453.84,75.1227,F
191,1,HappyBirthday,1063,3285,M,1,0.000377428,0.464415,105.728,0.170923,F
192,1,HappyBirthday,416,4015.42,M,1,0.0546986,0.381033,447.541,29.2974,F
192,1,HappyBirthday,759,9855.19,M,1,0.0381124,0.678977,2983.08,25.182,F
193,1,HappyBirthday,1302,1095,F,1,0.0122722,0.57352,368.806,7.46277,F
193,1,HappyBirthday,412,6935.29,F,1,0.0133599,0.858314,214.963,4.18048,F
193,1,HappyBirthday,779,4745.11,M,1,0.0224932,1.60323,1984.71,7.73239,F
194,1,HappyBirthday,103,8030.34,F,1,0.0120242,13.6306,12.7548,3.96753,F
194,1,HappyBirthday,1358,730,F,1,0,0.0821149,89.5364,0,F
194,1,HappyBirthday,219,6570.89,F,1,0.00262025,1.81605,107.898,0.853197,F
194,1,HappyBirthday,1185,2190,F,1,0.0130511,0.499691,42979.9,54.6729,F
195,1,HappyBirthday,562,6935.7,M,1,0.00266651,0.0324419,0.0598157,0.829873,F
195,1,HappyBirthday,874,6935.53,F,1,0.124734,0.0714449,146.694,46.38,F
196,1,HappyBirthday,365,4015.49,M,1,0.00494432,0.770256,2857.8,3.67799,F
196,1,HappyBirthday,1101,2920,M,1,0.121323,21.3567,595.078,40.8073,F
196,1,HappyBirthday,1264,1460,M,1,0.00403471,0.24593,25830.4,4.33912,F
196,1,HappyBirthday,1138,2555,M,1,0.0854375,2.87963,422.838,33.1422,F
197,1,HappyBirthday,145,10585.8,F,1,0.00590986,0.16332,454.647,5.48894,F
197,1,HappyBirthday,397,11315.9,M,1,0.00267615,0.579273,54.982,0.899645,F
197,1,HappyBirthday,494,4380.54,F,1,0.154495,0.0442115,105.372,55.9511,F
197,1,HappyBirthday,882,12045.2,M,1,0.00171399,2.27521,3458.08,1.78444,F
198,1,HappyBirthday,203,6570.26,F,1,0.0584518,4.27744,1304.44,63.2697,F
198,1,HappyBirthday,266,30295.7,M,1,0.00942767,3.21721,749.679,2.96217,F
198,1,HappyBirthday,845,26645.2,F,1,0.0131124,15.1027,27.7178,4.39255,F
200,1,HappyBirthday,35,5110.01,F,1,0.0592409,0.304475,495.418,20.851,F
201,1,HappyBirthday,177,20440.6,F,1,0.0188259,1.15772,49.0153,5.98782,F
201,1,HappyBirthday,1102,2920,M,1,0.0233045,0.470614,160.24,9.08214,F
202,1,HappyBirthday,181,7665.29,M,1,0.349081,3.28689,3397.63,140.17,F
202,1,HappyBirthday,215,5110.62,M,1,0.0131025,0.298315,0.698477,4.09861,F
202,1,HappyBirthday,560,11315.6,M,1,0.000480405,0.119295,66.9897,0.165295,F
202,1,HappyBirthday,688,14235.7,M,1,0.534189,1.15822,136.295,249.823,F
203,1,HappyBirthday,361,5110.04,F,1,0.140911,1.85338,0.179199,47.2023,F
203,1,HappyBirthday,647,8395.68,F,1,0.20559,1.5738,22.4552,73.8896,F
204,1,HappyBirthday,291,12410.2,F,1,0.00132138,1.37923,25.1965,0.427277,F
204,1,HappyBirthday,962,5840.67,M,1,0.107114,2.8161,19.1073,35.9832,F
205,1,HappyBirthday,1395,365,M,1,0.738993,0.793335,114.488,504.19,F
205,1,Births,1427,0,M,0,0,0.0864802,0,0,F
206,1,HappyBirthday,1396,365,M,1,0.00632073,0.790428,795.212,4.37092,F
206,1,HappyBirthday,322,27010,M,1,0.000750088,2.51962,55.8379,0.252356,F
206,1,HappyBirthday,500,6935.42,M,1,0.0448897,4.19362,4372,66.0855,F
207,1,HappyBirthday,1265,1460,F,1,0.277845,3.25624,5183.6,123.641,F
208,1,HappyBirthday,29,4745.52,M,1,0.0145038,3.09173,843.227,17.4937,F
208,1,HappyBirthday,1266,1460,F,1,0.106959,0.636854,2.56057,35.2935,F
208,1,HappyBirthday,1359,730,F,1,0.0324553,1.34162,4244.02,50.958,F
208,1,HappyBirthday,816,21900.7,M,1,0.227483,0.49793,1893.2,84.8829,F
208,1,HappyBirthday,1397,365,M,1,0.0366374,0.0170275,29981.7,120.516,F
209,1,HappyBirthday,465,5840.18,M,1,0.0314312,2.99116,96.7462,11.7332,F
209,1,Births,1428,0,M,0,0,0.13413,0,0,F
210,1,HappyBirthday,1303,1095,M,1,0.00256244,0.0311005,14428.3,1.22844,F
212,1,HappyBirthday,513,11315.1,F,1,0.000237289,0.943821,14135,1.07175,F
212,1,Births,1429,0,M,0,0,0.645696,0,0,F
213,1,HappyBirthday,373,20075.5,F,1,0.0139779,0.261794,0.0678932,4.3749,F
214,1,HappyBirthday,536,32850.4,M,1,0.000434132,22.5687,3976.67,0.770052,F
214,1,HappyBirthday,626,8395.03,F,1,0.133104,2.9765,22.6641,48.8287,F
214,1,HappyBirthday,810,4745.82,M,1,0.320836,0.0712528,575.174,182.491,F
215,1,HappyBirthday,955,9125,F,1,0.000107936,4.90119,292.55,0.0366636,F
216,1,HappyBirthday,1304,1095,M,1,0.264803,0.0209364,0.343863,95.7704,F
216,1,HappyBirthday,744,9855.64,M,1,0.0322154,0.155134,234.119,14.7203,F
218,1,HappyBirthday,1140,2555,M,1,0.00213984,2.48207,40.2454,0.704906,F
218,1,HappyBirthday,1065,3285,F,1,0.00687903,3.30752,2311.74,7.65639,F
218,1,HappyBirthday,464,5840.93,F,1,1.99923e-05,0.145454,2.12197e-05,0.00624592,F
218,1,HappyBirthday,573,4745.03,M,1,0.00218993,2.61888,15.7006,0.701691,F
218,1,HappyBirthday,1228,1825,F,1,0.922206,0.210578,18.3232,795.002,F
219,1,HappyBirthday,342,11315.9,F,1,0.269653,0.0423477,684.832,176.58,F
219,1,HappyBirthday,974,10585.1,M,1,0.000176249,44.8431,2190.01,0.226951,F
220,1,HappyBirthday,574,7665.77,F,1,0.00188733,2.30799,288.151,0.591275,F
221,1,HappyBirthday,256,5840.66,M,1,0.00188191,2.76256,8.79063,0.597359,F
222,1,HappyBirthday,1268,1460,M,1,0.00270267,0.0725978,1.59409,0.843096,F
222,1,HappyBirthday,488,30660.7,F,1,0.124424,0.47475,166.109,66.5956,F
223,1,HappyBirthday,1269,1460,M,1,0.0436555,0.0192068,8.17548,14.049,F
223,1,HappyBirthday,942,13870.7,F,1,0.0534501,0.0343249,3889.89,19.3842,F
224,1,HappyBirthday,60,20440.6,F,1,0.00725822,1.03491,360.114,2.36243,F
224,1,HappyBirthday,1229,1825,F,1,0.405014,0.0964766,11.4028,162.942,F
224,1,HappyBirthday,1024,3650,F,1,0.00368599,0.0515616,8.51386,1.14803,F
224,1,HappyBirthday,788,7665.26,F,1,0.014565,5.36529,2293.68,16.5548,F
224,1,Births,1430,0,M,0,0,0.191752,0,0,F
225,1,HappyBirthday,396,9855.55,M,1,0.416589,9.38447,1008.15,233.661,F
225,1,HappyBirthday,1398,365,M,1,0.00696554,0.0218328,51.656,2.32542,F
225,1,HappyBirthday,1305,1095,M,1,0.109028,0.172657,115.274,43.7211,F
226,1,HappyBirthday,1306,1095,F,1,0.0448331,0.107617,71.9394,15.5299,F
226,1,HappyBirthday,1186,2190,M,1,0.000276649,0.119928,24927.8,0.184678,F
226,1,HappyBirthday,996,5840.76,F,1,7.97529e-07,0.0390345,0.261229,0.00024074,F
226,1,HappyBirthday,1307,1095,F,1,0.0235009,0.271733,8060.13,8.92458,F
228,1,HappyBirthday,325,13140.9,F,1,0.0655809,0.145427,43.3128,22.1654,F
228,1,HappyBirthday,527,14600.3,M,1,0.00159569,4.5138,26.4857,0.514271,F
229,1,HappyBirthday,65,9125.46,F,1,0.00382193,1.92282,99.3205,1.34919,F
229,1,HappyBirthday,393,4745.35,F,1,0.0020302,3.52932,11.4616,0.643622,F
229,1,HappyBirthday,753,4015.89,M,1,0.000455494,1.2136,1.21011e-05,0.141607,F
229,1,HappyBirthday,760,4380.77,M,1,0.000655899,3.47709,202.089,0.20885,F
230,1,HappyBirthday,156,6570.9,F,1,1.89659e-06,1.16488,1.66813,0.000583964,F
230,1,HappyBirthday,257,8030.7,F,1,0.0163191,5.09364,93.6695,7.13159,F
230,1,HappyBirthday,509,20440.9,F,1,0.00171187,0.636127,4.1963,0.539043,F
230,1,HappyBirthday,1066,3285,M,1,0.00611558,1.16882,481.104,3.12864,F
231,1,HappyBirthday,1025,3650,F,1,0.00113379,0.18722,13349.1,1.46945,F
231,1,HappyBirthday,497,10585.8,F,1,0.00466205,6.18453,11.5613,1.4739,F
231,1,HappyBirthday,570,6205.46,M,1,0.102596,9.07479,62.2134,34.8507,F
232,1,HappyBirthday,196,9855.15,M,1,0.000863546,1.3382,21.4952,0.291352,F
232,1,HappyBirthday,710,26645.1,M,1,0.000290669,11.1333,43.5574,0.097144,F
232,1,HappyBirthday,859,6935.95,F,1,0.00186795,0.0263411,3.09493,0.584229,F
233,1,HappyBirthday,210,17520.4,F,1,0.0315212,1.05654,197.595,12.1272,F
233,1,HappyBirthday,362,10950.6,F,1,0.0202961,0.530819,265.03,10.8663,F
233,1,HappyBirthday,1308,1095,M,1,0.100351,0.0212632,21.8688,36.4397,F
233,1,HappyBirthday,1270,1460,M,1,0.00710226,1.37195,113.43,3.39555,F
233,1,HappyBirthday,749,20805.7,M,1,0.030341,21.3687,22.1198,9.6329,F
233,1,HappyBirthday,1187,2190,M,1,0.000396289,1.48513,40298.8,3.26498,F
233,1,HappyBirthday,990,4745.72,M,1,0.533174,11.439,102.967,271.19,F
233,1,HappyBirthday,1309,1095,M,1,0.446549,0.161774,14.986,190.12,F
234,1,HappyBirthday,829,6935.13,M,1,0.266504,3.06299,349.656,100.24,F
234,1,HappyBirthday,1399,365,M,1,0,0.0315536,0,0,F
235,1,HappyBirthday,1271,1460,F,1,0.00363016,8.41025,17926.6,3.71933,F
235,1,HappyBirthday,877,4380.48,F,1,0.0116094,14.8516,6.35473,3.66766,F
237,1,HappyBirthday,82,14235,F,1,0.0988845,0.952627,976.906,38.6308,F
237,1,HappyBirthday,1026,3650,F,1,0.000431339,0.626512,92.0696,0.171015,F
237,1,HappyBirthday,1230,1825,F,1,0,3.24663,2.3841,0,F
237,1,HappyBirthday,1027,3650,M,1,0.117225,0.305762,25.019,40.3864,F
237,1,HappyBirthday,1361,730,M,1,0.0065666,1.52554,35.8427,2.17475,F
238,1,HappyBirthday,115,14235.6,F,1,0.000439829,0.507029,185.676,0.229661,F
238,1,HappyBirthday,223,14235.7,M,1,0.00233766,1.51625,40.7436,0.728619,F
238,1,HappyBirthday,820,15330.3,M,1,0.0507648,0.111399,274.436,18.1439,F
239,1,HappyBirthday,37,6570.15,F,1,0.0516893,5.84617,5.6313,16.4966,F
239,1,HappyBirthday,1272,1460,M,1,0.087643,2.61422,37.2551,33.1384,F
239,1,HappyBirthday,495,13505.6,M,1,0.00247113,1.39609,6.98e-05,0.768897,F
239,1,HappyBirthday,798,6570.93,M,1,0.00296663,6.9049,844.626,2.12766,F
240,1,HappyBirthday,51,12775.9,F,1,0.0455308,7.08327,168.188,17.0894,F
240,1,HappyBirthday,1273,1460,M,1,0.107571,0.745715,28.6462,37.7016,F
240,1,HappyBirthday,1142,2555,F,1,0.174774,1.1142,13.9765,59.8211,F
240,1,HappyBirthday,671,10950.4,M,1,0.0660779,0.547344,1.07056,21.2459,F
240,1,HappyBirthday,1141,2555,F,1,0.0167159,5.86826,2415.09,19.7837,F
240,1,HappyBirthday,1231,1825,M,1,0.0729798,0.277505,659.909,26.5344,F
240,1,HappyBirthday,855,24820.7,M,1,0.0127033,1.01629,4.03765,3.99179,F
242,1,HappyBirthday,586,21900.6,F,1,0.00519094,0.246012,6.61759,1.61835,F
243,1,HappyBirthday,1188,2190,M,1,0.00207258,0.393257,8859.2,5.53212,F
244,1,HappyBirthday,180,33580.6,M,1,0.0150599,0.470036,39.1886,5.64643,F
244,1,HappyBirthday,1068,3285,F,1,0.00103765,0.00836517,0.0508104,0.32239,F
244,1,HappyBirthday,534,12775.6,F,1,0.00335166,2.27653,7660.12,5.06056,F
244,1,HappyBirthday,767,4745.42,M,1,0.0788238,0.125412,414.134,26.785,F
245,1,HappyBirthday,5,10220.8,M,1,0.00204422,0.0930273,14.7348,0.648211,F
245,1,HappyBirthday,71,9490.1,F,1,0.000781414,0.732273,137.238,0.409463,F
245,1,HappyBirthday,437,9490.64,F,1,0.0538814,1.37429,3620.66,40.5713,F
246,1,HappyBirthday,885,17155.8,M,1,0.000392194,0.241322,0.0587704,0.121994,F
247,1,HappyBirthday,357,4380.92,F,1,0.0666584,0.114539,30.2842,22.422,F
247,1,HappyBirthday,1145,2555,M,1,0.0455925,0.881557,0.838157,14.5451,F
247,1,HappyBirthday,516,11680,F,1,0.000661287,0.442562,15.5344,0.221735,F
247,1,HappyBirthday,1069,3285,F,1,0.716255,0.794155,2518.88,1051.21,F
247,1,HappyBirthday,725,4380.23,F,1,0.00119874,0.584824,1109.73,0.446752,F
247,1,HappyBirthday,1189,2190,F,1,0.00109607,0.376654,11.7475,0.349671,F
248,1,HappyBirthday,696,4015.67,M,1,0.676797,0.182748,9961.5,851.163,F
248,1,HappyBirthday,782,7300.93,M,1,0.00605346,2.53583,553.069,2.72513,F
248,1,HappyBirthday,787,31390.4,M,1,0.00162915,0.180159,8.69202,0.514013,F
250,1,HappyBirthday,836,8395.21,F,1,0.170442,0.271418,2795.13,226.078,F
251,1,HappyBirthday,336,17520.6,F,1,7.1931e-05,4.40985,29160.3,0.492508,F
251,1,HappyBirthday,370,5840.81,M,1,0.290781,1.14505,1110.11,108.871,F
251,1,HappyBirthday,589,19345,M,1,0.0560346,0.2866,1.00743,17.9982,F
252,1,HappyBirthday,305,13505.4,F,1,0.0441645,1.99733,365.76,14.0394,F
252,1,HappyBirthday,639,22995.5,F,1,0.00538617,0.25388,0.139108,1.6793,F
252,1,HappyBirthday,1362,730,M,1,0.260868,0.0990702,236.314,153.174,F
253,1,HappyBirthday,774,13870.6,F,1,0.0131764,0.386681,3.05382,4.18608,F
254,1,HappyBirthday,1400,365,M,1,0.00825444,0.0248871,173882,78.3387,F
255,1,HappyBirthday,56,6205.99,M,1,0.00523473,0.252791,44.4339,1.75722,F
255,1,HappyBirthday,1028,3650,M,1,7.82104e-05,0.21577,30307,0.164396,F
255,1,HappyBirthday,1310,1095,F,1,0.0176455,0.0594757,15924.6,17.4756,F
256,1,HappyBirthday,1311,1095,F,1,0.113605,0.230821,417.174,59.0588,F
257,1,HappyBirthday,184,10585.1,M,1,0.000935159,3.07944,6.0035,0.2931,F
257,1,HappyBirthday,1029,3650,F,1,0.299261,1.27995,3082.55,112.203,F
257,1,HappyBirthday,450,12775,M,1,0.00165647,2.11874,14337.5,0.792138,F
257,1,HappyBirthday,1312,1095,M,1,0.0866638,1.77723,39.2912,31.0316,F
257,1,HappyBirthday,784,19710.6,F,1,9.59432e-05,17.4058,30.8163,0.0309584,F
259,1,HappyBirthday,260,5110.47,M,1,0.04759,15.2359,40.2636,18.1229,F
259,1,HappyBirthday,593,24455,M,1,0.560389,0.963366,111.391,342.412,F
259,1,HappyBirthday,757,18615.4,M,1,0.00210841,14.3415,0.161596,0.656096,F
259,1,HappyBirthday,1314,1095,M,1,0.0774457,2.02124,60686,438.318,F
260,1,HappyBirthday,1363,730,M,1,0.00163805,0.191301,3399.3,2.7629,F
260,1,HappyBirthday,987,6205.85,M,1,0.026189,2.94955,27.0427,8.59414,F
260,1,HappyBirthday,482,4745.48,M,1,0.0286298,4.43166,0.966707,9.03144,F
260,1,HappyBirthday,727,9855.51,F,1,0.293313,0.280668,0.687694,107.927,F
260,1,HappyBirthday,863,5840.01,F,1,0.013922,1.15232,93.9544,4.50297,F
261,1,HappyBirthday,1232,1825,F,1,0.00886466,0.670856,10.9646,2.82208,F
261,1,HappyBirthday,1071,3285,M,1,0.168494,0.991308,966.599,240.367,F
261,1,HappyBirthday,139,17155.1,M,1,0.0420698,0.102799,221.339,24.3876,F
261,1,HappyBirthday,327,8760.05,F,1,0.00239667,2.20704,10.9318,0.779759,F
262,1,HappyBirthday,10,28835.2,F,1,0.154426,0.0334588,71.1242,56.5382,F
263,1,HappyBirthday,158,6205.46,F,1,0.072104,0.234525,1392.43,24.7765,F
263,1,HappyBirthday,414,17155.8,F,1,0.0655145,0.0991061,786.332,26.9052,F
264,1,HappyBirthday,447,31390.8,M,1,0.00800321,0.176274,161.984,2.51423,F
264,1,HappyBirthday,857,11315,F,1,0,0.276488,731.362,0,F
265,1,HappyBirthday,1233,1825,F,1,0.0745796,0.117798,17139.2,44.0679,F
265,1,HappyBirthday,261,6570.37,F,1,0.0532055,0.467851,136.403,24.8363,F
265,1,HappyBirthday,773,11315.3,F,1,0.00444565,0.946592,42293.9,17.3608,F
265,1,HappyBirthday,899,15695.1,M,1,0.119549,0.102929,905.467,39.6014,F
265,1,HappyBirthday,999,35405.7,F,1,0.00415628,2.32954,54073.6,7.09368,F
266,1,HappyBirthday,243,15330.2,M,1,0.000307263,0.0293779,0.174002,0.0955678,F
266,1,HappyBirthday,264,9490.07,F,1,0.0298453,1.1672,75.3519,9.5601,F
266,1,HappyBirthday,510,9125.72,F,1,0.0505067,3.46647,0.932387,16.161,F
266,1,HappyBirthday,730,5475.81,F,1,0.000701228,0.451805,10.8576,0.220517,F
266,1,HappyBirthday,935,18615.7,F,1,0.0309904,3.53185,5.58432,9.78266,F
267,1,HappyBirthday,1315,1095,M,1,0.0363078,0.216492,7941.24,80.4917,F
268,1,HappyBirthday,454,30660.9,M,1,0.00317019,0.202561,0.212545,0.987632,F
268,1,HappyBirthday,564,6205.64,F,1,0.134455,3.04852,3896.47,63.4974,F
268,1,HappyBirthday,578,4015.66,M,1,0.000358028,2.70837,0.303578,0.111541,F
268,1,HappyBirthday,846,7665.14,F,1,0.0913691,0.223722,0.989444,29.7894,F
268,1,HappyBirthday,1146,2555,F,1,0.186189,1.25093,2.33973,64.1341,F
269,1,HappyBirthday,316,5475.74,M,1,0.00113737,0.524583,0.0394447,0.353705,F
269,1,HappyBirthday,603,19345.2,F,1,0.00659282,0.517253,1993.53,17.0598,F
269,1,HappyBirthday,692,7300.51,F,1,0.000768437,17.7134,70.9805,0.309143,F
270,1,HappyBirthday,584,14235.7,F,1,0.000716706,3.03815,449.703,0.309342,F
271,1,HappyBirthday,1234,1825,M,1,0.15241,0.951297,6833.96,278.411,F
271,1,HappyBirthday,401,7300.19,M,1,0.000532826,3.43351,34.0623,0.17354,F
271,1,HappyBirthday,1365,730,M,1,0.891121,0.0459683,24.1781,700.994,F
271,1,HappyBirthday,1316,1095,M,1,0.0148893,1.62812,23.9453,4.88965,F
272,1,HappyBirthday,277,6935.66,M,1,0.00735878,1.28267,7.90335,2.29712,F
272,1,HappyBirthday,1190,2190,F,1,0.0308701,0.106668,675.866,32.2924,F
272,1,HappyBirthday,659,5475.05,M,1,8.78201e-05,1.58763,988.189,0.068901,F
272,1,HappyBirthday,891,5475.58,M,1,0.00440062,0.123888,4.25519,1.37982,F
273,1,HappyBirthday,300,25915.7,M,0,0,0.00889434,0,0,F
273,1,HappyBirthday,345,9490.54,M,1,0.0414345,2.73803,194.544,15.8914,F
273,1,HappyBirthday,1073,3285,M,1,0.000627914,1.63761,8.846,0.201364,F
273,1,HappyBirthday,922,12410.4,M,1,0.00691419,1.30951,31.2963,2.27886,F
274,1,HappyBirthday,1191,2190,M,1,0.0221455,0.593311,1655.45,26.5935,F
274,1,HappyBirthday,1148,2555,F,1,0.297898,0.0383924,2325.19,434.754,F
275,1,HappyBirthday,155,12410.3,F,1,0.00269529,1.54013,21799.5,2.53895,F
275,1,HappyBirthday,379,6570.24,F,1,0.00588182,13.6922,1.69265,1.83755,F
275,1,HappyBirthday,1317,1095,M,1,0.0236386,2.05388,6.21526,7.63415,F
276,1,HappyBirthday,712,11315.6,F,1,0.02942,0.422568,13791.3,15.5654,F
276,1,HappyBirthday,1192,2190,F,1,0.00670019,0.687151,17.4927,2.09453,F
277,1,HappyBirthday,143,6205,F,1,0.115106,0.621057,0.255002,38.0229,F
277,1,HappyBirthday,1105,2920,F,1,0.00237396,0.257557,15.9373,0.782447,F
279,1,HappyBirthday,1318,1095,M,1,0.00314855,0.295665,58.2441,1.07791,F
279,1,HappyBirthday,302,17520.4,F,1,0.0013066,4.55178,24.9279,0.447592,F
279,1,HappyBirthday,1319,1095,M,1,0.780191,0.0533084,30.1558,491.57,F
279,1,HappyBirthday,966,10950.9,F,1,0.566715,4.28269,0.783578,260.349,F
280,1,HappyBirthday,13,10585.7,M,1,0.0305971,0.0416534,0.0055208,9.65767,F
280,1,HappyBirthday,48,6205.78,F,1,0.0999132,0.122733,104.483,32.7457,F
280,1,HappyBirthday,936,6570.03,F,1,7.69878e-06,1.50014,18458.4,0.0378685,F
281,1,HappyBirthday,209,7300.41,F,1,0.00115684,1.18088,7.0704,0.36322,F
281,1,HappyBirthday,415,4015.92,M,1,0.00106995,0.0285134,3.96645e-05,0.33255,F
282,1,HappyBirthday,470,16425,M,1,0.000279898,6.93723,2168.33,0.70463,F
282,1,HappyBirthday,695,24820.5,M,1,0.00483214,6.90143,0.518333,1.50708,F
282,1,HappyBirthday,1030,3650,M,1,0.713923,2.15861,0.836115,390.209,F
283,1,HappyBirthday,80,36135.4,M,1,0.00291385,9.56125,32130.1,20.4333,F
283,1,HappyBirthday,94,4015.53,M,1,0.0166354,0.541661,198.615,5.215,F
283,1,HappyBirthday,997,6570.54,F,1,0.0112132,46.6246,0.0344659,3.50487,F
283,1,HappyBirthday,1366,730,F,1,0.0346676,0.32662,246.33,15.2321,F
283,1,HappyBirthday,165,32485.6,F,1,0.0200205,0.712443,9725.33,22.4779,F
283,1,HappyBirthday,175,6205.57,M,1,0.399391,1.11461,352.914,348.336,F
284,1,HappyBirthday,1149,2555,M,1,0.497863,1.79341,25.4897,224.469,F
285,1,HappyBirthday,441,4745.98,F,1,0.549315,0.189203,0.720326,247.736,F
286,1,HappyBirthday,1320,1095,F,1,0.00527839,0.0207871,4.55279,1.6576,F
287,1,HappyBirthday,149,14235.8,F,1,0.000536777,2.59246,0.0006066,0.166886,F
287,1,HappyBirthday,684,8760.27,M,1,0.00105649,0.559918,0.0647454,0.328564,F
287,1,HappyBirthday,963,36135.7,F,1,0.00167322,1.90752,2379.48,0.823986,F
288,1,HappyBirthday,144,4015.71,M,1,0.155268,13.0608,29.4141,54.5459,F
288,1,HappyBirthday,151,6205.45,F,1,0.000432757,1.00714,86.872,0.135842,F
288,1,HappyBirthday,1367,730,F,1,0.321815,0.432519,9331.07,530.655,F
289,1,HappyBirthday,278,24090.1,M,1,6.4524e-06,0.922723,6903.06,0.0127716,F
289,1,HappyBirthday,411,10950.1,M,1,0.00222594,0.0871317,0.0605398,0.692809,F
289,1,HappyBirthday,1321,1095,M,1,0.854501,0.819735,5.13846,606.774,F
290,1,HappyBirthday,717,12775.3,F,1,0.378195,0.0774198,136.714,194.529,F
290,1,HappyBirthday,964,10220.9,F,1,0.0209999,12.7536,231.61,12.2127,F
291,1,HappyBirthday,1368,730,F,1,0.098506,0.016999,67.8067,40.6361,F
292,1,HappyBirthday,1150,2555,F,1,0.677705,0.0741045,167.737,441.244,F
292,1,HappyBirthday,274,5840.1,M,1,0.00301001,0.183643,92.5633,0.992944,F
292,1,HappyBirthday,363,24090.6,M,1,0.00101544,0.245346,0.007151,0.315875,F
292,1,HappyBirthday,522,9855.97,F,1,0.175161,0.0572625,21.2549,61.823,F
292,1,HappyBirthday,1276,1460,F,1,0.382535,0.789741,85.7048,161.534,F
292,1,HappyBirthday,898,17155.5,F,1,0.0794713,0.962221,0.765856,25.763,F
293,1,HappyBirthday,989,9490.78,M,1,0.00563574,7.58934,1573.42,1.83684,F
293,1,HappyBirthday,615,12045.1,F,1,0.0742923,26.6659,0.0037178,23.992,F
294,1,HappyBirthday,230,21170.9,M,1,0.00170077,1.04231,492.273,0.91684,F
294,1,HappyBirthday,456,21170.5,F,1,0.0107969,1.17085,5180.31,7.35291,F
294,1,Births,1431,0,M,0,0,0.118371,0,0,F
295,1,HappyBirthday,912,18615.9,F,1,0.0011092,2.30347,36340.7,2.39832,F
296,1,HappyBirthday,1107,2920,M,1,0.00281372,0.317585,27.0387,0.913215,F
296,1,HappyBirthday,1108,2920,F,1,0.00346443,4.42098,62.9989,1.19987,F
296,1,HappyBirthday,894,20805.4,M,1,0.000386404,5.84084,127.922,0.193343,F
297,1,HappyBirthday,1151,2555,F,1,0.030601,0.96815,3.18328,9.65907,F
297,1,HappyBirthday,408,18615.7,F,1,0.00456117,2.16757,0.157278,1.4214,F
298,1,HappyBirthday,858,9125.26,M,1,0.12036,0.295201,1738.28,283.337,F
300,1,HappyBirthday,1000,10950.8,M,1,0,0.0124988,0,0,F
300,1,HappyBirthday,604,24090.8,F,1,0.2423,0.495062,3416.8,86.6445,F
301,1,HappyBirthday,118,10950.4,M,1,0.693942,0.905455,108.992,419.814,F
301,1,HappyBirthday,1322,1095,F,1,0.00308274,0.298948,74.4269,1.2178,F
302,1,HappyBirthday,191,11315.9,F,1,0.0014344,0.29216,67.138,0.449007,F
303,1,HappyBirthday,399,8395.61,F,1,0.000221864,3.15852,48266.1,0.345534,F
304,1,HappyBirthday,100,19710.6,M,1,0.0113878,0.569219,1.48804,3.56814,F
304,1,HappyBirthday,694,9125.45,F,1,0.00396882,64.2597,38.9755,1.31888,F
304,1,HappyBirthday,949,18250.1,M,1,0.016515,0.30197,25.3212,5.39955,F
305,1,HappyBirthday,1238,1825,F,1,0.230895,3.15026,122.127,97.603,F
306,1,HappyBirthday,514,4015,M,1,0.114955,0.0802028,101.11,51.8712,F
306,1,HappyBirthday,567,25550.8,F,1,0.0256691,1.2479,22.6527,8.26238,F
306,1,HappyBirthday,993,10585,F,1,0.0376118,47.0843,3284.16,20.7112,F
306,1,HappyBirthday,799,5840.26,F,1,0.00202849,5.19462,0.826589,0.631098,F
306,1,HappyBirthday,1194,2190,F,1,0.228773,0.135635,158.492,90.8819,F
307,1,HappyBirthday,43,6570.71,F,1,0.000457818,1.27328,103.114,0.164587,F
307,1,HappyBirthday,86,17155.5,F,1,0.00304521,0.787871,15.4133,0.949677,F
307,1,HappyBirthday,1369,730,M,1,0.0255994,0.0666498,1616.96,11.2818,F
307,1,HappyBirthday,426,8395.15,F,1,0.0496448,1.55852,0.619597,15.836,F
307,1,HappyBirthday,805,4745.09,M,1,0.0063379,0.0594795,2714.42,15.6145,F
307,1,HappyBirthday,838,36135.7,F,1,0.0992194,0.820834,20.6409,32.7241,F
308,1,HappyBirthday,1195,2190,M,1,0.0405775,0.0793382,1442.05,38.5743,F
308,1,HappyBirthday,1152,2555,M,1,0.302012,1.16651,39.0687,122.895,F
308,1,HappyBirthday,360,16425.3,F,1,0.0319874,8.01876,2.49582,10.2062,F
308,1,HappyBirthday,481,4745.36,F,1,0.000733802,0.750915,6139.12,1.63088,F
308,1,HappyBirthday,1370,730,F,1,0.343683,1.48665,1267.11,520.736,F
308,1,Births,1432,0,M,0,0,0.0107562,0,0,F
309,1,HappyBirthday,762,4745.6,F,1,0.0198037,2.48685,1.82422,6.26462,F
309,1,HappyBirthday,1401,365,F,1,0.367866,0.101006,146.075,161.237,F
309,1,Births,1433,0,M,0,0,0.0408872,0,0,F
310,1,HappyBirthday,1239,1825,M,1,0.682832,0.198736,95.2158,359.674,F
310,1,HappyBirthday,844,15330.7,M,1,0.0305177,1.5564,1760.61,10.8157,F
311,1,HappyBirthday,487,12775.6,M,1,0.00105431,0.935979,11087.8,1.51691,F
311,1,HappyBirthday,644,14965.2,M,1,0.151246,0.160684,530.575,90.5317,F
311,1,HappyBirthday,1109,2920,F,1,0.0134771,1.22177,11.9088,4.21842,F
312,1,HappyBirthday,6,6570.05,F,1,0.0465424,1.70457,17.0156,15.678,F
312,1,HappyBirthday,28,18615.9,F,1,0.0356219,0.724581,110.539,13.0163,F
312,1,HappyBirthday,106,8760.68,M,1,0.000898673,0.919057,32042.6,1.7241,F
313,1,HappyBirthday,20,7300.2,M,1,0.0115104,2.08609,80.737,4.06025,F
313,1,HappyBirthday,1402,365,M,1,0.396436,0.225853,11932.4,659.783,F
313,1,HappyBirthday,724,9490.3,M,1,0.00605446,0.523793,17.952,2.00318,F
313,1,HappyBirthday,726,25185.4,M,1,0.0801036,3.29174,65.5841,28.9079,F
314,1,HappyBirthday,202,29565.1,F,1,0.149357,0.0135164,665.519,52.9871,F
315,1,HappyBirthday,101,5475.16,F,1,0.0400027,0.326808,1120.97,14.4868,F
315,1,HappyBirthday,1277,1460,M,1,0.167906,0.553679,268.925,58.7761,F
316,1,HappyBirthday,276,5110.48,F,1,0.00202383,0.134621,30.5817,0.673326,F
316,1,HappyBirthday,674,8030.58,M,1,0.00277586,1.72658,3185.12,4.40204,F
316,1,HappyBirthday,1033,3650,F,1,0.0439603,0.523208,1316.78,77.1978,F
316,1,HappyBirthday,736,13870.4,M,1,0.490832,0.79815,0.808913,209.935,F
316,1,HappyBirthday,873,24455.1,M,1,0.000137387,1.26408,2277.49,0.128133,F
318,1,HappyBirthday,292,5110.5,F,1,0.24167,2.06616,3.21565,86.9202,F
319,1,HappyBirthday,1371,730,F,1,0.221137,0.0353862,38799.5,629.336,F
319,1,HappyBirthday,19,23725.2,M,1,0.000602316,0.5436,80.5385,0.188603,F
319,1,HappyBirthday,1403,365,M,1,0.658433,0.502742,41.1513,340.237,F
319,1,HappyBirthday,1196,2190,M,1,0.320285,0.678273,1123.36,274.033,F
320,1,HappyBirthday,1323,1095,M,1,0.018876,0.289754,21.554,6.46425,F
320,1,HappyBirthday,315,14600.2,M,1,0.00509549,1.34835,48558.7,8.00077,F
320,1,HappyBirthday,346,27375.4,M,1,0.0750675,0.259303,48.4442,26.2576,F
320,1,HappyBirthday,678,4380.61,F,1,0.001431,5.58566,39419.1,1.2646,F
321,1,HappyBirthday,284,16060.6,F,1,0.0241576,0.324596,25.319,7.86863,F
322,1,HappyBirthday,214,5475.02,M,1,0.0320547,3.67954,0.0141356,10.1248,F
322,1,HappyBirthday,823,4745.56,F,1,0,2.78818,4.28879,0,F
323,1,HappyBirthday,1035,3650,F,1,0.00222983,2.1298,2863.52,0.796738,F
323,1,HappyBirthday,503,6205.92,F,1,0.621186,2.85544,274.545,602.274,F
323,1,HappyBirthday,591,11680.1,M,1,4.21654e-05,1.45828,6850.33,0.122617,F
323,1,HappyBirthday,721,8760.81,M,1,0.00153941,1.13724,0.132916,0.479094,F
324,1,HappyBirthday,154,20440.4,M,1,0.000136586,31.1373,4.42533,0.0427092,F
324,1,HappyBirthday,1197,2190,M,1,0.0770852,0.14891,10964.8,87.1518,F
325,1,HappyBirthday,238,4015.24,F,1,0.0888409,0.200026,1.91211,28.9153,F
326,1,Births,1434,0,F,0,0,0.00750455,0,0,F
327,1,HappyBirthday,620,6935.57,F,1,0,0.617212,30.8688,0,F
327,1,HappyBirthday,703,24455,M,1,0.16862,2.12424,189.521,82.8078,F
327,1,HappyBirthday,751,4745.67,F,1,0.153739,0.227811,13.2809,51.9789,F
328,1,HappyBirthday,50,10220.1,F,1,0.00447237,0.0447787,298.011,2.39861,F
328,1,HappyBirthday,502,6935.12,F,1,0.00629111,0.134768,3.92544,1.97503,F
328,1,HappyBirthday,556,4015.41,M,1,0.0595995,0.0942418,0.744879,19.1127,F
328,1,HappyBirthday,1075,3285,F,1,0.00640023,0.88025,2.37128,2.01931,F
329,1,HappyBirthday,9,6205.07,F,1,0.00123168,1.10826,17.439,0.412617,F
329,1,HappyBirthday,701,4015.88,M,1,0,0.39709,10.9717,0,F
329,1,HappyBirthday,1036,3650,M,1,0.000164186,0.946828,220.563,0.053827,F
330,1,HappyBirthday,612,34310.2,M,1,0.118533,0.667963,508.486,39.592,F
330,1,HappyBirthday,648,16425.7,M,1,0.000958108,0.879121,29.8171,0.339022,F
330,1,HappyBirthday,930,9855.3,F,1,0.156255,0.231949,0.148828,52.8071,F
331,1,HappyBirthday,3,5475.02,M,1,0.00679897,7.9568,3558.11,11.3028,F
331,1,HappyBirthday,1324,1095,F,1,6.39781e-05,0.334437,41646.8,0.196979,F
331,1,HappyBirthday,1111,2920,M,1,0.389238,1.18416,1305.71,478.221,F
331,1,HappyBirthday,992,6205.5,M,1,0.0694667,0.0691121,9.0173,23.2075,F
331,1,HappyBirthday,680,4015.79,F,1,3.11513e-05,0.739096,0.308321,0.00968882,F
331,1,HappyBirthday,800,14235.4,F,1,0.429006,0.351059,73.2399,206.366,F
331,1,Births,1435,0,F,0,0,0.71065,0,0,F
332,1,HappyBirthday,529,8395.31,F,1,0.00137191,7.38392,4269.5,2.1576,F
332,1,HappyBirthday,607,15330,F,1,0.0236144,2.31343,4092.59,9.35681,F
332,1,HappyBirthday,895,7300.77,M,1,0.00596963,3.01817,27.6556,1.87223,F
332,1,HappyBirthday,938,5840.77,M,1,0.100254,0.241409,4.97826,33.6089,F
333,1,HappyBirthday,1153,2555,M,1,0.413735,0.219801,24198.1,378.181,F
334,1,HappyBirthday,269,12410.5,F,1,0.59318,0.600207,119.821,356.32,F
334,1,HappyBirthday,1372,730,F,1,0.0211813,4.58155,9288.69,49.1133,F
334,1,HappyBirthday,665,9490.85,F,1,0.000384255,7.05158,17.7225,0.128927,F
335,1,HappyBirthday,186,8760.61,M,1,0.00142405,2.1766,6937.09,1.54045,F
335,1,HappyBirthday,189,16060,M,1,0.00199263,0.405637,0.686503,0.619971,F
335,1,HappyBirthday,356,7665.76,F,1,0.0884923,0.50274,7801.71,235.866,F
335,1,HappyBirthday,463,7300.2,F,1,6.74407e-05,1.75714,329.979,0.0314283,F
335,1,HappyBirthday,673,8030.47,F,1,0.00209358,0.425378,20.134,0.652409,F
335,1,HappyBirthday,978,10220.9,F,1,0.000146483,0.972817,7113.48,0.409398,F
335,1,Births,1436,0,F,0,0,0.122407,0,0,F
336,1,HappyBirthday,1279,1460,F,1,0.604085,0.392945,23.741,305.871,F
336,1,HappyBirthday,1404,365,M,1,0.187706,0.0873815,8952.9,1063.67,F
336,1,HappyBirthday,1405,365,F,1,0.00106248,0.280731,21.0019,0.356728,F
336,1,HappyBirthday,720,20805,F,1,0.00758449,0.46127,2.50463,2.39603,F
337,1,HappyBirthday,1240,1825,F,1,0.00139913,0.818492,1.96469,0.438055,F
337,1,HappyBirthday,369,12410.5,F,1,0.0182755,2.12944,0.0596552,5.73213,F
337,1,HappyBirthday,382,8395.44,M,1,0.000447709,1.48563,5.03443,0.139466,F
337,1,HappyBirthday,952,5110.21,M,1,0.00635346,0.81538,4.44705,1.99104,F
338,1,HappyBirthday,36,8395.77,M,1,0.113468,0.137001,567.08,40.9526,F
338,1,HappyBirthday,81,24455.2,M,1,0.00670942,4.95453,0.243672,2.09201,F
338,1,HappyBirthday,442,5840.66,F,1,0.000169479,1.35913,1895.85,0.0709129,F
338,1,HappyBirthday,1198,2190,M,1,8.84574e-05,0.00864138,0,0.0274421,F
338,1,HappyBirthday,1325,1095,M,1,0.462427,1.08149,142.107,222.982,F
338,1,HappyBirthday,739,5475.78,M,1,0.000243218,0.574026,750.521,0.0938448,F
338,1,HappyBirthday,755,33215.6,M,1,0.0034463,0.0565291,5.28905,1.08277,F
338,1,HappyBirthday,830,17155,F,1,3.09818e-05,11.693,57362.9,0.0831536,F
339,1,HappyBirthday,161,4380.01,F,1,0.00108108,2.52956,1.09759,0.336679,F
339,1,HappyBirthday,193,10950.5,M,1,0.107954,2.99881,1.74627,35.5168,F
339,1,HappyBirthday,275,26280.7,F,1,0.0020216,0.306086,0.145424,0.628989,F
339,1,HappyBirthday,1326,1095,F,1,0.0101053,0.430038,35.3537,3.55502,F
340,1,HappyBirthday,208,5840.69,M,1,0.00240713,0.264532,56.6839,0.90047,F
340,1,HappyBirthday,1199,2190,M,1,0.00160341,1.09762,171.548,0.505961,F
340,1,HappyBirthday,864,18250.6,M,1,0.00469225,1.75032,311.518,1.88598,F
342,1,HappyBirthday,16,5475.67,M,1,0.000110764,0.599193,3541.41,0.181142,F
342,1,HappyBirthday,491,18980.9,F,1,0.175554,0.192498,13.4656,60.2559,F
342,1,HappyBirthday,1077,3285,M,1,0.0129877,7.52957,22.4087,4.07403,F
342,1,HappyBirthday,1280,1460,F,1,0.732102,0.620123,5760.93,534.551,F
343,1,HappyBirthday,329,13505.6,F,1,0.00128706,0.316755,7.57817,0.411434,F
343,1,HappyBirthday,959,7300.96,M,1,0.00192919,31.7471,2743.03,2.71566,F
344,1,HappyBirthday,980,6570.57,F,1,0.230155,19.2959,10.0408,81.2884,F
344,1,HappyBirthday,802,4015.17,F,1,0.0323583,0.986488,386.875,12.9422,F
344,1,HappyBirthday,886,4380.74,M,1,0.0527919,0.25168,915.979,68.6753,F
345,1,HappyBirthday,539,17155.9,F,1,0.000317389,0.0961058,1789,0.134877,F
345,1,HappyBirthday,1281,1460,M,1,0.00365914,0.0821767,12.5362,1.21122,F
346,1,HappyBirthday,596,23360.3,F,1,0.00683139,0.151435,14237.1,5.27457,F
346,1,HappyBirthday,828,6570.03,F,1,0.212158,2.97094,105.451,86.5719,F
347,1,HappyBirthday,407,21535.9,F,1,0.574964,0.799347,12.9713,265.94,F
348,1,HappyBirthday,1200,2190,F,1,0.0188649,0.153636,580.661,10.6664,F
348,1,HappyBirthday,1282,1460,F,1,0.139611,0.0200593,12.3916,49.1857,F
348,1,HappyBirthday,1156,2555,F,1,0.280001,1.45462,43.5879,109.582,F
349,1,HappyBirthday,354,10585.3,F,1,0.00211972,0.372683,104.512,0.785354,F
349,1,HappyBirthday,970,10585.6,M,1,0.13648,0.322259,0.309096,45.6111,F
350,1,HappyBirthday,1113,2920,F,1,0.12433,0.752687,1159.32,54.743,F
350,1,HappyBirthday,1079,3285,M,1,0.0208261,0.158049,10.1191,6.54444,F
350,1,HappyBirthday,1241,1825,M,1,0.00431629,0.328134,250.474,1.80169,F
350,1,HappyBirthday,1078,3285,F,1,0.000651653,1.3208,7.57013,0.205217,F
351,1,HappyBirthday,413,7665.61,F,1,0.421834,1.044,174.943,280.3,F
352,1,HappyBirthday,438,8030.04,M,1,2.51402e-05,5.59313,416.409,0.0126942,F
352,1,HappyBirthday,1080,3285,M,1,0.0128711,0.686289,4.89831,4.11994,F
352,1,HappyBirthday,1201,2190,M,1,0.00077213,0.0369651,0.000409866,0.240237,F
352,1,HappyBirthday,709,14235.8,F,1,0.00465985,3.42331,0.703004,1.45204,F
353,1,HappyBirthday,263,24455.3,F,1,0.000214925,1.87794,53.201,0.0670596,F
353,1,HappyBirthday,1081,3285,M,1,0.114276,2.60161,26.8619,39.4524,F
353,1,HappyBirthday,931,10220.1,M,1,0.25522,0.133772,1264.79,100.163,F
353,1,HappyBirthday,1242,1825,F,1,0.286581,0.119097,1432.64,122.706,F
354,1,HappyBirthday,1114,2920,M,1,0.0516296,1.85953,2912.53,19.1219,F
354,1,HappyBirthday,897,23360.9,F,1,0.0288356,9.92545,5.95712,9.16427,F
354,1,HappyBirthday,944,19710.4,M,1,0.222812,5.61218,4449.98,964.174,F
355,1,HappyBirthday,159,23360.1,F,1,0.00636696,7.52764,0.0033202,1.98461,F
355,1,HappyBirthday,427,6570.43,F,1,0.0157152,2.2372,65.5699,5.35322,F
355,1,HappyBirthday,1243,1825,M,1,0.0400944,0.709272,1259.1,14.299,F
355,1,HappyBirthday,713,5475.6,M,1,4.94154e-06,0.168954,562.008,0.00279502,F
355,1,HappyBirthday,722,26645.9,F,1,0.01955,0.0203575,33.244,6.48671,F
356,1,HappyBirthday,1244,1825,F,1,0.0939962,0.268891,78.8752,32.1152,F
356,1,HappyBirthday,1082,3285,M,1,0.554598,0.115265,2.37616,251.816,F
356,1,Births,1437,0,F,0,0,0.0123318,0,0,F
357,1,HappyBirthday,1283,1460,M,1,0.716082,2.17698,42.8999,455.518,F
357,1,HappyBirthday,504,5475.46,F,1,0.00663789,0.102638,8.02817,2.06973,F
357,1,HappyBirthday,651,4380.24,F,1,1.74859e-05,8.5564,4.6446,0.00553487,F
358,1,HappyBirthday,1202,2190,M,1,0.0488111,0.166261,23.9805,15.5574,F
359,1,HappyBirthday,1038,3650,M,1,0.0101287,2.52909,4606.56,20.7197,F
360,1,HappyBirthday,765,15330.7,F,1,0.0776256,0.269956,190.361,25.1192,F
360,1,HappyBirthday,832,4380.77,F,1,0.00128406,0.370743,19.7371,0.415816,F
361,1,HappyBirthday,1327,1095,F,1,0.00116309,0.056303,14.4086,0.364166,F
362,1,HappyBirthday,225,12410.2,M,1,0.00251754,0.348638,129.049,1.1571,F
362,1,HappyBirthday,226,18250.5,M,1,0.40123,0.989687,27.7065,168.717,F
362,1,HappyBirthday,400,5840.56,M,1,1.60349e-05,0.0228954,0.173882,0.00500545,F
363,1,HappyBirthday,1328,1095,F,1,0.00900856,0.0766397,82.3671,3.48909,F
363,1,HappyBirthday,1406,365,M,1,0.472388,0.0330641,1876.89,249.836,F
364,1,HappyBirthday,1329,1095,F,1,0.0729729,0.241494,1817.86,184.017,F
364,1,HappyBirthday,583,4380.65,F,1,0.00144997,0.0519429,353.419,0.502669,F
364,1,HappyBirthday,729,5110.85,M,1,0.00102187,0.0490006,3666.89,0.849416,F
364,1,HappyBirthday,985,16425.2,M,1,0.0558599,7.43113,28.3639,18.5994,F
365,1,HappyBirthday,220,19710.7,M,1,0.0688294,0.564605,0.560183,22.2242,F
365,1,HappyBirthday,933,29565.9,F,1,0.000265877,0.643458,620.114,0.0870346,F
366,1,HappyBirthday,954,17885.9,F,1,0.00198147,6.05157,3.72168,0.61666,F
366,1,Births,1438,0,F,0,0,0.242297,0,0,F
367,1,HappyBirthday,1407,365,F,1,0.545841,0.891488,1320.42,415.259,F
368,1,HappyBirthday,240,5110.85,M,1,0.661984,0.80423,653.486,628.281,F
368,1,HappyBirthday,289,5110.17,F,1,1.15812e-05,51.1238,47757,0.107855,F
368,1,HappyBirthday,976,7665.38,M,1,0.000493121,0.335919,155.077,0.241805,F
369,1,HappyBirthday,1245,1825,F,1,0.000105359,0.0452567,12747.6,0.808435,F
369,1,HappyBirthday,634,30295.3,M,1,0.0786081,0.116624,49.2576,27.588,F
369,1,HappyBirthday,786,6935.15,M,1,0.000203601,0.591794,1261.57,0.166337,F
370,1,HappyBirthday,1203,2190,F,1,0.00810277,0.132379,2751.43,10.7227,F
370,1,HappyBirthday,1116,2920,F,1,1.01599e-05,6.64451,1130.6,0.0173668,F
370,1,HappyBirthday,610,30295.2,M,1,0.0375565,0.0627085,34.3178,12.5927,F
370,1,HappyBirthday,893,13505.6,M,1,0.0441527,1.39302,288.832,19.6889,F
371,1,HappyBirthday,459,10950.6,F,1,1.58767e-06,0.350161,66368.3,0.0176914,F
371,1,HappyBirthday,689,5475.4,F,1,0.130852,0.514879,7.63054,43.5844,F
371,1,HappyBirthday,778,5840.45,M,1,0.0158092,1.90219,15.0395,5.05561,F
371,1,HappyBirthday,977,6570.94,M,1,0.00159246,0.569297,44.5851,0.52579,F
372,1,HappyBirthday,458,16790.6,M,1,0.164847,1.84641,26.119,62.8314,F
372,1,HappyBirthday,754,13140.6,M,1,0.00694168,6.39247,18024.3,7.63732,F
372,1,HappyBirthday,1204,2190,M,1,0.00426005,0.241962,0.0630183,1.3268,F
373,1,HappyBirthday,190,12410.5,M,1,0.0146787,1.41229,1020.32,19.4453,F
373,1,HappyBirthday,1158,2555,F,1,0.342505,0.117529,17.3476,130.478,F
374,1,HappyBirthday,1002,4015,M,1,0.0245203,1.39505,30.77,8.13934,F
374,1,HappyBirthday,367,21900.4,F,1,0.0118517,0.140065,0.0044668,3.70533,F
374,1,HappyBirthday,948,7300.26,M,1,0.471303,6.53573,17.8127,200.79,F
375,1,HappyBirthday,1039,3650,M,1,0.12714,0.0727351,1.24205,42.2811,F
375,1,HappyBirthday,968,9490.11,M,1,0.0303512,0.30689,93.637,11.5427,F
376,1,HappyBirthday,104,4745.84,M,1,0.000263847,1.58396,609.206,0.156326,F
376,1,HappyBirthday,247,4380.74,M,1,0.0453638,0.128983,190.906,18.2578,F
376,1,HappyBirthday,1159,2555,M,1,0.000185425,0.741667,7275.92,0.0997443,F
376,1,HappyBirthday,597,11680.9,M,1,0.000331645,0.325179,6.75819,0.104389,F
376,1,HappyBirthday,1330,1095,M,1,0.000783674,5.9031,15500.7,7.49905,F
377,1,HappyBirthday,57,10950.8,F,1,0.00485925,0.228891,60.3676,1.63982,F
377,1,HappyBirthday,1205,2190,M,1,0.0368871,0.525583,3.3297,11.7105,F
378,1,HappyBirthday,643,8395.21,M,1,0.0705346,0.00758911,15917.4,300.957,F
378,1,HappyBirthday,812,17155.8,M,1,2.81199e-05,1.26539,0.478156,0.008727,F
379,1,HappyBirthday,476,8395.8,F,1,0.449217,0.769044,182.24,302.09,F
380,1,HappyBirthday,1083,3285,M,1,0.112773,0.0874507,923.89,37.25,F
380,1,HappyBirthday,136,6935.54,F,1,0.508807,0.305029,16.1277,229.299,F
380,1,HappyBirthday,1005,4015,M,1,0.00120555,0.804537,17.2795,0.380874,F
380,1,HappyBirthday,1004,4015,M,1,0.00619876,0.545271,2.48623,1.93961,F
381,1,HappyBirthday,538,16425.7,M,1,0.00311017,1.65382,209.073,1.0793,F
382,1,HappyBirthday,324,24090.5,M,1,0.00264396,0.350282,3.06194,0.830704,F
382,1,HappyBirthday,339,22995.2,F,1,0.0171465,0.0348634,0.358586,5.3752,F
382,1,HappyBirthday,1333,1095,M,1,0.000618548,0.0289058,6043,1.54218,F
383,1,HappyBirthday,436,12775.3,F,1,0.694961,0.916372,6936.18,677.698,F
383,1,HappyBirthday,915,6205.13,F,1,0.00354833,1.40523,0.00854256,1.10461,F
384,1,HappyBirthday,1408,365,M,1,0.00205749,0.34643,27.9653,0.693015,F
384,1,HappyBirthday,1161,2555,F,1,0.521242,0.18443,33.3956,229.639,F
384,1,HappyBirthday,1409,365,F,1,0.132985,0.17222,2110.68,173.391,F
385,1,HappyBirthday,1284,1460,M,1,0.0512939,0.0393585,317.857,20.7481,F
386,1,HappyBirthday,79,22265.7,F,1,0.0791645,0.710741,15270.5,138.445,F
386,1,HappyBirthday,668,10220.1,M,1,0.000965325,0.262011,33.2236,0.317556,F
386,1,HappyBirthday,702,7665.51,M,1,0.416814,3.4644,6609.03,1294.92,F
387,1,HappyBirthday,217,4380.57,F,1,0.118371,2.82975,3.02523,39.2919,F
388,1,HappyBirthday,983,8030.53,F,1,0.00191552,0.308555,63.8516,0.641015,F
388,1,HappyBirthday,794,5475.33,M,1,0.123211,0.151429,44.7909,43.9936,F
389,1,HappyBirthday,1118,2920,F,1,0.00161371,3.22452,431.816,0.827785,F
389,1,HappyBirthday,1334,1095,F,1,0.0055721,0.510914,2.41896,1.74385,F
389,1,HappyBirthday,543,20805.7,F,1,0.00270804,0.153034,10.1974,0.85264,F
390,1,HappyBirthday,1041,3650,F,1,0.000205502,0.390621,453.516,0.106942,F
390,1,HappyBirthday,1373,730,M,1,0.00512232,0.700319,31.8191,1.66755,F
390,1,HappyBirthday,796,23360.2,M,1,0.000226202,1.36399,11.5721,0.07317,F
390,1,HappyBirthday,932,16060.7,F,1,0.00995794,31.3586,1807.96,3.61702,F
391,1,HappyBirthday,153,14600.6,F,1,0.341735,1.39783,11869.8,271.626,F
391,1,HappyBirthday,1084,3285,F,1,0.0287556,0.348009,6.93309,9.16298,F
391,1,HappyBirthday,998,16425.3,F,1,0.00133822,0.764472,19.9213,0.417082,F
391,1,Births,1439,0,F,0,0,0.103948,0,0,F
392,1,HappyBirthday,1085,3285,F,1,0.00368355,0.443922,4399.6,1.31846,F
392,1,HappyBirthday,733,10950.5,M,1,4.42392e-06,0.725123,2.68449,0.001376,F
393,1,HappyBirthday,59,6205.47,F,1,0.00266454,0.0785022,81.814,0.942324,F
393,1,HappyBirthday,272,32120.7,F,1,0.000900437,1.69459,3.83106,0.283356,F
393,1,HappyBirthday,1247,1825,F,1,0.262824,0.0181573,1724.5,97.3093,F
395,1,HappyBirthday,1119,2920,M,1,0.0287787,2.9196,202.071,9.92672,F
395,1,HappyBirthday,1335,1095,F,1,0.307611,0.397272,1080.51,524.526,F
395,1,HappyBirthday,1285,1460,M,1,0.0148754,6.34495,1881.42,26.0468,F
395,1,HappyBirthday,512,15695.5,F,1,0.0190687,0.731853,477.595,9.92441,F
395,1,HappyBirthday,818,9855.58,F,1,0.243966,2.23549,31.0462,91.5395,F
395,1,Births,1440,0,M,0,0,0.103074,0,0,F
396,1,HappyBirthday,163,24090.4,M,1,0.00351315,1.18129,5.84834,1.10587,F
396,1,HappyBirthday,1162,2555,M,1,0.000236142,0.0563923,141.231,0.0834942,F
396,1,HappyBirthday,1206,2190,M,1,0.26289,1.15419,42531.8,699.181,F
397,1,HappyBirthday,170,26280.8,M,1,0.267407,1.23344,112.576,113.211,F
397,1,HappyBirthday,1410,365,F,1,0.346005,0.711598,39.2443,146.88,F
397,1,HappyBirthday,1006,4015,M,1,0.000962201,0.262953,3.8324,0.300976,F
397,1,HappyBirthday,908,4745.49,M,1,0.0931271,0.0572519,161.653,35.3497,F
398,1,HappyBirthday,477,31390.3,M,1,0.0886489,1.26125,6.25371,28.8654,F
398,1,HappyBirthday,780,8395.9,M,1,5.68888e-06,0.110767,5.99013,0.0017896,F
398,1,HappyBirthday,1374,730,M,1,0.000167082,0.317389,64446.1,1.84349,F
398,1,HappyBirthday,860,13505.5,M,1,0.00145105,0.647306,0.331977,0.451459,F
399,1,HappyBirthday,338,4745.43,M,1,7.6673e-06,0.737909,0.603861,0.00237572,F
399,1,HappyBirthday,1042,3650,F,1,0.00553981,0.404258,62.325,1.7501,F
401,1,HappyBirthday,1163,2555,M,1,0.00403813,1.53694,58.2919,1.4046,F
402,1,HappyBirthday,848,8760.67,M,1,0.0016032,0.192453,30.6056,0.520192,F
403,1,HappyBirthday,119,16790.5,F,1,0.100173,1.10989,26.0001,32.8241,F
403,1,HappyBirthday,1376,730,M,1,0.209709,0.850513,396.108,83.8275,F
403,1,HappyBirthday,398,11680.9,F,1,0.000779063,6.48417,0.022684,0.242111,F
403,1,HappyBirthday,1375,730,M,1,0.00202112,0.451944,11052.2,13.5454,F
404,1,HappyBirthday,67,13870.1,M,1,0.00282598,0.301421,12.4594,0.93429,F
404,1,HappyBirthday,73,4745.66,F,1,0.0480827,0.199941,1.59135,15.314,F
404,1,HappyBirthday,1411,365,F,1,5.26003e-05,0.53424,29.0688,0.0170863,F
404,1,HappyBirthday,616,10585.1,F,1,0.0150052,2.59505,3480.69,10.7489,F
404,1,HappyBirthday,961,4380.35,M,1,0.000885473,15.4269,5.53772,0.276181,F
405,1,HappyBirthday,122,9125.27,M,1,0.00829879,1.09636,0.0007014,2.58969,F
405,1,HappyBirthday,250,16790.4,M,1,0.141639,1.74654,43.4215,48.249,F
405,1,HappyBirthday,390,27740.9,M,1,0.00118484,0.251547,2.22651,0.368516,F
405,1,HappyBirthday,660,4745.48,M,1,0.000489489,0.844747,73.1963,0.164584,F
406,1,HappyBirthday,39,18250.6,F,1,0.0873556,0.732777,8519.05,243.938,F
406,1,HappyBirthday,76,13870,M,1,5.06984e-07,2.59927,3505.94,0.000912,F
406,1,HappyBirthday,483,10585.9,F,1,0.000110132,0.22058,1.86994,0.034637,F
406,1,HappyBirthday,734,13870.2,F,1,0.000129688,0.0415183,1461.8,0.142442,F
407,1,HappyBirthday,558,13140.6,F,1,0.137954,3.32566,0.712116,46.1367,F
408,1,HappyBirthday,1377,730,M,1,0.371107,0.0466267,14679.2,358.966,F
408,1,HappyBirthday,565,4380.26,M,1,0.337413,0.501211,8069.99,151.202,F
408,1,HappyBirthday,649,5475.9,F,1,0.0931222,1.03567,315.872,32.1145,F
409,1,HappyBirthday,1336,1095,F,1,0.000733381,0.0790544,0.0729498,0.228472,F
409,1,HappyBirthday,550,11315.4,M,1,0.000249959,0.154558,76.6462,0.088821,F
409,1,HappyBirthday,588,11315.8,M,1,0.000125263,5.07604,104.106,0.0453318,F
409,1,HappyBirthday,880,6935.71,F,1,0.100584,0.262013,26.0852,34.7367,F
410,1,HappyBirthday,75,17885.9,M,1,0.0564442,1.02768,3020.24,84.9568,F
410,1,HappyBirthday,204,8030.55,F,1,0.291026,0.775307,0.521741,106.963,F
410,1,HappyBirthday,1043,3650,M,0,0,0.0595647,0,0,F
411,1,HappyBirthday,249,16790.4,F,0,0,0.080708,0,0,F
411,1,HappyBirthday,1165,2555,M,1,0.209414,0.499527,772.179,96.4853,F
412,1,HappyBirthday,134,7300.7,M,1,0.00172522,2.74596,5532.26,3.68628,F
412,1,HappyBirthday,328,12410.4,M,1,0.0271676,1.14882,8.65992,8.87719,F
412,1,HappyBirthday,934,4380.16,F,1,0.02472,2.71553,0.130059,7.77862,F
413,1,HappyBirthday,26,9855.79,F,1,0.742652,1.84338,1.03035,422.213,F
413,1,HappyBirthday,523,6570.24,F,1,0.000687884,5.40862,3248.95,1.04974,F
413,1,HappyBirthday,572,14965.5,F,1,0.00206965,0.183621,594.676,2.23226,F
413,1,HappyBirthday,686,14600.3,M,1,0.192143,0.39995,674.984,70.18,F
413,1,HappyBirthday,719,6935.9,F,1,0.625965,0.553547,8869.21,693.597,F
413,1,Births,1441,0,F,0,0,0.00507043,0,0,F
414,1,HappyBirthday,61,18615.5,F,1,0.00180899,22.7503,65.0767,0.566381,F
414,1,HappyBirthday,1007,4015,M,1,0.746668,2.58267,293.018,595.726,F
415,1,HappyBirthday,23,10220,F,1,0.212742,13.8089,2.54445,74.5995,F
416,1,Births,1442,0,M,0,0,0.770587,0,0,F
417,1,HappyBirthday,355,21170.4,F,1,0.000808313,1.79015,7.32831,0.254482,F
418,1,HappyBirthday,97,6935.96,F,1,6.35197e-06,0.0567708,1.92031,0.00196441,F
418,1,HappyBirthday,201,4380.97,F,1,0.277454,2.81453,941.764,255.574,F
418,1,HappyBirthday,451,5110.92,M,1,0.0565296,6.16554,286.464,33.5372,F
418,1,HappyBirthday,594,5840.45,M,1,0.00802363,17.7929,45.8721,2.92944,F
418,1,HappyBirthday,641,12775.7,F,1,2.01926e-05,0.121305,35730.9,0.0784006,F
419,1,HappyBirthday,253,7665.18,M,1,0.00429662,2.23293,2382.16,1.61487,F
420,1,HappyBirthday,479,5840.94,F,1,0.00156085,0.347894,0.251139,0.48542,F
420,1,HappyBirthday,517,16425.1,M,1,2.36676e-05,0.126508,5.37183,0.0073618,F
421,1,HappyBirthday,52,8760.89,F,1,0.00280688,0.0973023,6.50678,0.874039,F
421,1,HappyBirthday,478,6570.62,M,1,0.00133676,0.795522,2417.31,0.41757,F
421,1,HappyBirthday,506,6570.39,M,1,0.0208759,0.222211,0.108383,6.55619,F
422,1,HappyBirthday,1086,3285,F,1,0.223887,1.24392,2312.77,80.2566,F
422,1,HappyBirthday,388,12775.4,M,1,0.200784,0.0354499,0.319403,69.6799,F
422,1,HappyBirthday,571,10220.8,M,1,0.0549956,4.14016,1.9883,17.6628,F
422,1,HappyBirthday,627,18250.4,F,1,0.0160258,0.326927,2.02843,5.02354,F
422,1,HappyBirthday,728,5475.03,F,1,0.000644514,0.191347,4.42417,0.200459,F
422,1,HappyBirthday,1087,3285,F,1,0.000123941,0.201132,24872.5,0.789199,F
423,1,HappyBirthday,293,18250.8,F,1,0.0100876,0.22217,263.684,3.2266,F
423,1,HappyBirthday,1338,1095,F,1,0.00135,0.097351,69.2807,0.472242,F
423,1,HappyBirthday,1378,730,M,1,0.120134,0.0194102,113.18,46.2715,F
425,1,HappyBirthday,422,33580.3,M,1,0.00292977,0.102022,1030.32,3.89702,F
425,1,HappyBirthday,1122,2920,M,1,0.0211633,2.19612,1149.03,15.7535,F
425,1,HappyBirthday,906,9855.9,M,1,0.000465159,0.739228,2652,0.535567,F
426,1,HappyBirthday,1339,1095,F,1,0.308792,0.895668,10.2221,119.074,F
426,1,HappyBirthday,1379,730,F,1,0.281135,1.16411,5.30638,104.71,F
426,1,HappyBirthday,1046,3650,F,1,0.078455,0.230652,27.9524,27.9855,F
426,1,HappyBirthday,889,5475.11,F,1,0.202967,4.72906,9.81692,72.8362,F
427,1,HappyBirthday,24,22995.2,M,1,0.0690813,1.20554,2.44908,22.2484,F
427,1,HappyBirthday,921,5840.9,M,1,0.0217755,2.34468,8.4862,6.92953,F
428,1,HappyBirthday,940,10950.4,M,1,0.0143142,0.264087,36.3629,4.72907,F
429,1,HappyBirthday,224,6205.43,F,1,1.24396e-06,0.212419,2604.18,0.00345207,F
429,1,HappyBirthday,262,6935.42,F,1,0.0229447,4.29165,2.68145,7.2555,F
429,1,HappyBirthday,1048,3650,F,1,0.0138882,4.42513,70432.1,52.8221,F
429,1,HappyBirthday,837,13505.3,F,1,4.49393e-05,0.168867,1.54645,0.0139994,F
430,1,HappyBirthday,1167,2555,M,1,0.0041412,0.240795,35.1401,1.47737,F
430,1,HappyBirthday,743,5475.84,M,1,0.0239585,0.637362,3938.05,41.8364,F
430,1,HappyBirthday,792,4380.84,F,1,0.03375,0.309893,23.5044,11.6452,F
430,1,HappyBirthday,875,5475.93,F,1,0.00329349,0.104584,0.613706,1.02583,F
431,1,HappyBirthday,1340,1095,M,1,0.00288596,3.01009,76.856,1.06486,F
431,1,HappyBirthday,198,5110.94,M,1,0.424893,2.57919,3.26722,174.003,F
431,1,HappyBirthday,901,9855.22,F,1,0.00471491,0.805792,15.5724,1.4753,F
431,1,HappyBirthday,914,12410.2,M,1,0.00140063,1.86217,0.921215,0.435849,F
432,1,HappyBirthday,1249,1825,F,1,0.07166,0.373469,115.338,26.847,F
433,1,HappyBirthday,121,10585.5,F,1,5.96852e-05,4.26258,35.6052,0.0195004,F
433,1,HappyBirthday,1412,365,M,1,0.0179197,0.0802055,1110.87,26.524,F
434,1,HappyBirthday,1341,1095,M,1,0.000578762,2.51944,1867.52,1.29893,F
434,1,HappyBirthday,582,6205.01,F,1,0.00762542,1.48767,4.60248,2.39585,F
436,1,HappyBirthday,140,22265.5,M,1,0.0952443,5.79576,1749.98,208.505,F
436,1,HappyBirthday,561,4380.39,M,1,0.019136,0.121712,6732.83,51.7361,F
436,1,Births,1443,0,M,0,0,0.0528579,0,0,F
437,1,HappyBirthday,439,18250.5,M,1,0.0102866,6.76589,14.2829,3.25003,F
438,1,HappyBirthday,389,9855.39,F,1,0.0667397,1.80865,728.892,22.5735,F
438,1,HappyBirthday,640,8395.91,F,1,0.000629367,18.4499,2039.87,1.52921,F
438,1,HappyBirthday,675,9125.74,F,1,0.0165611,0.0528229,0.0414514,5.19104,F
439,1,HappyBirthday,282,26280.3,M,1,0.00976179,0.256397,69.0192,3.39088,F
439,1,HappyBirthday,425,28470.4,M,1,0.0271294,0.531306,1.37632,8.56454,F
439,1,HappyBirthday,498,9490.31,M,1,0.0664624,0.0922723,23.9783,22.0574,F
439,1,HappyBirthday,508,13140.5,M,1,0.0167679,0.728251,42.5459,5.55737,F
439,1,HappyBirthday,535,4745.74,F,1,0.112741,0.640734,3.76991,37.3842,F
439,1,HappyBirthday,723,21900.6,F,1,0.394774,0.461276,17.2342,156.94,F
439,1,HappyBirthday,1088,3285,M,1,0.22653,0.422722,49.6018,85.1987,F
441,1,HappyBirthday,1413,365,M,1,0.0702806,0.0295956,4.68354,22.6861,F
441,1,HappyBirthday,501,24090.3,F,1,0.000748827,0.217976,27,0.235128,F
441,1,HappyBirthday,1208,2190,F,1,0.681275,0.0294915,260.759,484.85,F
441,1,HappyBirthday,1380,730,M,1,0.306909,1.61893,5291.19,183.465,F
441,1,HappyBirthday,946,8030.25,M,1,0.106973,9.76513,5263.94,36.6011,F
442,1,HappyBirthday,233,9855.08,F,1,0.00854777,0.0835456,6.75695,2.67298,F
442,1,HappyBirthday,420,16790.7,M,1,0.0291393,1.17227,2526.46,39.488,F
443,1,HappyBirthday,88,9490.34,F,1,0.209782,0.546295,1008.89,75.485,F
443,1,HappyBirthday,1209,2190,F,1,0.00387364,0.151269,54.1957,1.2846,F
443,1,HappyBirthday,1342,1095,F,1,0.393854,3.09827,28.6751,163.878,F
444,1,HappyBirthday,378,4380.45,F,1,0.0123007,10.9624,584.019,12.5841,F
444,1,HappyBirthday,433,14600.3,F,1,0.0847149,0.727919,18.5381,28.266,F
444,1,HappyBirthday,795,6935.67,F,1,0.0236583,0.172912,24.4727,7.75775,F
444,1,HappyBirthday,917,8760.9,M,1,0.00329262,30.0083,1033.99,1.15211,F
444,1,HappyBirthday,960,4745.91,F,1,0.0527261,4.23484,2717.11,18.0506,F
445,1,HappyBirthday,1049,3650,M,1,0.0109775,0.858209,1.9364,3.4298,F
445,1,HappyBirthday,1414,365,F,1,0.00417026,0.20127,81.7074,1.5919,F
446,1,HappyBirthday,55,6935.7,F,1,0.152763,0.99692,2.79106,52.068,F
446,1,HappyBirthday,116,11315,F,1,0.000450889,0.983316,318.282,0.303532,F
446,1,HappyBirthday,1010,4015,F,1,0.0212559,0.145291,2171.69,16.5785,F
446,1,HappyBirthday,776,12775.3,M,1,0.00990635,0.0933464,905.023,3.6382,F
446,1,HappyBirthday,821,28470.6,F,1,0.00169665,0.252957,0.0290934,0.527744,F
446,1,HappyBirthday,1011,4015,F,1,0,0.906718,2.67845,0,F
446,1,HappyBirthday,1343,1095,M,1,0.00477806,0.076412,44.8476,1.58746,F
447,1,HappyBirthday,708,9855.65,M,1,6.7422e-07,0.935583,8779.17,0.0021886,F
448,1,HappyBirthday,1415,365,F,1,0.00513036,0.0813643,44997.4,6.7011,F
449,1,HappyBirthday,1287,1460,M,1,0.362069,0.166173,225.902,218.773,F
450,1,HappyBirthday,1050,3650,M,1,0.000709943,2.58536,5.52652,0.22494,F
450,1,HappyBirthday,137,13505,F,1,0.00624696,0.78456,13.2171,1.98403,F
450,1,HappyBirthday,245,32485,F,1,0.327177,75.1193,2.55744,123.208,F
450,1,Births,1444,0,M,0,0,0.20965,0,0,F
451,1,HappyBirthday,1381,730,F,1,0.0223079,0.17987,7520.58,77.9572,F
451,1,HappyBirthday,549,13140.6,F,1,0.00153636,0.0612605,0.300231,0.477766,F
451,1,HappyBirthday,752,32850.3,M,1,2.16082e-05,5.35639,183.736,0.00734,F
452,1,HappyBirthday,1169,2555,F,1,0.0465751,0.646132,4226.4,74.9807,F
452,1,HappyBirthday,453,35405.5,F,1,0.000501523,1.20281,0,0.155906,F
452,1,HappyBirthday,1168,2555,F,1,2.06423e-05,2.53662,1139.15,0.0317482,F
452,1,HappyBirthday,1124,2920,M,1,0.000100516,2.00699,812.044,0.137658,F
452,1,HappyBirthday,1210,2190,F,1,0.000635856,1.72529,4.86083,0.197837,F
453,1,HappyBirthday,283,5110.8,M,1,0.556701,0.0954165,919.204,262.597,F
453,1,HappyBirthday,1382,730,M,1,0.182615,0.522234,720.397,67.7533,F
454,1,HappyBirthday,1012,4015,M,1,0.00421318,0.401713,1.23164,1.3135,F
455,1,HappyBirthday,251,8395.33,M,1,0.00412238,0.864764,13.3601,1.3706,F
455,1,HappyBirthday,440,6570.07,M,1,0.0022145,11.9763,31.3789,0.690006,F
455,1,HappyBirthday,1211,2190,M,1,0.0126389,0.458765,12.5968,4.06069,F
455,1,HappyBirthday,580,7665.03,M,1,0.0265915,0.195716,0.271256,8.37769,F
455,1,HappyBirthday,1212,2190,M,1,0.0911636,0.17578,228.149,32.3736,F
456,1,HappyBirthday,1251,1825,M,1,0.00239021,0.485548,0.00926752,0.743821,F
456,1,HappyBirthday,532,20805.9,F,1,3.15915e-05,0.244723,2370.93,0.0430994,F
456,1,HappyBirthday,1383,730,F,1,0.00400296,0.0680452,21.867,1.34189,F
457,1,HappyBirthday,791,15330.2,M,1,0.000324792,1.63553,0.835173,0.101451,F
457,1,HappyBirthday,1384,730,M,1,0.173865,0.17301,149.738,69.826,F
458,1,HappyBirthday,1344,1095,F,1,0.353446,0.0282992,0.492105,135.634,F
458,1,HappyBirthday,1089,3285,F,1,0.311705,0.259853,2238.73,447.887,F
459,1,HappyBirthday,1051,3650,F,1,0.00145244,0.250857,0.0669474,0.451914,F
459,1,HappyBirthday,568,24455.6,M,1,0.0776906,0.0351957,73803.7,181.605,F
460,1,HappyBirthday,704,18615.1,F,1,0.000230447,2.86566,21.1266,0.0732074,F
461,1,HappyBirthday,12,5110.8,F,1,0.0022116,0.257361,0.762283,0.689387,F
461,1,HappyBirthday,1345,1095,M,1,0.0026288,0.245581,9.92033,0.840989,F
461,1,HappyBirthday,1385,730,M,1,0.010028,2.32437,57.8097,3.79344,F
462,1,HappyBirthday,321,4745.89,F,1,0.151321,0.426626,432.732,57.1509,F
462,1,HappyBirthday,1252,1825,F,1,0.116036,0.564434,94.622,42.3532,F
462,1,HappyBirthday,1170,2555,M,1,0.000392029,0.592737,6025.87,2.01639,F
462,1,HappyBirthday,705,9125.61,F,1,0.0540062,0.0903485,0.0413092,17.2558,F
463,1,HappyBirthday,1253,1825,F,1,0.0596802,0.328474,41.9416,20.2421,F
463,1,HappyBirthday,913,16425.8,F,1,0.0408938,1.65213,40526.3,112.789,F
463,1,HappyBirthday,958,11315.3,F,1,0.162188,1.45185,393.991,88.3545,F
465,1,HappyBirthday,227,10585.3,M,1,2.89005e-05,5.92729,1675.71,0.059698,F
465,1,HappyBirthday,248,12410.8,M,1,0.0599767,2.23253,7792.83,25.0947,F
465,1,HappyBirthday,631,6935.64,M,1,0.157797,0.0545017,32.0229,53.8954,F
466,1,HappyBirthday,1213,2190,M,1,0.0035764,0.25482,11867.5,13.7146,F
466,1,HappyBirthday,693,7665.41,F,1,0.0315892,0.43279,17979.7,69.0135,F
467,1,HappyBirthday,286,7300.05,M,1,7.96713e-05,0.57536,0.0120014,0.0247701,F
467,1,HappyBirthday,310,5840.52,M,1,0.00129931,0.735114,651.415,1.49728,F
467,1,HappyBirthday,376,9125.36,M,1,0.0017565,18.0698,55.7447,0.688395,F
467,1,HappyBirthday,419,5475.18,M,1,5.77185e-05,0.44289,9.23085,0.0185007,F
468,1,HappyBirthday,1125,2920,M,1,0.660535,1.64905,32.7171,339.651,F
469,1,HappyBirthday,1214,2190,M,1,0.0925616,0.433097,37.7214,31.636,F
469,1,HappyBirthday,309,8395.15,M,1,0.00141732,0.333582,45.1854,0.469197,F
469,1,HappyBirthday,1013,4015,F,1,0.000417345,0.684531,0.394093,0.129649,F
469,1,HappyBirthday,662,4745.81,F,1,1.56574e-05,0.503216,99472.6,0.0630241,F
470,1,HappyBirthday,1254,1825,M,1,0.183023,0.123258,165.057,76.9142,F
470,1,HappyBirthday,1416,365,M,1,0.00302039,0.564081,4.03147,0.947158,F
471,1,HappyBirthday,1052,3650,M,1,0.000761095,0.134874,1303.36,0.308558,F
471,1,HappyBirthday,630,17520.8,F,1,0.00497341,1.23455,6498.06,3.5572,F
472,1,HappyBirthday,1255,1825,M,1,0.00248176,0.0416362,5.27653,0.773411,F
472,1,HappyBirthday,953,6570.73,F,1,0.0322009,1.41682,223.371,16.5303,F
473,1,HappyBirthday,192,14965.4,M,1,0.00194507,0.704725,91.2262,0.804909,F
473,1,HappyBirthday,520,14235.7,F,1,0.0137094,1.97955,739.916,4.34069,F
473,1,HappyBirthday,667,6935.23,M,1,0.00413644,0.258134,0.0148117,1.28825,F
474,1,HappyBirthday,861,24090.4,M,1,0.00940963,1.06273,235.845,3.9994,F
475,1,HappyBirthday,1171,2555,F,1,0.138791,0.127094,2180.9,49.5445,F
475,1,HappyBirthday,127,12410,F,1,0.0214999,20.2966,102.535,6.82215,F
475,1,HappyBirthday,505,5840.94,M,1,5.32349e-05,3.80032,35548.5,0.246862,F
475,1,HappyBirthday,521,5840.25,F,1,0.00958604,6.64645,136.863,3.06865,F
475,1,HappyBirthday,746,5475.76,M,1,0.0108346,1.07795,0.00490496,3.38595,F
475,1,HappyBirthday,1053,3650,F,1,0.00951827,0.444323,14.4193,3.11713,F
475,1,Births,1445,0,F,0,0,0.000437279,0,0,F
476,1,HappyBirthday,14,5475.71,M,1,1.8877e-05,2.81667,183061,0.181715,F
477,1,HappyBirthday,552,17885.1,M,1,0.0128494,0.919479,7657.84,5.7074,F
478,1,HappyBirthday,129,8030.54,F,1,0.00502123,3.14126,0.983258,1.57012,F
478,1,HappyBirthday,1346,1095,M,1,0.232884,0.284191,14390.2,129.114,F
478,1,HappyBirthday,683,28470.2,F,1,0.0972471,0.020728,7.57497,31.8045,F
478,1,HappyBirthday,1090,3285,F,1,0.000290427,3.35579,1.28749,0.0906558,F
478,1,HappyBirthday,833,10220.5,M,1,0.00022992,0.648667,51.0073,0.0717878,F
478,1,HappyBirthday,1289,1460,M,1,0.373127,0.327078,7473.31,555.422,F
478,1,Births,1446,0,M,0,0,0.0549671,0,0,F
479,1,HappyBirthday,1127,2920,F,1,0.0118477,0.178433,3770.99,4.08029,F
479,1,HappyBirthday,162,8760.08,M,1,0.0892346,0.530327,1.72539,29.0703,F
479,1,HappyBirthday,231,28835,F,1,0.132178,13.7165,8.6783,44.1126,F
479,1,HappyBirthday,239,5110.16,M,1,0.0452129,0.757542,1.61095,14.3782,F
480,1,HappyBirthday,303,7665.11,M,1,0.0726127,1.19814,1.77939,23.5173,F
480,1,HappyBirthday,323,20075.3,M,1,0.000388396,0.130562,0.0019858,0.120657,F
481,1,HappyBirthday,1172,2555,F,1,0.5079,1.00067,2140.59,261.209,F
481,1,HappyBirthday,1129,2920,F,1,0.0050142,0.201814,82.0671,1.58732,F
482,1,HappyBirthday,1173,2555,M,1,0.0064111,0.13035,0.232676,1.99978,F
482,1,HappyBirthday,806,35040,M,1,0.0788304,0.151861,293.628,35.4466,F
482,1,Births,1447,0,F,0,0,0.103812,0,0,F
483,1,HappyBirthday,1347,1095,F,1,0.462097,0.0361799,29365.2,666.25,F
483,1,HappyBirthday,967,20440.9,M,1,0.258251,2.58951,2.38387,93.3712,F
484,1,HappyBirthday,1130,2920,M,1,0.00278515,2.10482,0.348281,0.866946,F
484,1,HappyBirthday,622,12410,M,1,1.0366e-05,0.458473,6659.21,0.0279504,F
485,1,HappyBirthday,1092,3285,F,1,0.175427,0.183907,50.0331,64.2585,F
485,1,HappyBirthday,337,9125.16,F,1,0.466111,0.458962,2529.12,416.39,F
485,1,HappyBirthday,609,6205.03,M,1,0.116893,0.950734,1856.66,109.256,F
485,1,HappyBirthday,785,22630.2,M,1,0.0110677,1.36058,1835.04,3.51046,F
485,1,HappyBirthday,856,12775.9,F,1,7.80858e-05,0.973528,239.273,0.0326008,F
486,1,HappyBirthday,1417,365,M,1,0.435774,0.0680238,11233.7,1324.55,F
486,1,HappyBirthday,822,9490.78,F,1,0.00196145,0.60715,0.0132818,0.610063,F
486,1,HappyBirthday,850,6570.25,F,1,0.0109089,1.88032,1831.79,6.96327,F
487,1,HappyBirthday,212,7665.34,M,1,0.00506259,3.70816,7407.84,9.9281,F
487,1,HappyBirthday,1256,1825,M,1,0.0581788,0.101056,4968.13,25.7598,F
488,1,HappyBirthday,108,26280.7,M,1,0.208667,0.593477,0.53619,72.7515,F
488,1,HappyBirthday,174,14965.7,M,1,0,0.195667,0,0,F
488,1,HappyBirthday,1174,2555,M,1,0.000104582,0.248396,38911.5,0.403971,F
490,1,HappyBirthday,1215,2190,M,1,0.0652968,0.383507,1325.14,122.531,F
490,1,HappyBirthday,737,5110.56,F,1,0.000137727,0.0982247,273.871,0.0606212,F
490,1,HappyBirthday,1132,2920,F,1,0.014707,11.395,1.5233,4.61392,F
490,1,HappyBirthday,923,10585.2,F,1,0.00662711,8.83482,6448.28,8.37981,F
491,1,HappyBirthday,1014,4015,M,1,0.0059701,4.39641,30225.6,6.72233,F
491,1,Births,1448,0,M,0,0,0.067235,0,0,F
492,1,HappyBirthday,27,4380.37,M,1,0.00119984,17.791,6100.67,0.699287,F
492,1,HappyBirthday,112,18615.8,F,1,0.00555889,0.402869,971.803,3.92848,F
492,1,HappyBirthday,1055,3650,M,1,0.000377355,0.653927,0.0200834,0.117252,F
492,1,HappyBirthday,259,4745.97,M,1,0.285308,0.0747776,53.8947,109.845,F
492,1,HappyBirthday,308,6570.75,F,1,0.156635,0.0594335,0.0304733,52.9452,F
492,1,HappyBirthday,452,15330.3,F,1,0.0864007,0.816785,50.8926,30.7885,F
492,1,HappyBirthday,617,14965,M,1,0.0125841,0.0752407,30.7125,4.23331,F
492,1,HappyBirthday,1257,1825,F,1,0.0483562,0.156666,1.40006,15.4159,F
492,1,HappyBirthday,781,22630.5,M,1,6.82055e-07,0.104568,1995.49,0.0017232,F
493,1,HappyBirthday,98,6205.48,F,1,0.00547785,0.0965024,0.152977,1.70695,F
493,1,HappyBirthday,207,10221,M,1,0.0165824,3.08413,365.962,5.20312,F
494,1,HappyBirthday,1216,2190,F,1,0.0141928,0.158884,142.325,4.44616,F
494,1,HappyBirthday,229,9125.56,M,1,0.00082367,0.905321,947.177,0.32001,F
494,1,HappyBirthday,297,10220.7,F,1,0.15225,1.05795,200.301,51.9148,F
494,1,HappyBirthday,334,6570.93,M,1,0.112809,0.886465,0.200948,37.1989,F
494,1,HappyBirthday,443,5840.75,M,1,0.062914,1.7133,27.7159,22.7711,F
495,1,HappyBirthday,1094,3285,F,1,0.0290317,0.00693736,2886.51,9.2095,F
496,1,HappyBirthday,364,31390.8,M,1,0.00519226,2.5235,410.974,1.83452,F
496,1,HappyBirthday,499,26645.7,M,1,0.0184926,0.219176,1.8939,5.81931,F
496,1,HappyBirthday,797,4380.21,F,1,0.0016164,1.60982,21.7217,0.507294,F
496,1,HappyBirthday,919,24820.3,M,1,0.0772804,0.237476,952.997,33.6141,F
497,1,HappyBirthday,1290,1460,M,1,0.266885,0.815515,4909.51,380.622,F
497,1,Births,1449,0,F,0,0,0.168158,0,0,F
498,1,HappyBirthday,173,4745.3,M,1,0,0.015998,372.883,0,F
498,1,HappyBirthday,462,14600.4,F,1,0.00641378,0.30831,7.54448,2.02222,F
498,1,HappyBirthday,883,8395.98,M,1,0.145305,2.09369,2501.88,80.2899,F
498,1,HappyBirthday,973,5475.17,M,1,0.00354681,1.22673,370.956,1.36644,F
499,1,HappyBirthday,1015,4015,F,1,8.44651e-06,0.228179,54162.6,0.0529821,F
499,1,HappyBirthday,455,11680.2,F,1,0.0297035,0.0232351,3.81756,9.55149,F
499,1,HappyBirthday,599,7300.7,M,1,0.000319444,2.1497,7.54789,0.102943,F
500,1,HappyBirthday,1133,2920,F,1,0.00263296,0.0412254,164.19,0.821212,F
501,1,HappyBirthday,185,9490.8,F,1,0.00214076,0.07904,2.65481,0.66936,F
501,1,HappyBirthday,486,5840.43,F,1,0.0986316,2.93159,995.294,32.3399,F
501,1,HappyBirthday,925,29930.4,M,1,0.411209,0.199465,50.3133,171.579,F
503,1,HappyBirthday,1134,2920,M,1,0.0614141,10.0616,137.224,31.6757,F
503,1,Births,1450,0,M,0,0,0.0293185,0,0,F
504,1,HappyBirthday,1001,11680.1,M,1,0.0770761,1.49724,0.008151,24.9263,F
504,1,HappyBirthday,340,6570.51,F,1,0.00307703,1.39562,0.772914,0.959211,F
504,1,HappyBirthday,1293,1460,F,1,0.0318818,1.51144,41.943,10.7126,F
504,1,HappyBirthday,467,4745.71,F,1,0.44249,4.35853,2008.58,268.765,F
504,1,Births,1451,0,F,0,0,0.00238468,0,0,F
505,1,HappyBirthday,1348,1095,F,1,0.642728,0.0168253,157.97,358.13,F
505,1,HappyBirthday,445,5840.68,M,1,0.00862351,0.593782,25.9284,2.99461,F
506,1,HappyBirthday,1387,730,F,1,0.004169,0.045458,22.3903,1.38341,F
506,1,HappyBirthday,1217,2190,F,1,0.12043,7.86566,16.4105,40.7673,F
506,1,Births,1452,0,F,0,0,0.603413,0,0,F
507,1,HappyBirthday,1057,3650,M,1,0.173352,0.0123576,52.5304,63.4501,F
507,1,HappyBirthday,852,22630.7,F,1,0.00200973,2.82435,0.004342,0.625191,F
508,1,HappyBirthday,423,4745.73,M,1,2.28306e-05,0.283793,0.634984,0.00710721,F
508,1,HappyBirthday,434,17155.1,F,1,0.0436723,0.364383,58.1627,16.5304,F
508,1,HappyBirthday,1388,730,M,1,0.000315393,1.46194,207.546,0.197272,F
509,1,HappyBirthday,183,6570.84,M,1,0.0936604,26.7247,4.71653,31.2893,F
509,1,HappyBirthday,430,32485.4,M,1,0.00104895,0.918199,19.0646,0.357594,F
509,1,HappyBirthday,1349,1095,F,1,0.634149,2.016,10910.5,690.636,F
510,1,HappyBirthday,109,4745.19,M,1,0.728091,5.78681,6118.83,635.13,F
510,1,HappyBirthday,801,6935.1,F,1,0.00115759,11.1027,47.6034,0.446411,F
511,1,HappyBirthday,157,11315.8,F,1,0.000435393,0.987091,2.54978,0.135981,F
511,1,Births,1453,0,M,0,0,0.266224,0,0,F
512,1,HappyBirthday,242,8760.41,M,1,0.0375636,1.4152,438.693,18.7934,F
512,1,HappyBirthday,1017,4015,M,1,0.308777,0.363327,300.291,118.755,F
512,1,HappyBirthday,424,4745.77,F,1,0.00794544,2.1961,3.9088,2.48195,F
513,1,HappyBirthday,1389,730,M,1,0.000784823,2.35466,26220.9,1.23445,F
513,1,HappyBirthday,808,13870,M,1,0.0223694,0.643645,238.142,7.51201,F
513,1,HappyBirthday,1258,1825,F,1,0.0234518,0.220809,206.614,10.4442,F
513,1,HappyBirthday,916,7300.06,F,1,0.0545342,0.323445,56.3447,18.897,F
514,1,HappyBirthday,1390,730,F,1,0.127154,0.210057,156.756,50.6065,F
514,1,HappyBirthday,32,5475.94,M,1,0.000247583,1.98263,12.4919,0.0817825,F
514,1,HappyBirthday,1175,2555,M,1,0.00204062,0.120357,76.2322,0.69725,F
514,1,Births,1454,0,M,0,0,0.0982523,0,0,F
515,1,HappyBirthday,290,9855.11,F,1,0.0015657,3.4665,17.0997,0.510657,F
515,1,HappyBirthday,1176,2555,F,1,0.00126401,2.35274,1.44621e-06,0.393018,F
516,1,HappyBirthday,551,11315.6,M,1,0.000564073,4.20967,0.37383,0.175555,F
517,1,HappyBirthday,271,6935.61,F,1,0.0278247,1.35431,8.15258,8.76945,F
517,1,HappyBirthday,1096,3285,M,1,0.000316937,0.329899,101.71,0.103921,F
517,1,HappyBirthday,1059,3650,M,1,0.0356127,0.117012,1001.48,46.3468,F
517,1,HappyBirthday,1135,2920,M,1,0.00553127,7.14897,0.0160226,1.72369,F
518,1,HappyBirthday,404,8760.27,M,1,0.0244406,4.41266,1149.31,24.274,F
518,1,HappyBirthday,1419,365,F,1,0.465487,2.60391,9181.45,331.211,F
519,1,HappyBirthday,265,28105.8,M,1,0.021087,0.968218,146.308,8.2036,F
520,1,HappyBirthday,1259,1825,M,1,0.00737996,0.657459,694.897,2.40145,F
520,1,HappyBirthday,1260,1825,M,1,0.0270958,0.344532,6.54582,8.57996,F
520,1,Births,1455,0,F,0,0,0.0919801,0,0,F
521,1,HappyBirthday,1219,2190,M,1,0.721021,0.142028,9.11392,405.7,F
522,1,HappyBirthday,1220,2190,F,1,0.212575,2.18518,129.149,82.0003,F
522,1,HappyBirthday,1295,1460,F,1,2.64559e-06,0.37851,2266.28,0.0068816,F
522,1,HappyBirthday,1421,365,M,1,0.0559655,0.415275,28437.4,69.7085,F
523,1,HappyBirthday,205,16060.7,M,1,0.0294229,0.339382,8.60581,9.64872,F
523,1,HappyBirthday,228,15695.9,F,1,0.00399873,0.754203,19.3458,1.34987,F
523,1,HappyBirthday,1221,2190,M,1,0.00232071,0.1955,1055.27,3.26197,F
523,1,HappyBirthday,595,4380.04,F,1,0.0381228,0.278388,307.517,18.8335,F
523,1,HappyBirthday,718,7665.27,F,1,0.0161618,0.650168,575.118,5.0857,F
523,1,HappyBirthday,868,8395.72,F,1,0.00292424,0.382637,89.262,1.30162,F
524,1,HappyBirthday,1422,365,M,1,0.0401665,0.58028,89963.2,570.474,F
524,1,HappyBirthday,956,16425.5,M,1,0.00337849,0.0896405,4.35841,1.05408,F
525,1,HappyBirthday,496,10220.7,F,1,0.000918277,0.582262,41.2383,0.28655,F
526,1,HappyBirthday,1296,1460,F,1,0.503105,0.361142,30194.3,1045.23,F
527,1,HappyBirthday,1423,365,M,1,0.0584802,1.20731,5.796,19.2772,F
527,1,HappyBirthday,187,10220.8,F,1,0.0119596,1.49846,4.21927,3.76233,F
528,1,HappyBirthday,435,16425.9,M,1,0.000835921,1.001,73.8204,0.267469,F
529,1,HappyBirthday,53,5475.51,M,1,0.00499563,3.14069,10.0992,1.56071,F
529,1,HappyBirthday,83,8395.32,M,1,0.344169,0.0959404,1613.1,182.12,F
529,1,HappyBirthday,194,7300.87,F,1,0.00286611,0.780842,39748.1,6.6448,F
529,1,HappyBirthday,380,20440.4,M,1,0.0212343,16.0968,0.141492,6.67096,F
529,1,HappyBirthday,1424,365,M,1,0.00514972,0.396648,46.8615,1.7267,F
529,1,HappyBirthday,1297,1460,F,1,0.604181,0.0834647,6249.04,357.584,F
529,1,HappyBirthday,1391,730,M,1,0.008409,0.0116558,102.241,2.95654,F
529,1,HappyBirthday,1019,4015,F,1,0.593443,0.0345096,12.797,279.741,F
530,1,HappyBirthday,341,30660,F,1,0.000358139,1.73279,0.127419,0.111256,F
530,1,HappyBirthday,1222,2190,F,1,0.0452959,0.621938,117.776,14.752,F
530,1,HappyBirthday,878,27375.4,F,1,0.171513,1.02394,97.8429,58.5919,F
530,1,HappyBirthday,1425,365,M,1,0.00464562,0.0734257,2.26167,1.44843,F
531,1,HappyBirthday,763,8395.75,F,1,0.00259618,5.39789,204.717,1.40473,F
531,1,HappyBirthday,1350,1095,F,1,0.105409,0.0515702,2.70009,34.7765,F
532,1,HappyBirthday,1097,3285,F,1,0.0816537,0.0442939,0.0565469,26.476,F
533,1,HappyBirthday,1060,3650,M,1,0.00395614,0.273466,5.30067,1.26398,F
533,1,HappyBirthday,409,5110.2,F,1,0.0270368,0.731972,1575.35,10.9689,F
533,1,HappyBirthday,1179,2555,M,1,0.518736,0.339477,318.429,231.92,F
533,1,HappyBirthday,911,30660.1,F,1,0.0251097,2.48102,0.162272,7.90399,F
534,1,HappyBirthday,1261,1825,M,1,0.0675586,0.0704317,5584,47.8,F
534,1,HappyBirthday,383,12045.4,M,1,0.0426926,7.91778,2003.75,41.9953,F
534,1,HappyBirthday,1223,2190,M,1,0.0246377,4.28225,6217.54,9.70062,F
534,1,HappyBirthday,466,13140.4,F,1,0.0832364,0.633456,37.0752,27.0752,F
534,1,HappyBirthday,611,14600,M,1,0.147154,3.63095,585.904,52.4947,F
534,1,HappyBirthday,842,17885.2,M,1,0.0184224,0.196607,33.4534,5.77885,F
534,1,Births,1456,0,M,0,0,0.315938,0,0,F
535,1,HappyBirthday,15,25915.7,M,1,0.0106191,2.78366,535.679,4.85183,F
535,1,HappyBirthday,1351,1095,M,1,0.0716899,0.352507,38.2041,23.2198,F
536,1,HappyBirthday,7,6935.94,F,1,0.186345,5.50487,9.73795,64.3238,F
536,1,HappyBirthday,1262,1825,F,1,0.245372,0.461064,7432.79,883.905,F
536,1,HappyBirthday,358,14235.9,F,1,0,0.048432,8.28176,0,F
536,1,HappyBirthday,1352,1095,M,1,0.469625,0.327179,126.62,199.909,F
536,1,HappyBirthday,707,5110.42,M,1,0,9.63911,3715.98,0,F
537,1,HappyBirthday,1392,730,F,1,0.627143,0.942455,3918.17,1649.07,F
537,1,HappyBirthday,592,11315.3,M,1,0.0210031,10.9387,51.2666,7.06043,F
537,1,HappyBirthday,621,9125.36,M,1,0.00386824,2.14139,5.25902,1.21532,F
538,1,HappyBirthday,349,8760.05,F,1,0.0342493,0.160768,6746.95,15.0929,F
538,1,HappyBirthday,1299,1460,M,1,0.323883,0.465325,719.434,131.655,F
539,1,HappyBirthday,986,6570.94,M,1,0.0953795,0.0923307,154.506,51.9749,F
540,1,HappyBirthday,738,9125.05,M,1,0.00300245,4.41588,571.205,2.85779,F
540,1,HappyBirthday,1062,3650,M,1,0.00413598,2.35433,0.355331,1.28961,F
541,1,HappyBirthday,18,16790.7,F,1,0.00412464,0.252183,5.52e-05,1.28456,F
541,1,HappyBirthday,1180,2555,M,1,0.0233654,0.875171,2343.16,50.249,F
541,1,HappyBirthday,1393,730,F,1,0.0346175,0.28457,79.8229,14.6695,F
541,1,HappyBirthday,653,11680.4,F,1,0.192495,4.6489,20.4425,73.1806,F
542,1,HappyBirthday,1300,1460,M,1,0.0233783,0.690946,1570.27,9.0521,F
542,1,HappyBirthday,1353,1095,M,1,0.00671692,0.606872,77637,51.2423,F
542,1,HappyBirthday,221,14600.6,M,1,0.00268152,0.445565,409.13,1.34852,F
542,1,HappyBirthday,655,9125.98,M,1,0.0330854,1.31349,2.49524,10.4623,F
542,1,HappyBirthday,871,21900.7,M,1,0.576981,8.63438,44.3725,279.552,F
543,1,HappyBirthday,141,9855.91,M,1,0.0268734,3.44205,0.54657,8.4662,F
543,1,HappyBirthday,167,4745.62,M,1,0.00215627,1.51238,1.49228,0.67386,F
543,1,HappyBirthday,1354,1095,F,1,0.00548489,2.15338,6373.69,27.1337,F
544,1,HappyBirthday,85,5475.74,M,1,0.00260176,0.307161,0.794517,0.810607,F
544,1,HappyBirthday,232,6205.98,M,1,0.0109804,3.98395,2.07428,3.43491,F
544,1,HappyBirthday,1355,1095,F,1,0.0012039,0.712394,79.4383,0.418269,F
544,1,HappyBirthday,747,8395.34,M,1,0.0014643,6.40586,2262.49,0.654088,F
545,1,HappyBirthday,317,24820.8,F,1,0.00185485,3.8488,0.279124,0.577986,F
545,1,HappyBirthday,614,7300.42,M,1,0.0030156,1.38472,70.308,1.03065,F
545,1,HappyBirthday,870,4745.03,M,1,0.00627581,1.38048,383.413,2.85399,F
546,1,HappyBirthday,237,8030.73,M,1,0.036062,4.84889,86.4282,15.5497,F
546,1,HappyBirthday,314,8395.5,F,1,0.029612,0.304679,17.404,9.38492,F
546,1,HappyBirthday,1263,1825,M,1,0.0119391,1.18055,48.3744,4.46559,F
546,1,HappyBirthday,1182,2555,F,1,0.111179,0.143369,37.9596,39.0124,F
546,1,HappyBirthday,867,4745.29,F,1,0.00915624,1.19832,165.528,4.76307,F
546,1,Births,1457,0,M,0,0,0.605403,0,0,F
547,1,HappyBirthday,147,7665.34,F,1,0.0865086,2.29403,68.3827,36.8638,F
547,1,HappyBirthday,542,16425.4,F,1,0.0142924,0.129065,9.96404,4.6773,F
547,1,HappyBirthday,1184,2555,F,1,0.00380703,3.05369,6203.58,8.5861,F
547,1,HappyBirthday,826,8760.31,F,1,0.00021396,0.0559282,0.0014856,0.0665604,F
547,1,HappyBirthday,1356,1095,M,1,0.607287,0.0117715,1217.04,446.059,F
547,1,HappyBirthday,1394,730,M,1,0.2183,0.562019,42754.3,1002.37,F
547,1,Births,1458,0,M,0,0,0.153103,0,0,F
548,1,HappyBirthday,49,14600.9,M,1,0.206851,2.86377,2.79821,72.0336,F
548,1,HappyBirthday,1023,4015,M,1,0.00159188,0.411396,1.0628,0.497654,F
548,1,HappyBirthday,1225,2190,F,1,0.000264052,0.0690804,1.47265,0.0822258,F
548,1,HappyBirthday,835,4380.34,F,1,0.00174553,7.02312,1255.88,3.05346,F
548,1,HappyBirthday,1426,365,M,1,0.00853287,3.6636,7151.4,51.1378,F
549,1,HappyBirthday,979,9490.16,M,1,1.17171e-05,0.552287,955.704,0.0060342,F
551,1,HappyBirthday,69,8395.08,F,1,0.0201238,0.420575,0.0246166,6.31789,F
551,1,HappyBirthday,537,15695,M,1,0.0267526,0.0630846,720.203,30.7339,F
551,1,HappyBirthday,824,5840.79,M,1,0.206041,0.656002,1.24166,71.7434,F
552,1,HappyBirthday,319,22630.9,M,1,0.0554806,1.52577,20.328,18.1579,F
552,1,HappyBirthday,394,14965.1,M,1,0.000346062,1.60676,24.3696,0.112094,F
553,1,Births,1459,0,M,0,0,0.113128,0,0,F
554,1,HappyBirthday,1357,1095,F,1,0.0877652,0.0389646,1315.41,139.907,F
554,1,HappyBirthday,941,7300.43,F,1,0.11412,0.814329,681.445,40.2436,F
555,1,HappyBirthday,234,9125.74,M,1,0.00985093,14.7113,3824.01,7.28713,F
555,1,HappyBirthday,312,5475.29,F,1,0,10.0464,1.19386,0,F
556,1,HappyBirthday,1301,1460,M,1,3.71048e-05,0.397821,5692.61,0.168718,F
556,1,HappyBirthday,1063,3650,M,1,0.00103613,0.501947,3.31914,0.322152,F
557,1,HappyBirthday,416,4380.42,M,1,0.00372611,0.40754,0.0194769,1.16047,F
557,1,HappyBirthday,759,10220.2,M,1,0.129182,0.678977,86.2264,48.7874,F
558,1,HappyBirthday,1302,1460,F,1,0.00671532,0.663499,4.22991,2.09394,F
558,1,HappyBirthday,412,7300.29,F,1,0.278929,0.896674,208.613,115.642,F
558,1,HappyBirthday,779,5110.11,M,1,4.16103e-05,1.70114,36583.4,0.0748354,F
559,1,HappyBirthday,103,8395.34,F,1,0.000730849,13.6306,0.0128764,0.227301,F
559,1,HappyBirthday,1358,1095,F,1,0.234904,0.0974385,22664,90.5939,F
559,1,HappyBirthday,219,6935.89,F,1,0.23309,1.90101,1.17863,82.6196,F
559,1,HappyBirthday,1185,2555,F,1,0.00481768,0.552997,194.548,1.74179,F
560,1,HappyBirthday,562,7300.7,M,1,0.00431784,0.0338918,1.2682,1.34754,F
560,1,HappyBirthday,874,7300.53,F,1,6.65631e-05,0.0746379,64.3495,0.0261977,F
561,1,HappyBirthday,365,4380.49,M,1,0.389863,0.823838,66.3578,195.203,F
561,1,HappyBirthday,1101,3285,M,1,0.732187,23.2344,1165.23,505.685,F
561,1,HappyBirthday,1264,1825,M,1,0.00346467,0.279281,237.025,1.3646,F
561,1,HappyBirthday,1138,2920,M,1,0.0956812,3.15721,5.99075,31.2813,F
562,1,HappyBirthday,145,10950.8,F,1,0.000201289,0.16332,0.0154972,0.0624718,F
562,1,HappyBirthday,397,11680.9,M,1,0.0596991,0.579273,11.0726,19.1434,F
562,1,HappyBirthday,494,4745.54,F,1,0.039084,0.047087,11681.8,21.0162,F
562,1,HappyBirthday,882,12410.2,M,1,0.000196568,2.27521,460.928,0.0647094,F
563,1,HappyBirthday,203,6935.26,F,1,0.000634644,4.47756,13.6914,0.2027,F
563,1,HappyBirthday,266,30660.7,M,1,0.0227975,3.21721,129.397,7.18797,F
563,1,HappyBirthday,845,27010.2,F,1,0.000544042,15.1027,4.9666,0.170355,F
565,1,HappyBirthday,35,5475.01,F,1,0.353082,0.322,3.69472,135.496,F
566,1,HappyBirthday,177,20805.6,F,1,0.000137404,1.15772,24.7836,0.0473544,F
566,1,HappyBirthday,1102,3285,M,1,0.0968631,0.511991,87.937,32.0655,F
567,1,HappyBirthday,181,8030.29,M,1,0.0665371,3.28689,845.563,23.2024,F
567,1,HappyBirthday,215,5475.62,M,1,0.000151403,0.315484,704.137,0.0963521,F
567,1,HappyBirthday,688,14600.7,M,1,0.0047035,1.15822,22.8673,1.52281,F
567,1,Births,1460,0,M,0,0,0.114749,0,0,F
568,1,HappyBirthday,361,5475.04,F,1,0.0478475,1.96006,1956.12,16.7189,F
568,1,HappyBirthday,647,8760.68,F,1,0.00560685,1.5738,58.0922,2.1904,F
569,1,HappyBirthday,291,12775.2,F,1,0.0357304,1.37923,530.876,32.8238,F
569,1,HappyBirthday,962,6205.67,M,1,0.0506713,2.96144,127.862,17.2033,F
570,1,HappyBirthday,1427,365,M,1,0.0334354,0.185044,3.77293,10.5839,F
570,1,HappyBirthday,1395,730,M,1,0.11133,1.21707,10430.1,431.803,F
571,1,HappyBirthday,322,27375,M,1,0.00191539,2.51962,368.985,0.741101,F
571,1,HappyBirthday,500,7300.42,M,1,0.00100152,4.38104,11.0842,0.325882,F
572,1,HappyBirthday,1265,1825,F,1,0.00673866,3.69783,8.57361,2.13301,F
573,1,HappyBirthday,29,5110.52,M,1,0.00649038,3.28054,2.84827,2.03346,F
573,1,HappyBirthday,1266,1825,F,1,0.119325,0.72322,0.43322,39.4911,F
573,1,HappyBirthday,1359,1095,F,1,0.482146,1.59199,1520.07,233.504,F
573,1,HappyBirthday,816,22265.7,M,1,0.00862808,0.49793,179.392,3.39938,F
574,1,HappyBirthday,1428,365,M,1,0.0329711,0.287001,254.655,15.6471,F
574,1,HappyBirthday,465,6205.18,M,1,0.0076447,3.14555,0.881136,2.39364,F
575,1,HappyBirthday,1303,1460,M,1,0.00108415,0.0359798,2.87058,0.3396,F
577,1,HappyBirthday,1429,365,M,1,0.000296353,1.38161,0,0.0920866,F
577,1,HappyBirthday,513,11680.1,F,1,0.000330036,0.943821,7.38041,0.105386,F
578,1,HappyBirthday,373,20440.5,F,1,0.0039009,0.261794,15.0958,1.21537,F
578,1,Births,1461,0,M,0,0,0.263167,0,0,F
579,1,HappyBirthday,536,33215.4,M,1,0.0553126,22.5687,256.326,20.1605,F
579,1,HappyBirthday,810,5110.82,M,1,0.00208355,0.0756038,11.4939,0.680862,F
580,1,HappyBirthday,955,9490,F,1,0.0956879,4.90119,5.14465,31.3514,F
581,1,HappyBirthday,1304,1460,M,1,0.172163,0.0242211,71573.8,1552.08,F
581,1,HappyBirthday,744,10220.6,M,1,0.00947636,0.155134,7.48503,2.99759,F
583,1,HappyBirthday,1140,2920,M,1,0.000480132,2.72133,4044.83,0.865389,F
583,1,HappyBirthday,1065,3650,F,1,0.0274662,3.57482,29.3259,8.75188,F
583,1,HappyBirthday,464,6205.93,F,1,0.000446237,0.152961,0.0331263,0.138728,F
583,1,HappyBirthday,1228,2190,F,1,0.169921,0.235725,2842.26,634.183,F
584,1,HappyBirthday,342,11680.9,F,1,0.0234787,0.0423477,31.0098,7.38842,F
584,1,HappyBirthday,974,10950.1,M,1,0.0168323,44.8431,0.499901,5.28561,F
585,1,HappyBirthday,574,8030.77,F,1,0.197807,2.30799,1977.86,353.982,F
586,1,HappyBirthday,256,6205.66,M,1,0.00254298,2.90514,3682.21,0.928683,F
587,1,HappyBirthday,1268,1825,M,1,0.271204,0.0824431,43.7024,99.3921,F
587,1,HappyBirthday,488,31025.7,F,1,0.451538,0.47475,35.6171,197.007,F
588,1,HappyBirthday,1269,1825,M,1,0.178455,0.0218115,6392.07,974.7,F
588,1,HappyBirthday,942,14235.7,F,1,0.394385,0.0343249,15680.1,748.573,F
589,1,HappyBirthday,60,20805.6,F,1,0.0206601,1.03491,1828,8.7364,F
589,1,HappyBirthday,1229,2190,F,1,0.000104938,0.107998,201.803,0.0422909,F
589,1,HappyBirthday,1430,365,M,1,0.114234,0.410297,6.03735,38.8066,F
589,1,HappyBirthday,1024,4015,F,1,0.00234162,0.055417,5336.46,1.05776,F
589,1,HappyBirthday,788,8030.26,F,1,0.00302275,5.36529,4.13789,0.95684,F
590,1,HappyBirthday,396,10220.5,M,1,0.119817,9.38447,35.9055,45.5249,F
590,1,HappyBirthday,1398,730,M,1,0.00579419,0.033494,0.0357916,1.80606,F
590,1,HappyBirthday,1305,1460,M,1,0.171031,0.199745,10021.4,88.4998,F
591,1,HappyBirthday,1306,1460,F,1,0.100409,0.124501,97.0921,40.2888,F
591,1,HappyBirthday,1186,2555,M,1,0.171385,0.132722,145.185,70.6341,F
591,1,HappyBirthday,996,6205.76,F,1,0.000433011,0.0410491,0.118314,0.134614,F
591,1,HappyBirthday,1307,1460,F,1,0.00348261,0.314366,5.55076,1.11223,F
593,1,HappyBirthday,325,13505.9,F,1,0.0747585,0.145427,165.258,24.4976,F
593,1,HappyBirthday,527,14965.3,M,1,0.000585968,4.5138,1857.28,0.187955,F
594,1,HappyBirthday,65,9490.46,F,1,0.00297327,1.92282,8.10764,0.937458,F
594,1,HappyBirthday,393,5110.35,F,1,0.0562728,3.74486,109.168,18.3098,F
594,1,HappyBirthday,753,4380.89,M,1,9.83493e-05,1.29801,21.4117,0.0317138,F
594,1,HappyBirthday,760,4745.77,M,1,0.0160953,3.70323,26.6023,5.22176,F
595,1,HappyBirthday,156,6935.9,F,1,0.0130501,1.21937,30.3319,4.21998,F
595,1,HappyBirthday,257,8395.7,F,1,0.00246297,5.09364,25.9588,0.793625,F
595,1,HappyBirthday,509,20805.9,F,1,0.125798,0.636127,32.9424,44.5951,F
595,1,HappyBirthday,1066,3650,M,1,0.0043175,1.26328,4984.51,9.00041,F
596,1,HappyBirthday,1025,4015,F,1,0.187117,0.201219,22.645,64.4151,F
596,1,HappyBirthday,497,10950.8,F,1,0.0076936,6.18453,34.0646,2.41385,F
596,1,HappyBirthday,570,6570.46,M,1,0.00134145,9.52017,1117.29,1.84724,F
597,1,HappyBirthday,196,10220.2,M,1,7.03715e-05,1.3382,12.2603,0.0223668,F
597,1,HappyBirthday,710,27010.1,M,1,0.0365542,11.1333,0.0203064,11.5728,F
597,1,HappyBirthday,859,7300.95,F,1,0.0150599,0.0275182,6.60901,4.71615,F
598,1,HappyBirthday,210,17885.4,F,1,0.0546771,1.05654,3.55671,17.4767,F
598,1,HappyBirthday,362,11315.6,F,1,0.0143483,0.530819,0.0035562,4.49143,F
598,1,HappyBirthday,1308,1460,M,1,0.0896972,0.0245992,8.34052,29.2058,F
598,1,HappyBirthday,1270,1825,M,1,0.00402556,1.558,88.6191,1.40991,F
598,1,HappyBirthday,749,21170.7,M,1,6.35269e-05,21.3687,4145.09,0.114264,F
598,1,HappyBirthday,1187,2555,M,1,0.00229031,1.64356,1.90009,0.714473,F
598,1,HappyBirthday,990,5110.72,M,1,0.305811,12.1376,84.3621,117.663,F
598,1,HappyBirthday,1309,1460,M,1,0.00925339,0.187155,394.126,3.50148,F
599,1,HappyBirthday,829,7300.13,M,1,0.0013443,3.19988,11.9203,0.426653,F
599,1,HappyBirthday,1399,730,M,1,0.000218006,0.0484068,5693.39,0.136402,F
600,1,HappyBirthday,1271,1825,F,1,0.0208242,9.55079,7.15897,6.76696,F
600,1,HappyBirthday,877,4745.48,F,1,0.0271175,15.8176,915.667,41.0565,F
602,1,HappyBirthday,82,14600,F,1,0.136167,0.952627,258.078,89.6709,F
602,1,HappyBirthday,1026,4015,F,1,0.00503157,0.673358,232.162,1.76786,F
602,1,HappyBirthday,1230,2190,F,1,0.00010176,3.63434,10307.2,0.713343,F
602,1,HappyBirthday,1027,4015,M,1,7.23338e-05,0.328624,0.0623403,0.0224736,F
602,1,HappyBirthday,1361,1095,M,1,0.074799,1.81022,2586.25,31.2745,F
603,1,HappyBirthday,115,14600.6,F,1,0.00233313,0.507029,3.6e-06,0.726091,F
603,1,HappyBirthday,223,14600.7,M,1,1.78904e-05,1.51625,7078.35,0.035962,F
603,1,HappyBirthday,820,15695.3,M,1,0.0928031,0.111399,0.0027128,30.267,F
604,1,HappyBirthday,37,6935.15,F,1,0.00372753,6.11968,349.932,1.77252,F
604,1,HappyBirthday,1272,1825,M,1,0.592677,2.96874,1439.37,353.949,F
604,1,HappyBirthday,495,13870.6,M,1,0.0419002,1.39609,2.84983,13.3168,F
604,1,HappyBirthday,798,6935.93,M,1,5.91345e-05,7.22791,46.5436,0.0186048,F
605,1,HappyBirthday,51,13140.9,F,1,0.000200282,7.08327,4795.29,0.163869,F
605,1,HappyBirthday,1273,1825,M,1,0.000219112,0.846844,10.984,0.0712972,F
605,1,HappyBirthday,1142,2920,F,1,0.000383589,1.2216,2052.66,0.148812,F
605,1,HappyBirthday,671,11315.4,M,1,0.00116113,0.547344,76.4845,0.361642,F
605,1,HappyBirthday,1141,2920,F,1,0.00194256,6.43394,1048.51,1.25923,F
605,1,HappyBirthday,1231,2190,M,1,0.0211459,0.310644,5662.05,50.6169,F
605,1,HappyBirthday,855,25185.7,M,1,0.0121451,1.01629,1.16814,3.80449,F
605,1,Births,1462,0,M,0,0,0.295192,0,0,F
607,1,HappyBirthday,586,22265.6,F,1,8.18427e-05,0.246012,0.228928,0.0254046,F
608,1,HappyBirthday,1188,2555,M,1,0,0.435209,0.0236461,0,F
609,1,HappyBirthday,180,33945.6,M,1,0.121485,0.470036,1.1266,40.3381,F
609,1,HappyBirthday,1068,3650,F,0,0,0.0090412,0,0,F
609,1,HappyBirthday,534,13140.6,F,1,0.000351682,2.27653,6.40681,0.109464,F
609,1,HappyBirthday,767,5110.42,M,1,0.0469271,0.133071,24666.3,34.0538,F
610,1,HappyBirthday,5,10585.8,M,1,0.070585,0.0930273,0.768964,22.8206,F
610,1,HappyBirthday,71,9855.1,F,1,0.0068822,0.732273,11.3041,2.24523,F
610,1,HappyBirthday,437,9855.64,F,1,0.0443467,1.37429,16620.7,32.9544,F
611,1,HappyBirthday,885,17520.8,M,1,3.63847e-06,0.241322,0.0778482,0.0011276,F
612,1,HappyBirthday,357,4745.92,F,1,0.0684952,0.121988,0.519271,22.0913,F
612,1,HappyBirthday,1145,2920,M,1,0.0567348,0.966535,96.1532,18.295,F
612,1,HappyBirthday,516,12045,F,1,0.0366874,0.442562,1.5773,11.643,F
612,1,HappyBirthday,1069,3650,F,1,0.0256386,0.858335,55.7383,8.07628,F
612,1,HappyBirthday,1189,2555,F,1,0.897925,0.416835,62.9666,845.585,F
612,1,Births,1463,0,M,0,0,0.136775,0,0,F
613,1,HappyBirthday,696,4380.67,M,1,0.000514477,0.19546,16.6547,0.171899,F
613,1,HappyBirthday,782,7665.93,M,1,0.000409202,2.53585,153.957,0.156975,F
613,1,HappyBirthday,787,31755.4,M,1,0.000493513,0.180159,15.187,0.163175,F
615,1,HappyBirthday,836,8760.21,F,1,0.512322,0.271418,41.3665,232.29,F
615,1,Births,1464,0,M,0,0,0.312721,0,0,F
616,1,HappyBirthday,336,17885.6,F,1,0.00316212,4.40985,433.403,1.62509,F
616,1,HappyBirthday,370,6205.81,M,1,0.225525,1.20414,2027.8,79.6545,F
616,1,HappyBirthday,589,19710,M,1,0.00393513,0.2866,52.7443,1.31334,F
617,1,HappyBirthday,305,13870.4,F,1,0.00299979,1.99733,18626.5,1.50191,F
617,1,HappyBirthday,639,23360.5,F,1,0.00192488,0.25388,7.6392,0.598904,F
617,1,HappyBirthday,1362,1095,M,1,0.102108,0.117558,1.35595,33.5492,F
618,1,HappyBirthday,774,14235.6,F,1,0.00134434,0.386681,0.0061574,0.418163,F
619,1,HappyBirthday,1400,730,M,1,0.013545,0.0381797,109.138,5.03064,F
619,1,Births,1465,0,F,0,0,0.235801,0,0,F
620,1,HappyBirthday,56,6570.99,M,1,0.246299,0.265197,1154.97,93.7971,F
620,1,HappyBirthday,1028,4015,M,1,0.0103001,0.231904,48.8007,3.85478,F
620,1,HappyBirthday,1310,1460,F,1,0.190815,0.0688069,70744.5,721.237,F
621,1,HappyBirthday,1311,1460,F,1,3.89085e-06,0.267035,32646.1,0.0112757,F
622,1,HappyBirthday,184,10950.1,M,1,0.688791,3.07944,2.22547,362.818,F
622,1,HappyBirthday,1029,4015,F,1,0.00293232,1.37566,3.50951,0.926257,F
622,1,HappyBirthday,450,13140,M,1,0.000289548,2.11874,5844.06,0.701636,F
622,1,HappyBirthday,1312,1460,M,1,0.042678,2.05606,661.761,15.8878,F
622,1,HappyBirthday,784,20075.6,F,1,0.0855438,17.4058,9.52096,27.8423,F
624,1,HappyBirthday,593,24820,M,1,0.000613822,0.963366,1500.47,0.248096,F
624,1,HappyBirthday,757,18980.4,M,1,0.000176489,14.3415,58946.7,1.81409,F
624,1,HappyBirthday,1314,1460,M,1,0.0176635,2.33835,414.438,5.9418,F
625,1,HappyBirthday,1363,1095,M,1,0.724286,0.226999,3723.68,456.647,F
625,1,HappyBirthday,987,6570.85,M,1,0.00786046,3.0943,65.1516,2.72034,F
625,1,HappyBirthday,482,5110.48,M,1,0.00100211,4.7023,1.09884,0.312117,F
625,1,HappyBirthday,863,6205.01,F,1,9.31395e-06,1.2118,0.602991,0.00290561,F
626,1,HappyBirthday,1232,2190,F,1,0.323578,0.750969,2001.97,208.2,F
626,1,HappyBirthday,1071,3650,M,1,0.00195356,1.07142,244.405,0.622876,F
626,1,HappyBirthday,139,17520.1,M,1,2.11107e-05,0.102799,2535.14,0.0319406,F
626,1,HappyBirthday,327,9125.05,F,1,0.000214738,2.20704,2174.24,0.257169,F
627,1,HappyBirthday,10,29200.2,F,1,0.00042414,0.0334588,1803.86,0.195716,F
628,1,HappyBirthday,158,6570.46,F,1,0.00224333,0.246035,6376.36,0.878597,F
628,1,HappyBirthday,414,17520.8,F,1,0.093468,0.0991061,0.0160942,30.4966,F
629,1,HappyBirthday,447,31755.8,M,1,0.000745693,0.176274,316.198,0.240216,F
629,1,HappyBirthday,857,11680,F,1,0.0168448,0.276488,1348.23,6.69952,F
630,1,HappyBirthday,1233,2190,F,1,0.00599633,0.131865,26331.6,4.24981,F
630,1,HappyBirthday,261,6935.37,F,1,0.432168,0.489738,17.8125,176.538,F
630,1,HappyBirthday,773,11680.3,F,1,0.0713451,0.946592,202.695,24.497,F
630,1,HappyBirthday,899,16060.1,M,1,0.00937898,0.102929,2975.83,13.6619,F
630,1,HappyBirthday,999,35770.7,F,1,0.00260563,2.32954,26.2458,0.81511,F
631,1,HappyBirthday,243,15695.2,M,1,0.00140547,0.0293779,0.0947506,0.437175,F
631,1,HappyBirthday,264,9855.07,F,1,0.0180134,1.1672,3.74331,5.64895,F
631,1,HappyBirthday,510,9490.72,F,1,0.0236318,3.46647,10058.9,76.6497,F
631,1,HappyBirthday,730,5840.81,F,1,0.0059398,0.476392,184.219,1.87308,F
631,1,HappyBirthday,935,18980.7,F,1,0.000612646,3.53185,2.64511,0.191725,F
632,1,HappyBirthday,1315,1460,M,1,0.116957,0.250457,50655.6,902.057,F
633,1,HappyBirthday,564,6570.64,F,1,2.00304e-05,3.19813,6.84924,0.00644295,F
633,1,HappyBirthday,578,4380.66,M,1,0.0438174,2.89677,37.4263,13.9819,F
633,1,HappyBirthday,846,8030.14,F,1,0.00129603,0.223722,20.1547,0.414407,F
633,1,HappyBirthday,1146,2920,F,1,7.08146e-05,1.37152,14.4978,0.0233963,F
634,1,HappyBirthday,316,5840.74,M,1,0.016234,0.55313,74.1494,5.84794,F
634,1,HappyBirthday,603,19710.2,F,1,0.0599194,0.517253,1501.53,20.7611,F
634,1,HappyBirthday,692,7665.51,F,1,0.0871442,17.7144,28.7455,29.4585,F
635,1,HappyBirthday,584,14600.7,F,1,0.00431359,3.03815,0.946758,1.34502,F
636,1,HappyBirthday,1234,2190,M,1,0.0072826,1.0649,1511.83,6.77936,F
636,1,HappyBirthday,401,7665.19,M,1,0.00700651,3.43384,21.5027,2.40122,F
636,1,HappyBirthday,1365,1095,M,1,0,0.0545466,5.03803,0,F
636,1,HappyBirthday,1316,1460,M,1,0.020997,1.88356,316.388,14.2007,F
637,1,HappyBirthday,277,7300.66,M,1,0.0159378,1.34,56.5021,5.20937,F
637,1,HappyBirthday,1190,2555,F,1,7.47618e-05,0.118047,232.757,0.042174,F
637,1,HappyBirthday,659,5840.05,M,1,0.00145956,1.67403,209.639,0.460693,F
637,1,HappyBirthday,891,5840.58,M,1,0.00384159,0.13063,2700.62,5.38339,F
638,1,HappyBirthday,300,26280.7,M,1,0.000995325,0.00889434,2.36144,0.309432,F
638,1,HappyBirthday,345,9855.54,M,1,0.0226097,2.73803,477.377,9.47277,F
638,1,HappyBirthday,1073,3650,M,1,0.00259739,1.76996,10216,1.73233,F
638,1,Births,1466,0,M,0,0,0.00959318,0,0,F
639,1,HappyBirthday,1191,2555,M,1,0.00622869,0.656605,0.0523114,1.94242,F
639,1,HappyBirthday,1148,2920,F,1,0.0531606,0.0420932,81.5713,23.3306,F
640,1,HappyBirthday,155,12775.3,F,1,0.000369133,1.54013,431.644,0.117567,F
640,1,HappyBirthday,379,6935.24,F,1,0.00222143,14.3328,237.057,0.714942,F
640,1,HappyBirthday,1317,1460,M,1,0.128688,2.37612,4364.35,222.418,F
641,1,HappyBirthday,712,11680.6,F,1,0.0338241,0.422568,367.098,22.8355,F
641,1,HappyBirthday,1192,2555,F,1,0.000204969,0.760456,5141.35,0.140696,F
642,1,HappyBirthday,143,6570,F,1,0.00103771,0.65154,823.6,0.370608,F
643,1,Births,1467,0,F,0,0,0.960738,0,0,F
644,1,HappyBirthday,1318,1460,M,1,0.00479672,0.342052,23.3021,1.55451,F
644,1,HappyBirthday,302,17885.4,F,1,0.0652848,4.55178,289.64,22.0752,F
644,1,HappyBirthday,1319,1460,M,1,0.281073,0.061672,57.5159,124.142,F
644,1,HappyBirthday,966,11315.9,F,1,0.141622,4.28269,29.2039,49.2608,F
645,1,HappyBirthday,13,10950.7,M,1,0.00537794,0.0416534,122.692,1.80621,F
645,1,HappyBirthday,48,6570.78,F,1,0.00111687,0.128757,11.3453,0.353922,F
645,1,HappyBirthday,936,6935.03,F,1,0.20435,1.57033,1808.96,237.279,F
646,1,HappyBirthday,209,7665.41,F,1,0.0065898,1.18096,8.44846,2.14221,F
646,1,HappyBirthday,415,4380.92,M,1,0.00419266,0.0304967,182.795,1.84239,F
647,1,HappyBirthday,470,16790,M,1,0.15993,6.93723,35.9629,55.6659,F
647,1,HappyBirthday,695,25185.5,M,1,0.0199712,6.90143,655.561,19.0131,F
647,1,HappyBirthday,1030,4015,M,1,4.14859e-05,2.32001,1847.67,0.0449004,F
647,1,Births,1468,0,M,0,0,0.166727,0,0,F
648,1,HappyBirthday,94,4380.53,M,1,0.00222827,0.579341,57.3483,0.706827,F
648,1,HappyBirthday,997,6935.54,F,1,0.000245112,48.8058,14.2392,0.0772999,F
648,1,HappyBirthday,1366,1095,F,1,0.00418774,0.387571,40728.9,5.08135,F
648,1,HappyBirthday,165,32850.6,F,1,9.48869e-06,0.712443,0.843136,0.0029528,F
649,1,HappyBirthday,1149,2920,M,1,0.000564797,1.96629,1.03361,0.176117,F
650,1,HappyBirthday,441,5110.98,F,1,0.0062179,0.200757,27.9578,2.20635,F
651,1,HappyBirthday,1320,1460,F,1,0.000558564,0.0240484,0,0.173174,F
652,1,HappyBirthday,149,14600.8,F,1,0.69319,2.59246,264.563,510.297,F
652,1,HappyBirthday,684,9125.27,M,1,0.00235141,0.559918,4.41492,0.73721,F
652,1,Births,1469,0,F,0,0,0.0218745,0,0,F
653,1,HappyBirthday,144,4380.71,M,1,0.00164295,13.9693,0.466372,0.511091,F
653,1,HappyBirthday,151,6570.45,F,1,0.0133132,1.05657,16.4736,4.16821,F
653,1,HappyBirthday,1367,1095,F,1,0.155142,0.513232,1579.19,53.1583,F
654,1,HappyBirthday,278,24455.1,M,1,0.196745,0.922723,34.7685,68.3059,F
654,1,HappyBirthday,411,11315.1,M,1,0.0206701,0.0871317,0.244682,6.49089,F
654,1,HappyBirthday,1321,1460,M,1,0.201828,0.948343,142.855,85.5631,F
655,1,HappyBirthday,717,13140.3,F,1,0.00217075,0.0774198,169.615,0.811806,F
655,1,HappyBirthday,964,10585.9,F,1,0.00181334,12.7536,14.004,0.602782,F
656,1,HappyBirthday,1368,1095,F,1,0.0414419,0.0201712,45.3512,16.0583,F
657,1,HappyBirthday,1150,2920,F,1,0.231641,0.0812479,479.39,104.455,F
657,1,HappyBirthday,274,6205.1,M,1,0.000112413,0.193122,11.2772,0.0350024,F
657,1,HappyBirthday,363,24455.6,M,1,3.75875e-05,0.245346,5749.11,0.0144976,F
657,1,HappyBirthday,522,10221,F,1,5.37781e-05,0.0572625,0.001606,0.0166988,F
657,1,HappyBirthday,1276,1825,F,1,0.213471,0.896841,5054.42,1054.74,F
657,1,HappyBirthday,898,17520.5,F,1,0.0858351,0.962221,2652.84,29.133,F
658,1,HappyBirthday,615,12410.1,F,1,0.00213026,26.6659,10.3767,0.673642,F
659,1,HappyBirthday,230,21535.9,M,1,0.0121563,1.04231,0.0268532,3.80079,F
659,1,HappyBirthday,456,21535.5,F,1,0.158239,1.17085,1779.45,402.78,F
659,1,HappyBirthday,1431,365,M,1,0.159627,0.253281,22554.3,1110.07,F
659,1,Births,1470,0,F,0,0,0.119898,0,0,F
660,1,HappyBirthday,912,18980.9,F,1,0.00100197,2.30347,69.6153,0.317148,F
661,1,HappyBirthday,1107,3285,M,1,0.0351776,0.345508,13.5972,11.8365,F
661,1,HappyBirthday,1108,3285,F,1,0.000719833,4.80967,65.5386,0.257433,F
661,1,HappyBirthday,894,21170.4,M,1,0.00227086,5.84084,193.374,0.767261,F
662,1,HappyBirthday,1151,2920,F,1,0.0644712,1.06148,377.3,40.5265,F
662,1,HappyBirthday,408,18980.7,F,1,0.0512859,2.16757,713.269,18.2063,F
663,1,HappyBirthday,858,9490.26,M,1,0.00735654,0.295201,61.4275,2.32134,F
665,1,HappyBirthday,1000,11315.8,M,1,0.0866313,0.0124988,0.266767,28.163,F
665,1,HappyBirthday,604,24455.8,F,1,0.00045202,0.495062,567.018,0.168382,F
666,1,HappyBirthday,118,11315.4,M,1,0.000893678,0.905455,1.67685,0.278151,F
666,1,HappyBirthday,1322,1460,F,1,0.00149828,0.34585,17.5286,0.506988,F
667,1,HappyBirthday,191,11680.9,F,1,0.000646676,0.29216,0.232247,0.201168,F
668,1,HappyBirthday,399,8760.61,F,1,0.00532569,3.15852,54.3877,1.79569,F
669,1,HappyBirthday,100,20075.6,M,1,0.00298475,0.569219,60796.2,7.78278,F
669,1,HappyBirthday,694,9490.45,F,1,0.000481841,64.2597,14589.3,0.843954,F
669,1,HappyBirthday,949,18615.1,M,1,0.0345915,0.30197,2.93766,10.9611,F
670,1,HappyBirthday,1238,2190,F,1,0.0642417,3.52646,216.869,21.9851,F
671,1,HappyBirthday,514,4380,M,1,0.0052901,0.0857826,0.308708,1.65019,F
671,1,HappyBirthday,567,25915.8,F,1,0.000140714,1.2479,499.725,0.0544718,F
671,1,HappyBirthday,993,10950,F,1,0.110787,47.0843,45.4168,39.0994,F
671,1,HappyBirthday,799,6205.26,F,1,0.00293735,5.46274,1563.52,2.78525,F
671,1,HappyBirthday,1194,2555,F,1,0.000649492,0.150104,29315.5,0.749464,F
672,1,HappyBirthday,43,6935.71,F,1,0.00573113,1.33285,1.64352,1.79005,F
672,1,HappyBirthday,86,17520.5,F,1,0.00373408,0.787871,227.994,1.53378,F
672,1,HappyBirthday,1369,1095,M,1,0.0018583,0.0790874,59.4096,0.621256,F
672,1,HappyBirthday,426,8760.15,F,1,0.000588464,1.55852,11772.4,1.56951,F
672,1,HappyBirthday,805,5110.09,M,1,0.00678427,0.063112,385.033,3.33343,F
673,1,HappyBirthday,1195,2555,M,1,0.00183628,0.087802,1243.71,1.49946,F
673,1,HappyBirthday,1152,2920,M,1,0.00115302,1.27896,1914.78,0.525818,F
673,1,HappyBirthday,360,16790.3,F,1,0.027821,8.01876,0.280929,8.7728,F
673,1,HappyBirthday,481,5110.36,F,1,0.0559997,0.796773,13.7719,17.9098,F
673,1,HappyBirthday,1370,1095,F,1,0.0665989,1.76408,285.215,23.1324,F
673,1,HappyBirthday,1432,365,M,1,0.0563319,0.0230154,32648.8,71.1302,F
674,1,HappyBirthday,1433,365,M,1,0.00125623,0.0874875,12946.3,11.2885,F
674,1,HappyBirthday,762,5110.6,F,1,0.0428278,2.63872,6.04106,13.9647,F
674,1,HappyBirthday,1401,730,F,1,0.043408,0.154954,6901.3,72.0868,F
675,1,HappyBirthday,1239,2190,M,1,0.0103096,0.222469,60.0158,3.58026,F
675,1,HappyBirthday,844,15695.7,M,1,0.0640831,1.5564,0.211349,20.5812,F
676,1,HappyBirthday,487,13140.6,M,1,0.0681393,0.935979,276.404,31.1095,F
676,1,HappyBirthday,644,15330.2,M,1,0.017491,0.160684,40.9631,5.55313,F
676,1,HappyBirthday,1109,3285,F,1,0.000543831,1.32919,11843.3,1.4528,F
677,1,HappyBirthday,6,6935.05,F,1,3.41436e-05,1.78432,389.53,0.0117409,F
677,1,HappyBirthday,28,18980.9,F,1,0.0347005,0.724581,210.649,18.6674,F
677,1,HappyBirthday,106,9125.68,M,1,0.0632396,0.919057,9.71284,20.7392,F
678,1,HappyBirthday,20,7665.2,M,1,0.00974548,2.08629,189.312,3.04359,F
678,1,HappyBirthday,1402,730,M,1,0.0018851,0.346484,527.641,1.04077,F
678,1,HappyBirthday,724,9855.3,M,1,0.000172203,0.523793,24.2536,0.0553054,F
678,1,HappyBirthday,726,25550.4,M,1,0.00143083,3.29174,9.02946,0.445284,F
679,1,HappyBirthday,202,29930.1,F,1,7.54415e-05,0.0135164,5.77815,0.0241318,F
680,1,HappyBirthday,101,5840.16,F,1,0.110348,0.344595,0.0171239,36.3374,F
680,1,HappyBirthday,1277,1825,M,1,0.00456044,0.628766,1173.46,3.35928,F
681,1,HappyBirthday,276,5475.48,F,1,0.052252,0.142369,0.0769163,16.6781,F
681,1,HappyBirthday,674,8395.58,M,1,0.00142607,1.72658,26.1133,0.48581,F
681,1,HappyBirthday,1033,4015,F,1,0.00261092,0.562329,0.035723,0.812381,F
681,1,HappyBirthday,736,14235.4,M,1,0.000151179,0.79815,2941.71,0.0926066,F
681,1,HappyBirthday,873,24820.1,M,1,0.184965,1.26408,1339.62,64.9893,F
683,1,HappyBirthday,292,5475.5,F,1,0.0232555,2.18508,40.6899,7.3235,F
684,1,HappyBirthday,19,24090.2,M,1,0.0441891,0.5436,6.96524,14.192,F
684,1,HappyBirthday,1403,730,M,1,0.00146622,0.771264,7.68746,0.461012,F
684,1,HappyBirthday,1196,2555,M,1,0.0394024,0.750631,29.2335,14.3157,F
685,1,HappyBirthday,315,14965.2,M,1,0.00552915,1.34835,1895.27,5.4721,F
685,1,HappyBirthday,346,27740.4,M,1,0.00208318,0.259303,0.894806,0.64853,F
685,1,HappyBirthday,678,4745.61,F,1,0.011284,5.94894,135.095,3.97357,F
686,1,HappyBirthday,284,16425.6,F,1,0.0129132,0.324596,3.76536,4.04154,F
687,1,HappyBirthday,214,5840.02,M,1,5.04912e-06,3.8798,13.1838,0.00163658,F
687,1,HappyBirthday,823,5110.56,F,1,0.0100416,2.95845,31.3643,3.13891,F
687,1,Births,1471,0,M,0,0,0.00239582,0,0,F
688,1,HappyBirthday,1035,4015,F,1,0.0293204,2.28905,0.00118949,9.24814,F
688,1,HappyBirthday,503,6570.92,F,1,3.41993e-05,2.99558,5970.55,0.179853,F
688,1,HappyBirthday,591,12045.1,M,1,0.0205897,1.45828,157.155,10.1272,F
688,1,HappyBirthday,721,9125.81,M,1,0.00105989,1.13724,0.008014,0.329426,F
688,1,Births,1472,0,F,0,0,0.0947289,0,0,F
689,1,HappyBirthday,154,20805.4,M,1,0.0262086,31.1373,1.02755,8.26644,F
689,1,HappyBirthday,1197,2555,M,1,0.288941,0.164796,422.073,268.727,F
690,1,HappyBirthday,238,4380.24,F,1,0.000256528,0.213941,2308.72,0.222361,F
691,1,HappyBirthday,1434,365,F,1,1.6089e-05,0.0160577,18.1067,0.00514783,F
692,1,HappyBirthday,620,7300.57,F,1,0.000313939,0.644796,0.170722,0.0976136,F
692,1,HappyBirthday,703,24820,M,1,0.0201493,2.12424,16.0722,6.41832,F
692,1,HappyBirthday,751,5110.67,F,1,0.0627993,0.241722,0.286767,20.1561,F
693,1,HappyBirthday,50,10585.1,F,1,0.000923906,0.0447787,11.0268,0.303339,F
693,1,HappyBirthday,502,7300.12,F,1,0.000482589,0.140791,110.982,0.173607,F
693,1,HappyBirthday,556,4380.41,M,1,0.0232443,0.100798,44.3186,7.77616,F
693,1,HappyBirthday,1075,3650,F,1,0.00139766,0.951388,13126.2,11.8723,F
694,1,HappyBirthday,9,6570.07,F,1,0.0910949,1.16266,521.537,29.6845,F
694,1,HappyBirthday,701,4380.88,M,1,0.00533121,0.424711,6.48103,1.6619,F
694,1,HappyBirthday,1036,4015,M,1,0.00167084,1.01762,48939.4,1.95981,F
695,1,HappyBirthday,612,34675.2,M,1,0.00135531,0.667963,12.7845,0.448465,F
695,1,HappyBirthday,648,16790.7,M,1,0.898272,0.879121,37.0128,740.207,F
695,1,HappyBirthday,930,10220.3,F,1,0.00703767,0.231949,1.40101,2.19897,F
695,1,Births,1473,0,F,0,0,0.220481,0,0,F
696,1,HappyBirthday,3,5840.02,M,1,0.0869032,8.38985,4.18617,28.287,F
696,1,HappyBirthday,1324,1460,F,1,0.286252,0.386907,53888.9,545.089,F
696,1,HappyBirthday,1435,365,F,1,0.0290555,1.5206,103.726,10.6913,F
696,1,HappyBirthday,1111,3285,M,1,0.0407005,1.28828,887.811,30.352,F
696,1,HappyBirthday,992,6570.5,M,1,0.0325396,0.072504,0.0378626,10.2824,F
696,1,HappyBirthday,680,4380.79,F,1,0.00151398,0.790507,2.16904,0.472141,F
697,1,HappyBirthday,529,8760.31,F,1,0.863026,7.38392,171.404,753.551,F
697,1,HappyBirthday,607,15695,F,1,0.000226879,2.31343,4589.44,0.381865,F
697,1,HappyBirthday,895,7665.77,M,1,0.21178,3.01825,2154.5,98.4518,F
697,1,HappyBirthday,938,6205.77,M,1,0.00341144,0.253868,3.11448,1.07528,F
698,1,HappyBirthday,1153,2920,M,1,0.107765,0.240988,861.974,39.1645,F
698,1,Births,1474,0,F,0,0,0.103767,0,0,F
699,1,HappyBirthday,269,12775.5,F,1,0.000129104,0.600207,57.6007,0.0480248,F
699,1,HappyBirthday,1372,1095,F,1,0.00115619,5.43652,41.4394,0.380133,F
699,1,HappyBirthday,665,9855.85,F,1,0.0118234,7.05158,2.03656,3.70488,F
700,1,HappyBirthday,186,9125.61,M,1,0.0863192,2.1766,106.531,39.1512,F
700,1,HappyBirthday,189,16425,M,1,0.0463868,0.405637,13.3512,15.5801,F
700,1,HappyBirthday,356,8030.76,F,1,2.44566e-05,0.50274,60176.2,0.164559,F
700,1,HappyBirthday,463,7665.2,F,1,0.00014246,1.7573,8867.38,0.462786,F
700,1,HappyBirthday,673,8395.47,F,1,0.000814163,0.425378,587.733,0.506817,F
700,1,HappyBirthday,1436,365,F,1,0.000110943,0.261918,13013.2,0.998786,F
700,1,HappyBirthday,978,10585.9,F,1,0.000719833,0.972817,82.2612,0.229826,F
701,1,HappyBirthday,1279,1825,F,1,0.100661,0.446233,57.67,42.0446,F
701,1,HappyBirthday,1404,730,M,1,0.030733,0.134053,32955.8,80.7958,F
701,1,HappyBirthday,1405,730,F,1,0.00252066,0.430674,363.272,1.24522,F
701,1,HappyBirthday,720,21170,F,1,6.55862e-05,0.46127,1.4e-06,0.0203534,F
701,1,Births,1475,0,M,0,0,0.0461961,0,0,F
702,1,HappyBirthday,1240,2190,F,1,0.00150215,0.916235,24.0122,0.515917,F
702,1,HappyBirthday,369,12775.5,F,1,0.0211164,2.12944,1.43273,6.63567,F
702,1,HappyBirthday,382,8760.44,M,1,0.0703299,1.48563,2066.85,24.5624,F
702,1,HappyBirthday,952,5475.21,M,1,0.0074524,0.862309,1048.74,2.32577,F
703,1,HappyBirthday,36,8760.77,M,1,0.00461834,0.137001,1013.57,5.3624,F
703,1,HappyBirthday,81,24820.2,M,1,0.00320093,4.95453,37.7402,1.05595,F
703,1,HappyBirthday,442,6205.66,F,1,0.00468298,1.42928,38.411,1.46789,F
703,1,HappyBirthday,1198,2555,M,1,0.0196064,0.00956324,89.5999,8.77852,F
703,1,HappyBirthday,1325,1460,M,1,0.000942542,1.25117,35.8309,0.337296,F
703,1,HappyBirthday,739,5840.78,M,1,0.00238578,0.605264,0.87617,0.742228,F
703,1,HappyBirthday,755,33580.6,M,1,0.119988,0.0565291,164.35,43.4858,F
703,1,HappyBirthday,830,17520,F,1,0.0453323,11.693,3706.08,78.8217,F
704,1,HappyBirthday,161,4745.01,F,1,0,2.6941,15.0506,0,F
704,1,HappyBirthday,193,11315.5,M,1,0.00553269,2.99881,37.2315,1.92116,F
704,1,HappyBirthday,275,26645.7,F,1,0.0643337,0.306086,3.59315,20.9986,F
705,1,HappyBirthday,208,6205.69,M,1,0,0.278185,0.0165041,0,F
705,1,HappyBirthday,1199,2555,M,1,0.00322879,1.21471,11.4716,1.00543,F
705,1,HappyBirthday,864,18615.6,M,1,0.0281145,1.75032,126.16,11.9813,F
707,1,HappyBirthday,16,5840.67,M,1,0.0107827,0.631801,108.622,3.89829,F
707,1,HappyBirthday,491,19345.9,F,1,0.00135699,0.192498,305.146,0.965039,F
707,1,HappyBirthday,1077,3650,M,1,0.000439558,8.13808,28335.5,0.90524,F
707,1,HappyBirthday,1280,1825,F,1,0.122135,0.704221,116.4,44.8956,F
708,1,HappyBirthday,329,13870.6,F,1,0.0240434,0.316755,483.086,7.56393,F
709,1,HappyBirthday,980,6935.57,F,1,1.6388e-05,20.1986,13.0073,0.00544051,F
709,1,HappyBirthday,802,4380.17,F,1,0.0708864,1.05512,1.84177,22.9906,F
709,1,HappyBirthday,886,4745.74,M,1,0.23196,0.268049,4286.71,85.1129,F
710,1,HappyBirthday,539,17520.9,F,1,0.2615,0.0961058,8284.57,128.593,F
711,1,HappyBirthday,596,23725.3,F,1,0.705145,0.151435,149.042,379.976,F
711,1,HappyBirthday,828,6935.03,F,1,0.00109912,3.10994,0.391263,0.342236,F
712,1,HappyBirthday,407,21900.9,F,1,0.0044938,0.799347,0.021032,1.39955,F
713,1,HappyBirthday,1200,2555,F,1,0.135225,0.170026,2.73418,45.3007,F
713,1,HappyBirthday,1282,1825,F,1,0.00182553,0.0227796,16291.3,0.607925,F
713,1,HappyBirthday,1156,2920,F,1,0.0065637,1.59484,23.8753,2.11311,F
714,1,HappyBirthday,970,10950.6,M,1,8.10095e-05,0.322259,242.058,0.0344974,F
715,1,HappyBirthday,1113,3285,F,1,0.000108171,0.818864,2369.34,0.333815,F
715,1,HappyBirthday,1079,3650,M,1,0.656182,0.170822,56.7402,355.375,F
715,1,HappyBirthday,1241,2190,M,1,0.0146819,0.367319,24375.8,9.90331,F
715,1,HappyBirthday,1078,3650,F,1,0.0989396,1.42754,523.905,32.3817,F
716,1,HappyBirthday,413,8030.61,F,1,0.184905,1.044,77.2735,88.1077,F
717,1,HappyBirthday,438,8395.04,M,1,0.197549,5.59313,1747.42,212.326,F
717,1,HappyBirthday,1080,3650,M,1,0.000324411,0.741751,7947.86,0.221584,F
717,1,HappyBirthday,1201,2555,M,1,0.000650265,0.0409086,2123.91,1.00423,F
717,1,HappyBirthday,709,14600.8,F,1,3.18606e-06,3.42331,0.776512,0.0009878,F
717,1,Births,1476,0,M,0,0,0.298492,0,0,F
718,1,HappyBirthday,263,24820.3,F,1,0.00249611,1.87794,71.2499,0.812496,F
718,1,HappyBirthday,1081,3650,M,1,0.0346501,2.81186,3.72573,11.0335,F
718,1,HappyBirthday,931,10585.1,M,1,0.0130523,0.133772,243.283,4.74508,F
718,1,HappyBirthday,1242,2190,F,1,0.141634,0.133319,5482.11,234.869,F
719,1,HappyBirthday,1114,3285,M,1,0.00027895,2.02303,672.214,0.162514,F
719,1,HappyBirthday,897,23725.9,F,1,0.000908696,9.92545,15.509,0.304616,F
719,1,HappyBirthday,944,20075.4,M,1,0.000346063,5.61218,3.01416,0.109221,F
720,1,HappyBirthday,427,6935.43,F,1,0.000763711,2.34186,30.398,0.238614,F
720,1,HappyBirthday,1243,2190,M,1,0.220622,0.793972,43.0762,78.02,F
720,1,HappyBirthday,713,5840.6,M,1,0.000621678,0.178148,16.5233,0.198769,F
720,1,HappyBirthday,722,27010.9,F,1,0.000547291,0.0203575,15.2229,0.173759,F
721,1,HappyBirthday,1437,365,F,1,0.134516,0.0263866,93095.4,868.233,F
721,1,HappyBirthday,1244,2190,F,1,0.00864818,0.301002,19.854,2.84619,F
721,1,HappyBirthday,1082,3650,M,1,0.000259572,0.12458,15781.4,1.19951,F
722,1,HappyBirthday,1283,1825,M,1,0.0705634,2.47221,22.0578,24.4539,F
722,1,HappyBirthday,504,5840.46,F,1,7.02041e-06,0.108224,48085.7,0.0200311,F
722,1,HappyBirthday,651,4745.24,F,1,0.00317229,9.11293,0.390385,0.988574,F
723,1,HappyBirthday,1202,2555,M,1,0.00198735,0.183998,28.9705,0.708508,F
724,1,HappyBirthday,1038,4015,M,1,0.00316847,2.71819,8947.07,2.64178,F
725,1,HappyBirthday,765,15695.7,F,1,0.00789087,0.269956,314.496,2.61768,F
725,1,HappyBirthday,832,4745.77,F,1,0.0471533,0.394855,43.4607,15.9477,F
726,1,HappyBirthday,1327,1460,F,1,0.150806,0.0651364,2997.42,86.0817,F
727,1,HappyBirthday,225,12775.2,M,1,0.00312023,0.348638,16.0587,0.975234,F
727,1,HappyBirthday,226,18615.5,M,1,0.101619,0.989687,102.445,33.3034,F
727,1,HappyBirthday,400,6205.56,M,1,0.00226073,0.0240771,15058.8,10.4921,F
728,1,HappyBirthday,1328,1460,F,1,0.0610833,0.0886637,317.158,28.0049,F
728,1,HappyBirthday,1406,730,M,1,0.00477503,0.0507241,38.2097,1.56434,F
729,1,HappyBirthday,1329,1460,F,1,0.194687,0.279382,101.969,78.3278,F
729,1,HappyBirthday,583,4745.65,F,0,0,0.0553211,0,0,F
729,1,HappyBirthday,729,5475.85,M,1,0.010708,0.0518205,10.6833,3.34588,F
729,1,HappyBirthday,985,16790.2,M,1,0.00022627,7.43113,8895.22,0.505631,F
730,1,HappyBirthday,220,20075.7,M,1,0.00145829,0.564605,4.86727,0.456263,F
730,1,HappyBirthday,933,29930.9,F,1,0.00306888,0.643458,48.6575,1.0214,F
731,1,HappyBirthday,1438,365,F,1,0.692387,0.518449,726.278,511.763,F
731,1,HappyBirthday,954,18250.9,F,1,0.015576,6.05157,0.549468,4.88055,F
732,1,HappyBirthday,1407,730,F,1,0.0656048,1.36764,4044.51,117.969,F
733,1,HappyBirthday,240,5475.85,M,1,0.00544691,0.850514,125.079,1.70649,F
733,1,HappyBirthday,289,5475.17,F,1,0.0329457,54.0663,7.93076,10.4275,F
733,1,HappyBirthday,976,8030.38,M,1,0.0101982,0.335919,58.009,3.974,F
734,1,HappyBirthday,1245,2190,F,1,0.399889,0.0506612,889.286,350.222,F
734,1,HappyBirthday,634,30660.3,M,1,0.0302598,0.116624,8.03421,9.56596,F
735,1,HappyBirthday,1203,2555,F,1,0.00255256,0.146501,4604.29,0.824119,F
735,1,HappyBirthday,1116,3285,F,1,0.00225261,7.2287,174.163,0.781826,F
735,1,HappyBirthday,610,30660.2,M,1,0.00019219,0.0627085,1921.44,0.224932,F
735,1,HappyBirthday,893,13870.6,M,1,0.000110378,1.39302,0.0029954,0.0343028,F
736,1,HappyBirthday,459,11315.6,F,1,2.88802e-05,0.350161,0.012,0.0090064,F
736,1,HappyBirthday,689,5840.4,F,1,0.000142139,0.542899,38.9069,0.0466103,F
736,1,HappyBirthday,778,6205.45,M,1,0.0100876,2.00037,555.338,3.23747,F
736,1,HappyBirthday,977,6935.94,M,1,0.00123167,0.595929,0.0442772,0.383181,F
737,1,HappyBirthday,458,17155.6,M,1,0.000944957,1.84641,247.761,0.412146,F
737,1,HappyBirthday,754,13505.6,M,1,0.135722,6.39247,0.218041,45.3406,F
737,1,HappyBirthday,1204,2555,M,1,0.0375107,0.267774,49670.9,61.2305,F
738,1,HappyBirthday,190,12775.5,M,1,0.56469,1.41229,97.1258,351.999,F
738,1,HappyBirthday,1158,2920,F,1,0.00364842,0.128858,78.6994,1.24939,F
739,1,HappyBirthday,1002,4380,M,1,0.0404083,1.4921,97.7629,12.9152,F
739,1,HappyBirthday,367,22265.4,F,1,0.00172364,0.140065,0.0802696,0.536143,F
739,1,HappyBirthday,948,7665.26,M,1,0.0112744,6.5363,109.487,3.6089,F
739,1,Births,1477,0,M,0,0,0.0386155,0,0,F
739,1,Births,1478,0,M,0,0,0.107209,0,0,F
740,1,HappyBirthday,1039,4015,M,1,0.0815554,0.0781737,0.288237,26.4377,F
740,1,HappyBirthday,968,9855.11,M,1,0.00289746,0.30689,44.3889,0.902388,F
741,1,HappyBirthday,104,5110.84,M,1,0.00860497,1.68068,23.141,2.78824,F
741,1,HappyBirthday,247,4745.74,M,1,0.00169365,0.137372,0.0863401,0.527178,F
741,1,HappyBirthday,1159,2920,M,1,0.0828081,0.81316,195.342,44.8603,F
741,1,HappyBirthday,597,12045.9,M,1,0.000176534,0.325179,26487.9,0.187199,F
741,1,HappyBirthday,1330,1460,M,1,0.587929,6.82924,28.5562,285.352,F
742,1,HappyBirthday,57,11315.8,F,1,7.02764e-05,0.228891,12534.5,0.293544,F
742,1,HappyBirthday,1205,2555,M,1,0.0344887,0.581652,0.179662,10.9176,F
743,1,HappyBirthday,643,8760.21,M,1,0.266335,0.00758911,636.776,242.011,F
743,1,HappyBirthday,812,17520.8,M,1,0.00185697,1.26539,0.0478356,0.577592,F
744,1,HappyBirthday,476,8760.8,F,1,0.680398,0.769044,53.8284,361.42,F
745,1,HappyBirthday,1083,3650,M,1,0.00150751,0.094518,0.0189719,0.468943,F
745,1,HappyBirthday,136,7300.54,F,1,0.152762,0.318662,13.9162,51.5417,F
745,1,HappyBirthday,1005,4380,M,1,0.124431,0.860509,1.04658,41.2984,F
745,1,HappyBirthday,1004,4380,M,1,0.0350953,0.583206,0.603348,11.1196,F
747,1,HappyBirthday,324,24455.5,M,1,0.000559582,0.350282,0.349965,0.174088,F
747,1,HappyBirthday,339,23360.2,F,1,0.00061507,0.0348634,0.0116122,0.191222,F
747,1,HappyBirthday,1333,1460,M,1,0.704044,0.0334409,7372.28,919.91,F
748,1,HappyBirthday,436,13140.3,F,1,0.0016784,0.916372,25322.2,1.67637,F
748,1,HappyBirthday,915,6570.13,F,1,0.0341524,1.4742,59.9664,11.7476,F
749,1,HappyBirthday,1408,730,M,1,0.0635904,0.531462,1109.28,28.7038,F
749,1,HappyBirthday,1161,2920,F,1,0.462088,0.202208,345.597,436.018,F
749,1,HappyBirthday,1409,730,F,1,0.731129,0.264205,177.142,521.488,F
750,1,HappyBirthday,1284,1825,M,1,0.000808485,0.0446961,881.786,1.03399,F
751,1,HappyBirthday,79,22630.7,F,1,0.00039562,0.710741,13.2106,0.128651,F
751,1,HappyBirthday,668,10585.1,M,1,0.0938965,0.262011,57.0274,31.0394,F
751,1,HappyBirthday,702,8030.51,M,1,0.0406434,3.4644,0.0575278,12.8963,F
752,1,HappyBirthday,217,4745.57,F,1,0.0234026,3.0138,711.887,14.2131,F
753,1,HappyBirthday,983,8395.53,F,1,0.0137007,0.308555,1.11173,4.29254,F
753,1,HappyBirthday,794,5840.33,M,1,0.00494144,0.15967,46.5099,1.64924,F
754,1,HappyBirthday,1118,3285,F,1,0.0695164,3.50802,8.32241,22.9815,F
754,1,HappyBirthday,1334,1460,F,1,0.904051,0.591072,6.88846,733.564,F
754,1,HappyBirthday,543,21170.7,F,1,0.00349114,0.153034,466.294,1.48088,F
755,1,HappyBirthday,1041,4015,F,1,0.0330157,0.419828,9.46833,10.8646,F
755,1,HappyBirthday,1373,1095,M,1,0.169566,0.831007,46.6317,60.5907,F
755,1,HappyBirthday,796,23725.2,M,1,0.0010968,1.36399,3711.56,0.400766,F
755,1,HappyBirthday,932,16425.7,F,1,0.0101991,31.3586,2.42629,3.22427,F
756,1,HappyBirthday,1439,365,F,1,0.38293,0.222419,16612.7,439.515,F
756,1,HappyBirthday,153,14965.6,F,1,0.00744395,1.39783,35.5803,2.38688,F
756,1,HappyBirthday,1084,3650,F,1,0.0662614,0.376133,1.24146,21.3227,F
756,1,HappyBirthday,998,16790.3,F,1,0.00231433,0.764472,253.361,0.765619,F
757,1,HappyBirthday,1085,3650,F,1,0,0.479798,0,0,F
757,1,HappyBirthday,733,11315.5,M,1,0.55182,0.725123,3.23216,249.501,F
758,1,HappyBirthday,59,6570.47,F,1,0.000826783,0.082355,0.000146824,0.257094,F
758,1,HappyBirthday,272,32485.7,F,1,0.00930402,1.69459,0.0113274,2.90499,F
758,1,HappyBirthday,1247,2190,F,1,0.000118309,0.0203257,0,0.0367863,F
760,1,HappyBirthday,1119,3285,M,1,2.10212e-05,3.17629,51982.2,0.083908,F
760,1,HappyBirthday,1335,1460,F,1,0.0664887,0.4596,334.966,29.3965,F
760,1,HappyBirthday,1285,1825,M,1,0.28172,7.20541,118.827,116.929,F
760,1,HappyBirthday,512,16060.5,F,1,0,0.731853,3.47131,0,F
760,1,HappyBirthday,1440,365,M,1,0.440658,0.220551,22086,1092.88,F
760,1,HappyBirthday,818,10220.6,F,1,0.31372,2.23549,461.516,123.491,F
761,1,HappyBirthday,163,24455.4,M,1,0.00461663,1.18129,15.7739,1.49701,F
761,1,HappyBirthday,1162,2920,M,1,0.013368,0.0618283,1416.34,4.78716,F
761,1,HappyBirthday,1206,2555,M,1,5.62193e-05,1.27732,0,0.0175151,F
762,1,HappyBirthday,170,26645.8,M,1,0.000555884,1.23344,51275.4,2.25158,F
762,1,HappyBirthday,1410,730,F,1,0.00726908,1.09167,688.544,7.03125,F
762,1,HappyBirthday,1006,4380,M,1,0.0151937,0.281247,5338.2,6.03542,F
762,1,HappyBirthday,908,5110.49,M,1,0.020409,0.0607481,12.2309,6.41007,F
763,1,HappyBirthday,477,31755.3,M,1,0.00296654,1.26125,18.4513,0.927763,F
763,1,HappyBirthday,780,8760.9,M,1,0.00210411,0.110767,25336.1,2.10022,F
763,1,HappyBirthday,1374,1095,M,1,0.000319451,0.376618,108523,2.38312,F
763,1,HappyBirthday,860,13870.5,M,1,0.0258605,0.647306,2967.75,18.694,F
764,1,HappyBirthday,338,5110.43,M,1,0.052125,0.782972,32.7852,18.8293,F
764,1,HappyBirthday,1042,4015,F,1,8.27186e-06,0.434485,0,0.00254338,F
766,1,HappyBirthday,1163,2920,M,1,0.0199134,1.68509,130.762,6.44314,F
767,1,HappyBirthday,848,9125.67,M,1,0.0122019,0.192453,5518.82,4.88059,F
768,1,HappyBirthday,119,17155.5,F,1,0.0058924,1.10989,0.196576,1.83705,F
768,1,HappyBirthday,1376,1095,M,1,0.0860946,1.00923,13330.2,767.927,F
768,1,HappyBirthday,398,12045.9,F,1,0.00145026,6.48417,0.095294,0.450771,F
768,1,HappyBirthday,1375,1095,M,1,0.0605037,0.536282,14.3314,19.8276,F
769,1,HappyBirthday,67,14235.1,M,1,0.000977364,0.301421,258.058,0.623393,F
769,1,HappyBirthday,73,5110.66,F,1,0.000168321,0.212151,4.26173,0.0534118,F
769,1,HappyBirthday,1411,730,F,1,0.325432,0.819585,48.8257,131.234,F
769,1,HappyBirthday,616,10950.1,F,1,2.86791e-05,2.59505,557.935,0.0098008,F
769,1,HappyBirthday,961,4745.35,M,1,0.0076832,16.4303,31.8605,2.70391,F
770,1,HappyBirthday,122,9490.27,M,1,0.253707,1.09636,5393.89,94.3407,F
770,1,HappyBirthday,250,17155.4,M,1,0.539625,1.74654,215.691,346.37,F
770,1,HappyBirthday,390,28105.9,M,1,0.00249133,0.251547,0.0374336,0.775148,F
770,1,HappyBirthday,660,5110.48,M,1,0.0258822,0.896334,468.79,24.6474,F
771,1,HappyBirthday,39,18615.6,F,1,0.0350869,0.732777,2.10564,11.0999,F
771,1,HappyBirthday,76,14235,M,1,0.0255321,2.59927,42.6782,8.0595,F
771,1,HappyBirthday,483,10950.9,F,1,0.0166908,0.22058,0.13966,5.23149,F
771,1,HappyBirthday,734,14235.2,F,0,0,0.0415183,0,0,F
772,1,HappyBirthday,558,13505.6,F,1,0.00216685,3.32566,16936.4,1.23457,F
773,1,HappyBirthday,1377,1095,M,1,0.231155,0.0553277,51240.5,1040.29,F
773,1,HappyBirthday,565,4745.26,M,1,0.0242273,0.533811,46.191,9.08762,F
773,1,HappyBirthday,649,5840.9,F,1,0.342901,1.09203,248.386,217.136,F
773,1,Births,1479,0,F,0,0,0.260123,0,0,F
774,1,HappyBirthday,1336,1460,F,1,0.136603,0.0914572,11162,57.5242,F
774,1,HappyBirthday,550,11680.4,M,1,0.000137557,0.154558,2.2604,0.0428576,F
774,1,HappyBirthday,588,11680.8,M,1,0.0543938,5.07604,590.856,19.4232,F
774,1,HappyBirthday,880,7300.71,F,1,1.47114e-05,0.273723,6718.16,0.0392978,F
774,1,Births,1480,0,M,0,0,0.620186,0,0,F
775,1,HappyBirthday,75,18250.9,M,1,0.447309,1.02768,11.9817,185.135,F
775,1,HappyBirthday,204,8395.55,F,1,0.0250971,0.775307,43.4234,8.01466,F
775,1,HappyBirthday,1043,4015,M,1,0.0514064,0.0640185,37.5047,17.6595,F
776,1,HappyBirthday,249,17155.4,F,1,0.0316588,0.080708,24.2124,10.3244,F
776,1,HappyBirthday,1165,2920,M,1,0.227013,0.54768,390.355,83.8021,F
777,1,HappyBirthday,328,12775.4,M,1,0.0695202,1.14882,138.857,22.3941,F
777,1,HappyBirthday,934,4745.16,F,1,0.00322043,2.89216,60.1898,1.0562,F
778,1,HappyBirthday,26,10220.8,F,1,0.164972,1.84338,21.5532,56.3118,F
778,1,HappyBirthday,1441,365,F,1,0.00104382,0.0108493,0,0.324923,F
778,1,HappyBirthday,523,6935.24,F,1,0.00403823,5.66166,18.327,1.25982,F
778,1,HappyBirthday,572,15330.5,F,1,0.168831,0.183621,89.5616,64.5648,F
778,1,HappyBirthday,686,14965.3,M,1,0.00011824,0.39995,5.06734,0.0369356,F
778,1,HappyBirthday,719,7300.9,F,1,0.0862482,0.578285,2.63355,28.152,F
779,1,HappyBirthday,61,18980.5,F,1,0.00698829,22.7503,3915.35,3.61642,F
779,1,HappyBirthday,1007,4380,M,1,0.00237453,2.76235,580.149,1.38137,F
780,1,HappyBirthday,23,10585,F,1,0.277217,13.8089,334.661,101.45,F
781,1,HappyBirthday,1442,365,M,1,0.0139791,1.64884,46.0815,5.0471,F
782,1,HappyBirthday,355,21535.4,F,1,0.0263533,1.79015,32.8083,8.39091,F
783,1,HappyBirthday,97,7300.96,F,1,0.0806224,0.0593079,10.6034,26.1762,F
783,1,HappyBirthday,201,4745.97,F,1,0.0267099,2.99757,167.152,13.8377,F
783,1,HappyBirthday,451,5475.92,M,1,0.00839705,6.52036,0.791279,2.62633,F
783,1,HappyBirthday,594,6205.45,M,1,0.0161647,18.7112,0.427212,5.06787,F
783,1,HappyBirthday,641,13140.7,F,1,0.0918462,0.121305,19.6751,30.0709,F
784,1,HappyBirthday,253,8030.18,M,1,0.000957666,2.23293,186.873,0.301776,F
785,1,HappyBirthday,479,6205.94,F,1,0.00319058,0.365849,0.382964,0.993738,F
785,1,HappyBirthday,517,16790.1,M,1,0.0306682,0.126508,0.660486,9.69126,F
786,1,HappyBirthday,52,9125.89,F,1,0.0106125,0.0973023,619.416,3.35084,F
786,1,HappyBirthday,478,6935.62,M,1,0.00178672,0.832739,0.32498,0.55649,F
786,1,HappyBirthday,506,6935.39,M,1,4.34667e-06,0.232607,0.0609738,0.00135215,F
787,1,HappyBirthday,1086,3650,F,1,0.00587301,1.34445,321.205,2.81253,F
787,1,HappyBirthday,388,13140.4,M,1,0.00190599,0.0354499,0.20449,0.593413,F
787,1,HappyBirthday,571,10585.8,M,1,0.000214223,4.14016,581.997,0.223471,F
787,1,HappyBirthday,627,18615.4,F,1,0.000812391,0.326927,0.253845,0.25284,F
787,1,HappyBirthday,728,5840.03,F,1,0.00288614,0.201761,0.0528767,0.898652,F
787,1,HappyBirthday,1087,3650,F,1,0.0072013,0.217387,4.80989,2.26241,F
788,1,HappyBirthday,293,18615.8,F,1,0.106874,0.22217,0.995202,35.251,F
788,1,HappyBirthday,1338,1460,F,1,0.122851,0.112624,5123.58,51.7715,F
788,1,HappyBirthday,1378,1095,M,0,0,0.0230323,0,0,F
790,1,HappyBirthday,422,33945.3,M,1,0.539229,0.102022,101.013,321.99,F
790,1,HappyBirthday,906,10220.9,M,1,0.130239,0.739228,8.67227,43.7967,F
791,1,HappyBirthday,1339,1460,F,1,0.265621,1.03619,14.7706,97.2924,F
791,1,HappyBirthday,1379,1095,F,1,0.208889,1.38134,11828.2,292.962,F
791,1,HappyBirthday,1046,4015,F,1,0.00364261,0.247898,3.24967,1.1496,F
791,1,HappyBirthday,889,5840.11,F,1,0.00522127,4.98643,0.442392,1.63082,F
791,1,Births,1481,0,F,0,0,0.157231,0,0,F
792,1,HappyBirthday,24,23360.2,M,1,0.021154,1.20554,612.685,8.03325,F
792,1,HappyBirthday,921,6205.9,M,1,0.000953151,2.46569,4.74094,0.296402,F
793,1,HappyBirthday,940,11315.4,M,1,1.27869e-05,0.264087,58.0325,0.0048602,F
794,1,HappyBirthday,224,6570.43,F,1,0.0176532,0.222845,18.0217,5.6703,F
794,1,HappyBirthday,262,7300.42,F,1,0.000858967,4.48346,1.95701,0.267725,F
794,1,HappyBirthday,1048,4015,F,1,0.0466502,4.75601,160.11,23.1598,F
794,1,HappyBirthday,837,13870.3,F,1,0.793911,0.168867,305.704,757.758,F
795,1,HappyBirthday,1167,2920,M,1,0.143454,0.264007,111.95,68.4441,F
795,1,HappyBirthday,743,5840.84,M,1,0.079185,0.672046,713.862,28.6311,F
795,1,HappyBirthday,792,4745.84,F,1,0.137198,0.330047,0.771739,45.8622,F
795,1,HappyBirthday,875,5840.93,F,1,0.00117926,0.110275,0.646349,0.366659,F
796,1,HappyBirthday,1340,1460,M,1,0.00136697,3.48234,316.026,0.638391,F
796,1,HappyBirthday,198,5475.94,M,1,0.000261664,2.72762,2931.94,0.380524,F
796,1,HappyBirthday,901,10220.2,F,1,0.00522781,0.805792,249.652,2.19046,F
796,1,HappyBirthday,914,12775.2,M,1,0.00362609,1.86217,386.359,1.17381,F
797,1,HappyBirthday,1249,2190,F,1,0.820226,0.418068,286.99,742.799,F
798,1,HappyBirthday,121,10950.5,F,1,7.33219e-05,4.26258,1.49735,0.0228514,F
798,1,HappyBirthday,1412,730,M,1,0.66323,0.123044,97.0129,446.765,F
799,1,HappyBirthday,1341,1460,M,1,0.0029961,2.91472,57.9137,1.00976,F
799,1,HappyBirthday,582,6570.01,F,1,0.000258927,1.56069,0.00520048,0.0804941,F
801,1,HappyBirthday,140,22630.5,M,1,0.00407271,5.79576,1239.8,3.60087,F
801,1,HappyBirthday,561,4745.39,M,1,1.01846e-06,0.129629,5.27419,0.000319159,F
801,1,HappyBirthday,1443,365,M,1,0.00196274,0.113101,0.50418,0.610873,F
802,1,HappyBirthday,439,18615.5,M,1,0.0108655,6.76589,0.014722,3.39489,F
803,1,HappyBirthday,389,10220.4,F,1,0.0033303,1.80865,23.6414,1.13886,F
803,1,HappyBirthday,640,8760.91,F,1,0.00469229,18.4499,0.826075,1.46646,F
803,1,HappyBirthday,675,9490.74,F,1,0,0.0528229,0.0023136,0,F
804,1,HappyBirthday,282,26645.3,M,1,0.271314,0.256397,8.03041,98.6438,F
804,1,HappyBirthday,425,28835.4,M,1,0.00444322,0.531306,10.5855,1.44914,F
804,1,HappyBirthday,498,9855.31,M,1,0.00186287,0.0922723,31948.6,3.48569,F
804,1,HappyBirthday,508,13505.5,M,1,0.00667631,0.728251,1020.17,10.0179,F
804,1,HappyBirthday,535,5110.74,F,1,0.000784874,0.67986,934.474,0.267439,F
804,1,HappyBirthday,723,22265.6,F,1,0.0156614,0.461276,2308.58,17.1133,F
804,1,HappyBirthday,1088,3650,M,1,0.00105522,0.456885,706.35,0.632201,F
806,1,HappyBirthday,1413,730,M,1,0.000152315,0.0454031,5889.13,0.407515,F
806,1,HappyBirthday,501,24455.3,F,1,0,0.217976,1.66231,0,F
806,1,HappyBirthday,1208,2555,F,1,0.0268095,0.0326377,1.30018,8.50052,F
806,1,HappyBirthday,1380,1095,M,1,0.00181921,1.92104,15010.3,10.5506,F
806,1,HappyBirthday,946,8395.25,M,1,0.00974772,9.76513,0.0041166,3.04439,F
807,1,HappyBirthday,233,10220.1,F,1,0.0757792,0.0835456,119.798,37.9236,F
807,1,HappyBirthday,420,17155.7,M,1,0.0106753,1.17227,3.90673,3.33591,F
808,1,HappyBirthday,88,9855.34,F,1,0.142894,0.546295,0.247819,47.9199,F
808,1,HappyBirthday,1209,2555,F,1,0.438526,0.167407,45.4919,179.481,F
808,1,HappyBirthday,1342,1460,F,1,0.575186,3.58436,374.535,266.144,F
809,1,HappyBirthday,378,4745.45,F,1,0.0881764,11.6754,66.5157,31.4118,F
809,1,HappyBirthday,433,14965.3,F,1,3.11792e-05,0.727919,38258.5,0.046512,F
809,1,HappyBirthday,795,7300.67,F,1,0.0257915,0.18064,510.384,8.81984,F
809,1,HappyBirthday,917,9125.9,M,1,0.00233733,30.0083,1640.62,0.956506,F
809,1,HappyBirthday,960,5110.91,F,1,0.00259567,4.49343,15096.1,1.40668,F
809,1,Births,1482,0,M,0,0,0.156078,0,0,F
810,1,HappyBirthday,1049,4015,M,1,0.023964,0.922379,5072.19,9.56587,F
810,1,HappyBirthday,1414,730,F,1,0.124809,0.308771,7170.53,166.204,F
811,1,HappyBirthday,55,7300.7,F,1,0.00512872,1.04147,0.0237303,1.59792,F
811,1,HappyBirthday,116,11680,F,1,0.171668,0.983316,14025.4,343.366,F
811,1,HappyBirthday,1010,4380,F,1,0.000229706,0.155399,96.1624,0.0862482,F
811,1,HappyBirthday,776,13140.3,M,1,0.000625317,0.0933464,537.549,0.641504,F
811,1,HappyBirthday,821,28835.6,F,1,0.244975,0.252957,11.0634,87.4753,F
811,1,HappyBirthday,1011,4380,F,1,0.0343431,0.969799,19.4831,10.8837,F
811,1,HappyBirthday,1343,1460,M,1,0.434911,0.0884003,13.3677,183.001,F
812,1,HappyBirthday,708,10220.7,M,1,2.26471e-05,0.935583,83153.1,0.053328,F
812,1,Births,1483,0,F,0,0,0.0323779,0,0,F
813,1,HappyBirthday,1415,730,F,1,0.439804,0.124822,10995.6,514.209,F
814,1,HappyBirthday,1287,1825,M,1,0.0971427,0.188708,1709.69,177.281,F
815,1,HappyBirthday,1050,4015,M,1,0.00305619,2.77867,243.568,1.02163,F
815,1,HappyBirthday,137,13870,F,1,0.455861,0.78456,72.0479,242.493,F
815,1,HappyBirthday,245,32850,F,1,0.0449745,75.1193,0.197107,14.301,F
815,1,HappyBirthday,1444,365,M,1,0.654373,0.448593,283.9,451.832,F
816,1,HappyBirthday,1381,1095,F,1,0.0360487,0.213435,349.463,17.5147,F
816,1,HappyBirthday,752,33215.3,M,1,0.130452,5.35639,11.4443,45.6075,F
817,1,HappyBirthday,1169,2920,F,1,0.0139002,0.708416,303.49,8.91116,F
817,1,HappyBirthday,453,35770.5,F,1,0.0848145,1.20281,48.3276,29.3044,F
817,1,HappyBirthday,1168,2920,F,1,0.0829025,2.78114,0.481082,26.9227,F
817,1,HappyBirthday,1124,3285,M,1,0.808006,2.18344,79.9287,549.277,F
817,1,HappyBirthday,1210,2555,F,1,0.020525,1.90934,2311.66,45.949,F
818,1,HappyBirthday,1382,1095,M,1,0.000347241,0.619689,207.512,0.142776,F
819,1,HappyBirthday,1012,4380,M,1,0.000204695,0.429661,1822.02,0.290974,F
820,1,HappyBirthday,251,8760.33,M,1,0.00160898,0.864764,8.46e-05,0.500581,F
820,1,HappyBirthday,440,6935.07,M,1,0.0581068,12.5367,0.201289,18.6098,F
820,1,HappyBirthday,1211,2555,M,1,0.0539504,0.507706,3.54264,17.3384,F
820,1,HappyBirthday,580,8030.03,M,1,0.104866,0.195716,0.628766,34.4602,F
820,1,HappyBirthday,1212,2555,M,1,0.000572856,0.194532,934.451,0.426576,F
821,1,HappyBirthday,1251,2190,M,1,0.0971107,0.543531,961.936,66.2388,F
821,1,HappyBirthday,532,21170.9,F,1,0.000111554,0.244723,0.0222258,0.034699,F
821,1,HappyBirthday,1383,1095,F,1,0.167058,0.0807433,22408.6,475.994,F
821,1,Births,1484,0,M,0,0,0.0611944,0,0,F
822,1,HappyBirthday,791,15695.2,M,1,0.000176355,1.63553,0.282084,0.0548004,F
822,1,HappyBirthday,1384,1095,M,1,0.105806,0.205295,3.08361,34.877,F
823,1,HappyBirthday,1344,1460,F,1,0.0784088,0.032739,6404.74,47.3015,F
823,1,HappyBirthday,1089,3650,F,1,0.00780915,0.280853,85.1732,2.45608,F
824,1,HappyBirthday,1051,4015,F,1,0.18432,0.269614,1438.75,105.471,F
824,1,HappyBirthday,568,24820.6,M,1,0.00118158,0.0351957,12.2466,0.381947,F
825,1,HappyBirthday,704,18980.1,F,1,0.0109774,2.86566,1.5778,3.43066,F
826,1,HappyBirthday,12,5475.8,F,1,0.0126082,0.272173,1791.69,7.54556,F
826,1,HappyBirthday,1385,1095,M,1,0.375817,2.75813,472.229,170.014,F
827,1,HappyBirthday,321,5110.89,F,1,0,0.452677,0.979757,0,F
827,1,HappyBirthday,1252,2190,F,1,0.00239867,0.631838,0.00363364,0.746142,F
827,1,HappyBirthday,1170,2920,M,1,0.00148242,0.649874,78.7932,0.516264,F
827,1,HappyBirthday,705,9490.61,F,1,0.00152554,0.0903485,65.5603,0.520878,F
828,1,HappyBirthday,1253,2190,F,1,0.0204648,0.3677,0.423644,6.43485,F
828,1,HappyBirthday,913,16790.8,F,1,0.0293906,1.65213,5787.1,10.6943,F
828,1,HappyBirthday,958,11680.3,F,1,0.0232765,1.45185,122.397,7.58675,F
830,1,HappyBirthday,227,10950.3,M,1,0.00121277,5.92729,0.508584,0.377195,F
830,1,HappyBirthday,248,12775.8,M,1,0.325571,2.23253,19.1575,132.528,F
830,1,HappyBirthday,631,7300.64,M,1,0.0431205,0.0569375,4.18733,13.8465,F
831,1,HappyBirthday,1213,2555,M,1,0.0324194,0.282004,11.8771,10.4523,F
831,1,HappyBirthday,693,8030.41,F,1,0.000608623,0.43279,404.293,0.271498,F
832,1,HappyBirthday,286,7665.05,M,1,0.0091512,0.575424,57.2975,2.86283,F
832,1,HappyBirthday,310,6205.52,M,1,0.297146,0.773055,23.3235,110.916,F
832,1,HappyBirthday,376,9490.36,M,1,0.000251074,18.0698,0,0.0779786,F
832,1,HappyBirthday,419,5840.18,M,1,0.00250777,0.466994,136.046,0.78037,F
833,1,HappyBirthday,1125,3285,M,1,0.412384,1.79403,111.888,165.727,F
834,1,HappyBirthday,1214,2555,M,1,0.15747,0.4793,71.4544,53.268,F
834,1,HappyBirthday,309,8760.15,M,1,0.0736768,0.333582,30479.6,319.313,F
834,1,HappyBirthday,1013,4380,F,1,0.10498,0.732154,1306.08,166.261,F
834,1,HappyBirthday,662,5110.81,F,1,0.000450801,0.533945,80.0631,0.159114,F
835,1,HappyBirthday,1254,2190,M,1,0.111436,0.137977,0.74607,36.7606,F
835,1,HappyBirthday,1416,730,M,1,0.221746,0.865364,69453.1,1540.82,F
836,1,HappyBirthday,1052,4015,M,1,0.0481779,0.144959,48021.7,150.197,F
836,1,HappyBirthday,630,17885.8,F,1,0.00296765,1.23455,1.74615,0.923714,F
837,1,HappyBirthday,1255,2190,M,1,0.354304,0.0466083,26356.5,330.614,F
837,1,HappyBirthday,953,6935.73,F,1,0.00806373,1.4831,11.2821,2.62169,F
838,1,HappyBirthday,192,15330.4,M,1,0.000320188,0.704725,41.4348,0.100932,F
838,1,HappyBirthday,520,14600.7,F,1,0.625738,1.97955,154.22,315.825,F
838,1,HappyBirthday,667,7300.23,M,1,0.067937,0.269671,23.6049,23.9396,F
839,1,HappyBirthday,861,24455.4,M,1,0.0930297,1.06273,60.6091,33.4338,F
840,1,HappyBirthday,1171,2920,F,1,0,0.139345,0.0620579,0,F
840,1,HappyBirthday,127,12775,F,1,0.0036128,20.2966,60.2149,1.14235,F
840,1,HappyBirthday,505,6205.94,M,1,0.00332378,3.99645,3.99818,1.03614,F
840,1,HappyBirthday,521,6205.25,F,1,0.000140721,6.9895,22.0989,0.0450661,F
840,1,HappyBirthday,746,5840.76,M,1,0.159658,1.13661,123.534,64.261,F
840,1,HappyBirthday,1053,4015,F,1,0.0151749,0.477546,1787.16,5.21648,F
840,1,HappyBirthday,1445,365,F,0,0,0.000935657,0,0,F
841,1,HappyBirthday,14,5840.71,M,1,0.627418,2.96995,35.2718,306.922,F
842,1,HappyBirthday,552,18250.1,M,1,0.000364216,0.919479,18.401,0.116116,F
843,1,HappyBirthday,129,8395.54,F,1,0.107623,3.14126,242.765,47.9143,F
843,1,HappyBirthday,1346,1460,M,1,0.338581,0.328778,4937.14,352.843,F
843,1,HappyBirthday,683,28835.2,F,1,0.0907892,0.020728,44.2507,36.1199,F
843,1,HappyBirthday,833,10585.5,M,1,0.00118365,0.648667,547.068,1.09481,F
843,1,HappyBirthday,1289,1825,M,1,0.72361,0.371434,3677.2,629.563,F
843,1,HappyBirthday,1446,365,M,1,0.397407,0.117615,16895.8,1142.47,F
844,1,HappyBirthday,1127,3285,F,1,0.0054828,0.194121,82.1968,2.06322,F
844,1,HappyBirthday,162,9125.08,M,1,0.000204193,0.530327,1.35304,0.0637668,F
844,1,HappyBirthday,231,29200,F,1,0.206744,13.7165,2.20507,72.4663,F
844,1,HappyBirthday,239,5475.16,M,1,0.0021355,0.801143,20.4546,0.685395,F
845,1,HappyBirthday,303,8030.11,M,1,0.00295478,1.19814,188.634,1.18678,F
845,1,HappyBirthday,323,20440.3,M,1,2.7473e-05,0.130562,0.132908,0.0085146,F
846,1,HappyBirthday,1172,2920,F,1,0.00938651,1.09713,21.6873,2.96909,F
846,1,HappyBirthday,1129,3285,F,1,0.00504256,0.219558,888.414,6.10111,F
847,1,HappyBirthday,1173,2920,M,1,0.126857,0.142915,1876.72,150.566,F
847,1,HappyBirthday,1447,365,F,1,5.9433e-05,0.22213,14575.5,0.578699,F
847,1,HappyBirthday,806,35405,M,1,0.0132846,0.151861,7.25385,4.26795,F
847,1,Births,1485,0,M,0,0,0.148915,0,0,F
848,1,HappyBirthday,1347,1460,F,1,0.00341,0.0418561,3136.17,1.16882,F
848,1,HappyBirthday,967,20805.9,M,1,0.0319407,2.58951,0.315422,10.0959,F
849,1,HappyBirthday,1130,3285,M,1,0.00106861,2.28988,30.1523,0.335192,F
849,1,HappyBirthday,622,12775,M,1,0.0138452,0.458473,50.7865,4.44652,F
850,1,HappyBirthday,1092,3650,F,1,0.0692997,0.19877,132.395,26.838,F
850,1,HappyBirthday,337,9490.16,F,1,0.0090416,0.458962,5612.5,3.5226,F
850,1,HappyBirthday,609,6570.03,M,1,0.00127697,0.997398,50.2374,0.478276,F
850,1,HappyBirthday,785,22995.2,M,1,0.127915,1.36058,10.4215,43.1525,F
850,1,HappyBirthday,856,13140.9,F,1,0.00112724,0.973528,2049.28,0.588,F
851,1,HappyBirthday,1417,730,M,1,0.568711,0.104356,4792.71,1731.44,F
851,1,HappyBirthday,822,9855.78,F,1,0.00155889,0.60715,6.06259,0.498187,F
851,1,HappyBirthday,850,6935.25,F,1,0.0416421,1.96829,101.419,15.0053,F
852,1,HappyBirthday,212,8030.34,M,1,0.000748068,3.70816,64194.2,2.41885,F
852,1,HappyBirthday,1256,2190,M,1,0.014162,0.113124,14630.6,5.00262,F
853,1,HappyBirthday,108,26645.7,M,1,0.00876724,0.593477,27.5192,3.06059,F
853,1,HappyBirthday,174,15330.7,M,1,0.000547649,0.195667,544.585,0.301693,F
853,1,HappyBirthday,1174,2920,M,1,0.404765,0.27234,827.509,360.891,F
855,1,HappyBirthday,1215,2555,M,1,0.0913023,0.424419,9071.83,32.6319,F
855,1,HappyBirthday,737,5475.56,F,1,0.0575479,0.103878,0.0476364,18.4211,F
855,1,HappyBirthday,1132,3285,F,1,0.0287104,12.3968,14802.8,38.7458,F
855,1,HappyBirthday,923,10950.2,F,1,0.0532838,8.83482,73.544,18.8158,F
856,1,HappyBirthday,1448,365,M,1,0.0107774,0.143865,32.802,3.72374,F
856,1,HappyBirthday,1014,4380,M,1,0.00102186,4.70227,6.00835,0.323745,F
856,1,Births,1486,0,M,0,0,0.0876429,0,0,F
857,1,HappyBirthday,27,4745.37,M,1,0.13317,18.9481,0.0942895,44.4133,F
857,1,HappyBirthday,112,18980.8,F,1,0.626914,0.402869,35.7684,319.079,F
857,1,HappyBirthday,1055,4015,M,1,0.0211502,0.702823,140.836,6.70861,F
857,1,HappyBirthday,259,5110.97,M,1,0.00106081,0.0793438,1.22382,0.331195,F
857,1,HappyBirthday,308,6935.75,F,1,0.497997,0.0622139,132.925,255.141,F
857,1,HappyBirthday,452,15695.3,F,1,0.0293416,0.816785,39.1301,9.32202,F
857,1,HappyBirthday,617,15330,M,1,0.0633483,0.0752407,44.6974,20.6092,F
857,1,HappyBirthday,781,22995.5,M,1,0.0244622,0.104568,94.8692,8.76205,F
858,1,HappyBirthday,98,6570.48,F,1,0.0188657,0.101239,2.74655,5.98301,F
858,1,HappyBirthday,207,10586,M,1,0.0168499,3.08413,317.951,12.0129,F
859,1,HappyBirthday,1216,2555,F,1,0.051359,0.175833,175.138,16.5691,F
859,1,HappyBirthday,229,9490.56,M,1,0.00362795,0.905321,4.39347,1.13212,F
859,1,HappyBirthday,297,10585.7,F,1,0.00870716,1.05795,468.314,2.86435,F
859,1,HappyBirthday,334,6935.93,M,1,0.000810269,0.927934,0.0904115,0.252032,F
859,1,HappyBirthday,443,6205.75,M,1,0.0161172,1.80173,85.051,6.81657,F
860,1,HappyBirthday,1094,3650,F,1,0.383662,0.00749801,134.172,172.183,F
861,1,HappyBirthday,364,31755.8,M,1,0.0959458,2.5235,5097.68,52.3745,F
861,1,HappyBirthday,499,27010.7,M,1,0.00708958,0.219176,0.114529,2.21114,F
861,1,HappyBirthday,797,4745.21,F,1,3.87832e-05,1.71453,159.393,0.0128623,F
861,1,HappyBirthday,919,25185.3,M,1,0.0577596,0.237476,345.833,19.1325,F
862,1,HappyBirthday,1290,1825,M,1,0.662233,0.926111,219.597,605.443,F
862,1,HappyBirthday,1449,365,F,1,0.0495121,0.359812,63.8914,17.1599,F
863,1,HappyBirthday,173,5110.3,M,1,4.03361e-05,0.016975,51.3568,0.0136372,F
863,1,HappyBirthday,462,14965.4,F,1,0.0386382,0.30831,15.8161,13.1,F
863,1,HappyBirthday,883,8760.98,M,1,0.0579696,2.09369,4.10381,18.5679,F
863,1,HappyBirthday,973,5840.17,M,1,0.0325939,1.2935,1075.32,54.8316,F
864,1,HappyBirthday,1015,4380,F,1,0.179458,0.244054,9.8735,62.3032,F
864,1,HappyBirthday,455,12045.2,F,1,0.057851,0.0232351,0.192773,18.5242,F
864,1,HappyBirthday,599,7665.7,M,1,5.19194e-05,2.14978,54.4074,0.0161706,F
865,1,HappyBirthday,1133,3285,F,1,0.0241283,0.04485,326.145,17.8414,F
866,1,HappyBirthday,185,9855.8,F,1,0.00189813,0.07904,27.8847,0.626461,F
866,1,HappyBirthday,486,6205.43,F,1,0.000505472,3.0829,0.139134,0.157211,F
866,1,HappyBirthday,925,30295.4,M,1,0.281668,0.199465,225.405,135.45,F
868,1,HappyBirthday,1134,3285,M,1,0.00422776,10.9463,16586.4,2.65077,F
868,1,HappyBirthday,1450,365,M,1,0.29694,0.0627336,4915.53,449.689,F
869,1,HappyBirthday,1001,12045.1,M,1,0.0360066,1.49724,1467.54,11.5368,F
869,1,HappyBirthday,340,6935.51,F,1,0.116771,1.46091,21.6234,39.6208,F
869,1,HappyBirthday,1451,365,F,0,0,0.00510257,0,0,F
869,1,HappyBirthday,1293,1825,F,1,0.00351559,1.71641,5789.53,8.56401,F
869,1,HappyBirthday,467,5110.71,F,1,0.00712246,4.62469,1.3058,2.23554,F
870,1,HappyBirthday,1348,1460,F,1,0.167851,0.019465,4265.3,85.8601,F
870,1,HappyBirthday,445,6205.68,M,1,0.020026,0.624427,59.413,6.30377,F
871,1,HappyBirthday,1452,365,F,1,0.00101419,1.29114,3.31316e-05,0.314819,F
871,1,HappyBirthday,1387,1095,F,1,0.600581,0.053941,40.8698,333.331,F
871,1,HappyBirthday,1217,2555,F,1,0.0929045,8.70476,30.0161,34.4077,F
872,1,HappyBirthday,1057,4015,M,1,0.00493943,0.0132817,12370.7,8.84787,F
872,1,HappyBirthday,852,22995.7,F,1,0.101159,2.82435,12.9452,33.8684,F
873,1,HappyBirthday,423,5110.73,M,1,0.00475382,0.301123,0.00122718,1.48102,F
873,1,HappyBirthday,434,17520.1,F,1,0.528999,0.364383,37.6169,248.563,F
873,1,HappyBirthday,1388,1095,M,1,0.206375,1.73476,35.4102,75.2532,F
874,1,HappyBirthday,183,6935.84,M,1,0.0014121,27.9749,19.4263,0.440203,F
874,1,HappyBirthday,430,32850.4,M,1,0.0591271,0.918199,625.38,36.8936,F
874,1,HappyBirthday,1349,1460,F,1,0.00149247,2.33229,32.1254,0.518499,F
875,1,HappyBirthday,109,5110.19,M,1,0.363297,6.14022,12.9956,147.254,F
875,1,HappyBirthday,801,7300.1,F,1,0.012879,11.599,0.00958666,4.02887,F
875,1,Births,1487,0,F,0,0,0.0732574,0,0,F
876,1,HappyBirthday,157,11680.8,F,1,0.00106006,0.987091,36.2929,0.381688,F
876,1,HappyBirthday,1453,365,M,1,0.840447,0.569647,5.20816,570.85,F
877,1,HappyBirthday,242,9125.41,M,1,0.00393464,1.4152,91.4348,1.38617,F
877,1,HappyBirthday,1017,4380,M,1,0.00291351,0.388604,57.4915,0.909836,F
877,1,HappyBirthday,424,5110.77,F,1,0.00685789,2.33021,1.3736,2.15211,F
877,1,Births,1488,0,F,0,0,0.0574874,0,0,F
878,1,HappyBirthday,1389,1095,M,1,0.013854,2.79406,32318.6,102.927,F
878,1,HappyBirthday,808,14235,M,1,0.00457848,0.643645,1372.79,1.48906,F
878,1,HappyBirthday,916,7665.06,F,1,0.00956086,0.323481,0.0510686,2.98585,F
879,1,HappyBirthday,1390,1095,F,1,0.0173668,0.249256,49993.3,21.7484,F
879,1,HappyBirthday,32,5840.94,M,1,0.092137,2.09051,6663.69,38.1775,F
879,1,HappyBirthday,1454,365,M,1,0.00233072,0.210233,0.00705703,0.725552,F
879,1,HappyBirthday,1175,2920,M,1,4.32271e-05,0.131959,535.964,0.016133,F
880,1,HappyBirthday,290,10220.1,F,1,0.0841181,3.4665,3183.33,68.3702,F
880,1,HappyBirthday,1176,2920,F,1,0.127499,2.57953,1687.02,281.957,F
880,1,Births,1489,0,F,0,0,0.0220424,0,0,F
881,1,HappyBirthday,551,11680.6,M,1,0,4.20967,0,0,F
881,1,Births,1490,0,F,0,0,0.120573,0,0,F
882,1,HappyBirthday,271,7300.61,F,1,0.00212176,1.41484,158.843,0.828109,F
882,1,HappyBirthday,1096,3650,M,1,0.0018351,0.35656,82.6492,0.745404,F
882,1,HappyBirthday,1059,4015,M,1,0.0105183,0.125761,0.0928485,3.28602,F
882,1,HappyBirthday,1135,3285,M,1,0.0115274,7.77751,300.984,5.41365,F
883,1,HappyBirthday,404,9125.27,M,1,0.00931505,4.41266,0.0343492,2.90838,F
883,1,HappyBirthday,1419,730,F,1,0.564048,3.9947,1314.46,345.396,F
884,1,HappyBirthday,265,28470.8,M,1,0.00300148,0.968218,39.5164,1.05328,F
885,1,HappyBirthday,1455,365,F,1,0.00252738,0.196812,81438.5,16.3692,F
885,1,HappyBirthday,1259,2190,M,1,0.00157197,0.735972,60.6531,0.525489,F
885,1,HappyBirthday,1260,2190,M,1,0.000506781,0.385676,67.8622,0.181437,F
886,1,HappyBirthday,1219,2555,M,1,0.161915,0.157179,7095.14,473.093,F
887,1,HappyBirthday,1220,2555,F,1,0.0153381,2.4183,0.0457529,4.80321,F
887,1,HappyBirthday,1295,1825,F,1,0.0152779,0.429841,405.64,11.1066,F
887,1,HappyBirthday,1421,730,M,1,0.485323,0.63708,6507.55,346.34,F
888,1,HappyBirthday,205,16425.7,M,1,0.000232843,0.339382,24506.1,0.180536,F
888,1,HappyBirthday,228,16060.9,F,1,0.0599523,0.754203,2939.82,185.075,F
888,1,HappyBirthday,1221,2555,M,1,0.00779421,0.216356,3395.31,2.6665,F
888,1,HappyBirthday,595,4745.04,F,1,0.0511248,0.296496,80.083,18.1242,F
888,1,HappyBirthday,718,8030.27,F,1,0.000290224,0.650168,24.6085,0.0909632,F
888,1,HappyBirthday,868,8760.72,F,1,5.28188e-07,0.382637,4434.65,0.0010586,F
889,1,HappyBirthday,1422,730,M,1,0.0197157,0.890216,119016,160.2,F
889,1,HappyBirthday,956,16790.5,M,1,0.0175205,0.0896405,900.664,8.99985,F
890,1,HappyBirthday,496,10585.7,F,1,7.75075e-08,0.582262,44822.1,0.0006892,F
891,1,HappyBirthday,1296,1825,F,1,0.342955,0.410118,592.982,164.226,F
892,1,HappyBirthday,1423,730,M,1,0.0411474,1.85215,1373.87,13.4403,F
893,1,HappyBirthday,435,16790.9,M,1,0.110777,1.001,1208.69,181.597,F
893,1,Births,1491,0,M,0,0,0.0719167,0,0,F
893,1,Births,1492,0,F,0,0,0.0212325,0,0,F
894,1,HappyBirthday,53,5840.51,M,1,0.0095605,3.31161,0.000561505,2.98541,F
894,1,HappyBirthday,83,8760.32,M,1,0.00243056,0.0959404,2.54993,0.759352,F
894,1,HappyBirthday,194,7665.87,F,1,4.63546e-05,0.780854,219.824,0.0191236,F
894,1,HappyBirthday,380,20805.4,M,1,0.000423222,16.0968,1888.47,0.346994,F
894,1,HappyBirthday,1424,730,M,1,0.138885,0.608503,143.837,59.0204,F
894,1,HappyBirthday,1297,1825,F,1,0.000928261,0.0947836,48.0487,0.304791,F
894,1,HappyBirthday,1391,1095,M,0,0,0.0138309,0,0,F
894,1,HappyBirthday,1019,4380,F,1,0.0117675,0.0369105,48.1858,3.98211,F
895,1,HappyBirthday,341,31025,F,1,0.559244,1.73279,348.461,567.233,F
895,1,HappyBirthday,1222,2555,F,1,0.0286608,0.688285,475.037,14.793,F
895,1,HappyBirthday,878,27740.4,F,1,0.00130583,1.02394,319.038,0.580647,F
895,1,HappyBirthday,1425,730,M,1,0.146477,0.112643,119897,1107.5,F
896,1,HappyBirthday,763,8760.75,F,1,0.00305681,5.39789,40.4052,1.01904,F
896,1,HappyBirthday,1350,1460,F,1,0.000753287,0.0596611,432.381,0.603396,F
897,1,HappyBirthday,1097,3650,F,1,0.00598471,0.0478736,1306.91,8.47961,F
898,1,HappyBirthday,1060,4015,M,1,0.00685293,0.293914,3657.41,3.01567,F
898,1,HappyBirthday,409,5475.2,F,1,0.0295628,0.774101,97.6313,9.49365,F
898,1,HappyBirthday,1179,2920,M,1,0.0750345,0.372202,3582.34,124.18,F
898,1,HappyBirthday,911,31025.1,F,1,0.0582052,2.48102,404.035,29.6974,F
899,1,HappyBirthday,1261,2190,M,1,0.00592223,0.0788426,360.505,2.86372,F
899,1,HappyBirthday,1456,365,M,1,0.00316991,0.67602,94.7784,1.13916,F
899,1,HappyBirthday,383,12410.4,M,1,6.47571e-06,7.91778,64870.5,0.0741168,F
899,1,HappyBirthday,1223,2555,M,1,0.00800943,4.73908,0.00494798,2.49979,F
899,1,HappyBirthday,466,13505.4,F,1,0.0508525,0.633456,7094.74,47.3283,F
899,1,HappyBirthday,611,14965,M,1,0.0946322,3.63095,3.53749,30.9244,F
900,1,HappyBirthday,15,26280.7,M,1,0.000928281,2.78366,1.40598,0.288975,F
900,1,HappyBirthday,1351,1460,M,1,0.0203315,0.407811,76.5204,7.20689,F
901,1,HappyBirthday,7,7300.94,F,1,8.33905e-06,5.75088,7261.77,0.0213238,F
901,1,HappyBirthday,1262,2190,F,1,0.822122,0.516123,1089.81,1054.86,F
901,1,HappyBirthday,358,14600.9,F,1,0.000495612,0.048432,316.353,0.159072,F
901,1,HappyBirthday,1352,1460,M,1,0.0982209,0.37851,82.4573,36.6658,F
901,1,HappyBirthday,707,5475.42,M,1,1.25125e-05,10.1939,20.3993,0.00423962,F
902,1,HappyBirthday,1392,1095,F,1,0.0926192,1.11833,54.0788,35.5971,F
902,1,HappyBirthday,592,11680.3,M,1,0.0429069,10.9387,5.96361,14.0202,F
902,1,HappyBirthday,621,9490.36,M,1,0.0013765,2.14139,0.107411,0.42813,F
903,1,HappyBirthday,1299,1825,M,1,0.0360691,0.52843,53779.8,98.7516,F
904,1,HappyBirthday,986,6935.94,M,1,0.559702,0.09665,33.1576,255.328,F
905,1,HappyBirthday,738,9490.05,M,1,0.00591234,4.41588,137.922,2.87307,F
905,1,HappyBirthday,1062,4015,M,1,0.0240433,2.53037,943.148,8.12366,F
906,1,HappyBirthday,18,17155.7,F,1,0.00391099,0.252183,13645.5,1.98876,F
906,1,HappyBirthday,1180,2920,M,1,0.00402651,0.959534,0.454163,1.25472,F
906,1,HappyBirthday,1393,1095,F,1,0.130211,0.337674,98.3894,58.3332,F
906,1,HappyBirthday,653,12045.4,F,1,0.000665641,4.6489,24.3873,0.226313,F
907,1,HappyBirthday,1300,1825,M,1,0.817083,0.784647,1716.77,1135.85,F
907,1,HappyBirthday,1353,1460,M,1,0.013786,0.702084,329.631,10.1462,F
907,1,HappyBirthday,221,14965.6,M,1,0.00188752,0.445565,7847.28,5.71804,F
907,1,HappyBirthday,655,9490.98,M,1,0.0122338,1.31349,27.3436,3.98398,F
907,1,HappyBirthday,871,22265.7,M,1,0.0126499,8.63438,3.52412,3.96047,F
908,1,HappyBirthday,141,10220.9,M,1,0.00106099,3.44205,12.6916,0.332883,F
908,1,HappyBirthday,167,5110.62,M,1,0.00137408,1.60474,8757.29,8.7419,F
908,1,HappyBirthday,1354,1460,F,1,0.275327,2.49122,0.985816,100.281,F
909,1,HappyBirthday,85,5840.74,M,1,3.88336e-05,0.323876,5816.46,0.0330874,F
909,1,HappyBirthday,232,6570.98,M,1,0.0074515,4.17947,0.000235605,2.32428,F
909,1,HappyBirthday,1355,1460,F,1,0.000185258,0.824162,0.768503,0.0576933,F
909,1,HappyBirthday,747,8760.34,M,1,0.000900192,6.40586,1187.24,1.63629,F
910,1,HappyBirthday,317,25185.8,F,1,0.00116153,3.8488,612.736,0.396004,F
910,1,HappyBirthday,614,7665.42,M,1,0.000824849,1.38481,0.0010366,0.256458,F
910,1,HappyBirthday,870,5110.03,M,1,0.00645522,1.46479,5.85072,2.05456,F
911,1,HappyBirthday,237,8395.73,M,1,0.0414624,4.84889,412.943,25.821,F
911,1,HappyBirthday,314,8760.5,F,1,0.0244277,0.304679,0.087981,7.68715,F
911,1,HappyBirthday,1263,2190,M,1,0.0286823,1.32154,280.034,12.9934,F
911,1,HappyBirthday,1182,2920,F,1,0.000100651,0.157189,16956.2,0.139927,F
911,1,HappyBirthday,1457,365,M,1,0.0595877,1.2954,8439.71,21.7782,F
911,1,HappyBirthday,867,5110.29,F,1,0.0413445,1.2715,495.516,14.7777,F
912,1,HappyBirthday,147,8030.34,F,1,0.00032951,2.29403,0.0086582,0.102551,F
912,1,HappyBirthday,1458,365,M,1,0.00656022,0.327599,159911,61.2925,F
912,1,HappyBirthday,542,16790.4,F,1,0.0519843,0.129065,14.6626,16.5958,F
912,1,HappyBirthday,1184,2920,F,1,0.022033,3.34806,2.44506,7.00509,F
912,1,HappyBirthday,826,9125.31,F,1,0.040553,0.0559282,0.724213,12.8717,F
912,1,HappyBirthday,1356,1460,M,1,0.00837034,0.0136184,14869.1,8.12029,F
912,1,HappyBirthday,1394,1095,M,1,0,0.666898,0.0286542,0,F
912,1,Births,1493,0,M,0,0,0.0364224,0,0,F
913,1,HappyBirthday,49,14965.9,M,1,0.0114707,2.86377,608.031,4.06947,F
913,1,HappyBirthday,1023,4380,M,1,0.01761,0.440017,2006.16,6.46387,F
913,1,HappyBirthday,1225,2555,F,1,0.00312281,0.0764499,12.6145,0.990203,F
913,1,HappyBirthday,835,4745.34,F,1,0.23996,7.47992,671.877,85.2918,F
913,1,HappyBirthday,1426,730,M,1,0.150423,5.62039,17.829,51.9347,F
914,1,HappyBirthday,979,9855.16,M,1,0.476168,0.552287,36.0871,212.754,F
916,1,HappyBirthday,69,8760.08,F,1,0.0540343,0.420575,0.508797,17.2927,F
916,1,HappyBirthday,537,16060,M,1,0.234001,0.0630846,3.55778,83.1727,F
916,1,HappyBirthday,824,6205.79,M,1,0.696817,0.689858,333.009,400.69,F
917,1,HappyBirthday,319,22995.9,M,1,0.000281136,1.52577,29.4017,0.0912434,F
917,1,HappyBirthday,394,15330.1,M,1,0.0157414,1.60676,0.0060498,4.93046,F
918,1,HappyBirthday,1459,365,M,1,0.79417,0.242062,140.557,660.967,F
919,1,HappyBirthday,1357,1460,F,1,0.00317047,0.0450777,5289.62,2.19733,F
919,1,HappyBirthday,941,7665.43,F,1,0.813321,0.814383,23.1728,530.276,F
920,1,HappyBirthday,234,9490.74,M,1,0.00564716,14.7113,5.37937,1.77627,F
920,1,HappyBirthday,312,5840.29,F,1,0.0659848,10.5931,0.180388,21.215,F
921,1,HappyBirthday,1301,1825,M,1,0.603876,0.451771,383.145,517.946,F
921,1,HappyBirthday,1063,4015,M,1,0.00542591,0.539479,12.3535,1.70979,F
922,1,HappyBirthday,416,4745.42,M,1,0.0182213,0.434047,0.000734967,5.71457,F
922,1,HappyBirthday,759,10585.2,M,1,3.95288e-05,0.678977,10.1134,0.0128678,F
923,1,HappyBirthday,1302,1825,F,1,0.0836685,0.753479,80.1441,29.242,F
923,1,HappyBirthday,412,7665.29,F,1,0.0502353,0.896749,0.125189,16.018,F
923,1,HappyBirthday,779,5475.11,M,1,0.0180116,1.79905,72.7408,6.36117,F
924,1,HappyBirthday,103,8760.34,F,1,0.0021015,13.6306,1.99861,0.654839,F
924,1,HappyBirthday,1358,1460,F,1,0.00248129,0.112726,25.9143,0.814503,F
924,1,HappyBirthday,219,7300.89,F,1,0.00375628,1.98596,3.54391,1.17446,F
924,1,HappyBirthday,1185,2920,F,1,0.0191424,0.606304,2.70513,6.00636,F
925,1,HappyBirthday,562,7665.7,M,1,0.000987827,0.033893,48918.2,9.10198,F
925,1,HappyBirthday,874,7665.53,F,1,0.0237275,0.074642,2.25939,7.46612,F
926,1,HappyBirthday,365,4745.49,M,1,0.000190958,0.87742,0.0351696,0.0593176,F
926,1,HappyBirthday,1101,3650,M,1,0.154201,25.1121,5.56779,52.1322,F
926,1,HappyBirthday,1264,2190,M,1,0.00424682,0.312632,17.078,1.32643,F
926,1,HappyBirthday,1138,3285,M,1,4.8987e-05,3.4348,99.1956,0.0176657,F
927,1,HappyBirthday,145,11315.8,F,1,0.000443467,0.16332,26.3402,0.148983,F
927,1,HappyBirthday,397,12045.9,M,1,0.0795794,0.579273,12.4534,26.1956,F
927,1,HappyBirthday,494,5110.54,F,1,0.0548262,0.0499625,26.7158,18.1653,F
927,1,HappyBirthday,882,12775.2,M,1,0.0631956,2.27521,66.0898,20.3287,F
927,1,Births,1494,0,F,0,0,0.0220141,0,0,F
928,1,HappyBirthday,203,7300.26,F,1,3.66925e-05,4.67767,50187.9,0.34736,F
928,1,HappyBirthday,266,31025.7,M,1,0.00415907,3.21721,61.2595,1.50658,F
928,1,HappyBirthday,845,27375.2,F,1,0.015787,15.1027,2.02707,4.95212,F
930,1,HappyBirthday,35,5840.01,F,1,0,0.339525,23.6321,0,F
931,1,HappyBirthday,177,21170.6,F,1,0.172059,1.15772,9.14502,59.5429,F
931,1,HappyBirthday,1102,3650,M,1,0.0718759,0.553368,106.818,24.3795,F
932,1,HappyBirthday,181,8395.29,M,1,0.0102666,3.28689,429.221,3.72177,F
932,1,HappyBirthday,215,5840.62,M,1,3.70599e-05,0.332653,654.897,0.0231657,F
932,1,HappyBirthday,1460,365,M,1,0.481202,0.245532,8426.29,557.337,F
932,1,HappyBirthday,688,14965.7,M,1,0.000983312,1.15822,0,0.305844,F
933,1,HappyBirthday,361,5840.04,F,1,0.07629,2.06674,37.7309,25.2917,F
933,1,HappyBirthday,647,9125.68,F,1,0.00431158,1.5738,1392.65,3.7543,F
934,1,HappyBirthday,291,13140.2,F,1,0.0108123,1.37923,20.1369,3.39648,F
934,1,HappyBirthday,962,6570.67,M,1,0.000704396,3.10679,0.572169,0.219313,F
935,1,HappyBirthday,1427,730,M,1,0.00713083,0.283878,141.073,2.68695,F
935,1,HappyBirthday,1395,1095,M,1,0.111494,1.44418,58942.2,317.2,F
936,1,HappyBirthday,322,27740,M,1,0,2.51962,0,0,F
936,1,HappyBirthday,500,7665.42,M,1,0.0126655,4.38134,29.0524,4.08891,F
937,1,HappyBirthday,1265,2190,F,1,0.00405699,4.13942,20.1177,1.39111,F
937,1,Births,1495,0,F,0,0,0.0118423,0,0,F
938,1,HappyBirthday,29,5475.52,M,1,0.00564986,3.46934,0.000799803,1.76079,F
938,1,HappyBirthday,1266,2190,F,1,0.00176984,0.809587,4463.49,1.62194,F
938,1,HappyBirthday,1359,1460,F,1,0.000515435,1.84175,2611.1,0.756283,F
938,1,HappyBirthday,816,22630.7,M,1,0.0252177,0.49793,25.9061,8.7959,F
939,1,HappyBirthday,1428,730,M,1,0.000715583,0.440292,9.86472,0.225635,F
939,1,HappyBirthday,465,6570.18,M,1,0.0107404,3.29994,2687.97,13.9003,F
940,1,HappyBirthday,1303,1825,M,1,0.0996158,0.0408592,47.9134,38.8461,F
942,1,HappyBirthday,1429,730,M,1,0.001832,2.11955,3.19744,0.572267,F
942,1,HappyBirthday,513,12045.1,F,1,0.437964,0.943821,398.382,437.219,F
943,1,HappyBirthday,1461,365,M,1,0.149799,0.563106,447.519,67.2938,F
943,1,HappyBirthday,373,20805.5,F,1,0.00011128,0.261794,101724,0.455283,F
944,1,HappyBirthday,536,33580.4,M,1,0.562512,22.5687,15.5334,256.968,F
944,1,HappyBirthday,810,5475.82,M,1,0.0010343,0.0799548,17.6461,0.323087,F
945,1,HappyBirthday,955,9855,F,1,0.0121712,4.90119,31.5942,3.9868,F
946,1,HappyBirthday,1304,1825,M,1,0.00271237,0.0275058,8.32563,0.874561,F
946,1,HappyBirthday,744,10585.6,M,1,0.00427035,0.155134,0.129637,1.32977,F
946,1,Births,1496,0,M,0,0,0.00192775,0,0,F
948,1,HappyBirthday,1140,3285,M,1,0.409669,2.96059,72.8821,194.157,F
948,1,HappyBirthday,1065,4015,F,1,0.0490625,3.84211,11.4926,15.9692,F
948,1,HappyBirthday,464,6570.93,F,1,0.00241954,0.160468,16.9418,0.81002,F
948,1,HappyBirthday,1228,2555,F,1,0.478757,0.260872,2110.3,750.103,F
949,1,HappyBirthday,342,12045.9,F,1,0.000954756,0.0423477,0.32885,0.296891,F
949,1,HappyBirthday,974,11315.1,M,1,0.000511334,44.8431,0.0565746,0.158979,F
950,1,HappyBirthday,574,8395.77,F,1,0.109142,2.30799,723.968,127.171,F
951,1,HappyBirthday,256,6570.66,M,1,0.000872869,3.04772,0.52878,0.271658,F
951,1,Births,1497,0,M,0,0,0.0475775,0,0,F
952,1,HappyBirthday,1268,2190,M,1,0.000693665,0.0922883,14212.5,6.34829,F
952,1,HappyBirthday,488,31390.7,F,1,0.0219597,0.47475,693.78,8.74197,F
952,1,Births,1498,0,M,0,0,0.00630722,0,0,F
952,1,Births,1499,0,M,0,0,0.269897,0,0,F
953,1,HappyBirthday,1269,2190,M,1,0.00169268,0.0244162,24.4343,0.544034,F
953,1,HappyBirthday,942,14600.7,F,1,0.332892,0.0343249,48.1534,154.762,F
954,1,HappyBirthday,60,21170.6,F,1,0.000118137,1.03491,11.608,0.0383566,F
954,1,HappyBirthday,1229,2555,F,1,0.00207847,0.119519,790.322,0.675282,F
954,1,HappyBirthday,1024,4380,F,1,0.0199269,0.0592724,987.072,14.4333,F
954,1,HappyBirthday,788,8395.26,F,1,0.00891399,5.36529,3901.15,15.4124,F
955,1,HappyBirthday,396,10585.5,M,1,0.00114703,9.38447,2.47798,0.357639,F
955,1,HappyBirthday,1398,1095,M,1,0.00104591,0.0397444,107.04,0.389364,F
955,1,HappyBirthday,1305,1825,M,1,0.737423,0.226834,782.889,864.08,F
956,1,HappyBirthday,1306,1825,F,1,0.0278156,0.141385,236.805,14.4879,F
956,1,HappyBirthday,1186,2920,M,1,0.00206407,0.145516,1.16751,0.642517,F
956,1,HappyBirthday,996,6570.76,F,1,0.000143311,0.0430637,23.568,0.046378,F
956,1,HappyBirthday,1307,1825,F,1,0.807025,0.356998,5744.15,1192.43,F
958,1,HappyBirthday,325,13870.9,F,1,0.009992,0.145427,399.307,3.12215,F
958,1,HappyBirthday,527,15330.3,M,1,0.120693,4.5138,0.129771,39.9788,F
959,1,HappyBirthday,65,9855.46,F,1,0.00603867,1.92282,4213.07,9.7922,F
959,1,HappyBirthday,393,5475.35,F,1,0.00211472,3.96039,0.00651422,0.657868,F
959,1,HappyBirthday,753,4745.89,M,1,0.00198759,1.38243,0.0129988,0.618262,F
959,1,HappyBirthday,760,5110.77,M,1,0.0333858,3.92937,1.08137,10.5565,F
959,1,Births,1500,0,M,0,0,0.105581,0,0,F
960,1,HappyBirthday,156,7300.9,F,1,0.481846,1.27387,1.79247,205.929,F
960,1,HappyBirthday,257,8760.7,F,1,0.00759307,5.09364,298.893,2.41253,F
960,1,HappyBirthday,509,21170.9,F,1,0.0155043,0.636127,1135.57,23.6048,F
960,1,HappyBirthday,1066,4015,M,1,0.00184877,1.35774,1765.87,0.802729,F
961,1,HappyBirthday,1025,4380,F,1,0.00714792,0.215218,0.00918583,2.22995,F
961,1,HappyBirthday,497,11315.8,F,1,0.00300674,6.18453,145.904,0.935969,F
961,1,HappyBirthday,570,6935.46,M,1,0.00755415,9.96556,1786.47,6.10765,F
962,1,HappyBirthday,196,10585.2,M,1,0.233059,1.3382,0.364298,82.4989,F
962,1,HappyBirthday,710,27375.1,M,1,0.0109667,11.1333,3.94e-05,3.42682,F
962,1,HappyBirthday,859,7665.95,F,1,0.00421902,0.0275184,23.2452,1.35865,F
963,1,HappyBirthday,210,18250.4,F,1,0.000832069,1.05654,67315.1,1.78979,F
963,1,HappyBirthday,362,11680.6,F,1,0.000495026,0.530819,96.2743,0.155603,F
963,1,HappyBirthday,1308,1825,M,1,0.000177135,0.0279352,0,0.0550233,F
963,1,HappyBirthday,1270,2190,M,1,0.00832248,1.74406,1117.95,2.88818,F
963,1,HappyBirthday,749,21535.7,M,1,0.676297,21.3687,117.665,415.807,F
963,1,HappyBirthday,1187,2920,M,1,0.00139641,1.80199,0.0865358,0.434737,F
963,1,HappyBirthday,990,5475.72,M,1,0.000100131,12.8361,72.1287,0.0403984,F
963,1,HappyBirthday,1309,1825,M,1,0.241895,0.212536,14.7749,87.7761,F
964,1,HappyBirthday,829,7665.13,M,1,0.00112319,3.20021,545.454,0.411214,F
964,1,HappyBirthday,1399,1095,M,1,0.00064706,0.05744,0.00275293,0.201098,F
965,1,HappyBirthday,1271,2190,F,1,0.0399646,10.6913,0.667233,12.7159,F
965,1,HappyBirthday,877,5110.48,F,1,0.0186033,16.7835,57712.1,73.5364,F
967,1,HappyBirthday,82,14965,F,1,0.000294136,0.952627,4883.25,0.629176,F
967,1,HappyBirthday,1026,4380,F,1,0.00158994,0.720204,56.0725,0.598222,F
967,1,HappyBirthday,1230,2555,F,1,0.0120813,4.02205,73.4846,4.901,F
967,1,HappyBirthday,1027,4380,M,1,0.0101419,0.351487,185.381,3.31652,F
967,1,HappyBirthday,1361,1460,M,1,0.0127818,2.09422,994.533,14.7064,F
968,1,HappyBirthday,115,14965.6,F,1,0.301704,0.507029,5.58298,111.607,F
968,1,HappyBirthday,223,14965.7,M,1,1.51209e-06,1.51625,10316.6,0.0082898,F
968,1,HappyBirthday,820,16060.3,M,1,0.00818391,0.111399,6.13088,2.5808,F
969,1,HappyBirthday,37,7300.15,F,1,0.0123403,6.39319,31.2215,4.00276,F
969,1,HappyBirthday,1272,2190,M,1,0.00251106,3.32326,16.8089,0.847937,F
969,1,HappyBirthday,495,14235.6,M,1,0.00117562,1.39609,0.0104368,0.365541,F
969,1,HappyBirthday,798,7300.93,M,1,0.0260737,7.55093,862.746,8.95852,F
970,1,HappyBirthday,51,13505.9,F,1,0.141932,7.08327,1.71851,47.6045,F
970,1,HappyBirthday,1273,2190,M,1,0.0497697,0.947974,3.27802,16.0769,F
970,1,HappyBirthday,1142,3285,F,1,0.00024731,1.32901,32.966,0.0863965,F
970,1,HappyBirthday,671,11680.4,M,1,0.000976852,0.547344,0.0444516,0.303635,F
970,1,HappyBirthday,1141,3285,F,1,0.0571182,6.99961,0.616663,18.277,F
970,1,HappyBirthday,1231,2555,M,1,0.0103649,0.343784,17.8963,3.4806,F
970,1,HappyBirthday,855,25550.7,M,1,0.00632175,1.01629,68.9012,1.98653,F
970,1,HappyBirthday,1462,365,M,1,0.163558,0.631629,3047.05,182.079,F
972,1,HappyBirthday,586,22630.6,F,1,0.000876791,0.246012,380.411,0.431739,F
973,1,HappyBirthday,1188,2920,M,1,0.0092787,0.477161,126.819,3.02912,F
974,1,HappyBirthday,180,34310.6,M,1,0.0018562,0.470036,0.0976996,0.577597,F
974,1,HappyBirthday,1068,4015,F,1,0.000498867,0.00971724,52950.1,0.625417,F
974,1,HappyBirthday,534,13505.6,F,1,0.00152513,2.27653,0.730838,0.476057,F
974,1,HappyBirthday,767,5475.42,M,1,0.27228,0.14073,6249.83,139.801,F
975,1,HappyBirthday,5,10950.8,M,1,0.000737949,0.0930273,5.44e-05,0.229359,F
975,1,HappyBirthday,71,10220.1,F,1,0.00634634,0.732273,2.96676,1.97917,F
975,1,HappyBirthday,437,10220.6,F,1,0.000259452,1.37429,2788.32,0.372584,F
976,1,HappyBirthday,885,17885.8,M,1,0.0581866,0.241322,12.7563,18.6378,F
977,1,HappyBirthday,357,5110.92,F,1,0,0.129437,0.0139835,0,F
977,1,HappyBirthday,1145,3285,M,1,0.115095,1.05151,3.60515,38.0104,F
977,1,HappyBirthday,516,12410,F,1,0.0163284,0.442562,5.45214,5.21269,F
977,1,HappyBirthday,1069,4015,F,1,0.733559,0.922515,394.229,454.03,F
977,1,HappyBirthday,1463,365,M,1,0.0644197,0.29266,31.4521,21.7999,F
977,1,Births,1501,0,F,0,0,0.0265576,0,0,F
978,1,HappyBirthday,696,4745.67,M,1,0.00708353,0.208173,63.6336,2.2434,F
978,1,HappyBirthday,782,8030.93,M,1,0.00116258,2.53585,4.94292,0.361791,F
978,1,HappyBirthday,787,32120.4,M,1,0.0723654,0.180159,47.7585,25.1494,F
980,1,HappyBirthday,1464,365,M,1,0.00793953,0.669138,110.902,3.14901,F
980,1,HappyBirthday,836,9125.21,F,1,0.00677375,0.271418,1758.07,13.6622,F
981,1,HappyBirthday,336,18250.6,F,1,0.0379923,4.40985,25.4591,13.3022,F
981,1,HappyBirthday,370,6570.81,M,1,0.00530096,1.26324,403.145,2.52221,F
981,1,HappyBirthday,589,20075,M,1,0.000867245,0.2866,7.05003,0.270727,F
982,1,HappyBirthday,305,14235.4,F,1,0.000510236,1.99733,32.0394,0.177611,F
982,1,HappyBirthday,639,23725.5,F,1,0.00382299,0.25388,0.218305,1.19028,F
982,1,HappyBirthday,1362,1460,M,1,0.00606044,0.136002,13446.5,54.4753,F
983,1,HappyBirthday,774,14600.6,F,1,0.00186493,0.386681,0.16922,0.580511,F
984,1,HappyBirthday,1400,1095,M,1,0.00539881,0.0453045,13.347,1.68318,F
984,1,HappyBirthday,1465,365,F,1,0.446574,0.504549,51.1999,218.709,F
985,1,HappyBirthday,56,6935.99,M,1,0.0367889,0.277603,95.8894,11.7773,F
985,1,HappyBirthday,1028,4380,M,1,0.00200601,0.248037,458.163,0.624054,F
985,1,HappyBirthday,1310,1825,F,1,0.869591,0.078138,175.981,1162.25,F
985,1,Births,1502,0,F,0,0,0.0229587,0,0,F
986,1,HappyBirthday,1311,1825,F,1,0.0304615,0.303249,21.9707,10.4172,F
987,1,HappyBirthday,184,11315.1,M,1,0.00432414,3.07944,260.652,1.37096,F
987,1,HappyBirthday,1029,4380,F,1,0.0673743,1.47136,0.642602,21.7194,F
987,1,HappyBirthday,450,13505,M,1,3.71437e-06,2.11874,4376.96,0.006154,F
987,1,HappyBirthday,1312,1825,M,1,0.0064893,2.33488,97.5497,2.30615,F
987,1,HappyBirthday,784,20440.6,F,1,0.00217213,17.4058,64.4728,0.679197,F
989,1,HappyBirthday,593,25185,M,1,0.00467736,0.963366,0.197065,1.45705,F
989,1,HappyBirthday,757,19345.4,M,1,0.0261937,14.3415,1.23439,8.25687,F
989,1,HappyBirthday,1314,1825,M,1,0.0594723,2.65547,11667.1,312.104,F
990,1,HappyBirthday,1363,1460,M,1,0.223061,0.262613,68.2566,83.9294,F
990,1,HappyBirthday,987,6935.85,M,1,0.00421501,3.23906,10740.5,29.7333,F
990,1,HappyBirthday,482,5475.48,M,1,0.00101885,4.97293,82.9011,0.319991,F
990,1,HappyBirthday,863,6570.01,F,1,0.527085,1.27127,11.8761,236.502,F
991,1,HappyBirthday,1232,2555,F,1,0.00676866,0.831082,7964.15,3.12188,F
991,1,HappyBirthday,139,17885.1,M,1,0.00159526,0.102799,0.582836,0.497004,F
991,1,HappyBirthday,327,9490.05,F,1,0,2.20704,5.2254,0,F
992,1,HappyBirthday,10,29565.2,F,1,0.0141746,0.0334588,3.8336,4.52223,F
993,1,HappyBirthday,158,6935.46,F,1,0.00161943,0.257546,1744.19,3.69299,F
993,1,HappyBirthday,414,17885.8,F,1,0.00510906,0.0991061,769.189,1.59265,F
994,1,HappyBirthday,447,32120.8,M,1,0.00434583,0.176274,11402.4,15.7758,F
994,1,HappyBirthday,857,12045,F,1,0.0669253,0.276488,364.258,22.3345,F
995,1,HappyBirthday,1233,2555,F,1,0.00486703,0.145933,21617.8,1.91696,F
995,1,HappyBirthday,261,7300.37,F,1,0.00175173,0.511626,26.4695,0.579845,F
995,1,HappyBirthday,773,12045.3,F,1,0.00083575,0.946592,21.1284,0.269001,F
995,1,HappyBirthday,899,16425.1,M,1,0.0258108,0.102929,31.545,8.2003,F
995,1,HappyBirthday,999,36135.7,F,1,0.000252573,2.32954,3.67192,0.0790448,F
996,1,HappyBirthday,243,16060.2,M,1,0.0030953,0.0293779,1485.55,5.88402,F
996,1,HappyBirthday,264,10220.1,F,1,0.119625,1.1672,2.89081,39.5981,F
996,1,HappyBirthday,510,9855.72,F,1,0.0312139,3.46647,343.156,9.92715,F
996,1,HappyBirthday,730,6205.81,F,1,0.0109411,0.500978,215.158,4.44134,F
996,1,HappyBirthday,935,19345.7,F,1,0.0837909,3.53185,1911.25,135.509,F
998,1,HappyBirthday,564,6935.64,F,1,0.0221971,3.34775,40.0768,6.97965,F
998,1,HappyBirthday,578,4745.66,M,1,0.00147268,3.08517,33.5479,0.514564,F
998,1,HappyBirthday,846,8395.14,F,1,0.00747626,0.223722,10.0638,2.34974,F
998,1,HappyBirthday,1146,3285,F,1,0.00304351,1.4921,11.7201,0.996973,F
999,1,HappyBirthday,316,6205.74,M,1,0.000362621,0.581678,2938.8,0.529281,F
999,1,HappyBirthday,603,20075.2,F,1,0,0.517253,0.385195,0,F
999,1,HappyBirthday,692,8030.51,F,1,0.000118502,17.7144,33636.1,0.844622,F
1000,1,HappyBirthday,584,14965.7,F,1,0.0615663,3.03815,6.1177,19.7663,F
1001,1,HappyBirthday,1234,2555,M,1,0.0184473,1.1785,94.6132,7.55023,F
1001,1,HappyBirthday,401,8030.19,M,1,0.00886912,3.43384,5.57438,2.76853,F
1001,1,HappyBirthday,1365,1460,M,1,0.661107,0.0631044,18.183,336.364,F
1001,1,HappyBirthday,1316,1825,M,1,0.0570191,2.139,1629.55,20.6532,F
1002,1,HappyBirthday,277,7665.66,M,1,0.0472223,1.34005,44.7474,15.3735,F
1002,1,HappyBirthday,1190,2920,F,1,0.0664959,0.129427,8.19904,22.101,F
1002,1,HappyBirthday,659,6205.05,M,1,0.00224486,1.76044,336.812,1.05325,F
1002,1,HappyBirthday,891,6205.58,M,1,0,0.137372,11582.4,0,F
1003,1,HappyBirthday,300,26645.7,M,1,0.089805,0.00889434,16.1828,31.2143,F
1003,1,HappyBirthday,345,10220.5,M,1,0.000346021,2.73803,36.9162,0.107992,F
1003,1,HappyBirthday,1073,4015,M,1,0.0131265,1.9023,3.75422,4.10771,F
1003,1,HappyBirthday,1466,365,M,1,0.0781394,0.0205268,775.515,26.7484,F
1004,1,HappyBirthday,1191,2920,M,1,0.030101,0.719899,10.3204,9.86589,F
1004,1,HappyBirthday,1148,3285,F,1,0.0455111,0.0457941,0.0295819,14.4756,F
1005,1,HappyBirthday,155,13140.3,F,1,6.48541e-05,1.54013,3332.34,0.0424522,F
1005,1,HappyBirthday,379,7300.24,F,1,0.00636594,14.9734,2.63343,1.98483,F
1005,1,HappyBirthday,1317,1825,M,1,0.000935081,2.69835,18.3357,0.301612,F
1006,1,HappyBirthday,712,12045.6,F,1,0.00176278,0.422568,0.335921,0.549091,F
1006,1,HappyBirthday,1192,2920,F,1,0.0227051,0.833761,1296.43,42.5451,F
1007,1,HappyBirthday,143,6935,F,1,5.73425e-06,0.682023,11.6609,0.00186956,F
1008,1,HappyBirthday,1467,365,F,1,0.000782132,2.05572,2.2002,0.245766,F
1009,1,HappyBirthday,1318,1825,M,1,0.0909551,0.388439,4871.28,311.64,F
1009,1,HappyBirthday,302,18250.4,F,1,0.00101609,4.55178,139.797,0.408219,F
1009,1,HappyBirthday,1319,1825,M,1,0.0149436,0.0700356,16737.6,142.563,F
1009,1,HappyBirthday,966,11680.9,F,1,0,4.28269,1.25553,0,F
1010,1,HappyBirthday,13,11315.7,M,1,0.00112999,0.0416534,902.47,0.383603,F
1010,1,HappyBirthday,48,6935.78,F,1,0.000197574,0.13478,2557.76,0.285804,F
1010,1,HappyBirthday,936,7300.03,F,1,1.79622e-06,1.64051,6608.22,0.00479837,F
1011,1,HappyBirthday,209,8030.41,F,1,0.000784901,1.18096,0.390703,0.244513,F
1011,1,HappyBirthday,415,4745.92,M,1,4.87602e-06,0.0324801,2.18981e-05,0.00152878,F
1012,1,HappyBirthday,470,17155,M,1,0.0135257,6.93723,0.0008368,4.23196,F
1012,1,HappyBirthday,695,25550.5,M,1,0.001851,6.90143,2.30943,0.576959,F
1012,1,HappyBirthday,1030,4380,M,1,0.067762,2.48142,3.79071,22.1388,F
1012,1,HappyBirthday,1468,365,M,1,0.00273614,0.35675,6010.56,2.61819,F
1013,1,HappyBirthday,94,4745.53,M,1,0.00680122,0.617021,1.58847,2.12603,F
1013,1,HappyBirthday,997,7300.54,F,1,0.0213624,50.9871,51.1684,6.84648,F
1013,1,HappyBirthday,1366,1460,F,1,0.000439451,0.448377,0.0544433,0.136384,F
1013,1,HappyBirthday,165,33215.6,F,1,0.0908728,0.712443,57.2406,35.932,F
1014,1,HappyBirthday,1149,3285,M,1,0.0274944,2.13916,30.752,9.03578,F
1015,1,HappyBirthday,441,5475.98,F,1,0.000873865,0.21231,40.2512,0.290533,F
1017,1,HappyBirthday,149,14965.8,F,1,0.000238959,2.59246,1798.23,0.398888,F
1017,1,HappyBirthday,1469,365,F,1,0.562489,0.0468054,134.022,315.772,F
1017,1,HappyBirthday,684,9490.27,M,1,0.00640337,0.559918,0.0227874,1.99608,F
1018,1,HappyBirthday,144,4745.71,M,1,0.583857,14.8778,8.74006,272.863,F
1018,1,HappyBirthday,151,6935.45,F,1,0.00286599,1.106,0.35777,0.891668,F
1018,1,HappyBirthday,1367,1460,F,1,0.00101178,0.593753,0.0771997,0.314732,F
1019,1,HappyBirthday,278,24820.1,M,1,3.0003e-05,0.922723,0.018,0.0093432,F
1019,1,HappyBirthday,1321,1825,M,1,0.532778,1.07695,1058.88,419.518,F
1020,1,HappyBirthday,717,13505.3,F,1,0.0363044,0.0774198,428.498,31.1127,F
1020,1,HappyBirthday,964,10950.9,F,1,0.244554,12.7536,0.655551,87.1589,F
1021,1,HappyBirthday,1368,1460,F,1,0.808793,0.0233359,255.018,518.832,F
1022,1,HappyBirthday,1150,3285,F,1,0.0527392,0.0883913,33.4701,17.6909,F
1022,1,HappyBirthday,274,6570.1,M,1,0,0.202601,50.6744,0,F
1022,1,HappyBirthday,363,24820.6,M,1,0.0124275,0.245346,1034.24,3.89214,F
1022,1,HappyBirthday,522,10586,F,1,0.0769492,0.0572625,137.068,29.1573,F
1022,1,HappyBirthday,1276,2190,F,1,0.0749195,1.00394,0.173572,24.2232,F
1022,1,HappyBirthday,898,17885.5,F,1,0.00256821,0.962221,1.71261,0.799034,F
1023,1,HappyBirthday,615,12775.1,F,1,0.000189,26.6659,356.904,0.060373,F
1024,1,HappyBirthday,230,21900.9,M,1,0.000724993,1.04231,2.45531,0.22732,F
1024,1,HappyBirthday,456,21900.5,F,1,0.0160588,1.17085,5294.54,15.2381,F
1024,1,HappyBirthday,1431,730,M,1,0.00914404,0.388561,47.9811,3.039,F
1024,1,HappyBirthday,1470,365,F,1,0.578143,0.256548,112.578,318.135,F
1025,1,HappyBirthday,912,19345.9,F,1,1.02764e-05,2.30347,18.7491,0.0032228,F
1025,1,Births,1503,0,M,0,0,0.259337,0,0,F
1026,1,HappyBirthday,1107,3650,M,1,0.000645701,0.37343,4.41865,0.202086,F
1026,1,HappyBirthday,1108,3650,F,1,0.0112905,5.19837,14.8913,3.7455,F
1026,1,HappyBirthday,894,21535.4,M,1,0.00206197,5.84084,93.3137,0.892443,F
1027,1,HappyBirthday,1151,3285,F,1,0.492682,1.1548,124.279,301.023,F
1027,1,HappyBirthday,408,19345.7,F,1,0.620512,2.16757,4.10533,303.802,F
1028,1,HappyBirthday,858,9855.26,M,1,0.0686338,0.295201,98.7535,25.6818,F
1029,1,Births,1504,0,M,0,0,0.031468,0,0,F
1030,1,HappyBirthday,1000,11680.8,M,1,0.000454113,0.0124988,1.4e-06,0.141123,F
1030,1,HappyBirthday,604,24820.8,F,1,0.042,0.495062,0.595819,13.337,F
1031,1,HappyBirthday,118,11680.4,M,1,0.156049,0.905455,145.733,59.7795,F
1031,1,HappyBirthday,1322,1825,F,1,0.0104435,0.392752,17754,10.8118,F
1032,1,HappyBirthday,191,12045.9,F,1,0.00462112,0.29216,68.4571,1.4453,F
1033,1,HappyBirthday,399,9125.61,F,1,0.00416245,3.15852,9.11436,1.29654,F
1034,1,HappyBirthday,100,20440.6,M,1,0.588351,0.569219,11.8941,278.384,F
1034,1,HappyBirthday,694,9855.45,F,1,0.0542427,64.2597,38.7456,17.8098,F
1034,1,HappyBirthday,949,18980.1,M,1,0.336846,0.30197,1357,266.317,F
1035,1,HappyBirthday,1238,2555,F,1,0.089374,3.90266,8473.01,254.559,F
1036,1,HappyBirthday,514,4745,M,1,0.24564,0.0913624,0.853401,87.623,F
1036,1,HappyBirthday,567,26280.8,F,1,0.0450039,1.2479,2095.25,15.1253,F
1036,1,HappyBirthday,993,11315,F,1,0.0122163,47.0843,277.045,4.2003,F
1036,1,HappyBirthday,799,6570.26,F,1,0.19014,5.73086,49.5875,70.4216,F
1036,1,HappyBirthday,1194,2920,F,1,0.0974117,0.164573,26.3928,31.957,F
1037,1,HappyBirthday,86,17885.5,F,1,0.0168872,0.787871,681.788,5.43165,F
1037,1,HappyBirthday,1369,1460,M,1,0.0940899,0.0914954,99.6434,35.2103,F
1037,1,HappyBirthday,426,9125.15,F,1,0.0804415,1.55852,2.94694,26.0912,F
1037,1,HappyBirthday,805,5475.09,M,1,0.0328195,0.0667445,1000.4,12.7109,F
1038,1,HappyBirthday,1195,2920,M,1,0.00286839,0.0962657,224.139,1.20197,F
1038,1,HappyBirthday,1152,3285,M,1,0.00158262,1.39141,0.654189,0.492872,F
1038,1,HappyBirthday,360,17155.3,F,1,0.00973587,8.01876,31.2414,3.17369,F
1038,1,HappyBirthday,481,5475.36,F,1,0.0617929,0.842631,162.896,27.2047,F
1038,1,HappyBirthday,1370,1460,F,1,0.00294306,2.04085,61.0161,1.00139,F
1038,1,HappyBirthday,1432,730,M,1,0.151685,0.0353083,37.8726,51.5457,F
1039,1,HappyBirthday,1433,730,M,1,0.00814416,0.134216,49909.6,47.0507,F
1039,1,HappyBirthday,762,5475.6,F,1,0.0128068,2.79058,3817.88,22.0483,F
1039,1,HappyBirthday,1401,1095,F,1,0.000317177,0.18387,8.40091,0.10155,F
1040,1,HappyBirthday,1239,2555,M,1,0.00629141,0.246202,1.70942,1.96308,F
1040,1,HappyBirthday,844,16060.7,M,1,0.0400566,1.5564,1690.57,48.1117,F
1041,1,HappyBirthday,487,13505.6,M,1,0.00246044,0.935979,19.9276,0.768456,F
1041,1,HappyBirthday,644,15695.2,M,1,0.109795,0.160684,132.784,54.311,F
1041,1,HappyBirthday,1109,3650,F,1,0.00596901,1.43661,17.3127,2.02015,F
1042,1,HappyBirthday,6,7300.05,F,1,0.000178441,1.86407,19.1829,0.0556293,F
1042,1,HappyBirthday,28,19345.9,F,1,0.000587646,0.724581,0.11212,0.182687,F
1042,1,HappyBirthday,106,9490.68,M,1,0.00617099,0.919057,6534.93,34.8442,F
1043,1,HappyBirthday,20,8030.2,M,1,0.000251042,2.08629,0.151011,0.0779756,F
1043,1,HappyBirthday,1402,1095,M,1,0.317432,0.411142,8753.46,524.331,F
1043,1,HappyBirthday,724,10220.3,M,1,0.00125522,0.523793,28.1331,0.405759,F
1043,1,HappyBirthday,726,25915.4,M,1,0.0011263,3.29174,1181.07,0.414461,F
1044,1,HappyBirthday,202,30295.1,F,1,0.000775888,0.0135164,5.09459,0.241373,F
1045,1,HappyBirthday,101,6205.16,F,1,0.000782008,0.362381,0.323074,0.24326,F
1045,1,HappyBirthday,1277,2190,M,1,0.0717724,0.703853,1771.21,23.1815,F
1046,1,HappyBirthday,276,5840.48,F,1,0.000317497,0.150116,59.7895,0.106977,F
1046,1,HappyBirthday,674,8760.58,M,1,0.0549816,1.72658,30.5244,19.7505,F
1046,1,HappyBirthday,1033,4380,F,1,0.0139746,0.601451,22.3901,4.52772,F
1046,1,HappyBirthday,736,14600.4,M,1,0.0635421,0.79815,18.9084,20.9949,F
1048,1,HappyBirthday,292,5840.5,F,1,0.00027451,2.30399,483.151,0.0905427,F
1049,1,HappyBirthday,19,24455.2,M,1,0.104933,0.5436,11.8143,36.115,F
1049,1,HappyBirthday,1403,1095,M,1,0.184156,0.915191,83.079,71.495,F
1049,1,HappyBirthday,1196,2920,M,1,0.00356222,0.822989,0.0663069,1.10922,F
1050,1,HappyBirthday,315,15330.2,M,1,0.000398753,1.34835,27.8558,0.133711,F
1050,1,HappyBirthday,346,28105.4,M,1,0.0890942,0.259303,80.2651,29.0003,F
1050,1,HappyBirthday,678,5110.61,F,1,0.000198481,6.31222,38.6748,0.0644957,F
1051,1,HappyBirthday,284,16790.6,F,1,0.00211883,0.324596,35.5252,0.687734,F
1052,1,HappyBirthday,214,6205.02,M,1,0.00487269,4.08006,0.0586796,1.51768,F
1052,1,HappyBirthday,823,5475.56,F,1,0.00254224,3.12871,687.871,2.73712,F
1052,1,HappyBirthday,1471,365,M,1,0.228498,0.00512639,3527.17,168.827,F
1053,1,HappyBirthday,1035,4380,F,1,0.00865317,2.44831,6.87632e-06,2.70093,F
1053,1,HappyBirthday,503,6935.92,F,1,0.0402019,3.13571,0.18723,12.7516,F
1053,1,HappyBirthday,591,12410.1,M,1,4.9115e-05,1.45828,747.94,0.0619962,F
1053,1,HappyBirthday,721,9490.81,M,1,0.00179089,1.13724,152.817,0.558119,F
1053,1,HappyBirthday,1472,365,F,1,0.203339,0.202694,26790.5,1440.49,F
1054,1,HappyBirthday,154,21170.4,M,1,0.000150849,31.1373,11.5256,0.0470894,F
1054,1,HappyBirthday,1197,2920,M,1,0.0384187,0.180682,9.93938,12.3579,F
1055,1,HappyBirthday,238,4745.24,F,1,0.00318235,0.227856,25.2677,1.01395,F
1055,1,Births,1505,0,M,0,0,0.025153,0,0,F
1056,1,HappyBirthday,1434,730,F,1,0.0778677,0.0246343,14950.2,168.574,F
1056,1,Births,1506,0,F,0,0,0.157501,0,0,F
1057,1,HappyBirthday,620,7665.57,F,1,0.00130597,0.644829,2.41968,0.409464,F
1057,1,HappyBirthday,703,25185,M,1,0.00391212,2.12424,9.99433,1.22186,F
1057,1,HappyBirthday,751,5475.67,F,1,0.00839267,0.255634,0.0203311,2.6195,F
1058,1,HappyBirthday,50,10950.1,F,1,0.0175274,0.0447787,1439.25,5.61036,F
1058,1,HappyBirthday,502,7665.12,F,1,0.00296223,0.140806,24.2254,0.959932,F
1058,1,HappyBirthday,556,4745.41,M,1,0.505623,0.107354,723.581,452.329,F
1058,1,HappyBirthday,1075,4015,F,1,0.0944542,1.02253,24.1699,34.0699,F
1058,1,Births,1507,0,M,0,0,0.303332,0,0,F
1059,1,HappyBirthday,9,6935.07,F,1,0.0917472,1.21706,0.193261,29.9066,F
1059,1,HappyBirthday,701,4745.88,M,1,1.60581e-06,0.452333,19736.8,0.00541676,F
1059,1,HappyBirthday,1036,4380,M,1,0.00286205,1.08842,3613.36,0.975459,F
1060,1,HappyBirthday,1473,365,F,1,0.00459192,0.47177,10.0786,1.43233,F
1060,1,HappyBirthday,612,35040.2,M,1,0.000344445,0.667963,932.502,0.462419,F
1060,1,HappyBirthday,648,17155.7,M,1,0.000872371,0.879121,963.898,1.3319,F
1060,1,HappyBirthday,930,10585.3,F,1,1.4117e-05,0.231949,4e-07,0.0043962,F
1060,1,Births,1508,0,M,0,0,0.143446,0,0,F
1061,1,HappyBirthday,3,6205.02,M,1,0.0529282,8.82289,14.8144,16.9024,F
1061,1,HappyBirthday,1324,1825,F,1,0.0358411,0.439377,1155.74,28.6361,F
1061,1,HappyBirthday,1435,730,F,1,0.0259694,2.33277,207.065,10.8301,F
1061,1,HappyBirthday,1111,3650,M,1,5.43797e-05,1.39239,12365.8,0.326723,F
1061,1,HappyBirthday,992,6935.5,M,1,0.0489304,0.075896,26.9665,16.2357,F
1061,1,HappyBirthday,680,4745.79,F,1,8.19852e-06,0.841919,1967.5,0.0205111,F
1062,1,HappyBirthday,529,9125.31,F,1,0.000174054,7.38392,5567.84,0.108325,F
1062,1,HappyBirthday,607,16060,F,1,0.00570053,2.31343,217.438,2.40037,F
1062,1,HappyBirthday,938,6570.77,M,1,0.00955301,0.266327,20.6682,3.28969,F
1063,1,HappyBirthday,1153,3285,M,1,0.00703317,0.262176,5.27895,2.20063,F
1063,1,HappyBirthday,1474,365,F,1,0.0461478,0.222033,22.6157,15.1501,F
1064,1,HappyBirthday,269,13140.5,F,1,0.00171853,0.600207,0.142155,0.534754,F
1064,1,HappyBirthday,1372,1460,F,1,0.0187778,6.28946,17.7819,6.03979,F
1064,1,HappyBirthday,665,10220.8,F,1,0.610302,7.05158,3.26005,294.426,F
1065,1,HappyBirthday,186,9490.61,M,1,2.05494e-05,2.1766,51363.5,0.0525086,F
1065,1,HappyBirthday,189,16790,M,1,0.00355905,0.405637,0.563317,1.1082,F
1065,1,HappyBirthday,356,8395.76,F,1,0.0762246,0.50274,14.8988,25.4197,F
1065,1,HappyBirthday,463,8030.2,F,1,0.00158126,1.7573,274.541,0.801271,F
1065,1,HappyBirthday,673,8760.47,F,1,0.00201131,0.425378,9.90068,0.627268,F
1065,1,HappyBirthday,1436,730,F,1,0.00631873,0.401812,167.388,2.37936,F
1065,1,HappyBirthday,978,10950.9,F,1,0.073083,0.972817,139.888,23.5871,F
1066,1,HappyBirthday,1279,2190,F,1,0.00539251,0.499522,13.3652,1.73084,F
1066,1,HappyBirthday,1404,1095,M,1,0.083279,0.159069,5873.42,138.03,F
1066,1,HappyBirthday,1405,1095,F,1,0.452973,0.511042,7361.08,718.051,F
1066,1,HappyBirthday,720,21535,F,1,0.00260318,0.46127,18.2739,0.870796,F
1066,1,HappyBirthday,1475,365,M,1,0.0396352,0.098847,128.64,16.4126,F
1067,1,HappyBirthday,1240,2555,F,1,0.0915937,1.01398,3792.49,138.499,F
1067,1,HappyBirthday,369,13140.5,F,1,0.104136,2.12944,57.1973,40.8655,F
1067,1,HappyBirthday,382,9125.44,M,1,0.0024034,1.48563,9197.61,8.05466,F
1067,1,HappyBirthday,952,5840.21,M,1,0.015198,0.909239,138.428,4.76247,F
1068,1,HappyBirthday,36,9125.77,M,1,0.000937235,0.137001,32.5565,0.309494,F
1068,1,HappyBirthday,81,25185.2,M,1,0.136888,4.95453,13.0531,46.7569,F
1068,1,HappyBirthday,442,6570.66,F,1,0.00348628,1.49942,108.875,1.27385,F
1068,1,HappyBirthday,1198,2920,M,1,0.0088888,0.0104851,47482.1,39.7297,F
1068,1,HappyBirthday,1325,1825,M,1,0.0756081,1.42085,206.659,30.3147,F
1068,1,HappyBirthday,739,6205.78,M,1,0.0022971,0.636502,1039.57,1.39689,F
1068,1,HappyBirthday,755,33945.6,M,1,0.0137446,0.0565291,2.84817,4.30284,F
1068,1,HappyBirthday,830,17885,F,1,0.000692189,11.693,21.3946,0.215385,F
1069,1,HappyBirthday,161,5110.01,F,1,0.000444281,2.85864,45.8949,0.141723,F
1069,1,HappyBirthday,193,11680.5,M,1,0.00281131,2.99881,375.959,2.24416,F
1069,1,HappyBirthday,275,27010.7,F,1,0.0238929,0.306086,0.0029276,7.51544,F
1070,1,HappyBirthday,208,6570.69,M,1,4.61445e-05,0.291838,37335.1,0.060001,F
1070,1,HappyBirthday,1199,2920,M,1,0.00762336,1.3318,1037.29,11.6569,F
1070,1,HappyBirthday,864,18980.6,M,1,8.82278e-05,1.75032,364.986,0.0416464,F
1072,1,HappyBirthday,16,6205.67,M,1,0.0766751,0.664409,123.436,24.7928,F
1072,1,HappyBirthday,491,19710.9,F,1,0.12159,0.192498,1007.72,42.6506,F
1072,1,HappyBirthday,1077,4015,M,1,0.00814073,8.74658,237.051,2.6575,F
1072,1,HappyBirthday,1280,2190,F,1,0.120468,0.788318,150.821,55.4862,F
1073,1,HappyBirthday,329,14235.6,F,1,0.0206645,0.316755,1.1436,6.49412,F
1074,1,HappyBirthday,980,7300.57,F,1,0.0338563,21.1013,1.23336,10.7039,F
1074,1,HappyBirthday,802,4745.17,F,1,0.000107327,1.12375,4.93514,0.0336144,F
1074,1,HappyBirthday,886,5110.74,M,1,0.0425542,0.284417,18.8927,13.5319,F
1075,1,HappyBirthday,539,17885.9,F,1,0.00018385,0.0961058,573.847,0.0607032,F
1076,1,HappyBirthday,596,24090.3,F,1,0.0395334,0.151435,8.75406,12.6056,F
1076,1,HappyBirthday,828,7300.03,F,1,0.63512,3.24894,279.618,316.89,F
1077,1,HappyBirthday,407,22265.9,F,1,0.0104514,0.799347,6.63346,3.30261,F
1078,1,HappyBirthday,1200,2920,F,1,0.0125808,0.186416,269.85,8.4945,F
1078,1,HappyBirthday,1282,2190,F,1,0.511537,0.0255,792.3,357.202,F
1078,1,HappyBirthday,1156,3285,F,1,0.00442837,1.73506,79.8065,1.47585,F
1079,1,HappyBirthday,970,11315.6,M,1,0.0330789,0.322259,145.076,13.394,F
1080,1,HappyBirthday,1113,3650,F,1,0.0345012,0.885041,187.897,10.913,F
1080,1,HappyBirthday,1241,2555,M,1,0.103412,0.406505,2.84359,33.9587,F
1080,1,HappyBirthday,1078,4015,F,1,0.00720686,1.53429,1668.62,2.26495,F
1081,1,HappyBirthday,413,8395.61,F,1,0.00162357,1.044,0.0332788,0.505102,F
1082,1,HappyBirthday,438,8760.04,M,1,0.161229,5.59313,230.623,55.864,F
1082,1,HappyBirthday,1080,4015,M,1,0.00141441,0.797214,21.2452,0.454159,F
1082,1,HappyBirthday,1201,2920,M,1,0.000656911,0.044852,20.9835,0.221485,F
1082,1,HappyBirthday,709,14965.8,F,1,0.185941,3.42331,0.229949,63.9343,F
1082,1,HappyBirthday,1476,365,M,1,0.00314623,0.638691,24.0139,1.01296,F
1083,1,HappyBirthday,263,25185.3,F,1,0.000417974,1.87794,2236.47,0.555676,F
1083,1,HappyBirthday,1081,4015,M,1,0.013249,3.02211,142.404,4.22884,F
1083,1,HappyBirthday,931,10950.1,M,1,0.0143165,0.133772,610.291,4.88158,F
1083,1,HappyBirthday,1242,2555,F,1,0.00333239,0.147542,5.50502,1.03786,F
1084,1,HappyBirthday,1114,3650,M,1,0.173259,2.18652,3196.82,87.1768,F
1084,1,HappyBirthday,897,24090.9,F,1,0.158171,9.92545,2.97475,53.6138,F
1084,1,HappyBirthday,944,20440.4,M,1,0.580569,5.61218,24.5978,278.975,F
1085,1,HappyBirthday,427,7300.43,F,1,0.00239266,2.44653,16.8807,0.747916,F
1085,1,HappyBirthday,1243,2555,M,1,0.0759844,0.878672,24543.4,51.0928,F
1085,1,HappyBirthday,713,6205.6,M,1,0.00626431,0.187342,0.0296951,1.95308,F
1085,1,HappyBirthday,722,27375.9,F,1,0.00476754,0.0203575,2057.36,1.48539,F
1086,1,HappyBirthday,1437,730,F,1,0.00150639,0.04048,18.405,0.480017,F
1086,1,HappyBirthday,1244,2555,F,1,0.0779326,0.333113,133.575,25.2988,F
1086,1,HappyBirthday,1082,4015,M,1,4.24408e-07,0.133895,11587.3,0.000847571,F
1087,1,HappyBirthday,1283,2190,M,1,0.000792068,2.76744,1.10786,0.246125,F
1088,1,HappyBirthday,1202,2920,M,1,0.0184793,0.201734,1.40027,5.80943,F
1089,1,HappyBirthday,1038,4380,M,1,0.000805359,2.9073,137.923,0.401969,F
1090,1,HappyBirthday,765,16060.7,F,1,0.000271516,0.269956,0.97006,0.0843702,F
1091,1,HappyBirthday,1327,1825,F,1,0.79858,0.0739698,16.6948,498.119,F
1092,1,HappyBirthday,225,13140.2,M,1,0.00476179,0.348638,1274.87,1.67896,F
1092,1,HappyBirthday,400,6570.56,M,1,0.124091,0.0252587,0.318237,41.1983,F
1093,1,HappyBirthday,1328,1825,F,1,0.292218,0.100688,36116.2,1506.71,F
1094,1,HappyBirthday,1329,1825,F,1,0.0500851,0.31727,22.8135,17.6348,F
1094,1,HappyBirthday,583,5110.65,F,1,0.0622909,0.0586994,1.90557,20.0451,F
1094,1,HappyBirthday,729,5840.85,M,1,0.426064,0.0546405,63.4577,204.898,F
1094,1,HappyBirthday,985,17155.2,M,1,0.0019528,7.43113,348.88,0.744054,F
1095,1,HappyBirthday,220,20440.7,M,1,0.168611,0.564605,1.54316,57.3968,F
1095,1,HappyBirthday,933,30295.9,F,1,0.00803936,0.643458,111.212,3.39576,F
1096,1,HappyBirthday,1438,730,F,1,0.000934128,0.795361,12.6414,0.303177,F
1096,1,HappyBirthday,954,18615.9,F,1,3.53112e-05,6.05157,83.8064,0.0114348,F
1097,1,HappyBirthday,1407,1095,F,1,0.0212922,1.62286,234.576,8.68372,F
1098,1,HappyBirthday,240,5840.85,M,1,0.000905995,0.896797,0.840089,0.282117,F
1098,1,HappyBirthday,289,5840.17,F,1,0.0185821,57.0088,4368.1,8.69325,F
1098,1,HappyBirthday,976,8395.38,M,1,0.000299114,0.335919,46.4042,0.0941238,F
1099,1,HappyBirthday,1245,2555,F,1,0.0232816,0.0560657,95.4768,9.21336,F
1099,1,HappyBirthday,634,31025.3,M,1,0.00115908,0.116624,0.326104,0.360681,F
1100,1,HappyBirthday,1203,2920,F,1,0.0189999,0.160623,62.8469,7.09797,F
1100,1,HappyBirthday,1116,3650,F,1,0.122646,7.81289,0.0932871,40.6783,F
1100,1,HappyBirthday,610,31025.2,M,1,0.00137672,0.0627085,23.59,0.445619,F
1100,1,HappyBirthday,893,14235.6,M,1,0.018677,1.39302,1239.09,16.5784,F
1101,1,HappyBirthday,459,11680.6,F,1,0.00809987,0.350161,385.484,2.83102,F
1101,1,HappyBirthday,689,6205.4,F,1,0.0190635,0.57092,5.8625,6.03544,F
1101,1,HappyBirthday,778,6570.45,M,1,0.0246593,2.09855,3131.18,34.2812,F
1101,1,HappyBirthday,977,7300.94,M,1,0.817421,0.622561,175.03,658.376,F
1102,1,HappyBirthday,458,17520.6,M,1,0.00910319,1.84641,170.015,4.94264,F
1102,1,HappyBirthday,754,13870.6,M,1,0.00164684,6.39247,27.0467,0.534144,F
1102,1,HappyBirthday,1204,2920,M,1,0.000419522,0.293587,24.2447,0.13609,F
1103,1,HappyBirthday,190,13140.5,M,1,0.00313493,1.41229,69.8899,0.992372,F
1103,1,HappyBirthday,1158,3285,F,1,0.00706796,0.140188,0.0043777,2.2048,F
1104,1,HappyBirthday,1002,4745,M,1,0.117037,1.58915,82.7264,38.9407,F
1104,1,HappyBirthday,1477,365,M,1,0.0367533,0.0826267,6448.15,51.9374,F
1104,1,HappyBirthday,367,22630.4,F,1,0.00985184,0.140065,6118.48,4.11841,F
1104,1,HappyBirthday,1478,365,M,1,0.00158345,0.229398,158.733,0.758373,F
1104,1,HappyBirthday,948,8030.26,M,1,0.112234,6.5363,22.3149,40.5962,F
1105,1,HappyBirthday,1039,4380,M,1,0.0583897,0.0836123,1.11242,18.7038,F
1105,1,HappyBirthday,968,10220.1,M,1,0.0320413,0.30689,3201.66,11.41,F
1105,1,Births,1509,0,F,0,0,0.0908073,0,0,F
1106,1,HappyBirthday,104,5475.84,M,1,0.0117228,1.7774,24.9932,3.682,F
1106,1,HappyBirthday,247,5110.74,M,1,0.000859726,0.14576,20.2929,0.282044,F
1106,1,HappyBirthday,1159,3285,M,1,0.0825056,0.884654,1.15724,26.7626,F
1106,1,HappyBirthday,597,12410.9,M,1,0.000739274,0.325179,31.0064,0.242212,F
1106,1,HappyBirthday,1330,1825,M,1,0.517711,7.75538,1711.03,445.599,F
1106,1,Births,1510,0,M,0,0,0.241815,0,0,F
1107,1,HappyBirthday,57,11680.8,F,1,0.0185847,0.228891,0.889942,5.82982,F
1107,1,HappyBirthday,1205,2920,M,1,0.0048657,0.63772,1204.77,3.55201,F
1108,1,HappyBirthday,643,9125.21,M,1,0.0336557,0.00758911,917.436,12.5374,F
1108,1,HappyBirthday,812,17885.8,M,1,0.00783895,1.26539,69.1741,2.46453,F
1109,1,HappyBirthday,476,9125.8,F,1,1.57924e-05,0.769044,865.098,0.0058206,F
1110,1,HappyBirthday,1083,4015,M,1,0.314337,0.101585,5.51991,117.855,F
1110,1,HappyBirthday,136,7665.54,F,1,0.0113615,0.318679,1.96456,3.55132,F
1110,1,HappyBirthday,1005,4745,M,1,0.000202183,0.916482,10.7673,0.0638071,F
1110,1,HappyBirthday,1004,4745,M,1,0.0040802,0.62114,13.672,1.27682,F
1112,1,HappyBirthday,324,24820.5,M,1,0.00109999,0.350282,642.592,0.642,F
1112,1,HappyBirthday,339,23725.2,F,1,0.00304181,0.0348634,50.936,1.15,F
1112,1,HappyBirthday,1333,1825,M,1,0.0109282,0.0379759,17320,10.0957,F
1113,1,HappyBirthday,436,13505.3,F,1,0.105115,0.916372,1.26194,34.5183,F
1113,1,HappyBirthday,915,6935.13,F,1,0.00103529,1.54317,10.642,0.325205,F
1114,1,HappyBirthday,1408,1095,M,1,0.00619077,0.63064,26.9308,1.96934,F
1114,1,HappyBirthday,1161,3285,F,1,0.0299284,0.219986,0.788057,9.4458,F
1114,1,HappyBirthday,1409,1095,F,1,0.000461285,0.313508,26801.9,5.80165,F
1115,1,HappyBirthday,1284,2190,M,1,0.00183191,0.0500336,0.177989,0.570205,F
1115,1,Births,1511,0,F,0,0,0.0192887,0,0,F
1116,1,HappyBirthday,79,22995.7,F,1,0.0149218,0.710741,109.29,5.39444,F
1116,1,HappyBirthday,668,10950.1,M,1,0.000434834,0.262011,6.97349,0.139718,F
1116,1,HappyBirthday,702,8395.51,M,1,0.00106719,3.4644,34.4595,0.336723,F
1117,1,HappyBirthday,217,5110.57,F,1,0.00671317,3.19784,15204.7,3.64572,F
1118,1,HappyBirthday,983,8760.53,F,1,0.00703431,0.308555,475.639,3.58137,F
1118,1,HappyBirthday,794,6205.33,M,1,0.000206691,0.167911,28195.5,0.216498,F
1119,1,HappyBirthday,1118,3650,F,1,0.00769629,3.79152,0.611198,2.40175,F
1119,1,HappyBirthday,1334,1825,F,1,0.0413938,0.671229,856.022,20.2199,F
1119,1,HappyBirthday,543,21535.7,F,1,0.0236441,0.153034,17.9348,7.44061,F
1120,1,HappyBirthday,1041,4380,F,1,0.0687716,0.449036,0.41061,22.1585,F
1120,1,HappyBirthday,1373,1460,M,1,0.0788221,0.961384,1368.47,33.4722,F
1120,1,HappyBirthday,796,24090.2,M,1,0,1.36399,38.1651,0,F
1120,1,HappyBirthday,932,16790.7,F,1,0.00321811,31.3586,1.66537,1.00175,F
1121,1,HappyBirthday,1439,730,F,1,0.00991313,0.341217,68.7528,3.50436,F
1121,1,HappyBirthday,153,15330.6,F,1,0.0165155,1.39783,160.336,7.75486,F
1121,1,HappyBirthday,998,17155.3,F,1,0.00249274,0.764472,102.469,1.17222,F
1122,1,HappyBirthday,1085,4015,F,1,0.102102,0.515674,2693.72,36.4973,F
1122,1,HappyBirthday,733,11680.5,M,1,0.000260623,0.725123,493.772,0.225676,F
1123,1,HappyBirthday,59,6935.47,F,1,0.000609231,0.0862079,1.96273,0.189467,F
1123,1,HappyBirthday,272,32850.7,F,1,0.000475005,1.69459,0.116424,0.147749,F
1123,1,HappyBirthday,1247,2555,F,1,0.00239021,0.022494,34552.1,17.9966,F
1124,1,Births,1512,0,M,0,0,0.114274,0,0,F
1125,1,HappyBirthday,1119,3650,M,1,1.62478e-05,3.43298,47.1039,0.00517171,F
1125,1,HappyBirthday,1335,1825,F,1,0.00258984,0.521928,15.6046,0.818576,F
1125,1,HappyBirthday,1285,2190,M,1,0.00834901,8.06587,43.0197,2.77296,F
1125,1,HappyBirthday,512,16425.5,F,1,0.096457,0.731853,836.328,32.2652,F
1125,1,HappyBirthday,1440,730,M,1,0.044807,0.338351,33.6972,15.8042,F
1125,1,HappyBirthday,818,10585.6,F,1,0.00180528,2.23549,8.58688,0.581766,F
1126,1,HappyBirthday,163,24820.4,M,1,0.0145028,1.18129,43.9972,5.36807,F
1126,1,HappyBirthday,1162,3285,M,1,3.51579e-05,0.0672643,11.1166,0.0115466,F
1126,1,HappyBirthday,1206,2920,M,1,0.00671377,1.40045,35.2703,2.15091,F
1127,1,HappyBirthday,170,27010.8,M,1,0.00396088,1.23344,13.5989,1.30677,F
1127,1,HappyBirthday,1410,1095,F,1,0.00694104,1.29539,616.851,4.35871,F
1127,1,HappyBirthday,1006,4745,M,1,0.149042,0.299541,43.0102,53.1659,F
1127,1,HappyBirthday,908,5475.49,M,0,0,0.0642444,0,0,F
1128,1,HappyBirthday,477,32120.3,M,1,0.105139,1.26125,0.0183332,34.5226,F
1128,1,HappyBirthday,780,9125.9,M,1,0.00375199,0.110767,0.166472,1.1689,F
1128,1,HappyBirthday,1374,1460,M,1,0.00113545,0.435706,742.16,0.75065,F
1128,1,HappyBirthday,860,14235.5,M,1,0.000355659,0.647306,1080.05,0.503272,F
1129,1,HappyBirthday,338,5475.43,M,1,0.00065057,0.828035,0.0422255,0.202422,F
1129,1,HappyBirthday,1042,4380,F,1,0.000117954,0.464713,16.9564,0.0383021,F
1131,1,HappyBirthday,1163,3285,M,1,9.2628e-07,1.83325,6874.4,0.00249328,F
1132,1,HappyBirthday,848,9490.67,M,1,0.000402791,0.192453,0,0.125131,F
1133,1,HappyBirthday,119,17520.5,F,1,0.0241568,1.10989,0.0404584,7.59946,F
1133,1,HappyBirthday,1376,1460,M,1,0.00260499,1.16757,23938.8,1.83917,F
1133,1,HappyBirthday,398,12410.9,F,1,0.00147826,6.48417,60.0339,0.566997,F
1133,1,HappyBirthday,1375,1460,M,1,0.0109946,0.62042,944.504,14.0087,F
1134,1,HappyBirthday,67,14600.1,M,1,0.000251349,0.301421,4335.35,0.196825,F
1134,1,HappyBirthday,73,5475.66,F,1,0.00294005,0.22436,27.186,0.921617,F
1134,1,HappyBirthday,1411,1095,F,1,0.000148205,0.972529,7.20491,0.0467249,F
1134,1,HappyBirthday,616,11315.1,F,1,0.00038808,2.59505,1.0596,0.121196,F
1134,1,HappyBirthday,961,5110.35,M,1,0.00524874,17.4337,11675.4,13.9686,F
1135,1,HappyBirthday,122,9855.27,M,1,0.022927,1.09636,5415.27,40.4286,F
1135,1,HappyBirthday,250,17520.4,M,1,4.81158e-05,1.74654,1.27777,0.0150426,F
1135,1,HappyBirthday,390,28470.9,M,1,0.0517391,0.251547,0.800492,16.5551,F
1135,1,HappyBirthday,660,5475.48,M,1,0.00143791,0.947922,0.264549,0.446975,F
1136,1,HappyBirthday,39,18980.6,F,1,0.000234884,0.732777,60.0295,0.0804874,F
1136,1,HappyBirthday,76,14600,M,1,0.00522796,2.59927,5324.59,2.3436,F
1136,1,HappyBirthday,483,11315.9,F,1,0.000154425,0.22058,5.16703,0.0480376,F
1136,1,HappyBirthday,734,14600.2,F,0,0,0.0415183,0,0,F
1136,1,Births,1513,0,F,0,0,0.00961738,0,0,F
1137,1,HappyBirthday,558,13870.6,F,1,0.0497549,3.32566,1.5666,15.8964,F
1138,1,HappyBirthday,1377,1460,M,1,2.18698e-06,0.0640081,2.37859,0.000677441,F
1138,1,HappyBirthday,565,5110.26,M,1,0.00223945,0.566411,78.1396,0.778654,F
1138,1,HappyBirthday,649,6205.9,F,1,0.00427243,1.14839,0.0105396,1.33078,F
1138,1,HappyBirthday,1479,365,F,1,0.0321895,0.556593,47.3718,10.7111,F
1139,1,HappyBirthday,1480,365,M,1,0.00201897,1.32703,0.126619,0.628418,F
1139,1,HappyBirthday,1336,1825,F,1,0.000959191,0.10386,3443.3,3.72801,F
1139,1,HappyBirthday,550,12045.4,M,1,0.00204295,0.154558,39.8865,0.642472,F
1139,1,HappyBirthday,588,12045.8,M,1,0.00431176,5.07604,11.7937,1.34331,F
1139,1,HappyBirthday,880,7665.71,F,1,0.154419,0.273732,15.0511,52.6892,F
1140,1,HappyBirthday,75,18615.9,M,1,0.00159296,1.02768,3.29928,0.497767,F
1140,1,HappyBirthday,204,8760.55,F,1,0.0151691,0.775307,202.505,8.57092,F
1140,1,HappyBirthday,1043,4380,M,1,0.0722724,0.0684723,188.472,23.5597,F
1141,1,HappyBirthday,249,17520.4,F,1,0.326682,0.080708,2204.29,133.827,F
1141,1,HappyBirthday,1165,3285,M,1,0.343313,0.595832,124.285,131.381,F
1141,1,Births,1514,0,M,0,0,0.00391475,0,0,F
1142,1,HappyBirthday,328,13140.4,M,1,0.00060756,1.14882,0.0318746,0.188876,F
1142,1,HappyBirthday,934,5110.16,F,1,8.90928e-05,3.06879,0.000966713,0.0277006,F
1143,1,HappyBirthday,26,10585.8,F,1,5.53135e-05,1.84338,58369.6,0.20644,F
1143,1,HappyBirthday,1441,730,F,1,0.00227023,0.0166441,5267.24,4.68709,F
1143,1,HappyBirthday,523,7300.24,F,1,0.000203129,5.9147,6629.45,0.536971,F
1143,1,HappyBirthday,572,15695.5,F,1,0.339202,0.183621,29.1662,128.937,F
1143,1,HappyBirthday,686,15330.3,M,1,2.92855e-05,0.39995,3587.09,0.0212208,F
1143,1,HappyBirthday,719,7665.9,F,1,0.00388552,0.578292,6359.94,2.69055,F
1144,1,HappyBirthday,61,19345.5,F,1,0.139496,22.7503,100.26,46.9276,F
1144,1,HappyBirthday,1007,4745,M,1,0.000198826,2.94203,0.29238,0.0617516,F
1146,1,HappyBirthday,1442,730,M,1,0.206357,2.52951,44351.2,648.476,F
1147,1,HappyBirthday,355,21900.4,F,1,0.0642185,1.79015,6.71133,21.0329,F
1148,1,HappyBirthday,97,7665.96,F,1,0.0124598,0.0593082,2.49156,3.89754,F
1148,1,HappyBirthday,201,5110.97,F,1,0.00366843,3.18061,111.344,1.61481,F
1148,1,HappyBirthday,451,5840.92,M,1,0.00136549,6.87518,28.2948,0.424821,F
1148,1,HappyBirthday,594,6570.45,M,1,0.00101214,19.6295,4020.72,1.79071,F
1148,1,HappyBirthday,641,13505.7,F,1,0.726826,0.121305,322.499,445.843,F
1149,1,HappyBirthday,253,8395.18,M,1,8.38423e-06,2.23293,123.973,0.0041114,F
1150,1,HappyBirthday,479,6570.94,F,1,0.00158963,0.383803,0.296445,0.494867,F
1150,1,HappyBirthday,517,17155.1,M,1,0.0127563,0.126508,19.2028,4.00873,F
1151,1,HappyBirthday,52,9490.89,F,1,0.0160024,0.0973023,21.708,5.42215,F
1151,1,HappyBirthday,478,7300.62,M,1,0.0156033,0.869955,4.0929,4.96501,F
1151,1,HappyBirthday,506,7300.39,M,1,0.00200918,0.243003,91.0965,0.63551,F
1152,1,HappyBirthday,1086,4015,F,1,0.00289108,1.44497,0.125481,0.899809,F
1152,1,HappyBirthday,388,13505.4,M,1,0.000116134,0.0354499,6054.47,0.0760186,F
1152,1,HappyBirthday,571,10950.8,M,1,0.408657,4.14016,251.732,169.272,F
1152,1,HappyBirthday,627,18980.4,F,1,0.0184929,0.326927,242.972,5.80021,F
1152,1,HappyBirthday,728,6205.03,F,1,2.01866e-06,0.212175,16.1766,0.000636389,F
1152,1,HappyBirthday,1087,4015,F,1,0.00104159,0.233641,203.264,0.340545,F
1153,1,HappyBirthday,293,18980.8,F,1,0.0571286,0.22217,112.988,23.7215,F
1153,1,HappyBirthday,1338,1825,F,1,0.0195494,0.127898,50.2766,7.68964,F
1153,1,HappyBirthday,1378,1460,M,1,0.000680964,0.0266459,14.639,0.22738,F
1153,1,Births,1515,0,F,0,0,0.0376003,0,0,F
1155,1,HappyBirthday,422,34310.3,M,1,0.00155791,0.102022,0.561458,0.484834,F
1155,1,HappyBirthday,906,10585.9,M,1,0,0.739228,12.9232,0,F
1156,1,HappyBirthday,1339,1825,F,1,0.0211802,1.17671,63.1868,8.12044,F
1156,1,HappyBirthday,1379,1460,F,1,0.229271,1.59806,25.4993,85.5071,F
1156,1,HappyBirthday,1481,365,F,1,0.00154644,0.336431,92.8605,0.662757,F
1156,1,HappyBirthday,1046,4380,F,1,0,0.265144,443.6,0,F
1156,1,HappyBirthday,889,6205.11,F,1,0.00934397,5.24381,40.2602,3.16269,F
1157,1,HappyBirthday,24,23725.2,M,1,0.342797,1.20554,4000.45,168.298,F
1157,1,HappyBirthday,921,6570.9,M,1,0.00610232,2.58669,3138.65,7.76625,F
1158,1,HappyBirthday,940,11680.4,M,1,0.000369094,0.264087,14187.2,0.262859,F
1159,1,HappyBirthday,224,6935.43,F,1,0.000637755,0.23327,11185.2,0.405794,F
1159,1,HappyBirthday,262,7665.42,F,1,5.64466e-05,4.48376,2951.81,0.082369,F
1159,1,HappyBirthday,1048,4380,F,1,0.00102747,5.08689,238.231,0.326216,F
1159,1,HappyBirthday,837,14235.3,F,1,0.0040736,0.168867,8322.85,1.79312,F
1160,1,HappyBirthday,1167,3285,M,1,0.170489,0.287219,262.422,72.3737,F
1160,1,HappyBirthday,743,6205.84,M,1,0.0117332,0.70673,7.19001,3.79168,F
1160,1,HappyBirthday,792,5110.84,F,1,0.00100637,0.350201,80.4871,0.416838,F
1160,1,HappyBirthday,875,6205.93,F,1,0.00181757,0.115966,8056.48,0.767318,F
1161,1,HappyBirthday,1340,1825,M,1,0.000816677,3.9546,21.6436,0.256672,F
1161,1,HappyBirthday,198,5840.94,M,1,0.00491018,2.87605,0.294062,1.5297,F
1161,1,HappyBirthday,901,10585.2,F,1,0.11001,0.805792,0.125598,36.2296,F
1161,1,HappyBirthday,914,13140.2,M,1,0.000226556,1.86217,25016.4,0.223645,F
1162,1,HappyBirthday,1249,2555,F,1,0.0744383,0.462667,21.2114,26.3808,F
1163,1,HappyBirthday,121,11315.5,F,1,0.000894294,4.26258,556.528,0.348227,F
1163,1,HappyBirthday,1412,1095,M,1,0.723656,0.146006,471.92,415.655,F
1164,1,HappyBirthday,1341,1825,M,1,0.190459,3.31,3604.24,71.5976,F
1164,1,HappyBirthday,582,6935.01,F,1,0.00103867,1.6337,0.0107084,0.322785,F
1166,1,HappyBirthday,140,22995.5,M,1,0.66411,5.79576,6.30695,343.847,F
1166,1,HappyBirthday,561,5110.39,M,1,0.000123615,0.137545,84.7909,0.0394402,F
1166,1,HappyBirthday,1443,730,M,1,0.00159824,0.17351,7686.13,1.2508,F
1167,1,HappyBirthday,439,18980.5,M,1,5.67337e-06,6.76589,12927.6,0.0070098,F
1168,1,HappyBirthday,389,10585.4,F,1,0.0130054,1.80865,71.7717,4.08175,F
1168,1,HappyBirthday,640,9125.91,F,1,0.00899079,18.4499,7536.93,4.33702,F
1168,1,HappyBirthday,675,9855.74,F,1,0.0907057,0.0528229,68.3972,32.1845,F
1169,1,HappyBirthday,282,27010.3,M,1,0.000859893,0.256397,0.152327,0.267363,F
1169,1,HappyBirthday,425,29200.4,M,1,0.00750924,0.531306,0.0008062,2.34269,F
1169,1,HappyBirthday,498,10220.3,M,1,0.0478214,0.0922723,36.4396,17.8552,F
1169,1,HappyBirthday,508,13870.5,M,1,0.050224,0.728251,15.7731,17.1504,F
1169,1,HappyBirthday,535,5475.74,F,1,0.00233299,0.718987,4.65021,0.725852,F
1169,1,HappyBirthday,723,22630.6,F,1,0.153274,0.461276,2138.9,179.048,F
1169,1,HappyBirthday,1088,4015,M,1,0.000428361,0.491047,10246.7,1.45799,F
1171,1,HappyBirthday,1413,1095,M,1,0.0746347,0.0538758,4148.04,58.3635,F
1171,1,HappyBirthday,501,24820.3,F,1,0.236662,0.217976,30.6083,87.5844,F
1171,1,HappyBirthday,1208,2920,F,1,0.00532831,0.0357838,4.44754,1.69127,F
1171,1,HappyBirthday,1380,1460,M,1,0.000449537,2.22243,1.27421,0.14024,F
1171,1,HappyBirthday,946,8760.25,M,1,0.00150658,9.76513,79.5569,0.493927,F
1171,1,Births,1516,0,M,0,0,0.33784,0,0,F
1172,1,HappyBirthday,233,10585.1,F,1,0.00351919,0.0835456,15.2497,1.17985,F
1172,1,HappyBirthday,420,17520.7,M,1,0.0551812,1.17227,5.30248,17.6545,F
1173,1,HappyBirthday,88,10220.3,F,1,0.0140405,0.546295,961.439,17.8002,F
1173,1,HappyBirthday,1209,2920,F,1,8.21604e-05,0.183544,1.58528,0.0256747,F
1173,1,HappyBirthday,1342,1825,F,1,8.06601e-05,4.07045,60721.5,0.865027,F
1173,1,Births,1517,0,F,0,0,0.034982,0,0,F
1174,1,HappyBirthday,1482,365,M,1,0.00102031,0.333965,185813,9.97482,F
1174,1,HappyBirthday,378,5110.45,F,1,0.00100062,12.3884,215.359,0.401282,F
1174,1,HappyBirthday,433,15330.3,F,1,0.00110986,0.727919,2220.74,1.35726,F
1174,1,HappyBirthday,795,7665.67,F,1,0.178664,0.180647,0.525192,61.2165,F
1174,1,HappyBirthday,917,9490.9,M,1,0.00244256,30.0083,0.060716,0.760273,F
1174,1,HappyBirthday,960,5475.91,F,1,2.59908e-05,4.75203,1335.12,0.0511966,F
1175,1,HappyBirthday,1049,4380,M,1,0.109868,0.98655,135.708,36.1746,F
1175,1,HappyBirthday,1414,1095,F,1,0.00316322,0.366392,10735.1,17.9691,F
1176,1,HappyBirthday,55,7665.7,F,1,0.000585059,1.04151,763.187,0.37002,F
1176,1,HappyBirthday,116,12045,F,1,0.662442,0.983316,23.4839,342.353,F
1176,1,HappyBirthday,1010,4745,F,1,0.00103245,0.165507,6259.33,0.404978,F
1176,1,HappyBirthday,776,13505.3,M,1,0.250724,0.0933464,2153.5,132.836,F
1176,1,HappyBirthday,821,29200.6,F,1,0.0952092,0.252957,13.1175,31.8175,F
1176,1,HappyBirthday,1011,4745,F,1,0.00445778,1.03288,474.233,2.29001,F
1176,1,HappyBirthday,1343,1825,M,1,0.00125519,0.100389,0.0014664,0.389946,F
1177,1,HappyBirthday,1483,365,F,0,0,0.0692797,0,0,F
1177,1,HappyBirthday,708,10585.7,M,1,0.0056269,0.935583,10.3643,1.7808,F
1178,1,HappyBirthday,1415,1095,F,1,0,0.148115,14.463,0,F
1179,1,HappyBirthday,1287,2190,M,1,0.162052,0.211243,676.775,76.8412,F
1180,1,HappyBirthday,1050,4380,M,1,0.00291714,2.97199,77.1285,1.21351,F
1180,1,HappyBirthday,137,14235,F,1,0.0700504,0.78456,17.9309,24.148,F
1180,1,HappyBirthday,245,33215,F,1,0.000678213,75.1193,64.0655,0.225724,F
1180,1,HappyBirthday,1444,730,M,1,0.150995,0.688193,54.4644,58.8524,F
1181,1,HappyBirthday,1381,1460,F,1,0.206162,0.246921,301.672,88.5397,F
1182,1,HappyBirthday,1169,3285,F,1,0.0151223,0.7707,45.5457,5.04223,F
1182,1,HappyBirthday,453,36135.5,F,1,0.0720696,1.20281,0.0185058,23.2452,F
1182,1,HappyBirthday,1168,3285,F,1,0.000543402,3.02566,659.17,0.475979,F
1182,1,HappyBirthday,1124,3650,M,1,0.0844796,2.3599,3.20988,27.5349,F
1182,1,HappyBirthday,1210,2920,F,1,0.00687883,2.09339,1760.34,2.25759,F
1183,1,HappyBirthday,1382,1460,M,1,0.00912497,0.716913,24.4858,3.17444,F
1184,1,HappyBirthday,1012,4745,M,1,0.263942,0.457608,1.53423,95.408,F
1184,1,Births,1518,0,M,0,0,0.154799,0,0,F
1185,1,HappyBirthday,251,9125.33,M,1,0.529658,0.864764,25.4634,256.48,F
1185,1,HappyBirthday,440,7300.07,M,1,0.000765573,13.097,0.0204361,0.237932,F
1185,1,HappyBirthday,1211,2920,M,1,8.4979e-05,0.556647,3769.72,0.154932,F
1185,1,HappyBirthday,580,8395.03,M,1,0.00523137,0.195716,86.0042,1.84726,F
1185,1,HappyBirthday,1212,2920,M,1,0.0199135,0.213284,654.089,17.4162,F
1186,1,HappyBirthday,1251,2555,M,1,0.605255,0.601515,23.0908,290.771,F
1186,1,HappyBirthday,532,21535.9,F,1,0.00466886,0.244723,13.6114,1.45694,F
1186,1,HappyBirthday,1484,365,M,1,0.675671,0.130939,1052.23,845.912,F
1186,1,HappyBirthday,1383,1460,F,1,0.202741,0.0934111,4258.96,859.477,F
1187,1,HappyBirthday,791,16060.2,M,1,0.00840691,1.63553,147.297,3.20988,F
1188,1,HappyBirthday,1344,1825,F,1,9.84113e-05,0.0371789,1000.31,0.136902,F
1188,1,HappyBirthday,1089,4015,F,1,0.000398971,0.301853,69.9468,0.124692,F
1189,1,HappyBirthday,1051,4380,F,1,0.0366199,0.288371,18.8385,11.7905,F
1189,1,HappyBirthday,568,25185.6,M,0,0,0.0351957,0,0,F
1190,1,HappyBirthday,704,19345.1,F,1,0.608525,2.86566,28.4712,294.075,F
1191,1,HappyBirthday,12,5840.8,F,1,0.164972,0.286984,7749.63,84.6957,F
1191,1,HappyBirthday,1385,1460,M,1,0.162653,3.19085,97790.7,1060.84,F
1192,1,HappyBirthday,321,5475.89,F,1,0.00713016,0.478728,2.53977,2.22499,F
1192,1,HappyBirthday,1252,2555,F,1,0.000156607,0.699242,2288.84,0.401427,F
1192,1,HappyBirthday,1170,3285,M,1,0.367152,0.707012,42.5683,150.652,F
1192,1,HappyBirthday,705,9855.61,F,1,0.00617865,0.0903485,0.0001786,1.92567,F
1193,1,HappyBirthday,1253,2555,F,1,0.0046858,0.406926,1.95966,1.46442,F
1193,1,HappyBirthday,913,17155.8,F,1,0.00477423,1.65213,0.365122,1.48897,F
1193,1,HappyBirthday,958,12045.3,F,1,0.000186503,1.45185,2849.7,0.263645,F
1193,1,Births,1519,0,M,0,0,0.0103138,0,0,F
1195,1,HappyBirthday,227,11315.3,M,1,0.0257703,5.92729,19.4584,8.32935,F
1195,1,HappyBirthday,248,13140.8,M,1,0.051065,2.23253,2.83517,16.2902,F
1195,1,HappyBirthday,631,7665.64,M,1,2.14446e-05,0.0569399,0.0408554,0.0066452,F
1196,1,HappyBirthday,1213,2920,M,1,0.00850314,0.309188,27.2887,3.00245,F
1196,1,HappyBirthday,693,8395.41,F,1,0.00114484,0.43279,1.72868,0.358589,F
1197,1,HappyBirthday,286,8030.05,M,1,0.000418503,0.575424,4.55157,0.130182,F
1197,1,HappyBirthday,310,6570.52,M,1,8.56347e-05,0.810996,880.939,0.0614741,F
1197,1,HappyBirthday,376,9855.36,M,1,0.00227376,18.0698,5.6282,0.723382,F
1197,1,HappyBirthday,419,6205.18,M,1,0.00197635,0.491098,12.3293,0.653216,F
1198,1,HappyBirthday,1125,3650,M,1,0.0209477,1.93902,163.81,6.58666,F
1199,1,HappyBirthday,1214,2920,M,1,0.0020421,0.525503,45.6633,0.710207,F
1199,1,HappyBirthday,309,9125.15,M,1,0.0763016,0.333582,0.0599702,24.6665,F
1199,1,HappyBirthday,1013,4745,F,1,0.00288086,0.779777,152.707,0.99989,F
1199,1,HappyBirthday,662,5475.81,F,1,5.67283e-05,0.564674,104.122,0.0210184,F
1200,1,HappyBirthday,1254,2555,M,1,0.000154439,0.152696,1725.68,0.326344,F
1200,1,HappyBirthday,1416,1095,M,1,0.00954139,1.02685,86.7308,4.00574,F
1201,1,HappyBirthday,1052,4380,M,1,0.000697731,0.155043,74.3029,0.22375,F
1202,1,HappyBirthday,1255,2555,M,1,0.0676248,0.0515805,1034.48,22.2402,F
1202,1,HappyBirthday,953,7300.73,F,1,0.573663,1.54938,68.7193,332.776,F
1203,1,HappyBirthday,192,15695.4,M,1,0.00877639,0.704725,579.888,2.82459,F
1203,1,HappyBirthday,520,14965.7,F,1,0.236726,1.97955,2524.57,313.233,F
1203,1,HappyBirthday,667,7665.23,M,1,0.000293155,0.269695,0.785249,0.0914746,F
1203,1,Births,1520,0,M,0,0,0.00806689,0,0,F
1204,1,HappyBirthday,861,24820.4,M,1,0.00500135,1.06273,0.33508,1.55914,F
1205,1,HappyBirthday,1171,3285,F,1,0.00525326,0.151596,360.103,1.69745,F
1205,1,HappyBirthday,127,13140,F,1,0.154219,20.2966,29.0922,53.7621,F
1205,1,HappyBirthday,505,6570.94,M,1,0.00115645,4.19259,17.5445,0.376283,F
1205,1,HappyBirthday,746,6205.76,M,1,0.00228362,1.19527,4.00014e-05,0.710608,F
1205,1,HappyBirthday,1053,4380,F,1,0.00052342,0.510769,89.3705,0.183959,F
1205,1,HappyBirthday,1445,730,F,0,0,0.0014354,0,0,F
1206,1,HappyBirthday,14,6205.71,M,1,0.00149207,3.12323,0.104102,0.464049,F
1207,1,HappyBirthday,552,18615.1,M,1,0.0248625,0.919479,1162.19,18.2887,F
1208,1,HappyBirthday,129,8760.54,F,1,1.58897e-06,3.14126,33579.1,0.0076414,F
1208,1,HappyBirthday,1346,1825,M,1,0.00163997,0.373365,19.1186,0.523613,F
1208,1,HappyBirthday,833,10950.5,M,1,0.00685394,0.648667,70.0354,2.8857,F
1208,1,HappyBirthday,1289,2190,M,1,0.000526922,0.415791,9.72366,0.171925,F
1208,1,HappyBirthday,1446,730,M,1,0.245853,0.180434,2164.75,110.485,F
1209,1,HappyBirthday,1127,3650,F,1,0.147479,0.209809,636.235,130.671,F
1209,1,HappyBirthday,162,9490.08,M,1,0.00208454,0.530327,4.67348,0.65276,F
1209,1,HappyBirthday,239,5840.16,M,1,0.357504,0.844745,18.9698,137.567,F
1210,1,HappyBirthday,303,8395.11,M,1,0.000617439,1.19814,94.4132,0.205805,F
1210,1,HappyBirthday,323,20805.3,M,1,0.00369411,0.130562,18.16,1.18024,F
1211,1,HappyBirthday,1172,3285,F,1,0.17717,1.1936,2657.09,221.397,F
1211,1,HappyBirthday,1129,3650,F,1,0.0641763,0.237302,47.8289,23.7045,F
1212,1,HappyBirthday,1173,3285,M,1,0.0015763,0.15548,3888.22,0.579366,F
1212,1,HappyBirthday,1447,730,F,1,0.000345554,0.340772,217447,3.58687,F
1212,1,HappyBirthday,1485,365,M,1,0.77845,0.318638,16.0129,496.616,F
1212,1,HappyBirthday,806,35770,M,1,0.00519265,0.151861,7.06045,1.62198,F
1213,1,HappyBirthday,1347,1825,F,1,0.0420635,0.0475324,97539.5,301.545,F
1213,1,HappyBirthday,967,21170.9,M,1,0.000639454,2.58951,0.0058702,0.19885,F
1214,1,HappyBirthday,1130,3650,M,1,5.9497e-05,2.47494,20944.5,0.318153,F
1214,1,HappyBirthday,622,13140,M,1,0.427206,0.458473,0.950641,173.205,F
1215,1,HappyBirthday,1092,4015,F,1,0.0132415,0.213632,2515.16,25.8847,F
1215,1,HappyBirthday,337,9855.16,F,1,0.00861584,0.458962,51.8578,2.92757,F
1215,1,HappyBirthday,609,6935.03,M,1,0.00232209,1.04406,165.898,0.72964,F
1215,1,HappyBirthday,785,23360.2,M,1,0.0105778,1.36058,2.87897,3.35069,F
1215,1,HappyBirthday,856,13505.9,F,1,0.0518964,0.973528,1.07058,16.6074,F
1216,1,HappyBirthday,1417,1095,M,1,0.017371,0.12383,142.525,7.20115,F
1216,1,HappyBirthday,822,10220.8,F,1,6.80951e-05,0.60715,0.0280872,0.02113,F
1216,1,HappyBirthday,850,7300.25,F,1,0.000420475,2.05626,1118.09,0.719853,F
1217,1,HappyBirthday,212,8395.34,M,1,0.0118926,3.70816,187.261,3.93613,F
1217,1,HappyBirthday,1256,2555,M,1,0.00712628,0.125192,175.493,2.81119,F
1218,1,HappyBirthday,108,27010.7,M,1,0.0102386,0.593477,1758.84,3.75337,F
1218,1,HappyBirthday,1174,3285,M,1,4.66086e-06,0.296285,208.159,0.00256102,F
1220,1,HappyBirthday,1215,2920,M,1,0.00133375,0.465331,1530.84,1.29682,F
1220,1,HappyBirthday,737,5840.56,F,1,0.000373121,0.109531,1988.33,0.175631,F
1220,1,HappyBirthday,1132,3650,F,1,0.00410806,13.3987,14.291,1.28198,F
1220,1,HappyBirthday,923,11315.2,F,1,0.0142321,8.83482,63.2409,4.93711,F
1221,1,HappyBirthday,1448,730,M,1,0.742688,0.220705,56.3194,533.208,F
1221,1,HappyBirthday,1014,4745,M,1,0.0161978,5.00813,59.265,5.49037,F
1221,1,HappyBirthday,1486,365,M,1,0.0459945,0.187532,822.704,14.9381,F
1222,1,HappyBirthday,27,5110.37,M,1,0.000109685,20.1052,16.5478,0.0348056,F
1222,1,HappyBirthday,112,19345.8,F,1,0.0928109,0.402869,26.8422,32.435,F
1222,1,HappyBirthday,1055,4380,M,1,4.32187e-06,0.751719,1.56705,0.00134432,F
1222,1,HappyBirthday,259,5475.97,M,1,0.00785637,0.0839099,0.773776,2.45177,F
1222,1,HappyBirthday,308,7300.75,F,1,0.101229,0.0649943,0.361996,33.2242,F
1222,1,HappyBirthday,452,16060.3,F,1,0.00529491,0.816785,66.5438,2.02345,F
1222,1,HappyBirthday,617,15695,M,1,0.0114203,0.0752407,17.8796,3.63883,F
1222,1,HappyBirthday,781,23360.5,M,1,0.0797973,0.104568,1958.33,57.421,F
1223,1,HappyBirthday,98,6935.48,F,1,0.00523307,0.105975,0.213425,1.63088,F
1223,1,HappyBirthday,207,10951,M,1,0.0350273,3.08413,2728.61,49.0576,F
1223,1,Births,1521,0,M,0,0,0.038792,0,0,F
1224,1,HappyBirthday,1216,2920,F,1,0.00299768,0.192783,0.0144078,0.933064,F
1224,1,HappyBirthday,229,9855.56,M,1,0.00173968,0.905321,3.60591,0.550946,F
1224,1,HappyBirthday,297,10950.7,F,1,0.0847331,1.05795,2834.99,207.055,F
1224,1,HappyBirthday,334,7300.93,M,1,1.037e-06,0.969403,35.5563,0.000366803,F
1224,1,HappyBirthday,443,6570.75,M,1,0.000519312,1.89015,19.8949,0.175608,F
1225,1,HappyBirthday,1094,4015,F,1,0,0.00805865,0,0,F
1226,1,HappyBirthday,364,32120.8,M,1,0.000581657,2.5235,2.35091,0.182156,F
1226,1,HappyBirthday,499,27375.7,M,1,0.349533,0.219176,17.6808,133.713,F
1226,1,HappyBirthday,797,5110.21,F,1,0.00293153,1.81924,1265.58,2.48197,F
1226,1,HappyBirthday,919,25550.3,M,1,0.007109,0.237476,0.0347952,2.21758,F
1227,1,HappyBirthday,1290,2190,M,1,8.48789e-05,1.03671,91.8008,0.0305453,F
1227,1,HappyBirthday,1449,730,F,1,0.0079531,0.551993,177.896,2.48276,F
1228,1,HappyBirthday,173,5475.3,M,1,0,0.017952,0.0168527,0,F
1228,1,HappyBirthday,462,15330.4,F,1,0.00107792,0.30831,1429.93,0.385319,F
1228,1,HappyBirthday,883,9125.98,M,1,0.404556,2.09369,284.813,162.8,F
1228,1,HappyBirthday,973,6205.17,M,1,0.0376762,1.36026,0.00371836,11.9338,F
1229,1,HappyBirthday,1015,4745,F,1,0.00366568,0.259928,18708.5,2.24292,F
1229,1,HappyBirthday,455,12410.2,F,1,0.0525117,0.0232351,0.482694,16.7749,F
1229,1,HappyBirthday,599,8030.7,M,1,0.301379,2.14978,27.2571,115.676,F
1230,1,HappyBirthday,1133,3650,F,1,2.54759e-05,0.0484745,1970.55,0.0286595,F
1231,1,HappyBirthday,185,10220.8,F,1,0.19531,0.07904,3744.07,68.438,F
1231,1,HappyBirthday,486,6570.43,F,1,0.00628415,3.23421,10.3961,1.9942,F
1231,1,HappyBirthday,925,30660.4,M,1,0.00117238,0.199465,369.894,0.566629,F
1233,1,HappyBirthday,1134,3650,M,1,0.0260905,11.8309,636.617,29.4251,F
1233,1,HappyBirthday,1450,730,M,1,0.254658,0.0962405,19.1701,96.2087,F
1234,1,HappyBirthday,1001,12410.1,M,1,0.00126951,1.49724,0.654624,0.394894,F
1234,1,HappyBirthday,1451,730,F,1,0.32023,0.00782792,10412.3,576.519,F
1234,1,HappyBirthday,1293,2190,F,1,0.00107156,1.92139,1346.43,0.630098,F
1234,1,HappyBirthday,467,5475.71,F,1,0.00473381,4.89085,118.225,1.47538,F
1235,1,HappyBirthday,1348,1825,F,1,0.0197623,0.0221047,265.58,10.0745,F
1235,1,HappyBirthday,445,6570.68,M,1,0.000508572,0.655073,21.9654,0.163997,F
1236,1,HappyBirthday,1452,730,F,1,0.000469905,1.98075,14.2922,0.14904,F
1236,1,HappyBirthday,1387,1460,F,1,0.00116474,0.0624038,1356.53,0.433529,F
1236,1,HappyBirthday,1217,2920,F,1,0.00155172,9.54386,0.000134819,0.482555,F
1237,1,HappyBirthday,1057,4380,M,1,0.0211488,0.0142057,148.508,6.83844,F
1237,1,HappyBirthday,852,23360.7,F,1,0,2.82435,0.276635,0,F
1238,1,HappyBirthday,423,5475.73,M,1,0.0165029,0.318453,3.73118,5.17301,F
1238,1,HappyBirthday,434,17885.1,F,1,0.0281027,0.364383,100.065,12.7034,F
1238,1,HappyBirthday,1388,1460,M,1,0.00664829,2.00693,66.7902,2.45579,F
1239,1,HappyBirthday,183,7300.84,M,1,0.00590769,29.2252,21.7587,1.90056,F
1239,1,HappyBirthday,430,33215.4,M,1,0.0023165,0.918199,6.6359,0.744763,F
1239,1,HappyBirthday,1349,1825,F,1,0.448519,2.64858,16.9937,188.159,F
1240,1,HappyBirthday,109,5475.19,M,1,0.001112,6.49363,1.59285,0.348157,F
1240,1,HappyBirthday,801,7665.1,F,1,0.020805,11.6002,1962.08,8.7117,F
1240,1,HappyBirthday,1487,365,F,1,0.00895998,0.156751,24.3074,2.91887,F
1241,1,HappyBirthday,157,12045.8,F,1,0.000806752,0.987091,88.0626,0.252356,F
1241,1,HappyBirthday,1453,730,M,1,0.100146,0.873904,4920.7,34.8611,F
1242,1,HappyBirthday,1488,365,F,1,0.000620783,0.123007,6.32729,0.199062,F
1242,1,HappyBirthday,242,9490.41,M,1,0.224907,1.4152,115.901,90.5234,F
1242,1,HappyBirthday,1017,4745,M,1,0.0248361,0.413881,13.7063,7.98008,F
1242,1,HappyBirthday,424,5475.77,F,1,0.0140078,2.46431,0.0335034,4.38362,F
1243,1,HappyBirthday,1389,1460,M,1,0.1181,3.23242,5296.88,608.786,F
1243,1,HappyBirthday,808,14600,M,1,0.00424878,0.643645,0.489259,1.32568,F
1243,1,HappyBirthday,916,8030.06,F,1,0.151651,0.323481,0.068726,51.1082,F
1244,1,HappyBirthday,1390,1460,F,1,0.061474,0.288362,6214.15,45.8038,F
1244,1,HappyBirthday,32,6205.94,M,1,0.010116,2.1984,20.7066,3.44503,F
1244,1,HappyBirthday,1454,730,M,1,0.00330276,0.322521,17.6579,1.0359,F
1244,1,HappyBirthday,1175,3285,M,1,0.000435414,0.14356,1352.4,0.154938,F
1245,1,HappyBirthday,290,10585.1,F,1,0.00512152,3.4665,7.66108,1.60428,F
1245,1,HappyBirthday,1489,365,F,1,0.292216,0.0471647,2260.97,858.608,F
1245,1,HappyBirthday,1176,3285,F,1,0.0376106,2.80632,27.0962,12.2689,F
1246,1,HappyBirthday,551,12045.6,M,1,0.00336537,4.20967,385.786,1.62285,F
1246,1,HappyBirthday,1490,365,F,1,0.249848,0.257993,17405.8,1393.51,F
1247,1,HappyBirthday,271,7665.61,F,1,0.00203236,1.4149,0.391623,0.632696,F
1247,1,HappyBirthday,1096,4015,M,1,0.00154736,0.383221,37.0331,0.504381,F
1247,1,HappyBirthday,1059,4380,M,1,0.000230799,0.134511,36091.9,0.861973,F
1247,1,HappyBirthday,1135,3650,M,1,0.208489,8.40605,11.5194,75.936,F
1248,1,HappyBirthday,404,9490.27,M,1,0.000801468,4.41266,334.318,0.327148,F
1248,1,HappyBirthday,1419,1095,F,1,0.00263913,4.74015,15.7815,0.880881,F
1249,1,HappyBirthday,265,28835.8,M,1,0.0186025,0.968218,0.172241,5.83635,F
1249,1,Births,1522,0,M,0,0,0.0299567,0,0,F
1250,1,HappyBirthday,1455,730,F,1,0.000943871,0.301932,20.3547,0.3036,F
1250,1,HappyBirthday,1259,2555,M,1,0.0693132,0.814485,301.778,50.7393,F
1250,1,HappyBirthday,1260,2555,M,1,0.00126722,0.426819,147.176,0.589572,F
1251,1,HappyBirthday,1219,2920,M,1,0.00169722,0.17233,1891.38,1.82701,F
1252,1,HappyBirthday,1220,2920,F,1,0.0483486,2.65141,8.02711,15.6085,F
1252,1,HappyBirthday,1295,2190,F,1,0.187752,0.481173,7.50319,64.809,F
1252,1,HappyBirthday,1421,1095,M,1,0.155996,0.755966,133.471,64.7837,F
1253,1,HappyBirthday,205,16790.7,M,1,0.0723917,0.339382,0.0070668,23.3532,F
1253,1,HappyBirthday,1221,2920,M,1,0.00332118,0.237211,2.43773,1.03341,F
1253,1,HappyBirthday,595,5110.04,F,1,0.00153769,0.314604,2.31471,0.478329,F
1253,1,HappyBirthday,718,8395.27,F,1,0.0992983,0.650168,1538.45,41.426,F
1253,1,HappyBirthday,868,9125.72,F,1,0.000204748,0.382637,0.0110186,0.0636834,F
1254,1,HappyBirthday,1422,1095,M,1,0.0234769,1.05634,4560.53,21.1473,F
1254,1,HappyBirthday,956,17155.5,M,1,0.823399,0.0896405,17.8522,538.939,F
1255,1,HappyBirthday,496,10950.7,F,1,0.000396352,0.582262,0.002878,0.123109,F
1256,1,HappyBirthday,1296,2190,F,1,0.00120137,0.459094,1.69865,0.374237,F
1257,1,HappyBirthday,1423,1095,M,1,0.0136793,2.19778,20.3697,4.7191,F
1258,1,HappyBirthday,1492,365,F,1,0.00901499,0.0454317,4.09293,2.83528,F
1258,1,HappyBirthday,435,17155.9,M,1,2.63023e-06,1.001,3610.14,0.0044022,F
1258,1,HappyBirthday,1491,365,M,1,0.131247,0.153882,219.282,68.304,F
1259,1,HappyBirthday,53,6205.51,M,1,0.000309364,3.48253,3817.83,0.528267,F
1259,1,HappyBirthday,83,9125.32,M,1,0.000173367,0.0959404,460.817,0.159983,F
1259,1,HappyBirthday,194,8030.87,F,1,0.00272461,0.780854,58.1673,0.932116,F
1259,1,HappyBirthday,380,21170.4,M,1,0.00095266,16.0968,52.4514,0.32246,F
1259,1,HappyBirthday,1424,1095,M,1,0.002636,0.722056,2.16173,0.829001,F
1259,1,HappyBirthday,1297,2190,F,1,0.00615713,0.106103,65.172,2.16121,F
1259,1,HappyBirthday,1391,1460,M,1,0.109048,0.0160009,59.2987,37.8948,F
1259,1,HappyBirthday,1019,4745,F,1,0.0134179,0.0393113,13170.5,7.25934,F
1259,1,Births,1523,0,F,0,0,0.0564086,0,0,F
1260,1,HappyBirthday,341,31390,F,1,0.00125781,1.73279,0.112722,0.391133,F
1260,1,HappyBirthday,1222,2920,F,1,0.772293,0.754633,44.0364,462.187,F
1260,1,HappyBirthday,878,28105.4,F,1,0.000852413,1.02394,3.14896,0.266047,F
1260,1,HappyBirthday,1425,1095,M,1,0.000171172,0.133664,135554,1.61587,F
1261,1,HappyBirthday,1350,1825,F,1,0.00355098,0.0677519,8.21261,1.12072,F
1262,1,HappyBirthday,1097,4015,F,1,0.00372872,0.0514532,69.6837,1.28001,F
1263,1,HappyBirthday,1060,4380,M,1,4.11051e-07,0.314362,11011.5,0.000800779,F
1263,1,HappyBirthday,409,5840.2,F,1,8.11621e-05,0.816231,9.64053,0.0259424,F
1263,1,HappyBirthday,1179,3285,M,1,0.0125227,0.404926,13.1191,4.14598,F
1263,1,HappyBirthday,911,31390.1,F,1,0.0182789,2.48102,541.386,5.8675,F
1264,1,HappyBirthday,1261,2555,M,1,0.0164005,0.0872535,212.481,5.27981,F
1264,1,HappyBirthday,1456,730,M,1,0.0914892,1.03709,2686.01,45.6357,F
1264,1,HappyBirthday,383,12775.4,M,1,0.000444561,7.91778,4.24e-05,0.138455,F
1264,1,HappyBirthday,1223,2920,M,1,0.00672451,5.19591,14759.7,4.55992,F
1264,1,HappyBirthday,466,13870.4,F,1,0.0148152,0.633456,393.901,4.9655,F
1264,1,HappyBirthday,611,15330,M,1,0.000218813,3.63095,282.035,0.0727498,F
1265,1,HappyBirthday,15,26645.7,M,1,0.00642333,2.78366,1.03258,2.00411,F
1265,1,HappyBirthday,1351,1825,M,1,0.00186411,0.463116,27612.7,1.80876,F
1266,1,HappyBirthday,7,7665.94,F,1,0.001318,5.75092,4.20184,0.411333,F
1266,1,HappyBirthday,1262,2555,F,1,0.0183964,0.571183,49.5994,6.03684,F
1266,1,HappyBirthday,358,14965.9,F,1,0.000273094,0.048432,1.82393,0.0849748,F
1266,1,HappyBirthday,1352,1825,M,1,0.0169531,0.429841,1.41518,5.33977,F
1266,1,HappyBirthday,707,5840.42,M,1,0.00100327,10.7486,1.76211,0.311853,F
1267,1,HappyBirthday,1392,1460,F,1,0.396648,1.29378,13432.9,382.72,F
1267,1,HappyBirthday,621,9855.36,M,1,0.377128,2.14139,1.70343,147.241,F
1269,1,HappyBirthday,986,7300.94,M,1,0.0685377,0.100969,4379.65,27.5922,F
1270,1,HappyBirthday,738,9855.05,M,1,0.00102902,4.41588,3.12148,0.320435,F
1270,1,HappyBirthday,1062,4380,M,1,0.00153489,2.70641,30.3368,0.547439,F
1271,1,HappyBirthday,18,17520.7,F,1,0.00015179,0.252183,0.0497196,0.0472234,F
1271,1,HappyBirthday,1180,3285,M,1,0.00705866,1.0439,0.228487,2.20142,F
1271,1,HappyBirthday,1393,1460,F,1,0.382523,0.390651,109.284,222.176,F
1271,1,HappyBirthday,653,12410.4,F,1,0.000974595,4.6489,21115.6,0.616336,F
1272,1,HappyBirthday,1300,2190,M,1,0.600969,0.878349,7400.95,497.532,F
1272,1,HappyBirthday,1353,1825,M,1,0.0183854,0.797296,46370.7,29.4638,F
1272,1,HappyBirthday,221,15330.6,M,1,0.00216824,0.445565,4547.73,9.46798,F
1272,1,HappyBirthday,655,9855.98,M,1,0.00121185,1.31349,0.098608,0.376948,F
1272,1,HappyBirthday,871,22630.7,M,1,0.110953,8.63438,1.03585,36.5492,F
1273,1,HappyBirthday,141,10585.9,M,1,0.00758572,3.44205,2505.28,4.04558,F
1273,1,HappyBirthday,167,5475.62,M,1,0.000626164,1.69709,0.0540273,0.194709,F
1273,1,HappyBirthday,1354,1825,F,1,0.133772,2.82906,147.739,55.0379,F
1274,1,HappyBirthday,85,6205.74,M,1,0.00626931,0.340592,39.4204,2.08545,F
1274,1,HappyBirthday,232,6935.98,M,1,0.00013925,4.37498,9.6888,0.0439607,F
1274,1,HappyBirthday,1355,1825,F,1,0.118521,0.935929,30.4506,39.2312,F
1274,1,HappyBirthday,747,9125.34,M,1,0.00394511,6.40586,25.2299,1.31431,F
1275,1,HappyBirthday,317,25550.8,F,1,0.00805894,3.8488,42.74,2.79634,F
1275,1,HappyBirthday,614,8030.42,M,1,0.0647257,1.38481,164.878,20.9339,F
1275,1,HappyBirthday,870,5475.03,M,1,0.0154945,1.5491,113.158,7.25515,F
1276,1,HappyBirthday,237,8760.73,M,1,0.00300422,4.84889,63.6299,0.94517,F
1276,1,HappyBirthday,314,9125.5,F,1,0.0758105,0.304679,2022.82,25.993,F
1276,1,HappyBirthday,1263,2555,M,1,0.0163157,1.46252,21.8849,5.52444,F
1276,1,HappyBirthday,1182,3285,F,1,0.00263534,0.171009,1.72196,0.825386,F
1276,1,HappyBirthday,1457,730,M,1,0.287,1.98729,9102.19,1379.86,F
1276,1,HappyBirthday,867,5475.29,F,1,0.0149955,1.34468,1.04161,4.70079,F
1277,1,HappyBirthday,147,8395.34,F,1,0.114282,2.29403,176.068,38.0611,F
1277,1,HappyBirthday,1458,730,M,1,0.220882,0.502574,51188.8,1041.6,F
1277,1,HappyBirthday,542,17155.4,F,1,0,0.129065,58.7163,0,F
1277,1,HappyBirthday,1184,3285,F,1,0.45344,3.64242,2679.13,216.19,F
1277,1,HappyBirthday,1493,365,M,1,0.00271006,0.077934,262.767,1.29832,F
1277,1,HappyBirthday,826,9490.31,F,1,0.000110049,0.0559282,1.77191,0.0344774,F
1277,1,HappyBirthday,1394,1460,M,1,0.0385771,0.771528,83.4463,13.8417,F
1278,1,HappyBirthday,49,15330.9,M,1,0.00903659,2.86377,13338.5,4.16382,F
1278,1,HappyBirthday,1023,4745,M,1,0.86971,0.468638,381.748,650.192,F
1278,1,HappyBirthday,1225,2920,F,1,0.139408,0.0838193,6812.85,142.768,F
1278,1,HappyBirthday,835,5110.34,F,1,0.203239,7.93671,3667.39,114.458,F
1278,1,HappyBirthday,1426,1095,M,1,0.0104831,6.66922,23363.1,7.11029,F
1279,1,HappyBirthday,979,10220.2,M,1,0.00657684,0.552287,1552.64,2.62946,F
1281,1,HappyBirthday,69,9125.08,F,1,0.0102009,0.420575,1.45734,3.20963,F
1281,1,HappyBirthday,537,16425,M,1,0.00234178,0.0630846,363.552,1.17764,F
1281,1,HappyBirthday,824,6570.79,M,1,0.00183217,0.723715,0.041406,0.570029,F
1282,1,HappyBirthday,394,15695.1,M,1,0.0213125,1.60676,2.48665,6.71428,F
1283,1,HappyBirthday,1459,730,M,1,0.0303728,0.371351,357.904,15.8439,F
1284,1,HappyBirthday,1357,1825,F,1,0.236205,0.0511909,44.8882,85.3035,F
1284,1,HappyBirthday,941,8030.43,F,1,0.000186147,0.814383,7743.11,0.559267,F
1285,1,HappyBirthday,234,9855.74,M,1,0.00275266,14.7113,7.87463,0.856624,F
1285,1,HappyBirthday,312,6205.29,F,1,0.000759998,11.1399,0.0382485,0.236149,F
1286,1,HappyBirthday,1301,2190,M,1,0.0225282,0.505721,63.1774,7.76158,F
1286,1,HappyBirthday,1063,4380,M,1,0.00820862,0.577011,61211.8,43.2381,F
1286,1,Births,1524,0,M,0,0,0.072555,0,0,F
1287,1,HappyBirthday,416,5110.42,M,1,0.02632,0.460553,112.672,9.31689,F
1287,1,HappyBirthday,759,10950.2,M,1,0.000347352,0.678977,344.771,0.111696,F
1287,1,Births,1525,0,M,0,0,0.0123838,0,0,F
1288,1,HappyBirthday,1302,2190,F,1,0.326403,0.843459,17149.3,717.87,F
1288,1,HappyBirthday,412,8030.29,F,1,0.00082303,0.896749,286.235,0.26343,F
1288,1,HappyBirthday,779,5840.11,M,1,0.000925506,1.89696,1282.55,1.38027,F
1289,1,HappyBirthday,103,9125.34,F,1,7.1216e-05,13.6306,51.5224,0.0238912,F
1289,1,HappyBirthday,1358,1825,F,1,1.03442e-05,0.128013,4.77839,0.0032991,F
1289,1,HappyBirthday,219,7665.89,F,1,0.000423366,1.98599,25.3554,0.133931,F
1289,1,HappyBirthday,1185,3285,F,1,0.0122658,0.659611,169.013,6.08797,F
1290,1,HappyBirthday,874,8030.53,F,1,0.45517,0.074642,734.477,204.722,F
1291,1,HappyBirthday,365,5110.49,M,1,0.0120242,0.931002,3272.36,18.529,F
1291,1,HappyBirthday,1101,4015,M,1,2.18616e-05,26.9898,1817.78,0.0238581,F
1291,1,HappyBirthday,1264,2555,M,1,0.0631363,0.345984,2412.4,20.6554,F
1291,1,HappyBirthday,1138,3650,M,1,0.0643746,3.71238,56.9632,23.4628,F
1291,1,Births,1526,0,F,0,0,0.191502,0,0,F
1292,1,HappyBirthday,145,11680.8,F,1,0.0395342,0.16332,0.0035774,12.5365,F
1292,1,HappyBirthday,397,12410.9,M,1,0.138308,0.579273,42.554,46.4424,F
1292,1,HappyBirthday,494,5475.54,F,1,0.0129055,0.052838,0.703537,4.03686,F
1292,1,HappyBirthday,1494,365,F,1,0.0539589,0.0471041,142.837,20.684,F
1292,1,HappyBirthday,882,13140.2,M,1,0.0250379,2.27521,40.9345,8.36784,F
1292,1,Births,1527,0,F,0,0,0.188911,0,0,F
1293,1,HappyBirthday,203,7665.26,F,1,0.00145895,4.67808,11.1655,0.461327,F
1293,1,HappyBirthday,266,31390.7,M,1,0.828252,3.21721,22.6277,558.233,F
1293,1,HappyBirthday,845,27740.2,F,1,0.0168005,15.1027,29.2139,5.9014,F
1294,1,Births,1528,0,F,0,0,0.105398,0,0,F
1295,1,HappyBirthday,35,6205.01,F,1,0.108328,0.35705,4.95594,35.692,F
1296,1,HappyBirthday,177,21535.6,F,1,0.000247781,1.15772,27.5259,0.085157,F
1296,1,HappyBirthday,1102,4015,M,1,0.664673,0.594745,210.899,359.966,F
1297,1,HappyBirthday,181,8760.29,M,1,0.0124457,3.28689,0.0536854,3.89232,F
1297,1,HappyBirthday,215,6205.62,M,1,0.0522729,0.349821,0.768113,16.69,F
1297,1,HappyBirthday,1460,730,M,1,0.267601,0.376674,6965.65,107.623,F
1297,1,HappyBirthday,688,15330.7,M,1,0.0750989,1.15822,234.792,45.2374,F
1298,1,HappyBirthday,361,6205.04,F,1,0.0175093,2.17341,79.7581,6.13019,F
1298,1,HappyBirthday,647,9490.68,F,1,0.00856807,1.5738,1.77574,2.68167,F
1299,1,HappyBirthday,291,13505.2,F,1,0.547843,1.37923,184.418,247.54,F
1299,1,HappyBirthday,962,6935.67,M,1,0.000915776,3.25213,67.5915,0.313275,F
1300,1,HappyBirthday,1427,1095,M,1,0.184583,0.336853,65.885,69.2983,F
1300,1,HappyBirthday,1395,1460,M,1,0.069773,1.67076,1066.93,115.683,F
1301,1,HappyBirthday,322,28105,M,1,0.00232633,2.51962,0.960222,0.726952,F
1301,1,HappyBirthday,500,8030.42,M,1,0.00292421,4.38134,0.328341,0.910277,F
1302,1,HappyBirthday,1495,365,F,1,7.46011e-05,0.0253393,291.734,0.0479953,F
1302,1,HappyBirthday,1265,2555,F,1,0.0293197,4.58101,117.435,9.64733,F
1303,1,HappyBirthday,29,5840.52,M,1,0.00745699,3.65814,175.71,2.93813,F
1303,1,HappyBirthday,1266,2555,F,1,0.11235,0.895953,5157.89,238.448,F
1303,1,HappyBirthday,1359,1825,F,1,0.0628312,2.09152,135.481,33.2198,F
1303,1,HappyBirthday,816,22995.7,M,1,0.00605222,0.49793,380.644,2.93345,F
1304,1,HappyBirthday,1428,1095,M,1,0.00914888,0.522455,21548,5.82843,F
1304,1,HappyBirthday,465,6935.18,M,1,0.243301,3.45433,488.962,94.9953,F
1305,1,HappyBirthday,1303,2190,M,1,0.000933501,0.0457386,18.3898,0.29272,F
1305,1,Births,1529,0,F,0,0,0.716154,0,0,F
1307,1,HappyBirthday,1429,1095,M,1,0.789246,2.51509,114.898,538.378,F
1307,1,HappyBirthday,513,12410.1,F,1,0.000139095,0.943821,14.6826,0.0433412,F
1308,1,HappyBirthday,1461,730,M,1,0.129623,0.863868,320.24,56.9841,F
1308,1,HappyBirthday,373,21170.5,F,1,0.00469158,0.261794,1684.53,10.4705,F
1309,1,HappyBirthday,536,33945.4,M,1,0.00136097,22.5687,101.803,0.423288,F
1309,1,HappyBirthday,810,5840.82,M,1,0.000280941,0.0843058,4.77171,0.0888036,F
1310,1,HappyBirthday,955,10220,F,1,0.000295453,4.90119,0.0260964,0.0917994,F
1311,1,HappyBirthday,1304,2190,M,1,0.00246354,0.0307906,1.06667,0.766195,F
1311,1,HappyBirthday,744,10950.6,M,1,0.00259654,0.155134,9.13945,0.810201,F
1313,1,HappyBirthday,1140,3650,M,1,0.00924297,3.19985,25.5519,3.01271,F
1313,1,HappyBirthday,1065,4380,F,1,0.000820512,4.10941,0.0938218,0.255153,F
1313,1,HappyBirthday,464,6935.93,F,1,0.000440085,0.167975,361.484,0.143955,F
1313,1,HappyBirthday,1228,2920,F,1,0.0751848,0.286019,139.315,31.4837,F
1314,1,HappyBirthday,342,12410.9,F,1,0,0.0423477,0,0,F
1314,1,HappyBirthday,974,11680.1,M,1,7.27827e-05,44.8431,230.066,0.0242664,F
1316,1,HappyBirthday,256,6935.66,M,1,0.0159721,3.1903,0.12828,5.00402,F
1317,1,HappyBirthday,1268,2555,M,1,0.0104606,0.102134,33.2769,3.37796,F
1317,1,HappyBirthday,488,31755.7,F,1,0.000875615,0.47475,0.126587,0.27218,F
1317,1,HappyBirthday,1498,365,M,1,1.38814e-05,0.0134957,27323.4,0.0456857,F
1317,1,HappyBirthday,1499,365,M,1,0.0413701,0.577506,639.246,24.1824,F
1317,1,Births,1530,0,M,0,0,2.49743,0,0,F
1318,1,HappyBirthday,1269,2555,M,1,0.0051837,0.0270209,20.0021,1.6697,F
1318,1,HappyBirthday,942,14965.7,F,1,0.00414386,0.0343249,0.0002874,1.29021,F
1319,1,HappyBirthday,60,21535.6,F,1,0.204284,1.03491,59.7806,71.1242,F
1319,1,HappyBirthday,1229,2920,F,1,0.000232065,0.13104,7640.75,1.34267,F
1319,1,HappyBirthday,1024,4745,F,1,0.0551629,0.0631278,9.6537,18.3921,F
1319,1,HappyBirthday,788,8760.26,F,1,0.0287022,5.36529,1084.49,11.5021,F
1320,1,HappyBirthday,396,10950.5,M,1,0.00211022,9.38447,0.184821,0.657039,F
1320,1,HappyBirthday,1398,1460,M,1,0.012188,0.0459799,24.0954,3.91215,F
1320,1,HappyBirthday,1305,2190,M,1,0.0144222,0.253922,1.13851,4.53656,F
1321,1,HappyBirthday,1306,2190,F,1,0.00645159,0.158269,10942.5,18.9292,F
1321,1,HappyBirthday,1186,3285,M,1,0.272146,0.15831,138.68,98.9585,F
1321,1,HappyBirthday,996,6935.76,F,1,0,0.0450783,0.806588,0,F
1321,1,HappyBirthday,1307,2190,F,1,0.106948,0.39963,20.5891,35.8564,F
1323,1,HappyBirthday,325,14235.9,F,1,2.39397e-05,0.145427,2482.34,0.0126304,F
1323,1,HappyBirthday,527,15695.3,M,1,2.5439e-07,4.5138,5.28498,7.94e-05,F
1324,1,HappyBirthday,65,10220.5,F,1,0.0183811,1.92282,1250.61,6.49962,F
1324,1,HappyBirthday,393,5840.35,F,1,0.00873147,4.17592,15.7103,2.83941,F
1324,1,HappyBirthday,1500,365,M,1,0.311184,0.225914,10082.4,619.583,F
1324,1,HappyBirthday,753,5110.89,M,1,0.00873233,1.46685,60.1211,2.77201,F
1324,1,HappyBirthday,760,5475.77,M,1,0.0319917,4.15551,17.8289,10.1115,F
1325,1,HappyBirthday,156,7665.9,F,1,0.00133835,1.27388,0.0223476,0.416285,F
1325,1,HappyBirthday,257,9125.7,F,1,3.47176e-05,5.09364,41.932,0.0128448,F
1325,1,HappyBirthday,509,21535.9,F,1,0.00421495,0.636127,0.1296,1.3125,F
1325,1,HappyBirthday,1066,4380,M,1,0.000218577,1.4522,530.06,0.152437,F
1326,1,HappyBirthday,1025,4745,F,1,0.00771743,0.229217,0.053426,2.40809,F
1326,1,HappyBirthday,497,11680.8,F,1,0.006903,6.18453,179.135,2.33588,F
1326,1,HappyBirthday,570,7300.46,M,1,0.0635591,10.4109,622.897,39.4446,F
1327,1,HappyBirthday,196,10950.2,M,1,0,1.3382,0.262662,0,F
1327,1,HappyBirthday,710,27740.1,M,1,0.0038135,11.1333,6348.12,1.40537,F
1327,1,HappyBirthday,859,8030.95,F,1,0.000275927,0.0275184,619.979,0.0858156,F
1328,1,HappyBirthday,210,18615.4,F,1,0.0538541,1.05654,16.0088,17.6173,F
1328,1,HappyBirthday,362,12045.6,F,1,0.417777,0.530819,2.3708,168.786,F
1328,1,HappyBirthday,1308,2190,M,1,0.0078283,0.0312712,1557.65,2.51527,F
1328,1,HappyBirthday,1270,2555,M,1,0.105545,1.93011,1237.39,38.456,F
1328,1,HappyBirthday,749,21900.7,M,1,0.00129224,21.3687,468.724,0.413047,F
1328,1,HappyBirthday,990,5840.72,M,1,0.0329462,13.5346,98.0212,11.9827,F
1328,1,HappyBirthday,1309,2190,M,1,0.082558,0.237917,26304.9,63.8078,F
1329,1,HappyBirthday,829,8030.13,M,1,0.00500098,3.20021,6.54223,1.6098,F
1329,1,HappyBirthday,1399,1460,M,1,0.00387919,0.0664518,79.0604,1.35678,F
1330,1,HappyBirthday,1271,2555,F,1,0.0033205,11.8319,391.428,1.59552,F
1330,1,HappyBirthday,877,5475.48,F,1,0.0742127,17.7495,1.22765,23.9649,F
1332,1,HappyBirthday,82,15330,F,1,0.0664675,0.952627,0.160951,21.3808,F
1332,1,HappyBirthday,1026,4745,F,1,0.000102435,0.76705,23.0656,0.0327969,F
1332,1,HappyBirthday,1230,2920,F,1,0.0042579,4.40976,496.805,1.36781,F
1332,1,HappyBirthday,1027,4745,M,1,0.00259139,0.374349,22935.2,2.86217,F
1332,1,HappyBirthday,1361,1825,M,1,0.281132,2.37823,4278.66,236.771,F
1332,1,Births,1531,0,F,0,0,0.14416,0,0,F
1333,1,HappyBirthday,115,15330.6,F,1,0.00143202,0.507029,513.113,0.768859,F
1333,1,HappyBirthday,223,15330.7,M,1,7.90396e-05,1.51625,49.7546,0.0263286,F
1333,1,HappyBirthday,820,16425.3,M,1,0.014667,0.111399,16.9586,4.6119,F
1334,1,HappyBirthday,37,7665.15,F,1,0.0068761,6.39383,84.7465,2.15982,F
1334,1,HappyBirthday,1272,2555,M,1,0.740796,3.67779,57.1492,506.111,F
1334,1,HappyBirthday,495,14600.6,M,1,0.0017537,1.39609,122.096,0.641178,F
1334,1,HappyBirthday,798,7665.93,M,1,0.000450387,7.55099,7.66889,0.140103,F
1335,1,HappyBirthday,51,13870.9,F,1,0.0178383,7.08327,0.0099046,5.59441,F
1335,1,HappyBirthday,1273,2555,M,1,0.0151657,1.0491,41.8613,4.82955,F
1335,1,HappyBirthday,1142,3650,F,1,0.00560531,1.43641,1.16712,1.75473,F
1335,1,HappyBirthday,671,12045.4,M,1,0.0020508,0.547344,1.59862,0.641014,F
1335,1,HappyBirthday,1141,3650,F,1,0.0141008,7.56529,1616.01,5.7608,F
1335,1,HappyBirthday,1231,2920,M,1,0.0107518,0.376923,22.5959,3.4628,F
1335,1,HappyBirthday,855,25915.7,M,1,0.0136941,1.01629,69.1297,4.30194,F
1335,1,HappyBirthday,1462,730,M,1,0.0145756,0.968991,14952.4,13.4432,F
1337,1,HappyBirthday,586,22995.6,F,1,0.0207044,0.246012,0.0595812,6.5031,F
1338,1,HappyBirthday,1188,3285,M,1,0.0010141,0.519114,19.8327,0.346811,F
1339,1,HappyBirthday,180,34675.6,M,1,0.106878,0.470036,73.7607,36.9806,F
1339,1,HappyBirthday,1068,4380,F,1,0.000841959,0.0103933,11.0071,0.274696,F
1339,1,HappyBirthday,534,13870.6,F,1,0.0359544,2.27653,179.792,14.1874,F
1339,1,HappyBirthday,767,5840.42,M,1,0.00112842,0.148389,29295.9,1.0761,F
1340,1,HappyBirthday,5,11315.8,M,1,0.00238694,0.0930273,1141.55,1.90683,F
1340,1,HappyBirthday,71,10585.1,F,1,0.000630948,0.732273,69.7236,0.197144,F
1340,1,HappyBirthday,437,10585.6,F,1,0.000645096,1.37429,1866.73,0.277556,F
1341,1,HappyBirthday,885,18250.8,M,1,5.1914e-05,0.241322,71.6311,0.0164442,F
1342,1,HappyBirthday,357,5475.92,F,1,0.0436152,0.136886,12.2595,13.9662,F
1342,1,HappyBirthday,1145,3650,M,1,0.000297541,1.13649,252.619,0.0983504,F
1342,1,HappyBirthday,516,12775,F,1,0.197552,0.442562,0.225074,68.4034,F
1342,1,HappyBirthday,1069,4380,F,1,0.0364366,0.986695,1346.81,15.252,F
1342,1,HappyBirthday,1463,730,M,1,0.152681,0.448974,1504.67,155.493,F
1342,1,HappyBirthday,1501,365,F,1,0.00563616,0.0568259,145.989,2.83697,F
1343,1,HappyBirthday,696,5110.67,M,1,0.0426229,0.220885,144.677,15.6868,F
1343,1,HappyBirthday,782,8395.93,M,1,0.00118347,2.53585,0.0421714,0.367982,F
1343,1,HappyBirthday,787,32485.4,M,1,0.00760374,0.180159,38.3371,2.5123,F
1345,1,HappyBirthday,1464,730,M,1,0.0030685,1.02653,262.663,1.48353,F
1345,1,HappyBirthday,836,9490.21,F,1,0.0021032,0.271418,4443.33,1.00454,F
1345,1,Births,1532,0,M,0,0,0.404381,0,0,F
1346,1,HappyBirthday,336,18615.6,F,1,0.00142284,4.40985,1668.16,3.05893,F
1346,1,HappyBirthday,370,6935.81,M,1,0.000511826,1.32233,4.81509,0.160264,F
1346,1,HappyBirthday,589,20440,M,1,0.000691582,0.2866,5.6109,0.215032,F
1347,1,HappyBirthday,305,14600.4,F,1,0.0021604,1.99733,55.2243,0.831786,F
1347,1,HappyBirthday,639,24090.5,F,1,0.00119345,0.25388,614.229,1.19046,F
1347,1,HappyBirthday,1362,1825,M,1,0.118832,0.154445,7.91241,40.844,F
1348,1,HappyBirthday,774,14965.6,F,1,0.11307,0.386681,63.7406,37.4475,F
1349,1,HappyBirthday,1400,1460,M,1,0.355124,0.0524123,193.022,141.183,F
1349,1,HappyBirthday,1465,730,F,1,0.000330522,0.774036,34707,0.9918,F
1349,1,Births,1533,0,M,0,0,0.00822949,0,0,F
1349,1,Births,1534,0,F,0,0,0.86534,0,0,F
1350,1,HappyBirthday,56,7300.99,M,1,0.00130972,0.290009,0.661262,0.407395,F
1350,1,HappyBirthday,1028,4745,M,1,0.158974,0.264171,4.72737,53.9032,F
1350,1,HappyBirthday,1502,365,F,1,8.55897e-06,0.0491254,187951,0.0838409,F
1350,1,HappyBirthday,1310,2190,F,1,0.581335,0.0874692,881.178,611.882,F
1351,1,HappyBirthday,1311,2190,F,1,0.0802875,0.339462,20.6796,26.0205,F
1352,1,HappyBirthday,184,11680.1,M,1,0.00481509,3.07944,1.4228,1.5016,F
1352,1,HappyBirthday,1029,4745,F,1,9.43384e-05,1.56707,488.337,0.0501019,F
1352,1,HappyBirthday,450,13870,M,1,0.594653,2.11874,191.755,488.965,F
1352,1,HappyBirthday,1312,2190,M,1,0.000751529,2.61371,6.66109,0.241419,F
1352,1,HappyBirthday,784,20805.6,F,1,0.00502981,17.4058,116.532,1.58088,F
1354,1,HappyBirthday,593,25550,M,1,0.00788804,0.963366,3.64814,2.47858,F
1354,1,HappyBirthday,757,19710.4,M,1,0.0113179,14.3415,7673.65,5.04793,F
1354,1,HappyBirthday,1314,2190,M,1,0.0288945,2.97258,0.938086,9.15619,F
1355,1,HappyBirthday,1363,1825,M,1,0.729915,0.298227,112.588,418.442,F
1355,1,HappyBirthday,987,7300.85,M,1,0.00320753,3.38381,0.130083,0.998251,F
1355,1,HappyBirthday,482,5840.48,M,1,0.000698386,5.24356,1.46353e-06,0.216994,F
1355,1,HappyBirthday,863,6935.01,F,1,3.2842e-07,1.33075,855.219,0.00045786,F
1356,1,HappyBirthday,1232,2920,F,1,4.09136e-06,0.911195,1.01206,0.00128513,F
1356,1,HappyBirthday,139,18250.1,M,1,0.00159299,0.102799,205.066,0.504378,F
1356,1,HappyBirthday,327,9855.05,F,1,0.0103681,2.20704,0.163643,3.23917,F
1357,1,HappyBirthday,10,29930.2,F,1,0,0.0334588,0.227097,0,F
1357,1,Births,1535,0,F,0,0,0.066714,0,0,F
1358,1,HappyBirthday,158,7300.46,F,1,0.069661,0.269056,23.7329,22.5978,F
1358,1,HappyBirthday,414,18250.8,F,1,0.000104754,0.0991061,183.029,0.054492,F
1359,1,HappyBirthday,447,32485.8,M,1,0.00312496,0.176274,102.263,1.01951,F
1359,1,HappyBirthday,857,12410,F,1,0.0249106,0.276488,0.0448176,7.8392,F
1360,1,HappyBirthday,1233,2920,F,1,0.0884328,0.16,8844.96,39.3867,F
1360,1,HappyBirthday,261,7665.37,F,1,3.71816e-06,0.511664,1356.03,0.0056438,F
1360,1,HappyBirthday,773,12410.3,F,1,0.000331926,0.946592,1128.97,0.111897,F
1360,1,HappyBirthday,899,16790.1,M,1,0.00022044,0.102929,1078.04,0.0820398,F
1361,1,HappyBirthday,264,10585.1,F,1,0.0469254,1.1672,0.652137,14.9361,F
1361,1,HappyBirthday,510,10220.7,F,1,0.0887043,3.46647,11.8049,29.2611,F
1361,1,HappyBirthday,730,6570.81,F,1,0.00135225,0.525565,0.688821,0.420689,F
1361,1,HappyBirthday,935,19710.7,F,1,0.000574856,3.53185,26433.3,2.20853,F
1363,1,HappyBirthday,564,7300.64,F,1,0.00177467,3.49736,3.98631,0.562799,F
1363,1,HappyBirthday,578,5110.66,M,1,0.0100165,3.27357,200.333,5.60579,F
1363,1,HappyBirthday,846,8760.14,F,1,0.000726947,0.223722,5415.73,3.27191,F
1363,1,HappyBirthday,1146,3650,F,1,0.000488516,1.61269,8.42628,0.158183,F
1363,1,Births,1536,0,F,0,0,0.277374,0,0,F
1364,1,HappyBirthday,316,6570.74,M,1,0.229165,0.610225,1.32446,80.9113,F
1364,1,HappyBirthday,603,20440.2,F,1,0.000207796,0.517253,1394.37,0.0853184,F
1364,1,HappyBirthday,692,8395.51,F,1,0.0309458,17.7144,46.3411,9.79335,F
1365,1,HappyBirthday,584,15330.7,F,1,0.604208,3.03815,665.406,298.667,F
1366,1,HappyBirthday,1234,2920,M,1,0.0235399,1.2921,1267.66,10.2323,F
1366,1,HappyBirthday,401,8395.19,M,1,0.0115922,3.43384,223.806,7.60249,F
1366,1,HappyBirthday,1365,1825,M,1,0.0024432,0.0716622,22.2551,0.783116,F
1366,1,HappyBirthday,1316,2190,M,1,0.00208348,2.39443,0.295319,0.648631,F
1367,1,HappyBirthday,277,8030.66,M,1,0.000306233,1.34005,2.57457,0.0955258,F
1367,1,HappyBirthday,1190,3285,F,1,0.115199,0.140806,3.37214,38.5202,F
1367,1,HappyBirthday,659,6570.05,M,1,0.000231191,1.84684,0.282179,0.0718914,F
1367,1,HappyBirthday,891,6570.58,M,1,0.00171838,0.144114,1.21845,0.534485,F
1368,1,HappyBirthday,300,27010.7,M,1,0,0.00889434,0.282714,0,F
1368,1,HappyBirthday,345,10585.5,M,1,0.00189024,2.73803,545.378,0.587961,F
1368,1,HappyBirthday,1073,4380,M,1,0.00106917,2.03464,17.1382,0.355264,F
1368,1,HappyBirthday,1466,730,M,1,0.000410244,0.0314904,112.782,0.181197,F
1369,1,HappyBirthday,1191,3285,M,1,0.00172567,0.783193,61268.2,7.13182,F
1369,1,HappyBirthday,1148,3650,F,1,0.0806835,0.049495,0.0197208,26.1439,F
1370,1,HappyBirthday,155,13505.3,F,1,0.0093922,1.54013,277.35,4.09918,F
1370,1,HappyBirthday,379,7665.24,F,1,0.000211539,14.9747,5.93753,0.0672754,F
1370,1,HappyBirthday,1317,2190,M,1,0.0459093,3.02058,214.925,17.7229,F
1371,1,HappyBirthday,712,12410.6,F,1,0.00686007,0.422568,17.5776,2.14849,F
1371,1,HappyBirthday,1192,3285,F,1,0.000140722,0.907066,1440.15,0.129263,F
1372,1,HappyBirthday,143,7300,F,1,0.00967368,0.712506,188.308,3.07095,F
1373,1,HappyBirthday,1467,730,F,1,0.304935,3.1537,908.774,475.74,F
1373,1,Births,1537,0,F,0,0,0.00179596,0,0,F
1374,1,HappyBirthday,1318,2190,M,1,0.0210388,0.434826,10400.3,78.9011,F
1374,1,HappyBirthday,302,18615.4,F,1,0.17071,4.55178,1126.64,63.7893,F
1374,1,HappyBirthday,1319,2190,M,1,0.0094404,0.0783991,1416.87,8.22609,F
1374,1,HappyBirthday,966,12045.9,F,1,0.141266,4.28269,4293.67,47.8179,F
1375,1,HappyBirthday,13,11680.7,M,1,3.53658e-05,0.0416534,12.354,0.0112052,F
1376,1,HappyBirthday,209,8395.41,F,1,2.15642e-05,1.18096,286.83,0.0072126,F
1376,1,HappyBirthday,415,5110.92,M,1,0.736123,0.0344634,18.0723,414.53,F
1377,1,HappyBirthday,470,17520,M,1,0.000143935,6.93723,0.447873,0.0447452,F
1377,1,HappyBirthday,695,25915.5,M,1,0.0320777,6.90143,5.54335,10.1479,F
1377,1,HappyBirthday,1030,4745,M,1,0.0157976,2.64282,2543.65,22.8652,F
1377,1,HappyBirthday,1468,730,M,1,0.881564,0.547295,196.241,889.157,F
1378,1,HappyBirthday,94,5110.53,M,1,0.00222618,0.654701,0.0986037,0.693126,F
1378,1,HappyBirthday,997,7665.54,F,1,0.00102013,50.9898,6.12001,0.326956,F
1378,1,HappyBirthday,1366,1825,F,1,0.00179373,0.509183,2189.64,0.786452,F
1378,1,HappyBirthday,165,33580.6,F,1,0,0.712443,63.4481,0,F
1379,1,HappyBirthday,1149,3650,M,1,0.15088,2.31204,1085.62,94.727,F
1380,1,HappyBirthday,441,5840.98,F,1,0.0015582,0.223863,3499.12,1.06658,F
1382,1,HappyBirthday,149,15330.8,F,1,0.0121306,2.59246,6.27742,3.79951,F
1382,1,HappyBirthday,1469,730,F,1,0.171893,0.0718048,37292.6,1502.29,F
1382,1,HappyBirthday,684,9855.27,M,1,0.00409021,0.559918,827.362,5.57018,F
1383,1,HappyBirthday,144,5110.71,M,1,1.71984e-05,15.7863,1967.53,0.0190185,F
1383,1,HappyBirthday,151,7300.45,F,1,0.00210152,1.15543,23725.3,2.34109,F
1383,1,HappyBirthday,1367,1825,F,1,0.0800404,0.674274,15227,131.302,F
1384,1,HappyBirthday,278,25185.1,M,1,0.0423881,0.922723,0.0351134,13.4596,F
1384,1,HappyBirthday,1321,2190,M,1,0.00238652,1.20556,51.7362,0.840418,F
1385,1,HappyBirthday,717,13870.3,F,1,0.621883,0.0774198,71.8682,326.363,F
1385,1,HappyBirthday,964,11315.9,F,1,0.00878054,12.7536,3042.71,4.05044,F
1385,1,Births,1538,0,F,0,0,0.767312,0,0,F
1386,1,HappyBirthday,1368,1825,F,0,0,0.0265006,0,0,F
1386,1,Births,1539,0,M,0,0,0.00609105,0,0,F
1387,1,HappyBirthday,1150,3650,F,1,0.0985595,0.0955347,2.70934,32.54,F
1387,1,HappyBirthday,274,6935.1,M,1,6.90826e-06,0.21208,1828.14,0.0159049,F
1387,1,HappyBirthday,363,25185.6,M,1,0.00018597,0.245346,0.0183496,0.0578766,F
1387,1,HappyBirthday,522,10951,F,1,0.00388869,0.0572625,11.6345,1.26508,F
1387,1,HappyBirthday,898,18250.5,F,1,0.00192894,0.962221,5.20974,0.600249,F
1388,1,HappyBirthday,615,13140.1,F,1,0.0179664,26.6659,69.5379,5.99027,F
1389,1,HappyBirthday,230,22265.9,M,1,0.00155647,1.04231,64.3012,0.625961,F
1389,1,HappyBirthday,1431,1095,M,1,0.00110945,0.461071,46.1231,0.385926,F
1389,1,HappyBirthday,1470,730,F,1,0.116939,0.393574,0.581367,38.7512,F
1390,1,HappyBirthday,912,19710.9,F,1,0.00415274,2.30347,1664.67,7.77356,F
1390,1,HappyBirthday,1503,365,M,1,0.185998,0.554909,48.5975,69.8397,F
1391,1,HappyBirthday,1107,4015,M,1,0.00672392,0.401352,47.4624,2.24266,F
1391,1,HappyBirthday,1108,4015,F,1,0.000269807,5.58706,7829.36,0.800844,F
1391,1,HappyBirthday,894,21900.4,M,1,0.00291296,5.84084,79.2359,1.01463,F
1392,1,HappyBirthday,1151,3650,F,1,0.14541,1.24813,82.6556,54.9271,F
1392,1,HappyBirthday,408,19710.7,F,1,0.00670375,2.16757,32.9604,2.10859,F
1393,1,HappyBirthday,858,10220.3,M,1,0.0915318,0.295201,0.722732,29.8841,F
1394,1,HappyBirthday,1504,365,M,1,0.210486,0.0673328,2862.22,265.091,F
1395,1,HappyBirthday,1000,12045.8,M,1,0.00824963,0.0124988,31.6132,2.7212,F
1395,1,HappyBirthday,604,25185.8,F,1,0.0618839,0.495062,0.701478,19.8986,F
1396,1,HappyBirthday,118,12045.4,M,1,0.00742396,0.905455,20.1786,2.37825,F
1396,1,HappyBirthday,1322,2190,F,1,0.0461293,0.439654,30.8071,16.648,F
1397,1,HappyBirthday,191,12410.9,F,1,0.00559517,0.29216,2008.59,2.06385,F
1398,1,HappyBirthday,399,9490.61,F,1,0,3.15852,0.421825,0,F
1399,1,HappyBirthday,100,20805.6,M,1,5.76258e-05,0.569219,3661.37,0.047474,F
1399,1,HappyBirthday,694,10220.5,F,1,0.00637435,64.2597,0.0629078,1.98849,F
1399,1,HappyBirthday,949,19345.1,M,1,0.000188235,0.30197,121.861,0.0608026,F
1400,1,HappyBirthday,1238,2920,F,1,0.00427459,4.27886,1048.83,1.63898,F
1401,1,HappyBirthday,567,26645.8,F,1,0.000851913,1.2479,16.9612,0.266968,F
1401,1,HappyBirthday,993,11680,F,1,0.23789,47.0843,19.6657,84.4599,F
1401,1,HappyBirthday,1194,3285,F,1,0.35511,0.179043,15.8367,139.151,F
1402,1,HappyBirthday,426,9490.15,F,1,0.000714108,1.55852,0.847376,0.222691,F
1402,1,HappyBirthday,805,5840.09,M,1,7.25062e-07,0.070377,13917.4,0.00316434,F
1403,1,HappyBirthday,1195,3285,M,1,0.141216,0.10473,398.534,48.0476,F
1403,1,HappyBirthday,1152,3650,M,1,0.00224122,1.50385,1.6914,0.698502,F
1403,1,HappyBirthday,360,17520.3,F,1,0.162664,8.01876,2089.89,56.5326,F
1403,1,HappyBirthday,481,5840.36,F,1,0.00592835,0.888488,2.20683,1.85383,F
1403,1,HappyBirthday,1370,1825,F,1,0.111711,2.31761,56116.7,409.572,F
1403,1,HappyBirthday,1432,1095,M,1,0.138618,0.0418972,81.1134,61.2076,F
1404,1,HappyBirthday,1433,1095,M,1,0.0955892,0.159262,92.9655,41.8164,F
1404,1,HappyBirthday,762,5840.6,F,1,0.0231538,2.94245,30.7151,7.28877,F
1404,1,HappyBirthday,1401,1460,F,1,0.00125429,0.212718,1.28628e-05,0.390213,F
1405,1,HappyBirthday,1239,2920,M,1,4.90853e-05,0.269935,0.259861,0.0152937,F
1405,1,HappyBirthday,844,16425.7,M,1,0.0252292,1.5564,1.27792,7.97884,F
1406,1,HappyBirthday,487,13870.6,M,1,0.00437307,0.935979,5.71943,1.36298,F
1406,1,HappyBirthday,644,16060.2,M,1,0.000309768,0.160684,7.8e-06,0.096491,F
1406,1,HappyBirthday,1109,4015,F,1,0.000217259,1.54403,6571.57,0.0852973,F
1407,1,HappyBirthday,6,7665.05,F,1,3.19452e-05,1.86428,3830.36,0.0806062,F
1407,1,HappyBirthday,28,19710.9,F,1,2.39459e-06,0.724581,2921.23,0.0034632,F
1407,1,HappyBirthday,106,9855.68,M,1,4.42882e-06,0.919057,19.1156,0.0014188,F
1408,1,HappyBirthday,20,8395.2,M,1,0.000714573,2.08629,3.23539,0.222342,F
1408,1,HappyBirthday,1402,1460,M,1,0.116508,0.475646,878.251,45.2659,F
1408,1,HappyBirthday,724,10585.3,M,1,0.00142167,0.523793,9.17123,0.456685,F
1408,1,HappyBirthday,726,26280.4,M,1,0.00134888,3.29174,298.753,0.878189,F
1409,1,HappyBirthday,202,30660.1,F,1,0.0100949,0.0135164,48.5222,3.41568,F
1410,1,HappyBirthday,101,6570.16,F,1,0.0650455,0.380167,334.396,38.9302,F
1410,1,HappyBirthday,1277,2555,M,1,0.510596,0.778939,173.798,373.823,F
1411,1,HappyBirthday,276,6205.48,F,1,2.49327e-05,0.157864,0.0559783,0.00773121,F
1411,1,HappyBirthday,674,9125.58,M,1,0.0541579,1.72658,270.038,17.4969,F
1411,1,HappyBirthday,1033,4745,F,1,0.00976874,0.640573,1117.78,7.77789,F
1411,1,HappyBirthday,736,14965.4,M,1,1.59087e-05,0.79815,2825.79,0.0250698,F
1412,1,Births,1540,0,F,0,0,0.156227,0,0,F
1413,1,HappyBirthday,292,6205.5,F,1,0.00155725,2.4229,51.4935,0.49876,F
1414,1,HappyBirthday,19,24820.2,M,1,0.116706,0.5436,12.8254,40.7646,F
1414,1,HappyBirthday,1403,1460,M,1,0.0205789,1.05878,309.118,7.06669,F
1414,1,HappyBirthday,1196,3285,M,1,0.00269735,0.895346,4.01547,0.856062,F
1415,1,HappyBirthday,315,15695.2,M,1,0.00171592,1.34835,30.035,0.547417,F
1415,1,HappyBirthday,346,28470.4,M,1,0.00648691,0.259303,1.07822,2.02267,F
1415,1,HappyBirthday,678,5475.61,F,1,0.000504489,6.6755,181.073,0.274899,F
1416,1,HappyBirthday,284,17155.6,F,1,0.00639421,0.324596,3113.32,9.72853,F
1417,1,HappyBirthday,214,6570.02,M,1,0.000525641,4.28031,9.8244,0.164757,F
1417,1,HappyBirthday,1471,730,M,0,0,0.00786447,0,0,F
1417,1,HappyBirthday,823,5840.56,F,1,0.000776574,3.29898,0.299242,0.241514,F
1418,1,HappyBirthday,1035,4745,F,1,0.0247832,2.60756,0.276314,7.7988,F
1418,1,HappyBirthday,1472,730,F,1,0.896159,0.310955,225.046,881.8,F
1418,1,HappyBirthday,503,7300.92,F,1,0.00222281,3.27585,13.4376,0.694302,F
1418,1,HappyBirthday,591,12775.1,M,1,0.00961224,1.45828,505.923,5.32757,F
1418,1,HappyBirthday,721,9855.81,M,1,0.0116877,1.13724,1065.64,5.43202,F
1419,1,HappyBirthday,154,21535.4,M,1,0.00269401,31.1373,6.80218,0.848217,F
1420,1,HappyBirthday,1505,365,M,1,0.00428401,0.0538206,71.0474,1.50109,F
1421,1,HappyBirthday,1506,365,F,1,0.010819,0.337008,2.33469,3.38077,F
1421,1,HappyBirthday,1434,1095,F,1,0.0456559,0.0292313,8294.33,67.0257,F
1422,1,HappyBirthday,620,8030.57,F,1,0.264208,0.644829,202.521,121.536,F
1422,1,HappyBirthday,703,25550,M,1,0.00361639,2.12424,0.266485,1.12589,F
1422,1,HappyBirthday,751,5840.67,F,1,0.0923536,0.269545,11.255,30.2638,F
1423,1,HappyBirthday,50,11315.1,F,1,0.00238588,0.0447787,481.245,1.21852,F
1423,1,HappyBirthday,502,8030.12,F,1,3.62471e-06,0.140806,12.8459,0.0011392,F
1423,1,HappyBirthday,556,5110.41,M,1,0.00105663,0.11391,0.00264903,0.328603,F
1423,1,HappyBirthday,1075,4380,F,1,0.00378967,1.09366,27.8749,1.18464,F
1424,1,HappyBirthday,9,7300.07,F,1,0.0307573,1.27145,2860.15,20.6677,F
1424,1,HappyBirthday,701,5110.88,M,1,0.00484193,0.479954,0.0578987,1.50825,F
1424,1,HappyBirthday,1036,4745,M,1,2.54102e-05,1.15922,145.731,0.0121236,F
1425,1,HappyBirthday,1508,365,M,1,0.930269,0.306935,162.568,1048.76,F
1425,1,HappyBirthday,1473,730,F,1,0.335958,0.723749,24.0605,142.548,F
1425,1,HappyBirthday,612,35405.2,M,1,1.10812e-05,0.667963,100.702,0.0048874,F
1425,1,HappyBirthday,648,17520.7,M,1,0.137962,0.879121,14.0681,47.1561,F
1425,1,HappyBirthday,930,10950.3,F,1,0.000398758,0.231949,570.103,0.220732,F
1426,1,HappyBirthday,3,6570.02,M,1,0.0157294,9.25594,2440.13,5.32013,F
1426,1,HappyBirthday,1324,2190,F,1,0.0584074,0.491847,3857.19,103.259,F
1426,1,HappyBirthday,1435,1095,F,1,0.00398688,2.76809,113.912,1.50846,F
1426,1,HappyBirthday,1111,4015,M,1,0.0908485,1.4965,3.6521,29.7447,F
1426,1,HappyBirthday,992,7300.5,M,1,0.000944219,0.079288,365.779,0.308505,F
1426,1,HappyBirthday,680,5110.79,F,1,0.00272526,0.893331,41.6642,0.89728,F
1427,1,HappyBirthday,529,9490.31,F,1,0.000424942,7.38392,194.088,0.136497,F
1427,1,HappyBirthday,607,16425,F,1,0.00505919,2.31343,533.983,3.80638,F
1427,1,HappyBirthday,938,6935.77,M,1,0.00441266,0.278786,6.03481,1.37512,F
1428,1,HappyBirthday,1153,3650,M,1,4.13726e-05,0.283364,0.0813957,0.0128418,F
1429,1,HappyBirthday,269,13505.5,F,1,0.278719,0.600207,796.077,103,F
1429,1,HappyBirthday,1372,1825,F,1,0.0119324,7.1424,174.991,5.36157,F
1429,1,HappyBirthday,665,10585.8,F,1,0.0456549,7.05158,0.0014502,14.5243,F
1430,1,HappyBirthday,186,9855.61,M,1,0.00925947,2.1766,2.25538,2.89725,F
1430,1,HappyBirthday,189,17155,M,1,0.128244,0.405637,380.852,47.9637,F
1430,1,HappyBirthday,356,8760.76,F,1,0.00571621,0.50274,37.6249,1.83725,F
1430,1,HappyBirthday,463,8395.2,F,1,0.0763378,1.7573,509.372,41.8271,F
1430,1,HappyBirthday,673,9125.47,F,1,0.000235215,0.425378,8.15215,0.0731848,F
1430,1,HappyBirthday,1436,1095,F,1,0.185374,0.476794,57761.5,1477.81,F
1430,1,HappyBirthday,978,11315.9,F,1,0.00590878,0.972817,881.482,2.17722,F
1431,1,HappyBirthday,1279,2555,F,1,0.092053,0.552811,119.268,40.4091,F
1431,1,HappyBirthday,1475,730,M,1,0.0651493,0.151643,60929.8,189.653,F
1431,1,HappyBirthday,1404,1460,M,1,0.346531,0.184025,5798.02,138.879,F
1431,1,HappyBirthday,1405,1460,F,1,0.577168,0.59122,784.739,282.052,F
1431,1,HappyBirthday,720,21900,F,1,0.000217843,0.46127,102.819,0.0705828,F
1432,1,HappyBirthday,1240,2920,F,1,0.0389737,1.11172,88.2418,12.438,F
1432,1,HappyBirthday,369,13505.5,F,1,0.00137729,2.12944,242.604,0.586456,F
1432,1,HappyBirthday,382,9490.44,M,1,0.12425,1.48563,21.034,41.3596,F
1432,1,HappyBirthday,952,6205.21,M,1,0.000624186,0.956169,873.856,0.231115,F
1433,1,HappyBirthday,36,9490.77,M,1,0.00139805,0.137001,27.6901,0.437793,F
1433,1,HappyBirthday,442,6935.66,F,1,0.0262391,1.56957,44.1209,8.43105,F
1433,1,HappyBirthday,1198,3285,M,1,0.0124491,0.0114069,53.225,3.97518,F
1433,1,HappyBirthday,1325,2190,M,1,0.0181796,1.59052,3187.86,28.6735,F
1433,1,HappyBirthday,739,6570.78,M,1,0.0579953,0.66774,233.394,34.3787,F
1433,1,HappyBirthday,755,34310.6,M,1,0.0938393,0.0565291,39.86,34.3098,F
1433,1,HappyBirthday,830,18250,F,1,0.00200504,11.693,25.6692,0.625452,F
1434,1,HappyBirthday,161,5475.01,F,1,0.00599121,3.02317,0.258871,1.87041,F
1434,1,HappyBirthday,193,12045.5,M,1,0.00648997,2.99881,0.0013064,2.02378,F
1434,1,HappyBirthday,275,27375.7,F,1,0.0669288,0.306086,0.0216258,21.5295,F
1434,1,Births,1541,0,M,0,0,0.0118485,0,0,F
1435,1,HappyBirthday,208,6935.69,M,1,0.00479276,0.305491,96.6623,1.58404,F
1435,1,HappyBirthday,1199,3285,M,1,0.0193254,1.4489,0.267981,6.06452,F
1435,1,HappyBirthday,864,19345.6,M,1,0.0119288,1.75032,0.0006728,3.72926,F
1437,1,HappyBirthday,16,6570.67,M,1,0.00182194,0.697017,4.34598,0.566706,F
1437,1,HappyBirthday,491,20075.9,F,1,0.00398282,0.192498,0.377037,1.24054,F
1437,1,HappyBirthday,1077,4380,M,1,0.000137452,9.35509,2.58226,0.0429645,F
1437,1,HappyBirthday,1280,2555,F,1,0.000180409,0.872415,297.552,0.0603804,F
1438,1,HappyBirthday,329,14600.6,F,1,0.000212661,0.316755,1811.04,0.089512,F
1439,1,HappyBirthday,980,7665.57,F,1,0.0236941,21.1024,3.374,7.45686,F
1439,1,HappyBirthday,802,5110.17,F,1,0.00215287,1.19237,708.553,2.67758,F
1439,1,HappyBirthday,886,5475.74,M,1,0.0394912,0.300786,0.174902,12.5219,F
1440,1,HappyBirthday,539,18250.9,F,1,5.25954e-05,0.0961058,1.2022,0.0164274,F
1441,1,HappyBirthday,596,24455.3,F,1,0.0137446,0.151435,0.0092622,4.30109,F
1441,1,HappyBirthday,828,7665.03,F,1,0.0219384,3.24931,13.2854,7.19624,F
1442,1,HappyBirthday,407,22630.9,F,1,0.000167908,0.799347,2.64085,0.0521718,F
1443,1,HappyBirthday,1200,3285,F,1,0.00103482,0.202805,0.000192522,0.321587,F
1443,1,HappyBirthday,1282,2555,F,1,0.565395,0.0282203,177.433,310.928,F
1443,1,HappyBirthday,1156,3650,F,1,0.0633665,1.87528,3013.42,41.9525,F
1444,1,HappyBirthday,970,11680.6,M,1,0.000181248,0.322259,608.639,0.112678,F
1445,1,HappyBirthday,1113,4015,F,1,0.000466179,0.951218,0.0354363,0.145063,F
1445,1,HappyBirthday,1078,4380,F,1,0.00273755,1.64103,0.312746,0.85356,F
1446,1,HappyBirthday,413,8760.61,F,1,0.00874644,1.044,2.69273,2.74207,F
1447,1,HappyBirthday,438,9125.04,M,1,0.00302491,5.59313,0.0222716,0.941423,F
1447,1,HappyBirthday,1476,730,M,1,0.710629,0.979824,223.332,500.21,F
1447,1,HappyBirthday,1080,4380,M,1,0.0219112,0.852677,12073.2,16.9792,F
1447,1,HappyBirthday,709,15330.8,F,1,0.0875348,3.42331,18.738,29.1864,F
1448,1,HappyBirthday,263,25550.3,F,1,0.0242116,1.87794,3.03868,7.6426,F
1448,1,HappyBirthday,1081,4380,M,1,0.00467818,3.23236,1.44573,1.4656,F
1448,1,HappyBirthday,931,11315.1,M,1,0.00795465,0.133772,0.256902,2.48301,F
1448,1,HappyBirthday,1242,2920,F,1,0.00734378,0.161764,8.75138,2.29221,F
1449,1,HappyBirthday,1114,4015,M,1,0.00255595,2.35001,65.8254,0.820601,F
1449,1,HappyBirthday,897,24455.9,F,1,7.94299e-05,9.92545,6.38782,0.0248822,F
1450,1,HappyBirthday,427,7665.43,F,1,0.00169662,2.44669,1267.77,2.83663,F
1450,1,HappyBirthday,1243,2920,M,1,0.22154,0.963373,70.5507,86.5233,F
1450,1,HappyBirthday,713,6570.6,M,1,3.95629e-05,0.196537,482.021,0.0202083,F
1450,1,HappyBirthday,722,27740.9,F,1,0.00331021,0.0203575,34.3967,1.06119,F
1451,1,HappyBirthday,1437,1095,F,1,0.156216,0.048034,72919.8,1552.5,F
1451,1,HappyBirthday,1244,2920,F,1,0.00230168,0.365223,178320,22.2289,F
1451,1,HappyBirthday,1082,4380,M,1,0.0114142,0.14321,44.8751,4.07895,F
1452,1,HappyBirthday,1283,2555,M,1,0.227225,3.06266,1604.71,81.1309,F
1453,1,HappyBirthday,1202,3285,M,1,9.53919e-05,0.219471,12344.5,0.151302,F
1453,1,Births,1542,0,F,0,0,0.00633683,0,0,F
1453,1,Births,1543,0,M,0,0,0.000342056,0,0,F
1454,1,HappyBirthday,1038,4745,M,1,0.049116,3.09641,0.217358,15.6515,F
1455,1,HappyBirthday,765,16425.7,F,1,0.000676088,0.269956,7.79523,0.210247,F
1456,1,HappyBirthday,1327,2190,F,1,0.499491,0.0828032,686.571,440.159,F
1457,1,HappyBirthday,225,13505.2,M,1,0.00723238,0.348638,96.2055,2.96653,F
1457,1,HappyBirthday,400,6935.56,M,1,0.00130498,0.0264404,0.0112522,0.405844,F
1458,1,HappyBirthday,1328,2190,F,1,0.0520822,0.112712,0.214977,16.6385,F
1459,1,HappyBirthday,1329,2190,F,1,0.0229199,0.355158,28.0875,7.40328,F
1459,1,HappyBirthday,729,6205.85,M,1,0.00118167,0.0574605,17.9042,0.398803,F
1459,1,HappyBirthday,985,17520.2,M,1,0.000389269,7.43113,0.405726,0.121112,F
1460,1,HappyBirthday,220,20805.7,M,1,0.00544602,0.564605,0.1935,1.69781,F
1460,1,HappyBirthday,933,30660.9,F,1,0.000199376,0.643458,5563.29,0.911957,F
1461,1,HappyBirthday,1438,1095,F,1,0.00906199,0.943784,154.767,3.59047,F
1461,1,HappyBirthday,954,18980.9,F,1,0.00124088,6.05157,33.4205,0.399676,F
1462,1,HappyBirthday,1407,1460,F,1,0.647253,1.87747,121.392,451.45,F
1463,1,HappyBirthday,240,6205.85,M,1,0.00027121,0.943081,0.0114833,0.0843267,F
1463,1,HappyBirthday,289,6205.17,F,1,0.00171514,59.9512,7.95986,0.548208,F
1463,1,HappyBirthday,976,8760.38,M,1,0.0152594,0.335919,0.0028868,4.77859,F
1464,1,HappyBirthday,1245,2920,F,1,0.0877394,0.0614702,72.8839,36.1256,F
1464,1,HappyBirthday,634,31390.3,M,1,0.0622301,0.116624,0.417465,20.0028,F
1465,1,HappyBirthday,1203,3285,F,1,0.0339624,0.174745,0.00953579,10.739,F
1465,1,HappyBirthday,1116,4015,F,1,0.0100335,8.39709,43.2744,3.14113,F
1465,1,HappyBirthday,610,31390.2,M,1,0.0825643,0.0627085,1044.89,60.032,F
1465,1,HappyBirthday,893,14600.6,M,1,0.00207645,1.39302,4991.25,0.934124,F
1466,1,HappyBirthday,459,12045.6,F,1,0.123592,0.350161,152.089,42.9964,F
1466,1,HappyBirthday,689,6570.4,F,1,0.0018102,0.598941,439.953,0.934967,F
1466,1,HappyBirthday,778,6935.45,M,1,0.000853357,2.19673,1.49446,0.265736,F
1466,1,HappyBirthday,977,7665.94,M,1,0,0.622565,0.734422,0,F
1467,1,HappyBirthday,458,17885.6,M,1,0.106764,1.84641,34.2907,37.1755,F
1467,1,HappyBirthday,754,14235.6,M,1,0.00162708,6.39247,56.9665,0.517487,F
1467,1,HappyBirthday,1204,3285,M,1,0.00107025,0.319399,11.1637,0.348869,F
1468,1,HappyBirthday,190,13505.5,M,1,0.265875,1.41229,20.7014,96.7758,F
1468,1,HappyBirthday,1158,3650,F,1,0.00200612,0.151517,1993.83,1.74962,F
1469,1,HappyBirthday,1002,5110,M,1,0.000114418,1.68621,185.97,0.0681093,F
1469,1,HappyBirthday,1477,730,M,1,0.00104491,0.126759,32212.9,1.29811,F
1469,1,HappyBirthday,367,22995.4,F,1,0.00363793,0.140065,14.2014,1.13494,F
1469,1,HappyBirthday,1478,730,M,1,0.00038943,0.351923,20796.7,4.45312,F
1469,1,HappyBirthday,948,8395.26,M,1,0.450735,6.5363,58.6564,191.143,F
1470,1,HappyBirthday,1039,4745,M,1,0.00122412,0.0890509,287.79,0.531396,F
1470,1,HappyBirthday,1509,365,F,1,0.0287189,0.194303,28333.6,90.1192,F
1470,1,HappyBirthday,968,10585.1,M,1,0.0546825,0.30689,13724.7,29.8169,F
1471,1,HappyBirthday,104,5840.84,M,1,1.12163e-05,1.87413,10555.5,0.0398466,F
1471,1,HappyBirthday,247,5475.74,M,1,0.124633,0.154149,3.11889,41.3929,F
1471,1,HappyBirthday,1510,365,M,1,0.129589,0.517419,49.346,46.6755,F
1471,1,HappyBirthday,1159,3650,M,1,0.0775534,0.956148,51.808,26.8564,F
1471,1,HappyBirthday,597,12775.9,M,1,0.0272087,0.325179,0.060464,8.57533,F
1471,1,HappyBirthday,1330,2190,M,1,0.000713686,8.68152,1963.9,0.814628,F
1472,1,HappyBirthday,57,12045.8,F,1,0.000314742,0.228891,6e-07,0.0977692,F
1472,1,HappyBirthday,1205,3285,M,1,0.000678934,0.693789,0.670689,0.211793,F
1473,1,HappyBirthday,643,9490.21,M,1,0.127931,0.00758911,4145.77,526.01,F
1473,1,HappyBirthday,812,18250.8,M,1,2.01646e-05,1.26539,63710,0.147523,F
1474,1,HappyBirthday,476,9490.8,F,1,0.00125862,0.769044,28.3667,0.408222,F
1475,1,HappyBirthday,1083,4380,M,1,3.63527e-05,0.108653,1.10029,0.0112572,F
1475,1,HappyBirthday,136,8030.54,F,1,0.0013391,0.318679,6.01542,0.428609,F
1475,1,HappyBirthday,1005,5110,M,1,0.000144857,0.972454,22.1661,0.0496985,F
1475,1,HappyBirthday,1004,5110,M,1,0.00229594,0.659075,12.8205,0.760092,F
1477,1,HappyBirthday,324,25185.5,M,1,0.000979515,0.350282,8.40791,0.304873,F
1477,1,HappyBirthday,1333,2190,M,1,0.0255921,0.042511,12.2869,8.4608,F
1478,1,HappyBirthday,436,13870.3,F,1,0.00161067,0.916372,16.7437,0.511439,F
1478,1,HappyBirthday,915,7300.13,F,1,0.00321399,1.61215,2905.1,1.00594,F
1478,1,Births,1544,0,F,0,0,0.00370236,0,0,F
1479,1,HappyBirthday,1408,1460,M,1,0.00078961,0.729581,18151.6,8.41715,F
1479,1,HappyBirthday,1161,3650,F,1,0.000353193,0.237765,6918.59,0.205626,F
1479,1,HappyBirthday,1409,1460,F,1,0.803489,0.362694,334.413,750.922,F
1480,1,HappyBirthday,1511,365,F,1,0.725453,0.0412726,1113.31,430.429,F
1481,1,HappyBirthday,79,23360.7,F,1,0.000602379,0.710741,181.563,0.337539,F
1481,1,HappyBirthday,668,11315.1,M,1,0.000378569,0.262011,4.2e-06,0.11774,F
1481,1,HappyBirthday,702,8760.51,M,1,0.00459949,3.4644,1.71947,1.43367,F
1482,1,HappyBirthday,217,5475.57,F,1,0.00158467,3.38188,0.219345,0.493344,F
1482,1,Births,1545,0,M,0,0,1.25145,0,0,F
1483,1,HappyBirthday,983,9125.53,F,1,0.0326773,0.308555,0.0289982,10.3251,F
1483,1,HappyBirthday,794,6570.33,M,1,0.000109551,0.176153,0.411163,0.0340985,F
1484,1,HappyBirthday,1118,4015,F,1,0.00112283,4.07502,342.677,0.39366,F
1484,1,HappyBirthday,1334,2190,F,1,0.00246044,0.751386,4.73519,0.7719,F
1484,1,HappyBirthday,543,21900.7,F,1,0.101106,0.153034,0.337933,33.1397,F
1485,1,HappyBirthday,1041,4745,F,1,0.00304984,0.478244,20.6908,0.954196,F
1485,1,HappyBirthday,1373,1825,M,1,0.0931091,1.09176,24233.6,62.2611,F
1485,1,HappyBirthday,796,24455.2,M,1,0.00629439,1.36399,2.32605,1.96387,F
1485,1,HappyBirthday,932,17155.7,F,1,0.00123518,31.3586,0.0001666,0.384334,F
1486,1,HappyBirthday,1439,1095,F,1,0.00403356,0.404892,36.6215,1.42178,F
1486,1,HappyBirthday,153,15695.6,F,1,0.0115149,1.39783,0.511384,3.60082,F
1486,1,HappyBirthday,998,17520.3,F,1,0.0550885,0.764472,73.6244,17.6831,F
1487,1,HappyBirthday,1085,4380,F,1,0.00052301,0.55155,435.214,0.269022,F
1487,1,HappyBirthday,733,12045.5,M,1,0.0526993,0.725123,5.14429,16.9401,F
1488,1,HappyBirthday,59,7300.47,F,1,0.00119867,0.0900607,0.67921,0.372774,F
1488,1,HappyBirthday,272,33215.7,F,1,0.106566,1.69459,0.0143164,35.0202,F
1489,1,HappyBirthday,1512,365,M,1,0.000664484,0.244516,0.0694867,0.206629,F
1490,1,HappyBirthday,1119,4015,M,1,0.000346956,3.68968,3636.99,0.602861,F
1490,1,HappyBirthday,1335,2190,F,1,0.0257728,0.584256,67.915,8.90339,F
1490,1,HappyBirthday,1285,2555,M,1,0.00551327,8.92633,1.00954,1.71808,F
1490,1,HappyBirthday,512,16790.5,F,1,0.000197663,0.731853,0.249313,0.0614438,F
1490,1,HappyBirthday,1440,1095,M,1,0.813215,0.401491,105.311,636.646,F
1490,1,HappyBirthday,818,10950.6,F,1,0.123158,2.23549,5927.64,253.215,F
1491,1,HappyBirthday,163,25185.4,M,1,0.00367922,1.18129,0.0258364,1.14549,F
1491,1,HappyBirthday,1162,3650,M,1,0.287099,0.0727002,56.8592,119.749,F
1491,1,HappyBirthday,1206,3285,M,1,0.00109978,1.52358,1412.89,2.23023,F
1492,1,HappyBirthday,170,27375.8,M,1,0.000335762,1.23344,11927.5,0.979118,F
1492,1,HappyBirthday,1410,1460,F,1,0.103996,1.49863,156.771,43.0342,F
1492,1,HappyBirthday,1006,5110,M,1,0.0468113,0.317835,16.7091,15.2753,F
1492,1,HappyBirthday,908,5840.49,M,1,0.10964,0.0677406,0.0925912,36.0916,F
1493,1,HappyBirthday,477,32485.3,M,1,0.0772919,1.26125,5.2776,25.0059,F
1493,1,HappyBirthday,780,9490.9,M,1,5.50305e-05,0.110767,1784.75,0.0617814,F
1493,1,HappyBirthday,1374,1825,M,1,0.034625,0.494793,232.889,13.1839,F
1493,1,HappyBirthday,860,14600.5,M,1,0.0596717,0.647306,27.1983,21.689,F
1493,1,Births,1546,0,M,0,0,0.0225773,0,0,F
1494,1,HappyBirthday,1042,4745,F,1,0.0655558,0.49494,22.8174,21.6892,F
1494,1,Births,1547,0,M,0,0,0.0447136,0,0,F
1496,1,HappyBirthday,1163,3650,M,1,0.00445885,1.9814,9.3439,1.41604,F
1497,1,HappyBirthday,848,9855.67,M,1,5.32262e-05,0.192453,908.237,0.0695284,F
1498,1,HappyBirthday,119,17885.5,F,1,0.618752,1.10989,18.8136,300.395,F
1498,1,HappyBirthday,1376,1825,M,1,0.00125682,1.3259,2401.61,1.70763,F
1498,1,HappyBirthday,398,12775.9,F,1,0.000882787,6.48417,0.0022122,0.274377,F
1499,1,HappyBirthday,67,14965.1,M,1,0.000650398,0.301421,18.3415,0.207285,F
1499,1,HappyBirthday,1411,1460,F,1,0.000414859,1.12511,21589.8,0.21846,F
1499,1,HappyBirthday,616,11680.1,F,1,0.0145163,2.59505,4.73573,4.58139,F
1499,1,HappyBirthday,961,5475.35,M,1,0.00188524,18.4371,78.8384,0.599289,F
1500,1,HappyBirthday,122,10220.3,M,1,0.0775571,1.09636,369.737,31.3998,F
1500,1,HappyBirthday,250,17885.4,M,1,0.0115998,1.74654,61.5159,3.68479,F
1500,1,HappyBirthday,390,28835.9,M,1,0.00987976,0.251547,36.3269,3.24239,F
1500,1,HappyBirthday,660,5840.48,M,1,0.00708854,0.999509,871.652,2.60694,F
1501,1,HappyBirthday,39,19345.6,F,1,0.00122092,0.732777,0.685281,0.379466,F
1501,1,HappyBirthday,76,14965,M,1,0.0014178,2.59927,29.8148,0.460953,F
1501,1,HappyBirthday,1513,365,F,1,0.0347871,0.0205786,0.150362,11.016,F
1501,1,HappyBirthday,483,11680.9,F,0,0,0.22058,0,0,F
1501,1,HappyBirthday,734,14965.2,F,1,0.387789,0.0415183,6.27391,154.102,F
1502,1,HappyBirthday,558,14235.6,F,1,0.000729451,3.32566,2961.32,1.05972,F
1503,1,HappyBirthday,1377,1825,M,1,0.00300058,0.0726885,0.158469,0.933942,F
1503,1,HappyBirthday,649,6570.9,F,1,0.0665806,1.20475,1.46657,21.5449,F
1503,1,HappyBirthday,1479,730,F,1,0.448676,0.853876,718.621,770.751,F
1504,1,HappyBirthday,1480,730,M,1,0.288684,2.03581,10.2843,109.351,F
1504,1,HappyBirthday,1336,2190,F,1,0.0959727,0.116263,2732.53,63.9398,F
1504,1,HappyBirthday,550,12410.4,M,1,0.00151766,0.154558,23.0343,0.476726,F
1504,1,HappyBirthday,588,12410.8,M,1,0.00302235,5.07604,8.70348,0.966003,F
1504,1,HappyBirthday,880,8030.71,F,1,0.071786,0.273732,4.22393,23.1816,F
1505,1,HappyBirthday,75,18980.9,M,1,0.0330944,1.02768,0.755166,10.4738,F
1505,1,HappyBirthday,204,9125.55,F,1,0.0136864,0.775307,0.242209,4.28779,F
1505,1,HappyBirthday,1043,4745,M,1,0.0736938,0.0729261,0.581588,23.7903,F
1506,1,HappyBirthday,249,17885.4,F,1,0.000468106,0.080708,0.116471,0.145502,F
1506,1,HappyBirthday,1165,3650,M,1,0.112624,0.643984,51.0968,37.3051,F
1506,1,HappyBirthday,1514,365,M,1,0.0170909,0.00837649,41.6937,5.39625,F
1506,1,Births,1548,0,F,0,0,0.0608927,0,0,F
1507,1,HappyBirthday,328,13505.4,M,1,0.0025713,1.14882,9093.42,8.34362,F
1507,1,HappyBirthday,934,5475.16,F,1,0.000467775,3.24541,46.2426,0.15354,F
1508,1,HappyBirthday,26,10950.8,F,1,0.00372866,1.84338,1311.11,3.21918,F
1508,1,HappyBirthday,1441,1095,F,1,0.475178,0.0197501,0.132064,200.48,F
1508,1,HappyBirthday,523,7665.24,F,1,0.00230406,5.91523,0.0001454,0.716655,F
1508,1,HappyBirthday,572,16060.5,F,1,0.0036775,0.183621,19.7197,1.1763,F
1508,1,HappyBirthday,686,15695.3,M,1,0.0978005,0.39995,53.8432,34.5257,F
1508,1,HappyBirthday,719,8030.9,F,1,0.0356107,0.578292,250.079,12.1133,F
1509,1,HappyBirthday,61,19710.5,F,1,0.003035,22.7503,2.1772,0.948121,F
1509,1,HappyBirthday,1007,5110,M,1,0.000635919,3.12171,195.991,0.357049,F
1511,1,HappyBirthday,1442,1095,M,1,0.00272654,3.00155,8.63124,0.867099,F
1512,1,HappyBirthday,355,22265.4,F,1,0.00017444,1.79015,0.0089614,0.0542258,F
1513,1,HappyBirthday,97,8030.96,F,1,0.00824213,0.0593082,0.0001702,2.57216,F
1513,1,HappyBirthday,201,5475.97,F,1,0.0808657,3.36365,0.536988,26.2047,F
1513,1,HappyBirthday,594,6935.45,M,1,0.0443041,20.5479,1172.25,38.8516,F
1513,1,HappyBirthday,641,13870.7,F,1,0.0758009,0.121305,13.0161,24.5163,F
1515,1,HappyBirthday,479,6935.94,F,1,0.000853048,0.401758,14.8978,0.284414,F
1515,1,HappyBirthday,517,17520.1,M,1,0.00393326,0.126508,0.427633,1.22469,F
1516,1,HappyBirthday,52,9855.89,F,1,0.529941,0.0973023,377.724,356.674,F
1516,1,HappyBirthday,478,7665.62,M,1,0.0162183,0.869994,4.68944,5.12165,F
1516,1,HappyBirthday,506,7665.39,M,1,0,0.24302,0.0136076,0,F
1516,1,Births,1549,0,F,0,0,0.03847,0,0,F
1517,1,HappyBirthday,1086,4380,F,1,0.00617495,1.5455,2.63403,1.93257,F
1517,1,HappyBirthday,388,13870.4,M,1,0.00137209,0.0354499,19.3305,0.438896,F
1517,1,HappyBirthday,571,11315.8,M,1,0.0322562,4.14016,84.2239,11.5137,F
1517,1,HappyBirthday,627,19345.4,F,1,3.62798e-05,0.326927,28.521,0.0120872,F
1517,1,HappyBirthday,728,6570.03,F,1,0.0171152,0.222589,6.43714,5.50777,F
1517,1,HappyBirthday,1087,4380,F,1,1.34935e-06,0.249896,0.90559,0.000413517,F
1518,1,HappyBirthday,293,19345.8,F,1,0.0688482,0.22217,0.248058,22.169,F
1518,1,HappyBirthday,1338,2190,F,1,0.189021,0.143171,59.4849,74.602,F
1518,1,HappyBirthday,1378,1825,M,1,0.516884,0.0302594,1511.83,315.55,F
1518,1,HappyBirthday,1515,365,F,1,0.101715,0.0804543,2949.18,34.2159,F
1520,1,HappyBirthday,422,34675.3,M,1,0.146564,0.102022,8.49934,49.2592,F
1520,1,HappyBirthday,906,10950.9,M,1,0.00999045,0.739228,157.863,3.13872,F
1521,1,HappyBirthday,1339,2190,F,1,0.0197646,1.31723,153.774,10.1387,F
1521,1,HappyBirthday,1379,1825,F,1,0.0317261,1.81478,203.802,10.5884,F
1521,1,HappyBirthday,1481,730,F,1,0.00494112,0.516123,39.6601,1.61823,F
1521,1,HappyBirthday,1046,4745,F,1,7.99583e-05,0.282391,57.2595,0.0269649,F
1521,1,HappyBirthday,889,6570.11,F,1,0.00126867,5.50118,0.00382134,0.394582,F
1522,1,HappyBirthday,24,24090.2,M,1,0.100213,1.20554,1.53451,32.9665,F
1522,1,HappyBirthday,921,6935.9,M,1,0.00274474,2.7077,8.80344,0.858957,F
1523,1,HappyBirthday,940,12045.4,M,1,0.0109284,0.264087,210.948,3.86327,F
1524,1,HappyBirthday,224,7300.43,F,1,0.0002711,0.243696,20.1088,0.0862357,F
1524,1,HappyBirthday,262,8030.42,F,1,0.0243898,4.48376,1.26392,7.67836,F
1524,1,HappyBirthday,1048,4745,F,1,0.00597752,5.41776,107.068,2.68501,F
1524,1,HappyBirthday,837,14600.3,F,1,0.00995838,0.168867,0.309402,3.11532,F
1525,1,HappyBirthday,1167,3650,M,1,0.0421226,0.31043,42.4918,14.2119,F
1525,1,HappyBirthday,743,6570.84,M,1,0.0149616,0.741415,50202.8,140.738,F
1525,1,HappyBirthday,792,5475.84,F,1,0.00211729,0.370356,0.000381429,0.658558,F
1525,1,HappyBirthday,875,6570.93,F,1,0.185304,0.121658,12.3369,64.8958,F
1526,1,HappyBirthday,1340,2190,M,1,0.00756799,4.42685,695.137,4.088,F
1526,1,HappyBirthday,198,6205.94,M,1,0.0072791,3.02448,0.236412,2.27152,F
1526,1,HappyBirthday,901,10950.2,F,1,0.00113592,0.805792,11.0309,0.356321,F
1526,1,HappyBirthday,914,13505.2,M,1,0.100944,1.86217,0.642207,33.0761,F
1527,1,HappyBirthday,1249,2920,F,1,0.00900441,0.507267,2.52789,2.82375,F
1528,1,HappyBirthday,121,11680.5,F,1,0.00119284,4.26258,3.14573,0.37639,F
1528,1,HappyBirthday,1412,1460,M,1,0.00133612,0.168913,14432.3,6.22198,F
1529,1,HappyBirthday,1341,2190,M,1,0.204947,3.70527,1.85474,71.4106,F
1529,1,HappyBirthday,582,7300.01,F,1,0.101018,1.70672,1215.32,39.2563,F
1531,1,HappyBirthday,140,23360.5,M,1,0.00251214,5.79576,4.25687,0.786239,F
1531,1,HappyBirthday,561,5475.39,M,1,0.000127327,0.145461,1578.32,0.0510844,F
1531,1,HappyBirthday,1443,1095,M,1,0.0464076,0.205889,87.6072,19.7081,F
1532,1,HappyBirthday,439,19345.5,M,1,0.00141805,6.76589,8.79611,0.460405,F
1533,1,HappyBirthday,389,10950.4,F,1,0.0324544,1.80865,2113.04,10.8649,F
1533,1,HappyBirthday,640,9490.91,F,1,0.00109318,18.4499,85.8985,0.340583,F
1533,1,HappyBirthday,675,10220.7,F,1,0.000420361,0.0528229,9.88211,0.135834,F
1534,1,HappyBirthday,282,27375.3,M,1,3.72161e-05,0.256397,78.1592,0.0153386,F
1534,1,HappyBirthday,425,29565.4,M,1,0.0119706,0.531306,44.6978,3.76026,F
1534,1,HappyBirthday,498,10585.3,M,1,0.00117165,0.0922723,0.0499754,0.364394,F
1534,1,HappyBirthday,508,14235.5,M,1,0.0421331,0.728251,99.6585,13.4192,F
1534,1,HappyBirthday,535,5840.74,F,1,0.182221,0.758114,287.056,63.7642,F
1534,1,HappyBirthday,723,22995.6,F,1,0.0447783,0.461276,0.299406,14.2385,F
1534,1,HappyBirthday,1088,4380,M,1,0.00917831,0.52521,34.3242,3.32135,F
1536,1,HappyBirthday,1413,1460,M,1,0.0417544,0.0623284,1556.94,83.2678,F
1536,1,HappyBirthday,501,25185.3,F,1,0.273569,0.217976,10.2971,99.446,F
1536,1,HappyBirthday,1516,365,M,1,0.000726007,0.722885,65.4345,0.263873,F
1536,1,HappyBirthday,1208,3285,F,1,0.00101471,0.03893,6.99853,0.320293,F
1536,1,HappyBirthday,1380,1825,M,1,0.0197242,2.52382,2957.57,6.74079,F
1536,1,HappyBirthday,946,9125.25,M,1,0.0145789,9.76513,162.891,7.90375,F
1537,1,HappyBirthday,233,10950.1,F,1,0.00130661,0.0835456,1.08922,0.406427,F
1537,1,HappyBirthday,420,17885.7,M,1,0.0370586,1.17227,0.0593644,11.7376,F
1538,1,HappyBirthday,88,10585.3,F,1,0.00594905,0.546295,21.5391,1.87504,F
1538,1,HappyBirthday,1209,3285,F,1,0.0536241,0.199681,85.987,21.9675,F
1538,1,HappyBirthday,1517,365,F,1,0.229354,0.0748518,45383.3,995.26,F
1538,1,HappyBirthday,1342,2190,F,1,0.0455584,4.55653,181.584,15.4904,F
1539,1,HappyBirthday,1482,730,M,1,0.0152564,0.51234,51.806,5.20222,F
1539,1,HappyBirthday,378,5475.45,F,1,0.0472442,13.1014,492.107,25.4123,F
1539,1,HappyBirthday,433,15695.3,F,1,0.0136543,0.727919,11.9218,4.48824,F
1539,1,HappyBirthday,795,8030.67,F,1,0.055797,0.180647,0.0282378,17.843,F
1539,1,HappyBirthday,917,9855.9,M,1,8.81885e-05,30.0083,128,0.0313516,F
1539,1,HappyBirthday,960,5840.91,F,1,0.000397897,5.01062,682.368,0.236828,F
1540,1,HappyBirthday,1049,4745,M,1,0.00774731,1.05072,11896.9,2.50662,F
1540,1,HappyBirthday,1414,1460,F,1,0.84964,0.423875,83.6299,624.611,F
1541,1,HappyBirthday,55,8030.7,F,1,0.0161285,1.04151,138.247,5.0636,F
1541,1,HappyBirthday,116,12410,F,1,0.00104091,0.983316,6.69822,0.330533,F
1541,1,HappyBirthday,1010,5110,F,1,0.0504579,0.175615,238.374,21.9492,F
1541,1,HappyBirthday,776,13870.3,M,1,0.00732137,0.0933464,60.6935,2.50988,F
1541,1,HappyBirthday,821,29565.6,F,1,0.0123999,0.252957,382.13,7.17308,F
1541,1,HappyBirthday,1011,5110,F,1,0.000797156,1.09596,1949.1,0.898001,F
1541,1,HappyBirthday,1343,2190,M,1,0.0448481,0.112377,42.603,17.1147,F
1542,1,HappyBirthday,1483,730,F,1,0.23865,0.106283,6603.42,237.598,F
1542,1,HappyBirthday,708,10950.7,M,1,0.000873727,0.935583,27.4779,0.281799,F
1542,1,Births,1550,0,M,0,0,0.13279,0,0,F
1543,1,HappyBirthday,1415,1460,F,1,0.0413487,0.171353,33.9078,13.8846,F
1543,1,Births,1551,0,F,0,0,0.358469,0,0,F
1544,1,HappyBirthday,1287,2555,M,1,0.000313797,0.233778,2926.75,0.236104,F
1545,1,HappyBirthday,1050,4745,M,1,0.0519819,3.1653,0.00388888,16.5896,F
1545,1,HappyBirthday,137,14600,F,1,0.0454482,0.78456,52.219,14.4975,F
1545,1,HappyBirthday,245,33580,F,1,0.00817572,75.1193,14.4552,2.60555,F
1545,1,HappyBirthday,1444,1095,M,1,0.602635,0.816618,5555.1,505.752,F
1546,1,HappyBirthday,1381,1825,F,1,0.144207,0.280407,125.189,57.8297,F
1547,1,HappyBirthday,1169,3650,F,1,0.00171299,0.832985,0.000679061,0.532788,F
1547,1,HappyBirthday,1168,3650,F,1,2.76704e-05,3.27017,16.4395,0.00927153,F
1547,1,HappyBirthday,1124,4015,M,1,0.00247702,2.53635,10.112,0.783707,F
1547,1,HappyBirthday,1210,3285,F,1,0.000218873,2.27745,6348.61,0.472068,F
1547,1,Births,1552,0,M,0,0,0.391597,0,0,F
1548,1,HappyBirthday,1382,1825,M,1,0.0107109,0.814136,203.65,3.57508,F
1549,1,HappyBirthday,1012,5110,M,1,0.0459582,0.485556,45.6662,15.5039,F
1549,1,HappyBirthday,1518,365,M,1,0.346324,0.331227,533.239,229.454,F
1549,1,Births,1553,0,M,0,0,0.0226989,0,0,F
1550,1,HappyBirthday,251,9490.33,M,1,4.66973e-05,0.864764,46.4625,0.0156592,F
1550,1,HappyBirthday,440,7665.07,M,1,0.00158739,13.0984,8.86985,0.499634,F
1550,1,HappyBirthday,1211,3285,M,1,0.0144993,0.605587,780.852,4.66541,F
1550,1,HappyBirthday,580,8760.03,M,1,0.0731939,0.195716,9.16997,23.7914,F
1550,1,HappyBirthday,1212,3285,M,1,7.18595e-06,0.232036,18.3887,0.00228135,F
1551,1,HappyBirthday,1251,2920,M,1,0.0203188,0.659498,72.5123,6.92464,F
1551,1,HappyBirthday,532,21900.9,F,1,0.00238897,0.244723,8.28e-05,0.743338,F
1551,1,HappyBirthday,1484,730,M,1,0.024552,0.200876,16198.1,104.908,F
1551,1,HappyBirthday,1383,1825,F,1,0.109408,0.106079,10259,843.359,F
1552,1,HappyBirthday,791,16425.2,M,1,0.002305,1.63553,353.698,0.717273,F
1553,1,HappyBirthday,1344,2190,F,1,0.000137655,0.0416188,42402.7,1.19214,F
1553,1,HappyBirthday,1089,4380,F,1,0.00108186,0.322853,28063,1.06759,F
1554,1,HappyBirthday,1051,4745,F,1,0.0636069,0.307128,67.6338,20.7798,F
1554,1,HappyBirthday,568,25550.6,M,0,0,0.0351957,0,0,F
1555,1,HappyBirthday,704,19710.1,F,1,0,2.86566,23.2252,0,F
1556,1,HappyBirthday,12,6205.8,F,1,0.000801135,0.301795,1.33003,0.249983,F
1556,1,HappyBirthday,1385,1825,M,1,0.246046,3.62357,58.0435,102.252,F
1556,1,Births,1554,0,M,0,0,0.015893,0,0,F
1557,1,HappyBirthday,321,5840.89,F,1,0.00936689,0.50478,14.2662,2.97394,F
1557,1,HappyBirthday,1252,2920,F,1,0.114937,0.766646,422.149,46.4225,F
1557,1,HappyBirthday,1170,3650,M,1,0.00192672,0.764149,51.7699,0.628571,F
1557,1,HappyBirthday,705,10220.6,F,1,0.000755666,0.0903485,64.4781,0.238392,F
1558,1,HappyBirthday,1519,365,M,0,0,0.0220687,0,0,F
1558,1,HappyBirthday,1253,2920,F,1,0.236408,0.446152,5238.94,548.13,F
1558,1,HappyBirthday,913,17520.8,F,1,0.0252199,1.65213,35.4148,8.0177,F
1558,1,HappyBirthday,958,12410.3,F,1,0.0919772,1.45185,0.96765,30.0173,F
1558,1,Births,1555,0,M,0,0,0.0220133,0,0,F
1560,1,HappyBirthday,227,11680.3,M,1,0.00901799,5.92729,49.5919,3.04878,F
1560,1,HappyBirthday,248,13505.8,M,1,0.000907722,2.23253,29.52,0.320271,F
1560,1,HappyBirthday,631,8030.64,M,1,0.0852694,0.0569399,559.499,49.7493,F
1561,1,HappyBirthday,1213,3285,M,1,0.0103474,0.336372,1.12293,3.23876,F
1561,1,HappyBirthday,693,8760.41,F,1,0.000454314,0.43279,44.5296,0.150201,F
1562,1,HappyBirthday,286,8395.05,M,1,0.0183438,0.575424,3.04043,5.75739,F
1562,1,HappyBirthday,310,6935.52,M,1,0.000254911,0.848936,0.0362569,0.0792447,F
1562,1,HappyBirthday,376,10220.4,M,1,0.057567,18.0698,5.60205,18.4442,F
1562,1,HappyBirthday,419,6570.18,M,1,0.000352162,0.515201,6456.82,0.141012,F
1563,1,HappyBirthday,1125,4015,M,1,6.12687e-05,2.084,3650,0.0290581,F
1563,1,Births,1556,0,M,0,0,1.11384,0,0,F
1564,1,HappyBirthday,1214,3285,M,1,0.0820868,0.571705,146.626,28.6334,F
1564,1,HappyBirthday,309,9490.15,M,1,0.304903,0.333582,2.28006,114.112,F
1564,1,HappyBirthday,1013,5110,F,1,9.97602e-05,0.8274,70.9691,0.0392157,F
1564,1,HappyBirthday,662,5840.81,F,1,0.0139885,0.595402,0.711208,4.38272,F
1565,1,HappyBirthday,1254,2920,M,1,0.713177,0.167415,14.2499,391.384,F
1566,1,HappyBirthday,1052,4745,M,1,0,0.165128,2997.63,0,F
1567,1,HappyBirthday,953,7665.73,F,1,0.012162,1.54943,3.98037,3.80567,F
1568,1,HappyBirthday,192,16060.4,M,1,0.00120766,0.704725,0.151123,0.375845,F
1568,1,HappyBirthday,520,15330.7,F,1,0.0549555,1.97955,536.395,31.7397,F
1568,1,HappyBirthday,1520,365,M,1,0.792346,0.0172609,88.3277,562.061,F
1568,1,HappyBirthday,667,8030.23,M,1,0.000667108,0.269695,0.0980892,0.207454,F
1569,1,HappyBirthday,861,25185.4,M,1,0.350494,1.06273,98.6784,138.19,F
1570,1,HappyBirthday,1171,3650,F,1,0.0526343,0.163847,341.043,38.0102,F
1570,1,HappyBirthday,127,13505,F,1,0.0114756,20.2966,0.474136,3.5879,F
1570,1,HappyBirthday,746,6570.76,M,1,0.00118805,1.25393,1867.97,0.648964,F
1570,1,HappyBirthday,1053,4745,F,1,0.000297539,0.543993,0.00228187,0.0925133,F
1570,1,HappyBirthday,1445,1095,F,0,0,0.00170327,0,0,F
1571,1,HappyBirthday,14,6570.71,M,1,0.0212717,3.27652,6.12719,6.75343,F
1572,1,HappyBirthday,552,18980.1,M,1,0.000166318,0.919479,824.685,0.114764,F
1573,1,HappyBirthday,129,9125.54,F,1,0.00204215,3.14126,18.6747,0.660983,F
1573,1,HappyBirthday,1446,1095,M,1,0.0989353,0.214105,6990.85,344.063,F
1573,1,HappyBirthday,1346,2190,M,1,0.623193,0.417952,1.63776,305.672,F
1573,1,HappyBirthday,833,11315.5,M,1,0.00159502,0.648667,461.307,0.71553,F
1573,1,HappyBirthday,1289,2555,M,1,0.0821933,0.460147,131.777,26.8517,F
1574,1,HappyBirthday,1127,4015,F,1,0.00187174,0.225497,18.1596,0.621785,F
1574,1,HappyBirthday,162,9855.08,M,1,0.00106261,0.530327,74.5897,0.340044,F
1574,1,HappyBirthday,239,6205.16,M,1,0.0106016,0.888346,25.7697,3.31492,F
1575,1,HappyBirthday,303,8760.11,M,1,0.0573623,1.19814,534.025,60.2797,F
1575,1,HappyBirthday,323,21170.3,M,1,8.0733e-05,0.130562,954.704,0.0862944,F
1576,1,HappyBirthday,1172,3650,F,1,0.012693,1.29006,3189.81,16.5462,F
1577,1,HappyBirthday,1173,3650,M,1,0.0102583,0.168046,12.852,3.41185,F
1577,1,HappyBirthday,1447,1095,F,1,0.00459712,0.404364,493.019,2.43823,F
1577,1,HappyBirthday,806,36135,M,1,0.0907631,0.151861,65.6688,32.8931,F
1578,1,HappyBirthday,1347,2190,F,1,0.00440266,0.0532087,0.687163,1.37321,F
1578,1,HappyBirthday,967,21535.9,M,1,3.52858e-05,2.58951,437.99,0.0117594,F
1579,1,HappyBirthday,1130,4015,M,1,0.0623963,2.66,0.172423,20.028,F
1579,1,HappyBirthday,622,13505,M,1,0,0.458473,0.144501,0,F
1580,1,HappyBirthday,1092,4380,F,1,0.0600591,0.228495,3.47031,19.4622,F
1580,1,HappyBirthday,337,10220.2,F,1,0.00455908,0.458962,43.3385,1.51745,F
1580,1,HappyBirthday,609,7300.03,M,1,7.88362e-06,1.09073,0,0.00245849,F
1580,1,HappyBirthday,785,23725.2,M,1,0,1.36058,0,0,F
1580,1,HappyBirthday,856,13870.9,F,1,0.113234,0.973528,8255.22,55.4845,F
1581,1,HappyBirthday,1417,1460,M,1,0.566039,0.143258,14950.3,516.971,F
1581,1,HappyBirthday,822,10585.8,F,1,0.00119466,0.60715,4.46585,0.372409,F
1581,1,HappyBirthday,850,7665.25,F,1,0.000888858,2.05644,9292.69,4.93016,F
1582,1,HappyBirthday,212,8760.34,M,1,0.000517518,3.70816,247.247,0.224188,F
1582,1,HappyBirthday,1256,2920,M,1,0.257601,0.137259,0.194993,92.5695,F
1583,1,HappyBirthday,108,27375.7,M,1,0.305668,0.593477,5.38495,113.582,F
1583,1,HappyBirthday,1174,3650,M,1,0.214035,0.320229,1364.22,351.218,F
1585,1,HappyBirthday,1215,3285,M,1,0.0496302,0.506244,9036.6,65.2403,F
1585,1,HappyBirthday,737,6205.56,F,1,0.178548,0.115184,160.868,74.6364,F
1585,1,HappyBirthday,1132,4015,F,1,0.239657,14.4006,50.2018,85.2048,F
1585,1,HappyBirthday,923,11680.2,F,1,9.65133e-05,8.83482,685.716,0.101347,F
1586,1,HappyBirthday,1448,1095,M,1,0.00337383,0.261891,22.4624,1.09498,F
1586,1,HappyBirthday,1014,5110,M,1,0.106641,5.31399,14.8347,35.7108,F
1586,1,HappyBirthday,1486,730,M,1,0.00358432,0.287695,22.1004,1.23018,F
1587,1,HappyBirthday,27,5475.37,M,1,0.00581501,21.2624,9.36744,1.8413,F
1587,1,HappyBirthday,112,19710.8,F,1,0.0789917,0.402869,0.0718014,25.5767,F
1587,1,HappyBirthday,1055,4745,M,1,0.00281174,0.800615,767.52,1.00008,F
1587,1,HappyBirthday,259,5840.97,M,1,3.82466e-05,0.0884761,7242.85,0.104312,F
1587,1,HappyBirthday,308,7665.75,F,1,0.288639,0.0649962,29.9458,119.909,F
1587,1,HappyBirthday,452,16425.3,F,1,0.0622092,0.816785,0.960089,19.9862,F
1587,1,HappyBirthday,617,16060,M,1,0.00308286,0.0752407,1.6248,0.961448,F
1587,1,HappyBirthday,781,23725.5,M,1,0.113658,0.104568,35.483,37.5616,F
1588,1,HappyBirthday,98,7300.48,F,1,0.00145152,0.110711,167.278,0.785419,F
1588,1,HappyBirthday,207,11316,M,1,0.00192172,3.08413,7.16435,0.605424,F
1588,1,HappyBirthday,1521,365,M,1,0.295058,0.0830043,164.07,135.42,F
1589,1,HappyBirthday,1216,3285,F,1,0.00827933,0.209733,3047.49,3.90965,F
1589,1,HappyBirthday,229,10220.6,M,1,0.00308903,0.905321,339.75,1.42941,F
1589,1,HappyBirthday,297,11315.7,F,1,0.066085,1.05795,2.44669,21.2503,F
1589,1,HappyBirthday,334,7665.93,M,1,5.97044e-06,0.969411,0.413549,0.001839,F
1589,1,HappyBirthday,443,6935.75,M,1,0.0105987,1.97858,8.60237,3.31606,F
1590,1,HappyBirthday,1094,4380,F,1,0,0.0086193,0,0,F
1591,1,HappyBirthday,364,32485.8,M,1,0.0238637,2.5235,0.152515,7.50682,F
1591,1,HappyBirthday,499,27740.7,M,1,0.0479253,0.219176,0.138422,15.2739,F
1591,1,HappyBirthday,797,5475.21,F,1,0,1.92395,0.59236,0,F
1591,1,HappyBirthday,919,25915.3,M,1,0.000679072,0.237476,0.015792,0.211098,F
1592,1,HappyBirthday,1290,2555,M,1,0.0104566,1.1473,232.713,5.50504,F
1592,1,HappyBirthday,1449,1095,F,1,0.00642821,0.655001,141.396,3.36667,F
1593,1,HappyBirthday,173,5840.3,M,0,0,0.018929,0,0,F
1593,1,HappyBirthday,462,15695.4,F,1,0.000808633,0.30831,0.859926,0.251725,F
1593,1,HappyBirthday,973,6570.17,M,1,0.00251029,1.42702,1.8155,0.785084,F
1593,1,HappyBirthday,883,9490.98,M,1,0.608516,2.09369,117.19,310.117,F
1594,1,HappyBirthday,1015,5110,F,1,0.00311706,0.275803,0.065559,0.970419,F
1594,1,HappyBirthday,455,12775.2,F,1,0.0714082,0.0232351,0.135271,23.0239,F
1594,1,HappyBirthday,599,8395.7,M,1,0.00102,2.14978,1447.28,0.912747,F
1595,1,HappyBirthday,1133,4015,F,1,0.00271641,0.0520991,40.4709,0.849054,F
1596,1,HappyBirthday,185,10585.8,F,1,0.0103534,0.07904,21.0888,3.33653,F
1596,1,HappyBirthday,486,6935.43,F,1,0.000764184,3.38552,0.0251411,0.237575,F
1596,1,HappyBirthday,925,31025.4,M,1,0.00741216,0.199465,9038.93,3.17256,F
1597,1,Births,1557,0,M,0,0,0.124672,0,0,F
1598,1,HappyBirthday,1134,4015,M,1,0.00347336,12.7155,0.607731,1.08334,F
1598,1,HappyBirthday,1450,1095,M,1,0.0720417,0.1142,1039.66,107.445,F
1599,1,HappyBirthday,1001,12775.1,M,1,0.0183327,1.49724,4041.43,34.4208,F
1599,1,HappyBirthday,1451,1095,F,0,0,0.0092887,0,0,F
1599,1,HappyBirthday,1293,2555,F,1,0.000151168,2.12636,0.240771,0.0469971,F
1599,1,HappyBirthday,467,5840.71,F,1,0.00417709,5.157,9.75652e-07,1.3009,F
1600,1,HappyBirthday,1348,2190,F,1,0.00897877,0.0247444,70.0914,3.09442,F
1600,1,HappyBirthday,445,6935.68,M,1,0.000901527,0.685719,0.000358549,0.280284,F
1601,1,HappyBirthday,1452,1095,F,1,0.0029928,2.35038,8.18548,0.954922,F
1601,1,HappyBirthday,1387,1825,F,1,0.200204,0.0708666,5811.36,79.019,F
1601,1,HappyBirthday,1217,3285,F,1,0.000619188,10.383,21.6598,0.211875,F
1602,1,HappyBirthday,1057,4745,M,1,0.00398019,0.0151297,0.0815081,1.23971,F
1602,1,HappyBirthday,852,23725.7,F,1,0.000931776,2.82435,13.1505,0.293729,F
1603,1,HappyBirthday,423,5840.73,M,1,0.0671283,0.335782,90.6474,24.5843,F
1603,1,HappyBirthday,434,18250.1,F,1,0.176437,0.364383,0.227149,60.3245,F
1603,1,HappyBirthday,1388,1825,M,1,0.00052116,2.27909,7166.44,1.578,F
1604,1,HappyBirthday,183,7665.84,M,1,0.000328241,29.2257,41.2217,0.107136,F
1604,1,HappyBirthday,430,33580.4,M,1,0.0177056,0.918199,141.789,6.75323,F
1605,1,HappyBirthday,109,5840.19,M,1,0.121227,6.84703,7.72351,41.2546,F
1605,1,HappyBirthday,801,8030.1,F,1,0.000724177,11.6002,687.957,0.240632,F
1605,1,HappyBirthday,1487,730,F,1,0.358609,0.240474,23355.9,493.143,F
1605,1,Births,1558,0,M,0,0,0.0258725,0,0,F
1606,1,HappyBirthday,157,12410.8,F,1,0.0466441,0.987091,7.95237,15.025,F
1606,1,HappyBirthday,1453,1095,M,1,0.092623,1.03698,1545.61,31.9179,F
1607,1,HappyBirthday,1488,730,F,1,0.00545321,0.188707,15.5167,1.74492,F
1607,1,HappyBirthday,242,9855.41,M,1,0.00350795,1.4152,497.086,1.1469,F
1607,1,HappyBirthday,1017,5110,M,1,0.00186672,0.439158,14.2132,0.610861,F
1607,1,HappyBirthday,424,5840.77,F,1,0.0429885,2.59842,2.86359,13.6556,F
1608,1,HappyBirthday,1389,1825,M,1,0.145795,3.67078,3577.81,260.509,F
1608,1,HappyBirthday,808,14965,M,1,0.124701,0.643645,0.059341,41.3911,F
1608,1,HappyBirthday,916,8395.06,F,1,0.00704136,0.323481,0.709032,2.19626,F
1609,1,HappyBirthday,1390,1825,F,1,0.0289001,0.327468,59.5876,10.2864,F
1609,1,HappyBirthday,32,6570.94,M,1,4.54939e-05,2.30629,513.587,0.0157362,F
1609,1,HappyBirthday,1454,1095,M,1,0.0748377,0.382708,4.99719,24.5427,F
1609,1,HappyBirthday,1175,3650,M,1,0.000249457,0.155162,126.566,0.0895233,F
1609,1,Births,1559,0,M,0,0,0.0708563,0,0,F
1610,1,HappyBirthday,290,10950.1,F,1,5.07737e-05,3.4665,80.428,0.0158644,F
1610,1,HappyBirthday,1489,730,F,1,0.0363809,0.0723561,461.775,30.7567,F
1610,1,HappyBirthday,1176,3650,F,1,0.0108944,3.03312,60.1505,4.21775,F
1611,1,HappyBirthday,551,12410.6,M,1,0.438156,4.20967,97.8227,179.564,F
1611,1,HappyBirthday,1490,730,F,1,0.0357904,0.39579,23.4913,12.0931,F
1612,1,HappyBirthday,271,8030.61,F,1,0.00425664,1.4149,0.271138,1.32572,F
1612,1,HappyBirthday,1096,4380,M,1,0.0284144,0.409882,30.3368,9.40821,F
1612,1,HappyBirthday,1059,4745,M,1,0.00125656,0.14326,0.000515421,0.390703,F
1612,1,HappyBirthday,1135,4015,M,1,0.0112717,9.0346,462.078,3.59775,F
1613,1,HappyBirthday,404,9855.27,M,1,0.00379787,4.41266,139.055,1.42971,F
1613,1,HappyBirthday,1419,1460,F,1,0.0572137,5.48384,7029.98,77.3215,F
1614,1,HappyBirthday,265,29200.8,M,1,0.00130991,0.968218,257.209,0.470083,F
1614,1,HappyBirthday,1522,365,M,1,0.146851,0.0640992,54857.7,1594.55,F
1615,1,HappyBirthday,1455,1095,F,1,0.000441429,0.358276,39696,0.544551,F
1615,1,HappyBirthday,1259,2920,M,1,0.000239682,0.892998,64.5603,0.0923756,F
1615,1,Births,1560,0,M,0,0,0.343459,0,0,F
1616,1,HappyBirthday,1219,3285,M,1,0.203605,0.187482,4045.42,77.8659,F
1617,1,HappyBirthday,1220,3285,F,1,0.100482,2.88453,1.60928,33.1005,F
1617,1,HappyBirthday,1295,2555,F,1,0.0039381,0.532504,288.07,1.23396,F
1617,1,HappyBirthday,1421,1460,M,1,0.557498,0.87457,19530.6,781.215,F
1618,1,HappyBirthday,205,17155.7,M,1,0.00316564,0.339382,3196.58,5.30799,F
1618,1,HappyBirthday,1221,3285,M,1,5.84011e-05,0.258067,52530,0.453824,F
1618,1,HappyBirthday,595,5475.04,F,1,0.00125169,0.332712,0.266553,0.389206,F
1618,1,HappyBirthday,718,8760.27,F,1,3.5972e-05,0.650168,89.2599,0.0149052,F
1618,1,HappyBirthday,868,9490.72,F,1,0,0.382637,232.406,0,F
1619,1,HappyBirthday,1422,1460,M,1,0.0968909,1.22207,12561.4,180.072,F
1619,1,HappyBirthday,956,17520.5,M,1,0.00175229,0.0896405,3.53798,0.545831,F
1620,1,HappyBirthday,496,11315.7,F,1,0,0.582262,2.25074,0,F
1621,1,HappyBirthday,1296,2555,F,1,0.0758058,0.50807,16.7684,25.1213,F
1622,1,HappyBirthday,1423,1460,M,1,0.00410625,2.5426,48.2232,1.582,F
1622,1,Births,1561,0,F,0,0,0.0303995,0,0,F
1623,1,HappyBirthday,1492,730,F,1,0,0.0696975,0.0473981,0,F
1623,1,HappyBirthday,435,17520.9,M,1,0.00111994,1.001,0.0026002,0.348206,F
1623,1,HappyBirthday,1491,730,M,1,0.00140822,0.236073,39.8784,0.521513,F
1624,1,HappyBirthday,53,6570.51,M,1,0.00300516,3.65345,5.45661,0.936479,F
1624,1,HappyBirthday,83,9490.32,M,1,0.000375931,0.0959404,2.08717,0.118004,F
1624,1,HappyBirthday,194,8395.87,F,1,7.27972e-05,0.780854,3178.49,0.127055,F
1624,1,HappyBirthday,380,21535.4,M,1,0.000807171,16.0968,4.35954,0.250822,F
1624,1,HappyBirthday,1424,1460,M,1,0.0448129,0.83534,1963.08,46.9804,F
1624,1,HappyBirthday,1297,2555,F,1,0.0170214,0.117422,4852.36,6.90109,F
1624,1,HappyBirthday,1391,1825,M,0,0,0.0181708,0,0,F
1624,1,HappyBirthday,1019,5110,F,1,0.00466473,0.0417122,170.484,1.79841,F
1625,1,HappyBirthday,341,31755,F,1,4.08407e-05,1.73279,1289.83,0.0338326,F
1625,1,HappyBirthday,1222,3285,F,1,0.00216582,0.820981,33.974,0.712306,F
1625,1,HappyBirthday,878,28470.4,F,1,0.00092226,1.02394,0.0793542,0.286787,F
1625,1,HappyBirthday,1425,1460,M,1,3.57938e-05,0.154635,12067.9,0.282136,F
1626,1,HappyBirthday,1350,2190,F,1,0.244108,0.0758428,0.391574,86.9958,F
1627,1,HappyBirthday,1097,4380,F,1,0.0156221,0.0550328,45.1004,5.27225,F
1628,1,HappyBirthday,1060,4745,M,1,0.000404605,0.33481,3126.15,0.512308,F
1628,1,HappyBirthday,409,6205.2,F,1,0.0785433,0.85836,411.997,41.1709,F
1628,1,HappyBirthday,1179,3650,M,1,0.00847585,0.43765,1.73432,2.64546,F
1628,1,HappyBirthday,911,31755.1,F,1,0.0242767,2.48102,0.482516,7.63816,F
1629,1,HappyBirthday,1261,2920,M,1,0.0577855,0.0956644,734.302,18.8409,F
1629,1,HappyBirthday,1456,1095,M,1,0.000160066,1.23063,9650.63,0.0525425,F
1629,1,HappyBirthday,383,13140.4,M,1,0.00235406,7.91778,12.5881,0.74631,F
1629,1,HappyBirthday,1223,3285,M,1,0.010578,5.65274,838.056,3.30571,F
1629,1,HappyBirthday,466,14235.4,F,1,0.591565,0.633456,14.1087,278.493,F
1629,1,HappyBirthday,611,15695,M,1,0.0623456,3.63095,0.0063774,20.0045,F
1630,1,HappyBirthday,15,27010.7,M,1,0.000876126,2.78366,493.942,0.291979,F
1630,1,HappyBirthday,1351,2190,M,1,1.36295e-05,0.518421,19019,0.0694815,F
1630,1,Births,1562,0,F,0,0,0.00818338,0,0,F
1631,1,HappyBirthday,7,8030.94,F,1,4.03868e-05,5.75092,263.171,0.0172574,F
1631,1,HappyBirthday,1262,2920,F,1,0.040759,0.626243,165.76,19.0834,F
1631,1,HappyBirthday,358,15330.9,F,1,0.758163,0.048432,1.10509,442.058,F
1631,1,HappyBirthday,1352,2190,M,1,0.00109246,0.481173,45.1263,0.36224,F
1631,1,HappyBirthday,707,6205.42,M,1,0.0376445,11.3034,0.00104957,11.9252,F
1632,1,HappyBirthday,1392,1825,F,1,1.14147e-05,1.46924,22.7072,0.00383838,F
1632,1,HappyBirthday,621,10220.4,M,1,0.0010186,2.14139,8629.17,0.439237,F
1634,1,HappyBirthday,986,7665.94,M,1,0.00284471,0.10097,9.73476,0.92867,F
1635,1,HappyBirthday,738,10220,M,1,0.585052,4.41588,1.10773,274.016,F
1636,1,HappyBirthday,18,17885.7,F,1,0.00278593,0.252183,1170.2,2.12336,F
1636,1,HappyBirthday,1180,3650,M,1,0.102418,1.12826,297.726,47.4375,F
1636,1,HappyBirthday,1393,1825,F,1,0.220943,0.443629,4212.05,80.0129,F
1636,1,HappyBirthday,653,12775.4,F,1,0.000168307,4.6489,53.4747,0.052674,F
1637,1,HappyBirthday,1300,2555,M,1,0.0105375,0.972051,54.3723,3.7637,F
1637,1,HappyBirthday,221,15695.6,M,1,0.00430529,0.445565,0.0250634,1.34123,F
1637,1,HappyBirthday,871,22995.7,M,1,0.103607,8.63438,0.794409,33.9914,F
1638,1,HappyBirthday,141,10950.9,M,1,0.00218425,3.44205,11.6889,0.712342,F
1638,1,HappyBirthday,167,5840.62,M,1,3.22933e-05,1.78945,8.6904,0.0101391,F
1638,1,HappyBirthday,1354,2190,F,1,0.000274595,3.16691,1924.49,0.263617,F
1639,1,HappyBirthday,85,6570.74,M,1,0.0837532,0.357307,0.362224,27.1837,F
1639,1,HappyBirthday,1355,2190,F,1,0.00467596,1.0477,221.557,1.7623,F
1639,1,HappyBirthday,747,9490.34,M,1,0.00030239,6.40586,1416.84,0.27468,F
1640,1,HappyBirthday,317,25915.8,F,1,0.224614,3.8488,0.567656,79.1058,F
1640,1,HappyBirthday,614,8395.42,M,1,0.000607607,1.38481,1.09763,0.189331,F
1640,1,HappyBirthday,870,5840.03,M,1,0.00029488,1.63341,17.5477,0.0918895,F
1641,1,HappyBirthday,237,9125.73,M,1,0.00115554,4.84889,1.8e-05,0.359426,F
1641,1,HappyBirthday,314,9490.5,F,1,0.000186547,0.304679,3.19838,0.0588908,F
1641,1,HappyBirthday,1182,3650,F,1,9.28552e-06,0.184829,0.0881681,0.00288065,F
1641,1,HappyBirthday,1457,1095,M,1,0.0016937,2.35814,229.006,0.726485,F
1641,1,Births,1563,0,M,0,0,0.0357039,0,0,F
1642,1,HappyBirthday,147,8760.34,F,1,0.00872768,2.29403,6274.68,3.57862,F
1642,1,HappyBirthday,1458,1095,M,1,0.00637772,0.59636,2288.98,7.11943,F
1642,1,HappyBirthday,542,17520.4,F,1,0.00123585,0.129065,4.26e-05,0.384433,F
1642,1,HappyBirthday,1184,3650,F,1,0.00782463,3.93679,35.7233,2.64056,F
1642,1,HappyBirthday,1493,730,M,1,0.14402,0.11956,37.6387,51.4386,F
1642,1,HappyBirthday,826,9855.31,F,1,0.000104169,0.0559282,0,0.032348,F
1642,1,HappyBirthday,1394,1825,M,1,0.278022,0.876157,3139,414.166,F
1643,1,HappyBirthday,49,15695.9,M,1,0.317555,2.86377,252.266,181.98,F
1643,1,HappyBirthday,1023,5110,M,1,0.452228,0.497259,0.33928,187.126,F
1643,1,HappyBirthday,1225,3285,F,1,0.000243448,0.0911888,48.5329,0.0820216,F
1643,1,HappyBirthday,835,5475.34,F,1,0.00150656,8.3935,10.177,0.483264,F
1643,1,HappyBirthday,1426,1460,M,1,0.00653185,7.71555,8.09149,2.11881,F
1644,1,HappyBirthday,979,10585.2,M,1,0.0142859,0.552287,207.915,5.88377,F
1644,1,Births,1564,0,M,0,0,0.0175941,0,0,F
1646,1,HappyBirthday,69,9490.08,F,1,0.0185948,0.420575,205.133,10.8346,F
1646,1,HappyBirthday,824,6935.79,M,1,0.0234798,0.757571,1.80122,7.38996,F
1647,1,HappyBirthday,394,16060.1,M,1,0.0329181,1.60676,3087.21,47.9973,F
1648,1,HappyBirthday,1459,1095,M,1,0.000861756,0.44065,90.8751,0.318618,F
1649,1,HappyBirthday,1357,2190,F,1,0.279063,0.057304,3466.31,129.827,F
1649,1,HappyBirthday,941,8395.43,F,1,0.00450815,0.814383,6.43645,1.41575,F
1650,1,HappyBirthday,234,10220.7,M,1,0.000304253,14.7113,30.1294,0.100851,F
1651,1,HappyBirthday,1301,2555,M,1,0.57118,0.559672,381.982,413.684,F
1651,1,HappyBirthday,1524,365,M,1,0.0181583,0.155248,19.1567,6.11923,F
1651,1,HappyBirthday,1063,4745,M,1,0.0037434,0.614543,2.40727,1.17967,F
1652,1,HappyBirthday,1525,365,M,1,0.00342082,0.026498,27.9736,1.13929,F
1652,1,HappyBirthday,416,5475.42,M,1,0.0970529,0.48706,41.181,33.4287,F
1652,1,HappyBirthday,759,11315.2,M,1,0.00408343,0.678977,14628.7,2.18263,F
1653,1,HappyBirthday,1302,2555,F,1,0.121678,0.933438,17.4403,40.3212,F
1653,1,HappyBirthday,412,8395.29,F,1,0.000369441,0.896749,51.6695,0.115278,F
1653,1,HappyBirthday,779,6205.11,M,1,0.0614058,1.99488,1.19934,19.7295,F
1654,1,HappyBirthday,103,9490.34,F,1,0.0547951,13.6306,118.154,17.5754,F
1654,1,HappyBirthday,1358,2190,F,1,0.000686557,0.1433,0.527628,0.213951,F
1654,1,HappyBirthday,219,8030.89,F,1,0.0267024,1.98599,257.686,9.22115,F
1654,1,HappyBirthday,1185,3650,F,1,0.00544285,0.712917,0.0038074,1.69651,F
1655,1,HappyBirthday,874,8395.53,F,1,0.000771617,0.074642,678.001,0.538667,F
1656,1,HappyBirthday,365,5475.49,M,1,1.87248e-05,0.984584,889.131,0.00688546,F
1656,1,HappyBirthday,1101,4380,M,1,0.00131747,28.8675,1.05036,0.411253,F
1656,1,HappyBirthday,1264,2920,M,1,0.000393141,0.379335,0.0389687,0.121973,F
1656,1,HappyBirthday,1138,4015,M,1,0.0959779,3.98997,2.13415,31.3568,F
1656,1,HappyBirthday,1526,365,F,1,0.028425,0.409761,75.2703,10.0273,F
1656,1,Births,1565,0,M,0,0,2.42395,0,0,F
1657,1,HappyBirthday,145,12045.8,F,1,0.0076826,0.16332,48.7106,2.39685,F
1657,1,HappyBirthday,397,12775.9,M,1,0.0809533,0.579273,45.9599,28.4165,F
1657,1,HappyBirthday,494,5840.54,F,1,0.0440365,0.0557135,0.0067051,13.9951,F
1657,1,HappyBirthday,1494,730,F,1,0.0318786,0.0722631,8150.47,13.2839,F
1657,1,HappyBirthday,882,13505.2,M,1,0.00416203,2.27521,8324.76,1.83609,F
1657,1,HappyBirthday,1527,365,F,1,0.00176113,0.404219,45629.6,2.36843,F
1658,1,HappyBirthday,203,8030.26,F,1,0.499597,4.67808,3466.78,237.29,F
1658,1,HappyBirthday,845,28105.2,F,1,0.100199,15.1027,0.46334,32.8144,F
1659,1,HappyBirthday,1528,365,F,1,0.192958,0.225522,21.6837,67.0598,F
1660,1,HappyBirthday,35,6570.01,F,1,0.0050357,0.374575,58.2848,1.57419,F
1661,1,HappyBirthday,177,21900.6,F,1,0.00293522,1.15772,10.6202,0.922029,F
1661,1,HappyBirthday,1102,4380,M,1,0.00104989,0.636122,0.99202,0.327645,F
1662,1,HappyBirthday,181,9125.29,M,1,0.000168229,3.28689,10.2345,0.0527346,F
1662,1,HappyBirthday,215,6570.62,M,1,0.00311603,0.36699,31.9063,0.975729,F
1662,1,HappyBirthday,688,15695.7,M,1,1.79657e-06,1.15822,3.61817,0.0005634,F
1663,1,HappyBirthday,361,6570.04,F,1,0.00286602,2.28009,17.1615,0.896988,F
1663,1,HappyBirthday,647,9855.68,F,1,0.0263031,1.5738,886.054,17.8792,F
1664,1,HappyBirthday,291,13870.2,F,1,4.30027e-06,1.37923,0.356095,0.0013402,F
1664,1,HappyBirthday,962,7300.67,M,1,0.00843108,3.39747,28.3592,2.73259,F
1665,1,HappyBirthday,1427,1460,M,1,0.000217582,0.389702,63.6346,0.0831116,F
1665,1,HappyBirthday,1395,1825,M,1,0.368664,1.89734,6217.79,176.077,F
1666,1,HappyBirthday,322,28470,M,1,0.00108667,2.51962,4.15475,0.339907,F
1666,1,HappyBirthday,500,8395.42,M,1,0.220949,4.38134,131.602,78.2375,F
1667,1,HappyBirthday,1495,730,F,1,0.466211,0.0388733,45.3881,204.482,F
1667,1,HappyBirthday,1265,2920,F,1,0.00228287,5.0226,10822,1.15657,F
1668,1,HappyBirthday,29,6205.52,M,1,0.00159488,3.84695,20.6461,0.538216,F
1668,1,HappyBirthday,1266,2920,F,1,0.00405289,0.982319,344.358,1.57504,F
1668,1,HappyBirthday,1359,2190,F,1,0.0104245,2.34129,32.394,3.43751,F
1668,1,HappyBirthday,816,23360.7,M,1,0.0315649,0.49793,3.19929,10.1025,F
1669,1,HappyBirthday,1428,1460,M,1,0.151959,0.604423,47.4323,58.4494,F
1669,1,HappyBirthday,465,7300.18,M,1,0.0218495,3.60871,0.28402,6.86564,F
1670,1,HappyBirthday,1303,2555,M,1,2.50107e-05,0.0506179,0.673195,0.00778448,F
1670,1,HappyBirthday,1529,365,F,1,0.000651547,1.53237,21785,7.70918,F
1672,1,HappyBirthday,1429,1460,M,1,0.812372,2.90968,1975.23,1467.79,F
1672,1,HappyBirthday,513,12775.1,F,1,4.24175e-05,0.943821,614.712,0.0466202,F
1673,1,HappyBirthday,1461,1095,M,1,0.142142,1.02508,14.9374,50.9553,F
1673,1,HappyBirthday,373,21535.5,F,1,0.0188416,0.261794,636.498,22.1034,F
1674,1,HappyBirthday,536,34310.4,M,1,0.000683135,22.5687,55.0489,0.220366,F
1674,1,HappyBirthday,810,6205.82,M,1,0.00534617,0.0886568,37.6721,1.75109,F
1674,1,Births,1566,0,F,0,0,13.1192,0,0,F
1675,1,HappyBirthday,955,10585,F,1,1.30166e-06,4.90119,3206.77,0.0019968,F
1676,1,HappyBirthday,1304,2555,M,1,0.177518,0.0340753,0.475702,60.7507,F
1676,1,HappyBirthday,744,11315.6,M,1,0.00398813,0.155134,1723.75,3.63031,F
1678,1,HappyBirthday,1140,4015,M,1,0.00860263,3.43911,48.5254,3.33274,F
1678,1,HappyBirthday,1065,4745,F,1,0.071654,4.37671,1207.4,32.0696,F
1678,1,HappyBirthday,464,7300.93,F,1,0,0.175482,0.516782,0,F
1678,1,HappyBirthday,1228,3285,F,1,0.0411188,0.311166,1.58034,13.1508,F
1679,1,HappyBirthday,342,12775.9,F,1,0.0104812,0.0423477,325.02,3.31793,F
1679,1,HappyBirthday,974,12045.1,M,1,0.00872584,44.8431,0.0420628,2.72383,F
1681,1,HappyBirthday,256,7300.66,M,1,3.43386e-05,3.33288,8.89381,0.0110305,F
1682,1,HappyBirthday,1268,2920,M,1,0.0264698,0.111979,600.805,8.33759,F
1682,1,HappyBirthday,1530,365,M,1,0.679171,5.34382,3255.95,1152.62,F
1682,1,HappyBirthday,488,32120.7,F,1,0.000901738,0.47475,20.0931,0.28848,F
1682,1,HappyBirthday,1498,730,M,1,0.378959,0.020704,89.535,198.29,F
1682,1,HappyBirthday,1499,730,M,1,0.769005,0.88596,27.8157,495.164,F
1683,1,HappyBirthday,1269,2920,M,1,0.00049526,0.0296256,798.756,0.332923,F
1683,1,HappyBirthday,942,15330.7,F,1,0.000304732,0.0343249,0.03071,0.094588,F
1684,1,HappyBirthday,60,21900.6,F,1,5.60832e-05,1.03491,711.536,0.0648628,F
1684,1,HappyBirthday,1229,3285,F,1,0.00513127,0.142561,15.0002,1.69943,F
1684,1,HappyBirthday,1024,5110,F,1,0.0294127,0.0669832,658.969,12.6154,F
1684,1,HappyBirthday,788,9125.26,F,1,0.00541767,5.36529,160.444,2.88155,F
1684,1,Births,1567,0,F,0,0,0.0486657,0,0,F
1685,1,HappyBirthday,396,11315.5,M,1,0.0413411,9.38447,1.47082,13.1214,F
1685,1,HappyBirthday,1398,1825,M,1,0.000166781,0.0522154,12.3939,0.0550615,F
1685,1,HappyBirthday,1305,2555,M,1,0.000717728,0.28101,1.84347,0.224843,F
1686,1,HappyBirthday,1306,2555,F,1,0.183791,0.175153,1936.44,64.6571,F
1686,1,HappyBirthday,996,7300.76,F,1,0.0016592,0.0470929,0.238533,0.51603,F
1686,1,HappyBirthday,1307,2555,F,1,0.397421,0.442262,13435.1,380.82,F
1686,1,Births,1568,0,M,0,0,0.678558,0,0,F
1687,1,Births,1569,0,F,0,0,0.152732,0,0,F
1688,1,HappyBirthday,325,14600.9,F,1,0.070572,0.145427,0.310127,22.7638,F
1688,1,HappyBirthday,527,16060.3,M,1,0.012782,4.5138,387.665,4.40177,F
1689,1,HappyBirthday,65,10585.5,F,1,6.97706e-06,1.92282,1.77652,0.0021662,F
1689,1,HappyBirthday,393,6205.35,F,1,0.0747814,4.39146,92.3296,24.397,F
1689,1,HappyBirthday,1500,730,M,1,0.00841602,0.346578,99901.2,122.554,F
1689,1,HappyBirthday,753,5475.89,M,1,0.0588808,1.55126,469.65,32.6908,F
1689,1,HappyBirthday,760,5840.77,M,1,0.000148967,4.38165,27.1078,0.0514435,F
1690,1,HappyBirthday,156,8030.9,F,1,0,1.27388,0.884901,0,F
1690,1,HappyBirthday,257,9490.7,F,1,0.00206316,5.09364,15356.9,1.13565,F
1690,1,HappyBirthday,509,21900.9,F,1,0.00970184,0.636127,15.1158,3.09906,F
1690,1,HappyBirthday,1066,4745,M,1,0.0219049,1.54666,1.01443,6.91083,F
1691,1,HappyBirthday,1025,5110,F,1,0.729633,0.243216,591.543,432.947,F
1691,1,HappyBirthday,497,12045.8,F,1,0.0011434,6.18453,10.7943,0.356848,F
1691,1,Births,1570,0,F,0,0,0.0324872,0,0,F
1692,1,HappyBirthday,196,11315.2,M,1,0.000670025,1.3382,3546.47,0.4881,F
1692,1,HappyBirthday,710,28105.1,M,1,0.0239764,11.1333,43.8025,8.10958,F
1692,1,HappyBirthday,859,8395.95,F,1,0.00352016,0.0275184,60.2742,1.21527,F
1693,1,HappyBirthday,210,18980.4,F,1,0.0228996,1.05654,2561.54,32.3617,F
1693,1,HappyBirthday,362,12410.6,F,1,0.000197146,0.530819,3.29548,0.0619886,F
1693,1,HappyBirthday,1308,2555,M,1,1.17256e-05,0.0346072,4.40384,0.00372111,F
1693,1,HappyBirthday,749,22265.7,M,1,0.0113512,21.3687,2.32904,3.54827,F
1693,1,HappyBirthday,990,6205.72,M,1,0.00313448,14.2332,2.45371,0.983544,F
1693,1,HappyBirthday,1309,2555,M,1,0.480928,0.263298,5255.42,538.27,F
1693,1,Births,1571,0,M,0,0,0.0176284,0,0,F
1694,1,HappyBirthday,829,8395.13,M,1,0.00555502,3.20021,0.106817,1.73108,F
1694,1,HappyBirthday,1399,1825,M,1,0.0031903,0.0754636,34592,24.501,F
1695,1,HappyBirthday,1271,2920,F,1,0.00439386,12.9724,323.016,1.39325,F
1695,1,HappyBirthday,877,5840.48,F,1,0.00284223,18.7154,148.146,0.919004,F
1697,1,HappyBirthday,82,15695,F,1,0.0180125,0.952627,22.0239,5.66062,F
1697,1,HappyBirthday,1531,365,F,1,0.143884,0.308463,2096.27,120.09,F
1697,1,HappyBirthday,1026,5110,F,1,0.0483806,0.813896,751.648,25.8217,F
1697,1,HappyBirthday,1230,3285,F,1,0.00262072,4.79747,623.166,2.97256,F
1697,1,HappyBirthday,1027,5110,M,1,0.0171812,0.397212,2094.11,21.7104,F
1697,1,HappyBirthday,1361,2190,M,1,0.0123904,2.66223,0.0423244,3.87352,F
1698,1,HappyBirthday,115,15695.6,F,1,0.000271564,0.507029,15060.7,0.414389,F
1698,1,HappyBirthday,223,15695.7,M,1,0.00520916,1.51625,41.4225,1.73713,F
1698,1,HappyBirthday,820,16790.3,M,1,0.00156483,0.111399,0.120094,0.486685,F
1699,1,HappyBirthday,37,8030.15,F,1,0.000679747,6.39383,181.739,0.265638,F
1699,1,HappyBirthday,1272,2920,M,1,0.0761625,4.03231,4358.73,29.5305,F
1699,1,HappyBirthday,495,14965.6,M,1,0.661567,1.39609,260.982,338.143,F
1699,1,HappyBirthday,798,8030.93,M,1,0.00201601,7.55099,660.135,1.48597,F
1700,1,HappyBirthday,51,14235.9,F,1,0.0111299,7.08327,7979.23,4.38572,F
1700,1,HappyBirthday,1273,2920,M,1,0.000521089,1.15023,52977.4,0.885935,F
1700,1,HappyBirthday,1142,4015,F,1,0,1.54382,0.00771891,0,F
1700,1,HappyBirthday,671,12410.4,M,1,0,0.547344,0.009,0,F
1700,1,HappyBirthday,1141,4015,F,1,0.0218017,8.13096,637.391,10.0714,F
1700,1,HappyBirthday,1231,3285,M,1,0.172002,0.410062,3933.17,105.235,F
1700,1,HappyBirthday,855,26280.7,M,1,0.00888172,1.01629,158.9,3.28761,F
1700,1,HappyBirthday,1462,1095,M,1,0.000945184,1.14982,24.9913,0.324034,F
1701,1,Births,1572,0,F,0,0,0.621238,0,0,F
1702,1,HappyBirthday,586,23360.6,F,1,0.000612081,0.246012,268.391,0.273667,F
1703,1,HappyBirthday,1188,3650,M,1,0.00782848,0.561066,0.000404454,2.44243,F
1704,1,HappyBirthday,180,35040.6,M,1,0.00012979,0.470036,861.482,0.182077,F
1704,1,HappyBirthday,1068,4745,F,1,0.0131685,0.0110693,16.244,4.37057,F
1704,1,HappyBirthday,767,6205.42,M,1,0.000695068,0.156048,12.399,0.219998,F
1705,1,HappyBirthday,5,11680.8,M,1,2.2235e-06,0.0930273,5992.29,0.0054076,F
1705,1,HappyBirthday,71,10950.1,F,1,0.00117768,0.732273,0.0130272,0.366159,F
1705,1,HappyBirthday,437,10950.6,F,1,0.000670391,1.37429,512.303,0.367806,F
1707,1,HappyBirthday,357,5840.92,F,1,0.000405663,0.144335,0.0297882,0.126054,F
1707,1,HappyBirthday,1145,4015,M,1,0.000384982,1.22147,796.165,0.438425,F
1707,1,HappyBirthday,516,13140,F,1,0.000264877,0.442562,13.1113,0.0826026,F
1707,1,HappyBirthday,1069,4745,F,1,0.00408253,1.05087,11606.3,31.1624,F
1707,1,HappyBirthday,1463,1095,M,1,0.00483533,0.532758,25.3715,1.55344,F
1707,1,HappyBirthday,1501,730,F,1,0.0313596,0.0871774,35.7983,9.98913,F
1707,1,Births,1573,0,M,0,0,0.0526906,0,0,F
1708,1,HappyBirthday,696,5475.67,M,1,0.00341217,0.233597,54.1148,1.08086,F
1708,1,HappyBirthday,782,8760.93,M,1,0.167055,2.53585,5.80029,58.1942,F
1708,1,HappyBirthday,787,32850.4,M,1,0.00573028,0.180159,21.7976,1.83664,F
1709,1,Births,1574,0,F,0,0,0.197402,0,0,F
1710,1,HappyBirthday,1532,365,M,1,0.0123896,0.865264,12365.9,11.4941,F
1710,1,HappyBirthday,1464,1095,M,1,0.298083,1.2181,17038.5,1753.62,F
1710,1,HappyBirthday,836,9855.21,F,1,6.25572e-05,0.271418,1753.27,0.069417,F
1711,1,HappyBirthday,336,18980.6,F,1,0.00448391,4.40985,0.0332838,1.39673,F
1711,1,HappyBirthday,370,7300.81,M,1,0.000117794,1.38143,28.4357,0.0391521,F
1711,1,HappyBirthday,589,20805,M,1,0.000326809,0.2866,0.0130136,0.101584,F
1712,1,HappyBirthday,305,14965.4,F,1,0.0237793,1.99733,3.69269,7.48015,F
1712,1,HappyBirthday,639,24455.5,F,1,0.000260004,0.25388,3022.11,0.380634,F
1712,1,HappyBirthday,1362,2190,M,1,0.269448,0.172889,185.308,148.344,F
1714,1,HappyBirthday,1400,1825,M,1,0.00258707,0.0595201,0.379385,0.804993,F
1714,1,HappyBirthday,1533,365,M,0,0,0.0176089,0,0,F
1714,1,HappyBirthday,1465,1095,F,1,0.0595076,0.918479,96.5628,27.1146,F
1714,1,HappyBirthday,1534,365,F,1,0.00285182,1.85159,22.8795,0.950919,F
1715,1,HappyBirthday,56,7665.99,M,1,0.152886,0.290009,253.781,51.9775,F
1715,1,HappyBirthday,1028,5110,M,1,0.0128913,0.280305,2.16757,4.07427,F
1715,1,HappyBirthday,1502,730,F,1,0.00311866,0.075364,0.204467,0.972019,F
1715,1,HappyBirthday,1310,2555,F,1,0.0477323,0.0968004,3274.81,69.5535,F
1716,1,HappyBirthday,1311,2555,F,1,0.00157181,0.375676,0.000949198,0.489276,F
1717,1,HappyBirthday,184,12045.1,M,1,0.0285208,3.07944,0.074202,8.99354,F
1717,1,HappyBirthday,1029,5110,F,1,1.73735e-06,1.66278,6581.63,0.00453227,F
1717,1,HappyBirthday,450,14235,M,1,0.000351625,2.11874,38822.3,0.373039,F
1717,1,HappyBirthday,1312,2555,M,1,0.123138,2.89254,2797.94,246.029,F
1717,1,HappyBirthday,784,21170.6,F,1,0.00177684,17.4058,53.6205,0.661226,F
1719,1,HappyBirthday,593,25915,M,1,9.14224e-06,0.963366,0.0077896,0.0028316,F
1719,1,HappyBirthday,757,20075.4,M,1,0.0529389,14.3415,0.210059,16.9036,F
1719,1,HappyBirthday,1314,2555,M,1,0.000532838,3.28969,15955.7,5.29459,F
1720,1,HappyBirthday,1363,2190,M,1,0.109688,0.333841,10436.8,179.361,F
1720,1,HappyBirthday,987,7665.85,M,1,0.00184848,3.38387,0.0372252,0.574915,F
1720,1,HappyBirthday,482,6205.48,M,1,0.49035,5.5142,0.89536,209.744,F
1720,1,Births,1575,0,M,0,0,0.119277,0,0,F
1721,1,HappyBirthday,1232,3285,F,1,0.00220179,0.991308,238.495,0.727413,F
1721,1,HappyBirthday,139,18615.1,M,1,0.0798169,0.102799,0.374966,25.8624,F
1721,1,HappyBirthday,327,10220,F,1,0.0255522,2.20704,533.467,26.3457,F
1722,1,HappyBirthday,10,30295.2,F,1,0,0.0334588,0,0,F
1722,1,HappyBirthday,1535,365,F,1,0.584926,0.14275,13.9702,281.385,F
1723,1,HappyBirthday,158,7665.46,F,1,2.8781e-05,0.269073,10.8429,0.009039,F
1723,1,HappyBirthday,414,18615.8,F,1,0,0.0991061,0,0,F
1724,1,HappyBirthday,447,32850.8,M,1,0.000502902,0.176274,2644.07,1.42026,F
1724,1,HappyBirthday,857,12775,F,1,0.0101081,0.276488,110.829,3.16118,F
1725,1,HappyBirthday,1233,3285,F,1,0.00758467,0.174067,73.2108,2.61438,F
1725,1,HappyBirthday,261,8030.37,F,1,0.0430777,0.511664,0.870855,13.7232,F
1725,1,HappyBirthday,773,12775.3,F,1,0.0128115,0.946592,96.6569,5.7062,F
1725,1,HappyBirthday,899,17155.1,M,1,0.0247834,0.102929,1.07694,7.83464,F
1726,1,HappyBirthday,264,10950.1,F,1,0.00581809,1.1672,38.2345,1.91372,F
1726,1,HappyBirthday,510,10585.7,F,1,0.0162264,3.46647,55.0412,5.39684,F
1726,1,HappyBirthday,730,6935.81,F,1,0.00372345,0.550152,51.46,1.16394,F
1726,1,HappyBirthday,935,20075.7,F,1,0.130878,3.53185,38.7483,43.721,F
1728,1,HappyBirthday,564,7665.64,F,1,0.049925,3.49751,0.025949,15.9176,F
1728,1,HappyBirthday,578,5475.66,M,1,0.0033071,3.46197,170.309,1.05217,F
1728,1,HappyBirthday,1536,365,F,1,0.145603,0.593505,14072.4,449.205,F
1728,1,HappyBirthday,846,9125.14,F,1,0.00271965,0.223722,0.0606106,0.8468,F
1728,1,HappyBirthday,1146,4015,F,1,5.77298e-05,1.73327,33.2185,0.0182892,F
1729,1,HappyBirthday,316,6935.74,M,1,0.0315656,0.638772,16.5473,9.96846,F
1729,1,HappyBirthday,603,20805.2,F,1,0.0553586,0.517253,72.838,17.7738,F
1729,1,HappyBirthday,692,8760.51,F,1,0.283841,17.7144,28.7588,108.036,F
1730,1,HappyBirthday,584,15695.7,F,1,0.000105076,3.03815,83.7581,0.0345842,F
1731,1,HappyBirthday,1234,3285,M,1,0.00978198,1.40571,0.0121642,3.05507,F
1731,1,HappyBirthday,401,8760.19,M,1,0.0273847,3.43384,0.003449,8.62963,F
1731,1,HappyBirthday,1365,2190,M,1,0.20647,0.08022,7192.46,209.94,F
1731,1,HappyBirthday,1316,2555,M,1,0.0834654,2.64987,91.8752,34.014,F
1732,1,HappyBirthday,277,8395.66,M,1,1.93949e-05,1.34005,14367.3,0.0101176,F
1732,1,HappyBirthday,1190,3650,F,1,0,0.152185,3514.19,0,F
1732,1,HappyBirthday,659,6935.05,M,1,0.000766513,1.93325,21.5607,0.238479,F
1732,1,HappyBirthday,891,6935.58,M,1,0.000534528,0.150856,12.8135,0.16876,F
1733,1,HappyBirthday,300,27375.7,M,0,0,0.00889434,0,0,F
1733,1,HappyBirthday,345,10950.5,M,1,5.25663e-06,2.73803,19.911,0.0016462,F
1733,1,HappyBirthday,1466,1095,M,1,0.145799,0.0373669,15927.8,73.9121,F
1733,1,HappyBirthday,1073,4745,M,1,0.00156692,2.16699,0.0143296,0.487087,F
1734,1,HappyBirthday,1191,3650,M,1,0.0024588,0.846487,8255.76,4.35692,F
1734,1,HappyBirthday,1148,4015,F,1,0.0161528,0.0531958,38.293,5.35303,F
1735,1,HappyBirthday,155,13870.3,F,1,0.00101597,1.54013,4.90695,0.323581,F
1735,1,HappyBirthday,379,8030.24,F,1,0.0105056,14.9747,144.028,4.00082,F
1735,1,HappyBirthday,1317,2555,M,1,0.015251,3.34282,20.6944,5.21925,F
1736,1,HappyBirthday,712,12775.6,F,1,0.00815722,0.422568,989.493,12.2208,F
1736,1,HappyBirthday,1192,3650,F,1,0.0426139,0.980371,3.91835,13.6219,F
1737,1,HappyBirthday,143,7665,F,1,2.10484e-05,0.71259,24.8088,0.0068278,F
1738,1,HappyBirthday,1467,1095,F,1,0.0286892,3.74222,68.4539,9.97094,F
1739,1,HappyBirthday,1318,2555,M,1,0.608699,0.481213,48.958,312.618,F
1739,1,HappyBirthday,302,18980.4,F,1,0,4.55178,0.214701,0,F
1739,1,HappyBirthday,1319,2555,M,1,0.00445819,0.0867627,1.61765,1.38825,F
1739,1,HappyBirthday,966,12410.9,F,1,0.0447255,4.28269,1.0504,14.2215,F
1740,1,HappyBirthday,13,12045.7,M,1,0.000178396,0.0416534,0.545376,0.0555664,F
1741,1,HappyBirthday,209,8760.41,F,1,0.000818039,1.18096,0.136465,0.254365,F
1741,1,HappyBirthday,415,5475.92,M,1,0.000310402,0.0364467,0.856907,0.0964616,F
1742,1,HappyBirthday,470,17885,M,1,0.00547582,6.93723,61.4063,1.73322,F
1742,1,HappyBirthday,695,26280.5,M,1,0.00302838,6.90143,3.57205,0.946025,F
1742,1,HappyBirthday,1030,5110,M,1,0.00279762,2.80423,116.566,1.29135,F
1742,1,HappyBirthday,1468,1095,M,1,0.00299043,0.649426,0.546317,0.930921,F
1743,1,HappyBirthday,94,5475.53,M,1,0.0375331,0.692381,20.0811,13.0808,F
1743,1,HappyBirthday,997,8030.54,F,1,0.00359989,50.9898,8.06773,1.16051,F
1743,1,HappyBirthday,1366,2190,F,1,0.0598812,0.569989,265.197,19.7305,F
1743,1,HappyBirthday,165,33945.6,F,1,6.91266e-07,0.712443,1.52598,0.000215,F
1744,1,HappyBirthday,1149,4015,M,1,0.0155005,2.48492,0.191994,4.85601,F
1745,1,HappyBirthday,441,6205.98,F,1,5.47935e-06,0.235416,9.59245,0.00171746,F
1745,1,Births,1576,0,M,0,0,0.0275656,0,0,F
1747,1,HappyBirthday,149,15695.8,F,1,0.0904146,2.59246,0.875894,29.4548,F
1747,1,HappyBirthday,1469,1095,F,1,0.00542194,0.0852044,4326.07,5.60419,F
1747,1,HappyBirthday,684,10220.3,M,1,0.00262353,0.559918,150.912,0.985013,F
1748,1,HappyBirthday,144,5475.71,M,1,0.0004087,16.6949,12555.6,3.35173,F
1748,1,HappyBirthday,151,7665.45,F,1,0.073989,1.1555,3.82744,24.0022,F
1748,1,HappyBirthday,1367,2190,F,1,0.0012494,0.754795,4351.84,2.45248,F
1748,1,Births,1577,0,F,0,0,0.0574501,0,0,F
1749,1,HappyBirthday,278,25550.1,M,1,0.0014409,0.922723,2.59051,0.452471,F
1749,1,HappyBirthday,1321,2555,M,1,0.00706549,1.33417,402.004,5.43115,F
1750,1,HappyBirthday,1538,365,F,1,0.00921686,1.64184,46.2306,3.53189,F
1750,1,HappyBirthday,964,11680.9,F,1,0.000531034,12.7536,20.7793,0.170962,F
1750,1,Births,1578,0,M,0,0,0.105864,0,0,F
1751,1,HappyBirthday,1368,2190,F,1,0.00144897,0.0296652,12.4686,0.475583,F
1751,1,HappyBirthday,1539,365,M,1,0.0110978,0.0130332,12723.6,10.8092,F
1752,1,HappyBirthday,1150,4015,F,1,7.9309e-05,0.102678,44609.2,0.302603,F
1752,1,HappyBirthday,274,7300.1,M,1,0.0180996,0.221559,352.657,5.87867,F
1752,1,HappyBirthday,363,25550.6,M,1,0.0384898,0.245346,1725.63,12.3141,F
1752,1,HappyBirthday,522,11316,F,1,0.00272362,0.0572625,0.33522,0.848932,F
1752,1,HappyBirthday,898,18615.5,F,1,0.0300657,0.962221,37.2295,9.96704,F
1753,1,HappyBirthday,615,13505.1,F,1,0.00137179,26.6659,791.478,0.97703,F
1754,1,HappyBirthday,230,22630.9,M,1,2.15425e-05,1.04231,2.85534,0.0067224,F
1754,1,HappyBirthday,1431,1460,M,1,0.332674,0.533409,5401.39,857.135,F
1755,1,HappyBirthday,912,20075.9,F,1,4.13237e-05,2.30347,0.118812,0.0128186,F
1755,1,HappyBirthday,1503,730,M,1,0.383397,0.851294,113.156,174.668,F
1756,1,HappyBirthday,1107,4380,M,1,8.66861e-05,0.429275,500.582,0.0824875,F
1756,1,HappyBirthday,1108,4380,F,1,0.0027131,5.97576,0.186523,0.845139,F
1756,1,HappyBirthday,894,22265.4,M,1,0.0110067,5.84084,146.321,3.45214,F
1757,1,HappyBirthday,1151,4015,F,1,0.0188326,1.34145,0.0105259,5.90763,F
1757,1,HappyBirthday,408,20075.7,F,1,0.000861775,2.16757,27.9352,0.300906,F
1757,1,Births,1579,0,M,0,0,0.25081,0,0,F
1759,1,HappyBirthday,1504,730,M,1,0.830461,0.103296,407.443,797.529,F
1760,1,HappyBirthday,1000,12410.8,M,0,0,0.0124988,0,0,F
1760,1,HappyBirthday,604,25550.8,F,1,0.00600647,0.495062,4.87001,1.87393,F
1761,1,HappyBirthday,118,12410.4,M,1,0.000707727,0.905455,51.0097,0.220929,F
1762,1,HappyBirthday,191,12775.9,F,1,0.000426966,0.29216,104.417,0.13287,F
1763,1,HappyBirthday,399,9855.61,F,1,0.000589527,3.15852,89.235,0.239979,F
1764,1,HappyBirthday,100,21170.6,M,1,0.000884404,0.569219,0.307198,0.274832,F
1764,1,HappyBirthday,694,10585.5,F,1,0.000773947,64.2597,8.57971,0.24146,F
1764,1,HappyBirthday,949,19710.1,M,1,0.00356522,0.30197,0.358183,1.11036,F
1765,1,HappyBirthday,1238,3285,F,1,0.100284,4.65506,11.0863,33.4219,F
1766,1,HappyBirthday,567,27010.8,F,1,0.0142433,1.2479,27.3546,4.76726,F
1766,1,HappyBirthday,993,12045,F,1,0.000452097,47.0843,2.432,0.140955,F
1766,1,HappyBirthday,1194,3650,F,1,1.05999e-05,0.193512,31.1754,0.00339094,F
1767,1,HappyBirthday,426,9855.15,F,1,0.0161814,1.55852,61.8196,5.56894,F
1767,1,HappyBirthday,805,6205.09,M,1,0.000629628,0.0740096,0.0142502,0.195688,F
1768,1,HappyBirthday,1195,3650,M,1,0.1513,0.113193,7.36725,51.3811,F
1768,1,HappyBirthday,1152,4015,M,1,0.00120571,1.6163,5553.13,2.38862,F
1768,1,HappyBirthday,481,6205.36,F,1,0.00108721,0.934346,197.128,0.363572,F
1768,1,HappyBirthday,1370,2190,F,1,0.0730178,2.59438,953.176,41.8673,F
1768,1,HappyBirthday,1432,1460,M,1,0.00677113,0.0484705,54.8355,2.66614,F
1769,1,HappyBirthday,1433,1460,M,1,0.321206,0.184249,72.5515,124.086,F
1769,1,HappyBirthday,762,6205.6,F,1,0.00508884,3.09431,1.17522,1.59118,F
1769,1,HappyBirthday,1401,1825,F,1,0.000966567,0.241565,13.1061,0.317543,F
1770,1,HappyBirthday,1239,3285,M,1,0.000182126,0.293668,26765.9,0.162841,F
1771,1,HappyBirthday,487,14235.6,M,1,0.0986879,0.935979,178.831,39.8065,F
1771,1,HappyBirthday,644,16425.2,M,1,0.0601025,0.160684,0.581839,19.2688,F
1771,1,HappyBirthday,1109,4380,F,1,0.000693014,1.65145,806.2,0.282198,F
1772,1,HappyBirthday,6,8030.05,F,1,0.028002,1.86428,22.9927,9.78428,F
1772,1,HappyBirthday,28,20075.9,F,1,0.00349289,0.724581,9787.55,2.99177,F
1772,1,HappyBirthday,106,10220.7,M,1,0.00511748,0.919057,4.11133,1.60188,F
1773,1,HappyBirthday,20,8760.2,M,1,0.000163587,2.08629,3159.59,0.0781012,F
1773,1,HappyBirthday,1402,1825,M,1,0.436514,0.540151,672.436,477.642,F
1773,1,HappyBirthday,724,10950.3,M,1,0.00331826,0.523793,11.7135,1.05339,F
1773,1,HappyBirthday,726,26645.4,M,1,0.00717272,3.29174,348.569,2.2368,F
1774,1,HappyBirthday,202,31025.1,F,1,0.722357,0.0135164,97.5822,410.475,F
1774,1,Births,1580,0,M,0,0,0.0607635,0,0,F
1775,1,HappyBirthday,101,6935.16,F,1,0,0.397953,65.8248,0,F
1775,1,HappyBirthday,1277,2920,M,1,0.082168,0.854026,17.7221,28.4933,F
1776,1,HappyBirthday,276,6570.48,F,1,5.33875e-05,0.165612,3537.33,0.0416093,F
1776,1,HappyBirthday,674,9490.58,M,1,0.349031,1.72658,2.22165,133.419,F
1776,1,HappyBirthday,1033,5110,F,1,2.55599e-05,0.679694,7.29245,0.00814494,F
1776,1,HappyBirthday,736,15330.4,M,1,0.290052,0.79815,942.597,232.764,F
1778,1,HappyBirthday,292,6570.5,F,1,0.00215372,2.54182,0.0136009,0.669939,F
1778,1,Births,1581,0,M,0,0,0.040342,0,0,F
1779,1,HappyBirthday,19,25185.2,M,1,0.000124327,0.5436,98.8736,0.0544482,F
1779,1,HappyBirthday,1403,1825,M,1,0.0769129,1.20236,44.7997,29.2665,F
1779,1,HappyBirthday,1196,3650,M,1,0.00146717,0.967704,599.812,1.44128,F
1780,1,HappyBirthday,315,16060.2,M,1,0.101227,1.34835,52.8373,35.8633,F
1780,1,HappyBirthday,346,28835.4,M,1,0.0396005,0.259303,1.96822,12.5584,F
1780,1,HappyBirthday,678,5840.61,F,1,0.00115144,7.03879,80.9845,0.40106,F
1781,1,HappyBirthday,284,17520.6,F,1,0.254129,0.324596,2319.68,142.549,F
1782,1,HappyBirthday,214,6935.02,M,1,0.000293766,4.48057,67.3229,0.0920286,F
1782,1,HappyBirthday,1471,1095,M,1,0.113943,0.00933206,12425.6,68.6737,F
1782,1,HappyBirthday,823,6205.56,F,1,0.00110216,3.46925,7.14767,0.350475,F
1782,1,Births,1582,0,M,0,0,4.89119,0,0,F
1783,1,HappyBirthday,1035,5110,F,1,0,2.76681,0.362004,0,F
1783,1,HappyBirthday,1472,1095,F,1,0.000451207,0.368983,45801.8,0.590952,F
1783,1,HappyBirthday,503,7665.92,F,1,0.0425859,3.27588,58.0361,13.9285,F
1783,1,HappyBirthday,591,13140.1,M,1,0.148368,1.45828,0.993472,50.023,F
1783,1,HappyBirthday,721,10220.8,M,1,0.558499,1.13724,43.3285,256.744,F
1785,1,HappyBirthday,1505,730,M,1,0.283923,0.0825669,469.221,122.855,F
1786,1,HappyBirthday,1506,730,F,1,0.000522103,0.517009,83991.2,7.81418,F
1786,1,HappyBirthday,1434,1460,F,1,0.00636791,0.0338175,37.7536,2.09025,F
1787,1,HappyBirthday,620,8395.57,F,1,0.000697262,0.644829,0.0043006,0.216838,F
1787,1,HappyBirthday,703,25915,M,1,0.00054091,2.12424,33.0912,0.186934,F
1787,1,HappyBirthday,751,6205.67,F,1,0.00896535,0.283457,35.9106,2.80615,F
1788,1,HappyBirthday,50,11680.1,F,1,0.0093576,0.0447787,0.192447,2.92265,F
1788,1,HappyBirthday,502,8395.12,F,1,0.185778,0.140806,28244.2,500.524,F
1788,1,HappyBirthday,556,5475.41,M,1,1.13332e-05,0.120466,35.0866,0.0036135,F
1788,1,HappyBirthday,1075,4745,F,1,0.0290194,1.1648,25.4176,9.2511,F
1789,1,HappyBirthday,9,7665.07,F,1,0.00599742,1.27159,757.576,4.48382,F
1789,1,HappyBirthday,701,5475.88,M,1,0.186201,0.507575,1.15588,64.0398,F
1789,1,HappyBirthday,1036,5110,M,1,0.062737,1.23002,0.0272967,20.138,F
1790,1,HappyBirthday,1508,730,M,1,0.238409,0.470873,788.439,93.206,F
1790,1,HappyBirthday,1473,1095,F,1,0.00852375,0.858809,279.503,2.79768,F
1790,1,HappyBirthday,612,35770.2,M,1,7.41444e-05,0.667963,37924.8,0.096052,F
1790,1,HappyBirthday,648,17885.7,M,1,0.00441682,0.879121,0.936,1.3809,F
1790,1,HappyBirthday,930,11315.3,F,1,0.00545645,0.231949,181.868,3.03286,F
1791,1,HappyBirthday,3,6935.02,M,1,0.0530721,9.68899,4.82928,17.0602,F
1791,1,HappyBirthday,1324,2555,F,1,0.00263743,0.544317,0.0234214,0.820876,F
1791,1,HappyBirthday,1435,1460,F,1,0.0374088,3.20237,812.551,13.393,F
1791,1,HappyBirthday,1111,4380,M,1,0.0370829,1.60061,3.22307,11.8099,F
1791,1,HappyBirthday,992,7665.5,M,1,0,0.0792926,0.0157028,0,F
1791,1,HappyBirthday,680,5475.79,F,1,0.00240301,0.944742,0.253213,0.747997,F
1792,1,HappyBirthday,529,9855.31,F,1,0.00126743,7.38392,0.0002144,0.394042,F
1792,1,HappyBirthday,607,16790,F,1,0.0110219,2.31343,0.0666104,3.44528,F
1792,1,HappyBirthday,938,7300.77,M,1,0.144572,0.291245,32.2079,51.0065,F
1793,1,HappyBirthday,1153,4015,M,1,0.0511332,0.304552,3.11901,16.3957,F
1794,1,HappyBirthday,269,13870.5,F,1,0.0173874,0.600207,0.469628,5.45185,F
1794,1,HappyBirthday,1372,2190,F,1,0.292745,7.99534,8993.54,473.074,F
1794,1,HappyBirthday,665,10950.8,F,1,0.00096914,7.05158,9.58e-05,0.301447,F
1795,1,HappyBirthday,186,10220.6,M,1,0.079894,2.1766,2.3807,25.8921,F
1795,1,HappyBirthday,189,17520,M,1,0.00683521,0.405637,105.651,2.15087,F
1795,1,HappyBirthday,356,9125.76,F,1,0.0366837,0.50274,203.768,12.4006,F
1795,1,HappyBirthday,463,8760.2,F,1,0.237918,1.7573,1.89924,84.4658,F
1795,1,HappyBirthday,673,9490.47,F,1,4.64691e-05,0.425378,2451.28,0.0654128,F
1795,1,HappyBirthday,1436,1460,F,1,0.504918,0.551599,1081.31,539.871,F
1796,1,HappyBirthday,1279,2920,F,1,0.0108436,0.606099,1913.97,7.43918,F
1796,1,HappyBirthday,1475,1095,M,1,1.27527e-05,0.179941,8577.46,0.0848479,F
1796,1,HappyBirthday,1404,1825,M,1,0.0721558,0.208982,73.6977,25.422,F
1796,1,HappyBirthday,1405,1825,F,1,0.133327,0.671397,105.532,46.6064,F
1796,1,HappyBirthday,720,22265,F,1,0.014275,0.46127,10.0891,4.53588,F
1797,1,HappyBirthday,1240,3285,F,1,0.229189,1.20947,2618,81.9532,F
1797,1,HappyBirthday,369,13870.5,F,1,0.00145245,2.12944,0.0015046,0.451685,F
1797,1,HappyBirthday,382,9855.44,M,1,0.00390929,1.48563,0.0226722,1.21711,F
1797,1,HappyBirthday,952,6570.21,M,1,0.358776,1.0031,17.279,138.185,F
1798,1,HappyBirthday,36,9855.77,M,1,0.0112553,0.137001,0.474919,3.52057,F
1798,1,HappyBirthday,442,7300.66,F,1,0,1.63971,6.21848,0,F
1798,1,HappyBirthday,1198,3650,M,1,0,0.0123288,107.303,0,F
1798,1,HappyBirthday,1325,2555,M,1,0.265201,1.7602,3373.74,123.63,F
1798,1,HappyBirthday,739,6935.78,M,1,0.000450612,0.698977,37.2952,0.147608,F
1798,1,HappyBirthday,755,34675.6,M,1,0.015412,0.0565291,1.59247,4.83915,F
1798,1,HappyBirthday,830,18615,F,1,0.0332677,11.693,41.893,11.2326,F
1799,1,HappyBirthday,161,5840.01,F,1,0,3.18771,0.826377,0,F
1799,1,HappyBirthday,193,12410.5,M,1,0.0245834,2.99881,7466.72,13.4253,F
1799,1,HappyBirthday,275,27740.7,F,1,0.139657,0.306086,415.248,48.9853,F
1799,1,HappyBirthday,1541,365,M,1,0.563655,0.0253525,144.239,358.401,F
1800,1,HappyBirthday,208,7300.69,M,1,0.000878175,0.319143,7670.19,2.44486,F
1800,1,HappyBirthday,1199,3650,M,1,0.111327,1.56599,4.30766,37.3616,F
1800,1,HappyBirthday,864,19710.6,M,1,0.00480639,1.75032,31.0196,1.70207,F
1802,1,HappyBirthday,16,6935.67,M,1,0.0627063,0.729625,0.127331,20.1305,F
1802,1,HappyBirthday,491,20440.9,F,1,0.00196087,0.192498,0.285476,0.610233,F
1802,1,HappyBirthday,1077,4745,M,1,0.00381273,9.9636,816.362,2.63327,F
1802,1,HappyBirthday,1280,2920,F,1,0.00611375,0.956512,186.991,2.45474,F
1803,1,HappyBirthday,329,14965.6,F,1,0.00353663,0.316755,0.0236326,1.10095,F
1804,1,HappyBirthday,980,8030.57,F,1,0.000465663,21.1024,69.8273,0.155108,F
1804,1,HappyBirthday,802,5475.17,F,1,0.0708213,1.261,80.4879,23.2342,F
1804,1,HappyBirthday,886,5840.74,M,1,0.000259315,0.317154,221.575,0.107571,F
1805,1,HappyBirthday,539,18615.9,F,1,0.00896923,0.0961058,18.0991,2.85594,F
1806,1,HappyBirthday,596,24820.3,F,1,0.00235939,0.151435,8.81654,0.756249,F
1806,1,HappyBirthday,828,8030.03,F,1,0,3.24931,11237.3,0,F
1807,1,HappyBirthday,407,22995.9,F,1,0.00843348,0.799347,41.9014,2.76011,F
1808,1,HappyBirthday,1200,3650,F,1,0.000266997,0.219195,1278.57,0.119802,F
1808,1,HappyBirthday,1156,4015,F,1,0.00653211,2.0155,0.000175499,2.03687,F
1809,1,HappyBirthday,970,12045.6,M,1,0.000181354,0.322259,108.978,0.0579508,F
1810,1,HappyBirthday,1113,4380,F,1,0.261729,1.01739,59.7904,95.7827,F
1810,1,HappyBirthday,1078,4745,F,1,0.14319,1.74777,101.147,48.0297,F
1811,1,HappyBirthday,413,9125.61,F,1,0.00744159,1.044,403.61,2.51626,F
1812,1,HappyBirthday,438,9490.04,M,1,0.00362457,5.59313,2429.3,9.44167,F
1812,1,HappyBirthday,1476,1095,M,1,0.0532062,1.16267,0.670172,17.0486,F
1812,1,HappyBirthday,1080,4745,M,1,0.000345332,0.908139,36.3967,0.114061,F
1812,1,HappyBirthday,709,15695.8,F,1,0.00284669,3.42331,16448.4,1.60172,F
1813,1,HappyBirthday,263,25915.3,F,1,0.00680951,1.87794,469.957,3.5845,F
1813,1,HappyBirthday,1081,4745,M,1,0.0634363,3.44261,1333.76,60.5527,F
1813,1,HappyBirthday,931,11680.1,M,1,0.00439693,0.133772,1.06017,1.36921,F
1813,1,HappyBirthday,1242,3285,F,1,0.000447442,0.175986,343.66,0.289374,F
1814,1,HappyBirthday,1114,4380,M,1,0.0222242,2.5135,40.7424,8.37093,F
1814,1,HappyBirthday,897,24820.9,F,1,0,9.92545,0.0356704,0,F
1815,1,HappyBirthday,427,8030.43,F,1,0.0605323,2.44669,0.053395,19.4052,F
1815,1,HappyBirthday,1243,3285,M,1,0.00050916,1.04807,1140.06,0.386936,F
1815,1,HappyBirthday,713,6935.6,M,1,0.00630211,0.205731,41.105,2.08407,F
1815,1,HappyBirthday,722,28105.9,F,1,0.0748662,0.0203575,0.390959,24.1837,F
1816,1,HappyBirthday,1437,1460,F,1,0.208711,0.0555701,1608.23,107.554,F
1816,1,HappyBirthday,1244,3285,F,1,0.00863808,0.397334,12637.4,34.8002,F
1816,1,HappyBirthday,1082,4745,M,1,0.0237664,0.152525,7.971,7.65852,F
1817,1,HappyBirthday,1283,2920,M,1,0.0199527,3.35789,232.509,9.4329,F
1818,1,HappyBirthday,1543,365,M,0,0,0.000731907,0,0,F
1818,1,HappyBirthday,1202,3650,M,1,0.000100931,0.237207,119.444,0.0380645,F
1818,1,HappyBirthday,1542,365,F,1,0.00393232,0.0135591,4.83542,1.23377,F
1818,1,Births,1583,0,M,0,0,0.0095005,0,0,F
1819,1,HappyBirthday,1038,5110,M,1,0.119441,3.28551,148.918,49.044,F
1820,1,HappyBirthday,765,16790.7,F,1,0.0588653,0.269956,30.4314,19.7827,F
1821,1,HappyBirthday,1327,2555,F,1,0.00170997,0.0916366,0.161041,0.531889,F
1821,1,Births,1584,0,F,0,0,0.00877084,0,0,F
1822,1,HappyBirthday,225,13870.2,M,1,0.00879566,0.348638,52.783,2.75347,F
1822,1,HappyBirthday,400,7300.56,M,1,0.0223597,0.0276221,4.49069,7.02802,F
1823,1,HappyBirthday,1328,2555,F,1,0.00572907,0.124736,10.7365,1.81781,F
1824,1,HappyBirthday,1329,2555,F,1,0.0105877,0.393046,4283.31,8.76398,F
1824,1,HappyBirthday,729,6570.85,M,1,0.000528395,0.0602805,0,0.164396,F
1824,1,HappyBirthday,985,17885.2,M,1,0.000278628,7.43113,448.841,0.229504,F
