Time,Node_ID,Event_Name,Individual_ID,Age,Gender,Infected,Infectiousness,RelativeBitingRate,TrueParasiteDensity,TrueGametocyteDensity,HasClinicalSymptoms
1,1,HappyBirthday,1091,2920,M,1,0.0112957,0.0505559,230.589,3.77005,F
1,1,HappyBirthday,937,14965.9,M,1,0.0407382,4.86106,669.378,30.7207,F
1,1,HappyBirthday,954,17520.9,F,1,0.0791662,6.05157,0.338918,25.6314,F
2,1,HappyBirthday,1044,3285,M,1,0.00134316,0.401658,51.8574,0.420046,F
2,1,HappyBirthday,1221,1825,F,1,0.511581,1.17342,29049.1,814.125,F
3,1,HappyBirthday,114,4015.29,F,1,0.0561316,2.33449,1915.5,62.1961,F
3,1,HappyBirthday,289,4745.17,F,1,0.000719567,48.1813,4.12916,0.224036,F
3,1,HappyBirthday,976,7300.38,M,1,0.0347077,0.335895,24.3909,12.3227,F
4,1,HappyBirthday,1344,730,F,0,0,0.0359136,0,0,F
4,1,HappyBirthday,786,6570.15,M,1,0.0058311,0.565344,0.00301903,1.81741,F
5,1,HappyBirthday,64,16060.6,M,0,0,0.025381,0,0,F
5,1,HappyBirthday,610,29930.2,M,1,0,0.0627085,0,0,F
5,1,HappyBirthday,893,13140.6,M,1,0.000711881,1.39302,1.76298,0.221354,F
5,1,HappyBirthday,920,4380.32,F,1,0.0100269,1.25624,250.55,4.51956,F
6,1,HappyBirthday,689,5110.4,F,1,0.00177558,0.486858,3632.58,3.12232,F
6,1,HappyBirthday,1092,2920,M,1,0.00272146,0.206947,26.3999,0.883778,F
6,1,HappyBirthday,977,6205.94,M,1,0.00100473,0.542665,6131.69,1.82382,F
7,1,HappyBirthday,458,16425.6,M,1,0.016296,1.84641,2690.36,19.907,F
7,1,HappyBirthday,553,29565.1,F,1,0,0.493743,83.5591,0,F
7,1,HappyBirthday,754,12775.6,M,1,0.0235741,6.39247,14.5879,7.45676,F
7,1,HappyBirthday,1378,365,M,1,0.0862091,0.0744345,0.489763,28.031,F
8,1,HappyBirthday,190,12045.5,M,1,0.091362,1.41229,6.18738,29.7928,F
9,1,HappyBirthday,68,6570.5,F,1,0.0127917,0.518295,74911.3,94.1821,F
9,1,HappyBirthday,367,21535.4,F,1,0.00492436,0.140065,0.906804,1.5341,F
9,1,HappyBirthday,1379,365,M,1,0.0443862,0.182773,35.3243,16.418,F
9,1,HappyBirthday,1136,2555,M,1,0.0106081,0.130044,784.773,6.66537,F
9,1,HappyBirthday,948,6935.26,M,1,0.00991991,6.25612,0.00693113,3.09803,F
10,1,HappyBirthday,968,9125.11,M,1,0.042205,0.30689,0.283555,13.4082,F
11,1,HappyBirthday,1222,1825,F,1,0.00636072,0.232672,17.8609,2.13028,F
11,1,HappyBirthday,104,4380.84,M,1,0.00481089,1.48723,51795.6,22.7419,F
11,1,HappyBirthday,247,4015.74,M,1,0.00476317,0.120594,133.095,1.76901,F
11,1,HappyBirthday,387,26280.3,F,1,0.0413286,3.54242,1170.47,16.4852,F
11,1,HappyBirthday,597,11315.9,M,1,0.220805,0.325179,2051.42,84.2787,F
11,1,HappyBirthday,1045,3285,M,1,0.246234,2.07922,4.21249,88.3259,F
12,1,HappyBirthday,57,10585.8,F,1,0.692234,0.228891,9.16287,366.711,F
12,1,HappyBirthday,1093,2920,M,1,0.0973711,0.650711,312.76,58.3758,F
13,1,HappyBirthday,1181,2190,M,1,0.0257187,3.83229,46.0859,9.8756,F
13,1,HappyBirthday,366,4745.37,F,1,0.0102523,1.19595,786.558,3.34957,F
13,1,HappyBirthday,812,16790.8,M,1,0.122752,1.26539,4176.75,200.655,F
13,1,HappyBirthday,819,18980.2,F,1,0.0316765,0.468957,9.89477,10.0352,F
14,1,HappyBirthday,91,6935.68,F,1,0.00214652,7.48693,1842.8,0.708576,F
14,1,HappyBirthday,476,8030.8,F,1,3.26475e-06,0.769044,3.44918,0.00102,F
15,1,HappyBirthday,1005,3650,M,1,0.129404,0.748565,4183.93,145.421,F
15,1,HappyBirthday,1182,2190,F,1,0.0119174,0.417751,8.68644,3.78109,F
16,1,HappyBirthday,538,16060.7,M,1,0.00462862,1.65382,0.0135848,1.44167,F
16,1,Births,1410,0,F,0,0,0.0155747,0,0,F
17,1,HappyBirthday,324,23725.5,M,1,7.96954e-07,0.350282,0.59894,0.0002464,F
17,1,HappyBirthday,402,6205.04,F,1,0.0167441,8.141,275.79,7.31997,F
18,1,HappyBirthday,1380,365,M,1,0.0129816,0.128399,128.584,5.56202,F
18,1,HappyBirthday,1304,1095,M,1,0.00309106,0.279373,0.0778596,0.961847,F
18,1,HappyBirthday,915,5840.13,F,1,3.7306e-05,1.33626,11.2946,0.011664,F
19,1,HappyBirthday,288,4380.49,F,1,0.0135922,0.154106,2219.97,15.2868,F
19,1,HappyBirthday,1381,365,F,1,0.0281987,0.0938864,30.9037,10.1172,F
20,1,HappyBirthday,1305,1095,M,1,0.0605165,0.294874,35.8193,19.5188,F
21,1,HappyBirthday,79,21900.7,F,1,0.00186566,0.710741,20.1744,0.599645,F
21,1,HappyBirthday,668,9855.06,M,1,0.00462655,0.262011,0,1.44083,F
21,1,HappyBirthday,702,7300.51,M,1,0.000113596,3.4642,0.600589,0.0353637,F
22,1,HappyBirthday,217,4015.57,F,1,0.0142846,2.64571,8701.36,6.03239,F
22,1,HappyBirthday,815,4380.19,M,1,0.00287934,0.0778552,32.568,0.923658,F
22,1,HappyBirthday,904,6570.02,F,1,0.265184,3.02728,277.632,98.1346,F
23,1,HappyBirthday,817,10220.7,F,1,0.409496,2.41939,10.1971,169.503,F
23,1,HappyBirthday,983,7665.53,F,1,0.00584807,0.308555,202.327,2.40117,F
24,1,HappyBirthday,1183,2190,F,1,0.00391352,0.47754,11.9453,1.28412,F
25,1,HappyBirthday,796,22995.2,M,1,0.000111269,1.36399,8239.58,0.639069,F
25,1,HappyBirthday,932,15695.7,F,1,0.00803207,31.3586,1492.73,6.84559,F
26,1,HappyBirthday,998,16060.3,F,1,0.0436571,0.764472,1.67933,13.8963,F
26,1,HappyBirthday,153,14235.6,F,1,0.00329834,1.39783,111.872,1.18712,F
26,1,HappyBirthday,1306,1095,M,1,0.809762,0.179866,217.92,669.773,F
27,1,HappyBirthday,1137,2555,M,1,0.00730736,1.14577,2.71648,2.31007,F
27,1,HappyBirthday,515,8395.96,M,1,0.106569,1.14418,0.0948092,35.0205,F
27,1,HappyBirthday,733,10585.5,M,1,0.00667837,0.725123,2838.4,4.1626,F
27,1,Births,1411,0,M,0,0,0.0592755,0,0,F
28,1,HappyBirthday,59,5840.47,F,1,0.0128849,0.0746494,2406.86,6.16245,F
28,1,HappyBirthday,1046,3285,F,1,0.072739,1.35266,1.47172,23.6418,F
28,1,HappyBirthday,1382,365,M,1,0.206636,0.353629,24406.3,960.893,F
29,1,HappyBirthday,125,12410.1,M,1,0.00554375,2.14531,85.0555,1.76743,F
29,1,HappyBirthday,1307,1095,F,1,0.00536095,0.0794552,106.837,1.94383,F
30,1,HappyBirthday,512,15330.5,F,1,0.514644,0.731853,15.34,231.738,F
30,1,HappyBirthday,638,9125.95,M,1,0.0275491,4.46427,1488.97,9.15695,F
30,1,HappyBirthday,818,9490.58,F,1,0.00366671,2.23549,153.035,1.78784,F
31,1,HappyBirthday,163,23725.4,M,1,0.00979832,1.18129,54.3457,3.65871,F
32,1,HappyBirthday,170,25915.8,M,1,0.0132561,1.23344,106.512,4.64509,F
32,1,HappyBirthday,881,4380.73,F,1,0.00113414,1.73465,8.86789,0.36851,F
32,1,HappyBirthday,908,4380.49,M,1,0.000175056,0.0537556,8.60475,0.0564762,F
33,1,HappyBirthday,2,20440.5,M,1,0.152743,0.221124,0.455296,51.511,F
33,1,HappyBirthday,1308,1095,M,1,0.00402852,16.4798,185.444,1.58184,F
33,1,HappyBirthday,625,28470.3,M,1,0.12203,12.7141,7.91821,40.4485,F
34,1,HappyBirthday,1184,2190,M,1,0.00143695,0.256283,0.0242486,0.446953,F
34,1,HappyBirthday,338,4380.43,M,1,0.247204,0.692846,0.0816737,88.2523,F
34,1,HappyBirthday,1138,2555,F,1,0.80137,0.0216553,36.2694,575.105,F
34,1,HappyBirthday,1383,365,F,1,0.00472638,0.282476,31.7286,1.53536,F
36,1,HappyBirthday,320,13870.1,M,1,0.286813,1.10344,5329.13,229.384,F
36,1,HappyBirthday,1048,3285,F,1,0.0109368,2.40734,8.27968,3.46533,F
37,1,HappyBirthday,1049,3285,F,1,0.0464897,0.335135,0.00372804,14.7945,F
37,1,HappyBirthday,789,11315.2,F,1,3.23597e-05,0.207316,1.72e-05,0.0100582,F
37,1,HappyBirthday,848,8395.67,M,1,0.211593,0.192453,5953.88,85.1008,F
38,1,HappyBirthday,119,16425.5,F,1,0.616668,1.10989,13109.7,349.4,F
38,1,HappyBirthday,398,11315.9,F,1,0.41813,6.48417,892.912,195.612,F
39,1,HappyBirthday,73,4380.66,F,1,0.00170752,0.187732,16.3119,0.57515,F
39,1,HappyBirthday,1258,1460,F,1,0.020335,0.089082,1.22615,6.42547,F
40,1,HappyBirthday,122,8760.27,M,1,0.00105438,1.09636,1120.39,0.792957,F
40,1,HappyBirthday,1309,1095,M,1,0.00202313,0.0810767,78.6397,0.700303,F
40,1,HappyBirthday,1050,3285,M,1,0.0240716,0.902339,145.474,9.49169,F
40,1,HappyBirthday,660,4380.48,M,1,0.669678,0.79316,44.9625,348.326,F
40,1,HappyBirthday,731,5475.42,M,1,0.00114867,1.44907,5.32651,0.359737,F
41,1,HappyBirthday,39,17885.6,F,1,0.0048857,0.732777,305.784,2.92425,F
41,1,HappyBirthday,148,20805.7,F,1,0.129264,1.02562,2.1137,43.2252,F
41,1,HappyBirthday,1345,730,F,1,0.000267766,0.332592,15159.1,2.56,F
42,1,HappyBirthday,558,12775.6,F,1,0.0966944,3.32566,56470.6,1054.95,F
42,1,HappyBirthday,669,18615.3,F,1,0.00010759,3.84135,0.018871,0.033459,F
42,1,HappyBirthday,1384,365,F,1,0.00353483,0.496871,22.2926,1.21699,F
43,1,HappyBirthday,565,4015.26,M,1,0.00423196,0.468611,0.996709,1.32239,F
43,1,HappyBirthday,768,9490.45,M,1,0.00246594,2.78461,64.9396,0.952402,F
43,1,HappyBirthday,769,18615.1,M,1,0.00139543,0.68114,6576.68,0.548129,F
43,1,HappyBirthday,1346,730,F,1,0.0111877,1.05266,78.9791,3.8386,F
44,1,HappyBirthday,588,10950.8,M,1,0.000998358,5.07604,768.22,0.360116,F
44,1,HappyBirthday,880,6570.71,F,1,0.133458,0.250303,1351.42,248.144,F
44,1,Births,1412,0,M,0,0,0.663083,0,0,F
45,1,HappyBirthday,204,7665.55,F,1,0.20959,0.775307,793.549,273.933,F
45,1,HappyBirthday,457,12410,F,1,0.0148792,0.172218,38.797,5.56392,F
45,1,HappyBirthday,1310,1095,M,1,6.49101e-05,3.39337,11143.7,0.370617,F
45,1,HappyBirthday,840,12410.2,M,1,0.0104974,3.44752,41.5376,3.28647,F
45,1,HappyBirthday,995,17885.9,M,1,0.000233804,0.243228,1085.41,0.18196,F
46,1,HappyBirthday,72,8395.34,F,1,0.0310991,1.10098,46212.9,150.852,F
46,1,HappyBirthday,249,16425.4,F,1,1.26047e-06,0.080708,0.0382106,0.0003852,F
46,1,HappyBirthday,526,5110.94,M,1,0.00142774,8.4543,1351.82,0.569808,F
46,1,HappyBirthday,950,9855.2,M,1,0.0258696,74.0963,1983.16,8.22713,F
47,1,HappyBirthday,1186,2190,M,1,0.00229886,0.273535,0.179181,0.715784,F
47,1,HappyBirthday,328,12045.4,M,1,0.00732637,1.14882,47656.4,32.6281,F
47,1,Births,1413,0,M,0,0,0.0923069,0,0,F
48,1,HappyBirthday,45,18250.1,M,1,0.000917526,2.18456,47187.4,2.18285,F
48,1,HappyBirthday,99,6935.56,M,1,0.00252875,4.23951,231.805,0.969111,F
48,1,HappyBirthday,523,6205.24,F,1,0.64903,5.15558,71.8297,345.663,F
48,1,HappyBirthday,548,6935.63,M,1,0.208045,4.3541,0.0968331,72.4937,F
48,1,HappyBirthday,572,14600.5,F,1,0.000556039,0.183621,120.576,0.211954,F
48,1,HappyBirthday,719,6570.9,F,1,0.399052,0.528809,104.738,166.467,F
48,1,HappyBirthday,918,15695.1,F,1,0.00435421,2.43398,281.124,1.93308,F
50,1,HappyBirthday,23,9855.02,F,1,0.0535823,13.8089,1136.2,17.1172,F
51,1,HappyBirthday,1094,2920,M,1,0.00085624,0.193899,9.98831,0.278842,F
52,1,HappyBirthday,355,20805.4,F,1,0.131372,1.79015,2190.23,356.899,F
53,1,HappyBirthday,97,6570.96,F,1,0.00302917,0.0542338,1.87161,0.943274,F
53,1,HappyBirthday,201,4015.97,F,1,0.000307396,2.63149,0.190406,0.0953071,F
53,1,HappyBirthday,451,4745.92,M,1,4.38438e-05,5.81072,28.0617,0.0142312,F
53,1,HappyBirthday,594,5475.45,M,1,0.00221949,16.8745,0.136236,0.690993,F
53,1,HappyBirthday,641,12410.7,F,1,0.00189018,0.121305,1.59737,0.592998,F
53,1,HappyBirthday,1187,2190,F,1,0.0274329,0.132607,42.5775,8.69208,F
54,1,HappyBirthday,253,7300.18,M,1,0.143568,2.23272,1119.17,50.6447,F
54,1,HappyBirthday,600,12410.9,F,0,0,0.230123,0,0,F
54,1,HappyBirthday,807,6570.76,M,1,0.000702931,0.0786147,157.576,0.372258,F
55,1,HappyBirthday,479,5475.94,F,0,0,0.32994,0,0,F
55,1,HappyBirthday,1311,1095,M,1,0.00228611,0.0877763,68.1751,0.786373,F
56,1,HappyBirthday,52,8395.89,F,1,0.00100929,0.0973023,1.5605,0.313879,F
56,1,HappyBirthday,506,6205.39,M,1,0.0128862,0.211815,0.174759,4.03134,F
56,1,HappyBirthday,524,14600.2,F,1,8.67119e-07,6.34867,46.6114,0.0002834,F
56,1,Births,1414,0,M,0,0,0.106062,0,0,F
57,1,HappyBirthday,388,12410.4,M,0,0,0.0354499,0,0,F
57,1,HappyBirthday,627,17885.4,F,1,0.00272703,0.326927,14.0081,0.902141,F
57,1,HappyBirthday,1385,365,F,1,0.403274,0.0396654,11.8667,163.296,F
57,1,HappyBirthday,728,5110.03,F,1,0.000240198,0.180933,8354.45,1.55384,F
58,1,HappyBirthday,293,17885.8,F,1,0,0.22217,0,0,F
58,1,HappyBirthday,1347,730,F,1,0.236659,0.125331,0.660378,84.0218,F
59,1,HappyBirthday,87,4745.47,F,1,0.0455708,0.0617227,29.7904,15.0778,F
59,1,HappyBirthday,1348,730,M,1,1.68662e-07,0.137895,24712.4,0.00108386,F
60,1,HappyBirthday,1008,3650,M,1,0.10631,1.00975,4.15514,35.0106,F
60,1,HappyBirthday,1260,1460,F,1,0.41449,0.25749,19.0746,170.785,F
60,1,HappyBirthday,422,33215.3,M,1,9.94954e-05,0.102022,60.3129,0.0336386,F
60,1,HappyBirthday,697,6935.76,M,1,0.604523,0.574951,112.239,333.392,F
61,1,HappyBirthday,410,17155.1,F,1,0.0173446,0.153347,237.121,5.43773,F
61,1,HappyBirthday,1053,3285,M,1,0.00122827,0.526675,1892.13,3.22423,F
62,1,HappyBirthday,24,22630.2,M,1,0.000533903,1.20554,24.7772,0.173067,F
62,1,HappyBirthday,1386,365,F,1,0.0244753,1.86565,5528.48,9.04491,F
62,1,HappyBirthday,1349,730,F,1,0.100787,1.09907,5121.13,506.613,F
62,1,HappyBirthday,1188,2190,F,1,6.72344e-05,0.238917,6.23607,0.0214742,F
62,1,HappyBirthday,921,5475.9,M,1,0.0547361,2.22367,227.851,17.5804,F
63,1,HappyBirthday,1054,3285,M,1,0.00162905,0.203886,1.52224,0.509958,F
63,1,Births,1415,0,M,0,0,0.0524816,0,0,F
64,1,HappyBirthday,262,6570.42,F,1,0.836532,4.09984,5.9486,564.168,F
64,1,HappyBirthday,837,13140.3,F,1,0.0247413,0.168867,37.2612,7.86858,F
65,1,HappyBirthday,685,5475.12,M,1,0.00221075,0.266377,0.174975,0.688059,F
65,1,HappyBirthday,792,4015.84,F,1,0.327363,0.289739,436.105,164.06,F
65,1,HappyBirthday,875,5110.93,F,1,0.0093252,0.0988927,195.167,3.78342,F
65,1,HappyBirthday,1261,1460,F,1,0.00718114,3.30488,3869.08,2.49674,F
66,1,HappyBirthday,198,4745.94,M,1,0.273926,2.43076,1.83956,100.257,F
66,1,HappyBirthday,1262,1460,M,1,0.69078,5.79832,6.55362,372.349,F
66,1,HappyBirthday,1387,365,F,1,0.000854521,0.0365955,101.053,0.300926,F
66,1,HappyBirthday,901,9490.22,F,1,0.0743373,0.805792,20.4423,24.205,F
66,1,HappyBirthday,1095,2920,M,1,0.000235735,0.137922,1.75423,0.073234,F
67,1,HappyBirthday,1388,365,F,1,0.334251,0.438606,64.6028,138.504,F
68,1,HappyBirthday,121,10220.5,F,1,0.00776301,4.26258,18.191,2.42586,F
68,1,HappyBirthday,1312,1095,M,1,0.0207707,0.440919,5.12449,6.57132,F
68,1,HappyBirthday,928,29565.5,F,1,0.251864,1.64098,2.12991,90.296,F
69,1,HappyBirthday,77,5475.42,M,1,0.539551,0.0797771,7973.85,325.066,F
69,1,HappyBirthday,1141,2555,M,1,0.0190975,0.279072,2884.77,28.2693,F
69,1,HappyBirthday,1142,2555,F,1,0.200466,0.847018,8.95031,71.6529,F
70,1,HappyBirthday,1263,1460,F,1,7.84168e-05,1.50973,22900.6,0.475417,F
71,1,HappyBirthday,561,4015.39,M,1,0.00279508,0.113796,13.298,0.924255,F
71,1,HappyBirthday,1009,3650,F,1,0.00407337,0.572797,4.30531,1.27749,F
72,1,HappyBirthday,1055,3285,F,1,0.29834,1.22522,6605.87,153.883,F
72,1,HappyBirthday,439,17885.5,M,1,0.257161,6.76589,1.40733,92.8532,F
72,1,HappyBirthday,1143,2555,F,1,0.000617224,2.11294,50.4173,0.209991,F
73,1,HappyBirthday,389,9490.39,F,1,0.000997241,1.80865,47.321,0.371223,F
73,1,HappyBirthday,640,8030.91,F,1,0.103703,18.4499,2.81374,34.4217,F
73,1,HappyBirthday,675,8760.74,F,1,0.00531895,0.0528229,23.5858,1.85431,F
73,1,HappyBirthday,771,24090.8,M,1,0.0164923,5.44196,0.242211,5.17132,F
73,1,HappyBirthday,1389,365,M,1,0.123216,0.248248,11707.5,998.274,F
73,1,HappyBirthday,1189,2190,M,1,0.000390287,0.0595392,0.00359633,0.121261,F
74,1,HappyBirthday,1313,1095,M,1,0.039254,0.215892,7581.83,15.2141,F
74,1,HappyBirthday,425,28105.4,M,1,0.00025709,0.531306,13.0625,0.0810552,F
74,1,HappyBirthday,535,4380.74,F,1,0.00120293,0.601607,182.807,0.471232,F
74,1,HappyBirthday,849,4015.16,M,1,0.180716,35.6661,0.290192,61.9463,F
75,1,HappyBirthday,1314,1095,M,1,0,0.0698265,0,0,F
76,1,HappyBirthday,1390,365,M,0,0,0.00458108,0,0,F
76,1,HappyBirthday,501,23725.3,F,1,0.0955358,0.217976,117.522,35.1532,F
76,1,HappyBirthday,946,7665.25,M,1,0.000991254,9.76513,22.3898,0.31818,F
77,1,HappyBirthday,347,10220.1,M,1,0.000209083,0.0955222,0.000557,0.0650118,F
77,1,HappyBirthday,420,16425.7,M,1,0.002156,1.17227,0.1722,0.671169,F
78,1,HappyBirthday,88,9125.34,F,1,0.000649174,0.546295,84.0792,0.203322,F
78,1,HappyBirthday,1264,1460,F,1,0.00188303,9.19957,56.6823,0.615788,F
78,1,Births,1416,0,M,0,0,0.0595064,0,0,F
78,1,Births,1417,0,M,0,0,0.0158999,0,0,F
79,1,HappyBirthday,433,14235.3,F,1,0.00204627,0.727919,0.773005,0.63681,F
79,1,HappyBirthday,795,6570.67,F,1,2.72372e-06,0.165185,0.000605302,0.000842895,F
79,1,HappyBirthday,917,8395.9,M,1,0.00611229,30.0083,172.11,2.4613,F
79,1,HappyBirthday,960,4380.91,F,1,0.164947,3.97624,10.3956,56.4087,F
80,1,Births,1418,0,M,0,0,0.0553106,0,0,F
81,1,HappyBirthday,55,6570.7,F,1,0.936464,0.952366,108.914,1137.18,F
81,1,HappyBirthday,1096,2920,F,1,0,0.124443,1286.48,0,F
81,1,HappyBirthday,776,12410.3,M,1,0.000644055,0.0933464,0.30049,0.200206,F
81,1,HappyBirthday,821,28105.6,F,1,0.00731662,0.252957,19.5155,2.31322,F
82,1,HappyBirthday,432,8760.86,M,1,0.137226,0.393273,27199.8,262.674,F
82,1,HappyBirthday,839,19345.3,F,1,0.000548618,0.093207,78.4132,0.176249,F
83,1,HappyBirthday,1315,1095,M,1,0.0390818,0.155179,2.3161,12.5024,F
83,1,HappyBirthday,172,10220.7,F,1,0.000210464,9.56882,508.588,0.11335,F
85,1,HappyBirthday,137,13140,F,1,0.00805512,0.78456,500.313,3.84214,F
85,1,HappyBirthday,245,32120,F,1,0.000442344,75.1193,130.835,0.140581,F
85,1,HappyBirthday,1144,2555,F,1,0.0974982,7.26255,245.278,50.9677,F
86,1,HappyBirthday,428,29200.4,M,1,0.00187411,1.56928,11.0783,0.611527,F
86,1,HappyBirthday,549,12775.6,F,1,1.38589e-07,0.0612605,33554.5,0.0010178,F
86,1,HappyBirthday,752,32485.3,M,1,0.00447776,5.35639,0.0098916,1.39504,F
87,1,HappyBirthday,453,35040.5,F,1,0.000651254,1.20281,0.0096102,0.202458,F
87,1,HappyBirthday,472,4745.58,F,1,0.710589,0.107809,397.739,410.422,F
87,1,HappyBirthday,1350,730,F,1,0,0.0877282,275.133,0,F
89,1,HappyBirthday,1316,1095,F,1,0.319108,0.215633,2338.11,476.738,F
90,1,HappyBirthday,251,8030.33,M,1,0.00157558,0.864764,3690.51,0.811854,F
90,1,HappyBirthday,440,6205.07,M,1,0.000437436,11.416,34304.5,0.535046,F
90,1,HappyBirthday,580,7300.03,M,1,5.86372e-05,0.195694,68.2629,0.0186358,F
91,1,HappyBirthday,532,20440.9,F,1,0.019493,0.244723,76.9503,7.19324,F
91,1,HappyBirthday,1317,1095,F,1,0.00333811,0.0298002,4.62321,1.06343,F
91,1,HappyBirthday,1266,1460,M,1,0.0481407,0.794469,467.79,19.6038,F
92,1,HappyBirthday,126,17155.1,F,1,2.15045e-05,0.677574,19.8058,0.0072098,F
92,1,HappyBirthday,1267,1460,M,1,0.000796451,7.88489,27290.9,0.558071,F
94,1,HappyBirthday,540,4015.74,F,1,0.00635516,0.680169,6157.86,30.3739,F
94,1,HappyBirthday,568,24090.6,M,0,0,0.0351957,0,0,F
94,1,HappyBirthday,1058,3285,F,1,0.00394671,10.1574,6729.09,1.65746,F
94,1,HappyBirthday,1351,730,M,1,1.56944e-05,0.410356,15495.7,0.157696,F
94,1,HappyBirthday,1057,3285,M,1,0.1834,0.548828,923.858,268.087,F
95,1,HappyBirthday,350,21535.1,F,1,0.00968063,1.0108,874.137,11.8621,F
96,1,HappyBirthday,63,8030.31,F,1,0.00328955,0.61431,10.4118,1.02516,F
96,1,HappyBirthday,1190,2190,M,1,0.0461776,0.778032,12.035,14.9569,F
96,1,HappyBirthday,1318,1095,M,1,2.31654e-05,0.12447,51069.9,0.0297075,F
97,1,HappyBirthday,321,4380.89,F,1,0.0082146,0.400574,3190.5,19.8795,F
97,1,HappyBirthday,705,8760.61,F,1,0.162844,0.0903485,20.4534,58.1335,F
98,1,HappyBirthday,913,16060.8,F,1,0,1.65213,616.529,0,F
99,1,HappyBirthday,1352,730,M,1,0.000161272,1.21958,1497.79,0.306267,F
100,1,HappyBirthday,1059,3285,M,1,0.00500247,0.551665,0.00195058,1.55887,F
101,1,HappyBirthday,135,8760.13,F,1,0,7.31008,5.375,0,F
101,1,HappyBirthday,1145,2555,M,1,0.394865,7.50245,105.185,176.535,F
101,1,HappyBirthday,1353,730,F,1,0.000175711,0.318426,6.12785,0.0560848,F
101,1,HappyBirthday,693,7300.41,F,1,3.59288e-05,0.43276,420.509,0.0304722,F
102,1,HappyBirthday,310,5475.52,M,1,0.159937,0.697173,1752.5,58.165,F
102,1,HappyBirthday,376,8760.36,M,1,0.00698837,18.0698,70.9366,2.70284,F
102,1,HappyBirthday,585,11315.3,F,1,9.11241e-05,5.32746,60679,0.3886,F
102,1,HappyBirthday,975,27740,M,1,0.348052,0.10496,23.3206,136.56,F
102,1,HappyBirthday,1097,2920,F,1,0.162593,0.908354,169.504,70.8325,F
103,1,HappyBirthday,624,11680.3,F,1,0.00463231,0.208911,224.021,1.87249,F
103,1,HappyBirthday,661,6570.62,F,1,0.41853,0.145479,2.77847,169.987,F
103,1,HappyBirthday,1191,2190,M,1,0.0946334,0.21451,55746.2,1105.42,F
104,1,HappyBirthday,1391,365,F,1,0.057927,0.33965,12348.4,508.688,F
104,1,HappyBirthday,244,22630.3,F,1,0.00269431,0.280705,2.17438,0.840159,F
104,1,HappyBirthday,1354,730,M,1,0.0716885,0.0395538,5585.13,24.7359,F
104,1,HappyBirthday,662,4380.81,F,1,0.00511147,0.472487,13638.2,22.2439,F
104,1,Births,1419,0,F,0,0,0.163064,0,0,F
105,1,HappyBirthday,131,20805.2,F,0,0,0.0188617,0,0,F
106,1,HappyBirthday,331,18250.3,F,1,0.614391,2.53454,14189.6,762.204,F
106,1,HappyBirthday,630,17155.8,F,1,0.00285721,1.23455,5.54746,0.889817,F
106,1,HappyBirthday,811,10220.9,M,1,0.0589466,0.0829854,7.48917,19.0945,F
106,1,HappyBirthday,884,12045.4,M,1,0.00120301,1.08944,16118.1,1.01386,F
106,1,Births,1420,0,M,0,0,0.00247817,0,0,F
106,1,Births,1421,0,M,0,0,0.00173794,0,0,F
107,1,HappyBirthday,1355,730,F,0,0,0.0289496,0,0,F
107,1,HappyBirthday,1098,2920,M,1,0.14191,0.252676,14741.6,189.019,F
107,1,HappyBirthday,953,6205.73,F,1,0.0684947,1.35054,6.73175,22.5602,F
108,1,HappyBirthday,102,17155.4,F,1,0.00146506,0.117465,12.6922,0.481634,F
108,1,HappyBirthday,192,14600.4,M,1,0.0269601,0.704725,12.8353,8.90031,F
108,1,HappyBirthday,520,13870.7,F,1,0.0917313,1.97955,2.67351,29.9169,F
108,1,HappyBirthday,667,6570.23,M,1,0.000256527,0.246597,60.8247,0.0855881,F
109,1,HappyBirthday,1319,1095,F,1,0.000401196,0.141653,0,0.124636,F
109,1,HappyBirthday,273,19345.7,M,1,0.0158512,3.77314,1956.99,5.42653,F
109,1,HappyBirthday,861,23725.4,M,1,0.202754,1.06273,777.336,259.335,F
109,1,Births,1422,0,F,0,0,0.00900001,0,0,F
110,1,HappyBirthday,505,5475.94,M,1,0.176059,3.60419,0.11618,60.1932,F
110,1,HappyBirthday,521,5475.25,F,1,0.0972356,6.3034,48.0104,33.8787,F
110,1,HappyBirthday,613,21170.1,F,1,0.000326787,0.0292599,480.344,0.119829,F
110,1,HappyBirthday,746,5110.76,M,1,0.000102977,1.01929,17.5709,0.0328005,F
111,1,HappyBirthday,14,5110.71,M,1,0.213807,2.66339,10.2324,76.0482,F
111,1,HappyBirthday,698,6205.83,M,1,0.0826828,2.18069,317.619,32.8774,F
112,1,HappyBirthday,1356,730,F,1,0.0482501,1.18924,955.985,15.6892,F
113,1,HappyBirthday,1320,1095,F,1,1.90873e-05,1.51863,105893,0.288317,F
113,1,HappyBirthday,683,28105.2,F,0,0,0.020728,0,0,F
114,1,HappyBirthday,162,8395.08,M,1,0.0621461,0.530327,16.6464,20.4418,F
114,1,HappyBirthday,239,4745.16,M,1,0.836916,0.713941,1221.48,818.727,F
114,1,HappyBirthday,1100,2920,M,1,0.00175278,0.637312,66.5909,0.596997,F
114,1,HappyBirthday,650,11680.7,F,1,0.0421538,5.63484,8.67577,13.3853,F
114,1,HappyBirthday,1226,1825,F,1,0.00203887,0.954786,0.0504253,0.63418,F
115,1,HappyBirthday,113,17520.9,M,1,0.00280847,0.216239,3.12849,0.874121,F
115,1,HappyBirthday,303,7300.11,M,1,0.0791615,1.19801,681.234,31.4751,F
115,1,HappyBirthday,323,19710.3,M,1,0.150254,0.130562,1568.38,79.0372,F
115,1,HappyBirthday,602,14965.4,F,1,0.0474647,4.36204,57.0944,16.0106,F
115,1,HappyBirthday,691,16060.7,F,1,0.0182308,0.23536,95.0444,6.504,F
116,1,HappyBirthday,295,21170.4,F,1,0.0151123,2.56976,1255.6,5.05553,F
117,1,HappyBirthday,1011,3650,F,1,0.58627,0.243211,3877.47,449.048,F
118,1,HappyBirthday,967,20075.9,M,1,0.0267751,2.58951,54.4974,9.0917,F
119,1,HappyBirthday,622,12045,M,1,0.000500119,0.458473,7.51219,0.160471,F
120,1,HappyBirthday,337,8760.16,F,1,0.171177,0.458962,85.6229,65.7926,F
120,1,HappyBirthday,609,5840.03,M,1,0.148928,0.904069,66640.5,577.149,F
120,1,HappyBirthday,785,22265.2,M,1,9.10186e-05,1.36058,27185.5,0.264374,F
120,1,HappyBirthday,856,12410.9,F,1,0.000970384,0.973528,72.1003,0.376587,F
121,1,HappyBirthday,160,18250.7,F,1,0.049308,0.18175,46.9391,18.9382,F
121,1,HappyBirthday,1060,3285,F,0,0,0.0450614,0,0,F
121,1,HappyBirthday,475,15330.6,F,1,0.157906,0.332553,2.25317,53.7962,F
122,1,HappyBirthday,212,7300.34,M,1,0.0609984,3.70787,29.4625,21.9502,F
123,1,HappyBirthday,108,25915.7,M,1,0.0298511,0.593477,852.519,34.9361,F
124,1,HappyBirthday,1321,1095,M,1,0.00802143,0.105745,5.30877,2.52157,F
125,1,HappyBirthday,406,7665.82,F,1,0.00454491,1.69324,996.558,3.46556,F
125,1,HappyBirthday,1061,3285,M,1,0.100856,0.378688,0.703344,33.0508,F
125,1,HappyBirthday,706,9855.79,F,1,0.0390611,3.67628,23.6865,13.8559,F
125,1,HappyBirthday,737,4745.56,F,1,4.53839e-05,0.0925716,0.00860302,0.0141243,F
125,1,HappyBirthday,872,13870.2,F,1,0.221641,18.5261,105.373,85.1575,F
126,1,HappyBirthday,1322,1095,M,1,0.170759,0.137249,25508.3,123.741,F
127,1,HappyBirthday,112,18250.8,F,1,0.0642616,0.402869,14.9298,20.6476,F
127,1,HappyBirthday,259,4380.97,M,1,0.000458187,0.0702115,0.024788,0.14255,F
127,1,HappyBirthday,308,6205.75,F,1,0.0341866,0.0566531,47.9962,12.6534,F
127,1,HappyBirthday,781,22265.5,M,1,0.00061283,0.104568,0.0001338,0.190488,F
128,1,HappyBirthday,98,5840.48,F,1,0.00779879,0.0917662,253.074,2.67868,F
128,1,HappyBirthday,1062,3285,F,1,0.129579,0.549415,1013.28,43.6609,F
128,1,HappyBirthday,1192,2190,M,1,0.905764,1.69757,343.609,825.505,F
128,1,HappyBirthday,207,9855.97,M,1,0.000136559,3.08413,413.299,0.046085,F
128,1,HappyBirthday,618,12410,F,1,0.000210108,1.51073,44736.5,0.311373,F
129,1,HappyBirthday,169,16060,M,1,0.0554061,0.208304,0.726977,17.7166,F
129,1,HappyBirthday,229,8760.56,M,1,0.106837,0.905321,0.295679,35.1134,F
129,1,HappyBirthday,297,9855.68,F,1,0.000950346,1.05795,37.6342,0.307911,F
130,1,HappyBirthday,1392,365,F,1,0.0130154,1.66306,157671,120.546,F
130,1,HappyBirthday,834,15330.9,M,1,0.000889539,2.75826,4411.89,3.32758,F
131,1,HappyBirthday,851,16060.4,F,1,1.75946e-07,0.141408,40884.2,0.0014542,F
131,1,HappyBirthday,919,24455.3,M,1,0.00652719,0.237476,48.5256,2.11547,F
132,1,HappyBirthday,171,16790.8,F,0,0,0.0173655,0,0,F
132,1,HappyBirthday,740,8395.84,F,1,0.000995677,0.387991,13.7344,0.315635,F
133,1,HappyBirthday,173,4380.3,M,0,0,0.015021,0,0,F
133,1,HappyBirthday,883,8030.98,M,1,0.415512,2.09369,257.007,323.805,F
133,1,HappyBirthday,973,5110.17,M,1,0.00201626,1.15997,45.8688,0.629905,F
134,1,HappyBirthday,1227,1825,F,1,0.000151269,0.0368063,38429.1,0.191955,F
134,1,HappyBirthday,455,11315.2,F,1,0.144652,0.0232351,38.9084,49.1916,F
134,1,HappyBirthday,599,6935.7,M,1,0.0379969,2.05774,0.421657,12.0602,F
135,1,HappyBirthday,1323,1095,M,1,0.133571,0.302585,23772.9,868.95,F
136,1,HappyBirthday,1103,2920,F,1,0.0246049,0.817534,3295.21,8.91851,F
136,1,HappyBirthday,185,9125.8,F,1,0.0145806,0.07904,6.17008,4.60767,F
136,1,HappyBirthday,486,5475.43,F,1,4.93986e-05,2.78029,8482.1,0.155547,F
137,1,HappyBirthday,25,24820.7,M,0,0,0.0589002,0,0,F
137,1,HappyBirthday,124,11315.8,F,1,0.0013748,0.172361,0.686151,0.42781,F
138,1,Births,1423,0,F,0,0,0.139982,0,0,F
139,1,HappyBirthday,92,13140.4,M,1,0.0278367,1.19375,5845.98,89.8036,F
139,1,HappyBirthday,340,6205.51,F,1,0.00116456,1.33033,159.047,0.362241,F
139,1,HappyBirthday,1104,2920,M,1,0.000549889,0.169967,416.168,0.430005,F
139,1,HappyBirthday,467,4380.71,F,1,0.729573,4.09238,18.3017,406.938,F
139,1,HappyBirthday,682,22265.5,M,1,1.67736e-05,0.0808675,364.722,0.0138102,F
140,1,HappyBirthday,445,5475.68,M,1,0.000780632,0.563136,2.55151,0.244909,F
140,1,HappyBirthday,670,13505.8,F,1,0.00224435,0.490695,1025.93,1.77144,F
141,1,HappyBirthday,1013,3650,F,1,5.15595e-05,0.78423,158.484,0.0265121,F
141,1,HappyBirthday,1228,1825,M,1,0.00305903,0.375582,10.8005,0.997787,F
142,1,HappyBirthday,1064,3285,F,1,0.0134828,0.183683,0.784448,4.23237,F
142,1,HappyBirthday,1324,1095,M,1,0.0019533,0.241825,223.596,0.800312,F
143,1,HappyBirthday,423,4380.73,M,1,0.0014042,0.266463,527.492,0.461401,F
143,1,HappyBirthday,434,16790.1,F,1,0.0425975,0.364383,32.6568,13.5539,F
143,1,HappyBirthday,1107,2920,F,1,0.00457601,0.215461,62.2343,1.6267,F
144,1,HappyBirthday,1357,730,F,1,0.0294741,0.0868475,116.23,10.9772,F
144,1,HappyBirthday,430,32120.4,M,1,0.215523,0.918199,1009.37,304.784,F
144,1,HappyBirthday,1325,1095,M,0,0,0.0284377,0,0,F
144,1,HappyBirthday,1326,1095,M,1,0.130048,0.420543,4161.49,87.4293,F
145,1,HappyBirthday,109,4380.19,M,1,0.00219452,5.43341,0.404436,0.683339,F
145,1,HappyBirthday,132,6570.41,M,1,0.333371,0.228249,4.04581,126.243,F
145,1,HappyBirthday,801,6570.1,F,1,6.10792e-05,10.6065,3946.46,0.241646,F
145,1,HappyBirthday,1270,1460,M,1,0.0159954,0.813175,36.7028,5.81995,F
146,1,HappyBirthday,344,26280.6,F,1,0.000883356,1.39741,628.361,0.311373,F
146,1,HappyBirthday,1229,1825,M,1,0.0156888,1.25896,52855.8,61.4785,F
147,1,HappyBirthday,133,5110.84,F,1,0.000280557,0.341723,8.01961,0.0900559,F
147,1,HappyBirthday,1148,2555,M,1,0.0726899,0.164405,28.6567,23.6191,F
147,1,HappyBirthday,1230,1825,M,1,0.867375,0.389374,66.4076,687.401,F
148,1,HappyBirthday,1193,2190,F,1,0.00190964,1.03854,140.961,0.714971,F
148,1,HappyBirthday,493,12045.8,F,1,0.0027959,2.11633,62.1824,0.952153,F
148,1,HappyBirthday,656,9125.04,M,1,0.000398412,0.867859,1631.78,0.412826,F
148,1,HappyBirthday,1014,3650,F,1,0.00280787,0.176738,28154.8,18.7178,F
148,1,HappyBirthday,808,13505,M,1,0.156222,0.643645,470.782,54.1761,F
148,1,HappyBirthday,916,6935.06,F,1,0.244126,0.309608,4247.7,87.358,F
149,1,HappyBirthday,32,5110.94,M,1,0.00665258,1.87474,7.69243,2.15221,F
149,1,HappyBirthday,66,27375,M,1,0.68822,0.0870206,147.559,557.946,F
149,1,HappyBirthday,351,8760.04,F,1,0.0211498,345.163,1506.65,20.1177,F
149,1,Births,1424,0,F,0,0,0.024022,0,0,F
150,1,HappyBirthday,290,9490.11,F,1,0.111668,3.4665,11473.6,209.66,F
150,1,HappyBirthday,1327,1095,F,1,0.746896,0.051432,2186.15,1738.36,F
151,1,HappyBirthday,1358,730,M,1,0.00261023,0.704657,22344.2,1.42648,F
151,1,HappyBirthday,1232,1825,F,1,0.000834194,2.19012,416.879,0.657247,F
151,1,HappyBirthday,551,10950.6,M,1,0.566144,4.20967,427.464,282.85,F
151,1,HappyBirthday,1231,1825,M,1,0.513686,5.69162,408.303,352.071,F
152,1,HappyBirthday,271,6570.61,F,1,0.00301251,1.29378,172.731,1.0708,F
152,1,HappyBirthday,888,4015.92,M,1,0.0186917,6.97799,14406.3,10.124,F
153,1,HappyBirthday,404,8395.27,M,1,0.00204316,4.41266,5.16922,0.636062,F
154,1,HappyBirthday,265,27740.8,M,1,0.19622,0.968218,111.1,78.388,F
154,1,HappyBirthday,559,22265.8,M,1,0.0165416,3.75323,0.39993,5.18442,F
154,1,HappyBirthday,1271,1460,F,1,0.165845,0.165553,64.3185,57.4797,F
155,1,HappyBirthday,21,11315,F,1,0,0.537473,0,0,F
155,1,HappyBirthday,1016,3650,M,1,0.0636162,0.710909,313.718,44.1239,F
155,1,HappyBirthday,1328,1095,F,1,0.568933,0.129381,433.908,272.142,F
155,1,HappyBirthday,766,6205.02,M,1,0.147442,0.607815,1.42064,49.5862,F
156,1,HappyBirthday,1273,1460,M,1,0.139812,0.645526,19394.8,387.728,F
156,1,HappyBirthday,1065,3285,F,1,0.564316,2.82811,650.291,262.251,F
156,1,HappyBirthday,1272,1460,M,1,0.0426045,0.280235,599.747,42.3138,F
157,1,HappyBirthday,469,9490.92,M,1,0.176061,0.493055,2127.29,67.9115,F
158,1,HappyBirthday,1194,2190,M,1,0.174481,0.0609262,6581.11,1067.1,F
158,1,HappyBirthday,1108,2920,M,1,0.141112,1.41433,74.5593,47.6173,F
158,1,HappyBirthday,1234,1825,M,1,0.618739,0.529232,74.0016,325.342,F
159,1,HappyBirthday,956,16060.5,M,1,0.00225203,0.0896405,2832.02,3.28933,F
160,1,HappyBirthday,84,22630,M,1,0.0521536,9.40325,33.0862,17.3989,F
160,1,HappyBirthday,896,12775.2,F,1,0.013076,0.556709,20.576,4.47415,F
161,1,HappyBirthday,545,10220.5,F,1,0.0102631,2.83821,124.632,4.75187,F
161,1,HappyBirthday,1274,1460,F,1,0.0145822,0.0772761,245.735,9.35063,F
162,1,HappyBirthday,187,9855.81,F,1,0.119156,1.49846,17.4878,41.1619,F
162,1,HappyBirthday,1393,365,F,1,0.413105,0.0535718,17702.3,664.899,F
163,1,HappyBirthday,876,4380.56,F,1,0.0555379,0.657779,0.227599,17.7568,F
164,1,HappyBirthday,53,5110.51,M,1,0.00317993,2.96977,17.373,1.07565,F
164,1,HappyBirthday,194,6935.87,F,1,0.858102,0.747439,62.0832,650.633,F
164,1,HappyBirthday,380,20075.4,M,1,5.96074e-05,16.0968,7778.42,0.0983964,F
164,1,HappyBirthday,813,17885.6,M,1,0.00107393,0.379419,0.0001156,0.333909,F
165,1,HappyBirthday,341,30295,F,1,0.0751553,1.73279,758.369,50.3306,F
165,1,HappyBirthday,485,17885.3,F,1,0.000499536,0.371289,943.397,0.19087,F
165,1,HappyBirthday,878,27010.4,F,1,0.0176874,1.02394,2569.44,6.29948,F
166,1,HappyBirthday,763,8030.75,F,1,0.233941,5.39789,1191.03,83.4427,F
166,1,HappyBirthday,939,10585.1,F,1,3.16633e-05,2.44966,0.542721,0.009858,F
167,1,HappyBirthday,1149,2555,M,1,0.00424472,0.248714,1.9562,1.32227,F
167,1,HappyBirthday,1235,1825,F,1,0.000444898,0.770498,34.551,0.146749,F
168,1,HappyBirthday,1150,2555,F,1,0.00698544,1.18973,4.15049,2.20667,F
168,1,HappyBirthday,218,9490.93,F,1,0.0347073,0.144598,244.268,20.8521,F
168,1,HappyBirthday,409,4745.2,F,1,0.401685,0.689843,1.9202,159.877,F
168,1,HappyBirthday,1195,2190,F,1,0.761869,0.108686,426.602,700.73,F
168,1,HappyBirthday,911,30295.1,F,1,0.00296403,2.48102,37.3115,1.02982,F
169,1,HappyBirthday,8,4745.94,F,1,0.0728008,0.111842,1213.84,93.7849,F
169,1,HappyBirthday,128,5475.54,M,1,0.0289193,2.82693,2861,12.0803,F
169,1,HappyBirthday,842,17520.2,M,1,0.0019044,0.196607,3565.96,1.71173,F
169,1,HappyBirthday,1275,1460,F,1,0.0158454,0.684227,22.3086,5.08014,F
170,1,HappyBirthday,15,25550.7,M,1,0.00372863,2.78366,0.926076,1.16602,F
171,1,HappyBirthday,7,6570.94,F,1,0.0211555,5.25886,30.2188,6.98495,F
171,1,HappyBirthday,17,27375.2,F,1,0.00402181,0.207765,2.38452,1.25535,F
171,1,HappyBirthday,358,13870.9,F,1,0.255248,0.048432,67.8288,99.061,F
171,1,HappyBirthday,1109,2920,F,1,0.000763804,9.3418,0.555174,0.237719,F
171,1,HappyBirthday,707,4745.42,M,1,0.00366714,9.08434,48.4767,1.37956,F
172,1,HappyBirthday,1329,1095,M,1,0.00354067,0.0512171,0.105317,1.10276,F
172,1,HappyBirthday,1276,1460,F,1,0.753801,0.740605,58.5838,468.267,F
172,1,HappyBirthday,1236,1825,M,1,0.0121737,2.12361,32.6452,4.00089,F
172,1,HappyBirthday,592,10950.3,M,1,0.0961502,10.9387,7329.96,62.4732,F
172,1,HappyBirthday,621,8760.36,M,1,0.00167502,2.14139,15.6319,0.554521,F
173,1,HappyBirthday,349,8395.05,F,1,0.0219197,0.160768,2.42144,6.89025,F
173,1,HappyBirthday,555,17155.8,M,1,0.000120615,0.131135,3.63068,0.0377118,F
173,1,HappyBirthday,1278,1460,M,1,0.00279935,0.454682,127.196,1.06319,F
174,1,HappyBirthday,294,8395.32,F,0,0,0.0149175,0,0,F
174,1,HappyBirthday,986,6205.94,M,1,0.0342421,0.0880115,9.64448,11.2448,F
175,1,HappyBirthday,1066,3285,M,1,0.154699,2.5194,59.507,57.1562,F
175,1,HappyBirthday,471,21535.1,M,1,0.060161,15.6283,14.2697,19.7548,F
175,1,HappyBirthday,738,8760.05,M,1,0.0115959,4.41588,13118.2,7.06472,F
176,1,HappyBirthday,18,16425.7,F,1,0.029708,0.252183,862.383,40.2003,F
176,1,HappyBirthday,653,11315.4,F,1,0.00614332,4.6489,2.16957,1.92821,F
177,1,HappyBirthday,655,8760.98,M,1,0.0501814,1.31349,2.51415,16.2008,F
177,1,HappyBirthday,871,21535.7,M,1,0.0661483,8.63438,102.321,22.969,F
178,1,HappyBirthday,141,9490.91,M,1,0.0565577,3.44205,55.3554,21.3149,F
178,1,HappyBirthday,164,9125.19,M,1,0.149057,0.0977331,1263.22,280.298,F
178,1,HappyBirthday,167,4380.62,M,1,0.254531,1.42003,179.962,121.932,F
178,1,HappyBirthday,1359,730,F,1,0.0376526,0.339614,36403.4,50.2987,F
178,1,HappyBirthday,1067,3285,F,1,5.60563e-05,0.275426,0.323339,0.0174605,F
179,1,HappyBirthday,85,5110.74,M,1,0.0126092,0.290446,0.213542,3.94752,F
179,1,HappyBirthday,168,13505.2,M,1,0.253567,0.241297,54.9657,97.8486,F
179,1,HappyBirthday,232,5840.98,M,1,0.0747644,3.78843,0.161371,24.1551,F
179,1,HappyBirthday,747,8030.34,M,1,0.274588,6.40586,1.11907,99.8676,F
180,1,HappyBirthday,614,6935.42,M,1,0.00291976,1.32548,184.587,1.36373,F
180,1,HappyBirthday,865,12775.2,M,1,0.0142969,1.45347,72.4619,4.73676,F
180,1,HappyBirthday,870,4380.03,M,1,0.0301124,1.29617,29543.9,69.378,F
181,1,HappyBirthday,4,36135,M,1,0.00234665,1.63777,20.1067,0.731366,F
181,1,HappyBirthday,314,8030.5,F,1,0.00765691,0.304679,1130.09,3.03095,F
181,1,HappyBirthday,421,6935.78,M,1,0.232701,0.699717,2014.56,280.34,F
181,1,HappyBirthday,1330,1095,F,1,0.109124,0.261197,2162.99,46.3015,F
181,1,HappyBirthday,867,4380.29,F,1,0.12969,1.12514,5377.53,58.8599,F
181,1,HappyBirthday,1196,2190,M,1,0.00609684,0.400437,3241.77,10.3306,F
182,1,HappyBirthday,147,7300.34,F,1,0.00221865,2.29385,0.501715,0.690502,F
182,1,HappyBirthday,542,16060.4,F,1,0.00561373,0.129065,38.2837,2.01054,F
182,1,HappyBirthday,826,8395.31,F,1,0.000769476,0.0559282,0.0939234,0.23936,F
183,1,HappyBirthday,1238,1825,F,1,0.00298918,0.498515,1.29043,0.9302,F
183,1,HappyBirthday,835,4015.34,F,1,0.164897,6.56633,2218.76,56.0882,F
184,1,HappyBirthday,598,30295.8,F,1,0.00101382,0.941888,15.9564,0.34056,F
184,1,HappyBirthday,979,9125.16,M,1,0.122831,0.552287,2395.07,43.4009,F
185,1,HappyBirthday,1394,365,F,1,0.438037,0.0590079,1338.42,943.786,F
185,1,HappyBirthday,332,6205.23,F,1,0.00116464,0.916253,0.00670987,0.362118,F
185,1,HappyBirthday,343,20440,F,1,0.0446034,0.128792,2516.97,28.1523,F
185,1,HappyBirthday,1113,2920,M,1,0.731485,0.0553859,54.366,451.764,F
185,1,HappyBirthday,531,11680.2,F,1,0.0229866,4.27521,20.7147,7.25845,F
185,1,Births,1425,0,M,0,0,0.252853,0,0,F
186,1,HappyBirthday,69,8030.08,F,1,0.00285559,0.420575,130.082,0.894947,F
186,1,HappyBirthday,1197,2190,F,1,0.00777931,0.166384,0.0326466,2.42759,F
186,1,HappyBirthday,537,15330,M,1,0.0208697,0.0630846,0.0468648,6.55591,F
186,1,HappyBirthday,1151,2555,F,1,0,0.211927,17.6992,0,F
188,1,HappyBirthday,1239,1825,M,1,0.0513687,0.198283,23647.1,36.2786,F
188,1,HappyBirthday,1198,2190,M,1,0.00122722,0.111413,33342.6,1.51676,F
189,1,HappyBirthday,1361,730,M,1,0.0011578,0.0147535,0.0657774,0.360007,F
189,1,HappyBirthday,941,6935.43,F,1,0.485096,0.779491,11.3081,214.562,F
190,1,HappyBirthday,152,35040.6,M,1,0.0790688,2.28089,23.6443,25.622,F
190,1,HappyBirthday,234,8760.74,M,1,0.221451,14.7113,35.4757,88.6069,F
190,1,HappyBirthday,312,5110.29,F,1,0.00267264,9.49963,22392.4,2.46844,F
190,1,HappyBirthday,1279,1460,F,1,0.0216407,0.0647551,40.712,7.27601,F
190,1,HappyBirthday,761,7665.38,M,1,0.239884,2.36337,2184.7,106.096,F
191,1,HappyBirthday,1280,1460,M,1,0.0214152,4.41544,26.6399,7.56944,F
191,1,HappyBirthday,444,6205.35,M,1,0.000482361,0.18457,100.839,0.171468,F
191,1,HappyBirthday,1114,2920,F,1,0.000473794,2.06055,1721.43,1.1131,F
191,1,HappyBirthday,887,8030.42,M,1,0.000246177,1.00209,2728.41,0.0886902,F
191,1,HappyBirthday,982,8760.94,M,1,0.457919,0.410681,2881.82,300.635,F
192,1,HappyBirthday,1362,730,F,1,0.000951667,0.178295,92.6501,0.353533,F
192,1,HappyBirthday,416,4015.42,M,1,5.56593e-06,0.381033,1.14338,0.00174307,F
192,1,HappyBirthday,759,9855.19,M,1,0.67929,0.678977,4.45513,354.774,F
193,1,HappyBirthday,1363,730,F,1,0.00502258,0.14066,12.2408,1.57485,F
193,1,HappyBirthday,779,4745.11,M,1,0.00257549,1.60323,102.722,0.805156,F
194,1,HappyBirthday,103,8030.34,F,1,0.000392971,13.6306,19.7358,0.125614,F
194,1,HappyBirthday,1331,1095,M,1,0.00128968,0.298233,136.418,0.470182,F
195,1,HappyBirthday,1395,365,F,1,0.938973,0.0840973,13.1986,874.193,F
195,1,HappyBirthday,1068,3285,M,1,0.0212279,1.47562,416.357,18.0961,F
195,1,HappyBirthday,874,6935.53,F,1,0.00270181,0.0714449,0.381199,0.841387,F
196,1,HappyBirthday,1199,2190,F,1,0.553336,0.0183283,1635.38,286.583,F
196,1,HappyBirthday,1281,1460,F,1,0.0141217,0.272433,2.13638,4.4207,F
196,1,HappyBirthday,606,4015.46,M,1,0.152987,0.396487,456.61,51.6959,F
196,1,HappyBirthday,853,13140.5,F,1,0.070684,0.37271,235.542,41.835,F
197,1,HappyBirthday,1069,3285,M,1,0.00305551,0.596578,36863.4,3.84613,F
197,1,HappyBirthday,397,11315.9,M,1,0.00510173,0.579273,6.38761,1.59112,F
197,1,HappyBirthday,1396,365,M,1,0.00418016,0.0963675,149.097,1.60806,F
197,1,HappyBirthday,1332,1095,F,1,0.0266484,3.62715,230.759,14.2798,F
198,1,HappyBirthday,203,6570.26,F,1,0.000248951,4.27744,5.36666,0.0783621,F
198,1,HappyBirthday,266,30295.7,M,1,0.070949,3.21721,82.6996,26.5071,F
198,1,HappyBirthday,281,5840.23,F,1,0.00294954,1.05294,45103.9,26.3045,F
198,1,HappyBirthday,1070,3285,M,1,0.666264,0.508491,38.3208,379.126,F
198,1,HappyBirthday,1115,2920,M,0,0,0.0325392,0,0,F
198,1,HappyBirthday,845,26645.2,F,1,0.000836862,15.1027,40.5166,0.272736,F
199,1,HappyBirthday,1117,2920,M,1,0.000638405,0.16852,415.435,0.49843,F
200,1,HappyBirthday,35,5110.01,F,1,0.02137,0.304475,2849.54,7.22604,F
201,1,HappyBirthday,177,20440.6,F,1,0.022728,1.15772,37.1633,8.2601,F
202,1,HappyBirthday,181,7665.29,M,1,0.00977249,3.28689,12687.4,5.17796,F
202,1,HappyBirthday,215,5110.62,M,1,0.000243451,0.298315,45.15,0.0923698,F
202,1,HappyBirthday,560,11315.6,M,1,0.676265,0.119295,2.17377,350.788,F
202,1,HappyBirthday,688,14235.7,M,1,0.523948,1.15822,44.2633,281.933,F
202,1,HappyBirthday,943,5110.66,F,1,0.664105,0.317558,33.084,352.574,F
203,1,HappyBirthday,42,8395.22,F,1,0.0212337,0.407657,1936.25,9.31488,F
203,1,HappyBirthday,1071,3285,F,1,0.136081,1.82065,3558.78,236.355,F
203,1,HappyBirthday,330,6935.56,F,1,0.00770845,0.721742,907.592,10.0242,F
203,1,HappyBirthday,361,5110.04,F,1,0.0202446,1.85338,23.6093,6.3629,F
203,1,HappyBirthday,1364,730,M,1,0.214958,0.0232524,7067.49,1348.09,F
204,1,HappyBirthday,563,7665.96,M,1,3.25279e-06,15.4184,2919.11,0.0101542,F
204,1,HappyBirthday,962,5840.67,M,1,0.00923805,2.8161,10.5289,2.88484,F
205,1,HappyBirthday,793,14600.9,M,1,0.00551414,0.445419,50.2511,1.88213,F
205,1,HappyBirthday,1333,1095,F,1,0.0826569,0.0293443,114.419,32.1136,F
205,1,Births,1426,0,M,0,0,0.0681139,0,0,F
206,1,HappyBirthday,322,27010,M,1,0.105549,2.51962,78.3743,38.5117,F
206,1,HappyBirthday,500,6935.42,M,1,0.000656706,4.19362,2080.74,0.295552,F
206,1,HappyBirthday,577,25915.5,F,1,0.000267439,0.36336,3.47346,0.0833798,F
207,1,HappyBirthday,1397,365,F,1,0.00341305,0.0344532,61.4723,1.25959,F
208,1,HappyBirthday,1398,365,F,1,0.342768,0.797827,1262.84,379.198,F
208,1,HappyBirthday,816,21900.7,M,1,0.0121806,0.49793,1762.13,4.05805,F
208,1,Births,1427,0,M,0,0,0.0130017,0,0,F
209,1,HappyBirthday,166,18250.5,M,0,0,0.00958021,0,0,F
209,1,HappyBirthday,465,5840.18,M,1,0.0453205,2.99116,3811.29,132.639,F
211,1,HappyBirthday,1021,3650,F,1,0.000231349,3.05413,349.003,0.114416,F
211,1,HappyBirthday,211,9125.72,M,1,0.00040461,2.57332,0.054477,0.125732,F
211,1,HappyBirthday,429,8395.88,M,1,0.00403657,1.76097,211.257,1.29847,F
212,1,HappyBirthday,513,11315.1,F,1,0.0198844,0.943821,593.446,9.51066,F
212,1,HappyBirthday,907,9855.38,F,1,0.0707344,5.87174,15.463,23.4136,F
213,1,HappyBirthday,1072,3285,M,1,0.489838,0.310203,3570.18,376.039,F
213,1,HappyBirthday,373,20075.5,F,1,0.00012489,0.261794,154.96,0.065253,F
213,1,HappyBirthday,619,5840.23,M,1,0.0091458,1.95508,281.093,3.03439,F
213,1,HappyBirthday,700,19710.9,F,1,0.683353,60.03,728.224,532.646,F
213,1,HappyBirthday,984,12410.5,F,1,0.000331936,4.7354,17.0023,0.103457,F
214,1,HappyBirthday,626,8395.03,F,1,0.0190666,2.9765,19.615,6.00089,F
214,1,HappyBirthday,810,4745.82,M,1,0.00883719,0.0712528,1775.8,3.4594,F
214,1,HappyBirthday,1242,1825,M,1,0.000487031,2.28847,11208.8,3.87187,F
215,1,HappyBirthday,107,33580,F,1,0.155023,0.100704,1448.92,350.309,F
215,1,HappyBirthday,1153,2555,M,1,0.00226831,4.93971,17.2596,0.722509,F
215,1,HappyBirthday,955,9125,F,1,0.000434715,4.90119,61.7268,0.147077,F
216,1,HappyBirthday,252,10585.5,F,1,0.0008878,0.490545,33420.9,6.51786,F
216,1,HappyBirthday,666,4380.8,F,1,0.00816358,0.256986,45.6796,2.68582,F
216,1,HappyBirthday,744,9855.64,M,1,0.000231616,0.155134,0.0303486,0.0719928,F
216,1,HappyBirthday,910,7300.32,M,1,0.00318426,0.511659,20.0835,1.02509,F
217,1,HappyBirthday,1200,2190,F,1,0.00888987,1.00054,145.75,4.43856,F
218,1,HappyBirthday,34,30660.1,M,1,4.97698e-05,1.8128,3834.57,0.0565286,F
218,1,HappyBirthday,464,5840.93,F,1,0.00445754,0.145454,0.15573,1.3889,F
219,1,HappyBirthday,105,24455,M,1,0.0591789,0.778729,125.096,19.1231,F
219,1,HappyBirthday,200,18250.9,F,1,0.00317677,0.34769,0.0051066,0.989063,F
219,1,HappyBirthday,342,11315.9,F,1,0.217594,0.0423477,29482.6,1704.4,F
219,1,HappyBirthday,1023,3650,F,1,0.172995,2.06931,1519.68,59.4723,F
219,1,HappyBirthday,974,10585.1,M,1,0.00366061,44.8431,37.7908,1.20359,F
221,1,HappyBirthday,256,5840.66,M,1,0.00466004,2.76256,486.05,1.54064,F
221,1,HappyBirthday,1243,1825,M,1,0.026931,0.606481,34.8917,8.49421,F
222,1,HappyBirthday,31,20440.3,F,1,0.232479,14.9765,63.3625,92.6259,F
222,1,HappyBirthday,307,7665.3,M,1,0.583029,0.220878,289.763,376.436,F
223,1,HappyBirthday,690,9125.77,M,1,0.00744382,1.8159,18.922,2.54447,F
223,1,HappyBirthday,924,4745.23,F,1,5.27692e-05,0.501134,24.7749,0.0164908,F
223,1,HappyBirthday,1334,1095,M,1,0.000358039,0.242433,18157.6,0.748273,F
223,1,HappyBirthday,942,13870.7,F,0,0,0.0343249,0,0,F
224,1,HappyBirthday,1118,2920,M,1,0.000920193,0.497881,237.271,0.388975,F
224,1,HappyBirthday,1119,2920,F,1,0.00267825,0.0288552,140.669,1.04314,F
224,1,Births,1428,0,F,0,0,0.155179,0,0,F
225,1,HappyBirthday,62,7665.03,M,1,0.0109545,0.719797,0.0004302,3.42341,F
225,1,HappyBirthday,199,12775.4,M,1,4.63632e-05,0.193908,205.007,0.015632,F
225,1,HappyBirthday,396,9855.55,M,1,0.00997566,9.38447,0.0723792,3.11699,F
225,1,HappyBirthday,1154,2555,M,1,0.0640641,1.70126,4.62268,20.7377,F
226,1,HappyBirthday,996,5840.76,F,1,0.00510845,0.0390345,6033.91,13.6864,F
227,1,HappyBirthday,1399,365,F,1,0.847047,0.188501,183.067,607.103,F
228,1,HappyBirthday,1201,2190,F,1,0.0397827,0.179991,25.7779,13.9619,F
228,1,HappyBirthday,325,13140.9,F,1,0.000880294,0.145427,11.4159,0.289483,F
228,1,HappyBirthday,1202,2190,F,1,0.00369252,0.144687,14.566,1.18208,F
228,1,HappyBirthday,527,14600.3,M,1,0.000674187,4.5138,0.0828304,0.20959,F
228,1,HappyBirthday,1073,3285,F,1,0.0454894,0.195938,2.19124,14.515,F
229,1,HappyBirthday,65,9125.46,F,1,0.0289621,1.92282,9542.7,13.7649,F
229,1,HappyBirthday,735,18615,F,1,0.00777384,1.42659,2.93109,2.4538,F
229,1,HappyBirthday,753,4015.89,M,1,0.0655785,1.2136,308.906,22.8612,F
229,1,HappyBirthday,760,4380.77,M,1,0.0380083,3.47709,494.58,20.9126,F
229,1,HappyBirthday,1120,2920,M,1,0.0133391,3.24221,0.0832145,4.17365,F
230,1,HappyBirthday,156,6570.9,F,1,0.00193916,1.16488,8446.82,11.7706,F
230,1,HappyBirthday,1155,2555,M,1,0.020807,0.243557,306.776,6.55954,F
230,1,HappyBirthday,509,20440.9,F,1,0.000305647,0.636127,9.12097,0.096465,F
231,1,HappyBirthday,480,5110.93,M,1,0.0665052,3.42454,2.64512,21.3974,F
231,1,HappyBirthday,497,10585.8,F,1,7.5953e-05,6.18453,19.0606,0.0251088,F
231,1,HappyBirthday,715,12410,M,1,0.00102445,0.892846,21.4786,0.343955,F
231,1,HappyBirthday,1121,2920,F,1,0.00255669,0.889914,1553.13,5.02274,F
232,1,HappyBirthday,196,9855.15,M,1,0.00988138,1.3382,131.992,3.78299,F
232,1,HappyBirthday,1074,3285,F,1,0.000646602,1.40335,0.127301,0.201394,F
232,1,HappyBirthday,710,26645.1,M,1,0.00302997,11.1333,2.6e-05,0.943091,F
232,1,Births,1429,0,M,0,0,0.229119,0,0,F
233,1,HappyBirthday,210,17520.4,F,1,0.0250153,1.05654,24356.2,72.2676,F
233,1,HappyBirthday,362,10950.6,F,1,0.00178676,0.530819,104.912,0.628856,F
233,1,HappyBirthday,1335,1095,F,0,0,0.00381182,0,0,F
233,1,HappyBirthday,749,20805.7,M,1,0.151128,21.3687,9809.94,335.173,F
233,1,HappyBirthday,1365,730,M,1,0.484649,0.0160189,26903.3,784.268,F
233,1,HappyBirthday,965,6205.02,F,1,0.017524,2.70732,33.3937,5.68829,F
234,1,HappyBirthday,11,4380.89,F,1,0.0061892,0.32442,162.579,2.25864,F
234,1,HappyBirthday,1337,1095,M,1,0.0358489,1.07288,6976.52,13.7419,F
234,1,HappyBirthday,1025,3650,M,1,0.000899073,0.0545359,9.09295e-06,0.279588,F
234,1,HappyBirthday,829,6935.13,M,1,0.00211957,3.06299,0.857517,0.6594,F
234,1,HappyBirthday,1336,1095,M,1,0.00103342,0.00400124,56.5801,0.411508,F
235,1,HappyBirthday,1075,3285,M,1,0.105269,0.227451,70.4041,40.1819,F
235,1,HappyBirthday,877,4380.48,F,1,0.00308634,14.8516,30923.6,21.1823,F
236,1,Births,1430,0,M,0,0,0.0118193,0,0,F
237,1,HappyBirthday,213,7300.05,M,1,0.00237775,3.08677,1.19892,0.741291,F
237,1,HappyBirthday,1204,2190,F,1,3.23841e-07,0.0258184,4057.84,0.0012934,F
238,1,HappyBirthday,115,14235.6,F,1,0.00526379,0.507029,38.2978,1.75789,F
238,1,HappyBirthday,223,14235.7,M,1,0.0341642,1.51625,0.0518046,10.8028,F
238,1,HappyBirthday,1122,2920,F,1,0.0639498,1.63455,1810.57,101.299,F
239,1,HappyBirthday,495,13505.6,M,1,4.41868e-07,1.39609,47.4782,0.000166,F
239,1,HappyBirthday,798,6570.93,M,1,0.0486595,6.9049,33.5936,17.9545,F
240,1,HappyBirthday,372,20440,M,1,0.0256293,0.192826,815.577,16.662,F
240,1,HappyBirthday,671,10950.4,M,1,0.00132506,0.547344,28.7052,0.417275,F
240,1,HappyBirthday,1401,365,F,1,0.00654408,0.113187,130.414,2.46522,F
241,1,HappyBirthday,957,16790.3,F,1,0.11163,11.6357,127.314,38.1363,F
242,1,HappyBirthday,586,21900.6,F,1,9.397e-06,0.246012,962.634,0.0100926,F
243,1,HappyBirthday,40,8030.62,F,1,0.00852458,0.873896,14.769,2.74744,F
243,1,HappyBirthday,1283,1460,F,1,0.0218699,0.0387103,1.85393,6.876,F
244,1,HappyBirthday,180,33580.6,M,1,0.0107611,0.470036,6.65899,3.47531,F
244,1,HappyBirthday,197,6935.14,F,1,0.0166311,0.0808295,230.531,5.43898,F
244,1,HappyBirthday,629,5475.18,M,1,0.00302537,2.34549,65.5416,1.21205,F
244,1,HappyBirthday,767,4745.42,M,1,0.0407766,0.125412,1.26502,12.9384,F
245,1,HappyBirthday,1284,1460,F,0,0,0.0606708,0,0,F
246,1,HappyBirthday,885,17155.8,M,1,0.0241279,0.241322,120.996,9.35567,F
247,1,HappyBirthday,1027,3650,F,1,0.00313095,11.0162,13835.4,7.18566,F
247,1,HappyBirthday,1078,3285,M,1,0.00309639,0.124939,3937.33,6.00109,F
247,1,HappyBirthday,357,4380.92,F,1,0,0.114539,2.57598,0,F
247,1,HappyBirthday,1026,3650,M,1,0.0512794,0.386898,116.869,21.8304,F
247,1,HappyBirthday,516,11680,F,1,0.0932769,0.442562,0.319629,30.4754,F
247,1,HappyBirthday,714,7665.35,M,1,0.622921,0.279466,218.031,329.186,F
247,1,HappyBirthday,725,4380.23,F,1,0.000322444,0.584824,705.707,0.250088,F
247,1,HappyBirthday,1205,2190,M,0,0,0.033776,0,0,F
248,1,HappyBirthday,507,10950.4,M,1,0.00132581,3.23031,158.108,0.54262,F
248,1,HappyBirthday,782,7300.93,M,1,0.00110525,2.53583,0.717168,0.34407,F
248,1,HappyBirthday,787,31390.4,M,1,0.00388178,0.180159,126.647,1.90489,F
248,1,HappyBirthday,981,9855.23,F,1,0.0023716,0.889118,0.772995,0.737839,F
249,1,HappyBirthday,1079,3285,M,1,0.199697,13.6118,5536.98,292.398,F
249,1,HappyBirthday,892,12410.7,F,1,6.74691e-07,1.02355,27621.1,0.0045484,F
250,1,HappyBirthday,1156,2555,F,1,0.00249486,1.19098,100.837,0.88976,F
250,1,HappyBirthday,836,8395.21,F,1,0.0512918,0.271418,25.6989,17.9219,F
251,1,HappyBirthday,336,17520.6,F,1,0.019198,4.40985,347.115,13.8057,F
251,1,HappyBirthday,1123,2920,M,0,0,0.011945,0,0,F
251,1,HappyBirthday,681,6570,F,1,0.00328507,0.244472,9.19252,1.02747,F
252,1,HappyBirthday,1286,1460,F,1,0.195181,5.93264,11.5036,71.4012,F
252,1,HappyBirthday,305,13505.4,F,1,0.000130393,1.99733,6.59413,0.0416878,F
252,1,HappyBirthday,1080,3285,F,1,0.015472,0.222286,121.755,7.52415,F
253,1,HappyBirthday,1287,1460,M,1,0.555103,0.47065,2689.77,289.808,F
253,1,HappyBirthday,774,13870.6,F,1,0.000462263,0.386681,7.45368,0.144108,F
254,1,HappyBirthday,267,24090.9,M,1,0.00340465,0.474918,0.471197,1.06065,F
254,1,HappyBirthday,541,5110.41,M,1,0.0116447,0.77266,0.310084,3.64003,F
254,1,HappyBirthday,1124,2920,M,0,0,0.00718814,0,0,F
255,1,HappyBirthday,56,6205.99,M,1,0.0935314,0.252791,13.929,31.9463,F
255,1,HappyBirthday,1402,365,F,1,9.53157e-07,0.14749,0.39017,0.000281619,F
255,1,HappyBirthday,1288,1460,M,1,0.000224742,0.819932,815.111,0.153605,F
256,1,HappyBirthday,33,5475.4,F,1,0.00183865,0.605736,4171.15,0.71114,F
256,1,HappyBirthday,222,11680.5,M,1,0.0397636,0.163269,11.9584,12.7206,F
256,1,HappyBirthday,847,12410.4,F,0,0,0.0353612,0,0,F
256,1,HappyBirthday,879,14965.1,F,1,0.000121113,1.80347,293.396,0.0385916,F
257,1,HappyBirthday,184,10585.1,M,1,0.600963,3.07944,77.6079,325.924,F
257,1,HappyBirthday,450,12775,M,1,0.0647778,2.11874,64.3062,22.6859,F
257,1,HappyBirthday,654,8760.23,M,1,7.76298e-05,24.2288,100.338,0.0250686,F
257,1,HappyBirthday,784,19710.6,F,1,0.0422511,17.4058,2.19423,13.4331,F
257,1,Births,1431,0,F,0,0,0.402799,0,0,F
258,1,HappyBirthday,1244,1825,F,1,0.00529866,0.293022,1978.09,4.56756,F
258,1,HappyBirthday,929,8395.52,M,1,0.166285,1.73239,0.202914,56.5542,F
259,1,HappyBirthday,1158,2555,F,1,0.0955782,0.903075,857.842,33.8247,F
259,1,HappyBirthday,260,5110.47,M,1,1.55104e-05,15.2359,78.8958,0.00545802,F
259,1,HappyBirthday,593,24455,M,1,0.0450084,0.963366,24.3435,15.8557,F
259,1,HappyBirthday,757,18615.4,M,1,0.0315517,14.3415,1112.38,24.93,F
259,1,HappyBirthday,1157,2555,M,1,0.135589,1.04405,738.563,51.2435,F
260,1,HappyBirthday,863,5840.01,F,1,0.000469424,1.15232,118.262,0.195434,F
260,1,HappyBirthday,987,6205.85,M,1,0.000345641,2.94955,9.8769,0.109108,F
261,1,HappyBirthday,1159,2555,F,1,0.00149911,9.90445,563.276,0.557275,F
261,1,HappyBirthday,1125,2920,F,1,0.0103449,1.52712,7.62025,3.26588,F
261,1,HappyBirthday,139,17155.1,M,1,0.033568,0.102799,2534.85,11.415,F
262,1,HappyBirthday,1403,365,F,1,0.040618,0.104544,15.9483,13.9275,F
263,1,HappyBirthday,414,17155.8,F,1,0.195121,0.0991061,14.0615,67.602,F
263,1,Births,1432,0,F,0,0,0.00608002,0,0,F
264,1,HappyBirthday,447,31390.8,M,1,0.0148775,0.176274,15284,8.13884,F
264,1,HappyBirthday,857,11315,F,1,0.0207617,0.276488,101.203,9.58626,F
264,1,HappyBirthday,971,6570.64,F,1,0.00101785,3.745,399.422,0.83323,F
265,1,HappyBirthday,261,6570.37,F,1,0.000333448,0.467851,7.25008,0.103892,F
265,1,HappyBirthday,999,35405.7,F,1,0.107247,2.32954,0.0021726,35.2552,F
265,1,HappyBirthday,773,11315.3,F,1,0.000991968,0.946592,0.000716,0.308284,F
266,1,HappyBirthday,150,5840.43,F,1,0.000582086,2.66625,37.0835,0.191084,F
266,1,HappyBirthday,243,15330.2,M,0,0,0.0293779,0,0,F
266,1,HappyBirthday,264,9490.07,F,1,0.59532,1.1672,197.965,357.711,F
266,1,HappyBirthday,935,18615.7,F,1,0.164106,3.53185,93.4202,56.406,F
268,1,HappyBirthday,454,30660.9,M,1,0.103385,0.202561,0.9409,33.9149,F
268,1,HappyBirthday,1289,1460,F,0,0,0.0173334,0,0,F
268,1,HappyBirthday,1290,1460,F,1,0.873653,0.281261,316.93,853.338,F
268,1,HappyBirthday,564,6205.64,F,1,0.00451844,3.04852,2.94156,1.42258,F
268,1,HappyBirthday,578,4015.66,M,1,0.000283221,2.70837,1064.37,0.249823,F
268,1,HappyBirthday,1207,2190,F,1,0.0298018,0.583129,371.842,10.8425,F
268,1,HappyBirthday,1404,365,M,1,0.0696503,0.267413,24.5126,22.9709,F
269,1,HappyBirthday,1291,1460,M,1,0.00414669,4.40087,26.3585,1.44525,F
269,1,HappyBirthday,676,24090.5,F,1,0.00906201,3.50151,709.886,5.56648,F
269,1,HappyBirthday,1160,2555,F,1,0.201711,0.103491,7.96985,70.226,F
270,1,HappyBirthday,1081,3285,F,1,0.0468435,3.35444,16.7842,15.0083,F
270,1,HappyBirthday,1338,1095,M,1,0.106862,0.244008,15685,531.273,F
270,1,HappyBirthday,584,14235.7,F,1,0.0372769,3.03815,5034.04,13.3962,F
270,1,Births,1433,0,M,0,0,0.169655,0,0,F
270,1,Births,1434,0,F,0,0,0.250168,0,0,F
271,1,HappyBirthday,401,7300.19,M,1,0.0736335,3.43351,43.9026,23.8411,F
272,1,HappyBirthday,1082,3285,M,1,0.00553709,0.083169,47.8179,1.99733,F
272,1,HappyBirthday,277,6935.66,M,1,0.00277293,1.28267,4936.32,5.48516,F
272,1,HappyBirthday,659,5475.05,M,1,0.307456,1.58763,7.94977,114.407,F
272,1,Births,1435,0,F,0,0,0.0152084,0,0,F
273,1,HappyBirthday,300,25915.7,M,1,6.68521e-07,0.00889434,0.228388,0.0002086,F
273,1,HappyBirthday,345,9490.54,M,1,0.0130319,2.73803,726.306,8.23981,F
273,1,Births,1436,0,F,0,0,0.0110786,0,0,F
274,1,HappyBirthday,628,4380.45,F,1,0.00751676,0.810928,679.574,8.4175,F
274,1,HappyBirthday,637,31755.7,M,1,0.00353862,3.08532,4538.15,1.33252,F
274,1,HappyBirthday,646,19710.6,F,1,0.00209853,3.71275,42.7955,0.693078,F
274,1,HappyBirthday,1029,3650,M,1,0.000248138,3.18069,20.7421,0.0773544,F
275,1,HappyBirthday,130,8030.22,M,1,0.109275,28.6022,238.625,48.1247,F
275,1,HappyBirthday,155,12410.3,F,1,0.17975,1.54013,98.8732,71.2855,F
275,1,HappyBirthday,255,4015.06,M,1,0.0888497,10.1101,9.3293,30.0994,F
275,1,HappyBirthday,1083,3285,M,1,0.0302253,0.153682,7.79408,9.82132,F
276,1,HappyBirthday,377,26280.3,F,1,0.0068327,0.108949,10.7687,2.13455,F
276,1,HappyBirthday,533,18615.2,M,0,0,0.0519264,0,0,F
276,1,HappyBirthday,712,11315.6,F,1,0.0480036,0.422568,60.9584,15.5845,F
276,1,HappyBirthday,814,18615,F,1,0.0184948,0.998152,480.713,9.46332,F
277,1,HappyBirthday,1292,1460,F,1,4.42783e-05,0.298475,18107.1,0.473855,F
277,1,HappyBirthday,143,6205,F,1,0.00103528,0.621057,181.695,0.562526,F
278,1,HappyBirthday,645,5475.53,M,1,0.503643,4.15504,497.75,366.268,F
278,1,HappyBirthday,890,8030.08,M,1,0.000427237,0.590266,53.5526,0.14793,F
279,1,HappyBirthday,1245,1825,M,1,0.00631374,1.18957,55.8344,2.1395,F
279,1,HappyBirthday,302,17520.4,F,1,0.0746264,4.55178,0.679955,24.1839,F
279,1,HappyBirthday,468,9855.5,M,1,0.00098745,7.20098,1022.34,0.396361,F
280,1,HappyBirthday,554,7665.83,M,1,0.0329674,6.26141,465.879,12.3536,F
281,1,HappyBirthday,209,7300.41,F,1,0.382625,1.18088,1631.81,152.283,F
281,1,HappyBirthday,1161,2555,F,1,0.00593311,0.532686,12.5156,1.88859,F
281,1,HappyBirthday,415,4015.92,M,1,0.226558,0.0285134,120.988,108.046,F
281,1,HappyBirthday,1127,2920,M,1,0.197514,0.136833,1835.81,85.6181,F
281,1,HappyBirthday,633,9855.37,M,1,0.108349,4.9233,338.463,61.2408,F
282,1,HappyBirthday,470,16425,M,1,0.00711574,6.93723,1.65105,2.22792,F
282,1,HappyBirthday,1030,3650,M,1,0.000142307,0.256534,222.466,0.0475383,F
283,1,HappyBirthday,80,36135.4,M,1,0.00795372,9.56125,734.155,4.80113,F
283,1,HappyBirthday,175,6205.57,M,1,0.0021173,1.11461,2.8709,0.658624,F
283,1,HappyBirthday,997,6570.54,F,1,0.000590804,46.6246,3085.81,0.302858,F
283,1,HappyBirthday,843,8395.46,F,1,0.00959466,0.852782,0.707641,2.9972,F
283,1,HappyBirthday,927,17520.7,M,1,0.124432,0.670952,23.1567,44.6074,F
284,1,HappyBirthday,1367,730,F,1,0.0152204,0.109824,42946.5,64.7887,F
285,1,HappyBirthday,54,5475.21,M,1,0.18002,0.284563,172.215,78.0615,F
285,1,HappyBirthday,1247,1825,M,1,0.863023,0.297228,30.2507,640.385,F
287,1,HappyBirthday,1339,1095,M,1,0.0927294,3.43896,13.0062,32.1071,F
287,1,HappyBirthday,1405,365,F,1,0,0.135467,2162.93,0,F
287,1,HappyBirthday,684,8760.27,M,1,7.89992e-07,0.559918,2854.44,0.0011586,F
287,1,HappyBirthday,1162,2555,F,1,0.104124,0.746553,0.221336,34.1907,F
287,1,HappyBirthday,963,36135.7,F,1,0.00355423,1.90752,120.875,1.15769,F
287,1,HappyBirthday,1248,1825,M,0,0,0.0493973,0,0,F
288,1,HappyBirthday,151,6205.45,F,1,0.000636142,1.00714,1.18091,0.198179,F
288,1,HappyBirthday,353,9125.54,F,1,0.000172424,0.73248,0.199276,0.0535588,F
288,1,HappyBirthday,1031,3650,M,1,0.000563257,0.235882,129.205,0.206019,F
289,1,HappyBirthday,411,10950.1,M,1,0.000591042,0.0871317,3.27676,0.183895,F
289,1,HappyBirthday,1249,1825,F,1,0.698912,0.0832272,102.018,505.272,F
289,1,HappyBirthday,775,23725.6,M,1,0.00207533,2.34991,49.1759,0.669825,F
290,1,HappyBirthday,296,8760.29,F,1,0.140566,19.4045,2524.37,50.4035,F
290,1,HappyBirthday,1128,2920,M,1,0.36341,0.110909,23.378,151.167,F
290,1,HappyBirthday,964,10220.9,F,1,0,12.7536,0.18623,0,F
291,1,HappyBirthday,804,10950.1,M,1,0.11727,1.70984,0.163108,38.7643,F
292,1,HappyBirthday,274,5840.1,M,1,0.0027764,0.183643,4684.37,3.35794,F
292,1,HappyBirthday,363,24090.6,M,1,0.0191948,0.245346,12.4817,6.13891,F
292,1,HappyBirthday,522,9855.97,F,1,0.627094,0.0572625,444.538,356.083,F
292,1,HappyBirthday,1129,2920,M,1,0.000162944,1.24757,4658.71,0.726849,F
292,1,HappyBirthday,783,6570,F,1,0.00362899,6.99853,2551.76,1.51896,F
292,1,HappyBirthday,1032,3650,F,1,0.595787,0.37427,1645.14,293.853,F
293,1,HappyBirthday,1033,3650,M,1,2.86891e-06,0.404356,2853.78,0.00512115,F
293,1,HappyBirthday,615,12045.1,F,1,0.0172478,26.6659,20.2285,5.42011,F
293,1,HappyBirthday,989,9490.78,M,1,0.0127452,7.58934,4.04871,4.01772,F
294,1,HappyBirthday,230,21170.9,M,1,0.0170983,1.04231,1489.36,37.6928,F
294,1,HappyBirthday,456,21170.5,F,1,0.00502211,1.17085,103.65,1.71874,F
294,1,HappyBirthday,544,8760.02,M,1,0.00960729,1.09945,16177.4,7.01395,F
295,1,HappyBirthday,1164,2555,M,1,0.0627368,1.34193,1072.55,87.4805,F
296,1,HappyBirthday,1165,2555,F,1,0.03812,11.9008,49.6092,13.0616,F
296,1,HappyBirthday,894,20805.4,M,1,0.000910891,5.84084,23.3765,0.314638,F
298,1,HappyBirthday,1085,3285,F,1,0.000158414,1.15528,0.191186,0.0492057,F
298,1,HappyBirthday,858,9125.26,M,1,0.11059,0.295201,0.856181,36.4257,F
299,1,HappyBirthday,117,15330.8,M,1,0.00278331,2.57054,56.4835,0.871762,F
299,1,HappyBirthday,854,20440,M,1,0.000160691,0.120786,28.2947,0.0565906,F
300,1,HappyBirthday,604,24090.8,F,1,0.0212372,0.495062,1038.35,17.0451,F
300,1,HappyBirthday,1293,1460,F,1,0.0269887,2.00848,2115.81,30.0314,F
300,1,Births,1437,0,M,0,0,6.05268,0,0,F
301,1,HappyBirthday,96,6935.51,F,1,0.0647995,0.0675564,0.512416,20.8245,F
301,1,HappyBirthday,216,5840.23,F,1,0.00143336,0.545197,0.0212669,0.445668,F
301,1,HappyBirthday,241,11315.9,M,1,0.0371161,1.18632,7.32976,12.1775,F
301,1,HappyBirthday,1251,1825,F,1,0.176761,0.148868,2622.81,67.692,F
301,1,HappyBirthday,1250,1825,M,1,0.00467551,0.106089,7138.05,7.12,F
302,1,HappyBirthday,1295,1460,F,1,0.351307,3.81807,12423.9,1755.92,F
302,1,HappyBirthday,1294,1460,M,1,0.037694,0.407427,6370.82,85.8519,F
302,1,HappyBirthday,991,16060.1,M,1,0.0461587,0.343991,87.4849,16.753,F
303,1,HappyBirthday,399,8395.61,F,1,0.0111963,3.15852,31.0469,3.56287,F
303,1,HappyBirthday,1167,2555,M,1,0.00858121,0.106385,8062.18,8.74734,F
303,1,HappyBirthday,1208,2190,M,1,0.05271,0.768409,49.9183,18.1977,F
303,1,HappyBirthday,1368,730,M,1,0.0107298,0.205154,3184.38,28.4258,F
304,1,HappyBirthday,100,19710.6,M,1,0.00220735,0.569219,14.6109,0.694552,F
304,1,HappyBirthday,1406,365,M,1,0.104017,0.683077,68.5014,44.1652,F
304,1,HappyBirthday,949,18250.1,M,1,0.00108502,0.30197,1.48288,0.337297,F
304,1,Births,1438,0,F,0,0,0.0145017,0,0,F
305,1,HappyBirthday,1296,1460,F,1,0.0944751,0.611159,1471.92,73.3279,F
305,1,HappyBirthday,1086,3285,F,1,0.95839,0.354564,42.0542,1011.5,F
306,1,HappyBirthday,514,4015,M,1,0.281816,0.0802028,16.3671,110.726,F
306,1,HappyBirthday,567,25550.8,F,1,1.9349e-06,1.2479,29.0756,0.000689,F
306,1,HappyBirthday,799,5840.26,F,1,0.522608,5.19462,383.334,551.281,F
306,1,HappyBirthday,993,10585,F,1,0.00606157,47.0843,1195.12,2.90481,F
307,1,HappyBirthday,43,6570.71,F,1,0.68354,1.27328,269.228,360.891,F
307,1,HappyBirthday,86,17155.5,F,1,0.0268965,0.787871,32760.6,33.4407,F
307,1,HappyBirthday,1369,730,M,1,0.00108888,0.257394,17.1324,0.364565,F
307,1,HappyBirthday,809,5840.44,M,1,0.0293934,0.12463,2.57464,9.27223,F
307,1,Births,1439,0,M,0,0,0.0167671,0,0,F
308,1,HappyBirthday,446,14235.6,M,1,0.00102281,3.219,14.4654,0.335041,F
308,1,HappyBirthday,481,4745.36,F,1,0.273241,0.750915,11.5729,99.2301,F
308,1,HappyBirthday,492,21535.7,F,1,0.00595769,31.399,47.9412,1.85718,F
310,1,HappyBirthday,1252,1825,F,1,0.213019,0.171292,7.38854,75.3024,F
310,1,HappyBirthday,844,15330.7,M,1,0.0169712,1.5564,35.8601,5.64694,F
310,1,HappyBirthday,1036,3650,M,1,0.000185665,1.80762,122.096,0.0692122,F
311,1,HappyBirthday,644,14965.2,M,1,0.167449,0.160684,1.51472,57.1383,F
312,1,HappyBirthday,6,6570.05,F,1,0.0176802,1.70457,65.5932,5.55706,F
312,1,HappyBirthday,1168,2555,F,1,0.413873,0.015216,2493.7,308.958,F
312,1,HappyBirthday,1169,2555,F,1,0.0227718,0.0670521,8.3728,7.18998,F
312,1,HappyBirthday,1130,2920,F,1,0.0997793,0.192951,31.2671,34.8436,F
313,1,HappyBirthday,20,7300.2,M,1,0.00612684,2.08609,43.7837,2.0144,F
313,1,HappyBirthday,1209,2190,F,1,0.418339,0.0793346,519.456,470.865,F
313,1,HappyBirthday,403,13140,F,1,0.00193755,0.175602,3705.55,0.771249,F
314,1,HappyBirthday,202,29565.1,F,1,0,0.0135164,903.713,0,F
314,1,HappyBirthday,566,5475.97,F,1,0.147348,0.210061,10.3477,50.2968,F
314,1,HappyBirthday,1407,365,F,1,0.0102036,1.42383,4.75717,3.18859,F
314,1,HappyBirthday,764,15330.3,F,1,0.00813067,0.0889476,12.8106,2.54536,F
315,1,HappyBirthday,30,7665,M,1,0.0436469,9.17391,4890.42,16.1246,F
316,1,HappyBirthday,58,16060,M,1,0.0164686,1.29804,1271.82,13.4771,F
316,1,HappyBirthday,276,5110.48,F,1,0.14837,0.134621,1903.53,63.8767,F
316,1,HappyBirthday,1340,1095,M,1,0.0282365,0.534483,6077.85,63.2686,F
316,1,HappyBirthday,674,8030.58,M,1,0.126033,1.72658,280.622,59.6112,F
316,1,HappyBirthday,736,13870.4,M,1,0.118944,0.79815,0.04788,39.3618,F
316,1,HappyBirthday,873,24455.1,M,1,0.00169253,1.26408,0.351626,0.526928,F
317,1,HappyBirthday,1131,2920,M,1,0.00074419,2.28816,23.6072,0.258702,F
318,1,HappyBirthday,292,5110.5,F,1,0.012381,2.06616,1.12519,3.87861,F
318,1,HappyBirthday,1087,3285,F,1,1.05433e-05,2.10619,51424.5,0.0389537,F
319,1,HappyBirthday,19,23725.2,M,1,0.0446716,0.5436,1526.9,79.0161,F
319,1,HappyBirthday,1210,2190,M,1,0.00477688,1.17101,181.751,2.23474,F
320,1,HappyBirthday,315,14600.2,M,1,0.000685619,1.34835,10.793,0.213651,F
320,1,HappyBirthday,346,27375.4,M,1,0.00807873,0.259303,620.74,4.61265,F
320,1,HappyBirthday,587,4745.12,M,1,0.32313,3.7396,4216.9,198.882,F
320,1,HappyBirthday,678,4380.61,F,1,0.0636134,5.58566,31.5513,21.023,F
320,1,HappyBirthday,1132,2920,F,1,0.0216183,0.379491,12.8053,7.09152,F
320,1,HappyBirthday,926,34675.5,F,1,5.47458e-05,0.312483,29.7206,0.0188818,F
320,1,Births,1440,0,F,0,0,0.0360641,0,0,F
322,1,HappyBirthday,89,4745.09,M,1,0.00271809,1.79235,572.351,0.85643,F
322,1,HappyBirthday,1341,1095,M,1,0.00492875,1.56254,9233.93,32.6859,F
322,1,HappyBirthday,214,5475.02,M,1,0.00192136,3.67954,6494.09,4.81338,F
322,1,HappyBirthday,1370,730,F,1,0.00583471,0.223833,91.518,2.6492,F
322,1,HappyBirthday,823,4745.56,F,1,0.160322,2.78818,489.178,148.396,F
322,1,HappyBirthday,1037,3650,F,1,0.0140174,1.75268,0.094483,4.3874,F
323,1,HappyBirthday,1371,730,F,1,0.0614796,0.766544,45.1493,23.9422,F
323,1,HappyBirthday,503,6205.92,F,1,0.0569043,2.85544,48.4112,18.5774,F
323,1,HappyBirthday,591,11680.1,M,1,0.0111805,1.45828,45.8264,3.64626,F
324,1,HappyBirthday,1254,1825,F,1,9.11143e-06,0.772124,15286.3,0.0883141,F
324,1,HappyBirthday,1038,3650,F,1,0.0337197,2.49994,446.693,30.4662,F
325,1,HappyBirthday,988,5840.91,M,1,0.201775,0.0305646,97.1054,79.4852,F
325,1,HappyBirthday,1039,3650,F,1,0.0114309,0.407895,125.943,3.9477,F
327,1,HappyBirthday,1342,1095,M,1,0.00432769,0.713436,0.178963,1.34864,F
327,1,HappyBirthday,620,6935.57,F,1,0.00215961,0.617212,7.57332,0.67979,F
327,1,HappyBirthday,751,4745.67,F,1,0.000505773,0.227811,7213.31,0.392573,F
328,1,HappyBirthday,50,10220.1,F,1,0.00941071,0.0447787,0.407491,2.93878,F
328,1,HappyBirthday,502,6935.12,F,1,0.002129,0.134768,2060.17,0.930897,F
329,1,HappyBirthday,47,5110.82,F,1,0.000205976,0.0390467,2.19185e-06,0.0641357,F
330,1,HappyBirthday,1211,2190,M,1,0.0315969,0.190765,13119.5,18.1128,F
330,1,HappyBirthday,612,34310.2,M,1,0.00072187,0.667963,13286.5,3.08659,F
330,1,HappyBirthday,648,16425.7,M,1,0.00183171,0.879121,6686.98,10.4746,F
330,1,HappyBirthday,1088,3285,M,1,0.00717458,0.0259839,37.3991,2.54668,F
330,1,HappyBirthday,930,9855.3,F,1,0.00120815,0.231949,440.402,0.880157,F
331,1,HappyBirthday,632,36135.1,F,1,0.0934858,0.0166168,51.5981,36.0214,F
331,1,HappyBirthday,680,4015.79,F,1,0.0962078,0.739096,64.8639,34.5399,F
331,1,HappyBirthday,800,14235.4,F,1,0.153657,0.351059,447.424,51.8795,F
331,1,HappyBirthday,992,6205.5,M,1,0.10541,0.0691121,1134.05,37.3133,F
332,1,HappyBirthday,529,8395.31,F,1,0.00973172,7.38392,726.793,9.50415,F
332,1,HappyBirthday,895,7300.77,M,1,0.000105609,3.01817,26.538,0.0332383,F
332,1,HappyBirthday,938,5840.77,M,1,0.0354612,0.241409,30.226,11.8024,F
333,1,HappyBirthday,1040,3650,F,1,0.00114947,0.206121,912.598,0.40935,F
334,1,HappyBirthday,665,9490.85,F,1,0.00150535,7.05158,51.2191,0.476388,F
335,1,HappyBirthday,186,8760.61,M,1,0.000147482,2.1766,0.019783,0.0459012,F
335,1,HappyBirthday,189,16060,M,1,0,0.405637,73.8958,0,F
335,1,HappyBirthday,236,7665.29,M,1,0.0635804,0.0959264,3.61608,20.7841,F
335,1,HappyBirthday,463,7300.2,F,1,0.00221705,1.75714,206.827,0.705844,F
335,1,HappyBirthday,978,10220.9,F,1,0.0149581,0.972817,0.194411,4.68492,F
335,1,Births,1441,0,F,0,0,0.222266,0,0,F
335,1,Births,1442,0,M,0,0,0.183102,0,0,F
336,1,HappyBirthday,1212,2190,F,1,0.0451298,0.218306,1048.03,14.8267,F
337,1,HappyBirthday,369,12410.5,F,1,4.0417e-05,2.12944,12.9714,0.0133336,F
337,1,HappyBirthday,1343,1095,F,1,0.5388,0.0829496,1194.66,547.798,F
337,1,HappyBirthday,952,5110.21,M,1,0.144848,0.81538,40.6096,57.9207,F
337,1,HappyBirthday,1408,365,M,1,0.0206055,0.0625765,12434.3,18.245,F
337,1,Births,1443,0,M,0,0,0.431911,0,0,F
338,1,HappyBirthday,36,8395.77,M,1,0.0164277,0.137001,20.5325,5.15394,F
338,1,HappyBirthday,81,24455.2,M,1,0.408233,4.95453,603.805,165.017,F
338,1,HappyBirthday,739,5475.78,M,1,0.000378377,0.574026,41968.5,0.995989,F
338,1,HappyBirthday,755,33215.6,M,1,0.0293648,0.0565291,5058.89,70.4785,F
338,1,HappyBirthday,830,17155,F,1,0.191115,11.693,6.49064,67.4895,F
339,1,HappyBirthday,161,4380.01,F,1,0.00366056,2.52956,0.926386,1.13964,F
339,1,HappyBirthday,193,10950.5,M,1,0.0781506,2.99881,997.891,66.9228,F
339,1,HappyBirthday,287,30295.6,F,1,0.00168351,0.640802,81.0962,0.524429,F
339,1,HappyBirthday,862,20805.4,F,1,0.00841515,0.424997,0.0344724,2.62633,F
340,1,HappyBirthday,1297,1460,M,1,0.00452262,0.30605,40.6647,1.48815,F
340,1,HappyBirthday,208,5840.69,M,1,0.0039262,0.264532,3.00056,1.2264,F
341,1,HappyBirthday,1213,2190,M,1,0.64679,0.0316986,6286.01,578.772,F
341,1,HappyBirthday,1133,2920,F,1,0.0140367,0.450841,27.4233,4.61823,F
342,1,HappyBirthday,491,18980.9,F,1,0.00966811,0.192498,0.029806,3.01895,F
342,1,Births,1444,0,M,0,0,0.0288073,0,0,F
343,1,HappyBirthday,78,11315.7,F,1,0.0946662,0.111878,1117.86,50.3507,F
343,1,HappyBirthday,120,4015.76,M,1,0.00013583,0.286003,429.082,0.0465304,F
343,1,HappyBirthday,1214,2190,F,1,2.22491e-05,1.56941,77449.7,0.126466,F
343,1,HappyBirthday,1372,730,F,1,0.0890096,0.0368176,66.0861,32.8978,F
343,1,HappyBirthday,298,4015.4,M,1,0.00718139,0.905299,880.379,8.85699,F
343,1,HappyBirthday,329,13505.6,F,1,0.00708753,0.316755,34.5029,2.22034,F
343,1,HappyBirthday,405,5475.27,M,1,0.0742623,0.117582,105.723,26.9601,F
343,1,HappyBirthday,777,9855.49,M,1,0.00131664,17.4892,33406.3,10.1899,F
343,1,HappyBirthday,1215,2190,M,1,0.0198261,0.329912,0.00247055,6.223,F
343,1,HappyBirthday,959,7300.96,M,1,0.00719167,31.7471,3.45793,2.24374,F
343,1,Births,1445,0,F,0,0,0.0135996,0,0,F
344,1,HappyBirthday,802,4015.17,F,1,0.00278864,0.986488,6.17438,0.891065,F
344,1,HappyBirthday,886,4380.74,M,1,5.00888e-06,0.25168,1060.09,0.00402739,F
345,1,HappyBirthday,1134,2920,F,1,0.00490883,1.40259,1096.98,6.91797,F
345,1,HappyBirthday,1172,2555,F,1,0.004216,1.78052,167.211,1.62172,F
345,1,HappyBirthday,539,17155.9,F,1,0.185624,0.0961058,11809.2,297.759,F
345,1,HappyBirthday,590,27375.7,M,1,0.00451288,1.30081,49.7473,1.5117,F
345,1,HappyBirthday,1373,730,F,1,0.44155,0.0872786,532.06,460.719,F
345,1,HappyBirthday,1041,3650,M,1,0.00325777,0.0366012,85.8093,1.1621,F
345,1,Births,1446,0,M,0,0,0.0628535,0,0,F
346,1,HappyBirthday,1216,2190,F,1,0.00236374,1.62943,57.9429,0.744403,F
348,1,HappyBirthday,1374,730,F,1,0.168095,0.135862,78081.5,1194.59,F
348,1,HappyBirthday,1174,2555,F,1,0.13031,2.26121,39.7446,47.5067,F
349,1,HappyBirthday,22,26645.7,F,1,0.000144648,1.03401,0.0029874,0.0449544,F
349,1,HappyBirthday,354,10585.3,F,1,0.000742982,0.372683,0.0022538,0.230911,F
349,1,HappyBirthday,1218,2190,F,1,0.504991,0.335581,3736.43,558.69,F
349,1,HappyBirthday,1175,2555,F,1,0.176937,0.260566,43.7522,62.9501,F
349,1,HappyBirthday,970,10585.6,M,1,0.00126366,0.322259,5452.13,0.482828,F
350,1,HappyBirthday,1375,730,F,1,0.0876457,0.142984,110089,715.032,F
350,1,HappyBirthday,1135,2920,F,1,0.680506,0.632913,25.7755,388.432,F
351,1,HappyBirthday,417,10220,M,1,0.152807,0.112014,147.676,79.677,F
351,1,HappyBirthday,969,12410.7,M,1,3.23913e-05,0.615674,2782.63,0.046398,F
352,1,HappyBirthday,1409,365,F,1,0.429517,0.112794,0.882428,174.715,F
352,1,HappyBirthday,438,8030.04,M,1,0.00744122,5.59313,190.988,3.19258,F
352,1,HappyBirthday,709,14235.8,F,1,0.0791479,3.42331,19.5711,25.6484,F
353,1,HappyBirthday,1176,2555,F,1,0.021401,2.17507,754.518,8.14435,F
353,1,HappyBirthday,557,32850.5,M,1,0.0051798,2.88083,4.53576,1.61458,F
353,1,Births,1447,0,M,0,0,0.150659,0,0,F
354,1,HappyBirthday,897,23360.9,F,1,0.000517333,9.92545,5.83717,0.16209,F
355,1,HappyBirthday,159,23360.1,F,1,0.0321342,7.52764,83.2425,13.2864,F
355,1,HappyBirthday,1299,1460,M,1,0.00759258,0.0369205,0.0517249,2.36828,F
355,1,HappyBirthday,722,26645.9,F,1,0.000125755,0.0203575,37.8453,0.0414366,F
356,1,HappyBirthday,1177,2555,F,1,0.148326,0.0310852,33593.5,338.337,F
356,1,HappyBirthday,1376,730,M,1,0.123661,0.0533133,53.6672,48.2518,F
356,1,Births,1448,0,M,0,0,0.00515105,0,0,F
357,1,HappyBirthday,41,6570.64,F,0,0,0.0192166,0,0,F
357,1,HappyBirthday,504,5475.46,F,1,0.0105457,0.102638,232.289,4.5362,F
358,1,HappyBirthday,1219,2190,M,1,0.147878,0.0121834,258.077,110.947,F
358,1,HappyBirthday,1042,3650,M,1,0.0473452,0.804986,98.7556,16.7808,F
360,1,HappyBirthday,832,4380.77,F,1,0.05112,0.370743,22.0406,16.8355,F
360,1,HappyBirthday,909,20075.7,M,1,0.00109962,0.477611,0.0002414,0.342006,F
362,1,HappyBirthday,1043,3650,F,1,0.000116371,0.715183,169.207,0.0414384,F
362,1,HappyBirthday,1090,3285,M,1,0.00258056,0.63424,1015.73,3.22785,F
362,1,HappyBirthday,1255,1825,F,1,0.163861,2.08109,99.7858,63.67,F
362,1,HappyBirthday,400,5840.56,M,1,1.48868e-05,0.0228954,12.6516,0.00492179,F
362,1,HappyBirthday,1089,3285,F,1,0.827255,0.0553126,29.7945,587.494,F
362,1,HappyBirthday,1300,1460,M,1,0.00398885,0.338957,25.6461,1.38984,F
363,1,HappyBirthday,1220,2190,M,1,0.615281,0.126393,0.675461,297.295,F
363,1,HappyBirthday,1377,730,F,1,0.514888,0.0274142,5223.6,739.023,F
364,1,HappyBirthday,1301,1460,F,1,0.334147,1.62034,118.413,181.833,F
364,1,HappyBirthday,583,4380.65,F,1,0.00143638,0.0519429,27.0554,0.463595,F
364,1,HappyBirthday,729,5110.85,M,1,0.144752,0.0490006,227.813,49.4283,F
364,1,HappyBirthday,985,16425.2,M,1,0.221278,7.43113,7725.64,521.354,F
364,1,Births,1449,0,F,0,0,0.011018,0,0,F
365,1,HappyBirthday,220,19710.7,M,1,0,0.564605,278.97,0,F
365,1,HappyBirthday,933,29565.9,F,1,8.8632e-06,0.643458,1941.37,0.006073,F
366,1,HappyBirthday,1091,3285,M,1,0.00122727,0.0550008,56142.1,2.14647,F
366,1,HappyBirthday,937,15330.9,M,1,0.0143477,4.86106,0.26683,4.49745,F
366,1,HappyBirthday,954,17885.9,F,1,0.397656,6.05157,28.8985,167.654,F
367,1,HappyBirthday,1044,3650,M,1,0.0193427,0.434118,44.8812,6.40015,F
367,1,HappyBirthday,1221,2190,F,1,5.9537e-07,1.31354,6308.12,0.00164217,F
367,1,Births,1450,0,M,0,0,0.0624288,0,0,F
368,1,HappyBirthday,114,4380.29,F,1,0.16129,2.4969,2281.85,65.9761,F
368,1,HappyBirthday,289,5110.17,F,1,0.000482267,51.1238,96.4945,0.171802,F
368,1,HappyBirthday,976,7665.38,M,1,0.00536255,0.335919,0.0002074,1.67094,F
369,1,HappyBirthday,1344,1095,F,1,0.00161377,0.0426155,48.2955,0.52478,F
369,1,HappyBirthday,786,6935.15,M,1,5.79795e-05,0.591794,0.138795,0.0180273,F
370,1,HappyBirthday,64,16425.6,M,1,0.000362203,0.025381,0,0.112572,F
370,1,HappyBirthday,610,30295.2,M,1,0.2407,0.0627085,886.92,87.5934,F
370,1,HappyBirthday,893,13505.6,M,1,0.0186722,1.39302,3.70702,5.87927,F
370,1,HappyBirthday,920,4745.32,F,1,0.0345267,1.33794,1815.67,36.5852,F
371,1,HappyBirthday,689,5475.4,F,1,0.0105621,0.514879,388.05,3.31559,F
371,1,HappyBirthday,1092,3285,M,1,0.160094,0.225142,5867.4,115.742,F
371,1,HappyBirthday,977,6570.94,M,1,0.0204443,0.569297,36.5828,7.53835,F
372,1,HappyBirthday,458,16790.6,M,1,0.110154,1.84641,360.674,88.9299,F
372,1,HappyBirthday,553,29930.1,F,1,0.000362735,0.493743,3.26903,0.113311,F
372,1,HappyBirthday,754,13140.6,M,1,0.00180463,6.39247,47.0959,0.609217,F
372,1,HappyBirthday,1378,730,M,1,0.290823,0.114191,1564.65,587.581,F
373,1,HappyBirthday,190,12410.5,M,1,0.591467,1.41229,24000.2,803.031,F
374,1,HappyBirthday,68,6935.5,F,1,0,0.542542,97.9036,0,F
374,1,HappyBirthday,367,21900.4,F,1,0.000238405,0.140065,1.08935,0.074133,F
374,1,HappyBirthday,1379,730,M,1,0.350739,0.280395,13226.5,1764.55,F
374,1,HappyBirthday,1136,2920,M,1,0.00804144,0.142579,28.4389,2.51915,F
374,1,HappyBirthday,948,7300.26,M,1,0.00829722,6.53573,188.043,2.67107,F
376,1,HappyBirthday,1222,2190,F,1,0.477632,0.260458,1869.75,378.163,F
376,1,HappyBirthday,104,4745.84,M,1,0.000648267,1.58396,87.1841,0.202756,F
376,1,HappyBirthday,247,4380.74,M,1,0.0100077,0.128983,3275.34,14.7703,F
376,1,HappyBirthday,387,26645.3,F,1,1.48743e-05,3.54242,11246.6,0.109326,F
376,1,HappyBirthday,597,11680.9,M,0,0,0.325179,0,0,F
376,1,HappyBirthday,1045,3650,M,1,0.0128859,2.24725,4168.12,4.815,F
377,1,HappyBirthday,57,10950.8,F,1,0.280824,0.228891,6.16689,105.254,F
377,1,HappyBirthday,1093,3285,M,1,0.000356879,0.707922,3276.66,0.148252,F
378,1,HappyBirthday,1181,2555,M,1,0.000949892,4.24112,137.624,0.356092,F
378,1,HappyBirthday,366,5110.37,F,1,0.000686448,1.26899,5.03278,0.217359,F
378,1,HappyBirthday,812,17155.8,M,1,0.00521379,1.26539,1550.08,2.72201,F
378,1,HappyBirthday,819,19345.2,F,1,0.122273,0.468957,29.8602,41.1976,F
379,1,HappyBirthday,91,7300.68,F,1,0.0563846,7.82153,79.0007,20.1269,F
379,1,HappyBirthday,476,8395.8,F,1,0.141639,0.769044,228.941,48.3825,F
380,1,HappyBirthday,1005,4015,M,1,0.0328306,0.804537,19.6963,10.6004,F
380,1,HappyBirthday,1182,2555,F,1,0.0387774,0.462317,0.224627,12.3015,F
381,1,HappyBirthday,538,16425.7,M,1,0.217243,1.65382,0.534301,76.1198,F
381,1,HappyBirthday,1410,365,F,1,0.0453503,0.0333256,81.8117,20.1816,F
382,1,HappyBirthday,324,24090.5,M,1,0.240645,0.350282,5667.01,89.3481,F
382,1,HappyBirthday,402,6570.04,F,1,0.000421969,8.54057,0.781566,0.131258,F
383,1,HappyBirthday,1380,730,M,1,0.0538091,0.196979,12345.9,51.3961,F
383,1,HappyBirthday,1304,1460,M,1,0.00279488,0.323204,3.74878,0.869857,F
383,1,HappyBirthday,915,6205.13,F,1,0.0016873,1.40523,2.888,0.525077,F
384,1,HappyBirthday,288,4745.49,F,1,0.0297909,0.164129,38.9578,9.98048,F
384,1,HappyBirthday,1381,730,F,1,0.135991,0.144032,518.239,51.9993,F
385,1,HappyBirthday,1305,1460,M,1,0.0150002,0.341137,3568.56,16.6096,F
386,1,HappyBirthday,79,22265.7,F,1,0.209721,0.710741,0.676414,73.3658,F
386,1,HappyBirthday,668,10220.1,M,1,0.0206446,0.262011,0.14097,6.48325,F
386,1,HappyBirthday,702,7665.51,M,1,0.409557,3.4644,1.65705,163.826,F
387,1,HappyBirthday,217,4380.57,F,1,0.00134751,2.82975,2.04498,0.420687,F
387,1,HappyBirthday,815,4745.19,M,1,0.0708879,0.0829191,66.8371,28.5329,F
387,1,HappyBirthday,904,6935.02,F,1,0.00139292,3.16892,85.1332,0.481321,F
387,1,Births,1451,0,M,0,0,0.0508433,0,0,F
388,1,HappyBirthday,817,10585.7,F,1,0.000787645,2.41939,0.661383,0.245411,F
388,1,HappyBirthday,983,8030.53,F,1,0.04909,0.308555,445.999,47.6214,F
389,1,HappyBirthday,1183,2555,F,1,0.00116998,0.528483,2145.51,0.363961,F
390,1,HappyBirthday,796,23360.2,M,1,0.0549646,1.36399,80.5008,17.7533,F
390,1,HappyBirthday,932,16060.7,F,1,0.00176085,31.3586,0.171608,0.547703,F
391,1,HappyBirthday,998,16425.3,F,1,0.0824382,0.764472,26.0135,27.8828,F
391,1,HappyBirthday,153,14600.6,F,1,0.00809675,1.39783,11.805,2.6768,F
391,1,HappyBirthday,1306,1460,M,1,0.00610929,0.208085,1.66697,1.90502,F
392,1,HappyBirthday,1137,2920,M,1,0.0101846,1.25622,1.89745,3.20363,F
392,1,HappyBirthday,515,8760.96,M,1,0.000229116,1.14418,4.57879,0.0716008,F
392,1,HappyBirthday,1411,365,M,1,0.0534434,0.126833,217.072,22.0425,F
392,1,HappyBirthday,733,10950.5,M,1,0.00521491,0.725123,55.0442,1.94969,F
393,1,HappyBirthday,59,6205.47,F,1,0.000204715,0.0785022,34.4653,0.0682558,F
393,1,HappyBirthday,1046,3650,F,1,0.0157655,1.46197,91.3728,5.21835,F
394,1,HappyBirthday,125,12775.1,M,1,0.0288009,2.14531,198.905,11.7879,F
394,1,HappyBirthday,1307,1460,F,1,0.000896083,0.0919209,0.152196,0.278881,F
395,1,HappyBirthday,512,15695.5,F,1,0.00424076,0.731853,25.9944,1.4724,F
395,1,HappyBirthday,638,9490.95,M,1,0.00368543,4.46427,1.04714,1.15328,F
395,1,HappyBirthday,818,9855.58,F,1,0.00475346,2.23549,32.4746,1.5469,F
396,1,HappyBirthday,163,24090.4,M,1,0.157246,1.18129,7.87237,55.2673,F
397,1,HappyBirthday,170,26280.8,M,1,0.0612624,1.23344,0.0210178,19.6477,F
397,1,HappyBirthday,881,4745.73,F,1,0.454218,1.84746,5.89002,191.271,F
397,1,HappyBirthday,908,4745.49,M,1,0.00299159,0.0572519,1.92792,0.931066,F
398,1,HappyBirthday,2,20805.5,M,1,0.079904,0.221124,149.082,29.2991,F
398,1,HappyBirthday,1308,1460,M,1,0.000265322,19.0653,35912,2.14415,F
398,1,HappyBirthday,625,28835.3,M,1,0.00390723,12.7141,31448.8,19.6831,F
399,1,HappyBirthday,1184,2555,M,1,0.000594364,0.283623,2.41035e-06,0.184873,F
399,1,HappyBirthday,338,4745.43,M,1,0.000268948,0.737909,1.63856,0.0836527,F
399,1,HappyBirthday,1138,2920,F,1,0.054737,0.0237428,0.634216,17.4932,F
399,1,HappyBirthday,1383,730,F,1,0.00210592,0.433351,17159.2,9.08119,F
401,1,HappyBirthday,320,14235.1,M,1,0.000732542,1.10344,32.7003,0.238695,F
401,1,HappyBirthday,1048,3650,F,1,0.558832,2.60189,2.78521,255.391,F
402,1,HappyBirthday,1049,3650,F,1,0.00290657,0.362219,116.974,0.948211,F
402,1,HappyBirthday,789,11680.2,F,1,0.000124644,0.207316,325.676,0.0845506,F
402,1,HappyBirthday,848,8760.67,M,1,0.00959268,0.192453,0.0687388,2.9959,F
403,1,HappyBirthday,119,16790.5,F,1,0.0048009,1.10989,5064.68,1.69861,F
403,1,HappyBirthday,398,11680.9,F,1,0.0774648,6.48417,6.87325,25.3083,F
404,1,HappyBirthday,73,4745.66,F,1,6.76593e-05,0.199941,16245.3,0.233312,F
404,1,HappyBirthday,1258,1825,F,1,0.00493252,0.101163,56.9531,1.65457,F
405,1,HappyBirthday,122,9125.27,M,1,0.0500589,1.09636,0.40037,15.9863,F
405,1,HappyBirthday,1309,1460,M,1,0.932329,0.0937969,142.926,1223.52,F
405,1,HappyBirthday,1050,3650,M,1,0.0238986,0.975262,8.49983,7.52097,F
405,1,HappyBirthday,660,4745.48,M,1,0.00694519,0.844747,62.1619,2.35705,F
405,1,HappyBirthday,731,5840.42,M,1,0.00262035,1.52793,2.94092,0.827195,F
406,1,HappyBirthday,39,18250.6,F,1,0.00303077,0.732777,23.052,1.04997,F
406,1,HappyBirthday,148,21170.7,F,1,0.0147525,1.02562,156.256,6.80625,F
406,1,HappyBirthday,1345,1095,F,1,0.242138,0.394657,52906.5,1052.42,F
407,1,HappyBirthday,558,13140.6,F,1,0.00175288,3.32566,166.969,0.588854,F
407,1,HappyBirthday,669,18980.3,F,1,0.00510719,3.84135,53.3673,1.73393,F
407,1,HappyBirthday,1384,730,F,1,0.00157287,0.762257,10.1368,0.513656,F
408,1,HappyBirthday,565,4380.26,M,0,0,0.501211,0,0,F
408,1,HappyBirthday,768,9855.45,M,1,0.00313658,2.78461,8.879,0.978381,F
408,1,HappyBirthday,769,18980.1,M,1,0.30767,0.68114,31.9807,129.507,F
408,1,HappyBirthday,1346,1095,F,1,0.00508665,1.2491,3.6028,1.59453,F
409,1,HappyBirthday,1412,365,M,1,9.2502e-05,1.41882,50309,0.114573,F
409,1,HappyBirthday,588,11315.8,M,1,0.00883922,5.07604,7147.09,2.81628,F
409,1,HappyBirthday,880,6935.71,F,1,0.000928202,0.262013,0.00022116,0.288534,F
409,1,Births,1452,0,F,0,0,11.2673,0,0,F
410,1,HappyBirthday,204,8030.55,F,1,0.0199297,0.775307,2075.58,10.4433,F
410,1,HappyBirthday,457,12775,F,0,0,0.172218,0,0,F
410,1,HappyBirthday,1310,1460,M,1,0.0656407,3.92576,124.49,30.3004,F
410,1,HappyBirthday,840,12775.2,M,1,0.000653225,3.44752,0.129845,0.203206,F
410,1,HappyBirthday,995,18250.9,M,1,0.0011499,0.243228,3866.62,0.422205,F
411,1,HappyBirthday,72,8760.34,F,1,0.00677913,1.10098,0.54662,2.11856,F
411,1,HappyBirthday,249,16790.4,F,1,0.00129362,0.080708,0.0034808,0.402277,F
411,1,HappyBirthday,526,5475.94,M,1,0.000158453,8.94083,165.651,0.0513806,F
411,1,HappyBirthday,950,10220.2,M,1,0.177388,74.0963,0.569603,60.8156,F
412,1,HappyBirthday,1186,2555,M,1,0.00097382,0.302716,13.8919,0.302882,F
412,1,HappyBirthday,328,12410.4,M,1,0.204402,1.14882,5.98564,71.6202,F
412,1,HappyBirthday,1413,365,M,1,0.304247,0.197511,21469.6,1126.8,F
412,1,Births,1453,0,F,0,0,0.0375961,0,0,F
413,1,HappyBirthday,45,18615.1,M,1,0.0044987,2.18456,141.42,1.89669,F
413,1,HappyBirthday,99,7300.56,M,1,0.000654844,4.42898,3.81077,0.204256,F
413,1,HappyBirthday,523,6570.24,F,1,0.00038522,5.40862,87.2836,0.121371,F
413,1,HappyBirthday,548,7300.63,M,1,0.0406073,4.54869,696.564,30.23,F
413,1,HappyBirthday,572,14965.5,F,1,0.000417042,0.183621,14.1908,0.132789,F
413,1,HappyBirthday,719,6935.9,F,1,0.0526236,0.553547,3.09341,16.8156,F
413,1,HappyBirthday,918,16060.1,F,1,0.00734247,2.43398,6545.82,19.3455,F
414,1,Births,1454,0,F,0,0,0.369815,0,0,F
414,1,Births,1455,0,F,0,0,0.268006,0,0,F
415,1,HappyBirthday,23,10220,F,1,0.852074,13.8089,179.656,675.818,F
416,1,HappyBirthday,1094,3285,M,1,9.4518e-05,0.210946,0.285891,0.0294024,F
417,1,HappyBirthday,355,21170.4,F,1,0.000161509,1.79015,24.8946,0.0505432,F
417,1,Births,1456,0,F,0,0,0.0272036,0,0,F
418,1,HappyBirthday,97,6935.96,F,1,0.00594894,0.0567708,241.177,1.8684,F
418,1,HappyBirthday,201,4380.97,F,1,0.000243223,2.81453,287.658,0.077037,F
418,1,HappyBirthday,451,5110.92,M,1,0.191627,6.16554,1.84191,66.1324,F
418,1,HappyBirthday,594,5840.45,M,1,0.0575394,17.7929,3.17552,18.4187,F
418,1,HappyBirthday,641,12775.7,F,1,0.000271761,0.121305,70.9114,0.0937016,F
418,1,HappyBirthday,1187,2555,F,1,0.833573,0.146754,183.261,658.647,F
419,1,HappyBirthday,253,7665.18,M,1,0.0010891,2.23293,45.3461,0.395625,F
419,1,HappyBirthday,600,12775.9,F,1,0.0402975,0.230123,0.978127,12.7981,F
419,1,HappyBirthday,807,6935.76,M,1,0.000131548,0.0822924,18.4341,0.0420086,F
420,1,HappyBirthday,479,5840.94,F,1,0.000194856,0.347894,3141.62,0.0928694,F
420,1,HappyBirthday,1311,1460,M,1,0.209605,0.101548,4475.55,151.89,F
421,1,HappyBirthday,52,8760.89,F,1,0.000128971,0.0973023,0.165135,0.0401016,F
421,1,HappyBirthday,1414,365,M,1,0.100806,0.226944,54.2423,41.8866,F
421,1,HappyBirthday,506,6570.39,M,1,0.025167,0.222211,0.15349,7.92113,F
421,1,HappyBirthday,524,14965.2,F,1,0.00868565,6.34867,28.5527,2.88956,F
422,1,HappyBirthday,388,12775.4,M,0,0,0.0354499,0,0,F
422,1,HappyBirthday,627,18250.4,F,1,0.000910478,0.326927,0.256774,0.283327,F
422,1,HappyBirthday,1385,730,F,0,0,0.0608512,0,0,F
422,1,HappyBirthday,728,5475.03,F,0,0,0.191347,0,0,F
423,1,HappyBirthday,293,18250.8,F,1,0.00668288,0.22217,0.0011384,2.08422,F
423,1,HappyBirthday,1347,1095,F,1,0.388607,0.148719,7228.14,376.126,F
424,1,HappyBirthday,87,5110.47,F,1,0.0548217,0.065492,39.8726,17.5692,F
424,1,HappyBirthday,1348,1095,M,1,0.0564975,0.163628,651.252,36.0194,F
425,1,HappyBirthday,1008,4015,M,1,2.13056e-06,1.08526,423.385,0.00108056,F
425,1,HappyBirthday,1260,1825,F,1,0.00155389,0.292409,41.2882,0.512067,F
425,1,HappyBirthday,697,7300.76,M,1,0.00739319,0.600646,0.103091,2.30642,F
426,1,HappyBirthday,1053,3650,M,1,0.00108909,0.569238,0.973129,0.340177,F
427,1,HappyBirthday,24,22995.2,M,1,1.40019e-06,1.20554,4410.72,0.0061004,F
427,1,HappyBirthday,1386,730,F,1,0.537968,2.86213,2381.43,664.434,F
427,1,HappyBirthday,1349,1095,F,1,0.0328797,1.30417,33.9979,10.8212,F
427,1,HappyBirthday,1188,2555,F,1,0.74969,0.264405,62.171,441.893,F
427,1,HappyBirthday,921,5840.9,M,1,0.00525868,2.34468,508.652,2.54465,F
428,1,HappyBirthday,1415,365,M,1,0,0.112296,14.4398,0,F
428,1,HappyBirthday,1054,3650,M,1,0.872148,0.220363,27.2068,649.08,F
429,1,HappyBirthday,262,6935.42,F,1,2.54741e-05,4.29165,598.986,0.0277738,F
429,1,HappyBirthday,837,13505.3,F,1,0.00452348,0.168867,9.18619,1.4375,F
430,1,HappyBirthday,685,5840.12,M,1,0.0512128,0.280874,171.716,16.8777,F
430,1,HappyBirthday,792,4380.84,F,1,0,0.309893,0.405303,0,F
430,1,HappyBirthday,875,5475.93,F,1,3.524e-06,0.104584,0,0.00108156,F
430,1,HappyBirthday,1261,1825,F,1,0.287225,3.75307,13035,342.205,F
431,1,HappyBirthday,198,5110.94,M,1,0.182628,2.57919,11248.7,108.426,F
431,1,HappyBirthday,1262,1825,M,1,2.54082e-05,6.58466,22802.5,0.016027,F
431,1,HappyBirthday,1387,730,F,1,7.70022e-05,0.0561417,0,0.0239756,F
431,1,HappyBirthday,901,9855.22,F,1,0,0.805792,71.2691,0,F
431,1,HappyBirthday,1095,3285,M,1,0.000185747,0.150048,0,0.0577175,F
432,1,HappyBirthday,1388,730,F,1,0.0417589,0.672872,2058.35,20.4065,F
433,1,HappyBirthday,121,10585.5,F,1,4.49376e-05,4.26258,2.55822,0.01404,F
433,1,HappyBirthday,1312,1460,M,1,0.0578879,0.510095,855.718,24.3896,F
433,1,HappyBirthday,928,29930.5,F,1,0.0108989,1.64098,26.5497,3.82048,F
434,1,HappyBirthday,77,5840.42,M,1,0.00127957,0.0841187,390.09,0.489826,F
434,1,HappyBirthday,1141,2920,M,1,0.84925,0.305973,8.44649,594.431,F
434,1,HappyBirthday,1142,2920,F,1,0.00162109,0.928667,159.724,0.626905,F
435,1,HappyBirthday,1263,1825,F,1,0.0334133,1.71447,24205.6,25.8905,F
436,1,HappyBirthday,561,4380.39,M,1,7.6259e-05,0.121712,21.2923,0.0262778,F
436,1,HappyBirthday,1009,4015,F,1,0.012769,0.615627,193.622,5.18843,F
437,1,HappyBirthday,1055,3650,F,1,0.104741,1.32423,67.0388,36.4447,F
437,1,HappyBirthday,439,18250.5,M,1,0.0768985,6.76589,0.559107,24.8679,F
437,1,HappyBirthday,1143,2920,F,1,0.000742962,2.31662,400.693,0.24391,F
438,1,HappyBirthday,640,8395.91,F,1,0.0504775,18.4499,516.589,28.2197,F
438,1,HappyBirthday,675,9125.74,F,0,0,0.0528229,0,0,F
438,1,HappyBirthday,771,24455.8,M,1,0.0012459,5.44196,1.31521,0.389335,F
438,1,HappyBirthday,1389,730,M,1,0.00207765,0.380841,143.435,0.794763,F
438,1,HappyBirthday,1189,2555,M,1,0.000130179,0.0658908,0.0144621,0.0403913,F
439,1,HappyBirthday,1313,1460,M,1,0.0633734,0.249763,112.899,24.2171,F
439,1,HappyBirthday,425,28470.4,M,1,0.00855866,0.531306,5542.52,3.06653,F
439,1,HappyBirthday,535,4745.74,F,1,0.0681032,0.640734,1758.24,23.6266,F
440,1,HappyBirthday,1314,1460,M,1,0,0.0807816,12746.8,0,F
441,1,HappyBirthday,1390,730,M,0,0,0.00702789,0,0,F
441,1,HappyBirthday,501,24090.3,F,1,0.0463355,0.217976,0.0322862,14.7463,F
441,1,HappyBirthday,946,8030.25,M,1,0,9.76513,94.9922,0,F
442,1,HappyBirthday,347,10585.1,M,1,0.253963,0.0955222,30394.9,443.686,F
442,1,HappyBirthday,420,16790.7,M,1,0.000821897,1.17227,3.89177,0.259717,F
443,1,HappyBirthday,88,9490.34,F,1,0.0152143,0.546295,1107.17,21.6844,F
443,1,HappyBirthday,1416,365,M,1,4.46773e-06,0.127327,3.87564,0.00139567,F
443,1,HappyBirthday,1417,365,M,1,0.000509305,0.0340215,87.7752,0.176897,F
443,1,HappyBirthday,1264,1825,F,1,0.000449054,10.4472,222.941,0.268621,F
444,1,HappyBirthday,795,6935.67,F,1,0.0407249,0.172912,5.82462,12.9208,F
444,1,HappyBirthday,917,8760.9,M,1,0.124375,30.0083,0.0468138,41.2776,F
444,1,HappyBirthday,960,4745.91,F,1,0.000584194,4.23484,217.184,0.23785,F
445,1,HappyBirthday,1418,365,M,0,0,0.11835,0,0,F
446,1,HappyBirthday,55,6935.7,F,1,0.450146,0.99692,1377.4,219.192,F
446,1,HappyBirthday,1096,3285,F,1,0.130887,0.135384,0.192131,43.5962,F
446,1,HappyBirthday,776,12775.3,M,1,0,0.0933464,365.237,0,F
446,1,HappyBirthday,821,28470.6,F,1,0.000507411,0.252957,2.08e-05,0.157667,F
447,1,HappyBirthday,432,9125.86,M,1,0.00199353,0.393273,0.499878,0.620552,F
447,1,HappyBirthday,839,19710.3,F,0,0,0.093207,0,0,F
448,1,HappyBirthday,1315,1460,M,1,0.0972379,0.179525,7.55269,32.9996,F
448,1,HappyBirthday,172,10585.7,F,1,0.0372533,9.56882,0.0522822,11.7989,F
450,1,HappyBirthday,137,13505,F,1,0.00201202,0.78456,808.314,1.28947,F
450,1,HappyBirthday,245,32485,F,1,0.00669652,75.1193,6759.4,4.55914,F
450,1,HappyBirthday,1144,2920,F,1,0.10334,7.96262,646.973,48.4829,F
451,1,HappyBirthday,428,29565.4,M,1,3.36003e-06,1.56928,24.9711,0.0010866,F
451,1,HappyBirthday,549,13140.6,F,1,0.0696619,0.0612605,0.0001922,22.4414,F
451,1,HappyBirthday,752,32850.3,M,1,0.00129981,5.35639,10.1006,0.409187,F
452,1,HappyBirthday,472,5110.58,F,1,0.000257174,0.114393,40.6719,0.0919468,F
452,1,HappyBirthday,1350,1095,F,1,0.484035,0.104099,9658.08,1262.67,F
454,1,HappyBirthday,1316,1460,F,1,0.0493256,0.249463,66563.4,282,F
455,1,HappyBirthday,251,8395.33,M,1,0.00746996,0.864764,5.62919,2.33151,F
455,1,HappyBirthday,440,6570.07,M,1,0.000748719,11.9763,68.2941,0.253848,F
455,1,HappyBirthday,580,7665.03,M,1,0.0731751,0.195716,758.67,25.5209,F
456,1,HappyBirthday,532,20805.9,F,1,4.75999e-07,0.244723,0.0949882,0.0001454,F
456,1,HappyBirthday,1317,1460,F,0,0,0.0344755,0,0,F
456,1,HappyBirthday,1266,1825,M,1,0.306044,0.90221,9050.8,271.812,F
457,1,HappyBirthday,126,17520.1,F,1,0.0125571,0.677574,911.282,3.99126,F
457,1,HappyBirthday,1267,1825,M,1,0.000397986,8.95419,4616.18,1.58674,F
459,1,HappyBirthday,540,4380.74,F,1,0.00577755,0.727482,0.000139382,1.80096,F
459,1,HappyBirthday,568,24455.6,M,0,0,0.0351957,0,0,F
459,1,HappyBirthday,1058,3650,F,1,0.00030992,10.9783,165.025,0.166484,F
459,1,HappyBirthday,1351,1095,M,1,0.8287,0.486934,315.428,613.648,F
459,1,HappyBirthday,1057,3650,M,1,0.00239436,0.593181,40.4218,0.782147,F
460,1,HappyBirthday,350,21900.1,F,1,0.494217,1.0108,16.5287,218.071,F
461,1,HappyBirthday,1190,2555,M,1,0.000466423,0.861032,3693.49,0.800627,F
461,1,HappyBirthday,1318,1460,M,1,0.269172,0.143999,2.2407,97.4587,F
462,1,HappyBirthday,321,4745.89,F,1,0.0878215,0.426626,1742.8,34.3762,F
463,1,HappyBirthday,913,16425.8,F,1,0.0183265,1.65213,0.817435,5.74802,F
464,1,HappyBirthday,1352,1095,M,1,0.00283916,1.44717,1.44204,0.884275,F
465,1,HappyBirthday,1059,3650,M,1,0.0397836,0.596248,7.95937,12.6187,F
466,1,HappyBirthday,135,9125.13,F,1,0.0049728,7.31008,8.49934,1.57164,F
466,1,HappyBirthday,1145,2920,M,1,5.5361e-06,8.22565,8437.76,0.00818045,F
466,1,HappyBirthday,1353,1095,F,1,0.00539258,0.377848,81.5477,2.27113,F
466,1,HappyBirthday,693,7665.41,F,1,0.00276779,0.43279,206.679,0.865794,F
466,1,Births,1457,0,M,0,0,0.0108962,0,0,F
467,1,HappyBirthday,310,5840.52,M,1,0.0097144,0.735114,7327.72,13.7404,F
467,1,HappyBirthday,376,9125.36,M,1,0.0629664,18.0698,62.4969,21.5748,F
467,1,HappyBirthday,585,11680.3,F,1,2.94917e-05,5.32746,369.091,0.0142926,F
467,1,HappyBirthday,975,28105,M,1,0.262911,0.10496,71.9847,107.616,F
467,1,HappyBirthday,1097,3285,F,1,0.00127546,0.988217,1.57121,0.399242,F
468,1,HappyBirthday,624,12045.3,F,1,0.00868465,0.208911,325.242,4.00958,F
468,1,HappyBirthday,661,6935.62,F,1,0.0549654,0.152285,12.9596,18.0393,F
468,1,HappyBirthday,1191,2555,M,1,0.00342235,0.237394,9865.05,1.5119,F
469,1,HappyBirthday,1391,730,F,1,0.00630012,0.521062,148.387,2.45605,F
469,1,HappyBirthday,244,22995.3,F,1,0.167683,0.280705,7.6823,57.0603,F
469,1,HappyBirthday,1354,1095,M,1,0.0362567,0.046935,27.6866,11.4772,F
469,1,HappyBirthday,662,4745.81,F,1,0.0120804,0.503216,8.53818,3.83288,F
469,1,HappyBirthday,1419,365,F,1,0.623636,0.348912,690.647,1274.56,F
470,1,HappyBirthday,131,21170.2,F,1,1.80068e-06,0.0188617,1.44448,0.000562,F
471,1,HappyBirthday,1420,365,M,0,0,0.00530259,0,0,F
471,1,HappyBirthday,331,18615.3,F,1,0.00438563,2.53454,0.99136,1.36598,F
471,1,HappyBirthday,630,17520.8,F,1,0.0229815,1.23455,13.6078,7.38808,F
471,1,HappyBirthday,884,12410.4,M,1,0.00170359,1.08944,31.4112,0.529983,F
472,1,HappyBirthday,1355,1095,F,1,0,0.034352,138.619,0,F
472,1,HappyBirthday,1098,3285,M,1,0.000172286,0.274892,24452.8,0.182867,F
472,1,HappyBirthday,953,6570.73,F,1,0.00137403,1.41682,12284.5,11.0329,F
472,1,Births,1458,0,M,0,0,0.021796,0,0,F
473,1,HappyBirthday,102,17520.4,F,1,0,0.117465,0,0,F
473,1,HappyBirthday,192,14965.4,M,1,0.00118631,0.704725,601.713,1.30432,F
473,1,HappyBirthday,520,14235.7,F,1,0.000303781,1.97955,919.621,0.139093,F
473,1,HappyBirthday,667,6935.23,M,1,0.00150643,0.258134,10.7217,0.494021,F
474,1,HappyBirthday,1319,1460,F,1,1.44295e-05,0.163877,14214.1,0.0790327,F
474,1,HappyBirthday,273,19710.7,M,1,0.044763,3.77314,30.1788,15.8305,F
474,1,HappyBirthday,861,24090.4,M,1,0.0245197,1.06273,1546.5,32.0894,F
474,1,HappyBirthday,1422,365,F,0,0,0.0192576,0,0,F
475,1,HappyBirthday,505,5840.94,M,1,0.0151483,3.80032,278.855,9.60987,F
475,1,HappyBirthday,521,5840.25,F,1,0.00574967,6.64645,3.74426,1.79203,F
475,1,HappyBirthday,613,21535.1,F,1,0.0217419,0.0292599,2.41511,6.85912,F
475,1,HappyBirthday,746,5475.76,M,1,0.0586395,1.07795,204.173,19.7463,F
476,1,HappyBirthday,14,5475.71,M,1,0.962529,2.81667,376.001,1517.16,F
476,1,HappyBirthday,698,6570.83,M,1,0,2.28772,64.8839,0,F
477,1,HappyBirthday,1356,1095,F,1,0.00016244,1.41116,1119.45,0.242929,F
478,1,HappyBirthday,1320,1460,F,1,0.00333605,1.75689,17311.9,1.95332,F
478,1,HappyBirthday,683,28470.2,F,0,0,0.020728,0,0,F
478,1,Births,1459,0,M,0,0,0.0601825,0,0,F
479,1,HappyBirthday,162,8760.08,M,1,0.0162009,0.530327,14620.3,11.5176,F
479,1,HappyBirthday,239,5110.16,M,1,0.00121504,0.757542,92.3052,0.417996,F
479,1,HappyBirthday,1100,3285,M,1,0.000673404,0.693345,15827.6,0.273419,F
479,1,HappyBirthday,650,12045.7,F,1,0.049216,5.63484,242.77,16.077,F
479,1,HappyBirthday,1226,2190,F,1,0.0705266,1.06881,126.617,27.637,F
480,1,HappyBirthday,113,17885.9,M,1,0.00046213,0.216239,77210.3,2.35762,F
480,1,HappyBirthday,303,7665.11,M,1,0.00406015,1.19814,1009.85,3.4525,F
480,1,HappyBirthday,323,20075.3,M,1,0.00160991,0.130562,76.5288,0.558028,F
480,1,HappyBirthday,602,15330.4,F,1,0.00715495,4.36204,211.651,3.12604,F
480,1,HappyBirthday,691,16425.7,F,1,0.0125328,0.23536,0.0392288,3.92012,F
481,1,HappyBirthday,295,21535.4,F,1,0.00385514,2.56976,0.0252942,1.20033,F
482,1,HappyBirthday,1011,4015,F,1,0.0146712,0.261396,2901.46,21.9706,F
483,1,HappyBirthday,967,20440.9,M,1,0.00158954,2.58951,124.018,0.499926,F
484,1,HappyBirthday,622,12410,M,1,0.145188,0.458473,7.06054,49.2938,F
485,1,HappyBirthday,337,9125.16,F,1,2.96645e-05,0.458962,957.102,0.0431522,F
485,1,HappyBirthday,609,6205.03,M,1,0.0078896,0.950734,54.6157,2.47,F
485,1,HappyBirthday,785,22630.2,M,1,7.6518e-07,1.36058,14116.9,0.0044108,F
485,1,HappyBirthday,856,12775.9,F,1,0.0735039,0.973528,2.36523,23.8091,F
486,1,HappyBirthday,160,18615.7,F,1,0.568446,0.18175,1293.47,618.504,F
486,1,HappyBirthday,1060,3650,F,1,3.90303e-05,0.048703,24824.3,0.271402,F
486,1,HappyBirthday,475,15695.6,F,1,0.00206501,0.332553,19.5003,0.662399,F
487,1,HappyBirthday,212,7665.34,M,1,0.00605653,3.70816,0.54712,1.89214,F
488,1,HappyBirthday,108,26280.7,M,1,0.068581,0.593477,0.109565,22.0803,F
489,1,HappyBirthday,1321,1460,M,1,0.00225284,0.122336,27.7975,0.732903,F
489,1,Births,1460,0,F,0,0,8.61263,0,0,F
489,1,Births,1461,0,F,0,0,0.0946878,0,0,F
490,1,HappyBirthday,406,8030.82,F,1,3.45773e-05,1.69324,1243.39,0.0128656,F
490,1,HappyBirthday,1061,3650,M,1,0.0381627,0.409291,938.588,29.2544,F
490,1,HappyBirthday,706,10220.8,F,1,0.0353524,3.67628,10.6288,11.2054,F
490,1,HappyBirthday,737,5110.56,F,1,0,0.0982247,8704.71,0,F
490,1,HappyBirthday,872,14235.2,F,1,0.00747926,18.5261,205.344,4.51268,F
490,1,Births,1462,0,M,0,0,1.56048,0,0,F
491,1,HappyBirthday,1322,1460,M,1,0.00258229,0.158782,12.1947,0.84753,F
492,1,HappyBirthday,112,18615.8,F,1,0.0619807,0.402869,0.11948,19.8928,F
492,1,HappyBirthday,259,4745.97,M,1,9.27817e-07,0.0747776,7514.2,0.00275067,F
492,1,HappyBirthday,308,6570.75,F,1,0.092748,0.0594335,9404.4,41.4799,F
492,1,HappyBirthday,781,22630.5,M,1,0.09886,0.104568,0.162389,32.352,F
493,1,HappyBirthday,98,6205.48,F,1,6.72122e-06,0.0965024,5101.49,0.0147965,F
493,1,HappyBirthday,1062,3650,F,1,0.0599871,0.593816,148.001,19.7897,F
493,1,HappyBirthday,1192,2555,M,1,0.010012,1.87867,5355.63,7.9849,F
493,1,HappyBirthday,207,10221,M,1,0.00218301,3.08413,20.4093,0.680039,F
493,1,HappyBirthday,618,12775,F,1,0.000367513,1.51073,6502.22,0.982152,F
494,1,HappyBirthday,169,16425,M,1,0.00203288,0.208304,159589,18.2442,F
494,1,HappyBirthday,229,9125.56,M,1,0.000300049,0.905321,806.465,0.197604,F
495,1,HappyBirthday,1392,730,F,1,0.108522,2.55133,184.024,38.8742,F
495,1,HappyBirthday,834,15695.9,M,1,0.00613531,2.75826,10.7291,1.94753,F
496,1,HappyBirthday,851,16425.4,F,1,0.00358417,0.141408,45295.3,5.50027,F
496,1,HappyBirthday,919,24820.3,M,1,7.06805e-05,0.237476,41.5339,0.0232834,F
497,1,HappyBirthday,171,17155.8,F,1,0,0.0173655,0,0,F
497,1,HappyBirthday,740,8760.84,F,1,7.7388e-05,0.387991,1781.48,0.0867816,F
498,1,HappyBirthday,173,4745.3,M,1,0.000120802,0.015998,17520.2,0.0594224,F
498,1,HappyBirthday,883,8395.98,M,1,0.840922,2.09369,204.529,723.745,F
498,1,HappyBirthday,973,5475.17,M,1,0.000585062,1.22673,2.55318,0.182682,F
499,1,HappyBirthday,1227,2190,F,1,0.473195,0.0412017,9277.94,513.667,F
499,1,HappyBirthday,455,11680.2,F,1,0.000211651,0.0232351,0,0.0657772,F
499,1,HappyBirthday,599,7300.7,M,1,0.00101584,2.1497,14763.1,2.90798,F
499,1,Births,1463,0,M,0,0,0.106007,0,0,F
500,1,HappyBirthday,1323,1460,M,1,0.0816645,0.350058,59.5518,34.1796,F
501,1,HappyBirthday,185,9490.8,F,1,3.08606e-07,0.07904,75756.4,0.003704,F
501,1,HappyBirthday,486,5840.43,F,1,0.00192421,2.93159,4.72536,0.600032,F
502,1,HappyBirthday,25,25185.7,M,1,3.73161e-05,0.0589002,4598.88,0.0250772,F
502,1,HappyBirthday,124,11680.8,F,1,4.00216e-05,0.172361,0.914234,0.0124704,F
503,1,HappyBirthday,1423,365,F,1,0.00729079,0.299523,186.024,3.2279,F
504,1,HappyBirthday,92,13505.4,M,1,0,1.19375,330.323,0,F
504,1,HappyBirthday,340,6570.51,F,1,0.000988703,1.39562,225.648,0.315343,F
504,1,HappyBirthday,1104,3285,M,1,0.276256,0.184911,35.764,108.957,F
504,1,HappyBirthday,467,4745.71,F,1,0.00531064,4.35853,7200.12,6.12867,F
504,1,HappyBirthday,682,22630.5,M,1,0.110543,0.0808675,2.06266,36.5192,F
505,1,HappyBirthday,445,5840.68,M,1,0.032424,0.593782,353.873,10.9096,F
505,1,HappyBirthday,670,13870.8,F,1,0.360173,0.490695,5689.98,158.155,F
505,1,Births,1464,0,M,0,0,0.249884,0,0,F
506,1,HappyBirthday,1013,4015,F,1,0.570487,0.842869,101.552,266.145,F
506,1,HappyBirthday,1228,2190,M,1,0.100643,0.420434,168.379,39.3052,F
506,1,Births,1465,0,M,0,0,0.0519677,0,0,F
507,1,HappyBirthday,1064,3650,F,1,0.000550651,0.198528,35844.4,0.621412,F
507,1,HappyBirthday,1324,1460,M,1,0.00346874,0.279765,22366.9,2.52195,F
508,1,HappyBirthday,423,4745.73,M,1,0.000965445,0.283793,0.794959,0.300154,F
508,1,HappyBirthday,434,17155.1,F,1,0.00140931,0.364383,32.5432,0.459375,F
508,1,HappyBirthday,1107,3285,F,1,0.00304593,0.234404,1274.52,1.16184,F
509,1,HappyBirthday,1357,1095,F,1,0.00828679,0.103054,0.542513,2.59078,F
509,1,HappyBirthday,430,32485.4,M,1,0.119364,0.918199,28.5865,39.6345,F
509,1,HappyBirthday,1325,1460,M,1,0.011453,0.0328993,25.8242,3.93789,F
509,1,HappyBirthday,1326,1460,M,1,0.033133,0.486523,6708.3,192.289,F
510,1,HappyBirthday,109,4745.19,M,1,0.00170171,5.78681,108.523,0.539346,F
510,1,HappyBirthday,132,6935.41,M,1,0.00113569,0.238927,3810.26,0.701316,F
510,1,HappyBirthday,801,6935.1,F,1,0.0184381,11.1027,4.35869,5.79151,F
510,1,HappyBirthday,1270,1825,M,1,0.0243307,0.923453,24.8279,7.98331,F
510,1,Births,1466,0,M,0,0,0.192224,0,0,F
511,1,HappyBirthday,344,26645.6,F,1,0.155187,1.39741,436.048,53.0768,F
511,1,HappyBirthday,1229,2190,M,1,0.0123754,1.4093,239.641,7.32046,F
512,1,HappyBirthday,133,5475.84,F,1,0,0.361389,2.47089,0,F
512,1,HappyBirthday,1148,2920,M,1,0.210146,0.180252,0.76714,73.3881,F
512,1,HappyBirthday,1230,2190,M,1,0.0240945,0.435872,0.423719,7.58927,F
513,1,HappyBirthday,1193,2555,F,1,0.135011,1.14933,4.12031,45.8875,F
513,1,HappyBirthday,493,12410.8,F,1,0.0666649,2.11633,291.979,41.025,F
513,1,HappyBirthday,656,9490.04,M,1,0.00106664,0.867859,24719.9,6.33101,F
513,1,HappyBirthday,1014,4015,F,1,0.1253,0.189953,0.849142,41.7292,F
513,1,HappyBirthday,808,13870,M,1,0.00118895,0.643645,25.5174,0.397344,F
513,1,HappyBirthday,916,7300.06,F,1,0.001137,0.323445,34.5384,0.368652,F
514,1,HappyBirthday,32,5475.94,M,1,0.0148724,1.98263,58.8962,5.06927,F
514,1,HappyBirthday,66,27740,M,1,0.224895,0.0870206,25.9509,79.3222,F
514,1,HappyBirthday,1424,365,F,1,0.612063,0.0514005,2287.14,408.077,F
514,1,HappyBirthday,351,9125.04,F,1,0.281001,345.163,1.71781,102.539,F
515,1,HappyBirthday,290,9855.11,F,1,0.0021749,3.4665,299.795,0.871207,F
515,1,HappyBirthday,1327,1460,F,1,0.0103885,0.0595011,7.03077,3.35356,F
516,1,HappyBirthday,1358,1095,M,1,0.0110028,0.836155,2.05812,3.43862,F
516,1,HappyBirthday,1232,2190,F,1,0.00433451,2.45166,6.96845,1.35145,F
516,1,HappyBirthday,551,11315.6,M,1,0.000749688,4.20967,76.0048,0.259376,F
516,1,HappyBirthday,1231,2190,M,1,7.5005e-05,6.37131,84.5315,0.0290675,F
517,1,HappyBirthday,271,6935.61,F,1,0.0229615,1.35431,16.6899,7.82307,F
517,1,HappyBirthday,888,4380.92,M,1,0.0277784,7.46337,14.5445,8.81382,F
518,1,HappyBirthday,404,8760.27,M,1,0.00162176,4.41266,428.911,1.34326,F
519,1,HappyBirthday,265,28105.8,M,1,0.000206238,0.968218,843.581,0.192137,F
519,1,HappyBirthday,559,22630.8,M,1,0.00146475,3.75323,5.49669,0.455991,F
519,1,HappyBirthday,1271,1825,F,1,0.00118245,0.188004,11732,1.77653,F
520,1,HappyBirthday,21,11680,F,1,0.000214759,0.537473,447.877,0.0701532,F
520,1,HappyBirthday,1016,4015,M,1,0.0129487,0.764066,1.81679,4.08038,F
520,1,HappyBirthday,1328,1460,F,1,0.265013,0.14968,17150.8,1542.19,F
520,1,HappyBirthday,766,6570.02,M,1,0.0151306,0.637648,36.0098,4.73847,F
521,1,HappyBirthday,1273,1825,M,1,0.00244907,0.733068,840.898,3.47599,F
521,1,HappyBirthday,1065,3650,F,1,0.00794933,3.05667,0.079711,2.48214,F
521,1,HappyBirthday,1272,1825,M,1,0.0212198,0.318239,340.154,9.80625,F
522,1,HappyBirthday,469,9855.92,M,1,0.00484196,0.493055,381.03,1.8011,F
523,1,HappyBirthday,1194,2555,M,1,0.000151726,0.0674258,61140.4,0.280757,F
523,1,HappyBirthday,1108,3285,M,1,6.36804e-05,1.53868,17254.2,0.322226,F
523,1,HappyBirthday,1234,2190,M,1,0.00304519,0.592432,0.0187587,0.947938,F
523,1,Births,1467,0,M,0,0,0.00873906,0,0,F
524,1,HappyBirthday,956,16425.5,M,1,0.00180798,0.0896405,3.54431,0.562698,F
525,1,HappyBirthday,84,22995,M,1,0.000667411,9.40325,4.04e-05,0.207668,F
525,1,HappyBirthday,896,13140.2,F,1,0.00346726,0.556709,0.0361806,1.07942,F
526,1,HappyBirthday,1274,1825,F,1,0.00622742,0.0877558,2.17194,1.94175,F
526,1,HappyBirthday,545,10585.5,F,1,0.0116115,2.83821,0.075911,3.62968,F
527,1,HappyBirthday,187,10220.8,F,1,0.0012871,1.49846,367.435,0.421166,F
527,1,HappyBirthday,1393,730,F,1,0.221919,0.0821853,2430.19,335.304,F
528,1,HappyBirthday,876,4745.56,F,1,0.0473006,0.70056,28.9628,15.8781,F
528,1,Births,1468,0,F,0,0,0.0281177,0,0,F
529,1,HappyBirthday,53,5475.51,M,1,0.00360555,3.14069,0.558685,1.12252,F
529,1,HappyBirthday,194,7300.87,F,1,0.000750475,0.780842,918.443,0.548112,F
529,1,HappyBirthday,380,20440.4,M,1,0.0164181,16.0968,10.3677,5.16845,F
529,1,HappyBirthday,813,18250.6,M,1,0.00612779,0.379419,0.041869,1.9107,F
530,1,HappyBirthday,341,30660,F,1,0.00277197,1.73279,12.0268,0.908819,F
530,1,HappyBirthday,485,18250.3,F,1,0.00153664,0.371289,13.6545,0.480522,F
530,1,HappyBirthday,878,27375.4,F,1,0.0193562,1.02394,494.952,10.0057,F
531,1,HappyBirthday,763,8395.75,F,1,0.103981,5.39789,0.126315,34.1207,F
531,1,HappyBirthday,939,10950.1,F,1,0.0596223,2.44966,34.7819,20.2007,F
532,1,HappyBirthday,1149,2920,M,1,0.0101168,0.27269,18.0818,3.41706,F
532,1,HappyBirthday,1235,2190,F,1,0,0.86251,2.60721,0,F
533,1,HappyBirthday,1150,2920,F,1,0.303801,1.30441,16.6258,114.405,F
533,1,HappyBirthday,218,9855.93,F,1,1.99832e-05,0.144598,14392.7,0.0103808,F
533,1,HappyBirthday,409,5110.2,F,1,0.01392,0.731972,24.5555,4.36016,F
533,1,HappyBirthday,1195,2555,F,1,0.111222,0.120281,22.7555,36.7026,F
533,1,HappyBirthday,911,30660.1,F,1,5.10304e-05,2.48102,2791.66,0.073285,F
534,1,HappyBirthday,8,5110.94,F,1,0.0173781,0.118671,61.7117,5.45433,F
534,1,HappyBirthday,128,5840.54,M,1,0.0174397,2.98077,239.077,5.5502,F
534,1,HappyBirthday,1275,1825,F,1,0.351893,0.777017,4.18729,134.805,F
534,1,HappyBirthday,842,17885.2,M,1,0.00997456,0.196607,56.4006,3.14512,F
536,1,HappyBirthday,7,6935.94,F,1,0.0134103,5.50487,51.3456,4.21223,F
536,1,HappyBirthday,17,27740.2,F,1,0.0269145,0.207765,99.9857,8.55011,F
536,1,HappyBirthday,358,14235.9,F,1,0,0.048432,22.7449,0,F
536,1,HappyBirthday,1109,3285,F,1,0.110133,10.1631,2010.96,37.7184,F
536,1,HappyBirthday,707,5110.42,M,1,6.56538e-05,9.63911,12.2347,0.0208563,F
537,1,HappyBirthday,1329,1460,M,1,0.0142987,0.0592526,14.5538,4.77278,F
537,1,HappyBirthday,1276,1825,F,1,0.11567,0.841041,35.0809,44.8663,F
537,1,HappyBirthday,1236,2190,M,1,9.2118e-05,2.37721,0.0272329,0.0286025,F
537,1,HappyBirthday,592,11315.3,M,1,0.0634663,10.9387,1140.95,24.3764,F
537,1,HappyBirthday,621,9125.36,M,1,0.0604893,2.14139,1.97113,19.4473,F
538,1,HappyBirthday,349,8760.05,F,1,0.000663425,0.160768,1944.7,0.782122,F
538,1,HappyBirthday,555,17520.8,M,1,0.00242144,0.131135,1378.01,4.18791,F
538,1,HappyBirthday,1278,1825,M,1,0.0410633,0.516343,71.3769,13.6751,F
539,1,HappyBirthday,294,8760.32,F,1,0,0.0149175,44.0882,0,F
539,1,HappyBirthday,986,6570.94,M,1,0.00124665,0.0923307,0.0462417,0.387725,F
540,1,HappyBirthday,1066,3650,M,1,3.43972e-05,2.723,2671.56,0.110504,F
540,1,HappyBirthday,471,21900.1,M,1,0.0643956,15.6283,358.625,51.1369,F
540,1,HappyBirthday,738,9125.05,M,1,0.00847024,4.41588,16.8076,2.85271,F
541,1,HappyBirthday,18,16790.7,F,1,0.00842808,0.252183,945.898,2.71059,F
541,1,HappyBirthday,653,11680.4,F,1,0.0051678,4.6489,31.4367,1.74919,F
542,1,HappyBirthday,655,9125.98,M,1,9.55584e-05,1.31349,1149.06,0.174748,F
542,1,HappyBirthday,871,21900.7,M,1,0.00229549,8.63438,0.0165392,0.714435,F
543,1,HappyBirthday,141,9855.91,M,1,0.0352446,3.44205,5.55608,11.369,F
543,1,HappyBirthday,164,9490.19,M,1,0.0169857,0.0977331,0.405915,5.33285,F
543,1,HappyBirthday,167,4745.62,M,1,0.00549357,1.51238,13.5363,1.72124,F
543,1,HappyBirthday,1359,1095,F,1,0.285523,0.40299,1381.03,412.056,F
543,1,HappyBirthday,1067,3650,F,1,0.0990219,0.297685,1707.92,204.635,F
544,1,HappyBirthday,85,5475.74,M,1,0.00505207,0.307161,4020.68,1.69312,F
544,1,HappyBirthday,168,13870.2,M,1,0.00357159,0.241297,0.0005606,1.11167,F
544,1,HappyBirthday,232,6205.98,M,1,0.0319685,3.98395,123.15,10.5275,F
544,1,HappyBirthday,747,8395.34,M,1,0.00843482,6.40586,360.224,2.6879,F
545,1,HappyBirthday,614,7300.42,M,1,0.000134342,1.38472,91.1941,0.0569103,F
545,1,HappyBirthday,865,13140.2,M,1,0,1.45347,4551.23,0,F
545,1,HappyBirthday,870,4745.03,M,1,0.057812,1.38048,12.5592,18.827,F
546,1,HappyBirthday,4,36500,M,1,0.00911901,1.63777,5.62044,2.87134,F
546,1,HappyBirthday,314,8395.5,F,1,5.98686e-05,0.304679,0,0.0185738,F
546,1,HappyBirthday,421,7300.78,M,1,0.0210864,0.730988,128.901,7.1373,F
546,1,HappyBirthday,1330,1460,F,1,0.672048,0.302177,104.465,365.718,F
546,1,HappyBirthday,867,4745.29,F,1,0.0021335,1.19832,47.9933,0.814597,F
546,1,HappyBirthday,1196,2555,M,1,8.85329e-05,0.443156,0.275239,0.0275026,F
547,1,HappyBirthday,147,7665.34,F,1,0.000553727,2.29403,20.0149,0.175793,F
547,1,HappyBirthday,542,16425.4,F,1,0.0538761,0.129065,5181.37,17.485,F
547,1,HappyBirthday,826,8760.31,F,1,0.0646344,0.0559282,306.622,21.7792,F
548,1,HappyBirthday,1238,2190,F,1,0.00771147,0.558047,1.85648,2.42827,F
548,1,HappyBirthday,835,4380.34,F,1,0.0129668,7.02312,28.8246,4.11111,F
549,1,HappyBirthday,598,30660.8,F,1,0.00843299,0.941888,0.530423,2.63414,F
549,1,HappyBirthday,979,9490.16,M,1,0.159099,0.552287,6.74976,54.2935,F
550,1,HappyBirthday,1394,730,F,1,0.101908,0.0905249,28386.2,346.122,F
550,1,HappyBirthday,332,6570.23,F,1,0.109669,0.961224,4.85677,36.5901,F
550,1,HappyBirthday,343,20805,F,1,0.00012758,0.128792,6183.16,0.297813,F
550,1,HappyBirthday,1113,3285,M,1,0.123675,0.0602554,5.26864,42.0932,F
550,1,HappyBirthday,531,12045.2,F,1,0.00291505,4.27521,574.81,0.967986,F
550,1,HappyBirthday,1425,365,M,1,0.230366,0.541036,28123.9,1188.03,F
551,1,HappyBirthday,69,8395.08,F,1,0.0215435,0.420575,24.1893,7.44673,F
551,1,HappyBirthday,1197,2555,F,1,0.0244633,0.184133,307.964,11.4843,F
551,1,HappyBirthday,537,15695,M,1,8.05202e-05,0.0630846,17.5527,0.0271508,F
551,1,HappyBirthday,1151,2920,F,1,8.60814e-06,0.232356,7.79683,0.00275596,F
553,1,HappyBirthday,1239,2190,M,1,0.180859,0.221962,4216.37,306.632,F
553,1,HappyBirthday,1198,2555,M,1,0.00615682,0.123299,160.789,3.13915,F
554,1,HappyBirthday,1361,1095,M,1,0.0283909,0.0175067,17.4422,9.66113,F
554,1,HappyBirthday,941,7300.43,F,1,0.00277914,0.814329,9.26169,0.877287,F
555,1,HappyBirthday,152,35405.6,M,1,0.362076,2.28089,24078.7,1077.38,F
555,1,HappyBirthday,234,9125.74,M,1,0.0169327,14.7113,4503.44,34.4185,F
555,1,HappyBirthday,312,5475.29,F,1,0.0680447,10.0464,2.68513,21.9096,F
555,1,HappyBirthday,1279,1825,F,1,0.194064,0.0735368,93.8351,74.0269,F
555,1,HappyBirthday,761,8030.38,M,1,0.00119398,2.36337,6.267,0.379481,F
556,1,HappyBirthday,1280,1825,M,1,0.00818573,5.01424,248.149,2.6237,F
556,1,HappyBirthday,444,6570.35,M,1,0,0.193628,84.7154,0,F
556,1,HappyBirthday,1114,3285,F,1,0.00136225,2.24172,22.5008,0.438495,F
556,1,HappyBirthday,982,9125.94,M,1,0.000302485,0.410681,6190.82,0.741773,F
557,1,HappyBirthday,1362,1095,F,1,0.0460394,0.211567,1.94846,14.6965,F
557,1,HappyBirthday,416,4380.42,M,1,0.000243413,0.40754,49.745,0.0791204,F
557,1,HappyBirthday,759,10220.2,M,1,0.0435079,0.678977,125.514,16.5818,F
558,1,HappyBirthday,1363,1095,F,1,0.0202003,0.166908,10.6299,6.67883,F
558,1,HappyBirthday,779,5110.11,M,1,0,1.70114,7.13481,0,F
559,1,HappyBirthday,103,8395.34,F,1,0.0393762,13.6306,0.561937,12.4846,F
559,1,HappyBirthday,1331,1460,M,1,0.00752645,0.345023,31.2585,2.41398,F
559,1,Births,1469,0,M,0,0,0.0393579,0,0,F
560,1,HappyBirthday,1395,730,F,1,0.0611369,0.129015,14.8224,20.864,F
560,1,HappyBirthday,1068,3650,M,1,0,1.59487,8.23915,0,F
560,1,HappyBirthday,874,7300.53,F,1,0.00922452,0.0746379,0.227405,2.88046,F
560,1,Births,1470,0,F,0,0,0.265013,0,0,F
561,1,HappyBirthday,1199,2555,F,0,0,0.0202836,0,0,F
561,1,HappyBirthday,1281,1825,F,1,0.161021,0.309378,17.6422,58.7875,F
561,1,HappyBirthday,606,4380.46,M,1,0.0410181,0.424068,29.9679,13.3454,F
561,1,HappyBirthday,853,13505.5,F,1,0.0070235,0.37271,0.0001802,2.19052,F
562,1,HappyBirthday,1069,3650,M,1,0.00149429,0.644791,3668.87,0.603265,F
562,1,HappyBirthday,1396,730,M,1,0.00792741,0.147839,88.4785,3.42996,F
562,1,HappyBirthday,1332,1460,F,1,0.37858,4.19621,5711.85,717.645,F
563,1,HappyBirthday,203,6935.26,F,1,0.610752,4.47756,64.1693,329.881,F
563,1,HappyBirthday,266,30660.7,M,1,0.0056186,3.21721,3.51808,1.75236,F
563,1,HappyBirthday,281,6205.23,F,1,0.000217148,1.10729,28.2073,0.070395,F
563,1,HappyBirthday,1070,3650,M,1,0.120472,0.549585,55.4307,45.8024,F
563,1,HappyBirthday,1115,3285,M,1,0.15472,0.0354001,66228.5,928.018,F
563,1,HappyBirthday,845,27010.2,F,1,0.177823,15.1027,56254.3,527.942,F
564,1,HappyBirthday,1117,3285,M,1,0.0236171,0.183336,2.70486,7.4305,F
565,1,HappyBirthday,35,5475.01,F,1,0.0442168,0.322,0.0102584,14.0561,F
566,1,HappyBirthday,177,20805.6,F,1,0.0116207,1.15772,0.23775,3.63649,F
567,1,HappyBirthday,181,8030.29,M,1,0.000504244,3.28689,869.843,0.632396,F
567,1,HappyBirthday,215,5475.62,M,1,0,0.315484,0.0321294,0,F
567,1,HappyBirthday,688,14600.7,M,1,0.00221927,1.15822,333.038,1.01264,F
567,1,HappyBirthday,943,5475.66,F,1,0.101019,0.335834,13.7294,33.9979,F
568,1,HappyBirthday,42,8760.22,F,1,0.644362,0.407657,138.076,376.32,F
568,1,HappyBirthday,1071,3650,F,1,0.00152168,1.96779,405.419,0.745411,F
568,1,HappyBirthday,330,7300.56,F,1,0.00313199,0.753998,164.758,1.6735,F
568,1,HappyBirthday,361,5475.04,F,1,1.47134e-05,1.96006,100.624,0.00485597,F
568,1,HappyBirthday,1364,1095,M,0,0,0.0275916,0,0,F
569,1,HappyBirthday,563,8030.96,M,1,0.562991,15.4184,49.682,260.11,F
569,1,HappyBirthday,962,6205.67,M,1,0.00021565,2.96144,2.19116,0.0672351,F
570,1,HappyBirthday,1426,365,M,1,0.000473001,0.145745,4.44114,0.150609,F
570,1,HappyBirthday,793,14965.9,M,1,8.4794e-05,0.445419,1913.77,0.0988946,F
570,1,HappyBirthday,1333,1460,F,0,0,0.0339481,0,0,F
571,1,HappyBirthday,322,27375,M,1,3.93561e-05,2.51962,3.84198,0.0122578,F
571,1,HappyBirthday,500,7300.42,M,1,0.0391581,4.38104,6.59508,12.4242,F
571,1,HappyBirthday,577,26280.5,F,1,2.98444e-05,0.36336,13663,0.015662,F
572,1,HappyBirthday,1397,730,F,1,9.0509e-05,0.0528551,172330,0.863585,F
573,1,HappyBirthday,1398,730,F,1,0.135095,1.22396,14.8725,46.9642,F
573,1,HappyBirthday,1427,365,M,1,1.58487e-05,0.02782,6206.82,0.0383167,F
573,1,HappyBirthday,816,22265.7,M,1,0.000627529,0.49793,27.0378,0.220938,F
574,1,HappyBirthday,166,18615.5,M,0,0,0.00958021,0,0,F
574,1,HappyBirthday,465,6205.18,M,1,0.00868478,3.14555,100.554,3.73019,F
576,1,HappyBirthday,1021,4015,F,1,0.00764243,3.28249,302.722,3.68385,F
576,1,HappyBirthday,211,9490.72,M,1,0.0929575,2.57332,4.68592,31.0193,F
576,1,HappyBirthday,429,8760.88,M,1,0.0340258,1.76097,20.2252,10.8183,F
577,1,HappyBirthday,513,11680.1,F,1,0.00215109,0.943821,60491.1,6.39724,F
577,1,HappyBirthday,907,10220.4,F,1,0.000331251,5.87174,25.8219,0.111876,F
578,1,HappyBirthday,1072,3650,M,1,0.161605,0.335272,3.07099,55.5342,F
578,1,HappyBirthday,373,20440.5,F,1,0.319553,0.261794,510.68,379.055,F
578,1,HappyBirthday,619,6205.23,M,1,0.0485575,2.05599,858.407,17.8751,F
578,1,HappyBirthday,700,20075.9,F,1,0.25479,60.03,1504.3,271.792,F
578,1,HappyBirthday,984,12775.5,F,1,0.0293596,4.7354,189.506,11.9194,F
579,1,HappyBirthday,626,8760.03,F,1,0.00966461,2.9765,0.0275904,3.01779,F
579,1,HappyBirthday,810,5110.82,M,1,0.00422148,0.0756038,2344.62,5.73514,F
579,1,HappyBirthday,1242,2190,M,1,0.000271288,2.56176,2810.12,0.83277,F
580,1,HappyBirthday,107,33945,F,1,0.000980401,0.100704,0.0153392,0.304828,F
580,1,HappyBirthday,1153,2920,M,1,0.000980973,5.41588,0.572207,0.305082,F
580,1,HappyBirthday,955,9490,F,1,0.00249473,4.90119,3.05147,0.786046,F
581,1,HappyBirthday,252,10950.5,F,1,0.000211879,0.490545,0.601703,0.065822,F
581,1,HappyBirthday,666,4745.8,F,1,0,0.273699,0.140407,0,F
581,1,HappyBirthday,744,10220.6,M,1,0.0785571,0.155134,16.4443,27.532,F
581,1,HappyBirthday,910,7665.32,M,1,0.394999,0.5117,78.6924,157.943,F
582,1,HappyBirthday,1200,2555,F,1,0.00228369,1.10728,43.1373,0.739264,F
583,1,HappyBirthday,34,31025.1,M,1,0.00372462,1.8128,274.448,1.58975,F
583,1,HappyBirthday,464,6205.93,F,1,0,0.152961,10.6942,0,F
584,1,HappyBirthday,105,24820,M,1,0.00288691,0.778729,175.935,0.914629,F
584,1,HappyBirthday,200,18615.9,F,1,0.045964,0.34769,7.58398,14.8091,F
584,1,HappyBirthday,342,11680.9,F,1,0.0219191,0.0423477,3.64666,6.9137,F
584,1,HappyBirthday,1023,4015,F,1,9.24535e-05,2.22404,68.4381,0.0331692,F
584,1,HappyBirthday,974,10950.1,M,1,0.0119723,44.8431,10.408,3.93252,F
586,1,HappyBirthday,256,6205.66,M,1,0.00011962,2.90514,19.1573,0.0384079,F
586,1,HappyBirthday,1243,2190,M,1,0.00606172,0.678907,55.4931,2.40796,F
587,1,HappyBirthday,31,20805.3,F,1,3.51444e-05,14.9765,5738.61,0.0163992,F
587,1,HappyBirthday,307,8030.3,M,1,0.00528171,0.220878,945.069,2.05283,F
587,1,Births,1471,0,M,0,0,0.0572484,0,0,F
588,1,HappyBirthday,690,9490.77,M,1,0.00208965,1.8159,3675.48,1.91302,F
588,1,HappyBirthday,924,5110.23,F,1,0.000908244,0.531738,279.853,0.291581,F
588,1,HappyBirthday,1334,1460,M,1,0.00475306,0.280469,17.669,1.52549,F
588,1,HappyBirthday,942,14235.7,F,1,0.0131638,0.0343249,0.209233,4.11947,F
588,1,Births,1472,0,M,0,0,0.289237,0,0,F
589,1,HappyBirthday,1118,3285,M,1,0.0847942,0.541655,7002.3,155.398,F
589,1,HappyBirthday,1428,365,F,1,0.00047768,0.33204,54998,0.675331,F
589,1,HappyBirthday,1119,3285,F,0,0,0.0313921,0,0,F
590,1,HappyBirthday,62,8030.03,M,1,0.000417898,0.719797,1.84477,0.130168,F
590,1,HappyBirthday,199,13140.4,M,1,0.000342638,0.193908,967.061,0.260848,F
590,1,HappyBirthday,1154,2920,M,1,0.0270282,1.86525,9.86254,8.66213,F
591,1,HappyBirthday,996,6205.76,F,1,2.58499e-06,0.0410491,0.114826,0.000799334,F
592,1,HappyBirthday,1399,730,F,1,0.0262174,0.289181,34889.7,95.8347,F
593,1,HappyBirthday,1201,2555,F,1,0.0134938,0.199192,182.568,4.39234,F
593,1,HappyBirthday,325,13505.9,F,1,0.000120831,0.145427,17.0645,0.038614,F
593,1,HappyBirthday,1202,2555,F,1,0.00090167,0.160122,29.5114,0.291983,F
593,1,HappyBirthday,527,14965.3,M,1,0.0275615,4.5138,0.0927012,8.6866,F
593,1,HappyBirthday,1073,3650,F,1,0.000375367,0.211773,0.46995,0.116732,F
594,1,HappyBirthday,65,9490.46,F,1,0.000106314,1.92282,244.55,0.0352016,F
594,1,HappyBirthday,735,18980,F,1,0.0150449,1.42659,92.8768,4.74592,F
594,1,HappyBirthday,753,4380.89,M,1,0.412123,1.29801,48.9936,176.788,F
594,1,HappyBirthday,760,4745.77,M,1,0.0661826,3.70323,0.440675,21.2808,F
594,1,HappyBirthday,1120,3285,M,1,0.0341083,3.52727,589.313,33.4117,F
595,1,HappyBirthday,156,6935.9,F,1,0.00508311,1.21937,6450.69,13.1676,F
595,1,HappyBirthday,1155,2920,M,1,0.00090992,0.267034,8415.34,2.84782,F
595,1,HappyBirthday,509,20805.9,F,1,0.380639,0.636127,0.519371,148.932,F
595,1,Births,1473,0,F,0,0,0.273684,0,0,F
596,1,HappyBirthday,480,5475.93,M,1,0.0399882,3.62162,6988.12,96.6643,F
596,1,HappyBirthday,497,10950.8,F,1,0.0646072,6.18453,2.20326,20.7638,F
596,1,HappyBirthday,715,12775,M,1,0.537637,0.892846,23.9887,241.048,F
596,1,HappyBirthday,1121,3285,F,1,0.000446816,0.968155,25.2657,0.145001,F
597,1,HappyBirthday,196,10220.2,M,1,0.0047651,1.3382,8.18079,1.48428,F
597,1,HappyBirthday,1074,3650,F,1,0.0789534,1.51676,2.11547,25.7471,F
597,1,HappyBirthday,710,27010.1,M,1,0.0998122,11.1333,10.8223,33.7959,F
597,1,HappyBirthday,1429,365,M,1,0.207234,0.490252,259.251,87.3803,F
598,1,HappyBirthday,210,17885.4,F,1,0.000829114,1.05654,0.0286648,0.257886,F
598,1,HappyBirthday,362,11315.6,F,1,0.0420289,0.530819,0.902594,13.3442,F
598,1,HappyBirthday,1335,1460,F,0,0,0.00440986,0,0,F
598,1,HappyBirthday,749,21170.7,M,1,0.0930603,21.3687,6871.29,268.627,F
598,1,HappyBirthday,1365,1095,M,0,0,0.0190082,0,0,F
598,1,HappyBirthday,965,6570.02,F,1,2.44276e-05,2.8402,1.10224,0.00760365,F
599,1,HappyBirthday,11,4745.89,F,1,0.0200685,0.345518,6.64718,6.51215,F
599,1,HappyBirthday,1337,1460,M,1,0.00138842,1.2412,4.78624,0.43408,F
599,1,HappyBirthday,1025,4015,M,1,0.0124101,0.0586137,0.141559,3.88108,F
599,1,HappyBirthday,829,7300.13,M,1,0.342636,3.19988,2.07888,130.462,F
599,1,HappyBirthday,1336,1460,M,0,0,0.00462899,0,0,F
599,1,Births,1474,0,M,0,0,0.0237529,0,0,F
599,1,Births,1475,0,F,0,0,0.14029,0,0,F
600,1,HappyBirthday,1075,3650,M,1,0,0.245833,4.60147,0,F
600,1,HappyBirthday,877,4745.48,F,1,0.0380037,15.8176,176.709,20.9108,F
601,1,HappyBirthday,1430,365,M,1,0.589881,0.0252901,117.632,348.527,F
602,1,HappyBirthday,213,7665.05,M,1,0.95115,3.08711,134.594,1084.74,F
602,1,HappyBirthday,1204,2555,F,1,0.00959826,0.0285727,26.1959,3.29152,F
603,1,HappyBirthday,115,14600.6,F,1,0.00381996,0.507029,936.349,1.66988,F
603,1,HappyBirthday,223,14600.7,M,1,0.0128865,1.51625,3.15563,4.03135,F
603,1,HappyBirthday,1122,3285,F,1,0.00786698,1.77826,104.698,3.01667,F
604,1,HappyBirthday,495,13870.6,M,1,5.76586e-05,1.39609,147.631,0.02197,F
604,1,HappyBirthday,798,6935.93,M,1,0.0369799,7.22791,56.5725,12.4771,F
605,1,HappyBirthday,372,20805,M,1,0.00133731,0.192826,8.02648,0.420824,F
605,1,HappyBirthday,671,11315.4,M,1,0.104762,0.547344,1073.85,34.3974,F
605,1,HappyBirthday,1401,730,F,1,0.244951,0.173642,3362.09,180.844,F
606,1,HappyBirthday,957,17155.3,F,1,0.00584365,11.6357,30.0276,1.82449,F
607,1,HappyBirthday,586,22265.6,F,1,7.99065e-05,0.246012,22.958,0.0256438,F
608,1,HappyBirthday,40,8395.62,F,1,2.1478e-05,0.873896,11.7793,0.0070584,F
608,1,HappyBirthday,1283,1825,F,1,0,0.0439599,55.112,0,F
609,1,HappyBirthday,180,33945.6,M,1,0.000470928,0.470036,947.562,0.690162,F
609,1,HappyBirthday,197,7300.14,F,1,0,0.0844421,0,0,F
609,1,HappyBirthday,629,5840.18,M,1,0.000296964,2.47314,30.3147,0.0965846,F
609,1,HappyBirthday,767,5110.42,M,1,0.0456506,0.133071,2703.4,52.1019,F
610,1,HappyBirthday,1284,1825,F,1,0.324479,0.0688986,189.681,122.343,F
611,1,HappyBirthday,885,17520.8,M,1,0.379907,0.241322,279.069,152.042,F
612,1,HappyBirthday,1027,4015,F,1,0.000819616,11.8399,1.74176,0.256445,F
612,1,HappyBirthday,1078,3650,M,1,3.92676e-06,0.135036,14.1474,0.00127301,F
612,1,HappyBirthday,357,4745.92,F,1,0.000578088,0.121988,24.1985,0.180224,F
612,1,HappyBirthday,1026,4015,M,1,0.00199179,0.415827,613.74,0.657992,F
612,1,HappyBirthday,516,12045,F,1,0.0796808,0.442562,0.371608,25.8213,F
612,1,HappyBirthday,714,8030.35,M,1,0,0.279466,0.021,0,F
612,1,HappyBirthday,725,4745.23,F,1,0.000202684,0.622862,1.46006e-06,0.0629798,F
612,1,HappyBirthday,1205,2555,M,1,0.0208685,0.0373792,32.8603,6.7569,F
613,1,HappyBirthday,507,11315.4,M,1,0.126644,3.23031,44.0488,48.0556,F
613,1,HappyBirthday,782,7665.93,M,1,0.679308,2.53585,17.9711,361.147,F
613,1,HappyBirthday,787,31755.4,M,1,0.680561,0.180159,0.213989,354.733,F
613,1,HappyBirthday,981,10220.2,F,1,1.93866e-05,0.889118,21.1307,0.0064114,F
613,1,Births,1476,0,F,0,0,0.0394412,0,0,F
614,1,HappyBirthday,1079,3650,M,1,0.0102371,14.7119,6.56366,3.22977,F
615,1,HappyBirthday,1156,2920,F,1,0.000863284,1.30578,173.369,0.414603,F
615,1,HappyBirthday,836,8760.21,F,1,0.302563,0.271418,4525.45,112.396,F
616,1,HappyBirthday,336,17885.6,F,1,0.00550793,4.40985,8899.16,34.6169,F
616,1,HappyBirthday,1123,3285,M,0,0,0.0129952,0,0,F
616,1,HappyBirthday,681,6935,F,1,0.0087421,0.25591,875.122,5.80109,F
617,1,HappyBirthday,1286,1825,F,1,0.287385,6.73719,1942.87,118.273,F
617,1,HappyBirthday,305,13870.4,F,1,0.00213031,1.99733,44.5398,0.696148,F
617,1,HappyBirthday,1080,3650,F,1,0.0347207,0.24025,1.63311,11.0069,F
618,1,HappyBirthday,1287,1825,M,1,0.0130941,0.534476,4937.06,9.10316,F
618,1,HappyBirthday,774,14235.6,F,1,0.014778,0.386681,0.0626298,4.6269,F
619,1,HappyBirthday,267,24455.9,M,1,0.000114599,0.474918,0.827273,0.0356918,F
619,1,HappyBirthday,541,5475.41,M,1,0.000430726,0.81713,0.0160596,0.133957,F
619,1,HappyBirthday,1124,3285,M,0,0,0.00782012,0,0,F
620,1,HappyBirthday,56,6570.99,M,1,0.133499,0.265197,16.185,47.4096,F
620,1,HappyBirthday,1402,730,F,1,0.669727,0.226266,69.6172,387.686,F
620,1,HappyBirthday,1288,1825,M,1,0.764735,0.931126,123.798,558.052,F
621,1,HappyBirthday,33,5840.4,F,1,0.00091536,0.638702,0.235821,0.284554,F
621,1,HappyBirthday,222,12045.5,M,1,0.0157191,0.163269,0.0102548,4.9238,F
621,1,HappyBirthday,879,15330.1,F,1,0.00100719,1.80347,4035,1.91704,F
622,1,HappyBirthday,184,10950.1,M,1,0.00929755,3.07944,3088.65,12.1759,F
622,1,HappyBirthday,450,13140,M,1,0.079556,2.11874,3.13916,26.0992,F
622,1,HappyBirthday,654,9125.23,M,1,0.325658,24.2288,10.2503,125.26,F
622,1,HappyBirthday,784,20075.6,F,1,0.0369356,17.4058,178.976,16.9519,F
622,1,HappyBirthday,1431,365,F,1,0.011332,0.86188,76.7237,4.24126,F
623,1,HappyBirthday,1244,2190,F,1,0.289839,0.328014,5499.33,241.134,F
623,1,HappyBirthday,929,8760.52,M,1,0.0203671,1.73239,152.582,6.39479,F
624,1,HappyBirthday,1158,2920,F,1,0.00127442,0.990128,3.70122,0.400129,F
624,1,HappyBirthday,260,5475.47,M,1,2.74873e-06,16.1127,27.6892,0.00085633,F
624,1,HappyBirthday,593,24820,M,1,0.00166089,0.963366,2.0287,0.51999,F
624,1,HappyBirthday,757,18980.4,M,1,0.0968173,14.3415,3.24822,31.7976,F
624,1,HappyBirthday,1157,2920,M,1,0.0318483,1.1447,4229.16,11.4539,F
625,1,HappyBirthday,863,6205.01,F,1,0.20818,1.2118,154.922,77.4182,F
625,1,HappyBirthday,987,6570.85,M,1,0.00355315,3.0943,17.5862,1.20398,F
626,1,HappyBirthday,1159,2920,F,1,0.00437709,10.8592,5.19242,1.38693,F
626,1,HappyBirthday,1125,3285,F,1,5.56147e-06,1.66138,6724.17,0.0283004,F
626,1,HappyBirthday,139,17520.1,M,1,0.0261284,0.102799,2033.89,9.57502,F
627,1,HappyBirthday,1403,730,F,1,0,0.160382,3.00049,0,F
628,1,HappyBirthday,414,17520.8,F,1,0.000613535,0.0991061,4991.96,1.26839,F
628,1,HappyBirthday,1432,365,F,0,0,0.0130096,0,0,F
629,1,HappyBirthday,447,31755.8,M,1,0.060652,0.176274,1618.85,113.981,F
629,1,HappyBirthday,857,11680,F,1,0.000214243,0.276488,0,0.0666284,F
630,1,HappyBirthday,261,6935.37,F,1,0.0525396,0.489738,1758.42,38.3979,F
630,1,HappyBirthday,999,35770.7,F,1,0,2.32954,58.1748,0,F
630,1,HappyBirthday,773,11680.3,F,1,0.000197148,0.946592,0.194855,0.0612634,F
631,1,HappyBirthday,150,6205.43,F,1,0.0134475,2.80387,203.387,5.01337,F
631,1,HappyBirthday,243,15695.2,M,1,9.02508e-06,0.0293779,8837.19,0.0148018,F
631,1,HappyBirthday,264,9855.07,F,1,0.0194221,1.1672,907.682,7.12191,F
631,1,HappyBirthday,935,18980.7,F,1,0.695445,3.53185,147.199,520.538,F
633,1,HappyBirthday,454,31025.9,M,1,0.000622122,0.202561,875.572,0.882657,F
633,1,HappyBirthday,1289,1825,F,0,0,0.0196841,0,0,F
633,1,HappyBirthday,1290,1825,F,1,0.744272,0.319404,24.1364,453.802,F
633,1,HappyBirthday,564,6570.64,F,1,0.00396487,3.19813,81.284,1.56839,F
633,1,HappyBirthday,578,4380.66,M,1,0.000219971,2.89677,6.31418,0.0702183,F
633,1,HappyBirthday,1207,2555,F,1,0.0153875,0.645337,143.726,4.90049,F
633,1,HappyBirthday,1404,730,M,1,0.0116117,0.410241,2399.68,3.76397,F
634,1,HappyBirthday,1291,1825,M,1,0.00408862,4.99769,205.943,1.69898,F
634,1,HappyBirthday,676,24455.5,F,1,0.0375345,3.50151,521.981,19.9937,F
634,1,HappyBirthday,1160,2920,F,1,0.176546,0.113467,766.484,220.978,F
635,1,HappyBirthday,1081,3650,F,1,0.126313,3.62553,107.666,53.7027,F
635,1,HappyBirthday,1338,1460,M,1,0.0308817,0.282291,1927.18,20.7696,F
635,1,HappyBirthday,584,14600.7,F,1,0.00591923,3.03815,3558.3,9.61948,F
635,1,HappyBirthday,1433,365,M,1,0.0143776,0.363015,49.7441,4.8873,F
635,1,HappyBirthday,1434,365,F,1,0.105579,0.535291,5.8442,35.672,F
636,1,HappyBirthday,401,7665.19,M,1,0.000329662,3.43384,33.5887,0.111569,F
637,1,HappyBirthday,1082,3650,M,1,8.21416e-06,0.0898903,0.463717,0.00256385,F
637,1,HappyBirthday,277,7300.66,M,1,0.0294262,1.34,1080.54,43.2246,F
637,1,HappyBirthday,659,5840.05,M,1,0.00218264,1.67403,6.36401,0.681902,F
637,1,HappyBirthday,1435,365,F,1,0,0.0325417,0,0,F
638,1,HappyBirthday,300,26280.7,M,0,0,0.00889434,0,0,F
638,1,HappyBirthday,345,9855.54,M,1,0.0211297,2.73803,0.122939,6.63791,F
638,1,HappyBirthday,1436,365,F,1,0,0.0237052,0,0,F
639,1,HappyBirthday,628,4745.45,F,1,0.0620062,0.86367,60.5769,23.9739,F
639,1,HappyBirthday,637,32120.7,M,1,0.000872252,3.08532,46.5349,0.291236,F
639,1,HappyBirthday,646,20075.6,F,1,0.964889,3.71275,90.7917,1074.42,F
639,1,HappyBirthday,1029,4015,M,1,7.0305e-05,3.41852,18.5994,0.0238779,F
640,1,HappyBirthday,130,8395.22,M,1,0.0004478,28.6022,4.4e-06,0.139244,F
640,1,HappyBirthday,155,12775.3,F,1,0.0086803,1.54013,0.009331,2.70957,F
640,1,HappyBirthday,255,4380.06,M,1,0.000132354,10.8134,415.843,0.0697517,F
640,1,HappyBirthday,1083,3650,M,1,0.186631,0.166102,1184.37,301.571,F
641,1,HappyBirthday,377,26645.3,F,1,0,0.108949,0.0378542,0,F
641,1,HappyBirthday,533,18980.2,M,1,1.88049e-05,0.0519264,19591.8,0.103198,F
641,1,HappyBirthday,712,11680.6,F,1,0.791794,0.422568,985.272,815.593,F
641,1,HappyBirthday,814,18980,F,1,0.00592543,0.998152,19.2057,1.89656,F
642,1,HappyBirthday,1292,1825,F,1,0.414172,0.338952,6017.82,249.781,F
642,1,HappyBirthday,143,6570,F,1,0.175936,0.65154,0.177304,60.1497,F
643,1,HappyBirthday,645,5840.53,M,1,0.0021558,4.38116,22.9905,0.746485,F
643,1,HappyBirthday,890,8395.08,M,1,0.000528149,0.590266,94.2719,0.167004,F
644,1,HappyBirthday,1245,2190,M,1,0.0171657,1.33162,5160.59,6.19465,F
644,1,HappyBirthday,302,17885.4,F,1,0.0679327,4.55178,0.374107,21.865,F
644,1,HappyBirthday,468,10220.5,M,1,0.0451366,7.20098,5.11193,14.3562,F
645,1,HappyBirthday,554,8030.83,M,1,0.109354,6.26141,3.08984,36.1,F
646,1,HappyBirthday,209,7665.41,F,1,0.00145096,1.18096,23701.4,0.978698,F
646,1,HappyBirthday,1161,2920,F,1,0,0.584034,570.185,0,F
646,1,HappyBirthday,415,4380.92,M,0,0,0.0304967,0,0,F
646,1,HappyBirthday,1127,3285,M,1,0.00104523,0.148863,1114.1,0.854464,F
646,1,HappyBirthday,633,10220.4,M,1,0.00156776,4.9233,1544.68,3.04443,F
646,1,Births,1477,0,F,0,0,0.321749,0,0,F
647,1,HappyBirthday,470,16790,M,1,0.00848623,6.93723,32.6002,3.01628,F
647,1,HappyBirthday,1030,4015,M,1,0.0191376,0.275716,0.00621137,6.00579,F
648,1,HappyBirthday,175,6570.57,M,1,0.0139173,1.16932,5115.15,6.03913,F
648,1,HappyBirthday,997,6935.54,F,1,0.00234433,48.8058,75.3277,0.741858,F
648,1,HappyBirthday,843,8760.46,F,1,0.0249964,0.852782,39428.1,58.3677,F
648,1,HappyBirthday,927,17885.7,M,1,0,0.670952,0.490804,0,F
649,1,HappyBirthday,1367,1095,F,1,0.24825,0.130319,727.017,184.667,F
650,1,HappyBirthday,54,5840.21,M,1,0.000719468,0.30005,615.415,0.233053,F
650,1,HappyBirthday,1247,2190,M,1,0.0739185,0.332723,53.483,29.5606,F
652,1,HappyBirthday,1339,1460,M,1,0.0680983,3.9785,11.8864,21.9747,F
652,1,HappyBirthday,1405,730,F,1,0.00113792,0.207822,53222.9,1.46596,F
652,1,HappyBirthday,684,9125.27,M,1,0.00625426,0.559918,14.4513,1.96533,F
652,1,HappyBirthday,1248,2190,M,1,0,0.0552963,0,0,F
653,1,HappyBirthday,151,6570.45,F,1,0.000238931,1.05657,0.0530842,0.0743475,F
653,1,HappyBirthday,353,9490.54,F,1,0.0925376,0.73248,4.83536,30.2289,F
653,1,HappyBirthday,1031,4015,M,1,0.0178931,0.253519,223.781,9.33876,F
654,1,HappyBirthday,411,11315.1,M,1,0.242061,0.0871317,1366.72,173.377,F
654,1,HappyBirthday,1249,2190,F,1,0,0.0931661,0,0,F
654,1,HappyBirthday,775,24090.6,M,1,0.0118615,2.34991,494.557,6.29326,F
655,1,HappyBirthday,296,9125.29,F,1,0.203189,19.4045,7.28973,70.6155,F
655,1,HappyBirthday,1128,3285,M,1,0.0819706,0.12066,11959.9,185.678,F
655,1,HappyBirthday,964,10585.9,F,1,0.0307501,12.7536,0.0009482,9.70631,F
656,1,HappyBirthday,804,11315.1,M,1,0.00151777,1.70984,26.1841,0.505022,F
657,1,HappyBirthday,274,6205.1,M,1,0.0790473,0.193122,358.768,26.1333,F
657,1,HappyBirthday,363,24455.6,M,1,0.000465268,0.245346,141.513,0.216236,F
657,1,HappyBirthday,522,10221,F,1,0.100886,0.0572625,290.133,47.2245,F
657,1,HappyBirthday,1129,3285,M,1,0.00151451,1.35725,374.951,0.502131,F
657,1,HappyBirthday,783,6935,F,1,0.0498996,7.32596,18.8682,16.0209,F
657,1,HappyBirthday,1032,4015,F,1,0.109563,0.402255,2.93545,36.2336,F
658,1,HappyBirthday,1033,4015,M,1,0.103787,0.434591,32.4825,38.4951,F
658,1,HappyBirthday,615,12410.1,F,1,0.0613242,26.6659,429.148,23.8309,F
658,1,HappyBirthday,989,9855.78,M,1,0.00435482,7.58934,0.137616,1.35616,F
659,1,HappyBirthday,230,21535.9,M,1,0.00480475,1.04231,81.6998,1.50082,F
659,1,HappyBirthday,456,21535.5,F,1,0.0706866,1.17085,7.94389,23.1319,F
659,1,HappyBirthday,544,9125.02,M,1,0.00174812,1.09945,1.8513,0.543738,F
660,1,HappyBirthday,1164,2920,M,1,0.271677,1.47128,63.4622,108.379,F
661,1,HappyBirthday,1165,2920,F,1,0.0822853,13.048,38.4895,29.2397,F
661,1,HappyBirthday,894,21170.4,M,1,0.00106816,5.84084,17.3457,0.353411,F
663,1,HappyBirthday,1085,3650,F,1,0.0128952,1.24864,0.00321381,4.03379,F
663,1,HappyBirthday,858,9490.26,M,1,0.013511,0.295201,0.0349312,4.22794,F
664,1,HappyBirthday,117,15695.8,M,1,0.495887,2.57054,26.3085,213.016,F
664,1,HappyBirthday,854,20805,M,1,0,0.120786,609.364,0,F
665,1,HappyBirthday,604,24455.8,F,1,0.0293633,0.495062,21.5298,9.56542,F
665,1,HappyBirthday,1437,365,M,1,0.00586439,12.9511,82.2986,2.08234,F
666,1,HappyBirthday,96,7300.51,F,1,0.660751,0.0705756,7127.65,421.099,F
666,1,HappyBirthday,216,6205.23,F,1,0.001364,0.573337,1155.75,0.509609,F
666,1,HappyBirthday,241,11680.9,M,1,0.0236827,1.18632,679.895,7.45068,F
666,1,HappyBirthday,1251,2190,F,1,0.062056,0.166645,0.847514,19.9167,F
666,1,HappyBirthday,1250,2190,M,1,0.0111726,0.118758,24637.2,7.58507,F
667,1,HappyBirthday,1295,1825,F,1,0.0345304,4.33585,14028.5,31.3495,F
667,1,HappyBirthday,1294,1825,M,1,0.376369,0.462679,2752.79,170.002,F
667,1,HappyBirthday,991,16425.1,M,1,0.000801688,0.343991,0.277988,0.249276,F
668,1,HappyBirthday,1167,2920,M,1,0.0055035,0.11664,814.679,4.19792,F
668,1,HappyBirthday,1208,2555,M,1,0.0336432,0.850382,3738.99,10.7934,F
668,1,HappyBirthday,1368,1095,M,1,0.000616321,0.243438,4216.62,1.01123,F
669,1,HappyBirthday,100,20075.6,M,1,0.127481,0.569219,6.09068,43.3438,F
669,1,HappyBirthday,1406,730,M,1,0.00451558,1.04792,389.746,2.72299,F
669,1,HappyBirthday,949,18615.1,M,1,0.0101923,0.30197,490.105,3.34191,F
669,1,HappyBirthday,1438,365,F,1,0.144275,0.0310297,76766.2,1576.06,F
670,1,HappyBirthday,1296,1825,F,1,0.049372,0.69404,31.4946,17.9327,F
670,1,HappyBirthday,1086,3650,F,1,0.000859367,0.383218,125.894,0.270074,F
671,1,HappyBirthday,514,4380,M,1,0.0016499,0.0857826,155.048,0.51366,F
671,1,HappyBirthday,567,25915.8,F,1,0.0650899,1.2479,1282.63,65.7557,F
671,1,HappyBirthday,799,6205.26,F,1,0.0061928,5.46274,229.576,1.96348,F
671,1,HappyBirthday,993,10950,F,1,0.00619431,47.0843,0.893194,1.9315,F
672,1,HappyBirthday,1439,365,M,1,0,0.0358771,287.226,0,F
672,1,HappyBirthday,43,6935.71,F,1,0.00453913,1.33285,117.082,1.45247,F
672,1,HappyBirthday,86,17520.5,F,1,0.0448723,0.787871,0.636148,14.2694,F
672,1,HappyBirthday,1369,1095,M,1,0.912574,0.305426,112.096,796.903,F
672,1,HappyBirthday,809,6205.44,M,1,0,0.131063,34.9011,0,F
673,1,HappyBirthday,446,14600.6,M,1,0.000297181,3.219,128.062,0.141489,F
673,1,HappyBirthday,481,5110.36,F,1,0.00095284,0.796773,86.3888,0.301726,F
673,1,HappyBirthday,492,21900.7,F,1,0,31.399,780.362,0,F
675,1,HappyBirthday,1252,2190,F,1,0.0282354,0.191748,0.345085,8.90271,F
675,1,HappyBirthday,844,15695.7,M,1,0.000386933,1.5564,0.0268552,0.120223,F
675,1,HappyBirthday,1036,4015,M,1,0.0161045,1.94278,0.0812505,5.04808,F
676,1,HappyBirthday,644,15330.2,M,1,0.0254419,0.160684,1.42681,8.06098,F
677,1,HappyBirthday,1168,2920,F,0,0,0.0166827,0,0,F
677,1,HappyBirthday,1169,2920,F,0,0,0.0735157,0,0,F
678,1,HappyBirthday,20,7665.2,M,1,0.015014,2.08629,954.896,5.26323,F
678,1,HappyBirthday,1209,2555,F,1,0.0241586,0.087798,2.63468,7.66572,F
678,1,HappyBirthday,403,13505,F,1,0.00112322,0.175602,0.0674452,0.349506,F
679,1,HappyBirthday,202,29930.1,F,0,0,0.0135164,0,0,F
679,1,HappyBirthday,566,5840.97,F,1,0.0874352,0.221491,32.5094,28.684,F
679,1,HappyBirthday,1407,730,F,1,0.313001,2.18431,1667.29,561.596,F
679,1,HappyBirthday,764,15695.3,F,1,0.0257969,0.0889476,15.143,8.64005,F
679,1,Births,1478,0,M,0,0,0.117149,0,0,F
680,1,HappyBirthday,30,8030,M,1,0.122623,9.17391,1.62842,40.6621,F
681,1,HappyBirthday,58,16425,M,1,0.109395,1.29804,876.102,36.4054,F
681,1,HappyBirthday,276,5475.48,F,1,0.192719,0.142369,2.66416,66.5348,F
681,1,HappyBirthday,1340,1460,M,1,0.00198907,0.618338,0.000232245,0.618957,F
681,1,HappyBirthday,674,8395.58,M,1,0.000297508,1.72658,8.00395,0.0957188,F
681,1,HappyBirthday,736,14235.4,M,1,0.0641039,0.79815,953.633,97.4211,F
681,1,HappyBirthday,873,24820.1,M,1,0.000306626,1.26408,91.5337,0.0959154,F
682,1,HappyBirthday,1131,3285,M,1,0.00334341,2.48934,1540.46,7.48394,F
683,1,HappyBirthday,292,5475.5,F,1,0.0776706,2.18508,2.36755,25.1397,F
683,1,HappyBirthday,1087,3650,F,1,0.00759029,2.2764,2.57777,2.37781,F
683,1,Births,1479,0,M,0,0,0.0508354,0,0,F
683,1,Births,1480,0,M,0,0,0.466929,0,0,F
684,1,HappyBirthday,19,24090.2,M,1,0.000630742,0.5436,5.23184,0.19614,F
684,1,HappyBirthday,1210,2555,M,1,0.000130758,1.29593,54.9834,0.0498105,F
685,1,HappyBirthday,315,14965.2,M,1,0.00230781,1.34835,2.6978,0.723913,F
685,1,HappyBirthday,346,27740.4,M,1,0.00333267,0.259303,1021.92,2.48077,F
685,1,HappyBirthday,587,5110.12,M,1,0.178455,3.96799,511.147,61.1018,F
685,1,HappyBirthday,678,4745.61,F,1,0.036486,5.94894,3.23678,11.5585,F
685,1,HappyBirthday,1132,3285,F,1,0.780842,0.412856,2110.66,875.799,F
685,1,HappyBirthday,926,35040.5,F,1,0.0109104,0.312483,30.2159,3.79208,F
685,1,HappyBirthday,1440,365,F,1,0.00992936,0.0771674,114.077,3.60336,F
685,1,Births,1481,0,F,0,0,0.279118,0,0,F
687,1,HappyBirthday,89,5110.09,M,1,0.0055158,1.90181,112.857,1.90138,F
687,1,HappyBirthday,1341,1460,M,1,0.44363,1.80769,2402.63,1044.01,F
687,1,HappyBirthday,214,5840.02,M,1,0.00139094,3.8798,0.000170025,0.43289,F
687,1,HappyBirthday,1370,1095,F,1,0.203352,0.265602,18641.5,110.633,F
687,1,HappyBirthday,823,5110.56,F,1,0.00117488,2.95845,17.3927,0.390652,F
687,1,HappyBirthday,1037,4015,F,1,0.000990441,1.88374,25.359,0.340896,F
687,1,Births,1482,0,F,0,0,0.111054,0,0,F
688,1,HappyBirthday,1371,1095,F,1,0.128187,0.90959,9797.75,209.074,F
688,1,HappyBirthday,503,6570.92,F,1,0.059211,2.99558,2.46772,18.987,F
688,1,HappyBirthday,591,12045.1,M,1,0.0326837,1.45828,1692.28,16.9679,F
689,1,HappyBirthday,1254,2190,F,1,0.00377833,0.86433,557.079,3.87853,F
689,1,HappyBirthday,1038,4015,F,1,0.0628223,2.68687,178.07,36.3353,F
690,1,HappyBirthday,988,6205.91,M,1,0.000656411,0.0321421,9.43365e-05,0.204015,F
690,1,HappyBirthday,1039,4015,F,1,3.12558e-05,0.438394,11.507,0.010223,F
692,1,HappyBirthday,1342,1460,M,1,0.000428472,0.825367,0.0594183,0.133267,F
692,1,HappyBirthday,620,7300.57,F,1,0.00373774,0.644796,6957.38,1.43507,F
692,1,HappyBirthday,751,5110.67,F,1,0.000753143,0.241722,6.61405,0.241988,F
693,1,HappyBirthday,50,10585.1,F,1,1.29123e-06,0.0447787,1.03838,0.0003994,F
693,1,HappyBirthday,502,7300.12,F,1,0.115955,0.140791,21.004,42.3549,F
694,1,HappyBirthday,47,5475.82,F,1,0.205376,0.0412939,3.96332,71.8661,F
695,1,HappyBirthday,1211,2555,M,1,0.00266704,0.211116,15.1583,0.848995,F
695,1,HappyBirthday,612,34675.2,M,1,0.0797094,0.667963,16.2781,25.8278,F
695,1,HappyBirthday,648,16790.7,M,1,0.000200805,0.879121,14.4849,0.0624728,F
695,1,HappyBirthday,1088,3650,M,1,0.0638196,0.0280838,0.413625,20.4964,F
695,1,HappyBirthday,930,10220.3,F,1,0.0278561,0.231949,222.504,9.35812,F
696,1,HappyBirthday,800,14600.4,F,1,0.0241225,0.351059,0.189669,7.58905,F
696,1,HappyBirthday,992,6570.5,M,1,0.00226222,0.072504,20.4115,0.704989,F
697,1,HappyBirthday,529,8760.31,F,1,0,7.38392,71259.9,0,F
697,1,HappyBirthday,895,7665.77,M,1,0.000916594,3.01825,18099.9,0.812355,F
697,1,HappyBirthday,938,6205.77,M,1,0.0474082,0.253868,525.909,15.1136,F
699,1,HappyBirthday,665,9855.85,F,1,0.00188842,7.05158,115.8,0.690572,F
699,1,Births,1483,0,F,0,0,0.0285071,0,0,F
700,1,HappyBirthday,186,9125.61,M,1,0.000519777,2.1766,3.80054,0.161777,F
700,1,HappyBirthday,189,16425,M,1,0.0420951,0.405637,11.4971,13.5606,F
700,1,HappyBirthday,236,8030.29,M,1,0.00251078,0.0959264,0.173228,0.78112,F
700,1,HappyBirthday,463,7665.2,F,1,0.00586643,1.7573,1.04085,1.83335,F
700,1,HappyBirthday,978,10585.9,F,1,0.000898099,0.972817,27.6584,0.292946,F
700,1,HappyBirthday,1441,365,F,1,0.000265502,0.475587,3037.53,0.391381,F
700,1,HappyBirthday,1442,365,M,1,0.0105855,0.391788,140.752,4.11103,F
701,1,HappyBirthday,1212,2555,F,1,0.0272071,0.241595,521.813,20.3545,F
702,1,HappyBirthday,369,12775.5,F,1,0.00210461,2.12944,71.0383,0.85519,F
702,1,HappyBirthday,1443,365,M,1,0.00109283,0.924172,46.2672,0.364172,F
702,1,HappyBirthday,1343,1460,F,1,0.0238175,0.0959636,5333.81,54.905,F
702,1,HappyBirthday,952,5475.21,M,1,0.0021841,0.862309,38.8498,0.723803,F
702,1,HappyBirthday,1408,730,M,1,0.0106886,0.0959994,200454,109.615,F
703,1,HappyBirthday,36,8760.77,M,1,0.00215409,0.137001,2540.56,2.47693,F
703,1,HappyBirthday,81,24820.2,M,1,0.0298786,4.95453,0.594176,9.42674,F
703,1,HappyBirthday,739,5840.78,M,1,0.00444775,0.605264,6.86149,1.4339,F
703,1,HappyBirthday,755,33580.6,M,1,0.0136776,0.0565291,207.306,4.2803,F
703,1,HappyBirthday,830,17520,F,1,0.0597284,11.693,641.417,20.2908,F
704,1,HappyBirthday,161,4745.01,F,1,0.0033399,2.6941,55.8047,1.04596,F
704,1,HappyBirthday,193,11315.5,M,1,0.000710549,2.99881,123.945,0.33218,F
704,1,HappyBirthday,287,30660.6,F,1,0.00141998,0.640802,2770.63,4.613,F
704,1,HappyBirthday,862,21170.4,F,1,0.356057,0.424997,57.6267,147.558,F
704,1,Births,1484,0,M,0,0,0.0259355,0,0,F
705,1,HappyBirthday,1297,1825,M,1,0.000996323,0.347555,176016,9.47741,F
705,1,HappyBirthday,208,6205.69,M,1,0.023908,0.278185,698.642,7.62464,F
706,1,HappyBirthday,1213,2555,M,1,0.0136432,0.0350802,7504.48,17.9577,F
706,1,HappyBirthday,1133,3285,F,1,0.469887,0.490479,18.6385,202.77,F
706,1,Births,1485,0,F,0,0,0.422556,0,0,F
707,1,HappyBirthday,1444,365,M,1,0.23846,0.0616396,4268.35,306.925,F
707,1,HappyBirthday,491,19345.9,F,1,0.513395,0.192498,391.664,225.426,F
708,1,HappyBirthday,1445,365,F,1,0,0.0290994,18605.2,0,F
708,1,HappyBirthday,78,11680.7,F,1,0.000424721,0.111878,0.395275,0.132066,F
708,1,HappyBirthday,120,4380.76,M,1,0.72587,0.305897,150.193,413.353,F
708,1,HappyBirthday,1214,2555,F,1,0.000544917,1.73683,3540.48,0.34754,F
708,1,HappyBirthday,1372,1095,F,0,0,0.0436881,0,0,F
708,1,HappyBirthday,298,4380.4,M,1,0.0021982,0.968277,99.5675,0.78247,F
708,1,HappyBirthday,329,13870.6,F,1,0.00148029,0.316755,908.625,0.460523,F
708,1,HappyBirthday,405,5840.27,M,1,0.155636,0.123982,23.9453,57.3291,F
708,1,HappyBirthday,777,10220.5,M,1,0.000142162,17.4892,68.6207,0.0461922,F
708,1,HappyBirthday,1215,2555,M,1,5.14848e-05,0.365106,29.1941,0.0168262,F
708,1,HappyBirthday,959,7665.96,M,1,0.0115411,31.7472,0.0032558,3.60811,F
709,1,HappyBirthday,802,4380.17,F,1,0.000439125,1.05512,37.7756,0.145046,F
709,1,HappyBirthday,886,4745.74,M,1,0.0136108,0.268049,744.924,15.587,F
710,1,HappyBirthday,1134,3285,F,1,0.00123866,1.52591,1679.26,0.511415,F
710,1,HappyBirthday,1172,2920,F,1,9.38766e-05,1.95216,16.8596,0.0315363,F
710,1,HappyBirthday,539,17520.9,F,1,0.0337587,0.0961058,272.351,19.6022,F
710,1,HappyBirthday,590,27740.7,M,1,0.322605,1.30081,1922.45,480.694,F
710,1,HappyBirthday,1373,1095,F,1,0.207232,0.103566,39657.9,415.587,F
710,1,HappyBirthday,1446,365,M,1,0.101842,0.134489,11195.7,94.2653,F
710,1,HappyBirthday,1041,4015,M,1,0.1656,0.0393379,308.954,82.6933,F
711,1,HappyBirthday,1216,2555,F,1,0.0752255,1.80326,42.3863,25.4268,F
713,1,HappyBirthday,1374,1095,F,1,0.0722782,0.161215,3528.89,36.7722,F
713,1,HappyBirthday,1174,2920,F,1,0.000540007,2.47918,10276.3,1.85655,F
714,1,HappyBirthday,22,27010.7,F,1,0.251565,1.03401,27.4227,94.2923,F
714,1,HappyBirthday,354,10950.3,F,1,0.000374747,0.372683,113.23,0.157659,F
714,1,HappyBirthday,1218,2555,F,1,0.0510838,0.371381,1.49608,16.3522,F
714,1,HappyBirthday,1175,2920,F,1,0.561487,0.285684,40.391,286.977,F
714,1,HappyBirthday,970,10950.6,M,1,0.00242624,0.322259,739.288,1.22203,F
715,1,HappyBirthday,1135,3285,F,1,0.000293337,0.688559,1.98904,0.091624,F
716,1,HappyBirthday,417,10585,M,0,0,0.112014,0,0,F
716,1,HappyBirthday,969,12775.7,M,1,0.883478,0.615674,2.63496,668.165,F
717,1,HappyBirthday,1409,730,F,1,0.0110932,0.173039,46991.5,49.8824,F
717,1,HappyBirthday,438,8395.04,M,1,0.0116787,5.59313,3570.25,19.2815,F
717,1,HappyBirthday,709,14600.8,F,1,0.0270963,3.42331,0.263434,8.53727,F
718,1,HappyBirthday,1447,365,M,1,0.306279,0.322368,17303.8,1239.58,F
718,1,HappyBirthday,1176,2920,F,1,0.133567,2.38473,2406.69,64.6615,F
718,1,HappyBirthday,557,33215.5,M,1,0.00102991,2.88083,419.701,0.487754,F
719,1,HappyBirthday,897,23725.9,F,1,0.0964943,9.92545,7318.66,511.923,F
719,1,Births,1486,0,F,0,0,0.101189,0,0,F
720,1,HappyBirthday,159,23725.1,F,1,0.0137112,7.52764,455.07,5.58136,F
720,1,HappyBirthday,1299,1825,M,1,0.000659844,0.0419274,73.4535,0.261223,F
720,1,HappyBirthday,722,27010.9,F,1,0.000271813,0.0203575,424.768,0.232026,F
721,1,HappyBirthday,1448,365,M,0,0,0.0110218,0,0,F
721,1,HappyBirthday,1177,2920,F,0,0,0.0340817,0,0,F
721,1,HappyBirthday,1376,1095,M,1,0.00165345,0.0632622,10.8865,0.515527,F
722,1,HappyBirthday,41,6935.64,F,0,0,0.0201156,0,0,F
722,1,HappyBirthday,504,5840.46,F,1,0.00493959,0.108224,31.7511,1.71232,F
723,1,HappyBirthday,1219,2555,M,1,9.92071e-05,0.0134832,0,0.0308675,F
723,1,HappyBirthday,1042,4015,M,1,0.123697,0.865177,106.075,45.3223,F
725,1,HappyBirthday,909,20440.7,M,1,0.000792058,0.477611,0.0711152,0.246291,F
727,1,HappyBirthday,1043,4015,F,1,0.000117328,0.768659,8486.54,0.360223,F
727,1,HappyBirthday,1090,3650,M,1,0.00183607,0.685496,0.263088,0.571928,F
727,1,HappyBirthday,1255,2190,F,1,0.00368459,2.32961,16.5436,1.17043,F
727,1,HappyBirthday,400,6205.56,M,0,0,0.0240771,0,0,F
727,1,HappyBirthday,1089,3650,F,1,0.102501,0.0597827,22.8205,34.5824,F
727,1,HappyBirthday,1300,1825,M,1,0.184892,0.384925,2.40645,64.1657,F
728,1,HappyBirthday,1220,2555,M,1,0.000496091,0.139876,18.14,0.15847,F
728,1,HappyBirthday,1377,1095,F,1,0.311092,0.03253,40.2905,123.801,F
729,1,HappyBirthday,1449,365,F,0,0,0.0235756,0,0,F
729,1,HappyBirthday,1301,1825,F,1,0.107062,1.84008,52.6816,40.4699,F
729,1,HappyBirthday,583,4745.65,F,1,0.000269898,0.0553211,2.91989e-07,0.083951,F
729,1,HappyBirthday,729,5475.85,M,1,0.0011961,0.0518205,9.80669e-06,0.371807,F
730,1,HappyBirthday,220,20075.7,M,1,0.000704491,0.564605,63.4369,0.22152,F
730,1,HappyBirthday,933,29930.9,F,1,0.0569637,0.643458,254.171,35.0508,F
731,1,HappyBirthday,1091,3650,M,1,0.00225121,0.0594457,1.58155,0.70587,F
731,1,HappyBirthday,937,15695.9,M,1,0.548718,4.86106,65.1183,250.912,F
731,1,HappyBirthday,954,18250.9,F,1,3.01521e-07,6.05157,19058.2,0.0015218,F
732,1,HappyBirthday,1450,365,M,1,0.000695351,0.13358,105747,5.23292,F
732,1,HappyBirthday,1044,4015,M,1,0.0806094,0.466578,142.487,31.7052,F
732,1,HappyBirthday,1221,2555,F,1,0.00161457,1.45367,275.723,1.06716,F
733,1,HappyBirthday,114,4745.29,F,1,0.119495,2.6593,0.0783288,39.5497,F
733,1,HappyBirthday,289,5475.17,F,1,0.00062835,54.0663,53.0553,0.211192,F
733,1,HappyBirthday,976,8030.38,M,1,0.000305321,0.335919,0.016851,0.0949334,F
734,1,HappyBirthday,1344,1460,F,1,0.0526134,0.0493014,22997.1,60.6496,F
734,1,HappyBirthday,786,7300.15,M,1,0.00066295,0.618243,0.0616027,0.205979,F
735,1,HappyBirthday,64,16790.6,M,0,0,0.025381,0,0,F
735,1,HappyBirthday,610,30660.2,M,1,0.0119445,0.0627085,1780.36,3.92176,F
735,1,HappyBirthday,893,13870.6,M,1,0.000136191,1.39302,1.27616,0.0425884,F
735,1,HappyBirthday,920,5110.32,F,1,3.55358e-07,1.41965,5893.37,0.00171225,F
736,1,HappyBirthday,689,5840.4,F,1,0.00137585,0.542899,0.249465,0.427865,F
736,1,HappyBirthday,1092,3650,M,1,0.147178,0.243337,365.099,74.2693,F
736,1,HappyBirthday,977,6935.94,M,1,0.0117037,0.595929,20.1989,3.94552,F
736,1,Births,1487,0,F,0,0,0.0186662,0,0,F
737,1,HappyBirthday,458,17155.6,M,1,0.00395434,1.84641,230.376,2.42583,F
737,1,HappyBirthday,553,30295.1,F,1,0.670226,0.493743,6.93345,345.239,F
737,1,HappyBirthday,754,13505.6,M,1,0.0456205,6.39247,1266.27,32.8171,F
737,1,HappyBirthday,1378,1095,M,1,0.000434092,0.1355,63.8949,0.147512,F
738,1,HappyBirthday,190,12775.5,M,1,0.000299478,1.41229,110.019,0.10419,F
739,1,HappyBirthday,68,7300.5,F,1,0.19616,0.56679,2904.33,310.963,F
739,1,HappyBirthday,367,22265.4,F,1,0.000260868,0.140065,1330.93,0.0998298,F
739,1,HappyBirthday,1379,1095,M,1,0.0539934,0.33272,1426.97,17.2885,F
739,1,HappyBirthday,1136,3285,M,1,0.0865753,0.155115,23.042,28.1887,F
739,1,HappyBirthday,948,7665.26,M,1,0.00180972,6.5363,0.0960412,0.562999,F
741,1,HappyBirthday,104,5110.84,M,1,0.562406,1.68068,199.472,260.666,F
741,1,HappyBirthday,247,4745.74,M,1,0.00305544,0.137372,9352.18,1.39459,F
741,1,HappyBirthday,387,27010.3,F,1,0.151205,3.54242,300.321,53.3885,F
741,1,HappyBirthday,597,12045.9,M,1,3.2813e-05,0.325179,17.5969,0.0101852,F
742,1,HappyBirthday,57,11315.8,F,1,0.129648,0.228891,2103.54,110.341,F
742,1,HappyBirthday,1093,3650,M,1,0.100787,0.765133,1698.81,42.7488,F
743,1,HappyBirthday,1181,2920,M,1,0.00944664,4.64995,37.659,2.97198,F
743,1,HappyBirthday,366,5475.37,F,1,0.00859474,1.34203,396.088,4.15925,F
743,1,HappyBirthday,812,17520.8,M,1,0.00934408,1.26539,1181.21,2.94712,F
743,1,HappyBirthday,819,19710.2,F,1,0.0397591,0.468957,52.3841,12.6309,F
743,1,Births,1488,0,M,0,0,0.0218009,0,0,F
743,1,Births,1489,0,F,0,0,0.273945,0,0,F
744,1,HappyBirthday,91,7665.68,F,1,6.72525e-06,7.82182,500.008,0.0038616,F
744,1,HappyBirthday,476,8760.8,F,1,0.08085,0.769044,1.55795,26.3496,F
745,1,HappyBirthday,1005,4380,M,1,0.000509704,0.860509,2.62797,0.158441,F
745,1,HappyBirthday,1182,2920,F,1,0.00466486,0.506882,0.502852,1.45482,F
745,1,Births,1490,0,M,0,0,0.238855,0,0,F
746,1,HappyBirthday,538,16790.7,M,1,0.000402879,1.65382,540.203,0.414569,F
746,1,HappyBirthday,1410,730,F,0,0,0.0511253,0,0,F
747,1,HappyBirthday,324,24455.5,M,1,0.0207816,0.350282,0.124773,6.53049,F
747,1,HappyBirthday,402,6935.04,F,1,0.00186602,8.94015,8.02194e-05,0.580525,F
748,1,HappyBirthday,1380,1095,M,1,0.00475231,0.233737,111.562,1.75657,F
748,1,HappyBirthday,1304,1825,M,1,0.000307648,0.367035,18.8571,0.0969894,F
748,1,HappyBirthday,915,6570.13,F,1,0.00731452,1.4742,0.0175926,2.28214,F
749,1,HappyBirthday,288,5110.49,F,1,0.000788646,0.174152,0.174322,0.245241,F
749,1,HappyBirthday,1381,1095,F,1,0.137478,0.17091,20778.8,820.878,F
750,1,HappyBirthday,1305,1825,M,1,0.260389,0.3874,118.395,121.682,F
751,1,HappyBirthday,79,22630.7,F,1,0.000634641,0.710741,51.2675,0.212314,F
751,1,HappyBirthday,668,10585.1,M,1,0.224973,0.262011,0.337821,79.2223,F
751,1,HappyBirthday,702,8030.51,M,1,0.000425117,3.4644,4418.65,0.843235,F
752,1,HappyBirthday,1451,365,M,1,0.00690984,0.108791,34.6815,2.36445,F
752,1,HappyBirthday,217,4745.57,F,1,0.000217174,3.0138,0.0126655,0.0675153,F
752,1,HappyBirthday,815,5110.19,M,1,0.000621664,0.0879831,0.149957,0.193061,F
753,1,HappyBirthday,817,10950.7,F,1,0.000248629,2.41939,16.166,0.077786,F
753,1,HappyBirthday,983,8395.53,F,1,0.00889853,0.308555,161.991,4.62342,F
754,1,HappyBirthday,1183,2920,F,1,0.00212395,0.579427,24653,1.68124,F
755,1,HappyBirthday,796,23725.2,M,1,0.0147094,1.36399,18.0047,4.73002,F
755,1,HappyBirthday,932,16425.7,F,1,0.00251911,31.3586,1.2171,0.788001,F
756,1,HappyBirthday,998,16790.3,F,1,0.0401261,0.764472,31.1731,14.3834,F
756,1,HappyBirthday,153,14965.6,F,1,0.42393,1.39783,0.460282,171.507,F
756,1,HappyBirthday,1306,1825,M,1,0.000109193,0.236304,84.6558,0.0448232,F
757,1,HappyBirthday,1137,3285,M,1,0.00250814,1.36667,13.0492,0.823648,F
757,1,HappyBirthday,515,9125.96,M,1,0.00296124,1.14418,582.839,3.04244,F
757,1,HappyBirthday,1411,730,M,1,0.0112432,0.194577,86.1184,3.85236,F
757,1,HappyBirthday,733,11315.5,M,1,0.397606,0.725123,1118.95,734.299,F
758,1,HappyBirthday,59,6570.47,F,1,0.0471249,0.082355,6.27026,15.1047,F
758,1,HappyBirthday,1046,4015,F,1,0.00280856,1.57129,5.11947,0.876543,F
758,1,Births,1491,0,M,0,0,0.00201972,0,0,F
759,1,HappyBirthday,125,13140.1,M,1,4.41009e-07,2.14531,960.82,0.0006524,F
759,1,HappyBirthday,1307,1825,F,1,0.0179331,0.104387,72.0542,5.68714,F
760,1,HappyBirthday,512,16060.5,F,1,0.00161172,0.731853,2981.04,2.33583,F
760,1,HappyBirthday,638,9855.95,M,1,0.0205233,4.46427,4654.56,14.0259,F
760,1,HappyBirthday,818,10220.6,F,1,0.0329006,2.23549,165.033,10.4262,F
761,1,HappyBirthday,163,24455.4,M,1,0.00113172,1.18129,0.0051584,0.351887,F
762,1,HappyBirthday,170,26645.8,M,1,0.00461877,1.23344,8.17723,1.49064,F
762,1,HappyBirthday,881,5110.73,F,1,0.00231964,1.96028,0.819882,0.72152,F
762,1,HappyBirthday,908,5110.49,M,1,0.0864095,0.0607481,0.0099299,28.0848,F
763,1,HappyBirthday,2,21170.5,M,1,0.00252171,0.221124,10.2118,0.785974,F
763,1,HappyBirthday,1308,1825,M,1,0.561709,21.6508,36.5308,270.676,F
763,1,HappyBirthday,625,29200.3,M,1,0.228359,12.7141,3739.15,140.911,F
764,1,HappyBirthday,1184,2920,M,0,0,0.310963,0,0,F
764,1,HappyBirthday,338,5110.43,M,1,0.00120039,0.782972,0.0160089,0.373342,F
764,1,HappyBirthday,1138,3285,F,0,0,0.0258303,0,0,F
764,1,HappyBirthday,1383,1095,F,1,0.000407721,0.514219,53629.3,0.505142,F
766,1,HappyBirthday,320,14600.1,M,1,0.000511667,1.10344,1.48e-05,0.159154,F
766,1,HappyBirthday,1048,4015,F,1,0.00870524,2.79644,32.0699,2.91034,F
767,1,HappyBirthday,1049,4015,F,1,0,0.389303,0.269874,0,F
767,1,HappyBirthday,789,12045.2,F,1,0.000506621,0.207316,0.0001136,0.157469,F
767,1,HappyBirthday,848,9125.67,M,1,0.260378,0.192453,5322.65,128.323,F
767,1,Births,1492,0,F,0,0,0.112657,0,0,F
768,1,HappyBirthday,119,17155.5,F,1,0.000447103,1.10989,876.376,0.634794,F
768,1,HappyBirthday,398,12045.9,F,1,0.083455,6.48417,0.429415,27.0969,F
769,1,HappyBirthday,1258,2190,F,1,0.10644,0.113243,115.867,38.8079,F
770,1,HappyBirthday,122,9490.27,M,1,0.23846,1.09636,1772.73,99.5328,F
770,1,HappyBirthday,1309,1825,M,1,0.446234,0.106517,27677,1109.18,F
770,1,HappyBirthday,1050,4015,M,1,0.0350852,1.04818,507.544,18.5653,F
770,1,HappyBirthday,660,5110.48,M,1,0.000130384,0.896334,327.225,0.0421675,F
770,1,HappyBirthday,731,6205.42,M,1,0.00948088,1.60679,321.795,4.40189,F
771,1,HappyBirthday,39,18615.6,F,1,0.00240435,0.732777,234.688,0.808311,F
771,1,HappyBirthday,148,21535.7,F,1,0.000697141,1.02562,0.180601,0.21676,F
771,1,HappyBirthday,1345,1460,F,1,0.190339,0.456575,1613.56,78.0063,F
772,1,HappyBirthday,558,13505.6,F,1,0.0781905,3.32566,4.38176,25.7011,F
772,1,HappyBirthday,669,19345.3,F,1,0,3.84135,4226.84,0,F
772,1,HappyBirthday,1384,1095,F,1,0.33801,0.904502,83.2964,138.383,F
773,1,HappyBirthday,565,4745.26,M,1,0.00285912,0.533811,3.54906,0.894872,F
773,1,HappyBirthday,768,10220.5,M,1,0.0917735,2.78461,45.2603,32.1481,F
773,1,HappyBirthday,769,19345.1,M,1,0.0166405,0.68114,101.513,5.23196,F
773,1,HappyBirthday,1346,1460,F,1,0.000977601,1.44507,630.136,0.615728,F
774,1,HappyBirthday,1412,730,M,1,0.544103,2.17663,7373.28,503.738,F
774,1,HappyBirthday,588,11680.8,M,1,0.00885969,5.07604,0.0575256,2.76582,F
774,1,HappyBirthday,880,7300.71,F,0,0,0.273723,0,0,F
774,1,HappyBirthday,1452,365,F,1,0.0287142,24.1089,448.663,27.3008,F
775,1,HappyBirthday,204,8395.55,F,1,0.0465219,0.775307,6514.65,21.5606,F
775,1,HappyBirthday,457,13140,F,1,0.0128455,0.172218,0.100578,4.01809,F
775,1,HappyBirthday,1310,1825,M,1,2.90725e-06,4.45814,57331.9,0.0098345,F
775,1,HappyBirthday,840,13140.2,M,1,0.00271879,3.44752,179.262,1.48231,F
775,1,HappyBirthday,995,18615.9,M,1,0.00372197,0.243228,0.0001876,1.1585,F
775,1,Births,1493,0,F,0,0,0.00993141,0,0,F
776,1,HappyBirthday,72,9125.34,F,1,0.111807,1.10098,1.59527,36.8519,F
776,1,HappyBirthday,249,17155.4,F,1,0.0580635,0.080708,17.5581,18.9658,F
776,1,HappyBirthday,526,5840.94,M,1,0.00129958,9.42737,3271.1,2.11358,F
776,1,HappyBirthday,950,10585.2,M,1,0.030181,74.0963,1.44184,9.53106,F
777,1,HappyBirthday,1186,2920,M,1,0.00100672,0.331896,0.00122946,0.312915,F
777,1,HappyBirthday,328,12775.4,M,1,0.000655835,1.14882,111.185,0.297975,F
777,1,HappyBirthday,1413,730,M,1,0.00455089,0.303005,25.1788,1.48577,F
777,1,HappyBirthday,1453,365,F,1,0.00598094,0.0804454,127.085,2.27039,F
777,1,Births,1494,0,F,0,0,0.223642,0,0,F
778,1,HappyBirthday,45,18980.1,M,1,0,2.18456,0.119312,0,F
778,1,HappyBirthday,99,7665.56,M,1,0.200703,4.42921,192.266,70.1649,F
778,1,HappyBirthday,523,6935.24,F,1,4.29459e-05,5.66166,5.14269,0.0133682,F
778,1,HappyBirthday,548,7665.63,M,1,9.48594e-05,4.54889,37274.7,0.193845,F
778,1,HappyBirthday,572,15330.5,F,1,0.00248333,0.183621,0.460677,0.774736,F
778,1,HappyBirthday,719,7300.9,F,1,0.000569721,0.578285,2.30559,0.179142,F
778,1,HappyBirthday,918,16425.1,F,1,0.0257747,2.43398,53069.6,64.1245,F
779,1,HappyBirthday,1454,365,F,1,0.0727052,0.791303,45.1042,24.0151,F
779,1,HappyBirthday,1455,365,F,1,0.00126216,0.57346,332.106,0.896807,F
780,1,HappyBirthday,23,10585,F,1,0.000314474,13.8089,0,0.0977808,F
781,1,HappyBirthday,1094,3650,M,1,0.0610253,0.227994,3.23831,19.6637,F
782,1,HappyBirthday,1456,365,F,1,0.587419,0.0582082,3399.28,1137.55,F
782,1,HappyBirthday,355,21535.4,F,1,0.540601,1.79015,0.553255,241.853,F
783,1,HappyBirthday,97,7300.96,F,1,0.00094733,0.0593079,0.0244925,0.294569,F
783,1,HappyBirthday,201,4745.97,F,1,0.000836892,2.99757,0.866858,0.260941,F
783,1,HappyBirthday,451,5475.92,M,1,0.00980205,6.52036,2.85724,3.09486,F
783,1,HappyBirthday,594,6205.45,M,1,0.155864,18.7112,906.752,59.8229,F
783,1,HappyBirthday,641,13140.7,F,1,0.00108618,0.121305,0.0309218,0.337817,F
783,1,HappyBirthday,1187,2920,F,1,0.00428586,0.1609,38.6845,1.56777,F
784,1,HappyBirthday,253,8030.18,M,1,1.10491e-05,2.23293,1.62233,0.0034556,F
784,1,HappyBirthday,600,13140.9,F,1,0.000515703,0.230123,50.2293,0.170996,F
784,1,HappyBirthday,807,7300.76,M,1,0.163289,0.0859701,110.52,55.4037,F
785,1,HappyBirthday,479,6205.94,F,1,0.000466009,0.365849,88.9286,0.184988,F
786,1,HappyBirthday,52,9125.89,F,1,0.0119129,0.0973023,46.2936,4.01892,F
786,1,HappyBirthday,506,6935.39,M,1,0.00197568,0.232607,0.00382983,0.614838,F
786,1,HappyBirthday,524,15330.2,F,1,0.00173184,6.34867,0.024331,0.538693,F
787,1,HappyBirthday,388,13140.4,M,1,0,0.0354499,4.38236,0,F
787,1,HappyBirthday,627,18615.4,F,1,0.000676368,0.326927,0,0.210207,F
787,1,HappyBirthday,1385,1095,F,1,0.596643,0.0722068,26.0535,313.007,F
787,1,HappyBirthday,728,5840.03,F,1,0.00112969,0.201761,0.0128607,0.351223,F
788,1,HappyBirthday,293,18615.8,F,1,0.123033,0.22217,18.846,41.2493,F
788,1,HappyBirthday,1347,1460,F,1,0.000805705,0.172052,67.5785,0.276209,F
788,1,Births,1495,0,F,0,0,0.125278,0,0,F
789,1,HappyBirthday,87,5475.47,F,1,0.000398698,0.0692613,26.6743,0.140072,F
789,1,HappyBirthday,1348,1460,M,1,0.00609607,0.189299,8.04844,1.96634,F
790,1,HappyBirthday,1008,4380,M,1,0.081865,1.16076,123.275,26.5469,F
790,1,HappyBirthday,1260,2190,F,1,0.0104105,0.327328,38.5645,3.4994,F
790,1,HappyBirthday,697,7665.76,M,1,0.0988602,0.600663,28.129,35.816,F
791,1,HappyBirthday,1053,4015,M,1,0.00119695,0.611802,0.358339,0.372655,F
792,1,HappyBirthday,24,23360.2,M,1,0.000908642,1.20554,1.16503,0.282534,F
792,1,HappyBirthday,1386,1095,F,1,0.122272,3.39623,2038.09,159.655,F
792,1,HappyBirthday,1349,1460,F,1,0.326442,1.50878,282.948,125.083,F
792,1,HappyBirthday,1188,2920,F,1,0.124778,0.289892,3.42637,41.6278,F
792,1,HappyBirthday,921,6205.9,M,1,0.02184,2.46569,0.521998,6.86786,F
793,1,HappyBirthday,1415,730,M,1,0.595943,0.172275,5283.83,443.186,F
793,1,HappyBirthday,1054,4015,M,1,0.000109858,0.23684,1663.59,0.0443531,F
794,1,HappyBirthday,262,7300.42,F,1,0.0116406,4.48346,0.00346185,3.63836,F
794,1,HappyBirthday,837,13870.3,F,0,0,0.168867,0,0,F
795,1,HappyBirthday,685,6205.12,M,1,8.92301e-05,0.295371,6.97726,0.0285634,F
795,1,HappyBirthday,792,4745.84,F,1,0.0826985,0.330047,87.2457,30.2762,F
795,1,HappyBirthday,875,5840.93,F,0,0,0.110275,0,0,F
795,1,HappyBirthday,1261,2190,F,1,0.00172688,4.20125,66.4603,0.539462,F
796,1,HappyBirthday,198,5475.94,M,1,0.00363236,2.72762,1.67321,1.13091,F
796,1,HappyBirthday,1262,2190,M,1,0.0717526,7.37099,14620,512.669,F
796,1,HappyBirthday,1387,1095,F,1,0.000365739,0.0666183,0.00347757,0.11361,F
796,1,HappyBirthday,1095,3650,M,1,0.0762201,0.162174,19.7879,25.4621,F
797,1,HappyBirthday,1388,1095,F,1,0.0313057,0.798437,1579.09,63.0123,F
798,1,HappyBirthday,121,10950.5,F,1,0.0465247,4.26258,10632,42.0431,F
798,1,HappyBirthday,1312,1825,M,1,0.00142341,0.579271,21.8812,0.488284,F
798,1,HappyBirthday,928,30295.5,F,1,0.0594196,1.64098,2111.54,20.3208,F
798,1,Births,1496,0,M,0,0,0.734947,0,0,F
799,1,HappyBirthday,77,6205.42,M,1,0.0013164,0.0884603,1.11831,0.40937,F
799,1,HappyBirthday,1141,3285,M,1,0.083861,0.332875,4.59389,27.2355,F
799,1,HappyBirthday,1142,3285,F,1,0.0454889,1.01032,155.5,17.703,F
800,1,HappyBirthday,1263,2190,F,1,0.293731,1.9192,974.034,110.01,F
800,1,Births,1497,0,M,0,0,0.892817,0,0,F
801,1,HappyBirthday,561,4745.39,M,1,0,0.129629,0,0,F
801,1,HappyBirthday,1009,4380,F,1,2.87658e-05,0.658456,8.89155,0.00935962,F
801,1,Births,1498,0,M,0,0,0.14085,0,0,F
802,1,HappyBirthday,1055,4015,F,1,4.92125e-05,1.42325,0.0378966,0.015304,F
802,1,HappyBirthday,439,18615.5,M,1,0.000676852,6.76589,717.127,0.36244,F
802,1,HappyBirthday,1143,3285,F,1,3.90126e-05,2.5203,2860.46,0.120663,F
803,1,HappyBirthday,640,8760.91,F,1,0.000564823,18.4499,14.5695,0.185898,F
803,1,HappyBirthday,675,9490.74,F,1,0,0.0528229,304.183,0,F
803,1,HappyBirthday,771,24820.8,M,1,0.000486147,5.44196,49817.1,5.57773,F
803,1,HappyBirthday,1389,1095,M,1,1.18276e-05,0.45191,4.30624,0.00370407,F
803,1,HappyBirthday,1189,2920,M,1,0.00213903,0.0722424,148.687,0.834406,F
804,1,HappyBirthday,1313,1825,M,1,0.0036935,0.283634,7.94226,1.16519,F
804,1,HappyBirthday,535,5110.74,F,1,0.103402,0.67986,1693.73,34.0152,F
805,1,HappyBirthday,1314,1825,M,1,0.361589,0.0917366,35.3226,141.852,F
806,1,HappyBirthday,1390,1095,M,0,0,0.00833938,0,0,F
806,1,HappyBirthday,501,24455.3,F,1,0.0063326,0.217976,216.474,3.48672,F
806,1,HappyBirthday,946,8395.25,M,1,0.00016619,9.76513,0.111451,0.051647,F
807,1,HappyBirthday,347,10950.1,M,1,0,0.0955222,0.0389852,0,F
807,1,HappyBirthday,420,17155.7,M,1,0,1.17227,254.472,0,F
808,1,HappyBirthday,88,9855.34,F,1,0.00383355,0.546295,0.260245,1.19465,F
808,1,HappyBirthday,1416,730,M,1,0.000105898,0.195335,0,0.0330899,F
808,1,HappyBirthday,1417,730,M,0,0,0.0521929,0,0,F
808,1,HappyBirthday,1264,2190,F,1,0.469434,11.6947,8357.88,243.517,F
809,1,HappyBirthday,795,7300.67,F,1,4.18837e-05,0.18064,49645.5,0.394143,F
809,1,HappyBirthday,917,9125.9,M,1,0.0311267,30.0083,1.41453,9.84952,F
809,1,HappyBirthday,960,5110.91,F,1,0.0222452,4.49343,2.8285,7.022,F
810,1,HappyBirthday,1418,730,M,1,0.0161662,0.181562,11087.6,14.5912,F
811,1,HappyBirthday,55,7300.7,F,1,0.000925927,1.04147,211.306,0.541987,F
811,1,HappyBirthday,1096,3650,F,1,0.00956199,0.146326,97.6641,3.61565,F
811,1,HappyBirthday,776,13140.3,M,0,0,0.0933464,0,0,F
811,1,HappyBirthday,821,28835.6,F,1,0.250217,0.252957,914.994,89.5177,F
812,1,HappyBirthday,839,20075.3,F,1,0.000198862,0.093207,0,0.0618236,F
813,1,HappyBirthday,1315,1825,M,1,0.00237686,0.203872,16031.8,6.80091,F
813,1,HappyBirthday,172,10950.7,F,1,0.4982,9.56882,18.0384,228.135,F
815,1,HappyBirthday,137,13870,F,1,0.0277556,0.78456,12.8845,8.7563,F
815,1,HappyBirthday,245,32850,F,1,0.114701,75.1193,4.96271,37.9363,F
815,1,HappyBirthday,1144,3285,F,1,0.0716152,8.6627,21.1972,24.7272,F
816,1,HappyBirthday,428,29930.4,M,1,1.88953e-05,1.56928,878.916,0.026821,F
816,1,HappyBirthday,549,13505.6,F,1,0,0.0612605,0,0,F
816,1,HappyBirthday,752,33215.3,M,1,0.196045,5.35639,60.0213,74.5026,F
817,1,HappyBirthday,472,5475.58,F,1,0.00405086,0.120977,264.889,2.67771,F
817,1,HappyBirthday,1350,1460,F,1,0.0300483,0.120432,763.235,9.99244,F
819,1,HappyBirthday,1316,1825,F,1,0.00083759,0.283294,8.302,0.269033,F
820,1,HappyBirthday,251,8760.33,M,1,0.0145194,0.864764,4.57311,4.6506,F
820,1,HappyBirthday,440,6935.07,M,1,0.00261257,12.5367,20.1161,0.826524,F
820,1,HappyBirthday,580,8030.03,M,1,0.00153121,0.195716,49.9728,0.563259,F
821,1,HappyBirthday,532,21170.9,F,1,0,0.244723,0,0,F
821,1,HappyBirthday,1317,1825,F,1,0.00127811,0.0391509,14.837,0.426855,F
821,1,HappyBirthday,1266,2190,M,1,0.00457478,1.00995,16296.3,6.25356,F
822,1,HappyBirthday,126,17885.1,F,1,0.573582,0.677574,401.827,266.694,F
822,1,HappyBirthday,1267,2190,M,1,0.00593532,10.0235,587.589,2.90829,F
824,1,HappyBirthday,540,4745.74,F,1,9.9698e-06,0.774795,21.2684,0.00326088,F
824,1,HappyBirthday,568,24820.6,M,1,0.000334928,0.0351957,6.4247,0.104184,F
824,1,HappyBirthday,1058,4015,F,1,0.0112654,11.7992,31.9913,3.71051,F
824,1,HappyBirthday,1351,1460,M,1,0.00274957,0.563329,1.10131,0.856703,F
824,1,HappyBirthday,1057,4015,M,1,0.0592738,0.637535,31.7948,19.8571,F
825,1,HappyBirthday,350,22265.1,F,1,0.0876344,1.0108,147.317,39.0668,F
826,1,HappyBirthday,1190,2920,M,1,0.00647493,0.944032,1511.61,3.30422,F
826,1,HappyBirthday,1318,1825,M,1,0.000935575,0.163527,1429.64,0.291139,F
826,1,Births,1499,0,F,0,0,0.0605368,0,0,F
827,1,HappyBirthday,321,5110.89,F,1,0.00552219,0.452677,1965.26,6.78581,F
828,1,HappyBirthday,913,16790.8,F,1,0.0771298,1.65213,101.08,28.3285,F
829,1,HappyBirthday,1352,1460,M,1,0.000907508,1.67422,7.146e-07,0.281944,F
830,1,HappyBirthday,1059,4015,M,1,0.133784,0.640831,2695.61,45.1447,F
831,1,HappyBirthday,135,9490.13,F,1,0.133185,7.31008,0.262008,44.4387,F
831,1,HappyBirthday,1145,3285,M,1,0.0439727,8.94886,11.7338,14.5702,F
831,1,HappyBirthday,1353,1460,F,1,0.375021,0.437128,4572.87,618.291,F
831,1,HappyBirthday,693,8030.41,F,1,0.00714291,0.43279,1493.31,2.35226,F
831,1,HappyBirthday,1457,365,M,0,0,0.0233148,0,0,F
832,1,HappyBirthday,310,6205.52,M,1,0.0230158,0.773055,0.513435,7.23639,F
832,1,HappyBirthday,376,9490.36,M,1,8.72876e-05,18.0698,1060.83,0.034323,F
832,1,HappyBirthday,585,12045.3,F,1,0.000679059,5.32746,82.0677,0.218136,F
832,1,HappyBirthday,975,28470,M,1,0.00845153,0.10496,6675.61,9.91882,F
832,1,HappyBirthday,1097,3650,F,1,0.000700667,1.06808,14.554,0.233622,F
833,1,HappyBirthday,624,12410.3,F,1,3.6312e-06,0.208911,6659.71,0.0145592,F
833,1,HappyBirthday,661,7300.62,F,1,3.41817e-06,0.159091,1.29049,0.00106825,F
833,1,HappyBirthday,1191,2920,M,1,0.635078,0.260278,21.4589,319.027,F
834,1,HappyBirthday,1391,1095,F,1,0.0148525,0.618299,60.261,5.06139,F
834,1,HappyBirthday,244,23360.3,F,1,0.000187916,0.280705,2.48973,0.058655,F
834,1,HappyBirthday,1354,1460,M,1,0.0721223,0.0542986,1088.88,64.0643,F
834,1,HappyBirthday,662,5110.81,F,1,3.74702e-05,0.533945,26.4719,0.0121324,F
834,1,HappyBirthday,1419,730,F,1,0.000301835,0.535271,37.3924,0.109439,F
835,1,HappyBirthday,131,21535.2,F,1,0.00102698,0.0188617,24.7934,0.328514,F
836,1,HappyBirthday,1420,730,M,0,0,0.00813478,0,0,F
836,1,HappyBirthday,331,18980.3,F,1,3.04394e-05,2.53454,16.4688,0.0097804,F
836,1,HappyBirthday,630,17885.8,F,1,0.0226076,1.23455,883.606,8.42387,F
836,1,HappyBirthday,884,12775.4,M,1,0.000734326,1.08944,780.427,0.264039,F
837,1,HappyBirthday,1458,365,M,0,0,0.0466375,0,0,F
837,1,HappyBirthday,1355,1460,F,1,0,0.0397414,115.281,0,F
837,1,HappyBirthday,1098,3650,M,1,4.90146e-05,0.297107,57929.9,0.133255,F
837,1,HappyBirthday,953,6935.73,F,1,0.121134,1.4831,42.3058,40.5487,F
838,1,HappyBirthday,102,17885.4,F,1,0.000258182,0.117465,167.68,0.0816286,F
838,1,HappyBirthday,192,15330.4,M,1,0.000131193,0.704725,32653.3,0.232765,F
838,1,HappyBirthday,520,14600.7,F,1,0.113177,1.97955,0.611662,37.3268,F
838,1,HappyBirthday,667,7300.23,M,1,0.167959,0.269671,4472.26,88.4011,F
839,1,HappyBirthday,1319,1825,F,1,5.46786e-06,0.186101,80538.3,0.0227742,F
839,1,HappyBirthday,1422,730,F,0,0,0.0295433,0,0,F
840,1,HappyBirthday,505,6205.94,M,1,0.00127786,3.99645,0.985008,0.399637,F
840,1,HappyBirthday,521,6205.25,F,1,1.70181e-05,6.9895,3.7364,0.0053689,F
840,1,HappyBirthday,613,21900.1,F,0,0,0.0292599,0,0,F
840,1,HappyBirthday,746,5840.76,M,1,0,1.13661,1302.06,0,F
841,1,HappyBirthday,14,5840.71,M,1,0.0232982,2.96995,1941.29,27.2342,F
841,1,HappyBirthday,698,6935.83,M,1,0.000856436,2.39474,39.557,0.26895,F
842,1,HappyBirthday,1356,1460,F,1,0.00479178,1.63256,47.959,1.74344,F
842,1,Births,1500,0,M,0,0,0.446516,0,0,F
843,1,HappyBirthday,1459,365,M,1,0.102363,0.128774,93501.5,778.25,F
843,1,HappyBirthday,1320,1825,F,1,0.0201607,1.99515,3.50149,6.39469,F
843,1,HappyBirthday,683,28835.2,F,0,0,0.020728,0,0,F
844,1,HappyBirthday,162,9125.08,M,1,0.00522584,0.530327,0.0670786,1.6285,F
844,1,HappyBirthday,239,5475.16,M,1,0.01522,0.801143,18.8084,4.9019,F
844,1,HappyBirthday,1100,3650,M,1,0.000842687,0.749377,30.2067,0.272707,F
844,1,HappyBirthday,650,12410.7,F,1,0.101577,5.63484,7.78556,34.4184,F
844,1,HappyBirthday,1226,2555,F,1,0.00174132,1.18282,1.44764,0.541821,F
845,1,HappyBirthday,113,18250.9,M,1,0.0139161,0.216239,4.53187,4.3752,F
845,1,HappyBirthday,303,8030.11,M,1,0.00133791,1.19814,0.0139368,0.416131,F
845,1,HappyBirthday,323,20440.3,M,1,0.12976,0.130562,7408.78,58.5866,F
845,1,HappyBirthday,602,15695.4,F,1,0.00356013,4.36204,31594.7,15.1476,F
845,1,HappyBirthday,691,16790.7,F,1,0.00142336,0.23536,17.411,0.479987,F
846,1,HappyBirthday,295,21900.4,F,1,0.00893333,2.56976,0.183787,2.78859,F
847,1,HappyBirthday,1011,4380,F,1,0.330207,0.279582,323.01,271.794,F
849,1,HappyBirthday,622,12775,M,1,0.00106092,0.458473,0.0145098,0.330041,F
850,1,HappyBirthday,337,9490.16,F,1,0.000270109,0.458962,2.13017,0.084673,F
850,1,HappyBirthday,609,6570.03,M,1,0.129014,0.997398,136.421,42.9299,F
850,1,HappyBirthday,785,22995.2,M,1,0.0789909,1.36058,3.95898,25.5737,F
850,1,HappyBirthday,856,13140.9,F,1,0.000909504,0.973528,7653.91,0.605112,F
851,1,HappyBirthday,160,18980.7,F,1,0.00116834,0.18175,26.1725,0.365899,F
851,1,HappyBirthday,1060,4015,F,1,0,0.0523447,0,0,F
851,1,HappyBirthday,475,16060.6,F,1,0.00416366,0.332553,0.146146,1.29711,F
852,1,HappyBirthday,212,8030.34,M,1,0.0018352,3.70816,2.15254,0.575914,F
853,1,HappyBirthday,108,26645.7,M,1,0.378321,0.593477,126.719,150.345,F
854,1,HappyBirthday,1321,1825,M,1,5.40188e-05,0.138926,106443,0.816973,F
854,1,HappyBirthday,1460,365,F,1,0.0741668,18.4287,74.2661,25.529,F
854,1,HappyBirthday,1461,365,F,1,0.636794,0.202606,1346.43,834.31,F
855,1,HappyBirthday,406,8395.82,F,1,0.000325729,1.69324,22764.5,0.303394,F
855,1,HappyBirthday,1061,4015,M,1,0.0115007,0.439895,179.684,3.63138,F
855,1,HappyBirthday,706,10585.8,F,1,0.000589539,3.67628,0.0067468,0.183184,F
855,1,HappyBirthday,872,14600.2,F,1,0.0190326,18.5261,12.3052,6.08245,F
855,1,HappyBirthday,1462,365,M,1,2.78741e-05,3.339,25318.2,0.352044,F
856,1,HappyBirthday,1322,1825,M,1,0.00397165,0.180315,20.1214,1.34879,F
857,1,HappyBirthday,112,18980.8,F,1,0.539399,0.402869,5483.98,380.776,F
857,1,HappyBirthday,259,5110.97,M,1,0.00458819,0.0793438,145.699,1.72255,F
857,1,HappyBirthday,308,6935.75,F,1,0.0119729,0.0622139,1486.14,7.38299,F
857,1,HappyBirthday,781,22995.5,M,1,0.000205454,0.104568,0.0013994,0.063799,F
858,1,HappyBirthday,98,6570.48,F,1,0.00742031,0.101239,0.996792,2.32553,F
858,1,HappyBirthday,1062,4015,F,1,0.00142527,0.638218,61.7453,0.484867,F
858,1,HappyBirthday,1192,2920,M,1,0.00525033,2.05976,7824.16,4.85127,F
858,1,HappyBirthday,207,10586,M,1,0.00263157,3.08413,3846.41,0.993138,F
858,1,HappyBirthday,618,13140,F,1,0.00097425,1.51073,0.548387,0.303038,F
859,1,HappyBirthday,169,16790,M,1,0.000269376,0.208304,18.4104,0.0856266,F
859,1,HappyBirthday,229,9490.56,M,1,0.0156221,0.905321,739.768,10.1026,F
860,1,HappyBirthday,1392,1095,F,1,0.0566866,3.02743,326.972,21.2765,F
861,1,HappyBirthday,851,16790.4,F,1,0.00167061,0.141408,231.601,0.818094,F
861,1,HappyBirthday,919,25185.3,M,1,0.0632913,0.237476,922.666,46.0405,F
861,1,Births,1501,0,M,0,0,0.00190239,0,0,F
862,1,HappyBirthday,171,17520.8,F,1,0.0245248,0.0173655,39.6133,8.66011,F
862,1,HappyBirthday,740,9125.84,F,1,0.000259504,0.387991,14.1194,0.0859356,F
863,1,HappyBirthday,173,5110.3,M,1,0.0262009,0.016975,9.69681,8.58156,F
863,1,HappyBirthday,883,8760.98,M,1,0.0139269,2.09369,215.209,5.1418,F
864,1,HappyBirthday,1227,2555,F,0,0,0.0455971,0,0,F
864,1,HappyBirthday,455,12045.2,F,0,0,0.0232351,0,0,F
864,1,HappyBirthday,599,7665.7,M,1,0.114588,2.14978,1048.68,51.5008,F
864,1,HappyBirthday,1463,365,M,1,0.00932804,0.226827,231.294,3.10153,F
865,1,HappyBirthday,1323,1825,M,1,0.0827119,0.39753,4.16053,26.9792,F
866,1,HappyBirthday,185,9855.8,F,1,0.0749002,0.07904,1812.65,26.1003,F
866,1,HappyBirthday,486,6205.43,F,1,0.541724,3.0829,1.6361,243.057,F
867,1,HappyBirthday,25,25550.7,M,1,0.026748,0.0589002,354.998,8.87238,F
867,1,HappyBirthday,124,12045.8,F,1,0.0669652,0.172361,2730.27,119.121,F
868,1,HappyBirthday,1423,730,F,1,0.229328,0.459502,862.958,186.12,F
869,1,HappyBirthday,92,13870.4,M,1,0.00515047,1.19375,1334.77,3.53528,F
869,1,HappyBirthday,340,6935.51,F,1,0.00200503,1.46091,2.12441,0.630354,F
869,1,HappyBirthday,1104,3650,M,1,0.0439682,0.199855,11.5003,14.0173,F
869,1,HappyBirthday,467,5110.71,F,1,0.000260822,4.62469,7686.15,0.105223,F
869,1,HappyBirthday,682,22995.5,M,1,0.201529,0.0808675,1815.73,101.891,F
870,1,HappyBirthday,1464,365,M,1,0.000107067,0.534683,1426.13,0.193889,F
870,1,HappyBirthday,445,6205.68,M,1,0.000535593,0.624427,3.52685,0.168303,F
870,1,HappyBirthday,670,14235.8,F,1,0.0164019,0.490695,34.6961,5.22637,F
871,1,HappyBirthday,1013,4380,F,1,0.00896506,0.901508,35.3315,2.86736,F
871,1,HappyBirthday,1228,2555,M,1,0.170443,0.465286,7367.68,990.395,F
871,1,HappyBirthday,1465,365,M,1,0.682029,0.111197,33.7536,372.631,F
872,1,HappyBirthday,1064,4015,F,1,0.0042353,0.213372,7537.92,7.0825,F
872,1,HappyBirthday,1324,1825,M,1,0.00313589,0.317705,45.6002,1.12722,F
873,1,HappyBirthday,423,5110.73,M,1,0.00782673,0.301123,1884.86,2.78294,F
873,1,HappyBirthday,434,17520.1,F,1,7.72992e-05,0.364383,21.6326,0.0266466,F
873,1,HappyBirthday,1107,3650,F,1,0.00672348,0.253348,1.31271,2.10068,F
874,1,HappyBirthday,1357,1460,F,1,0.0987297,0.119222,64.2185,35.4772,F
874,1,HappyBirthday,430,32850.4,M,1,0.0176345,0.918199,13.0577,5.54893,F
874,1,HappyBirthday,1325,1825,M,1,0.0330576,0.0373609,142.149,15.0339,F
874,1,HappyBirthday,1326,1825,M,1,0.00157856,0.552502,55.3361,0.578774,F
875,1,HappyBirthday,109,5110.19,M,1,0.000733914,6.14022,3856.45,1.31774,F
875,1,HappyBirthday,132,7300.41,M,1,4.3115e-05,0.249606,71.8501,0.0169162,F
875,1,HappyBirthday,801,7300.1,F,1,0.0477212,11.599,7.44963,15.3285,F
875,1,HappyBirthday,1466,365,M,1,0.472984,0.411307,634.501,293.453,F
875,1,HappyBirthday,1270,2190,M,1,0.179607,1.03373,11640.7,1246.62,F
876,1,HappyBirthday,344,27010.6,F,1,3.06725e-07,1.39741,873.219,0.0004346,F
876,1,HappyBirthday,1229,2555,M,1,0.00258847,1.55964,14636.2,10.2067,F
877,1,HappyBirthday,133,5840.84,F,1,0.002728,0.381055,0.0633832,0.848935,F
877,1,HappyBirthday,1148,3285,M,1,0.0328225,0.1961,392.82,10.3725,F
877,1,HappyBirthday,1230,2555,M,1,0.00252855,0.482371,24.8689,0.860342,F
878,1,HappyBirthday,1193,2920,F,1,0.111631,1.26012,2426.92,258.453,F
878,1,HappyBirthday,493,12775.8,F,1,0.00343024,2.11633,3101.18,1.50108,F
878,1,HappyBirthday,656,9855.04,M,1,4.09509e-06,0.867859,25.2128,0.0013266,F
878,1,HappyBirthday,1014,4380,F,1,0.00484564,0.203168,845.232,3.30154,F
878,1,HappyBirthday,808,14235,M,1,0.05747,0.643645,46.5198,18.6267,F
878,1,HappyBirthday,916,7665.06,F,1,2.57761e-05,0.323481,3.89179,0.0081722,F
879,1,HappyBirthday,32,5840.94,M,1,0.0713692,2.09051,4.19701,23.1487,F
879,1,HappyBirthday,66,28105,M,1,0.0375955,0.0870206,23.0774,12.1292,F
879,1,HappyBirthday,351,9490.04,F,1,0.825381,345.163,105.237,595.541,F
880,1,HappyBirthday,290,10220.1,F,1,0.0312666,3.4665,982.488,24.1354,F
880,1,HappyBirthday,1327,1825,F,1,0.000339579,0.0675703,0.824197,0.105495,F
881,1,HappyBirthday,1358,1460,M,1,0.0480208,0.967339,104.584,18.6571,F
881,1,HappyBirthday,1232,2555,F,1,0.0896444,2.71321,4.30917,29.7343,F
881,1,HappyBirthday,551,11680.6,M,1,0.162273,4.20967,200.002,58.3182,F
881,1,HappyBirthday,1231,2555,M,1,0.174891,7.051,10.1262,59.7592,F
882,1,HappyBirthday,271,7300.61,F,1,0.000335785,1.41484,827.003,0.10967,F
882,1,HappyBirthday,888,4745.92,M,1,0.0736353,7.94875,0.190481,23.776,F
883,1,HappyBirthday,404,9125.27,M,1,0.0133136,4.41266,0.213153,4.16537,F
884,1,HappyBirthday,265,28470.8,M,1,0.000103721,0.968218,0.00052,0.032191,F
884,1,HappyBirthday,559,22995.8,M,1,0.000145223,3.75323,614.422,0.163589,F
884,1,HappyBirthday,1271,2190,F,1,0.0834808,0.210456,26696.5,61.9614,F
885,1,HappyBirthday,21,12045,F,1,0.0024974,0.537473,82.7032,1.07606,F
885,1,HappyBirthday,1016,4380,M,1,0.00108912,0.817222,0.0159306,0.338862,F
885,1,HappyBirthday,1328,1825,F,1,0.236076,0.169978,141.278,111.493,F
885,1,HappyBirthday,766,6935.02,M,1,0.000513769,0.667481,0.285232,0.159799,F
886,1,HappyBirthday,1273,2190,M,1,0.603643,0.82061,923.945,307.482,F
886,1,HappyBirthday,1065,4015,F,1,0.0145416,3.28522,0.625715,4.55311,F
886,1,HappyBirthday,1272,2190,M,1,5.12039e-05,0.356243,166410,0.46615,F
887,1,HappyBirthday,469,10220.9,M,1,0.018185,0.493055,1058.22,24.5707,F
888,1,HappyBirthday,1467,365,M,1,0.13731,0.0186992,65731.5,932.843,F
888,1,HappyBirthday,1194,2920,M,1,0.0807486,0.0739254,74.5364,29.0221,F
888,1,HappyBirthday,1108,3650,M,1,3.83149e-06,1.66303,983.136,0.00514333,F
888,1,HappyBirthday,1234,2555,M,1,0.0405154,0.655633,260.013,25.2395,F
889,1,HappyBirthday,956,16790.5,M,1,0.000998034,0.0896405,21.1832,0.339635,F
890,1,HappyBirthday,84,23360,M,1,0.156664,9.40325,1.63612,53.0445,F
890,1,Births,1502,0,F,0,0,0.215429,0,0,F
891,1,HappyBirthday,1274,2190,F,0,0,0.0982355,0,0,F
891,1,HappyBirthday,545,10950.5,F,1,0.131882,2.83821,0.0961418,43.9566,F
892,1,HappyBirthday,187,10585.8,F,1,0.00371972,1.49846,37.1964,1.18121,F
892,1,HappyBirthday,1393,1095,F,1,0,0.097522,24.0309,0,F
893,1,HappyBirthday,1468,365,F,1,0.0580174,0.0601642,68579.6,586.853,F
893,1,HappyBirthday,876,5110.56,F,1,0.00158647,0.743341,7.28876,0.499557,F
894,1,HappyBirthday,53,5840.51,M,1,0.0068817,3.31161,31.8973,2.43245,F
894,1,HappyBirthday,194,7665.87,F,1,1.31694e-05,0.780854,9.2e-06,0.0040868,F
894,1,HappyBirthday,380,20805.4,M,1,0.00822771,16.0968,4.8875,2.56949,F
894,1,HappyBirthday,813,18615.6,M,1,0,0.379419,1.3699,0,F
895,1,HappyBirthday,341,31025,F,1,0.00210572,1.73279,37339.5,6.32157,F
895,1,HappyBirthday,485,18615.3,F,1,0.0119069,0.371289,0.235196,3.72377,F
895,1,HappyBirthday,878,27740.4,F,1,0.053059,1.02394,14.6552,17.3351,F
896,1,HappyBirthday,763,8760.75,F,1,0.0652065,5.39789,1.64791,20.9571,F
896,1,HappyBirthday,939,11315.1,F,1,0.0320462,2.44966,1564.39,69.765,F
897,1,HappyBirthday,1149,3285,M,1,0.00239533,0.296665,243.334,1.53977,F
897,1,HappyBirthday,1235,2555,F,1,5.85942e-05,0.954522,3698.89,0.194146,F
897,1,Births,1503,0,F,0,0,0.00145215,0,0,F
898,1,HappyBirthday,1150,3285,F,1,0,1.41909,0.00646851,0,F
898,1,HappyBirthday,218,10220.9,F,1,0.000843654,0.144598,55.3284,0.273297,F
898,1,HappyBirthday,409,5475.2,F,1,0.0179939,0.774101,480.195,10.3934,F
898,1,HappyBirthday,1195,2920,F,1,0.00149885,0.131875,8.52478,0.477433,F
898,1,HappyBirthday,911,31025.1,F,1,0.00597155,2.48102,0.958924,1.86349,F
899,1,HappyBirthday,8,5475.94,F,1,0.0133525,0.125501,0.0728035,4.17769,F
899,1,HappyBirthday,128,6205.54,M,1,0.000202022,3.13462,135.859,0.0632178,F
899,1,HappyBirthday,1275,2190,F,1,0.0357381,0.869808,1115.97,23.0091,F
899,1,HappyBirthday,842,18250.2,M,1,0.0163667,0.196607,39.8174,5.41345,F
901,1,HappyBirthday,7,7300.94,F,1,0.00835209,5.75088,636.508,5.06807,F
901,1,HappyBirthday,17,28105.2,F,1,8.76608e-05,0.207765,446.807,0.0290642,F
901,1,HappyBirthday,358,14600.9,F,1,0.000230058,0.048432,0.425853,0.0715096,F
901,1,HappyBirthday,1109,3650,F,1,0,10.9845,2.10211,0,F
901,1,HappyBirthday,707,5475.42,M,1,0.0166708,10.1939,3.38947,5.30096,F
902,1,HappyBirthday,1329,1825,M,1,0.463702,0.067288,5.92666,195.746,F
902,1,HappyBirthday,1276,2190,F,1,0.00101947,0.941478,32881.3,1.21221,F
902,1,HappyBirthday,1236,2555,M,1,0.00393743,2.63081,22572.8,2.5536,F
902,1,HappyBirthday,592,11680.3,M,1,0.00128181,10.9387,934.354,0.444563,F
902,1,HappyBirthday,621,9490.36,M,1,0.0632008,2.14139,42.7526,21.5402,F
903,1,HappyBirthday,349,9125.05,F,1,0.116849,0.160768,71.4941,46.2104,F
903,1,HappyBirthday,555,17885.8,M,1,0.0124444,0.131135,121076,104.07,F
903,1,HappyBirthday,1278,2190,M,1,0.00734011,0.578005,25.2885,2.29915,F
904,1,HappyBirthday,294,9125.32,F,0,0,0.0149175,0,0,F
905,1,HappyBirthday,1066,4015,M,1,0.00677278,2.92661,1.07507,2.11558,F
905,1,HappyBirthday,471,22265.1,M,1,0,15.6283,1859.59,0,F
905,1,HappyBirthday,738,9490.05,M,1,0.00106894,4.41588,544.428,1.10539,F
906,1,HappyBirthday,18,17155.7,F,1,0.0020891,0.252183,92.3993,0.652658,F
906,1,HappyBirthday,653,12045.4,F,1,0.000889925,4.6489,63.197,0.283768,F
907,1,HappyBirthday,655,9490.98,M,1,0.0951453,1.31349,1224.21,32.1375,F
907,1,HappyBirthday,871,22265.7,M,1,0.00453763,8.63438,5.11372,1.4504,F
908,1,HappyBirthday,141,10220.9,M,1,8.58685e-05,3.44205,10.2801,0.0276802,F
908,1,HappyBirthday,164,9855.19,M,1,0.0117152,0.0977331,2821.1,4.03514,F
908,1,HappyBirthday,167,5110.62,M,1,0.000212368,1.60474,501.701,0.112989,F
908,1,HappyBirthday,1359,1460,F,1,0.0235233,0.466215,0.403759,7.40217,F
908,1,HappyBirthday,1067,4015,F,1,0.0750517,0.319944,0.986825,24.2836,F
908,1,Births,1504,0,M,0,0,0.0141713,0,0,F
909,1,HappyBirthday,85,5840.74,M,1,0.00213478,0.323876,8.3174e-05,0.664249,F
909,1,HappyBirthday,168,14235.2,M,1,0.0151227,0.241297,2350.25,17.7419,F
909,1,HappyBirthday,232,6570.98,M,1,0.00141995,4.17947,0.000154286,0.441706,F
909,1,HappyBirthday,747,8760.34,M,1,0.13917,6.40586,1443.24,207.936,F
909,1,Births,1505,0,M,0,0,1.08012,0,0,F
910,1,HappyBirthday,614,7665.42,M,1,0.554907,1.38481,22.5043,271.165,F
910,1,HappyBirthday,865,13505.2,M,1,0.0065685,1.45347,37.3951,2.41485,F
910,1,HappyBirthday,870,5110.03,M,1,0.0793175,1.46479,21.7263,28.1649,F
911,1,HappyBirthday,314,8760.5,F,1,0.0805959,0.304679,2446.23,26.1289,F
911,1,HappyBirthday,421,7665.78,M,1,0.000568299,0.731007,0.000489,0.176736,F
911,1,HappyBirthday,1330,1825,F,1,0.0615721,0.343156,3619.41,55.9538,F
911,1,HappyBirthday,867,5110.29,F,1,0.0165802,1.2715,3.27707,5.1955,F
911,1,HappyBirthday,1196,2920,M,1,2.72115e-05,0.485874,66187.5,0.0535648,F
912,1,HappyBirthday,147,8030.34,F,1,0.000346928,2.29403,10.1459,0.109763,F
912,1,HappyBirthday,542,16790.4,F,1,0.000765007,0.129065,66.7678,0.239092,F
912,1,HappyBirthday,826,9125.31,F,1,0.0230694,0.0559282,5.86387,7.286,F
913,1,HappyBirthday,1238,2555,F,1,0.0242044,0.617579,66.7004,8.35333,F
913,1,HappyBirthday,835,4745.34,F,1,0.0291369,7.47992,0.760255,9.2014,F
914,1,HappyBirthday,598,31025.8,F,1,0.0493996,0.941888,9.10304,15.9869,F
914,1,HappyBirthday,979,9855.16,M,1,0.00184192,0.552287,63.1434,0.635292,F
915,1,HappyBirthday,1394,1095,F,1,9.44403e-05,0.107418,0.00933852,0.0292903,F
915,1,HappyBirthday,332,6935.23,F,1,0.00800347,1.00619,0.109718,2.49743,F
915,1,HappyBirthday,343,21170,F,1,0.00495158,0.128792,10.2101,1.56972,F
915,1,HappyBirthday,1113,3650,M,1,0.000556112,0.065125,3455.02,1.99133,F
915,1,HappyBirthday,531,12410.2,F,1,0.0705556,4.27521,24.6318,25.504,F
915,1,HappyBirthday,1425,730,M,1,0.631385,0.830011,2.356,313.634,F
916,1,HappyBirthday,69,8760.08,F,1,0.021344,0.420575,354.992,10.3659,F
916,1,HappyBirthday,1197,2920,F,1,0.00616302,0.201883,0.495606,1.92231,F
916,1,HappyBirthday,537,16060,M,1,0.00113225,0.0630846,52.5323,0.382968,F
916,1,HappyBirthday,1151,3285,F,1,0.086974,0.252784,6.95761,29.1815,F
918,1,HappyBirthday,1239,2555,M,1,0.000152757,0.245641,0,0.0474927,F
918,1,HappyBirthday,1198,2920,M,1,0.00996326,0.135184,12421.9,11.994,F
919,1,HappyBirthday,1361,1460,M,1,0.000334527,0.0202533,124832,2.71579,F
919,1,HappyBirthday,941,7665.43,F,1,0.0498797,0.814383,12.2299,16.2539,F
919,1,Births,1506,0,F,0,0,0.0738395,0,0,F
920,1,HappyBirthday,152,35770.6,M,1,0.00173387,2.28089,9524.18,11.516,F
920,1,HappyBirthday,234,9490.74,M,1,0.00636993,14.7113,1508.71,6.04564,F
920,1,HappyBirthday,312,5840.29,F,1,0.0116207,10.5931,33.5949,3.64292,F
920,1,HappyBirthday,1279,2190,F,1,0.00141202,0.0823184,4.55013,0.44902,F
920,1,HappyBirthday,761,8395.38,M,1,0.0138778,2.36337,0.0799092,4.34433,F
921,1,HappyBirthday,1280,2190,M,1,0.0157154,5.61303,15606.8,8.75326,F
921,1,HappyBirthday,444,6935.35,M,1,0.513751,0.202687,6.35584,228.204,F
921,1,HappyBirthday,1114,3650,F,1,0.103581,2.42288,170.51,39.4373,F
921,1,HappyBirthday,982,9490.94,M,1,0.239633,0.410681,15.7744,85.715,F
922,1,HappyBirthday,1362,1460,F,1,0.00395223,0.24476,24.3273,1.36526,F
922,1,HappyBirthday,416,4745.42,M,1,0.0153857,0.434047,0.598697,4.82167,F
922,1,HappyBirthday,759,10585.2,M,1,0.0114855,0.678977,10.1814,3.65107,F
923,1,HappyBirthday,1363,1460,F,1,0.0014196,0.193095,7033.42,7.3991,F
923,1,HappyBirthday,779,5475.11,M,1,1.33825e-05,1.79905,0,0.00413968,F
924,1,HappyBirthday,103,8760.34,F,1,0.000368009,13.6306,0.139668,0.114451,F
924,1,HappyBirthday,1331,1825,M,1,0.714467,0.391813,70.7029,434.464,F
924,1,HappyBirthday,1469,365,M,1,0.00252002,0.0842152,0.147302,0.783884,F
925,1,HappyBirthday,1395,1095,F,1,0.00163832,0.15309,55.3602,0.551018,F
925,1,HappyBirthday,1068,4015,M,1,0.00354545,1.71413,10241.4,12.1092,F
925,1,HappyBirthday,1470,365,F,1,0.0134884,0.567056,43.1614,5.01743,F
925,1,HappyBirthday,874,7665.53,F,1,0.0245665,0.074642,2257.47,19.7552,F
926,1,HappyBirthday,1199,2920,F,0,0,0.0222389,0,0,F
926,1,HappyBirthday,1281,2190,F,1,0.000731762,0.346324,3371,1.27793,F
926,1,HappyBirthday,606,4745.46,M,1,0.00210194,0.451649,2178.94,2.22258,F
926,1,HappyBirthday,853,13870.5,F,1,0.0272347,0.37271,0.0005484,8.58153,F
927,1,HappyBirthday,1069,4015,M,1,0.0207961,0.693004,5048.65,8.19016,F
927,1,HappyBirthday,1396,1095,M,1,4.4758e-05,0.175427,110945,0.698014,F
927,1,HappyBirthday,1332,1825,F,1,0.247428,4.76528,1110.98,93.9564,F
928,1,HappyBirthday,203,7300.26,F,1,0.00902574,4.67767,0.203479,2.82008,F
928,1,HappyBirthday,266,31025.7,M,1,0.0170523,3.21721,13824.7,31.348,F
928,1,HappyBirthday,281,6570.23,F,1,0.171998,1.16163,897.583,63.0696,F
928,1,HappyBirthday,1070,4015,M,1,0.204506,0.590679,506.564,71.1653,F
928,1,HappyBirthday,1115,3650,M,1,0.066807,0.038261,110.37,25.0592,F
928,1,HappyBirthday,845,27375.2,F,1,0.0456133,15.1027,10.3038,14.5272,F
929,1,HappyBirthday,1117,3650,M,1,0.0789259,0.198153,2858.71,27.6793,F
930,1,HappyBirthday,35,5840.01,F,1,0.125205,0.339525,101.876,54.1962,F
931,1,HappyBirthday,177,21170.6,F,1,0.0071462,1.15772,10956.4,52.5355,F
931,1,Births,1507,0,M,0,0,0.26294,0,0,F
932,1,HappyBirthday,181,8395.29,M,1,0.00155215,3.28689,0.295007,0.483121,F
932,1,HappyBirthday,215,5840.62,M,1,0.00599123,0.332653,1768.04,11.4597,F
932,1,HappyBirthday,688,14965.7,M,1,0.0623395,1.15822,3.72754,20.3817,F
932,1,HappyBirthday,943,5840.66,F,1,0.00522225,0.35411,0.411382,1.62739,F
933,1,HappyBirthday,42,9125.22,F,1,0.0574172,0.407657,8.1298,18.8547,F
933,1,HappyBirthday,1071,4015,F,1,0.00794785,2.11493,3857.96,2.51018,F
933,1,HappyBirthday,330,7665.56,F,1,0.00137389,0.754037,2876.17,2.69677,F
933,1,HappyBirthday,361,5840.04,F,1,0.00677541,2.06674,1406.58,5.63555,F
933,1,HappyBirthday,1364,1460,M,1,0.358799,0.0319205,3217.49,666.407,F
934,1,HappyBirthday,563,8395.96,M,1,0.0030006,15.4184,84.5734,0.934012,F
934,1,HappyBirthday,962,6570.67,M,1,0.00668459,3.10679,30.6338,2.10357,F
935,1,HappyBirthday,1426,730,M,1,6.04432e-06,0.22359,19677.2,0.0336208,F
935,1,HappyBirthday,793,15330.9,M,1,0.00373039,0.445419,366.156,1.21701,F
935,1,HappyBirthday,1333,1825,F,1,0.000602982,0.0385519,4836.53,0.497399,F
936,1,HappyBirthday,322,27740,M,1,0.00106186,2.51962,9.04,0.330543,F
936,1,HappyBirthday,500,7665.42,M,1,0.0111802,4.38134,0.0005692,3.49428,F
936,1,HappyBirthday,577,26645.5,F,1,0.0273703,0.36336,0.0158352,8.62644,F
937,1,HappyBirthday,1397,1095,F,1,0.213022,0.0627185,3700.63,867.95,F
938,1,HappyBirthday,1398,1095,F,1,0.286639,1.45236,13880.5,1450.78,F
938,1,HappyBirthday,1427,730,M,1,0.0279548,0.0426791,18069.6,27.9889,F
938,1,HappyBirthday,816,22630.7,M,1,9.25306e-05,0.49793,162.533,0.0382812,F
938,1,Births,1508,0,F,0,0,0.0357166,0,0,F
939,1,HappyBirthday,166,18980.5,M,0,0,0.00958021,0,0,F
939,1,HappyBirthday,465,6570.18,M,1,0.0347372,3.29994,4.85716,11.0258,F
940,1,Births,1509,0,F,0,0,0.00637039,0,0,F
941,1,HappyBirthday,1021,4380,F,1,0.0582403,3.51086,0.421619,18.6814,F
941,1,HappyBirthday,211,9855.72,M,1,0.00267577,2.57332,26258.1,17.6525,F
941,1,HappyBirthday,429,9125.88,M,1,0.0115848,1.76097,0.072084,3.62206,F
942,1,HappyBirthday,513,12045.1,F,1,0.244551,0.943821,10.5755,87.2314,F
942,1,HappyBirthday,907,10585.4,F,1,0.000102396,5.87174,869.113,0.144352,F
943,1,HappyBirthday,1072,4015,M,1,0.00952548,0.360341,0.00684848,2.97416,F
943,1,HappyBirthday,373,20805.5,F,1,0,0.261794,193.149,0,F
943,1,HappyBirthday,619,6570.23,M,1,0.171415,2.1569,72.4568,64.0455,F
943,1,HappyBirthday,700,20440.9,F,1,0.000264734,60.03,781.818,0.354604,F
944,1,HappyBirthday,626,9125.03,F,1,2.04218e-05,2.9765,0.192727,0.0063534,F
944,1,HappyBirthday,810,5475.82,M,1,0.019473,0.0799548,45.4276,6.47246,F
944,1,HappyBirthday,1242,2555,M,1,0.00033672,2.83504,15290.8,1.46878,F
945,1,HappyBirthday,107,34310,F,1,0.00413001,0.100704,11.2293,1.3489,F
945,1,HappyBirthday,1153,3285,M,1,0.122623,5.89205,0.15179,40.6671,F
945,1,HappyBirthday,955,9855,F,1,0.000911759,4.90119,25.4659,0.289588,F
946,1,HappyBirthday,252,11315.5,F,1,0.00201633,0.490545,42.1685,0.672537,F
946,1,HappyBirthday,666,5110.8,F,1,0.000117414,0.290413,9.0565,0.0373678,F
946,1,HappyBirthday,744,10585.6,M,1,0.764275,0.155134,37.1738,455.656,F
946,1,HappyBirthday,910,8030.32,M,1,0.0306695,0.5117,0.335156,9.68121,F
947,1,HappyBirthday,1200,2920,F,1,0.00172523,1.21402,8.12481,0.54444,F
948,1,HappyBirthday,34,31390.1,M,1,0.145862,1.8128,2035.62,54.4299,F
948,1,HappyBirthday,464,6570.93,F,1,0.10271,0.160468,655.91,67.1845,F
949,1,HappyBirthday,105,25185,M,1,0.00103229,0.778729,0.166469,0.321057,F
949,1,HappyBirthday,200,18980.9,F,1,0.0299517,0.34769,3187.59,49.3812,F
949,1,HappyBirthday,342,12045.9,F,1,0.000178013,0.0423477,30964.9,0.178164,F
949,1,HappyBirthday,1023,4380,F,1,0.00444606,2.37877,1699.45,4.54857,F
949,1,HappyBirthday,974,11315.1,M,1,0.0291231,44.8431,784.195,18.4485,F
951,1,HappyBirthday,256,6570.66,M,1,0.426193,3.04772,189.155,222.834,F
951,1,HappyBirthday,1243,2555,M,1,0.0539697,0.751332,14.6563,17.2598,F
952,1,HappyBirthday,31,21170.3,F,1,0.0023875,14.9765,0.0815022,0.742725,F
952,1,HappyBirthday,307,8395.3,M,1,1.3097e-05,0.220878,2.54e-05,0.0040868,F
952,1,HappyBirthday,1471,365,M,1,0.540898,0.122496,5932.19,486.238,F
953,1,HappyBirthday,1472,365,M,1,0.623553,0.618888,12.2253,304.164,F
953,1,HappyBirthday,690,9855.77,M,1,0.000457863,1.8159,2.17992,0.142608,F
953,1,HappyBirthday,924,5475.23,F,1,0.156291,0.562343,37.2196,61.2333,F
953,1,HappyBirthday,1334,1825,M,1,0.0209315,0.318504,50.6834,8.17305,F
953,1,HappyBirthday,942,14600.7,F,1,0.0018108,0.0343249,29.6906,0.640755,F
954,1,HappyBirthday,1118,3650,M,1,0.00449777,0.585429,1.68256,1.40449,F
954,1,HappyBirthday,1428,730,F,1,0.213931,0.509387,2923.68,81.0761,F
954,1,HappyBirthday,1119,3650,F,1,0.0265441,0.0339291,0.00205464,8.36117,F
955,1,HappyBirthday,62,8395.03,M,1,0.0134205,0.719797,126.303,4.36085,F
955,1,HappyBirthday,199,13505.4,M,1,0.34371,0.193908,119.529,188.866,F
955,1,HappyBirthday,1154,3285,M,1,0.000107307,2.02924,14451.7,0.498475,F
956,1,HappyBirthday,996,6570.76,F,1,0.0221708,0.0430637,856.693,16.8012,F
956,1,Births,1510,0,M,0,0,0.442131,0,0,F
957,1,HappyBirthday,1399,1095,F,1,0.00882338,0.343146,49.1444,3.40475,F
958,1,HappyBirthday,1201,2920,F,1,0.095265,0.218393,13.8414,32.6169,F
958,1,HappyBirthday,325,13870.9,F,1,0.0604344,0.145427,7.645,20.0109,F
958,1,HappyBirthday,1202,2920,F,1,0.395133,0.175557,1314.3,181.264,F
958,1,HappyBirthday,527,15330.3,M,1,0.0379292,4.5138,8.09408,12.4164,F
958,1,HappyBirthday,1073,4015,F,1,0.370444,0.227608,15.696,147.187,F
959,1,HappyBirthday,65,9855.46,F,1,0.704451,1.92282,43.066,395.898,F
959,1,HappyBirthday,735,19345,F,1,0.0322931,1.42659,0.0064912,10.2012,F
959,1,HappyBirthday,760,5110.77,M,1,0.00500396,3.92937,3.90273,1.56264,F
959,1,HappyBirthday,1120,3650,M,1,0.0429538,3.81232,176.488,16.4349,F
960,1,HappyBirthday,156,7300.9,F,1,0.0114332,1.27387,5.52367,3.63694,F
960,1,HappyBirthday,1155,3285,M,1,0.0671588,0.290512,5216.33,61.5926,F
960,1,HappyBirthday,509,21170.9,F,1,0.00115564,0.636127,2.46e-05,0.359335,F
960,1,HappyBirthday,1473,365,F,1,0.0113747,0.585608,177.34,4.59809,F
961,1,HappyBirthday,480,5840.93,M,1,0.058616,3.81869,50.2041,19.9931,F
961,1,HappyBirthday,497,11315.8,F,1,0.00163422,6.18453,2301.58,0.602276,F
961,1,HappyBirthday,715,13140,M,1,5.31618e-05,0.892846,0.041185,0.0165126,F
962,1,HappyBirthday,196,10585.2,M,1,0.000985805,1.3382,0.246626,0.306441,F
962,1,HappyBirthday,1074,4015,F,1,0.000572091,1.63018,24.6944,0.178856,F
962,1,HappyBirthday,710,27375.1,M,1,3.35131e-05,11.1333,317.736,0.0112122,F
962,1,HappyBirthday,1429,730,M,1,0.0202749,0.752103,353.851,10.6354,F
963,1,HappyBirthday,210,18250.4,F,1,0.481985,1.05654,7.856,207.204,F
963,1,HappyBirthday,362,11680.6,F,1,5.15698e-05,0.530819,63.4428,0.0161764,F
963,1,HappyBirthday,1335,1825,F,0,0,0.0050079,0,0,F
963,1,HappyBirthday,749,21535.7,M,1,0.0464978,21.3687,16.7512,15.0928,F
963,1,HappyBirthday,1365,1460,M,1,0.0761299,0.0219904,27891.2,242.726,F
963,1,HappyBirthday,965,6935.02,F,1,0.00106298,2.97308,0.342506,0.33073,F
964,1,HappyBirthday,11,5110.89,F,1,1.73719e-06,0.366617,2036.11,0.00446392,F
964,1,HappyBirthday,1475,365,F,1,0.522704,0.300182,5822.75,409.909,F
964,1,HappyBirthday,1337,1825,M,1,0.480895,1.40952,25543.7,559.987,F
964,1,HappyBirthday,1025,4380,M,1,0.000248808,0.0626915,9979.32,0.848844,F
964,1,HappyBirthday,1474,365,M,1,0.0133288,0.0508246,61.4633,4.72945,F
964,1,HappyBirthday,829,7665.13,M,1,0.020687,3.20021,1.08505,6.52032,F
965,1,HappyBirthday,1075,4015,M,1,0.347895,0.264215,1762.58,444.181,F
965,1,HappyBirthday,877,5110.48,F,1,0.102104,16.7835,2900.2,184.659,F
966,1,HappyBirthday,1430,730,M,1,0.421678,0.0387978,82.282,192.549,F
967,1,HappyBirthday,213,8030.05,M,1,0.00093447,3.08711,274.899,0.416402,F
967,1,HappyBirthday,1204,2920,F,1,0.00531339,0.031327,44819.7,22.625,F
967,1,Births,1511,0,F,0,0,0.139949,0,0,F
968,1,HappyBirthday,115,14965.6,F,1,5.16623e-05,0.507029,79.8491,0.0165204,F
968,1,HappyBirthday,223,14965.7,M,1,0.00701363,1.51625,4.68217,2.18897,F
968,1,HappyBirthday,1122,3650,F,1,0.000574994,1.92198,5102.5,0.234639,F
968,1,Births,1512,0,F,0,0,0.0511089,0,0,F
969,1,HappyBirthday,495,14235.6,M,1,0.00206934,1.39609,23.8533,0.667322,F
969,1,HappyBirthday,798,7300.93,M,1,0.0720315,7.55093,86.0837,24.5152,F
969,1,Births,1513,0,F,0,0,0.00942431,0,0,F
970,1,HappyBirthday,372,21170,M,1,0.000863244,0.192826,19.1579,0.2763,F
970,1,HappyBirthday,671,11680.4,M,1,0.0464025,0.547344,10.1189,14.9805,F
970,1,HappyBirthday,1401,1095,F,1,0.471507,0.206046,1049.31,750.482,F
971,1,HappyBirthday,957,17520.3,F,1,0.00144961,11.6357,595.04,1.08188,F
971,1,Births,1514,0,M,0,0,0.313446,0,0,F
972,1,HappyBirthday,586,22630.6,F,1,0.000971293,0.246012,581.362,0.313339,F
973,1,HappyBirthday,40,8760.62,F,1,0.241264,0.873896,2361.55,375.604,F
973,1,HappyBirthday,1283,2190,F,1,0.49992,0.0492096,2436.23,940.066,F
974,1,HappyBirthday,180,34310.6,M,1,0,0.470036,0,0,F
974,1,HappyBirthday,197,7665.14,F,1,0.00237295,0.0844506,0.795341,0.739998,F
974,1,HappyBirthday,629,6205.18,M,1,0.00164067,2.60079,424.483,0.852678,F
974,1,HappyBirthday,767,5475.42,M,1,0.000626046,0.14073,0.00747088,0.194798,F
975,1,HappyBirthday,1284,2190,F,1,0.0527674,0.0771264,9.85024,17.6867,F
976,1,HappyBirthday,885,17885.8,M,1,0.00353251,0.241322,667.072,4.26054,F
976,1,Births,1515,0,F,0,0,0.415305,0,0,F
976,1,Births,1516,0,F,0,0,0.0127646,0,0,F
977,1,HappyBirthday,1027,4380,F,1,0.0463175,12.6636,14.0946,15.7839,F
977,1,HappyBirthday,1078,4015,M,0,0,0.145133,0,0,F
977,1,HappyBirthday,357,5110.92,F,1,0,0.129437,0.0759328,0,F
977,1,HappyBirthday,1026,4380,M,1,0.0937837,0.444757,75.5397,40.9663,F
977,1,HappyBirthday,516,12410,F,1,0.00247301,0.442562,11.2591,0.81327,F
977,1,HappyBirthday,714,8395.35,M,1,0.00235154,0.279466,0.0030666,0.731612,F
977,1,HappyBirthday,725,5110.23,F,1,0.0350985,0.660901,139.414,17.675,F
977,1,HappyBirthday,1205,2920,M,1,0.000660059,0.0409824,0.0972904,0.205149,F
978,1,HappyBirthday,507,11680.4,M,1,0.542981,3.23031,7.24308,244.598,F
978,1,HappyBirthday,1476,365,F,0,0,0.0843933,0,0,F
978,1,HappyBirthday,782,8030.93,M,1,0.000730826,2.53585,0.102338,0.227249,F
978,1,HappyBirthday,981,10585.2,F,1,0.0936485,0.889118,730.597,45.3041,F
979,1,HappyBirthday,1079,4015,M,1,0.0359056,15.8119,2795.2,12.5837,F
980,1,HappyBirthday,1156,3285,F,1,0.097418,1.42059,2.00839,31.903,F
981,1,HappyBirthday,336,18250.6,F,1,0.000365257,4.40985,379.289,0.114363,F
981,1,HappyBirthday,1123,3650,M,0,0,0.0140454,0,0,F
981,1,HappyBirthday,681,7300,F,1,0.0325533,0.267348,66.8828,12.8088,F
982,1,HappyBirthday,1286,2190,F,1,0.000142896,7.54173,39.805,0.0514663,F
982,1,HappyBirthday,305,14235.4,F,1,0.000228357,1.99733,14.986,0.0753928,F
982,1,HappyBirthday,1080,4015,F,1,0.00150479,0.258214,45.2881,0.504303,F
983,1,HappyBirthday,1287,2190,M,1,0.154633,0.598303,129.308,57.6843,F
983,1,HappyBirthday,774,14600.6,F,1,0.0331344,0.386681,0.413359,10.4796,F
984,1,HappyBirthday,267,24820.9,M,1,0.00170525,0.474918,2.24333,0.532728,F
984,1,HappyBirthday,541,5840.41,M,1,0.00467154,0.8616,26.4748,1.59974,F
984,1,HappyBirthday,1124,3650,M,0,0,0.00845211,0,0,F
985,1,HappyBirthday,56,6935.99,M,1,0.00132704,0.277603,0.000812148,0.412637,F
985,1,HappyBirthday,1402,1095,F,1,0.370216,0.26849,12313,753.218,F
985,1,HappyBirthday,1288,2190,M,1,0.0123954,1.04232,118.9,5.40699,F
986,1,HappyBirthday,33,6205.4,F,1,0.00198558,0.671667,53.2534,0.66171,F
986,1,HappyBirthday,222,12410.5,M,1,0.0012421,0.163269,275.945,0.396804,F
986,1,HappyBirthday,879,15695.1,F,1,0.00221987,1.80347,7.40651,0.711868,F
987,1,HappyBirthday,450,13505,M,1,0.00207156,2.11874,273.881,0.912867,F
987,1,HappyBirthday,654,9490.23,M,1,0.00136495,24.2288,17.2488,0.459798,F
987,1,HappyBirthday,784,20440.6,F,1,0.000890762,17.4058,0.147268,0.276956,F
987,1,HappyBirthday,1431,730,F,1,0.0684063,1.32222,5949.42,147.761,F
988,1,HappyBirthday,1244,2555,F,1,0.0014183,0.363007,14954.7,6.29698,F
988,1,HappyBirthday,929,9125.52,M,1,0.000860538,1.73239,0.0129862,0.267508,F
989,1,HappyBirthday,1158,3285,F,1,0.0370939,1.07718,193.558,21.88,F
989,1,HappyBirthday,260,5840.47,M,1,0.00120969,16.9896,1.34157e-05,0.376202,F
989,1,HappyBirthday,593,25185,M,1,0.000451899,0.963366,0.321983,0.140558,F
989,1,HappyBirthday,757,19345.4,M,1,0.000186387,14.3415,800.981,0.252161,F
989,1,HappyBirthday,1157,3285,M,1,0.00466821,1.24534,27.75,1.6145,F
990,1,HappyBirthday,863,6570.01,F,1,0.0194898,1.27127,0.00691543,6.11701,F
990,1,HappyBirthday,987,6935.85,M,1,0.00185161,3.23906,1083.89,2.8594,F
991,1,HappyBirthday,1159,3285,F,1,0.167435,11.8139,392.345,85.8113,F
991,1,HappyBirthday,1125,3650,F,1,0.00466768,1.79565,503.422,1.77722,F
991,1,HappyBirthday,139,17885.1,M,1,0.0174876,0.102799,97.3269,5.84617,F
992,1,HappyBirthday,1403,1095,F,1,0.00365668,0.190311,4.9407,1.14805,F
993,1,HappyBirthday,414,17885.8,F,1,0.00228885,0.0991061,0.444826,0.712706,F
993,1,HappyBirthday,1432,730,F,0,0,0.0199582,0,0,F
994,1,HappyBirthday,447,32120.8,M,1,0.000158276,0.176274,39.7292,0.0519598,F
994,1,HappyBirthday,857,12045,F,1,0.00111899,0.276488,86.4225,0.472614,F
995,1,HappyBirthday,261,7300.37,F,1,0.0091546,0.511626,0.0278626,2.85849,F
995,1,HappyBirthday,999,36135.7,F,1,0.00045559,2.32954,3.61883,0.141893,F
995,1,HappyBirthday,773,12045.3,F,1,0.000323244,0.946592,1.44085,0.100969,F
996,1,HappyBirthday,150,6570.43,F,1,0.161893,2.94148,11.3416,57.8977,F
996,1,HappyBirthday,243,16060.2,M,1,0.1588,0.0293779,2.10549,54.2065,F
996,1,HappyBirthday,264,10220.1,F,1,0.00305935,1.1672,1782.19,1.26491,F
996,1,HappyBirthday,935,19345.7,F,1,0.00605958,3.53185,3990.18,2.24271,F
998,1,HappyBirthday,454,31390.9,M,1,0,0.202561,56.2641,0,F
998,1,HappyBirthday,1289,2190,F,1,0.0619272,0.0220347,27050.5,192.592,F
998,1,HappyBirthday,1290,2190,F,1,1.86881e-06,0.357547,18903.9,0.00842173,F
998,1,HappyBirthday,564,6935.64,F,1,0.000556643,3.34775,0.0222812,0.173077,F
998,1,HappyBirthday,578,4745.66,M,1,0.00631983,3.08517,1237.87,2.06583,F
998,1,HappyBirthday,1207,2920,F,1,0.116826,0.707545,4.59346,38.9704,F
998,1,HappyBirthday,1404,1095,M,1,0.00451812,0.486797,92979.8,31.6399,F
999,1,HappyBirthday,1291,2190,M,1,0.972563,5.59451,681.992,1801.94,F
999,1,HappyBirthday,676,24820.5,F,1,0.0175554,3.50151,1.03543,5.52389,F
999,1,HappyBirthday,1160,3285,F,1,0.0336784,0.123443,13.6754,10.8962,F
1000,1,HappyBirthday,1081,4015,F,1,0.00048471,3.89662,1.01718,0.150993,F
1000,1,HappyBirthday,1338,1825,M,1,0.0793559,0.320573,521.811,42.0713,F
1000,1,HappyBirthday,584,14965.7,F,1,0.00126157,3.03815,0.258805,0.392395,F
1000,1,HappyBirthday,1433,730,M,1,0.135044,0.556906,160.959,58.9236,F
1000,1,HappyBirthday,1434,730,F,1,0.121594,0.821198,2807.55,63.2899,F
1001,1,HappyBirthday,401,8030.19,M,1,0.216764,3.43384,204.409,140.759,F
1002,1,HappyBirthday,1082,4015,M,1,0.0948927,0.0966116,334.075,59.5061,F
1002,1,HappyBirthday,277,7665.66,M,1,0.0012087,1.34005,83.6216,0.508084,F
1002,1,HappyBirthday,659,6205.05,M,1,0.0018445,1.76044,232.841,0.588514,F
1002,1,HappyBirthday,1435,730,F,1,0,0.0499227,3333.04,0,F
1003,1,HappyBirthday,300,26645.7,M,0,0,0.00889434,0,0,F
1003,1,HappyBirthday,345,10220.5,M,1,0.0467578,2.73803,332.207,17.7358,F
1003,1,HappyBirthday,1436,730,F,0,0,0.0363665,0,0,F
1004,1,HappyBirthday,628,5110.45,F,1,0.0445602,0.916413,6.75919,14.5233,F
1004,1,HappyBirthday,637,32485.7,M,1,0.000739589,3.08532,89.8141,0.231347,F
1004,1,HappyBirthday,1029,4380,M,1,0.00635707,3.65635,0.0188489,1.98138,F
1005,1,HappyBirthday,130,8760.22,M,1,0.000149707,28.6022,21.5998,0.0509038,F
1005,1,HappyBirthday,155,13140.3,F,1,0.027425,1.54013,2.31439,8.74074,F
1005,1,HappyBirthday,255,4745.06,M,1,0.000941953,11.5168,27994.6,1.58301,F
1005,1,HappyBirthday,1083,4015,M,1,0.000842397,0.178521,9801.29,0.37074,F
1006,1,HappyBirthday,377,27010.3,F,1,0.000448811,0.108949,4.53536,0.139505,F
1006,1,HappyBirthday,533,19345.2,M,1,6.31197e-05,0.0519264,1.85758,0.01962,F
1006,1,HappyBirthday,712,12045.6,F,1,0.0139864,0.422568,329.758,4.92728,F
1006,1,HappyBirthday,814,19345,F,1,0.000725241,0.998152,6.53463,0.232525,F
1007,1,HappyBirthday,1292,2190,F,1,5.23109e-05,0.37943,534.951,0.0314137,F
1007,1,HappyBirthday,143,6935,F,1,0.00209186,0.682023,10132.7,0.975548,F
1008,1,HappyBirthday,645,6205.53,M,1,0.00945878,4.60728,475.824,2.95885,F
1009,1,HappyBirthday,1245,2555,M,1,0.0223123,1.47368,876.146,8.46092,F
1009,1,HappyBirthday,302,18250.4,F,1,0.00131419,4.55178,36.77,0.413884,F
1009,1,HappyBirthday,468,10585.5,M,1,0.00122267,7.20098,64.9635,0.42896,F
1010,1,HappyBirthday,554,8395.83,M,1,1.27136e-06,6.26141,1114.83,0.001752,F
1011,1,HappyBirthday,1161,3285,F,1,0.135146,0.635383,577.669,81.3483,F
1011,1,HappyBirthday,415,4745.92,M,1,0.00141025,0.0324801,9.93122,0.460448,F
1011,1,HappyBirthday,1127,3650,M,1,0,0.160894,667.01,0,F
1011,1,HappyBirthday,633,10585.4,M,1,0.00156091,4.9233,0.0023242,0.485597,F
1011,1,HappyBirthday,1477,365,F,1,0.00478102,0.688455,39.7986,1.68538,F
1012,1,HappyBirthday,470,17155,M,1,0.0308947,6.93723,32.6379,10.9082,F
1012,1,HappyBirthday,1030,4380,M,1,0.0187507,0.294898,203.547,10.261,F
1013,1,HappyBirthday,175,6935.57,M,1,0.730176,1.22402,13.3978,407.651,F
1013,1,HappyBirthday,997,7300.54,F,1,0.000934944,50.9871,49.4256,0.308969,F
1013,1,HappyBirthday,843,9125.46,F,1,0.00054064,0.852782,20636.2,0.472716,F
1013,1,HappyBirthday,927,18250.7,M,1,0.120578,0.670952,2685.23,186.031,F
1014,1,HappyBirthday,1367,1460,F,1,0.000436336,0.150764,3228.75,0.654186,F
1014,1,Births,1517,0,F,0,0,0.0139403,0,0,F
1015,1,HappyBirthday,54,6205.21,M,1,1.90838e-05,0.315537,8499.58,0.0341139,F
1015,1,HappyBirthday,1247,2555,M,1,0.000167343,0.368217,4.30806,0.0529285,F
1017,1,HappyBirthday,1339,1825,M,1,0.0149624,4.51804,0.0277428,4.68583,F
1017,1,HappyBirthday,1405,1095,F,1,0.00551042,0.246604,0.0630143,1.7172,F
1017,1,HappyBirthday,684,9490.27,M,1,0.00538398,0.559918,19284.1,7.43351,F
1017,1,HappyBirthday,1248,2555,M,1,0.000310345,0.0611952,111957,3.4416,F
1018,1,HappyBirthday,151,6935.45,F,1,0.000821216,1.106,2.91267,0.256581,F
1018,1,HappyBirthday,1031,4380,M,1,0.201454,0.271157,70.715,76.8002,F
1019,1,HappyBirthday,411,11680.1,M,1,0.0421607,0.0871317,12.0978,13.435,F
1019,1,HappyBirthday,1249,2555,F,1,0.158688,0.103105,371.151,60.897,F
1019,1,HappyBirthday,775,24455.6,M,1,0.00190158,2.34991,2.54514,0.591735,F
1020,1,HappyBirthday,296,9490.29,F,1,0.00050347,19.4045,496.07,0.175965,F
1020,1,HappyBirthday,1128,3650,M,1,0.542915,0.130411,177.153,402.086,F
1020,1,HappyBirthday,964,10950.9,F,1,0.0549442,12.7536,224.415,18.3966,F
1021,1,HappyBirthday,804,11680.1,M,1,6.22288e-05,1.70984,30648.3,0.0758838,F
1022,1,HappyBirthday,274,6570.1,M,1,5.24086e-07,0.202601,1.55722,0.000160899,F
1022,1,HappyBirthday,363,24820.6,M,1,0.000429456,0.245346,3.44229,0.134213,F
1022,1,HappyBirthday,522,10586,F,0,0,0.0572625,0,0,F
1022,1,HappyBirthday,1129,3650,M,1,0.000413589,1.46694,0.0189355,0.12851,F
1022,1,HappyBirthday,783,7300,F,1,0.00487984,7.65339,131.075,1.5205,F
1022,1,HappyBirthday,1032,4380,F,1,0.111131,0.43024,553.046,37.1672,F
1023,1,HappyBirthday,1033,4380,M,1,0.00293964,0.464825,21.4474,0.941655,F
1023,1,HappyBirthday,615,12775.1,F,1,0.00169313,26.6659,14.9395,0.527494,F
1023,1,HappyBirthday,989,10220.8,M,1,0.0906709,7.58934,10.0621,29.5622,F
1024,1,HappyBirthday,230,21900.9,M,1,0.000257096,1.04231,10.5954,0.0810962,F
1024,1,HappyBirthday,456,21900.5,F,1,0.01687,1.17085,0.0999574,5.28794,F
1024,1,HappyBirthday,544,9490.02,M,1,0.0237052,1.09945,10.7138,7.78661,F
1025,1,HappyBirthday,1164,3285,M,1,0.0928445,1.60064,3.58459,30.4316,F
1026,1,HappyBirthday,1165,3285,F,1,0.0770013,14.1952,570.495,30.0261,F
1026,1,HappyBirthday,894,21535.4,M,1,0.00152939,5.84084,15.2047,0.488772,F
1028,1,HappyBirthday,1085,4015,F,1,0.0444355,1.34201,31.1439,14.8723,F
1028,1,HappyBirthday,858,9855.26,M,1,0.00132192,0.295201,1.02652,0.411188,F
1029,1,HappyBirthday,117,16060.8,M,1,7.96498e-05,2.57054,4.66255,0.0247844,F
1029,1,HappyBirthday,854,21170,M,1,0.114351,0.120786,2.34334,37.7398,F
1030,1,HappyBirthday,1437,730,M,1,0.449792,19.8684,48.246,202.025,F
1030,1,HappyBirthday,604,24820.8,F,1,1.79615e-07,0.495062,8760.78,0.0005782,F
1031,1,HappyBirthday,96,7665.51,F,1,0.206177,0.0705797,231.147,72.1323,F
1031,1,HappyBirthday,216,6570.23,F,1,0.0980884,0.601477,2093.34,108.689,F
1031,1,HappyBirthday,241,12045.9,M,1,0.00764463,1.18632,11.7683,2.42204,F
1031,1,HappyBirthday,1251,2555,F,1,0.309309,0.184423,7431.55,477.371,F
1031,1,HappyBirthday,1250,2555,M,1,0.0329982,0.131427,4013.21,49.5472,F
1032,1,HappyBirthday,1295,2190,F,1,0.164225,4.85363,46085.1,1354.32,F
1032,1,HappyBirthday,1294,2190,M,1,0.0795023,0.517932,52459.4,303.825,F
1032,1,HappyBirthday,991,16790.1,M,1,0.160691,0.343991,748.577,57.9235,F
1033,1,HappyBirthday,1167,3285,M,1,0.648959,0.126896,210.311,493.158,F
1033,1,HappyBirthday,1208,2920,M,1,0.0862169,0.932355,242.855,43.3662,F
1033,1,HappyBirthday,1368,1460,M,1,0.00144083,0.281631,0.000339435,0.447904,F
1034,1,HappyBirthday,100,20440.6,M,1,0.532535,0.569219,2159.75,289.071,F
1034,1,HappyBirthday,1438,730,F,1,0.134537,0.0476031,891.678,100.07,F
1034,1,HappyBirthday,1406,1095,M,1,0.000456496,1.24347,1213.05,0.737901,F
1034,1,HappyBirthday,949,18980.1,M,1,0.000741183,0.30197,236.853,0.468648,F
1035,1,HappyBirthday,1296,2190,F,1,0.0993641,0.776922,117.967,38.4581,F
1035,1,HappyBirthday,1086,4015,F,1,5.4713e-05,0.411872,36518.8,0.13617,F
1036,1,HappyBirthday,514,4745,M,1,0.0141149,0.0913624,0.985465,4.41782,F
1036,1,HappyBirthday,567,26280.8,F,1,0.152416,1.2479,629.869,51.4154,F
1036,1,HappyBirthday,799,6570.26,F,1,0.133352,5.73086,4724.16,196.11,F
1036,1,HappyBirthday,993,11315,F,1,0.000964924,47.0843,202.788,0.391317,F
1037,1,HappyBirthday,1439,730,M,1,0,0.0550395,0,0,F
1037,1,HappyBirthday,43,7300.71,F,1,1.91415e-05,1.39241,0.580337,0.00595181,F
1037,1,HappyBirthday,86,17885.5,F,1,0.0120667,0.787871,5.52638,3.80842,F
1037,1,HappyBirthday,1369,1460,M,1,0.0766813,0.353345,119.596,25.8713,F
1037,1,HappyBirthday,809,6570.44,M,1,0.0108308,0.137495,27.1037,3.51459,F
1038,1,HappyBirthday,446,14965.6,M,1,0.00494544,3.219,13453.8,20.7376,F
1038,1,HappyBirthday,481,5475.36,F,1,0.00153154,0.842631,81.585,0.542244,F
1038,1,HappyBirthday,492,22265.7,F,1,0.00266795,31.399,59.7436,0.897772,F
1040,1,HappyBirthday,1252,2555,F,1,0.0541358,0.212204,15.3666,18.5437,F
1040,1,HappyBirthday,844,16060.7,M,1,0.0017618,1.5564,34.0699,0.548225,F
1040,1,HappyBirthday,1036,4380,M,1,0.00136424,2.07794,100.553,0.446033,F
1040,1,Births,1518,0,F,0,0,0.0392849,0,0,F
1041,1,HappyBirthday,644,15695.2,M,1,0.000599861,0.160684,24821.4,0.594458,F
1041,1,Births,1519,0,F,0,0,0.0510867,0,0,F
1042,1,HappyBirthday,1168,3285,F,1,0.357529,0.0181495,5135.98,301.557,F
1042,1,HappyBirthday,1169,3285,F,1,0.0750901,0.0799792,35.9388,28.319,F
1043,1,HappyBirthday,20,8030.2,M,1,0.109014,2.08629,4.94472,35.8802,F
1043,1,HappyBirthday,1209,2920,F,1,0.057962,0.0962614,27.261,19.4014,F
1043,1,HappyBirthday,403,13870,F,1,0.00337916,0.175602,14.0472,1.08264,F
1044,1,HappyBirthday,202,30295.1,F,0,0,0.0135164,0,0,F
1044,1,HappyBirthday,566,6205.97,F,1,0.00545993,0.232922,1058.62,1.7022,F
1044,1,HappyBirthday,1478,365,M,1,0.0381616,0.250666,26731.3,117.114,F
1044,1,HappyBirthday,1407,1095,F,1,0.676747,2.59193,91.2035,466.978,F
1044,1,HappyBirthday,764,16060.3,F,1,0.21167,0.0889476,19.7633,74.5353,F
1045,1,HappyBirthday,30,8395,M,1,0.0219294,9.17391,897.072,15.2109,F
1046,1,HappyBirthday,58,16790,M,1,0.00182278,1.29804,0.046765,0.567111,F
1046,1,HappyBirthday,276,5840.48,F,1,0.00112931,0.150116,388.762,0.886325,F
1046,1,HappyBirthday,1340,1825,M,1,0.0808859,0.702193,645.913,47.5028,F
1046,1,HappyBirthday,674,8760.58,M,1,0.455414,1.72658,1525.14,240.346,F
1046,1,HappyBirthday,736,14600.4,M,1,0.000226556,0.79815,2821.08,0.718519,F
1046,1,HappyBirthday,873,25185.1,M,1,0.183574,1.26408,99.9233,78.3914,F
1047,1,HappyBirthday,1131,3650,M,1,0.000346766,2.69052,4.66825,0.109945,F
1048,1,HappyBirthday,1479,365,M,1,0,0.108774,0,0,F
1048,1,HappyBirthday,1480,365,M,1,0.0169607,0.9991,493.535,6.80862,F
1048,1,HappyBirthday,292,5840.5,F,1,0.00324959,2.30399,0.0205474,1.01144,F
1048,1,HappyBirthday,1087,4015,F,1,0.00614431,2.44661,20.6818,1.97218,F
1049,1,HappyBirthday,19,24455.2,M,1,0.150882,0.5436,1.44876,50.9259,F
1049,1,HappyBirthday,1210,2920,M,1,0.00420685,1.42085,1400.05,1.77743,F
1050,1,HappyBirthday,1481,365,F,1,0.229475,0.597235,10561,658.475,F
1050,1,HappyBirthday,315,15330.2,M,1,0,1.34835,7494.87,0,F
1050,1,HappyBirthday,346,28105.4,M,1,0.0513272,0.259303,25.2369,16.9564,F
1050,1,HappyBirthday,587,5475.12,M,1,0.0203161,4.19637,12.5006,6.72874,F
1050,1,HappyBirthday,678,5110.61,F,1,0.000439168,6.31222,3116.3,0.212242,F
1050,1,HappyBirthday,1440,730,F,1,0.000267389,0.118384,29979.2,0.187115,F
1050,1,HappyBirthday,1132,3650,F,1,0.0566662,0.446221,0.518223,18.1728,F
1050,1,HappyBirthday,926,35405.5,F,1,0.00211085,0.312483,75.1592,0.665922,F
1052,1,HappyBirthday,89,5475.09,M,1,0.00293439,2.01128,61.2608,0.975745,F
1052,1,HappyBirthday,1482,365,F,1,0.153978,0.237626,32.9678,58.3558,F
1052,1,HappyBirthday,214,6205.02,M,1,0.0459217,4.08006,70.5002,16.1464,F
1052,1,HappyBirthday,1370,1460,F,1,0.0408048,0.307273,135.466,19.0409,F
1052,1,HappyBirthday,823,5475.56,F,1,0.0981696,3.12871,299.049,69.3042,F
1052,1,HappyBirthday,1037,4380,F,1,0.00150061,2.01479,0.0108787,0.46654,F
1053,1,HappyBirthday,1371,1460,F,1,0.32708,1.0523,7930.29,491.11,F
1053,1,HappyBirthday,503,6935.92,F,1,0.00884272,3.13571,8.49063,2.81579,F
1053,1,HappyBirthday,591,12410.1,M,1,0.000632876,1.45828,0.0434132,0.196713,F
1054,1,HappyBirthday,1254,2555,F,1,0.0884674,0.956537,36.3279,32.7929,F
1054,1,HappyBirthday,1038,4380,F,1,0.000570517,2.8738,1102.62,0.205807,F
1055,1,HappyBirthday,988,6570.91,M,1,0.0236157,0.0337195,0.0231196,7.42799,F
1057,1,HappyBirthday,1342,1825,M,1,0.000755833,0.937298,458.376,0.617954,F
1057,1,HappyBirthday,751,5475.67,F,1,0.011477,0.255634,30.6303,3.61381,F
1058,1,HappyBirthday,50,10950.1,F,0,0,0.0447787,0,0,F
1058,1,HappyBirthday,502,7665.12,F,1,0.0187713,0.140806,11.1853,5.90653,F
1059,1,HappyBirthday,47,5840.82,F,1,0.0109698,0.043541,123.791,3.65812,F
1060,1,HappyBirthday,1211,2920,M,1,0.000220953,0.231466,121.826,0.103389,F
1060,1,HappyBirthday,612,35040.2,M,1,0.031318,0.667963,6.7754,9.89973,F
1060,1,HappyBirthday,648,17155.7,M,1,0.0929251,0.879121,2351.19,261.261,F
1060,1,HappyBirthday,1088,4015,M,1,0.157516,0.0301837,2213.37,128.318,F
1060,1,HappyBirthday,930,10585.3,F,1,0.0245005,0.231949,128.731,9.52364,F
1061,1,HappyBirthday,800,14965.4,F,1,9.70521e-05,0.351059,68937,0.621631,F
1061,1,HappyBirthday,992,6935.5,M,1,0.127591,0.075896,5627.57,142.262,F
1062,1,HappyBirthday,529,9125.31,F,1,0.018357,7.38392,0.0783278,5.75882,F
1062,1,HappyBirthday,895,8030.77,M,1,0.0509988,3.01825,354.991,24.527,F
1062,1,HappyBirthday,938,6570.77,M,1,2.97977e-05,0.266327,1027.44,0.0234851,F
1064,1,HappyBirthday,665,10220.8,F,1,0.00608517,7.05158,95.1619,1.94863,F
1065,1,HappyBirthday,186,9490.61,M,1,0.313846,2.1766,216.893,124.354,F
1065,1,HappyBirthday,189,16790,M,1,0.000337446,0.405637,3488.8,0.567263,F
1065,1,HappyBirthday,236,8395.29,M,1,0.00103595,0.0959264,0.0208084,0.322127,F
1065,1,HappyBirthday,463,8030.2,F,1,0.0183979,1.7573,9.84962,5.87112,F
1065,1,HappyBirthday,1441,730,F,1,0.134377,0.729605,2722.88,87.8429,F
1065,1,HappyBirthday,1442,730,M,1,0.311025,0.601048,11.1274,117.332,F
1065,1,HappyBirthday,978,10950.9,F,1,0.052302,0.972817,432.823,26.4571,F
1066,1,HappyBirthday,1212,2920,F,1,0.00196617,0.264884,0.600574,0.611617,F
1067,1,HappyBirthday,369,13140.5,F,1,2.27918e-05,2.12944,19.8416,0.0077396,F
1067,1,HappyBirthday,1443,730,M,1,0.181379,1.41779,103.693,70.7338,F
1067,1,HappyBirthday,1343,1825,F,1,0.00200591,0.108978,7.18213,0.63181,F
1067,1,HappyBirthday,952,5840.21,M,1,5.93896e-05,0.909239,0,0.0184461,F
1067,1,HappyBirthday,1408,1095,M,1,0.050521,0.113914,8.81842,16.829,F
1068,1,HappyBirthday,36,9125.77,M,1,0.00881212,0.137001,0.0005718,2.75082,F
1068,1,HappyBirthday,81,25185.2,M,1,0.0409429,4.95453,0.448285,13.0117,F
1068,1,HappyBirthday,739,6205.78,M,1,0.000509412,0.636502,572.964,0.279766,F
1068,1,HappyBirthday,830,17885,F,1,0.0726528,11.693,28.2201,26.5807,F
1069,1,HappyBirthday,161,5110.01,F,1,0.0387692,2.85864,9.85149,12.4939,F
1069,1,HappyBirthday,287,31025.6,F,1,0.000426838,0.640802,1819.27,0.175525,F
1069,1,HappyBirthday,1484,365,M,1,0.336464,0.0554949,4557.03,613.194,F
1069,1,HappyBirthday,862,21535.4,F,1,0.00859339,0.424997,4.09825,2.72756,F
1070,1,HappyBirthday,1297,2190,M,1,0.0420432,0.389059,4966.99,87.0056,F
1070,1,HappyBirthday,208,6570.69,M,1,5.12916e-05,0.291838,0.0511813,0.0159123,F
1071,1,HappyBirthday,1213,2920,M,1,0.0573543,0.0384618,16190.4,141.884,F
1071,1,HappyBirthday,1133,3650,F,1,0.359827,0.530118,60.124,161.244,F
1071,1,HappyBirthday,1485,365,F,1,0.132121,0.904154,113604,1012.35,F
1072,1,HappyBirthday,1444,730,M,1,0.0495003,0.0945622,24093.9,142.988,F
1072,1,HappyBirthday,491,19710.9,F,1,0.00530273,0.192498,445.505,3.91647,F
1073,1,HappyBirthday,1445,730,F,1,0.0182878,0.0446418,191867,181.944,F
1073,1,HappyBirthday,78,12045.7,F,1,0.00624846,0.111878,31.5672,2.24055,F
1073,1,HappyBirthday,120,4745.76,M,1,0.00429473,0.325791,67.3766,1.35572,F
1073,1,HappyBirthday,1214,2920,F,1,0.0130817,1.90426,193.987,6.79395,F
1073,1,HappyBirthday,1372,1460,F,1,0.52592,0.0505424,604.288,237.935,F
1073,1,HappyBirthday,298,4745.4,M,1,0.0253208,1.03125,15.9498,7.97717,F
1073,1,HappyBirthday,329,14235.6,F,1,0.0367311,0.316755,232.858,12.2976,F
1073,1,HappyBirthday,405,6205.27,M,1,0.000213611,0.130381,11.423,0.0674547,F
1073,1,HappyBirthday,1215,2920,M,1,2.99323e-05,0.400301,13935.8,0.273607,F
1073,1,HappyBirthday,959,8030.96,M,1,0.0336784,31.7472,0.0589612,10.6457,F
1073,1,Births,1520,0,F,0,0,0.115639,0,0,F
1074,1,HappyBirthday,802,4745.17,F,1,0.140356,1.12375,0.20062,47.0018,F
1074,1,HappyBirthday,886,5110.74,M,1,0.0513185,0.284417,2.13237,16.4771,F
1075,1,HappyBirthday,1134,3650,F,1,8.29695e-06,1.64922,38.4952,0.00278208,F
1075,1,HappyBirthday,539,17885.9,F,1,0.00237234,0.0961058,13.6836,0.788994,F
1075,1,HappyBirthday,590,28105.7,M,1,0.0255063,1.30081,1146.41,8.98967,F
1075,1,HappyBirthday,1373,1460,F,1,0.468686,0.119814,840.488,233.319,F
1075,1,HappyBirthday,1446,730,M,1,0.0747882,0.206322,71.5318,27.3,F
1075,1,HappyBirthday,1041,4380,M,1,0.00126929,0.0420747,10.8297,0.399376,F
1076,1,HappyBirthday,1216,2920,F,1,0.0127021,1.97708,1981.12,14.4913,F
1078,1,HappyBirthday,1374,1460,F,1,0.0152631,0.186509,60919.4,28.8875,F
1078,1,HappyBirthday,1174,3285,F,1,0.532151,2.69715,1435.81,331.385,F
1079,1,HappyBirthday,22,27375.7,F,1,0.00244161,1.03401,89.6813,0.892758,F
1079,1,HappyBirthday,354,11315.3,F,1,0.00321947,0.372683,37.5918,1.0571,F
1079,1,HappyBirthday,1218,2920,F,1,0,0.407181,0.00828439,0,F
1079,1,HappyBirthday,1175,3285,F,1,0.00697759,0.310801,1578.85,5.41064,F
1079,1,HappyBirthday,970,11315.6,M,1,0.00460648,0.322259,49.6821,1.73811,F
1080,1,HappyBirthday,1135,3650,F,1,0.00189847,0.744206,338.514,0.673072,F
1081,1,HappyBirthday,417,10950,M,1,0.00739922,0.112014,64.7311,2.32471,F
1081,1,HappyBirthday,969,13140.7,M,1,0.0821357,0.615674,1408.53,27.2836,F
1082,1,HappyBirthday,1409,1095,F,1,0.365217,0.20533,24304.6,517.304,F
1082,1,HappyBirthday,438,8760.04,M,1,0.15023,5.59313,44.9004,50.7262,F
1083,1,HappyBirthday,1447,730,M,1,0.247281,0.49455,18363.8,1128.96,F
1083,1,HappyBirthday,1176,3285,F,1,0.106971,2.5944,2.89555,35.1645,F
1083,1,HappyBirthday,557,33580.5,M,1,0.116262,2.88083,428.64,42.1294,F
1084,1,HappyBirthday,897,24090.9,F,1,0.0142947,9.92545,99.7466,6.06982,F
1084,1,HappyBirthday,1486,365,F,1,0.260773,0.216516,21539.7,517.781,F
1085,1,HappyBirthday,159,24090.1,F,1,0,7.52764,0.226489,0,F
1085,1,HappyBirthday,1299,2190,M,1,0.269627,0.0469343,14413.8,487.958,F
1085,1,HappyBirthday,722,27375.9,F,1,0,0.0203575,3.67544,0,F
1086,1,HappyBirthday,1177,3285,F,0,0,0.0370782,0,0,F
1086,1,HappyBirthday,1376,1460,M,1,0.00150071,0.0731874,7.33566,0.472938,F
1087,1,HappyBirthday,41,7300.64,F,1,0.00821046,0.0210146,5.82729,2.56213,F
1087,1,HappyBirthday,504,6205.46,F,1,0.000471753,0.11381,2.07677,0.147976,F
1088,1,HappyBirthday,1219,2920,M,1,0.000386667,0.0147829,0.0104959,0.120129,F
1090,1,HappyBirthday,909,20805.7,M,1,0.000708101,0.477611,0.0269044,0.220116,F
1090,1,Births,1521,0,F,0,0,0.243326,0,0,F
1092,1,HappyBirthday,1043,4380,F,1,0.0490496,0.822135,20.6449,16.078,F
1092,1,HappyBirthday,1090,4015,M,1,0.0233138,0.736753,0.131303,7.33261,F
1092,1,HappyBirthday,1255,2555,F,1,0.0366507,2.57813,994.038,48.3998,F
1092,1,HappyBirthday,400,6570.56,M,1,0.0387157,0.0252587,2006.99,101.646,F
1092,1,HappyBirthday,1089,4015,F,1,0.134348,0.0642528,50.2784,48.4846,F
1092,1,HappyBirthday,1300,2190,M,1,0.0201132,0.430892,6.4353,6.49803,F
1093,1,HappyBirthday,1220,2920,M,1,0.00295408,0.15336,19.0342,0.994415,F
1094,1,HappyBirthday,1449,730,F,0,0,0.0361676,0,0,F
1094,1,HappyBirthday,1301,2190,F,1,0.567684,2.05982,66.5992,322.041,F
1094,1,HappyBirthday,583,5110.65,F,1,0.00789649,0.0586994,0,2.46352,F
1094,1,HappyBirthday,729,5840.85,M,1,0.0542523,0.0546405,238.857,17.4365,F
1095,1,HappyBirthday,220,20440.7,M,1,0.00543072,0.564605,5.15852,1.69304,F
1095,1,HappyBirthday,933,30295.9,F,1,0.300183,0.643458,184.764,116.106,F
1095,1,Births,1522,0,F,0,0,0.00947187,0,0,F
1096,1,HappyBirthday,1091,4015,M,1,0,0.0638906,0,0,F
1096,1,HappyBirthday,937,16060.9,M,1,0.00158762,4.86106,1728.38,1.74413,F
1096,1,HappyBirthday,954,18615.9,F,1,0.000285947,6.05157,39.8939,0.0958042,F
1097,1,HappyBirthday,1450,730,M,1,2.53989e-05,0.204928,15025.6,0.0536906,F
1097,1,HappyBirthday,1044,4380,M,1,0.0570772,0.499038,1.50186,18.2657,F
1097,1,Births,1523,0,M,0,0,0.0334966,0,0,F
1098,1,HappyBirthday,114,5110.29,F,1,0.00201071,2.8217,2.84966e-05,0.625491,F
1098,1,HappyBirthday,289,5840.17,F,1,0.00682106,57.0088,3.79587,2.16635,F
1098,1,HappyBirthday,976,8395.38,M,1,0.00185772,0.335919,14.0852,0.581774,F
1098,1,Births,1524,0,M,0,0,0.0463585,0,0,F
1099,1,HappyBirthday,786,7665.15,M,1,0.0334486,0.618305,2115.04,19.5113,F
1099,1,Births,1525,0,F,0,0,0.0977539,0,0,F
1100,1,HappyBirthday,64,17155.6,M,0,0,0.025381,0,0,F
1100,1,HappyBirthday,610,31025.2,M,1,0.000104274,0.0627085,4270.74,0.0800056,F
1100,1,HappyBirthday,893,14235.6,M,1,3.99742e-06,1.39302,0.468368,0.0012462,F
1100,1,HappyBirthday,920,5475.32,F,1,0.000109543,1.50136,257.829,0.073257,F
1101,1,HappyBirthday,689,6205.4,F,1,0.00130003,0.57092,57.3131,0.444193,F
1101,1,HappyBirthday,1092,4015,M,1,0.0230745,0.261532,23.7104,7.97288,F
1101,1,HappyBirthday,1487,365,F,1,0.0532362,0.0399406,54.8008,20.9263,F
1101,1,HappyBirthday,977,7300.94,M,1,0.0151031,0.622561,5.35402,4.84721,F
1102,1,HappyBirthday,458,17520.6,M,1,0.0169783,1.84641,755.402,5.32212,F
1102,1,HappyBirthday,553,30660.1,F,1,0.0654553,0.493743,92.445,23.19,F
1102,1,HappyBirthday,754,13870.6,M,1,0.0150566,6.39247,610.359,17.0129,F
1102,1,HappyBirthday,1378,1460,M,1,0.496285,0.156759,335.34,419.934,F
1103,1,HappyBirthday,190,13140.5,M,1,0.0641147,1.41229,0.192545,20.5956,F
1104,1,HappyBirthday,68,7665.5,F,1,0.00262162,0.566823,125.101,0.817171,F
1104,1,HappyBirthday,367,22630.4,F,1,0.0039471,0.140065,590.94,1.23416,F
1104,1,HappyBirthday,1379,1460,M,1,0.0140856,0.38492,128.087,5.45478,F
1104,1,HappyBirthday,1136,3650,M,1,0.0015676,0.167651,23967.9,1.45676,F
1104,1,HappyBirthday,948,8030.26,M,1,0.124163,6.5363,0.344878,41.2069,F
1106,1,HappyBirthday,104,5475.84,M,1,0.00897874,1.7774,0.314799,2.80716,F
1106,1,HappyBirthday,387,27375.3,F,1,0.00369036,3.54242,258.424,1.22276,F
1106,1,HappyBirthday,597,12410.9,M,1,0.0454336,0.325179,7.5895,14.4568,F
1107,1,HappyBirthday,57,11680.8,F,1,0.0255365,0.228891,79.5645,11.2442,F
1107,1,HappyBirthday,1093,4015,M,1,0.000155717,0.822344,664.837,0.0936897,F
1108,1,HappyBirthday,1181,3285,M,1,0.0049625,5.05877,6.8483,1.57806,F
1108,1,HappyBirthday,366,5840.37,F,1,0.000586578,1.41506,60.9324,0.218653,F
1108,1,HappyBirthday,812,17885.8,M,1,0.000175595,1.26539,37662.8,0.400757,F
1108,1,HappyBirthday,819,20075.2,F,1,0.000357221,0.468957,1957.5,0.245221,F
1108,1,HappyBirthday,1489,365,F,1,0.296256,0.586167,36.383,129.268,F
1108,1,HappyBirthday,1488,365,M,1,0.00118283,0.0466479,0.000411384,0.367789,F
1109,1,HappyBirthday,91,8030.68,F,1,0.00132917,7.82182,17.5565,0.417132,F
1109,1,HappyBirthday,476,9125.8,F,1,0.000574431,0.769044,1859.57,0.568928,F
1110,1,HappyBirthday,1005,4745,M,1,0.325928,0.916482,7.3971,123.926,F
1110,1,HappyBirthday,1182,3285,F,1,0.277589,0.551448,1912.78,102.424,F
1110,1,HappyBirthday,1490,365,M,1,0.19569,0.511083,29695,1553.52,F
1110,1,Births,1526,0,M,0,0,0.085458,0,0,F
1111,1,HappyBirthday,538,17155.7,M,1,0.00167454,1.65382,0.227833,0.520737,F
1111,1,HappyBirthday,1410,1095,F,1,0.0101465,0.0606659,37.5392,3.36952,F
1112,1,HappyBirthday,324,24820.5,M,1,0.0301118,0.350282,3293.25,57.8708,F
1112,1,HappyBirthday,402,7300.04,F,1,0.00133202,9.33973,0.0122809,0.414456,F
1113,1,HappyBirthday,1380,1460,M,1,0.0278532,0.270409,99.2299,12.1137,F
1113,1,HappyBirthday,1304,2190,M,1,0.00113332,0.410866,113.171,0.419205,F
1113,1,HappyBirthday,915,6935.13,F,1,1.73785e-05,1.54317,0,0.0053983,F
1114,1,HappyBirthday,288,5475.49,F,1,0.000287001,0.184175,51.5484,0.0944082,F
1115,1,HappyBirthday,1305,2190,M,1,6.81664e-05,0.433663,1346.9,0.0408001,F
1116,1,HappyBirthday,79,22995.7,F,1,0.00440131,0.710741,286.737,1.4689,F
1116,1,HappyBirthday,668,10950.1,M,1,0.0414174,0.262011,308.408,30.161,F
1116,1,HappyBirthday,702,8395.51,M,1,0.00381271,3.4644,0.866295,1.18719,F
1117,1,HappyBirthday,1451,730,M,1,0.000360373,0.166897,1565.11,0.360704,F
1117,1,HappyBirthday,217,5110.57,F,1,0.0593982,3.19784,1.49437,19.0721,F
1117,1,HappyBirthday,815,5475.19,M,1,0.174502,0.093047,1924.61,121.09,F
1118,1,HappyBirthday,817,11315.7,F,1,0.00275741,2.41939,0.436093,0.858192,F
1118,1,HappyBirthday,983,8760.53,F,1,0,0.308555,0.006,0,F
1119,1,HappyBirthday,1183,3285,F,1,0.00156468,0.63037,0.000159247,0.486717,F
1120,1,HappyBirthday,796,24090.2,M,1,0.00554491,1.36399,46.9116,1.86955,F
1120,1,HappyBirthday,932,16790.7,F,1,0.00894226,31.3586,0.000736,2.79134,F
1121,1,HappyBirthday,998,17155.3,F,1,0.139982,0.764472,18.4847,50.4723,F
1121,1,HappyBirthday,153,15330.6,F,1,0.0124157,1.39783,29.3035,4.05442,F
1121,1,HappyBirthday,1306,2190,M,1,0.266587,0.264523,189.275,107.533,F
1122,1,HappyBirthday,1137,3650,M,1,0.0062192,1.47712,3609.68,10.058,F
1122,1,HappyBirthday,515,9490.96,M,1,0.415456,1.14418,117.651,167.452,F
1122,1,HappyBirthday,1411,1095,M,1,0.00539202,0.230887,14.5898,1.8047,F
1122,1,HappyBirthday,733,11680.5,M,0,0,0.725123,0,0,F
1123,1,HappyBirthday,59,6935.47,F,1,0.000210637,0.0862079,0.00108552,0.0654554,F
1123,1,HappyBirthday,1046,4380,F,1,0.192625,1.68061,367.147,69.129,F
1123,1,HappyBirthday,1491,365,M,0,0,0.00432165,0,0,F
1124,1,HappyBirthday,125,13505.1,M,1,1.16881e-05,2.14531,33423.1,0.085615,F
1124,1,HappyBirthday,1307,2190,F,1,0.379713,0.116852,1700.29,949.15,F
1125,1,HappyBirthday,512,16425.5,F,1,0.0571186,0.731853,1.86921,18.3176,F
1125,1,HappyBirthday,638,10221,M,1,0.00368837,4.46427,13.9892,1.16275,F
1125,1,HappyBirthday,818,10585.6,F,1,0.0305171,2.23549,3.99938,9.76743,F
1125,1,Births,1527,0,F,0,0,0.113887,0,0,F
1126,1,HappyBirthday,163,24820.4,M,1,0.00481098,1.18129,102.9,1.54358,F
1127,1,HappyBirthday,170,27010.8,M,1,0.0309902,1.23344,0.153465,9.78399,F
1127,1,HappyBirthday,881,5475.73,F,1,3.16738e-06,2.0731,180.958,0.00125141,F
1127,1,HappyBirthday,908,5475.49,M,1,0.00890185,0.0642444,452.525,4.80083,F
1128,1,HappyBirthday,2,21535.5,M,1,0.0509145,0.221124,0.129164,16.2478,F
1128,1,HappyBirthday,1308,2190,M,1,0.00502811,24.2363,328.475,1.70176,F
1128,1,HappyBirthday,625,29565.3,M,1,2.84617e-05,12.7141,4614.27,0.0583538,F
1129,1,HappyBirthday,1184,3285,M,1,0.054043,0.338303,10.2412,17.5705,F
1129,1,HappyBirthday,338,5475.43,M,1,0.268079,0.828035,4.54097,99.0603,F
1129,1,HappyBirthday,1138,3650,F,0,0,0.0279178,0,0,F
1129,1,HappyBirthday,1383,1460,F,1,0.245272,0.594895,317.594,133.175,F
1131,1,HappyBirthday,320,14965.1,M,1,0.0449031,1.10344,0.306282,14.2987,F
1131,1,HappyBirthday,1048,4380,F,1,0.000228791,2.99099,3833.24,0.215744,F
1132,1,HappyBirthday,1049,4380,F,1,0.0461235,0.416387,118.24,19.8614,F
1132,1,HappyBirthday,789,12410.2,F,1,0.000234723,0.207316,12850.8,0.133295,F
1132,1,HappyBirthday,848,9490.67,M,1,0.00632077,0.192453,1.00653,1.9708,F
1132,1,HappyBirthday,1492,365,F,1,0.0772258,0.241055,267.644,31.3895,F
1133,1,HappyBirthday,119,17520.5,F,1,0.00971767,1.10989,1.47097,3.04151,F
1133,1,HappyBirthday,398,12410.9,F,1,0.294687,6.48417,3.10111,108.875,F
1134,1,HappyBirthday,1258,2555,F,1,0.000167324,0.125324,0.0300726,0.0518506,F
1135,1,HappyBirthday,122,9855.27,M,1,0.000721368,1.09636,1.42e-05,0.224213,F
1135,1,HappyBirthday,1309,2190,M,1,0.00568132,0.119237,52.3875,2.22834,F
1135,1,HappyBirthday,1050,4380,M,1,0.0482562,1.12111,9.8884,16.1382,F
1135,1,HappyBirthday,660,5475.48,M,1,0.000767479,0.947922,1.03796,0.239385,F
1135,1,HappyBirthday,731,6570.42,M,1,1.03241e-05,1.68565,0,0.00321036,F
1136,1,HappyBirthday,148,21900.7,F,1,0.000706924,1.02562,0.0369386,0.219796,F
1136,1,HappyBirthday,1345,1825,F,1,0.0100787,0.518493,13911.1,17.9004,F
1137,1,HappyBirthday,558,13870.6,F,1,0.205961,3.32566,1.39535,71.6758,F
1137,1,HappyBirthday,669,19710.3,F,1,0.000774454,3.84135,42.9229,0.266657,F
1137,1,HappyBirthday,1384,1460,F,1,0.00350957,1.04641,262.881,1.17171,F
1138,1,HappyBirthday,565,5110.26,M,1,0.000582582,0.566411,7.34219,0.183274,F
1138,1,HappyBirthday,768,10585.5,M,1,0.72392,2.78461,134.364,472.979,F
1138,1,HappyBirthday,769,19710.1,M,1,0.175921,0.68114,30.8306,60.7573,F
1138,1,HappyBirthday,1346,1825,F,1,0.180371,1.64104,205.762,80.9823,F
1139,1,HappyBirthday,1412,1095,M,1,0.00155792,2.58281,33120.8,1.94313,F
1139,1,HappyBirthday,588,12045.8,M,1,1.61864e-06,5.07604,873.172,0.0022788,F
1139,1,HappyBirthday,880,7665.71,F,1,0.00975268,0.273732,0.0207076,3.04596,F
1139,1,HappyBirthday,1452,730,F,1,0.0215667,36.9858,13918.7,157.55,F
1140,1,HappyBirthday,204,8760.55,F,1,0.113835,0.775307,3.53803,37.7203,F
1140,1,HappyBirthday,457,13505,F,1,0.0042591,0.172218,22.58,1.47263,F
1140,1,HappyBirthday,1310,2190,M,1,0.000326704,4.99053,6.60412,0.102702,F
1140,1,HappyBirthday,840,13505.2,M,1,1.57703e-05,3.44752,0.328945,0.00489,F
1140,1,HappyBirthday,995,18980.9,M,1,2.38074e-07,0.243228,0.0492344,7.48e-05,F
1141,1,HappyBirthday,249,17520.4,F,1,0.000411078,0.080708,1098.18,0.721918,F
1141,1,HappyBirthday,526,6205.94,M,1,5.58458e-06,9.91391,3.18147,0.0017436,F
1141,1,HappyBirthday,950,10950.2,M,1,0.0320186,74.0963,198.527,16.9046,F
1142,1,HappyBirthday,1186,3285,M,1,0.153241,0.361077,3.57946,52.3219,F
1142,1,HappyBirthday,328,13140.4,M,1,0.0180893,1.14882,49.0245,6.961,F
1142,1,HappyBirthday,1453,730,F,1,0.00357644,0.123412,15.1608,1.15918,F
1142,1,HappyBirthday,1413,1095,M,1,0.130553,0.359549,120.124,51.9028,F
1142,1,HappyBirthday,1494,365,F,1,0.651007,0.478532,1575.23,506.791,F
1143,1,HappyBirthday,45,19345.1,M,1,0.13398,2.18456,2187.28,336.243,F
1143,1,HappyBirthday,99,8030.56,M,1,0.028014,4.42921,3.9334,9.00551,F
1143,1,HappyBirthday,523,7300.24,F,1,0.000435304,5.9147,0.00197278,0.135323,F
1143,1,HappyBirthday,548,8030.63,M,1,0.000824842,4.54889,1.02699,0.256865,F
1143,1,HappyBirthday,719,7665.9,F,1,0.00285324,0.578292,685.197,3.00745,F
1143,1,HappyBirthday,918,16790.1,F,1,0.0097299,2.43398,50.2462,3.05662,F
1144,1,HappyBirthday,1454,730,F,1,0.0151091,1.21395,114.274,5.26115,F
1144,1,HappyBirthday,1455,730,F,1,0.00847899,0.879753,2.06786,2.64745,F
1144,1,Births,1528,0,F,0,0,0.240882,0,0,F
1145,1,HappyBirthday,23,10950,F,1,0.0118305,13.8089,66.1313,4.35605,F
1146,1,HappyBirthday,1094,4015,M,1,1.74347e-05,0.245042,13.1241,0.00579818,F
1147,1,HappyBirthday,1456,730,F,1,0.0233754,0.089298,0.0130358,7.3522,F
1147,1,HappyBirthday,355,21900.4,F,1,0.00311806,1.79015,5.76601,0.979761,F
1148,1,HappyBirthday,97,7665.96,F,1,0.00267707,0.0593082,0.0844754,0.832872,F
1148,1,HappyBirthday,201,5110.97,F,1,0.037125,3.18061,107.013,12.2654,F
1148,1,HappyBirthday,451,5840.92,M,1,0.00548151,6.87518,28.0096,1.71375,F
1148,1,HappyBirthday,594,6570.45,M,1,0.00972675,19.6295,32.9276,3.24582,F
1148,1,HappyBirthday,641,13505.7,F,1,0,0.121305,0.0059544,0,F
1148,1,HappyBirthday,1187,3285,F,1,0.00175201,0.175046,0.348117,0.54593,F
1149,1,HappyBirthday,253,8395.18,M,1,1.566e-06,2.23293,13170.1,0.0028062,F
1149,1,HappyBirthday,600,13505.9,F,1,0.293624,0.230123,0.579617,108.064,F
1149,1,HappyBirthday,807,7665.76,M,1,0.000202963,0.0859725,0.104926,0.0631292,F
1151,1,HappyBirthday,52,9490.89,F,1,0.000465808,0.0973023,8.52015,0.149374,F
1151,1,HappyBirthday,506,7300.39,M,0,0,0.243003,0,0,F
1151,1,HappyBirthday,524,15695.2,F,1,0.0283287,6.34867,0.244959,8.93959,F
1152,1,HappyBirthday,388,13505.4,M,1,0.000450971,0.0354499,2e-07,0.140243,F
1152,1,HappyBirthday,627,18980.4,F,1,0.00556263,0.326927,905.841,2.01067,F
1152,1,HappyBirthday,1385,1460,F,1,0.0754034,0.0835353,7.37177,24.3672,F
1152,1,HappyBirthday,728,6205.03,F,1,0.00165128,0.212175,5.78815,0.518488,F
1152,1,Births,1529,0,M,0,0,0.175287,0,0,F
1153,1,HappyBirthday,293,18980.8,F,1,0.00077217,0.22217,0.024708,0.239894,F
1153,1,HappyBirthday,1347,1825,F,1,0.0040019,0.195384,103.376,1.48744,F
1153,1,Births,1530,0,M,0,0,0.180143,0,0,F
1154,1,HappyBirthday,87,5840.47,F,1,9.76591e-06,0.0730306,16.9704,0.00316293,F
1154,1,HappyBirthday,1348,1825,M,1,0.0803099,0.214971,34.1463,29.2993,F
1155,1,HappyBirthday,1008,4745,M,1,0.141251,1.23626,10.3329,49.389,F
1155,1,HappyBirthday,1260,2555,F,1,0.00630972,0.362247,57615.4,28.1972,F
1155,1,HappyBirthday,697,8030.76,M,1,0.00395599,0.600663,50.2893,1.32059,F
1156,1,HappyBirthday,1053,4380,M,1,0.234818,0.654365,5037.35,185.419,F
1157,1,HappyBirthday,24,23725.2,M,1,0.175049,1.20554,674.302,205.089,F
1157,1,HappyBirthday,1386,1460,F,1,0.685571,3.92907,20.1166,387.982,F
1157,1,HappyBirthday,1349,1825,F,1,0.139751,1.71339,24.4841,52.1275,F
1157,1,HappyBirthday,1188,3285,F,1,0,0.31538,0,0,F
1158,1,HappyBirthday,1415,1095,M,1,0.00922392,0.204424,35.514,2.95992,F
1158,1,HappyBirthday,1054,4380,M,1,0,0.253317,0.00322968,0,F
1159,1,HappyBirthday,262,7665.42,F,1,0.518702,4.48376,476.288,375.935,F
1159,1,HappyBirthday,837,14235.3,F,1,0.000538692,0.168867,145.096,0.267746,F
1160,1,HappyBirthday,792,5110.84,F,1,0,0.350201,39.7257,0,F
1160,1,HappyBirthday,875,6205.93,F,1,0.00132406,0.115966,8.26936,0.42879,F
1160,1,HappyBirthday,1261,2555,F,1,0.0146113,4.64944,1929.91,10.6778,F
1161,1,HappyBirthday,198,5840.94,M,1,6.08686e-05,2.87605,25593.6,0.210655,F
1161,1,HappyBirthday,1262,2555,M,1,0.209622,8.15732,0.144329,73.1164,F
1161,1,HappyBirthday,1387,1460,F,1,0.00209316,0.0770701,9.10034,0.658922,F
1161,1,HappyBirthday,1095,4015,M,1,0.237706,0.1743,676.616,287.149,F
1162,1,HappyBirthday,1388,1460,F,1,0.246563,0.923704,2049.91,378.897,F
1163,1,HappyBirthday,121,11315.5,F,1,0.00168246,4.26258,0.0146124,0.523182,F
1163,1,HappyBirthday,1312,2190,M,1,7.80738e-05,0.648447,46740.7,0.235529,F
1163,1,HappyBirthday,928,30660.5,F,1,0.0801255,1.64098,15.9307,26.1841,F
1163,1,HappyBirthday,1496,365,M,1,0.00297203,1.57258,25.8924,0.976539,F
1164,1,HappyBirthday,77,6570.42,M,1,0.000366526,0.0928019,0.39017,0.114101,F
1164,1,HappyBirthday,1141,3650,M,1,0.00724812,0.359776,51.4588,2.42038,F
1164,1,HappyBirthday,1142,3650,F,1,0.0146561,1.09197,6.78775,4.63556,F
1165,1,HappyBirthday,1263,2555,F,1,0.0778011,2.12394,26.672,26.7905,F
1165,1,HappyBirthday,1497,365,M,1,5.44299e-05,1.91038,0.183842,0.0169689,F
1166,1,HappyBirthday,561,5110.39,M,1,0.000979416,0.137545,0.128927,0.304483,F
1166,1,HappyBirthday,1009,4745,F,1,0.0808946,0.701286,27.8844,28.8261,F
1166,1,HappyBirthday,1498,365,M,1,0.00321155,0.30138,15.9483,1.07485,F
1167,1,HappyBirthday,1055,4380,F,1,0.000751525,1.52227,517.924,0.468016,F
1167,1,HappyBirthday,439,18980.5,M,1,0.0294113,6.76589,551.022,16.6995,F
1168,1,HappyBirthday,640,9125.91,F,1,0.102485,18.4499,0.419609,33.6038,F
1168,1,HappyBirthday,675,9855.74,F,0,0,0.0528229,0,0,F
1168,1,HappyBirthday,771,25185.8,M,1,0.00259946,5.44196,0.042896,0.809108,F
1168,1,HappyBirthday,1389,1460,M,1,0.0797823,0.522811,75.7139,29.5733,F
1168,1,HappyBirthday,1189,3285,M,1,2.30178e-06,0.078594,0.0504159,0.000717799,F
1169,1,HappyBirthday,1313,2190,M,1,0.0824517,0.317506,8642.35,172.53,F
1169,1,HappyBirthday,535,5475.74,F,1,7.12541e-07,0.718987,53.8149,0.000241042,F
1171,1,HappyBirthday,1390,1460,M,0,0,0.00964775,0,0,F
1171,1,HappyBirthday,501,24820.3,F,1,0.065797,0.217976,0.106926,21.1515,F
1171,1,HappyBirthday,946,8760.25,M,1,0.000319035,9.76513,73.876,0.0997326,F
1172,1,HappyBirthday,347,11315.1,M,1,0.198059,0.0955222,33.7296,72.1371,F
1173,1,HappyBirthday,88,10220.3,F,1,0.00068039,0.546295,0.881444,0.211868,F
1173,1,HappyBirthday,1416,1095,M,1,0.00127538,0.231786,56.5234,0.499568,F
1173,1,HappyBirthday,1417,1095,M,1,0.0207876,0.0619327,327.18,7.17144,F
1173,1,HappyBirthday,1264,2555,F,1,0.0150367,12.9423,16.9045,4.86438,F
1174,1,HappyBirthday,917,9490.9,M,1,0.155344,30.0083,3.95736,52.6427,F
1174,1,HappyBirthday,960,5475.91,F,1,0.0050564,4.75203,49.7215,1.59227,F
1175,1,HappyBirthday,1418,1095,M,1,0.822685,0.215443,302.091,693.45,F
1176,1,HappyBirthday,55,7665.7,F,1,0.000496581,1.04151,28193.2,0.616701,F
1176,1,HappyBirthday,1096,4015,F,1,0.00118895,0.157267,4.33588,0.376372,F
1176,1,HappyBirthday,776,13505.3,M,1,0,0.0933464,0.0450948,0,F
1176,1,HappyBirthday,821,29200.6,F,1,0.000173686,0.252957,117.886,0.0555116,F
1177,1,HappyBirthday,839,20440.3,F,1,0.00371804,0.093207,570.541,1.20818,F
1177,1,Births,1531,0,M,0,0,0.040112,0,0,F
1178,1,HappyBirthday,1315,2190,M,1,0.0061153,0.228218,13.3516,1.9363,F
1178,1,HappyBirthday,172,11315.7,F,1,0.0303166,9.56882,2.88629,9.62231,F
1179,1,Births,1532,0,F,0,0,0.585359,0,0,F
1180,1,HappyBirthday,245,33215,F,1,0.0456225,75.1193,0.350023,14.5138,F
1180,1,HappyBirthday,1144,3650,F,1,0.149163,9.36278,23.1697,51.639,F
1180,1,Births,1533,0,M,0,0,0.0202007,0,0,F
1181,1,HappyBirthday,428,30295.4,M,1,0.0329657,1.56928,225.553,10.4175,F
1181,1,HappyBirthday,549,13870.6,F,1,0.000581022,0.0612605,11.6491,0.189131,F
1181,1,HappyBirthday,752,33580.3,M,1,2.20317e-05,5.35639,2.28248,0.0068772,F
1182,1,HappyBirthday,472,5840.58,F,1,0,0.12756,1.81202,0,F
1182,1,HappyBirthday,1350,1825,F,1,0,0.136764,0,0,F
1185,1,HappyBirthday,251,9125.33,M,1,0.00793785,0.864764,132.482,2.60941,F
1185,1,HappyBirthday,440,7300.07,M,1,0.000497603,13.097,8.24634,0.156987,F
1185,1,HappyBirthday,580,8395.03,M,1,0.000145533,0.195716,7836.85,0.162545,F
1186,1,HappyBirthday,532,21535.9,F,1,0.00184739,0.244723,359.809,1.33061,F
1186,1,HappyBirthday,1317,2190,F,0,0,0.0438262,0,0,F
1186,1,HappyBirthday,1266,2555,M,1,0.711174,1.11769,83.4835,433.423,F
1187,1,HappyBirthday,126,18250.1,F,1,0.00290457,0.677574,47.7672,0.932315,F
1187,1,HappyBirthday,1267,2555,M,1,0.00409812,11.0928,102.368,1.54627,F
1189,1,HappyBirthday,540,5110.74,F,1,0.00395699,0.822108,9854.76,2.02908,F
1189,1,HappyBirthday,568,25185.6,M,0,0,0.0351957,0,0,F
1189,1,HappyBirthday,1058,4380,F,1,0.0107962,12.62,97.2215,3.45762,F
1189,1,HappyBirthday,1351,1825,M,1,0.179694,0.639724,14.7545,62.9564,F
1189,1,HappyBirthday,1057,4380,M,1,0,0.681889,1.28861,0,F
1189,1,Births,1534,0,F,0,0,0.125151,0,0,F
1189,1,Births,1535,0,F,0,0,0.0361416,0,0,F
1190,1,HappyBirthday,350,22630.1,F,1,0.163902,1.0108,0.730153,55.6378,F
1191,1,HappyBirthday,1190,3285,M,1,7.95607e-08,1.02703,3758.12,0.000142609,F
1191,1,HappyBirthday,1499,365,F,1,0.1558,0.129532,11971.1,1218.68,F
1191,1,HappyBirthday,1318,2190,M,1,0,0.183055,12.6478,0,F
1192,1,HappyBirthday,321,5475.89,F,1,0.00369669,0.478728,99.4036,1.17879,F
1193,1,HappyBirthday,913,17155.8,F,1,0.00161438,1.65213,0.0025018,0.502169,F
1195,1,HappyBirthday,1059,4380,M,1,0.0101007,0.685414,0.776943,3.15579,F
1196,1,HappyBirthday,135,9855.13,F,1,0.00127199,7.31008,3343.72,2.08258,F
1196,1,HappyBirthday,1145,3650,M,1,0.00149919,9.67206,32.721,0.470163,F
1196,1,HappyBirthday,1353,1825,F,1,0.00555995,0.496409,2.51075,1.73897,F
1196,1,HappyBirthday,693,8395.41,F,1,0.0377621,0.43279,28.7053,12.2163,F
1196,1,HappyBirthday,1457,730,M,1,3.79482e-05,0.0357676,0.109133,0.0118119,F
1197,1,HappyBirthday,310,6570.52,M,1,0.00487099,0.810996,682.438,2.97424,F
1197,1,HappyBirthday,376,9855.36,M,1,0.0588905,18.0698,0.317791,18.8729,F
1197,1,HappyBirthday,585,12410.3,F,1,0.00258285,5.32746,0.004659,0.8032,F
1197,1,HappyBirthday,975,28835,M,1,0,0.10496,0,0,F
1197,1,HappyBirthday,1097,4015,F,1,0.00186124,1.14794,12.2176,0.580638,F
1198,1,HappyBirthday,624,12775.3,F,1,0.42676,0.208911,146.589,175.313,F
1198,1,HappyBirthday,1191,3285,M,1,0.238264,0.283161,13645.6,142.85,F
1199,1,HappyBirthday,1391,1460,F,1,0.151208,0.715304,7851.41,517.936,F
1199,1,HappyBirthday,244,23725.3,F,1,0,0.280705,0.0089998,0,F
1199,1,HappyBirthday,1354,1825,M,1,0.00168532,0.0616623,40.4046,0.553971,F
1199,1,HappyBirthday,662,5475.81,F,1,0.354188,0.564674,2010.63,486.443,F
1199,1,HappyBirthday,1419,1095,F,1,0.570916,0.635159,13763.3,879.087,F
1200,1,HappyBirthday,131,21900.2,F,0,0,0.0188617,0,0,F
1201,1,HappyBirthday,1420,1095,M,1,0.856384,0.00965283,280.424,1354.26,F
1201,1,HappyBirthday,331,19345.3,F,1,0.00443644,2.53454,11.5532,1.44208,F
1201,1,HappyBirthday,630,18250.8,F,1,0.0142539,1.23455,7.82916,4.50322,F
1201,1,HappyBirthday,884,13140.4,M,1,0.000340963,1.08944,37.9953,0.112823,F
1202,1,HappyBirthday,1458,730,M,1,0.643119,0.0715473,2104.41,1095.11,F
1202,1,HappyBirthday,1355,1825,F,1,0.00154876,0.0451309,6932.26,0.486795,F
1202,1,HappyBirthday,1098,4015,M,1,0,0.319323,6.4753,0,F
1202,1,HappyBirthday,953,7300.73,F,1,0.0100048,1.54938,1392.56,8.87957,F
1203,1,HappyBirthday,102,18250.4,F,1,0.638006,0.117465,144.81,333.101,F
1203,1,HappyBirthday,192,15695.4,M,1,0.0212256,0.704725,87.9541,7.67181,F
1203,1,HappyBirthday,520,14965.7,F,1,0.000647576,1.97955,165.321,0.212507,F
1203,1,HappyBirthday,667,7665.23,M,1,0.0050208,0.269695,25.8078,1.65639,F
1204,1,HappyBirthday,1319,2190,F,1,0.705262,0.208325,2348.59,410.993,F
1204,1,HappyBirthday,1422,1095,F,0,0,0.0350564,0,0,F
1205,1,HappyBirthday,505,6570.94,M,1,0.00741486,4.19259,950.013,2.41908,F
1205,1,HappyBirthday,521,6570.25,F,1,0.0107713,7.33255,2140.65,13.631,F
1205,1,HappyBirthday,613,22265.1,F,1,0.0149226,0.0292599,168.954,5.87203,F
1205,1,HappyBirthday,746,6205.76,M,1,0.249536,1.19527,2430.54,93.0144,F
1205,1,Births,1536,0,M,0,0,0.00928407,0,0,F
1206,1,HappyBirthday,14,6205.71,M,1,6.66773e-06,3.12323,1088.2,0.00331505,F
1206,1,HappyBirthday,698,7300.83,M,1,7.47626e-05,2.50176,2353.69,0.221632,F
1207,1,HappyBirthday,1500,365,M,1,0.192968,0.955421,79598.4,1167.27,F
1207,1,HappyBirthday,1356,1825,F,1,0.0181236,1.85396,4647.51,34.9221,F
1208,1,HappyBirthday,1320,2190,F,1,0.00261161,2.2334,1580.81,2.5019,F
1208,1,HappyBirthday,683,29200.2,F,0,0,0.020728,0,0,F
1209,1,HappyBirthday,162,9490.08,M,1,0.185635,0.530327,52.4302,76.3833,F
1209,1,HappyBirthday,239,5840.16,M,1,1.24744e-05,0.844745,0.701071,0.00387805,F
1209,1,HappyBirthday,1100,4015,M,1,0.0117212,0.80541,0.0316469,3.66386,F
1209,1,HappyBirthday,650,12775.7,F,1,0.000541126,5.63484,8650.63,0.30484,F
1209,1,HappyBirthday,1226,2920,F,1,0.0132827,1.29684,316.128,4.15539,F
1210,1,HappyBirthday,113,18615.9,M,1,0.00330439,0.216239,923.754,1.20028,F
1210,1,HappyBirthday,303,8395.11,M,1,0.0938845,1.19814,0.0026788,30.6391,F
1210,1,HappyBirthday,323,20805.3,M,1,0.000926395,0.130562,1225.75,0.801616,F
1210,1,HappyBirthday,602,16060.4,F,1,0.000694847,4.36204,1.49335,0.216082,F
1210,1,HappyBirthday,691,17155.7,F,1,0.0413258,0.23536,1080.91,22.6613,F
1211,1,HappyBirthday,295,22265.4,F,1,0.00948709,2.56976,44.9263,3.23115,F
1212,1,HappyBirthday,1011,4745,F,1,0.00638995,0.297768,1.52451,1.99225,F
1214,1,HappyBirthday,622,13140,M,1,0.176325,0.458473,72.4763,60.9449,F
1215,1,HappyBirthday,609,6935.03,M,1,0.0140824,1.04406,0.000159392,4.40797,F
1215,1,HappyBirthday,785,23360.2,M,1,0.000823916,1.36058,0.222834,0.256197,F
1215,1,HappyBirthday,856,13505.9,F,1,4.48372e-06,0.973528,16373.2,0.0206426,F
1216,1,HappyBirthday,160,19345.7,F,1,0.000204693,0.18175,1540.84,0.438544,F
1216,1,HappyBirthday,1060,4380,F,1,0.0394398,0.0559863,31.8748,13.0969,F
1217,1,HappyBirthday,212,8395.34,M,1,0.600676,3.70816,28.0217,292.665,F
1218,1,HappyBirthday,108,27010.7,M,1,0.0769261,0.593477,1.98881,24.8831,F
1219,1,HappyBirthday,1321,2190,M,1,0.690982,0.155517,60.0949,404.703,F
1219,1,HappyBirthday,1460,730,F,1,0.0402334,28.2717,1835.68,13.8173,F
1219,1,HappyBirthday,1461,730,F,1,0.138283,0.310821,4200.47,54.9842,F
1220,1,HappyBirthday,406,8760.82,F,1,0.0115631,1.69324,460.445,3.78598,F
1220,1,HappyBirthday,1061,4380,M,1,0.00200213,0.470499,209.296,0.6368,F
1220,1,HappyBirthday,706,10950.8,F,1,0.00804222,3.67628,16.6437,2.72015,F
1220,1,HappyBirthday,872,14965.2,F,1,0.541883,18.5261,14.9352,254.19,F
1220,1,HappyBirthday,1462,730,M,1,0.00687998,5.1224,3984.86,27.5163,F
1221,1,HappyBirthday,1322,2190,M,1,0.115643,0.201848,59.5549,41.356,F
1222,1,HappyBirthday,112,19345.8,F,1,0.035753,0.402869,0.0009784,11.3147,F
1222,1,HappyBirthday,259,5475.97,M,1,0.0405581,0.0839099,0.0604599,12.8679,F
1222,1,HappyBirthday,308,7300.75,F,1,0.0920011,0.0649943,2098.88,30.002,F
1222,1,HappyBirthday,781,23360.5,M,1,0.0372113,0.104568,4.78634,11.9762,F
1223,1,HappyBirthday,98,6935.48,F,1,0.00462267,0.105975,1769.63,9.33273,F
1223,1,HappyBirthday,1062,4380,F,1,0.139463,0.682619,427.366,50.1854,F
1223,1,HappyBirthday,1192,3285,M,1,0.000417938,2.24086,28.9461,0.137514,F
1223,1,HappyBirthday,207,10951,M,1,0.16093,3.08413,0.195353,54.529,F
1223,1,HappyBirthday,618,13505,F,1,0.0212597,1.51073,435.55,18.2603,F
1224,1,HappyBirthday,169,17155,M,1,2.36355e-06,0.208304,134.262,0.000843,F
1224,1,HappyBirthday,229,9855.56,M,1,0.000428987,0.905321,188.813,0.134814,F
1225,1,HappyBirthday,1392,1460,F,1,0.002714,3.50241,214394,27.7581,F
1226,1,HappyBirthday,1501,365,M,0,0,0.00407059,0,0,F
1226,1,HappyBirthday,851,17155.4,F,1,0.00364049,0.141408,320.367,2.63244,F
1226,1,HappyBirthday,919,25550.3,M,1,0.00029104,0.237476,6.63036,0.0926534,F
1227,1,HappyBirthday,171,17885.8,F,0,0,0.0173655,0,0,F
1227,1,HappyBirthday,740,9490.84,F,1,0.00181921,0.387991,31.5341,0.570523,F
1228,1,HappyBirthday,173,5475.3,M,1,0.0274755,0.017952,17.279,8.88259,F
1228,1,HappyBirthday,883,9125.98,M,1,0.0971483,2.09369,1.5652,31.8254,F
1229,1,HappyBirthday,1227,2920,F,1,0.02867,0.0499925,964.152,16.8725,F
1229,1,HappyBirthday,455,12410.2,F,1,0.000108467,0.0232351,20.4809,0.0349432,F
1229,1,HappyBirthday,599,8030.7,M,1,0.170178,2.14978,0.775774,57.9808,F
1229,1,HappyBirthday,1463,730,M,1,0.029371,0.347978,465.99,16.2721,F
1230,1,HappyBirthday,1323,2190,M,1,0.512633,0.445003,23.3438,240.345,F
1231,1,HappyBirthday,185,10220.8,F,1,0.0214356,0.07904,2034.82,22.3864,F
1231,1,HappyBirthday,486,6570.43,F,1,0.00112993,3.23421,0.242034,0.351498,F
1232,1,HappyBirthday,25,25915.7,M,1,0.0010417,0.0589002,0.918533,0.325374,F
1232,1,HappyBirthday,124,12410.8,F,1,0.000564798,0.172361,7.79843,0.182454,F
1233,1,HappyBirthday,1423,1095,F,1,0.000166639,0.54525,63220,0.905767,F
1234,1,HappyBirthday,92,14235.4,M,1,0.000410256,1.19375,8.5817,0.12758,F
1234,1,HappyBirthday,340,7300.51,F,1,0.0442486,1.5262,7.12909,14.0697,F
1234,1,HappyBirthday,1104,4015,M,1,0.00624949,0.214798,0.189013,1.94821,F
1234,1,HappyBirthday,467,5475.71,F,1,0.0033408,4.89085,86.8062,1.06239,F
1234,1,HappyBirthday,682,23360.5,M,1,0.00356346,0.0808675,2.43303,1.12329,F
1235,1,HappyBirthday,1464,730,M,1,0.00360757,0.820264,3.15995e-05,1.12262,F
1235,1,HappyBirthday,445,6570.68,M,1,0.000148653,0.655073,3790.02,0.0832911,F
1235,1,HappyBirthday,670,14600.8,F,1,0.000410829,0.490695,0.290099,0.12791,F
1236,1,HappyBirthday,1013,4745,F,1,0.157965,0.960147,350.978,59.2736,F
1236,1,HappyBirthday,1228,2920,M,1,0.0835885,0.510137,76.4036,30.6853,F
1236,1,HappyBirthday,1465,730,M,1,0.241895,0.170588,6175.71,1339.39,F
1237,1,HappyBirthday,1064,4380,F,1,0.0565795,0.228217,23.9272,20.0789,F
1237,1,HappyBirthday,1324,2190,M,1,0.00294054,0.355645,921.483,0.948267,F
1238,1,HappyBirthday,423,5475.73,M,1,0.00177341,0.318453,3.66435,0.553125,F
1238,1,HappyBirthday,434,17885.1,F,1,0.00309369,0.364383,65.07,0.967008,F
1238,1,HappyBirthday,1107,4015,F,1,0.0281732,0.272291,20.8428,9.54614,F
1239,1,HappyBirthday,1357,1825,F,1,0.134195,0.135391,76.9773,45.9291,F
1239,1,HappyBirthday,430,33215.4,M,1,0.000989732,0.918199,127.318,0.365581,F
1239,1,HappyBirthday,1325,2190,M,1,0,0.0418225,19.8701,0,F
1239,1,HappyBirthday,1326,2190,M,1,0.577838,0.618481,44.3299,307.482,F
1240,1,HappyBirthday,109,5475.19,M,1,0.0598711,6.49363,1.26547,19.1943,F
1240,1,HappyBirthday,132,7665.41,M,1,0.000102185,0.249623,4.5346,0.0323248,F
1240,1,HappyBirthday,801,7665.1,F,1,0.00447122,11.6002,27.4694,1.40037,F
1240,1,HappyBirthday,1466,730,M,1,0.0185631,0.630992,123.692,6.25909,F
1240,1,HappyBirthday,1270,2555,M,1,0.0731552,1.14401,12095.3,39.0902,F
1241,1,HappyBirthday,344,27375.6,F,1,5.60698e-05,1.39741,8.89742,0.0174918,F
1241,1,HappyBirthday,1229,2920,M,1,0.0274567,1.70999,1.96877,8.719,F
1242,1,HappyBirthday,133,6205.84,F,1,0,0.400721,2131.3,0,F
1242,1,HappyBirthday,1148,3650,M,1,0.0736018,0.211948,18.6667,23.8266,F
1242,1,HappyBirthday,1230,2920,M,1,0.0325362,0.52887,1.06528,10.3249,F
1243,1,HappyBirthday,1193,3285,F,1,0.00533565,1.37091,799.009,3.57414,F
1243,1,HappyBirthday,493,13140.8,F,1,0.0358757,2.11633,29.487,12.7091,F
1243,1,HappyBirthday,656,10220,M,1,0.00165424,0.867859,5.75767,0.51852,F
1243,1,HappyBirthday,1014,4745,F,1,0.0341972,0.216383,117.792,12.8599,F
1243,1,HappyBirthday,808,14600,M,1,0.00594005,0.643645,472.886,1.94565,F
1243,1,HappyBirthday,916,8030.06,F,1,0.000164272,0.323481,0.0001432,0.0510196,F
1244,1,HappyBirthday,66,28470,M,1,0.152282,0.0870206,3.29902,51.3887,F
1244,1,HappyBirthday,351,9855.04,F,1,0.237884,345.163,1817.92,234.083,F
1245,1,HappyBirthday,290,10585.1,F,1,0.0051886,3.4665,26.5128,1.69059,F
1246,1,HappyBirthday,1358,1825,M,1,0.624343,1.09852,874.088,1164.89,F
1246,1,HappyBirthday,1232,2920,F,1,0.0193081,2.97475,24.5271,6.08649,F
1246,1,HappyBirthday,551,12045.6,M,1,0.0101417,4.20967,0.233125,3.16786,F
1246,1,HappyBirthday,1231,2920,M,1,3.98349e-05,7.73069,66186.4,0.439065,F
1247,1,HappyBirthday,271,7665.61,F,1,0.00440591,1.4149,0.0097114,1.37214,F
1247,1,HappyBirthday,888,5110.92,M,1,0.00184011,8.43413,0.0514985,0.572555,F
1248,1,HappyBirthday,404,9490.27,M,1,8.21892e-05,4.41266,0.0979848,0.0255822,F
1249,1,HappyBirthday,1271,2555,F,1,0.0687601,0.232907,23.9523,24.3167,F
1249,1,HappyBirthday,265,28835.8,M,1,0.0310967,0.968218,29.449,10.1456,F
1249,1,HappyBirthday,559,23360.8,M,1,0.00482298,3.75323,0.217907,1.50234,F
1250,1,HappyBirthday,21,12410,F,1,3.6056e-05,0.537473,5931.34,0.0870348,F
1250,1,HappyBirthday,1016,4745,M,1,0.163456,0.870379,17.8099,60.3407,F
1250,1,HappyBirthday,1328,2190,F,1,0.00951021,0.190277,29.0971,3.12767,F
1250,1,HappyBirthday,766,7300.02,M,1,0.21518,0.697314,227.549,75.496,F
1251,1,HappyBirthday,1273,2555,M,1,0.0353452,0.908152,0.443832,11.2081,F
1251,1,HappyBirthday,1065,4380,F,1,0.00498507,3.51378,499.678,2.36933,F
1252,1,HappyBirthday,469,10585.9,M,1,0.014826,0.493055,0.021594,4.64194,F
1253,1,HappyBirthday,1467,730,M,1,0.000326006,0.0286867,35065.4,0.406032,F
1253,1,HappyBirthday,1194,3285,M,1,0.0198124,0.0804249,90.3006,6.52586,F
1253,1,HappyBirthday,1108,4015,M,1,0.0363813,1.78738,13.1001,11.9979,F
1253,1,HappyBirthday,1234,2920,M,1,0.628899,0.718833,168.476,338.662,F
1254,1,HappyBirthday,956,17155.5,M,1,0.00248368,0.0896405,239.338,0.854402,F
1255,1,HappyBirthday,84,23725,M,1,0.00136686,9.40325,0.790848,0.426109,F
1255,1,HappyBirthday,1502,365,F,1,0.0296431,0.460958,66.6753,10.3165,F
1256,1,HappyBirthday,1274,2555,F,1,0.0184593,0.108715,428.202,14.8578,F
1256,1,HappyBirthday,545,11315.5,F,1,0.0385768,2.83821,0.364232,12.2267,F
1257,1,HappyBirthday,187,10950.8,F,1,0.000300707,1.49846,237.977,0.151311,F
1257,1,HappyBirthday,1393,1460,F,1,0.568416,0.112822,2034.61,330.474,F
1258,1,HappyBirthday,1468,730,F,1,0.0129661,0.0922987,8123.54,38.8884,F
1258,1,HappyBirthday,876,5475.56,F,1,0.00151599,0.786122,0.557386,0.471509,F
1259,1,HappyBirthday,53,6205.51,M,1,0.0052324,3.48253,30.6013,1.66982,F
1259,1,HappyBirthday,194,8030.87,F,1,0.0397174,0.780854,639.45,13.2073,F
1259,1,HappyBirthday,380,21170.4,M,1,0.00116978,16.0968,2.64744,0.367043,F
1259,1,HappyBirthday,813,18980.6,M,1,0.000138412,0.379419,0.635901,0.0431484,F
1260,1,HappyBirthday,341,31390,F,1,0.0282706,1.73279,2805.69,34.0869,F
1260,1,HappyBirthday,485,18980.3,F,1,0.00450285,0.371289,106.246,1.9451,F
1260,1,HappyBirthday,878,28105.4,F,1,0.0672813,1.02394,2065.86,35.8854,F
1261,1,HappyBirthday,763,9125.75,F,1,0.00238774,5.39789,75.9233,0.83058,F
1261,1,HappyBirthday,939,11680.1,F,1,0.00625389,2.44966,12.7429,1.95301,F
1262,1,HappyBirthday,1149,3650,M,1,0.0262305,0.32064,48.6734,8.94925,F
1262,1,HappyBirthday,1503,365,F,0,0,0.00310719,0,0,F
1262,1,HappyBirthday,1235,2920,F,1,0.520899,1.04653,1.74302,229.333,F
1263,1,HappyBirthday,1150,3650,F,1,0.570983,1.53378,177.086,434.419,F
1263,1,HappyBirthday,218,10585.9,F,1,0.000138969,0.144598,100.877,0.0441176,F
1263,1,HappyBirthday,409,5840.2,F,1,1.16494e-06,0.816231,57749.7,0.00520428,F
1263,1,HappyBirthday,1195,3285,F,1,0.735819,0.14347,88.6963,442.982,F
1263,1,HappyBirthday,911,31390.1,F,1,0.000640141,2.48102,61.3533,0.209401,F
1264,1,HappyBirthday,8,5840.94,F,1,0.0108273,0.13233,34.1201,3.38996,F
1264,1,HappyBirthday,128,6570.54,M,1,0.00830772,3.28846,126.78,3.12074,F
1264,1,HappyBirthday,1275,2555,F,1,0.0696943,0.962599,4237.96,130.882,F
1264,1,HappyBirthday,842,18615.2,M,1,0.0426931,0.196607,0.966494,13.561,F
1264,1,Births,1537,0,M,0,0,0.119348,0,0,F
1266,1,HappyBirthday,7,7665.94,F,1,3.57127e-07,5.75092,0.0748432,0.0001094,F
1266,1,HappyBirthday,17,28470.2,F,1,0.00388893,0.207765,0.0496108,1.21101,F
1266,1,HappyBirthday,358,14965.9,F,1,0.120532,0.048432,348.825,58.0566,F
1266,1,HappyBirthday,1109,4015,F,1,0.128483,11.8058,382.208,44.4383,F
1266,1,HappyBirthday,707,5840.42,M,1,0.0226438,10.7486,127.5,8.88578,F
1267,1,HappyBirthday,1276,2555,F,1,0.0525328,1.04191,366.373,20.5635,F
1267,1,HappyBirthday,1236,2920,M,1,0.0221891,2.88441,262.583,14.6459,F
1267,1,HappyBirthday,592,12045.3,M,1,9.32299e-05,10.9387,53.9543,0.031422,F
1267,1,HappyBirthday,621,9855.36,M,1,0.103475,2.14139,19.007,34.081,F
1267,1,Births,1538,0,F,0,0,0.0300236,0,0,F
1268,1,HappyBirthday,349,9490.05,F,1,0,0.160768,0,0,F
1268,1,HappyBirthday,555,18250.8,M,1,3.08944e-05,0.131135,21302.5,0.018706,F
1268,1,HappyBirthday,1278,2555,M,1,0.115908,0.639666,45830.7,127.549,F
1269,1,HappyBirthday,294,9490.32,F,1,0.247488,0.0149175,24325.1,1107.13,F
1270,1,HappyBirthday,1066,4380,M,1,0.000439557,3.13021,0.0239465,0.136653,F
1270,1,HappyBirthday,471,22630.1,M,1,0.00229759,15.6283,0.0572972,0.714769,F
1270,1,HappyBirthday,738,9855.05,M,1,0.101964,4.41588,328.939,36.1819,F
1271,1,HappyBirthday,18,17520.7,F,1,0.146448,0.252183,6.82907,49.2535,F
1271,1,HappyBirthday,653,12410.4,F,1,0.120957,4.6489,8705.69,179.596,F
1271,1,Births,1539,0,F,0,0,0.203979,0,0,F
1272,1,HappyBirthday,655,9855.98,M,1,0.00960822,1.31349,170.158,3.80184,F
1272,1,HappyBirthday,871,22630.7,M,1,0.0119373,8.63438,272.309,5.42283,F
1272,1,Births,1540,0,F,0,0,0.079239,0,0,F
1273,1,HappyBirthday,141,10585.9,M,1,0.00141777,3.44205,20444,1.77973,F
1273,1,HappyBirthday,164,10220.2,M,1,0.0134693,0.0977331,0.0117426,4.2147,F
1273,1,HappyBirthday,167,5475.62,M,1,0.0876496,1.69709,41.3209,28.8321,F
1273,1,HappyBirthday,1359,1825,F,1,0.326735,0.52944,511.032,142.938,F
1273,1,HappyBirthday,1067,4380,F,1,0.09046,0.342203,385.105,65.5708,F
1273,1,HappyBirthday,1504,365,M,1,0.000680637,0.0303227,0,0.21177,F
1274,1,HappyBirthday,85,6205.74,M,1,0.091837,0.340592,16182.8,48.8521,F
1274,1,HappyBirthday,168,14600.2,M,1,0.0177106,0.241297,1.22964,5.55437,F
1274,1,HappyBirthday,232,6935.98,M,1,0.0218816,4.37498,0.0734138,6.87518,F
1274,1,HappyBirthday,1505,365,M,1,0.00262243,2.31116,5.49335,0.832658,F
1274,1,HappyBirthday,747,9125.34,M,1,0,6.40586,9787.99,0,F
1275,1,HappyBirthday,614,8030.42,M,1,0.00291784,1.38481,0.0211344,0.908319,F
1275,1,HappyBirthday,865,13870.2,M,1,0.000892207,1.45347,5.6114,0.283794,F
1275,1,HappyBirthday,870,5475.03,M,1,0.00369327,1.5491,1.15174,1.15103,F
1275,1,Births,1541,0,M,0,0,0.0700595,0,0,F
1276,1,HappyBirthday,314,9125.5,F,1,0.0020616,0.304679,1430.95,0.698027,F
1276,1,HappyBirthday,421,8030.78,M,1,0.0577809,0.731007,827.429,41.1246,F
1276,1,HappyBirthday,1330,2190,F,1,0.194113,0.384135,7.13995,67.9866,F
1276,1,HappyBirthday,867,5475.29,F,1,0.011059,1.34468,0.0140731,3.45695,F
1276,1,HappyBirthday,1196,3285,M,1,0.246727,0.528593,459.328,125.894,F
1277,1,HappyBirthday,147,8395.34,F,1,0.000100591,2.29403,82.925,0.0344988,F
1277,1,HappyBirthday,542,17155.4,F,1,3.53566e-06,0.129065,1.92608,0.0011168,F
1277,1,HappyBirthday,826,9490.31,F,1,0.00013045,0.0559282,42.6746,0.04294,F
1278,1,HappyBirthday,1238,2920,F,1,0.0139436,0.677111,0.192693,4.36503,F
1278,1,HappyBirthday,835,5110.34,F,1,0.0531201,7.93671,132.569,17.5809,F
1279,1,HappyBirthday,598,31390.8,F,1,0.00317372,0.941888,287.062,2.04613,F
1279,1,HappyBirthday,979,10220.2,M,1,0.00123745,0.552287,0.011338,0.384755,F
1280,1,HappyBirthday,1394,1460,F,1,0.192975,0.124271,1712.62,68.5491,F
1280,1,HappyBirthday,332,7300.23,F,1,0.000162236,1.05117,12.6036,0.0514577,F
1280,1,HappyBirthday,343,21535,F,1,0.00452699,0.128792,28.9146,1.57953,F
1280,1,HappyBirthday,1113,4015,M,1,0.0114539,0.0699946,0.351615,3.58198,F
1280,1,HappyBirthday,531,12775.2,F,1,0.0859689,4.27521,4523.26,249.476,F
1280,1,HappyBirthday,1425,1095,M,1,0.00287963,0.984901,218.319,1.26997,F
1281,1,HappyBirthday,69,9125.08,F,1,0.00011917,0.420575,291.423,0.0407708,F
1281,1,HappyBirthday,1197,3285,F,1,0.00245013,0.219633,593.71,0.828191,F
1281,1,HappyBirthday,537,16425,M,1,0.170022,0.0630846,1.01975,57.9806,F
1281,1,HappyBirthday,1151,3650,F,1,0.0144577,0.273213,5230.89,10.7724,F
1283,1,HappyBirthday,1239,2920,M,1,0.000700047,0.269319,37.9543,0.257182,F
1283,1,HappyBirthday,1198,3285,M,1,0.414134,0.14707,5509.71,981.853,F
1284,1,HappyBirthday,1361,1825,M,0,0,0.0229999,0,0,F
1284,1,HappyBirthday,1506,365,F,1,0.475051,0.157996,4071.68,788.278,F
1284,1,HappyBirthday,941,8030.43,F,1,0.511925,0.814383,4138.82,243.947,F
1285,1,HappyBirthday,152,36135.6,M,1,0.00226057,2.28089,124.564,0.973209,F
1285,1,HappyBirthday,234,9855.74,M,1,4.2884e-05,14.7113,12.4459,0.014064,F
1285,1,HappyBirthday,312,6205.29,F,1,0.00122231,11.1399,0.362377,0.380151,F
1285,1,HappyBirthday,1279,2555,F,1,0.0550224,0.0911001,580.58,18.2326,F
1285,1,HappyBirthday,761,8760.38,M,1,0.00852639,2.36337,7.97256,2.66167,F
1286,1,HappyBirthday,1280,2555,M,1,0.000239229,6.21183,28.1921,0.0773001,F
1286,1,HappyBirthday,444,7300.35,M,1,0.00870239,0.211746,1163.2,6.36057,F
1286,1,HappyBirthday,1114,4015,F,1,0.00665333,2.60405,33.3672,2.09275,F
1286,1,HappyBirthday,982,9855.94,M,1,0.0129316,0.410681,0.0557332,4.04546,F
1287,1,HappyBirthday,1362,1825,F,1,0.0765634,0.277952,16.2437,25.3339,F
1287,1,HappyBirthday,416,5110.42,M,1,0.00129908,0.460553,0.0461407,0.403974,F
1288,1,HappyBirthday,779,5840.11,M,1,0,1.89696,155.903,0,F
1289,1,HappyBirthday,103,9125.34,F,1,0.0490226,13.6306,90.0029,15.9635,F
1289,1,HappyBirthday,1331,2190,M,1,0.0138392,0.438603,4107.23,10.9714,F
1289,1,HappyBirthday,1469,730,M,1,0.0407367,0.129196,3969.2,16.8361,F
1290,1,HappyBirthday,1395,1460,F,1,0.00432013,0.177109,18136.6,46.6657,F
1290,1,HappyBirthday,1068,4380,M,1,0.049557,1.83338,434.253,21.044,F
1290,1,HappyBirthday,1470,730,F,1,0.0178393,0.869929,77.0746,7.2404,F
1290,1,HappyBirthday,874,8030.53,F,1,0.000550232,0.074642,19350,2.99841,F
1291,1,HappyBirthday,1199,3285,F,1,0.000548569,0.0241941,2.99096,0.170662,F
1291,1,HappyBirthday,1281,2555,F,1,0.0691046,0.38327,621.062,22.6633,F
1291,1,HappyBirthday,606,5110.46,M,1,2.73489e-05,0.479231,12.9533,0.0090685,F
1291,1,HappyBirthday,853,14235.5,F,1,0.152769,0.37271,41.8879,51.7623,F
1292,1,HappyBirthday,1069,4380,M,1,0.00660963,0.741216,300.976,2.13162,F
1292,1,HappyBirthday,1396,1460,M,1,0.00301618,0.20295,69.4801,1.20463,F
1292,1,HappyBirthday,1332,2190,F,1,0.00387964,5.33434,131.288,1.58822,F
1293,1,HappyBirthday,266,31390.7,M,1,0.0880004,3.21721,0.60443,28.6303,F
1293,1,HappyBirthday,281,6935.23,F,1,0.0075201,1.21598,0.0419908,2.34564,F
1293,1,HappyBirthday,1070,4380,M,1,0.000244247,0.631773,0.428214,0.0759156,F
1293,1,HappyBirthday,1115,4015,M,1,0.00019633,0.0411218,5.45923,0.0618138,F
1293,1,HappyBirthday,845,27740.2,F,1,0.00723795,15.1027,1.28074,2.26278,F
1294,1,HappyBirthday,1117,4015,M,1,0.0567664,0.212969,5527.04,52.3021,F
1295,1,HappyBirthday,35,6205.01,F,1,0.23697,0.35705,5383.22,98.696,F
1295,1,Births,1542,0,F,0,0,0.192923,0,0,F
1296,1,HappyBirthday,177,21535.6,F,1,0.0077813,1.15772,68.3543,3.24628,F
1296,1,HappyBirthday,1507,365,M,1,0.118094,0.56262,51237.5,154.235,F
1297,1,HappyBirthday,181,8760.29,M,1,0.00322318,3.28689,0.126327,1.00338,F
1297,1,HappyBirthday,215,6205.62,M,1,0.000313399,0.349821,8061.76,0.99025,F
1297,1,HappyBirthday,688,15330.7,M,1,0.0998428,1.15822,9.03082,33.7229,F
1297,1,HappyBirthday,943,6205.66,F,1,0.15901,0.372386,823.65,57.446,F
1298,1,HappyBirthday,42,9490.22,F,1,0,0.407657,0.675572,0,F
1298,1,HappyBirthday,1071,4380,F,1,0.00679192,2.26206,192.826,3.81536,F
1298,1,HappyBirthday,330,8030.56,F,1,0.0169062,0.754037,11.834,5.37306,F
1298,1,HappyBirthday,361,6205.04,F,1,0.00239446,2.17341,32.3665,0.860326,F
1298,1,HappyBirthday,1364,1825,M,1,0.000860721,0.0362493,27.6603,0.301868,F
1299,1,HappyBirthday,563,8760.96,M,1,9.93383e-05,15.4184,71.7927,0.0342852,F
1299,1,HappyBirthday,962,6935.67,M,1,0.0189722,3.25213,0.0475509,5.95294,F
1300,1,HappyBirthday,1426,1095,M,1,0.000942307,0.265314,3.86183,0.294801,F
1300,1,HappyBirthday,793,15695.9,M,1,0.00170778,0.445419,6142.73,0.599839,F
1300,1,HappyBirthday,1333,2190,F,1,0.000663348,0.0431558,54.0618,0.222009,F
1301,1,HappyBirthday,322,28105,M,1,0.00283084,2.51962,12.5919,0.929785,F
1301,1,HappyBirthday,500,8030.42,M,1,0.000684662,4.38134,399.673,0.33067,F
1301,1,HappyBirthday,577,27010.5,F,1,0.332247,0.36336,3472.25,146.92,F
1301,1,Births,1543,0,M,0,0,0.0327534,0,0,F
1302,1,HappyBirthday,1397,1460,F,1,0,0.0725584,40.9177,0,F
1302,1,Births,1544,0,M,0,0,0.121124,0,0,F
1303,1,HappyBirthday,1398,1460,F,1,0.000749725,1.68022,19.0624,0.23956,F
1303,1,HappyBirthday,1427,1095,M,1,0.00141855,0.0506435,10.8627,0.449461,F
1303,1,HappyBirthday,1508,365,F,1,0.430654,0.0764238,972.943,752.253,F
1303,1,HappyBirthday,816,22995.7,M,1,0.000221422,0.49793,47.285,0.0735318,F
1304,1,HappyBirthday,166,19345.5,M,0,0,0.00958021,0,0,F
1304,1,HappyBirthday,465,6935.18,M,1,0.00183605,3.45433,391.163,0.57424,F
1305,1,HappyBirthday,1509,365,F,0,0,0.0136309,0,0,F
1306,1,HappyBirthday,1021,4745,F,1,0.41376,3.73922,37.4559,166.439,F
1306,1,HappyBirthday,211,10220.7,M,1,0.00238992,2.57332,155.635,0.759674,F
1306,1,HappyBirthday,429,9490.88,M,1,0.127245,1.76097,555.466,69.6667,F
1307,1,HappyBirthday,513,12410.1,F,1,0,0.943821,1.22136,0,F
1307,1,HappyBirthday,907,10950.4,F,1,0.0150177,5.87174,963.648,13.9406,F
1308,1,HappyBirthday,1072,4380,M,1,0.132117,0.38541,44.3935,44.8718,F
1308,1,HappyBirthday,373,21170.5,F,1,0.0101344,0.261794,406.801,5.14028,F
1308,1,HappyBirthday,619,6935.23,M,1,0.00106139,2.25781,3.07758,0.330238,F
1308,1,HappyBirthday,700,20805.9,F,1,0.000458648,60.03,39.6803,0.162072,F
1309,1,HappyBirthday,626,9490.03,F,1,0.00531017,2.9765,1.07181,1.65553,F
1309,1,HappyBirthday,810,5840.82,M,1,0.0102398,0.0843058,1457.36,3.28489,F
1309,1,HappyBirthday,1242,2920,M,1,0.324628,3.10833,9.46171,127.669,F
1310,1,HappyBirthday,107,34675,F,1,0.00310719,0.100704,7.88e-05,0.967328,F
1310,1,HappyBirthday,1153,3650,M,1,0.00180002,6.36822,91.8974,0.740182,F
1310,1,HappyBirthday,955,10220,F,1,0.0693068,4.90119,8.14488,22.8922,F
1311,1,HappyBirthday,252,11680.5,F,1,0.100236,0.490545,3482.88,157.914,F
1311,1,HappyBirthday,666,5475.8,F,1,0.0510247,0.307126,10.7746,16.4459,F
1311,1,HappyBirthday,744,10950.6,M,1,0.000474477,0.155134,200.583,0.154582,F
1311,1,HappyBirthday,910,8395.32,M,1,0.0430805,0.5117,0.285947,13.685,F
1312,1,HappyBirthday,1200,3285,F,1,0.0109247,1.32076,482.112,9.30283,F
1313,1,HappyBirthday,34,31755.1,M,1,0.518167,1.8128,40.4522,240.495,F
1313,1,HappyBirthday,464,6935.93,F,1,1.97482e-05,0.167975,16.5939,0.00613827,F
1314,1,HappyBirthday,105,25550,M,1,0.000533691,0.778729,0.26472,0.166063,F
1314,1,HappyBirthday,200,19345.9,F,1,0.00194509,0.34769,1.70629,0.608595,F
1314,1,HappyBirthday,342,12410.9,F,1,0.00422166,0.0423477,45.2415,1.41666,F
1314,1,HappyBirthday,1023,4745,F,1,0.0074356,2.53349,2093.93,8.13382,F
1314,1,HappyBirthday,974,11680.1,M,1,0.0216137,44.8431,38.1751,7.10324,F
1315,1,Births,1545,0,M,0,0,0.139044,0,0,F
1316,1,HappyBirthday,256,6935.66,M,1,0.000681031,3.1903,2.60936,0.211808,F
1316,1,HappyBirthday,1243,2920,M,1,0.0102095,0.823757,5121.17,5.80464,F
1317,1,HappyBirthday,31,21535.3,F,1,0.00010728,14.9765,0.517375,0.0334098,F
1317,1,HappyBirthday,307,8760.3,M,1,0.00240081,0.220878,81.1368,0.829977,F
1317,1,HappyBirthday,1471,730,M,1,0.00264423,0.187923,0.0175545,0.823159,F
1318,1,HappyBirthday,1472,730,M,1,0.640163,0.949444,1829.15,367.311,F
1318,1,HappyBirthday,690,10220.8,M,1,0,1.8159,0.0017272,0,F
1318,1,HappyBirthday,924,5840.23,F,1,0.16233,0.592947,1.05029,55.0498,F
1318,1,HappyBirthday,1334,2190,M,1,0.00161943,0.35654,12510.8,0.741914,F
1318,1,HappyBirthday,942,14965.7,F,0,0,0.0343249,0,0,F
1319,1,HappyBirthday,1118,4015,M,1,0.000919132,0.629203,0.00504306,0.28578,F
1319,1,HappyBirthday,1428,1095,F,1,0.131548,0.604444,20.5,46.8898,F
1319,1,HappyBirthday,1119,4015,F,1,0.178559,0.0364661,10.306,61.1396,F
1320,1,HappyBirthday,62,8760.03,M,1,3.06673e-07,0.719797,883.585,0.0004354,F
1320,1,HappyBirthday,199,13870.4,M,1,0.00881019,0.193908,13.7963,2.75207,F
1320,1,HappyBirthday,1154,3650,M,1,0.00922133,2.19324,0.859991,2.87905,F
1321,1,HappyBirthday,1510,365,M,1,0.00168189,0.946038,15.6381,0.56002,F
1321,1,HappyBirthday,996,6935.76,F,1,0.00128078,0.0450783,196.038,0.509891,F
1322,1,HappyBirthday,1399,1460,F,1,0.000956237,0.396982,9.41789,0.297714,F
1323,1,HappyBirthday,1201,3285,F,1,5.75855e-05,0.237594,5671.81,0.13681,F
1323,1,HappyBirthday,1202,3285,F,0,0,0.190992,0,0,F
1323,1,HappyBirthday,527,15695.3,M,1,0.00154879,4.5138,40.2723,0.50874,F
1323,1,HappyBirthday,1073,4380,F,1,0.00140223,0.243443,1439.38,1.36577,F
1324,1,HappyBirthday,65,10220.5,F,1,0.000763114,1.92282,0.0008618,0.237388,F
1324,1,HappyBirthday,735,19710,F,1,7.45141e-05,1.42659,2e-06,0.0231346,F
1324,1,HappyBirthday,760,5475.77,M,1,0.000693301,4.15551,0.0878734,0.215557,F
1324,1,HappyBirthday,1120,4015,M,1,0.224571,4.09738,1.10644,79.0503,F
1325,1,HappyBirthday,156,7665.9,F,1,0.00584052,1.27388,5537.86,26.7664,F
1325,1,HappyBirthday,1155,3650,M,1,0.00214113,0.31399,34.5238,0.66888,F
1325,1,HappyBirthday,509,21535.9,F,1,0.270418,0.636127,12.4296,100.064,F
1325,1,HappyBirthday,1473,730,F,1,0.00174801,0.898389,194399,17.3218,F
1326,1,HappyBirthday,480,6205.93,M,1,0.0406968,4.01577,6.25988,13.1137,F
1326,1,HappyBirthday,497,11680.8,F,1,0.00283492,6.18453,1297.02,4.0533,F
1326,1,HappyBirthday,715,13505,M,1,0.554471,0.892846,3.13709,252.381,F
1326,1,Births,1546,0,M,0,0,0.0678761,0,0,F
1327,1,HappyBirthday,196,10950.2,M,1,0.000753461,1.3382,1.94357,0.236202,F
1327,1,HappyBirthday,1429,1095,M,1,0.0851714,0.892454,69.648,34.6727,F
1327,1,HappyBirthday,1074,4380,F,1,0.0216579,1.74359,0.0454691,6.80625,F
1327,1,HappyBirthday,710,27740.1,M,1,0.000154036,11.1333,981.544,0.227138,F
1328,1,HappyBirthday,210,18615.4,F,1,0.064131,1.05654,8256.16,37.3277,F
1328,1,HappyBirthday,362,12045.6,F,1,0.0625892,0.530819,31.5233,20.1573,F
1328,1,HappyBirthday,1335,2190,F,0,0,0.00560593,0,0,F
1328,1,HappyBirthday,749,21900.7,M,1,0.0280621,21.3687,45028.3,101.474,F
1328,1,HappyBirthday,1365,1825,M,1,0.0849273,0.0249726,7.89144,28.6572,F
1328,1,HappyBirthday,965,7300.02,F,1,0.00324527,3.10596,3.42008,1.01233,F
1329,1,HappyBirthday,11,5475.89,F,1,0.00277926,0.387715,0.477999,0.866852,F
1329,1,HappyBirthday,1475,730,F,1,0.00640826,0.460514,61.182,2.50415,F
1329,1,HappyBirthday,1337,2190,M,1,0.000141842,1.57785,66241.5,1.59053,F
1329,1,HappyBirthday,1025,4745,M,1,0.00193503,0.0667693,0.0565605,0.602217,F
1329,1,HappyBirthday,1474,730,M,1,0.00236528,0.0779707,37.7974,0.778021,F
1329,1,HappyBirthday,829,8030.13,M,1,0.0191659,3.20021,0.0185912,6.01454,F
1330,1,HappyBirthday,1075,4380,M,1,0.000295971,0.282596,2.0783,0.092305,F
1330,1,HappyBirthday,877,5475.48,F,1,1.06814e-06,17.7495,0.00898965,0.000329059,F
1331,1,HappyBirthday,1430,1095,M,1,0,0.046038,0,0,F
1332,1,HappyBirthday,213,8395.05,M,1,0.0402372,3.08711,68.7522,15.4339,F
1332,1,HappyBirthday,1204,3285,F,1,0.00903754,0.0340813,261.182,4.04439,F
1332,1,HappyBirthday,1511,365,F,1,0.1076,0.299451,46.1919,42.288,F
1333,1,HappyBirthday,115,15330.6,F,1,0.526175,0.507029,180.26,251.405,F
1333,1,HappyBirthday,223,15330.7,M,1,0.0188919,1.51625,221.671,5.98305,F
1333,1,HappyBirthday,1512,365,F,0,0,0.109359,0,0,F
1333,1,HappyBirthday,1122,4015,F,1,0.00393496,2.06569,75.993,1.57063,F
1333,1,Births,1547,0,M,0,0,0.0171304,0,0,F
1334,1,HappyBirthday,1513,365,F,0,0,0.0201654,0,0,F
1334,1,HappyBirthday,495,14600.6,M,1,0.00377365,1.39609,14.1718,1.17909,F
1334,1,HappyBirthday,798,7665.93,M,1,0.0109032,7.55099,112.862,3.4899,F
1335,1,HappyBirthday,372,21535,M,1,0.0694416,0.192826,10.88,22.8627,F
1335,1,HappyBirthday,671,12045.4,M,1,3.40041e-05,0.547344,11.7511,0.0111312,F
1335,1,HappyBirthday,1401,1460,F,1,0.0170827,0.238373,2.71431,5.42446,F
1336,1,HappyBirthday,1514,365,M,1,0.114139,0.670689,123531,1087.57,F
1336,1,HappyBirthday,957,17885.3,F,1,0.00246463,11.6357,13.9573,0.814601,F
1337,1,HappyBirthday,586,22995.6,F,1,0.326249,0.246012,381.258,182.913,F
1337,1,Births,1548,0,M,0,0,0.484039,0,0,F
1338,1,HappyBirthday,40,9125.62,F,1,0,0.873896,0.456053,0,F
1338,1,HappyBirthday,1283,2555,F,0,0,0.0544592,0,0,F
1339,1,HappyBirthday,180,34675.6,M,1,0.00158022,0.470036,6358.97,0.790928,F
1339,1,HappyBirthday,197,8030.14,F,0,0,0.0844506,0,0,F
1339,1,HappyBirthday,629,6570.18,M,1,0.00268761,2.72844,0.778262,0.839192,F
1339,1,HappyBirthday,767,5840.42,M,1,0.109563,0.148389,14106.3,65.5384,F
1340,1,HappyBirthday,1284,2555,F,1,0.0010186,0.0853542,25.7196,0.327689,F
1341,1,HappyBirthday,885,18250.8,M,1,0.000266387,0.241322,585.374,0.2212,F
1341,1,HappyBirthday,1515,365,F,1,0.00335382,0.888638,86.4419,1.26885,F
1341,1,HappyBirthday,1516,365,F,1,0.555974,0.0273128,3017.74,318.357,F
1342,1,HappyBirthday,1027,4745,F,1,0.00399434,13.4874,1748.29,1.99992,F
1342,1,HappyBirthday,1078,4380,M,1,0.00134386,0.15523,1894.32,1.57316,F
1342,1,HappyBirthday,357,5475.92,F,1,7.47716e-05,0.136886,0.000110969,0.0233118,F
1342,1,HappyBirthday,1026,4745,M,1,0.848652,0.473686,97.9912,668.052,F
1342,1,HappyBirthday,516,12775,F,1,0.00352167,0.442562,59.1655,1.19488,F
1342,1,HappyBirthday,714,8760.35,M,1,5.0921e-07,0.279466,0,0.0001558,F
1342,1,HappyBirthday,725,5475.23,F,1,0.00147903,0.698939,2.4826,0.460337,F
1342,1,HappyBirthday,1205,3285,M,1,0.577873,0.0445856,3100.7,314.381,F
1343,1,HappyBirthday,507,12045.4,M,1,0.10962,3.23031,90.8049,43.2607,F
1343,1,HappyBirthday,1476,730,F,1,0.00164574,0.129469,0.0727103,0.51204,F
1343,1,HappyBirthday,782,8395.93,M,1,1.97149e-05,2.53585,5.42587,0.0062712,F
1343,1,HappyBirthday,981,10950.2,F,1,0.120186,0.889118,1.00275,39.8154,F
1344,1,HappyBirthday,1079,4380,M,1,0.00644474,16.9119,19.0295,2.02321,F
1345,1,HappyBirthday,1156,3650,F,1,0.00481295,1.53539,43.572,1.60968,F
1346,1,HappyBirthday,336,18615.6,F,1,0.00183712,4.40985,162.39,0.631483,F
1346,1,HappyBirthday,1123,4015,M,0,0,0.0150956,0,0,F
1346,1,HappyBirthday,681,7665,F,1,0.0398258,0.267379,26.0688,13.6921,F
1346,1,Births,1549,0,M,0,0,0.120356,0,0,F
1347,1,HappyBirthday,1286,2555,F,1,0.33997,8.34628,1210.12,297.571,F
1347,1,HappyBirthday,305,14600.4,F,1,0.014452,1.99733,125.011,4.56126,F
1347,1,HappyBirthday,1080,4380,F,1,0.00118759,0.276178,57.8176,0.3889,F
1348,1,HappyBirthday,1287,2555,M,1,0.0121622,0.66213,34572.5,15.0203,F
1349,1,HappyBirthday,267,25185.9,M,1,5.52255e-05,0.474918,3684.99,0.0506652,F
1349,1,HappyBirthday,541,6205.41,M,1,0.00446162,0.906069,493.313,2.30023,F
1349,1,HappyBirthday,1124,4015,M,1,0.00106146,0.00908409,0.00184744,0.329938,F
1349,1,Births,1550,0,M,0,0,0.029536,0,0,F
1350,1,HappyBirthday,56,7300.99,M,1,0.00845447,0.290009,0.232053,2.63841,F
1350,1,HappyBirthday,1402,1460,F,1,0.322325,0.310613,391.204,293.527,F
1350,1,HappyBirthday,1288,2555,M,1,0.000394692,1.15351,135.358,0.186866,F
1350,1,Births,1551,0,M,0,0,0.120747,0,0,F
1351,1,HappyBirthday,33,6570.4,F,1,0.578289,0.704632,6.6342,277.191,F
1351,1,HappyBirthday,222,12775.5,M,1,0.0861354,0.163269,5.95057,28.0615,F
1351,1,HappyBirthday,879,16060.1,F,1,0.0223866,1.80347,54.3095,7.04174,F
1352,1,HappyBirthday,450,13870,M,1,0,2.11874,0.269668,0,F
1352,1,HappyBirthday,654,9855.23,M,1,0.000840041,24.2288,1.90602,0.261203,F
1352,1,HappyBirthday,784,20805.6,F,1,0.000421051,17.4058,0.014043,0.130772,F
1352,1,HappyBirthday,1431,1095,F,1,0.00298362,1.56896,28.785,1.01316,F
1353,1,HappyBirthday,1244,2920,F,1,0.0145426,0.397999,387.796,5.12374,F
1353,1,HappyBirthday,929,9490.52,M,1,0.139835,1.73239,10.7155,47.4465,F
1354,1,HappyBirthday,1158,3650,F,1,0.0747097,1.16423,1.5764,24.1322,F
1354,1,HappyBirthday,260,6205.47,M,1,0.0168502,17.8665,15.6878,5.5565,F
1354,1,HappyBirthday,593,25550,M,1,0.300036,0.963366,1.15079,110.868,F
1354,1,HappyBirthday,757,19710.4,M,1,0.00038629,14.3415,8.73366,0.12365,F
1354,1,HappyBirthday,1157,3650,M,1,0.0191809,1.34598,24196.7,26.6864,F
1355,1,HappyBirthday,863,6935.01,F,1,0.000188656,1.33075,4.2897,0.0586385,F
1355,1,HappyBirthday,987,7300.85,M,1,0.0168096,3.38381,97.4508,5.26852,F
1355,1,Births,1552,0,F,0,0,0.00789975,0,0,F
1356,1,HappyBirthday,1159,3650,F,1,4.91441e-05,12.7687,12.0368,0.0155973,F
1356,1,HappyBirthday,1125,4015,F,1,0,1.92991,493.912,0,F
1356,1,HappyBirthday,139,18250.1,M,1,0.00196556,0.102799,0.166755,0.611729,F
1357,1,HappyBirthday,1403,1460,F,1,0.170018,0.220169,5215.47,88.7615,F
1357,1,Births,1553,0,F,0,0,0.0111918,0,0,F
1358,1,HappyBirthday,414,18250.8,F,1,0.0116827,0.0991061,44.8659,3.66089,F
1358,1,HappyBirthday,1432,1095,F,1,0.100955,0.0236826,0.09658,33.0761,F
1359,1,HappyBirthday,447,32485.8,M,1,0,0.176274,0.050625,0,F
1359,1,HappyBirthday,857,12410,F,1,0.0313044,0.276488,642.605,37.2013,F
1360,1,HappyBirthday,773,12410.3,F,1,0.015066,0.946592,250.457,9.47854,F
1360,1,Births,1554,0,F,0,0,0.113543,0,0,F
1361,1,HappyBirthday,150,6935.43,F,1,0.00959456,3.07909,131.823,4.76134,F
1361,1,HappyBirthday,243,16425.2,M,1,7.41899e-05,0.0293779,9.86e-05,0.023009,F
1361,1,HappyBirthday,264,10585.1,F,1,0.00526033,1.1672,6.79741,1.64008,F
1361,1,HappyBirthday,935,19710.7,F,1,0.00186012,3.53185,63.2223,0.700873,F
1363,1,HappyBirthday,454,31755.9,M,1,0.00213593,0.202561,912.059,2.38989,F
1363,1,HappyBirthday,1289,2555,F,1,0.00231526,0.0243854,0.000467609,0.720314,F
1363,1,HappyBirthday,564,7300.64,F,1,0.00116661,3.49736,0.000557425,0.36271,F
1363,1,HappyBirthday,578,5110.66,M,1,0.0312729,3.27357,0.235817,9.88539,F
1363,1,HappyBirthday,1207,3285,F,1,0.00151146,0.769753,0.0220323,0.470078,F
1363,1,HappyBirthday,1404,1460,M,1,0.111675,0.563171,306.143,46.3306,F
1363,1,Births,1555,0,M,0,0,0.140815,0,0,F
1364,1,HappyBirthday,1291,2555,M,1,0.00225228,6.19133,39.8326,0.741118,F
1364,1,HappyBirthday,676,25185.5,F,1,0.000157764,3.50151,6.38316,0.0500848,F
1364,1,HappyBirthday,1160,3650,F,1,0.0450236,0.133419,0.863555,14.3357,F
1365,1,HappyBirthday,1433,1095,M,1,0.499377,0.660832,29120.7,507.627,F
1365,1,HappyBirthday,1081,4380,F,1,0.000726499,4.16771,29.2969,0.226368,F
1365,1,HappyBirthday,1338,2190,M,1,0.249576,0.358856,5611.55,123.957,F
1365,1,HappyBirthday,584,15330.7,F,1,0.00415641,3.03815,0.989195,1.29575,F
1365,1,HappyBirthday,1434,1095,F,1,0.551779,0.974443,4953.68,357.555,F
1367,1,HappyBirthday,1082,4380,M,1,0.00261649,0.103333,9.36242,0.828277,F
1367,1,HappyBirthday,277,8030.66,M,1,1.19282e-05,1.34005,59.7416,0.0037278,F
1367,1,HappyBirthday,659,6570.05,M,1,0.00779137,1.84684,0.0381821,2.431,F
1367,1,HappyBirthday,1435,1095,F,1,0.170626,0.0592389,4883.8,345.748,F
1367,1,Births,1556,0,M,0,0,0.0114699,0,0,F
1368,1,HappyBirthday,300,27010.7,M,0,0,0.00889434,0,0,F
1368,1,HappyBirthday,345,10585.5,M,1,0.49925,2.73803,120.207,222.376,F
1368,1,HappyBirthday,1436,1095,F,1,0.00018114,0.0431529,8.3972,0.0569797,F
1369,1,HappyBirthday,628,5475.45,F,1,0.045611,0.969156,6.0166,14.6235,F
1369,1,HappyBirthday,637,32850.7,M,1,0.0937963,3.08532,160.996,30.9034,F
1369,1,HappyBirthday,1029,4745,M,1,0.0172356,3.89418,59.6458,6.86946,F
1369,1,Births,1557,0,F,0,0,0.00134706,0,0,F
1369,1,Births,1558,0,F,0,0,0.16192,0,0,F
1370,1,HappyBirthday,130,9125.22,M,1,0.000201758,28.6022,16.3833,0.0642848,F
1370,1,HappyBirthday,155,13505.3,F,1,0.00112819,1.54013,183.483,0.358331,F
1370,1,HappyBirthday,255,5110.06,M,1,0.00126729,12.2201,302.475,0.574079,F
1370,1,HappyBirthday,1083,4380,M,1,0.00125587,0.190941,25.1977,0.4335,F
1371,1,HappyBirthday,377,27375.3,F,1,0,0.108949,9.86929,0,F
1371,1,HappyBirthday,533,19710.2,M,1,2.30973e-06,0.0519264,288.612,0.0010306,F
1371,1,HappyBirthday,712,12410.6,F,1,0.00320349,0.422568,0.0452794,0.997109,F
1371,1,HappyBirthday,814,19710,F,1,0.000995476,0.998152,5.11444,0.309605,F
1372,1,HappyBirthday,143,7300,F,1,8.11229e-05,0.712506,13.5433,0.0267013,F
1373,1,HappyBirthday,645,6570.53,M,1,0.0597591,4.8334,0.25469,19.1667,F
1373,1,Births,1559,0,M,0,0,0.189189,0,0,F
1373,1,Births,1560,0,M,0,0,0.00311477,0,0,F
1374,1,HappyBirthday,1245,2920,M,1,0.0179944,1.61574,58232.7,32.4545,F
1374,1,HappyBirthday,302,18615.4,F,1,0.052702,4.55178,19.8824,17.3277,F
1374,1,HappyBirthday,468,10950.5,M,1,0.00990197,7.20098,40.402,3.12662,F
1375,1,HappyBirthday,554,8760.83,M,1,0.0253274,6.26141,53.7715,8.16636,F
1376,1,HappyBirthday,1161,3650,F,1,0.120115,0.686732,191.301,43.2172,F
1376,1,HappyBirthday,415,5110.92,M,1,0.00070702,0.0344634,23.0253,0.226229,F
1376,1,HappyBirthday,1127,4015,M,1,0.0335672,0.172924,0.187098,10.6103,F
1376,1,HappyBirthday,633,10950.4,M,1,0.000596331,4.9233,18.6625,0.185367,F
1376,1,HappyBirthday,1477,730,F,1,0.00761768,1.05617,111.1,2.76293,F
1377,1,HappyBirthday,470,17520,M,1,0.0095779,6.93723,35.228,3.17199,F
1377,1,HappyBirthday,1030,4745,M,1,0.000177539,0.314079,522.865,0.178684,F
1378,1,HappyBirthday,175,7300.57,M,1,0.0129526,1.27873,20.1338,4.42924,F
1378,1,HappyBirthday,997,7665.54,F,1,0.426676,50.9898,2.24948,173.232,F
1378,1,HappyBirthday,843,9490.46,F,1,0.295069,0.852782,18.4954,111.34,F
1378,1,HappyBirthday,927,18615.7,M,1,4.41532e-06,0.670952,9.34568,0.0014092,F
1378,1,Births,1561,0,F,0,0,1.06496,0,0,F
1379,1,HappyBirthday,1517,365,F,0,0,0.0298285,0,0,F
1379,1,HappyBirthday,1367,1825,F,1,0.00896382,0.17121,298.334,2.84425,F
1380,1,HappyBirthday,54,6570.21,M,1,0.035481,0.331024,0.640921,11.2286,F
1380,1,HappyBirthday,1247,2920,M,1,0.173119,0.403712,2382.11,63.2471,F
1382,1,HappyBirthday,1339,2190,M,1,0.00168377,5.05758,48382.3,7.45778,F
1382,1,HappyBirthday,1405,1460,F,1,0.0336918,0.285294,3835.05,62.0794,F
1382,1,HappyBirthday,684,9855.27,M,1,7.94257e-05,0.559918,533.074,0.044517,F
1382,1,HappyBirthday,1248,2920,M,1,0.222756,0.0670942,4090.95,94.3225,F
1383,1,HappyBirthday,151,7300.45,F,1,0.00117992,1.15543,0.268711,0.366781,F
1383,1,HappyBirthday,1031,4745,M,1,0.0165733,0.288794,302.866,11.5687,F
1384,1,HappyBirthday,411,12045.1,M,1,0.246315,0.0871317,2.81361,88.1675,F
1384,1,HappyBirthday,775,24820.6,M,1,0.000268923,2.34991,35739.9,0.31536,F
1385,1,HappyBirthday,296,9855.29,F,1,0.0584669,19.4045,9.80184,18.7294,F
1385,1,HappyBirthday,1128,4015,M,1,0.00305349,0.140163,1.95113,0.953826,F
1385,1,HappyBirthday,964,11315.9,F,1,0.318498,12.7536,17.31,121.897,F
1386,1,HappyBirthday,804,12045.1,M,1,0.00884035,1.70984,610.926,2.89451,F
1387,1,HappyBirthday,274,6935.1,M,1,0.0659313,0.21208,3.28078,21.3166,F
1387,1,HappyBirthday,363,25185.6,M,1,0.112588,0.245346,77.4421,42.0934,F
1387,1,HappyBirthday,522,10951,F,1,0.000344849,0.0572625,282.033,0.153992,F
1387,1,HappyBirthday,1129,4015,M,1,0.0150531,1.57663,50.2769,4.73783,F
1387,1,HappyBirthday,783,7665,F,1,1.46495e-05,7.65429,31.8541,0.0045892,F
1387,1,HappyBirthday,1032,4745,F,1,0.00107985,0.458225,2.6357,0.335914,F
1388,1,HappyBirthday,1033,4745,M,1,0.578009,0.49506,134.433,317.802,F
1388,1,HappyBirthday,615,13140.1,F,1,4.95778e-05,26.6659,2554.65,0.05225,F
1388,1,HappyBirthday,989,10585.8,M,1,0.000432021,7.58934,4611.3,0.292603,F
1389,1,HappyBirthday,230,22265.9,M,1,0.00434152,1.04231,3052.32,2.75201,F
1389,1,HappyBirthday,544,9855.02,M,1,0.00385871,1.09945,196.558,1.26526,F
1390,1,HappyBirthday,1164,3650,M,1,0.0039211,1.72999,5317.37,11.9802,F
1391,1,HappyBirthday,1165,3650,F,1,0.00240144,15.3424,0.00213502,0.747374,F
1391,1,HappyBirthday,894,21900.4,M,1,0.000155701,5.84084,3372.28,0.243134,F
1393,1,HappyBirthday,1085,4380,F,1,0.00591973,1.43537,41.3766,1.88034,F
1393,1,HappyBirthday,858,10220.3,M,1,0.000161068,0.295201,182.795,0.0838628,F
1394,1,HappyBirthday,117,16425.8,M,1,0.0102335,2.57054,396.826,3.26789,F
1394,1,HappyBirthday,854,21535,M,1,0,0.120786,0.0055142,0,F
1394,1,Births,1562,0,M,0,0,0.301645,0,0,F
1395,1,HappyBirthday,1437,1095,M,1,0.0158507,23.5761,4920.64,5.19252,F
1395,1,HappyBirthday,604,25185.8,F,1,0.000736052,0.495062,0.206384,0.229002,F
1396,1,HappyBirthday,96,8030.51,F,1,0.0232084,0.0705797,45.6835,7.86824,F
1396,1,HappyBirthday,216,6935.23,F,1,0.169496,0.629617,1.62845,57.7223,F
1396,1,HappyBirthday,241,12410.9,M,1,0.0299318,1.18632,3.15987,9.44575,F
1396,1,HappyBirthday,1251,2920,F,1,0.00287108,0.202201,0.16197,0.893278,F
1396,1,HappyBirthday,1250,2920,M,1,0.00578117,0.144096,148.588,2.34509,F
1397,1,HappyBirthday,1295,2555,F,1,0.2083,5.37141,456.937,122.493,F
1397,1,HappyBirthday,1294,2555,M,1,0.399607,0.573184,3544.23,582.228,F
1397,1,HappyBirthday,991,17155.1,M,1,0.0761528,0.343991,1.03088,24.6172,F
1398,1,HappyBirthday,1167,3650,M,1,0.390389,0.137151,18384.5,160.878,F
1398,1,HappyBirthday,1208,3285,M,1,0.00287962,1.01433,20.4303,0.930007,F
1398,1,HappyBirthday,1368,1825,M,1,0.000323771,0.319824,2081.8,0.881273,F
1399,1,HappyBirthday,100,20805.6,M,1,0.0605229,0.569219,6.32196,19.4029,F
1399,1,HappyBirthday,1406,1460,M,1,0.0441583,1.43856,0.179868,14.0349,F
1399,1,HappyBirthday,949,19345.1,M,1,0.0105975,0.30197,14402.9,5.55445,F
1400,1,HappyBirthday,1296,2555,F,1,0.510617,0.859803,0.88519,222.451,F
1400,1,HappyBirthday,1086,4380,F,1,0.00760488,0.440527,27.1518,2.37847,F
1401,1,HappyBirthday,514,5110,M,1,0.0159739,0.0969421,0.0706974,5.00437,F
1401,1,HappyBirthday,567,26645.8,F,1,0.000128599,1.2479,0.0001396,0.0399868,F
1401,1,HappyBirthday,799,6935.26,F,1,0.0145753,5.99897,3.63557,4.56473,F
1401,1,HappyBirthday,993,11680,F,1,0.000500159,47.0843,45.5163,0.160266,F
1402,1,HappyBirthday,1439,1095,M,1,0.0482602,0.0653105,1940.98,18.234,F
1402,1,HappyBirthday,43,7665.71,F,1,0.0246366,1.39246,15.3263,7.92294,F
1402,1,HappyBirthday,86,18250.5,F,1,0.00990757,0.787871,74.2276,3.17429,F
1402,1,HappyBirthday,1369,1825,M,1,3.27512e-05,0.401263,23.0682,0.0113157,F
1402,1,HappyBirthday,809,6935.44,M,1,0.000136067,0.143928,3814.13,0.498916,F
1403,1,HappyBirthday,446,15330.6,M,1,0.00142288,3.219,2.31709,0.446128,F
1403,1,HappyBirthday,481,5840.36,F,1,0.00136314,0.888488,0.684107,0.423968,F
1403,1,HappyBirthday,492,22630.7,F,1,0.0754514,31.399,8.24394,24.5761,F
1405,1,HappyBirthday,1518,365,F,1,0.000546509,0.0840589,11.6454,0.178196,F
1405,1,HappyBirthday,1252,2920,F,1,0,0.232659,623.419,0,F
1405,1,HappyBirthday,844,16425.7,M,1,6.06064e-05,1.5564,205.199,0.0245888,F
1406,1,HappyBirthday,1519,365,F,0,0,0.109311,0,0,F
1406,1,HappyBirthday,644,16060.2,M,1,0.00546693,0.160684,195.723,2.19466,F
1407,1,HappyBirthday,1168,3650,F,0,0,0.0196162,0,0,F
1407,1,HappyBirthday,1169,3650,F,1,0.000468048,0.0864428,81.4723,0.186168,F
1408,1,HappyBirthday,20,8395.2,M,1,0.0277955,2.08629,138.106,9.06695,F
1408,1,HappyBirthday,1209,3285,F,1,0.000277253,0.104725,11.0195,0.0864603,F
1408,1,HappyBirthday,403,14235,F,1,0.0586441,0.175602,157.322,19.5303,F
1409,1,HappyBirthday,202,30660.1,F,0,0,0.0135164,0,0,F
1409,1,HappyBirthday,566,6570.97,F,1,0.00353336,0.244353,1.15259,1.10253,F
1409,1,HappyBirthday,1478,730,M,1,0.000402363,0.38455,17340.1,4.2643,F
1409,1,HappyBirthday,764,16425.3,F,1,0.00639434,0.0889476,98.2992,1.99537,F
1409,1,Births,1563,0,F,0,0,0.0212028,0,0,F
1410,1,HappyBirthday,30,8760,M,1,0.00067537,9.17391,229.432,0.221586,F
1411,1,HappyBirthday,58,17155,M,1,0.0595844,1.29804,0.447198,19.0925,F
1411,1,HappyBirthday,276,6205.48,F,1,0.00383156,0.157864,16.3945,1.27888,F
1411,1,HappyBirthday,1340,2190,M,1,0.00187454,0.786048,15510.9,18.0126,F
1411,1,HappyBirthday,674,9125.58,M,1,0.00210861,1.72658,0.514772,0.656126,F
1411,1,HappyBirthday,736,14965.4,M,1,7.87516e-05,0.79815,5.73823,0.025065,F
1411,1,HappyBirthday,873,25550.1,M,1,0.00273044,1.26408,2.5522,0.860963,F
1412,1,HappyBirthday,1131,4015,M,1,0.000105434,2.8917,11.0124,0.0328794,F
1413,1,HappyBirthday,1479,730,M,1,0.0410023,0.166871,181.244,16.8122,F
1413,1,HappyBirthday,1480,730,M,1,0.00126014,1.53273,116.53,0.457514,F
1413,1,HappyBirthday,292,6205.5,F,1,0.000273116,2.4229,1.57237e-05,0.0849741,F
1413,1,HappyBirthday,1087,4380,F,1,0.00138173,2.61683,2.54414,0.430094,F
1414,1,HappyBirthday,19,24820.2,M,1,0.00080077,0.5436,5.79567,0.250539,F
1414,1,HappyBirthday,1210,3285,M,1,0.582812,1.54577,875.459,343.145,F
1415,1,HappyBirthday,1481,730,F,1,0.359671,0.916227,10765.7,1601.59,F
1415,1,HappyBirthday,315,15695.2,M,1,0.00626731,1.34835,433.958,2.55936,F
1415,1,HappyBirthday,346,28470.4,M,1,2.85187e-06,0.259303,4959.84,0.0055022,F
1415,1,HappyBirthday,587,5840.12,M,1,4.29221e-05,4.42475,18.9017,0.0145497,F
1415,1,HappyBirthday,678,5475.61,F,1,3.14007e-05,6.6755,23.044,0.00978512,F
1415,1,HappyBirthday,1440,1095,F,1,0,0.140475,2.38417,0,F
1415,1,HappyBirthday,1132,4015,F,1,0.0163009,0.479586,15.6112,5.11292,F
1415,1,HappyBirthday,926,35770.5,F,1,0.0168647,0.312483,0.264887,5.28822,F
1417,1,HappyBirthday,89,5840.09,M,1,1.54592e-05,2.12074,6093.87,0.0416572,F
1417,1,HappyBirthday,1482,730,F,1,0.227796,0.364546,31329.5,532.682,F
1417,1,HappyBirthday,214,6570.02,M,1,0.0101297,4.28031,46.6242,3.72564,F
1417,1,HappyBirthday,1370,1825,F,1,0.00312501,0.348943,303.088,1.41034,F
1417,1,HappyBirthday,823,5840.56,F,1,0.0076921,3.29898,1014.33,2.47688,F
1417,1,HappyBirthday,1037,4745,F,1,0.0987801,2.14584,6.2201e-05,32.3218,F
1418,1,HappyBirthday,1371,1825,F,1,0.00258024,1.195,1792.39,6.34333,F
1418,1,HappyBirthday,503,7300.92,F,1,0.0172034,3.27585,167.481,5.47365,F
1418,1,HappyBirthday,591,12775.1,M,1,0.000795532,1.45828,2.45994,0.247203,F
1419,1,HappyBirthday,1038,4745,F,1,0.496596,3.06073,149.836,229.068,F
1420,1,HappyBirthday,988,6935.91,M,1,0,0.0352969,0,0,F
1420,1,Births,1564,0,F,0,0,0.626961,0,0,F
1422,1,HappyBirthday,1342,2190,M,1,0.00738799,1.04923,56.6922,2.54064,F
1422,1,HappyBirthday,751,5840.67,F,1,0.00046949,0.269545,177.513,0.189296,F
1423,1,HappyBirthday,50,11315.1,F,1,0.0130607,0.0447787,1429.3,12.1118,F
1423,1,HappyBirthday,502,8030.12,F,1,0.00148049,0.140806,0.0082588,0.460332,F
1424,1,HappyBirthday,47,6205.82,F,1,0,0.0457882,797.097,0,F
1425,1,HappyBirthday,1211,3285,M,1,0.293915,0.251817,1873.57,370.395,F
1425,1,HappyBirthday,612,35405.2,M,1,0.000988924,0.667963,7.36e-05,0.307651,F
1425,1,HappyBirthday,648,17520.7,M,1,2.96001e-05,0.879121,61.3037,0.0092546,F
1425,1,HappyBirthday,1088,4380,M,1,0.00128365,0.0322836,0.615807,0.400333,F
1425,1,HappyBirthday,930,10950.3,F,1,0.00147443,0.231949,15.601,0.461191,F
1426,1,HappyBirthday,800,15330.4,F,1,6.02519e-05,0.351059,1914.59,0.06695,F
1426,1,HappyBirthday,992,7300.5,M,1,0.00435881,0.079288,56.7927,1.48968,F
1427,1,HappyBirthday,529,9490.31,F,1,1.78345e-05,7.38392,50.3213,0.0056842,F
1427,1,HappyBirthday,895,8395.77,M,1,0.00206064,3.01825,3820.4,1.91539,F
1427,1,HappyBirthday,938,6935.77,M,1,0.00304987,0.278786,111.871,0.958397,F
1429,1,HappyBirthday,665,10585.8,F,1,0.415919,7.05158,447.247,254.202,F
1430,1,HappyBirthday,186,9855.61,M,1,0.00657443,2.1766,0.0001214,2.05037,F
1430,1,HappyBirthday,189,17155,M,1,0.144083,0.405637,11.8558,48.3708,F
1430,1,HappyBirthday,236,8760.29,M,1,7.92205e-05,0.0959264,7.8e-06,0.0246178,F
1430,1,HappyBirthday,463,8395.2,F,1,0.619725,1.7573,68.041,300.808,F
1430,1,HappyBirthday,1441,1095,F,1,0.254513,0.865758,16971.7,1469.4,F
1430,1,HappyBirthday,1442,1095,M,1,0.0604488,0.713211,359.852,34.0392,F
1430,1,HappyBirthday,978,11315.9,F,1,1.19379e-06,0.972817,0,0.0003692,F
1431,1,HappyBirthday,1212,3285,F,1,0.0996569,0.288173,36.2382,34.8239,F
1432,1,HappyBirthday,1408,1460,M,1,0.000264312,0.131786,35.1264,0.0945109,F
1432,1,HappyBirthday,369,13505.5,F,1,0.022389,2.12944,1273.42,32.3608,F
1432,1,HappyBirthday,1443,1095,M,1,0.322826,1.68236,2222.51,172.318,F
1432,1,HappyBirthday,1343,2190,F,1,0.00575344,0.121992,1381.41,2.4536,F
1432,1,HappyBirthday,952,6205.21,M,1,0.00110181,0.956169,1.54306,0.342819,F
1433,1,HappyBirthday,36,9490.77,M,1,0.00253252,0.137001,3327.74,3.54694,F
1433,1,HappyBirthday,81,25550.2,M,1,0.000260887,4.95453,3688.21,0.110879,F
1433,1,HappyBirthday,739,6570.78,M,1,0.000992318,0.66774,439.231,0.491972,F
1433,1,HappyBirthday,830,18250,F,1,1.56656e-05,11.693,397.601,0.0053568,F
1434,1,HappyBirthday,161,5475.01,F,1,0.000104294,3.02317,546.232,0.057982,F
1434,1,HappyBirthday,287,31390.6,F,1,0.000898017,0.640802,1214.67,1.66632,F
1434,1,HappyBirthday,1484,730,M,1,0.00135692,0.0851355,1.63353,0.424277,F
1434,1,HappyBirthday,862,21900.4,F,1,0.0134103,0.424997,2194.94,4.46809,F
1435,1,HappyBirthday,1297,2555,M,1,0.000720448,0.430564,688.008,0.383276,F
1435,1,HappyBirthday,208,6935.69,M,1,0.144649,0.305491,3.38749,48.6005,F
1436,1,HappyBirthday,1213,3285,M,1,0.638139,0.0418434,125.007,449.988,F
1436,1,HappyBirthday,1133,4015,F,1,0.0837332,0.569756,2044.36,37.4567,F
1436,1,HappyBirthday,1485,730,F,1,0.178284,1.38708,10764.9,205.666,F
1437,1,HappyBirthday,1444,1095,M,1,0.696108,0.112209,4070.38,1561.32,F
1438,1,HappyBirthday,1445,1095,F,1,0.102748,0.0529725,193.789,43.4339,F
1438,1,HappyBirthday,78,12410.7,F,1,0.00920855,0.111878,30.9832,2.89961,F
1438,1,HappyBirthday,120,5110.76,M,1,0.000134832,0.345686,21086.1,0.193378,F
1438,1,HappyBirthday,1214,3285,F,1,0.260962,2.07168,21.6868,94.0238,F
1438,1,HappyBirthday,1372,1825,F,1,0.00064293,0.0573966,0,0.199857,F
1438,1,HappyBirthday,298,5110.4,M,1,0.0600506,1.09423,16.5929,19.4569,F
1438,1,HappyBirthday,1520,365,F,1,0.02269,0.247435,112.538,8.43847,F
1438,1,HappyBirthday,329,14600.6,F,1,0.521986,0.316755,112.516,258.808,F
1438,1,HappyBirthday,405,6570.27,M,1,0.250228,0.13678,44.4222,92.0346,F
1438,1,HappyBirthday,1215,3285,M,1,0.0309883,0.435496,422.553,10.2858,F
1438,1,HappyBirthday,959,8395.96,M,1,0.00111425,31.7472,0.751721,0.347459,F
1438,1,Births,1565,0,F,0,0,0.188893,0,0,F
1439,1,HappyBirthday,802,5110.17,F,1,0.00189969,1.19237,36.7414,0.687609,F
1439,1,HappyBirthday,886,5475.74,M,1,0.0969847,0.300786,1.58655,31.745,F
1440,1,HappyBirthday,590,28470.7,M,1,0.570787,1.30081,5.22719,262.944,F
1440,1,HappyBirthday,1373,1825,F,1,0.143939,0.136063,11571.2,133.813,F
1440,1,HappyBirthday,1446,1095,M,1,0.026359,0.244824,30663.7,86.9542,F
1440,1,HappyBirthday,1041,4745,M,0,0,0.0448115,0,0,F
1440,1,Births,1566,0,M,0,0,0.166083,0,0,F
1441,1,HappyBirthday,1216,3285,F,1,0.0995175,2.15091,9.70009,33.8843,F
1443,1,HappyBirthday,1374,1825,F,1,0.211037,0.211802,182.523,92.63,F
1443,1,HappyBirthday,1174,3650,F,1,0.0156742,2.91512,25.0152,4.9241,F
1444,1,HappyBirthday,22,27740.7,F,1,0,1.03401,385.641,0,F
1444,1,HappyBirthday,354,11680.3,F,1,0.00108256,0.372683,37.9643,0.389769,F
1444,1,HappyBirthday,1218,3285,F,1,0.261008,0.44298,19.336,98.7885,F
1444,1,HappyBirthday,1175,3650,F,1,0.00287703,0.335919,27834.1,5.41692,F
1444,1,HappyBirthday,970,11680.6,M,1,0.0846972,0.322259,21.8666,29.1096,F
1445,1,HappyBirthday,1135,4015,F,1,0.0172184,0.799852,0.142824,5.39759,F
1445,1,Births,1567,0,M,0,0,0.146329,0,0,F
1446,1,HappyBirthday,417,11315,M,1,0.000234345,0.112014,13628.1,1.23979,F
1447,1,HappyBirthday,1409,1460,F,1,0.00099735,0.237545,26116.6,1.34024,F
1447,1,HappyBirthday,438,9125.04,M,1,0.00358744,5.59313,0.359999,1.11749,F
1448,1,HappyBirthday,1447,1095,M,1,0.0680162,0.586838,5.72923,22.1104,F
1448,1,HappyBirthday,1176,3650,F,1,0.397497,2.80407,1277.93,424.306,F
1448,1,HappyBirthday,557,33945.5,M,1,0.0420212,2.88083,395.37,33.2731,F
1449,1,HappyBirthday,897,24455.9,F,1,0.000174545,9.92545,16.2032,0.0583626,F
1449,1,HappyBirthday,1486,730,F,1,0.0327961,0.332161,168628,316.147,F
1450,1,HappyBirthday,159,24455.1,F,1,0.000311322,7.52764,72.8445,0.108634,F
1450,1,HappyBirthday,722,27740.9,F,1,0.000142151,0.0203575,4.73031,0.045075,F
1451,1,HappyBirthday,1177,3650,F,1,0.00186932,0.0400746,1.29306,0.581431,F
1451,1,HappyBirthday,1376,1825,M,1,0.0078936,0.0831126,19.6295,2.53298,F
1452,1,HappyBirthday,41,7665.64,F,0,0,0.0210155,0,0,F
1452,1,HappyBirthday,504,6570.46,F,1,0.000166545,0.119395,0.570091,0.0518842,F
1453,1,HappyBirthday,1219,3285,M,1,0.620086,0.0160826,655.303,699.483,F
1455,1,HappyBirthday,1521,365,F,1,0.103459,0.520651,100448,994.119,F
1455,1,HappyBirthday,909,21170.7,M,1,0.000549561,0.477611,59.1424,0.190694,F
1457,1,HappyBirthday,1043,4745,F,1,0.00111277,0.875611,7.7976,0.349948,F
1457,1,HappyBirthday,1090,4380,M,1,0.00379647,0.788009,335.822,1.21066,F
1457,1,HappyBirthday,1255,2920,F,1,0.0402475,2.82665,5.4464,12.7684,F
1457,1,HappyBirthday,400,6935.56,M,1,0.099464,0.0264404,3.62966,32.5588,F
1457,1,HappyBirthday,1089,4380,F,1,0.00282596,0.0687229,360.567,0.89727,F
1457,1,HappyBirthday,1300,2555,M,1,0.00371319,0.476859,4.23984,1.18132,F
1458,1,HappyBirthday,1220,3285,M,1,0.000935308,0.166843,0.129166,0.290772,F
1459,1,HappyBirthday,1449,1095,F,1,0.000955976,0.0429169,1337.53,0.84688,F
1459,1,HappyBirthday,583,5475.65,F,1,0.00131104,0.0620776,0.595069,0.408162,F
1460,1,HappyBirthday,1522,365,F,1,0.00519025,0.0202672,93.8329,1.7797,F
1460,1,HappyBirthday,220,20805.7,M,1,0.00053869,0.564605,70.2494,0.176644,F
1460,1,HappyBirthday,933,30660.9,F,1,0.000733304,0.643458,1.1e-05,0.227927,F
1461,1,HappyBirthday,1091,4380,M,1,0.189343,0.0683355,0.331916,65.3182,F
1461,1,HappyBirthday,937,16425.9,M,1,0.0475797,4.86106,22.6354,15.161,F
1461,1,HappyBirthday,954,18980.9,F,1,0.00845365,6.05157,0.0007754,2.63832,F
1462,1,HappyBirthday,1450,1095,M,1,0.547991,0.243169,11.0198,255.524,F
1462,1,HappyBirthday,1523,365,M,1,0.171925,0.0716736,1.33472,58.918,F
1462,1,HappyBirthday,1044,4745,M,1,0.0887745,0.531498,0.00704448,28.8902,F
1463,1,HappyBirthday,114,5475.29,F,1,0.0227853,2.98411,1205.54,20.0335,F
1463,1,HappyBirthday,1524,365,M,1,1.07437e-05,0.0991945,0.314835,0.00327589,F
1463,1,HappyBirthday,289,6205.17,F,1,0.0706233,59.9512,0.579131,22.7616,F
1464,1,HappyBirthday,1525,365,F,1,0.015224,0.209167,226.354,6.6934,F
1464,1,HappyBirthday,786,8030.15,M,1,0.000601869,0.618305,15.9129,0.187447,F
1465,1,HappyBirthday,64,17520.6,M,1,0.00358814,0.025381,199.466,2.13747,F
1465,1,HappyBirthday,610,31390.2,M,1,0.0145992,0.0627085,647.387,15.0693,F
1465,1,HappyBirthday,920,5840.32,F,1,0.043208,1.58307,94.7441,15.6809,F
1466,1,HappyBirthday,689,6570.4,F,1,0.0524078,0.598941,5.1206,16.8777,F
1466,1,HappyBirthday,1092,4380,M,1,0.130487,0.279727,1164.44,46.0648,F
1466,1,HappyBirthday,1487,730,F,1,0.000253614,0.0612734,5.26148,0.0806102,F
1466,1,HappyBirthday,977,7665.94,M,1,0.000175273,0.622565,1.12121,0.054604,F
1467,1,HappyBirthday,458,17885.6,M,1,0.000251501,1.84641,60.971,0.0853796,F
1467,1,HappyBirthday,553,31025.1,F,1,0.0281385,0.493743,28.4947,10.0356,F
1467,1,HappyBirthday,754,14235.6,M,1,0.118433,6.39247,8.55019,39.4845,F
1467,1,HappyBirthday,1378,1825,M,1,0.192669,0.178018,2361.67,203.9,F
1468,1,HappyBirthday,190,13505.5,M,1,0.000133166,1.41229,0.438007,0.0413704,F
1469,1,HappyBirthday,68,8030.5,F,1,5.35471e-05,0.566823,62.0854,0.018973,F
1469,1,HappyBirthday,367,22995.4,F,0,0,0.140065,0,0,F
1469,1,HappyBirthday,1379,1825,M,1,4.42348e-06,0.43712,29117.8,0.0043241,F
1469,1,HappyBirthday,1136,4015,M,1,0.00121031,0.180186,8.78245,0.387187,F
1469,1,HappyBirthday,948,8395.26,M,1,0.0140804,6.5363,0.0364132,4.40696,F
1471,1,HappyBirthday,387,27740.3,F,1,0.157119,3.54242,2.68832,53.2945,F
1471,1,HappyBirthday,597,12775.9,M,1,0.0640442,0.325179,68.2255,22.3655,F
1472,1,HappyBirthday,57,12045.8,F,1,0.0228504,0.228891,0.009694,7.18395,F
1472,1,HappyBirthday,1093,4380,M,1,0.294971,0.879555,705.043,215.927,F
1473,1,HappyBirthday,1181,3650,M,1,0.000884115,5.4676,12.2391,0.278369,F
1473,1,HappyBirthday,366,6205.37,F,1,0.000847176,1.4881,1.55597,0.265441,F
1473,1,HappyBirthday,812,18250.8,M,1,0.106815,1.26539,0.02638,35.1066,F
1473,1,HappyBirthday,819,20440.2,F,1,0.00280497,0.468957,5.48313,0.874287,F
1473,1,HappyBirthday,1489,730,F,1,0.0603499,0.899247,6612.22,47.0744,F
1473,1,HappyBirthday,1488,730,M,1,0.00169993,0.0715632,5.78005,0.53033,F
1474,1,HappyBirthday,91,8395.68,F,1,0.000171879,7.82182,1339.95,0.0672176,F
1475,1,HappyBirthday,1005,5110,M,1,0.0183117,0.972454,1634.97,13.8341,F
1475,1,HappyBirthday,1182,3650,F,1,0.0102767,0.596013,349.624,4.92922,F
1475,1,HappyBirthday,1490,730,M,1,0.407482,0.78406,7968.67,475.65,F
1475,1,HappyBirthday,1526,365,M,1,0.00161385,0.182857,10.3476,0.528434,F
1476,1,HappyBirthday,538,17520.7,M,1,0.0171941,1.65382,0.421246,5.39087,F
1476,1,HappyBirthday,1410,1460,F,1,0.0839468,0.0701838,221.05,40.9263,F
1477,1,HappyBirthday,324,25185.5,M,1,0.00894506,0.350282,0.128768,2.79423,F
1477,1,HappyBirthday,402,7665.04,F,1,0.440632,9.34078,0.385579,180.597,F
1478,1,HappyBirthday,1380,1825,M,1,0,0.30708,0.0904651,0,F
1478,1,HappyBirthday,1304,2555,M,1,0.000416355,0.454697,1138.37,0.155867,F
1478,1,HappyBirthday,915,7300.13,F,1,0.0478635,1.61215,4513.13,16.2215,F
1479,1,HappyBirthday,288,5840.49,F,1,0.0386201,0.194198,4.16885,12.4838,F
1480,1,HappyBirthday,1305,2555,M,1,0.0799994,0.479926,236.417,33.8746,F
1481,1,HappyBirthday,79,23360.7,F,1,0.000390837,0.710741,64.7636,0.134751,F
1481,1,HappyBirthday,668,11315.1,M,1,0.0926122,0.262011,0.109585,30.22,F
1481,1,HappyBirthday,702,8760.51,M,1,0.00967511,3.4644,364.321,3.18989,F
1482,1,HappyBirthday,1451,1095,M,1,0.475264,0.198042,8857.14,561.971,F
1482,1,HappyBirthday,217,5475.57,F,1,0.00240773,3.38188,0.554382,0.749208,F
1482,1,HappyBirthday,815,5840.19,M,1,0.490121,0.098111,4.14471,212.969,F
1483,1,HappyBirthday,817,11680.7,F,1,0.0267744,2.41939,81.6262,9.57262,F
1483,1,HappyBirthday,983,9125.53,F,1,0.000218178,0.308555,0,0.0678434,F
1484,1,HappyBirthday,1183,3650,F,1,0.541434,0.681314,19.1995,243.551,F
1485,1,HappyBirthday,796,24455.2,M,1,0.0161065,1.36399,1467.39,25.0616,F
1485,1,HappyBirthday,932,17155.7,F,1,0.0021985,31.3586,11.4269,0.707206,F
1486,1,HappyBirthday,998,17520.3,F,1,0.0548092,0.764472,0.0043088,17.5181,F
1486,1,HappyBirthday,153,15695.6,F,1,0.00826087,1.39783,240.426,3.04528,F
1486,1,HappyBirthday,1306,2555,M,1,0.641949,0.292742,36.2442,341.352,F
1487,1,HappyBirthday,1137,4015,M,1,0.00412861,1.58757,1.61558,1.29533,F
1487,1,HappyBirthday,515,9855.96,M,1,1.38799e-06,1.14418,2.03249,0.0004398,F
1487,1,HappyBirthday,1411,1460,M,1,0.0224001,0.267111,10.8406,7.42162,F
1487,1,HappyBirthday,733,12045.5,M,1,0.135563,0.725123,62.9774,45.4303,F
1488,1,HappyBirthday,59,7300.47,F,1,0.000218615,0.0900607,0.0502271,0.0679738,F
1488,1,HappyBirthday,1046,4745,F,1,0.0824943,1.78992,0.866298,26.8256,F
1488,1,HappyBirthday,1491,730,M,0,0,0.00662991,0,0,F
1489,1,HappyBirthday,125,13870.1,M,1,0.0564184,2.14531,37.5865,21.2355,F
1489,1,HappyBirthday,1307,2555,F,1,0.0207099,0.129318,189.054,8.44752,F
1489,1,Births,1568,0,M,0,0,0.0786381,0,0,F
1490,1,HappyBirthday,512,16790.5,F,1,0.00530527,0.731853,10878.6,4.14184,F
1490,1,HappyBirthday,1527,365,F,1,0.0023274,0.243688,0.136321,0.723893,F
1490,1,HappyBirthday,638,10586,M,1,0.00052322,4.46427,285.103,0.312259,F
1490,1,HappyBirthday,818,10950.6,F,1,0.000268543,2.23549,5.02e-05,0.0834942,F
1491,1,HappyBirthday,163,25185.4,M,1,0.0467439,1.18129,0.0185022,14.8766,F
1492,1,HappyBirthday,170,27375.8,M,1,7.77891e-05,1.23344,15.6394,0.024459,F
1492,1,HappyBirthday,881,5840.73,F,1,0.0705351,2.18591,3.84849,22.7425,F
1492,1,HappyBirthday,908,5840.49,M,1,0.000139828,0.0677406,15888,0.671304,F
1493,1,HappyBirthday,2,21900.5,M,1,0.0258302,0.221124,2486.51,9.21721,F
1493,1,HappyBirthday,1308,2555,M,1,0.110168,26.8218,10.1386,36.48,F
1493,1,HappyBirthday,625,29930.3,M,1,0.0118491,12.7141,0.105657,3.70557,F
1494,1,HappyBirthday,1184,3650,M,1,0.000115317,0.365643,205.337,0.0469574,F
1494,1,HappyBirthday,338,5840.43,M,1,0.00138094,0.873098,12.6423,0.43566,F
1494,1,HappyBirthday,1383,1825,F,1,0.078714,0.675571,50346.2,339.701,F
1496,1,HappyBirthday,320,15330.1,M,1,0.00115793,1.10344,14.9178,0.382473,F
1496,1,HappyBirthday,1048,4745,F,1,0.183946,3.18554,4938.52,156.363,F
1497,1,HappyBirthday,1049,4745,F,1,0.326015,0.443471,13.0977,128.026,F
1497,1,HappyBirthday,848,9855.67,M,1,0.507031,0.192453,202.168,324.167,F
1497,1,HappyBirthday,1492,730,F,1,0.62094,0.369806,7048.39,1139.88,F
1498,1,HappyBirthday,119,17885.5,F,1,0.000151303,1.10989,1094.3,0.118064,F
1498,1,HappyBirthday,398,12775.9,F,1,0.00246964,6.48417,22.0537,0.779882,F
1499,1,HappyBirthday,1258,2920,F,1,0.00267972,0.137405,1.16818,0.834097,F
1500,1,HappyBirthday,122,10220.3,M,1,0.0045467,1.09636,1.69776,1.42072,F
1500,1,HappyBirthday,1309,2555,M,1,1.94106e-05,0.131957,5.29501,0.00611893,F
1500,1,HappyBirthday,1050,4745,M,1,0.00182935,1.19403,229.799,0.582389,F
1500,1,HappyBirthday,660,5840.48,M,1,1.33154e-06,0.999509,0.409407,0.000407349,F
1500,1,HappyBirthday,731,6935.42,M,1,0,1.76451,2.89488,0,F
1500,1,Births,1569,0,M,0,0,0.272287,0,0,F
1501,1,HappyBirthday,148,22265.7,F,1,0.000896631,1.02562,35.4975,0.295262,F
1501,1,HappyBirthday,1345,2190,F,1,0.0146349,0.580411,148.84,7.06321,F
1501,1,Births,1570,0,M,0,0,0.107955,0,0,F
1502,1,HappyBirthday,558,14235.6,F,1,0.105176,3.32566,201.204,37.1006,F
1502,1,HappyBirthday,669,20075.3,F,1,0.029592,3.84135,4.037,9.39354,F
1502,1,HappyBirthday,1384,1825,F,1,0.239002,1.18832,493.416,105.854,F
1503,1,HappyBirthday,565,5475.26,M,1,0.00109762,0.599011,37.2545,0.361722,F
1503,1,HappyBirthday,768,10950.5,M,1,0.00134116,2.78461,130.835,0.418863,F
1503,1,HappyBirthday,769,20075.1,M,1,0.0401699,0.68114,3.75574,12.9782,F
1503,1,HappyBirthday,1346,2190,F,1,0.0395244,1.83701,471.653,13.2382,F
1504,1,HappyBirthday,1412,1460,M,1,0.0135912,2.98803,2.28501,4.25322,F
1504,1,HappyBirthday,588,12410.8,M,1,0.0148691,5.07604,0.111515,4.65673,F
1504,1,HappyBirthday,880,8030.71,F,1,0.0394674,0.273732,665.326,12.5168,F
1504,1,HappyBirthday,1452,1095,F,1,0.119776,43.8878,56173.7,1314.29,F
1505,1,HappyBirthday,204,9125.55,F,1,0.0955642,0.775307,5.08485,31.53,F
1505,1,HappyBirthday,457,13870,F,0,0,0.172218,0,0,F
1505,1,HappyBirthday,1310,2555,M,1,0.017216,5.52292,177.565,5.40346,F
1505,1,HappyBirthday,840,13870.2,M,1,0.000107995,3.44752,0.0286452,0.0335268,F
1505,1,HappyBirthday,995,19345.9,M,1,0.000488565,0.243228,0.0052482,0.15174,F
1506,1,HappyBirthday,249,17885.4,F,0,0,0.080708,0,0,F
1506,1,HappyBirthday,526,6570.94,M,1,0.000811442,10.4004,2.19782e-07,0.252233,F
1506,1,HappyBirthday,950,11315.2,M,1,0.000165167,74.0963,16.6073,0.0551804,F
1507,1,HappyBirthday,1186,3650,M,1,0.000560757,0.390257,40.4668,0.184485,F
1507,1,HappyBirthday,328,13505.4,M,1,0.000123885,1.14882,8.07216,0.0390722,F
1507,1,HappyBirthday,1453,1095,F,0,0,0.146443,0,0,F
1507,1,HappyBirthday,1413,1460,M,1,0.00794656,0.415959,2.50859,2.47936,F
1507,1,HappyBirthday,1494,730,F,1,0.00531526,0.734122,0.0310644,1.65656,F
1507,1,Births,1571,0,F,0,0,0.014998,0,0,F
1508,1,HappyBirthday,45,19710.1,M,1,9.18066e-05,2.18456,158.159,0.0332808,F
1508,1,HappyBirthday,99,8395.56,M,1,1.13743e-06,4.42921,0.0113832,0.000354,F
1508,1,HappyBirthday,523,7665.24,F,1,0.00798841,5.91523,38.5834,2.92987,F
1508,1,HappyBirthday,548,8395.63,M,1,0.0113261,4.54889,0.453584,3.54008,F
1508,1,HappyBirthday,719,8030.9,F,1,0.000424364,0.578292,0.0508418,0.131897,F
1508,1,HappyBirthday,918,17155.1,F,1,0.00181936,2.43398,28.5569,0.568937,F
1509,1,HappyBirthday,1528,365,F,1,0.0110973,0.515421,45.2554,3.72824,F
1509,1,HappyBirthday,1454,1095,F,1,0.945541,1.44049,37.071,910.791,F
1509,1,HappyBirthday,1455,1095,F,1,0.00164014,1.04393,936.65,0.510308,F
1510,1,HappyBirthday,23,11315,F,1,0.0366432,13.8089,3446.17,42.7281,F
1511,1,HappyBirthday,1094,4380,M,1,0.0056746,0.26209,25.018,1.77889,F
1512,1,HappyBirthday,1456,1095,F,1,1.1556e-05,0.105962,0.0538614,0.00361637,F
1512,1,HappyBirthday,355,22265.4,F,1,0.000783464,1.79015,237.612,0.24764,F
1513,1,HappyBirthday,97,8030.96,F,1,0.00702493,0.0593082,0.0011634,2.19143,F
1513,1,HappyBirthday,451,6205.92,M,1,0.00793444,7.23001,0.000487636,2.47526,F
1513,1,HappyBirthday,641,13870.7,F,0,0,0.121305,0,0,F
1513,1,HappyBirthday,1187,3650,F,1,0.062769,0.189193,90.3576,22.2654,F
1514,1,HappyBirthday,253,8760.18,M,1,0.127072,2.23293,5.37287,42.4992,F
1514,1,HappyBirthday,600,13870.9,F,1,0.0383037,0.230123,0.0042546,12.1382,F
1514,1,HappyBirthday,807,8030.76,M,1,0.129833,0.0859725,33.1957,48.8995,F
1516,1,HappyBirthday,52,9855.89,F,1,0.0832847,0.0973023,0.0703868,27.0263,F
1516,1,HappyBirthday,506,7665.39,M,1,0.00413122,0.24302,1370.22,1.33892,F
1516,1,HappyBirthday,524,16060.2,F,1,0.272715,6.34867,15081.6,1005.98,F
1517,1,HappyBirthday,388,13870.4,M,0,0,0.0354499,0,0,F
1517,1,HappyBirthday,1529,365,M,1,0.0799819,0.375065,91.8997,35.8619,F
1517,1,HappyBirthday,627,19345.4,F,1,2.80341e-05,0.326927,2.89973,0.0087116,F
1517,1,HappyBirthday,1385,1825,F,1,0.0031744,0.0948639,8.79692,1.03183,F
1517,1,HappyBirthday,728,6570.03,F,1,0.00278975,0.222589,0.0422928,0.868054,F
1518,1,HappyBirthday,1530,365,M,1,0.00507905,0.385457,116.623,1.89969,F
1518,1,HappyBirthday,293,19345.8,F,1,0.0190349,0.22217,15.8564,6.38145,F
1518,1,HappyBirthday,1347,2190,F,1,0.00940507,0.218717,52.1877,3.03011,F
1519,1,HappyBirthday,87,6205.47,F,1,0.0228294,0.0767999,62.6046,7.84658,F
1519,1,HappyBirthday,1348,2190,M,1,0.000503112,0.240642,0,0.156496,F
1520,1,HappyBirthday,1008,5110,M,1,0.00570862,1.31176,3717.05,4.79356,F
1520,1,HappyBirthday,1260,2920,F,1,0.0787349,0.397166,9141.53,543.176,F
1520,1,HappyBirthday,697,8395.76,M,1,0,0.600663,0,0,F
1521,1,HappyBirthday,1053,4745,M,1,4.6426e-07,0.696928,14884.6,0.00180938,F
1522,1,HappyBirthday,24,24090.2,M,1,0.0468598,1.20554,13.3481,14.9418,F
1522,1,HappyBirthday,1386,1825,F,1,0.691081,4.4619,498.608,1011.95,F
1522,1,HappyBirthday,1349,2190,F,1,0.0335813,1.918,73.005,11.7694,F
1522,1,HappyBirthday,1188,3650,F,1,2.53253e-05,0.340867,2813.81,0.00853973,F
1523,1,HappyBirthday,1054,4745,M,1,0.00985623,0.269794,0.0030058,3.07865,F
1524,1,HappyBirthday,262,8030.42,F,1,4.1349e-05,4.48376,8.89589,0.0128568,F
1524,1,HappyBirthday,837,14600.3,F,1,0.000126532,0.168867,8.55935,0.0405834,F
1525,1,HappyBirthday,792,5475.84,F,0,0,0.370356,0,0,F
1525,1,HappyBirthday,875,6570.93,F,1,0.00101167,0.121658,27.435,0.340085,F
1526,1,HappyBirthday,198,6205.94,M,1,6.30382e-05,3.02448,335.947,0.0396917,F
1526,1,HappyBirthday,1262,2920,M,1,0.00190784,8.94365,0.00297601,0.593743,F
1526,1,HappyBirthday,1095,4380,M,1,0,0.186426,0.0811506,0,F
1526,1,HappyBirthday,1387,1825,F,1,2.11275e-05,0.0875219,167743,0.196093,F
1526,1,Births,1572,0,F,0,0,0.146406,0,0,F
1527,1,HappyBirthday,1388,1825,F,1,0.000422182,1.04897,14721.6,0.201776,F
1528,1,HappyBirthday,121,11680.5,F,1,0.243166,4.26258,1.14682,86.6701,F
1528,1,HappyBirthday,1312,2555,M,1,0.029958,0.717623,27.8873,9.91316,F
1528,1,HappyBirthday,928,31025.5,F,1,0.0442192,1.64098,0.141938,14.0607,F
1528,1,HappyBirthday,1496,730,M,1,0.00742181,2.41252,281.351,3.39147,F
1529,1,HappyBirthday,77,6935.42,M,1,0,0.0971435,1472.57,0,F
1529,1,HappyBirthday,1141,4015,M,1,0.143092,0.386678,58.6058,61.4908,F
1529,1,HappyBirthday,1142,4015,F,1,0.00192293,1.17361,619.667,0.635791,F
1530,1,HappyBirthday,1263,2920,F,1,0.00391641,2.32868,234.619,1.23766,F
1530,1,HappyBirthday,1497,730,M,1,0.00615484,2.93075,61.4774,2.06707,F
1531,1,HappyBirthday,561,5475.39,M,1,0.288123,0.145461,2629.71,207.39,F
1531,1,HappyBirthday,1009,5110,F,1,0.00546682,0.744115,99.9311,1.96019,F
1531,1,HappyBirthday,1498,730,M,1,0.0151864,0.462351,1.58279,4.79426,F
1532,1,HappyBirthday,439,19345.5,M,1,0.000226072,6.76589,0.0003778,0.070281,F
1533,1,HappyBirthday,640,9490.91,F,1,0.0061225,18.4499,0.981386,1.9144,F
1533,1,HappyBirthday,675,10220.7,F,1,6.46046e-05,0.0528229,11.1988,0.0211936,F
1533,1,HappyBirthday,771,25550.8,M,1,0.535099,5.44196,70.7877,269.355,F
1533,1,HappyBirthday,1389,1825,M,1,0.642228,0.593711,24.9027,324.514,F
1533,1,HappyBirthday,1189,3650,M,1,0.0119919,0.0849456,9093.58,5.48295,F
1534,1,HappyBirthday,1313,2555,M,1,0.0421234,0.351377,59.3245,14.7106,F
1534,1,HappyBirthday,535,5840.74,F,1,0.000454523,0.758114,46.7071,0.154986,F
1535,1,Births,1573,0,M,0,0,0.139086,0,0,F
1536,1,HappyBirthday,1390,1825,M,0,0,0.0109561,0,0,F
1536,1,HappyBirthday,501,25185.3,F,1,0.0100122,0.217976,119.016,3.14835,F
1536,1,HappyBirthday,946,9125.25,M,1,0.00263829,9.76513,149.372,0.901025,F
1537,1,HappyBirthday,347,11680.1,M,0,0,0.0955222,0,0,F
1537,1,Births,1574,0,F,0,0,0.021051,0,0,F
1538,1,HappyBirthday,88,10585.3,F,1,2.68962e-06,0.546295,8.89153,0.0008566,F
1538,1,HappyBirthday,1416,1460,M,1,0.00186035,0.268152,6.4314e-05,0.578768,F
1538,1,HappyBirthday,1417,1460,M,1,0,0.0716493,0,0,F
1538,1,HappyBirthday,1264,2920,F,1,0.000406458,14.1899,2297.79,0.305381,F
1539,1,HappyBirthday,917,9855.9,M,1,0.00340256,30.0083,7.52177,1.09912,F
1539,1,HappyBirthday,960,5840.91,F,1,0.00507288,5.01062,0.0314187,1.5802,F
1540,1,HappyBirthday,1418,1460,M,1,0.00292365,0.249244,1.4564,0.915352,F
1541,1,HappyBirthday,55,8030.7,F,1,0.00494714,1.04151,475.125,1.8874,F
1541,1,HappyBirthday,1096,4380,F,0,0,0.168208,0,0,F
1541,1,HappyBirthday,776,13870.3,M,0,0,0.0933464,0,0,F
1541,1,HappyBirthday,821,29565.6,F,1,8.27398e-05,0.252957,1.86602,0.0258342,F
1542,1,HappyBirthday,839,20805.3,F,1,0,0.093207,0,0,F
1542,1,HappyBirthday,1531,365,M,0,0,0.0858287,0,0,F
1543,1,HappyBirthday,1315,2555,M,1,0.116027,0.252564,276.549,40.7102,F
1543,1,HappyBirthday,172,11680.7,F,1,0.115546,9.56882,2.82788,38.1745,F
1544,1,HappyBirthday,1532,365,F,1,0.199852,1.25251,44590.7,1532.04,F
1545,1,HappyBirthday,245,33580,F,1,0.000883176,75.1193,284.211,0.293938,F
1545,1,HappyBirthday,1144,4015,F,1,0.00535303,10.0629,169.029,1.67724,F
1545,1,HappyBirthday,1533,365,M,1,0,0.0432239,1.29719,0,F
1546,1,HappyBirthday,428,30660.4,M,1,1.84888e-05,1.56928,40.0493,0.0057616,F
1546,1,HappyBirthday,549,14235.6,F,1,0.738868,0.0612605,113.788,481.615,F
1546,1,HappyBirthday,752,33945.3,M,1,0.000111049,5.35639,0.0067528,0.0345892,F
1547,1,HappyBirthday,472,6205.58,F,1,0.000345725,0.134144,5412.7,0.132605,F
1547,1,HappyBirthday,1350,2190,F,1,0.782216,0.153096,2.49424,478.037,F
1550,1,HappyBirthday,251,9490.33,M,1,0.0142741,0.864764,0.0172246,4.4684,F
1550,1,HappyBirthday,580,8760.03,M,1,0,0.195716,14.7183,0,F
1550,1,Births,1575,0,F,0,0,0.0318051,0,0,F
1551,1,HappyBirthday,532,21900.9,F,1,0.000247647,0.244723,1214.5,0.0888528,F
1551,1,HappyBirthday,1317,2555,F,0,0,0.0485016,0,0,F
1551,1,HappyBirthday,1266,2920,M,1,0.0133956,1.22543,60.3834,5.22124,F
1552,1,HappyBirthday,126,18615.1,F,1,2.194e-05,0.677574,4.09165,0.0068264,F
1552,1,HappyBirthday,1267,2920,M,1,0.00121608,12.1621,0.127009,0.378267,F
1553,1,Births,1576,0,F,0,0,0.156976,0,0,F
1554,1,HappyBirthday,1534,365,F,1,0.000509533,0.267789,15750.5,0.183185,F
1554,1,HappyBirthday,1535,365,F,1,0,0.0773331,0.0206051,0,F
1554,1,HappyBirthday,540,5475.74,F,1,0.0368246,0.869421,196.085,20.6606,F
1554,1,HappyBirthday,568,25550.6,M,0,0,0.0351957,0,0,F
1554,1,HappyBirthday,1058,4745,F,1,4.90508e-05,13.4409,5005.35,0.0342012,F
1554,1,HappyBirthday,1351,2190,M,1,0.00644384,0.716119,3.37383,2.02376,F
1554,1,HappyBirthday,1057,4745,M,1,0.011127,0.726242,21.5341,3.4974,F
1554,1,Births,1577,0,M,0,0,0.129463,0,0,F
1555,1,HappyBirthday,350,22995.1,F,1,0.599345,1.0108,0.895219,284.347,F
1556,1,HappyBirthday,1190,3650,M,1,0.0879717,1.11003,6.2282,29.1787,F
1556,1,HappyBirthday,1499,730,F,1,0.112864,0.198717,14789.6,37.7642,F
1556,1,HappyBirthday,1318,2555,M,1,0.00517398,0.202583,29460.2,3.71452,F
1557,1,HappyBirthday,321,5840.89,F,1,0.00189458,0.50478,0.0992233,0.589336,F
1558,1,HappyBirthday,913,17520.8,F,1,0.00710805,1.65213,0.041961,2.21686,F
1560,1,HappyBirthday,1059,4745,M,1,0.00322622,0.729997,29.1345,1.04444,F
1560,1,Births,1578,0,F,0,0,0.0156015,0,0,F
1560,1,Births,1579,0,F,0,0,4.23697,0,0,F
1561,1,HappyBirthday,135,10220.1,F,1,0.000570112,7.31008,15578.1,0.314177,F
1561,1,HappyBirthday,1145,4015,M,1,0.0151347,10.3953,33.9753,4.9585,F
1561,1,HappyBirthday,1353,2190,F,1,0.0181626,0.555689,0.0239253,5.69807,F
1561,1,HappyBirthday,693,8760.41,F,1,0,0.43279,733.922,0,F
1561,1,HappyBirthday,1457,1095,M,1,0.000534976,0.0424423,0.00921249,0.166167,F
1562,1,HappyBirthday,310,6935.52,M,1,0.000689686,0.848936,1.76413,0.214784,F
1562,1,HappyBirthday,376,10220.4,M,1,0.0190716,18.0698,67.1269,7.6606,F
1562,1,HappyBirthday,585,12775.3,F,1,0.00108344,5.32746,0.0255938,0.336847,F
1562,1,HappyBirthday,1097,4380,F,1,0.0601488,1.22781,133.229,21.8432,F
1562,1,HappyBirthday,975,29200,M,1,0.000754348,0.10496,369.741,0.361314,F
1562,1,Births,1580,0,M,0,0,0.00529658,0,0,F
1563,1,HappyBirthday,624,13140.3,F,1,0.000278003,0.208911,4726.26,0.30513,F
1563,1,HappyBirthday,1191,3650,M,1,0.119143,0.306045,3.08034,39.4288,F
1564,1,HappyBirthday,1391,1825,F,1,0.232591,0.812309,1015.71,86.6414,F
1564,1,HappyBirthday,244,24090.3,F,1,0.173239,0.280705,2634.61,63.5475,F
1564,1,HappyBirthday,1354,2190,M,0,0,0.0690259,0,0,F
1564,1,HappyBirthday,662,5840.81,F,1,0.000243594,0.595402,1299.51,0.0927151,F
1564,1,HappyBirthday,1419,1460,F,1,0.147606,0.734809,71717.5,1706.26,F
1565,1,HappyBirthday,131,22265.2,F,0,0,0.0188617,0,0,F
1566,1,HappyBirthday,1420,1460,M,0,0,0.0111673,0,0,F
1566,1,HappyBirthday,331,19710.3,F,1,0.00491292,2.53454,10.6603,1.56586,F
1566,1,HappyBirthday,630,18615.8,F,1,0.00313287,1.23455,2.82199,0.989081,F
1566,1,HappyBirthday,884,13505.4,M,1,0.00318255,1.08944,0.203557,0.990655,F
1567,1,HappyBirthday,1458,1095,M,1,0,0.0848988,0,0,F
1567,1,HappyBirthday,1355,2190,F,1,0.055567,0.0505204,2044.46,78.4506,F
1567,1,HappyBirthday,1098,4380,M,1,0.145044,0.341538,655.294,87.0812,F
1567,1,HappyBirthday,953,7665.73,F,1,0.000512668,1.54943,2.83003,0.161245,F
1568,1,HappyBirthday,102,18615.4,F,1,0.0361317,0.117465,119.632,11.4368,F
1568,1,HappyBirthday,192,16060.4,M,1,0.000599496,0.704725,0.682824,0.186516,F
1568,1,HappyBirthday,520,15330.7,F,1,0.00214109,1.97955,1.32771,0.66749,F
1568,1,HappyBirthday,667,8030.23,M,1,0.024689,0.269695,236.778,10.5849,F
1569,1,HappyBirthday,1319,2555,F,1,0.00251304,0.230549,36.797,0.89731,F
1569,1,HappyBirthday,1422,1460,F,1,0.00029693,0.0405564,0.950173,0.0924271,F
1570,1,HappyBirthday,505,6935.94,M,1,0.000741251,4.38872,0.000104503,0.230477,F
1570,1,HappyBirthday,521,6935.25,F,1,1.09502e-06,7.6756,2538.97,0.00159094,F
1570,1,HappyBirthday,613,22630.1,F,1,0.00107448,0.0292599,534.774,0.380159,F
1570,1,HappyBirthday,746,6570.76,M,1,0.0118287,1.25393,107.263,4.2944,F
1570,1,HappyBirthday,1536,365,M,0,0,0.0198654,0,0,F
1571,1,HappyBirthday,14,6570.71,M,1,0.0155503,3.27652,0.00324013,4.87098,F
1571,1,HappyBirthday,698,7665.83,M,1,0.0239398,2.50181,0.0419192,7.52968,F
1572,1,HappyBirthday,1500,730,M,1,0.00823366,1.46572,87.4836,2.85373,F
1572,1,HappyBirthday,1356,2190,F,1,0.187252,2.07536,64.8744,64.4477,F
1573,1,HappyBirthday,1320,2555,F,1,0.00762392,2.47166,1644.57,9.29896,F
1573,1,HappyBirthday,683,29565.2,F,0,0,0.020728,0,0,F
1574,1,HappyBirthday,162,9855.08,M,1,0.0214887,0.530327,14.3477,7.18279,F
1574,1,HappyBirthday,239,6205.16,M,1,0.0013361,0.888346,208.292,0.417777,F
1574,1,HappyBirthday,1100,4380,M,1,0.0331808,0.861443,158.946,16.6568,F
1574,1,HappyBirthday,650,13140.7,F,1,0.00262096,5.63484,30.3795,0.816242,F
1574,1,HappyBirthday,1226,3285,F,1,0.120794,1.41086,428.319,40.0667,F
1575,1,HappyBirthday,113,18980.9,M,0,0,0.216239,0,0,F
1575,1,HappyBirthday,303,8760.11,M,1,0.000842227,1.19814,52.6473,0.285399,F
1575,1,HappyBirthday,323,21170.3,M,1,0.00626407,0.130562,0.0003364,1.95296,F
1575,1,HappyBirthday,602,16425.4,F,1,0.0185047,4.36204,0.501425,5.80432,F
1575,1,HappyBirthday,691,17520.7,F,1,0.421237,0.23536,14722.5,1003.3,F
1576,1,HappyBirthday,295,22630.4,F,1,0.00549959,2.56976,0.0129164,1.71403,F
1577,1,HappyBirthday,1011,5110,F,1,0.033026,0.315953,0.911074,10.4381,F
1579,1,HappyBirthday,622,13505,M,1,0.00155623,0.458473,0.0005564,0.484018,F
1580,1,HappyBirthday,609,7300.03,M,1,0.112119,1.09073,130.429,57.5211,F
1580,1,HappyBirthday,785,23725.2,M,1,0.000143987,1.36058,0.750198,0.0449156,F
1580,1,HappyBirthday,856,13870.9,F,1,0.00221243,0.973528,2.85622,0.68857,F
1581,1,HappyBirthday,160,19710.7,F,1,0.0488924,0.18175,15.1067,15.9489,F
1581,1,HappyBirthday,1060,4745,F,1,0.000978207,0.059628,407.473,0.490038,F
1582,1,HappyBirthday,212,8760.34,M,1,0.00395494,3.70816,15224.4,36.9138,F
1583,1,HappyBirthday,108,27375.7,M,1,0.0082821,0.593477,2.46746,2.5946,F
1583,1,Births,1581,0,M,0,0,0.197659,0,0,F
1584,1,HappyBirthday,1460,1095,F,1,0.0345866,33.5475,13568.5,13.7256,F
1584,1,HappyBirthday,1461,1095,F,1,0.125059,0.368823,136.742,50.4304,F
1585,1,HappyBirthday,406,9125.82,F,1,7.17192e-05,1.69324,951.201,0.0765046,F
1585,1,HappyBirthday,1061,4745,M,1,0.00851642,0.501103,287.941,2.70093,F
1585,1,HappyBirthday,706,11315.8,F,1,0.00453427,3.67628,8.04712,1.41261,F
1585,1,HappyBirthday,872,15330.2,F,1,0.000285557,18.5261,0.156516,0.0886962,F
1585,1,HappyBirthday,1462,1095,M,1,0.0840248,6.0783,6.08067,27.3202,F
1586,1,HappyBirthday,1322,2555,M,1,0.0349601,0.223381,257.544,15.0783,F
1587,1,HappyBirthday,112,19710.8,F,1,5.51276e-05,0.402869,1.68083,0.0172262,F
1587,1,HappyBirthday,259,5840.97,M,1,0.0100127,0.0884761,187.59,5.58219,F
1587,1,HappyBirthday,781,23725.5,M,1,0.0609467,0.104568,19.3221,19.5723,F
1588,1,HappyBirthday,98,7300.48,F,0,0,0.110711,0,0,F
1588,1,HappyBirthday,1062,4745,F,1,0.00195242,0.72702,0.0265035,0.60744,F
1588,1,HappyBirthday,1192,3650,M,1,0.0293697,2.42195,697.817,10.2667,F
1588,1,HappyBirthday,207,11316,M,1,0.00119829,3.08413,5502.71,2.77584,F
1588,1,HappyBirthday,618,13870,F,1,0.057806,1.51073,1.20137,18.5688,F
1589,1,HappyBirthday,169,17520,M,1,0.624734,0.208304,43.5814,304.78,F
1589,1,HappyBirthday,229,10220.6,M,1,0,0.905321,0.0439548,0,F
1590,1,HappyBirthday,1392,1825,F,1,0.0002448,3.97738,1238.35,0.0947104,F
1591,1,HappyBirthday,1501,730,M,0,0,0.00624474,0,0,F
1591,1,HappyBirthday,851,17520.4,F,1,0.0068971,0.141408,24.3528,2.15839,F
1591,1,HappyBirthday,919,25915.3,M,1,0.000170997,0.237476,0.0861732,0.053146,F
1592,1,HappyBirthday,740,9855.84,F,1,5.7777e-05,0.387991,28.958,0.0201298,F
1593,1,HappyBirthday,173,5840.3,M,0,0,0.018929,0,0,F
1593,1,HappyBirthday,883,9490.98,M,1,0.0158064,2.09369,0.045006,4.95226,F
1593,1,Births,1582,0,F,0,0,0.503587,0,0,F
1594,1,HappyBirthday,1227,3285,F,1,0.0706239,0.0543878,5303.35,99.5352,F
1594,1,HappyBirthday,455,12775.2,F,0,0,0.0232351,0,0,F
1594,1,HappyBirthday,599,8395.7,M,1,0.000100569,2.14978,0.0437602,0.0313008,F
1594,1,HappyBirthday,1463,1095,M,1,0.116474,0.412915,77973.5,1399.64,F
1595,1,HappyBirthday,1323,2555,M,1,0.833159,0.492476,91.8832,743.814,F
1596,1,HappyBirthday,185,10585.8,F,0,0,0.07904,0,0,F
1596,1,HappyBirthday,486,6935.43,F,1,0.000302217,3.38552,15159.8,0.199957,F
1596,1,Births,1583,0,M,0,0,0.124118,0,0,F
1597,1,HappyBirthday,25,26280.7,M,1,0.0105954,0.0589002,13627.6,5.50454,F
1597,1,HappyBirthday,124,12775.8,F,1,0.0436323,0.172361,105.275,19.5897,F
1598,1,HappyBirthday,1423,1460,F,1,0.00365183,0.630795,211.377,1.51963,F
1599,1,HappyBirthday,340,7665.51,F,1,0.00104346,1.52629,2.05626,0.324684,F
1599,1,HappyBirthday,1104,4380,M,1,6.59872e-05,0.229742,8.26997,0.0208912,F
1599,1,HappyBirthday,467,5840.71,F,1,8.30568e-06,5.157,17223.6,0.0393554,F
1599,1,HappyBirthday,682,23725.5,M,0,0,0.0808675,0,0,F
1599,1,Births,1584,0,M,0,0,0.0224622,0,0,F
1600,1,HappyBirthday,1464,1095,M,1,0.00132631,0.973335,189752,13.1567,F
1600,1,HappyBirthday,445,6935.68,M,1,1.79569e-05,0.685719,49.739,0.00579396,F
1600,1,HappyBirthday,670,14965.8,F,1,0,0.490695,0.170124,0,F
1600,1,Births,1585,0,F,0,0,0.106504,0,0,F
1600,1,Births,1586,0,M,0,0,0.0119745,0,0,F
1601,1,HappyBirthday,1013,5110,F,1,0.0803925,1.01879,1301.99,126.198,F
1601,1,HappyBirthday,1465,1095,M,1,0.00315338,0.202422,23.6688,0.989516,F
1602,1,HappyBirthday,1064,4745,F,1,0.0555246,0.243061,0.000929218,17.754,F
1602,1,HappyBirthday,1324,2555,M,1,0.00212636,0.393585,21.0012,0.727502,F
1603,1,HappyBirthday,423,5840.73,M,1,0.00325325,0.335782,143.886,1.03015,F
1603,1,HappyBirthday,434,18250.1,F,1,0.00161201,0.364383,10.3743,0.501341,F
1603,1,HappyBirthday,1107,4380,F,1,0.00205891,0.291234,2.97271,0.640947,F
1604,1,HappyBirthday,1357,2190,F,1,0.201968,0.151559,1053.13,313.431,F
1604,1,HappyBirthday,430,33580.4,M,1,0.00379746,0.918199,13.8519,1.18669,F
1604,1,HappyBirthday,1325,2555,M,1,0.000449882,0.0462841,2271.64,1.17458,F
1604,1,HappyBirthday,1326,2555,M,1,0.00505921,0.68446,49.3111,1.68907,F
1605,1,HappyBirthday,109,5840.19,M,1,0.088342,6.84703,4.1009,28.9284,F
1605,1,HappyBirthday,132,8030.41,M,1,0.0756382,0.249623,1.05822,24.4439,F
1605,1,HappyBirthday,1270,2920,M,1,0.164307,1.25429,4.34672,55.7975,F
1605,1,HappyBirthday,1466,1095,M,1,0.0251688,0.748742,13.9581,8.11109,F
1606,1,HappyBirthday,344,27740.6,F,1,0.000110614,1.39741,3135.25,0.0550968,F
1606,1,HappyBirthday,1229,3285,M,1,0.0249854,1.86033,23.2521,8.55894,F
1607,1,HappyBirthday,133,6570.84,F,1,4.63509e-06,0.420387,2028.76,0.0117618,F
1607,1,HappyBirthday,1148,4015,M,1,0.000161189,0.227796,231.234,0.0976656,F
1607,1,HappyBirthday,1230,3285,M,1,0.00274965,0.575368,1.46556,0.85779,F
1608,1,HappyBirthday,493,13505.8,F,1,0.0276221,2.11633,0.296179,8.70539,F
1608,1,HappyBirthday,656,10585,M,1,0.000935734,0.867859,422.249,0.381854,F
1608,1,HappyBirthday,1014,5110,F,1,0.0191683,0.229598,4.86676,6.15885,F
1608,1,HappyBirthday,808,14965,M,1,0.120967,0.643645,1296.11,170.256,F
1608,1,HappyBirthday,916,8395.06,F,1,0.0066951,0.323481,0.0319834,2.08788,F
1609,1,HappyBirthday,66,28835,M,1,0.0179076,0.0870206,5821.37,16.3622,F
1609,1,HappyBirthday,351,10220,F,1,0.0193028,345.163,56.073,6.23671,F
1611,1,HappyBirthday,1358,2190,M,1,0.0393609,1.22971,2451.73,30.0878,F
1611,1,HappyBirthday,1232,3285,F,1,0.00183716,3.23629,0,0.571721,F
1611,1,HappyBirthday,551,12410.6,M,1,0.000125913,4.20967,54.6006,0.0414376,F
1611,1,HappyBirthday,1231,3285,M,1,0.000304635,8.41037,0.00016717,0.0947019,F
1612,1,HappyBirthday,271,8030.61,F,1,0.0003898,1.4149,0.061007,0.12118,F
1612,1,HappyBirthday,888,5475.92,M,1,0.0955732,8.9195,35.3907,35.7864,F
1613,1,HappyBirthday,404,9855.27,M,1,0.00052431,4.41266,0.168902,0.163098,F
1614,1,HappyBirthday,1271,2920,F,1,0.0236667,0.255358,3.02129,7.45816,F
1614,1,HappyBirthday,265,29200.8,M,1,0.00987919,0.968218,2369.05,13.5867,F
1614,1,HappyBirthday,559,23725.8,M,1,0.0538283,3.75323,9.90591,17.4649,F
1615,1,HappyBirthday,1016,5110,M,1,0.493872,0.923535,345.449,214.367,F
1615,1,HappyBirthday,1328,2555,F,1,0.669468,0.210575,244.264,347.25,F
1615,1,HappyBirthday,766,7665.02,M,1,0.0327508,0.697394,2.35996,10.3677,F
1616,1,HappyBirthday,1273,2920,M,1,0.00216549,0.995694,1.08947,0.675865,F
1616,1,HappyBirthday,1065,4745,F,1,0.00851897,3.74233,125.004,2.82045,F
1616,1,Births,1587,0,F,0,0,0.00848369,0,0,F
1617,1,HappyBirthday,469,10950.9,M,1,0.0353084,0.493055,21.6779,11.4383,F
1618,1,HappyBirthday,1467,1095,M,0,0,0.03404,0,0,F
1618,1,HappyBirthday,1194,3650,M,0,0,0.0869245,0,0,F
1618,1,HappyBirthday,1108,4380,M,1,0.0740055,1.91173,93.8289,32.2287,F
1618,1,HappyBirthday,1234,3285,M,1,0.0463625,0.782033,3164.51,62.6828,F
1619,1,HappyBirthday,956,17520.5,M,1,0.00738853,0.0896405,19.7826,2.52686,F
1620,1,HappyBirthday,84,24090,M,1,0.00599464,9.40325,123.141,2.0204,F
1620,1,HappyBirthday,1502,730,F,1,0.261037,0.707162,11187.8,1415.54,F
1621,1,HappyBirthday,1274,2920,F,1,0.0253517,0.119195,0.127331,7.98465,F
1621,1,HappyBirthday,545,11680.5,F,1,0.000240453,2.83821,3930.73,0.154103,F
1622,1,HappyBirthday,187,11315.8,F,1,0.000928849,1.49846,0.0012502,0.28888,F
1622,1,HappyBirthday,1393,1825,F,1,0.0113383,0.128122,3406.9,12.2298,F
1623,1,HappyBirthday,1468,1095,F,1,0.315491,0.109523,36051.2,1608.04,F
1624,1,HappyBirthday,53,6570.51,M,1,0.00597172,3.65345,1.76893,1.86213,F
1624,1,HappyBirthday,194,8395.87,F,1,0.00110988,0.780854,220.2,0.655767,F
1624,1,HappyBirthday,380,21535.4,M,1,0.000807048,16.0968,11.0712,0.25223,F
1624,1,HappyBirthday,813,19345.6,M,1,5.26424e-06,0.379419,0,0.0016208,F
1625,1,HappyBirthday,341,31755,F,1,0.650812,1.73279,7.61083,327.733,F
1625,1,HappyBirthday,485,19345.3,F,1,1.75646e-05,0.371289,0.050207,0.0054708,F
1625,1,HappyBirthday,878,28470.4,F,1,0.00015419,1.02394,0.333332,0.0479874,F
1626,1,HappyBirthday,763,9490.75,F,1,0.0101924,5.39789,20.0889,3.396,F
1626,1,HappyBirthday,939,12045.1,F,1,1.79887e-05,2.44966,4.22e-05,0.0055996,F
1627,1,HappyBirthday,1149,4015,M,1,0.00155517,0.344615,0.00546399,0.483619,F
1627,1,HappyBirthday,1503,730,F,0,0,0.00476679,0,0,F
1627,1,HappyBirthday,1235,3285,F,1,0.0391432,1.13855,7.57452,12.4124,F
1628,1,HappyBirthday,1150,4015,F,1,0.186587,1.64846,18.3637,68.9083,F
1628,1,HappyBirthday,218,10950.9,F,1,0.00787165,0.144598,0.002882,2.45592,F
1628,1,HappyBirthday,409,6205.2,F,1,2.99247e-05,0.85836,1067.84,0.0461925,F
1628,1,HappyBirthday,1195,3650,F,1,0.000471545,0.155064,21.938,0.153389,F
1628,1,HappyBirthday,911,31755.1,F,1,0.00216969,2.48102,0.326398,0.67526,F
1628,1,Births,1588,0,F,0,0,0.0388627,0,0,F
1629,1,HappyBirthday,8,6205.94,F,1,2.83064e-05,0.13916,670.764,0.0294842,F
1629,1,HappyBirthday,128,6935.54,M,1,0.0775121,3.4423,0.582564,25.0897,F
1629,1,HappyBirthday,1275,2920,F,1,0.00250284,1.05539,4751.33,1.55585,F
1629,1,HappyBirthday,842,18980.2,M,1,0.00143497,0.196607,4e-06,0.446062,F
1629,1,HappyBirthday,1537,365,M,1,0.300373,0.255373,16471.9,312.683,F
1631,1,HappyBirthday,7,8030.94,F,1,0.046104,5.75092,338.371,14.948,F
1631,1,HappyBirthday,17,28835.2,F,1,0.00036783,0.207765,7655.6,1.01697,F
1631,1,HappyBirthday,358,15330.9,F,0,0,0.048432,0,0,F
1631,1,HappyBirthday,1109,4380,F,1,0.00139,12.6271,3386.44,2.19587,F
1631,1,HappyBirthday,707,6205.42,M,1,0.00015127,11.3034,83.135,0.0492924,F
1632,1,HappyBirthday,1276,2920,F,1,0.00290948,1.14235,11.4757,0.919602,F
1632,1,HappyBirthday,1236,3285,M,1,0.823472,3.13801,16708.9,1120.19,F
1632,1,HappyBirthday,1538,365,F,1,0.454456,0.0642422,15497.3,636.429,F
1632,1,HappyBirthday,592,12410.3,M,1,0.230772,10.9387,158.626,82.3843,F
1633,1,HappyBirthday,349,9855.05,F,1,0.00124601,0.160768,0.0045566,0.387302,F
1633,1,HappyBirthday,555,18615.8,M,1,0.183109,0.131135,806.513,134.057,F
1633,1,HappyBirthday,1278,2920,M,1,0.298831,0.701327,35340.4,705.193,F
1634,1,HappyBirthday,294,9855.32,F,1,4.16523e-05,0.0149175,117900,0.322162,F
1635,1,HappyBirthday,1066,4745,M,1,0.00128639,3.33382,15.9754,0.408636,F
1635,1,HappyBirthday,471,22995.1,M,1,0.00286248,15.6283,154.421,1.0235,F
1635,1,HappyBirthday,738,10220,M,1,0.0303039,4.41588,0.0705086,9.56391,F
1636,1,HappyBirthday,18,17885.7,F,1,0.0081158,0.252183,3783.21,2.53758,F
1636,1,HappyBirthday,1539,365,F,1,1.28921e-05,0.43646,4620.54,0.0254244,F
1636,1,HappyBirthday,653,12775.4,F,1,0,4.6489,0.0081296,0,F
1636,1,Births,1589,0,F,0,0,0.101411,0,0,F
1637,1,HappyBirthday,1540,365,F,1,0.844374,0.16955,278.444,586.977,F
1637,1,HappyBirthday,655,10221,M,1,6.69913e-07,1.31349,1.12178,0.0002088,F
1637,1,HappyBirthday,871,22995.7,M,1,3.06771e-05,8.63438,13116.3,0.129945,F
1638,1,HappyBirthday,141,10950.9,M,1,0.011456,3.44205,57.284,3.65083,F
1638,1,HappyBirthday,164,10585.2,M,1,0.000299605,0.0977331,908.469,0.108135,F
1638,1,HappyBirthday,167,5840.62,M,1,0.000741798,1.78945,4.00574,0.231767,F
1638,1,HappyBirthday,1359,2190,F,1,0.000415808,0.592665,22.6965,0.133346,F
1638,1,HappyBirthday,1067,4745,F,1,0.144383,0.364461,51.2343,60.2854,F
1638,1,HappyBirthday,1504,730,M,1,0.0432444,0.0465185,180.396,18.1185,F
1639,1,HappyBirthday,85,6570.74,M,1,0.00103696,0.357307,3.96857,0.322575,F
1639,1,HappyBirthday,168,14965.2,M,1,0.00274585,0.241297,2872.25,1.65813,F
1639,1,HappyBirthday,232,7300.98,M,1,0.000179489,4.5705,5.90121,0.0571131,F
1639,1,HappyBirthday,1505,730,M,1,0.067797,3.54558,22.414,23.8906,F
1639,1,HappyBirthday,747,9490.34,M,1,0.00111692,6.40586,355.854,0.38627,F
1640,1,HappyBirthday,614,8395.42,M,1,0.00657363,1.38481,9.33981,2.12737,F
1640,1,HappyBirthday,865,14235.2,M,1,0.000982146,1.45347,364.297,0.320572,F
1640,1,HappyBirthday,870,5840.03,M,1,9.84003e-05,1.63341,18.8635,0.0331878,F
1641,1,HappyBirthday,314,9490.5,F,1,0.10636,0.304679,341.436,34.9837,F
1641,1,HappyBirthday,421,8395.78,M,1,0.0971278,0.731007,44.6901,33.8921,F
1641,1,HappyBirthday,1330,2555,F,1,0.0144893,0.425115,93.2403,5.25039,F
1641,1,HappyBirthday,867,5840.29,F,1,0.0131588,1.41786,1.54596,4.11827,F
1641,1,HappyBirthday,1196,3650,M,1,0.0093941,0.571311,93.148,3.37159,F
1641,1,Births,1590,0,F,0,0,0.280291,0,0,F
1642,1,HappyBirthday,147,8760.34,F,1,0.0250516,2.29403,0.411173,7.89737,F
1642,1,HappyBirthday,542,17520.4,F,1,0.00941771,0.129065,126.445,2.9619,F
1642,1,HappyBirthday,826,9855.31,F,0,0,0.0559282,0,0,F
1643,1,HappyBirthday,1238,3285,F,1,0.0014562,0.736643,0.013858,0.452798,F
1643,1,HappyBirthday,835,5475.34,F,1,0.0140081,8.3935,15.4641,4.65953,F
1644,1,HappyBirthday,979,10585.2,M,1,0.0200184,0.552287,1.11575,6.29611,F
1645,1,HappyBirthday,1394,1825,F,1,0.0780558,0.141124,36957.7,88.1221,F
1645,1,HappyBirthday,332,7665.23,F,1,2.13853e-06,1.05126,1.68747,0.0006686,F
1645,1,HappyBirthday,343,21900,F,1,3.8774e-07,0.128792,2.2e-06,0.0001194,F
1645,1,HappyBirthday,1113,4380,M,1,0.172489,0.0748641,3531.32,120.288,F
1645,1,HappyBirthday,531,13140.2,F,1,0.000220827,4.27521,7.59226,0.0707626,F
1645,1,HappyBirthday,1425,1460,M,1,0.000337422,1.13942,1835.23,0.138788,F
1646,1,HappyBirthday,69,9490.08,F,1,5.59169e-05,0.420575,921.602,0.0195388,F
1646,1,HappyBirthday,1197,3650,F,1,0.000900923,0.237382,1547.64,0.324629,F
1646,1,HappyBirthday,537,16790,M,1,0.038298,0.0630846,0.845746,12.1383,F
1646,1,HappyBirthday,1151,4015,F,1,0.0271621,0.293642,8.68206,8.8943,F
1648,1,HappyBirthday,1239,3285,M,1,0.0703426,0.292998,22.6503,23.5487,F
1648,1,HappyBirthday,1198,3650,M,1,0.0638542,0.158955,4617.29,23.0208,F
1649,1,HappyBirthday,1361,2190,M,0,0,0.0257465,0,0,F
1649,1,HappyBirthday,1506,730,F,1,0.0954667,0.242384,118.866,44.6884,F
1649,1,HappyBirthday,941,8395.43,F,1,0.0500939,0.814383,2.65119,16.0341,F
1650,1,HappyBirthday,234,10220.7,M,1,0.000143735,14.7113,0.468639,0.0447814,F
1650,1,HappyBirthday,312,6570.29,F,1,0.209825,11.6866,759.03,75.7684,F
1650,1,HappyBirthday,1279,2920,F,1,0.175544,0.0998818,11.7695,60.0005,F
1650,1,HappyBirthday,761,9125.38,M,1,0.00223607,2.36337,1.1937,0.696586,F
1651,1,HappyBirthday,1280,2920,M,1,0.00545749,6.81062,37.9159,1.78477,F
1651,1,HappyBirthday,444,7665.35,M,1,0.000148127,0.211762,1866.63,0.146322,F
1651,1,HappyBirthday,1114,4380,F,1,0.330974,2.78521,1184.39,138.513,F
1651,1,HappyBirthday,982,10220.9,M,1,0.000910666,0.410681,1245.62,1.61958,F
1652,1,HappyBirthday,1362,2190,F,1,0.00311992,0.311145,793.741,1.13863,F
1652,1,HappyBirthday,416,5475.42,M,1,0.0397957,0.48706,20.7503,13.021,F
1653,1,HappyBirthday,779,6205.11,M,1,0.0278684,1.99488,81.0417,8.86708,F
1654,1,HappyBirthday,103,9490.34,F,1,0.000504714,13.6306,503.193,0.267157,F
1654,1,HappyBirthday,1331,2555,M,1,0.00678275,0.485393,10.3669,2.18968,F
1654,1,HappyBirthday,1469,1095,M,1,0.626017,0.153305,96.0749,306.973,F
1655,1,HappyBirthday,1395,1825,F,1,0.00687339,0.201127,2.02888,2.15087,F
1655,1,HappyBirthday,1068,4745,M,1,0.0297141,1.95263,1859.3,32.541,F
1655,1,HappyBirthday,874,8395.53,F,1,0.00162036,0.074642,64.4798,0.55632,F
1656,1,HappyBirthday,1199,3650,F,0,0,0.0261494,0,0,F
1656,1,HappyBirthday,1281,2920,F,1,0.0830313,0.420215,4209.69,30.2569,F
1656,1,HappyBirthday,606,5475.46,M,1,0.00098913,0.506812,0.243056,0.307509,F
1657,1,HappyBirthday,1069,4745,M,1,0.014695,0.789429,15.221,4.72139,F
1657,1,HappyBirthday,1396,1825,M,1,0.0127522,0.230473,11.3473,4.00889,F
1657,1,HappyBirthday,1332,2555,F,1,0.00136993,5.90341,2303.4,0.511235,F
1658,1,HappyBirthday,266,31755.7,M,1,0.000486061,3.21721,151.572,0.260336,F
1658,1,HappyBirthday,281,7300.23,F,1,0.292333,1.27033,98.7595,140.906,F
1658,1,HappyBirthday,1070,4745,M,1,1.39866e-05,0.672867,52004,0.0348492,F
1658,1,HappyBirthday,1115,4380,M,1,0.00155463,0.0439827,66.9198,0.523663,F
1658,1,HappyBirthday,845,28105.2,F,1,0.00507871,15.1027,0.234399,1.58278,F
1659,1,HappyBirthday,1117,4380,M,1,3.74392e-05,0.227785,0.0046884,0.0115754,F
1659,1,Births,1591,0,M,0,0,0.384093,0,0,F
1660,1,HappyBirthday,35,6570.01,F,1,0.000310457,0.374575,3.79154,0.0965985,F
1660,1,HappyBirthday,1542,365,F,1,0.0685212,0.412803,194.578,28.2505,F
1661,1,HappyBirthday,177,21900.6,F,1,0.00362865,1.15772,1836.97,1.49015,F
1661,1,HappyBirthday,1507,730,M,1,0.000993456,0.863124,45483.8,1.16661,F
1662,1,HappyBirthday,181,9125.29,M,1,0.0570227,3.28689,20.1797,18.3486,F
1662,1,HappyBirthday,215,6570.62,M,1,0.0130857,0.36699,0.260151,4.09387,F
1662,1,HappyBirthday,688,15695.7,M,1,0.0324329,1.15822,16.7827,10.2909,F
1662,1,HappyBirthday,943,6570.66,F,1,0.00382755,0.390662,35.2686,1.36904,F
1663,1,HappyBirthday,42,9855.22,F,1,0.0151419,0.407657,0.0191464,4.74145,F
1663,1,HappyBirthday,1071,4745,F,1,0.000883129,2.4092,10.6042,0.278987,F
1663,1,HappyBirthday,330,8395.56,F,1,3.87035e-05,0.754037,1108.91,0.0612196,F
1663,1,HappyBirthday,361,6570.04,F,1,0.00459023,2.28009,7.35837,1.43028,F
1663,1,HappyBirthday,1364,2190,M,0,0,0.0405782,0,0,F
1664,1,HappyBirthday,563,9125.96,M,1,0.000140223,15.4184,0.024282,0.0435644,F
1664,1,HappyBirthday,962,7300.67,M,1,0.713468,3.39747,10.0497,389.482,F
1665,1,HappyBirthday,1426,1460,M,1,0.00357108,0.306939,19.6548,1.2166,F
1665,1,HappyBirthday,793,16060.9,M,1,0.000291052,0.445419,1.1647,0.0909368,F
1665,1,HappyBirthday,1333,2555,F,1,0.274258,0.0477596,1.03636,99.622,F
1666,1,HappyBirthday,322,28470,M,1,0.523508,2.51962,25.5592,239.801,F
1666,1,HappyBirthday,500,8395.42,M,1,0.000388954,4.38134,371.676,0.135146,F
1666,1,HappyBirthday,577,27375.5,F,1,4.42286e-07,0.36336,637.079,0.0002692,F
1666,1,HappyBirthday,1543,365,M,1,0.114895,0.0700833,10729.3,906.895,F
1667,1,HappyBirthday,1397,1825,F,1,0.000230596,0.0823983,0,0.0714228,F
1667,1,HappyBirthday,1544,365,M,1,0.00506874,0.259171,169.438,1.99182,F
1668,1,HappyBirthday,1398,1825,F,1,0.0250701,1.90808,1019.67,8.88438,F
1668,1,HappyBirthday,1427,1460,M,1,0.294948,0.058589,2615.63,423.274,F
1668,1,HappyBirthday,1508,730,F,1,0.00538952,0.117243,162.354,2.24336,F
1668,1,HappyBirthday,816,23360.7,M,1,0.0075804,0.49793,177.693,4.41211,F
1669,1,HappyBirthday,166,19710.5,M,1,0,0.00958021,0.482422,0,F
1669,1,HappyBirthday,465,7300.18,M,1,9.75345e-05,3.60871,468.632,0.0817971,F
1670,1,Births,1592,0,M,0,0,0.0453167,0,0,F
1671,1,HappyBirthday,1021,5110,F,1,0.00335497,3.96759,0.000500358,1.04443,F
1671,1,HappyBirthday,211,10585.7,M,1,0.00381654,2.57332,0.0380286,1.18817,F
1671,1,HappyBirthday,429,9855.88,M,1,0.0059442,1.76097,18630.7,21.9588,F
1672,1,HappyBirthday,513,12775.1,F,1,9.9378e-05,0.943821,15213.3,0.454729,F
1672,1,HappyBirthday,907,11315.4,F,1,0.0989815,5.87174,1.86189,32.5806,F
1673,1,HappyBirthday,1072,4745,M,1,0.306346,0.410479,238.124,114.803,F
1673,1,HappyBirthday,373,21535.5,F,1,7.84082e-05,0.261794,0.009,0.0243756,F
1673,1,HappyBirthday,619,7300.23,M,1,0.00931737,2.35872,10.6831,3.04426,F
1673,1,HappyBirthday,700,21170.9,F,1,2.40255e-05,60.03,3.11233,0.0075336,F
1674,1,HappyBirthday,626,9855.03,F,1,0.0138183,2.9765,22.3785,4.48233,F
1674,1,HappyBirthday,810,6205.82,M,1,0.00699785,0.0886568,502.613,3.6704,F
1675,1,HappyBirthday,107,35040,F,1,0.01412,0.100704,0.0005788,4.41925,F
1675,1,HappyBirthday,1153,4015,M,1,0.110822,6.84438,29.1173,37.6053,F
1675,1,HappyBirthday,955,10585,F,1,0.00184539,4.90119,0.496499,0.574704,F
1676,1,HappyBirthday,252,12045.5,F,1,0.00160498,0.490545,52.4991,0.50384,F
1676,1,HappyBirthday,666,5840.8,F,1,0.00918069,0.323839,0.0409707,2.86637,F
1676,1,HappyBirthday,744,11315.6,M,1,0.00937736,0.155134,2.27248,2.92772,F
1676,1,HappyBirthday,910,8760.32,M,1,0.000110013,0.5117,12.0046,0.0342274,F
1676,1,Births,1593,0,F,0,0,0.12717,0,0,F
1677,1,HappyBirthday,1200,3650,F,1,0.00623353,1.42749,64.8527,2.24671,F
1678,1,HappyBirthday,34,32120.1,M,1,0.00129193,1.8128,8.89701,0.40274,F
1678,1,HappyBirthday,464,7300.93,F,1,0.111563,0.175482,22.5374,37.0534,F
1679,1,HappyBirthday,105,25915,M,1,0.000184686,0.778729,14.853,0.0576222,F
1679,1,HappyBirthday,200,19710.9,F,1,0.00012458,0.34769,5.66624,0.0387456,F
1679,1,HappyBirthday,342,12775.9,F,1,0.0144532,0.0423477,0.0020406,4.52432,F
1679,1,HappyBirthday,1023,5110,F,1,0.0261133,2.68822,572.444,10.5825,F
1679,1,HappyBirthday,974,12045.1,M,1,0.0086306,44.8431,8.73047,2.6969,F
1679,1,Births,1594,0,F,0,0,0.0986439,0,0,F
1681,1,HappyBirthday,256,7300.66,M,1,0.00247884,3.33288,27.4516,0.801803,F
1681,1,HappyBirthday,1243,3285,M,1,0,0.896183,0.577411,0,F
1682,1,HappyBirthday,31,21900.3,F,1,0.000546478,14.9765,783.422,0.214097,F
1682,1,HappyBirthday,307,9125.3,M,1,0.0081895,0.220878,1834.94,2.96501,F
1682,1,HappyBirthday,1471,1095,M,1,0.00635815,0.222991,0.0182462,1.98304,F
1683,1,HappyBirthday,1472,1095,M,1,0.000398014,1.12662,137.239,0.148072,F
1683,1,HappyBirthday,690,10585.8,M,1,0.0953338,1.8159,122.365,37.5555,F
1683,1,HappyBirthday,1334,2555,M,1,0.0097987,0.394575,21096.9,9.76439,F
1683,1,HappyBirthday,942,15330.7,F,0,0,0.0343249,0,0,F
1684,1,HappyBirthday,1118,4380,M,1,0.0267293,0.672978,6.07454,8.42102,F
1684,1,HappyBirthday,1428,1460,F,1,0.129492,0.699275,4.74794,43.4233,F
1684,1,HappyBirthday,1119,4380,F,1,0.0047466,0.039003,1.40315,1.47874,F
1685,1,HappyBirthday,62,9125.03,M,1,0.00356112,0.719797,2.51306,1.11079,F
1685,1,HappyBirthday,199,14235.4,M,1,0.0248153,0.193908,57.6475,7.82416,F
1685,1,HappyBirthday,1154,4015,M,1,0.00774928,2.35723,1.00387,2.41757,F
1686,1,HappyBirthday,1510,730,M,1,0.000741826,1.45133,0.206576,0.230939,F
1686,1,HappyBirthday,996,7300.76,F,1,0.0198238,0.0470929,230.564,8.21257,F
1687,1,HappyBirthday,1399,1825,F,1,0.606313,0.450819,461.015,590.476,F
1688,1,HappyBirthday,1201,3650,F,1,0.00187607,0.256796,0.000365173,0.583839,F
1688,1,HappyBirthday,1202,3650,F,1,0.00961396,0.206427,30.0506,3.00331,F
1688,1,HappyBirthday,527,16060.3,M,1,0.00261832,4.5138,4409.34,5.36735,F
1688,1,HappyBirthday,1073,4745,F,1,0.00349387,0.259278,0.00234758,1.08777,F
1688,1,Births,1595,0,F,0,0,0.228503,0,0,F
1689,1,HappyBirthday,65,10585.5,F,1,0.00111048,1.92282,19.9982,0.354924,F
1689,1,HappyBirthday,735,20075,F,1,0.0296644,1.42659,94.9659,12.6638,F
1689,1,HappyBirthday,760,5840.77,M,1,0.000507991,4.38165,1.6956,0.158023,F
1689,1,HappyBirthday,1120,4380,M,1,0.138097,4.38244,65.7159,57.7336,F
1690,1,HappyBirthday,156,8030.9,F,1,0.021134,1.27388,929.578,7.97399,F
1690,1,HappyBirthday,1155,4015,M,1,0.0422198,0.337468,2.06999,13.5092,F
1690,1,HappyBirthday,509,21900.9,F,1,0.000177645,0.636127,0.0002858,0.0552416,F
1690,1,HappyBirthday,1473,1095,F,1,0.178031,1.06604,4630.11,126.111,F
1691,1,HappyBirthday,480,6570.93,M,1,0.00759844,4.21285,120.322,2.38875,F
1691,1,HappyBirthday,497,12045.8,F,1,0.000554181,6.18453,0.0795778,0.172482,F
1691,1,HappyBirthday,1546,365,M,1,0.012602,0.145236,70.1907,4.34741,F
1691,1,HappyBirthday,715,13870,M,1,0.0300608,0.892846,0.176509,9.4858,F
1692,1,HappyBirthday,196,11315.2,M,1,0.0102592,1.3382,49430.3,16.4411,F
1692,1,HappyBirthday,1429,1460,M,1,0.0879029,1.03247,153.502,35.1385,F
1692,1,HappyBirthday,1074,4745,F,1,0.0492431,1.857,0.759058,15.6926,F
1692,1,HappyBirthday,710,28105.1,M,1,0.001804,11.1333,229.084,0.577296,F
1693,1,HappyBirthday,210,18980.4,F,1,0.00198273,1.05654,71.791,0.805815,F
1693,1,HappyBirthday,362,12410.6,F,1,0.00656854,0.530819,482.73,3.36912,F
1693,1,HappyBirthday,1335,2555,F,0,0,0.00620397,0,0,F
1693,1,HappyBirthday,749,22265.7,M,1,0.00215958,21.3687,1.26648,0.671833,F
1693,1,HappyBirthday,1365,2190,M,1,0.18198,0.0279548,33.867,63.2966,F
1693,1,HappyBirthday,965,7665.02,F,1,0.00459783,3.10632,3.15898,1.43292,F
1694,1,HappyBirthday,11,5840.89,F,1,0.00572159,0.408814,4445.22,4.83785,F
1694,1,HappyBirthday,1475,1095,F,1,0.0810612,0.546451,29500.8,504.86,F
1694,1,HappyBirthday,1337,2555,M,1,0.000442929,1.74617,53.0447,0.161706,F
1694,1,HappyBirthday,1025,5110,M,1,0.000439308,0.0708471,427.215,0.26093,F
1694,1,HappyBirthday,1474,1095,M,1,0.222849,0.092521,49678.6,711.832,F
1694,1,HappyBirthday,829,8395.13,M,1,0.000919917,3.20021,58.5084,0.355473,F
1695,1,HappyBirthday,1075,4745,M,1,0.317626,0.300978,0.0657692,118.795,F
1695,1,HappyBirthday,877,5840.48,F,1,0.00449948,18.7154,6696.85,1.78686,F
1695,1,Births,1596,0,M,0,0,0.027312,0,0,F
1696,1,HappyBirthday,1430,1460,M,1,0.00072576,0.0532609,20.6521,0.247041,F
1697,1,HappyBirthday,213,8760.05,M,1,0.00243509,3.08711,16.8277,0.800928,F
1697,1,HappyBirthday,1204,3650,F,1,0.000455181,0.0368356,15.6735,0.145425,F
1697,1,HappyBirthday,1511,730,F,1,0.0314402,0.459393,28.2085,10.4046,F
1698,1,HappyBirthday,115,15695.6,F,1,0.00400284,0.507029,174.029,1.25718,F
1698,1,HappyBirthday,1547,365,M,1,0.00575122,0.0366543,90893.9,39.8824,F
1698,1,HappyBirthday,223,15695.7,M,1,0.0129232,1.51625,1500.75,4.1651,F
1698,1,HappyBirthday,1512,730,F,1,0.101972,0.167769,4172.71,166.448,F
1698,1,HappyBirthday,1122,4380,F,1,0.00289032,2.2094,12.7941,0.900291,F
1699,1,HappyBirthday,1513,730,F,0,0,0.0309361,0,0,F
1699,1,HappyBirthday,495,14965.6,M,1,0.132384,1.39609,1370,49.6986,F
1699,1,HappyBirthday,798,8030.93,M,1,0.00266227,7.55099,5.91408,0.829686,F
1700,1,HappyBirthday,372,21900,M,1,0.000198776,0.192826,202.515,0.0632912,F
1700,1,HappyBirthday,671,12410.4,M,1,0.000621613,0.547344,63.466,0.200557,F
1700,1,HappyBirthday,1401,1825,F,1,0.0589837,0.270699,7754.22,182.007,F
1700,1,Births,1597,0,F,0,0,0.28299,0,0,F
1701,1,HappyBirthday,1514,730,M,1,0.361963,1.02891,1959.83,493.036,F
1701,1,HappyBirthday,957,18250.3,F,1,0.000598635,11.6357,0.001293,0.185981,F
1702,1,HappyBirthday,586,23360.6,F,1,0.0212927,0.246012,64.526,6.79705,F
1702,1,HappyBirthday,1548,365,M,1,0.000396154,1.03571,24964.6,3.94522,F
1703,1,HappyBirthday,40,9490.62,F,1,0.00599911,0.873896,0.0966406,1.8702,F
1703,1,HappyBirthday,1283,2920,F,1,0.663854,0.0597089,2282.31,386.803,F
1704,1,HappyBirthday,180,35040.6,M,1,0.00276698,0.470036,1346.1,1.01062,F
1704,1,HappyBirthday,197,8395.14,F,1,0.0360643,0.0844506,191.515,14.6165,F
1704,1,HappyBirthday,629,6935.18,M,1,8.08348e-06,2.85609,7.51339,0.00259797,F
1704,1,HappyBirthday,767,6205.42,M,1,0.0193235,0.156048,29.868,6.93998,F
1705,1,HappyBirthday,1284,2920,F,1,0.358503,0.0935819,1563.65,424.33,F
1706,1,HappyBirthday,885,18615.8,M,1,0.00506751,0.241322,5.23596,1.58608,F
1706,1,HappyBirthday,1515,730,F,1,0.0017083,1.36327,46.6017,0.560736,F
1706,1,HappyBirthday,1516,730,F,1,0,0.041901,9289.52,0,F
1707,1,HappyBirthday,1027,5110,F,1,0.0749409,14.3111,0.639926,24.2109,F
1707,1,HappyBirthday,1078,4745,M,1,8.56265e-07,0.165327,0,0.000260485,F
1707,1,HappyBirthday,1026,5110,M,1,0.0663658,0.502616,0.0262453,21.3405,F
1707,1,HappyBirthday,516,13140,F,1,0.000327074,0.442562,724.245,0.101716,F
1707,1,HappyBirthday,714,9125.35,M,1,0.00148406,0.279466,1102.02,0.554863,F
1707,1,HappyBirthday,725,5840.23,F,1,0.00175565,0.736978,0.173419,0.546177,F
1707,1,HappyBirthday,1205,3650,M,1,0.0213827,0.0481888,13.4324,6.74184,F
1708,1,HappyBirthday,507,12410.4,M,1,0.437819,3.23031,188.986,226.119,F
1708,1,HappyBirthday,1476,1095,F,1,0,0.153629,7568.85,0,F
1708,1,HappyBirthday,782,8760.93,M,1,0.0107248,2.53585,17.463,3.55483,F
1708,1,HappyBirthday,981,11315.2,F,1,0.0189139,0.889118,13.5119,6.02496,F
1709,1,HappyBirthday,1079,4745,M,1,0.00382054,18.012,11.563,1.19017,F
1710,1,HappyBirthday,1156,4015,F,1,0.007331,1.6502,6578.25,38.1585,F
1710,1,Births,1598,0,M,0,0,0.00964928,0,0,F
1710,1,Births,1599,0,M,0,0,0.150997,0,0,F
1711,1,HappyBirthday,1549,365,M,1,7.25132e-05,0.25753,168116,0.680496,F
1711,1,HappyBirthday,1123,4380,M,0,0,0.0161458,0,0,F
1711,1,HappyBirthday,681,8030,F,1,0.000193734,0.267379,0.0002354,0.0601476,F
1712,1,HappyBirthday,1286,2920,F,1,0.0111794,9.15083,566.938,3.5164,F
1712,1,HappyBirthday,305,14965.4,F,1,0.0101004,1.99733,0.0631074,3.15503,F
1712,1,HappyBirthday,1080,4745,F,1,0.000138947,0.294142,35.3211,0.0505554,F
1713,1,HappyBirthday,1287,2920,M,1,0.0179182,0.725956,22295.2,19.9293,F
1714,1,HappyBirthday,267,25550.9,M,1,0.00144403,0.474918,53.3872,0.455558,F
1714,1,HappyBirthday,541,6570.41,M,1,0.00637144,0.950539,156.75,2.06433,F
1714,1,HappyBirthday,1124,4380,M,0,0,0.00971608,0,0,F
1714,1,HappyBirthday,1550,365,M,1,0.200838,0.0631989,0.796491,69.9444,F
1715,1,HappyBirthday,56,7665.99,M,1,0.000463905,0.290009,0.0001762,0.144126,F
1715,1,HappyBirthday,1402,1825,F,1,0.00907639,0.352737,82.8252,3.09959,F
1715,1,HappyBirthday,1288,2920,M,1,0.0248204,1.26471,6.45741,8.06537,F
1715,1,HappyBirthday,1551,365,M,1,0.000682795,0.258366,12272.3,5.89527,F
1715,1,Births,1600,0,F,0,0,1.22133,0,0,F
1716,1,HappyBirthday,33,6935.4,F,1,6.23275e-05,0.737598,8783.19,0.0463799,F
1716,1,HappyBirthday,222,13140.5,M,1,0.00424104,0.163269,2.37657,1.32385,F
1716,1,HappyBirthday,879,16425.1,F,1,0.000895149,1.80347,64.0876,0.357022,F
1717,1,HappyBirthday,450,14235,M,1,0.00806018,2.11874,23.8178,2.78397,F
1717,1,HappyBirthday,654,10220.2,M,1,0.00627779,24.2288,32.5611,1.98254,F
1717,1,HappyBirthday,784,21170.6,F,1,0.00236745,17.4058,8.06389,0.736781,F
1717,1,HappyBirthday,1431,1460,F,1,0.00244183,1.81512,68.2989,0.838689,F
1718,1,HappyBirthday,1244,3285,F,1,0.125963,0.432991,75.5532,43.0078,F
1718,1,HappyBirthday,929,9855.52,M,1,0.00764419,1.73239,0.0007794,2.38502,F
1719,1,HappyBirthday,1158,4015,F,1,0.0316115,1.25129,0.0234852,9.98246,F
1719,1,HappyBirthday,260,6570.47,M,1,0.0150773,18.7434,175.035,5.43035,F
1719,1,HappyBirthday,593,25915,M,1,0.0133412,0.963366,2.07656,4.17418,F
1719,1,HappyBirthday,757,20075.4,M,1,0.00425646,14.3415,1.24812,1.32758,F
1719,1,HappyBirthday,1157,4015,M,1,3.92131e-05,1.44662,20472.2,0.0772634,F
1719,1,Births,1601,0,F,0,0,0.00919414,0,0,F
1720,1,HappyBirthday,1552,365,F,0,0,0.0169033,0,0,F
1720,1,HappyBirthday,863,7300.01,F,1,1.25126e-05,1.39023,7.30002,0.00395088,F
1720,1,HappyBirthday,987,7665.85,M,1,0.00356363,3.38387,229.185,2.27868,F
1721,1,HappyBirthday,1159,4015,F,1,0.498893,13.7234,5.52594,219.681,F
1721,1,HappyBirthday,1125,4380,F,1,0.126031,2.06418,1.05441,41.9094,F
1721,1,HappyBirthday,139,18615.1,M,1,0.00819459,0.102799,0.759478,2.55657,F
1722,1,HappyBirthday,1403,1825,F,1,0.000756879,0.250027,6.15618e-07,0.235303,F
1723,1,HappyBirthday,414,18615.8,F,1,0.45069,0.0991061,0.183689,186.258,F
1723,1,HappyBirthday,1432,1460,F,1,0.412684,0.0273982,1337.1,829.463,F
1724,1,HappyBirthday,447,32850.8,M,1,0.00151206,0.176274,2067.41,0.526226,F
1724,1,HappyBirthday,857,12775,F,1,0.00130176,0.276488,0.0013754,0.404673,F
1725,1,HappyBirthday,1554,365,F,1,0.821995,0.242952,1933.18,1397.7,F
1725,1,HappyBirthday,773,12775.3,F,1,0.00122653,0.946592,0.0055456,0.381381,F
1726,1,HappyBirthday,150,7300.43,F,1,0.000494255,3.2167,362.402,0.159257,F
1726,1,HappyBirthday,243,16790.2,M,1,0,0.0293779,0,0,F
1726,1,HappyBirthday,264,10950.1,F,1,0.00156855,1.1672,720.459,1.7432,F
1726,1,HappyBirthday,935,20075.7,F,1,0.000836065,3.53185,11556.1,3.05825,F
1726,1,Births,1602,0,M,0,0,0.0528923,0,0,F
1726,1,Births,1603,0,F,0,0,0.0862939,0,0,F
1728,1,HappyBirthday,1555,365,M,1,0.215778,0.301305,52210.4,1063.46,F
1728,1,HappyBirthday,454,32120.9,M,1,0.000133899,0.202561,0.0030016,0.041559,F
1728,1,HappyBirthday,1289,2920,F,1,0.227017,0.026736,0.616226,80.1083,F
1728,1,HappyBirthday,564,7665.64,F,1,0.00363337,3.49751,0.178305,1.13129,F
1728,1,HappyBirthday,578,5475.66,M,1,0.00113839,3.46197,47.2928,0.378958,F
1728,1,HappyBirthday,1207,3650,F,1,0.568485,0.831961,11.5603,262.926,F
1728,1,HappyBirthday,1404,1825,M,1,0.174755,0.639545,1660.69,307.488,F
1729,1,HappyBirthday,1291,2920,M,1,0.000181452,6.78814,21.8668,0.0583713,F
1729,1,HappyBirthday,676,25550.5,F,1,0.0302025,3.50151,648.747,17.3138,F
1729,1,HappyBirthday,1160,4015,F,1,0.000127737,0.143395,48.3486,0.0472605,F
1730,1,HappyBirthday,1433,1460,M,1,0.760686,0.76451,8.5988,462.058,F
1730,1,HappyBirthday,1081,4745,F,1,0.00956147,4.4388,20.085,3.19649,F
1730,1,HappyBirthday,1338,2555,M,1,0.0100719,0.397138,31.1833,3.27905,F
1730,1,HappyBirthday,584,15695.7,F,1,0.0840613,3.03815,32.6848,27.3389,F
1730,1,HappyBirthday,1434,1460,F,1,0.0159661,1.12732,1388.27,7.51017,F
1731,1,Births,1604,0,F,0,0,0.0276024,0,0,F
1732,1,HappyBirthday,1556,365,M,1,0.0133076,0.0245424,103.096,4.65282,F
1732,1,HappyBirthday,277,8395.66,M,1,0.00613381,1.34005,175.591,3.29433,F
1732,1,HappyBirthday,659,6935.05,M,1,0.00090906,1.93325,35.6403,0.289031,F
1732,1,HappyBirthday,1435,1460,F,1,0,0.0685329,0,0,F
1733,1,HappyBirthday,300,27375.7,M,0,0,0.00889434,0,0,F
1733,1,HappyBirthday,345,10950.5,M,1,5.94574e-06,2.73803,3007,0.0087206,F
1733,1,HappyBirthday,1436,1460,F,0,0,0.0499232,0,0,F
1734,1,HappyBirthday,628,5840.45,F,1,0.0130192,1.0219,8.7284,4.07551,F
1734,1,HappyBirthday,637,33215.7,M,1,0.017047,3.08532,0.112189,5.34443,F
1734,1,HappyBirthday,1557,365,F,0,0,0.00288233,0,0,F
1734,1,Births,1605,0,M,0,0,0.0620959,0,0,F
1735,1,HappyBirthday,130,9490.22,M,1,0.00638234,28.6022,94.0815,2.00054,F
1735,1,HappyBirthday,155,13870.3,F,1,0.166902,1.54013,63.6174,73.0049,F
1735,1,HappyBirthday,255,5475.06,M,1,0.00248512,12.9235,512.633,1.27102,F
1735,1,HappyBirthday,1083,4745,M,1,0.00223567,0.203361,13.539,0.696773,F
1736,1,HappyBirthday,377,27740.3,F,1,0,0.108949,0,0,F
1736,1,HappyBirthday,533,20075.2,M,1,2.65281e-05,0.0519264,0.471678,0.0082738,F
1736,1,HappyBirthday,712,12775.6,F,1,2.01012e-05,0.422568,774.82,0.007225,F
1736,1,HappyBirthday,814,20075,F,1,0.000323862,0.998152,1.2e-06,0.1007,F
1737,1,HappyBirthday,143,7665,F,1,4.70993e-05,0.71259,3.12484,0.0148642,F
1738,1,HappyBirthday,1560,365,M,0,0,0.00666476,0,0,F
1738,1,HappyBirthday,645,6935.53,M,1,0.000880809,5.05952,0.115936,0.273979,F
1739,1,HappyBirthday,1245,3285,M,1,0.00175437,1.7578,70.3925,0.668121,F
1739,1,HappyBirthday,302,18980.4,F,1,0.00224239,4.55178,140.881,0.771685,F
1739,1,HappyBirthday,468,11315.5,M,1,0.00543869,7.20098,3.30322,1.69459,F
1739,1,Births,1606,0,M,0,0,0.0372544,0,0,F
1740,1,HappyBirthday,554,9125.83,M,1,0.00940939,6.26141,4376.51,7.70053,F
1740,1,Births,1607,0,M,0,0,0.261292,0,0,F
1741,1,HappyBirthday,1161,4015,F,1,0.0150797,0.738081,139.476,7.173,F
1741,1,HappyBirthday,415,5475.92,M,0,0,0.0364467,0,0,F
1741,1,HappyBirthday,1127,4380,M,1,2.26671e-05,0.184955,215298,0.231341,F
1741,1,HappyBirthday,633,11315.4,M,1,0.00753775,4.9233,23.3671,2.35173,F
1741,1,HappyBirthday,1477,1095,F,1,0.434272,1.25326,2051.22,230.274,F
1742,1,HappyBirthday,470,17885,M,1,0.000730641,6.93723,1842.94,0.746046,F
1742,1,HappyBirthday,1030,5110,M,1,0.000326579,0.333261,3.23818,0.102624,F
1742,1,Births,1608,0,F,0,0,0.0170253,0,0,F
1743,1,HappyBirthday,175,7665.57,M,1,0.000133489,1.27879,78.1956,0.0422734,F
1743,1,HappyBirthday,997,8030.54,F,1,0.0901725,50.9898,203.754,36.9641,F
1743,1,HappyBirthday,843,9855.46,F,1,0.260438,0.852782,39.7717,95.173,F
1743,1,HappyBirthday,1561,365,F,1,0.889164,2.27873,222.476,1393.33,F
1743,1,HappyBirthday,927,18980.7,M,1,0.0565436,0.670952,1410.87,18.5125,F
1744,1,HappyBirthday,1517,730,F,1,0.172288,0.0457603,14433.5,374.653,F
1744,1,HappyBirthday,1367,2190,F,1,0.420335,0.191656,465.666,259.196,F
1745,1,HappyBirthday,1247,3285,M,1,0.00123049,0.439207,0.26526,0.382588,F
1747,1,HappyBirthday,1339,2555,M,1,0.154987,5.59712,101.686,54.1698,F
1747,1,HappyBirthday,1405,1825,F,1,0.176873,0.323984,1514.47,238.888,F
1747,1,HappyBirthday,684,10220.3,M,1,0.649565,0.559918,330.658,474.96,F
1747,1,HappyBirthday,1248,3285,M,1,0.0423179,0.0729932,16.4511,14.4391,F
1748,1,HappyBirthday,151,7665.45,F,1,0.00709208,1.1555,30.2583,2.39844,F
1748,1,HappyBirthday,1031,5110,M,1,0.000317225,0.306432,956.973,0.46844,F
1749,1,HappyBirthday,411,12410.1,M,0,0,0.0871317,0,0,F
1749,1,HappyBirthday,775,25185.6,M,1,0.0156247,2.34991,0.0835854,4.89493,F
1750,1,HappyBirthday,296,10220.3,F,1,0,19.4045,0.921988,0,F
1750,1,HappyBirthday,1128,4380,M,1,9.9063e-05,0.149914,1040.86,0.0618419,F
1750,1,HappyBirthday,964,11680.9,F,1,0.150145,12.7536,526.118,83.2618,F
1751,1,HappyBirthday,804,12410.1,M,1,0.00614651,1.70984,57.4803,2.10241,F
1752,1,HappyBirthday,274,7300.1,M,1,0.062205,0.221559,1.17831,19.9605,F
1752,1,HappyBirthday,363,25550.6,M,1,4.53259e-05,0.245346,3.6e-05,0.014104,F
1752,1,HappyBirthday,522,11316,F,1,3.0889e-06,0.0572625,0.3299,0.000963,F
1752,1,HappyBirthday,1129,4380,M,1,0.000193794,1.68631,3.74496,0.060331,F
1752,1,HappyBirthday,783,8030,F,1,0.486966,7.65429,124.739,221.449,F
1752,1,HappyBirthday,1032,5110,F,1,0.000290321,0.486211,316.794,0.101136,F
1753,1,HappyBirthday,1033,5110,M,1,0.0379478,0.525295,3.44202,12.2312,F
1753,1,HappyBirthday,615,13505.1,F,1,0.000139473,26.6659,11656,0.206451,F
1753,1,HappyBirthday,989,10950.8,M,1,2.15336e-05,7.58934,44.4472,0.0068692,F
1754,1,HappyBirthday,230,22630.9,M,1,0.00380149,1.04231,62.1444,1.1892,F
1754,1,HappyBirthday,544,10220,M,1,0.000312086,1.09945,50277.4,0.747936,F
1754,1,Births,1609,0,F,0,0,0.00968278,0,0,F
1755,1,HappyBirthday,1164,4015,M,1,0.0126411,1.85935,76.6906,4.42823,F
1756,1,HappyBirthday,1165,4015,F,1,0.0628603,16.4896,13.8525,20.4976,F
1756,1,HappyBirthday,894,22265.4,M,1,0.182912,5.84084,82.8248,70.586,F
1758,1,HappyBirthday,1085,4745,F,1,0.156118,1.52873,40.1141,55.2127,F
1758,1,HappyBirthday,858,10585.3,M,1,0.491952,0.295201,69.962,273.064,F
1758,1,Births,1610,0,M,0,0,0.0983079,0,0,F
1759,1,HappyBirthday,117,16790.8,M,1,0.000150196,2.57054,47.6538,0.047417,F
1759,1,HappyBirthday,854,21900,M,0,0,0.120786,0,0,F
1759,1,HappyBirthday,1562,365,M,1,0.488955,0.645437,4282.27,273.306,F
1760,1,HappyBirthday,1437,1460,M,1,0.0419849,27.2749,4255.69,82.5841,F
1760,1,HappyBirthday,604,25550.8,F,1,5.15937e-06,0.495062,5.29117,0.0016066,F
1761,1,HappyBirthday,96,8395.51,F,1,0.0103599,0.0705797,202.487,3.43116,F
1761,1,HappyBirthday,216,7300.23,F,1,0.000627057,0.657757,15.4465,0.19564,F
1761,1,HappyBirthday,241,12775.9,M,1,0.00114587,1.18632,0.0033274,0.35631,F
1761,1,HappyBirthday,1251,3285,F,1,0.0808564,0.219978,10.135,27.2997,F
1761,1,HappyBirthday,1250,3285,M,1,0.0134845,0.156766,30.9544,4.24716,F
1762,1,HappyBirthday,1295,2920,F,1,0.00144275,5.88919,153.28,0.702688,F
1762,1,HappyBirthday,1294,2920,M,1,0.000634252,0.628437,2.65721,0.197243,F
1762,1,HappyBirthday,991,17520.1,M,1,2.60221e-07,0.343991,7.88787,8.32e-05,F
1763,1,HappyBirthday,1167,4015,M,1,0.0528009,0.147406,9.59904,16.8593,F
1763,1,HappyBirthday,1208,3650,M,1,0.000557138,1.0963,48225.8,5.1146,F
1763,1,HappyBirthday,1368,2190,M,1,0.403231,0.358017,161.293,161.847,F
1764,1,HappyBirthday,100,21170.6,M,1,0.000225719,0.569219,166.732,0.0895656,F
1764,1,HappyBirthday,1406,1825,M,1,0.000135736,1.63365,67406.4,0.441919,F
1764,1,HappyBirthday,949,19710.1,M,1,0.0467976,0.30197,18.2546,14.9022,F
1765,1,HappyBirthday,1296,2920,F,1,0.088465,0.942685,4.0758,28.7964,F
1765,1,HappyBirthday,1086,4745,F,1,6.56173e-05,0.469181,57576.2,0.267533,F
1766,1,HappyBirthday,514,5475,M,1,0,0.102522,2095.15,0,F
1766,1,HappyBirthday,567,27010.8,F,1,0.00462377,1.2479,0.441288,1.44047,F
1766,1,HappyBirthday,799,7300.26,F,1,0.0110077,6.26709,1.10138,3.4442,F
1766,1,HappyBirthday,993,12045,F,1,0.00123177,47.0843,2.01271,0.386954,F
1767,1,HappyBirthday,1439,1460,M,1,0.179754,0.0755571,39131.7,1090.75,F
1767,1,HappyBirthday,43,8030.71,F,1,0.00404701,1.39246,60.5106,1.27259,F
1767,1,HappyBirthday,86,18615.5,F,1,0.0222937,0.787871,1.81567,7.0383,F
1767,1,HappyBirthday,1369,2190,M,1,0.00554734,0.449181,3.28213,1.75616,F
1768,1,HappyBirthday,446,15695.6,M,1,0.000298517,3.219,1289.98,0.248576,F
1768,1,HappyBirthday,481,6205.36,F,1,0.000927097,0.934346,0.000138047,0.288265,F
1768,1,HappyBirthday,492,22995.7,F,1,0.0321915,31.399,301.78,10.9202,F
1770,1,HappyBirthday,1518,730,F,1,0.195881,0.128956,64940.8,1603.42,F
1770,1,HappyBirthday,1252,3285,F,1,0.0298183,0.253115,2915.37,44.4208,F
1770,1,HappyBirthday,844,16790.7,M,1,0.000344709,1.5564,10.5426,0.110333,F
1771,1,HappyBirthday,1519,730,F,1,0.272256,0.167696,101.993,144.525,F
1771,1,HappyBirthday,644,16425.2,M,1,7.71691e-05,0.160684,8281.67,0.0366398,F
1772,1,HappyBirthday,1168,4015,F,1,0.00209474,0.021083,0.0166471,0.651675,F
1772,1,HappyBirthday,1169,4015,F,1,0.0202668,0.0929063,0.00138146,6.3626,F
1773,1,HappyBirthday,20,8760.2,M,1,0.0405468,2.08629,14260.7,21.2887,F
1773,1,HappyBirthday,1209,3650,F,1,0.00117139,0.113188,52.4444,0.456143,F
1773,1,HappyBirthday,403,14600,F,1,0.000915153,0.175602,0.21866,0.284641,F
1774,1,HappyBirthday,202,31025.1,F,1,0,0.0135164,0,0,F
1774,1,HappyBirthday,566,6935.97,F,1,0.0014261,0.255784,718.197,0.446488,F
1774,1,HappyBirthday,1478,1095,M,1,0.00281113,0.456311,110.904,1.04121,F
1774,1,HappyBirthday,1563,365,F,1,0.117677,0.0453683,18834.8,289.199,F
1775,1,HappyBirthday,30,9125,M,1,0.00214741,9.17391,35.7291,0.701595,F
1776,1,HappyBirthday,58,17520,M,1,0.0739289,1.29804,24.3761,26.4564,F
1776,1,HappyBirthday,276,6570.48,F,1,0.00236987,0.165612,31.9559,0.755455,F
1776,1,HappyBirthday,1340,2555,M,1,0.0399567,0.869903,54.6026,14.0869,F
1776,1,HappyBirthday,674,9490.58,M,1,0.00137914,1.72658,70.9945,0.431316,F
1776,1,HappyBirthday,736,15330.4,M,1,0.00368975,0.79815,10.5907,1.15206,F
1776,1,HappyBirthday,873,25915.1,M,1,0.490939,1.26408,1275.57,227.867,F
1778,1,HappyBirthday,1479,1095,M,1,0.0524699,0.198012,21.896,18.1376,F
1778,1,HappyBirthday,1480,1095,M,1,0.00108115,1.81876,9035.49,3.55961,F
1778,1,HappyBirthday,292,6570.5,F,1,0.00738789,2.54182,9691.27,3.41452,F
1778,1,HappyBirthday,1087,4745,F,1,0.00236937,2.78704,3420.67,3.79163,F
1779,1,HappyBirthday,19,25185.2,M,1,0.00708583,0.5436,528.39,6.37273,F
1779,1,HappyBirthday,1210,3650,M,1,0.000220813,1.6707,145.102,0.0829721,F
1780,1,HappyBirthday,1481,1095,F,1,0.732863,1.08721,27402.1,1108.33,F
1780,1,HappyBirthday,315,16060.2,M,1,0.0394077,1.34835,62.1326,13.4827,F
1780,1,HappyBirthday,346,28835.4,M,1,0.0446753,0.259303,119.161,16.6303,F
1780,1,HappyBirthday,587,6205.12,M,1,0.000791247,4.65314,114.875,0.287004,F
1780,1,HappyBirthday,678,5840.61,F,1,0.0125452,7.03879,0.00100152,3.92314,F
1780,1,HappyBirthday,1440,1460,F,1,0.0373239,0.162514,21222.1,358.025,F
1780,1,HappyBirthday,1132,4380,F,1,6.71283e-06,0.512952,1109.53,0.0116301,F
1780,1,HappyBirthday,926,36135.5,F,1,0.00121738,0.312483,240.976,0.420708,F
1782,1,HappyBirthday,89,6205.09,M,1,0.000386001,2.2302,12888.7,0.469302,F
1782,1,HappyBirthday,1482,1095,F,1,0.00313906,0.432574,74.1407,1.06077,F
1782,1,HappyBirthday,214,6935.02,M,1,0.0611086,4.48057,4.81077,19.6029,F
1782,1,HappyBirthday,1370,2190,F,1,0.000721163,0.390614,60.7887,0.247314,F
1782,1,HappyBirthday,823,6205.56,F,1,0.00696694,3.46925,196.391,2.88712,F
1782,1,HappyBirthday,1037,5110,F,1,3.56062e-06,2.27689,1893.76,0.00379872,F
1783,1,HappyBirthday,1371,2190,F,1,0.0920281,1.33771,4022.77,270.319,F
1783,1,HappyBirthday,591,13140.1,M,1,4.37069e-05,1.45828,47547.5,0.104404,F
1784,1,HappyBirthday,1038,5110,F,1,0.118292,3.24765,0.0193359,39.1249,F
1785,1,HappyBirthday,1564,365,F,1,0.00686441,1.34152,26.2918,2.2528,F
1785,1,HappyBirthday,988,7300.91,M,1,0.00144436,0.0368743,2226.15,1.76869,F
1787,1,HappyBirthday,1342,2555,M,1,0.00623272,1.16116,14954.3,3.14156,F
1787,1,HappyBirthday,751,6205.67,F,1,0.0374757,0.283457,0.845837,11.8728,F
1788,1,HappyBirthday,50,11680.1,F,1,0,0.0447787,0,0,F
1788,1,HappyBirthday,502,8395.12,F,1,0,0.140806,17.5339,0,F
1789,1,HappyBirthday,47,6570.82,F,1,0.00448765,0.0480353,99.1823,1.39921,F
1790,1,HappyBirthday,1211,3650,M,1,0.00300967,0.272168,40.792,1.0885,F
1790,1,HappyBirthday,612,35770.2,M,1,0.0301585,0.667963,11210.7,118.931,F
1790,1,HappyBirthday,648,17885.7,M,1,0.000487349,0.879121,464.804,0.264211,F
1790,1,HappyBirthday,1088,4745,M,0,0,0.0343835,0,0,F
1790,1,HappyBirthday,930,11315.3,F,1,0.000224435,0.231949,4.84356,0.0713876,F
1791,1,HappyBirthday,800,15695.4,F,1,0.00315581,0.351059,440.207,1.64757,F
1791,1,HappyBirthday,992,7665.5,M,1,0.0057494,0.0792926,1.84989,1.79215,F
1792,1,HappyBirthday,529,9855.31,F,1,0.140385,7.38392,1.60815,47.0158,F
1792,1,HappyBirthday,895,8760.77,M,1,1.58209e-05,3.01825,1.24491,0.0049348,F
1792,1,HappyBirthday,938,7300.77,M,1,0.0796514,0.291245,84.1136,30.2118,F
1794,1,HappyBirthday,665,10950.8,F,1,0.00296981,7.05158,45.1518,1.08004,F
1795,1,HappyBirthday,186,10220.6,M,1,0.00459437,2.1766,82.4243,1.46341,F
1795,1,HappyBirthday,236,9125.29,M,1,2.87929e-05,0.0959264,1.4e-06,0.0089708,F
1795,1,HappyBirthday,463,8760.2,F,1,0,1.7573,1.61252,0,F
1795,1,HappyBirthday,1441,1460,F,1,0.0100926,1.00159,73.7632,3.41471,F
1795,1,HappyBirthday,1442,1460,M,1,0.0140072,0.825107,46218.5,21.9455,F
1795,1,HappyBirthday,978,11680.9,F,1,0.000157682,0.972817,5860.31,0.123904,F
1796,1,HappyBirthday,1212,3650,F,1,0.372489,0.311461,261.983,281.623,F
1797,1,HappyBirthday,1408,1825,M,1,0.112442,0.149658,359.498,56.1048,F
1797,1,HappyBirthday,1443,1460,M,1,0.109794,1.94631,2297.01,287.124,F
1797,1,HappyBirthday,1343,2555,F,1,0.277675,0.135006,3403.39,114.032,F
1797,1,HappyBirthday,952,6570.21,M,1,0.004895,1.0031,108.511,1.54222,F
1798,1,HappyBirthday,36,9855.77,M,1,0,0.137001,0,0,F
1798,1,HappyBirthday,81,25915.2,M,1,0.0118739,4.95453,3.01941,3.74342,F
1798,1,HappyBirthday,739,6935.78,M,1,0.00166302,0.698977,14.5397,0.526292,F
1798,1,HappyBirthday,830,18615,F,1,0.000215828,11.693,7.21161,0.0676434,F
1799,1,HappyBirthday,161,5840.01,F,1,0.00227733,3.18771,1987.94,1.36914,F
1799,1,HappyBirthday,287,31755.6,F,1,0.00289435,0.640802,60.5641,0.907838,F
1799,1,HappyBirthday,1484,1095,M,1,0.109707,0.101023,441.324,53.6996,F
1799,1,HappyBirthday,862,22265.4,F,1,0.094627,0.424997,64.9595,33.8832,F
1800,1,HappyBirthday,1297,2920,M,1,0.00315056,0.472069,945.993,2.28445,F
1800,1,HappyBirthday,208,7300.69,M,1,0.0432588,0.319143,97.2663,20.0428,F
1801,1,HappyBirthday,1133,4380,F,1,0.0470527,0.609394,0.784028,14.9796,F
1801,1,HappyBirthday,1485,1095,F,1,0.206784,1.64592,32674,1729.03,F
1802,1,HappyBirthday,1444,1460,M,1,0.00244682,0.129813,8.05685,0.761471,F
1803,1,HappyBirthday,1445,1460,F,1,0.0065387,0.0612834,130.119,2.34331,F
1803,1,HappyBirthday,78,12775.7,F,1,0.00815345,0.111878,0.000184,2.54448,F
1803,1,HappyBirthday,120,5475.76,M,1,0.0053996,0.36558,1.5863,1.68632,F
1803,1,HappyBirthday,1214,3650,F,1,0.00227302,2.2391,12.0095,0.749187,F
1803,1,HappyBirthday,1372,2190,F,1,0.0740182,0.0642508,5219.52,55.9371,F
1803,1,HappyBirthday,298,5475.4,M,1,0.274054,1.15721,106.008,116.786,F
1803,1,HappyBirthday,1520,730,F,1,0.0724088,0.379593,55860.9,958.312,F
1803,1,HappyBirthday,329,14965.6,F,1,5.19028e-07,0.316755,226.147,0.0002776,F
1803,1,HappyBirthday,405,6935.27,M,1,0.00890742,0.143179,13.3024,2.92474,F
1803,1,HappyBirthday,1565,365,F,1,0.0124256,0.404179,56.4164,4.3305,F
1803,1,HappyBirthday,959,8760.96,M,1,0.000647137,31.7472,1100.94,0.560123,F
1804,1,HappyBirthday,802,5475.17,F,1,0.0420543,1.261,788.808,15.5726,F
1804,1,HappyBirthday,886,5840.74,M,1,0.555471,0.317154,192.656,253.47,F
1805,1,HappyBirthday,1566,365,M,1,3.28364e-05,0.355372,102674,0.472237,F
1805,1,HappyBirthday,590,28835.7,M,1,0.00618953,1.30081,0.462568,1.92991,F
1805,1,HappyBirthday,1373,2190,F,1,0.0455817,0.152311,167.635,23.5584,F
1805,1,HappyBirthday,1446,1460,M,1,0.00812218,0.283234,16658.1,40.9671,F
1805,1,HappyBirthday,1041,5110,M,0,0,0.0475482,0,0,F
1806,1,HappyBirthday,1216,3650,F,1,0.0485173,2.32474,121.627,15.4771,F
1808,1,HappyBirthday,1374,2190,F,1,0.000585677,0.237095,67325.4,1.17364,F
1808,1,HappyBirthday,1174,4015,F,1,0.0738478,3.13309,0.00954517,23.8404,F
1809,1,HappyBirthday,22,28105.7,F,1,0,1.03401,0,0,F
1809,1,HappyBirthday,354,12045.3,F,1,0.000639052,0.372683,0.632344,0.19928,F
1809,1,HappyBirthday,1218,3650,F,1,0.00333084,0.47878,298.435,1.05445,F
1809,1,HappyBirthday,1175,4015,F,1,0.102932,0.361036,2492.48,36.034,F
1809,1,HappyBirthday,970,12045.6,M,1,0.00485664,0.322259,399.371,2.29379,F
1809,1,Births,1611,0,F,0,0,0.207395,0,0,F
1810,1,HappyBirthday,1567,365,M,1,4.7688e-05,0.313103,111025,0.745083,F
1810,1,HappyBirthday,1135,4380,F,1,0.00638317,0.855498,4589.11,10.7659,F
1811,1,HappyBirthday,417,11680,M,1,0.00243723,0.112014,0.116958,0.758321,F
1811,1,Births,1612,0,F,0,0,0.0591725,0,0,F
1812,1,HappyBirthday,1409,1825,F,1,0.00448387,0.269759,23.4198,1.44273,F
1812,1,HappyBirthday,438,9490.04,M,1,0.00294308,5.59313,85.3463,1.11828,F
1813,1,HappyBirthday,1176,4015,F,1,1.04652e-05,3.01374,17.1919,0.0032679,F
1813,1,HappyBirthday,557,34310.5,M,1,0.000623243,2.88083,0.601244,0.193681,F
1814,1,HappyBirthday,897,24820.9,F,1,0.00215732,9.92545,2163.24,2.44126,F
1814,1,HappyBirthday,1486,1095,F,1,0.0004448,0.394146,29739.4,1.63069,F
1815,1,HappyBirthday,159,24820.1,F,1,0.00072877,7.52764,6.78643,0.229077,F
1815,1,HappyBirthday,722,28105.9,F,1,0,0.0203575,551.133,0,F
1816,1,HappyBirthday,1177,4015,F,1,0.00400573,0.0430711,15.4439,1.26223,F
1816,1,HappyBirthday,1376,2190,M,1,0.0194372,0.0930378,53.4561,7.59535,F
1817,1,HappyBirthday,41,8030.64,F,1,0.0303734,0.0210155,34.2908,10.0419,F
1817,1,HappyBirthday,504,6935.46,F,1,7.12027e-05,0.124981,1013.35,0.0556361,F
1818,1,HappyBirthday,1219,3650,M,0,0,0.0173823,0,0,F
1820,1,HappyBirthday,1521,730,F,1,0.0117131,0.798738,92721.7,50.2189,F
1822,1,HappyBirthday,1043,5110,F,1,0.0167723,0.929087,0.447807,5.25677,F
1822,1,HappyBirthday,1090,4745,M,1,0.158295,0.839265,32.3055,55.7385,F
1822,1,HappyBirthday,1255,3285,F,1,0.0768653,3.07517,60.2503,27.1926,F
1822,1,HappyBirthday,400,7300.56,M,0,0,0.0276221,0,0,F
1822,1,HappyBirthday,1089,4745,F,1,0.133541,0.073193,114.318,50.4657,F
1822,1,HappyBirthday,1300,2920,M,1,0.00587826,0.522827,351.399,2.78528,F
1822,1,Births,1613,0,M,0,0,0.015773,0,0,F
1823,1,HappyBirthday,1220,3650,M,1,0.00133795,0.180327,0.000930027,0.416071,F
1824,1,HappyBirthday,1449,1460,F,1,4.21359e-05,0.0496501,12096.5,0.357745,F
1824,1,HappyBirthday,583,5840.65,F,1,0.058909,0.0654559,23.7679,19.2052,F
