Time,Node_ID,Event_Name,Individual_ID,Age,Gender,Infected,Infectiousness,RelativeBitingRate,TrueParasiteDensity,TrueGametocyteDensity,HasClinicalSymptoms
1,1,HappyBirthday,1048,3285,M,1,0.011607,0.0287955,12.2334,3.69744,F
1,1,HappyBirthday,335,13140.3,M,1,0.146078,0.593359,449.635,49.1375,F
1,1,HappyBirthday,1402,365,M,1,0.640956,0.256422,127.397,486.851,F
1,1,HappyBirthday,419,17885.3,M,1,0.00477578,0.528039,1232.81,1.5309,F
1,1,HappyBirthday,780,32850.4,M,1,0.00372332,4.52503,26.4945,1.2561,F
1,1,HappyBirthday,794,7300.75,F,1,0.000149509,0.00831465,0.0393952,0.0465126,F
1,1,HappyBirthday,980,5110.46,F,1,0.0632985,0.0970673,4.43027,20.5008,F
3,1,HappyBirthday,36,4015.89,F,1,0.786449,0.23272,71.586,484.231,F
3,1,HappyBirthday,163,5475.83,F,1,0.00120372,0.347023,1.59483,0.37435,F
3,1,HappyBirthday,1049,3285,M,1,0.462143,1.08969,0.639406,192.784,F
4,1,HappyBirthday,486,21535.1,F,1,0.0452595,1.12885,4021.86,45.21,F
4,1,HappyBirthday,1145,2555,M,1,0.0212225,0.106287,52070.3,54.0576,F
5,1,HappyBirthday,325,10220.4,M,1,0.00605132,3.50019,6.84889,1.94259,F
5,1,HappyBirthday,388,25915.3,F,1,0.076417,1.34046,8.27818,25.0644,F
5,1,HappyBirthday,851,6570.46,F,1,0.00981489,0.529009,156.78,4.54341,F
6,1,HappyBirthday,1185,2190,M,1,9.64232e-05,2.79458,58934.7,0.991794,F
6,1,HappyBirthday,1403,365,F,1,5.42271e-05,0.164163,14633.1,0.529512,F
6,1,HappyBirthday,1146,2555,F,1,0.352538,0.975597,7694.23,361.952,F
7,1,HappyBirthday,774,8395.07,F,1,0.0839894,6.66393,15.0646,29.2478,F
7,1,HappyBirthday,1085,2920,M,1,0.022071,0.0548239,1468.38,47.5325,F
8,1,HappyBirthday,1234,1825,M,1,0.174847,0.166589,45.4732,59.9533,F
8,1,HappyBirthday,245,8760.83,F,1,0.538942,0.173949,1.14015,241.314,F
8,1,HappyBirthday,1404,365,F,1,0.497295,0.611562,2748.46,239.389,F
8,1,HappyBirthday,972,25915.4,F,1,0.0712052,0.40484,83.6536,29.4616,F
8,1,HappyBirthday,987,12410,M,1,0.04875,0.330292,10.355,16.2782,F
9,1,HappyBirthday,164,12410.8,M,1,0.0291679,2.37524,0.0432578,9.19996,F
9,1,HappyBirthday,274,15330.5,M,1,0.00920223,0.869033,595.451,2.88435,F
9,1,HappyBirthday,1050,3285,F,1,0.231362,2.79719,2.46317,82.2566,F
9,1,HappyBirthday,871,28470.1,F,1,0.0253591,64.1188,15.0127,8.03797,F
10,1,HappyBirthday,232,9855.9,M,1,0.627849,0.901162,10.3156,322.796,F
10,1,HappyBirthday,1002,3650,F,1,0.379845,0.665833,768.647,172.756,F
10,1,HappyBirthday,1312,1095,F,1,0.087111,0.378657,106514,683.223,F
10,1,HappyBirthday,394,14235,F,1,0.152562,73.4213,397.191,52.6875,F
10,1,HappyBirthday,1086,2920,F,1,0.303327,3.31708,496.64,313.6,F
11,1,HappyBirthday,42,35405.2,F,1,0.001446,2.29995,551.397,0.797457,F
11,1,HappyBirthday,47,6935.53,M,1,0.0826498,0.598611,0.843407,26.8828,F
11,1,HappyBirthday,1353,730,M,1,0.0039684,1.06831,26.8617,1.28335,F
11,1,HappyBirthday,887,13140.4,F,1,0.000352367,0.954851,2.8e-06,0.109484,F
12,1,HappyBirthday,687,7665.89,M,1,0.0500529,0.42888,1720,54.0583,F
13,1,HappyBirthday,1405,365,F,1,0.620608,0.238448,2973.82,369.801,F
13,1,HappyBirthday,365,7665.77,F,1,0.00658489,7.06508,17.9065,2.22997,F
13,1,HappyBirthday,540,31390.5,M,1,0.61445,0.195943,661.197,560.365,F
14,1,HappyBirthday,1314,1095,M,1,0.0258882,0.178218,2415.84,34.415,F
14,1,HappyBirthday,1313,1095,M,1,0.000133153,0.17304,193.465,0.0525833,F
14,1,HappyBirthday,998,4745.74,M,1,0.00366685,5.59072,0.0184718,1.14188,F
15,1,HappyBirthday,302,7300.72,F,1,0.000671787,5.03894,1213.28,0.243502,F
15,1,HappyBirthday,1406,365,M,1,0.00581605,0.0387724,133.14,2.27307,F
15,1,HappyBirthday,603,13505.4,F,1,0.00354434,3.00843,3.92328,1.12,F
15,1,HappyBirthday,718,8760.36,F,1,0.588071,0.990782,5296.45,374.116,F
15,1,HappyBirthday,906,24820.9,F,1,0.00234923,0.130512,4.65245,0.731071,F
16,1,HappyBirthday,67,4380.87,F,1,0.000385198,0.008101,1.09378e-05,0.119655,F
16,1,HappyBirthday,806,5840.44,F,1,0.000129518,2.88331,1815.66,0.254133,F
16,1,HappyBirthday,1407,365,M,1,0.00214562,0.00821692,34.0541,0.706773,F
16,1,Births,1438,0,M,0,0,0.902115,0,0,F
17,1,HappyBirthday,1003,3650,F,1,0.0194247,0.145897,1334.05,15.9186,F
17,1,HappyBirthday,879,8030.23,F,1,0.0677951,0.609048,120.132,25.5631,F
18,1,HappyBirthday,361,7665.37,M,1,0.0218915,0.100863,4.37921,6.99312,F
18,1,HappyBirthday,1408,365,F,1,0.00120002,0.820432,7766.86,0.938834,F
18,1,HappyBirthday,546,5110.58,F,1,0.0021893,1.31593,4919.77,0.726154,F
18,1,HappyBirthday,604,5110.49,M,1,0.0562572,8.1213,1173.74,47.4098,F
19,1,HappyBirthday,112,4745.97,F,1,0.000362518,0.262296,603.143,0.126869,F
19,1,HappyBirthday,195,22265.3,M,1,0.114464,1.91064,0.093025,37.7818,F
19,1,HappyBirthday,1354,730,F,1,0.208396,1.32618,70194,880.317,F
19,1,HappyBirthday,1051,3285,F,1,0.0949986,0.282767,0.0287187,31.0244,F
19,1,Births,1439,0,M,0,0,0.143844,0,0,F
20,1,HappyBirthday,1147,2555,F,1,0.0537119,2.80171,4359.28,17.9418,F
20,1,HappyBirthday,576,21900.8,M,1,0.112515,0.41621,671.44,71.0526,F
20,1,HappyBirthday,661,33945,M,1,0.00468602,0.924891,3074.55,9.4042,F
20,1,HappyBirthday,732,5840.6,M,1,0.118462,0.339874,263.009,39.8649,F
20,1,HappyBirthday,738,9490.94,M,1,0.00266954,1.82964,0.0605242,0.830655,F
20,1,HappyBirthday,1279,1460,F,1,0.194045,4.78876,22085.5,1278.39,F
21,1,HappyBirthday,1004,3650,F,1,0.000100273,0.435778,725.865,0.124625,F
22,1,HappyBirthday,628,5475.88,M,1,0.000217562,0.813013,3666.16,0.180074,F
22,1,HappyBirthday,741,5110.69,M,1,0.710309,0.656057,3.70209,385.068,F
22,1,HappyBirthday,1087,2920,M,1,0.00131453,1.15022,36.8835,0.409565,F
23,1,HappyBirthday,317,17885.3,M,1,0.181253,17.6173,125.011,69.9001,F
23,1,HappyBirthday,1052,3285,F,1,0.0265111,0.0734473,40.7993,8.70244,F
23,1,HappyBirthday,890,6935.88,F,1,0.00353022,0.749852,206.366,1.20464,F
24,1,HappyBirthday,230,17885.2,M,1,0.00177756,1.01414,0.007782,0.55302,F
24,1,HappyBirthday,426,16425.8,M,1,7.64643e-08,5.46283,76527.6,0.0009204,F
24,1,HappyBirthday,1355,730,F,1,0.0568793,0.0971778,3408.67,19.0383,F
24,1,HappyBirthday,862,16790.6,F,1,0.000928698,5.81534,1587.07,2.10524,F
24,1,HappyBirthday,891,11680.7,M,1,0.0386505,0.126378,44.7784,14.3529,F
25,1,HappyBirthday,13,24455.9,F,1,0.0876378,0.112121,4311.97,225.468,F
25,1,HappyBirthday,20,10585.8,M,1,0.0160239,2.18286,8.75882,5.03188,F
26,1,HappyBirthday,29,7665.41,M,1,0.00151678,0.6314,29.4298,0.509181,F
26,1,HappyBirthday,678,13140.9,F,1,0.00256635,2.92378,41.1332,0.854856,F
26,1,HappyBirthday,1186,2190,F,1,0.104564,0.333961,1565.81,171.141,F
26,1,HappyBirthday,1088,2920,M,1,0.0314963,0.209633,8.67133,9.95012,F
27,1,HappyBirthday,121,23725.5,F,1,0.00293882,0.0286658,0.0025962,0.914604,F
27,1,HappyBirthday,391,4380.76,M,1,0.0198132,1.61163,1.36544,6.25637,F
27,1,HappyBirthday,1280,1460,F,1,0.371456,1.18619,34299.4,602.481,F
27,1,Births,1440,0,M,0,0,0.052971,0,0,F
28,1,HappyBirthday,457,21535.6,F,1,0.00155992,0.568207,846.096,1.0926,F
29,1,HappyBirthday,944,4015.73,M,1,0.21371,0.303822,522.668,74.8924,F
30,1,HappyBirthday,455,10950.9,M,1,0.467207,1.88941,3079.92,356.417,F
30,1,HappyBirthday,811,4745.12,F,1,0.00021713,0.190977,7.31539,0.0696759,F
30,1,HappyBirthday,822,6935.6,F,1,7.65325e-05,4.38276,127.718,0.0245682,F
30,1,HappyBirthday,1089,2920,F,1,0.00258288,0.488802,2064.52,0.850875,F
31,1,HappyBirthday,1356,730,M,1,0.670406,1.05452,11.6849,353.325,F
32,1,HappyBirthday,1187,2190,F,1,0.0431474,0.123778,11160.9,161.769,F
32,1,HappyBirthday,1281,1460,M,1,0.00136741,0.608228,0.988481,0.425936,F
32,1,HappyBirthday,543,20075.2,F,1,0.0278733,2.02799,295.054,8.83561,F
33,1,HappyBirthday,1236,1825,M,1,0.139878,0.443644,261.272,91.7257,F
34,1,HappyBirthday,40,13140.1,F,1,0.00069335,0.202661,0.192701,0.215525,F
34,1,HappyBirthday,1189,2190,M,1,0.033749,0.154132,2154.36,65.005,F
34,1,HappyBirthday,417,10950,M,1,0.00175109,0.453798,0.0821456,0.544657,F
35,1,HappyBirthday,23,18615.2,F,1,0.00206185,6.59156,2.72234,0.644334,F
36,1,HappyBirthday,690,33945.4,F,1,8.00323e-05,3.43788,11533,0.292198,F
36,1,HappyBirthday,1005,3650,M,0,0,0.111768,0,0,F
36,1,HappyBirthday,802,31025,M,1,1.15124e-05,0.0926257,3026.09,0.0096376,F
37,1,HappyBirthday,1237,1825,F,1,0.178218,0.474357,0.553354,61.0546,F
37,1,HappyBirthday,1190,2190,M,1,0.116937,9.59454,4755.67,229.587,F
38,1,HappyBirthday,50,9490.68,M,1,0.0327623,0.136444,52.1444,10.9038,F
38,1,HappyBirthday,1409,365,F,1,0.00276469,0.114233,42.6916,0.928619,F
38,1,HappyBirthday,1315,1095,F,1,0.0483684,1.44571,253.829,21.323,F
38,1,HappyBirthday,1191,2190,M,1,0.523236,0.498796,73.8571,233.207,F
39,1,HappyBirthday,7,28470.5,F,1,0.000722042,3.75841,8.55679,0.229538,F
39,1,HappyBirthday,248,7665.98,F,1,0.000288559,8.46545,789.75,0.362141,F
39,1,HappyBirthday,1090,2920,F,1,0.00314443,0.110687,4.96218,0.987315,F
40,1,HappyBirthday,1091,2920,M,1,0.0110013,1.66591,10686.1,4.32134,F
40,1,HappyBirthday,399,10950.7,F,1,0.361623,0.815299,1718.76,147.437,F
41,1,HappyBirthday,183,6935.86,F,1,0.0432126,3.03308,596.487,24.9172,F
41,1,HappyBirthday,345,4745,M,1,0.00348082,1.42197,0.0998063,1.08348,F
41,1,HappyBirthday,1357,730,F,1,0.00282573,0.727746,48.0333,1.09066,F
41,1,HappyBirthday,530,8030.62,M,1,0.000465181,0.502391,52.247,0.172318,F
41,1,HappyBirthday,573,16060.7,F,1,0.111966,0.257546,176.335,45.1007,F
41,1,HappyBirthday,655,23360.7,F,1,0.0111588,4.02785,50.5002,3.94135,F
42,1,HappyBirthday,60,26645.3,F,1,0.30551,6.4817,3409.37,148.341,F
42,1,HappyBirthday,1192,2190,F,1,0.151721,0.0140175,79.8487,70.6334,F
42,1,HappyBirthday,641,20440.1,F,1,0.000426766,6.69172,130.156,0.161184,F
43,1,HappyBirthday,134,8760.38,M,1,0.0120274,4.44951,872.322,3.78223,F
43,1,HappyBirthday,259,20440.8,M,1,0.00841299,0.357762,4286.98,20.26,F
43,1,HappyBirthday,390,8395.59,F,1,0.122596,0.110343,11.8608,42.6287,F
43,1,HappyBirthday,1238,1825,M,1,0.054225,0.310001,0.737828,17.3918,F
44,1,HappyBirthday,313,8395.75,F,1,0.0048794,0.481315,45500.5,29.6236,F
44,1,HappyBirthday,1193,2190,M,1,0.122837,0.153349,3816.56,190.456,F
45,1,HappyBirthday,1410,365,M,1,0.000129689,0.00530065,0,0.0404123,F
45,1,HappyBirthday,285,6205.94,F,1,0.0075518,1.12554,0.758391,2.35828,F
45,1,HappyBirthday,575,5475.6,F,1,0.00142822,0.0445215,400.641,0.462501,F
45,1,HappyBirthday,880,21900.2,M,1,0.00021009,0.531781,15885.1,0.238763,F
46,1,HappyBirthday,474,4015.71,F,1,0.00127273,0.501536,12.8275,0.404481,F
46,1,HappyBirthday,762,5475.09,F,1,0.000199933,1.58069,24494.7,1.22611,F
46,1,HappyBirthday,915,4015.2,F,1,0.0150623,1.83843,286.543,4.79279,F
47,1,HappyBirthday,1317,1095,F,1,0.00309159,1.03385,18.6173,1.03873,F
47,1,HappyBirthday,154,5475.58,F,1,0.000198442,1.41694,1.04674,0.0616449,F
47,1,HappyBirthday,1316,1095,M,1,0.0032142,0.0219246,0.0881978,1.00017,F
47,1,HappyBirthday,1239,1825,M,1,0.0365742,0.470789,17.0388,11.7987,F
47,1,Births,1441,0,F,0,0,0.0457615,0,0,F
48,1,HappyBirthday,262,29930.6,F,1,3.35755e-05,0.221762,88.1038,0.0118808,F
48,1,HappyBirthday,499,11680.6,F,1,0.0116967,0.224953,383.362,4.35953,F
48,1,HappyBirthday,509,4015.53,F,1,0.000806266,0.112427,32.9104,0.25085,F
49,1,HappyBirthday,1149,2555,M,1,0.0263583,2.07794,257.742,16.3765,F
49,1,HappyBirthday,331,11680,F,1,0.0414116,0.142072,8.3967,13.4221,F
49,1,HappyBirthday,1411,365,M,1,0.0160522,0.307206,57.5764,5.5268,F
50,1,HappyBirthday,1283,1460,F,1,0.00226992,0.0765392,22.5251,0.781328,F
50,1,HappyBirthday,495,13505.5,M,1,0.124423,0.620957,11.3923,42.8623,F
50,1,HappyBirthday,1412,365,F,1,0.00768223,0.326245,49.1821,2.65206,F
52,1,HappyBirthday,1092,2920,F,1,0.00100701,0.414832,58.5722,0.3445,F
53,1,HappyBirthday,3,5110.15,M,1,0.166346,0.0388107,903.747,58.265,F
53,1,HappyBirthday,141,11315,F,1,0.0309964,0.325884,32.7266,10.6139,F
53,1,HappyBirthday,233,6205.64,M,1,0.00138547,0.248369,51.6503,0.463639,F
54,1,HappyBirthday,1413,365,M,1,0.00188287,0.162076,1.24542,0.586811,F
54,1,HappyBirthday,607,16425.9,F,1,0.00165231,0.368942,119.359,0.599775,F
54,1,HappyBirthday,662,12410.9,M,1,0.335276,7.28925,303.859,273.883,F
54,1,HappyBirthday,781,12410.7,M,1,0.00207004,9.58674,0.338609,0.64436,F
55,1,HappyBirthday,135,16425.7,M,1,0.0261207,1.54032,92.3398,9.30879,F
55,1,Births,1442,0,M,0,0,0.0501485,0,0,F
56,1,HappyBirthday,296,18980.7,F,1,0.00378008,0.963649,0.906118,1.17778,F
56,1,HappyBirthday,370,7300.35,M,1,0.00259479,0.223774,57.415,0.876359,F
56,1,HappyBirthday,1195,2190,M,1,0.00130277,2.61198,15.6154,0.416101,F
57,1,HappyBirthday,15,34675.4,F,1,0.092319,1.69786,16.8569,30.2277,F
57,1,HappyBirthday,1240,1825,M,1,0.00114168,0.469621,0.1938,0.35519,F
57,1,HappyBirthday,149,22995,M,1,0.0423152,1.18336,16706.5,25.0666,F
57,1,HappyBirthday,181,7665.38,F,1,0.680643,2.1695,4.12664,356.352,F
57,1,HappyBirthday,1415,365,M,1,0,0.0164139,41545.3,0,F
57,1,HappyBirthday,1414,365,M,1,0.135159,0.406914,53377.6,1438.24,F
57,1,HappyBirthday,984,16425.6,M,1,0.00237378,3.68497,17.249,0.739992,F
58,1,HappyBirthday,263,12410.2,F,1,0.000112069,0.0705133,55693.7,0.539844,F
58,1,HappyBirthday,1093,2920,M,1,0.0736563,1.77849,5466.54,133.215,F
58,1,HappyBirthday,680,8395.54,F,1,0.115538,2.04851,48.3301,41.6157,F
59,1,HappyBirthday,130,20075.1,F,1,3.32129e-05,0.289172,35.3745,0.0107352,F
60,1,HappyBirthday,1196,2190,M,1,0.00409425,0.726629,107.673,1.46547,F
60,1,HappyBirthday,291,23725.1,F,1,0.441015,4.679,1351.24,208.277,F
60,1,HappyBirthday,346,13870.2,F,1,0.00684273,0.993371,382.828,2.19925,F
60,1,HappyBirthday,1416,365,M,1,0.00101601,0.0290973,19.5184,0.34633,F
60,1,HappyBirthday,673,20075.6,M,1,0.0142378,4.10072,335.095,8.56125,F
60,1,HappyBirthday,778,5475.92,M,1,0.203285,2.21799,45.8123,71.0443,F
61,1,HappyBirthday,585,16060.3,F,1,0.00351218,2.28016,4.90047,1.1029,F
62,1,HappyBirthday,429,6570.08,F,1,0.000446061,0.0409018,289.927,0.286511,F
62,1,HappyBirthday,491,24455.6,M,1,0.000121219,6.48874,43.1522,0.0400612,F
62,1,HappyBirthday,552,9855.37,F,1,0.000230429,1.66389,0.215233,0.0715238,F
62,1,HappyBirthday,574,9125.83,M,1,0.00360273,3.82818,0.0255002,1.1215,F
62,1,HappyBirthday,921,8760.44,M,1,0.000968301,0.932241,14.4925,0.322822,F
63,1,HappyBirthday,290,16425,M,1,0.000745031,22.5713,1632.17,0.734631,F
63,1,HappyBirthday,381,10950.4,M,1,0.0131056,0.91167,12470.6,4.32413,F
63,1,HappyBirthday,609,4380.69,M,1,0.0073526,3.45708,8688.34,12.5104,F
64,1,HappyBirthday,1284,1460,M,1,0.588962,0.496109,65.7119,290.899,F
64,1,HappyBirthday,343,9855.01,M,1,0.0100856,12.3457,49281.4,93.8472,F
66,1,HappyBirthday,826,6935.21,M,1,0.00218395,0.404896,2376.87,2.83232,F
67,1,HappyBirthday,254,15330.3,F,1,0.000896754,1.78823,237.479,0.340793,F
67,1,HappyBirthday,1319,1095,M,1,0.00531376,0.959051,4282.16,1.84191,F
67,1,HappyBirthday,995,12775,F,1,0.216809,32.7425,1903.72,79.5844,F
67,1,HappyBirthday,1197,2190,M,1,0.0676623,0.0838294,441.773,35.4807,F
67,1,HappyBirthday,1318,1095,M,1,0.00138049,0.285266,8017.54,4.23984,F
68,1,HappyBirthday,84,12045.7,F,1,0.56178,0.281354,80.6057,274.6,F
68,1,HappyBirthday,1007,3650,F,1,0.000796939,6.4895,94.2414,0.253951,F
69,1,HappyBirthday,137,33580.1,M,1,0.00653119,2.96168,1.73203,2.03811,F
69,1,HappyBirthday,1008,3650,M,1,0.0596259,0.0535108,14.7894,19.4943,F
69,1,Births,1443,0,F,0,0,1.9968,0,0,F
70,1,HappyBirthday,11,21535.9,M,1,0.00287214,0.59861,0.171046,0.894168,F
70,1,HappyBirthday,1320,1095,F,1,0.00620068,0.14317,23.9196,1.93351,F
70,1,HappyBirthday,824,8760.32,F,1,0.11894,0.151872,766.72,39.5726,F
70,1,HappyBirthday,908,4015.6,M,1,0.000140633,0.114767,13.0515,0.0448262,F
71,1,HappyBirthday,1009,3650,M,1,0.131351,0.0869085,3233.62,90.3681,F
72,1,HappyBirthday,464,4015.27,F,1,0.00326878,1.02744,152.025,1.25392,F
72,1,HappyBirthday,804,19710.7,F,1,0.0190501,1.97178,5.91721,6.0291,F
72,1,HappyBirthday,899,9125.59,F,1,0.0487339,10.4434,35.8774,16.3472,F
73,1,HappyBirthday,1095,2920,M,1,0.000153339,1.79337,53029.8,0.256868,F
73,1,HappyBirthday,1053,3285,M,1,0.0253408,1.20638,2399.74,8.04493,F
73,1,HappyBirthday,556,17885.8,F,1,0.00108694,2.3473,10181.5,3.63642,F
73,1,HappyBirthday,1094,2920,M,1,0.0798304,0.516015,74.8023,28.777,F
74,1,HappyBirthday,1243,1825,F,1,0.00252353,0.0280483,871.661,1.4523,F
74,1,HappyBirthday,549,8395.63,F,1,0.00895043,0.60454,209.844,3.55672,F
74,1,HappyBirthday,1010,3650,M,1,0.00241921,0.273846,0.55182,0.754873,F
75,1,HappyBirthday,44,9855.03,F,1,0.0344604,0.179947,14.9467,11.1447,F
75,1,HappyBirthday,214,4015.43,M,1,0.114184,1.15647,25.3306,38.2029,F
76,1,HappyBirthday,470,11680.5,F,1,1.80853e-05,2.33646,25070.3,0.111862,F
76,1,HappyBirthday,1198,2190,M,1,0.00260423,0.307228,14.05,0.867719,F
76,1,HappyBirthday,1417,365,F,1,0.00198046,0.535353,56.7064,0.770218,F
77,1,HappyBirthday,1285,1460,M,1,0.00110323,0.14754,15.558,0.352484,F
78,1,HappyBirthday,1055,3285,F,1,0.0043627,0.610727,4004.36,1.69902,F
78,1,HappyBirthday,711,6570.47,F,1,0.228874,12.9428,34.557,88.7787,F
78,1,HappyBirthday,946,18980.4,M,1,0.000277928,0.0430316,3.54743,0.0869582,F
79,1,HappyBirthday,37,16425.9,M,1,0.0449141,0.354519,0.410893,14.2836,F
79,1,HappyBirthday,246,29200.9,M,0,0,0.0398242,0,0,F
79,1,HappyBirthday,261,4745.04,F,1,0,0.0913931,0.00438032,0,F
79,1,HappyBirthday,1096,2920,F,1,0.07913,0.111023,2398.82,106.682,F
80,1,HappyBirthday,128,10585.6,F,1,0.0234806,0.681332,2866.99,7.61257,F
80,1,HappyBirthday,175,11315.4,F,1,0.0677143,0.135202,206.357,38.3585,F
80,1,HappyBirthday,846,4015.63,M,1,0.00333252,0.110023,265.919,2.18482,F
80,1,HappyBirthday,892,6570.17,M,1,0.0340537,0.355002,315.541,15.8977,F
80,1,HappyBirthday,1359,730,F,1,0.0443989,0.123765,6452.73,19.5348,F
80,1,Births,1444,0,M,0,0,0.0685128,0,0,F
81,1,HappyBirthday,769,6205.91,M,1,0.00779852,3.6539,7.22619,2.43298,F
81,1,HappyBirthday,1321,1095,F,1,0.000106241,0.0500714,77565.2,1.29891,F
82,1,HappyBirthday,307,17520.7,M,1,0.000156192,0.297201,60774.2,0.811429,F
82,1,HappyBirthday,874,5110.21,M,1,0.000257156,0.367345,0.22393,0.0798986,F
82,1,HappyBirthday,919,35405.9,F,1,0.0264144,0.973216,75.3997,9.259,F
83,1,HappyBirthday,120,14965.2,M,1,0.0779624,0.758943,1.49092,25.2268,F
83,1,HappyBirthday,384,18980,M,1,0.130081,0.201113,75.5007,46.2749,F
83,1,HappyBirthday,483,17155.5,F,1,0.00321705,0.413715,2.60377,1.00504,F
83,1,HappyBirthday,674,18980.1,M,1,0.095857,1.76581,6.6641,31.3176,F
83,1,HappyBirthday,1360,730,F,1,0.0318185,0.170547,642.114,12.4084,F
84,1,HappyBirthday,111,4015.25,F,1,0.00184854,6.64382,1.35453,0.577909,F
84,1,HappyBirthday,1286,1460,M,1,0.0262982,0.54033,51.9287,10.3679,F
84,1,HappyBirthday,1151,2555,F,1,0.209781,0.0652881,446.128,80.7165,F
84,1,HappyBirthday,1097,2920,F,1,0.0286442,1.07887,14.374,9.04857,F
85,1,HappyBirthday,624,4380.44,F,1,0.00170595,0.756422,866.282,2.431,F
86,1,HappyBirthday,1100,2920,M,1,0.000597562,0.291326,20566,0.537817,F
86,1,HappyBirthday,1012,3650,F,1,0.00632422,8.82026,687.346,3.80701,F
87,1,HappyBirthday,220,6570.83,F,1,0.0393813,2.9228,26.2326,13.7614,F
87,1,HappyBirthday,835,29565.5,F,1,0.134109,1.07152,50.5847,48.0481,F
87,1,HappyBirthday,941,4380.03,F,1,0.118316,1.58274,41.3569,40.0735,F
88,1,HappyBirthday,1201,2190,M,1,0.00320052,0.726048,90.0991,1.31065,F
88,1,HappyBirthday,198,17520.1,F,1,0.000826665,0.706637,0.964582,0.256947,F
88,1,HappyBirthday,865,4015.72,M,1,0.000239706,0.377742,1573.54,0.21791,F
88,1,HappyBirthday,1361,730,F,1,0.00579501,0.071463,9.59763,1.82334,F
89,1,HappyBirthday,1362,730,M,1,0.00254426,0.212613,54.5759,0.849592,F
90,1,HappyBirthday,611,15330.5,M,1,0.000423917,0.623181,8.51625,0.137612,F
90,1,HappyBirthday,913,4745.1,M,1,0.176371,0.823785,8.13573,60.3088,F
90,1,HappyBirthday,1013,3650,F,1,0.001799,0.390916,23.4999,0.574327,F
90,1,Births,1445,0,M,0,0,0.00807269,0,0,F
91,1,HappyBirthday,213,7300.46,M,1,0,1.50412,4768.05,0,F
91,1,HappyBirthday,1323,1095,M,1,0.622878,0.0800998,4155.66,437.688,F
92,1,HappyBirthday,12,14965.9,M,1,6.44145e-07,0.287921,5847.88,0.0029674,F
92,1,HappyBirthday,414,17885,M,1,0.0996554,2.00714,13.7697,32.9948,F
94,1,HappyBirthday,406,5475.69,F,1,4.5613e-06,0.143436,84771.1,0.03191,F
95,1,HappyBirthday,105,5475.5,F,1,0.0142089,0.305984,0.0345426,4.44749,F
95,1,HappyBirthday,224,31390.7,F,1,0.00438474,2.09979,69.1861,1.36882,F
96,1,HappyBirthday,1418,365,F,1,0.00130511,0.210166,18.3288,0.440778,F
96,1,HappyBirthday,1419,365,M,1,0.646663,0.0983757,15.6056,328.6,F
96,1,HappyBirthday,982,4380.03,M,1,0.0254598,0.317811,1195.14,47.2075,F
97,1,HappyBirthday,144,7665.74,F,1,0.0124319,3.42204,772.3,13.8789,F
97,1,HappyBirthday,159,10220.3,M,1,0.871628,1.55598,23.062,638.247,F
97,1,HappyBirthday,1324,1095,M,1,0.00782358,0.109935,2308.95,9.85024,F
97,1,HappyBirthday,952,6935.04,F,1,0.125513,2.50866,11.6748,43.68,F
97,1,HappyBirthday,1287,1460,M,1,0.00419381,0.544074,212.633,1.72704,F
98,1,HappyBirthday,19,12775.2,F,1,0.02665,1.78598,127.389,9.48146,F
98,1,HappyBirthday,1152,2555,F,1,0.000464323,0.0372804,24.6951,0.148004,F
99,1,HappyBirthday,203,8760.35,M,1,0.00485152,1.41807,246.846,2.98587,F
99,1,HappyBirthday,863,4745.11,M,1,0.00869328,1.0728,0.0418096,2.71404,F
100,1,HappyBirthday,682,5840.91,M,1,0.503684,2.05157,10876.4,371.712,F
100,1,Births,1446,0,F,0,0,0.00593596,0,0,F
101,1,HappyBirthday,521,4745.98,F,1,0.111695,1.16523,0.519224,36.8589,F
101,1,HappyBirthday,551,15330.2,M,1,0.00146761,0.343491,34.0997,0.509483,F
101,1,HappyBirthday,878,13870.8,F,1,0.0778883,0.758922,17.312,25.7609,F
102,1,HappyBirthday,1364,730,M,1,0.454966,1.38664,10536.5,385.542,F
102,1,HappyBirthday,482,5110.3,F,1,0.000474468,1.22723,13185.5,1.81496,F
102,1,HappyBirthday,832,5475.09,F,1,6.54784e-06,1.18171,491.303,0.00353703,F
102,1,HappyBirthday,1363,730,F,1,0.148589,0.189449,23.8232,51.7454,F
102,1,HappyBirthday,1153,2555,M,1,0.803989,0.00518898,329.164,744.571,F
102,1,HappyBirthday,1101,2920,F,1,0.000703358,0.78786,471.828,0.373436,F
103,1,HappyBirthday,968,12410.8,F,1,0.106008,1.21897,2540.54,39.095,F
104,1,HappyBirthday,1289,1460,F,1,0.115537,3.12561,3707.5,167.58,F
104,1,HappyBirthday,1288,1460,F,1,0.156237,0.298853,1386.92,60.5721,F
104,1,HappyBirthday,1244,1825,F,1,0.00165187,2.92663,3.24314,0.5158,F
105,1,HappyBirthday,613,18250.3,F,1,0.76747,2.20619,20.6231,482.512,F
105,1,HappyBirthday,888,11680.1,M,1,0.00309042,3.74628,6256.5,16.7799,F
106,1,HappyBirthday,268,16425.3,M,1,0.0534313,1.71162,17.0527,17.7954,F
106,1,HappyBirthday,402,31390.9,M,1,0.000125397,1.17386,4175.47,0.356033,F
106,1,HappyBirthday,754,26280.1,M,1,0.0307918,0.0995229,10481.4,88.7542,F
106,1,HappyBirthday,1058,3285,M,1,0.0261783,0.340556,254.287,16.8101,F
106,1,HappyBirthday,979,9125.87,F,1,0.00291196,2.51737,28.8555,0.951257,F
107,1,HappyBirthday,1365,730,F,1,0.0130357,0.0053456,12526.2,12.0767,F
107,1,HappyBirthday,185,12045.2,M,1,0.487278,0.686688,121.674,208.409,F
107,1,HappyBirthday,205,7300.07,M,1,0.00855786,0.349389,3097.35,2.68795,F
107,1,HappyBirthday,223,12045.7,F,1,0.0635548,2.75955,638.39,20.7059,F
107,1,HappyBirthday,1102,2920,M,1,0.0107191,0.210901,512.301,4.72598,F
107,1,Births,1447,0,M,0,0,0.307689,0,0,F
108,1,HappyBirthday,155,7300.48,F,1,0.0802187,0.252432,13137.9,42.457,F
109,1,HappyBirthday,1155,2555,F,1,0.747978,15.3393,61.9979,441.425,F
110,1,HappyBirthday,885,4745.08,M,1,0.000184355,0.209722,0.0851893,0.0572959,F
111,1,HappyBirthday,400,4380.76,M,1,0.0471016,0.536949,0.0129834,14.9955,F
111,1,HappyBirthday,472,8030,M,1,0.070269,0.610826,28.1418,25.2907,F
111,1,HappyBirthday,807,7665.42,F,1,0.129772,2.60296,4831.39,88.279,F
111,1,HappyBirthday,1156,2555,F,1,0.00379548,0.643358,3.82898,1.18822,F
111,1,HappyBirthday,997,11680.9,M,1,0.0007986,0.09081,351.486,0.629055,F
112,1,HappyBirthday,289,20075.6,F,1,0.00130038,0.146865,11271.6,5.11686,F
112,1,HappyBirthday,1366,730,M,0,0,0.018898,0,0,F
112,1,HappyBirthday,1015,3650,F,1,0.317582,1.00172,900.043,132.488,F
113,1,HappyBirthday,1203,2190,F,1,0.00696161,1.23998,0.0571996,2.171,F
114,1,HappyBirthday,69,6205.49,M,1,0.000108753,2.06794,9.40386,0.0347385,F
114,1,HappyBirthday,1245,1825,M,1,0.20879,1.9808,68076.8,1391.42,F
115,1,HappyBirthday,1016,3650,F,1,0.000949686,0.0475238,1.86318,0.295584,F
115,1,HappyBirthday,719,6205.48,F,1,0.00934359,12.0746,30.9366,2.92437,F
115,1,HappyBirthday,1204,2190,M,1,0.0803987,0.139651,5589.3,116.363,F
115,1,HappyBirthday,1290,1460,M,1,0.0671536,0.139272,422.707,32.7153,F
115,1,HappyBirthday,1017,3650,F,1,0.00764093,0.466515,128.637,2.38646,F
116,1,HappyBirthday,481,5110.15,M,1,0.000245611,0.71932,9.41788,0.0775695,F
117,1,HappyBirthday,1291,1460,F,1,0.0862661,0.0739369,6540.56,252.266,F
117,1,HappyBirthday,727,25185.7,M,1,0.0489155,1.8954,0.134701,15.597,F
118,1,HappyBirthday,1104,2920,F,1,0.00856625,0.0724132,314.884,2.73887,F
118,1,Births,1448,0,M,0,0,0.215356,0,0,F
119,1,HappyBirthday,177,4380.39,M,1,0.0153302,0.413946,54.8933,5.20975,F
119,1,HappyBirthday,435,10220.3,M,1,0.11269,6.2545,2689.27,64.983,F
120,1,HappyBirthday,1060,3285,M,1,0.691373,0.0550394,20.1749,365.857,F
120,1,Births,1449,0,M,0,0,0.538511,0,0,F
121,1,HappyBirthday,386,4380.28,F,1,0.00555798,0.148711,2883.11,17.2272,F
121,1,HappyBirthday,1246,1825,M,1,0.287613,0.0390459,23330.5,321.029,F
122,1,HappyBirthday,970,5840.23,F,1,0.397985,0.198402,2.48186,158.25,F
123,1,HappyBirthday,1207,2190,F,1,0.691294,3.23896,1049.47,407.693,F
123,1,HappyBirthday,281,10950.5,M,1,0.107063,0.4567,351.462,61.1461,F
123,1,HappyBirthday,421,20805.3,F,1,0.0365249,1.86866,0.714187,11.5769,F
123,1,HappyBirthday,720,9855.76,F,1,0.00209399,0.0925387,0.682644,0.652303,F
123,1,HappyBirthday,819,16060.4,F,1,6.55962e-05,0.925132,43487.9,0.247012,F
123,1,HappyBirthday,1206,2190,F,1,0.81172,0.0474259,542.734,666.258,F
123,1,HappyBirthday,1205,2190,M,1,0.130431,0.599763,3499.8,205.569,F
124,1,HappyBirthday,561,12045.6,F,1,0.00970702,1.38208,35.288,3.0362,F
124,1,HappyBirthday,753,32850.6,F,1,0.000221539,17.3806,294.241,0.144654,F
124,1,HappyBirthday,845,11680.3,M,0,0,0.0158715,0,0,F
124,1,Births,1450,0,F,0,0,0.0492459,0,0,F
125,1,HappyBirthday,456,11315.3,M,1,0.0323984,0.509102,0.56018,10.2435,F
125,1,HappyBirthday,1247,1825,M,1,0.240554,0.702885,8.41225,86.8066,F
125,1,HappyBirthday,1018,3650,F,1,0.0021646,4.88457,783.228,1.45874,F
125,1,HappyBirthday,702,17885,M,1,0.0017536,0.133111,6.26917,0.551523,F
125,1,HappyBirthday,882,5110.84,F,1,0.130211,1.63804,0.47004,43.4162,F
126,1,HappyBirthday,188,5475.92,M,1,2.57482e-05,0.436286,17.8113,0.00860656,F
126,1,HappyBirthday,1367,730,F,1,0.120403,0.539022,15.0765,41.9637,F
127,1,HappyBirthday,218,14600.8,F,1,0.0180869,1.9559,35.8245,6.4924,F
127,1,HappyBirthday,397,6205.73,M,1,0.0364728,2.60962,212.115,11.5471,F
127,1,HappyBirthday,816,28835.4,M,1,0.00125187,0.718109,57411.1,7.94307,F
127,1,HappyBirthday,1326,1095,M,1,0.127206,3.36084,2694.54,81.5593,F
127,1,HappyBirthday,1327,1095,M,1,0.00312298,0.593746,21935.7,1.94881,F
128,1,HappyBirthday,52,8030.83,F,1,0.458114,0.216415,165.652,306.073,F
129,1,HappyBirthday,1248,1825,M,1,0.00505435,0.0378656,3294.11,12.7116,F
129,1,HappyBirthday,708,30660.5,F,1,0.00781578,110.019,1.67864,2.43857,F
129,1,HappyBirthday,728,12045.5,M,1,0.100292,0.128637,2.04994,32.8915,F
131,1,HappyBirthday,243,9855.63,M,1,0.417738,0.749853,192.721,307.851,F
131,1,HappyBirthday,1292,1460,M,1,0.15374,0.0451023,24934.5,1106.96,F
131,1,HappyBirthday,635,18250.2,F,1,8.26364e-05,1.10689,0.082243,0.025765,F
131,1,HappyBirthday,910,9490.75,M,1,0.00864207,0.57855,67.247,2.95075,F
131,1,HappyBirthday,988,4380.7,M,1,0.00106288,1.45148,15.9826,0.33112,F
132,1,HappyBirthday,773,6205.75,F,1,0.0251537,0.539899,390.081,8.92629,F
133,1,HappyBirthday,1106,2920,F,1,0.0156354,0.429373,22878,40.3138,F
133,1,HappyBirthday,645,7300.81,M,1,0.0015058,1.34397,731.424,1.45407,F
134,1,HappyBirthday,1369,730,M,1,0.011714,0.169746,122.27,4.94948,F
134,1,HappyBirthday,319,9855.07,F,1,0.00149101,1.75531,1587.85,2.86392,F
134,1,Births,1451,0,M,0,0,0.0443299,0,0,F
135,1,HappyBirthday,70,5840.01,M,1,0.00160897,0.384939,23.5571,0.504731,F
136,1,HappyBirthday,357,11315.8,M,1,0,0.0387682,0.006,0,F
137,1,HappyBirthday,502,9125.58,M,1,0.0196348,0.201585,41.089,7.0756,F
137,1,Births,1452,0,F,0,0,0.772151,0,0,F
138,1,HappyBirthday,165,8395.93,M,1,0.01324,0.493411,3032.07,44.1744,F
138,1,HappyBirthday,356,8395.58,M,1,0.24964,0.316025,17.7197,91.4437,F
138,1,HappyBirthday,572,27375.5,M,1,0.18995,0.0628722,14.7369,66.2315,F
138,1,HappyBirthday,1420,365,M,1,0.000754593,0.333548,5.94065,0.239364,F
138,1,HappyBirthday,909,13870.3,M,1,0.00183249,1.29619,4.70766,0.570663,F
138,1,HappyBirthday,943,6205.56,M,1,0.0244775,6.37922,4.47742,7.79564,F
140,1,Births,1453,0,M,0,0,0.309552,0,0,F
141,1,HappyBirthday,1328,1095,M,1,0.729755,0.0700051,42.9052,468.154,F
141,1,HappyBirthday,590,23725,F,1,0.0209922,0.87857,16.1215,6.77775,F
141,1,HappyBirthday,706,7300.88,M,1,0.247498,0.358994,3063.28,97.8403,F
141,1,HappyBirthday,994,20805.7,F,1,0.519444,0.490285,179.275,283.933,F
142,1,HappyBirthday,1157,2555,F,1,0.00901055,0.0488295,146.896,3.51777,F
142,1,HappyBirthday,147,5840.23,F,1,0.0297267,0.0488513,1.61173,9.39626,F
142,1,HappyBirthday,265,4015.32,M,1,0.731774,0.0501482,117.423,474.112,F
143,1,HappyBirthday,777,9490.46,M,1,0.00184495,2.2549,224.935,1.06113,F
144,1,HappyBirthday,71,6570.39,F,1,0.153988,0.13941,14.3697,55.0746,F
144,1,HappyBirthday,176,28105.1,F,1,0.00394162,0.0803835,85.6165,1.37681,F
144,1,HappyBirthday,249,8030.67,F,1,0.0130383,9.97095,0.050754,4.07854,F
144,1,HappyBirthday,643,4015.22,F,1,0.00420558,0.10503,0.000770209,1.3101,F
145,1,HappyBirthday,782,16060,M,1,0.00133999,0.576749,0.939072,0.417263,F
146,1,HappyBirthday,97,13870.8,M,1,0.0495212,3.00047,1425.08,49.7477,F
146,1,HappyBirthday,439,5840.32,M,1,0.00221983,0.432303,267.604,0.730668,F
146,1,HappyBirthday,767,9125.99,F,1,0.195999,0.00675444,8.01886,67.9602,F
147,1,HappyBirthday,1370,730,M,1,0.00140219,0.148563,1.16883,0.438035,F
147,1,HappyBirthday,344,11315.3,M,1,7.44177e-05,0.60287,69.8798,0.029925,F
148,1,HappyBirthday,228,4015.5,M,1,0.0342019,0.736355,1.38607,10.8765,F
148,1,HappyBirthday,236,5110.08,F,1,0.00382039,8.48957,77.9262,1.30254,F
148,1,HappyBirthday,1158,2555,M,1,0.0165336,1.40915,75646.8,39.7726,F
149,1,HappyBirthday,1022,3650,F,1,0.010929,0.749068,2549.64,32.7804,F
149,1,HappyBirthday,695,8760.38,F,1,0.151809,0.541831,531.772,55.0097,F
149,1,HappyBirthday,1063,3285,M,1,0.00590124,0.259773,0.592274,1.84121,F
149,1,HappyBirthday,789,28835.5,M,1,0.0917624,0.455481,215.436,30.5721,F
149,1,HappyBirthday,1208,2190,M,1,0.0024827,0.262111,1553.05,0.897088,F
149,1,Births,1454,0,M,0,0,0.052347,0,0,F
150,1,HappyBirthday,409,29200.2,F,1,0.000729135,19.6813,380.27,0.355539,F
150,1,HappyBirthday,621,7665.3,F,1,0.155661,0.355767,889.749,53.9326,F
151,1,HappyBirthday,1209,2190,M,1,0.000785313,0.0100911,3.15811,0.245452,F
151,1,HappyBirthday,942,11315.2,F,1,0.0276129,0.724599,715.714,30.4391,F
153,1,HappyBirthday,1371,730,M,1,0.112881,0.26263,38151.2,979.196,F
153,1,HappyBirthday,215,21170.9,F,1,0.000182885,0.305141,0,0.056848,F
153,1,HappyBirthday,235,19710.8,F,1,0.00396457,7.71508,4.86448,1.25009,F
153,1,HappyBirthday,833,8030.44,M,1,0.00645533,3.10644,8406.25,10.2398,F
153,1,HappyBirthday,856,9125.53,F,1,0.226934,1.46781,13.6025,81.9738,F
154,1,HappyBirthday,145,16060.7,F,1,0.0628244,3.38762,14268.4,42.1401,F
154,1,HappyBirthday,240,5840.94,F,1,0.328675,1.55645,130.248,191.535,F
154,1,HappyBirthday,1249,1825,M,1,0.427708,0.00460136,1998.65,289.91,F
155,1,HappyBirthday,555,4380.96,F,1,0.00525671,0.12822,273.959,3.47519,F
155,1,HappyBirthday,646,16060.5,M,1,0.000598832,5.29259,658.022,0.623635,F
156,1,HappyBirthday,668,5475.7,M,1,0.00352854,0.862797,177.765,1.64733,F
156,1,HappyBirthday,1329,1095,M,1,0.00916537,0.434588,81.8203,3.91117,F
157,1,HappyBirthday,415,36135.8,M,1,0.0879115,0.834593,36.1046,30.3908,F
157,1,HappyBirthday,538,12410.9,F,1,0.000145952,0.827609,8.34946,0.0461062,F
158,1,HappyBirthday,393,7300.92,F,1,0.111916,3.34874,591.51,39.3531,F
159,1,HappyBirthday,101,9855.51,M,1,0.0909307,0.353065,62.3562,33.304,F
159,1,HappyBirthday,1064,3285,F,1,0.031867,0.152857,316.724,15.0145,F
160,1,HappyBirthday,1421,365,F,1,0.00077224,4.45063,80453,5.44943,F
160,1,HappyBirthday,494,11680.1,F,1,0.0878418,1.89712,11308.6,28.9228,F
161,1,HappyBirthday,1159,2555,M,1,0.00985213,5.5159,32.5524,3.18826,F
161,1,HappyBirthday,108,16425.1,F,1,0.0042022,0.109953,2.05702,1.31136,F
161,1,HappyBirthday,1250,1825,F,1,4.49812e-05,0.0929603,8999.26,0.312348,F
161,1,HappyBirthday,1210,2190,F,1,0.184054,0.278717,17.8005,63.6005,F
162,1,HappyBirthday,88,6205.1,M,1,0.00481501,1.25394,27.9253,1.58233,F
162,1,HappyBirthday,1422,365,M,1,0.162244,0.0551577,62.4333,59.6859,F
162,1,HappyBirthday,1372,730,F,1,0.328901,0.785418,27452.5,975.535,F
163,1,HappyBirthday,31,9855.14,F,1,0.0812813,0.340462,4.62045,26.3476,F
163,1,HappyBirthday,364,11315.2,F,1,0.0489391,1.6605,19.5015,16.191,F
163,1,HappyBirthday,478,5110.04,F,1,0.0192769,1.18895,9.72675,6.34434,F
163,1,HappyBirthday,675,14600.9,M,1,2.15313e-05,7.92757,18603.7,0.0934388,F
163,1,HappyBirthday,722,19345.2,M,1,0.116119,0.738232,176.936,40.4699,F
163,1,HappyBirthday,1293,1460,M,1,0.0117576,0.535327,6.67016,3.77836,F
164,1,HappyBirthday,725,17885.5,M,1,0.00149532,0.0686243,4.3119,0.465806,F
164,1,HappyBirthday,1331,1095,F,1,0.00950897,0.281339,43.2686,3.14662,F
164,1,HappyBirthday,1330,1095,F,1,0.155964,0.209862,3920.14,105.701,F
165,1,HappyBirthday,86,9855.97,F,1,0.0224818,13.5027,4801.51,48.0017,F
165,1,HappyBirthday,1373,730,F,1,0.00426664,0.122042,9115.21,1.59806,F
166,1,HappyBirthday,1023,3650,M,1,0.00176467,0.0285035,0.603219,0.550571,F
166,1,HappyBirthday,923,13870.6,F,1,0.0180868,0.130614,6690.56,9.24496,F
167,1,HappyBirthday,257,15330.3,M,1,0.000115346,4.63438,0.712941,0.0359408,F
167,1,HappyBirthday,978,32850.8,F,1,0.000372447,0.532768,2.49501,0.11612,F
167,1,HappyBirthday,1332,1095,M,1,0.126108,0.291861,197.414,50.887,F
168,1,HappyBirthday,1333,1095,M,1,0.52705,0.209576,10.4917,237.384,F
170,1,HappyBirthday,49,17155.4,M,1,0.000885458,0.774075,27855.8,0.942618,F
170,1,HappyBirthday,253,15330.6,M,1,0.157275,0.704148,0.380819,53.2389,F
170,1,HappyBirthday,1423,365,F,1,0.438545,0.199848,21.5197,195.816,F
170,1,HappyBirthday,889,5840.28,F,1,0.0522934,1.22973,648.502,54.9479,F
170,1,HappyBirthday,957,8760.1,F,1,0.0127556,3.85536,6360.27,15.7958,F
171,1,HappyBirthday,74,8395.87,M,1,0.215332,1.1302,356.765,76.4119,F
171,1,HappyBirthday,269,14600.4,M,1,0.000106106,0.262737,6673.91,0.315461,F
171,1,HappyBirthday,901,4380.24,F,1,0.000265183,0.561711,8277.26,0.272231,F
172,1,HappyBirthday,1108,2920,M,1,0.0654685,0.035355,12.8986,21.5641,F
173,1,HappyBirthday,72,10950.3,M,1,0.0347472,0.462927,0.677819,11.0025,F
173,1,HappyBirthday,1424,365,F,1,0.000832966,0.108974,26.3357,0.279313,F
173,1,HappyBirthday,447,8760.75,M,1,7.81103e-05,1.37453,35516.7,0.0988346,F
173,1,HappyBirthday,693,9490.74,F,1,0.000522705,5.53758,1900.3,0.492147,F
174,1,HappyBirthday,352,22995,F,1,0.00327977,0.130015,195.161,1.85855,F
174,1,HappyBirthday,380,19345.9,F,1,0.00958436,2.19233,119.937,2.99361,F
174,1,HappyBirthday,1160,2555,F,1,0.00274784,3.58685,0.0952191,0.855094,F
174,1,HappyBirthday,752,6935.04,M,1,0.000212987,12.9553,947.651,0.281355,F
175,1,HappyBirthday,162,12410.8,F,1,0.71545,4.19365,27.6944,403.423,F
175,1,HappyBirthday,190,11680.6,M,1,0.0944286,1.5397,2230.66,62.6938,F
175,1,HappyBirthday,255,4015.45,M,1,0.183882,0.38072,15.2322,63.608,F
175,1,HappyBirthday,1374,730,M,1,0.356223,0.461915,49158.9,538.408,F
175,1,HappyBirthday,898,8760.23,F,1,0.0514194,6.08606,116.885,18.7563,F
176,1,HappyBirthday,276,5475.23,M,1,0.00362877,1.92578,669.787,1.17125,F
176,1,HappyBirthday,468,17155.1,M,1,0.609849,0.704885,1000.3,462.529,F
176,1,HappyBirthday,469,4745.78,F,1,0.000356163,1.10151,248.547,0.213772,F
176,1,HappyBirthday,520,6570.59,F,1,0.00941814,0.930801,2241.04,3.13105,F
176,1,HappyBirthday,734,5110.02,F,1,0.0356576,0.745225,3.71989,11.4539,F
177,1,HappyBirthday,79,15330.7,M,1,0.00376683,0.681678,125.283,1.21006,F
177,1,HappyBirthday,1375,730,F,1,0.0463284,0.213402,101.699,15.2644,F
177,1,HappyBirthday,1211,2190,F,1,0.00113886,1.44671,583.58,0.446383,F
178,1,HappyBirthday,1376,730,M,1,0.246164,9.88802,16788.7,1176.67,F
179,1,HappyBirthday,333,6935.62,M,1,0.106745,3.62067,6.74007,36.0427,F
179,1,HappyBirthday,407,6205.06,M,1,0.000490131,0.144851,666.407,0.157916,F
180,1,HappyBirthday,1161,2555,F,1,0.633732,0.072921,54.4765,374.775,F
180,1,HappyBirthday,1109,2920,M,1,0.00365578,0.128029,186.676,1.31191,F
180,1,HappyBirthday,377,14600.8,M,1,0.656141,3.53814,141.495,386.695,F
180,1,HappyBirthday,1162,2555,M,1,0.00117125,3.21478,22.7689,0.404385,F
180,1,Births,1455,0,M,0,0,0.0220268,0,0,F
181,1,HappyBirthday,332,27010.9,F,1,0.00323705,0.274932,11612.7,24.6262,F
182,1,HappyBirthday,96,6570.9,M,1,0.107701,2.57981,5.08743,35.9852,F
182,1,HappyBirthday,503,14965.9,M,1,0.000356394,1.33723,706.273,0.398688,F
182,1,HappyBirthday,959,4380.56,F,1,0.0479519,0.136908,1100.77,31.4922,F
183,1,HappyBirthday,46,28105.9,M,1,0.0321695,0.114623,0.0334094,10.162,F
183,1,HappyBirthday,174,24820,F,1,0.0556149,0.494295,2263.77,73.3075,F
183,1,HappyBirthday,208,6570.03,M,1,0.278628,1.13596,104.871,146.67,F
183,1,HappyBirthday,701,5840.39,F,1,0.0541674,0.367486,6.15264,17.5378,F
183,1,Births,1456,0,F,0,0,0.0204668,0,0,F
184,1,HappyBirthday,1252,1825,M,1,0.160773,1.28838,327.795,68.503,F
184,1,HappyBirthday,490,13140,M,1,0.000393702,4.98162,0.0239224,0.122332,F
184,1,HappyBirthday,1294,1460,M,1,0.000383103,0.820509,38.6996,0.126928,F
184,1,HappyBirthday,730,12775.3,F,1,0.181335,0.504143,36.8892,66.0767,F
184,1,HappyBirthday,785,6570.48,M,1,0.265636,2.03298,23.3312,98.7734,F
184,1,HappyBirthday,829,27010,M,1,0.127914,7.41718,360.654,42.5442,F
184,1,Births,1457,0,F,0,0,0.225373,0,0,F
185,1,HappyBirthday,39,6205.99,M,1,0.827822,0.271081,100.59,602.733,F
185,1,HappyBirthday,1425,365,F,1,0.0141331,0.13455,54343.4,56.8355,F
185,1,HappyBirthday,449,13505,F,1,0.014365,7.30174,0.093394,4.49645,F
185,1,HappyBirthday,736,12775,F,1,0.0505129,0.407036,48.6931,19.085,F
185,1,HappyBirthday,1212,2190,M,1,0.00741541,3.80719,82.2446,2.59208,F
186,1,HappyBirthday,1110,2920,F,1,0.0464696,1.43698,14.9169,15.8984,F
186,1,HappyBirthday,271,30660.4,M,1,0.00561836,0.077087,6.50328,1.75124,F
186,1,HappyBirthday,1163,2555,F,1,0.016989,0.274164,16531.6,7.95079,F
186,1,HappyBirthday,893,17520.1,M,1,0.119152,0.0398315,0.953449,39.4605,F
187,1,HappyBirthday,35,18980.7,F,1,5.52643e-05,1.3498,1215.47,0.102612,F
187,1,HappyBirthday,1111,2920,M,1,0.153122,0.342302,2546.56,55.7926,F
187,1,HappyBirthday,926,9490.13,F,1,0.000226409,0.540399,2e-07,0.0704878,F
187,1,HappyBirthday,1337,1095,F,1,0.00174624,0.149384,10362.2,0.769356,F
188,1,HappyBirthday,142,7665.26,F,1,0.00574774,4.52229,7.51312,1.80032,F
188,1,HappyBirthday,341,28835.5,M,1,0.0411914,0.381723,68.2404,14.4386,F
188,1,HappyBirthday,1377,730,M,1,0.2117,0.0774956,7448.2,130.406,F
188,1,HappyBirthday,873,25185.2,M,1,0.0991543,4.48123,2.12223,32.556,F
188,1,Births,1458,0,F,0,0,0.115016,0,0,F
189,1,HappyBirthday,677,5110.03,M,1,0.147707,0.0844394,2099.72,49.7498,F
189,1,HappyBirthday,1164,2555,F,1,0.203531,0.0612343,3895.85,336.662,F
190,1,HappyBirthday,1426,365,F,1,0,0.0776778,9809.34,0,F
190,1,HappyBirthday,65,10585.1,F,1,0.0753968,2.77977,0.337982,24.3623,F
190,1,HappyBirthday,66,4015.75,M,1,0.00247679,0.388161,247.924,1.29504,F
191,1,HappyBirthday,517,16060.8,F,1,0.00120112,2.33107,0.0332792,0.373483,F
191,1,HappyBirthday,703,7665.76,F,1,0.00654862,0.370093,634.715,4.85545,F
191,1,Births,1459,0,F,0,0,0.0342685,0,0,F
192,1,HappyBirthday,17,5110.94,M,1,0.173109,0.476989,16751.2,378.682,F
193,1,HappyBirthday,1378,730,M,1,0.0243313,0.0234703,1211.62,15.0152,F
194,1,HappyBirthday,1165,2555,M,1,0.000300106,0.0943428,2160.81,0.864545,F
194,1,HappyBirthday,790,21900.8,F,1,0.00349398,0.376258,23.5334,1.12965,F
195,1,HappyBirthday,304,5110.03,F,1,0.26987,7.62759,644.233,320.418,F
195,1,HappyBirthday,1112,2920,F,1,0.00772795,2.16992,80.6903,2.74452,F
196,1,HappyBirthday,1295,1460,F,1,0.037518,0.881291,3973.86,71.1938,F
196,1,HappyBirthday,1379,730,F,1,0.00787274,0.47199,2280.8,2.64856,F
196,1,HappyBirthday,884,17520,M,1,0.0228674,2.42282,251.676,11.1478,F
196,1,HappyBirthday,940,22995.5,M,1,0.0660857,4.56903,33.4662,24.6046,F
197,1,HappyBirthday,200,4015.68,M,1,0.000541717,1.52834,2020.52,0.245796,F
197,1,HappyBirthday,363,35405.1,M,1,0.00409665,4.04582,17.4558,1.30534,F
198,1,HappyBirthday,1427,365,F,1,0.0017301,1.35168,57.2851,0.584465,F
198,1,HappyBirthday,504,13140.9,F,1,0.0734002,0.299399,0.264732,23.6936,F
198,1,HappyBirthday,1380,730,M,1,0.185751,1.00769,1112.7,292.963,F
199,1,HappyBirthday,581,12410.5,F,1,0.214304,1.9329,1450.97,408.883,F
199,1,Births,1460,0,F,0,0,0.00118805,0,0,F
200,1,HappyBirthday,1066,3285,M,1,0.0384602,0.750538,1206.43,68.1426,F
200,1,HappyBirthday,1027,3650,F,1,0.00267356,1.54727,163.205,1.1348,F
201,1,HappyBirthday,61,11315.7,M,1,0.000659096,0.611052,0.0303672,0.204814,F
201,1,HappyBirthday,81,19345.5,M,1,0.00234216,0.43479,103.241,0.790343,F
201,1,HappyBirthday,614,13140.3,F,1,0.00335829,4.88314,1.76062,1.04568,F
201,1,HappyBirthday,820,11680.3,M,1,0.0078749,0.863655,7.61986,2.5414,F
201,1,HappyBirthday,1296,1460,F,1,0.0726577,0.439743,1787.95,59.7267,F
201,1,Births,1461,0,M,0,0,0.511826,0,0,F
202,1,HappyBirthday,143,8030.76,F,1,0.0618876,10.944,0.017758,19.8537,F
203,1,HappyBirthday,398,13870.8,M,1,0.159184,1.70735,109.87,62.7329,F
203,1,HappyBirthday,1382,730,M,1,0.000143084,0.387204,161523,1.32449,F
203,1,HappyBirthday,669,6935.55,M,1,0.10749,3.30889,4.23196,35.4336,F
204,1,HappyBirthday,32,4380.72,F,1,0.756377,0.282295,225.172,572.364,F
204,1,HappyBirthday,1068,3285,M,1,0.000917716,0.0374619,0.0011068,0.285367,F
204,1,HappyBirthday,301,5110.19,M,1,0.0547074,6.93256,5.50084,17.903,F
204,1,HappyBirthday,531,12410.7,M,1,0.00579393,0.161324,10.3461,1.88046,F
204,1,HappyBirthday,542,18980.7,M,1,0.0796861,0.812329,57.418,26.5177,F
204,1,HappyBirthday,588,6570.94,M,1,0.000185004,0.279805,6.03396,0.0592405,F
205,1,HappyBirthday,1114,2920,F,1,0.00282777,0.0254288,75.4306,0.993298,F
205,1,HappyBirthday,115,4015.77,F,1,0.00151597,0.58897,0,0.471369,F
205,1,HappyBirthday,308,4745.27,M,1,0.523281,0.678177,247.088,391.765,F
206,1,HappyBirthday,87,9125.79,M,1,0.108785,0.184205,3558.53,37.4958,F
206,1,HappyBirthday,221,20075.1,M,1,0.036042,0.433033,42.5282,12.0909,F
206,1,HappyBirthday,644,13140.2,F,1,0.000781985,0.277772,16938.5,3.62999,F
206,1,HappyBirthday,1069,3285,M,1,0.0327104,0.0411035,1109.89,25.6805,F
207,1,HappyBirthday,1028,3650,F,1,0.0973837,6.78946,19.0219,32.7841,F
207,1,HappyBirthday,1029,3650,F,1,0.00380317,1.50583,3641.82,13.8913,F
207,1,HappyBirthday,1115,2920,F,1,0.00665475,10.3163,43.8998,2.19876,F
207,1,HappyBirthday,895,11315.6,F,1,0.055327,0.339559,4271.58,19.8387,F
208,1,HappyBirthday,1383,730,F,1,0.161356,2.23656,84.5662,71.215,F
208,1,HappyBirthday,761,11315.7,M,1,0.00234027,1.94016,176.981,0.938505,F
209,1,HappyBirthday,287,10585.9,F,1,8.48235e-06,2.37228,10760.9,0.0603814,F
209,1,HappyBirthday,1070,3285,F,1,5.39305e-05,0.0115028,66198.5,0.106283,F
209,1,HappyBirthday,1297,1460,M,1,0.0144731,0.389342,301.538,10.3665,F
209,1,HappyBirthday,633,12775.4,M,1,0.00394414,11.0677,802.148,1.70932,F
210,1,HappyBirthday,1254,1825,M,1,0.0912674,0.219359,1.04318,29.7911,F
211,1,HappyBirthday,1384,730,F,1,0.0477944,0.376291,5232.07,174.297,F
211,1,HappyBirthday,875,11315.6,F,1,0.318323,20.1623,3484.38,146.571,F
212,1,HappyBirthday,314,24455.6,F,1,0.000590627,0.366133,149.476,0.224976,F
213,1,HappyBirthday,306,4380.97,M,1,0.00244999,0.619881,3.74703,0.766711,F
214,1,HappyBirthday,1428,365,M,1,0.519253,0.030444,5443.31,1674.97,F
214,1,HappyBirthday,793,10220.2,F,1,0.102969,1.28998,7.03582,33.8938,F
214,1,HappyBirthday,1256,1825,F,1,0.00747322,0.701423,21.6556,2.33669,F
215,1,HappyBirthday,22,12045.1,M,1,0.00580317,0.900144,294.015,3.58047,F
216,1,HappyBirthday,189,9855.98,M,1,0.0207787,0.421146,56.2518,6.53256,F
216,1,HappyBirthday,197,12045.5,M,1,0.112219,1.83074,863.188,164.668,F
216,1,HappyBirthday,222,13140.2,M,1,0.00163579,0.651067,5.81301,0.517673,F
216,1,HappyBirthday,342,4380.12,F,1,0.547114,0.601493,334.432,334.446,F
217,1,HappyBirthday,156,5840.59,F,1,0.00200868,0.125312,0.000405147,0.624854,F
217,1,HappyBirthday,1116,2920,M,1,0.0734788,2.09587,7.6602,23.7172,F
217,1,HappyBirthday,1385,730,F,1,0.00612689,0.0910941,248.115,3.55915,F
217,1,HappyBirthday,1117,2920,M,1,0.0156896,0.415169,39.8409,5.25929,F
218,1,HappyBirthday,1118,2920,M,1,0,0.169399,44.4751,0,F
218,1,HappyBirthday,1031,3650,M,1,0.00438535,0.279696,69.5623,1.37659,F
219,1,HappyBirthday,94,5840.6,M,1,0.00375392,1.37875,0.0132747,1.16841,F
219,1,HappyBirthday,237,5110.12,M,1,0.00916536,0.00697632,0.000631053,2.86141,F
219,1,HappyBirthday,305,15330.9,M,1,6.16169e-05,4.86805,230.197,0.0341418,F
219,1,HappyBirthday,631,15695.4,F,1,0.101576,8.6446,34.9057,38.0766,F
220,1,HappyBirthday,748,11315.6,F,1,0.000716547,4.24522,1330.64,1.3956,F
220,1,HappyBirthday,1071,3285,M,1,0.125649,4.38833,25.7752,42.8019,F
220,1,HappyBirthday,1339,1095,F,1,0.494537,0.164956,24591.2,1118.08,F
221,1,HappyBirthday,95,4380.25,F,1,0.00218372,0.730963,169.813,0.773232,F
221,1,HappyBirthday,776,5110.6,F,1,0.0157229,0.19784,29.6695,5.1826,F
221,1,HappyBirthday,843,14235.5,M,1,0.0143426,0.849972,1593.73,4.65286,F
222,1,Births,1462,0,M,0,0,0.04075,0,0,F
223,1,HappyBirthday,76,24090,M,1,0.00109811,0.320753,1903.67,1.10214,F
223,1,HappyBirthday,1214,2190,F,1,0.171008,0.46312,101.703,67.4744,F
223,1,HappyBirthday,1167,2555,F,1,0.00369579,0.3628,11064.8,1.6303,F
224,1,HappyBirthday,258,25550.9,M,1,0.000214606,2.19336,1e-06,0.0667218,F
224,1,HappyBirthday,1072,3285,M,1,0.0021062,3.06825,65.6624,0.656983,F
225,1,HappyBirthday,1215,2190,F,1,0.0314777,0.0557482,5.17154,10.1147,F
225,1,HappyBirthday,721,22630.5,M,1,0.28426,4.51434,4779.75,240.617,F
225,1,HappyBirthday,920,4745.1,M,1,0.0614045,3.56479,151.959,30.4724,F
226,1,HappyBirthday,1032,3650,F,1,0.436665,0.38985,27.6496,196.21,F
227,1,HappyBirthday,881,6570.01,M,1,0.000149197,83.8068,1.87287,0.0465095,F
227,1,HappyBirthday,1257,1825,F,1,0.00792677,1.1443,14273.2,4.62486,F
228,1,HappyBirthday,484,17520.4,F,1,0.0225224,0.661385,1468.63,22.2585,F
228,1,HappyBirthday,1033,3650,M,1,0.00141672,0.614681,4657.43,2.91508,F
229,1,HappyBirthday,1258,1825,F,1,0.0472403,0.0859636,46226.5,324.959,F
229,1,HappyBirthday,1298,1460,M,1,0.232915,0.294636,11.5052,83.9905,F
229,1,Births,1463,0,F,0,0,0.068334,0,0,F
230,1,HappyBirthday,75,10585.3,F,1,0,0.364016,94.4553,0,F
230,1,HappyBirthday,454,21170.1,F,1,0.0382187,1.34318,13.9164,12.7984,F
230,1,HappyBirthday,810,13505.2,M,1,0.126684,2.60753,180.822,54.7436,F
230,1,HappyBirthday,850,6570.21,F,1,0.0176244,2.04432,83.9829,6.22967,F
230,1,HappyBirthday,986,6205.5,M,1,0.0829462,0.111843,2.40289,26.9611,F
231,1,HappyBirthday,1299,1460,M,1,0.00843704,5.42418,150.22,3.28389,F
231,1,HappyBirthday,1119,2920,F,1,0.017288,0.0535165,0.250269,5.42104,F
231,1,HappyBirthday,408,8395.22,M,1,0.030859,8.5959,3.92263,9.74346,F
232,1,HappyBirthday,57,15695.1,F,1,0.000455426,0.329428,2761.9,0.545863,F
232,1,HappyBirthday,462,16425.2,M,1,0.00234743,2.70785,13693.9,4.54635,F
232,1,HappyBirthday,918,24455.2,M,1,0.00118704,0.0261317,9016.54,0.506252,F
233,1,HappyBirthday,10,9855.79,F,1,2.37799e-06,1.64404,3629.39,0.003965,F
233,1,HappyBirthday,212,10950.8,M,1,0.147812,0.378793,6.55958,49.7171,F
233,1,HappyBirthday,1300,1460,M,1,0.0225899,0.197546,101.75,7.96831,F
233,1,HappyBirthday,1073,3285,M,1,0.000138012,0.156694,54270.4,0.370549,F
234,1,HappyBirthday,453,10220.8,M,1,0.0356001,3.09361,780.234,11.7475,F
234,1,Births,1464,0,F,0,0,0.0108415,0,0,F
235,1,HappyBirthday,126,7665.74,M,1,0.0281582,0.165778,150.941,13.4301,F
235,1,HappyBirthday,1260,1825,F,1,1.87806e-05,0.052311,31.3111,0.00623252,F
235,1,HappyBirthday,378,16425.8,F,1,0,5.05049,24.5928,0,F
235,1,HappyBirthday,496,7665.51,M,1,0.0274858,5.34325,4261.74,10.8174,F
235,1,HappyBirthday,636,13505.3,M,1,0.0472356,6.70522,36.5176,15.088,F
236,1,HappyBirthday,1342,1095,F,1,0.603016,0.227458,935.108,463.818,F
236,1,HappyBirthday,667,8030.82,M,1,0.160062,3.73546,2736.35,54.2641,F
236,1,HappyBirthday,696,10220.2,M,1,0.134825,10.8745,436.104,78.9193,F
237,1,HappyBirthday,665,7300.09,F,1,0.0148754,0.413899,30.6788,4.67015,F
237,1,HappyBirthday,688,6935.54,M,1,0.784851,1.05355,8302.45,619.115,F
238,1,HappyBirthday,170,15330.7,M,1,0.678756,3.55199,1.4567,353.295,F
238,1,HappyBirthday,616,4745.11,F,1,0.00272913,0.47941,0.331337,0.849347,F
239,1,HappyBirthday,110,4015.13,F,1,0.0014479,0.0402068,20.1789,0.488219,F
240,1,HappyBirthday,501,19345.4,F,1,0.0162769,1.40974,2277.87,22.1633,F
240,1,HappyBirthday,700,19345,F,1,0.0529124,3.09585,0.0525532,16.8969,F
241,1,HappyBirthday,519,8030.7,F,1,0.0105349,0.350278,6.65429,3.3285,F
241,1,HappyBirthday,927,20075.7,M,1,0.0133005,1.14774,4.38927,4.18487,F
242,1,HappyBirthday,83,4380.19,F,1,0.382704,0.129556,143.037,244.614,F
242,1,HappyBirthday,310,9125.84,F,1,0.000561129,0.293227,7.68485,0.17602,F
242,1,HappyBirthday,1301,1460,F,1,2.99863e-05,0.117242,24598.4,0.0800653,F
242,1,HappyBirthday,379,15330.8,F,1,0.0651083,0.439159,108.193,24.3903,F
242,1,HappyBirthday,1034,3650,M,1,0.00530135,0.301181,0.000869286,1.65167,F
243,1,HappyBirthday,25,4015.06,M,1,0.00587341,0.290201,10.3164,1.88561,F
243,1,HappyBirthday,991,18615.8,M,1,0.0455104,1.761,247.489,28.0951,F
244,1,HappyBirthday,1430,365,M,1,0.0159094,0.196002,40248.3,64.6447,F
244,1,HappyBirthday,883,10585.6,F,1,0.0489934,0.200242,61015.7,217.286,F
245,1,HappyBirthday,1261,1825,M,1,0.159807,0.135273,2066.55,373.456,F
245,1,HappyBirthday,396,7300.19,F,1,0.103007,0.667977,47.8663,33.8756,F
245,1,HappyBirthday,1121,2920,F,1,0.00792088,2.04294,28.1435,2.66406,F
246,1,HappyBirthday,196,7665.87,M,1,0.14284,7.6079,1821.6,132.922,F
246,1,HappyBirthday,1122,2920,M,1,0.22002,0.993699,151.913,77.6674,F
246,1,HappyBirthday,1262,1825,F,1,0.00876895,0.753938,19.6764,2.82761,F
246,1,HappyBirthday,471,10220.4,M,1,0.00362578,0.629738,0.535179,1.13062,F
246,1,Births,1465,0,M,0,0,0.00285139,0,0,F
248,1,HappyBirthday,323,5840.32,M,1,0.0143019,0.736703,20.9742,4.7138,F
249,1,HappyBirthday,160,8760.22,M,1,0.0361533,2.68238,0.458721,11.4489,F
249,1,HappyBirthday,294,5110.07,M,1,0.0657425,0.394118,30.8203,23.6922,F
250,1,HappyBirthday,544,4015.89,F,1,0.0137183,0.0195134,1.68311,4.30481,F
250,1,HappyBirthday,545,30660.3,F,1,0.281668,14.9602,1.75032,103.428,F
251,1,HappyBirthday,512,10220,F,1,0.0969544,0.288991,0.143224,31.6966,F
251,1,HappyBirthday,1218,2190,F,1,0.225286,0.0280468,9.43882,79.3318,F
251,1,HappyBirthday,969,11315.7,M,1,0.204567,2.34929,2.78439,71.1299,F
252,1,HappyBirthday,5,27740.6,M,1,0,0.1294,30.3155,0,F
252,1,HappyBirthday,458,4015.13,F,1,0.00117903,1.2175,4226.01,2.13361,F
252,1,HappyBirthday,1001,4015.39,M,1,0.00285716,0.0851983,4750.18,5.15689,F
253,1,HappyBirthday,277,20805.8,F,1,0.0004341,6.42562,67.3405,0.147374,F
253,1,HappyBirthday,577,9855.56,M,1,0.000119899,5.94466,1025.2,0.179902,F
253,1,HappyBirthday,1263,1825,M,1,0.0275154,0.441752,97.129,11.908,F
253,1,HappyBirthday,1431,365,F,1,0.150522,0.0971994,17869.4,897.949,F
254,1,HappyBirthday,768,18615.1,F,1,0.0113515,2.93694,72.4771,3.99275,F
254,1,HappyBirthday,1124,2920,F,1,0.00364134,2.31256,9.78532,1.17908,F
255,1,HappyBirthday,1264,1825,F,1,0.146539,0.118474,27220.4,1048.78,F
255,1,HappyBirthday,1386,730,F,1,0.230736,0.272628,51158,1743.62,F
257,1,HappyBirthday,1126,2920,F,1,0.0158853,1.58157,23692.3,16.6,F
257,1,HappyBirthday,724,5840.92,M,1,0.0596452,1.22028,7.56353,19.6466,F
257,1,HappyBirthday,1125,2920,F,1,0.112518,1.43695,7.63719,37.3032,F
258,1,HappyBirthday,679,11680.9,F,1,0.00120031,43.0128,208.769,0.417346,F
260,1,HappyBirthday,548,8030.57,F,1,0.050531,0.0161938,204.102,16.1816,F
260,1,HappyBirthday,932,34675.9,F,1,0.000529265,1.66907,1115.48,0.730486,F
260,1,Births,1466,0,M,0,0,0.0100238,0,0,F
261,1,HappyBirthday,99,4745.81,F,1,0.0100071,4.2052,4.84316,3.19615,F
261,1,HappyBirthday,694,15330.9,M,1,0.00314375,1.13515,89.9691,1.01603,F
261,1,HappyBirthday,743,6570.29,F,1,0.00618831,0.824975,0.546218,1.92935,F
261,1,HappyBirthday,839,11315.6,M,1,0.00967454,7.61826,48.95,3.03197,F
262,1,HappyBirthday,1343,1095,M,1,0.752248,0.0712369,141.911,666.15,F
262,1,HappyBirthday,595,31390.3,F,1,0.0027212,9.00166,0.0209062,0.846759,F
263,1,HappyBirthday,498,6205.2,M,1,0.171377,0.220707,199.929,61.177,F
263,1,HappyBirthday,1036,3650,F,1,0.000175334,0.098517,76.7986,0.071847,F
263,1,HappyBirthday,1344,1095,M,1,0.0031027,0.367506,2.16324,0.975906,F
264,1,HappyBirthday,4,21170.5,M,1,0.489565,0.108111,116.015,221.482,F
264,1,HappyBirthday,744,13140,F,1,0.0255927,0.152906,1.72966,8.09092,F
265,1,HappyBirthday,90,33945.4,F,1,0.0300859,0.637908,392.184,24.9823,F
265,1,HappyBirthday,1302,1460,F,1,0.220938,0.106694,77.0741,86.1833,F
266,1,HappyBirthday,38,4380.4,F,1,0.00512773,0.0603302,0.0910837,1.59861,F
266,1,HappyBirthday,59,6205.86,F,1,0.501296,0.209164,1.32171,217.23,F
266,1,HappyBirthday,242,28835.9,F,1,0.00926076,26.1755,6.58934,2.93428,F
266,1,HappyBirthday,1127,2920,F,1,0.166046,0.022267,64.1229,56.5388,F
267,1,HappyBirthday,477,13140.2,F,1,9.06103e-07,0.610724,6884.46,0.0024364,F
267,1,HappyBirthday,717,30660.3,M,1,0.00332868,0.334372,108.069,1.04664,F
267,1,HappyBirthday,917,16790.7,F,1,8.6429e-05,1.24006,6.36468,0.0272218,F
268,1,HappyBirthday,950,18980.3,M,1,0.000725864,2.04655,1234.5,0.254303,F
269,1,HappyBirthday,1303,1460,M,1,0.14811,3.301,11892.9,1241.03,F
269,1,HappyBirthday,800,4745.31,F,1,0.00167149,0.324116,7427.34,0.654145,F
269,1,HappyBirthday,1387,730,F,1,0.0631442,1.55339,99128.4,448.24,F
269,1,HappyBirthday,1170,2555,M,1,0.176461,0.67807,776.992,70.8178,F
271,1,HappyBirthday,1304,1460,F,1,0.610235,0.568953,86.5495,333.567,F
271,1,HappyBirthday,1219,2190,F,1,0.082064,0.696358,85.2265,32.3795,F
271,1,HappyBirthday,1265,1825,F,1,0.00308752,0.0121291,0.541763,0.96124,F
271,1,HappyBirthday,1171,2555,F,1,0.000586491,1.42867,1038.9,0.947155,F
272,1,HappyBirthday,670,16425.3,M,1,0.186416,0.761304,13.9527,65.6471,F
273,1,HappyBirthday,508,10585.3,F,1,0.00236314,0.386902,44024,3.51995,F
273,1,HappyBirthday,985,7300.03,M,1,0.77259,0.132457,11.4802,470.385,F
273,1,Births,1467,0,M,0,0,0.0123792,0,0,F
274,1,HappyBirthday,1266,1825,M,1,0.491596,15.9116,95.0031,278.431,F
274,1,HappyBirthday,168,14235,F,1,0.0163741,1.3447,1816.95,13.6275,F
274,1,HappyBirthday,179,9490.09,M,1,0.00157963,0.269601,72.3858,0.638879,F
274,1,HappyBirthday,427,6570.15,F,1,0.367796,0.0212767,192.27,155.897,F
274,1,HappyBirthday,571,13505.6,F,1,0.14149,30.3973,2.17011,47.5391,F
274,1,HappyBirthday,827,8760.95,F,1,0.000199331,0.914037,149.705,0.0752956,F
275,1,HappyBirthday,252,5840.19,F,1,0.0410818,0.181629,0.256836,13.0367,F
275,1,HappyBirthday,615,6935.38,M,1,4.53359e-06,1.08275,5.34858,0.0014221,F
275,1,HappyBirthday,739,25915.9,F,1,0.0427472,0.408574,128.906,19.363,F
275,1,HappyBirthday,853,14235.3,F,1,0.000841729,0.262327,2583.82,2.40389,F
276,1,HappyBirthday,1388,730,F,1,0.00334484,0.0706489,7.72873,1.05521,F
277,1,HappyBirthday,18,15695.7,M,1,0.00340491,3.10018,51.5175,1.06089,F
278,1,HappyBirthday,131,13140,F,1,0.00264038,8.9945,1043.69,2.01894,F
278,1,HappyBirthday,1221,2190,M,1,0.172166,2.57841,634.982,59.8494,F
278,1,HappyBirthday,320,17520.7,M,1,4.04098e-06,14.9374,391.808,0.0031674,F
278,1,HappyBirthday,392,21900.1,F,1,0.0518566,3.54756,429.798,25.6074,F
278,1,HappyBirthday,528,6570.58,M,1,0.00133813,0.470891,20.3986,0.429715,F
278,1,HappyBirthday,1389,730,M,1,0.840733,0.258977,18.2772,618.266,F
278,1,HappyBirthday,742,7300.81,F,1,0.000151686,0.530974,27011,0.124251,F
280,1,HappyBirthday,98,16060.3,M,1,0.413664,0.501239,6.02375,167.554,F
281,1,HappyBirthday,658,8760.52,F,1,0.00541383,0.184857,25.5905,1.74615,F
281,1,HappyBirthday,787,11315.9,F,1,0.011663,0.979733,8.01057,3.68473,F
281,1,HappyBirthday,1172,2555,M,1,0.00494642,3.01329,737.246,2.404,F
283,1,HappyBirthday,452,16425.4,F,1,0.122282,2.10283,154.689,49.8934,F
283,1,Births,1468,0,F,0,0,0.0257079,0,0,F
284,1,HappyBirthday,1345,1095,M,1,0.486019,0.611616,3401.1,1134.81,F
284,1,HappyBirthday,1130,2920,M,1,0.015644,0.369074,125.907,5.78939,F
284,1,HappyBirthday,412,7665.56,M,1,0.00935294,1.25464,0.0007442,2.92036,F
284,1,HappyBirthday,1432,365,M,0,0,0.00184161,0,0,F
285,1,HappyBirthday,497,10950.8,F,1,0.646478,3.37768,52.4231,385.705,F
286,1,HappyBirthday,672,11680.5,M,1,4.80004e-06,0.296011,2426.39,0.0138398,F
287,1,HappyBirthday,1267,1825,F,1,0.0274777,0.422709,41.856,9.2838,F
288,1,HappyBirthday,622,6570.69,F,1,0.00527076,1.24577,99.3411,1.71504,F
289,1,HappyBirthday,64,8030.04,M,1,0.102398,0.30062,1606.5,33.5811,F
289,1,HappyBirthday,1390,730,M,1,0.000687614,2.40493,583.283,0.662713,F
289,1,HappyBirthday,1433,365,F,1,0.032591,0.028538,32974.3,177.891,F
289,1,HappyBirthday,373,7665.93,M,1,0.343013,0.353671,607.517,238.99,F
289,1,HappyBirthday,656,21535.5,M,1,0.00211363,3.49205,52.0562,0.667143,F
289,1,HappyBirthday,886,9855.81,M,1,5.47969e-05,0.321025,103.758,0.0197904,F
291,1,HappyBirthday,1000,20075.5,M,1,0.126448,0.140238,524.745,72.4233,F
291,1,HappyBirthday,1305,1460,M,1,0.086322,0.698472,210.772,28.282,F
292,1,HappyBirthday,349,12775.6,M,1,0.121326,2.13992,64.9564,50.7364,F
292,1,HappyBirthday,479,4745.73,F,1,0.00189556,0.186449,12.942,0.594043,F
292,1,HappyBirthday,1222,2190,M,1,0.0018324,0.158747,0.181996,0.570153,F
292,1,HappyBirthday,649,14235.9,M,1,0.0021975,1.266,997.636,1.60421,F
292,1,HappyBirthday,755,10220.2,M,1,0.180585,2.57469,0.16715,61.9008,F
292,1,HappyBirthday,866,10585.7,F,1,0.00143177,6.91638,1046.69,0.491382,F
292,1,HappyBirthday,1268,1825,M,1,0.000248073,0.187257,0.636137,0.077161,F
293,1,HappyBirthday,234,11315.8,F,1,0.00177394,0.735911,480.587,0.551925,F
293,1,HappyBirthday,731,12045.8,M,1,0.000320704,0.0534609,0,0.0996186,F
293,1,HappyBirthday,763,12410.4,M,1,0.00197306,0.368513,64.6314,0.676322,F
294,1,HappyBirthday,1306,1460,M,1,0.00625411,0.162105,34.0198,2.04073,F
294,1,HappyBirthday,312,4745.1,M,1,0.0165802,16.2698,1.37428,5.20396,F
294,1,HappyBirthday,411,11680.1,M,1,0.0208127,2.19823,906.122,27.4413,F
294,1,HappyBirthday,960,16060.6,M,1,0.000864768,0.229309,0.701603,0.269783,F
294,1,HappyBirthday,973,5840.13,M,1,0.0367606,0.233482,14.3105,11.6474,F
295,1,HappyBirthday,466,17155.5,M,1,0.00581467,0.0549034,81.0924,1.89978,F
295,1,HappyBirthday,558,6570.19,M,1,3.63372e-05,0.0976068,15.3144,0.012193,F
295,1,HappyBirthday,729,6570.96,M,1,0.000553188,0.5644,32412.7,1.37228,F
295,1,HappyBirthday,745,5110.36,F,1,0.013847,9.23201,36.597,5.09081,F
295,1,HappyBirthday,983,6205.37,F,1,0.145904,0.377344,94.3224,49.6833,F
295,1,Births,1469,0,M,0,0,0.02389,0,0,F
296,1,HappyBirthday,68,10585.5,M,1,0.317695,0.28538,2400.3,484.443,F
296,1,HappyBirthday,461,12775.8,M,1,0.0117631,2.84286,110.644,4.41934,F
296,1,HappyBirthday,1346,1095,M,1,0.122734,0.744276,538.815,48.8517,F
296,1,HappyBirthday,1074,3285,F,1,0.0458159,0.138504,0.366699,14.5758,F
297,1,HappyBirthday,113,27375.6,M,1,0.000409056,1.39269,7800.14,0.574613,F
297,1,HappyBirthday,1391,730,M,1,0.000755524,1.18283,37.9439,0.249582,F
298,1,HappyBirthday,109,17520.4,M,1,0.0661277,0.455256,2084.74,24.5085,F
298,1,HappyBirthday,358,12410.5,F,1,0.034551,0.509192,1.61332,10.9285,F
299,1,HappyBirthday,116,14235.5,M,1,0.141038,9.48396,0.0334228,47.2494,F
299,1,HappyBirthday,1223,2190,F,1,0.00332677,0.0436979,0.419781,1.03532,F
299,1,HappyBirthday,1269,1825,M,1,0.514879,0.665071,2716.72,269.36,F
299,1,HappyBirthday,949,8030.87,M,1,0.00210009,0.0967736,110.066,0.658806,F
300,1,HappyBirthday,286,8760.39,M,1,0.017364,3.62122,10.7465,5.45275,F
300,1,HappyBirthday,488,14235.2,F,1,0.00437271,0.0243694,0.011058,1.36219,F
300,1,HappyBirthday,709,9125.15,F,1,0.00760397,6.5486,1.79399,2.39454,F
300,1,HappyBirthday,792,25915,F,1,0.0567723,0.391959,0.11806,18.1638,F
300,1,HappyBirthday,831,13140.8,F,1,0.547353,0.163141,230.979,332.142,F
301,1,HappyBirthday,1224,2190,F,1,0.298389,2.9739,127.917,129.956,F
301,1,HappyBirthday,951,13870.3,F,1,0.142468,0.561338,57.0029,57.6709,F
302,1,HappyBirthday,1347,1095,F,1,0.383344,0.107018,3667.51,322.694,F
302,1,HappyBirthday,692,4745.47,M,1,0.120074,2.67145,3551.51,43.4052,F
302,1,HappyBirthday,1040,3650,M,1,0.395691,0.828986,3.44795,156.56,F
303,1,HappyBirthday,244,13505.1,M,1,7.94233e-05,0.223228,2059.75,0.034524,F
303,1,HappyBirthday,440,31390.7,M,1,0.0993252,1.51387,564.102,36.3014,F
303,1,HappyBirthday,638,12410.2,M,1,0.0242357,0.994261,0.28216,7.6257,F
303,1,HappyBirthday,795,7300.67,M,1,0.0305962,2.38235,2.1392,9.66155,F
303,1,HappyBirthday,868,9855.95,F,1,0.00118316,1.18172,0.00014,0.367754,F
304,1,HappyBirthday,329,6570.66,M,1,0.00879338,2.41779,2472.94,3.38118,F
304,1,HappyBirthday,740,9490.9,M,1,0.105527,0.519584,834.459,40.8112,F
304,1,Births,1470,0,F,0,0,0.532337,0,0,F
305,1,HappyBirthday,157,7665.51,F,1,0.0123165,3.03601,0.0008752,3.85132,F
305,1,HappyBirthday,606,10585.5,F,1,0.006708,2.77698,420.086,2.31606,F
305,1,HappyBirthday,1392,730,M,1,0.160968,0.0407877,377.002,55.0848,F
305,1,Births,1471,0,F,0,0,0.137556,0,0,F
306,1,HappyBirthday,278,12775.2,M,1,0.00928029,1.93302,1702.45,5.45344,F
306,1,HappyBirthday,1131,2920,M,1,0.0123872,0.090343,1734.47,18.8576,F
306,1,HappyBirthday,1270,1825,F,1,0.0151792,0.0928554,521.958,5.37241,F
307,1,HappyBirthday,1226,2190,M,1,0.236021,3.46921,1023.56,84.4922,F
307,1,HappyBirthday,1132,2920,F,1,0.193118,2.77052,11.4718,66.7748,F
307,1,HappyBirthday,366,32850.5,M,1,0.45025,2.86542,391.182,328.539,F
308,1,HappyBirthday,272,6935.69,F,1,0.0091837,0.243427,420.602,2.89924,F
308,1,HappyBirthday,436,12410.2,F,1,0.650066,0.190329,63.1146,329.84,F
308,1,HappyBirthday,525,4015.04,M,1,0.0536711,0.0259455,0.651583,17.1827,F
309,1,HappyBirthday,465,4745.49,M,1,0.0270326,0.881175,12.7784,8.54302,F
309,1,HappyBirthday,623,20075.6,F,1,0.00641264,0.178417,0.294219,1.99982,F
309,1,HappyBirthday,847,5475.4,F,1,0.0036267,7.20165,21.8153,1.17365,F
310,1,HappyBirthday,578,6935.07,F,1,0.0278849,1.50088,31.1879,9.59928,F
310,1,HappyBirthday,756,16060.6,F,1,0.010364,3.76273,53.8835,3.95341,F
310,1,HappyBirthday,922,11315,F,1,0.00195103,5.10253,56154,5.10728,F
311,1,HappyBirthday,78,4745.57,M,1,0.282143,0.286462,403.388,113.035,F
311,1,HappyBirthday,1133,2920,M,1,4.45312e-05,2.14163,4282.9,0.0407727,F
311,1,HappyBirthday,354,12045.6,F,1,0.00690015,1.47516,449.095,2.16705,F
311,1,HappyBirthday,1227,2190,M,1,0.0206585,0.0353485,3538.68,34.1549,F
311,1,HappyBirthday,1041,3650,M,1,0.00324215,0.712231,39.9715,1.19157,F
312,1,HappyBirthday,27,20440,M,1,0.0111867,0.00563664,131.962,5.32261,F
312,1,HappyBirthday,1134,2920,M,1,0.0466047,0.884999,23.2907,15.4918,F
312,1,HappyBirthday,1348,1095,F,1,0.0154648,0.827885,2405.58,5.20565,F
312,1,HappyBirthday,1076,3285,M,1,0.0123618,0.06328,6053.24,15.5927,F
313,1,HappyBirthday,140,10585.3,M,1,0.0868364,1.36586,19.8764,30.4523,F
313,1,HappyBirthday,1175,2555,M,1,0.0021913,0.103717,580.128,1.27654,F
313,1,HappyBirthday,180,5840.54,M,1,0.0100257,0.0724887,26.607,3.48491,F
313,1,HappyBirthday,1349,1095,M,1,0.00141933,0.0457143,548.192,1.3249,F
313,1,HappyBirthday,600,4380.79,M,1,0.000155906,0.140057,635.762,0.17535,F
313,1,HappyBirthday,1043,3650,M,1,0.286903,0.538946,43.248,105.424,F
313,1,Births,1472,0,F,0,0,0.0886385,0,0,F
314,1,HappyBirthday,77,10950.2,F,1,0.0165197,1.03818,345.908,9.47965,F
314,1,HappyBirthday,82,24820.1,M,1,6.43672e-05,0.448348,0.0721854,0.020003,F
314,1,HappyBirthday,1272,1825,M,1,0.00402873,0.122445,765.676,1.53757,F
314,1,HappyBirthday,430,8395.63,F,1,0.00171003,0.565491,2.96554,0.534179,F
314,1,HappyBirthday,1135,2920,F,1,0.000111875,0.0875015,505.38,0.0617809,F
315,1,HappyBirthday,48,12045.6,F,1,0.000216575,0.0783008,12029.3,1.69972,F
315,1,HappyBirthday,173,26645.9,F,1,0.00040267,1.44127,1086.6,0.302269,F
315,1,HappyBirthday,273,18980.2,F,1,0.0426588,2.92269,69.7863,14.8518,F
315,1,HappyBirthday,293,4380.21,F,1,0.0659062,1.62261,425.941,21.1959,F
315,1,HappyBirthday,1273,1825,F,1,0.0932776,1.15761,250.544,41.1712,F
315,1,HappyBirthday,632,34675.4,M,1,0.000491444,0.223317,16.1119,0.152919,F
315,1,HappyBirthday,928,19710.2,F,1,0.514553,1.58485,8.99675,229.323,F
316,1,HappyBirthday,1136,2920,F,1,0.084872,0.2901,5616.41,178.37,F
316,1,HappyBirthday,401,35770.5,F,1,0.000295119,0.192086,13.5947,0.097911,F
316,1,HappyBirthday,518,16425.2,F,1,0.102827,1.97741,157.526,33.7256,F
316,1,HappyBirthday,523,9855.89,F,1,0.000582175,0.26425,7.2351,0.183263,F
317,1,HappyBirthday,297,5840.65,F,1,0.00201781,0.635433,502.341,1.10231,F
317,1,HappyBirthday,371,4745.76,M,1,0.0179199,1.5545,0.152969,5.6195,F
317,1,HappyBirthday,653,7665.38,M,1,0.0247343,0.472665,30.7275,8.42547,F
317,1,HappyBirthday,664,8395.47,M,1,0.0310496,1.71581,56.156,12.1705,F
317,1,HappyBirthday,712,17155.2,F,1,0.000305092,1.5605,34875.5,0.377689,F
317,1,HappyBirthday,1393,730,M,1,0.0230895,0.196059,39.5502,7.66373,F
317,1,HappyBirthday,1137,2920,M,1,0.0118037,0.218703,18.6814,4.03647,F
317,1,HappyBirthday,838,6570.68,M,1,0.000680634,1.75114,5.95531,0.217817,F
317,1,HappyBirthday,965,6570.67,F,1,0.0916003,0.990576,590.784,45.5011,F
317,1,HappyBirthday,992,5475.86,M,1,3.36024e-05,12.7583,0.695096,0.0103974,F
318,1,HappyBirthday,250,15695.3,M,1,0.00567826,0.259137,1.29904,1.78129,F
318,1,HappyBirthday,559,6205.1,F,1,0.00504641,0.224254,0.00537873,1.57226,F
319,1,HappyBirthday,1228,2190,F,1,0.000255119,0.176949,1.5138,0.079619,F
319,1,HappyBirthday,303,5840.26,F,1,0.164376,0.471192,343.377,65.8744,F
319,1,HappyBirthday,516,33580.2,F,1,0.00343233,0.156239,152.698,1.64093,F
320,1,HappyBirthday,1274,1825,M,1,0.0985139,0.790189,2831.24,69.5688,F
320,1,HappyBirthday,347,10220.4,F,1,0.00333055,0.548935,0.989544,1.03673,F
320,1,HappyBirthday,570,11315.4,M,1,0.0273273,0.0543033,194.705,9.59326,F
321,1,HappyBirthday,1394,730,F,1,0.514203,1.40945,139.21,242.297,F
321,1,HappyBirthday,450,4015.77,F,1,0,0.884602,2188.58,0,F
321,1,HappyBirthday,601,5110.33,M,1,0.0415166,12.7182,0.0341222,13.1776,F
321,1,HappyBirthday,1229,2190,F,1,0.043262,0.0706692,8000.84,52.88,F
322,1,HappyBirthday,749,22995.1,M,1,0.0675208,1.91635,678.223,43.8193,F
322,1,HappyBirthday,771,18250.7,F,1,0.0283536,0.375575,95.2152,9.17199,F
322,1,HappyBirthday,842,20075.9,M,1,0.00350374,0.467844,11.5599,1.11257,F
323,1,HappyBirthday,1139,2920,M,1,0.00186302,3.85176,2713.28,0.611853,F
323,1,HappyBirthday,275,29200.3,F,1,0.239319,1.46656,1128.4,92.732,F
323,1,HappyBirthday,315,6570.62,M,1,0.00120434,0.4343,0.187938,0.374625,F
323,1,HappyBirthday,500,11315,M,1,0.00763159,0.0658818,51880.7,28.417,F
323,1,HappyBirthday,1138,2920,F,1,8.73836e-05,1.68075,423.916,0.0343823,F
323,1,HappyBirthday,916,24820,F,1,0.101806,0.223351,8092.98,172.08,F
325,1,HappyBirthday,1078,3285,F,1,0.0313486,2.23996,5077.28,71.6939,F
326,1,HappyBirthday,1395,730,F,1,0.120049,14.1765,4532.04,40.9725,F
326,1,HappyBirthday,1275,1825,M,1,0.00957737,0.18022,31.2213,3.00674,F
326,1,HappyBirthday,1434,365,M,1,0.22164,9.97901,98111,1613.92,F
327,1,HappyBirthday,432,15330.9,F,1,0.00322885,0.589138,29.0456,1.0546,F
327,1,HappyBirthday,492,4015.67,F,1,2.80234e-05,0.816828,57925.9,0.106817,F
327,1,HappyBirthday,1140,2920,F,1,0.00457882,0.146592,46.8725,1.49332,F
327,1,HappyBirthday,1350,1095,F,1,0.00250712,1.51898,22.7548,0.835693,F
328,1,HappyBirthday,211,18250.6,M,1,0.00741849,0.205409,166.061,2.52189,F
328,1,HappyBirthday,339,13870.6,M,1,0.0016619,5.72058,12.6778,0.546736,F
328,1,HappyBirthday,529,15330.6,F,1,0.168772,0.0427921,2954.24,65.9073,F
328,1,Births,1473,0,F,0,0,0.0421561,0,0,F
329,1,HappyBirthday,191,4015.32,F,1,0.0026385,0.149006,11.4965,0.863584,F
329,1,HappyBirthday,1177,2555,F,1,0.165253,0.30213,5268.61,345.341,F
331,1,HappyBirthday,1396,730,F,1,0.0363255,1.98219,31.1393,12.0198,F
332,1,HappyBirthday,1141,2920,M,1,0.00132547,0.555883,2116.28,0.553788,F
332,1,HappyBirthday,852,6570.57,M,1,0.000380484,7.62766,73.2756,0.150497,F
332,1,HappyBirthday,1230,2190,F,1,0.00337408,0.827387,18924,17.2465,F
333,1,HappyBirthday,424,18980.9,M,1,0.00833058,0.14193,326.011,2.85031,F
333,1,HappyBirthday,1080,3285,M,1,0.00244064,0.589364,0.932305,0.759534,F
334,1,HappyBirthday,1276,1825,F,1,0.000116653,0.0862312,7.01227,0.0375964,F
334,1,HappyBirthday,1231,2190,F,1,0.000454065,0.293159,0.00632048,0.141285,F
335,1,HappyBirthday,1397,730,M,1,0.758454,0.0808893,2.2297,446.26,F
335,1,HappyBirthday,924,16060.3,F,1,0.210729,0.135432,15300,259.374,F
336,1,HappyBirthday,2,15330.4,M,1,0.0041734,3.76256,0.519186,1.3031,F
336,1,HappyBirthday,1398,730,M,1,0.467852,0.859426,350.275,232.223,F
336,1,HappyBirthday,309,5840.8,F,1,0.0360399,1.28086,776.003,12.3402,F
337,1,HappyBirthday,1045,3650,F,1,0.00329318,0.361028,286.435,1.37472,F
337,1,HappyBirthday,1178,2555,M,1,0.0235346,0.29569,104.47,7.73296,F
337,1,HappyBirthday,1142,2920,F,1,0.419467,0.133251,428.485,331.022,F
338,1,HappyBirthday,231,8760.46,F,1,0.0321705,0.349134,2374.37,36.4775,F
338,1,HappyBirthday,1179,2555,F,1,0.00139635,0.0650738,26.7134,0.450619,F
339,1,HappyBirthday,21,23360.5,M,1,0.363218,0.0769859,0.120228,140.274,F
340,1,HappyBirthday,199,8395.64,F,1,0.0151005,0.999785,0.197487,4.72899,F
340,1,HappyBirthday,1277,1825,M,1,0.000136686,6.31496,14823,0.777907,F
340,1,HappyBirthday,686,19710.5,F,1,0.000145721,0.486646,0.000216,0.045243,F
340,1,HappyBirthday,1307,1460,F,1,0.0246096,0.118548,7019.53,18.4151,F
341,1,HappyBirthday,442,14965.5,M,1,0.000259137,4.56524,43.185,0.0897008,F
341,1,HappyBirthday,786,23360.3,F,1,0.000846831,2.14853,0,0.263104,F
341,1,HappyBirthday,1308,1460,F,1,0.105907,0.194523,8236.73,261.573,F
342,1,HappyBirthday,813,6205.14,M,1,0.0218093,0.623548,0.334816,6.85242,F
343,1,HappyBirthday,150,25550.4,M,1,0.000970201,0.698489,2.6e-06,0.30156,F
343,1,HappyBirthday,239,33215.7,M,1,0.00274409,0.280089,214.996,0.86322,F
343,1,HappyBirthday,1180,2555,F,1,0.0158589,2.57187,396.222,5.89261,F
343,1,HappyBirthday,433,28105.3,M,1,0.167314,1.33258,359.798,83.0705,F
343,1,HappyBirthday,583,14235.7,M,1,0.00209199,19.1297,17839.1,1.17148,F
344,1,HappyBirthday,241,21170.4,F,1,0.00218164,0.458915,941.957,3.22371,F
344,1,HappyBirthday,569,10950.1,M,1,7.94378e-05,9.1193,173.481,0.042391,F
344,1,HappyBirthday,1233,2190,F,1,9.91523e-05,0.0608011,3.96985,0.031245,F
344,1,HappyBirthday,823,12045.9,M,1,0.583774,2.56203,66.7695,282.855,F
346,1,HappyBirthday,219,9490.28,F,1,4.24107e-06,0.745308,0.20578,0.0013216,F
347,1,HappyBirthday,1351,1095,M,1,0.0748362,0.231829,281.593,33.9974,F
347,1,HappyBirthday,554,13870.1,F,1,5.44239e-06,3.77504,709.323,0.0052474,F
347,1,HappyBirthday,640,9855.87,M,1,0.00155565,4.48547,0.164482,0.483637,F
348,1,HappyBirthday,328,16425.4,F,1,0.0978289,0.27158,3.68267,32.3965,F
348,1,HappyBirthday,1399,730,F,1,0.00946341,5.18992,16.376,3.16913,F
348,1,HappyBirthday,579,8395.32,M,1,0.482556,0.253181,1394.26,221.494,F
348,1,HappyBirthday,765,33945.1,M,1,8.74096e-05,0.194409,307.109,0.0623064,F
349,1,HappyBirthday,660,4015.5,F,1,0.157782,18.5845,13.4286,54.324,F
349,1,HappyBirthday,912,17520.3,M,1,0.0210651,0.199411,1808.9,7.61812,F
349,1,HappyBirthday,930,10585.8,M,1,0.014598,0.518774,66.0182,5.02158,F
350,1,HappyBirthday,119,15330.9,M,1,5.39454e-06,0.0466273,988.723,0.0041614,F
350,1,HappyBirthday,448,6205.45,F,1,0.00235531,8.17392,13.4679,0.771276,F
350,1,HappyBirthday,634,6205.46,M,1,0.0143155,2.5704,5.46967,4.52296,F
350,1,HappyBirthday,825,16060.5,F,1,5.79067e-05,0.0888106,1705.17,0.0184416,F
350,1,HappyBirthday,1278,1825,F,1,0.0375739,0.0519503,467.831,24.5947,F
350,1,HappyBirthday,1436,365,F,1,0.0638392,0.128908,93.0305,27.4728,F
350,1,HappyBirthday,975,8760.19,M,1,8.73555e-06,7.82752,9.62403,0.0027654,F
350,1,HappyBirthday,1082,3285,F,1,0.0100132,0.477231,63.8595,3.27289,F
351,1,HappyBirthday,663,35040.6,F,1,2.95853e-05,0.395899,72.169,0.0112468,F
352,1,HappyBirthday,541,8030.81,M,1,0.000690228,3.03516,4182.42,1.41357,F
353,1,HappyBirthday,553,8760.41,F,1,0.000810851,10.6662,40.1046,0.266965,F
353,1,HappyBirthday,699,18250.2,F,1,0,1.83989,0,0,F
354,1,HappyBirthday,1437,365,F,1,0.0037106,0.844455,178.59,1.70065,F
355,1,HappyBirthday,423,10950.2,M,1,0.017575,2.1236,15.5274,5.54202,F
355,1,HappyBirthday,934,16790.2,M,1,0.257687,0.201215,3.28183,93.0934,F
355,1,HappyBirthday,1182,2555,F,1,0.0997661,0.05246,111.961,40.8459,F
357,1,HappyBirthday,446,4380.34,F,1,0.0131232,3.99429,3.49747,4.11452,F
357,1,HappyBirthday,1400,730,M,1,0.000106295,1.13346,46.8139,0.0374169,F
358,1,HappyBirthday,1183,2555,M,1,0.0564594,2.80847,1835.84,114.595,F
358,1,HappyBirthday,209,5475.13,M,1,0.000364722,5.74443,27365.4,0.381683,F
358,1,HappyBirthday,757,12045.1,M,1,0.00452166,0.19556,152.479,2.40258,F
359,1,HappyBirthday,138,9490.39,M,1,0.000101496,3.16727,27182.2,0.136502,F
359,1,HappyBirthday,359,6570.91,M,1,0.15165,0.0292337,0.572148,51.1113,F
359,1,HappyBirthday,697,10585.7,M,1,7.93144e-05,2.43468,7.16895,0.0248974,F
360,1,HappyBirthday,1401,730,F,1,0.537006,0.980213,45.8299,266.844,F
360,1,HappyBirthday,507,7665.03,M,1,0.00326856,0.723516,2.98277,1.02133,F
361,1,HappyBirthday,178,10585.4,M,1,0.00812122,0.0775299,5576.26,16.474,F
361,1,HappyBirthday,591,16790.2,M,1,0.407522,1.44525,5183.39,234.863,F
362,1,HappyBirthday,80,5110.88,F,1,0.000452313,4.56672,95.8648,0.143047,F
362,1,HappyBirthday,493,9490.6,F,1,6.67138e-05,9.09082,0.548524,0.0207982,F
362,1,HappyBirthday,539,6935.17,M,1,0.00661716,1.58879,24.1196,2.30915,F
362,1,HappyBirthday,1309,1460,F,1,0.00478824,2.05348,674.98,2.78859,F
363,1,HappyBirthday,186,5110.55,M,1,0.000803739,0.308357,16.8674,0.271023,F
363,1,HappyBirthday,1047,3650,F,1,0.122521,0.484541,51610.3,474.712,F
363,1,HappyBirthday,1310,1460,F,1,0.00695301,0.119456,9.37857,2.17009,F
363,1,HappyBirthday,626,10220.3,F,1,0.000226825,0.272946,849.684,0.162498,F
364,1,HappyBirthday,201,10950.4,F,1,0.0280864,0.922478,12.5651,9.16457,F
364,1,HappyBirthday,348,12045,F,1,2.50455e-05,0.134928,619.802,0.013864,F
365,1,HappyBirthday,566,10950,F,1,0.019298,1.67088,13.4507,6.4521,F
366,1,HappyBirthday,1048,3650,M,1,0.0535812,0.0311226,9294.91,61.2488,F
366,1,HappyBirthday,335,13505.3,M,1,0.05917,0.593359,24.8087,18.9545,F
366,1,HappyBirthday,1402,730,M,1,0.00345654,0.39338,32.3198,1.19455,F
366,1,HappyBirthday,419,18250.3,M,1,0.0286142,0.528039,296.955,9.18207,F
366,1,HappyBirthday,780,33215.4,M,1,0.0408155,4.52503,49.2305,14.0244,F
366,1,HappyBirthday,794,7665.75,F,1,0.0180435,0.00831489,0.488139,5.66954,F
366,1,HappyBirthday,980,5475.46,F,1,0.0891606,0.102654,79.7039,29.6693,F
368,1,HappyBirthday,36,4380.89,F,1,0.00439276,0.248908,437.67,2.30086,F
368,1,HappyBirthday,163,5840.83,F,1,0.0215935,0.365908,0.0285334,6.78398,F
368,1,HappyBirthday,1049,3650,M,1,0.0215862,1.17776,22.6435,7.30244,F
369,1,HappyBirthday,486,21900.1,F,1,0.000638229,1.12885,0.917907,0.19872,F
369,1,HappyBirthday,1145,2920,M,1,0.00436938,0.116533,12.1299,1.44048,F
370,1,HappyBirthday,325,10585.4,M,1,0.00186474,3.50019,371.062,1.37111,F
370,1,HappyBirthday,388,26280.3,F,1,0.26307,1.34046,8.60883,94.8707,F
370,1,HappyBirthday,851,6935.46,F,1,0.053663,0.553758,44150.4,335.908,F
371,1,HappyBirthday,1185,2555,M,1,0.000246301,3.09271,1003.92,0.182917,F
371,1,HappyBirthday,1403,730,F,1,0.271519,0.251844,60.1965,118.178,F
371,1,HappyBirthday,1146,2920,F,1,0.020625,1.06964,22.1129,6.72299,F
372,1,HappyBirthday,774,8760.07,F,1,0.006191,6.66393,16653.8,4.86714,F
372,1,HappyBirthday,1085,3285,M,1,0.151507,0.0596441,62.7987,62.2899,F
373,1,HappyBirthday,1234,2190,M,1,0.0876547,0.186483,3672.92,155.29,F
373,1,HappyBirthday,245,9125.83,F,1,0.084311,0.173949,54.4741,29.4746,F
373,1,HappyBirthday,1404,730,F,1,0.0739927,0.938207,121.141,27.9902,F
373,1,HappyBirthday,972,26280.4,F,1,0.0800748,0.40484,26.9544,27.0656,F
373,1,HappyBirthday,987,12775,M,1,0.60819,0.330292,333.548,357.109,F
374,1,HappyBirthday,164,12775.8,M,1,0.054529,2.37524,6280.67,20.6187,F
374,1,HappyBirthday,274,15695.5,M,1,0.010448,0.869033,325.876,5.32571,F
374,1,HappyBirthday,1050,3650,F,1,0.0365124,3.02324,37.8075,13.4488,F
374,1,HappyBirthday,871,28835.1,F,1,0.0296965,64.1188,640.076,30.6355,F
375,1,HappyBirthday,232,10220.9,M,1,0.000367461,0.901162,983.641,0.54436,F
375,1,HappyBirthday,1002,4015,F,1,0.000945414,0.715619,43.2454,0.312343,F
375,1,HappyBirthday,1312,1460,F,1,0.605712,0.438065,609.583,1073.43,F
375,1,HappyBirthday,394,14600,F,1,0.00129452,73.4213,6592.18,3.41369,F
375,1,HappyBirthday,1086,3285,F,1,0.0483827,3.60872,0.213564,15.4145,F
376,1,HappyBirthday,42,35770.2,F,1,0.205838,2.29995,23.639,77.0581,F
376,1,HappyBirthday,47,7300.53,M,1,0.0496961,0.625365,41.1005,16.0121,F
376,1,HappyBirthday,1353,1095,M,1,0.109144,1.26766,5330.48,48.374,F
376,1,HappyBirthday,887,13505.4,F,1,0.0620275,0.954851,0.840374,19.9238,F
377,1,HappyBirthday,687,8030.89,M,1,0.0796885,0.42888,136.894,31.0976,F
378,1,HappyBirthday,1405,730,F,1,0.00263446,0.365806,34.0638,0.855142,F
378,1,HappyBirthday,365,8030.77,F,1,0.0561269,7.06508,16.97,19.1287,F
378,1,HappyBirthday,540,31755.5,M,1,0.121786,0.195943,0.737117,40.3603,F
378,1,Births,1474,0,F,0,0,0.404391,0,0,F
379,1,HappyBirthday,1314,1460,M,1,0.129821,0.206178,0.373191,43.2235,F
379,1,HappyBirthday,1313,1460,M,1,0.16837,0.200189,993.263,140.507,F
379,1,HappyBirthday,998,5110.74,M,1,0.00698967,5.93212,2.02967,2.18651,F
380,1,HappyBirthday,302,7665.72,F,1,0.000484061,5.0391,485.284,0.161462,F
380,1,HappyBirthday,1406,730,M,1,0.00249907,0.0594813,118.839,0.887357,F
380,1,HappyBirthday,603,13870.4,F,1,0.00660133,3.00843,4051.68,10.0211,F
380,1,HappyBirthday,718,9125.36,F,1,0.00465741,0.990782,70.3223,1.46556,F
380,1,HappyBirthday,906,25185.9,F,1,4.00358e-07,0.130512,859.342,0.0005574,F
381,1,HappyBirthday,67,4745.87,F,1,0.0907081,0.00862785,76.9737,38.0782,F
381,1,HappyBirthday,1438,365,M,1,0.0609666,1.93028,38896.6,118.981,F
381,1,HappyBirthday,806,6205.44,F,1,0.00897104,3.03213,0.9862,2.80282,F
381,1,HappyBirthday,1407,730,M,1,0.00499512,0.0126057,6.24524,1.57555,F
382,1,HappyBirthday,1003,4015,F,1,0.00010486,0.156806,13.508,0.0344603,F
382,1,HappyBirthday,879,8395.23,F,1,0.00613016,0.609048,43.3528,2.03231,F
383,1,HappyBirthday,361,8030.37,M,1,0.00459552,0.100863,21.1777,1.43981,F
383,1,HappyBirthday,1408,730,F,1,0.0170698,1.25864,109.518,6.20878,F
383,1,HappyBirthday,546,5475.58,F,1,0.0915917,1.39167,79.0506,33.16,F
383,1,HappyBirthday,604,5475.49,M,1,4.52826e-05,8.58871,8023.31,0.0385332,F
384,1,HappyBirthday,112,5110.97,F,1,0.000743551,0.278312,123.832,0.272401,F
384,1,HappyBirthday,195,22630.3,M,1,1.79722e-05,1.91064,16.6524,0.0059686,F
384,1,HappyBirthday,1354,1095,F,1,0.141969,1.57366,36652.2,1395.91,F
384,1,HappyBirthday,1439,365,M,1,0.00622206,0.307787,15.5823,1.99076,F
384,1,HappyBirthday,1051,3650,F,1,0.000864899,0.305618,0.00116208,0.269001,F
385,1,HappyBirthday,1147,2920,F,1,0.000326443,3.07179,8304.5,0.133337,F
385,1,HappyBirthday,661,34310,M,1,0,0.924891,2.83701,0,F
385,1,HappyBirthday,732,6205.6,M,1,0.612213,0.357416,1032.08,700.715,F
385,1,HappyBirthday,738,9855.94,M,1,0.0147378,1.82964,17.7746,5.02871,F
385,1,HappyBirthday,1279,1825,F,1,0.0013286,5.43819,9096.28,1.53901,F
386,1,HappyBirthday,1004,4015,F,1,0.0576642,0.468362,10.4578,19.3113,F
387,1,HappyBirthday,628,5840.88,M,1,0.00148282,0.857256,11.4823,0.475811,F
387,1,HappyBirthday,741,5475.69,M,1,0.00418154,0.693814,42.2309,1.30251,F
387,1,HappyBirthday,1087,3285,M,1,0.000117163,1.25135,0.477969,0.0365293,F
388,1,HappyBirthday,317,18250.3,M,1,0.058033,17.6173,76.3456,23.7969,F
388,1,HappyBirthday,1052,3650,F,1,0.00437934,0.079383,0.801224,1.36479,F
388,1,HappyBirthday,890,7300.88,F,1,0.0761712,0.783363,203.157,45.5262,F
389,1,HappyBirthday,230,18250.2,M,1,0.0512793,1.01414,0.039697,16.3594,F
389,1,HappyBirthday,426,16790.8,M,1,0.000624252,5.46283,592.448,0.590427,F
389,1,HappyBirthday,1355,1095,F,1,8.81461e-05,0.115312,173823,0.828907,F
389,1,HappyBirthday,862,17155.6,F,1,0.0110103,5.81534,2774.25,14.183,F
389,1,HappyBirthday,891,12045.7,M,1,0.0613846,0.126378,0.508747,19.7189,F
390,1,HappyBirthday,13,24820.9,F,1,0.0270185,0.112121,53.7291,9.67705,F
390,1,HappyBirthday,20,10950.8,M,1,0.0703387,2.18286,3239.06,24.6346,F
391,1,HappyBirthday,29,8030.41,M,1,0.561128,0.6314,23.9511,277.064,F
391,1,HappyBirthday,678,13505.9,F,1,0.00117865,2.92378,48.5055,0.39679,F
391,1,HappyBirthday,1186,2555,F,1,0.00623785,0.369588,29.5919,2.02326,F
391,1,HappyBirthday,1088,3285,M,1,0.0151305,0.228064,131.62,5.76944,F
392,1,HappyBirthday,121,24090.5,F,1,0.00589325,0.0286658,0.316044,1.83843,F
392,1,HappyBirthday,391,4745.76,M,1,9.96613e-05,1.71645,105.774,0.0314501,F
392,1,HappyBirthday,1280,1825,F,1,0.000818883,1.34705,97430.6,5.78013,F
392,1,HappyBirthday,1440,365,M,1,0.000621712,0.113343,0.17172,0.193275,F
393,1,HappyBirthday,457,21900.6,F,1,0.0883966,0.568207,86.9962,30.5311,F
394,1,HappyBirthday,944,4380.73,M,1,0.0262982,0.324956,553.79,8.29013,F
395,1,HappyBirthday,455,11315.9,M,1,0.222279,1.88941,5.27216,78.3134,F
395,1,HappyBirthday,811,5110.12,F,1,0.00039413,0.20264,4483.78,0.244592,F
395,1,HappyBirthday,822,7300.6,F,1,0.00559122,4.57864,720.546,1.79579,F
396,1,HappyBirthday,1356,1095,M,1,0.00226791,1.2513,27.9963,0.804323,F
396,1,Births,1475,0,M,0,0,0.0111924,0,0,F
397,1,HappyBirthday,1187,2555,F,1,0.00115233,0.136982,23397.9,3.85982,F
397,1,HappyBirthday,1281,1825,M,1,0.00182607,0.690712,1.07243,0.571301,F
397,1,HappyBirthday,543,20440.2,F,1,0.127466,2.02799,8.50283,43.9612,F
398,1,HappyBirthday,1236,2190,M,1,0.000150627,0.496623,1.93398,0.0469037,F
399,1,HappyBirthday,40,13505.1,F,1,0.00184822,0.202661,2124.93,2.08446,F
399,1,HappyBirthday,1189,2555,M,1,0.0864338,0.170575,46.2542,32.5945,F
399,1,HappyBirthday,417,11315,M,1,0.0104085,0.453798,72.7061,3.59637,F
400,1,HappyBirthday,23,18980.2,F,1,0.00611308,6.59156,0.166333,1.90528,F
401,1,HappyBirthday,690,34310.4,F,1,3.77136e-05,3.43788,24.5355,0.012152,F
401,1,HappyBirthday,1005,4015,M,1,0.00161901,0.120125,331.111,0.520539,F
401,1,HappyBirthday,802,31390,M,1,0.00455991,0.0926257,37.6438,1.50183,F
402,1,HappyBirthday,1237,2190,F,1,0.00494834,0.531004,17570,5.30828,F
402,1,HappyBirthday,1190,2555,M,1,0.00346725,10.6181,2976.74,1.85557,F
403,1,HappyBirthday,50,9855.68,M,1,0.00218169,0.136444,0.329742,0.679825,F
403,1,HappyBirthday,1409,730,F,1,0.00217864,0.175246,22.7138,0.698888,F
403,1,HappyBirthday,1315,1460,F,1,0.0181162,1.67252,502.243,7.32439,F
403,1,HappyBirthday,1191,2555,M,1,0.00128299,0.552008,2.36769,0.401272,F
404,1,HappyBirthday,7,28835.5,F,1,0.00405966,3.75841,227.735,2.40251,F
404,1,HappyBirthday,248,8030.98,F,1,0.0191579,8.46545,26.5877,6.2858,F
404,1,HappyBirthday,1090,3285,F,1,0.162324,0.120418,82.5173,60.6303,F
405,1,HappyBirthday,1091,3285,M,1,0.00163806,1.81237,0.000112899,0.50947,F
405,1,Births,1476,0,M,0,0,0.0111482,0,0,F
406,1,HappyBirthday,345,5110,M,1,0.552892,1.50882,20.6276,268.207,F
406,1,HappyBirthday,1357,1095,F,1,0.000101108,0.863551,6083.41,0.25173,F
406,1,HappyBirthday,530,8395.62,M,1,0.000338226,0.502391,66.9499,0.127145,F
406,1,HappyBirthday,573,16425.7,F,1,0.278041,0.257546,12.6453,103.896,F
406,1,HappyBirthday,655,23725.7,F,1,0.037048,4.02785,918.646,26.0306,F
407,1,HappyBirthday,60,27010.3,F,1,0.000872712,6.4817,1050.21,1.35073,F
407,1,HappyBirthday,1192,2555,F,1,0.00975486,0.0155129,6.69962,3.12732,F
407,1,HappyBirthday,641,20805.1,F,1,0.169047,6.69172,9.56718,58.3632,F
408,1,HappyBirthday,134,9125.38,M,1,0.257912,4.44951,569.81,295.07,F
408,1,HappyBirthday,259,20805.8,M,1,0.000239648,0.357762,213.522,0.0763618,F
408,1,HappyBirthday,390,8760.59,F,1,0.25362,0.110343,2271.92,775.267,F
408,1,HappyBirthday,1238,2190,M,1,0.5522,0.347021,3792.8,307.255,F
409,1,HappyBirthday,313,8760.75,F,1,0.00543536,0.481315,19.6408,1.7502,F
409,1,HappyBirthday,1193,2555,M,1,3.84128e-07,0.169708,3096.33,0.00142018,F
410,1,HappyBirthday,1410,730,M,0,0,0.00813181,0,0,F
410,1,HappyBirthday,285,6570.94,F,1,0.014972,1.18078,3294.8,7.42296,F
410,1,HappyBirthday,575,5840.6,F,1,0.00100369,0.0469444,7.0948,0.317004,F
410,1,HappyBirthday,880,22265.2,M,1,0.131433,0.531781,1374.58,220.181,F
411,1,HappyBirthday,474,4380.71,F,1,0.0179702,0.536423,7090.11,6.72072,F
411,1,HappyBirthday,762,5840.09,F,1,2.66698e-05,1.66671,36.3714,0.00941031,F
411,1,HappyBirthday,915,4380.2,F,1,0.00121132,1.96633,5.08351,0.381366,F
412,1,HappyBirthday,1317,1460,F,1,0.0469502,1.19605,86.0787,15.7124,F
412,1,HappyBirthday,154,5840.58,F,1,0.00676771,1.49405,9.39476,2.15106,F
412,1,HappyBirthday,1316,1460,M,1,0.442914,0.0253643,168.257,207.1,F
412,1,HappyBirthday,1441,365,F,1,0.322616,0.0979171,46.0331,135.874,F
412,1,HappyBirthday,1239,2190,M,1,0.00442827,0.52701,0.00194714,1.37951,F
413,1,HappyBirthday,262,30295.6,F,1,0.468678,0.221762,2.37613,196.791,F
413,1,HappyBirthday,499,12045.6,F,1,0.0017911,0.224953,14.3528,0.564237,F
413,1,HappyBirthday,509,4380.53,F,1,0.0940707,0.120248,0.406056,30.7089,F
414,1,HappyBirthday,1149,2920,M,1,0.0968278,2.27825,14.6621,33.7122,F
414,1,HappyBirthday,331,12045,F,1,0.590968,0.142072,491.058,289.094,F
414,1,HappyBirthday,1411,730,M,1,0.00107562,0.47129,96550.1,7.64562,F
414,1,Births,1477,0,M,0,0,2.70768,0,0,F
415,1,HappyBirthday,1283,1825,F,1,0.258354,0.086919,34046,867.95,F
415,1,HappyBirthday,495,13870.5,M,1,0.0138564,0.620957,0.126894,4.33639,F
415,1,HappyBirthday,1412,730,F,1,0.00043178,0.500497,14.4335,0.134985,F
417,1,HappyBirthday,1092,3285,F,1,0.0406994,0.451304,2901.24,43.1196,F
418,1,HappyBirthday,3,5475.15,M,1,0.000160079,0.0410445,0,0.04979,F
418,1,HappyBirthday,141,11680,F,1,0.0945488,0.325884,2360.87,35.1204,F
418,1,HappyBirthday,233,6570.64,M,1,0.0248768,0.260559,0.035034,7.82955,F
419,1,HappyBirthday,1413,730,M,1,0.0500597,0.248644,29.0279,16.02,F
419,1,HappyBirthday,607,16790.9,F,1,0.0165215,0.368942,18559.7,25.2748,F
419,1,HappyBirthday,662,12775.9,M,1,5.17933e-05,7.28925,370.705,0.0251794,F
419,1,HappyBirthday,781,12775.7,M,1,0.00140527,9.58674,654.836,0.466425,F
420,1,HappyBirthday,135,16790.7,M,1,0.19023,1.54032,580.295,84.311,F
420,1,HappyBirthday,1442,365,M,1,0.428078,0.107304,220.991,227.168,F
421,1,HappyBirthday,296,19345.7,F,1,0.00593386,0.963649,2625.2,4.27447,F
421,1,HappyBirthday,370,7665.35,M,1,0.10244,0.223791,43.9025,33.5947,F
421,1,HappyBirthday,1195,2555,M,1,0.00224778,2.89063,0.00210713,0.699174,F
421,1,Births,1478,0,F,0,0,0.00312498,0,0,F
422,1,HappyBirthday,15,35040.4,F,1,0.00499445,1.69786,10.2702,1.5837,F
422,1,HappyBirthday,1240,2190,M,1,0.667011,0.525703,14940.5,443.246,F
422,1,HappyBirthday,149,23360,M,1,0.321679,1.18336,0.105814,120.639,F
422,1,HappyBirthday,181,8030.38,F,1,0.00703093,2.1695,0.0074188,2.19276,F
422,1,HappyBirthday,1415,730,M,1,0,0.0251808,6.07992,0,F
422,1,HappyBirthday,1414,730,M,1,0.578842,0.624252,245.498,373.815,F
422,1,HappyBirthday,984,16790.6,M,1,0.00020374,3.68497,90.5102,0.0869208,F
423,1,HappyBirthday,263,12775.2,F,1,0.0758771,0.0705133,13.1541,24.5336,F
423,1,HappyBirthday,1093,3285,M,1,0.109119,1.93486,75.8099,36.2278,F
423,1,HappyBirthday,680,8760.54,F,1,0.00023927,2.04851,12976.9,1.99607,F
424,1,HappyBirthday,130,20440.1,F,1,0.0232954,0.289172,1.11465,7.3265,F
425,1,HappyBirthday,1196,2555,M,1,0.00340673,0.804145,12.6601,1.06244,F
425,1,HappyBirthday,291,24090.1,F,1,2.62133e-06,4.679,12.5188,0.0008374,F
425,1,HappyBirthday,346,14235.2,F,1,0.559208,0.993371,53.1582,255.351,F
425,1,HappyBirthday,1416,730,M,1,0.605331,0.0446386,7921.92,476.922,F
425,1,HappyBirthday,673,20440.6,M,1,0.0911158,4.10072,1163.63,30.241,F
425,1,HappyBirthday,778,5840.92,M,1,0.0559497,2.33869,11608.1,37.409,F
426,1,HappyBirthday,585,16425.3,F,1,0.0138771,2.28016,0.000999,4.34277,F
427,1,HappyBirthday,429,6935.08,F,1,0.00100732,0.0428155,10.8343,0.313906,F
427,1,HappyBirthday,491,24820.6,M,1,0.0115449,6.48874,47.9999,3.84629,F
427,1,HappyBirthday,552,10220.4,F,1,0.00208015,1.66389,0.0836468,0.6475,F
427,1,HappyBirthday,574,9490.83,M,1,0.0267935,3.82818,576.546,16.7044,F
427,1,HappyBirthday,921,9125.44,M,1,0.0123429,0.932241,1006.29,17.8402,F
427,1,Births,1479,0,M,0,0,0.254446,0,0,F
428,1,HappyBirthday,290,16790,M,1,5.77428e-05,22.5713,4636.99,0.0381298,F
428,1,HappyBirthday,381,11315.4,M,1,0.0579007,0.91167,2161.33,21.2816,F
428,1,HappyBirthday,609,4745.69,M,1,0.000868517,3.68192,20.9179,0.273287,F
429,1,HappyBirthday,1284,1825,M,1,0.105513,0.563388,719.577,36.5674,F
429,1,HappyBirthday,343,10220,M,1,0.0340883,12.3457,52.1196,12.2471,F
431,1,HappyBirthday,826,7300.21,M,1,0.000163111,0.422993,9.37018,0.050915,F
431,1,Births,1480,0,M,0,0,0.0595313,0,0,F
432,1,HappyBirthday,1318,1460,M,1,0.349281,0.330021,1730.63,445.958,F
432,1,HappyBirthday,254,15695.3,F,1,0.146584,1.78823,133.218,49.6329,F
432,1,HappyBirthday,1319,1460,M,1,0.00301204,1.10952,68.4428,1.02917,F
432,1,HappyBirthday,995,13140,F,1,0.0101324,32.7425,1766.47,3.1705,F
432,1,HappyBirthday,1197,2555,M,1,0.112947,0.0927722,0.187266,37.2618,F
433,1,HappyBirthday,84,12410.7,F,1,0.0988134,0.281354,26937.3,176.278,F
433,1,HappyBirthday,1007,4015,F,1,0.158787,6.97474,54.9939,62.8089,F
434,1,HappyBirthday,137,33945.1,M,1,0.0305392,2.96168,493.083,12.1142,F
434,1,HappyBirthday,1443,365,F,1,0.270859,4.2726,22796.9,433.944,F
434,1,HappyBirthday,1008,4015,M,1,0.00150422,0.0575119,26.5311,0.515104,F
435,1,HappyBirthday,11,21900.9,M,1,0.00343977,0.59861,12.9373,1.08509,F
435,1,HappyBirthday,1320,1460,F,1,0.554684,0.165632,20164.3,1132.38,F
435,1,HappyBirthday,824,9125.32,F,1,0.206237,0.151872,67.4556,85.5384,F
435,1,HappyBirthday,908,4380.6,M,1,0.0498136,0.12275,1.31478,15.9679,F
436,1,HappyBirthday,1009,4015,M,1,0.069594,0.0934068,11.7468,23.0656,F
437,1,HappyBirthday,464,4380.27,F,1,0.00675246,1.09892,0.349845,2.10572,F
437,1,HappyBirthday,804,20075.7,F,1,0.131821,1.97178,4.87952,44.1454,F
437,1,HappyBirthday,899,9490.59,F,1,0.214626,10.4434,76.7893,83.4614,F
438,1,HappyBirthday,1095,3285,M,1,0.0891781,1.95105,180.096,40.2926,F
438,1,HappyBirthday,1053,3650,M,1,0.0157875,1.30387,2156.36,5.91309,F
438,1,HappyBirthday,556,18250.8,F,1,0.0456032,2.3473,11.5861,14.5625,F
438,1,HappyBirthday,1094,3285,M,1,0.00305934,0.561383,19.7609,0.985093,F
439,1,HappyBirthday,1243,2190,F,1,0.00436856,0.0313978,229.515,2.6464,F
439,1,HappyBirthday,549,8760.63,F,1,0.000784995,0.60454,2222.71,0.961276,F
439,1,HappyBirthday,1010,4015,M,1,0.0543279,0.294322,59.8531,20.8905,F
440,1,HappyBirthday,44,10220,F,1,0.00689847,0.179947,195.612,3.80435,F
440,1,HappyBirthday,214,4380.43,M,1,0.609365,1.23692,0.822006,292.429,F
441,1,HappyBirthday,470,12045.5,F,1,8.79884e-05,2.33646,34.7892,0.0287174,F
441,1,HappyBirthday,1417,730,F,1,0.325543,0.821292,41.405,143.435,F
442,1,HappyBirthday,1285,1825,M,1,0.00498888,0.167548,26655,16.0227,F
443,1,HappyBirthday,1055,3650,F,1,0.0612421,0.660083,2562.36,22.7356,F
443,1,HappyBirthday,711,6935.47,F,1,1.86322e-05,13.5483,246.996,0.00825858,F
443,1,HappyBirthday,946,19345.4,M,1,0.000380716,0.0430316,0.0125532,0.118319,F
444,1,HappyBirthday,37,16790.9,M,1,0.00113299,0.354519,0.0026244,0.352215,F
444,1,HappyBirthday,246,29565.9,M,1,0.0538898,0.0398242,3133.15,82.2988,F
444,1,HappyBirthday,261,5110.04,F,1,0.545319,0.0969747,35.232,245.177,F
444,1,HappyBirthday,1096,3285,F,1,0.00931484,0.120785,165.698,4.379,F
445,1,HappyBirthday,175,11680.4,F,1,4.3757e-07,0.135202,5671.63,0.001375,F
445,1,HappyBirthday,1444,365,M,1,0.155198,0.146599,59155.5,588.706,F
445,1,HappyBirthday,892,6935.17,M,1,0.00489799,0.37161,1199.66,1.79989,F
446,1,HappyBirthday,769,6570.91,M,1,0.00159724,3.83322,4.7061,0.499394,F
446,1,HappyBirthday,1321,1460,F,1,0.00364169,0.0579271,47.3165,1.35864,F
447,1,HappyBirthday,307,17885.7,M,1,8.06134e-05,0.297201,6.47006,0.0252964,F
447,1,HappyBirthday,874,5475.21,M,1,0.354243,0.388487,2195.45,167.942,F
447,1,HappyBirthday,919,35770.9,F,1,0.00142265,0.973216,0.614212,0.442575,F
447,1,Births,1481,0,F,0,0,0.237315,0,0,F
448,1,HappyBirthday,120,15330.2,M,1,0.00539437,0.758943,2330.18,2.06777,F
448,1,HappyBirthday,1360,1095,F,1,0.06148,0.202373,0.566113,19.7248,F
448,1,HappyBirthday,384,19345,M,1,0.114052,0.201113,8.74214,39.2537,F
448,1,HappyBirthday,483,17520.5,F,1,0.000823817,0.413715,55.4157,0.257589,F
448,1,HappyBirthday,674,19345.1,M,1,0,1.76581,14.451,0,F
449,1,HappyBirthday,111,4380.25,F,1,0.00712509,7.10601,13.418,2.33258,F
449,1,HappyBirthday,1286,1825,M,1,0.0190893,0.613606,2836.03,6.52807,F
449,1,HappyBirthday,1151,2920,F,1,0.143344,0.0715816,1533.34,78.439,F
449,1,HappyBirthday,1097,3285,F,1,0.385132,1.17372,246.744,264.053,F
450,1,HappyBirthday,624,4745.44,F,1,0.0364718,0.805619,0.173841,11.5467,F
451,1,HappyBirthday,1012,4015,F,1,0.00443386,9.47977,768.439,2.93679,F
452,1,HappyBirthday,220,6935.83,F,1,0.00326236,3.05953,0.000262205,1.01574,F
452,1,HappyBirthday,835,29930.5,F,1,0.0972792,1.07152,978.329,135.827,F
452,1,HappyBirthday,941,4745.03,F,1,0.0538506,1.68569,22.9144,19.0941,F
453,1,HappyBirthday,1201,2555,M,1,0.00163198,0.803502,64.7543,0.555189,F
453,1,HappyBirthday,198,17885.1,F,1,0.0399422,0.706637,537.045,12.8411,F
453,1,HappyBirthday,865,4380.72,M,1,0.0130491,0.404018,24.4679,4.50643,F
453,1,HappyBirthday,1361,1095,F,1,0.0981336,0.0847988,0.16583,32.1213,F
454,1,HappyBirthday,1362,1095,M,1,0.00545842,0.252289,9450.9,16.6112,F
455,1,HappyBirthday,611,15695.5,M,1,0.000855973,0.623181,0.823111,0.266297,F
455,1,HappyBirthday,1445,365,M,1,1.94031e-06,0.0172733,156223,0.0183729,F
455,1,HappyBirthday,913,5110.1,M,1,0.000736286,0.874095,46.8626,0.247167,F
455,1,HappyBirthday,1013,4015,F,1,0.230074,0.420146,11.7956,82.7283,F
455,1,Births,1482,0,M,0,0,0.142793,0,0,F
456,1,HappyBirthday,213,7665.46,M,1,0.0462173,1.50422,0.05988,14.7062,F
456,1,HappyBirthday,1323,1460,M,1,0.574671,0.0926666,7125.77,648.397,F
457,1,HappyBirthday,12,15330.9,M,1,0.00155926,0.287921,0.140134,0.484919,F
457,1,HappyBirthday,414,18250,M,1,0.00147234,2.00714,0.799452,0.457987,F
459,1,HappyBirthday,406,5840.69,F,1,2.15029e-05,0.151242,0,0.00668421,F
460,1,HappyBirthday,105,5840.5,F,1,0.0104015,0.322636,9404.43,8.46754,F
460,1,HappyBirthday,224,31755.7,F,1,0.00652158,2.09979,16.4593,2.12187,F
461,1,HappyBirthday,1418,730,F,1,0.232807,0.322419,963.704,88.7863,F
461,1,HappyBirthday,1419,730,M,1,0.0059716,0.15092,703.367,2.71962,F
461,1,HappyBirthday,982,4745.03,M,1,0.015049,0.338483,0.548164,4.71403,F
462,1,HappyBirthday,144,8030.74,F,1,0.142948,3.42204,730.564,61.5104,F
462,1,HappyBirthday,159,10585.3,M,1,0.00484035,1.55598,1199.98,8.81421,F
462,1,HappyBirthday,1324,1460,M,1,0.000893469,0.127183,0.508034,0.278151,F
462,1,HappyBirthday,952,7300.04,F,1,0.00259124,2.62078,30.7232,0.845457,F
462,1,HappyBirthday,1287,1825,M,1,0.000342754,0.617858,3178.01,0.141731,F
463,1,HappyBirthday,1152,2920,F,1,0.0214809,0.0408741,1172.25,24.1223,F
464,1,HappyBirthday,203,9125.35,M,1,0.000511914,1.41807,176.523,0.169139,F
464,1,HappyBirthday,863,5110.11,M,1,0.0116353,1.13831,154.62,6.02267,F
465,1,HappyBirthday,1446,365,F,1,0,0.0127013,0,0,F
465,1,HappyBirthday,682,6205.91,M,1,0.104326,2.15745,619.587,34.6563,F
466,1,HappyBirthday,521,5110.98,F,1,0.0190939,1.23638,51.8523,6.45114,F
466,1,HappyBirthday,551,15695.2,M,1,0.000844626,0.343491,215.364,0.495419,F
466,1,HappyBirthday,878,14235.8,F,1,0.0297438,0.758922,76.0095,11.0881,F
467,1,HappyBirthday,1364,1095,M,1,0.000192441,1.64541,3228.19,0.304946,F
467,1,HappyBirthday,482,5475.3,F,1,0.0889381,1.29786,0.251309,28.9467,F
467,1,HappyBirthday,1101,3285,F,1,0.0193533,0.857129,76.4569,7.80726,F
467,1,HappyBirthday,832,5840.09,F,1,0.0225075,1.24602,915.317,13.1685,F
467,1,HappyBirthday,1363,1095,F,1,0.529861,0.224802,14784.9,757.228,F
467,1,HappyBirthday,1153,2920,M,1,3.75122e-05,0.00568917,43.9127,0.0124364,F
468,1,HappyBirthday,968,12775.8,F,1,0.00142048,1.21897,54.0497,0.44219,F
469,1,HappyBirthday,1289,1825,F,1,0.0467704,3.54949,447.212,24.3278,F
469,1,HappyBirthday,1288,1825,F,1,0.497956,0.339381,341.148,468.271,F
469,1,HappyBirthday,1244,2190,F,1,0.0570627,3.27612,5882.85,76.6135,F
470,1,HappyBirthday,613,18615.3,F,1,0.027368,2.20619,356.397,12.968,F
470,1,HappyBirthday,888,12045.1,M,1,0.0871337,3.74628,28.2664,29.3499,F
471,1,HappyBirthday,268,16790.3,M,1,0.00268511,1.71162,0.0129904,0.835424,F
471,1,HappyBirthday,402,31755.9,M,1,0.0202574,1.17386,82.989,6.40491,F
471,1,HappyBirthday,754,26645.1,M,1,0.00360419,0.0995229,2776.68,1.72282,F
471,1,HappyBirthday,1058,3650,M,1,0.000324598,0.368079,773.32,0.119755,F
472,1,HappyBirthday,1365,1095,F,1,0.00216195,0.00634315,5.43218,0.673472,F
472,1,HappyBirthday,185,12410.2,M,1,0.000811449,0.686688,2.11669,0.252936,F
472,1,HappyBirthday,205,7665.07,M,1,0.00088093,0.349427,10.6995,0.273906,F
472,1,HappyBirthday,223,12410.7,F,1,0.000106328,2.75955,5.37904,0.0334798,F
472,1,HappyBirthday,1102,3285,M,1,0.0215342,0.229444,1674.01,8.77106,F
472,1,HappyBirthday,1447,365,M,1,0.674525,0.65837,30692,1405.79,F
473,1,HappyBirthday,155,7665.48,F,1,3.42346e-06,0.252447,1195.17,0.0061018,F
474,1,HappyBirthday,1155,2920,F,1,0.526189,16.818,16163.1,248.149,F
475,1,HappyBirthday,885,5110.08,M,1,0.00135897,0.222531,0.00174904,0.422646,F
476,1,HappyBirthday,400,4745.76,M,1,0.429645,0.57187,274.431,373.237,F
476,1,HappyBirthday,472,8395,M,1,0.695899,0.610826,36.558,415.8,F
476,1,HappyBirthday,807,8030.42,F,1,8.7606e-05,2.60296,56938.4,0.315864,F
476,1,HappyBirthday,1156,2920,F,1,0.0129836,0.705375,106.504,5.95053,F
476,1,HappyBirthday,997,12045.9,M,1,0.174138,0.09081,119.618,77.3292,F
477,1,HappyBirthday,289,20440.6,F,1,0.00234354,0.146865,26.1102,0.756115,F
477,1,HappyBirthday,1366,1095,M,1,0.689851,0.0224246,2408.79,432.828,F
478,1,HappyBirthday,1203,2555,F,1,0.214018,1.37226,2966.48,84.2562,F
479,1,HappyBirthday,69,6570.49,M,1,0.12948,2.16943,63.1882,53.2213,F
479,1,HappyBirthday,1245,2190,M,1,0.00827665,2.21734,0.0537244,2.58236,F
479,1,Births,1483,0,F,0,0,0.143381,0,0,F
480,1,HappyBirthday,1016,4015,F,1,0.000390035,0.0510773,9919.64,2.64829,F
480,1,HappyBirthday,719,6570.48,F,1,0.00499274,12.6672,0.172504,1.55595,F
480,1,HappyBirthday,1204,2555,M,1,0.00523157,0.154549,176.528,2.31791,F
480,1,HappyBirthday,1290,1825,M,1,0.10145,0.15816,1727.22,46.7068,F
480,1,HappyBirthday,1017,4015,F,1,0.00042845,0.501398,0.269461,0.133188,F
482,1,HappyBirthday,1291,1825,F,1,0.0168747,0.0839637,5573.16,70.3436,F
482,1,HappyBirthday,727,25550.7,M,1,0.000633416,1.8954,6e-07,0.196903,F
483,1,HappyBirthday,1104,3285,F,1,0.0112632,0.0787798,115.099,4.63637,F
483,1,HappyBirthday,1448,365,M,1,0.0047538,0.460802,8.41411,1.52332,F
483,1,Births,1484,0,F,0,0,0.0568895,0,0,F
484,1,HappyBirthday,177,4745.39,M,1,0.00561626,0.44087,68.2879,2.27698,F
484,1,HappyBirthday,435,10585.3,M,1,0.000582094,6.2545,45268.2,3.51495,F
485,1,HappyBirthday,1449,365,M,1,0.69726,1.15227,107.609,455.032,F
485,1,HappyBirthday,1060,3650,M,1,0.00073471,0.0594875,8124.03,0.452086,F
486,1,HappyBirthday,386,4745.28,F,1,7.89104e-07,0.158384,0.503279,0.000247623,F
487,1,HappyBirthday,970,6205.23,F,1,0.0182168,0.208642,114.402,8.61497,F
488,1,HappyBirthday,1207,2555,F,1,0.0524749,3.58449,24683.6,39.5642,F
488,1,HappyBirthday,281,11315.5,M,1,0.0564815,0.4567,41.1798,18.4613,F
488,1,HappyBirthday,421,21170.3,F,1,0.000953351,1.86866,0.445445,0.296888,F
488,1,HappyBirthday,720,10220.8,F,1,0.000234834,0.0925387,2414.89,0.0734238,F
488,1,HappyBirthday,819,16425.4,F,1,0.0126379,0.925132,210.553,3.99984,F
488,1,HappyBirthday,1206,2555,F,1,0.759135,0.0524853,14.9801,462.143,F
488,1,HappyBirthday,1205,2555,M,1,0.00185898,0.663745,0.00128327,0.578148,F
489,1,HappyBirthday,561,12410.6,F,1,0.000963251,1.38208,2219.06,1.2448,F
489,1,HappyBirthday,753,33215.6,F,1,0.0168432,17.3806,0.32282,5.28131,F
489,1,HappyBirthday,845,12045.3,M,1,0.0036076,0.0158715,169.545,1.12318,F
489,1,HappyBirthday,1450,365,F,1,0.00336451,0.105373,0.0282944,1.04715,F
490,1,HappyBirthday,456,11680.3,M,1,0.0977689,0.509102,0.0359236,31.9762,F
490,1,HappyBirthday,1247,2190,M,1,0.00252436,0.786822,203.056,0.890162,F
490,1,HappyBirthday,1018,4015,F,1,0.689016,5.2498,68.4014,460.398,F
490,1,HappyBirthday,702,18250,M,1,6.20252e-07,0.133111,30666.9,0.002571,F
490,1,HappyBirthday,882,5475.84,F,1,0.158294,1.73231,3.87535,53.7961,F
491,1,HappyBirthday,188,5840.92,M,1,0.0431483,0.460027,342.38,20.7904,F
491,1,HappyBirthday,1367,1095,F,1,0.20404,0.63961,69023.7,1094.29,F
492,1,HappyBirthday,218,14965.8,F,1,0.00188126,1.9559,681.198,2.01141,F
492,1,HappyBirthday,397,6570.73,M,1,0.0578805,2.7377,1880.32,23.6326,F
492,1,HappyBirthday,1326,1460,M,1,0.000401161,3.88812,5246.42,0.736349,F
492,1,HappyBirthday,1327,1460,M,1,0.494728,0.686899,482.334,495.062,F
492,1,HappyBirthday,816,29200.4,M,1,0.00132972,0.718109,8.4e-06,0.413382,F
493,1,HappyBirthday,52,8395.83,F,1,0.00167571,0.216415,1230.9,1.4882,F
494,1,HappyBirthday,1248,2190,M,1,0.0526329,0.0423875,0.000893811,16.8053,F
494,1,HappyBirthday,708,31025.5,F,1,0,110.019,526.825,0,F
494,1,HappyBirthday,728,12410.5,M,1,0.0108983,0.128637,0.290866,3.40946,F
496,1,HappyBirthday,243,10220.6,M,1,0.00323983,0.749853,3.27428,1.01237,F
496,1,HappyBirthday,1292,1825,M,1,0.00495908,0.0512188,2618.81,3.15426,F
496,1,HappyBirthday,635,18615.2,F,1,9.01083e-05,1.10689,57.4577,0.0307806,F
496,1,HappyBirthday,910,9855.75,M,1,0.00383915,0.57855,137.698,1.49758,F
496,1,HappyBirthday,988,4745.7,M,1,0.0046505,1.54588,4300.99,2.95661,F
497,1,HappyBirthday,773,6570.75,F,1,2.0959e-05,0.566396,53.6987,0.00679364,F
498,1,HappyBirthday,1106,3285,F,1,0.000181693,0.467123,23589.6,0.737244,F
498,1,HappyBirthday,645,7665.81,M,1,0.012182,1.344,29.8217,4.0042,F
499,1,HappyBirthday,1369,1095,M,1,0.00344683,0.201423,5361.09,1.3511,F
499,1,HappyBirthday,319,10220.1,F,1,0.000699253,1.75531,4.41101,0.217824,F
499,1,HappyBirthday,1451,365,M,1,0.000437592,0.0948538,136702,4.58107,F
500,1,HappyBirthday,70,6205.01,M,1,0.000689062,0.404808,0.125327,0.21419,F
500,1,Births,1485,0,M,0,0,0.0451749,0,0,F
501,1,HappyBirthday,357,11680.8,M,1,0.00662036,0.0387682,80.3788,2.52148,F
502,1,HappyBirthday,1452,365,F,1,0.0201922,1.65219,931.126,6.4085,F
502,1,HappyBirthday,502,9490.58,M,1,0.742426,0.201585,5.48544,421.61,F
502,1,Births,1486,0,M,0,0,0.227769,0,0,F
503,1,HappyBirthday,165,8760.93,M,1,4.62143e-05,0.493411,11844.8,0.347535,F
503,1,HappyBirthday,356,8760.58,M,1,0.0155598,0.316025,780.535,10.0712,F
503,1,HappyBirthday,572,27740.5,M,1,0.040124,0.0628722,17603.2,20.1606,F
503,1,HappyBirthday,1420,730,M,1,0.101617,0.511701,4741.7,37.8249,F
503,1,HappyBirthday,943,6570.56,M,1,0.000652817,6.6923,1477.32,0.204304,F
505,1,HappyBirthday,1453,365,M,1,1.63176e-05,0.662357,24669.6,0.161401,F
506,1,HappyBirthday,1328,1460,M,1,0.000620472,0.0809882,8.79842,0.193216,F
506,1,HappyBirthday,590,24090,F,1,0.000391439,0.87857,160.388,0.126798,F
506,1,HappyBirthday,706,7665.88,M,1,0.0122418,0.358999,244.542,6.58447,F
506,1,HappyBirthday,994,21170.7,F,1,0.011118,0.490285,2635.45,4.69147,F
507,1,HappyBirthday,1157,2920,F,1,0.0919196,0.0535365,35.3213,29.9668,F
507,1,HappyBirthday,147,6205.23,F,1,0.00320537,0.0513727,91.9527,1.2593,F
507,1,HappyBirthday,265,4380.32,M,1,0.00152206,0.0536369,9.14635,0.491969,F
507,1,Births,1487,0,F,0,0,0.0324901,0,0,F
508,1,HappyBirthday,777,9855.46,M,1,0.017709,2.2549,140.655,6.21675,F
509,1,HappyBirthday,71,6935.39,F,1,0.00454837,0.145932,0.293017,1.41707,F
509,1,HappyBirthday,176,28470.1,F,1,0.0115099,0.0803835,57.0803,3.62602,F
509,1,HappyBirthday,249,8395.67,F,1,0.0017922,9.97095,5215.37,0.63104,F
509,1,HappyBirthday,643,4380.22,F,1,0.0257928,0.112337,31.6342,8.50893,F
509,1,Births,1488,0,F,0,0,0.162807,0,0,F
510,1,HappyBirthday,782,16425,M,1,0.0810441,0.576749,0.550314,26.3124,F
511,1,HappyBirthday,97,14235.8,M,1,0.00224144,3.00047,671.225,0.745528,F
511,1,HappyBirthday,439,6205.32,M,1,0.0012692,0.454615,84.7846,0.405419,F
511,1,HappyBirthday,767,9490.99,F,1,0.000299128,0.00675444,115003,2.3061,F
512,1,HappyBirthday,1370,1095,M,1,0.0802694,0.176286,203.218,38.4356,F
512,1,HappyBirthday,344,11680.3,M,1,0.00401957,0.60287,159.374,1.30226,F
512,1,Births,1489,0,M,0,0,0.089362,0,0,F
513,1,HappyBirthday,236,5475.08,F,1,0.0121197,8.9782,3041.64,16.1545,F
513,1,HappyBirthday,1158,2920,M,1,0.152819,1.54499,3266.61,225.685,F
514,1,HappyBirthday,1454,365,M,1,0.445887,0.112008,3798.12,255.931,F
514,1,HappyBirthday,1022,4015,F,1,0.0416652,0.805078,42.6756,15.3293,F
514,1,HappyBirthday,695,9125.38,F,1,0.0167992,0.541831,118.361,5.33335,F
514,1,HappyBirthday,1063,3650,M,1,0.0307478,0.280767,10238.6,95.3221,F
514,1,HappyBirthday,789,29200.5,M,1,0.0257521,0.455481,1.10825,8.15131,F
514,1,HappyBirthday,1208,2555,M,1,1.93842e-07,0.290073,52341.4,0.00239348,F
515,1,HappyBirthday,409,29565.2,F,1,4.6684e-05,19.6813,755.507,0.019387,F
515,1,HappyBirthday,621,8030.3,F,1,0.00556932,0.355767,0.672766,1.74,F
516,1,HappyBirthday,1209,2555,M,1,0.0147482,0.0111676,0.00774929,4.61785,F
518,1,HappyBirthday,1371,1095,M,1,0.00935651,0.31164,337.488,4.32571,F
518,1,HappyBirthday,215,21535.9,F,1,0,0.305141,0.044704,0,F
518,1,HappyBirthday,235,20075.8,F,1,0.00600812,7.71508,0.275113,1.87259,F
518,1,HappyBirthday,833,8395.44,M,1,0.0119815,3.10644,411.442,3.7474,F
518,1,HappyBirthday,856,9490.53,F,1,0.0819168,1.46781,522.775,46.6053,F
518,1,Births,1490,0,M,0,0,0.146608,0,0,F
519,1,HappyBirthday,145,16425.7,F,1,0.00127775,3.38762,2.28e-05,0.397398,F
519,1,HappyBirthday,240,6205.94,F,1,0.0321175,1.63678,3.11008,10.1482,F
519,1,HappyBirthday,1249,2190,M,0,0,0.00515085,0,0,F
520,1,HappyBirthday,555,4745.96,F,1,0.187284,0.136558,8131.41,235.514,F
520,1,HappyBirthday,646,16425.5,M,1,0.00403548,5.29259,270.533,1.29104,F
521,1,HappyBirthday,668,5840.7,M,1,0.00334001,0.90975,1622.12,3.21996,F
521,1,HappyBirthday,1329,1460,M,1,0.475392,0.502771,3122.73,978.37,F
521,1,Births,1491,0,F,0,0,0.0336462,0,0,F
522,1,HappyBirthday,538,12775.9,F,1,0.187909,0.827609,1673.99,65.8693,F
523,1,HappyBirthday,393,7665.92,F,1,0,3.34877,2191.74,0,F
524,1,HappyBirthday,101,10220.5,M,1,0.0300484,0.353065,3.28575,9.48261,F
524,1,HappyBirthday,1064,3650,F,1,0.0771454,0.16521,15.8401,25.5445,F
524,1,Births,1492,0,M,0,0,0.0352266,0,0,F
525,1,HappyBirthday,1421,730,F,1,0.103389,6.82778,142.319,44.2796,F
525,1,HappyBirthday,494,12045.1,F,1,0.00400886,1.89712,60.0217,1.25693,F
526,1,HappyBirthday,1159,2920,M,1,0.482794,6.04761,2119.77,392.827,F
526,1,HappyBirthday,108,16790.1,F,1,1.84314e-07,0.109953,19576.5,0.0010108,F
526,1,HappyBirthday,1250,2190,F,1,0.00426636,0.104062,26443.9,3.32731,F
526,1,Births,1493,0,F,0,0,0.0892058,0,0,F
527,1,HappyBirthday,88,6570.1,M,1,0.211361,1.31549,1070.54,188.431,F
527,1,HappyBirthday,1422,730,M,1,0.448974,0.0846182,2093.43,286.631,F
527,1,HappyBirthday,1372,1095,F,1,0.0709124,0.931987,438.118,31.5442,F
528,1,HappyBirthday,31,10220.1,F,1,0.134729,0.340462,199.64,54.0146,F
528,1,HappyBirthday,364,11680.2,F,1,0.00250414,1.6605,0.578062,0.780202,F
528,1,HappyBirthday,478,5475.04,F,1,0.000434918,1.25739,19.749,0.136086,F
528,1,HappyBirthday,675,14965.9,M,1,0.00991235,7.92757,27.6279,3.50075,F
528,1,HappyBirthday,722,19710.2,M,1,6.13763e-07,0.738232,2349.33,0.0008352,F
528,1,HappyBirthday,1293,1825,M,1,0.00236404,0.607925,32.6401,0.841609,F
529,1,HappyBirthday,725,18250.5,M,1,0.00650174,0.0686243,28.8756,2.31614,F
529,1,HappyBirthday,1330,1460,F,1,0.117116,0.242788,51.2212,39.4746,F
529,1,HappyBirthday,1331,1460,F,1,0.95579,0.325479,30.5326,983.442,F
530,1,HappyBirthday,86,10221,F,1,0.00174546,13.5027,64714.5,3.37912,F
530,1,HappyBirthday,1373,1095,F,1,0.00614697,0.144817,1.56215,1.93081,F
531,1,HappyBirthday,1023,4015,M,1,0.00618792,0.0306347,169.653,3.40551,F
531,1,HappyBirthday,923,14235.6,F,1,0.027639,0.130614,238.676,10.0479,F
532,1,HappyBirthday,257,15695.3,M,1,0.380902,4.63438,7784.43,206.807,F
532,1,HappyBirthday,1332,1460,M,1,0.00189558,0.337652,0.114563,0.589863,F
532,1,HappyBirthday,978,33215.8,F,1,0.000764197,0.532768,29.5759,0.246927,F
533,1,HappyBirthday,1333,1460,M,1,0.00854699,0.242457,15179.4,40.381,F
534,1,Births,1494,0,F,0,0,0.808239,0,0,F
535,1,HappyBirthday,49,17520.4,M,1,0.0479319,0.774075,172.402,25.3088,F
535,1,HappyBirthday,253,15695.6,M,1,0.0699697,0.704148,30.8638,25.6331,F
535,1,HappyBirthday,1423,730,F,1,0.0558638,0.30659,1.93285,17.869,F
535,1,HappyBirthday,889,6205.28,F,1,0.0721059,1.2932,673.667,44.7391,F
535,1,HappyBirthday,957,9125.1,F,1,0.00431343,3.85536,19.4909,1.35532,F
536,1,HappyBirthday,74,8760.87,M,1,0.126411,1.1302,113.109,45.4207,F
536,1,HappyBirthday,269,14965.4,M,1,0.000974991,0.262737,123.724,0.309308,F
536,1,HappyBirthday,901,4745.24,F,1,0.0798929,0.598246,0.65329,25.8955,F
537,1,HappyBirthday,1108,3285,M,1,0.499231,0.0384635,91.4616,226.581,F
538,1,HappyBirthday,72,11315.3,M,1,0.0592042,0.462927,3.60997,18.9672,F
538,1,HappyBirthday,1424,730,F,1,0.00532322,0.167178,8.91351,1.65997,F
538,1,HappyBirthday,447,9125.75,M,1,0.044949,1.37453,2.014,14.2927,F
538,1,HappyBirthday,693,9855.74,F,1,0.00210923,5.53758,3514.48,3.45855,F
539,1,HappyBirthday,380,19710.9,F,1,0.0132622,2.19233,435.417,4.56749,F
539,1,HappyBirthday,1160,2920,F,1,0.000339232,3.9326,921.141,0.118012,F
539,1,HappyBirthday,752,7300.04,M,1,0.00501538,13.5344,83.0069,1.57652,F
540,1,HappyBirthday,162,12775.8,F,1,0.00203591,4.19365,225.046,0.690698,F
540,1,HappyBirthday,190,12045.6,M,1,0.0139811,1.5397,31.907,4.41063,F
540,1,HappyBirthday,255,4380.45,M,1,0.0806933,0.407205,13.5189,26.2829,F
540,1,HappyBirthday,1374,1095,M,1,0.0806365,0.548113,64.1517,32.1447,F
540,1,HappyBirthday,898,9125.23,F,1,0.0260881,6.08606,889.723,9.7579,F
541,1,HappyBirthday,276,5840.23,M,1,0.000619469,2.03059,270.59,0.264247,F
541,1,HappyBirthday,468,17520.1,M,1,0.00636042,0.704885,371.988,2.97794,F
541,1,HappyBirthday,469,5110.78,F,1,0.00170153,1.16877,49.8419,0.607916,F
541,1,HappyBirthday,520,6935.59,F,1,0.000458063,0.974346,21273.5,1.07324,F
541,1,HappyBirthday,734,5475.02,F,1,0.117502,0.788118,12.0908,40.2013,F
542,1,HappyBirthday,79,15695.7,M,1,0.687648,0.681678,1.99531,362.865,F
542,1,HappyBirthday,1375,1095,F,1,0.0192127,0.253225,1790.94,6.47616,F
542,1,HappyBirthday,1211,2555,F,1,0.0317901,1.60104,65.4363,11.8043,F
543,1,HappyBirthday,1376,1095,M,1,0.197178,11.7332,23.5622,76.1505,F
544,1,HappyBirthday,333,7300.62,M,1,0.0340216,3.78248,1.37272,10.7822,F
544,1,HappyBirthday,407,6570.06,M,1,0.00366401,0.151961,0.00200091,1.14081,F
545,1,HappyBirthday,1161,2920,F,1,0.00027499,0.0799503,0.624481,0.0855164,F
545,1,HappyBirthday,1109,3285,M,1,0.018763,0.139286,7217.24,27.4053,F
545,1,HappyBirthday,377,14965.8,M,1,0.000150331,3.53814,16879.9,0.532039,F
545,1,HappyBirthday,1455,365,M,1,0.0509706,0.0471314,84.0573,20.2837,F
546,1,HappyBirthday,332,27375.9,F,1,0.00750063,0.274932,0.0692822,2.3403,F
546,1,Births,1495,0,M,0,0,0.121828,0,0,F
547,1,HappyBirthday,96,6935.9,M,1,0.0257605,2.70049,0.0490245,8.11187,F
547,1,HappyBirthday,503,15330.9,M,1,0.0322807,1.33723,189.406,10.3077,F
547,1,HappyBirthday,959,4745.56,F,1,0.00154552,0.145812,13.9308,0.489417,F
547,1,Births,1496,0,M,0,0,0.296972,0,0,F
548,1,HappyBirthday,46,28470.9,M,1,0.00323146,0.114623,0.0383158,1.00635,F
548,1,HappyBirthday,174,25185,F,1,0.00158169,0.494295,277.82,0.972492,F
548,1,HappyBirthday,208,6935.03,M,1,0.00529429,1.1891,0.277839,1.64975,F
548,1,HappyBirthday,1456,365,F,1,0.211204,0.0437933,1054.79,178.877,F
548,1,HappyBirthday,701,6205.39,F,1,0.0141334,0.386453,147.726,7.12514,F
549,1,HappyBirthday,1457,365,F,1,0.000120855,0.482236,113.021,0.0444378,F
549,1,HappyBirthday,1252,2190,M,1,0.00139061,1.44223,18.5824,0.443692,F
549,1,HappyBirthday,490,13505,M,1,0.00820823,4.98162,1.38315,2.5707,F
549,1,HappyBirthday,1294,1825,M,1,0.110732,0.931781,207.275,45.5093,F
549,1,HappyBirthday,730,13140.3,F,1,0.000136294,0.504143,2.88768,0.0423552,F
549,1,HappyBirthday,785,6935.48,M,1,0.0251463,2.12809,5.98023,7.98093,F
549,1,HappyBirthday,829,27375,M,1,0.00172908,7.41718,156.791,0.899912,F
550,1,HappyBirthday,39,6570.99,M,1,0.0398778,0.284385,15.5173,12.8663,F
550,1,HappyBirthday,1425,730,F,1,0.0430925,0.206415,132.089,15.8366,F
550,1,HappyBirthday,449,13870,F,1,0.00335138,7.30174,274.463,2.2094,F
550,1,HappyBirthday,736,13140,F,1,0.00567572,0.407036,769.268,3.9827,F
550,1,HappyBirthday,1212,2555,M,1,0.000632635,4.21334,8420.85,0.602597,F
551,1,HappyBirthday,1110,3285,F,1,0.00702435,1.56331,58.5047,2.4278,F
551,1,HappyBirthday,271,31025.4,M,1,0.00154958,0.077087,0.0227384,0.482233,F
551,1,HappyBirthday,1163,2920,F,1,0.0125918,0.300593,18.1422,4.29266,F
551,1,HappyBirthday,893,17885.1,M,1,0.000802371,0.0398315,70.72,0.277261,F
552,1,HappyBirthday,1111,3285,M,1,0.105746,0.372397,0.402719,34.739,F
552,1,HappyBirthday,926,9855.13,F,1,5.44571e-06,0.540399,86.6894,0.0018952,F
552,1,HappyBirthday,1337,1460,F,1,0.0160154,0.172821,22158.9,87.9921,F
553,1,HappyBirthday,142,8030.26,F,1,0.0501429,4.52229,858.977,16.2198,F
553,1,HappyBirthday,341,29200.5,M,1,0.119244,0.381723,34.1469,39.4629,F
553,1,HappyBirthday,1377,1095,M,1,0.00597731,0.0919572,24.1952,2.06785,F
553,1,HappyBirthday,873,25550.2,M,1,0.018579,4.48123,3.15277,5.85443,F
553,1,HappyBirthday,1458,365,F,1,0.130169,0.246103,767.497,136.576,F
554,1,HappyBirthday,1164,2920,F,1,0.331836,0.067137,57.1589,125.575,F
554,1,HappyBirthday,677,5475.03,M,1,0.000835666,0.0892995,93.5662,0.264824,F
555,1,HappyBirthday,1426,730,F,1,0.136918,0.119167,88526.5,1148.09,F
555,1,HappyBirthday,65,10950.1,F,1,0.0714049,2.77977,14.2766,24.5916,F
555,1,HappyBirthday,66,4380.75,M,1,0.219197,0.415162,153.187,87.5017,F
555,1,Births,1497,0,F,0,0,0.0562527,0,0,F
556,1,HappyBirthday,1459,365,F,1,0.129356,0.0733251,31847.1,169.007,F
556,1,HappyBirthday,517,16425.8,F,1,0.0247975,2.33107,0.0740748,7.80375,F
556,1,HappyBirthday,703,8030.76,F,1,1.63253e-05,0.370093,12.8819,0.0051618,F
557,1,HappyBirthday,17,5475.94,M,1,0,0.504439,8721.92,0,F
557,1,Births,1498,0,M,0,0,0.0212032,0,0,F
557,1,Births,1499,0,M,0,0,0.0115726,0,0,F
558,1,HappyBirthday,1378,1095,M,1,0.00250663,0.0278501,477.983,1.03638,F
558,1,Births,1500,0,M,0,0,0.0178644,0,0,F
559,1,HappyBirthday,1165,2920,M,1,0.00035794,0.103437,69528.1,1.75369,F
559,1,HappyBirthday,790,22265.8,F,1,0.00776802,0.376258,1.32502,2.43932,F
560,1,HappyBirthday,304,5475.03,F,1,0.013712,8.06661,2.42016,4.32645,F
560,1,HappyBirthday,1112,3285,F,1,0.256753,2.3607,282.214,166.933,F
561,1,HappyBirthday,1295,1825,F,1,0.00416693,1.00081,16.1824,1.36426,F
561,1,HappyBirthday,1379,1095,F,1,0.119472,0.560069,3130.31,367.987,F
561,1,HappyBirthday,884,17885,M,1,0.139919,2.42282,1156.45,179.757,F
561,1,HappyBirthday,940,23360.5,M,1,0.000894242,4.56903,1337.79,1.32583,F
562,1,HappyBirthday,200,4380.68,M,1,4.61064e-05,1.63466,6.94115,0.0144131,F
562,1,HappyBirthday,363,35770.1,M,1,0.0398926,4.04582,172.243,13.8833,F
563,1,HappyBirthday,1427,730,F,1,0.00711575,2.07364,3736.05,3.95409,F
563,1,HappyBirthday,504,13505.9,F,1,0.0077186,0.299399,6618.4,3.33176,F
563,1,HappyBirthday,1380,1095,M,1,0.459681,1.19573,84.0888,222.784,F
564,1,HappyBirthday,1460,365,F,1,0.00621815,0.00254211,72.1623,2.15221,F
564,1,HappyBirthday,581,12775.5,F,1,1.8727e-06,1.9329,7716.68,0.0054618,F
565,1,HappyBirthday,1066,3650,M,1,0.0158766,0.811193,27691.9,17.3083,F
565,1,HappyBirthday,1027,4015,F,1,0.00048556,1.66296,12263.8,2.29508,F
566,1,HappyBirthday,61,11680.7,M,1,0.0991621,0.611052,46.0558,39.9605,F
566,1,HappyBirthday,81,19710.5,M,1,0.00135066,0.43479,2.3993,0.423533,F
566,1,HappyBirthday,1461,365,M,1,0.00566107,1.09517,60141.4,30.1398,F
566,1,HappyBirthday,614,13505.3,F,1,0.0938767,4.88314,97.2664,34.3717,F
566,1,HappyBirthday,820,12045.3,M,1,0.0165151,0.863655,231.212,5.44463,F
566,1,HappyBirthday,1296,1825,F,1,0.00382078,0.499378,6.75045,1.22869,F
567,1,HappyBirthday,143,8395.76,F,1,0.00122333,10.944,2.87972,0.381502,F
568,1,HappyBirthday,398,14235.8,M,1,0.0695661,1.70735,35.5453,25.5655,F
568,1,HappyBirthday,1382,1095,M,1,0.000768124,0.45946,7438.94,2.20778,F
568,1,HappyBirthday,669,7300.55,M,1,0.000788181,3.45677,1105.59,1.27483,F
568,1,Births,1501,0,M,0,0,0.00611887,0,0,F
569,1,HappyBirthday,32,4745.72,F,1,0.489385,0.300655,486.642,348.565,F
569,1,HappyBirthday,1068,3650,M,1,0.158162,0.0404894,942.346,57.3521,F
569,1,HappyBirthday,301,5475.19,M,1,0.721985,7.33157,8.58172,410.55,F
569,1,HappyBirthday,531,12775.7,M,1,0.0196302,0.161324,1869.8,7.24115,F
569,1,HappyBirthday,542,19345.7,M,1,0.000404164,0.812329,0.508675,0.125732,F
569,1,HappyBirthday,588,6935.94,M,1,0.00532414,0.292894,1.94602,1.66965,F
570,1,HappyBirthday,1114,3285,F,1,0.673307,0.0276645,104.93,374.607,F
570,1,HappyBirthday,115,4380.77,F,1,0.0782836,0.629939,0.292415,25.3427,F
570,1,HappyBirthday,308,5110.27,M,1,0.0184845,0.719593,76.4578,7.46465,F
570,1,Births,1502,0,M,0,0,0.203287,0,0,F
571,1,HappyBirthday,221,20440.1,M,1,0.00155157,0.433033,533.867,1.58432,F
571,1,HappyBirthday,644,13505.2,F,1,0.0207104,0.277772,144.921,6.50447,F
571,1,HappyBirthday,1069,3650,M,1,0.000394186,0.0444253,9005.74,1.12225,F
572,1,HappyBirthday,1028,4015,F,1,0.275765,7.29712,5672.56,158.352,F
572,1,HappyBirthday,1029,4015,F,1,0.00129391,1.61843,162.582,0.409442,F
572,1,HappyBirthday,1115,3285,F,1,0.0137187,11.2233,3039.47,41.6373,F
572,1,HappyBirthday,895,11680.6,F,1,0.20434,0.339559,702.956,74.1862,F
573,1,HappyBirthday,1383,1095,F,1,0.131635,2.65392,1242.68,209.92,F
573,1,HappyBirthday,761,11680.7,M,1,0.0704361,1.94016,284.344,46.2903,F
574,1,HappyBirthday,287,10950.9,F,1,0.159578,2.37228,118.309,54.3724,F
574,1,HappyBirthday,1070,3650,F,1,0.133638,0.0124324,21.3447,46.2106,F
574,1,HappyBirthday,1297,1825,M,1,0.0447239,0.442143,1208.77,65.3799,F
574,1,HappyBirthday,633,13140.4,M,1,0.0315536,11.0677,525.399,28.821,F
575,1,HappyBirthday,1254,2190,M,1,7.92994e-05,0.245554,1.70416,0.0247639,F
576,1,HappyBirthday,1384,1095,F,1,0.0105499,0.446512,29011.3,8.00696,F
576,1,HappyBirthday,875,11680.6,F,1,0.0187256,20.1623,1867.1,21.3738,F
577,1,HappyBirthday,314,24820.6,F,1,0.00571072,0.366133,632.084,3.37084,F
577,1,Births,1503,0,M,0,0,0.0264454,0,0,F
578,1,HappyBirthday,306,4745.97,M,1,0.149058,0.660195,14.2561,52.4288,F
579,1,HappyBirthday,1428,730,M,1,1.73744e-05,0.0467046,17275.2,0.185852,F
579,1,HappyBirthday,793,10585.2,F,1,0.00250494,1.28998,122.742,1.17475,F
579,1,HappyBirthday,1256,2190,F,1,0.0965723,0.785186,20.7768,33.2685,F
580,1,HappyBirthday,22,12410.1,M,1,0.00233396,0.900144,10.6435,0.759959,F
581,1,HappyBirthday,189,10221,M,1,0.00162352,0.421146,648.47,1.50868,F
581,1,HappyBirthday,197,12410.5,M,1,1.34435e-05,1.83074,2.51198,0.0041978,F
581,1,HappyBirthday,222,13505.2,M,1,0.1738,0.651067,30.9039,64.0493,F
581,1,HappyBirthday,342,4745.12,F,1,0.00420891,0.640616,101.042,1.31828,F
582,1,HappyBirthday,156,6205.59,F,1,0.0143885,0.13178,204.444,6.62733,F
582,1,HappyBirthday,1116,3285,M,1,0.0132666,2.28014,0.00214825,4.15081,F
582,1,HappyBirthday,1117,3285,M,1,2.91042e-06,0.451671,547.099,0.0031889,F
583,1,HappyBirthday,1118,3285,M,1,0.00129291,0.184292,35.9182,0.472539,F
583,1,HappyBirthday,1031,4015,M,1,0.00171859,0.30061,0.107666,0.534742,F
584,1,HappyBirthday,94,6205.6,M,1,0.038287,1.44991,474.07,19.5515,F
584,1,HappyBirthday,237,5475.12,M,0,0,0.00737786,0,0,F
584,1,HappyBirthday,305,15695.9,M,1,0.000245273,4.86805,1.66867,0.076955,F
584,1,HappyBirthday,631,16060.4,F,1,0.000955051,8.6446,0.125821,0.297034,F
585,1,HappyBirthday,748,11680.6,F,1,7.79556e-05,4.24522,1899.02,0.0848024,F
585,1,HappyBirthday,1071,3650,M,1,0.0528294,4.74298,156.927,18.001,F
585,1,HappyBirthday,1339,1460,F,1,0.00626689,0.190836,5916.49,33.2444,F
586,1,HappyBirthday,95,4745.25,F,1,0.188054,0.778507,46.5843,65.5299,F
586,1,HappyBirthday,776,5475.6,F,1,0.027981,0.209226,4.43769,8.97126,F
587,1,HappyBirthday,1462,365,M,1,0.770537,0.0871937,62.7247,484.348,F
588,1,HappyBirthday,76,24455,M,1,0.00411145,0.320753,416.67,1.37326,F
588,1,HappyBirthday,1214,2555,F,1,0.69617,0.512525,1216.87,421.184,F
588,1,HappyBirthday,1167,2920,F,1,5.86731e-05,0.397772,952.91,0.0771568,F
589,1,HappyBirthday,258,25915.9,M,1,0.00353804,2.19336,0.0418964,1.10164,F
589,1,HappyBirthday,1072,3650,M,1,0.00679412,3.31621,30.1821,2.14928,F
590,1,HappyBirthday,1215,2555,F,1,0.00384364,0.0616954,4.58572,1.19711,F
590,1,HappyBirthday,721,22995.5,M,1,0.00290003,4.51434,50.7821,0.935919,F
590,1,HappyBirthday,920,5110.1,M,1,0.111108,3.7825,2639.19,39.2172,F
591,1,HappyBirthday,1032,4015,F,1,0.00463722,0.419,1.05671,1.44908,F
592,1,HappyBirthday,881,6935.01,M,1,0.142735,87.7278,0.0230078,47.8624,F
592,1,HappyBirthday,1257,2190,F,1,0.012492,1.28095,14840.7,6.76212,F
593,1,HappyBirthday,484,17885.4,F,1,0.0366132,0.661385,24.5285,12.8646,F
593,1,HappyBirthday,1033,4015,M,1,0.0149673,0.660642,87.5284,5.37894,F
594,1,HappyBirthday,1298,1825,M,1,0.309676,0.334592,4854.36,172.048,F
594,1,HappyBirthday,1463,365,F,1,0.00681788,0.146216,40.1789,2.21166,F
595,1,HappyBirthday,75,10950.3,F,1,0.000306471,0.364016,0,0.0952262,F
595,1,HappyBirthday,454,21535.1,F,1,0.38196,1.34318,3.25761,149.558,F
595,1,HappyBirthday,810,13870.2,M,1,0.231691,2.60753,1763.04,262.047,F
595,1,HappyBirthday,850,6935.21,F,1,0.0346441,2.13996,23.7022,11.7289,F
595,1,HappyBirthday,986,6570.5,M,1,0.159945,0.117332,853.987,54.1689,F
596,1,HappyBirthday,1119,3285,F,1,0.379338,0.0582218,1.52618,148.903,F
596,1,HappyBirthday,408,8760.22,M,1,0,8.5959,94.067,0,F
597,1,HappyBirthday,57,16060.1,F,1,0.0164414,0.329428,0.026893,5.15298,F
597,1,HappyBirthday,462,16790.2,M,1,0.00139063,2.70785,9.52173,0.435427,F
597,1,HappyBirthday,918,24820.2,M,1,0.0134778,0.0261317,90.3793,4.23872,F
598,1,HappyBirthday,10,10220.8,F,1,0.0370115,1.64404,248.777,11.7358,F
598,1,HappyBirthday,212,11315.8,M,1,0.488601,0.378793,2231.67,246.046,F
598,1,HappyBirthday,1300,1825,M,1,0.411324,0.224336,18863.8,784.525,F
598,1,HappyBirthday,1073,3650,M,1,0.0150805,0.169357,108.236,5.78582,F
599,1,HappyBirthday,453,10585.8,M,1,0.0574946,3.09361,10.7283,19.344,F
599,1,HappyBirthday,1464,365,F,1,0.520182,0.0231977,27593.9,862.008,F
599,1,Births,1504,0,M,0,0,0.196549,0,0,F
600,1,HappyBirthday,126,8030.74,M,1,0.0251795,0.165778,663.302,11.841,F
600,1,HappyBirthday,1260,2190,F,1,0.250951,0.0585579,82.467,121.026,F
600,1,HappyBirthday,378,16790.8,F,1,9.3106e-05,5.05049,4221.93,0.0930902,F
600,1,HappyBirthday,496,8030.51,M,1,0.312781,5.34325,66.5563,117.424,F
600,1,HappyBirthday,636,13870.3,M,1,0.0174644,6.70522,223.03,6.14871,F
601,1,HappyBirthday,1342,1460,F,1,0.405147,0.263144,330.78,324.667,F
601,1,HappyBirthday,667,8395.82,M,1,0.00731519,3.73546,33.8653,2.41458,F
601,1,HappyBirthday,696,10585.2,M,1,0.0151924,10.8745,106.575,6.56806,F
602,1,HappyBirthday,665,7665.09,F,1,0.000709703,0.413943,1241.45,0.263183,F
602,1,HappyBirthday,688,7300.54,M,1,0.000215396,1.10063,33.0034,0.0763551,F
603,1,HappyBirthday,170,15695.7,M,1,0.0878344,3.55199,29.319,31.798,F
603,1,HappyBirthday,616,5110.11,F,1,0.110917,0.508688,222.354,44.9976,F
603,1,Births,1505,0,M,0,0,0.0667352,0,0,F
604,1,HappyBirthday,110,4380.13,F,1,1.20886e-05,0.0430039,12.5801,0.00382189,F
605,1,HappyBirthday,501,19710.4,F,1,0.00577082,1.40974,0.0001824,1.79902,F
606,1,HappyBirthday,519,8395.7,F,1,0.0539466,0.350278,469.615,27.9089,F
606,1,HappyBirthday,927,20440.7,M,1,0.00116697,1.14774,917.459,0.827246,F
607,1,HappyBirthday,83,4745.19,F,1,0.00737786,0.137983,21.2409,2.34285,F
607,1,HappyBirthday,310,9490.84,F,1,1.02748e-06,0.293227,1107.17,0.0008988,F
607,1,HappyBirthday,1301,1825,F,1,0.00247788,0.133142,23.1698,0.796308,F
607,1,HappyBirthday,379,15695.8,F,1,0.00873136,0.439159,598.84,2.90192,F
607,1,HappyBirthday,1034,4015,M,1,0.000874752,0.323701,121.501,0.279439,F
608,1,HappyBirthday,25,4380.06,M,1,0.00749933,0.31039,7.78317,2.34264,F
608,1,HappyBirthday,991,18980.8,M,1,0.125554,1.761,59.0364,42.2313,F
609,1,HappyBirthday,1430,730,M,1,0.24662,0.300689,80.0043,88.0659,F
609,1,HappyBirthday,883,10950.6,F,1,0.00140332,0.200242,21.853,0.481824,F
610,1,HappyBirthday,1261,2190,M,1,0.135564,0.151427,3526.04,51.8594,F
610,1,HappyBirthday,396,7665.19,F,1,2.35739e-06,0.66804,3542.82,0.0038148,F
610,1,HappyBirthday,1121,3285,F,1,0.0126953,2.22256,18.7075,4.06615,F
611,1,HappyBirthday,196,8030.87,M,1,4.1141e-05,7.6079,55223.9,0.106282,F
611,1,HappyBirthday,1122,3285,M,1,0.225162,1.08107,1507.15,286.93,F
611,1,HappyBirthday,1465,365,M,1,0.10441,0.0061012,55937,565.672,F
611,1,HappyBirthday,1262,2190,F,1,0.0015261,0.843972,736.09,0.474667,F
611,1,HappyBirthday,471,10585.4,M,1,0.00131429,0.629738,17.4303,0.438032,F
613,1,HappyBirthday,323,6205.32,M,1,0.00542769,0.774727,148.789,2.07553,F
614,1,HappyBirthday,160,9125.22,M,1,0.000429095,2.68238,44.005,0.147123,F
614,1,HappyBirthday,294,5475.07,M,1,0.00282723,0.416803,7.48459,0.881894,F
614,1,Births,1506,0,M,0,0,0.004637,0,0,F
615,1,HappyBirthday,544,4380.89,F,1,0.591386,0.0208707,918.021,534.56,F
615,1,HappyBirthday,545,31025.3,F,1,0.0113467,14.9602,39.1051,3.59336,F
616,1,HappyBirthday,512,10585,F,1,0.385259,0.288991,2264.13,280.986,F
616,1,HappyBirthday,1218,2555,F,1,0.302865,0.0310389,172.344,117.949,F
616,1,HappyBirthday,969,11680.7,M,1,0.00205737,2.34929,286.736,0.685891,F
617,1,HappyBirthday,5,28105.6,M,1,0.000711189,0.1294,5.50427,0.222959,F
617,1,HappyBirthday,458,4380.13,F,1,0.00290515,1.3022,9063.36,1.98365,F
617,1,HappyBirthday,1001,4380.39,M,1,0.00300815,0.0911252,11089.3,4.83984,F
618,1,HappyBirthday,277,21170.8,F,1,0.00121714,6.42562,35427.9,1.55188,F
618,1,HappyBirthday,577,10220.6,M,1,0.039107,5.94466,61.9841,12.6749,F
618,1,HappyBirthday,1263,2190,M,1,0.00179001,0.494506,23.5699,0.57634,F
618,1,HappyBirthday,1431,730,F,1,0.00360526,0.149115,2.02374,1.13175,F
619,1,HappyBirthday,1124,3285,F,1,0.0869956,2.51588,6.71198,28.3488,F
620,1,HappyBirthday,1386,1095,F,1,0.582956,0.323504,1404.62,495.657,F
622,1,HappyBirthday,1126,3285,F,1,0.056473,1.72063,8214.91,25.3463,F
622,1,HappyBirthday,724,6205.92,M,1,0.00018483,1.28325,1627.92,0.177295,F
622,1,HappyBirthday,1125,3285,F,1,0.356989,1.56329,1384.68,201.208,F
623,1,HappyBirthday,679,12045.9,F,1,2.739e-06,43.0128,6892.17,0.0074868,F
625,1,HappyBirthday,1466,365,M,1,0.000136252,0.0214481,2.77834,0.0428751,F
625,1,HappyBirthday,548,8395.57,F,1,0.221651,0.0161938,0.276513,77.8729,F
625,1,HappyBirthday,932,35040.9,F,1,0.0129868,1.66907,149.305,6.57474,F
626,1,HappyBirthday,99,5110.81,F,1,9.24496e-05,4.46199,9678.8,0.315474,F
626,1,HappyBirthday,694,15695.9,M,1,0.0021503,1.13515,1.94702,0.670702,F
626,1,HappyBirthday,743,6935.29,F,1,0.000180168,0.863571,4.05895,0.0568484,F
626,1,HappyBirthday,839,11680.6,M,1,0.000596656,7.61826,658.433,0.694312,F
627,1,HappyBirthday,1343,1460,M,1,0.0262033,0.0824133,336.597,10.2012,F
627,1,HappyBirthday,595,31755.3,F,1,0.000110014,9.00166,43686.7,0.464361,F
628,1,HappyBirthday,1036,4015,F,1,0.0220304,0.105883,0.499145,6.9259,F
628,1,HappyBirthday,1344,1460,M,1,0.01019,0.425164,74.4806,4.16473,F
629,1,HappyBirthday,4,21535.5,M,1,0.00294147,0.108111,61.6534,0.916042,F
630,1,HappyBirthday,90,34310.4,F,1,0.0203331,0.637908,0.556816,6.40047,F
630,1,HappyBirthday,1302,1825,F,1,6.82908e-05,0.121163,143.138,0.0256337,F
631,1,HappyBirthday,38,4745.4,F,1,0.00480209,0.0642541,2.30754,1.50079,F
631,1,HappyBirthday,59,6570.86,F,1,0.0158023,0.219429,1.42409,4.98502,F
631,1,HappyBirthday,242,29200.9,F,1,0.00365682,26.1755,2843.5,1.24265,F
631,1,HappyBirthday,1127,3285,F,1,0.000942252,0.0242248,29.4359,0.29302,F
632,1,HappyBirthday,477,13505.2,F,1,0.00176879,0.610724,29.7061,0.563648,F
632,1,HappyBirthday,717,31025.3,M,1,0.0170332,0.334372,124.17,5.50613,F
632,1,HappyBirthday,917,17155.7,F,1,0.0358803,1.24006,56.4277,11.427,F
633,1,HappyBirthday,950,19345.3,M,1,0.0050167,2.04655,0.0224836,1.56321,F
633,1,Births,1507,0,M,0,0,0.0377715,0,0,F
634,1,HappyBirthday,800,5110.31,F,1,0.161768,0.34391,2290.49,58.3044,F
634,1,HappyBirthday,1387,1095,F,1,0.213421,1.84328,59913.4,815.361,F
634,1,HappyBirthday,1170,2920,M,1,0.000845963,0.743433,19.2749,0.266023,F
634,1,Births,1508,0,F,0,0,0.04425,0,0,F
636,1,HappyBirthday,1304,1825,F,1,0.00103994,0.646111,0.00190103,0.323265,F
636,1,HappyBirthday,1219,2555,F,1,0.000425164,0.770645,3550.54,1.13611,F
636,1,HappyBirthday,1265,2190,F,1,0.00152713,0.0135775,155.702,0.582706,F
636,1,HappyBirthday,1171,2920,F,1,0.102707,1.56639,792.707,34.1954,F
637,1,HappyBirthday,670,16790.3,M,1,0.00876436,0.761304,41.7966,3.22046,F
638,1,HappyBirthday,508,10950.3,F,1,0.00737075,0.386902,0.0605834,2.29881,F
638,1,HappyBirthday,1467,365,M,1,0.56756,0.0264881,8514.37,460.494,F
638,1,HappyBirthday,985,7665.03,M,1,0.110162,0.132472,134.323,43.6575,F
639,1,HappyBirthday,1266,2190,M,1,0.0718988,17.8117,141.09,28.6725,F
639,1,HappyBirthday,168,14600,F,1,0.141396,1.3447,39.9722,51.7392,F
639,1,HappyBirthday,179,9855.09,M,1,0.00447044,0.269601,0.569346,1.39327,F
639,1,HappyBirthday,427,6935.15,F,1,0.00295646,0.0222721,13.5597,0.941256,F
639,1,HappyBirthday,571,13870.6,F,1,0.0114367,30.3973,0.020851,3.57477,F
639,1,HappyBirthday,827,9125.95,F,1,0.000715073,0.914037,571.163,0.244938,F
640,1,HappyBirthday,252,6205.19,F,1,0.000186154,0.191003,598.888,0.110911,F
640,1,HappyBirthday,739,26280.9,F,1,0.0624977,0.408574,8.07328,20.8698,F
640,1,HappyBirthday,853,14600.3,F,1,0.00772991,0.262327,2.02433,2.41827,F
641,1,HappyBirthday,1388,1095,F,1,0.000173741,0.0838328,101268,1.87987,F
642,1,HappyBirthday,18,16060.7,M,1,0.000350893,3.10018,9.89254,0.110501,F
642,1,Births,1509,0,M,0,0,0.21847,0,0,F
643,1,HappyBirthday,131,13505,F,1,0.00386733,8.9945,534.777,1.96553,F
643,1,HappyBirthday,1221,2555,M,1,0.021209,2.85348,184.964,8.46426,F
643,1,HappyBirthday,320,17885.7,M,1,0.118634,14.9374,3.97241,39.5171,F
643,1,HappyBirthday,392,22265.1,F,1,0.0476159,3.54756,632.318,18.5721,F
643,1,HappyBirthday,528,6935.58,M,1,0.0803479,0.49292,4215.6,316.371,F
643,1,HappyBirthday,1389,1095,M,1,0.0038735,0.307305,16602.2,3.76195,F
643,1,HappyBirthday,742,7665.81,F,1,0.000336346,0.530986,177.651,0.134051,F
643,1,Births,1510,0,F,0,0,0.0213314,0,0,F
645,1,HappyBirthday,98,16425.3,M,1,0.140067,0.501239,858.714,46.9002,F
646,1,HappyBirthday,658,9125.52,F,1,0.00125685,0.184857,92.8216,0.431104,F
646,1,HappyBirthday,787,11680.9,F,1,0.0713034,0.979733,155.236,37.7514,F
646,1,HappyBirthday,1172,2920,M,1,0.000357499,3.30376,24528.9,0.635078,F
648,1,HappyBirthday,452,16790.4,F,1,0.0224427,2.10283,0.211667,7.05679,F
648,1,HappyBirthday,1468,365,F,1,0.0660708,0.0550079,2789.57,25.9949,F
649,1,HappyBirthday,1345,1460,M,1,0.119409,0.707572,1605.32,126.694,F
649,1,HappyBirthday,1130,3285,M,1,0.414861,0.401524,189.886,281.985,F
649,1,HappyBirthday,412,8030.56,M,1,0,1.25464,4.30761,0,F
649,1,HappyBirthday,1432,730,M,1,0.676882,0.00282525,13237.3,1237.42,F
650,1,HappyBirthday,497,11315.8,F,1,0,3.37768,15.3336,0,F
651,1,HappyBirthday,672,12045.5,M,1,0.00818719,0.296011,0.558636,2.55554,F
652,1,HappyBirthday,1267,2190,F,1,0.0604957,0.473189,35.6007,19.9868,F
653,1,HappyBirthday,622,6935.69,F,1,0.00576358,1.30405,0.0652171,1.79667,F
654,1,HappyBirthday,64,8395.04,M,1,0.0987139,0.30062,73.1046,42.9691,F
654,1,HappyBirthday,1390,1095,M,1,0.0214601,2.85372,2127.47,7.17655,F
654,1,HappyBirthday,1433,730,F,1,0.00246054,0.0437806,72.6272,0.8607,F
654,1,HappyBirthday,373,8030.93,M,1,0.0233976,0.353671,1.63911,7.3584,F
654,1,HappyBirthday,656,21900.5,M,1,0.0941499,3.49205,1.10329,30.7311,F
654,1,HappyBirthday,886,10220.8,M,1,0.00709401,0.321025,0.200349,2.21256,F
656,1,HappyBirthday,1000,20440.5,M,1,0.00287777,0.140238,0.32452,0.896068,F
656,1,HappyBirthday,1305,1825,M,1,0.280035,0.793194,1908.63,102.891,F
657,1,HappyBirthday,349,13140.6,M,1,6.76034e-06,2.13992,1.82027,0.0021426,F
657,1,HappyBirthday,479,5110.73,F,1,0.0530823,0.197835,6961.27,56.4572,F
657,1,HappyBirthday,1222,2555,M,1,0.104945,0.175682,258.864,67.754,F
657,1,HappyBirthday,755,10585.2,M,1,0.00460631,2.57469,226.192,1.4672,F
657,1,HappyBirthday,866,10950.7,F,1,0.0145111,6.91638,0.0002934,4.54191,F
657,1,HappyBirthday,1268,2190,M,1,0.112379,0.20962,5.54118,37.9572,F
658,1,HappyBirthday,234,11680.8,F,1,0.394575,0.735911,968.981,358.524,F
658,1,HappyBirthday,731,12410.8,M,1,0.000512761,0.0534609,2.27733,0.159398,F
658,1,HappyBirthday,763,12775.4,M,1,0.00987418,0.368513,356.952,3.22746,F
659,1,HappyBirthday,1306,1825,M,1,0.137991,0.184089,2802.57,49.9193,F
659,1,HappyBirthday,312,5110.1,M,1,0.262131,17.2635,759.79,95.1844,F
659,1,HappyBirthday,411,12045.1,M,1,0.0177813,2.19823,0.437809,5.57945,F
659,1,HappyBirthday,960,16425.6,M,1,0.00115124,0.229309,12.9671,0.373093,F
660,1,HappyBirthday,466,17520.5,M,1,0.0544834,0.0549034,0.685401,17.4486,F
660,1,HappyBirthday,558,6935.19,M,1,0.00840428,0.102173,19.3651,2.63952,F
660,1,HappyBirthday,729,6935.96,M,1,0.000450478,0.590803,0.0152889,0.140067,F
660,1,HappyBirthday,745,5475.36,F,1,0.180269,9.76335,69900.6,908.133,F
660,1,HappyBirthday,1469,365,M,1,0.00219152,0.0511181,87521.3,14.8145,F
660,1,HappyBirthday,983,6570.37,F,1,0.00602253,0.395864,176.469,3.33293,F
661,1,HappyBirthday,68,10950.5,M,1,0.00853991,0.28538,2.1289,2.67197,F
661,1,HappyBirthday,461,13140.8,M,1,0.00221397,2.84286,21.7041,0.709584,F
661,1,HappyBirthday,1346,1460,M,1,0.0242614,0.861046,1.77343,7.70185,F
661,1,HappyBirthday,1074,3650,F,1,0.0246557,0.149698,53.5544,7.80093,F
661,1,Births,1511,0,F,0,0,0.148636,0,0,F
662,1,HappyBirthday,113,27740.6,M,1,0.0774964,1.39269,4616.5,32.3113,F
662,1,HappyBirthday,1391,1095,M,1,0.00383639,1.40356,0.131168,1.19538,F
663,1,HappyBirthday,109,17885.4,M,1,8.7039e-07,0.455256,7429.19,0.0025846,F
663,1,HappyBirthday,358,12775.5,F,1,9.96813e-07,0.509192,10256.1,0.0033872,F
664,1,HappyBirthday,1223,2555,F,1,0.38112,0.0483596,30.0458,149.415,F
664,1,HappyBirthday,1269,2190,M,1,0.0167212,0.744493,326.095,6.27756,F
664,1,HappyBirthday,949,8395.87,M,1,0.00136399,0.0967736,0.0253248,0.424241,F
665,1,HappyBirthday,286,9125.39,M,1,0.00245498,3.62122,0.260018,0.764326,F
665,1,HappyBirthday,488,14600.2,F,1,0.0148737,0.0243694,6618.97,23.4855,F
665,1,HappyBirthday,709,9490.15,F,1,0.0253574,6.5486,473.788,9.24093,F
665,1,HappyBirthday,792,26280,F,1,0.000811774,0.391959,2477.46,2.07681,F
665,1,HappyBirthday,831,13505.8,F,1,0.006328,0.163141,0.107021,1.97289,F
666,1,HappyBirthday,1224,2555,F,1,0.0327863,3.29115,7254.16,61.1232,F
666,1,HappyBirthday,951,14235.3,F,1,0.0850546,0.561338,166.124,50.1507,F
667,1,HappyBirthday,1347,1460,F,1,0.436715,0.123808,1923.68,322.313,F
667,1,HappyBirthday,692,5110.47,M,1,0.0056605,2.83459,17.6037,1.8789,F
667,1,HappyBirthday,1040,4015,M,1,0.0057868,0.890971,990.788,3.62649,F
668,1,HappyBirthday,244,13870.1,M,1,0.0477615,0.223228,92.3723,15.2891,F
668,1,HappyBirthday,440,31755.7,M,1,0.0134542,1.51387,0.33442,4.21037,F
668,1,HappyBirthday,638,12775.2,M,1,0.0568136,0.994261,0.328395,18.1801,F
668,1,HappyBirthday,795,7665.67,M,1,0.00751772,2.38244,6.38982,2.36717,F
668,1,HappyBirthday,868,10221,F,1,0.00104149,1.18172,132.791,0.483343,F
669,1,HappyBirthday,329,6935.66,M,1,0.00314298,2.5309,0.0787942,0.97826,F
669,1,HappyBirthday,740,9855.9,M,1,0.00734445,0.519584,832.588,5.82133,F
670,1,HappyBirthday,157,8030.51,F,1,0.236714,3.03601,1364.17,204.013,F
670,1,HappyBirthday,606,10950.5,F,1,0.00476949,2.77698,68.8834,1.86215,F
670,1,HappyBirthday,1392,1095,M,1,0.0889003,0.0483992,185.024,37.3424,F
670,1,HappyBirthday,1471,365,F,1,0.375012,0.294331,36.9712,170.095,F
671,1,HappyBirthday,278,13140.2,M,1,0.057794,1.93302,552.967,20.2436,F
671,1,HappyBirthday,1131,3285,M,1,0.282017,0.098286,586.736,105.264,F
671,1,HappyBirthday,1270,2190,F,1,0.25523,0.103944,722.842,187.506,F
672,1,HappyBirthday,1226,2555,M,1,0.00213076,3.83931,120064,22.343,F
672,1,HappyBirthday,1132,3285,F,1,0.00176053,3.01411,1010.84,2.75091,F
672,1,HappyBirthday,366,33215.5,M,1,0.000302706,2.86542,171.058,0.119497,F
673,1,HappyBirthday,272,7300.69,F,1,0.0522583,0.254306,221.299,16.8516,F
673,1,HappyBirthday,436,12775.2,F,1,0.000774275,0.190329,27.3357,0.26808,F
673,1,HappyBirthday,525,4380.04,M,1,0.0770572,0.0277506,0.538578,24.9278,F
674,1,HappyBirthday,465,5110.49,M,1,0.00282349,0.934986,12.3784,0.878881,F
674,1,HappyBirthday,623,20440.6,F,1,0.000522585,0.178417,0.274756,0.162576,F
674,1,HappyBirthday,847,5840.4,F,1,3.03488e-05,7.59358,1.24166,0.0095011,F
674,1,Births,1512,0,M,0,0,0.0310853,0,0,F
675,1,HappyBirthday,578,7300.07,F,1,0.000457324,1.56796,14.5127,0.152249,F
675,1,HappyBirthday,756,16425.6,F,1,0.0216061,3.76273,1571.23,40.5035,F
675,1,HappyBirthday,922,11680,F,1,0.032167,5.10253,0.486196,10.1629,F
676,1,HappyBirthday,78,5110.57,M,1,0.145966,0.303956,112.409,58.4024,F
676,1,HappyBirthday,1133,3285,M,1,0.0220353,2.32993,1544.17,8.60787,F
676,1,HappyBirthday,354,12410.6,F,1,0.000607635,1.47516,1575.05,0.577537,F
676,1,HappyBirthday,1227,2555,M,1,0.00251049,0.0391194,118.447,1.20576,F
676,1,HappyBirthday,1041,4015,M,1,0.00253466,0.765486,21890.1,14.9396,F
677,1,HappyBirthday,27,20805,M,0,0,0.00563664,0,0,F
677,1,HappyBirthday,1134,3285,M,1,0.00995532,0.962809,4.39711e-05,3.10879,F
677,1,HappyBirthday,1348,1460,F,1,0.182746,0.957772,46.9699,77.1929,F
677,1,HappyBirthday,1076,3650,M,1,0.0700351,0.068394,91.6183,22.8078,F
678,1,HappyBirthday,140,10950.3,M,1,0.000147699,1.36586,98.1973,0.047064,F
678,1,HappyBirthday,1175,2920,M,1,0.000687118,0.113715,16.3591,0.222277,F
678,1,HappyBirthday,1349,1460,M,1,0.0116536,0.0528864,31.3038,4.18725,F
678,1,HappyBirthday,1472,365,F,1,0.488792,0.189662,29.9103,219.297,F
678,1,HappyBirthday,600,4745.79,M,1,0.000916371,0.149166,4374.67,0.341924,F
678,1,HappyBirthday,1043,4015,M,1,0.000389177,0.579245,1.9836e-05,0.121002,F
678,1,Births,1513,0,F,0,0,0.0480677,0,0,F
679,1,HappyBirthday,82,25185.1,M,1,0.0183967,0.448348,5.92473,5.83009,F
679,1,HappyBirthday,1272,2190,M,1,0.0355897,0.137067,999.027,14.2072,F
679,1,HappyBirthday,430,8760.63,F,1,0.000258983,0.565491,35.4169,0.0853996,F
679,1,HappyBirthday,1135,3285,F,1,0.101246,0.0951947,19.5558,36.2352,F
680,1,HappyBirthday,48,12410.6,F,1,0.0386622,0.0783008,5.25573,12.3474,F
680,1,HappyBirthday,173,27010.9,F,1,4.63812e-06,1.44127,26362.3,0.0286906,F
680,1,HappyBirthday,273,19345.2,F,1,0.000468424,2.92269,995.821,0.181336,F
680,1,HappyBirthday,293,4745.21,F,1,0.000852754,1.72815,0,0.265167,F
680,1,HappyBirthday,1273,2190,F,1,0.120262,1.29586,195.213,40.0889,F
680,1,HappyBirthday,632,35040.4,M,1,0.00020229,0.223317,0.106664,0.0628626,F
680,1,HappyBirthday,928,20075.2,F,1,0.00455494,1.58485,339.262,2.33039,F
681,1,HappyBirthday,1136,3285,F,1,0.00109271,0.315606,0.324688,0.339952,F
681,1,HappyBirthday,401,36135.5,F,1,0.213472,0.192086,148.447,77.3454,F
681,1,HappyBirthday,518,16790.2,F,1,0.00465993,1.97741,183.802,1.6379,F
681,1,HappyBirthday,523,10220.9,F,1,0.153681,0.26425,496.119,51.8593,F
682,1,HappyBirthday,371,5110.76,M,1,0.00612243,1.64942,60.0768,2.17442,F
682,1,HappyBirthday,653,8030.38,M,1,0.00116001,0.472665,17.3945,0.390573,F
682,1,HappyBirthday,664,8760.47,M,1,0.200052,1.71581,84.6495,69.4657,F
682,1,HappyBirthday,712,17520.2,F,1,0.001596,1.5605,463.28,0.80738,F
682,1,HappyBirthday,1393,1095,M,1,0.000327562,0.232646,43619.4,0.376885,F
682,1,HappyBirthday,1137,3285,M,1,0.0164639,0.237931,513.499,5.28958,F
682,1,HappyBirthday,838,6935.68,M,1,0.00832995,1.83307,2.76029,2.61193,F
682,1,HappyBirthday,965,6935.67,F,1,1.33171e-06,1.03692,6.71999,0.000419494,F
682,1,HappyBirthday,992,5840.86,M,1,0.00100047,13.4526,4.63049,0.316349,F
683,1,HappyBirthday,250,16060.3,M,1,0.000177913,0.259137,2.13583,0.0557018,F
683,1,HappyBirthday,559,6570.1,F,1,1.25362e-05,0.23526,29.8172,0.004075,F
684,1,HappyBirthday,1228,2555,F,1,0.118912,0.195825,14.1603,40.2858,F
684,1,HappyBirthday,303,6205.26,F,1,0.0775838,0.495512,18.1296,25.1757,F
684,1,HappyBirthday,516,33945.2,F,1,0.000414846,0.156239,361.479,0.320879,F
685,1,HappyBirthday,1274,2190,M,1,0.000167179,0.884552,203028,1.69815,F
685,1,HappyBirthday,347,10585.4,F,1,4.98377e-05,0.548935,62.5269,0.0189514,F
685,1,HappyBirthday,570,11680.4,M,1,0.000972197,0.0543033,81.559,0.339528,F
686,1,HappyBirthday,450,4380.77,F,1,0.00629838,0.946135,9.05796,1.96504,F
686,1,HappyBirthday,601,5475.33,M,1,0.000152581,13.4502,7282.18,0.0954357,F
686,1,HappyBirthday,1229,2555,F,1,0.0544548,0.0782081,2649.86,76.9003,F
687,1,HappyBirthday,771,18615.7,F,1,0,0.375575,418.448,0,F
687,1,HappyBirthday,842,20440.9,M,1,0.00762179,0.467844,743.12,2.58235,F
688,1,HappyBirthday,1139,3285,M,1,0.0200703,4.19041,15.5704,6.48314,F
688,1,HappyBirthday,275,29565.3,F,1,0.00108903,1.46656,132.121,0.354731,F
688,1,HappyBirthday,315,6935.62,M,1,0.000463302,0.454617,0.254705,0.14431,F
688,1,HappyBirthday,500,11680,M,1,0.00888692,0.0658818,49.9349,3.29504,F
688,1,HappyBirthday,1138,3285,F,1,0.000413144,1.82852,371.794,0.20813,F
688,1,HappyBirthday,916,25185,F,1,0.137789,0.223351,498.171,46.5844,F
690,1,HappyBirthday,1078,3650,F,1,0.00706562,2.42098,88.8982,2.237,F
691,1,HappyBirthday,1395,1095,F,1,0.00866158,16.822,745.752,3.57865,F
691,1,HappyBirthday,1275,2190,M,1,0.00405802,0.201741,1.79513,1.26388,F
691,1,HappyBirthday,1434,730,M,1,0.235965,15.3089,43172.3,1076.47,F
692,1,HappyBirthday,432,15695.9,F,1,0.039277,0.589138,6602.91,18.0352,F
692,1,HappyBirthday,492,4380.67,F,1,0.0782361,0.873649,1.79005,25.3175,F
692,1,HappyBirthday,1140,3285,F,1,0.129473,0.15948,2.64744,43.5854,F
692,1,HappyBirthday,1350,1460,F,1,0.0742171,1.75729,15667.6,346.495,F
693,1,HappyBirthday,1473,365,F,1,0.0649451,0.0902026,27.8758,21.284,F
693,1,HappyBirthday,211,18615.6,M,1,0.0373853,0.205409,2147.88,48.0779,F
693,1,HappyBirthday,339,14235.6,M,1,0.00771489,5.72058,175.149,2.46075,F
693,1,HappyBirthday,529,15695.6,F,1,0.0171117,0.0427921,0.0269166,5.36421,F
694,1,HappyBirthday,191,4380.32,F,1,0.0371492,0.159372,1.03246,11.773,F
696,1,HappyBirthday,1396,1095,F,1,0.120918,2.35209,31.2757,41.8219,F
697,1,HappyBirthday,1141,3285,M,1,0.102896,0.604756,2729.05,206.909,F
697,1,HappyBirthday,852,6935.57,M,1,0.0131258,7.9845,17.3736,4.19247,F
697,1,HappyBirthday,1230,2555,F,1,0.0313836,0.915652,0.290484,9.91001,F
698,1,HappyBirthday,424,19345.9,M,1,0.00525647,0.14193,0.995925,1.6375,F
698,1,HappyBirthday,1080,3650,M,1,0.0131614,0.636993,2.53828,4.13193,F
699,1,HappyBirthday,1276,2190,F,1,0.00345746,0.0965289,324.058,1.59686,F
699,1,HappyBirthday,1231,2555,F,1,0.612535,0.324434,7945.57,491.716,F
700,1,HappyBirthday,1397,1095,M,1,0.528553,0.0959842,20174.8,747.481,F
700,1,HappyBirthday,924,16425.3,F,1,0.0416729,0.135432,6.99094,13.4196,F
701,1,HappyBirthday,2,15695.4,M,1,0.100522,3.76256,2.62218,32.9386,F
701,1,HappyBirthday,1398,1095,M,1,0.000744153,1.01981,819.94,0.904393,F
701,1,HappyBirthday,309,6205.8,F,1,0.103694,1.34697,4629.44,74.2963,F
702,1,HappyBirthday,1045,4015,F,1,0.00427225,0.388023,0.0351569,1.33047,F
702,1,HappyBirthday,1178,2920,M,1,0.541088,0.324194,1435.44,243.576,F
702,1,HappyBirthday,1142,3285,F,1,0.00574989,0.144967,0.000793461,1.79235,F
703,1,HappyBirthday,231,9125.46,F,1,0.0893351,0.349134,20.8633,29.4707,F
703,1,HappyBirthday,1179,2920,F,1,0.477105,0.0713466,1654.66,317.643,F
704,1,HappyBirthday,21,23725.5,M,1,0.0213671,0.0769859,5682.95,7.55448,F
705,1,HappyBirthday,199,8760.64,F,1,0.0958408,0.999785,310.778,31.85,F
705,1,HappyBirthday,686,20075.5,F,1,0.00940491,0.486646,46.7359,2.9375,F
705,1,HappyBirthday,1307,1825,F,1,0.00336298,0.134625,69.3088,1.14899,F
706,1,HappyBirthday,442,15330.5,M,1,0.00159988,4.56524,842.946,1.98162,F
706,1,HappyBirthday,786,23725.3,F,1,0.00229703,2.14853,0.0012844,0.714567,F
706,1,HappyBirthday,1308,1825,F,1,0.600606,0.220903,12674.9,691.58,F
706,1,Births,1514,0,M,0,0,0.0173111,0,0,F
707,1,HappyBirthday,813,6570.14,M,1,0.00795769,0.654153,7269.88,22.5925,F
707,1,Births,1515,0,M,0,0,0.460852,0,0,F
708,1,HappyBirthday,150,25915.4,M,1,2.60222e-05,0.698489,34605.9,0.202312,F
708,1,HappyBirthday,239,33580.7,M,1,0.00183357,0.280089,28.0067,0.572213,F
708,1,HappyBirthday,1180,2920,F,1,0.117301,2.81979,149.317,43.2179,F
708,1,HappyBirthday,433,28470.3,M,1,0.0197347,1.33258,5.67175,6.34005,F
708,1,HappyBirthday,583,14600.7,M,1,0.00322599,19.1297,0.993856,1.00596,F
709,1,HappyBirthday,241,21535.4,F,1,1.99185e-05,0.458915,53153.4,0.053321,F
709,1,HappyBirthday,569,11315.1,M,1,0.000782404,9.1193,1315.58,0.304356,F
709,1,HappyBirthday,1233,2555,F,1,0.000659979,0.0672873,22.6888,0.211998,F
709,1,HappyBirthday,823,12410.9,M,1,0.355823,2.56203,1.62825,136.746,F
711,1,HappyBirthday,219,9855.28,F,1,0.106886,0.745308,0.16031,35.1391,F
712,1,HappyBirthday,1351,1460,M,1,0.404895,0.268201,4.64012,162.374,F
712,1,HappyBirthday,640,10220.9,M,1,0.0844046,4.48547,0.219397,27.4048,F
713,1,HappyBirthday,328,16790.4,F,1,0.0938742,0.27158,4081.98,152.132,F
713,1,HappyBirthday,1399,1095,F,1,0.0313338,6.15842,1012.81,50.4384,F
713,1,HappyBirthday,579,8760.32,M,1,0.0955613,0.253181,37.1386,33.1974,F
713,1,HappyBirthday,765,34310.1,M,1,0.00471317,0.194409,0.400209,1.47046,F
714,1,HappyBirthday,660,4380.5,F,1,0.0467767,19.8773,0.880004,14.8995,F
714,1,HappyBirthday,912,17885.3,M,1,0.0126063,0.199411,0.200176,3.94231,F
714,1,HappyBirthday,930,10950.8,M,1,0.0149464,0.518774,0.521979,4.68002,F
715,1,HappyBirthday,119,15695.9,M,1,0.351343,0.0466273,2.40831,134.588,F
715,1,HappyBirthday,448,6570.45,F,1,0.0350388,8.57509,24.681,11.5116,F
715,1,HappyBirthday,634,6570.46,M,1,0.000527118,2.69656,598.205,0.174151,F
715,1,HappyBirthday,825,16425.5,F,1,0.0088329,0.0888106,0.001359,2.75678,F
715,1,HappyBirthday,1278,2190,F,1,0.000185391,0.0581541,12798.7,0.0994169,F
715,1,HappyBirthday,1436,730,F,1,0.0159008,0.197759,88.7633,5.6053,F
715,1,HappyBirthday,975,9125.19,M,1,0.00757468,7.82752,0.0009124,2.36273,F
715,1,HappyBirthday,1082,3650,F,1,0.110694,0.515798,22.5708,36.5771,F
716,1,HappyBirthday,663,35405.6,F,1,0.000677102,0.395899,0.0627116,0.210473,F
717,1,HappyBirthday,541,8395.81,M,1,0.000271625,3.03516,1591.33,0.61674,F
718,1,HappyBirthday,553,9125.41,F,1,0.0132753,10.6662,289.775,4.15346,F
718,1,HappyBirthday,699,18615.2,F,1,0.00189838,1.83989,0.0064404,0.590538,F
719,1,HappyBirthday,1437,730,F,1,0.0409408,1.29549,2673.83,48.8474,F
720,1,HappyBirthday,423,11315.2,M,1,0.00227957,2.1236,0.0151716,0.709184,F
720,1,HappyBirthday,934,17155.2,M,1,0.164482,0.201215,26.6437,57.0114,F
720,1,HappyBirthday,1182,2920,F,1,0.542836,0.057517,1024,580.412,F
722,1,HappyBirthday,446,4745.34,F,1,0.104083,4.25409,257.152,34.398,F
722,1,HappyBirthday,1400,1095,M,1,0.00257024,1.34497,24531.1,2.91231,F
723,1,HappyBirthday,1183,2920,M,1,0.00153054,3.0792,2879.39,0.616519,F
723,1,HappyBirthday,209,5840.13,M,1,0,6.05707,145.274,0,F
723,1,HappyBirthday,757,12410.1,M,1,0.0124239,0.19556,31.4107,4.47199,F
724,1,HappyBirthday,138,9855.39,M,1,0.159476,3.16727,1.75632,53.9923,F
724,1,HappyBirthday,359,6935.91,M,1,0.00561772,0.0306013,16.0083,1.7586,F
724,1,HappyBirthday,697,10950.7,M,1,0.303146,2.43468,83.2867,125.834,F
725,1,HappyBirthday,1401,1095,F,1,0.448341,1.16313,7070.81,1630.44,F
725,1,HappyBirthday,507,8030.03,M,1,0.121003,0.723516,0.0076962,40.0814,F
726,1,HappyBirthday,178,10950.4,M,1,0.00831803,0.0775299,4.71792,2.64864,F
726,1,HappyBirthday,591,17155.2,M,1,0.000318654,1.44525,1294.8,0.264473,F
727,1,HappyBirthday,80,5475.88,F,1,0.000785555,4.82954,4.37081,0.246687,F
727,1,HappyBirthday,493,9855.6,F,1,0.100371,9.09082,7.28756,33.2759,F
727,1,HappyBirthday,539,7300.17,M,1,0.000472966,1.6598,43.0408,0.154796,F
727,1,HappyBirthday,1309,1825,F,1,0.0706231,2.33196,1555.51,75.8589,F
728,1,HappyBirthday,186,5475.55,M,1,0.0525313,0.326104,1.14228,16.8303,F
728,1,HappyBirthday,1047,4015,F,1,0.622752,0.520771,39.9487,346.804,F
728,1,HappyBirthday,1310,1825,F,1,0.000311084,0.135656,0.00255666,0.0969556,F
728,1,HappyBirthday,626,10585.3,F,1,3.41288e-05,0.272946,16.3998,0.0114614,F
729,1,HappyBirthday,201,11315.4,F,1,0.60084,0.922478,68.3022,297.692,F
729,1,HappyBirthday,348,12410,F,1,0.00352459,0.134928,138.409,1.11224,F
730,1,HappyBirthday,566,11315,F,1,0.00259649,1.67088,5.36855,0.808144,F
731,1,HappyBirthday,1048,4015,M,1,0.491257,0.0334497,2.75929,210.683,F
731,1,HappyBirthday,335,13870.3,M,1,0.000173573,0.593359,2.19803,0.0540746,F
731,1,HappyBirthday,1402,1095,M,1,0.114684,0.466789,727.162,125.949,F
731,1,HappyBirthday,419,18615.3,M,1,0.0449272,0.528039,0.299825,14.2871,F
731,1,HappyBirthday,780,33580.4,M,1,0.0103935,4.52503,112.67,4.86601,F
731,1,HappyBirthday,794,8030.75,F,1,0.00165224,0.00831489,0.362466,0.513864,F
731,1,HappyBirthday,980,5840.46,F,1,0.0212111,0.10824,2.6295,6.67167,F
733,1,HappyBirthday,36,4745.89,F,1,1.43338e-06,0.265096,46379.9,0.00685357,F
733,1,HappyBirthday,163,6205.83,F,1,0.000538404,0.384792,0.0612965,0.167288,F
733,1,HappyBirthday,1049,4015,M,1,0.10437,1.26582,31739.7,407.309,F
734,1,HappyBirthday,486,22265.1,F,1,0.00822449,1.12885,15.2316,2.56933,F
734,1,HappyBirthday,1145,3285,M,1,0.0976483,0.126779,1287.58,157.266,F
735,1,HappyBirthday,325,10950.4,M,1,0.00743336,3.50019,9.80704,2.35334,F
735,1,HappyBirthday,388,26645.3,F,1,0.0281194,1.34046,467.016,15.0687,F
735,1,HappyBirthday,851,7300.46,F,1,0.0108992,0.578506,28863,11.795,F
736,1,HappyBirthday,1185,2920,M,1,0.000694748,3.39083,79.4785,0.243261,F
736,1,HappyBirthday,1403,1095,F,1,0.0580671,0.298841,95026.4,844.398,F
736,1,HappyBirthday,1146,3285,F,1,0.00952058,1.16368,0.000670659,2.97261,F
737,1,HappyBirthday,774,9125.07,F,1,0.00439466,6.66393,1.8472,1.37238,F
737,1,HappyBirthday,1085,3650,M,1,0.0212049,0.0644642,5714.61,19.8491,F
738,1,HappyBirthday,1234,2555,M,1,0.000209154,0.206377,0.381692,0.0649827,F
738,1,HappyBirthday,245,9490.83,F,1,0.000125742,0.173949,0.063937,0.0390912,F
738,1,HappyBirthday,1404,1095,F,1,0.485503,1.11329,7260.22,364.545,F
738,1,HappyBirthday,972,26645.4,F,1,0.000333907,0.40484,307.42,0.237986,F
738,1,HappyBirthday,987,13140,M,1,0.0518381,0.330292,3934.01,104.066,F
739,1,HappyBirthday,164,13140.8,M,1,0.00673435,2.37524,0.0495798,2.10045,F
739,1,HappyBirthday,274,16060.5,M,1,0.00242505,0.869033,124.019,0.890913,F
739,1,HappyBirthday,1050,4015,F,1,0.0117319,3.2493,823.859,4.2492,F
739,1,HappyBirthday,871,29200.1,F,1,7.61619e-05,64.1188,5.71295,0.0243308,F
740,1,HappyBirthday,232,10585.9,M,1,6.33123e-05,0.901162,51029.9,0.156364,F
740,1,HappyBirthday,1002,4380,F,1,0.00037808,0.765405,20.0494,0.11812,F
740,1,HappyBirthday,1312,1825,F,1,0.00718004,0.497473,0.668574,2.23911,F
740,1,HappyBirthday,394,14965,F,1,0.0198517,73.4213,503.2,7.00101,F
740,1,HappyBirthday,1086,3650,F,1,0.107186,3.90036,0.900668,35.2703,F
741,1,HappyBirthday,42,36135.2,F,1,0.00753198,2.29995,0.183537,2.35031,F
741,1,HappyBirthday,47,7665.53,M,1,0.439476,0.625399,31.9853,196.329,F
741,1,HappyBirthday,1353,1460,M,1,0.75394,1.46655,3046.88,624.071,F
741,1,HappyBirthday,887,13870.4,F,1,0.000610858,0.954851,0.0084016,0.18991,F
742,1,HappyBirthday,687,8395.89,M,1,0.00063378,0.42888,0.0252464,0.196958,F
743,1,HappyBirthday,1474,365,F,1,0.0478168,0.865286,16906.2,514.331,F
743,1,HappyBirthday,1405,1095,F,1,0.368601,0.43407,18464.8,536.542,F
743,1,HappyBirthday,365,8395.77,F,1,3.10752e-05,7.06508,41.2134,0.010234,F
743,1,HappyBirthday,540,32120.5,M,1,0.00121321,0.195943,517.571,0.419028,F
744,1,HappyBirthday,1314,1825,M,1,0.198293,0.234139,11697.3,738.896,F
744,1,HappyBirthday,1313,1825,M,1,0.0143644,0.227337,1199.19,8.60902,F
744,1,HappyBirthday,998,5475.74,M,1,0.000990895,6.27352,72.13,0.316368,F
745,1,HappyBirthday,302,8030.72,F,1,0.182969,5.0391,5.6879,63.3492,F
745,1,HappyBirthday,1406,1095,M,1,0.0492499,0.0705812,2.83103,15.7728,F
745,1,HappyBirthday,603,14235.4,F,1,0.000727257,3.00843,265.656,0.481542,F
745,1,HappyBirthday,718,9490.36,F,1,0.0164433,0.990782,156.078,6.04098,F
745,1,HappyBirthday,906,25550.9,F,1,1.40101e-05,0.130512,7.5184,0.0045154,F
746,1,HappyBirthday,1438,730,M,1,0.0932562,2.96127,7563.95,257.618,F
746,1,HappyBirthday,806,6570.44,F,1,0.00301827,3.18094,0.0992299,0.939578,F
746,1,HappyBirthday,1407,1095,M,1,0.00296096,0.0149581,8.78676,0.9356,F
747,1,HappyBirthday,1003,4380,F,1,0.00424545,0.167715,0.00822002,1.32226,F
747,1,HappyBirthday,879,8760.23,F,1,0.0253638,0.609048,105.882,9.20312,F
748,1,HappyBirthday,1408,1095,F,1,7.82055e-05,1.49351,8747.99,0.472601,F
748,1,HappyBirthday,546,5840.58,F,1,0.00132513,1.4674,0.172352,0.412027,F
748,1,HappyBirthday,604,5840.49,M,1,0.055139,9.05612,170.716,30.0387,F
748,1,Births,1516,0,F,0,0,0.239068,0,0,F
749,1,HappyBirthday,112,5475.97,F,1,0.00110673,0.294329,3043.16,1.66272,F
749,1,HappyBirthday,195,22995.3,M,1,0.00690229,1.91064,12.4156,2.19195,F
749,1,HappyBirthday,1354,1460,F,1,0.500601,1.82056,6.81586,218.193,F
749,1,HappyBirthday,1439,730,M,1,0.00853644,0.47218,944.17,2.66451,F
749,1,HappyBirthday,1051,4015,F,1,0.48045,0.32847,34.3355,214.574,F
750,1,HappyBirthday,1147,3285,F,1,0.00194478,3.34186,47.5803,0.641215,F
750,1,HappyBirthday,661,34675,M,1,0.00160472,0.924891,29858.2,1.62091,F
750,1,HappyBirthday,732,6570.6,M,1,0.0192102,0.374957,2085.7,23.962,F
750,1,HappyBirthday,738,10220.9,M,1,0.107322,1.82964,267.971,40.408,F
750,1,HappyBirthday,1279,2190,F,1,0.0736472,6.08761,15974.8,178.458,F
751,1,HappyBirthday,1004,4380,F,1,0.0100613,0.500947,885.291,12.5211,F
752,1,HappyBirthday,628,6205.88,M,1,0.105289,0.901498,1276.91,45.7194,F
752,1,HappyBirthday,741,5840.69,M,1,0.000124916,0.731571,32994.5,0.148993,F
752,1,HappyBirthday,1087,3650,M,1,0.0146115,1.35248,3.05019,4.64427,F
753,1,HappyBirthday,317,18615.3,M,1,0.560084,17.6173,40642.6,1106.9,F
753,1,HappyBirthday,1052,4015,F,1,0.000433746,0.0853187,5.37927e-06,0.134866,F
753,1,HappyBirthday,890,7665.88,F,1,0.000791245,0.783374,1979.1,0.942838,F
754,1,HappyBirthday,230,18615.2,M,1,0.0147608,1.01414,885.608,10.1359,F
754,1,HappyBirthday,426,17155.8,M,1,0.0646388,5.46283,0.129149,20.7698,F
754,1,HappyBirthday,1355,1460,F,1,0.0975427,0.133404,216.452,38.1086,F
754,1,HappyBirthday,862,17520.6,F,1,0.119907,5.81534,3823,185.635,F
754,1,HappyBirthday,891,12410.7,M,1,0.219137,0.126378,86.4173,78.5274,F
755,1,HappyBirthday,13,25185.9,F,1,0.0237596,0.112121,177.312,9.31681,F
755,1,HappyBirthday,20,11315.8,M,1,0.0313698,2.18286,32.7982,11.2432,F
756,1,HappyBirthday,29,8395.41,M,1,0.00116582,0.6314,1.96e-05,0.362652,F
756,1,HappyBirthday,678,13870.9,F,1,0.000479522,2.92378,7533.1,0.235975,F
756,1,HappyBirthday,1186,2920,F,1,0.0051569,0.405214,4.59448,1.61681,F
756,1,HappyBirthday,1088,3650,M,1,0.00693347,0.246495,3121.24,10.4061,F
756,1,Births,1517,0,F,0,0,0.0299774,0,0,F
757,1,HappyBirthday,121,24455.5,F,1,0.00760236,0.0286658,7.398,2.43722,F
757,1,HappyBirthday,391,5110.76,M,1,0.00335304,1.82126,8.21951e-05,1.04384,F
757,1,HappyBirthday,1280,2190,F,1,0.0112296,1.50791,43762,28.0716,F
757,1,HappyBirthday,1440,730,M,1,0.000432121,0.173882,1078.55,0.346235,F
758,1,HappyBirthday,457,22265.6,F,1,0.0240198,0.568207,99.7087,8.41685,F
759,1,HappyBirthday,944,4745.73,M,1,0.221382,0.34609,0.17407,77.8022,F
760,1,HappyBirthday,455,11680.9,M,1,0.115897,1.88941,60.4772,42.6745,F
760,1,HappyBirthday,811,5475.12,F,1,0.00289227,0.214304,6.60738e-05,0.900431,F
760,1,HappyBirthday,822,7665.6,F,1,0.0223243,4.57885,106.012,7.01768,F
761,1,HappyBirthday,1475,365,M,1,0.00578866,0.0239486,21.1543,1.91132,F
761,1,HappyBirthday,1356,1460,M,1,0.421734,1.44762,27.5369,180.182,F
762,1,HappyBirthday,1187,2920,F,1,0.00472359,0.150187,24882.1,3.05404,F
762,1,HappyBirthday,1281,2190,M,1,0.148415,0.773196,2118.85,55.8643,F
762,1,HappyBirthday,543,20805.2,F,1,0.0143051,2.02799,4042.76,29.2162,F
763,1,HappyBirthday,1236,2555,M,1,1.22482e-05,0.549602,2.84723,0.00383584,F
764,1,HappyBirthday,40,13870.1,F,1,0.0100423,0.202661,10050,36.7059,F
764,1,HappyBirthday,1189,2920,M,1,7.56879e-05,0.187018,0.534642,0.0236028,F
764,1,HappyBirthday,417,11680,M,1,0.000399323,0.453798,256.779,0.219684,F
764,1,Births,1518,0,F,0,0,0.000948233,0,0,F
764,1,Births,1519,0,M,0,0,0.0544187,0,0,F
765,1,HappyBirthday,23,19345.2,F,1,0.758277,6.59156,769.874,442.659,F
766,1,HappyBirthday,690,34675.4,F,1,0.0205877,3.43788,21.3772,6.47308,F
766,1,HappyBirthday,1005,4380,M,1,5.5288e-06,0.128482,449.609,0.00501284,F
766,1,HappyBirthday,802,31755,M,1,0.136464,0.0926257,33.1823,46.4689,F
766,1,Births,1520,0,M,0,0,0.010031,0,0,F
767,1,HappyBirthday,1237,2555,F,1,0.0958779,0.587651,47.3039,37.3637,F
767,1,HappyBirthday,1190,2920,M,1,2.67262e-05,11.6416,3115.3,0.0504196,F
768,1,HappyBirthday,50,10220.7,M,1,0.00758824,0.136444,2195.97,8.98175,F
768,1,HappyBirthday,1409,1095,F,1,5.98015e-05,0.207949,3763.75,0.106488,F
768,1,HappyBirthday,1315,1825,F,1,0.0101195,1.89934,17.8596,3.2673,F
768,1,HappyBirthday,1191,2920,M,1,0.000794201,0.605219,0.0155494,0.247131,F
769,1,HappyBirthday,7,29200.5,F,1,0.004025,3.75841,0.007722,1.25371,F
769,1,HappyBirthday,248,8395.98,F,1,0.00557042,8.46545,0.0954128,1.73616,F
769,1,HappyBirthday,1090,3650,F,1,0.00470433,0.13015,38.847,1.54175,F
770,1,HappyBirthday,1091,3650,M,1,0.000108359,1.95884,763.476,0.0389975,F
771,1,HappyBirthday,345,5475,M,1,0.00567765,1.59566,101.155,1.77606,F
771,1,HappyBirthday,1357,1460,F,1,0.0228718,0.999034,7888.22,76.6222,F
771,1,HappyBirthday,530,8760.62,M,1,0.00298919,0.502391,0.353482,0.930226,F
771,1,HappyBirthday,573,16790.7,F,1,0.164941,0.257546,1795.13,186.228,F
771,1,HappyBirthday,655,24090.7,F,1,0.000636665,4.02785,8.6313,0.200026,F
772,1,HappyBirthday,60,27375.3,F,1,0.13551,6.4817,1.83254,45.5867,F
772,1,HappyBirthday,1192,2920,F,1,0.00572311,0.0170083,209.309,2.38061,F
772,1,HappyBirthday,641,21170.1,F,1,0.00152646,6.69172,14839.7,3.37157,F
773,1,HappyBirthday,134,9490.38,M,1,0.000427124,4.44951,4.18636,0.13499,F
773,1,HappyBirthday,259,21170.8,M,1,0.00128271,0.357762,10.1587,0.401264,F
773,1,HappyBirthday,390,9125.59,F,1,0.152985,0.110343,1.29577,51.8464,F
773,1,HappyBirthday,1238,2555,M,1,0.157486,0.38404,299.216,56.1417,F
774,1,HappyBirthday,313,9125.75,F,1,0.0118308,0.481315,4547.65,9.44707,F
774,1,HappyBirthday,1193,2920,M,1,0.00673475,0.186067,8375.83,2.29719,F
775,1,HappyBirthday,1410,1095,M,1,0.0157053,0.00964929,33.1034,5.65443,F
775,1,HappyBirthday,285,6935.94,F,1,0.0189484,1.23601,6462.64,15.102,F
775,1,HappyBirthday,575,6205.6,F,1,0.000923183,0.0493672,0.0578979,0.287112,F
775,1,HappyBirthday,880,22630.2,M,1,0.0684824,0.531781,105.327,23.4016,F
776,1,HappyBirthday,474,4745.71,F,1,0.0843713,0.57131,13.7627,27.4979,F
776,1,HappyBirthday,762,6205.09,F,1,0.059723,1.75274,14.8423,20.1628,F
776,1,HappyBirthday,915,4745.2,F,1,8.27537e-05,2.09423,63.9911,0.0258767,F
777,1,HappyBirthday,154,6205.58,F,1,0.07513,1.57116,119.98,25.0087,F
777,1,HappyBirthday,1316,1825,M,1,0.00582466,0.0288041,13.9477,1.94348,F
777,1,HappyBirthday,1441,730,F,1,0.0172856,0.150216,157.732,9.1435,F
777,1,HappyBirthday,1239,2555,M,1,0.0168634,0.583231,13.0286,5.29376,F
778,1,HappyBirthday,262,30660.6,F,1,0.627469,0.221762,22.4909,315.774,F
778,1,HappyBirthday,499,12410.6,F,1,0.0132237,0.224953,281.186,4.47592,F
778,1,HappyBirthday,509,4745.53,F,1,0.0036237,0.128069,5.54993,1.15174,F
779,1,HappyBirthday,1149,3285,M,1,0.00203489,2.47855,26.8984,0.636137,F
779,1,HappyBirthday,1477,365,M,1,0.00760363,5.7937,35.5401,2.78573,F
779,1,HappyBirthday,331,12410,F,1,0.0187259,0.142072,85.0502,6.47784,F
779,1,HappyBirthday,1411,1095,M,1,0.00240908,0.559238,4.7747,0.749496,F
780,1,HappyBirthday,1283,2190,F,1,0.609044,0.0972988,6.71777,301.298,F
780,1,HappyBirthday,495,14235.5,M,1,2.08622e-05,0.620957,1600.26,0.01466,F
780,1,HappyBirthday,1412,1095,F,1,0.0304209,0.593896,68099.6,62.2534,F
782,1,HappyBirthday,1092,3650,F,1,0.00944339,0.487776,1.19015,2.95417,F
783,1,HappyBirthday,141,12045,F,1,0.46917,0.325884,3.57916,196.832,F
784,1,HappyBirthday,1413,1095,M,1,0.131679,0.295043,61.5646,46.545,F
784,1,HappyBirthday,607,17155.9,F,1,0.0440998,0.368942,22.9192,14.0164,F
784,1,HappyBirthday,662,13140.9,M,1,2.09054e-06,7.28925,6.66055,0.0006644,F
784,1,HappyBirthday,781,13140.7,M,1,0.00139327,9.58674,21.2693,0.433656,F
785,1,HappyBirthday,135,17155.7,M,1,0.00306371,1.54032,0.125605,0.953258,F
785,1,HappyBirthday,1442,730,M,1,3.43964e-05,0.164617,12655.2,0.0158376,F
786,1,HappyBirthday,296,19710.7,F,1,0.00192528,0.963649,68.2837,0.621927,F
786,1,HappyBirthday,370,8030.35,M,1,0.000148884,0.223791,0.0001058,0.046252,F
786,1,HappyBirthday,1195,2920,M,1,0.0626295,3.16927,5.33077,20.2648,F
786,1,HappyBirthday,1478,365,F,0,0,0.00668661,0,0,F
787,1,HappyBirthday,15,35405.4,F,1,0.00172618,1.69786,1768.96,1.04662,F
787,1,HappyBirthday,1240,2555,M,1,0.0375769,0.581785,870.781,12.2483,F
787,1,HappyBirthday,149,23725,M,1,0.0238207,1.18336,0.0602544,7.49333,F
787,1,HappyBirthday,181,8395.38,F,1,0.0215414,2.1695,467.794,14.2745,F
787,1,HappyBirthday,1415,1095,M,1,4.46342e-05,0.0298798,0.0396531,0.0137791,F
787,1,HappyBirthday,1414,1095,M,1,0.434306,0.740745,6.25308,178.354,F
787,1,Births,1521,0,F,0,0,0.0137447,0,0,F
788,1,HappyBirthday,263,13140.2,F,1,0.117778,0.0705133,14.7243,41.7758,F
788,1,HappyBirthday,1093,3650,M,1,0.0644209,2.09123,0.259342,20.6954,F
788,1,HappyBirthday,680,9125.54,F,1,0.0103737,2.04851,1.14565,3.25503,F
789,1,HappyBirthday,130,20805.1,F,1,0.00651189,0.289172,21886.3,10.6548,F
790,1,HappyBirthday,1196,2920,M,1,0.191735,0.881662,0.251475,66.1553,F
790,1,HappyBirthday,346,14600.2,F,1,0.000848936,0.993371,5.04041,0.266195,F
790,1,HappyBirthday,1416,1095,M,1,0.000519963,0.0529687,2174.55,1.3169,F
790,1,HappyBirthday,673,20805.6,M,1,0.00693868,4.10072,2.6705,2.17735,F
790,1,HappyBirthday,778,6205.92,M,1,0.00279948,2.45939,49.9057,0.921268,F
791,1,HappyBirthday,585,16790.3,F,1,0.000600457,2.28016,691.757,0.359881,F
792,1,HappyBirthday,1479,365,M,1,0.0409018,0.544444,3135.68,41.7362,F
792,1,HappyBirthday,429,7300.08,F,1,0.00141401,0.0447291,0.00492616,0.439909,F
792,1,HappyBirthday,491,25185.6,M,1,0.0013058,6.48874,492.864,0.436045,F
792,1,HappyBirthday,552,10585.4,F,1,0.000764362,1.66389,7.17447,0.239653,F
792,1,HappyBirthday,574,9855.83,M,1,0.00278133,3.82818,11.7771,0.908525,F
792,1,HappyBirthday,921,9490.44,M,1,0.264054,0.932241,7.84793,96.3082,F
793,1,HappyBirthday,290,17155,M,1,0.037626,22.5713,29.6597,12.1883,F
793,1,HappyBirthday,381,11680.4,M,1,0.00128684,0.91167,0.029652,0.400339,F
793,1,HappyBirthday,609,5110.69,M,1,0.0939423,3.90676,0.888009,30.7084,F
793,1,Births,1522,0,F,0,0,0.348404,0,0,F
794,1,HappyBirthday,1284,2190,M,1,0.273439,0.630667,5938.89,1173.16,F
794,1,HappyBirthday,343,10585,M,1,0.0359483,12.3457,6.87796,11.4094,F
796,1,HappyBirthday,1480,365,M,1,0.0185685,0.127381,99267.4,135.59,F
796,1,HappyBirthday,826,7665.21,M,1,0.197736,0.423032,34.884,68.5041,F
797,1,HappyBirthday,1318,1825,M,1,0.000843514,0.374776,67.3745,0.289754,F
797,1,HappyBirthday,254,16060.3,F,1,0.00311351,1.78823,1196.98,1.17051,F
797,1,HappyBirthday,1319,1825,M,1,0.0784748,1.25998,2.79616,25.4236,F
797,1,HappyBirthday,995,13505,F,1,0.00247058,32.7425,0.227302,0.768752,F
797,1,HappyBirthday,1197,2920,M,1,0.283423,0.101715,1986.65,338.009,F
798,1,HappyBirthday,84,12775.7,F,1,0.00425504,0.281354,4.06404,1.32506,F
798,1,HappyBirthday,1007,4380,F,1,0.0274658,7.45998,0.192363,8.65946,F
798,1,Births,1523,0,M,0,0,0.0936631,0,0,F
799,1,HappyBirthday,137,34310.1,M,1,0.0859621,2.96168,110.273,32.4944,F
799,1,HappyBirthday,1443,730,F,1,0.526897,6.55465,14463,546.456,F
799,1,HappyBirthday,1008,4380,M,1,0.0784494,0.061513,8.52583,26.0303,F
800,1,HappyBirthday,11,22265.9,M,1,3.18617e-05,0.59861,43.8981,0.0116778,F
800,1,HappyBirthday,824,9490.32,F,1,0.0238751,0.151872,0.426131,7.52129,F
800,1,HappyBirthday,908,4745.6,M,1,0.0751013,0.130734,1.1918,24.2659,F
800,1,Births,1524,0,M,0,0,0.198082,0,0,F
801,1,HappyBirthday,1009,4380,M,1,0.00506911,0.0999052,1502.28,4.89459,F
802,1,HappyBirthday,464,4745.27,F,1,0.000935792,1.17039,8.3581,0.302643,F
802,1,HappyBirthday,804,20440.7,F,1,0.00997542,1.97178,282.903,3.94959,F
802,1,HappyBirthday,899,9855.59,F,1,0.00616411,10.4434,20.8058,1.93233,F
803,1,HappyBirthday,1095,3650,M,1,0.00519616,2.10872,0.257285,1.61946,F
803,1,HappyBirthday,1094,3650,M,1,0.000335327,0.606752,2.24392,0.105439,F
803,1,HappyBirthday,1053,4015,M,1,0.00958302,1.40137,8269.7,3.90453,F
803,1,HappyBirthday,556,18615.8,F,1,0.00101829,2.3473,0.752412,0.317434,F
804,1,HappyBirthday,1243,2555,F,1,0.000374154,0.0347473,26.7591,0.130208,F
804,1,HappyBirthday,549,9125.63,F,1,0.0107571,0.60454,84.7204,3.36576,F
804,1,HappyBirthday,1010,4380,M,1,0.0101587,0.314798,694.104,3.44712,F
805,1,HappyBirthday,44,10585,F,1,0,0.179947,29.7197,0,F
805,1,HappyBirthday,214,4745.43,M,1,0.000364408,1.31737,11.2264,0.119028,F
806,1,HappyBirthday,470,12410.5,F,1,0.00890499,2.33646,0.283427,2.7824,F
806,1,HappyBirthday,1417,1095,F,1,0.319722,0.974554,1098.71,301.381,F
807,1,HappyBirthday,1285,2190,M,1,0.0438195,0.187556,5158.05,42.3833,F
808,1,HappyBirthday,1055,4015,F,1,0.0334946,0.709439,3.12862,10.5982,F
808,1,HappyBirthday,711,7300.47,F,1,0.0497611,14.1538,0.216053,15.8633,F
808,1,HappyBirthday,946,19710.4,M,1,0.164589,0.0430316,86.1052,79.1002,F
809,1,HappyBirthday,37,17155.9,M,1,0.0164791,0.354519,2273.39,5.23719,F
809,1,HappyBirthday,246,29930.9,M,1,0,0.0398242,15880.3,0,F
809,1,HappyBirthday,261,5475.04,F,1,4.48489e-05,0.102556,5.67829e-06,0.0139497,F
809,1,HappyBirthday,1096,3650,F,1,0.25491,0.130546,0.0587823,91.4634,F
810,1,HappyBirthday,175,12045.4,F,1,0.0410868,0.135202,0.412218,13.0441,F
810,1,HappyBirthday,1444,730,M,1,0.00980535,0.224899,88505,66.6421,F
810,1,HappyBirthday,892,7300.17,M,1,0.0279692,0.388219,6.94023,8.85644,F
811,1,HappyBirthday,769,6935.91,M,1,0.000341133,4.01254,0.0876314,0.105999,F
811,1,HappyBirthday,1321,1825,F,1,0.607427,0.0657828,487.944,351.705,F
812,1,HappyBirthday,1481,365,F,1,0.00102349,0.507789,519.895,1.02674,F
812,1,HappyBirthday,307,18250.7,M,1,0.177142,0.297201,14.3396,63.861,F
812,1,HappyBirthday,874,5840.21,M,1,0.0423387,0.40963,36.2145,14.1749,F
812,1,HappyBirthday,919,36135.9,F,1,0.0250043,0.973216,475.76,12.8087,F
813,1,HappyBirthday,120,15695.2,M,1,0.256439,0.758943,1259.7,246.137,F
813,1,HappyBirthday,1360,1460,F,1,0.00382268,0.234123,9418.71,6.81472,F
813,1,HappyBirthday,384,19710,M,1,0.0207598,0.201113,65.5143,7.38645,F
813,1,HappyBirthday,674,19710.1,M,1,0.172949,1.76581,1.61679,59.0162,F
814,1,HappyBirthday,111,4745.25,F,1,0.00380356,7.5682,8.53804,1.20163,F
814,1,HappyBirthday,1097,3650,F,1,0.0240677,1.26857,4.11731,7.57577,F
814,1,HappyBirthday,1286,2190,M,1,0.00234061,0.686882,28160.1,2.54949,F
814,1,HappyBirthday,1151,3285,F,1,0.359729,0.0778751,341.779,138.707,F
815,1,HappyBirthday,624,5110.44,F,1,0.000798026,0.854817,2840.79,0.327913,F
816,1,HappyBirthday,1012,4380,F,1,0.000218567,10.1393,3014.06,0.750242,F
817,1,HappyBirthday,220,7300.83,F,1,0.061157,3.19627,1986.14,35.1352,F
817,1,HappyBirthday,835,30295.5,F,1,0,1.07152,37.77,0,F
817,1,HappyBirthday,941,5110.03,F,1,0.200526,1.78864,214.019,70.784,F
818,1,HappyBirthday,1201,2920,M,1,0.0216531,0.880956,0.255507,6.81033,F
818,1,HappyBirthday,198,18250.1,F,1,0.0872133,0.706637,9.9495,29.5908,F
818,1,HappyBirthday,865,4745.72,M,1,0.00161179,0.430295,863.8,0.810082,F
818,1,HappyBirthday,1361,1460,F,1,0.00693931,0.0981029,27508.1,64.0144,F
819,1,HappyBirthday,1362,1460,M,1,0.00106922,0.291871,453.44,0.71608,F
820,1,HappyBirthday,611,16060.5,M,1,0.112381,0.623181,0.218696,37.089,F
820,1,HappyBirthday,1482,365,M,1,0.000275703,0.305538,909.447,0.195546,F
820,1,HappyBirthday,1445,730,M,1,0.800943,0.0264993,315.384,820.425,F
820,1,HappyBirthday,913,5475.1,M,1,3.86514e-07,0.924406,4019.73,0.00103912,F
820,1,HappyBirthday,1013,4380,F,1,0.0030195,0.449376,1213.38,1.06147,F
821,1,HappyBirthday,1323,1825,M,1,0.00777216,0.105234,28964.8,7.95752,F
821,1,Births,1525,0,F,0,0,0.0501428,0,0,F
822,1,HappyBirthday,12,15695.9,M,1,0.00390186,0.287921,14.6759,1.21632,F
822,1,HappyBirthday,414,18615,M,1,0.170582,2.00714,1728.08,81.2394,F
824,1,HappyBirthday,406,6205.69,F,1,0.00300299,0.159047,0.151377,0.935165,F
825,1,HappyBirthday,224,32120.7,F,1,0.00076159,2.09979,1134.29,0.283311,F
826,1,HappyBirthday,1418,1095,F,1,8.82825e-05,0.382586,28609.7,0.318557,F
826,1,HappyBirthday,1419,1095,M,1,0.0483004,0.179083,112681,363.79,F
826,1,HappyBirthday,982,5110.03,M,1,0.000491274,0.359155,1926.68,0.211782,F
827,1,HappyBirthday,144,8395.74,F,1,0.00878823,3.42204,3129.93,7.16707,F
827,1,HappyBirthday,159,10950.3,M,1,0.108901,1.55598,1427.96,184.149,F
827,1,HappyBirthday,1324,1825,M,1,9.17995e-05,0.144431,112384,0.716762,F
827,1,HappyBirthday,952,7665.04,F,1,0.0233165,2.62108,41.6545,7.82888,F
827,1,HappyBirthday,1287,2190,M,1,0.0154778,0.691642,0.668374,4.85917,F
828,1,HappyBirthday,1152,3285,F,1,0.112042,0.0444678,12.7379,39.2871,F
828,1,Births,1526,0,F,0,0,0.124741,0,0,F
829,1,HappyBirthday,203,9490.35,M,1,0.001089,1.41807,0.0008684,0.338789,F
829,1,HappyBirthday,863,5475.11,M,1,0.0178849,1.20383,1.18099,5.62125,F
830,1,HappyBirthday,1446,730,F,1,0.00427918,0.0194853,127.724,1.70005,F
830,1,HappyBirthday,682,6570.91,M,1,0.0220194,2.26333,4091.83,33.7564,F
831,1,HappyBirthday,521,5475.98,F,1,0.00207336,1.30753,49.6526,0.693477,F
831,1,HappyBirthday,551,16060.2,M,1,0.00425975,0.343491,1332.02,1.50339,F
831,1,HappyBirthday,878,14600.8,F,1,0.000871178,0.758922,0.284591,0.27078,F
832,1,HappyBirthday,1364,1460,M,1,0.268005,1.90356,2677.6,396.672,F
832,1,HappyBirthday,482,5840.3,F,1,0.000894107,1.36849,0.0441705,0.277817,F
832,1,HappyBirthday,1101,3650,F,1,0.00209542,0.926398,59.5635,0.741099,F
832,1,HappyBirthday,832,6205.09,F,1,0,1.31034,3951.76,0,F
832,1,HappyBirthday,1363,1460,F,1,0.000384667,0.260071,27029.1,0.85761,F
832,1,HappyBirthday,1153,3285,M,1,0.00249341,0.00618937,60837.3,10.8684,F
833,1,HappyBirthday,968,13140.8,F,1,0.0722289,1.21897,61.4105,26.4765,F
834,1,HappyBirthday,1289,2190,F,1,0.0599948,3.97336,28.639,19.7873,F
834,1,HappyBirthday,1288,2190,F,1,0.041388,0.37991,8412.21,62.7724,F
834,1,HappyBirthday,1244,2555,F,1,0.0407955,3.62561,151.802,15.1397,F
835,1,HappyBirthday,613,18980.3,F,1,0.140928,2.20619,2.58303,47.339,F
835,1,HappyBirthday,888,12410.1,M,1,0.083597,3.74628,86.2431,27.2955,F
836,1,HappyBirthday,268,17155.3,M,1,0.000447703,1.71162,383.547,0.220545,F
836,1,HappyBirthday,402,32120.9,M,1,0.00582257,1.17386,15956.3,3.84949,F
836,1,HappyBirthday,754,27010.1,M,1,0.560229,0.0995229,3692.95,342.581,F
836,1,HappyBirthday,1058,4015,M,1,8.45452e-06,0.395601,0.0434904,0.00263853,F
837,1,HappyBirthday,1365,1460,F,1,0.00112812,0.00733833,1.48349,0.350526,F
837,1,HappyBirthday,185,12775.2,M,1,0,0.686688,302.8,0,F
837,1,HappyBirthday,205,8030.07,M,1,0.00105471,0.349427,0.96005,0.329202,F
837,1,HappyBirthday,223,12775.7,F,1,0.0460776,2.75955,0.307403,14.6645,F
837,1,HappyBirthday,1102,3650,M,1,0.00764115,0.247986,0.799905,2.38447,F
837,1,HappyBirthday,1447,730,M,1,0.285014,1.01001,50.9914,120.714,F
838,1,HappyBirthday,155,8030.48,F,1,0.00370668,0.252447,10.5703,1.15481,F
839,1,HappyBirthday,1155,3285,F,1,0.475313,18.2966,6.09535,205.708,F
840,1,HappyBirthday,885,5475.08,M,1,0.0100353,0.235339,0.627897,3.1442,F
841,1,HappyBirthday,400,5110.76,M,1,0.0438171,0.606791,1968.99,40.8843,F
841,1,HappyBirthday,472,8760,M,1,0.000637266,0.610826,75.9132,0.199829,F
841,1,HappyBirthday,997,12410.9,M,1,0.0255411,0.09081,1.93543,8.10499,F
842,1,HappyBirthday,289,20805.6,F,1,0.00703037,0.146865,11037.5,7.72206,F
842,1,HappyBirthday,1366,1460,M,1,0.0227352,0.0259428,2179.62,11.8989,F
843,1,HappyBirthday,1203,2920,F,1,0.0467369,1.50454,248.497,21.1203,F
844,1,HappyBirthday,69,6935.49,M,1,0.00272589,2.27093,0.0285481,0.848442,F
844,1,HappyBirthday,1483,365,F,1,0.0051516,0.306795,41.0512,1.85427,F
844,1,HappyBirthday,1245,2555,M,1,0,2.45388,4.53039,0,F
845,1,HappyBirthday,1016,4380,F,1,0.00592574,0.0546307,334.653,2.07639,F
845,1,HappyBirthday,719,6935.48,F,1,0.00300302,13.2598,0.0276724,0.934789,F
845,1,HappyBirthday,1204,2920,M,1,0.127345,0.169447,4.58374,42.4361,F
845,1,HappyBirthday,1290,2190,M,1,0.00115448,0.177047,0.00368717,0.359063,F
845,1,HappyBirthday,1017,4380,F,1,0.000493758,0.53628,3.30928,0.15547,F
846,1,Births,1527,0,M,0,0,0.0240764,0,0,F
847,1,HappyBirthday,1291,2190,F,1,0.132518,0.0939906,99.095,50.8637,F
847,1,HappyBirthday,727,25915.7,M,1,0.0647837,1.8954,306.671,31.1745,F
847,1,Births,1528,0,M,0,0,0.104582,0,0,F
848,1,HappyBirthday,1104,3650,F,1,0.431527,0.0851464,11.1901,176.677,F
848,1,HappyBirthday,1484,365,F,1,0.263697,0.121728,4951.4,418.518,F
848,1,HappyBirthday,1448,730,M,1,0.181582,0.706923,10810.5,98.5626,F
849,1,HappyBirthday,177,5110.39,M,1,0.0292801,0.467793,17074.4,20.2423,F
849,1,HappyBirthday,435,10950.3,M,1,0.414962,6.2545,2083.45,193.636,F
850,1,HappyBirthday,1449,730,M,1,0.000106468,1.76771,7.49704,0.0342496,F
850,1,HappyBirthday,1060,4015,M,1,0.167949,0.0639355,3488.01,63.3273,F
851,1,HappyBirthday,386,5110.28,F,1,0.000321007,0.168056,35.4285,0.106026,F
852,1,HappyBirthday,970,6570.23,F,1,2.56633e-05,0.218883,33.3178,0.0083989,F
853,1,HappyBirthday,1207,2920,F,1,0.00014737,3.93003,294.602,0.0682753,F
853,1,HappyBirthday,281,11680.5,M,1,0.0186792,0.4567,986.346,14.5112,F
853,1,HappyBirthday,421,21535.3,F,1,0.185286,1.86866,18.1906,65.6783,F
853,1,HappyBirthday,720,10585.8,F,1,0.000809069,0.0925387,727.084,0.508643,F
853,1,HappyBirthday,819,16790.4,F,1,0.0196567,0.925132,91.5096,6.1692,F
853,1,HappyBirthday,1206,2920,F,1,0.0485873,0.0575447,111.046,16.1876,F
853,1,HappyBirthday,1205,2920,M,1,0.000909711,0.727727,0.642024,0.283107,F
854,1,HappyBirthday,561,12775.6,F,1,0.0786462,1.38208,0.346176,25.4557,F
854,1,HappyBirthday,753,33580.6,F,1,0.00153053,17.3806,53.8062,0.506013,F
854,1,HappyBirthday,845,12410.3,M,1,0.201337,0.0158715,1209.8,70.0581,F
854,1,HappyBirthday,1450,730,F,1,0.364755,0.161654,185.557,179.805,F
854,1,Births,1529,0,M,0,0,0.324544,0,0,F
855,1,HappyBirthday,456,12045.3,M,1,0.00444714,0.509102,196.901,1.46187,F
855,1,HappyBirthday,1247,2555,M,1,0.000391267,0.87076,24.0262,0.127761,F
855,1,HappyBirthday,1018,4380,F,1,0.0191408,5.61503,808.548,13.2572,F
855,1,HappyBirthday,702,18615,M,1,8.31465e-06,0.133111,5.6e-06,0.0025924,F
856,1,HappyBirthday,188,6205.92,M,1,0.185926,0.483769,1927.25,183.692,F
856,1,HappyBirthday,1367,1460,F,1,0.558618,0.739958,1094.77,510.374,F
857,1,HappyBirthday,218,15330.8,F,1,6.37583e-05,1.9559,1804,0.155971,F
857,1,HappyBirthday,397,6935.73,M,1,0.0011348,2.86577,0.517965,0.353247,F
857,1,HappyBirthday,1327,1825,M,1,0.00734545,0.780051,615.191,7.82406,F
857,1,HappyBirthday,816,29565.4,M,1,8.98324e-05,0.718109,0.177264,0.0279326,F
858,1,HappyBirthday,52,8760.83,F,1,0.00289259,0.216415,0.285845,0.900024,F
859,1,HappyBirthday,1248,2555,M,1,0.143308,0.0469093,45.5109,57.4209,F
859,1,HappyBirthday,708,31390.5,F,1,0.0185424,110.019,5.39654,5.90621,F
859,1,HappyBirthday,728,12775.5,M,1,0.00206832,0.128637,16.2224,0.685673,F
861,1,HappyBirthday,243,10585.6,M,1,0.0143951,0.749853,704.425,4.71895,F
861,1,HappyBirthday,1292,2190,M,1,0.0161115,0.0573353,30.4364,5.64993,F
861,1,HappyBirthday,635,18980.2,F,1,0.00184613,1.10689,4.35869,0.586743,F
861,1,HappyBirthday,910,10220.8,M,1,0.00485267,0.57855,0.601396,1.51322,F
861,1,HappyBirthday,988,5110.7,M,1,0.00331391,1.64028,0.140782,1.03211,F
862,1,HappyBirthday,773,6935.75,F,1,0.0432632,0.592893,0.0623997,13.7452,F
863,1,HappyBirthday,1106,3650,F,1,0.0128373,0.504874,17195.4,4.17252,F
863,1,HappyBirthday,645,8030.81,M,1,0.184366,1.344,7077.57,184.746,F
864,1,HappyBirthday,1369,1460,M,1,0.0090219,0.233024,2057.91,9.49841,F
864,1,HappyBirthday,319,10585.1,F,1,0.0689859,1.75531,34.3593,22.2149,F
864,1,HappyBirthday,1451,730,M,1,0.110441,0.145517,66144,1227.17,F
865,1,HappyBirthday,70,6570.01,M,1,0.0564751,0.424677,653.301,60.7174,F
865,1,HappyBirthday,1485,365,M,1,0.143715,0.0966619,44117.2,1139.52,F
866,1,HappyBirthday,357,12045.8,M,1,0.0121132,0.0387682,111.498,3.78776,F
867,1,HappyBirthday,1452,730,F,1,0.000221508,2.53465,154545,2.31447,F
867,1,HappyBirthday,1486,365,M,1,0.00645558,0.487363,29418.7,7.92561,F
867,1,HappyBirthday,502,9855.58,M,1,0.0376955,0.201585,46.197,11.9645,F
868,1,HappyBirthday,165,9125.93,M,1,0.475869,0.493411,647.444,392.345,F
868,1,HappyBirthday,356,9125.58,M,1,0.00335362,0.316025,0.706018,1.04623,F
868,1,HappyBirthday,572,28105.5,M,1,0.000496796,0.0628722,0.0018164,0.154475,F
870,1,HappyBirthday,1453,730,M,1,0.000128191,1.01613,120313,1.37726,F
871,1,HappyBirthday,1328,1825,M,1,0.748411,0.0919713,10.1522,434.338,F
871,1,HappyBirthday,590,24455,F,1,0.000804009,0.87857,11.8555,0.250693,F
871,1,HappyBirthday,706,8030.88,M,1,0.00811853,0.358999,0.012896,2.53289,F
871,1,HappyBirthday,994,21535.7,F,1,0.0209768,0.490285,12.6003,6.8988,F
872,1,HappyBirthday,1157,3285,F,1,0.0512436,0.0582435,1.49002,16.3475,F
872,1,HappyBirthday,1487,365,F,1,0.0457013,0.0695199,22.1733,15.4262,F
872,1,HappyBirthday,147,6570.23,F,1,0.00562859,0.0538941,9.62474,1.77735,F
872,1,HappyBirthday,265,4745.32,M,1,0.000142278,0.0571255,3.77911,0.0446399,F
873,1,HappyBirthday,777,10220.5,M,1,0.000316927,2.2549,5.14e-05,0.0983804,F
874,1,HappyBirthday,71,7300.39,F,1,0.000758518,0.152454,4.12691,0.237517,F
874,1,HappyBirthday,176,28835.1,F,1,0.00183376,0.0803835,2.22865,0.570734,F
874,1,HappyBirthday,249,8760.67,F,1,0.00421163,9.97095,1.69134,1.31549,F
874,1,HappyBirthday,1488,365,F,1,0.0125383,0.348361,8.20119,4.01392,F
874,1,HappyBirthday,643,4745.22,F,1,0.019599,0.119643,2223.83,21.3582,F
875,1,HappyBirthday,782,16790,M,1,0.0201335,0.576749,16.4475,6.34846,F
876,1,HappyBirthday,97,14600.8,M,1,5.22327e-05,3.00047,39.5651,0.0171502,F
876,1,HappyBirthday,439,6570.32,M,1,0.0061439,0.476928,49.0413,1.95726,F
876,1,HappyBirthday,767,9855.99,F,1,0,0.00675444,0.010435,0,F
877,1,HappyBirthday,1370,1460,M,1,0.151417,0.203944,12050,1298.78,F
877,1,HappyBirthday,344,12045.3,M,1,0,0.60287,186.042,0,F
877,1,HappyBirthday,1489,365,M,1,2.05839e-05,0.19121,0.0990539,0.00642891,F
878,1,HappyBirthday,236,5840.08,F,1,0.0386129,9.46683,0.0989076,12.2427,F
878,1,HappyBirthday,1158,3285,M,1,0.0803034,1.68083,290.483,27.3597,F
879,1,HappyBirthday,1454,730,M,1,0.444299,0.171833,176.304,240.275,F
879,1,HappyBirthday,1022,4380,F,1,0.00475162,0.861088,34.4765,1.48748,F
879,1,HappyBirthday,695,9490.38,F,1,0.0078642,0.541831,209.89,3.29574,F
879,1,HappyBirthday,1063,4015,M,1,0.0132198,0.30176,39.7517,4.88064,F
879,1,HappyBirthday,789,29565.5,M,1,0.0510083,0.455481,153.558,16.332,F
879,1,HappyBirthday,1208,2920,M,1,0.00478511,0.318035,15.9244,1.52433,F
880,1,HappyBirthday,409,29930.2,F,1,0.00783169,19.6813,3.64596,2.48078,F
880,1,HappyBirthday,621,8395.3,F,1,9.07608e-05,0.355767,0,0.0282316,F
881,1,HappyBirthday,1209,2920,M,1,0.0184129,0.0122441,4315.54,17.6424,F
881,1,Births,1530,0,M,0,0,0.133717,0,0,F
882,1,Births,1531,0,M,0,0,0.0816542,0,0,F
883,1,HappyBirthday,1371,1460,M,1,0.134985,0.360533,1780.25,48.6225,F
883,1,HappyBirthday,215,21900.9,F,1,0.000205885,0.305141,0.0069726,0.0640334,F
883,1,HappyBirthday,235,20440.8,F,1,0.0474523,7.71508,7299.26,20.7714,F
883,1,HappyBirthday,833,8760.44,M,1,0.00303336,3.10644,107.703,1.40358,F
883,1,HappyBirthday,856,9855.53,F,1,0.0486696,1.46781,602.447,21.939,F
884,1,HappyBirthday,145,16790.7,F,1,1.41616e-05,3.38762,9.42903,0.0045738,F
884,1,HappyBirthday,240,6570.94,F,1,0.0261295,1.7171,303.681,9.89196,F
884,1,HappyBirthday,1249,2555,M,0,0,0.00570034,0,0,F
885,1,HappyBirthday,555,5110.96,F,1,0.00627983,0.144897,0.142471,1.95814,F
885,1,HappyBirthday,646,16790.5,M,1,0.000254047,5.29259,34.3868,0.082807,F
885,1,Births,1532,0,F,0,0,0.896266,0,0,F
886,1,HappyBirthday,1491,365,F,1,0.198893,0.0719936,13935.3,261.406,F
886,1,HappyBirthday,668,6205.7,M,1,0.192459,0.956703,52.4059,70.7476,F
886,1,HappyBirthday,1329,1825,M,1,0.0609484,0.570954,220.122,26.5654,F
887,1,HappyBirthday,538,13140.9,F,1,0.00814522,0.827609,7955.47,6.21225,F
888,1,HappyBirthday,393,8030.92,F,1,0.0611468,3.34877,15.7974,19.6188,F
889,1,HappyBirthday,101,10585.5,M,1,0.000152116,0.353065,4611.89,0.102338,F
889,1,HappyBirthday,1064,4015,F,1,0.0192909,0.177563,971.817,13.9834,F
890,1,HappyBirthday,1421,1095,F,1,0.0446169,8.10192,0.428112,14.1912,F
890,1,HappyBirthday,494,12410.1,F,1,3.31449e-05,1.89712,2697.45,0.0998684,F
891,1,HappyBirthday,1159,3285,M,1,0.00347371,6.57933,26443.4,2.45606,F
891,1,HappyBirthday,108,17155.1,F,1,0.0111444,0.109953,70.7966,3.59311,F
891,1,HappyBirthday,1250,2555,F,1,0.000187947,0.115163,5195.44,0.423375,F
891,1,HappyBirthday,1493,365,F,1,0.000742619,0.190876,276.275,0.329653,F
892,1,HappyBirthday,88,6935.1,M,1,0.0954335,1.37703,0.0785545,31.1751,F
892,1,HappyBirthday,1422,1095,M,1,0.907605,0.100409,1645.19,1515.5,F
892,1,HappyBirthday,1372,1460,F,1,0.00103334,1.07821,1455.38,2.27005,F
892,1,Births,1533,0,M,0,0,0.27414,0,0,F
893,1,HappyBirthday,31,10585.1,F,1,0.10089,0.340462,0.396159,33.1036,F
893,1,HappyBirthday,364,12045.2,F,1,0,1.6605,353.642,0,F
893,1,HappyBirthday,478,5840.04,F,1,9.4585e-06,1.32582,31.4815,0.00305093,F
893,1,HappyBirthday,675,15330.9,M,1,0.0160672,7.92757,0.944498,5.04001,F
893,1,HappyBirthday,722,20075.2,M,1,0.00318602,0.738232,1526.79,1.15244,F
893,1,HappyBirthday,1293,2190,M,1,0.00239513,0.680523,1993.12,5.60352,F
894,1,HappyBirthday,725,18615.5,M,1,0.0164313,0.0686243,121.504,6.45426,F
894,1,HappyBirthday,1330,1825,F,1,0.000746348,0.275713,46677,1.357,F
894,1,HappyBirthday,1331,1825,F,1,0.0014216,0.369618,0.10619,0.442275,F
895,1,HappyBirthday,86,10586,F,1,0.0637332,13.5027,1.28067,20.5954,F
895,1,HappyBirthday,1373,1460,F,1,0.309657,0.167537,6649.4,234.773,F
896,1,HappyBirthday,1023,4380,M,1,0.00514332,0.032766,321.919,3.73352,F
896,1,HappyBirthday,923,14600.6,F,1,0.233563,0.130614,442.261,82.6806,F
897,1,HappyBirthday,257,16060.3,M,1,0.023346,4.63438,8549.31,12.8198,F
897,1,HappyBirthday,1332,1825,M,1,0.19281,0.383442,5480.01,104.044,F
897,1,HappyBirthday,978,33580.8,F,1,0.0649538,0.532768,1764.65,42.7858,F
897,1,Births,1534,0,F,0,0,0.198053,0,0,F
898,1,HappyBirthday,1333,1825,M,1,0.00268485,0.275337,12.6353,0.886039,F
900,1,HappyBirthday,49,17885.4,M,1,0.218495,0.774075,28.8957,76.6896,F
900,1,HappyBirthday,253,16060.6,M,1,0.0639311,0.704148,59.2821,20.6109,F
900,1,HappyBirthday,1423,1095,F,1,0.0041666,0.363803,6.17075,1.33658,F
900,1,HappyBirthday,889,6570.28,F,1,0.00290673,1.35667,15.939,0.977501,F
900,1,HappyBirthday,957,9490.1,F,1,0.0113163,3.85536,5.0235,3.53771,F
901,1,HappyBirthday,74,9125.87,M,1,0.168273,1.1302,3126.35,66.5311,F
901,1,HappyBirthday,269,15330.4,M,1,0.0513757,0.262737,202.128,16.4742,F
901,1,HappyBirthday,901,5110.24,F,1,0.0923391,0.634781,1.77039,30.1737,F
902,1,HappyBirthday,1108,3650,M,1,0.00277629,0.0415719,595.371,1.57288,F
903,1,HappyBirthday,72,11680.3,M,1,0.301791,0.462927,33.54,115.804,F
903,1,HappyBirthday,1424,1095,F,1,0.00116707,0.198376,144.552,0.4392,F
903,1,HappyBirthday,447,9490.75,M,1,1.22024e-06,1.37453,9054.28,0.0035082,F
903,1,HappyBirthday,693,10220.7,F,1,0.0327369,5.53758,448.207,10.6599,F
904,1,HappyBirthday,380,20075.9,F,1,0.0128879,2.19233,102.378,4.42999,F
904,1,HappyBirthday,1160,3285,F,1,0.000733006,4.27836,1358.06,0.664624,F
904,1,HappyBirthday,752,7665.04,M,1,0.0101587,13.5359,237.279,5.58128,F
905,1,HappyBirthday,162,13140.8,F,1,0.00610106,4.19365,232.57,1.97343,F
905,1,HappyBirthday,190,12410.6,M,1,0.0313155,1.5397,1.54877,9.9297,F
905,1,HappyBirthday,255,4745.45,M,1,0.0960333,0.433689,1197.19,32.4152,F
905,1,HappyBirthday,1374,1460,M,1,0.439991,0.634107,5.78053,181.696,F
905,1,HappyBirthday,898,9490.23,F,1,0.00236282,6.08606,26608.9,3.14587,F
906,1,HappyBirthday,276,6205.23,M,1,0.511907,2.1354,62.7056,228.782,F
906,1,HappyBirthday,468,17885.1,M,1,0.00965566,0.704885,54.9752,3.09191,F
906,1,HappyBirthday,469,5475.78,F,1,0.00564082,1.23603,172.112,1.77507,F
906,1,HappyBirthday,520,7300.59,F,1,1.00891e-05,1.01789,302.409,0.00718716,F
906,1,HappyBirthday,734,5840.02,F,1,2.74263e-06,0.831012,4006.91,0.00562668,F
907,1,HappyBirthday,79,16060.7,M,1,0.507868,0.681678,35.6491,254.978,F
907,1,HappyBirthday,1375,1460,F,1,0.209485,0.292954,4073.61,408.163,F
907,1,HappyBirthday,1211,2920,F,1,0.2088,1.75538,160.566,75.3455,F
908,1,HappyBirthday,1376,1460,M,1,0.483578,13.5741,1386.45,646.821,F
909,1,HappyBirthday,333,7665.62,M,1,0.00279958,3.78265,14.6485,0.881466,F
909,1,HappyBirthday,407,6935.06,M,1,0.799051,0.15907,57.5277,513.891,F
910,1,HappyBirthday,1161,3285,F,1,0.00213952,0.0869796,7.3104,0.673675,F
910,1,HappyBirthday,1109,3650,M,1,0.000742982,0.150542,1030.48,0.348175,F
910,1,HappyBirthday,377,15330.8,M,1,0.000102476,3.53814,230.386,0.0434442,F
910,1,HappyBirthday,1455,730,M,1,0.0798151,0.0723049,125.242,30.919,F
910,1,Births,1535,0,F,0,0,0.0491603,0,0,F
911,1,HappyBirthday,332,27740.9,F,1,0.00400588,0.274932,995.226,5.99553,F
911,1,HappyBirthday,1495,365,M,1,0.0952732,0.260678,3032.47,152.318,F
912,1,HappyBirthday,96,7300.9,M,1,0.0144276,2.82118,8.66986,4.55065,F
912,1,HappyBirthday,1496,365,M,1,0.00068849,0.635439,5.62701,0.219946,F
912,1,HappyBirthday,959,5110.56,F,1,9.04562e-06,0.154716,0,0.00282076,F
912,1,Births,1536,0,M,0,0,0.142141,0,0,F
913,1,HappyBirthday,46,28835.9,M,1,0.0040836,0.114623,2847.54,1.27177,F
913,1,HappyBirthday,174,25550,F,1,0.00283413,0.494295,0.876978,0.884881,F
913,1,HappyBirthday,208,7300.03,M,1,0.000902131,1.24225,387.23,0.725213,F
913,1,HappyBirthday,1456,730,F,1,0.410119,0.067184,7.74209,168.839,F
913,1,HappyBirthday,701,6570.39,F,1,0.000805728,0.40542,890.256,0.297691,F
914,1,HappyBirthday,1457,730,F,1,0.0113651,0.739805,94.5174,4.025,F
914,1,HappyBirthday,1252,2555,M,1,0.065521,1.59609,3.67881,21.4205,F
914,1,HappyBirthday,490,13870,M,1,4.92753e-06,4.98162,44912.7,0.0448712,F
914,1,HappyBirthday,1294,2190,M,1,0.0215354,1.04305,44.2435,7.49671,F
914,1,HappyBirthday,730,13505.3,F,1,0.000183482,0.504143,1043.88,0.271729,F
914,1,HappyBirthday,785,7300.48,M,1,0.026307,2.22319,4.01692,8.45008,F
914,1,HappyBirthday,829,27740,M,1,0.0354783,7.41718,2.31441,11.254,F
915,1,HappyBirthday,39,6935.99,M,1,0.596286,0.297688,71.0499,282.21,F
915,1,HappyBirthday,1425,1095,F,1,0.114734,0.244934,42.0341,37.9631,F
915,1,HappyBirthday,449,14235,F,1,0.000612167,7.30174,0.0833804,0.190412,F
915,1,HappyBirthday,736,13505,F,1,0.00454883,0.407036,6.84127,1.43748,F
915,1,HappyBirthday,1212,2920,M,1,0.0550337,4.61949,19.5017,18.1364,F
916,1,HappyBirthday,1110,3650,F,1,0.118324,1.68965,81.0748,43.7603,F
916,1,HappyBirthday,271,31390.4,M,1,0.000467585,0.077087,0.0079108,0.145305,F
916,1,HappyBirthday,1163,3285,F,1,0.0126469,0.327021,337.111,8.83779,F
916,1,HappyBirthday,893,18250.1,M,1,0.000772953,0.0398315,8.05865,0.249973,F
917,1,HappyBirthday,1111,3650,M,1,0.00561213,0.402492,260.459,1.99584,F
917,1,HappyBirthday,926,10220.1,F,1,0.000934212,0.540399,14739.6,0.445439,F
917,1,HappyBirthday,1337,1825,F,1,0.227502,0.196258,823.894,171.814,F
918,1,HappyBirthday,142,8395.26,F,1,0.00275452,4.52229,232.658,1.15525,F
918,1,HappyBirthday,1377,1460,M,1,0.084975,0.106384,20.1171,29.4926,F
918,1,HappyBirthday,873,25915.2,M,1,0.00664465,4.48123,0.0055538,2.07152,F
918,1,HappyBirthday,1458,730,F,1,0.204817,0.37755,52696,1024.31,F
919,1,HappyBirthday,1164,3285,F,1,0.0537848,0.0730397,1817.03,60.9803,F
919,1,HappyBirthday,677,5840.03,M,1,0.00199785,0.0941596,25.8647,0.650689,F
919,1,Births,1537,0,M,0,0,0.364039,0,0,F
920,1,HappyBirthday,1426,1095,F,1,0.028877,0.141405,322.542,9.27807,F
920,1,HappyBirthday,65,11315.1,F,1,0.00717058,2.77977,173.466,2.27639,F
920,1,HappyBirthday,66,4745.75,M,1,0.0994165,0.442162,2.0328,32.6393,F
921,1,HappyBirthday,1459,730,F,1,0.0769826,0.112489,0.494425,24.9115,F
921,1,HappyBirthday,517,16790.8,F,1,0.0719159,2.33107,1877.8,164.155,F
921,1,HappyBirthday,703,8395.76,F,1,0.000493984,0.370093,22.5041,0.15834,F
921,1,Births,1538,0,F,0,0,0.464893,0,0,F
921,1,Births,1539,0,M,0,0,0.0268644,0,0,F
922,1,HappyBirthday,17,5840.94,M,1,0.00136361,0.531889,0.154299,0.424131,F
922,1,HappyBirthday,1498,365,M,1,0.00089042,0.0453691,86.1209,0.31981,F
922,1,HappyBirthday,1499,365,M,1,0.0183346,0.0247622,678.686,10.5922,F
923,1,HappyBirthday,1378,1460,M,1,0.00418818,0.0322195,2725.42,12.51,F
924,1,HappyBirthday,1165,3285,M,1,0.000552756,0.112531,59.1844,0.18063,F
924,1,HappyBirthday,790,22630.8,F,1,0.74615,0.376258,15061.9,963.505,F
925,1,HappyBirthday,304,5840.03,F,1,2.221e-05,8.50564,12841,0.0273096,F
925,1,HappyBirthday,1112,3650,F,1,0,2.55148,46.5561,0,F
926,1,HappyBirthday,1295,2190,F,1,1.23769e-06,1.12032,7610.68,0.00302425,F
926,1,HappyBirthday,1379,1460,F,1,0.469383,0.647939,66.6766,262.725,F
926,1,HappyBirthday,884,18250,M,1,0.0208,2.42282,111.01,6.57466,F
926,1,HappyBirthday,940,23725.5,M,1,0.00585085,4.56903,47.4533,1.94253,F
927,1,HappyBirthday,200,4745.68,M,1,0.000860308,1.74097,30.1148,0.2785,F
928,1,HappyBirthday,1427,1095,F,1,0.000553204,2.4606,54485.1,1.42897,F
928,1,HappyBirthday,504,13870.9,F,1,0.15126,0.299399,508.311,85.0947,F
928,1,HappyBirthday,1380,1460,M,1,0.161993,1.38333,7450.63,406.362,F
929,1,HappyBirthday,1460,730,F,0,0,0.00389989,0,0,F
929,1,HappyBirthday,581,13140.5,F,1,0.0113198,1.9329,489.08,3.79985,F
930,1,HappyBirthday,1066,4015,M,1,0.0195759,0.871848,43.7449,6.28667,F
930,1,HappyBirthday,1027,4380,F,1,0.0564537,1.77866,121.775,18.1878,F
931,1,HappyBirthday,61,12045.7,M,1,0.0735555,0.611052,20.539,23.7815,F
931,1,HappyBirthday,81,20075.5,M,1,0.00149614,0.43479,0.0115728,0.46515,F
931,1,HappyBirthday,1461,730,M,1,0.212211,1.68011,16691.9,163.778,F
931,1,HappyBirthday,614,13870.3,F,1,0.00332227,4.88314,10.3711,1.03419,F
931,1,HappyBirthday,820,12410.3,M,1,0.00103433,0.863655,50.3634,0.323401,F
931,1,HappyBirthday,1296,2190,F,1,0.00856159,0.559014,58.5282,2.91452,F
932,1,HappyBirthday,143,8760.76,F,1,0.00101526,10.944,11.0359,0.320395,F
933,1,HappyBirthday,398,14600.8,M,1,0.0430458,1.70735,3.65123,13.9098,F
933,1,HappyBirthday,1382,1460,M,1,0.0336199,0.531545,20.2125,11.6553,F
933,1,HappyBirthday,669,7665.55,M,1,0.0376893,3.45695,762.506,43.4764,F
933,1,HappyBirthday,1501,365,M,1,0.000372428,0.0130927,3351.78,0.612496,F
934,1,HappyBirthday,32,5110.72,F,1,0.00179241,0.319014,30.9342,0.593056,F
934,1,HappyBirthday,1068,4015,M,1,0.000136092,0.0435169,11277.8,1.00276,F
934,1,HappyBirthday,301,5840.19,M,1,0.363361,7.73058,231.458,155.183,F
934,1,HappyBirthday,531,13140.7,M,1,0.00392475,0.161324,1545.57,1.36547,F
934,1,HappyBirthday,542,19710.7,M,1,0.0637216,0.812329,11.2594,21.0012,F
934,1,HappyBirthday,588,7300.94,M,1,0.0446557,0.305984,80.6331,15.7846,F
935,1,HappyBirthday,1502,365,M,1,0.000188358,0.434978,14942.5,0.33727,F
935,1,HappyBirthday,1114,3650,F,1,0.0216832,0.0299002,6.37717,6.88602,F
935,1,HappyBirthday,115,4745.77,F,1,0.00237364,0.670908,102.847,0.802386,F
935,1,HappyBirthday,308,5475.27,M,1,0.00501388,0.76101,226.871,2.03967,F
935,1,Births,1540,0,F,0,0,0.0615072,0,0,F
936,1,HappyBirthday,221,20805.1,M,1,0.0294481,0.433033,121.678,13.4749,F
936,1,HappyBirthday,644,13870.2,F,1,0.00415091,0.277772,759.083,1.58365,F
936,1,HappyBirthday,1069,4015,M,1,0.030703,0.0477471,84.1743,10.9748,F
936,1,Births,1541,0,M,0,0,0.0424348,0,0,F
937,1,HappyBirthday,1029,4380,F,1,0.0613958,1.73102,15.4612,19.714,F
937,1,HappyBirthday,1115,3650,F,1,0.180561,12.1303,13.6974,63.1064,F
937,1,HappyBirthday,895,12045.6,F,1,0.000439962,0.339559,0.329096,0.136831,F
938,1,HappyBirthday,1383,1460,F,1,0.127539,3.0703,94.5911,59.5883,F
938,1,HappyBirthday,761,12045.7,M,1,0.00221122,1.94016,0.081129,0.688018,F
939,1,HappyBirthday,287,11315.9,F,1,0.038684,2.37228,0.537856,12.2681,F
939,1,HappyBirthday,1070,4015,F,0,0,0.013362,0,0,F
939,1,HappyBirthday,1297,2190,M,1,0.0998023,0.494943,1250.82,36.9809,F
939,1,HappyBirthday,633,13505.4,M,1,0.258043,11.0677,1922.24,125.68,F
940,1,HappyBirthday,1254,2555,M,1,0.040575,0.27175,2697.24,28.6811,F
941,1,HappyBirthday,1384,1460,F,1,0.000319136,0.516565,126.279,0.118857,F
941,1,HappyBirthday,875,12045.6,F,1,0.0183835,20.1623,0.0011504,5.76634,F
942,1,HappyBirthday,314,25185.6,F,1,0.00586832,0.366133,3026.78,13.2205,F
942,1,HappyBirthday,1503,365,M,1,0.00449305,0.0565859,0.251666,1.39898,F
943,1,HappyBirthday,306,5110.97,M,1,0.00934684,0.700508,678.394,4.69867,F
944,1,HappyBirthday,1428,1095,M,1,0.143238,0.0554202,226.928,62.5595,F
944,1,HappyBirthday,793,10950.2,F,1,0.00601112,1.28998,18369.5,4.886,F
944,1,HappyBirthday,1256,2555,F,1,0.0167129,0.868949,3692.16,17.0592,F
945,1,HappyBirthday,22,12775.1,M,1,0.00176105,0.900144,7.97533,0.548245,F
946,1,HappyBirthday,189,10586,M,1,0.0560985,0.421146,25.5344,18.5792,F
946,1,HappyBirthday,197,12775.5,M,1,0.319093,1.83074,12.1077,119.632,F
946,1,HappyBirthday,222,13870.2,M,1,2.02713e-05,0.651067,6590.77,0.102428,F
946,1,HappyBirthday,342,5110.12,F,1,0.00116001,0.67974,0.0679676,0.360679,F
947,1,HappyBirthday,156,6570.59,F,1,0.000976519,0.138248,95.6136,0.377277,F
947,1,HappyBirthday,1116,3650,M,1,9.32097e-07,2.46441,16412.5,0.00469014,F
947,1,HappyBirthday,1117,3650,M,1,0.713742,0.488173,4.46912,388.795,F
947,1,Births,1542,0,M,0,0,2.90092,0,0,F
948,1,HappyBirthday,1118,3650,M,1,0.00979563,0.199186,2696.24,3.08167,F
948,1,HappyBirthday,1031,4380,M,1,0.190826,0.321524,2.07648,65.8084,F
949,1,HappyBirthday,94,6570.6,M,1,0.0391172,1.52107,2.33507,12.4504,F
949,1,HappyBirthday,237,5840.12,M,1,0.00549323,0.00777939,42.3119,1.81982,F
949,1,HappyBirthday,305,16060.9,M,1,0.00259467,4.86805,0.403946,0.807795,F
949,1,HappyBirthday,631,16425.4,F,1,0.000210312,8.6446,1.01212,0.0656452,F
950,1,HappyBirthday,1071,4015,M,1,6.97747e-05,5.09762,687.658,0.0850929,F
950,1,HappyBirthday,1339,1825,F,1,5.36787e-05,0.216716,2669.39,0.179214,F
951,1,HappyBirthday,95,5110.25,F,1,0,0.82605,5.03085,0,F
952,1,HappyBirthday,1462,730,M,1,0.0641971,0.133765,176.669,29.2361,F
953,1,HappyBirthday,76,24820,M,1,0.00680071,0.320753,0.513989,2.12261,F
953,1,HappyBirthday,1214,2920,F,1,0.0866219,0.561931,13.4058,28.4434,F
953,1,HappyBirthday,1167,3285,F,1,0.00470393,0.432745,5.37804,1.50524,F
954,1,HappyBirthday,258,26280.9,M,1,0.494754,2.19336,114.895,248.06,F
954,1,HappyBirthday,1072,4015,M,1,0.125093,3.56417,0.144307,41.5309,F
955,1,HappyBirthday,1215,2920,F,1,0.130754,0.0676425,4.05916,43.9461,F
955,1,HappyBirthday,721,23360.5,M,1,0.00243188,4.51434,0.262707,0.756869,F
955,1,HappyBirthday,920,5475.1,M,1,0.212366,4.0002,264.218,84.4305,F
956,1,HappyBirthday,1032,4380,F,1,0.00509241,0.44815,32.3135,1.64225,F
956,1,Births,1543,0,F,0,0,0.509172,0,0,F
957,1,HappyBirthday,881,7300.01,M,1,0.800503,91.6488,135.643,594.291,F
957,1,HappyBirthday,1257,2555,F,1,0.00239233,1.4176,43.8202,0.802798,F
958,1,HappyBirthday,484,18250.4,F,1,0,0.661385,494.811,0,F
958,1,HappyBirthday,1033,4380,M,1,0.00694332,0.706604,84.3871,2.2055,F
959,1,HappyBirthday,1298,2190,M,1,0.000598787,0.374549,122.406,0.270732,F
959,1,HappyBirthday,1463,730,F,1,0.000420208,0.224312,62075.5,2.19228,F
960,1,HappyBirthday,75,11315.3,F,1,0.000168867,0.364016,26.0202,0.0543534,F
960,1,HappyBirthday,454,21900.1,F,1,0.0817599,1.34318,7.60473,26.5896,F
960,1,HappyBirthday,810,14235.2,M,1,0.274464,2.60753,40.2405,100.485,F
960,1,HappyBirthday,850,7300.21,F,1,0.046176,2.2356,731.697,31.4584,F
960,1,HappyBirthday,986,6935.5,M,1,0.0216925,0.122821,26.6384,7.57057,F
961,1,HappyBirthday,1119,3650,F,1,0.000170896,0.062927,6872.73,0.398934,F
961,1,HappyBirthday,408,9125.22,M,1,0.0473402,8.5959,8.04405,15.543,F
962,1,HappyBirthday,57,16425.1,F,1,0.0146345,0.329428,0.007182,4.58166,F
962,1,HappyBirthday,462,17155.2,M,1,0.0466443,2.70785,1288.32,32.1963,F
962,1,HappyBirthday,918,25185.2,M,1,0.14327,0.0261317,12122.3,254.409,F
963,1,HappyBirthday,10,10585.8,F,1,0.0880102,1.64404,61.9115,31.157,F
963,1,HappyBirthday,212,11680.8,M,1,0.0190478,0.378793,0.653758,5.98895,F
963,1,HappyBirthday,1300,2190,M,1,0.179986,0.251126,7619.34,334.921,F
963,1,HappyBirthday,1073,4015,M,1,0.00347158,0.18202,5878.17,4.06762,F
964,1,HappyBirthday,1504,365,M,1,0.193825,0.420562,3321.92,134.066,F
964,1,HappyBirthday,453,10950.8,M,1,0.00117867,3.09361,5.09589,0.367775,F
964,1,HappyBirthday,1464,730,F,1,0.0025136,0.035588,4.73751,0.788646,F
965,1,HappyBirthday,126,8395.74,M,1,0.000749461,0.165778,0.0955026,0.232808,F
965,1,HappyBirthday,1260,2555,F,1,0.000355443,0.0648049,11.0927,0.110999,F
965,1,HappyBirthday,378,17155.8,F,1,0.0329935,5.05049,259.508,18.8071,F
965,1,HappyBirthday,496,8395.51,M,1,0.000854441,5.34325,0.0070248,0.265638,F
965,1,HappyBirthday,636,14235.3,M,1,0,6.70522,3719.92,0,F
966,1,HappyBirthday,1342,1825,F,1,0.000958049,0.29883,0.000123124,0.298163,F
966,1,HappyBirthday,667,8760.82,M,1,0.648215,3.73546,56.9889,386.006,F
966,1,HappyBirthday,696,10950.2,M,1,0,10.8745,3281.04,0,F
967,1,HappyBirthday,665,8030.09,F,1,0.00552461,0.413943,6.75308,1.7701,F
967,1,HappyBirthday,688,7665.54,M,1,1.23797e-05,1.10069,2.47509,0.0038862,F
968,1,HappyBirthday,170,16060.7,M,1,0.00880863,3.55199,32.3118,2.93317,F
968,1,HappyBirthday,1505,365,M,1,0.563229,0.142795,3333.71,411.821,F
968,1,HappyBirthday,616,5475.11,F,1,0.055088,0.537967,3.5388,17.6373,F
969,1,HappyBirthday,110,4745.13,F,1,0.0632475,0.0458011,0.0965185,20.3057,F
970,1,HappyBirthday,501,20075.4,F,1,0.164816,1.40974,4.2593,57.0274,F
971,1,HappyBirthday,519,8760.7,F,1,0.000270552,0.350278,14.6622,0.0854824,F
971,1,HappyBirthday,927,20805.7,M,1,0.0139363,1.14774,5171.03,7.28465,F
972,1,HappyBirthday,83,5110.19,F,1,0.00738233,0.14641,5.20619e-06,2.30288,F
972,1,HappyBirthday,310,9855.84,F,1,0.000914001,0.293227,0.004011,0.284235,F
972,1,HappyBirthday,1301,2190,F,1,0.608773,0.149041,63.2645,353.224,F
972,1,HappyBirthday,379,16060.8,F,1,0.0048823,0.439159,5575.71,21.7475,F
972,1,HappyBirthday,1034,4380,M,1,0.00636353,0.346221,5.95281,1.99037,F
973,1,HappyBirthday,25,4745.06,M,1,0.604286,0.330579,13.4441,292.044,F
973,1,HappyBirthday,991,19345.8,M,1,0.00351592,1.761,0,1.09468,F
974,1,HappyBirthday,883,11315.6,F,1,0.000401641,0.200242,145.7,0.201715,F
975,1,HappyBirthday,1261,2555,M,1,0.064565,0.167581,3705.16,34.2941,F
975,1,HappyBirthday,396,8030.19,F,1,0.00125591,0.66804,38.2982,0.455991,F
975,1,HappyBirthday,1121,3650,F,1,0.0202184,2.40218,46.0794,6.3743,F
976,1,HappyBirthday,196,8395.87,M,1,0,7.6079,21.7365,0,F
976,1,HappyBirthday,1122,3650,M,1,0.207511,1.16843,5420.28,73.1194,F
976,1,HappyBirthday,1465,730,M,1,0.814821,0.00935994,9.45317,525.441,F
976,1,HappyBirthday,1262,2555,F,1,0.0010219,0.934006,118.728,0.374009,F
976,1,HappyBirthday,471,10950.4,M,1,0.00172328,0.629738,0.0008878,0.536089,F
978,1,HappyBirthday,323,6570.32,M,1,0.0182716,0.81275,5.65232,5.74392,F
979,1,HappyBirthday,160,9490.22,M,1,0.00262837,2.68238,2.38308,0.827893,F
979,1,HappyBirthday,294,5840.07,M,1,0.00603111,0.439487,233.654,1.93877,F
979,1,HappyBirthday,1506,365,M,1,0.564192,0.00992191,21.954,265.215,F
980,1,HappyBirthday,544,4745.89,F,1,0.0827421,0.0222281,0.42008,26.8666,F
980,1,HappyBirthday,545,31390.3,F,1,0.408903,14.9602,21.6328,165.582,F
981,1,HappyBirthday,512,10950,F,1,0.197148,0.288991,3908.26,88.0864,F
981,1,HappyBirthday,969,12045.7,M,1,0.00281545,2.34929,0.0132142,0.876246,F
982,1,HappyBirthday,5,28470.6,M,1,0.395072,0.1294,0.726307,156.394,F
982,1,HappyBirthday,458,4745.13,F,1,0.0314928,1.38691,341.523,10.0111,F
982,1,HappyBirthday,1001,4745.39,M,1,0.00030324,0.0970521,0.0186686,0.0943289,F
983,1,HappyBirthday,277,21535.8,F,1,0.00340144,6.42562,9.0146,1.06148,F
983,1,HappyBirthday,1263,2555,M,1,0.0559748,0.547259,11246.1,22.8717,F
983,1,HappyBirthday,1431,1095,F,1,0.80407,0.176941,1064.01,732.135,F
984,1,HappyBirthday,1124,3650,F,1,0.00201197,2.7192,38.0764,0.666048,F
985,1,HappyBirthday,1386,1460,F,1,0.164174,0.374258,36747.5,108.416,F
987,1,HappyBirthday,1126,3650,F,1,0.000293537,1.85968,449.14,0.0965402,F
987,1,HappyBirthday,724,6570.92,M,1,0.0479807,1.34623,32.4335,16.1276,F
987,1,HappyBirthday,1125,3650,F,1,0.0575502,1.68963,581.701,20.2263,F
988,1,HappyBirthday,679,12410.9,F,1,0.000954961,43.0128,2.98e-05,0.29688,F
990,1,HappyBirthday,1466,730,M,1,0.101748,0.0329038,106.815,34.7868,F
990,1,HappyBirthday,548,8760.57,F,1,0.601295,0.0161938,0.929293,286.902,F
990,1,HappyBirthday,932,35405.9,F,1,0.010976,1.66907,0.18616,3.4327,F
991,1,HappyBirthday,99,5475.81,F,1,0.0108629,4.71878,0.00533255,3.39463,F
991,1,HappyBirthday,694,16060.9,M,1,0.042737,1.13515,50.945,16.7545,F
991,1,HappyBirthday,743,7300.29,F,1,0.000200032,0.902167,16.3129,0.0666998,F
991,1,HappyBirthday,839,12045.6,M,1,0.00190061,7.61826,847.563,0.7441,F
992,1,HappyBirthday,1343,1825,M,1,0.017971,0.0935897,663.144,20.5553,F
992,1,HappyBirthday,595,32120.3,F,1,0.399589,9.00166,11133.2,402.407,F
993,1,HappyBirthday,1036,4380,F,1,0.000404485,0.11325,0,0.125682,F
993,1,HappyBirthday,1344,1825,M,1,0.0831996,0.482822,2213.27,94.0038,F
994,1,HappyBirthday,4,21900.5,M,1,0.0135736,0.108111,690.952,4.25131,F
995,1,HappyBirthday,90,34675.4,F,1,1.04647e-05,0.637908,51751.6,0.0257428,F
995,1,HappyBirthday,1302,2190,F,1,0.00661068,0.135633,3528.24,2.2588,F
996,1,HappyBirthday,38,5110.4,F,1,0.0324752,0.068178,20.9509,10.5824,F
996,1,HappyBirthday,59,6935.86,F,1,0.00186543,0.229694,61.7706,0.722262,F
996,1,HappyBirthday,242,29565.9,F,1,0.614679,26.1755,368.466,380.659,F
996,1,HappyBirthday,1127,3650,F,1,0.0210608,0.0261825,0.180406,6.62,F
997,1,HappyBirthday,477,13870.2,F,1,0.00300801,0.610724,3.63195,0.936771,F
997,1,HappyBirthday,717,31390.3,M,1,0.000126842,0.334372,990.427,0.189864,F
997,1,HappyBirthday,917,17520.7,F,1,0.49653,1.24006,974.27,233.286,F
998,1,HappyBirthday,1507,365,M,1,0.0795963,0.0808206,41.365,27.4827,F
998,1,HappyBirthday,950,19710.3,M,1,0.247896,2.04655,2.15299,88.6338,F
999,1,HappyBirthday,1508,365,F,1,0.0520381,0.0946828,10227,120.503,F
999,1,HappyBirthday,800,5475.31,F,1,0.0316888,0.363703,15.8498,10.2333,F
999,1,HappyBirthday,1387,1460,F,1,0.000779902,2.13247,3573.67,0.586632,F
999,1,HappyBirthday,1170,3285,M,1,0.361519,0.808796,290.811,288.008,F
999,1,Births,1544,0,M,0,0,0.0246258,0,0,F
1001,1,HappyBirthday,1304,2190,F,1,0.0170595,0.723269,862.388,5.3814,F
1001,1,HappyBirthday,1219,2920,F,1,0.00503141,0.844932,9546.49,33.7089,F
1001,1,HappyBirthday,1265,2555,F,1,0.615539,0.0150259,3753.75,358.658,F
1001,1,HappyBirthday,1171,3285,F,1,0.00131225,1.70411,39.3455,0.474964,F
1002,1,HappyBirthday,670,17155.3,M,1,0.00114146,0.761304,8812.92,6.89928,F
1003,1,HappyBirthday,508,11315.3,F,1,0.0015794,0.386902,7.6641,0.491527,F
1003,1,HappyBirthday,1467,730,M,1,0.0338394,0.0406358,12187.5,15.1439,F
1003,1,HappyBirthday,985,8030.03,M,1,0.00176014,0.132472,2.47663,0.547528,F
1004,1,HappyBirthday,1266,2555,M,1,0.000125391,19.7118,4994.82,0.124333,F
1004,1,HappyBirthday,168,14965,F,1,0.0455815,1.3447,1327.33,16.4878,F
1004,1,HappyBirthday,179,10220.1,M,1,0.0454814,0.269601,1.9106,14.4678,F
1004,1,HappyBirthday,427,7300.15,F,1,0.217678,0.0232676,4.2977,77.5863,F
1004,1,HappyBirthday,571,14235.6,F,1,0.034074,30.3973,10.8446,10.7944,F
1004,1,HappyBirthday,827,9490.95,F,1,0.011535,0.914037,266.434,5.08378,F
1005,1,HappyBirthday,252,6570.19,F,1,0.00157898,0.200378,968.117,0.520135,F
1005,1,HappyBirthday,739,26645.9,F,1,0.282727,0.408574,66.5083,129.162,F
1005,1,HappyBirthday,853,14965.3,F,1,0.00204842,0.262327,8.14543,0.638144,F
1006,1,HappyBirthday,1388,1460,F,1,0.00435487,0.0969853,57447.6,7.74171,F
1007,1,HappyBirthday,18,16425.7,M,1,0.00899709,3.10018,0.0061222,2.80884,F
1007,1,HappyBirthday,1509,365,M,1,0.0533651,0.467466,2.06758,17.2163,F
1008,1,HappyBirthday,131,13870,F,1,0.0982778,8.9945,60.4772,32.7617,F
1008,1,HappyBirthday,1221,2920,M,1,0.471582,3.12854,255.743,361.124,F
1008,1,HappyBirthday,392,22630.1,F,1,0.0250546,3.54756,0.689347,7.88545,F
1008,1,HappyBirthday,528,7300.58,M,1,0.0228099,0.51495,0.0120366,7.17169,F
1008,1,HappyBirthday,1389,1460,M,1,0.000373167,0.355518,20709.5,0.204519,F
1008,1,HappyBirthday,742,8030.81,F,1,0.0312959,0.530986,77.4739,9.92553,F
1008,1,HappyBirthday,1510,365,F,1,0.138347,0.0456433,141999,1298.59,F
1010,1,HappyBirthday,98,16790.3,M,1,0.012076,0.501239,0.064637,3.77608,F
1010,1,Births,1545,0,F,0,0,0.230961,0,0,F
1011,1,HappyBirthday,658,9490.52,F,1,0.100804,0.184857,1217.38,34.1214,F
1011,1,HappyBirthday,787,12045.9,F,1,0,0.979733,397.065,0,F
1011,1,HappyBirthday,1172,3285,M,1,0.00586853,3.59423,45.7918,1.89366,F
1011,1,Births,1546,0,M,0,0,0.798721,0,0,F
1013,1,HappyBirthday,452,17155.4,F,1,0.000443444,2.10283,8e-06,0.137902,F
1013,1,HappyBirthday,1468,730,F,1,0.160811,0.0843884,214.489,94.029,F
1014,1,HappyBirthday,1345,1825,M,1,0.0169521,0.803529,23342.3,95.352,F
1014,1,HappyBirthday,1130,3650,M,1,0.036673,0.433973,19.6335,11.7034,F
1014,1,HappyBirthday,412,8395.56,M,1,0.0714038,1.25464,0.601038,23.0404,F
1014,1,HappyBirthday,1432,1095,M,1,0.00417285,0.00335247,1295.63,1.8943,F
1015,1,HappyBirthday,497,11680.8,F,1,0.00101564,3.37768,19.2231,0.346252,F
1016,1,HappyBirthday,672,12410.5,M,1,0.0577956,0.296011,378.311,27.8696,F
1016,1,Births,1547,0,F,0,0,0.0466678,0,0,F
1017,1,HappyBirthday,1267,2555,F,1,0.00109588,0.523668,74.021,0.376602,F
1018,1,HappyBirthday,622,7300.69,F,1,0.123779,1.36233,3.85265,41.3387,F
1019,1,HappyBirthday,64,8760.04,M,1,4.74258e-05,0.30062,0.180555,0.0147402,F
1019,1,HappyBirthday,1390,1460,M,1,0.00171032,3.30144,1.34699,0.532009,F
1019,1,HappyBirthday,1433,1095,F,1,0.0614221,0.0519506,5991.47,26.1443,F
1019,1,HappyBirthday,373,8395.93,M,1,0.0331373,0.353671,4.09,10.5456,F
1019,1,HappyBirthday,656,22265.5,M,1,0.000338545,3.49205,545.659,0.183899,F
1019,1,HappyBirthday,886,10585.8,M,1,0.0044309,0.321025,1581.37,1.94441,F
1019,1,Births,1548,0,M,0,0,0.0106488,0,0,F
1021,1,HappyBirthday,1000,20805.5,M,1,8.0901e-07,0.140238,32.2634,0.0002832,F
1021,1,HappyBirthday,1305,2190,M,1,0.0161327,0.887917,26.237,5.64696,F
1022,1,HappyBirthday,349,13505.6,M,1,0.399857,2.13992,74.4914,159.391,F
1022,1,HappyBirthday,479,5475.73,F,1,0.00149916,0.209221,0.176923,0.466485,F
1022,1,HappyBirthday,1222,2920,M,1,0.146508,0.192617,1386.55,249.553,F
1022,1,HappyBirthday,755,10950.2,M,1,0.422117,2.57469,384.244,263.056,F
1022,1,HappyBirthday,866,11315.7,F,1,0.00900976,6.91638,2.49586,2.84747,F
1022,1,HappyBirthday,1268,2555,M,1,0.356045,0.231982,12489.3,533.134,F
1023,1,HappyBirthday,234,12045.8,F,1,2.31454e-05,0.735911,1109.01,0.0369564,F
1023,1,HappyBirthday,731,12775.8,M,1,0.000563689,0.0534609,0.927145,0.175401,F
1023,1,HappyBirthday,763,13140.4,M,1,0.111277,0.368513,0.636631,36.7231,F
1024,1,HappyBirthday,1306,2190,M,1,0.713083,0.206072,4697.15,453.371,F
1024,1,HappyBirthday,312,5475.1,M,1,0.006897,18.2571,2.15946,2.16505,F
1024,1,HappyBirthday,411,12410.1,M,1,0.2711,2.19823,340.205,99.3319,F
1025,1,HappyBirthday,466,17885.5,M,1,0.0463159,0.0549034,0.180699,14.7485,F
1025,1,HappyBirthday,558,7300.19,M,1,0.00183156,0.10674,7239.8,2.68885,F
1025,1,HappyBirthday,729,7300.96,M,1,0.0012404,0.617206,2.5922,0.385959,F
1025,1,HappyBirthday,745,5840.36,F,1,0.0144475,10.2947,1.06515,4.52808,F
1025,1,HappyBirthday,1469,730,M,1,0.129013,0.0784209,116.3,56.2695,F
1025,1,HappyBirthday,983,6935.37,F,1,0.193122,0.414384,1919.48,70.0368,F
1025,1,Births,1549,0,F,0,0,0.0392987,0,0,F
1025,1,Births,1550,0,M,0,0,0.398872,0,0,F
1026,1,HappyBirthday,68,11315.5,M,1,0.00796467,0.28538,2207.93,2.76243,F
1026,1,HappyBirthday,461,13505.8,M,1,0.00146941,2.84286,261.341,0.465401,F
1026,1,HappyBirthday,1346,1825,M,1,0.0544081,0.977815,573.651,33.8001,F
1026,1,HappyBirthday,1511,365,F,1,0.301364,0.31804,2782.36,1076.93,F
1026,1,HappyBirthday,1074,4015,F,1,0.000453929,0.160891,208.862,0.240185,F
1027,1,HappyBirthday,113,28105.6,M,1,0.000112821,1.39269,83387.2,0.265694,F
1027,1,HappyBirthday,1391,1460,M,1,0.00226947,1.62377,105.756,1.05466,F
1028,1,HappyBirthday,109,18250.4,M,1,0.00168186,0.455256,132.102,0.654169,F
1029,1,HappyBirthday,1223,2920,F,1,0.000854986,0.0530212,513.893,0.334765,F
1029,1,HappyBirthday,1269,2555,M,1,0.000320714,0.823915,450.59,0.270794,F
1029,1,HappyBirthday,949,8760.87,M,1,0.00327858,0.0967736,3.43517,1.02075,F
1030,1,HappyBirthday,286,9490.39,M,1,0.012572,3.62122,3956.6,11.5359,F
1030,1,HappyBirthday,488,14965.2,F,1,0,0.0243694,182.748,0,F
1030,1,HappyBirthday,709,9855.15,F,1,0.0982151,6.5486,423.277,38.6157,F
1030,1,HappyBirthday,792,26645,F,1,0.00166667,0.391959,1.54648,0.518595,F
1030,1,HappyBirthday,831,13870.8,F,1,0.00532106,0.163141,0.118406,1.65794,F
1030,1,Births,1551,0,F,0,0,0.0239238,0,0,F
1031,1,HappyBirthday,1224,2920,F,1,0.0985339,3.60841,284.966,35.0119,F
1031,1,HappyBirthday,951,14600.3,F,1,0.0484932,0.561338,2544.49,34.4228,F
1032,1,HappyBirthday,1347,1825,F,1,0.00102505,0.140598,71.9566,0.353317,F
1032,1,HappyBirthday,692,5475.47,M,1,0.000369886,2.99773,5.71138,0.115907,F
1032,1,HappyBirthday,1040,4380,M,1,0.00127857,0.952957,54.346,0.478255,F
1033,1,HappyBirthday,244,14235.1,M,1,0.00025296,0.223228,82.1269,0.0881448,F
1033,1,HappyBirthday,440,32120.7,M,1,0.0349649,1.51387,56.6578,12.1024,F
1033,1,HappyBirthday,638,13140.2,M,1,0.00283003,0.994261,992.044,0.918434,F
1033,1,HappyBirthday,795,8030.67,M,1,0.111783,2.38244,0.415697,36.86,F
1033,1,HappyBirthday,868,10586,F,1,0.00110769,1.18172,6.56424,0.351841,F
1034,1,HappyBirthday,329,7300.66,M,1,0.00772357,2.644,14.3909,2.47013,F
1034,1,HappyBirthday,740,10220.9,M,1,7.22916e-05,0.519584,0.254451,0.022458,F
1035,1,HappyBirthday,157,8395.51,F,1,0.00100472,3.03601,6.00031,0.314401,F
1035,1,HappyBirthday,606,11315.5,F,1,0.16724,2.77698,2580.61,61.1623,F
1035,1,HappyBirthday,1392,1460,M,1,0.00900378,0.0559925,0.648218,2.81489,F
1035,1,HappyBirthday,1471,730,F,1,0.254392,0.451537,1385.25,135.144,F
1036,1,HappyBirthday,278,13505.2,M,1,0.000538894,1.93302,209.028,0.170562,F
1036,1,HappyBirthday,1131,3650,M,1,0.00758465,0.106229,19616.8,6.92968,F
1036,1,HappyBirthday,1270,2555,F,1,0.00667324,0.115033,423.175,3.33631,F
1037,1,HappyBirthday,1226,2920,M,1,0.00228111,4.2094,51.7129,0.765907,F
1037,1,HappyBirthday,1132,3650,F,1,0.510106,3.2577,3381.75,357.242,F
1037,1,HappyBirthday,366,33580.5,M,1,0.00422391,2.86542,51.1868,1.31594,F
1038,1,HappyBirthday,272,7665.69,F,1,2.53982e-05,0.254315,170.728,0.0134268,F
1038,1,HappyBirthday,436,13140.2,F,1,0.627798,0.190329,39.5908,307.362,F
1038,1,HappyBirthday,525,4745.04,M,1,0,0.0295556,5.725,0,F
1039,1,HappyBirthday,1512,365,M,1,0.00552894,0.066514,104.578,2.28232,F
1039,1,HappyBirthday,465,5475.49,M,1,0.0928486,0.988798,336.836,32.9114,F
1039,1,HappyBirthday,623,20805.6,F,1,0.000263057,0.178417,25551.7,1.00038,F
1039,1,HappyBirthday,847,6205.4,F,1,0.000222896,7.9855,4.72872,0.0698423,F
1040,1,HappyBirthday,578,7665.07,F,1,0.0633034,1.56813,24.8358,21.1222,F
1040,1,HappyBirthday,756,16790.6,F,1,0.565847,3.76273,1511.2,401.709,F
1040,1,HappyBirthday,922,12045,F,1,0.0674261,5.10253,10.369,22.8272,F
1041,1,HappyBirthday,78,5475.57,M,1,0.255037,0.321449,78.8941,91.5203,F
1041,1,HappyBirthday,1133,3650,M,1,0.0052817,2.51822,1.75047,1.64701,F
1041,1,HappyBirthday,354,12775.6,F,1,2.27175e-05,1.47516,0.382729,0.0070922,F
1041,1,HappyBirthday,1227,2920,M,1,0.0185422,0.0428904,2775.21,24.0351,F
1041,1,HappyBirthday,1041,4380,M,1,0.00371273,0.818741,2017.79,1.45655,F
1042,1,HappyBirthday,27,21170,M,1,0.0117235,0.00563664,65.8466,4.02911,F
1042,1,HappyBirthday,1134,3650,M,1,0.530854,1.04062,35.1834,246.076,F
1042,1,HappyBirthday,1076,4015,M,1,0.0128924,0.073508,65.0453,5.26797,F
1043,1,HappyBirthday,140,11315.3,M,1,2.62586e-05,1.36586,7910.15,0.077082,F
1043,1,HappyBirthday,1175,3285,M,1,0.0729883,0.123713,149.247,23.5563,F
1043,1,HappyBirthday,1513,365,F,1,0.00100153,0.102852,24.3931,0.349483,F
1043,1,HappyBirthday,1349,1825,M,1,0.00600653,0.0600585,0.343386,1.87281,F
1043,1,HappyBirthday,1472,730,F,1,0.216551,0.290963,5675.58,278.89,F
1043,1,HappyBirthday,600,5110.79,M,1,0.000500086,0.158275,1249.85,0.446938,F
1043,1,HappyBirthday,1043,4380,M,1,0.086568,0.619543,1.62283,28.1457,F
1044,1,HappyBirthday,82,25550.1,M,1,6.09418e-05,0.448348,41.3036,0.019181,F
1044,1,HappyBirthday,1272,2555,M,1,0.274989,0.151689,5931.97,116.776,F
1044,1,HappyBirthday,430,9125.63,F,1,0.000296573,0.565491,22.9753,0.0955378,F
1044,1,HappyBirthday,1135,3650,F,1,0.00140524,0.102888,0.000386632,0.437112,F
1045,1,HappyBirthday,48,12775.6,F,1,0.00980354,0.0783008,0.0026464,3.06163,F
1045,1,HappyBirthday,173,27375.9,F,1,0.00743791,1.44127,43.289,2.76274,F
1045,1,HappyBirthday,273,19710.2,F,1,0.000613526,2.92269,36.5088,0.203886,F
1045,1,HappyBirthday,1273,2555,F,1,0.550146,1.4341,1861.44,385.656,F
1045,1,HappyBirthday,632,35405.4,M,1,0.0460891,0.223317,28.7111,16.2364,F
1045,1,HappyBirthday,928,20440.2,F,1,0.0101766,1.58485,0.92557,3.18752,F
1046,1,HappyBirthday,1136,3650,F,1,0.00627187,0.341111,10178.3,34.6719,F
1046,1,HappyBirthday,518,17155.2,F,1,0.00740098,1.97741,17.1704,2.40675,F
1046,1,HappyBirthday,523,10585.9,F,1,0.00482874,0.26425,37.9285,1.5911,F
1047,1,HappyBirthday,371,5475.76,M,1,0.00308674,1.74435,2381.72,1.43907,F
1047,1,HappyBirthday,653,8395.38,M,1,0,0.472665,93.8327,0,F
1047,1,HappyBirthday,664,9125.47,M,1,0.00187976,1.71581,12.2493,0.585599,F
1047,1,HappyBirthday,712,17885.2,F,1,0.00239196,1.5605,57.6973,0.766984,F
1047,1,HappyBirthday,1393,1460,M,1,0.197709,0.269146,8.52223,70.2532,F
1047,1,HappyBirthday,1137,3650,M,1,0.0386157,0.257159,564.427,12.2828,F
1047,1,HappyBirthday,838,7300.68,M,1,0.0120769,1.91499,1865.41,3.96599,F
1047,1,HappyBirthday,965,7300.67,F,1,0.0120555,1.08326,68.9005,4.30806,F
1047,1,HappyBirthday,992,6205.86,M,1,0.000227015,14.1469,2423.93,0.0709762,F
1048,1,HappyBirthday,250,16425.3,M,1,0.0124146,0.259137,36.1412,4.05732,F
1048,1,HappyBirthday,559,6935.1,F,1,0.00896223,0.246267,237.429,3.9557,F
1049,1,HappyBirthday,1228,2920,F,1,0.0365534,0.214702,1.95571,11.5732,F
1049,1,HappyBirthday,303,6570.26,F,1,0.0503149,0.519832,0.552659,16.0841,F
1050,1,HappyBirthday,1274,2555,M,1,0.00704029,0.978916,9.63107,2.25967,F
1050,1,HappyBirthday,347,10950.4,F,1,0.00182795,0.548935,6.8e-06,0.568545,F
1050,1,HappyBirthday,570,12045.4,M,1,3.39172e-06,0.0543033,2.91275,0.0010548,F
1051,1,HappyBirthday,450,4745.77,F,1,0.00136217,1.00767,271.34,0.452262,F
1051,1,HappyBirthday,601,5840.33,M,1,0.00962054,14.1822,16.6143,3.06106,F
1051,1,HappyBirthday,1229,2920,F,1,6.28393e-05,0.085747,38799.1,0.240978,F
1052,1,HappyBirthday,771,18980.7,F,1,0.0751524,0.375575,5.5619,24.3326,F
1052,1,HappyBirthday,842,20805.9,M,1,6.20276e-05,0.467844,0.033218,0.01929,F
1053,1,HappyBirthday,1139,3650,M,1,0.0104719,4.52906,12.6201,3.43361,F
1053,1,HappyBirthday,275,29930.3,F,1,0.601738,1.46656,10.9501,301.243,F
1053,1,HappyBirthday,315,7300.62,M,1,0.00284985,0.474935,292.77,1.27997,F
1053,1,HappyBirthday,500,12045,M,1,0.56207,0.0658818,135.904,259.456,F
1053,1,HappyBirthday,1138,3650,F,1,7.67842e-06,1.97629,5747.18,0.0362478,F
1053,1,HappyBirthday,916,25550,F,1,0.0880836,0.223351,3.23433,28.7931,F
1054,1,Births,1552,0,F,0,0,0.0352241,0,0,F
1055,1,HappyBirthday,1078,4015,F,1,0.00801801,2.60201,8026.7,3.52979,F
1056,1,HappyBirthday,1395,1460,F,1,0.188334,19.4612,5831.9,95.0489,F
1056,1,HappyBirthday,1275,2555,M,1,0.287493,0.223263,7210.8,501.491,F
1056,1,HappyBirthday,1434,1095,M,1,0.439057,18.1658,5421.74,716.706,F
1057,1,HappyBirthday,432,16060.9,F,1,0.00208913,0.589138,93.4468,0.815945,F
1057,1,HappyBirthday,492,4745.67,F,1,0.0186985,0.930468,54.9456,5.94992,F
1057,1,HappyBirthday,1140,3650,F,1,0.00723173,0.172369,232.864,2.29145,F
1057,1,HappyBirthday,1350,1825,F,1,0.0381326,1.99561,103964,368.75,F
1058,1,HappyBirthday,1473,730,F,1,0.200186,0.138381,3595.42,134.88,F
1058,1,HappyBirthday,211,18980.6,M,1,0.000549304,0.205409,91.13,0.190574,F
1058,1,HappyBirthday,339,14600.6,M,1,0.00102442,5.72058,0.459874,0.318579,F
1058,1,HappyBirthday,529,16060.6,F,1,0.228919,0.0427921,3.20453,81.0171,F
1059,1,HappyBirthday,191,4745.32,F,1,0.00432583,0.169738,57.5456,1.59521,F
1061,1,HappyBirthday,1396,1460,F,1,0.0598636,2.72111,916.063,19.8101,F
1062,1,HappyBirthday,1141,3650,M,1,0.00138801,0.65363,38.7619,0.487684,F
1062,1,HappyBirthday,852,7300.57,M,1,0.00775056,8.34134,36.9117,2.46232,F
1062,1,HappyBirthday,1230,2920,F,1,0.00433803,1.00392,620.726,2.46759,F
1063,1,HappyBirthday,424,19710.9,M,1,0.534272,0.14193,1.40488,237.809,F
1063,1,HappyBirthday,1080,4015,M,1,0.0239827,0.684623,15.563,7.55386,F
1064,1,HappyBirthday,1276,2555,F,1,0.0507184,0.106826,415.899,25.3655,F
1064,1,HappyBirthday,1231,2920,F,1,0.0274557,0.355708,2919.37,9.62066,F
1065,1,HappyBirthday,1397,1460,M,1,0.00317348,0.111043,3788.99,12.0021,F
1065,1,HappyBirthday,924,16790.3,F,1,1.95512e-05,0.135432,30.8791,0.0063302,F
1066,1,HappyBirthday,2,16060.4,M,1,0,3.76256,174.849,0,F
1066,1,HappyBirthday,1398,1460,M,1,0.000192342,1.1798,3288.92,0.364787,F
1066,1,HappyBirthday,309,6570.8,F,1,0.00178124,1.41307,584.307,0.72806,F
1067,1,HappyBirthday,1045,4380,F,1,0.01159,0.415018,219.194,4.09811,F
1067,1,HappyBirthday,1178,3285,M,1,0.22719,0.352697,6.16497,80.8122,F
1067,1,HappyBirthday,1142,3650,F,1,0.00392332,0.156682,239.75,1.29584,F
1068,1,HappyBirthday,231,9490.46,F,1,0.000179006,0.349134,93.6189,0.0645408,F
1068,1,HappyBirthday,1179,3285,F,1,0.0173172,0.0776195,52.169,5.82323,F
1069,1,HappyBirthday,21,24090.5,M,1,0.00205698,0.0769859,0.002237,0.639884,F
1070,1,HappyBirthday,199,9125.64,F,1,0.00319128,0.999785,18.6793,1.07547,F
1070,1,HappyBirthday,686,20440.5,F,1,0.00973468,0.486646,522.522,5.36605,F
1070,1,HappyBirthday,1307,2190,F,1,0.0618327,0.150702,529.891,55.0262,F
1071,1,HappyBirthday,1514,365,M,1,0.190227,0.0370411,21962.2,1388.32,F
1071,1,HappyBirthday,442,15695.5,M,1,0.00923942,4.56524,7.25334,2.95662,F
1071,1,HappyBirthday,786,24090.3,F,1,0.100829,2.14853,0.504507,33.0309,F
1071,1,HappyBirthday,1308,2190,F,1,0.00350452,0.247283,1449.48,3.24752,F
1072,1,HappyBirthday,813,6935.14,M,1,0.00396473,0.684757,0.551024,1.23466,F
1073,1,HappyBirthday,150,26280.4,M,1,0.0108564,0.698489,3.94836,3.4585,F
1073,1,HappyBirthday,239,33945.7,M,1,0.000244747,0.280089,1219.96,0.0920604,F
1073,1,HappyBirthday,1180,3285,F,1,0.0509333,3.06771,26434.4,60.2403,F
1073,1,HappyBirthday,433,28835.3,M,1,0.0124774,1.33258,3.93051,3.90269,F
1073,1,HappyBirthday,583,14965.7,M,1,0.134387,19.1297,15.5084,45.9643,F
1074,1,HappyBirthday,241,21900.4,F,1,0.0274454,0.458915,11.5999,8.77317,F
1074,1,HappyBirthday,569,11680.1,M,1,0.0199487,9.1193,75.7125,6.31579,F
1074,1,HappyBirthday,1233,2920,F,1,0.00404203,0.0737735,55636.9,17.9958,F
1074,1,HappyBirthday,823,12775.9,M,1,0.00141785,2.56203,150.045,0.464615,F
1074,1,Births,1553,0,M,0,0,0.0261635,0,0,F
1076,1,HappyBirthday,219,10220.3,F,1,0.562006,0.745308,1683.68,460.477,F
1077,1,HappyBirthday,640,10585.9,M,1,0.0442185,4.48547,21.1166,14.4958,F
1078,1,HappyBirthday,328,17155.4,F,1,0.0277108,0.27158,7.79746,8.73754,F
1078,1,HappyBirthday,1399,1460,F,1,0.707758,7.12462,570.997,761.824,F
1078,1,HappyBirthday,579,9125.32,M,1,0.0164068,0.253181,265.763,5.22484,F
1078,1,HappyBirthday,765,34675.1,M,1,8.6881e-05,0.194409,26.8878,0.0283198,F
1079,1,HappyBirthday,660,4745.5,F,1,0.0142158,21.1701,66.9982,4.49993,F
1079,1,HappyBirthday,912,18250.3,M,1,0.115587,0.199411,3103.93,245.616,F
1079,1,HappyBirthday,930,11315.8,M,1,0.557384,0.518774,12.9339,258.008,F
1080,1,HappyBirthday,119,16060.9,M,1,0.00150856,0.0466273,6.67511,0.472352,F
1080,1,HappyBirthday,448,6935.45,F,1,0.00771647,8.97626,484.24,4.07733,F
1080,1,HappyBirthday,634,6935.46,M,1,0.00872198,2.82271,0.392076,2.72375,F
1080,1,HappyBirthday,825,16790.5,F,1,0.294014,0.0888106,2.13197,109.127,F
1080,1,HappyBirthday,1278,2555,F,1,0.315232,0.064358,4625.79,131.253,F
1080,1,HappyBirthday,1436,1095,F,1,0.000166446,0.234663,66435.1,0.571905,F
1080,1,HappyBirthday,975,9490.19,M,1,0.213708,7.82752,3364.15,137.661,F
1080,1,HappyBirthday,1082,4015,F,1,0.00502717,0.554366,1.6751,1.56659,F
1081,1,HappyBirthday,663,35770.6,F,1,0.0761016,0.395899,4.93782,24.6488,F
1082,1,HappyBirthday,541,8760.81,M,1,0.0851771,3.03516,8.66998,28.6476,F
1083,1,HappyBirthday,553,9490.41,F,1,0.00973746,10.6662,1.24321,3.04634,F
1083,1,HappyBirthday,699,18980.2,F,1,5.47374e-06,1.83989,52.5292,0.0018712,F
1084,1,HappyBirthday,1437,1095,F,1,0.0284763,1.53724,48999.9,303.999,F
1085,1,HappyBirthday,423,11680.2,M,1,3.75631e-05,2.1236,1398.26,0.0786572,F
1085,1,HappyBirthday,934,17520.2,M,1,0.0129286,0.201215,166.069,6.66496,F
1085,1,HappyBirthday,1182,3285,F,1,0.000104054,0.0625739,61.823,0.035737,F
1087,1,HappyBirthday,446,5110.34,F,1,6.57207e-06,4.51388,5.9441,0.00210544,F
1087,1,HappyBirthday,1400,1460,M,1,0.00870468,1.55599,172471,80.2017,F
1088,1,HappyBirthday,1183,3285,M,1,0.259452,3.34992,120.096,110.684,F
1088,1,HappyBirthday,209,6205.13,M,1,0.0123281,6.3697,115.03,3.87933,F
1088,1,HappyBirthday,757,12775.1,M,1,0.24633,0.19556,1580.04,89.3098,F
1089,1,HappyBirthday,138,10220.4,M,1,0.00678162,3.16727,2.31406,2.1162,F
1089,1,HappyBirthday,359,7300.91,M,1,4.23275e-05,0.0319689,0.98439,0.0131463,F
1089,1,HappyBirthday,697,11315.7,M,1,0.0310491,2.43468,25.0694,10.8875,F
1090,1,HappyBirthday,1401,1460,F,1,0.512301,1.34562,788.957,223.65,F
1090,1,HappyBirthday,507,8395.03,M,1,0.000855585,0.723516,26678.4,0.58718,F
1091,1,HappyBirthday,178,11315.4,M,1,0.000438375,0.0775299,6.60667,0.137111,F
1091,1,HappyBirthday,591,17520.2,M,1,0.0297196,1.44525,2775.11,10.0809,F
1092,1,HappyBirthday,80,5840.88,F,1,0.0166295,5.09235,3.22863,5.21319,F
1092,1,HappyBirthday,493,10220.6,F,1,0.0386847,9.09082,9.84287,12.4672,F
1092,1,HappyBirthday,539,7665.17,M,1,0.000638471,1.65996,1153.42,0.492586,F
1092,1,HappyBirthday,1309,2190,F,1,0.0336187,2.61044,16898.8,16.62,F
1093,1,HappyBirthday,186,5840.55,M,1,0.000200517,0.343851,12.6166,0.0634016,F
1093,1,HappyBirthday,1047,4380,F,1,0.00155971,0.557002,35.8812,0.557271,F
1093,1,HappyBirthday,1310,2190,F,1,0.00294589,0.151856,0.24055,0.916897,F
1093,1,HappyBirthday,626,10950.3,F,1,0.00369093,0.272946,149.8,1.15899,F
1094,1,HappyBirthday,201,11680.4,F,1,0.000487654,0.922478,126.094,0.233277,F
1094,1,HappyBirthday,348,12775,F,1,0.0108855,0.134928,0.181049,3.40265,F
1095,1,HappyBirthday,566,11680,F,1,0.0122111,1.67088,8234.89,6.26292,F
1096,1,HappyBirthday,1048,4380,M,1,0.334298,0.0357768,0.557275,126.513,F
1096,1,HappyBirthday,335,14235.3,M,1,0.000149342,0.593359,92.398,0.0529338,F
1096,1,HappyBirthday,1402,1460,M,1,0.0296132,0.540024,79.9499,12.5635,F
1096,1,HappyBirthday,419,18980.3,M,1,0.00486123,0.528039,3247.72,7.46398,F
1096,1,HappyBirthday,780,33945.4,M,1,0.000794509,4.52503,406.902,0.247433,F
1096,1,HappyBirthday,794,8395.75,F,0,0,0.00831489,0,0,F
1096,1,HappyBirthday,980,6205.46,F,1,0.00234489,0.113827,0.0396093,0.729722,F
1098,1,HappyBirthday,36,5110.89,F,1,0.0730542,0.281284,92.6661,27.0396,F
1098,1,HappyBirthday,163,6570.83,F,1,0.0492577,0.403676,293.262,18.5886,F
1098,1,HappyBirthday,1049,4380,M,1,0.0565553,1.35389,170.68,18.4364,F
1099,1,HappyBirthday,486,22630.1,F,1,0.00241308,1.12885,3728.84,3.38812,F
1099,1,HappyBirthday,1145,3650,M,1,7.32718e-06,0.137024,3501.54,0.0255617,F
1099,1,Births,1554,0,F,0,0,1.35493,0,0,F
1100,1,HappyBirthday,325,11315.4,M,1,0,3.50019,26.1661,0,F
1100,1,HappyBirthday,388,27010.3,F,1,0.00291237,1.34046,20.4156,0.968849,F
1100,1,HappyBirthday,851,7665.46,F,1,2.08303e-05,0.578543,51720.7,0.0511794,F
1101,1,HappyBirthday,1185,3285,M,1,0.0207249,3.68896,231.767,13.0199,F
1101,1,HappyBirthday,1403,1460,F,1,0.235703,0.345727,454.112,137.39,F
1101,1,HappyBirthday,1146,3650,F,1,0.0794485,1.25773,22.4899,26.5835,F
1102,1,HappyBirthday,774,9490.07,F,1,0.00268917,6.66393,59.7332,0.922499,F
1102,1,HappyBirthday,1085,4015,M,1,0.011177,0.0692844,0.0298385,3.49267,F
1103,1,HappyBirthday,1234,2920,M,1,0.136526,0.226271,16.4665,47.2102,F
1103,1,HappyBirthday,245,9855.83,F,1,0.000351432,0.173949,0.012001,0.109237,F
1103,1,HappyBirthday,1404,1460,F,1,0.00465768,1.28795,840.572,1.51828,F
1103,1,HappyBirthday,972,27010.4,F,1,0.00823871,0.40484,4729.77,5.21993,F
1103,1,HappyBirthday,987,13505,M,1,0.00737255,0.330292,4.73285,2.30878,F
1104,1,HappyBirthday,164,13505.8,M,1,3.06416e-05,2.37524,16861.6,0.0677674,F
1104,1,HappyBirthday,274,16425.5,M,1,0.0870239,0.869033,0.503191,28.2929,F
1104,1,HappyBirthday,1050,4380,F,1,0.010573,3.47535,48.1477,3.7478,F
1104,1,HappyBirthday,871,29565.1,F,1,0.00151163,64.1188,1.66713,0.472985,F
1105,1,HappyBirthday,232,10950.9,M,1,0.153549,0.901162,19.9501,56.9749,F
1105,1,HappyBirthday,1002,4745,F,1,0.0246906,0.815191,12909.6,44.9589,F
1105,1,HappyBirthday,1312,2190,F,1,0.000145222,0.55688,0,0.0450474,F
1105,1,HappyBirthday,394,15330,F,1,0.00893233,73.4213,1.6e-06,2.78913,F
1105,1,HappyBirthday,1086,4015,F,1,0.0192291,4.192,3489.91,7.04049,F
1106,1,HappyBirthday,47,8030.53,M,1,0.00138639,0.625399,803.061,0.871333,F
1106,1,HappyBirthday,1353,1825,M,1,0.00169945,1.66543,18883.7,1.56233,F
1106,1,HappyBirthday,887,14235.4,F,1,0.0572649,0.954851,4.10448,18.3296,F
1106,1,Births,1555,0,F,0,0,0.284187,0,0,F
1107,1,HappyBirthday,687,8760.89,M,1,0.00648824,0.42888,0.137537,2.02278,F
1108,1,HappyBirthday,1474,730,F,1,0.00119784,1.32745,403.772,0.588893,F
1108,1,HappyBirthday,1405,1460,F,1,0.00367169,0.502172,19240.7,17.7322,F
1108,1,HappyBirthday,365,8760.77,F,1,0.00636587,7.06508,6.01019,2.03433,F
1108,1,HappyBirthday,540,32485.5,M,1,0.0011247,0.195943,0.542254,0.350099,F
1109,1,HappyBirthday,1314,2190,M,1,0.0934672,0.2621,113.6,36.9897,F
1109,1,HappyBirthday,1313,2190,M,1,0.194121,0.254485,197.369,84.6307,F
1109,1,HappyBirthday,998,5840.74,M,1,0,6.61492,18.3353,0,F
1110,1,HappyBirthday,302,8395.72,F,1,0.0264284,5.0391,0.07051,8.3249,F
1110,1,HappyBirthday,1406,1460,M,1,0.0021591,0.0816547,11.1069,0.709141,F
1110,1,HappyBirthday,603,14600.4,F,1,0.00582812,3.00843,1.55592,1.82722,F
1110,1,HappyBirthday,718,9855.36,F,1,0.00193982,0.990782,0.0002394,0.603601,F
1110,1,HappyBirthday,906,25915.9,F,1,0.0079017,0.130512,73.7021,2.53077,F
1111,1,HappyBirthday,1438,1095,M,1,0.583157,3.51387,14.7633,286.384,F
1111,1,HappyBirthday,1407,1460,M,1,0.000431,0.0173048,16.7094,0.137969,F
1112,1,HappyBirthday,1003,4745,F,1,0.0246364,0.178624,169.503,7.97448,F
1112,1,HappyBirthday,879,9125.23,F,1,0.000133491,0.609048,77.1488,0.046208,F
1113,1,HappyBirthday,1408,1460,F,1,0.0795268,1.72783,758.829,45.0134,F
1113,1,HappyBirthday,546,6205.58,F,1,0.00862538,1.54314,1.84514,2.70265,F
1113,1,HappyBirthday,1516,365,F,1,0.000681672,0.51154,320.639,0.533799,F
1114,1,HappyBirthday,112,5840.97,F,1,0.0154666,0.310346,59.2663,5.33636,F
1114,1,HappyBirthday,195,23360.3,M,1,0.0178595,1.91064,34.2707,5.64699,F
1114,1,HappyBirthday,1354,1825,F,1,0.0164143,2.06745,3112.93,25.6676,F
1114,1,HappyBirthday,1439,1095,M,1,0.0926726,0.560295,349.111,39.5568,F
1114,1,HappyBirthday,1051,4380,F,1,0.00456497,0.351322,239.711,1.51449,F
1115,1,HappyBirthday,1147,3650,F,1,0.487554,3.61193,2031.01,349.647,F
1115,1,HappyBirthday,661,35040,M,1,0.0418237,0.924891,0.481321,13.2883,F
1115,1,HappyBirthday,732,6935.6,M,1,0.350265,0.392498,250.83,152.486,F
1115,1,HappyBirthday,738,10585.9,M,1,0.0694367,1.82964,242.936,29.5421,F
1115,1,HappyBirthday,1279,2555,F,1,0.000463546,6.73703,21.6671,0.159997,F
1116,1,HappyBirthday,1004,4745,F,1,0.000232588,0.533531,101.137,0.075422,F
1117,1,HappyBirthday,628,6570.88,M,1,0.04756,0.94574,4.9195,15.3045,F
1117,1,HappyBirthday,1087,4015,M,1,0.102072,1.45361,0.177973,33.4689,F
1118,1,HappyBirthday,317,18980.3,M,1,0.000369252,17.6173,459.45,0.195458,F
1118,1,HappyBirthday,1052,4380,F,1,0.00228509,0.0912544,11.6524,0.742295,F
1118,1,HappyBirthday,890,8030.88,F,1,0.0218919,0.783374,2.43115,6.92552,F
1119,1,HappyBirthday,230,18980.2,M,1,0.000953323,1.01414,0.258812,0.296664,F
1119,1,HappyBirthday,426,17520.8,M,1,0.00168304,5.46283,1563.06,0.674704,F
1119,1,HappyBirthday,1355,1825,F,1,0.00532592,0.151495,23.1751,1.81554,F
1119,1,HappyBirthday,862,17885.6,F,1,0.00451504,5.81534,8.39975,1.46681,F
1119,1,HappyBirthday,891,12775.7,M,1,0.000693632,0.126378,85.3892,0.283023,F
1120,1,HappyBirthday,13,25550.9,F,1,0.38848,0.112121,0.308907,152.935,F
1120,1,HappyBirthday,20,11680.8,M,1,0.0146195,2.18286,91.7645,5.16685,F
1121,1,HappyBirthday,29,8760.41,M,1,0.0439616,0.6314,4.21013,14.0614,F
1121,1,HappyBirthday,678,14235.9,F,1,0.00432579,2.92378,10.0705,1.36033,F
1121,1,HappyBirthday,1186,3285,F,1,0.0013151,0.440841,1.26213,0.410057,F
1121,1,HappyBirthday,1517,365,F,1,0.121773,0.0641435,201.23,49.2304,F
1121,1,HappyBirthday,1088,4015,M,1,4.49873e-07,0.264926,0.765755,0.000143559,F
1122,1,HappyBirthday,121,24820.5,F,1,0.00362407,0.0286658,29.2745,1.13433,F
1122,1,HappyBirthday,391,5475.76,M,1,0,1.92608,4.06143,0,F
1122,1,HappyBirthday,1280,2555,F,1,0.0172212,1.66878,7.17681,5.40142,F
1122,1,HappyBirthday,1440,1095,M,1,0.910118,0.20633,197.782,881.618,F
1123,1,HappyBirthday,457,22630.6,F,1,0.00198371,0.568207,3.38e-05,0.617139,F
1123,1,Births,1556,0,M,0,0,0.218894,0,0,F
1124,1,HappyBirthday,944,5110.73,M,1,1.83403e-05,0.367224,1037.5,0.0151473,F
1125,1,HappyBirthday,455,12045.9,M,1,0.0150191,1.88941,24115.2,10.2835,F
1125,1,HappyBirthday,811,5840.12,F,1,0.021925,0.225967,5761.15,8.34298,F
1125,1,HappyBirthday,822,8030.6,F,1,0.267077,4.57885,40.3922,96.6861,F
1126,1,HappyBirthday,1475,730,M,0,0,0.0367398,0,0,F
1126,1,HappyBirthday,1356,1825,M,1,0.0101708,1.64394,315.118,6.75256,F
1127,1,HappyBirthday,1187,3285,F,1,0.704897,0.163391,233.75,407.715,F
1127,1,HappyBirthday,1281,2555,M,1,0.00241745,0.855681,13.0771,0.796158,F
1127,1,HappyBirthday,543,21170.2,F,1,0.0657039,2.02799,13.2011,22.3012,F
1128,1,HappyBirthday,1236,2920,M,1,0.0994223,0.602582,144.442,34.996,F
1129,1,HappyBirthday,40,14235.1,F,1,6.85381e-06,0.202661,2.77,0.0021278,F
1129,1,HappyBirthday,1189,3285,M,1,0.000909395,0.203461,0.0263664,0.282865,F
1129,1,HappyBirthday,417,12045,M,1,0.0136119,0.453798,222.595,4.26001,F
1129,1,HappyBirthday,1519,365,M,1,0.0177081,0.116441,77.7943,6.97494,F
1129,1,HappyBirthday,1518,365,F,1,0.000803401,0.00202896,0.827865,0.249572,F
1130,1,HappyBirthday,23,19710.2,F,1,0.000164857,6.59156,0.161165,0.0512122,F
1131,1,HappyBirthday,1005,4745,M,1,0.0130269,0.136839,608.575,12.3047,F
1131,1,HappyBirthday,802,32120,M,1,0,0.0926257,0,0,F
1131,1,HappyBirthday,1520,365,M,1,0.00552784,0.0214636,149.151,2.049,F
1131,1,Births,1557,0,F,0,0,0.301436,0,0,F
1132,1,HappyBirthday,1237,2920,F,1,0.051448,0.644298,963.36,20.2213,F
1132,1,HappyBirthday,1190,3285,M,1,0.000132727,12.6652,8821.26,0.852671,F
1133,1,HappyBirthday,50,10585.7,M,0,0,0.136444,0,0,F
1133,1,HappyBirthday,1409,1460,F,1,0.00532925,0.240574,30.0356,1.7228,F
1133,1,HappyBirthday,1191,3285,M,1,0.0477519,0.65843,12.1155,15.2269,F
1133,1,Births,1558,0,F,0,0,0.0817033,0,0,F
1134,1,HappyBirthday,7,29565.5,F,1,0.000670983,3.75841,0.0005062,0.208656,F
1134,1,HappyBirthday,248,8760.98,F,1,0.00306383,8.46545,0.0142588,0.953644,F
1134,1,HappyBirthday,1090,4015,F,1,0.0147273,0.139882,949.772,8.35277,F
1135,1,HappyBirthday,1091,4015,M,1,0.00071776,2.10531,3413.18,1.14176,F
1136,1,HappyBirthday,345,5840,M,1,0.00112934,1.68251,0.00613653,0.350982,F
1136,1,HappyBirthday,1357,1825,F,1,0.0011829,1.13452,2215.9,1.55502,F
1136,1,HappyBirthday,530,9125.62,M,1,0.271555,0.502391,323.12,209.738,F
1136,1,HappyBirthday,573,17155.7,F,1,0.120842,0.257546,58.1191,43.9679,F
1136,1,HappyBirthday,655,24455.7,F,1,0,4.02785,0.0094794,0,F
1137,1,HappyBirthday,60,27740.3,F,1,0.000447012,6.4817,12.4926,0.14085,F
1137,1,HappyBirthday,1192,3285,F,1,0.000158816,0.0185037,17542.9,0.292646,F
1137,1,HappyBirthday,641,21535.1,F,1,0.000303633,6.69172,27.916,0.106639,F
1138,1,HappyBirthday,134,9855.38,M,1,0.00432089,4.44951,570.829,2.45301,F
1138,1,HappyBirthday,259,21535.8,M,1,0.000661593,0.357762,412.657,0.323303,F
1138,1,HappyBirthday,1238,2920,M,1,0.00294976,0.42106,1879.49,3.43796,F
1139,1,HappyBirthday,313,9490.75,F,1,2.16144e-05,0.481315,2897.68,0.0131074,F
1139,1,HappyBirthday,1193,3285,M,1,0.00023922,0.202426,0.989031,0.0746832,F
1139,1,Births,1559,0,F,0,0,0.0402075,0,0,F
1139,1,Births,1560,0,F,0,0,0.0803607,0,0,F
1140,1,HappyBirthday,1410,1460,M,1,0.165953,0.0111632,2971.4,533.452,F
1140,1,HappyBirthday,285,7300.94,F,1,0.0200528,1.29125,0.0588894,6.29556,F
1140,1,HappyBirthday,575,6570.6,F,0,0,0.0517901,0,0,F
1140,1,HappyBirthday,880,22995.2,M,1,1.59346e-05,0.531781,0.340742,0.004941,F
1140,1,Births,1561,0,F,0,0,0.170673,0,0,F
1141,1,HappyBirthday,474,5110.71,F,1,0.042694,0.606198,0.156427,13.5657,F
1141,1,HappyBirthday,762,6570.09,F,1,0.000723677,1.83877,0.304407,0.225112,F
1141,1,HappyBirthday,915,5110.2,F,1,0.000613384,2.22212,15.2781,0.193498,F
1142,1,HappyBirthday,154,6570.58,F,1,0.174501,1.64827,18.7165,64.7075,F
1142,1,HappyBirthday,1316,2190,M,1,0.0922716,0.0322438,6546.76,242.205,F
1142,1,HappyBirthday,1441,1095,F,1,0.00873677,0.178248,407.804,2.93367,F
1142,1,HappyBirthday,1239,2920,M,1,0.023453,0.639452,0.0084053,7.37509,F
1142,1,Births,1562,0,M,0,0,0.00482757,0,0,F
1143,1,HappyBirthday,262,31025.6,F,1,0.38564,0.221762,11.6866,154.078,F
1143,1,HappyBirthday,499,12775.6,F,1,0.00455928,0.224953,67.476,1.42683,F
1143,1,HappyBirthday,509,5110.53,F,1,0.0487726,0.13589,1.59275,15.5628,F
1144,1,HappyBirthday,1149,3650,M,1,0.0616198,2.67886,38.6009,19.8096,F
1144,1,HappyBirthday,1477,730,M,1,0.0166522,8.88819,14.3052,5.45765,F
1144,1,HappyBirthday,331,12775,F,1,0.000902441,0.142072,0.592975,0.280525,F
1144,1,HappyBirthday,1411,1460,M,1,0.00342453,0.646977,0.0165694,1.06626,F
1145,1,HappyBirthday,495,14600.5,M,1,0.00561918,0.620957,0.005608,1.75103,F
1145,1,HappyBirthday,1412,1460,F,1,0.5225,0.687072,133.04,303.235,F
1147,1,HappyBirthday,1092,4015,F,1,0.00122421,0.524248,12.5334,0.38763,F
1148,1,HappyBirthday,141,12410,F,1,0.000751918,0.325884,14.8551,0.248153,F
1149,1,HappyBirthday,1413,1460,M,1,0.289334,0.341333,1152.76,107.278,F
1149,1,HappyBirthday,607,17520.9,F,1,0.0123361,0.368942,0.003974,3.85795,F
1149,1,HappyBirthday,662,13505.9,M,1,0.0122506,7.28925,1.53091,3.83255,F
1149,1,HappyBirthday,781,13505.7,M,1,0.0166876,9.58674,917.787,14.1199,F
1150,1,HappyBirthday,135,17520.7,M,1,0.534232,1.54032,7995.6,359.174,F
1150,1,HappyBirthday,1442,1095,M,1,0.147236,0.195336,102214,1004.18,F
1151,1,HappyBirthday,296,20075.7,F,1,0.00306534,0.963649,160.847,0.954776,F
1151,1,HappyBirthday,370,8395.35,M,1,0.00219831,0.223791,600.656,2.24011,F
1151,1,HappyBirthday,1195,3285,M,1,0.00192571,3.44792,11.3658,0.600611,F
1151,1,HappyBirthday,1478,730,F,1,0.00749244,0.010258,2.40208,2.35164,F
1152,1,HappyBirthday,15,35770.4,F,1,0.00202263,1.69786,3528.79,1.43723,F
1152,1,HappyBirthday,149,24090,M,1,0.000250078,1.18336,143.567,0.122428,F
1152,1,HappyBirthday,181,8760.38,F,1,0.0061802,2.1695,0.0405956,1.92688,F
1152,1,HappyBirthday,1415,1460,M,0,0,0.0345676,0,0,F
1152,1,HappyBirthday,1414,1460,M,1,0.0147044,0.856961,26.3434,5.0539,F
1152,1,HappyBirthday,1521,365,F,0,0,0.0294098,0,0,F
1153,1,HappyBirthday,263,13505.2,F,1,6.19541e-06,0.0705133,623.345,0.006801,F
1153,1,HappyBirthday,680,9490.54,F,1,0.0839698,2.04851,0.129455,27.2578,F
1154,1,HappyBirthday,130,21170.1,F,1,0.109518,0.289172,1197.24,114.579,F
1155,1,HappyBirthday,1196,3285,M,1,0.0496164,0.959178,534.984,28.5252,F
1155,1,HappyBirthday,346,14965.2,F,1,0.0310688,0.993371,67.456,10.4035,F
1155,1,HappyBirthday,1416,1460,M,1,0.488197,0.061279,17834.1,692.21,F
1155,1,HappyBirthday,673,21170.6,M,1,0.000126416,4.10072,13.2543,0.0414186,F
1155,1,HappyBirthday,778,6570.92,M,1,0.00596625,2.58009,0.0159129,1.85993,F
1156,1,HappyBirthday,585,17155.3,F,1,0.00166289,2.28016,18.2495,0.518795,F
1157,1,HappyBirthday,1479,730,M,1,0.126594,0.83524,67.7704,53.8507,F
1157,1,HappyBirthday,491,25550.6,M,1,0.00586308,6.48874,11.3986,1.85611,F
1157,1,HappyBirthday,552,10950.4,F,1,0.00313363,1.66389,130.789,0.991435,F
1157,1,HappyBirthday,574,10220.8,M,1,0.0533897,3.82818,23.0706,17.2486,F
1157,1,HappyBirthday,921,9855.44,M,1,0.000532704,0.932241,0.0005088,0.165702,F
1158,1,HappyBirthday,290,17520,M,1,0.000975804,22.5713,4.98445,0.30501,F
1158,1,HappyBirthday,381,12045.4,M,1,0.105128,0.91167,10.9512,35.9736,F
1158,1,HappyBirthday,609,5475.69,M,1,2.02203e-05,4.1316,88.5953,0.00719184,F
1158,1,HappyBirthday,1522,365,F,1,0.000595724,0.745488,15.3285,0.195671,F
1159,1,HappyBirthday,1284,2555,M,1,9.98452e-05,0.697946,4074.26,0.0543583,F
1159,1,HappyBirthday,343,10950,M,1,0.0585257,12.3457,836.769,22.0132,F
1159,1,Births,1563,0,M,0,0,4.51453,0,0,F
1161,1,HappyBirthday,1480,730,M,1,0.620549,0.195416,887.236,472.473,F
1161,1,HappyBirthday,826,8030.21,M,1,0.00336823,0.423032,324.751,2.21154,F
1161,1,Births,1564,0,M,0,0,0.0544126,0,0,F
1162,1,HappyBirthday,1318,2190,M,1,0.0776251,0.419532,4.68232,25.1969,F
1162,1,HappyBirthday,254,16425.3,F,1,0.00472744,1.78823,19.3414,1.49658,F
1162,1,HappyBirthday,1319,2190,M,1,0.00337718,1.41045,4.17021,1.07328,F
1162,1,HappyBirthday,995,13870,F,1,0.00104658,32.7425,0.835877,0.326479,F
1162,1,HappyBirthday,1197,3285,M,1,0.0724609,0.110658,17.6295,24.1773,F
1163,1,HappyBirthday,84,13140.7,F,1,0.0226386,0.281354,32.4644,7.13275,F
1163,1,HappyBirthday,1523,365,M,1,0.000373449,0.200413,27507.5,2.57651,F
1164,1,HappyBirthday,137,34675.1,M,1,0.00227374,2.96168,1114.18,0.712173,F
1164,1,HappyBirthday,1443,1095,F,1,0.222419,7.77782,3334.88,86.5428,F
1164,1,HappyBirthday,1008,4745,M,1,0.000834906,0.0655142,22793.8,0.777404,F
1165,1,HappyBirthday,11,22630.9,M,1,0.00792577,0.59861,8.88754,2.47296,F
1165,1,HappyBirthday,1524,365,M,1,0.000103035,0.423841,12502.8,0.430088,F
1165,1,HappyBirthday,824,9855.32,F,1,0.00052681,0.151872,136.664,0.166432,F
1165,1,HappyBirthday,908,5110.6,M,1,0.0359766,0.138717,5.32854,11.638,F
1166,1,HappyBirthday,1009,4745,M,1,0.0121528,0.106404,12.8591,3.88375,F
1167,1,HappyBirthday,464,5110.27,F,1,0.000530646,1.24187,47.5891,0.175693,F
1167,1,HappyBirthday,804,20805.7,F,1,9.30402e-05,1.97178,404.302,0.0362632,F
1167,1,HappyBirthday,899,10220.6,F,1,0.0113089,10.4434,555.314,4.32505,F
1168,1,HappyBirthday,1095,4015,M,1,0.0065671,2.2664,532.352,3.16401,F
1168,1,HappyBirthday,1094,4015,M,1,0.104225,0.65212,2493.75,36.5349,F
1168,1,HappyBirthday,1053,4380,M,1,0.0018331,1.49886,28.7725,0.570142,F
1168,1,HappyBirthday,556,18980.8,F,1,0.212211,2.3473,14.3407,77.7701,F
1169,1,HappyBirthday,1243,2920,F,1,0.0766483,0.0380968,34.0553,25.7238,F
1169,1,HappyBirthday,549,9490.63,F,1,0.0910335,0.60454,0.201069,29.6805,F
1169,1,HappyBirthday,1010,4745,M,1,0.144235,0.335275,1224.1,48.4934,F
1169,1,Births,1565,0,M,0,0,0.1011,0,0,F
1170,1,HappyBirthday,44,10950,F,1,0.0097755,0.179947,546.427,9.0744,F
1170,1,HappyBirthday,214,5110.43,M,1,0.354471,1.39782,0.944485,136.1,F
1171,1,HappyBirthday,1417,1460,F,1,0.0278361,1.12745,930.042,9.22592,F
1172,1,HappyBirthday,1285,2555,M,1,0.942366,0.207565,276.81,1079.51,F
1173,1,HappyBirthday,1055,4380,F,1,0.00458259,0.758796,8.31248,1.44082,F
1173,1,HappyBirthday,711,7665.47,F,1,0.00199893,14.1547,28245.8,2.24802,F
1173,1,HappyBirthday,946,20075.4,M,0,0,0.0430316,0,0,F
1174,1,HappyBirthday,37,17520.9,M,1,0.67266,0.354519,7.71348,347.173,F
1174,1,HappyBirthday,246,30295.9,M,0,0,0.0398242,0,0,F
1174,1,HappyBirthday,261,5840.04,F,1,0.000758693,0.108138,531.873,0.281764,F
1174,1,HappyBirthday,1096,4015,F,1,8.96339e-05,0.140307,0.310446,0.0278801,F
1174,1,Births,1566,0,F,0,0,0.748191,0,0,F
1175,1,HappyBirthday,175,12410.4,F,1,0.00522241,0.135202,724.514,5.83622,F
1175,1,HappyBirthday,1444,1095,M,1,0,0.266868,4.90235,0,F
1175,1,HappyBirthday,892,7665.17,M,1,0.00058708,0.388257,3.44522,0.182692,F
1176,1,HappyBirthday,769,7300.91,M,1,0.00615072,4.19186,29.4901,2.00341,F
1176,1,HappyBirthday,1321,2190,F,1,0.0318137,0.0736385,521.303,10.3318,F
1177,1,HappyBirthday,1481,730,F,1,0.00389855,0.779006,48.9458,1.30105,F
1177,1,HappyBirthday,307,18615.7,M,1,0.23321,0.297201,3.60661,83.5627,F
1177,1,HappyBirthday,874,6205.21,M,1,0.0357047,0.430773,4.37376,11.3117,F
1178,1,HappyBirthday,120,16060.2,M,1,0.00204384,0.758943,1.18592,0.635922,F
1178,1,HappyBirthday,1360,1825,F,1,5.69855e-07,0.265874,565.415,0.000321353,F
1178,1,HappyBirthday,384,20075,M,1,0.0235972,0.201113,0.184865,7.42177,F
1178,1,HappyBirthday,674,20075.1,M,1,0.00246859,1.76581,275.248,0.780238,F
1179,1,HappyBirthday,111,5110.25,F,1,0.00117805,8.03039,35.3139,0.383293,F
1179,1,HappyBirthday,1097,4015,F,1,0.076815,1.36343,399.875,26.2857,F
1179,1,HappyBirthday,1286,2555,M,1,0.144337,0.760159,34.6268,51.2479,F
1179,1,HappyBirthday,1151,3650,F,1,0.0154087,0.0841687,1978.41,34.5141,F
1180,1,HappyBirthday,624,5475.44,F,1,0.0829118,0.904015,7.68711,27.2364,F
1181,1,HappyBirthday,1012,4745,F,1,0.105443,10.7988,1.21122,34.7522,F
1182,1,HappyBirthday,220,7665.83,F,1,0.00282344,3.19633,45.3362,0.885709,F
1182,1,HappyBirthday,835,30660.5,F,1,0.0310422,1.07152,16.4207,9.82817,F
1183,1,HappyBirthday,1201,3285,M,1,0.0031732,0.95841,21.6659,1.07414,F
1183,1,HappyBirthday,198,18615.1,F,1,0.0661178,0.706637,1286.83,24.0966,F
1183,1,HappyBirthday,865,5110.72,M,1,2.18636e-05,0.456571,279.59,0.00757077,F
1183,1,HappyBirthday,1361,1825,F,1,0.000122459,0.111407,25738.2,0.0827889,F
1184,1,HappyBirthday,1362,1825,M,1,0.000402642,0.331452,41489.6,0.659661,F
1184,1,Births,1567,0,F,0,0,0.0206359,0,0,F
1185,1,HappyBirthday,611,16425.5,M,1,0.0800993,0.623181,0.0040208,25.9465,F
1185,1,HappyBirthday,1445,1095,M,1,0.0610309,0.0314443,14.4947,20.0563,F
1185,1,HappyBirthday,913,5840.1,M,1,0.0014502,0.974716,38.1863,0.465073,F
1185,1,HappyBirthday,1013,4745,F,1,0.0159354,0.478606,41.988,5.35109,F
1185,1,Births,1568,0,F,0,0,0.0550872,0,0,F
1186,1,HappyBirthday,1323,2190,M,1,0.000274093,0.1178,167.595,0.104693,F
1186,1,HappyBirthday,1525,365,F,1,0.390717,0.107292,1697.37,530.759,F
1187,1,HappyBirthday,12,16060.9,M,1,0.00420628,0.287921,1970.97,1.32799,F
1187,1,HappyBirthday,414,18980,M,1,0.0161096,2.00714,133.304,5.13907,F
1189,1,HappyBirthday,406,6570.69,F,1,0.00105246,0.166853,0.020569,0.327344,F
1190,1,HappyBirthday,224,32485.7,F,1,0.0365918,2.09979,77.9638,11.6543,F
1191,1,HappyBirthday,1418,1460,F,1,0.0235546,0.44261,426.767,11.7478,F
1191,1,HappyBirthday,1419,1460,M,1,0.000282005,0.207179,10.4603,0.0917697,F
1191,1,HappyBirthday,982,5475.03,M,1,0.0199265,0.379827,49.4752,6.72061,F
1192,1,HappyBirthday,144,8760.74,F,1,0.00322152,3.42204,17.1252,1.03231,F
1192,1,HappyBirthday,159,11315.3,M,1,0.0105864,1.55598,0.799381,3.30748,F
1192,1,HappyBirthday,1324,2190,M,1,0.00500871,0.161678,5.50761,1.56077,F
1192,1,HappyBirthday,952,8030.04,F,1,0.00227606,2.62108,4.79331,0.708151,F
1192,1,HappyBirthday,1287,2555,M,1,0.010905,0.765426,20.1638,3.54414,F
1193,1,HappyBirthday,1526,365,F,1,0.0451301,0.266912,5314.94,91.1909,F
1193,1,HappyBirthday,1152,3650,F,1,0.0189156,0.0480615,2.27073,5.98241,F
1193,1,Births,1569,0,M,0,0,0.00456351,0,0,F
1194,1,HappyBirthday,863,5840.11,M,1,0.000139328,1.26935,6794.65,0.718696,F
1194,1,Births,1570,0,M,0,0,0.0120516,0,0,F
1195,1,HappyBirthday,1446,1095,F,1,0,0.0231214,0.413597,0,F
1195,1,HappyBirthday,682,6935.91,M,1,0.000383577,2.36921,2268.5,0.613618,F
1196,1,HappyBirthday,521,5840.98,F,1,0.187758,1.37869,456.877,65.1363,F
1196,1,HappyBirthday,551,16425.2,M,1,0.00219856,0.343491,0.011995,0.684137,F
1196,1,HappyBirthday,878,14965.8,F,1,0.000103079,0.758922,5.61555,0.0320652,F
1197,1,HappyBirthday,1364,1825,M,1,0.0953734,2.16171,2951.05,114.638,F
1197,1,HappyBirthday,482,6205.3,F,1,0.00977969,1.43913,112.368,3.22711,F
1197,1,HappyBirthday,1101,4015,F,1,0.00150573,0.995667,1.86181,0.469713,F
1197,1,HappyBirthday,832,6570.09,F,1,0.000840227,1.37465,2986.37,1.26186,F
1197,1,HappyBirthday,1363,1825,F,1,0.00151397,0.295341,2075.76,0.567926,F
1197,1,HappyBirthday,1153,3650,M,0,0,0.00668957,0,0,F
1198,1,HappyBirthday,968,13505.8,F,1,0.0112744,1.21897,45.5239,3.75433,F
1198,1,Births,1571,0,F,0,0,0.0533133,0,0,F
1199,1,HappyBirthday,1289,2555,F,1,0.126828,4.39724,26914,173.953,F
1199,1,HappyBirthday,1288,2555,F,1,0.452946,0.420438,2700.13,452.081,F
1199,1,HappyBirthday,1244,2920,F,1,0.000241101,3.97511,4665.2,1.07674,F
1199,1,Births,1572,0,M,0,0,0.00370139,0,0,F
1200,1,HappyBirthday,613,19345.3,F,1,0.091076,2.20619,6.19601,29.7991,F
1200,1,HappyBirthday,888,12775.1,M,1,0.0205369,3.74628,53.6747,6.64269,F
1201,1,HappyBirthday,268,17520.3,M,1,5.47343e-05,1.71162,8845.95,0.331514,F
1201,1,HappyBirthday,402,32485.9,M,1,0.00872201,1.17386,202.054,4.34027,F
1201,1,HappyBirthday,754,27375.1,M,1,0,0.0995229,0.721311,0,F
1201,1,HappyBirthday,1058,4380,M,1,0.206695,0.423123,1.13277,72.3699,F
1202,1,HappyBirthday,185,13140.2,M,1,0.000337868,0.686688,10385.6,0.457221,F
1202,1,HappyBirthday,205,8395.07,M,1,0.00117432,0.349427,0.017617,0.365122,F
1202,1,HappyBirthday,223,13140.7,F,1,0.000181918,2.75955,17.6224,0.0583274,F
1202,1,HappyBirthday,1102,4015,M,1,0.36257,0.266529,160.835,207.863,F
1202,1,HappyBirthday,1447,1095,M,1,0.0549199,1.1985,6237.19,170.016,F
1203,1,HappyBirthday,155,8395.48,F,1,0.00564665,0.252447,1.57407,1.76061,F
1204,1,HappyBirthday,1155,3650,F,1,0.000357774,19.7753,0,0.111213,F
1205,1,HappyBirthday,885,5840.08,M,1,0.00342652,0.248147,71.2165,1.12272,F
1206,1,HappyBirthday,400,5475.76,M,1,0.00193959,0.641712,3.98342,0.603646,F
1206,1,HappyBirthday,472,9125,M,1,0.0112731,0.610826,653.967,8.31456,F
1206,1,HappyBirthday,997,12775.9,M,1,0.0339483,0.09081,216.548,11.4542,F
1207,1,HappyBirthday,289,21170.6,F,1,0.000887779,0.146865,210.046,0.369031,F
1207,1,HappyBirthday,1366,1825,M,1,0.0148727,0.0294609,13.0721,4.66373,F
1208,1,HappyBirthday,1203,3285,F,1,0.00687379,1.63682,1022.06,5.14352,F
1209,1,HappyBirthday,69,7300.49,M,1,0.0593168,2.37242,0.331322,19.0218,F
1209,1,HappyBirthday,1483,730,F,1,0.25666,0.470659,3266.78,179.258,F
1209,1,HappyBirthday,1245,2920,M,1,0.0325491,2.69043,775.246,44.1092,F
1210,1,HappyBirthday,1016,4745,F,1,0.417959,0.0581842,33.4885,169.583,F
1210,1,HappyBirthday,719,7300.48,F,1,0.00129992,13.8525,2.97708,0.406333,F
1210,1,HappyBirthday,1204,3285,M,1,0.0689404,0.184345,4.14602,22.3387,F
1210,1,HappyBirthday,1290,2555,M,1,0.185188,0.195934,37.016,63.8275,F
1210,1,HappyBirthday,1017,4745,F,1,3.95831e-06,0.571163,9.66597e-05,0.00122767,F
1211,1,HappyBirthday,1527,365,M,1,0.637171,0.051517,0.238323,315.375,F
1212,1,HappyBirthday,727,26280.7,M,1,0.119213,1.8954,7.05749,39.5935,F
1212,1,HappyBirthday,1528,365,M,1,0.0409056,0.223777,1138.49,14.2154,F
1213,1,HappyBirthday,1104,4015,F,1,0.124812,0.091513,6592.95,51.2082,F
1213,1,HappyBirthday,1484,730,F,1,0.0224502,0.186745,109.785,10.3984,F
1213,1,HappyBirthday,1448,1095,M,1,0.676619,0.838843,2231.35,402.075,F
1214,1,HappyBirthday,177,5475.39,M,1,0.00158309,0.494717,69.164,0.646975,F
1214,1,HappyBirthday,435,11315.3,M,1,0.00484705,6.2545,255.167,2.05652,F
1215,1,HappyBirthday,1449,1095,M,1,0.0364842,2.09758,96795.1,529.56,F
1215,1,HappyBirthday,1060,4380,M,1,0.000180513,0.0683835,1.84411e-05,0.0561042,F
1216,1,HappyBirthday,386,5475.28,F,1,0.00612477,0.177729,18.5471,1.92279,F
1217,1,HappyBirthday,970,6935.23,F,1,0.000881807,0.229123,67.7433,0.362614,F
1218,1,HappyBirthday,1207,3285,F,1,0.0320297,4.27556,428.079,10.6332,F
1218,1,HappyBirthday,281,12045.5,M,1,0.000809629,0.4567,0.0053844,0.25169,F
1218,1,HappyBirthday,421,21900.3,F,1,0.00534149,1.86866,16.4709,1.6888,F
1218,1,HappyBirthday,720,10950.8,F,1,0.00782263,0.0925387,56.6798,2.44332,F
1218,1,HappyBirthday,819,17155.4,F,1,0.00477634,0.925132,917.602,7.14735,F
1218,1,HappyBirthday,1206,3285,F,1,0.056089,0.0626041,686.007,22.1802,F
1218,1,HappyBirthday,1205,3285,M,1,2.22593e-05,0.791709,21596.3,0.0912837,F
1219,1,HappyBirthday,561,13140.6,F,1,0.00320585,1.38208,1.01386,1.0029,F
1219,1,HappyBirthday,1529,365,M,1,4.32772e-05,0.694435,22.0528,0.0138255,F
1219,1,HappyBirthday,753,33945.6,F,1,1.8686e-05,17.3806,6183.1,0.0448278,F
1219,1,HappyBirthday,845,12775.3,M,1,7.51741e-06,0.0158715,8.46452,0.0023708,F
1219,1,HappyBirthday,1450,1095,F,1,0.000644309,0.19182,26408.8,0.516113,F
1220,1,HappyBirthday,456,12410.3,M,1,5.83286e-05,0.509102,144.175,0.0187806,F
1220,1,HappyBirthday,1247,2920,M,1,0,0.954698,22.5916,0,F
1220,1,HappyBirthday,1018,4745,F,1,0.000723126,5.98027,545.736,0.410627,F
1220,1,HappyBirthday,702,18980,M,1,0.0777327,0.133111,16.7386,25.35,F
1221,1,HappyBirthday,188,6570.92,M,1,0.000547367,0.507511,1.39497,0.171339,F
1221,1,HappyBirthday,1367,1825,F,1,0.00988119,0.840307,236.465,6.12247,F
1222,1,HappyBirthday,218,15695.8,F,1,0.00205824,1.9559,53.2414,0.695593,F
1222,1,HappyBirthday,397,7300.73,M,1,0.00292797,2.99385,25.0851,0.94392,F
1222,1,HappyBirthday,1327,2190,M,1,0.100818,0.873204,980.374,79.5086,F
1222,1,HappyBirthday,816,29930.4,M,1,0,0.718109,2.19297,0,F
1223,1,HappyBirthday,52,9125.83,F,1,0.0643512,0.216415,13.5099,20.8209,F
1223,1,Births,1573,0,M,0,0,0.268241,0,0,F
1224,1,HappyBirthday,1248,2920,M,1,0.0909146,0.0514312,24764.5,127.022,F
1224,1,HappyBirthday,708,31755.5,F,1,0.00406146,110.019,0.420549,1.26477,F
1224,1,HappyBirthday,728,13140.5,M,1,0.00167133,0.128637,0.680404,0.520096,F
1226,1,HappyBirthday,243,10950.6,M,1,3.54902e-06,0.749853,2.3623,0.0011074,F
1226,1,HappyBirthday,1292,2555,M,1,0.090878,0.0634518,1.26334,29.6582,F
1226,1,HappyBirthday,635,19345.2,F,1,0.0003297,1.10689,3.5e-05,0.102526,F
1226,1,HappyBirthday,910,10585.8,M,1,2.98832e-05,0.57855,13.2399,0.0095564,F
1226,1,HappyBirthday,988,5475.7,M,1,0.0117624,1.73468,0.95066,3.67851,F
1227,1,HappyBirthday,773,7300.75,F,1,0.011709,0.61939,95492.3,47.4635,F
1228,1,HappyBirthday,1106,4015,F,1,0.0074675,0.542625,150.535,2.33276,F
1228,1,HappyBirthday,645,8395.81,M,1,0.00261581,1.344,11.4863,0.861025,F
1229,1,HappyBirthday,1369,1825,M,1,0.220607,0.264626,16644.4,85.1503,F
1229,1,HappyBirthday,319,10950.1,F,1,0.174442,1.75531,1.21397,59.5749,F
1229,1,HappyBirthday,1451,1095,M,1,0.314402,0.172672,14558.8,1721.5,F
1230,1,HappyBirthday,1485,730,M,1,0.515794,0.14829,328.277,269.982,F
1231,1,HappyBirthday,357,12410.8,M,1,8.42062e-05,0.0387682,1943.1,0.0993356,F
1232,1,HappyBirthday,1452,1095,F,1,0.115079,3.00765,64.9962,40.7641,F
1232,1,HappyBirthday,1486,730,M,1,0.000556403,0.74767,104185,8.29957,F
1232,1,HappyBirthday,502,10220.6,M,1,0.00288746,0.201585,1110.29,1.78569,F
1233,1,HappyBirthday,165,9490.93,M,1,0.0125155,0.493411,0.31202,3.91403,F
1233,1,HappyBirthday,356,9490.58,M,1,0.030352,0.316025,0.0275324,9.5787,F
1233,1,HappyBirthday,572,28470.5,M,1,0.000961614,0.0628722,1631.66,1.73041,F
1235,1,HappyBirthday,1453,1095,M,1,0.737209,1.20575,559.751,1077.13,F
1236,1,HappyBirthday,1328,2190,M,1,0.00190312,0.102954,212.012,0.766648,F
1236,1,HappyBirthday,590,24820,F,1,0.00316748,0.87857,0.619987,0.985782,F
1236,1,HappyBirthday,706,8395.88,M,1,0.0467675,0.358999,219.225,28.3356,F
1236,1,HappyBirthday,994,21900.7,F,1,1.32992e-05,0.490285,73.6811,0.004405,F
1237,1,HappyBirthday,1157,3650,F,1,0,0.0629504,0,0,F
1237,1,HappyBirthday,1487,730,F,1,0.177935,0.106651,3152.12,264.453,F
1237,1,HappyBirthday,147,6935.23,F,1,0.00516758,0.0564156,17.526,1.71693,F
1237,1,HappyBirthday,265,5110.32,M,1,0.0839446,0.0606141,2.3966,27.3463,F
1238,1,HappyBirthday,777,10585.5,M,1,0.671126,2.2549,4.85945,345.654,F
1239,1,HappyBirthday,71,7665.39,F,1,0.00220287,0.152465,15007.8,10.0057,F
1239,1,HappyBirthday,176,29200.1,F,1,0.000341604,0.0803835,0.0022218,0.106125,F
1239,1,HappyBirthday,249,9125.67,F,1,0.0207471,9.97095,30.8772,6.8054,F
1239,1,HappyBirthday,1488,730,F,1,0.00163549,0.534426,13.2211,0.518406,F
1239,1,HappyBirthday,643,5110.22,F,1,0.000415319,0.12695,1.04351,0.129284,F
1240,1,HappyBirthday,782,17155,M,1,0.0013715,0.576749,0.348307,0.426523,F
1241,1,HappyBirthday,97,14965.8,M,1,0.00113917,3.00047,1.42383,0.35443,F
1241,1,HappyBirthday,439,6935.32,M,1,0.02552,0.499241,2.98685,8.15476,F
1242,1,HappyBirthday,1370,1825,M,1,0.000111091,0.231601,69.9527,0.040235,F
1242,1,HappyBirthday,344,12410.3,M,1,0.0806422,0.60287,10.4044,26.5641,F
1242,1,HappyBirthday,1489,730,M,1,0.356972,0.293338,1024.96,157.846,F
1243,1,HappyBirthday,236,6205.08,F,1,0.000120641,9.95547,226.002,0.069269,F
1243,1,HappyBirthday,1158,3650,M,1,0.0424165,1.81666,5693.96,33.8884,F
1244,1,HappyBirthday,1454,1095,M,1,0.000492151,0.203899,1090.86,0.738482,F
1244,1,HappyBirthday,1022,4745,F,1,0.000437677,0.917098,814.3,0.147592,F
1244,1,HappyBirthday,695,9855.38,F,1,0.000395479,0.541831,0.78186,0.123259,F
1244,1,HappyBirthday,1063,4380,M,1,0.0589078,0.322754,48.155,20.3542,F
1244,1,HappyBirthday,789,29930.5,M,1,0.000471096,0.455481,726.952,0.569369,F
1244,1,HappyBirthday,1208,3285,M,1,0.0279165,0.345997,89.2487,9.60195,F
1244,1,Births,1574,0,F,0,0,1.18366,0,0,F
1244,1,Births,1575,0,F,0,0,0.140965,0,0,F
1245,1,HappyBirthday,409,30295.2,F,1,0.00115525,19.6813,0.0324996,0.359259,F
1245,1,HappyBirthday,621,8760.3,F,1,0.00134296,0.355767,1942.62,0.693642,F
1246,1,HappyBirthday,1530,365,M,1,0.00114776,0.286117,0.665018,0.357022,F
1246,1,HappyBirthday,1209,3285,M,1,0.13508,0.0133206,521.703,130.055,F
1247,1,HappyBirthday,1531,365,M,1,0.0904726,0.174718,4094.97,169.845,F
1248,1,HappyBirthday,1371,1825,M,1,0.00369023,0.409427,21.4958,1.17707,F
1248,1,HappyBirthday,215,22265.9,F,1,0.430012,0.305141,430.26,177.938,F
1248,1,HappyBirthday,235,20805.8,F,1,0.000109437,7.71508,65473.9,0.61942,F
1248,1,HappyBirthday,833,9125.44,M,1,0.000246551,3.10644,0.0002784,0.0766764,F
1248,1,HappyBirthday,856,10220.5,F,1,0.0142268,1.46781,473.297,7.25953,F
1249,1,HappyBirthday,145,17155.7,F,1,0.000673501,3.38762,1.53296,0.210504,F
1249,1,HappyBirthday,240,6935.94,F,1,0.0472147,1.79743,1.47421,15.1163,F
1249,1,HappyBirthday,1249,2920,M,1,0.105346,0.00624982,0.00977088,34.5949,F
1250,1,HappyBirthday,646,17155.5,M,1,0.000120785,5.29259,455.477,0.0633462,F
1250,1,HappyBirthday,1532,365,F,1,0.0790593,1.91776,10428.8,246.168,F
1251,1,HappyBirthday,1491,730,F,1,0.00150574,0.110446,0.0412678,0.468463,F
1251,1,HappyBirthday,668,6570.7,M,1,0.126459,1.00366,3810.29,233.31,F
1251,1,HappyBirthday,1329,2190,M,1,0.506608,0.639136,103.635,225.459,F
1252,1,HappyBirthday,538,13505.9,F,1,0.14587,0.827609,924.873,49.9963,F
1253,1,HappyBirthday,393,8395.92,F,1,0.337395,3.34877,38.3106,128.37,F
1254,1,HappyBirthday,101,10950.5,M,1,0.0232091,0.353065,0.0411852,7.29816,F
1254,1,HappyBirthday,1064,4380,F,1,0.000290989,0.189917,0.00533478,0.0904405,F
1254,1,Births,1576,0,F,0,0,0.151511,0,0,F
1255,1,HappyBirthday,494,12775.1,F,1,0,1.89712,41.0083,0,F
1256,1,HappyBirthday,1159,3650,M,1,0.390405,7.11104,1052.67,156.125,F
1256,1,HappyBirthday,108,17520.1,F,1,0.00253184,0.109953,44.4457,0.798934,F
1256,1,HappyBirthday,1250,2920,F,1,0.0354087,0.126264,613.394,14.845,F
1256,1,HappyBirthday,1493,730,F,1,0.179574,0.292826,88244.8,1711.39,F
1257,1,HappyBirthday,88,7300.1,M,1,0.00273908,1.43858,117.805,1.28125,F
1257,1,HappyBirthday,1422,1460,M,1,0.0324567,0.116162,1069.75,17.0515,F
1257,1,HappyBirthday,1372,1825,F,1,0.00203271,1.22443,28.3271,0.715443,F
1257,1,HappyBirthday,1533,365,M,1,0.918363,0.586584,1287.08,1604.64,F
1258,1,HappyBirthday,31,10950.1,F,1,0.00475482,0.340462,19.0149,1.62346,F
1258,1,HappyBirthday,364,12410.2,F,1,0.000861597,1.6605,0.19519,0.268194,F
1258,1,HappyBirthday,478,6205.04,F,1,0.00803898,1.39425,1.01312,2.51111,F
1258,1,HappyBirthday,675,15695.9,M,1,6.81584e-05,7.92757,5077.8,0.0388378,F
1258,1,HappyBirthday,722,20440.2,M,1,0.00789193,0.738232,56.3072,2.70006,F
1258,1,HappyBirthday,1293,2555,M,1,0.330093,0.75312,48.1873,145.083,F
1258,1,Births,1577,0,M,0,0,0.0315697,0,0,F
1259,1,HappyBirthday,725,18980.5,M,1,1.99195e-05,0.0686243,14376.8,0.0103682,F
1259,1,HappyBirthday,1330,2190,F,1,0.0114164,0.308639,4546.47,3.96351,F
1259,1,HappyBirthday,1331,2190,F,1,0.0247636,0.413758,254.081,11.5121,F
1260,1,HappyBirthday,86,10951,F,1,0.0213898,13.5027,6.45935,6.92306,F
1260,1,HappyBirthday,1373,1825,F,1,0.0653119,0.190257,0.250291,20.9898,F
1261,1,HappyBirthday,1023,4745,M,1,0.00144794,0.0348973,170.848,0.513219,F
1261,1,HappyBirthday,923,14965.6,F,1,0.00693932,0.130614,0.253456,2.16675,F
1262,1,HappyBirthday,257,16425.3,M,1,1.15389e-06,4.63438,1.12075,0.0003544,F
1262,1,HappyBirthday,1534,365,F,1,0.0012342,0.42378,40.922,0.406617,F
1262,1,HappyBirthday,1332,2190,M,1,0.000718955,0.429232,4179.74,0.581142,F
1262,1,HappyBirthday,978,33945.8,F,1,0.00531613,0.532768,14.7786,1.66689,F
1262,1,Births,1578,0,M,0,0,0.0135722,0,0,F
1263,1,HappyBirthday,1333,2190,M,1,0.0733533,0.308218,0.436629,23.6974,F
1264,1,Births,1579,0,M,0,0,0.0217851,0,0,F
1265,1,HappyBirthday,49,18250.4,M,1,0.0118437,0.774075,333.735,6.59152,F
1265,1,HappyBirthday,253,16425.6,M,1,0.0032676,0.704148,1001.82,2.43692,F
1265,1,HappyBirthday,1423,1460,F,1,0.00564272,0.42088,73.4457,1.95647,F
1265,1,HappyBirthday,889,6935.28,F,1,0.00889572,1.42014,237.478,5.72276,F
1265,1,HappyBirthday,957,9855.1,F,1,0.00247173,3.85536,36.6104,0.808473,F
1266,1,HappyBirthday,74,9490.87,M,1,0,1.1302,0.009,0,F
1266,1,HappyBirthday,269,15695.4,M,1,0.0123016,0.262737,2.47183,3.84718,F
1266,1,HappyBirthday,901,5475.24,F,1,0.00280642,0.671316,0.00296242,0.873217,F
1267,1,HappyBirthday,1108,4015,M,1,0.114574,0.0446803,47.8155,45.7045,F
1268,1,HappyBirthday,72,12045.3,M,1,0.149869,0.462927,58.8942,62.4794,F
1268,1,HappyBirthday,1424,1460,F,1,0.425369,0.229499,63.1406,194.422,F
1268,1,HappyBirthday,447,9855.75,M,1,0.00979899,1.37453,1132.06,8.2095,F
1268,1,HappyBirthday,693,10585.7,F,1,0.00109654,5.53758,39.229,0.344469,F
1268,1,Births,1580,0,F,0,0,0.0815201,0,0,F
1269,1,HappyBirthday,380,20440.9,F,1,0.00171167,2.19233,32.6976,0.557265,F
1269,1,HappyBirthday,1160,3650,F,1,0.07329,4.62412,145.568,28.3518,F
1269,1,HappyBirthday,752,8030.04,M,1,0.00419867,13.5359,3.97431,1.31007,F
1270,1,HappyBirthday,162,13505.8,F,1,0.00120977,4.19365,251.592,0.383429,F
1270,1,HappyBirthday,190,12775.6,M,1,0.0583789,1.5397,0.837783,18.6938,F
1270,1,HappyBirthday,1374,1825,M,1,0.54428,0.7201,814.559,257.829,F
1270,1,HappyBirthday,898,9855.23,F,1,0.00526263,6.08606,59.3833,2.03199,F
1271,1,HappyBirthday,276,6570.23,M,1,0.000975943,2.2402,0.772406,0.304391,F
1271,1,HappyBirthday,468,18250.1,M,1,0.00722842,0.704885,6951.63,4.49142,F
1271,1,HappyBirthday,469,5840.78,F,1,0.141433,1.3033,227.376,48.5145,F
1271,1,HappyBirthday,734,6205.02,F,1,0.678498,0.873905,50.2792,352.798,F
1272,1,HappyBirthday,79,16425.7,M,1,0.0208492,0.681678,358.843,10.2255,F
1272,1,HappyBirthday,1211,3285,F,1,0.14447,1.90971,50.6879,51.8055,F
1273,1,HappyBirthday,1376,1825,M,1,0.000631895,15.4149,101354,9.24425,F
1274,1,HappyBirthday,333,8030.62,M,1,3.30005e-05,3.78265,10.5508,0.0103944,F
1274,1,HappyBirthday,407,7300.06,M,1,0.0106939,0.16618,821.518,3.43431,F
1274,1,Births,1581,0,F,0,0,0.979442,0,0,F
1275,1,HappyBirthday,1161,3650,F,1,0.00138894,0.0940089,87.0124,0.465349,F
1275,1,HappyBirthday,1109,4015,M,1,0.000168377,0.161798,977.542,0.101232,F
1275,1,HappyBirthday,377,15695.8,M,1,0.0120076,3.53814,0.953732,3.75427,F
1275,1,HappyBirthday,1535,365,F,1,0.00270465,0.10519,153.317,1.05453,F
1275,1,HappyBirthday,1455,1095,M,1,0.142749,0.0857978,53503.3,1582.17,F
1276,1,HappyBirthday,332,28105.9,F,1,0.00279012,0.274932,9671.22,1.16649,F
1276,1,HappyBirthday,1495,730,M,1,0.0758847,0.39991,42.3414,26.307,F
1277,1,HappyBirthday,96,7665.9,M,1,0.00435365,2.82121,98.856,1.81151,F
1277,1,HappyBirthday,1496,730,M,1,0.0233364,0.974835,10460.5,9.31083,F
1277,1,HappyBirthday,1536,365,M,1,0.0598677,0.304143,246.241,24.4665,F
1277,1,HappyBirthday,959,5475.56,F,1,3.56741e-05,0.163621,148.364,0.0126042,F
1278,1,HappyBirthday,46,29200.9,M,1,0.0124893,0.114623,8859.62,40.4132,F
1278,1,HappyBirthday,174,25915,F,1,0.00309529,0.494295,15279,1.68323,F
1278,1,HappyBirthday,208,7665.03,M,1,0.38948,1.24239,268.068,160.572,F
1278,1,HappyBirthday,1456,1095,F,1,0.0783967,0.0797213,24.8977,26.3587,F
1278,1,HappyBirthday,701,6935.39,F,1,0.0030139,0.424387,2.29266,0.949043,F
1279,1,HappyBirthday,1457,1095,F,1,0.0205042,0.877861,4.98822,6.5248,F
1279,1,HappyBirthday,1252,2920,M,1,0.00295492,1.74995,0.00902503,0.919873,F
1279,1,HappyBirthday,490,14235,M,1,0.0105441,4.98162,6132.48,3.35836,F
1279,1,HappyBirthday,1294,2555,M,1,0.00624571,1.15433,77.6856,2.20566,F
1279,1,HappyBirthday,730,13870.3,F,1,0.0577209,0.504143,0.102732,18.4761,F
1279,1,HappyBirthday,785,7665.48,M,1,5.21537e-05,2.22333,271.554,0.0227756,F
1279,1,HappyBirthday,829,28105,M,1,0.00167095,7.41718,74.0672,0.569614,F
1280,1,HappyBirthday,39,7300.99,M,1,0.000264045,0.310992,957.09,0.283422,F
1280,1,HappyBirthday,1425,1460,F,1,0.164515,0.283362,29.2461,56.2158,F
1280,1,HappyBirthday,449,14600,F,1,0.00126195,7.30174,33.891,0.409624,F
1280,1,HappyBirthday,736,13870,F,1,0.00603936,0.407036,1147.48,2.02036,F
1280,1,HappyBirthday,1212,3285,M,1,0.000687924,5.02564,420.078,0.329631,F
1281,1,HappyBirthday,1110,4015,F,1,0.000318311,1.81599,1287.61,0.10648,F
1281,1,HappyBirthday,271,31755.4,M,1,0.00018954,0.077087,923.477,0.0672842,F
1281,1,HappyBirthday,1163,3650,F,1,0.0306251,0.353449,710.041,39.504,F
1281,1,HappyBirthday,893,18615.1,M,1,0.0124455,0.0398315,0.147004,3.89192,F
1282,1,HappyBirthday,1111,4015,M,1,0.0093522,0.432588,1.30711,2.92589,F
1282,1,HappyBirthday,926,10585.1,F,1,0.0709614,0.540399,0.0048454,22.8745,F
1282,1,HappyBirthday,1337,2190,F,1,0.307202,0.219695,668.773,149.196,F
1283,1,HappyBirthday,142,8760.26,F,1,0.000772705,4.52229,0.0137944,0.24006,F
1283,1,HappyBirthday,1377,1825,M,1,0.284264,0.120812,1031.12,247.88,F
1283,1,HappyBirthday,873,26280.2,M,1,0.10868,4.48123,0.384389,35.7567,F
1283,1,HappyBirthday,1458,1095,F,1,0.289074,0.448006,10669,129.89,F
1284,1,HappyBirthday,1164,3650,F,1,0.00347146,0.0789425,482.193,1.79446,F
1284,1,HappyBirthday,1537,365,M,1,0.0026085,0.778943,42.9295,0.967082,F
1284,1,HappyBirthday,677,6205.03,M,1,0.000105798,0.0990198,234.539,0.0350527,F
1285,1,HappyBirthday,1426,1460,F,1,0.00493213,0.163589,3.72499,1.53638,F
1285,1,HappyBirthday,65,11680.1,F,1,0.00208897,2.77977,22.948,0.67062,F
1285,1,HappyBirthday,66,5110.75,M,1,0.0833622,0.469163,3.91328,27.3067,F
1286,1,HappyBirthday,1459,1095,F,1,0.465304,0.133481,8609.99,501.514,F
1286,1,HappyBirthday,1538,365,F,1,0.0209434,0.994743,201485,228.147,F
1286,1,HappyBirthday,517,17155.8,F,1,0.0231337,2.33107,15.4728,7.3643,F
1286,1,HappyBirthday,703,8760.76,F,1,0.0129391,0.370093,300.335,4.20603,F
1286,1,HappyBirthday,1539,365,M,1,0.0423565,0.0574825,16113.4,448.043,F
1287,1,HappyBirthday,17,6205.94,M,1,0.00525643,0.55934,0.416443,1.63866,F
1287,1,HappyBirthday,1498,730,M,1,0.537512,0.0696014,30077.9,1238.45,F
1287,1,HappyBirthday,1499,730,M,1,2.78029e-05,0.0379881,81178.7,0.374424,F
1288,1,HappyBirthday,1378,1825,M,1,0.195897,0.0365889,26.3052,74.1748,F
1289,1,HappyBirthday,1165,3650,M,1,1.03946e-05,0.121626,0.302484,0.00323745,F
1289,1,HappyBirthday,790,22995.8,F,1,0.0636455,0.376258,0.372634,20.467,F
1290,1,HappyBirthday,304,6205.03,F,1,0.0891735,8.94466,91.6577,34.5523,F
1290,1,HappyBirthday,1112,4015,F,1,5.22158e-06,2.74226,0.0479726,0.00160773,F
1291,1,HappyBirthday,1295,2555,F,1,0.251185,1.23984,1202.47,431.561,F
1291,1,HappyBirthday,1379,1825,F,1,0.0048223,0.735808,0.0759223,1.50205,F
1291,1,HappyBirthday,884,18615,M,1,1.41045e-05,2.42282,4429.04,0.0279348,F
1291,1,HappyBirthday,940,24090.5,M,1,0.292863,4.56903,1105.65,266.787,F
1292,1,HappyBirthday,200,5110.68,M,1,0.00661242,1.84728,7444.93,18.7087,F
1293,1,HappyBirthday,504,14235.9,F,1,0.0800909,0.299399,54.4079,28.3474,F
1293,1,HappyBirthday,1380,1825,M,1,0.155903,1.57093,1103.46,252.588,F
1294,1,HappyBirthday,1460,1095,F,1,0.560327,0.00462765,375.344,259.55,F
1294,1,HappyBirthday,581,13505.5,F,1,9.81987e-05,1.9329,0.0002386,0.0305436,F
1295,1,HappyBirthday,1066,4380,M,1,0.000450256,0.932504,24.6753,0.145962,F
1295,1,HappyBirthday,1027,4745,F,1,0.00738461,1.89435,12.4977,2.31299,F
1296,1,HappyBirthday,61,12410.7,M,1,0.0785734,0.611052,44.098,27.1783,F
1296,1,HappyBirthday,81,20440.5,M,1,5.9603e-06,0.43479,142.719,0.0022644,F
1296,1,HappyBirthday,1461,1095,M,1,0.0280008,1.99364,5.82839,8.91628,F
1296,1,HappyBirthday,614,14235.3,F,1,0.00635713,4.88314,3.32092,2.01552,F
1296,1,HappyBirthday,820,12775.3,M,1,0.010886,0.863655,4278.79,8.81691,F
1296,1,HappyBirthday,1296,2555,F,1,0.000258533,0.618649,70.173,0.0916658,F
1297,1,HappyBirthday,143,9125.76,F,1,0.00357739,10.944,191.969,2.07327,F
1297,1,Births,1582,0,M,0,0,1.46096,0,0,F
1298,1,HappyBirthday,398,14965.8,M,1,0.0711432,1.70735,418.749,35.3121,F
1298,1,HappyBirthday,1382,1825,M,1,9.41512e-06,0.60363,24792.9,0.00676072,F
1298,1,HappyBirthday,669,8030.55,M,1,0.00782533,3.45695,12.6803,2.47316,F
1298,1,HappyBirthday,1501,730,M,1,0.880712,0.0200857,84.5736,725.926,F
1299,1,HappyBirthday,32,5475.72,F,1,0.00901568,0.337374,13.1012,2.97847,F
1299,1,HappyBirthday,1068,4380,M,1,0.00187404,0.0465444,0.000136276,0.583167,F
1299,1,HappyBirthday,301,6205.19,M,1,0.31421,8.12959,0.519688,117.24,F
1299,1,HappyBirthday,531,13505.7,M,1,7.84463e-05,0.161324,302.721,0.0357982,F
1299,1,HappyBirthday,542,20075.7,M,1,0.0475269,0.812329,70.6527,16.7629,F
1300,1,HappyBirthday,1502,730,M,1,0.0848145,0.667306,2981.12,248.378,F
1300,1,HappyBirthday,1114,4015,F,1,7.56778e-07,0.0321359,2624.44,0.00236183,F
1300,1,HappyBirthday,115,5110.77,F,1,0.000202594,0.711877,8.58157,0.0651001,F
1300,1,HappyBirthday,1540,365,F,1,0.0500522,0.131609,12306.9,442.968,F
1301,1,HappyBirthday,221,21170.1,M,1,0.00168082,0.433033,17.793,0.557028,F
1301,1,HappyBirthday,1541,365,M,1,0.00988071,0.0907988,238.544,4.20414,F
1301,1,HappyBirthday,644,14235.2,F,1,0.000310261,0.277772,16.4906,0.0999308,F
1301,1,HappyBirthday,1069,4380,M,1,0.0571196,0.0510689,66.2805,20.0223,F
1302,1,HappyBirthday,1029,4745,F,1,0.0002949,1.84362,1.36273,0.0919567,F
1302,1,HappyBirthday,1115,4015,F,1,0.119603,13.0374,1.85395,39.5933,F
1302,1,HappyBirthday,895,12410.6,F,1,0.000508786,0.339559,37.6181,0.168269,F
1303,1,HappyBirthday,1383,1825,F,1,0.0061174,3.48667,3345.47,22.746,F
1303,1,HappyBirthday,761,12410.7,M,1,0.00120867,1.94016,883.818,1.72697,F
1304,1,HappyBirthday,287,11680.9,F,1,0.0229098,2.37228,55.438,7.28147,F
1304,1,HappyBirthday,1070,4380,F,1,0,0.0142916,11.1142,0,F
1304,1,HappyBirthday,1297,2555,M,1,3.30851e-05,0.547743,3358.63,0.0528359,F
1304,1,HappyBirthday,633,13870.4,M,1,0.000122004,11.0677,0.419229,0.0378526,F
1305,1,HappyBirthday,1254,2920,M,1,0.000915994,0.297945,39.6686,0.319553,F
1306,1,HappyBirthday,1384,1825,F,1,0.320965,0.586618,21438.7,426.919,F
1306,1,HappyBirthday,875,12410.6,F,1,0.00172067,20.1623,0.0022536,0.535172,F
1306,1,Births,1583,0,F,0,0,0.262897,0,0,F
1307,1,HappyBirthday,314,25550.6,F,1,0.127725,0.366133,135.714,51.4348,F
1307,1,HappyBirthday,1503,730,M,1,0.447097,0.0868092,7770.64,1578.57,F
1308,1,HappyBirthday,306,5475.97,M,1,0.00162045,0.740821,0.0846283,0.504209,F
1309,1,HappyBirthday,1428,1460,M,1,0.900687,0.0641151,31.9932,727.806,F
1309,1,HappyBirthday,793,11315.2,F,1,0.00102439,1.28998,15.6257,0.32275,F
1309,1,HappyBirthday,1256,2920,F,1,0.129257,0.952712,68.6638,47.3496,F
1310,1,HappyBirthday,22,13140.1,M,1,0.00506507,0.900144,223.629,1.65771,F
1311,1,HappyBirthday,189,10951,M,1,2.78889e-05,0.421146,2350.31,0.0717238,F
1311,1,HappyBirthday,197,13140.5,M,1,0.00139731,1.83074,2.68548,0.43883,F
1311,1,HappyBirthday,222,14235.2,M,1,1.34992e-05,0.651067,1e-06,0.004223,F
1311,1,HappyBirthday,342,5475.12,F,1,0.00169646,0.718863,8.15215,0.534902,F
1312,1,HappyBirthday,1542,365,M,1,0.0417038,6.20718,239.212,20.2473,F
1312,1,HappyBirthday,156,6935.59,F,1,0.0766959,0.144715,12.4066,26.0507,F
1312,1,HappyBirthday,1116,4015,M,1,0.0192188,2.64868,37.5606,6.49353,F
1312,1,HappyBirthday,1117,4015,M,1,0.00397176,0.524675,1813.24,2.00985,F
1313,1,HappyBirthday,1118,4015,M,1,0.640928,0.214079,295.117,545.405,F
1313,1,HappyBirthday,1031,4745,M,1,0.0353486,0.342437,33.6185,11.9914,F
1314,1,HappyBirthday,94,6935.6,M,1,3.06186e-06,1.59223,7.36092,0.000962144,F
1314,1,HappyBirthday,237,6205.12,M,1,0,0.00818092,6.84931,0,F
1314,1,HappyBirthday,305,16425.9,M,1,0.3054,4.86805,31.7221,113.302,F
1314,1,HappyBirthday,631,16790.4,F,1,0.455205,8.6446,868.853,419.779,F
1315,1,HappyBirthday,1071,4380,M,1,0.0506742,5.45227,44.6079,18.8172,F
1315,1,HappyBirthday,1339,2190,F,1,0.0416739,0.242596,3468.93,73.4476,F
1316,1,HappyBirthday,95,5475.25,F,1,0.000196153,0.873594,298.33,0.0663878,F
1317,1,HappyBirthday,1462,1095,M,1,0.0607837,0.158727,0.033461,19.4923,F
1318,1,HappyBirthday,76,25185,M,1,0.000603813,0.320753,30538.4,0.694342,F
1318,1,HappyBirthday,1214,3285,F,1,0.000784685,0.611336,2.11948,0.244091,F
1318,1,HappyBirthday,1167,3650,F,1,0.00290836,0.467717,0.225774,0.905608,F
1319,1,HappyBirthday,258,26645.9,M,1,0.0155497,2.19336,15531.8,9.08894,F
1319,1,HappyBirthday,1072,4380,M,1,0.0272485,3.81214,18.8713,8.74251,F
1320,1,HappyBirthday,1215,3285,F,1,0.00021211,0.0735897,4322.13,0.88998,F
1320,1,HappyBirthday,920,5840.1,M,1,0.000647935,4.21791,1.70466,0.201673,F
1320,1,Births,1584,0,M,0,0,0.00972464,0,0,F
1321,1,HappyBirthday,1032,4745,F,1,0.00339159,0.4773,14.6531,1.12499,F
1321,1,HappyBirthday,1543,365,F,1,0.931654,1.08949,170.259,1481.19,F
1322,1,HappyBirthday,881,7665.01,M,1,0.00118253,91.6594,89.2878,0.385705,F
1322,1,HappyBirthday,1257,2920,F,1,0.0225799,1.55425,0.647664,7.11091,F
1323,1,HappyBirthday,484,18615.4,F,1,0.0388141,0.661385,49.6214,12.3428,F
1323,1,HappyBirthday,1033,4745,M,1,0.0179897,0.752565,37.3712,5.95955,F
1324,1,HappyBirthday,1298,2555,M,1,0.769581,0.414506,11.3839,464.226,F
1324,1,HappyBirthday,1463,1095,F,1,0.0964849,0.266171,363.204,46.0295,F
1325,1,HappyBirthday,75,11680.3,F,1,0.000699239,0.364016,5938.94,1.48335,F
1325,1,HappyBirthday,454,22265.1,F,1,0.0354943,1.34318,83.3206,15.1197,F
1325,1,HappyBirthday,810,14600.2,M,1,0.525681,2.60753,322.538,274.381,F
1325,1,HappyBirthday,850,7665.21,F,1,0.00176986,2.23581,0.0049742,0.550277,F
1326,1,HappyBirthday,1119,4015,F,1,0.00588909,0.0676322,26.4085,1.83609,F
1326,1,HappyBirthday,408,9490.22,M,1,0.000673561,8.5959,0.0194492,0.209509,F
1327,1,HappyBirthday,57,16790.1,F,1,0.0793161,0.329428,11.9615,26.4385,F
1327,1,HappyBirthday,462,17520.2,M,1,0.179342,2.70785,865.304,61.8319,F
1327,1,HappyBirthday,918,25550.2,M,1,1.32806e-06,0.0261317,295.544,0.000944,F
1327,1,Births,1585,0,M,0,0,0.36941,0,0,F
1328,1,HappyBirthday,10,10950.8,F,1,1.61129e-05,1.64404,3527.57,0.0260132,F
1328,1,HappyBirthday,212,12045.8,M,1,0.000703024,0.378793,6701.37,3.98768,F
1328,1,HappyBirthday,1300,2555,M,1,0.159912,0.277916,421.104,76.9715,F
1328,1,HappyBirthday,1073,4380,M,1,0.441077,0.194683,1.49891,181.468,F
1329,1,HappyBirthday,1504,730,M,1,0.0207735,0.64519,118.961,9.94914,F
1329,1,HappyBirthday,453,11315.8,M,1,0.00793981,3.09361,3279.34,2.85677,F
1329,1,HappyBirthday,1464,1095,F,1,0.00256886,0.0422291,189628,25.5317,F
1330,1,HappyBirthday,126,8760.74,M,1,0.0085045,0.165778,0.0011594,2.65431,F
1330,1,HappyBirthday,1260,2920,F,1,0.00713183,0.0710518,63.6514,2.4663,F
1330,1,HappyBirthday,378,17520.8,F,1,0.000670239,5.05049,0.0046144,0.208417,F
1330,1,HappyBirthday,496,8760.51,M,1,0.00193872,5.34325,5.37957,0.614126,F
1330,1,HappyBirthday,636,14600.3,M,1,0.186074,6.70522,0.661956,64.0367,F
1331,1,HappyBirthday,1342,2190,F,1,0.0147076,0.334516,62.8001,5.0355,F
1331,1,HappyBirthday,696,11315.2,M,1,0.0119948,10.8745,10.18,3.78609,F
1332,1,HappyBirthday,665,8395.09,F,1,0.000922411,0.413943,140.293,0.453895,F
1332,1,HappyBirthday,688,8030.54,M,1,9.85937e-05,1.10069,1740.51,0.0399554,F
1333,1,HappyBirthday,170,16425.7,M,1,0.000616507,3.55199,2029.29,0.755078,F
1333,1,HappyBirthday,1505,730,M,1,0.228392,0.219064,57736.9,1168.18,F
1333,1,HappyBirthday,616,5840.11,F,1,0.00011496,0.567245,1981.84,0.0491124,F
1334,1,HappyBirthday,110,5110.13,F,1,0.00266799,0.0485982,145.394,1.12083,F
1335,1,HappyBirthday,501,20440.4,F,1,0.00201897,1.40974,0.0671074,0.62844,F
1336,1,HappyBirthday,519,9125.7,F,1,0.278243,0.350278,670.224,204.861,F
1336,1,HappyBirthday,927,21170.7,M,1,0.0397699,1.14774,11.4474,13.3401,F
1336,1,Births,1586,0,F,0,0,0.114828,0,0,F
1337,1,HappyBirthday,83,5475.19,F,1,0.135552,0.154837,1364.59,80.0282,F
1337,1,HappyBirthday,310,10220.8,F,1,0.47039,0.293227,61.4329,241.937,F
1337,1,HappyBirthday,1301,2555,F,1,0.0135581,0.164941,54.8106,4.63187,F
1337,1,HappyBirthday,379,16425.8,F,1,0.00045787,0.439159,0.0075438,0.142255,F
1337,1,HappyBirthday,1034,4745,M,1,0.0720548,0.368741,0.690881,23.2596,F
1338,1,HappyBirthday,25,5110.06,M,1,0.00437793,0.350769,67.4261,1.75906,F
1338,1,HappyBirthday,991,19710.8,M,1,0.00618503,1.761,3078.25,9.03881,F
1339,1,HappyBirthday,883,11680.6,F,1,0.000197067,0.200242,0.0291986,0.061175,F
1340,1,HappyBirthday,1261,2920,M,1,0.494474,0.183736,131.925,212.445,F
1340,1,HappyBirthday,396,8395.19,F,1,0.481599,0.66804,5.3636,207.505,F
1340,1,HappyBirthday,1121,4015,F,1,0.269308,2.58179,318.658,98.3814,F
1341,1,HappyBirthday,196,8760.87,M,1,0.0199624,7.6079,49.4894,6.26816,F
1341,1,HappyBirthday,1122,4015,M,1,0.1398,1.2558,0.578596,46.9036,F
1341,1,HappyBirthday,1465,1095,M,1,0.000392598,0.0111066,128.736,0.143571,F
1341,1,HappyBirthday,1262,2920,F,1,0.00060634,1.02404,2.71938,0.18855,F
1341,1,HappyBirthday,471,11315.4,M,1,0.348812,0.629738,4143.53,700,F
1343,1,HappyBirthday,323,6935.32,M,1,0.236023,0.850774,115.407,98.0352,F
1344,1,HappyBirthday,160,9855.22,M,1,0.0127201,2.68238,4.2376,4.00414,F
1344,1,HappyBirthday,294,6205.07,M,1,0.0077397,0.462171,24.3978,2.59155,F
1344,1,HappyBirthday,1506,730,M,1,0.00565821,0.0152213,181.105,2.25686,F
1345,1,HappyBirthday,544,5110.89,F,1,0.00509311,0.0235854,45.146,1.89535,F
1345,1,HappyBirthday,545,31755.3,F,1,0.0118784,14.9602,1.43832,3.71902,F
1346,1,HappyBirthday,512,11315,F,1,0.000105498,0.288991,56.5391,0.0337234,F
1346,1,HappyBirthday,969,12410.7,M,1,0.0200233,2.34929,47.4362,6.71617,F
1347,1,HappyBirthday,5,28835.6,M,1,0.00282676,0.1294,1264.45,0.996262,F
1347,1,HappyBirthday,458,5110.13,F,1,0.000613579,1.47161,12.5415,0.191175,F
1347,1,HappyBirthday,1001,5110.39,M,1,0.000910713,0.102979,36.2482,0.296708,F
1348,1,HappyBirthday,277,21900.8,F,1,0.221379,6.42562,443.031,202.765,F
1348,1,HappyBirthday,1263,2920,M,1,0.060008,0.600013,11.6572,20.2452,F
1348,1,HappyBirthday,1431,1460,F,1,0.0461118,0.204702,233.192,15.7183,F
1349,1,HappyBirthday,1124,4015,F,1,0.582356,2.92252,2.02365,271.37,F
1350,1,HappyBirthday,1386,1825,F,1,0.201075,0.425013,37013.6,733.899,F
1352,1,HappyBirthday,1126,4015,F,1,0.00716858,1.99873,28.4021,2.3241,F
1352,1,HappyBirthday,724,6935.92,M,1,0.0189988,1.40921,3.57138,6.04893,F
1352,1,HappyBirthday,1125,4015,F,1,0.00533464,1.81596,0.0247406,1.66232,F
1353,1,HappyBirthday,679,12775.9,F,1,0.0473099,43.0128,95.6022,15.461,F
1355,1,HappyBirthday,1466,1095,M,1,0.811335,0.0390441,1626.48,1806.16,F
1355,1,HappyBirthday,548,9125.57,F,1,2.07575e-05,0.0161938,0,0.0064488,F
1355,1,HappyBirthday,932,35770.9,F,1,0.724288,1.66907,27.639,401.444,F
1356,1,HappyBirthday,99,5840.81,F,1,0.00155549,4.97557,0.465803,0.4841,F
1356,1,HappyBirthday,694,16425.9,M,1,0.00185977,1.13515,165.378,0.948579,F
1356,1,HappyBirthday,743,7665.29,F,1,0.00176597,0.902242,58.6718,0.562115,F
1356,1,HappyBirthday,839,12410.6,M,1,0.0782703,7.61826,11.2387,25.3684,F
1357,1,HappyBirthday,1343,2190,M,1,9.05573e-05,0.104766,89983.4,0.341073,F
1357,1,HappyBirthday,595,32485.3,F,1,0.000284689,9.00166,869.625,0.0966942,F
1358,1,HappyBirthday,1036,4745,F,1,1.43574e-05,0.120616,14839.8,0.00752836,F
1358,1,HappyBirthday,1344,2190,M,1,0.25058,0.54048,853.494,177.026,F
1359,1,HappyBirthday,4,22265.5,M,1,4.05491e-05,0.108111,0.434344,0.0126194,F
1360,1,HappyBirthday,90,35040.4,F,1,0.582308,0.637908,4.46467,273.277,F
1360,1,HappyBirthday,1302,2555,F,1,0.121211,0.150102,102.265,47.5962,F
1361,1,HappyBirthday,38,5475.4,F,1,0.0630987,0.072102,4679.47,25.6795,F
1361,1,HappyBirthday,59,7300.86,F,1,1.01917e-05,0.239959,0.975599,0.00320346,F
1361,1,HappyBirthday,242,29930.9,F,1,0.0538569,26.1755,1555.62,21.1153,F
1361,1,HappyBirthday,1127,4015,F,1,0.0772145,0.0281402,35.978,25.0029,F
1362,1,HappyBirthday,477,14235.2,F,1,0.030163,0.610724,292.51,9.70596,F
1362,1,HappyBirthday,717,31755.3,M,1,0.0147283,0.334372,1.66805,4.6115,F
1362,1,HappyBirthday,917,17885.7,F,1,0.0273042,1.24006,0.0033118,8.60264,F
1363,1,HappyBirthday,1507,730,M,1,0.002243,0.123988,8.67733,0.719388,F
1363,1,HappyBirthday,950,20075.3,M,1,0.138204,2.04655,0.254448,46.2252,F
1364,1,HappyBirthday,1544,365,M,1,0.0743962,0.0526925,4809.66,55.98,F
1364,1,HappyBirthday,800,5840.31,F,1,0.00160514,0.383497,182.503,0.504623,F
1364,1,HappyBirthday,1387,1825,F,1,0.0482757,2.42166,11.3062,16.0652,F
1364,1,HappyBirthday,1170,3650,M,1,7.18013e-05,0.874159,11321.5,0.52647,F
1366,1,HappyBirthday,1304,2555,F,1,0.0745141,0.800427,28.924,24.1504,F
1366,1,HappyBirthday,1219,3285,F,1,0.00626027,0.919219,7.2763,1.95488,F
1366,1,HappyBirthday,1265,2920,F,1,0.00141989,0.0164744,3.19897,0.441783,F
1366,1,HappyBirthday,1171,3650,F,1,0.00310909,1.84182,92.9781,1.04606,F
1367,1,HappyBirthday,670,17520.3,M,1,0.0176742,0.761304,0.220549,5.54465,F
1368,1,HappyBirthday,508,11680.3,F,1,0.0025009,0.386902,2164.21,0.873162,F
1368,1,HappyBirthday,1467,1095,M,1,0.000226127,0.0482189,14.7416,0.0712791,F
1368,1,HappyBirthday,985,8395.03,M,1,0.00168643,0.132472,2.0643,0.524792,F
1369,1,HappyBirthday,1266,2920,M,1,0.182723,21.612,7.09807,62.7589,F
1369,1,HappyBirthday,168,15330,F,1,0.00512618,1.3447,11.2428,1.62219,F
1369,1,HappyBirthday,179,10585.1,M,1,2.67822e-05,0.269601,3047.53,0.0384682,F
1369,1,HappyBirthday,427,7665.15,F,1,0.00903443,0.0232699,112.323,3.73212,F
1369,1,HappyBirthday,571,14600.6,F,1,0.00332694,30.3973,1457.96,1.05937,F
1369,1,HappyBirthday,827,9855.95,F,1,0.000431229,0.914037,6.14e-05,0.134136,F
1370,1,HappyBirthday,252,6935.19,F,1,0.810574,0.209753,0.74424,517.093,F
1370,1,HappyBirthday,739,27010.9,F,1,0.0135676,0.408574,0.0052964,4.24517,F
1370,1,HappyBirthday,853,15330.3,F,1,0.209633,0.262327,32.3133,78.8527,F
1371,1,HappyBirthday,1388,1825,F,1,0.00966734,0.110138,7526.32,24.6057,F
1372,1,HappyBirthday,18,16790.7,M,1,0.0303505,3.10018,7.96e-05,9.57708,F
1372,1,HappyBirthday,1509,730,M,1,0.0231765,0.717145,260.171,8.70429,F
1373,1,HappyBirthday,131,14235,F,1,0.00587608,8.9945,42.2347,1.94129,F
1373,1,HappyBirthday,1221,3285,M,1,0.0126962,3.40361,5320.98,6.23725,F
1373,1,HappyBirthday,392,22995.1,F,1,0.0604276,3.54756,0.257126,19.3789,F
1373,1,HappyBirthday,528,7665.58,M,1,0,0.514975,32.3371,0,F
1373,1,HappyBirthday,742,8395.81,F,1,0.000131261,0.530986,38.0258,0.0414908,F
1373,1,HappyBirthday,1510,730,F,1,0.023195,0.0700219,1905.48,52.6804,F
1375,1,HappyBirthday,98,17155.3,M,1,0.0242126,0.501239,174.059,10.6485,F
1375,1,HappyBirthday,1545,365,F,1,0.0557205,0.494194,73.3568,23.6587,F
1376,1,HappyBirthday,1546,365,M,1,0.00953387,1.70904,173.593,4.59719,F
1376,1,HappyBirthday,658,9855.52,F,1,0.425721,0.184857,283.263,240.034,F
1376,1,HappyBirthday,787,12410.9,F,1,0.0055501,0.979733,50.6642,1.73924,F
1376,1,HappyBirthday,1172,3650,M,1,0.129802,3.8847,3061.51,181.918,F
1378,1,HappyBirthday,452,17520.4,F,1,0.000738923,2.10283,1715.75,0.456101,F
1378,1,HappyBirthday,1468,1095,F,1,0.000463091,0.100136,42.5211,0.151223,F
1379,1,HappyBirthday,1345,2190,M,1,0.0344454,0.899485,670.341,21.4087,F
1379,1,HappyBirthday,1130,4015,M,1,0.00489597,0.466422,717.261,2.2403,F
1379,1,HappyBirthday,412,8760.56,M,1,0.000719728,1.25464,0.586347,0.22389,F
1379,1,HappyBirthday,1432,1460,M,1,1.74705e-05,0.00387844,215316,0.18189,F
1380,1,HappyBirthday,497,12045.8,F,1,0.0480078,3.37768,10.6112,15.5522,F
1381,1,HappyBirthday,1547,365,F,1,0.706897,0.0998562,180.197,420.725,F
1381,1,HappyBirthday,672,12775.5,M,1,0.0205825,0.296011,1023.5,6.67693,F
1381,1,Births,1587,0,M,0,0,0.842148,0,0,F
1382,1,HappyBirthday,1267,2920,F,1,0.000114371,0.574148,12431.4,0.137054,F
1383,1,HappyBirthday,622,7665.69,F,1,0.0994708,1.36238,37.469,37.0874,F
1384,1,HappyBirthday,64,9125.04,M,1,0.00301125,0.30062,8.70582,0.937601,F
1384,1,HappyBirthday,1390,1825,M,1,0.000132299,3.74916,12402,1.06739,F
1384,1,HappyBirthday,1433,1460,F,1,0.0108824,0.0601011,11578.6,5.06667,F
1384,1,HappyBirthday,373,8760.93,M,1,0.00141108,0.353671,1.14852,0.441783,F
1384,1,HappyBirthday,1548,365,M,1,0.560135,0.0227854,3712.69,1108.7,F
1384,1,HappyBirthday,656,22630.5,M,1,0.777692,3.49205,23.9588,467.575,F
1384,1,HappyBirthday,886,10950.8,M,1,0.0629746,0.321025,0.12103,20.2241,F
1386,1,HappyBirthday,1000,21170.5,M,1,0.106806,0.140238,535.718,106.486,F
1386,1,HappyBirthday,1305,2555,M,1,0.0701935,0.982639,346.813,31.0401,F
1387,1,HappyBirthday,349,13870.6,M,1,0.0159212,2.13992,41.4366,5.2993,F
1387,1,HappyBirthday,479,5840.73,F,1,0.0103142,0.220606,0.343074,3.22219,F
1387,1,HappyBirthday,1222,3285,M,1,0.182559,0.209552,91.6438,70.8485,F
1387,1,HappyBirthday,755,11315.2,M,1,0.0306314,2.57469,7.418,9.7098,F
1387,1,HappyBirthday,866,11680.7,F,1,0.0141521,6.91638,18.8787,4.55767,F
1387,1,HappyBirthday,1268,2920,M,1,0.0773476,0.254344,0.760599,25.0432,F
1388,1,HappyBirthday,234,12410.8,F,1,0.0258896,0.735911,0.3332,8.16389,F
1388,1,HappyBirthday,731,13140.8,M,1,0.0312773,0.0534609,84.6682,9.87767,F
1388,1,HappyBirthday,763,13505.4,M,1,0.000296761,0.368513,1.63532,0.0922806,F
1389,1,HappyBirthday,1306,2555,M,1,0.790516,0.228056,282.089,930.457,F
1389,1,HappyBirthday,312,5840.1,M,1,0.00647988,19.2507,266.814,2.13308,F
1389,1,HappyBirthday,411,12775.1,M,1,0.0200657,2.19823,2.3045,6.30201,F
1390,1,HappyBirthday,466,18250.5,M,1,0.0380626,0.0549034,228.755,13.4204,F
1390,1,HappyBirthday,558,7665.19,M,1,0.0016571,0.10675,0.0001186,0.515291,F
1390,1,HappyBirthday,1549,365,F,1,0.652224,0.0840884,4123.23,457.693,F
1390,1,HappyBirthday,729,7665.96,M,1,0.0747109,0.617209,118.018,24.2938,F
1390,1,HappyBirthday,745,6205.36,F,1,0.00218192,10.826,268.884,1.0009,F
1390,1,HappyBirthday,1469,1095,M,1,0.000149696,0.0930552,345.527,0.0744961,F
1390,1,HappyBirthday,1550,365,M,1,0.408946,0.853478,4567.4,297.972,F
1390,1,HappyBirthday,983,7300.37,F,1,0.00500876,0.432904,390.749,2.49237,F
1391,1,HappyBirthday,68,11680.5,M,1,0.00274596,0.28538,7.57598,0.854635,F
1391,1,HappyBirthday,461,13870.8,M,1,0.00117498,2.84286,4.40722,0.365239,F
1391,1,HappyBirthday,1346,2190,M,1,0.0893657,1.09459,0.904044,29.1254,F
1391,1,HappyBirthday,1511,730,F,1,0.134673,0.487909,81768,1770.2,F
1391,1,HappyBirthday,1074,4380,F,1,0.0127969,0.172084,526.125,7.08311,F
1392,1,HappyBirthday,113,28470.6,M,1,0.000471509,1.39269,148.773,0.179983,F
1392,1,HappyBirthday,1391,1825,M,1,0.00427089,1.84397,683.251,1.73747,F
1393,1,HappyBirthday,109,18615.4,M,1,0.0072688,0.455256,4267.05,12.2962,F
1394,1,HappyBirthday,1223,3285,F,1,0.499775,0.0576829,4512.28,636.861,F
1394,1,HappyBirthday,1269,2920,M,1,0.00191096,0.903337,28.8792,0.622562,F
1394,1,HappyBirthday,949,9125.87,M,1,0.0189674,0.0967736,2.73705,5.95215,F
1395,1,HappyBirthday,1551,365,F,1,0.408832,0.0511904,4566.46,1207.21,F
1395,1,HappyBirthday,286,9855.39,M,1,3.98038e-05,3.62122,40.6557,0.0125248,F
1395,1,HappyBirthday,488,15330.2,F,1,0.280399,0.0243694,5344.37,150.458,F
1395,1,HappyBirthday,709,10220.2,F,1,0.00388197,6.5486,0.920725,1.21087,F
1395,1,HappyBirthday,792,27010,F,1,0.0021159,0.391959,223.79,0.738887,F
1395,1,HappyBirthday,831,14235.8,F,1,0.240705,0.163141,1429.01,87.4682,F
1395,1,Births,1588,0,F,0,0,4.2826,0,0,F
1396,1,HappyBirthday,1224,3285,F,1,0.0137807,3.92566,1125.55,19.4154,F
1397,1,HappyBirthday,1347,2190,F,1,0.0139913,0.157388,258.811,6.02501,F
1397,1,HappyBirthday,692,5840.47,M,1,0.30134,3.16087,33.3612,115.594,F
1397,1,HappyBirthday,1040,4745,M,1,0.0186795,1.01494,89.1299,8.14065,F
1398,1,HappyBirthday,244,14600.1,M,1,0.00360883,0.223228,376.776,1.73444,F
1398,1,HappyBirthday,440,32485.7,M,1,0.00459068,1.51387,1116.4,1.43487,F
1398,1,HappyBirthday,638,13505.2,M,1,0.0137114,0.994261,43.8981,5.17475,F
1398,1,HappyBirthday,795,8395.67,M,1,0.01698,2.38244,110.042,7.31199,F
1398,1,HappyBirthday,868,10951,F,1,0.000422675,1.18172,48.6678,0.136401,F
1399,1,HappyBirthday,329,7665.66,M,1,8.95408e-06,2.64411,11444,0.0103326,F
1399,1,HappyBirthday,740,10585.9,M,1,0.198281,0.519584,6.37893,68.8112,F
1400,1,HappyBirthday,157,8760.51,F,1,0.100303,3.03601,73.1248,36.7022,F
1400,1,HappyBirthday,606,11680.5,F,1,0.100195,2.77698,157.063,40.6113,F
1400,1,HappyBirthday,1392,1825,M,1,0.00199487,0.0635859,12.763,0.657806,F
1400,1,Births,1589,0,M,0,0,0.0365233,0,0,F
1401,1,HappyBirthday,278,13870.2,M,1,0.0010086,1.93302,0.768479,0.31372,F
1401,1,HappyBirthday,1131,4015,M,1,0.0819043,0.114172,377.82,42.7969,F
1401,1,HappyBirthday,1270,2920,F,1,0.748329,0.126121,132.333,518.916,F
1402,1,HappyBirthday,1226,3285,M,1,2.73503e-05,4.5795,25739.1,0.142487,F
1402,1,HappyBirthday,1132,4015,F,1,0.000464472,3.50128,1019.51,0.347409,F
1402,1,HappyBirthday,366,33945.5,M,1,0.000162852,2.86542,1549.66,0.0661842,F
1403,1,HappyBirthday,272,8030.69,F,1,0.0168248,0.254315,46.1445,5.62322,F
1403,1,HappyBirthday,436,13505.2,F,1,0.003663,0.190329,17.5124,1.16428,F
1403,1,HappyBirthday,525,5110.04,M,1,0.000186639,0.0313606,955.812,0.278067,F
1404,1,HappyBirthday,1512,730,M,1,0.000354568,0.10204,0.168659,0.110509,F
1404,1,HappyBirthday,465,5840.49,M,1,0.00118838,1.04261,0.0592831,0.369779,F
1404,1,HappyBirthday,623,21170.6,F,1,0.000551904,0.178417,21519.9,0.360377,F
1404,1,HappyBirthday,847,6570.4,F,1,0.0848904,8.37743,43.2728,28.7431,F
1405,1,HappyBirthday,756,17155.6,F,1,0.204799,3.76273,0.09976,71.2201,F
1405,1,HappyBirthday,922,12410,F,1,0.0167466,5.10253,605.242,5.631,F
1406,1,HappyBirthday,78,5840.57,M,1,0.00119225,0.338943,0.832865,0.371089,F
1406,1,HappyBirthday,1133,4015,M,1,0.00703763,2.70652,3625.23,2.74026,F
1406,1,HappyBirthday,354,13140.6,F,1,0.00297139,1.47516,62.5096,0.9293,F
1406,1,HappyBirthday,1227,3285,M,1,0.0699354,0.0466613,10307.9,236.699,F
1406,1,HappyBirthday,1041,4745,M,1,0.0115441,0.871997,37.5608,3.80741,F
1407,1,HappyBirthday,27,21535,M,1,0,0.00563664,0.006232,0,F
1407,1,HappyBirthday,1134,4015,M,1,0.0410585,1.11843,313.56,26.4546,F
1407,1,HappyBirthday,1076,4380,M,1,0.0319117,0.078622,112.768,11.703,F
1408,1,HappyBirthday,140,11680.3,M,1,2.55173e-05,1.36586,0.392143,0.0079472,F
1408,1,HappyBirthday,1175,3650,M,1,0.458171,0.133711,13655.7,370.068,F
1408,1,HappyBirthday,1513,730,F,1,0.0189336,0.157786,7.22311,6.02488,F
1408,1,HappyBirthday,1349,2190,M,1,0.046051,0.0672306,1.84516,14.7856,F
1408,1,HappyBirthday,1472,1095,F,1,0.5389,0.34526,8309.84,1770.32,F
1408,1,HappyBirthday,600,5475.79,M,1,0.00214157,0.167384,34.3509,0.705797,F
1408,1,HappyBirthday,1043,4745,M,1,4.46376e-05,0.659842,1110.37,0.0164041,F
1409,1,HappyBirthday,82,25915.1,M,1,0.0133562,0.448348,953.34,10.1715,F
1409,1,HappyBirthday,1272,2920,M,1,9.90394e-06,0.166311,15631.3,0.0767458,F
1409,1,HappyBirthday,430,9490.63,F,1,0.00745098,0.565491,1.10286,2.33561,F
1410,1,HappyBirthday,48,13140.6,F,1,0.0101034,0.0783008,2.35438,3.15516,F
1410,1,HappyBirthday,173,27740.9,F,1,0.132505,1.44127,11.8111,44.3312,F
1410,1,HappyBirthday,273,20075.2,F,1,0.0403906,2.92269,2074.17,17.3424,F
1410,1,HappyBirthday,1273,2920,F,1,0.0281067,1.57234,9.74732,9.28427,F
1410,1,HappyBirthday,632,35770.4,M,1,0.00154289,0.223317,277.403,0.483694,F
1410,1,HappyBirthday,928,20805.2,F,1,0.537896,1.58485,0.313418,239.976,F
1410,1,Births,1590,0,F,0,0,0.00691731,0,0,F
1411,1,HappyBirthday,1136,4015,F,1,0.00105737,0.366617,1336.51,0.405572,F
1411,1,HappyBirthday,518,17520.2,F,1,0.0885196,1.97741,3394.25,98.3816,F
1411,1,HappyBirthday,523,10950.9,F,1,0.0432903,0.26425,6605.7,17.7209,F
1412,1,HappyBirthday,371,5840.76,M,1,0.303232,1.83928,0.223996,112.285,F
1412,1,HappyBirthday,653,8760.38,M,1,0.00020717,0.472665,1286.01,0.0796116,F
1412,1,HappyBirthday,664,9490.47,M,1,0.00414233,1.71581,31.1945,1.29429,F
1412,1,HappyBirthday,712,18250.2,F,1,0.0032332,1.5605,0.946105,1.00661,F
1412,1,HappyBirthday,1393,1825,M,1,0.162722,0.305646,56.8728,68.7326,F
1412,1,HappyBirthday,1137,4015,M,1,0.0104532,0.276388,0.0442552,3.26544,F
1412,1,HappyBirthday,838,7665.68,M,1,0.0108703,1.91506,1018.54,3.74133,F
1412,1,HappyBirthday,965,7665.67,F,1,0.00409301,1.0833,40.9919,1.27843,F
1412,1,HappyBirthday,992,6570.86,M,1,0.00167315,14.8412,0.000752981,0.520423,F
1413,1,HappyBirthday,250,16790.3,M,1,7.81991e-06,0.259137,4.13385,0.0024474,F
1413,1,HappyBirthday,559,7300.1,F,1,0.00188714,0.257274,18.2806,0.591976,F
1414,1,HappyBirthday,1228,3285,F,1,0.00665556,0.233579,5.14141,2.12878,F
1414,1,HappyBirthday,303,6935.26,F,1,0,0.544153,11.4009,0,F
1415,1,HappyBirthday,1274,2920,M,1,0.0214582,1.07328,1396.87,45.2073,F
1415,1,HappyBirthday,347,11315.4,F,1,0.00402581,0.548935,0.0142212,1.25392,F
1415,1,HappyBirthday,570,12410.4,M,1,0,0.0543033,0,0,F
1416,1,HappyBirthday,450,5110.77,F,1,0.412591,1.0692,2.43634,166.926,F
1416,1,HappyBirthday,601,6205.33,M,1,0.00162112,14.9142,0.250498,0.50441,F
1416,1,HappyBirthday,1229,3285,F,1,0.00310479,0.093286,0.0560501,0.966198,F
1417,1,HappyBirthday,771,19345.7,F,1,0.000410241,0.375575,0.99676,0.127682,F
1417,1,HappyBirthday,842,21170.9,M,1,0.000969726,0.467844,3.94948,0.302019,F
1418,1,HappyBirthday,1139,4015,M,1,0.00835431,4.86771,8789.55,3.54681,F
1418,1,HappyBirthday,275,30295.3,F,1,0.0512597,1.46656,1.44199,16.3812,F
1418,1,HappyBirthday,315,7665.62,M,1,0.00128711,0.474956,0.070895,0.400209,F
1418,1,HappyBirthday,500,12410,M,1,0.00344817,0.0658818,0.0226132,1.07356,F
1418,1,HappyBirthday,1138,4015,F,1,0.000161394,2.12406,6135.21,0.404892,F
1418,1,HappyBirthday,916,25915,F,1,0.00121788,0.223351,8.14714,0.384332,F
1419,1,HappyBirthday,1552,365,F,1,0.726141,0.0753698,211.266,485.425,F
1420,1,HappyBirthday,1078,4380,F,1,0.0623142,2.78303,1.03797,19.9971,F
1421,1,HappyBirthday,1395,1825,F,1,0.0178262,22.1004,134.323,7.01684,F
1421,1,HappyBirthday,1275,2920,M,1,9.77406e-05,0.244784,2.36467,0.0307069,F
1421,1,HappyBirthday,1434,1460,M,1,7.12475e-05,21.0158,64115.4,0.768361,F
1422,1,HappyBirthday,432,16425.9,F,1,0.0578063,0.589138,25.9333,18.5067,F
1422,1,HappyBirthday,492,5110.67,F,1,0.0102511,0.987289,0.66844,3.20236,F
1422,1,HappyBirthday,1140,4015,F,1,0.000371323,0.185257,50149.4,0.595702,F
1422,1,HappyBirthday,1350,2190,F,1,0.0848998,2.23392,5816.04,31.9205,F
1423,1,HappyBirthday,211,19345.6,M,1,0.0380605,0.205409,2.25213,12.0788,F
1423,1,HappyBirthday,339,14965.6,M,1,0.0282145,5.72058,321.199,9.46748,F
1423,1,HappyBirthday,529,16425.6,F,1,0.0181354,0.0427921,0.676567,5.69118,F
1424,1,HappyBirthday,191,5110.32,F,1,0.0010879,0.180104,0.458456,0.338619,F
1426,1,HappyBirthday,1396,1825,F,1,0.00175195,3.09013,47.8369,0.589187,F
1427,1,HappyBirthday,1141,4015,M,1,0.000426029,0.702504,7.50562,0.13381,F
1427,1,HappyBirthday,852,7665.57,M,1,0.0139702,8.34176,27.0062,4.5366,F
1427,1,HappyBirthday,1230,3285,F,1,0.00123413,1.09218,0.00530308,0.384072,F
1428,1,HappyBirthday,424,20075.9,M,1,0.00230543,0.14193,128.273,0.743465,F
1428,1,HappyBirthday,1080,4380,M,1,0.00643853,0.732252,1096.47,2.11008,F
1429,1,HappyBirthday,1276,2920,F,1,7.27189e-05,0.117124,2530.23,0.0574497,F
1429,1,HappyBirthday,1231,3285,F,1,0.0120328,0.386982,26.2498,4.11958,F
1430,1,HappyBirthday,1397,1825,M,1,0.559816,0.126102,703.015,330.366,F
1430,1,HappyBirthday,924,17155.3,F,1,0.0169215,0.135432,11.2866,5.60693,F
1431,1,HappyBirthday,2,16425.4,M,1,0.000136617,3.76256,67.19,0.053727,F
1431,1,HappyBirthday,1398,1825,M,1,0.0383504,1.3398,10.5731,12.7481,F
1431,1,HappyBirthday,309,6935.8,F,1,3.15135e-06,1.47918,17.8185,0.00100652,F
1432,1,HappyBirthday,1045,4745,F,1,0.00404909,0.442013,16.2719,1.29374,F
1432,1,HappyBirthday,1178,3650,M,1,0.00730567,0.3812,192.354,3.4544,F
1432,1,HappyBirthday,1142,4015,F,1,0.00760449,0.168398,15960.9,34.2986,F
1433,1,HappyBirthday,231,9855.46,F,1,0.364592,0.349134,6.31224,141.963,F
1433,1,HappyBirthday,1179,3650,F,1,0.00562133,0.0838923,1.17243,1.75284,F
1435,1,HappyBirthday,199,9490.64,F,1,0.000971908,0.999785,60.5574,0.328227,F
1435,1,HappyBirthday,686,20805.5,F,1,0.000962466,0.486646,0,0.299369,F
1435,1,HappyBirthday,1307,2555,F,1,0.0015008,0.166778,264.265,0.65313,F
1436,1,HappyBirthday,1514,730,M,1,0.000516262,0.0568253,15.9037,0.168285,F
1436,1,HappyBirthday,442,16060.5,M,1,0.0594698,4.56524,23.7507,19.2769,F
1436,1,HappyBirthday,786,24455.3,F,1,0.000574707,2.14853,428.008,0.464242,F
1436,1,HappyBirthday,1308,2555,F,1,0.000421238,0.273663,2226.95,0.562398,F
1437,1,HappyBirthday,813,7300.14,M,1,0.00166273,0.715362,48.3396,0.523784,F
1438,1,HappyBirthday,150,26645.4,M,1,0.0723397,0.698489,151.119,35.6726,F
1438,1,HappyBirthday,239,34310.7,M,1,0.00166951,0.280089,3.9144,0.519417,F
1438,1,HappyBirthday,1180,3650,F,1,5.23768e-05,3.31563,12943.5,0.0769685,F
1438,1,HappyBirthday,433,29200.3,M,1,0.00115288,1.33258,0.875436,0.360008,F
1438,1,HappyBirthday,583,15330.7,M,1,0.000726707,19.1297,3.74798,0.226933,F
1439,1,HappyBirthday,241,22265.4,F,1,7.34241e-06,0.458915,0.53565,0.002297,F
1439,1,HappyBirthday,1553,365,M,1,0.661104,0.0559827,502.812,1138.28,F
1439,1,HappyBirthday,569,12045.1,M,1,0.00191805,9.1193,0.033428,0.596687,F
1439,1,HappyBirthday,1233,3285,F,1,0.000271233,0.0802598,44.5814,0.0983547,F
1439,1,HappyBirthday,823,13140.9,M,1,0.131932,2.56203,134.672,52.8479,F
1439,1,Births,1591,0,F,0,0,0.0432877,0,0,F
1440,1,Births,1592,0,F,0,0,0.115188,0,0,F
1440,1,Births,1593,0,F,0,0,0.196595,0,0,F
1441,1,HappyBirthday,219,10585.3,F,1,0.00035424,0.745308,0.0100954,0.110271,F
1442,1,HappyBirthday,640,10950.9,M,1,0.00982641,4.48547,26.7602,3.0701,F
1443,1,HappyBirthday,328,17520.4,F,1,0.336717,0.27158,297.07,127.646,F
1443,1,HappyBirthday,1399,1825,F,1,0.00250174,8.09081,11.1287,0.792951,F
1443,1,HappyBirthday,579,9490.32,M,1,0.040993,0.253181,0.011397,13.0079,F
1443,1,HappyBirthday,765,35040.1,M,1,0.0129167,0.194409,104.579,5.5773,F
1443,1,Births,1594,0,F,0,0,0.0357458,0,0,F
1444,1,HappyBirthday,660,5110.5,F,1,0.00928349,22.463,24.4982,2.90666,F
1444,1,HappyBirthday,912,18615.3,M,1,0.0179587,0.199411,150.113,6.65719,F
1444,1,HappyBirthday,930,11680.8,M,1,0,0.518774,54.952,0,F
1445,1,HappyBirthday,119,16425.9,M,1,0.0194476,0.0466273,510.069,10.0664,F
1445,1,HappyBirthday,448,7300.45,F,1,0.106967,9.37744,5.34794,35.3606,F
1445,1,HappyBirthday,634,7300.46,M,1,0,2.94886,98.0801,0,F
1445,1,HappyBirthday,825,17155.5,F,1,0.0273134,0.0888106,0.020117,8.60622,F
1445,1,HappyBirthday,1278,2920,F,1,0.245176,0.0705618,704.719,186.834,F
1445,1,HappyBirthday,1436,1460,F,1,0.0147762,0.27148,171.162,6.00383,F
1445,1,HappyBirthday,975,9855.19,M,1,0.0285648,7.82752,1.08152,9.01861,F
1445,1,HappyBirthday,1082,4380,F,1,0.672883,0.592934,1.32696,347.97,F
1446,1,HappyBirthday,663,36135.6,F,1,0.0653624,0.395899,26.1101,21.6162,F
1447,1,HappyBirthday,541,9125.81,M,1,0.133211,3.03516,21.4288,46.0121,F
1448,1,HappyBirthday,553,9855.41,F,1,1.0089e-05,10.6662,0.101719,0.0031336,F
1448,1,HappyBirthday,699,19345.2,F,1,0,1.83989,0.276455,0,F
1449,1,HappyBirthday,1437,1460,F,1,0.04339,1.77842,24054.4,130.013,F
1450,1,HappyBirthday,423,12045.2,M,1,0.00065878,2.1236,14.3125,0.213573,F
1450,1,HappyBirthday,934,17885.2,M,1,0.00204264,0.201215,8.99275,0.650948,F
1450,1,HappyBirthday,1182,3650,F,1,0.00069836,0.0676308,0.0241723,0.217033,F
1452,1,HappyBirthday,446,5475.34,F,1,0.0113736,4.77368,1.3896,3.55463,F
1452,1,HappyBirthday,1400,1825,M,1,0.155099,1.767,122272,1563.66,F
1452,1,Births,1595,0,F,0,0,0.162495,0,0,F
1453,1,HappyBirthday,1183,3650,M,1,0.00038739,3.62065,177.329,0.20907,F
1453,1,HappyBirthday,757,13140.1,M,1,0.000996957,0.19556,0.61385,0.310745,F
1454,1,HappyBirthday,138,10585.4,M,1,0.0936932,3.16727,468.736,90.2165,F
1454,1,HappyBirthday,359,7665.91,M,1,0.000396297,0.0319692,990.177,0.206341,F
1454,1,HappyBirthday,697,11680.7,M,1,0.0742129,2.43468,5.7723,23.9835,F
1455,1,HappyBirthday,1401,1825,F,1,0.885207,1.5281,96.8512,789.969,F
1455,1,HappyBirthday,507,8760.03,M,1,0.00532448,0.723516,358.355,1.72054,F
1456,1,HappyBirthday,178,11680.4,M,1,0.00239854,0.0775299,219.763,0.800454,F
1456,1,HappyBirthday,591,17885.2,M,1,0.00143937,1.44525,2.7513,0.449449,F
1457,1,HappyBirthday,80,6205.88,F,1,0.00175025,5.35516,2.20963,0.548146,F
1457,1,HappyBirthday,493,10585.6,F,1,0.0874085,9.09082,28.7832,28.9887,F
1457,1,HappyBirthday,539,8030.17,M,1,0.00146454,1.65996,0.0377618,0.455643,F
1457,1,HappyBirthday,1309,2555,F,1,0.235222,2.88892,17.0509,87.4189,F
1458,1,HappyBirthday,186,6205.55,M,1,0.0103043,0.361598,6.19345,3.23568,F
1458,1,HappyBirthday,1047,4745,F,1,0.00181457,0.593232,1213.15,1.37848,F
1458,1,HappyBirthday,1310,2555,F,1,0.0448237,0.168056,8.14967,14.5736,F
1458,1,HappyBirthday,626,11315.3,F,1,0.00016555,0.272946,158.409,0.0870748,F
1459,1,HappyBirthday,201,12045.4,F,1,0.000419871,0.922478,3.21384,0.132449,F
1459,1,HappyBirthday,348,13140,F,1,0.0093119,0.134928,139.269,3.35341,F
1460,1,HappyBirthday,566,12045,F,1,0.0227903,1.67088,16.7921,7.31846,F
1460,1,Births,1596,0,M,0,0,0.10884,0,0,F
1461,1,HappyBirthday,1048,4745,M,1,0.000182387,0.0381039,2359.26,0.554432,F
1461,1,HappyBirthday,335,14600.3,M,1,0.000119548,0.593359,13127.3,0.506135,F
1461,1,HappyBirthday,1402,1825,M,1,0.00313595,0.613259,34.0375,1.1075,F
1461,1,HappyBirthday,419,19345.3,M,1,0.0189767,0.528039,191.934,7.4736,F
1461,1,HappyBirthday,780,34310.4,M,1,0.000713407,4.52503,202.8,0.358254,F
1461,1,HappyBirthday,794,8760.75,F,1,0.000294847,0.00831489,0,0.0915932,F
1461,1,HappyBirthday,980,6570.46,F,1,0.0069012,0.119414,478.731,3.55007,F
1463,1,HappyBirthday,36,5475.89,F,1,0.0158319,0.297471,2684.04,53.1901,F
1463,1,HappyBirthday,163,6935.83,F,1,0.18086,0.422561,0.37909,62.016,F
1463,1,HappyBirthday,1049,4745,M,1,0.00293962,1.44195,22240.2,2.69058,F
1464,1,HappyBirthday,1554,365,F,1,0.528691,2.89918,2886.92,311.229,F
1464,1,HappyBirthday,486,22995.1,F,1,0.000604525,1.12885,1.08976,0.188767,F
1464,1,HappyBirthday,1145,4015,M,1,0.131108,0.14727,62.85,47.6568,F
1464,1,Births,1597,0,F,0,0,0.0633473,0,0,F
1465,1,HappyBirthday,325,11680.4,M,1,0.191914,3.50019,34.1464,69.8761,F
1465,1,HappyBirthday,388,27375.3,F,1,0.209118,1.34046,3079.18,121.796,F
1465,1,HappyBirthday,851,8030.46,F,1,0.0606587,0.578543,0.582685,19.4854,F
1466,1,HappyBirthday,1185,3650,M,1,0.246595,3.98708,1723.31,278.713,F
1466,1,HappyBirthday,1403,1825,F,1,0.0745999,0.392612,9.87122,24.2244,F
1466,1,HappyBirthday,1146,4015,F,1,0.0200298,1.35177,11700,134.704,F
1467,1,HappyBirthday,774,9855.07,F,1,0.0389819,6.66393,49.9215,14.604,F
1467,1,HappyBirthday,1085,4380,M,1,0.0860808,0.0741045,7.63028,27.9753,F
1468,1,HappyBirthday,1234,3285,M,1,0.00122227,0.246165,0.0851004,0.379939,F
1468,1,HappyBirthday,245,10220.8,F,1,0.0948606,0.173949,66.5486,31.5756,F
1468,1,HappyBirthday,1404,1825,F,1,0.00807967,1.46261,80.6735,3.27589,F
1468,1,HappyBirthday,972,27375.4,F,1,0.00102088,0.40484,30.4811,0.363185,F
1468,1,HappyBirthday,987,13870,M,1,0.0917934,0.330292,227.257,30.1587,F
1469,1,HappyBirthday,164,13870.8,M,1,0.00339914,2.37524,5116.77,2.70988,F
1469,1,HappyBirthday,1050,4745,F,1,0.134415,3.70141,22.6851,46.0238,F
1469,1,HappyBirthday,871,29930.1,F,1,0.002889,64.1188,1494.58,1.24118,F
1470,1,HappyBirthday,232,11315.9,M,1,0,0.901162,12.5527,0,F
1470,1,HappyBirthday,1002,5110,F,1,0.206262,0.864977,10264.7,254.365,F
1470,1,HappyBirthday,1312,2555,F,1,0.0119595,0.616288,0.99584,3.74536,F
1470,1,HappyBirthday,394,15695,F,1,0.00427065,73.4213,6.80638,1.33157,F
1470,1,HappyBirthday,1086,4380,F,1,0.000726801,4.48364,240.031,0.242971,F
1471,1,HappyBirthday,47,8395.53,M,1,0.000855003,0.625399,0.142865,0.265793,F
1471,1,HappyBirthday,1555,365,F,1,0.144399,0.608082,92216.5,1109.77,F
1471,1,HappyBirthday,1353,2190,M,1,0.306148,1.86432,6622.38,170.899,F
1471,1,HappyBirthday,887,14600.4,F,1,0.00195854,0.954851,98.0301,0.620969,F
1472,1,HappyBirthday,687,9125.89,M,1,0.0832896,0.42888,50.0862,27.8844,F
1473,1,HappyBirthday,1474,1095,F,1,0.10271,1.57516,0.956922,33.6942,F
1473,1,HappyBirthday,1405,1825,F,1,0.128057,0.570273,239.494,85.5051,F
1473,1,HappyBirthday,365,9125.77,F,1,0.00481178,7.06508,33.1847,1.66921,F
1473,1,HappyBirthday,540,32850.5,M,1,0.0186868,0.195943,40.8037,6.86132,F
1474,1,HappyBirthday,1314,2555,M,1,0.00369958,0.29006,2955.42,3.04224,F
1474,1,HappyBirthday,1313,2555,M,1,0.00714679,0.281633,754.181,2.35468,F
1474,1,HappyBirthday,998,6205.74,M,1,0.000449706,6.95632,60.4029,0.148951,F
1475,1,HappyBirthday,302,8760.72,F,1,0.00400621,5.0391,89.7361,1.25396,F
1475,1,HappyBirthday,1406,1825,M,1,0.00914097,0.0927282,2.13512,2.85594,F
1475,1,HappyBirthday,603,14965.4,F,1,0.00283003,3.00843,3661.51,4.65837,F
1475,1,HappyBirthday,718,10220.4,F,1,0.0773481,0.990782,395.339,25.0208,F
1475,1,HappyBirthday,906,26280.9,F,1,0.287731,0.130512,973.914,243.5,F
1476,1,HappyBirthday,1438,1460,M,1,0.040262,4.06517,37.2193,14.7527,F
1476,1,HappyBirthday,1407,1825,M,1,0.0225273,0.0196516,14.4699,7.25772,F
1477,1,HappyBirthday,1003,5110,F,1,3.81164e-06,0.189534,67.1416,0.0012931,F
1477,1,HappyBirthday,879,9490.23,F,1,0.000592242,0.609048,1.66565,0.184207,F
1478,1,HappyBirthday,1408,1825,F,1,0.109111,1.96215,431.536,58.6126,F
1478,1,HappyBirthday,546,6570.58,F,1,0.00686566,1.61887,4.40039,2.14376,F
1478,1,HappyBirthday,1516,730,F,1,0.00520441,0.78476,5.5763,1.64694,F
1479,1,HappyBirthday,112,6205.97,F,1,0.0353961,0.326362,0.00624234,11.1994,F
1479,1,HappyBirthday,195,23725.3,M,1,0.000976695,1.91064,1.25182,0.304438,F
1479,1,HappyBirthday,1354,2190,F,1,7.69262e-06,2.31434,6.07307,0.00241486,F
1479,1,HappyBirthday,1439,1460,M,1,0.0029185,0.648199,494.969,1.59795,F
1480,1,HappyBirthday,1147,4015,F,1,0.18438,3.88201,330.57,63.8714,F
1480,1,HappyBirthday,661,35405,M,1,0.83272,0.924891,16.181,556.447,F
1480,1,HappyBirthday,732,7300.6,M,1,0.0350713,0.41004,0.316678,11.0961,F
1480,1,HappyBirthday,738,10950.9,M,1,0.00334619,1.82964,21.2907,1.04309,F
1480,1,HappyBirthday,1279,2920,F,1,0.191675,7.38645,22734.6,1363.06,F
1481,1,HappyBirthday,1004,5110,F,1,0.00319079,0.566115,11.7557,1.00286,F
1482,1,HappyBirthday,628,6935.88,M,1,0.000123677,0.989983,18.2419,0.0388295,F
1482,1,HappyBirthday,1087,4380,M,1,0.000654735,1.55474,0.0248285,0.203708,F
1483,1,HappyBirthday,317,19345.3,M,1,0.0405695,17.6173,1.85241,12.9741,F
1483,1,HappyBirthday,1052,4745,F,1,0.0025545,0.09719,0.108585,0.794823,F
1483,1,HappyBirthday,890,8395.88,F,1,0.0936061,0.783374,3.95495,30.6049,F
1484,1,HappyBirthday,230,19345.2,M,1,0.00916641,1.01414,0.0591682,2.8624,F
1484,1,HappyBirthday,426,17885.8,M,1,0.000939968,5.46283,2.56187,0.295076,F
1484,1,HappyBirthday,1355,2190,F,1,0.155803,0.169586,57.9929,59.9367,F
1484,1,HappyBirthday,862,18250.6,F,1,0.0787338,5.81534,8.63525,26.4168,F
1484,1,HappyBirthday,891,13140.7,M,1,0.00178969,0.126378,12.8336,0.567425,F
1485,1,HappyBirthday,13,25915.9,F,1,0.0350411,0.112121,524.949,20.6332,F
1485,1,HappyBirthday,20,12045.8,M,1,0.0611586,2.18286,0.33923,19.6226,F
1486,1,HappyBirthday,29,9125.41,M,1,0.000254401,0.6314,0.0694324,0.0790136,F
1486,1,HappyBirthday,678,14600.9,F,1,0.0296592,2.92378,609.539,17.529,F
1486,1,HappyBirthday,1517,730,F,1,0.000398821,0.0984034,121223,3.20241,F
1486,1,HappyBirthday,1088,4380,M,1,0.00870542,0.283357,5483.64,5.51673,F
1486,1,Births,1598,0,M,0,0,0.00992155,0,0,F
1487,1,HappyBirthday,121,25185.5,F,1,0.140307,0.0286658,0.229455,46.9861,F
1487,1,HappyBirthday,391,5840.76,M,1,0.130768,2.03089,0.00402258,43.552,F
1487,1,HappyBirthday,1280,2920,F,1,0.494076,1.82964,48.2643,247.367,F
1487,1,HappyBirthday,1440,1460,M,1,0.153459,0.238701,2809.52,53.454,F
1488,1,HappyBirthday,457,22995.6,F,1,0.00116613,0.568207,265.363,0.373115,F
1488,1,HappyBirthday,1556,365,M,1,0.00103875,0.468374,84380.3,6.76925,F
1489,1,HappyBirthday,944,5475.73,M,1,0.0110364,0.388359,5.55562,3.45013,F
1490,1,HappyBirthday,811,6205.12,F,1,0.0133251,0.23763,0.966372,4.17855,F
1490,1,HappyBirthday,822,8395.6,F,1,0.00215143,4.57885,2259.06,0.673255,F
1491,1,HappyBirthday,1475,1095,M,1,0.145887,0.0435959,984.062,70.6011,F
1491,1,HappyBirthday,1356,2190,M,1,0.792857,1.84025,196.844,699.448,F
1492,1,HappyBirthday,1187,3650,F,1,5.76733e-06,0.176596,3135.13,0.0150361,F
1492,1,HappyBirthday,1281,2920,M,1,0.175403,0.938165,0.407248,59.9738,F
1492,1,HappyBirthday,543,21535.2,F,1,0.0726011,2.02799,200.573,43.8583,F
1493,1,HappyBirthday,1236,3285,M,1,0.16602,0.655561,2214.44,65.0569,F
1494,1,HappyBirthday,40,14600.1,F,1,0.00480514,0.202661,457.075,4.32056,F
1494,1,HappyBirthday,1189,3650,M,1,0.000332927,0.219903,1038.98,0.479778,F
1494,1,HappyBirthday,417,12410,M,1,0.000315233,0.453798,1.08083,0.0981956,F
1494,1,HappyBirthday,1519,730,M,1,0.00482341,0.178634,57.6465,1.81631,F
1494,1,HappyBirthday,1518,730,F,0,0,0.00311265,0,0,F
1496,1,HappyBirthday,1557,365,F,1,0.130746,0.64499,37.9273,51.507,F
1496,1,HappyBirthday,1005,5110,M,1,1.82728e-06,0.145196,25.7551,0.000575714,F
1496,1,HappyBirthday,802,32485,M,1,0.000152593,0.0926257,0.063003,0.0473888,F
1496,1,HappyBirthday,1520,730,M,1,0.00774732,0.0329276,126.149,2.99602,F
1497,1,HappyBirthday,1237,3285,F,1,0.00915828,0.700946,357.969,6.65408,F
1497,1,HappyBirthday,1190,3650,M,1,0.0431832,13.6887,8996.5,144.852,F
1498,1,HappyBirthday,50,10950.7,M,1,0.00471199,0.136444,0.0426048,1.46765,F
1498,1,HappyBirthday,1409,1825,F,1,0.0311205,0.2732,10.2893,9.91979,F
1498,1,HappyBirthday,1558,365,F,1,0.738228,0.174823,69.4112,446.553,F
1498,1,HappyBirthday,1191,3650,M,1,0.0016187,0.711641,14.6416,0.504205,F
1499,1,HappyBirthday,7,29930.5,F,1,7.56972e-05,3.75841,4.40834,0.023831,F
1499,1,HappyBirthday,248,9125.98,F,1,0.0330167,8.46545,18.8584,10.4897,F
1499,1,HappyBirthday,1090,4380,F,1,0.00080502,0.149613,0.000258487,0.250299,F
1500,1,HappyBirthday,1091,4380,M,1,0.0198976,2.25178,0.543286,6.25912,F
1501,1,HappyBirthday,345,6205,M,1,0.00399541,1.76935,82.3912,1.33681,F
1501,1,HappyBirthday,1357,2190,F,1,0.00425789,1.27,399.677,3.36299,F
1501,1,HappyBirthday,530,9490.62,M,1,0,0.502391,5.03274,0,F
1501,1,HappyBirthday,573,17520.7,F,1,0,0.257546,0.0464074,0,F
1501,1,HappyBirthday,655,24820.7,F,1,0.10925,4.02785,77.323,36.1125,F
1502,1,HappyBirthday,60,28105.3,F,1,0.00792254,6.4817,0.179906,2.47234,F
1502,1,HappyBirthday,1192,3650,F,1,0.00113404,0.0199991,0.0552127,0.352571,F
1502,1,HappyBirthday,641,21900.1,F,1,0.00556019,6.69172,0.0002526,1.73315,F
1503,1,HappyBirthday,134,10220.4,M,1,0.000955083,4.44951,43.8388,0.350884,F
1503,1,HappyBirthday,259,21900.8,M,1,0.00654487,0.357762,0.170798,2.04145,F
1503,1,HappyBirthday,1238,3285,M,1,0.000969212,0.45808,1.64007,0.302869,F
1504,1,HappyBirthday,1559,365,F,1,0.236657,0.0860331,92.7538,94.9806,F
1504,1,HappyBirthday,1560,365,F,1,0.00815494,0.17195,10.6785,2.59648,F
1504,1,HappyBirthday,313,9855.75,F,1,0.000376147,0.481315,4.08977,0.118918,F
1504,1,HappyBirthday,1193,3650,M,1,0.00512954,0.218786,1.87699,1.59897,F
1505,1,HappyBirthday,1410,1825,M,1,0.00230215,0.0126771,0.259707,0.716229,F
1505,1,HappyBirthday,285,7665.94,F,1,0.00513619,1.29126,0.422088,1.60135,F
1505,1,HappyBirthday,575,6935.6,F,1,0.51135,0.054213,39.748,243.518,F
1505,1,HappyBirthday,1561,365,F,1,0.423787,0.365193,6654.62,627.003,F
1505,1,HappyBirthday,880,23360.2,M,1,0.0415113,0.531781,1380.98,13.7503,F
1506,1,HappyBirthday,762,6935.09,F,1,0.000799985,1.9248,5368.34,0.306177,F
1506,1,HappyBirthday,915,5475.2,F,1,0.0008122,2.35002,0.17388,0.25262,F
1507,1,HappyBirthday,154,6935.58,F,1,0.00239305,1.72538,7.1208e-06,0.744495,F
1507,1,HappyBirthday,1562,365,M,0,0,0.0103297,0,0,F
1507,1,HappyBirthday,1316,2555,M,1,2.39812e-05,0.0356835,15.8433,0.0079831,F
1507,1,HappyBirthday,1441,1460,F,1,0.395284,0.206213,138.839,200.498,F
1507,1,HappyBirthday,1239,3285,M,1,0.0289036,0.695674,82.5192,10.096,F
1508,1,HappyBirthday,262,31390.6,F,1,0.634404,0.221762,0.332777,312.823,F
1508,1,HappyBirthday,499,13140.6,F,1,0.0186536,0.224953,4.3337,5.89019,F
1508,1,HappyBirthday,509,5475.53,F,1,0.00100734,0.143711,68.8213,0.314976,F
1509,1,HappyBirthday,1149,4015,M,1,0.00199234,2.87916,0.0806702,0.619792,F
1509,1,HappyBirthday,1477,1095,M,1,0.00771551,10.5468,25.0478,2.5167,F
1509,1,HappyBirthday,331,13140,F,1,0.0079693,0.142072,35.2444,2.60907,F
1510,1,HappyBirthday,495,14965.5,M,1,0.00290662,0.620957,1267.43,1.02365,F
1510,1,HappyBirthday,1412,1825,F,1,0.202918,0.780248,17.3407,70.664,F
1512,1,HappyBirthday,1092,4380,F,1,0.0476345,0.560721,2.03196,15.2119,F
1513,1,HappyBirthday,141,12775,F,1,0.086066,0.325884,210.839,30.7862,F
1514,1,HappyBirthday,1413,1825,M,1,0.429076,0.387622,536.979,189.502,F
1514,1,HappyBirthday,607,17885.9,F,1,0.0365196,0.368942,44.1174,11.7773,F
1514,1,HappyBirthday,662,13870.9,M,1,0.0492291,7.28925,21.2211,15.8739,F
1514,1,HappyBirthday,781,13870.7,M,1,0.0352442,9.58674,0.0433182,11.1513,F
1515,1,HappyBirthday,135,17885.7,M,1,0.000119122,1.54032,2.14294,0.0371214,F
1515,1,HappyBirthday,1442,1460,M,1,9.08809e-05,0.225982,229.69,0.0447504,F
1516,1,HappyBirthday,296,20440.7,F,1,0.00057059,0.963649,306.17,0.251409,F
1516,1,HappyBirthday,370,8760.35,M,1,0.000137601,0.223791,547.229,0.127104,F
1516,1,HappyBirthday,1195,3650,M,1,0,3.72656,11.2584,0,F
1517,1,HappyBirthday,15,36135.4,F,1,0.0235231,1.69786,21.6861,7.58702,F
1517,1,HappyBirthday,149,24455,M,1,0.00220598,1.18336,3229.04,3.54589,F
1517,1,HappyBirthday,181,9125.38,F,1,0.00101609,2.1695,10.009,0.319382,F
1517,1,HappyBirthday,1415,1825,M,1,0.0690017,0.0392555,1065.59,31.9718,F
1517,1,HappyBirthday,1414,1825,M,1,0.217249,0.973177,329.74,80.2348,F
1517,1,HappyBirthday,1521,730,F,0,0,0.045118,0,0,F
1517,1,Births,1599,0,F,0,0,0.00252847,0,0,F
1518,1,HappyBirthday,263,13870.2,F,1,0.00236757,0.0705133,1025.92,3.59418,F
1518,1,HappyBirthday,680,9855.54,F,1,0.00335444,2.04851,29.801,1.09067,F
1519,1,HappyBirthday,130,21535.1,F,1,0.109626,0.289172,7.30884,36.5322,F
1520,1,HappyBirthday,1196,3650,M,1,0.00151157,1.03669,0.00260167,0.470011,F
1520,1,HappyBirthday,346,15330.2,F,1,0.0057993,0.993371,43.3887,1.82114,F
1520,1,HappyBirthday,1416,1825,M,1,0.0690584,0.0695892,1.24117,22.3336,F
1520,1,HappyBirthday,673,21535.6,M,1,0.00112606,4.10072,949.973,0.797513,F
1521,1,HappyBirthday,585,17520.3,F,1,2.93368e-06,2.28016,559.822,0.0030388,F
1522,1,HappyBirthday,1479,1095,M,1,0.892438,0.991105,2611.78,747.867,F
1522,1,HappyBirthday,491,25915.6,M,1,0.0649405,6.48874,463.809,33.9081,F
1522,1,HappyBirthday,552,11315.4,F,1,0.00229914,1.66389,187.559,0.889498,F
1522,1,HappyBirthday,574,10585.8,M,1,0.0328508,3.82818,120.427,13.0452,F
1522,1,HappyBirthday,921,10220.4,M,1,0.000855629,0.932241,683.788,0.320177,F
1523,1,HappyBirthday,290,17885,M,1,0.00141168,22.5713,3106.21,2.14723,F
1523,1,HappyBirthday,381,12410.4,M,1,0.00115615,0.91167,11.8948,0.36055,F
1523,1,HappyBirthday,609,5840.69,M,1,0.000134774,4.35644,3570.07,0.0984934,F
1523,1,HappyBirthday,1522,730,F,1,0.000737167,1.14366,465.37,0.385664,F
1524,1,HappyBirthday,1563,365,M,1,0.32546,9.65985,2212.25,242.401,F
1524,1,HappyBirthday,1284,2920,M,1,0.000565267,0.765225,977.96,0.871578,F
1524,1,HappyBirthday,343,11315,M,1,0.00198077,12.3457,23.4204,0.620082,F
1526,1,HappyBirthday,1480,1095,M,1,0.27868,0.231883,7645.94,309.421,F
1526,1,HappyBirthday,1564,365,M,1,0.00364801,0.116428,178868,35.6392,F
1526,1,HappyBirthday,826,8395.21,M,1,0.00166403,0.423032,0.0534068,0.517847,F
1527,1,HappyBirthday,1318,2555,M,1,0.238122,0.464287,0.723428,84.5262,F
1527,1,HappyBirthday,254,16790.3,F,1,0.0106664,1.78823,17.1906,3.43038,F
1527,1,HappyBirthday,1319,2555,M,1,0.0739824,1.56091,0.00799177,23.8873,F
1527,1,HappyBirthday,995,14235,F,1,0.45202,32.7425,195.55,199.273,F
1527,1,HappyBirthday,1197,3650,M,1,0.00322073,0.119601,34.0569,1.10336,F
1528,1,HappyBirthday,84,13505.7,F,1,0.0177342,0.281354,88.854,5.61245,F
1528,1,HappyBirthday,1523,730,M,1,0.0160549,0.307457,0.329637,5.03873,F
1529,1,HappyBirthday,137,35040.1,M,1,0.000637394,2.96168,0.65241,0.198133,F
1529,1,HappyBirthday,1443,1460,F,1,0.128658,8.99809,11426.6,216.413,F
1529,1,HappyBirthday,1008,5110,M,1,0.00636925,0.0695153,0.157291,1.98593,F
1529,1,Births,1600,0,M,0,0,0.0444763,0,0,F
1530,1,HappyBirthday,11,22995.9,M,1,7.06447e-05,0.59861,0.236838,0.0219648,F
1530,1,HappyBirthday,1524,730,M,1,0.000793516,0.65022,12.8201,0.255873,F
1530,1,HappyBirthday,824,10220.3,F,1,0.0981168,0.151872,81.2805,35.8496,F
1530,1,HappyBirthday,908,5475.6,M,1,0.313036,0.146701,457.479,233.688,F
1531,1,HappyBirthday,1009,5110,M,1,6.3485e-05,0.112902,4.0509,0.0200549,F
1532,1,HappyBirthday,464,5475.27,F,1,0.00620021,1.31335,0.230809,1.93363,F
1532,1,HappyBirthday,804,21170.7,F,1,8.18963e-06,1.97178,10685.9,0.0068288,F
1532,1,HappyBirthday,899,10585.6,F,1,0.000426705,10.4434,3793.08,0.208233,F
1533,1,HappyBirthday,1095,4380,M,1,0.000746642,2.42407,0.865545,0.232091,F
1533,1,HappyBirthday,1094,4380,M,1,0.00422465,0.697489,516.554,2.15603,F
1533,1,HappyBirthday,1053,4745,M,1,0.00274063,1.59636,0.0131411,0.852285,F
1533,1,HappyBirthday,556,19345.8,F,1,0.000508508,2.3473,2.04307,0.159405,F
1533,1,Births,1601,0,F,0,0,0.259608,0,0,F
1534,1,HappyBirthday,1565,365,M,1,3.12604e-05,0.216327,92975.7,0.340639,F
1534,1,HappyBirthday,1243,3285,F,1,0.0336081,0.0414463,1039.02,13.3976,F
1534,1,HappyBirthday,549,9855.63,F,1,0.00394974,0.60454,7.76199,1.23279,F
1534,1,HappyBirthday,1010,5110,M,1,0.0391327,0.355751,0.0932193,12.4078,F
1535,1,HappyBirthday,44,11315,F,1,0.0762751,0.179947,0.152051,24.6582,F
1535,1,HappyBirthday,214,5475.43,M,1,0.142311,1.47827,5248.46,88.1615,F
1536,1,HappyBirthday,1417,1825,F,1,0.0001034,1.28035,0.0150796,0.0322128,F
1537,1,HappyBirthday,1285,2920,M,1,0.103898,0.227573,44.5312,39.9282,F
1537,1,Births,1602,0,M,0,0,0.00992317,0,0,F
1538,1,HappyBirthday,1055,4745,F,1,0.000229523,0.808152,157.697,0.0726446,F
1538,1,HappyBirthday,711,8030.47,F,1,4.79963e-05,14.1547,19.9783,0.0162964,F
1538,1,HappyBirthday,946,20440.4,M,1,0.252315,0.0430316,39.55,91.4476,F
1539,1,HappyBirthday,1566,365,F,1,0.0100018,1.60092,15346.4,19.1145,F
1539,1,HappyBirthday,37,17885.9,M,1,0.0651263,0.354519,1956.58,22.2391,F
1539,1,HappyBirthday,246,30660.9,M,1,0.000228296,0.0398242,1.69786,0.0712626,F
1539,1,HappyBirthday,261,6205.04,F,1,0.0101955,0.11372,205.695,3.23988,F
1539,1,HappyBirthday,1096,4380,F,1,0.00496035,0.150068,969.869,2.19323,F
1540,1,HappyBirthday,175,12775.4,F,1,0.0462595,0.135202,486.05,27.5695,F
1540,1,HappyBirthday,1444,1460,M,1,0.111342,0.308737,763.764,56.2659,F
1540,1,HappyBirthday,892,8030.17,M,1,0.000878475,0.388257,1557.82,0.35398,F
1541,1,HappyBirthday,769,7665.91,M,1,0.069983,4.1919,0.270547,22.5469,F
1541,1,HappyBirthday,1321,2555,F,1,0,0.0814942,0.00723106,0,F
1542,1,HappyBirthday,1481,1095,F,1,0.0126098,0.924378,86.4577,4.7304,F
1542,1,HappyBirthday,307,18980.7,M,1,4.84269e-05,0.297201,0.0001146,0.0150328,F
1542,1,HappyBirthday,874,6570.21,M,1,0,0.451916,106.631,0,F
1543,1,HappyBirthday,120,16425.2,M,1,0,0.758943,0.0695536,0,F
1543,1,HappyBirthday,1360,2190,F,1,0.0940137,0.297624,4100.91,149.803,F
1543,1,HappyBirthday,384,20440,M,1,0.0072177,0.201113,0.0006686,2.25135,F
1543,1,HappyBirthday,674,20440.1,M,1,0.000114738,1.76581,215.405,0.047156,F
1544,1,HappyBirthday,111,5475.25,F,1,0.000262371,8.49259,253.745,0.115346,F
1544,1,HappyBirthday,1097,4380,F,1,0.0146358,1.45828,310.702,10.3306,F
1544,1,HappyBirthday,1286,2920,M,1,0.00553737,0.833435,32.4092,1.81639,F
1545,1,HappyBirthday,624,5840.44,F,1,0.00994136,0.953213,395.992,5.10962,F
1546,1,HappyBirthday,1012,5110,F,1,0.00046457,11.4583,7.45331e-05,0.144164,F
1547,1,HappyBirthday,220,8030.83,F,1,0.000139413,3.19633,1354.76,0.281559,F
1547,1,HappyBirthday,835,31025.5,F,1,0.00161662,1.07152,31.6672,0.510261,F
1548,1,HappyBirthday,1201,3650,M,1,0.0160469,1.03586,46.2428,5.36696,F
1548,1,HappyBirthday,198,18980.1,F,1,0.0129903,0.706637,5322.18,29.9353,F
1548,1,HappyBirthday,1361,2190,F,1,0.295887,0.124711,5917.84,567.279,F
1549,1,HappyBirthday,1567,365,F,1,0.742175,0.0441552,10.0521,428.552,F
1549,1,HappyBirthday,1362,2190,M,1,0.000151303,0.371034,12636.9,0.434664,F
1550,1,HappyBirthday,1568,365,F,1,0.258816,0.117871,2891.3,447.411,F
1550,1,HappyBirthday,611,16790.5,M,1,0.121315,0.623181,85.7907,45.0519,F
1550,1,HappyBirthday,1445,1460,M,1,0.000614183,0.0363777,2.02474,0.19113,F
1550,1,HappyBirthday,913,6205.1,M,1,0.0183493,1.02503,1904.72,21.7838,F
1550,1,HappyBirthday,1013,5110,F,1,0.357707,0.507836,47.9369,137.759,F
1551,1,HappyBirthday,1323,2555,M,1,0.0588316,0.130367,215.575,18.8452,F
1551,1,HappyBirthday,1525,730,F,1,0.0365575,0.164598,16124.8,336.041,F
1552,1,HappyBirthday,414,19345,M,1,0.000776193,2.00714,4111.18,0.287777,F
1553,1,Births,1603,0,F,0,0,0.0951177,0,0,F
1554,1,HappyBirthday,406,6935.69,F,1,0.00209395,0.174659,98.2639,0.653759,F
1555,1,HappyBirthday,224,32850.7,F,1,0.118561,2.09979,0.0931094,39.2199,F
1556,1,HappyBirthday,1418,1825,F,1,0.00157524,0.502635,180.983,0.880789,F
1556,1,HappyBirthday,1419,1825,M,1,0.0599778,0.235276,91.3804,24.2012,F
1556,1,HappyBirthday,982,5840.03,M,1,0.000152108,0.400499,82.9984,0.0485098,F
1557,1,HappyBirthday,144,9125.74,F,1,0.00659751,3.42204,4.34144,2.06913,F
1557,1,HappyBirthday,159,11680.3,M,1,0.00125317,1.55598,1.54e-05,0.389721,F
1557,1,HappyBirthday,1324,2555,M,1,0.15182,0.178926,504.356,144.415,F
1557,1,HappyBirthday,952,8395.04,F,1,0.63061,2.62108,6.74872,311.7,F
1557,1,HappyBirthday,1287,2920,M,1,0.000509841,0.83921,7309.04,0.302741,F
1558,1,HappyBirthday,1526,730,F,1,0.00319254,0.409474,115.183,1.16724,F
1558,1,HappyBirthday,1569,365,M,1,0.497643,0.00976465,855.474,853.234,F
1558,1,HappyBirthday,1152,4015,F,1,0.00400273,0.0516551,603.916,1.38578,F
1559,1,HappyBirthday,1570,365,M,0,0,0.025787,0,0,F
1559,1,HappyBirthday,863,6205.11,M,1,0.00278768,1.33487,0.0957504,0.86777,F
1560,1,HappyBirthday,1446,1460,F,1,9.40124e-05,0.026749,3375.81,0.154731,F
1560,1,HappyBirthday,682,7300.91,M,1,0.00552678,2.47509,149.428,2.71333,F
1561,1,HappyBirthday,521,6205.98,F,1,0.0343967,1.44984,166.391,13.6264,F
1561,1,HappyBirthday,551,16790.2,M,1,0.126896,0.343491,180.851,52.7779,F
1561,1,HappyBirthday,878,15330.8,F,1,0.0124225,0.758922,60.3345,4.9707,F
1562,1,HappyBirthday,1364,2190,M,1,0.311069,2.41985,6192.43,392.7,F
1562,1,HappyBirthday,482,6570.3,F,1,5.62716e-06,1.50976,14.2538,0.00181512,F
1562,1,HappyBirthday,1101,4380,F,1,0.00257858,1.06494,0.0481355,0.802422,F
1562,1,HappyBirthday,832,6935.09,F,1,0.178546,1.43897,1050.82,61.1297,F
1562,1,HappyBirthday,1363,2190,F,1,0.00805166,0.33061,16804.2,16.4437,F
1562,1,HappyBirthday,1153,4015,M,1,0.0149147,0.00718976,3196.72,19.8538,F
1563,1,HappyBirthday,1571,365,F,1,0.0586692,0.114076,64.1633,20.8645,F
1563,1,HappyBirthday,968,13870.8,F,1,0.0011439,1.21897,5.10716,0.364706,F
1564,1,HappyBirthday,1289,2920,F,1,0.0877137,4.82112,605.879,98.9778,F
1564,1,HappyBirthday,1288,2920,F,1,0.442672,0.460967,153.825,286.141,F
1564,1,HappyBirthday,1244,3285,F,1,0.565787,4.3246,8.85104,268.127,F
1564,1,HappyBirthday,1572,365,M,1,0,0.00791996,12995.2,0,F
1565,1,HappyBirthday,613,19710.3,F,1,7.54552e-05,2.20619,408.39,0.0244792,F
1565,1,HappyBirthday,888,13140.1,M,1,0.0111633,3.74628,0.661449,3.4922,F
1566,1,HappyBirthday,268,17885.3,M,1,0,1.71162,0.481433,0,F
1566,1,HappyBirthday,754,27740.1,M,1,0.00263931,0.0995229,5276.03,1.58519,F
1566,1,HappyBirthday,1058,4745,M,1,0.00378331,0.450645,3.21226e-05,1.17851,F
1567,1,HappyBirthday,185,13505.2,M,1,0.00388559,0.686688,0.296687,1.21015,F
1567,1,HappyBirthday,205,8760.07,M,1,0.156766,0.349427,13.1249,53.0144,F
1567,1,HappyBirthday,223,13505.7,F,1,0.716095,2.75955,29.7269,425.105,F
1567,1,HappyBirthday,1102,4380,M,1,0.00044023,0.285072,175.396,0.144176,F
1567,1,HappyBirthday,1447,1460,M,1,0.76872,1.38653,452.731,739.682,F
1568,1,HappyBirthday,155,8760.48,F,1,0.0253679,0.252447,426.384,12.4576,F
1569,1,HappyBirthday,1155,4015,F,1,0.0467268,21.2539,20.9528,16.0986,F
1570,1,HappyBirthday,885,6205.08,M,1,0.00322598,0.260955,0.000194708,1.00414,F
1571,1,HappyBirthday,400,5840.76,M,1,1.49249e-06,0.676634,858.239,0.00213496,F
1571,1,HappyBirthday,472,9490,M,1,0.058437,0.610826,31.4849,18.8219,F
1571,1,HappyBirthday,997,13140.9,M,1,0.00549437,0.09081,291.535,2.17912,F
1572,1,HappyBirthday,289,21535.6,F,1,0.00264561,0.146865,0.0002576,0.82333,F
1572,1,HappyBirthday,1366,2190,M,1,0.68926,0.0329791,145.08,468.461,F
1573,1,HappyBirthday,1203,3650,F,1,0.0185604,1.7691,24.0029,6.52696,F
1574,1,HappyBirthday,69,7665.49,M,1,0.00063829,2.37256,39.9833,0.205357,F
1574,1,HappyBirthday,1483,1095,F,1,0.00161978,0.558489,29.6432,0.567237,F
1574,1,HappyBirthday,1245,3285,M,1,0.00132094,2.92697,19.7468,0.451733,F
1575,1,HappyBirthday,1016,5110,F,1,0.00479639,0.0617377,13.3604,1.59467,F
1575,1,HappyBirthday,719,7665.48,F,1,0.00271516,13.8533,7.07185,0.874324,F
1575,1,HappyBirthday,1204,3650,M,1,0.00727791,0.199242,4.89365,2.28889,F
1575,1,HappyBirthday,1290,2920,M,1,0.0012224,0.214821,22.1096,0.414928,F
1575,1,HappyBirthday,1017,5110,F,1,0.0015877,0.606045,54.2792,0.500832,F
1576,1,HappyBirthday,1527,730,M,1,0.27648,0.0790329,30.7784,104.894,F
1577,1,HappyBirthday,727,26645.7,M,1,4.27283e-05,1.8954,116.148,0.0138222,F
1577,1,HappyBirthday,1528,730,M,1,0.0527945,0.3433,7325.17,20.954,F
1578,1,HappyBirthday,1104,4380,F,1,0.0282668,0.0978796,0.147632,8.91221,F
1578,1,HappyBirthday,1484,1095,F,1,0.0023414,0.221593,7590.86,0.767805,F
1578,1,HappyBirthday,1448,1460,M,1,0.127595,0.970449,49.7084,50.3518,F
1579,1,HappyBirthday,177,5840.39,M,1,0.0441817,0.52164,26.107,15.1788,F
1579,1,HappyBirthday,435,11680.3,M,1,0.00062699,6.2545,58.44,0.237184,F
1580,1,HappyBirthday,1449,1460,M,1,0.332788,2.42667,2337.18,136.145,F
1580,1,HappyBirthday,1060,4745,M,1,0.0127165,0.0728316,2.68083,3.97825,F
1581,1,HappyBirthday,386,5840.28,F,1,0.0145952,0.187401,10.887,4.75738,F
1582,1,HappyBirthday,970,7300.23,F,1,0.00333341,0.239363,540.783,3.30221,F
1583,1,HappyBirthday,1207,3650,F,1,0.000845342,4.62109,7571.17,2.62456,F
1583,1,HappyBirthday,281,12410.5,M,1,0.00517323,0.4567,163.406,1.99704,F
1583,1,HappyBirthday,421,22265.3,F,1,0.00212307,1.86866,588.114,0.661604,F
1583,1,HappyBirthday,720,11315.8,F,1,0.00115314,0.0925387,0.519559,0.358899,F
1583,1,HappyBirthday,819,17520.4,F,1,0.00323335,0.925132,4.61651,1.0158,F
1583,1,HappyBirthday,1206,3650,F,1,0.00103471,0.0676634,139.508,0.379999,F
1584,1,HappyBirthday,561,13505.6,F,1,1.28934e-05,1.38208,1.49426,0.0040112,F
1584,1,HappyBirthday,753,34310.6,F,1,0.130946,17.3806,1.8621,43.6377,F
1584,1,HappyBirthday,845,13140.3,M,1,0.00135396,0.0158715,4447.13,2.68722,F
1584,1,HappyBirthday,1450,1460,F,1,0.0157501,0.221915,74.661,5.56513,F
1585,1,HappyBirthday,456,12775.3,M,1,0.0423961,0.509102,1354.02,29.9532,F
1585,1,HappyBirthday,1247,3285,M,1,0.0311682,1.03864,1240.39,9.8893,F
1585,1,HappyBirthday,1018,5110,F,1,0.00030324,6.3455,0.396292,0.0942403,F
1585,1,HappyBirthday,702,19345,M,1,0.561522,0.133111,7.60261,258.152,F
1586,1,HappyBirthday,188,6935.92,M,1,0.00340482,0.531252,0.0308217,1.05981,F
1586,1,HappyBirthday,1367,2190,F,1,0.0960588,0.940655,2167.24,59.1007,F
1587,1,HappyBirthday,218,16060.8,F,1,0.000109425,1.9559,56.9599,0.037264,F
1587,1,HappyBirthday,1327,2555,M,1,0.000293932,0.966357,9124.53,0.531062,F
1587,1,HappyBirthday,816,30295.4,M,1,0.00870953,0.718109,51.3907,2.82315,F
1588,1,HappyBirthday,52,9490.83,F,1,0.0268675,0.216415,0.537335,8.47165,F
1588,1,HappyBirthday,1573,365,M,1,0.00259129,0.573963,198.263,1.07426,F
1589,1,HappyBirthday,1248,3285,M,1,0.0129226,0.0559531,655.377,7.74157,F
1589,1,HappyBirthday,708,32120.5,F,1,0.00111536,110.019,1234.48,0.412679,F
1589,1,HappyBirthday,728,13505.5,M,1,0.000613703,0.128637,0.033544,0.19075,F
1589,1,Births,1604,0,M,0,0,0.187745,0,0,F
1591,1,HappyBirthday,243,11315.6,M,1,0.00117934,0.749853,2.60485,0.367986,F
1591,1,HappyBirthday,1292,2920,M,1,0.0593162,0.0695683,0.445018,19.0049,F
1591,1,HappyBirthday,635,19710.2,F,1,0.0104975,1.10689,18.8491,3.30863,F
1591,1,HappyBirthday,910,10950.8,M,1,0.0015222,0.57855,33.0018,0.474665,F
1591,1,HappyBirthday,988,5840.7,M,1,0.172565,1.82908,87.3983,67.3258,F
1592,1,HappyBirthday,773,7665.75,F,1,0.000676647,0.619408,0.101677,0.210463,F
1593,1,HappyBirthday,1106,4380,F,1,0.000164513,0.580376,0.00342378,0.0511927,F
1593,1,HappyBirthday,645,8760.81,M,1,2.16066e-05,1.344,0.19151,0.0067032,F
1594,1,HappyBirthday,1369,2190,M,1,0.0385594,0.296227,1207.49,13.7503,F
1594,1,HappyBirthday,319,11315.1,F,1,0.000208029,1.75531,1.32237,0.0648312,F
1594,1,HappyBirthday,1451,1460,M,1,0.0700462,0.199762,27.5646,23.629,F
1595,1,HappyBirthday,1485,1095,M,1,0.0192567,0.175963,142.189,8.46872,F
1596,1,HappyBirthday,357,12775.8,M,1,0.000283953,0.0387682,22.1652,0.097133,F
1597,1,HappyBirthday,1452,1460,F,1,0.0556305,3.47952,30039.1,45.1099,F
1597,1,HappyBirthday,502,10585.6,M,1,0.0171166,0.201585,54.1773,5.4727,F
1598,1,HappyBirthday,356,9855.58,M,1,0.000167024,0.316025,0.0081468,0.05183,F
1598,1,HappyBirthday,572,28835.5,M,1,0.048673,0.0628722,0.0386344,15.5069,F
1600,1,HappyBirthday,1453,1460,M,1,0.00447712,1.39492,23.863,1.42013,F
1601,1,HappyBirthday,1328,2555,M,1,0.00578425,0.113937,1.36069,1.80278,F
1601,1,HappyBirthday,590,25185,F,1,0.000652256,0.87857,14.6741,0.203552,F
1601,1,HappyBirthday,706,8760.88,M,1,0.0467566,0.358999,1.27847,14.9293,F
1601,1,HappyBirthday,994,22265.7,F,1,0.0437238,0.490285,0.018296,13.8945,F
1602,1,HappyBirthday,1157,4015,F,1,0.732188,0.0676574,531.933,432.004,F
1602,1,HappyBirthday,1487,1095,F,1,0.79118,0.126554,443.021,781.915,F
1602,1,HappyBirthday,147,7300.23,F,1,0.000287201,0.058937,2.00019e-07,0.0892935,F
1602,1,HappyBirthday,265,5475.32,M,1,0,0.0641027,8.90113,0,F
1603,1,HappyBirthday,777,10950.5,M,1,0.011236,2.2549,703.594,6.75315,F
1604,1,HappyBirthday,71,8030.39,F,1,0.00271346,0.152465,0.0001718,0.844282,F
1604,1,HappyBirthday,176,29565.1,F,1,0.0115258,0.0803835,5674.6,27.0967,F
1604,1,HappyBirthday,249,9490.67,F,1,0.00120833,9.97095,730.97,1.34194,F
1604,1,HappyBirthday,1488,1095,F,1,0.00133571,0.634156,0.0806168,0.415627,F
1604,1,HappyBirthday,643,5475.22,F,1,0.00767431,0.134257,8.49399,2.39966,F
1605,1,HappyBirthday,782,17520,M,1,0.000760709,0.576749,13.1163,0.252035,F
1606,1,HappyBirthday,97,15330.8,M,1,0.00120627,3.00047,17.9075,0.3886,F
1606,1,HappyBirthday,439,7300.32,M,1,0.0114067,0.521553,724.251,7.15541,F
1607,1,HappyBirthday,1370,2190,M,1,0.164535,0.259259,36.924,64.5442,F
1607,1,HappyBirthday,344,12775.3,M,1,3.32227e-05,0.60287,10.4225,0.0108086,F
1608,1,HappyBirthday,236,6570.08,F,1,0.00626597,10.4441,23.6456,1.95728,F
1608,1,HappyBirthday,1158,4015,M,1,0.000136538,1.9525,428.372,0.0451213,F
1609,1,HappyBirthday,1574,365,F,1,0.230392,2.53271,103.661,111.741,F
1609,1,HappyBirthday,1575,365,F,1,0.209659,0.301626,39.4044,73.8581,F
1609,1,HappyBirthday,1454,1460,M,1,0.121017,0.235889,7048.17,58.7695,F
1609,1,HappyBirthday,1022,5110,F,1,0.0095209,0.973108,648.435,4.44084,F
1609,1,HappyBirthday,695,10220.4,F,1,0.00128257,0.541831,0.420786,0.399483,F
1609,1,HappyBirthday,1063,4745,M,1,0.151006,0.343748,10.3712,50.9303,F
1609,1,HappyBirthday,789,30295.5,M,1,0.0084864,0.455481,7263.96,9.98875,F
1609,1,HappyBirthday,1208,3650,M,1,0.416958,0.373959,589.919,169.298,F
1609,1,Births,1605,0,M,0,0,0.114061,0,0,F
1610,1,HappyBirthday,409,30660.2,F,1,0.0174799,19.6813,204.033,9.62699,F
1611,1,HappyBirthday,1530,730,M,1,0.00281612,0.438936,34818.6,15.8642,F
1611,1,HappyBirthday,1209,3650,M,0,0,0.0143971,0,0,F
1612,1,HappyBirthday,1531,730,M,1,0.00246296,0.268037,93970.1,17.1573,F
1613,1,HappyBirthday,1371,2190,M,1,0.287751,0.45832,897.826,115.604,F
1613,1,HappyBirthday,215,22630.9,F,1,0.00109597,0.305141,0.404928,0.340949,F
1613,1,HappyBirthday,235,21170.8,F,1,0.00197205,7.71508,1646.58,2.06688,F
1613,1,HappyBirthday,833,9490.44,M,1,0.0988161,3.10644,1.70182,32.364,F
1613,1,HappyBirthday,856,10585.5,F,1,0.00927752,1.46781,4.8491,2.91087,F
1614,1,HappyBirthday,145,17520.7,F,1,0.00186994,3.38762,14.3975,0.603423,F
1614,1,HappyBirthday,240,7300.94,F,1,0.113222,1.87776,5.96794,38.4496,F
1614,1,HappyBirthday,1249,3285,M,1,0.387258,0.00679931,9864.6,346.599,F
1615,1,HappyBirthday,646,17520.5,M,1,0.000305998,5.29259,5.23231,0.0975446,F
1615,1,HappyBirthday,1532,730,F,1,0.48372,2.94207,38.9571,206.232,F
1616,1,HappyBirthday,1491,1095,F,1,0.00166251,0.131057,0.0019738,0.51675,F
1616,1,HappyBirthday,668,6935.7,M,1,0.104208,1.05061,7.61671,34.564,F
1616,1,HappyBirthday,1329,2555,M,1,0.00206416,0.707319,76.1461,0.718604,F
1617,1,HappyBirthday,538,13870.9,F,1,0.000850208,0.827609,55.487,0.292965,F
1618,1,HappyBirthday,393,8760.92,F,1,0.00469883,3.34877,6.81417,1.46399,F
1619,1,HappyBirthday,101,11315.5,M,1,0.00483168,0.353065,94.8419,1.52171,F
1619,1,HappyBirthday,1064,4745,F,1,0.00115818,0.20227,23.1745,0.364998,F
1619,1,HappyBirthday,1576,365,F,1,0.000515399,0.324192,55.5318,0.176285,F
1620,1,HappyBirthday,494,13140.1,F,1,1.1107e-06,1.89712,1844.04,0.0015414,F
1621,1,HappyBirthday,1159,4015,M,1,0.0409394,7.64275,0.00739649,12.9902,F
1621,1,HappyBirthday,108,17885.1,F,1,0.00680728,0.109953,15.2268,2.2331,F
1621,1,HappyBirthday,1250,3285,F,1,0.3304,0.137365,342.493,280.76,F
1621,1,HappyBirthday,1493,1095,F,1,0.00217679,0.34747,44.7682,0.763456,F
1622,1,HappyBirthday,88,7665.1,M,1,0.00265503,1.43873,208.957,0.843951,F
1622,1,HappyBirthday,1422,1825,M,1,0.202943,0.131915,2189.87,278.719,F
1622,1,HappyBirthday,1372,2190,F,1,2.30286e-05,1.37065,454.812,0.0122349,F
1622,1,HappyBirthday,1533,730,M,1,0.00497301,0.899886,114779,59.519,F
1623,1,HappyBirthday,31,11315.1,F,1,0.0346508,0.340462,37.8984,11.043,F
1623,1,HappyBirthday,364,12775.2,F,1,0.00490765,1.6605,60.806,1.60268,F
1623,1,HappyBirthday,478,6570.04,F,1,0.0370777,1.46268,43.0206,12.3104,F
1623,1,HappyBirthday,1577,365,M,1,0.0098565,0.0675506,36.8032,3.60429,F
1623,1,HappyBirthday,675,16060.9,M,1,0.173995,7.92757,2.54773,59.4963,F
1623,1,HappyBirthday,722,20805.2,M,1,1.22689e-05,0.738232,11840.9,0.0467016,F
1623,1,HappyBirthday,1293,2920,M,1,7.60276e-05,0.825718,12347.9,0.642262,F
1623,1,Births,1606,0,M,0,0,0.0625841,0,0,F
1624,1,HappyBirthday,725,19345.5,M,1,0.000975707,0.0686243,118.03,0.313245,F
1624,1,HappyBirthday,1330,2555,F,1,0.00423488,0.341564,15.4944,1.41387,F
1624,1,HappyBirthday,1331,2555,F,1,0.00268155,0.457897,0.377541,0.834863,F
1625,1,HappyBirthday,86,11316,F,1,0.0118457,13.5027,400.397,3.75443,F
1625,1,HappyBirthday,1373,2190,F,1,0.00271282,0.212977,1.29625,0.844789,F
1626,1,HappyBirthday,1023,5110,M,1,0.0035238,0.0370286,6.18257,1.10279,F
1626,1,HappyBirthday,923,15330.6,F,1,1.96346e-05,0.130614,7.62699,0.0062484,F
1626,1,Births,1607,0,M,0,0,1.52216,0,0,F
1627,1,HappyBirthday,257,16790.3,M,1,0.555402,4.63438,24.0334,251.951,F
1627,1,HappyBirthday,1534,730,F,1,0.00151561,0.650127,297.042,0.992391,F
1627,1,HappyBirthday,1332,2555,M,1,0.118573,0.475022,24059.6,81.1862,F
1627,1,HappyBirthday,1578,365,M,1,0.705087,0.0290407,272.375,458.39,F
1627,1,HappyBirthday,978,34310.8,F,1,0.0714932,0.532768,6.90333,23.111,F
1628,1,HappyBirthday,1333,2555,M,1,0.00151938,0.341098,103.977,0.675861,F
1629,1,HappyBirthday,1579,365,M,1,0.329371,0.0466142,29603.3,1105.63,F
1630,1,HappyBirthday,49,18615.4,M,1,0.00184191,0.774075,52.0819,0.719314,F
1630,1,HappyBirthday,253,16790.6,M,1,0.0336473,0.704148,0.31032,10.6404,F
1630,1,HappyBirthday,1423,1825,F,1,0.00555061,0.477957,23.1128,1.9068,F
1630,1,HappyBirthday,889,7300.28,F,1,5.44394e-05,1.48361,294.86,0.0331309,F
1630,1,HappyBirthday,957,10220.1,F,1,0.102342,3.85536,30.7662,37.3106,F
1631,1,HappyBirthday,74,9855.87,M,1,0.000575135,1.1302,600.246,0.199266,F
1631,1,HappyBirthday,269,16060.4,M,1,0.020699,0.262737,62.1617,6.50374,F
1631,1,HappyBirthday,901,5840.24,F,1,0.0117341,0.707851,30.1842,3.66818,F
1632,1,HappyBirthday,1108,4380,M,1,0,0.0477888,0,0,F
1633,1,HappyBirthday,72,12410.3,M,1,0.0017103,0.462927,0.111903,0.532325,F
1633,1,HappyBirthday,1424,1825,F,1,0.137873,0.260622,4907.57,289.25,F
1633,1,HappyBirthday,447,10220.8,M,1,0.00142677,1.37453,3.66522,0.450767,F
1633,1,HappyBirthday,693,10950.7,F,1,0.000190896,5.53758,6754.93,0.190758,F
1633,1,HappyBirthday,1580,365,F,1,0.0537038,0.174431,27105.5,167.097,F
1634,1,HappyBirthday,380,20805.9,F,1,0.00126946,2.19233,781.824,0.412924,F
1634,1,HappyBirthday,1160,4015,F,1,0,4.96988,1125.12,0,F
1634,1,HappyBirthday,752,8395.04,M,1,0.000805198,13.5359,44680.8,3.45153,F
1635,1,HappyBirthday,162,13870.8,F,1,0.00374565,4.19365,181.327,2.04674,F
1635,1,HappyBirthday,190,13140.6,M,1,0.00541604,1.5397,1.5154,1.68764,F
1635,1,HappyBirthday,1374,2190,M,1,0.326543,0.806094,8684.32,134.478,F
1635,1,HappyBirthday,898,10220.2,F,1,0.0921215,6.08606,6.99124,30.0484,F
1636,1,HappyBirthday,276,6935.23,M,1,0.000658419,2.34501,0.00628272,0.204815,F
1636,1,HappyBirthday,468,18615.1,M,1,0.273448,0.704885,37.3827,104.948,F
1636,1,HappyBirthday,469,6205.78,F,1,9.03484e-06,1.37056,5280.2,0.00936099,F
1636,1,HappyBirthday,734,6570.02,F,1,4.61046e-05,0.916798,0.175967,0.0143248,F
1637,1,HappyBirthday,1211,3650,F,1,0.000520373,2.06405,266.389,0.30381,F
1638,1,HappyBirthday,1376,2190,M,1,0.319753,17.2557,54631.2,785.27,F
1638,1,Births,1608,0,F,0,0,0.0374542,0,0,F
1639,1,HappyBirthday,333,8395.62,M,1,0.0289655,3.78265,1.75072,9.14288,F
1639,1,HappyBirthday,407,7665.06,M,1,2.29587e-05,0.166198,2858.95,0.0138272,F
1639,1,HappyBirthday,1581,365,F,1,0.0991298,2.09574,3388.36,348.612,F
1640,1,HappyBirthday,1161,4015,F,1,0.000588426,0.101038,361.689,0.284291,F
1640,1,HappyBirthday,1109,4380,M,1,0.00479103,0.173055,0.313921,1.49355,F
1640,1,HappyBirthday,377,16060.8,M,1,0.000238322,3.53814,292.482,0.167101,F
1640,1,HappyBirthday,1535,730,F,1,0.445163,0.161373,6333.87,694.189,F
1640,1,HappyBirthday,1455,1460,M,1,0.131461,0.0992587,71.7171,58.9962,F
1641,1,HappyBirthday,332,28470.9,F,1,0.0206855,0.274932,0.0066016,6.49544,F
1641,1,HappyBirthday,1495,1095,M,1,0.00614503,0.474538,7.87913,1.98272,F
1642,1,HappyBirthday,96,8030.9,M,1,0.002486,2.82121,25271.4,2.47588,F
1642,1,HappyBirthday,1496,1095,M,1,0.00333207,1.15675,137.466,1.25433,F
1642,1,HappyBirthday,1536,730,M,1,0.750375,0.466591,9521.77,1099.56,F
1642,1,HappyBirthday,959,5840.56,F,1,0.0040659,0.172525,173.449,1.57166,F
1643,1,HappyBirthday,46,29565.9,M,1,0.0130564,0.114623,0.302592,4.08472,F
1643,1,HappyBirthday,174,26280,F,1,0.0105917,0.494295,0.0037602,3.30954,F
1643,1,HappyBirthday,208,8030.03,M,1,0.108635,1.24239,0.30958,35.7788,F
1643,1,HappyBirthday,1456,1460,F,1,0.134184,0.0922288,367.1,47.7641,F
1643,1,HappyBirthday,701,7300.39,F,1,0.0007595,0.443354,40.4296,0.249181,F
1644,1,HappyBirthday,1457,1460,F,1,0.24446,1.01559,21.3563,89.0462,F
1644,1,HappyBirthday,1252,3285,M,1,0.0029168,1.9038,7.26275,0.907994,F
1644,1,HappyBirthday,490,14600,M,1,1.55978e-05,4.98162,1147.3,0.013128,F
1644,1,HappyBirthday,1294,2920,M,1,0.113539,1.2656,13.6608,38.4306,F
1644,1,HappyBirthday,730,14235.3,F,1,0.0140606,0.504143,185.378,7.9127,F
1644,1,HappyBirthday,785,8030.48,M,1,0.00855211,2.22333,2.53137,2.66943,F
1644,1,HappyBirthday,829,28470,M,1,0.000613422,7.41718,13.1514,0.196553,F
1645,1,HappyBirthday,39,7665.99,M,1,0.00805193,0.310992,664.753,5.02025,F
1645,1,HappyBirthday,1425,1825,F,1,0.0173008,0.32179,148.516,7.20074,F
1645,1,HappyBirthday,736,14235,F,1,0.0389138,0.407036,152.908,19.221,F
1645,1,HappyBirthday,1212,3650,M,1,0.0849577,5.43179,0.332446,27.6024,F
1646,1,HappyBirthday,1110,4380,F,1,0.00699877,1.94233,60.4771,2.19468,F
1646,1,HappyBirthday,271,32120.4,M,1,0.00871857,0.077087,0.206823,2.72344,F
1646,1,HappyBirthday,1163,4015,F,1,0,0.379878,1806.41,0,F
1646,1,HappyBirthday,893,18980.1,M,1,2.4567e-05,0.0398315,4433.41,0.0488574,F
1646,1,Births,1609,0,F,0,0,0.0395951,0,0,F
1647,1,HappyBirthday,1111,4380,M,1,7.28472e-05,0.462683,2.11383,0.0226178,F
1647,1,HappyBirthday,926,10950.1,F,1,8.60218e-05,0.540399,34.0351,0.0273192,F
1647,1,HappyBirthday,1337,2555,F,1,0.000888879,0.243132,305.421,0.589087,F
1648,1,HappyBirthday,142,9125.26,F,1,9.13261e-08,4.52229,9827.72,0.000299,F
1648,1,HappyBirthday,1377,2190,M,1,0.0131735,0.135239,2538.4,4.15037,F
1648,1,HappyBirthday,873,26645.2,M,1,0.00397379,4.48123,20028.5,8.71965,F
1649,1,HappyBirthday,1164,4015,F,1,0.00319998,0.0848452,440.612,1.07085,F
1649,1,HappyBirthday,1537,730,M,1,5.15546e-05,1.19499,218171,0.538854,F
1649,1,HappyBirthday,677,6570.03,M,1,0.0104643,0.10388,2.44574,3.26964,F
1650,1,HappyBirthday,1426,1825,F,1,0.0137365,0.185774,6989.73,5.05774,F
1650,1,HappyBirthday,65,12045.1,F,1,0.128675,2.77977,5.29576,42.8139,F
1650,1,HappyBirthday,66,5475.75,M,1,0.00253471,0.496164,3.24286,0.789297,F
1651,1,HappyBirthday,1459,1460,F,1,0.601413,0.154423,188.237,315.335,F
1651,1,HappyBirthday,1538,730,F,1,0.308456,1.52605,14842.7,1077.89,F
1651,1,HappyBirthday,517,17520.8,F,1,0.0455855,2.33107,0.847594,14.5204,F
1651,1,HappyBirthday,703,9125.76,F,1,9.97852e-06,0.370093,49.0149,0.0031222,F
1651,1,HappyBirthday,1539,730,M,1,0.244515,0.0881847,124.134,92.0141,F
1652,1,HappyBirthday,17,6570.94,M,1,0.0562119,0.58679,917.271,90.2136,F
1652,1,HappyBirthday,1498,1095,M,1,0.58519,0.0825898,11719.1,714.215,F
1652,1,HappyBirthday,1499,1095,M,1,0.00441275,0.0450771,12.4579,1.45124,F
1653,1,HappyBirthday,1378,2190,M,1,0.00640584,0.0409583,8365.15,19.6897,F
1654,1,HappyBirthday,1165,4015,M,1,0.0527935,0.13072,3.02186,16.889,F
1654,1,HappyBirthday,790,23360.8,F,1,0.00441022,0.376258,31.0685,1.5868,F
1655,1,HappyBirthday,304,6570.03,F,1,3.72985e-06,9.38369,1221.08,0.00607948,F
1655,1,HappyBirthday,1112,4380,F,1,0.00875473,2.93304,5.05073,2.79406,F
1656,1,HappyBirthday,1295,2920,F,1,0.38041,1.35935,719.963,182.445,F
1656,1,HappyBirthday,1379,2190,F,1,0.0577281,0.823678,4058.25,38.5227,F
1656,1,HappyBirthday,884,18980,M,1,0.0589836,2.42282,202.327,19.1115,F
1656,1,HappyBirthday,940,24455.5,M,1,0.0543155,4.56903,0.0099638,17.3568,F
1657,1,HappyBirthday,200,5475.68,M,1,0.00353037,1.9536,17.2704,1.11151,F
1658,1,HappyBirthday,504,14600.9,F,1,0.000381479,0.299399,101.668,0.149082,F
1658,1,HappyBirthday,1380,2190,M,1,0.0479837,1.75853,1.52727,15.2861,F
1659,1,HappyBirthday,1460,1460,F,0,0,0.00535368,0,0,F
1659,1,HappyBirthday,581,13870.5,F,1,0.00103801,1.9329,0.241478,0.32289,F
1660,1,HappyBirthday,1066,4745,M,1,0.114596,0.993159,1.17431,37.8985,F
1660,1,HappyBirthday,1027,5110,F,1,0.00107276,2.01004,4285.42,1.91929,F
1661,1,HappyBirthday,61,12775.7,M,1,0.000153262,0.611052,3.53659,0.0477318,F
1661,1,HappyBirthday,81,20805.5,M,1,0.0327936,0.43479,42.0115,10.9168,F
1661,1,HappyBirthday,1461,1460,M,1,0.245613,2.30642,0.94403,87.6725,F
1661,1,HappyBirthday,614,14600.3,F,1,0.00260692,4.88314,353.154,0.842382,F
1661,1,HappyBirthday,820,13140.3,M,1,0.078039,0.863655,0.133042,25.2509,F
1661,1,HappyBirthday,1296,2920,F,1,0.025681,0.678284,7.27713,8.20397,F
1662,1,HappyBirthday,143,9490.76,F,1,0.000794083,10.944,0.425291,0.246737,F
1662,1,HappyBirthday,1582,365,M,1,0.161228,3.12606,27367.4,938.037,F
1663,1,HappyBirthday,398,15330.8,M,1,0.110976,1.70735,0.970606,36.7024,F
1663,1,HappyBirthday,1382,2190,M,1,0.00476868,0.675715,12.8647,1.58119,F
1663,1,HappyBirthday,669,8395.55,M,1,0.00203018,3.45695,589.991,1.18722,F
1663,1,HappyBirthday,1501,1095,M,1,0.00237346,0.0238339,22.3545,0.759955,F
1664,1,HappyBirthday,32,5840.72,F,1,0.389891,0.355733,1.35967,153.674,F
1664,1,HappyBirthday,1068,4745,M,1,3.64307e-05,0.0495719,0.00297338,0.0113556,F
1664,1,HappyBirthday,301,6570.19,M,1,0.00965816,8.5286,0.60924,3.0161,F
1664,1,HappyBirthday,531,13870.7,M,1,0.00765961,0.161324,14415.6,4.05221,F
1664,1,HappyBirthday,542,20440.7,M,1,0.000626141,0.812329,0,0.194676,F
1665,1,HappyBirthday,1502,1095,M,1,0.00162631,0.791833,101.51,0.591193,F
1665,1,HappyBirthday,1114,4380,F,1,0.0465184,0.0343716,1.02249,14.8575,F
1665,1,HappyBirthday,1540,730,F,1,0.527892,0.201903,168.613,241.855,F
1666,1,HappyBirthday,221,21535.1,M,1,0.00913016,0.433033,12.1675,2.85427,F
1666,1,HappyBirthday,1541,730,M,1,0.00242267,0.139296,134.577,0.772514,F
1666,1,HappyBirthday,644,14600.2,F,1,0.0556331,0.277772,49.1139,17.8558,F
1666,1,HappyBirthday,1069,4745,M,1,0.000337595,0.0543907,34.8189,0.111313,F
1667,1,HappyBirthday,1029,5110,F,1,0.0284234,1.95621,71.1174,9.15188,F
1667,1,HappyBirthday,1115,4380,F,1,0.332482,13.9444,185.693,127.025,F
1667,1,HappyBirthday,895,12775.6,F,1,0.0359069,0.339559,33.6483,12.1301,F
1668,1,HappyBirthday,1383,2190,F,1,0.84227,3.90305,128.7,658.677,F
1668,1,HappyBirthday,761,12775.7,M,1,0.00446411,1.94016,60.7137,1.39286,F
1669,1,HappyBirthday,287,12045.9,F,1,0.000106337,2.37228,0.110577,0.0330346,F
1669,1,HappyBirthday,1070,4745,F,1,0.153829,0.0152212,655.121,64.0844,F
1669,1,HappyBirthday,1297,2920,M,1,0.708286,0.600543,383.606,436.912,F
1669,1,HappyBirthday,633,14235.4,M,1,0.00998557,11.0677,40.476,3.72152,F
1670,1,HappyBirthday,1254,3285,M,1,0.00246684,0.324141,0.296027,0.767478,F
1671,1,HappyBirthday,1384,2190,F,1,0.00676395,0.656672,16775,6.68407,F
1671,1,HappyBirthday,1583,365,F,1,0.184484,0.562528,88965.7,1204.37,F
1671,1,HappyBirthday,875,12775.6,F,1,0.0180545,20.1623,102.631,6.35043,F
1672,1,HappyBirthday,314,25915.6,F,1,0.00670743,0.366133,1132.86,2.16657,F
1672,1,HappyBirthday,1503,1095,M,1,0.00131578,0.103009,41.7417,0.433926,F
1672,1,Births,1610,0,M,0,0,1.91745,0,0,F
1673,1,HappyBirthday,306,5840.97,M,1,3.44467e-05,0.781135,73.4704,0.0119008,F
1674,1,HappyBirthday,1428,1825,M,1,0.0130559,0.0728099,247.529,4.30581,F
1674,1,HappyBirthday,793,11680.2,F,1,0.00121565,1.28998,7.29934,0.383389,F
1674,1,HappyBirthday,1256,3285,F,1,0.000764402,1.03648,122.894,0.28364,F
1675,1,HappyBirthday,22,13505.1,M,1,0.00124492,0.900144,36.4554,0.403082,F
1676,1,HappyBirthday,189,11316,M,1,0.00614724,0.421146,0.019657,1.91642,F
1676,1,HappyBirthday,197,13505.5,M,1,0.0063152,1.83074,0.563818,1.97016,F
1676,1,HappyBirthday,222,14600.2,M,1,8.09029e-05,0.651067,1177.89,0.0294664,F
1676,1,HappyBirthday,342,5840.12,F,1,0.012477,0.757987,15.8708,3.90515,F
1676,1,Births,1611,0,M,0,0,0.0321904,0,0,F
1677,1,HappyBirthday,1542,730,M,1,0.156111,9.52252,2.14596,52.9477,F
1677,1,HappyBirthday,156,7300.59,F,1,0.00144667,0.151183,303.792,0.449678,F
1677,1,HappyBirthday,1116,4380,M,1,0.079859,2.83295,9585.64,287.691,F
1677,1,HappyBirthday,1117,4380,M,1,0.00225275,0.561177,49.9433,0.703112,F
1677,1,Births,1612,0,F,0,0,0.606049,0,0,F
1678,1,HappyBirthday,1118,4380,M,1,0,0.228973,131.81,0,F
1678,1,HappyBirthday,1031,5110,M,1,0.108862,0.363351,404.182,43.2061,F
1679,1,HappyBirthday,94,7300.6,M,1,0.000540007,1.66339,1.64597,0.168532,F
1679,1,HappyBirthday,237,6570.12,M,1,0,0.00858246,0.0167754,0,F
1679,1,HappyBirthday,305,16790.9,M,1,0.00945774,4.86805,215.633,3.42045,F
1679,1,HappyBirthday,631,17155.4,F,1,0.0190194,8.6446,0.004257,5.96682,F
1679,1,Births,1613,0,M,0,0,0.265264,0,0,F
1680,1,HappyBirthday,1071,4745,M,1,0.356077,5.80691,20.4132,143.984,F
1680,1,HappyBirthday,1339,2555,F,1,0.239266,0.268477,20.0053,87.6172,F
1681,1,HappyBirthday,95,5840.25,F,1,0.00794993,0.921138,0.0127222,2.48027,F
1682,1,HappyBirthday,1462,1460,M,1,0.00431373,0.18363,536.65,3.2858,F
1683,1,HappyBirthday,76,25550,M,1,0.0646306,0.320753,1.64456,20.787,F
1683,1,HappyBirthday,1214,3650,F,1,0.000490964,0.660741,45529.2,4.35262,F
1683,1,HappyBirthday,1167,4015,F,1,0.00340937,0.502689,66.3278,1.3435,F
1683,1,Births,1614,0,M,0,0,0.119845,0,0,F
1684,1,HappyBirthday,1072,4745,M,1,0.000125556,4.0601,3296.91,0.197645,F
1684,1,Births,1615,0,M,0,0,0.33522,0,0,F
1685,1,HappyBirthday,1215,3650,F,1,2.73301e-05,0.0795369,655.663,0.0316558,F
1685,1,HappyBirthday,1584,365,M,1,0.562225,0.0208081,1403.46,296.198,F
1685,1,HappyBirthday,920,6205.1,M,1,0.000336291,4.43562,139.442,0.164367,F
1685,1,Births,1616,0,F,0,0,0.079979,0,0,F
1686,1,HappyBirthday,1032,5110,F,1,5.60192e-05,0.506451,654.333,0.0215014,F
1687,1,HappyBirthday,881,8030.01,M,1,0.0392199,91.6594,0.0622282,12.436,F
1687,1,HappyBirthday,1257,3285,F,1,0.14045,1.6909,11.4067,47.9048,F
1688,1,HappyBirthday,484,18980.4,F,1,0.00233237,0.661385,4.61258,0.725999,F
1688,1,HappyBirthday,1033,5110,M,1,0.000510555,0.798526,0.0256188,0.158667,F
1688,1,Births,1617,0,M,0,0,0.00185165,0,0,F
1689,1,HappyBirthday,1298,2920,M,1,0.00177231,0.454462,5265.23,3.95836,F
1689,1,HappyBirthday,1463,1460,F,1,0.0322877,0.307931,0.899406,10.2259,F
1689,1,Births,1618,0,M,0,0,0.00903585,0,0,F
1690,1,HappyBirthday,75,12045.3,F,1,0.0174479,0.364016,214.682,10.3537,F
1690,1,HappyBirthday,454,22630.1,F,1,0.00206005,1.34318,2.96102,0.641748,F
1690,1,HappyBirthday,810,14965.2,M,1,0.173337,2.60753,6.32381,59.1766,F
1690,1,HappyBirthday,850,8030.21,F,1,0.0230486,2.23581,9.5731,7.25411,F
1691,1,HappyBirthday,1119,4380,F,1,0.354809,0.0723374,18.4992,143.146,F
1691,1,HappyBirthday,408,9855.22,M,1,0.00122265,8.5959,1213.04,1.04584,F
1691,1,Births,1619,0,M,0,0,0.0153061,0,0,F
1692,1,HappyBirthday,57,17155.1,F,1,0.00030702,0.329428,6.59253,0.0962112,F
1692,1,HappyBirthday,1585,365,M,1,0.113923,0.790435,3698.25,183.334,F
1692,1,HappyBirthday,462,17885.2,M,1,0.000449387,2.70785,53574.4,1.13979,F
1692,1,HappyBirthday,918,25915.2,M,0,0,0.0261317,0,0,F
1693,1,HappyBirthday,10,11315.8,F,1,0.0650704,1.64404,0.223508,20.9255,F
1693,1,HappyBirthday,212,12410.8,M,1,0.0704829,0.378793,49.6545,24.3963,F
1693,1,HappyBirthday,1300,2920,M,1,0.00319352,0.304706,45.9829,1.0866,F
1693,1,HappyBirthday,1073,4745,M,1,0.0163109,0.207347,0.418295,5.1145,F
1694,1,HappyBirthday,1504,1095,M,1,0.286391,0.76559,12.7383,107.161,F
1694,1,HappyBirthday,453,11680.8,M,1,0.000648313,3.09361,385.654,0.220894,F
1694,1,HappyBirthday,1464,1460,F,1,0.00240587,0.0488544,35.2878,0.881352,F
1695,1,HappyBirthday,126,9125.74,M,1,0.000627266,0.165778,0.0130494,0.194911,F
1695,1,HappyBirthday,1260,3285,F,1,0.789555,0.0772987,9.01208,492.749,F
1695,1,HappyBirthday,378,17885.8,F,1,0.103514,5.05049,1.1576,34.005,F
1695,1,HappyBirthday,496,9125.51,M,1,0.000461519,5.34325,3893.96,0.790688,F
1696,1,HappyBirthday,1342,2555,F,1,0.00119218,0.370201,150.493,0.449468,F
1696,1,HappyBirthday,696,11680.2,M,1,0.00956712,10.8745,26.5754,3.33694,F
1697,1,HappyBirthday,665,8760.09,F,1,1.41228e-06,0.413943,0.750892,0.0004422,F
1697,1,HappyBirthday,688,8395.54,M,1,0.000381729,1.10069,632.183,0.130811,F
1698,1,HappyBirthday,170,16790.7,M,1,4.68213e-05,3.55199,0.004164,0.0145114,F
1698,1,HappyBirthday,1505,1095,M,1,0.202663,0.259944,5752.84,1126.24,F
1698,1,HappyBirthday,616,6205.11,F,1,0.00860599,0.596523,0.17231,2.68796,F
1699,1,HappyBirthday,110,5475.13,F,1,0.00231625,0.0513953,10.974,0.721079,F
1700,1,HappyBirthday,501,20805.4,F,1,0.0256704,1.40974,1.22402,8.11506,F
1701,1,HappyBirthday,519,9490.7,F,1,0.00106081,0.350278,0.200532,0.329816,F
1701,1,HappyBirthday,1586,365,F,1,0.157298,0.245701,63052.5,1561.37,F
1701,1,HappyBirthday,927,21535.7,M,1,1.41105e-05,1.14774,0.089717,0.0043652,F
1702,1,HappyBirthday,83,5840.19,F,1,0.00178332,0.163263,46.5173,0.556671,F
1702,1,HappyBirthday,310,10585.8,F,1,0.000350124,0.293227,0.0004222,0.108863,F
1702,1,HappyBirthday,1301,2920,F,1,0.0314765,0.180841,0.288656,9.94029,F
1702,1,HappyBirthday,379,16790.8,F,1,0.00011009,0.439159,6.67628,0.034284,F
1702,1,HappyBirthday,1034,5110,M,1,0.00124737,0.391261,0.00421496,0.388092,F
1703,1,HappyBirthday,25,5475.06,M,1,0,0.370958,310.888,0,F
1703,1,HappyBirthday,991,20075.8,M,1,0.0158153,1.761,195.087,6.30323,F
1704,1,HappyBirthday,883,12045.6,F,1,0.859904,0.200242,409.448,941.92,F
1705,1,HappyBirthday,1261,3285,M,1,0.00404881,0.19989,15941.5,2.23048,F
1705,1,HappyBirthday,396,8760.19,F,1,0,0.66804,17425.9,0,F
1705,1,HappyBirthday,1121,4380,F,1,0.000495262,2.76141,0.389455,0.154037,F
1706,1,HappyBirthday,196,9125.87,M,1,0.11439,7.6079,0.36077,37.7564,F
1706,1,HappyBirthday,1122,4380,M,1,0.00149822,1.34317,80.3722,0.468294,F
1706,1,HappyBirthday,1465,1460,M,1,0.00450756,0.0128491,2113.37,10.3523,F
1706,1,HappyBirthday,1262,3285,F,1,0.103655,1.11408,1074.04,149.893,F
1706,1,HappyBirthday,471,11680.4,M,1,0.00133683,0.629738,4.06e-05,0.415802,F
1708,1,HappyBirthday,323,7300.32,M,1,0.0168353,0.888798,5.9941,5.32373,F
1709,1,HappyBirthday,160,10220.2,M,1,5.98337e-05,2.68238,5.18057,0.0189812,F
1709,1,HappyBirthday,294,6570.07,M,1,0,0.484856,20.8612,0,F
1709,1,HappyBirthday,1506,1095,M,1,0.561208,0.0180618,11500.5,583.522,F
1710,1,HappyBirthday,544,5475.89,F,1,0.00110031,0.0249427,410.736,0.367673,F
1710,1,HappyBirthday,545,32120.3,F,1,0.0260863,14.9602,0.401154,8.218,F
1711,1,HappyBirthday,512,11680,F,1,0.00115595,0.288991,0.0794976,0.3596,F
1711,1,HappyBirthday,969,12775.7,M,1,0.000290696,2.34929,8.3035,0.0909722,F
1712,1,HappyBirthday,5,29200.6,M,1,0.000155063,0.1294,81.7369,0.0541762,F
1712,1,HappyBirthday,458,5475.13,F,1,0.126147,1.55631,28.3527,43.6881,F
1712,1,HappyBirthday,1001,5475.39,M,1,0.00251091,0.108906,171.128,1.34742,F
1713,1,HappyBirthday,277,22265.8,F,1,0.0553078,6.42562,8.11572,17.7212,F
1713,1,HappyBirthday,1263,3285,M,1,0.00053568,0.652766,530.214,0.194537,F
1713,1,HappyBirthday,1431,1825,F,1,0.240669,0.232462,3.53456,86.9451,F
1714,1,HappyBirthday,1124,4380,F,1,0.0166149,3.12584,5968.27,6.54273,F
1715,1,HappyBirthday,1386,2190,F,1,0.0815177,0.475767,2675.91,125.807,F
1717,1,HappyBirthday,1126,4380,F,1,0.000920296,2.13778,48709.3,1.43666,F
1717,1,HappyBirthday,724,7300.92,M,1,0.000322865,1.47219,959.185,0.350487,F
1717,1,HappyBirthday,1125,4380,F,1,0.000172987,1.9423,8125.85,0.075373,F
1718,1,HappyBirthday,679,13140.9,F,1,0.0148375,43.0128,5.66061,4.64567,F
1720,1,HappyBirthday,1466,1460,M,1,0.00500587,0.0451697,802.829,2.08374,F
1720,1,HappyBirthday,548,9490.57,F,1,0.00201534,0.0161938,3.78e-05,0.626972,F
1720,1,HappyBirthday,932,36135.9,F,1,0.430459,1.66907,8.73557,174.954,F
1721,1,HappyBirthday,99,6205.81,F,1,0.000195193,5.23236,0.0287696,0.0605947,F
1721,1,HappyBirthday,694,16790.9,M,1,0.212177,1.13515,24353.1,235.444,F
1721,1,HappyBirthday,743,8030.29,F,1,0.00016595,0.902242,1.59121,0.0515468,F
1721,1,HappyBirthday,839,12775.6,M,1,0.01666,7.61826,0.0721062,5.22093,F
1722,1,HappyBirthday,1343,2555,M,1,0.000714135,0.115942,1695.12,1.72965,F
1722,1,HappyBirthday,595,32850.3,F,1,0.007151,9.00166,0.604565,2.23111,F
1723,1,HappyBirthday,1036,5110,F,1,2.12588e-06,0.127983,902.622,0.00189374,F
1723,1,HappyBirthday,1344,2555,M,1,0.0202631,0.598138,9310.53,68.5446,F
1724,1,HappyBirthday,4,22630.5,M,1,0.609397,0.108111,373.156,317.168,F
1725,1,HappyBirthday,90,35405.4,F,1,0.0664508,0.637908,0.0054228,21.3698,F
1725,1,HappyBirthday,1302,2920,F,1,0.00445762,0.164571,9.71898,1.45359,F
1726,1,HappyBirthday,38,5840.4,F,1,0.000459793,0.0760259,0.0120943,0.142975,F
1726,1,HappyBirthday,59,7665.86,F,1,1.50432e-05,0.239963,16.9931,0.0046994,F
1726,1,HappyBirthday,242,30295.9,F,1,0.000293955,26.1755,167.432,0.154598,F
1726,1,HappyBirthday,1127,4380,F,1,0.00039697,0.030098,0.0031628,0.123445,F
1727,1,HappyBirthday,477,14600.2,F,1,0.0908985,0.610724,100.57,30.3967,F
1727,1,HappyBirthday,917,18250.7,F,1,0.00169393,1.24006,122.054,0.622704,F
1728,1,HappyBirthday,1507,1095,M,1,0.0111903,0.147126,4280.01,17.5044,F
1728,1,HappyBirthday,950,20440.3,M,1,0.150927,2.04655,14.2193,53.1809,F
1729,1,HappyBirthday,1544,730,M,1,0.000458975,0.0808364,16.293,0.14631,F
1729,1,HappyBirthday,800,6205.31,F,1,0.122842,0.403291,2.10588,40.8597,F
1729,1,HappyBirthday,1387,2190,F,1,0.0634796,2.71085,15753.4,36.8097,F
1729,1,HappyBirthday,1170,4015,M,1,0.00242741,0.939522,0.00048716,0.755569,F
1731,1,HappyBirthday,1304,2920,F,1,0.0538182,0.877584,1.2198,17.2689,F
1731,1,HappyBirthday,1219,3650,F,1,0.00560116,0.993506,0.0259244,1.7456,F
1731,1,HappyBirthday,1265,3285,F,1,0.000971708,0.0179228,118.146,0.35298,F
1731,1,HappyBirthday,1171,4015,F,1,0.0213666,1.97954,0.0146219,6.71283,F
1732,1,HappyBirthday,670,17885.3,M,1,0.0180331,0.761304,83.4417,6.36386,F
1733,1,HappyBirthday,508,12045.3,F,1,0.00101025,0.386902,27831.1,1.07182,F
1733,1,HappyBirthday,985,8760.03,M,1,0.00749223,0.132472,467.808,3.77467,F
1734,1,HappyBirthday,1266,3285,M,1,0.00832955,23.5121,19.8931,2.60194,F
1734,1,HappyBirthday,168,15695,F,1,0.000626451,1.3447,370.906,0.500964,F
1734,1,HappyBirthday,179,10950.1,M,1,0.0233147,0.269601,40.9296,7.77099,F
1734,1,HappyBirthday,427,8030.15,F,1,0.00809582,0.0232699,0.0003836,2.52632,F
1734,1,HappyBirthday,571,14965.6,F,1,0.00768397,30.3973,0.0115476,2.39758,F
1734,1,HappyBirthday,827,10221,F,1,0.0114451,0.914037,169.824,3.58209,F
1734,1,Births,1620,0,M,0,0,0.0706287,0,0,F
1735,1,HappyBirthday,252,7300.19,F,1,0.00464306,0.219127,11.0398,1.4733,F
1735,1,HappyBirthday,739,27375.9,F,1,0.768954,0.408574,5.38678,456.01,F
1735,1,HappyBirthday,853,15695.3,F,1,0.000194685,0.262327,57.7289,0.075081,F
1735,1,Births,1621,0,M,0,0,1.58545,0,0,F
1736,1,HappyBirthday,1388,2190,F,1,0.000359965,0.12329,13.254,0.114289,F
1737,1,HappyBirthday,18,17155.7,M,1,0.000362042,3.10018,22.91,0.113268,F
1737,1,HappyBirthday,1509,1095,M,1,0.02723,0.850973,2276.36,34.3354,F
1738,1,HappyBirthday,131,14600,F,1,0.00701174,8.9945,222.773,2.69452,F
1738,1,HappyBirthday,1221,3650,M,1,0.0366549,3.67867,564.813,21.2012,F
1738,1,HappyBirthday,392,23360.1,F,1,0.0716193,3.54756,73.3189,23.2116,F
1738,1,HappyBirthday,528,8030.58,M,1,0.00109824,0.514975,904.275,0.402536,F
1738,1,HappyBirthday,742,8760.81,F,1,0.000186486,0.530986,182.306,0.101952,F
1738,1,HappyBirthday,1510,1095,F,1,0.017709,0.0830889,86.3069,6.07505,F
1740,1,HappyBirthday,98,17520.3,M,1,0.0106467,0.501239,2359.19,3.36412,F
1740,1,HappyBirthday,1545,730,F,1,0.682712,0.75815,22.3135,396.783,F
1741,1,HappyBirthday,1546,730,M,1,0.0119968,2.62187,3.72278,3.78914,F
1741,1,HappyBirthday,658,10220.5,F,1,0.00775555,0.184857,3.37303,2.42907,F
1741,1,HappyBirthday,787,12775.9,F,1,5.27264e-05,0.979733,0.0129736,0.016367,F
1741,1,HappyBirthday,1172,4015,M,1,0.000943499,4.17517,5785.62,2.26725,F
1743,1,HappyBirthday,452,17885.4,F,1,0.0329575,2.10283,1874.03,37.2727,F
1743,1,HappyBirthday,1468,1460,F,1,0.000950557,0.115847,387.831,0.574591,F
1744,1,HappyBirthday,1345,2555,M,1,0.0454915,0.995442,180.32,24.3503,F
1744,1,HappyBirthday,1130,4380,M,1,0.00220543,0.498872,1683.28,1.31376,F
1744,1,HappyBirthday,412,9125.56,M,1,0.0511608,1.25464,204.346,16.3947,F
1744,1,HappyBirthday,1432,1825,M,1,0,0.00440441,10681.1,0,F
1745,1,HappyBirthday,497,12410.8,F,1,0.000398372,3.37768,1119.54,0.299363,F
1745,1,Births,1622,0,M,0,0,0.0145989,0,0,F
1746,1,HappyBirthday,1547,730,F,1,6.8971e-05,0.153191,64009.8,0.759768,F
1746,1,HappyBirthday,672,13140.5,M,1,0.0112541,0.296011,1444.37,9.89984,F
1746,1,HappyBirthday,1587,365,M,1,0.49136,1.80196,12006.4,378.742,F
1747,1,HappyBirthday,1267,3285,F,1,0.00598476,0.624627,3.22223,1.87573,F
1748,1,HappyBirthday,622,8030.69,F,1,0.101795,1.36238,6.02005,34.1874,F
1749,1,HappyBirthday,64,9490.04,M,1,0.0055985,0.30062,106.508,1.75682,F
1749,1,HappyBirthday,1390,2190,M,1,0.00202133,4.19688,5211.32,5.31254,F
1749,1,HappyBirthday,1433,1825,F,1,0.00446867,0.0682516,55.7597,1.5794,F
1749,1,HappyBirthday,373,9125.93,M,1,3.55226e-05,0.353671,7.74e-05,0.0110004,F
1749,1,HappyBirthday,656,22995.5,M,1,0.19338,3.49205,1125.7,188.906,F
1749,1,HappyBirthday,886,11315.8,M,1,9.6179e-06,0.321025,37972.4,0.0363732,F
1751,1,HappyBirthday,1000,21535.5,M,1,0.00656313,0.140238,329.682,2.23824,F
1751,1,HappyBirthday,1305,2920,M,1,0.194973,1.07736,2213.89,271.133,F
1752,1,HappyBirthday,349,14235.6,M,1,0.00315746,2.13992,60.7863,0.987923,F
1752,1,HappyBirthday,479,6205.73,F,1,0.000172469,0.231992,0.0146514,0.053581,F
1752,1,HappyBirthday,1222,3650,M,1,0.0711136,0.226487,81.1215,23.323,F
1752,1,HappyBirthday,755,11680.2,M,1,0.132485,2.57469,568.991,55.0317,F
1752,1,HappyBirthday,866,12045.7,F,1,0.000990176,6.91638,10089.5,0.522834,F
1752,1,HappyBirthday,1268,3285,M,1,0.0666836,0.276706,2370.29,33.777,F
1753,1,HappyBirthday,234,12775.8,F,1,0.000522167,0.735911,729.011,0.339048,F
1753,1,HappyBirthday,731,13505.8,M,1,0,0.0534609,0,0,F
1753,1,HappyBirthday,763,13870.4,M,1,0.00821998,0.368513,429.689,5.97063,F
1754,1,HappyBirthday,1306,2920,M,1,0.0246492,0.25004,884.943,9.3494,F
1754,1,HappyBirthday,312,6205.1,M,1,0.116665,20.2444,16.9278,38.7526,F
1754,1,HappyBirthday,411,13140.1,M,1,0.140686,2.19823,6.56336,47.4951,F
1755,1,HappyBirthday,466,18615.5,M,1,0.311072,0.0549034,0.0134534,115.801,F
1755,1,HappyBirthday,558,8030.19,M,1,6.12325e-06,0.10675,6.38373,0.001916,F
1755,1,HappyBirthday,1549,730,F,1,0.592848,0.129001,29.1891,293.521,F
1755,1,HappyBirthday,729,8030.96,M,1,0.053577,0.617209,604.88,43.9611,F
1755,1,HappyBirthday,745,6570.36,F,1,0.00110831,11.3574,9.61832,0.355965,F
1755,1,HappyBirthday,1469,1460,M,1,0.393905,0.107655,23530.5,479.763,F
1755,1,HappyBirthday,1550,730,M,1,0.00353143,1.30933,1.83454,1.10959,F
1755,1,HappyBirthday,983,7665.37,F,1,2.53959e-05,0.432936,47302.5,0.235684,F
1755,1,Births,1623,0,M,0,0,0.181846,0,0,F
1756,1,HappyBirthday,68,12045.5,M,1,0.119195,0.28538,38.6883,41.7167,F
1756,1,HappyBirthday,461,14235.8,M,1,0.0039419,2.84286,46.6274,1.46739,F
1756,1,HappyBirthday,1346,2555,M,1,0.173734,1.21135,119.405,69.2963,F
1756,1,HappyBirthday,1511,1095,F,1,0.463064,0.578959,478.204,197.03,F
1756,1,HappyBirthday,1074,4745,F,1,0.0718913,0.183277,115.635,23.9082,F
1757,1,HappyBirthday,113,28835.6,M,1,0.0717927,1.39269,0.180036,23.1634,F
1757,1,HappyBirthday,1391,2190,M,1,0.0794372,2.06418,2964.53,33.2453,F
1758,1,HappyBirthday,109,18980.4,M,1,0.00393844,0.455256,26.1519,1.3863,F
1759,1,HappyBirthday,1223,3650,F,1,2.96846e-05,0.0623446,663.548,0.0178073,F
1759,1,HappyBirthday,1269,3285,M,1,0.00139299,0.982759,2.71987,0.439322,F
1759,1,HappyBirthday,949,9490.87,M,1,6.8863e-07,0.0967736,1.1725,0.0002134,F
1760,1,HappyBirthday,1588,365,F,1,0.00390502,9.16359,40.9083,1.26485,F
1760,1,HappyBirthday,1551,730,F,1,0.000623741,0.0785319,0.254747,0.194055,F
1760,1,HappyBirthday,286,10220.4,M,1,0.000170716,3.62122,17.3785,0.0545876,F
1760,1,HappyBirthday,709,10585.2,F,1,0.00100241,6.5486,92.0553,0.326913,F
1760,1,HappyBirthday,792,27375,F,1,0.274413,0.391959,80.0693,137.157,F
1760,1,HappyBirthday,831,14600.8,F,1,0.00305228,0.163141,66.3652,0.956259,F
1761,1,HappyBirthday,1224,3650,F,1,0.166923,4.24291,0.522567,56.7954,F
1762,1,HappyBirthday,1347,2555,F,1,0.00439737,0.174178,239.361,1.8581,F
1762,1,HappyBirthday,692,6205.47,M,1,0.0132032,3.32401,37.0525,4.15426,F
1762,1,HappyBirthday,1040,5110,M,1,0.0194333,1.07693,152.079,7.61037,F
1763,1,HappyBirthday,244,14965.1,M,1,0.0325937,0.223228,791.937,37.5703,F
1763,1,HappyBirthday,440,32850.7,M,1,0.029756,1.51387,1680.4,9.64227,F
1763,1,HappyBirthday,795,8760.67,M,1,0.0312646,2.38244,12.7099,9.90514,F
1764,1,HappyBirthday,329,8030.66,M,1,0.0545447,2.64411,2.03242,17.481,F
1764,1,HappyBirthday,740,10950.9,M,1,0.000629566,0.519584,292.693,0.207831,F
1765,1,HappyBirthday,157,9125.51,F,1,0,3.03601,28.0197,0,F
1765,1,HappyBirthday,606,12045.5,F,1,0.123728,2.77698,6.63521,42.2629,F
1765,1,HappyBirthday,1392,2190,M,1,0.424987,0.0711792,69.5468,190.141,F
1765,1,HappyBirthday,1589,365,M,1,0.00617274,0.0781498,8.80078,1.99959,F
1766,1,HappyBirthday,278,14235.2,M,1,0.00238558,1.93302,0.528594,0.742855,F
1766,1,HappyBirthday,1131,4380,M,1,0.000164481,0.122115,394.326,0.05376,F
1766,1,HappyBirthday,1270,3285,F,1,0.00030471,0.13721,466.991,0.158564,F
1767,1,HappyBirthday,1226,3650,M,1,0.00101387,4.94959,9123.99,0.43947,F
1767,1,HappyBirthday,1132,4380,F,1,0.0013793,3.74487,0.253705,0.429159,F
1768,1,HappyBirthday,272,8395.69,F,1,0.00348572,0.254315,49.0103,1.11423,F
1768,1,HappyBirthday,436,13870.2,F,1,0.00301149,0.190329,186.803,1.22318,F
1768,1,HappyBirthday,525,5475.04,M,1,0.000187549,0.0331657,7285.2,0.486529,F
1769,1,HappyBirthday,1512,1095,M,1,0.181443,0.121082,85266.5,1111.97,F
1769,1,HappyBirthday,465,6205.49,M,1,0.00190495,1.09642,37.5316,0.618729,F
1769,1,HappyBirthday,623,21535.6,F,1,0.000146243,0.178417,38.3758,0.0460156,F
1769,1,HappyBirthday,847,6935.4,F,1,0.0188695,8.76936,17.0842,5.93545,F
1770,1,HappyBirthday,756,17520.6,F,1,0.0226334,3.76273,140.041,7.22644,F
1770,1,HappyBirthday,922,12775,F,1,0.000232974,5.10253,6884.12,0.0755758,F
1771,1,HappyBirthday,78,6205.57,M,1,0.0622286,0.356436,0.556953,19.9815,F
1771,1,HappyBirthday,1133,4380,M,1,0.0417966,2.89481,233.44,13.6093,F
1771,1,HappyBirthday,354,13505.6,F,1,1.31915e-05,1.47516,53096.1,0.0343474,F
1771,1,HappyBirthday,1227,3650,M,1,0.0795138,0.0504323,12.8571,25.7572,F
1771,1,HappyBirthday,1041,5110,M,1,0.489316,0.925252,29.7377,209.502,F
1772,1,HappyBirthday,27,21900,M,1,0.000756918,0.00563664,148.176,0.288362,F
1772,1,HappyBirthday,1134,4380,M,1,0.0393751,1.19624,5.89982,12.5956,F
1772,1,HappyBirthday,1076,4745,M,1,5.91707e-05,0.083736,3455.9,0.0425385,F
1773,1,HappyBirthday,1175,4015,M,1,6.2755e-05,0.143709,105.682,0.0215577,F
1773,1,HappyBirthday,1513,1095,F,1,0.0269009,0.187231,35987.6,104.279,F
1773,1,HappyBirthday,1349,2555,M,1,0.384222,0.0744028,796.754,570.524,F
1773,1,HappyBirthday,1472,1460,F,1,0.125303,0.399428,39762.5,503.824,F
1773,1,HappyBirthday,600,5840.79,M,1,0.0973363,0.176493,3856.56,146.308,F
1773,1,HappyBirthday,1043,5110,M,1,0.0387895,0.70014,45.2064,13.5478,F
1774,1,HappyBirthday,82,26280.1,M,1,0.0689371,0.448348,249.469,22.8538,F
1774,1,HappyBirthday,1272,3285,M,1,0.00204909,0.180934,196.27,1.11114,F
1774,1,HappyBirthday,430,9855.63,F,1,9.62835e-05,0.565491,0.661449,0.02994,F
1775,1,HappyBirthday,1590,365,F,0,0,0.0148011,0,0,F
1775,1,HappyBirthday,48,13505.6,F,1,0.0164038,0.0783008,1819.88,5.52017,F
1775,1,HappyBirthday,173,28105.9,F,1,0.0229004,1.44127,3.76396,7.20038,F
1775,1,HappyBirthday,273,20440.2,F,1,2.88811e-05,2.92269,2019,0.0354588,F
1775,1,HappyBirthday,1273,3285,F,1,0.00924341,1.71058,2761.84,3.92817,F
1775,1,HappyBirthday,632,36135.4,M,1,0.584924,0.223317,44.172,274.494,F
1775,1,HappyBirthday,928,21170.2,F,1,0.00889024,1.58485,364.351,3.22302,F
1775,1,Births,1624,0,M,0,0,0.0207275,0,0,F
1776,1,HappyBirthday,1136,4380,F,1,0.0183685,0.392123,6.92465,5.78498,F
1776,1,HappyBirthday,518,17885.2,F,1,7.28065e-05,1.97741,56.6964,0.0232664,F
1776,1,HappyBirthday,523,11315.9,F,1,0.00492257,0.26425,11.9138,1.5383,F
1777,1,HappyBirthday,371,6205.76,M,1,0.00087679,1.9342,26.5884,0.276142,F
1777,1,HappyBirthday,653,9125.38,M,1,0.000920029,0.472665,3.48e-05,0.286156,F
1777,1,HappyBirthday,664,9855.47,M,1,0.00103212,1.71581,50.6586,0.348551,F
1777,1,HappyBirthday,712,18615.2,F,1,0.00884131,1.5605,3.53705,2.76567,F
1777,1,HappyBirthday,1393,2190,M,1,0.0083688,0.342146,15660.9,4.71586,F
1777,1,HappyBirthday,1137,4380,M,1,0.064186,0.295616,1.13335,20.6195,F
1777,1,HappyBirthday,838,8030.68,M,1,1.26109e-06,1.91506,562.256,0.0013078,F
1777,1,HappyBirthday,965,8030.67,F,1,0.00133462,1.0833,0.0503552,0.415327,F
1777,1,HappyBirthday,992,6935.86,M,1,0.00036402,15.5354,62.8956,0.1151,F
1778,1,HappyBirthday,250,17155.3,M,1,0.00156485,0.259137,13.2707,0.488573,F
1778,1,HappyBirthday,559,7665.1,F,1,0.000192747,0.257301,12272.8,0.814197,F
1779,1,HappyBirthday,1228,3650,F,1,0.00732407,0.252456,79.407,2.46756,F
1779,1,HappyBirthday,303,7300.26,F,1,0.0596075,0.568473,0.477459,19.1094,F
1780,1,HappyBirthday,1274,3285,M,1,0.0335605,1.16764,82.1836,10.9466,F
1780,1,HappyBirthday,347,11680.4,F,1,0.0346106,0.548935,0.492506,10.9476,F
1780,1,HappyBirthday,570,12775.4,M,1,0.401855,0.0543033,920.875,357.932,F
1781,1,HappyBirthday,450,5475.77,F,1,0.00105106,1.13073,98.7075,0.375546,F
1781,1,HappyBirthday,601,6570.33,M,1,0.000628886,15.6462,809.162,0.214184,F
1781,1,HappyBirthday,1229,3650,F,1,0.0924993,0.100825,784.838,34.772,F
1782,1,HappyBirthday,771,19710.7,F,1,0.00119665,0.375575,31.9089,0.390186,F
1782,1,HappyBirthday,842,21535.9,M,1,0.000375649,0.467844,0,0.116778,F
1783,1,HappyBirthday,1139,4380,M,1,0.0176918,5.20636,0.0259428,5.54743,F
1783,1,HappyBirthday,275,30660.3,F,1,0.345778,1.46656,2.94645,132.034,F
1783,1,HappyBirthday,315,8030.62,M,1,0.576761,0.474956,39.7381,274.718,F
1783,1,HappyBirthday,500,12775,M,1,0.00490787,0.0658818,0.103645,1.52929,F
1783,1,HappyBirthday,1138,4380,F,1,0.00894951,2.27184,6.64354,2.85779,F
1783,1,HappyBirthday,916,26280,F,1,0.00329598,0.223351,12241.8,2.15162,F
1783,1,Births,1625,0,F,0,0,0.194931,0,0,F
1784,1,HappyBirthday,1552,730,F,1,0.0906186,0.115626,23602,271.436,F
1785,1,HappyBirthday,1078,4745,F,1,0.150643,2.96405,10000.7,76.3812,F
1786,1,HappyBirthday,1275,3285,M,1,0.00520477,0.266306,11.5413,1.70491,F
1786,1,HappyBirthday,1434,1825,M,1,0.0081161,23.8658,4549.69,2.74035,F
1787,1,HappyBirthday,432,16790.9,F,1,0.00448237,0.589138,2728.93,1.62859,F
1787,1,HappyBirthday,492,5475.67,F,1,0.0200556,1.04411,0.847312,6.29676,F
1787,1,HappyBirthday,1140,4380,F,1,0.0154256,0.198146,2858.15,17.8382,F
1787,1,HappyBirthday,1350,2555,F,1,0.0341653,2.47223,3762.42,28.6691,F
1788,1,HappyBirthday,211,19710.6,M,1,0.00285158,0.205409,1558.95,2.7046,F
1788,1,HappyBirthday,339,15330.6,M,1,0.0282648,5.72058,1.37528,8.91087,F
1788,1,HappyBirthday,529,16790.6,F,1,0.000854779,0.0427921,272.806,0.26924,F
1789,1,HappyBirthday,191,5475.32,F,1,1.36379e-05,0.19047,281.116,0.00549298,F
1791,1,HappyBirthday,1396,2190,F,1,0.152351,3.45915,375.946,121.851,F
1791,1,Births,1626,0,F,0,0,0.0635366,0,0,F
1792,1,HappyBirthday,1141,4380,M,1,0.0185622,0.751377,4.2828,5.89925,F
1792,1,HappyBirthday,852,8030.57,M,1,0.679085,8.34176,125.24,405.753,F
1792,1,HappyBirthday,1230,3650,F,1,0.000291524,1.18045,19951.3,1.51546,F
1793,1,HappyBirthday,424,20440.9,M,1,0.000278188,0.14193,545.947,0.287354,F
1793,1,HappyBirthday,1080,4745,M,1,0.00423355,0.779882,0.888934,1.32293,F
1794,1,HappyBirthday,1276,3285,F,1,0.377726,0.127422,4.12508,148.403,F
1794,1,HappyBirthday,1231,3650,F,1,0.00240726,0.418256,115.887,0.779959,F
1795,1,HappyBirthday,1397,2190,M,1,0.0795178,0.141161,64.5998,28.6016,F
1795,1,HappyBirthday,924,17520.3,F,1,0.000234467,0.135432,1449.19,0.216796,F
1796,1,HappyBirthday,2,16790.4,M,1,0.00124857,3.76256,127.425,0.462412,F
1796,1,HappyBirthday,1398,2190,M,1,0.509518,1.4998,231.329,365.24,F
1796,1,HappyBirthday,309,7300.8,F,1,0.0138432,1.54528,731.632,8.56907,F
1797,1,HappyBirthday,1045,5110,F,1,0.0081127,0.469008,75.2489,2.54339,F
1797,1,HappyBirthday,1178,4015,M,1,0.00104468,0.409704,3013.92,1.52778,F
1797,1,HappyBirthday,1142,4380,F,1,0.209413,0.180114,2.67652,73.2682,F
1798,1,HappyBirthday,231,10220.5,F,1,0.00115593,0.349134,0.000658,0.359626,F
1798,1,HappyBirthday,1179,4015,F,1,2.40582e-06,0.0901652,5.98129,0.000767554,F
1800,1,HappyBirthday,199,9855.64,F,1,0.0153245,0.999785,13.0242,5.02465,F
1800,1,HappyBirthday,686,21170.5,F,1,0.00321782,0.486646,0.0007514,1.0017,F
1800,1,HappyBirthday,1307,2920,F,1,0.00037814,0.182855,1558.14,0.795801,F
1801,1,HappyBirthday,1514,1095,M,1,0.0335646,0.0674295,79680.7,394.466,F
1801,1,HappyBirthday,442,16425.5,M,1,0.0934676,4.56524,265.34,33.208,F
1801,1,HappyBirthday,786,24820.3,F,1,0.038519,2.14853,3350.85,62.1722,F
1801,1,HappyBirthday,1308,2920,F,1,0.00608289,0.300043,29777.4,22.3818,F
1802,1,HappyBirthday,813,7665.14,M,1,5.58028e-05,0.715434,2077.61,0.155464,F
1803,1,HappyBirthday,150,27010.4,M,1,0.00748008,0.698489,0.484762,2.33471,F
1803,1,HappyBirthday,239,34675.7,M,1,0.0143398,0.280089,1051.27,10.4562,F
1803,1,HappyBirthday,1180,4015,F,1,0.00761524,3.56355,0.000683503,2.37568,F
1803,1,HappyBirthday,583,15695.7,M,1,2.23511e-05,19.1297,241.042,0.0137054,F
1804,1,HappyBirthday,241,22630.4,F,1,0.0476599,0.458915,1055.5,16.3426,F
1804,1,HappyBirthday,1553,730,M,1,0.0904287,0.0858838,5.65867,29.7167,F
1804,1,HappyBirthday,569,12410.1,M,1,0.00097739,9.1193,0.430782,0.304028,F
1804,1,HappyBirthday,1233,3650,F,1,0.000405945,0.086746,44.4429,0.142483,F
1804,1,HappyBirthday,1591,365,F,1,0.0607138,0.0926238,273.324,26.0211,F
1804,1,HappyBirthday,823,13505.9,M,1,0.00312404,2.56203,4.03081,0.9886,F
1805,1,HappyBirthday,1592,365,F,1,0.286141,0.246472,14.8217,110.292,F
1805,1,HappyBirthday,1593,365,F,1,0.291034,0.420659,18560.3,1309.38,F
1806,1,HappyBirthday,219,10950.3,F,1,0.00244637,0.745308,5382.28,1.21,F
1807,1,HappyBirthday,640,11315.9,M,1,0.0366436,4.48547,940.932,13.8482,F
1808,1,HappyBirthday,328,17885.4,F,1,3.86575e-06,0.27158,73.3106,0.0014118,F
1808,1,HappyBirthday,1399,2190,F,1,0.0107858,9.05701,543.894,6.21831,F
1808,1,HappyBirthday,579,9855.32,M,1,0.0178283,0.253181,43.8238,5.67823,F
1808,1,HappyBirthday,1594,365,F,1,0.361571,0.0764861,160.337,209.814,F
1808,1,HappyBirthday,765,35405.1,M,1,0.013786,0.194409,15.3709,4.32615,F
1809,1,HappyBirthday,660,5475.5,F,1,0.0946264,23.7558,113.096,33.5833,F
1809,1,HappyBirthday,912,18980.3,M,1,0.0615245,0.199411,4702.77,49.5561,F
1809,1,HappyBirthday,930,12045.8,M,1,0.000827034,0.518774,11.6779,0.26973,F
1810,1,HappyBirthday,119,16790.9,M,1,0.0517755,0.0466273,400.173,37.1963,F
1810,1,HappyBirthday,448,7665.45,F,1,0.015933,9.37804,990.582,12.322,F
1810,1,HappyBirthday,634,7665.46,M,1,0.00518297,2.94905,110.355,1.69941,F
1810,1,HappyBirthday,825,17520.5,F,1,0.0736636,0.0888106,446.36,24.4509,F
1810,1,HappyBirthday,1082,4745,F,1,0.00971938,0.631501,7533.72,15.327,F
1810,1,HappyBirthday,1278,3285,F,1,0.00103046,0.0767657,1.92341,0.320502,F
1810,1,HappyBirthday,1436,1825,F,1,0.00859766,0.308296,1092.29,11.6949,F
1810,1,HappyBirthday,975,10220.2,M,1,0.00261355,7.82752,9.52215,0.813557,F
1812,1,HappyBirthday,541,9490.81,M,1,0.0366167,3.03516,626.018,21.1115,F
1813,1,HappyBirthday,553,10220.4,F,1,0.00146924,10.6662,4804.19,1.01015,F
1813,1,HappyBirthday,699,19710.2,F,1,0.0176427,1.83989,14.1328,5.66599,F
1814,1,HappyBirthday,1437,1825,F,1,0.14434,2.0196,2411.34,183.312,F
1814,1,Births,1627,0,F,0,0,0.176341,0,0,F
1815,1,HappyBirthday,423,12410.2,M,1,0.00292916,2.1236,146.821,0.959419,F
1815,1,HappyBirthday,1182,4015,F,1,0.00181587,0.0726878,0.122723,0.564954,F
1817,1,HappyBirthday,446,5840.34,F,1,0.00403517,5.03347,2301.23,11.34,F
1817,1,HappyBirthday,1400,2190,M,1,0.162702,1.97801,27.2903,60.1528,F
1817,1,HappyBirthday,1595,365,F,1,0.47679,0.347695,376.589,300.12,F
1818,1,HappyBirthday,1183,4015,M,1,4.09948e-06,3.89137,1.96596,0.00128195,F
1818,1,HappyBirthday,757,13505.1,M,1,0.0551706,0.19556,29.3801,18.0978,F
1819,1,HappyBirthday,138,10950.4,M,1,0.0581489,3.16727,0.183561,18.6208,F
1819,1,HappyBirthday,359,8030.91,M,1,0.00238631,0.0319692,10.808,0.743316,F
1819,1,HappyBirthday,697,12045.7,M,1,0.466952,2.43468,10.1196,198.486,F
1820,1,HappyBirthday,1401,2190,F,1,0.00625854,1.71058,11.6413,2.04631,F
1820,1,HappyBirthday,507,9125.03,M,1,0.00851954,0.723516,908.705,6.2226,F
1821,1,HappyBirthday,178,12045.4,M,1,0.00082741,0.0775299,24.5313,0.264084,F
1821,1,HappyBirthday,591,18250.2,M,1,0.00526917,1.44525,31.3494,1.64677,F
1822,1,HappyBirthday,80,6570.88,F,1,0.0281591,5.61798,0.15685,8.877,F
1822,1,HappyBirthday,539,8395.17,M,1,0.175172,1.65996,0.0290346,59.8476,F
1822,1,HappyBirthday,1309,2920,F,1,0.731117,3.1674,2230.64,489.988,F
1823,1,HappyBirthday,186,6570.55,M,1,7.9056e-07,0.379345,2.19075,0.000248147,F
1823,1,HappyBirthday,1047,5110,F,1,0.00207134,0.629462,132.281,0.68025,F
1823,1,HappyBirthday,1310,2920,F,1,0.00608917,0.184256,55.7209,2.07863,F
1823,1,HappyBirthday,626,11680.3,F,1,0.000120872,0.272946,42.8083,0.0420428,F
1824,1,HappyBirthday,201,12410.4,F,1,0.000278702,0.922478,0.406268,0.0867648,F
1824,1,HappyBirthday,348,13505,F,1,0.00374277,0.134928,49.671,1.40638,F
